dataset,split,item,method,seed,event_id,start,end,rank,k,precision,recall,f1,ndcg,hit,n_true,n_pred,inter
smd,group1_development,machine-1-1,sarad_official,0,0,15849,16368,"[9, 22, 0, 1, 11, 12, 14, 30, 25, 15, 3, 2, 10, 23, 18, 13, 20, 26, 7, 31, 21, 36, 34, 35, 16, 19, 8, 37, 28, 6, 5, 24, 33, 4, 29, 27, 17, 32]",1,1.0,0.14285714285714285,0.25,1.0,1,7,1,1
smd,group1_development,machine-1-1,sarad_official,0,0,15849,16368,"[9, 22, 0, 1, 11, 12, 14, 30, 25, 15, 3, 2, 10, 23, 18, 13, 20, 26, 7, 31, 21, 36, 34, 35, 16, 19, 8, 37, 28, 6, 5, 24, 33, 4, 29, 27, 17, 32]",3,0.6666666666666666,0.2857142857142857,0.4,0.7039180890341347,1,7,3,2
smd,group1_development,machine-1-1,sarad_official,0,0,15849,16368,"[9, 22, 0, 1, 11, 12, 14, 30, 25, 15, 3, 2, 10, 23, 18, 13, 20, 26, 7, 31, 21, 36, 34, 35, 16, 19, 8, 37, 28, 6, 5, 24, 33, 4, 29, 27, 17, 32]",5,0.6,0.42857142857142855,0.5,0.639945385422766,1,7,5,3
smd,group1_development,machine-1-1,sarad_official,0,1,16963,17517,"[26, 28, 1, 2, 3, 0, 22, 15, 19, 20, 29, 10, 31, 23, 34, 32, 35, 21, 33, 30, 25, 27, 24, 9, 18, 14, 11, 7, 36, 12, 6, 37, 13, 8, 16, 4, 5, 17]",1,1.0,0.03225806451612903,0.0625,1.0,1,31,1,1
smd,group1_development,machine-1-1,sarad_official,0,1,16963,17517,"[26, 28, 1, 2, 3, 0, 22, 15, 19, 20, 29, 10, 31, 23, 34, 32, 35, 21, 33, 30, 25, 27, 24, 9, 18, 14, 11, 7, 36, 12, 6, 37, 13, 8, 16, 4, 5, 17]",3,1.0,0.0967741935483871,0.17647058823529413,1.0,1,31,3,3
smd,group1_development,machine-1-1,sarad_official,0,1,16963,17517,"[26, 28, 1, 2, 3, 0, 22, 15, 19, 20, 29, 10, 31, 23, 34, 32, 35, 21, 33, 30, 25, 27, 24, 9, 18, 14, 11, 7, 36, 12, 6, 37, 13, 8, 16, 4, 5, 17]",5,1.0,0.16129032258064516,0.27777777777777773,1.0,1,31,5,5
smd,group1_development,machine-1-1,sarad_official,0,2,18071,18528,"[28, 9, 22, 0, 11, 12, 1, 3, 15, 14, 2, 25, 10, 19, 13, 8, 20, 26, 34, 23, 7, 36, 18, 21, 31, 16, 37, 35, 24, 4, 6, 32, 30, 27, 33, 5, 29, 17]",1,0.0,0.0,0.0,0.0,0,8,1,0
smd,group1_development,machine-1-1,sarad_official,0,2,18071,18528,"[28, 9, 22, 0, 11, 12, 1, 3, 15, 14, 2, 25, 10, 19, 13, 8, 20, 26, 34, 23, 7, 36, 18, 21, 31, 16, 37, 35, 24, 4, 6, 32, 30, 27, 33, 5, 29, 17]",3,0.3333333333333333,0.125,0.18181818181818182,0.2960819109658652,1,8,3,1
smd,group1_development,machine-1-1,sarad_official,0,2,18071,18528,"[28, 9, 22, 0, 11, 12, 1, 3, 15, 14, 2, 25, 10, 19, 13, 8, 20, 26, 34, 23, 7, 36, 18, 21, 31, 16, 37, 35, 24, 4, 6, 32, 30, 27, 33, 5, 29, 17]",5,0.6,0.375,0.4615384615384615,0.4912596920895758,1,8,5,3
smd,group1_development,machine-1-1,sarad_official,0,3,19367,20088,"[22, 9, 0, 1, 11, 14, 15, 2, 3, 12, 13, 10, 28, 8, 26, 7, 36, 25, 16, 37, 19, 31, 17, 34, 20, 4, 21, 27, 23, 35, 32, 6, 18, 5, 24, 33, 30, 29]",1,0.0,0.0,0.0,0.0,0,14,1,0
smd,group1_development,machine-1-1,sarad_official,0,3,19367,20088,"[22, 9, 0, 1, 11, 14, 15, 2, 3, 12, 13, 10, 28, 8, 26, 7, 36, 25, 16, 37, 19, 31, 17, 34, 20, 4, 21, 27, 23, 35, 32, 6, 18, 5, 24, 33, 30, 29]",3,0.6666666666666666,0.14285714285714285,0.23529411764705882,0.5307212739772434,1,14,3,2
smd,group1_development,machine-1-1,sarad_official,0,3,19367,20088,"[22, 9, 0, 1, 11, 14, 15, 2, 3, 12, 13, 10, 28, 8, 26, 7, 36, 25, 16, 37, 19, 31, 17, 34, 20, 4, 21, 27, 23, 35, 32, 6, 18, 5, 24, 33, 30, 29]",5,0.8,0.2857142857142857,0.4210526315789473,0.6608397947263839,1,14,5,4
smd,group1_development,machine-1-1,sarad_official,0,4,20786,21195,"[9, 22, 0, 11, 12, 13, 1, 14, 15, 10, 8, 26, 7, 36, 37, 16, 19, 2, 25, 28, 21, 23, 33, 20, 4, 6, 3, 17, 30, 18, 34, 32, 27, 5, 35, 29, 24, 31]",1,1.0,0.14285714285714285,0.25,1.0,1,7,1,1
smd,group1_development,machine-1-1,sarad_official,0,4,20786,21195,"[9, 22, 0, 11, 12, 13, 1, 14, 15, 10, 8, 26, 7, 36, 37, 16, 19, 2, 25, 28, 21, 23, 33, 20, 4, 6, 3, 17, 30, 18, 34, 32, 27, 5, 35, 29, 24, 31]",3,0.6666666666666666,0.2857142857142857,0.4,0.7039180890341347,1,7,3,2
smd,group1_development,machine-1-1,sarad_official,0,4,20786,21195,"[9, 22, 0, 11, 12, 13, 1, 14, 15, 10, 8, 26, 7, 36, 37, 16, 19, 2, 25, 28, 21, 23, 33, 20, 4, 6, 3, 17, 30, 18, 34, 32, 27, 5, 35, 29, 24, 31]",5,0.8,0.5714285714285714,0.6666666666666666,0.7860137352654724,1,7,5,4
smd,group1_development,machine-1-1,sarad_official,0,5,24679,24682,"[12, 8, 14, 13, 22, 11, 26, 16, 37, 15, 32, 17, 10, 9, 28, 7, 1, 4, 36, 27, 6, 2, 5, 3, 23, 25, 0, 18, 21, 33, 19, 30, 20, 24, 35, 29, 34, 31]",1,1.0,0.25,0.4,1.0,1,4,1,1
smd,group1_development,machine-1-1,sarad_official,0,5,24679,24682,"[12, 8, 14, 13, 22, 11, 26, 16, 37, 15, 32, 17, 10, 9, 28, 7, 1, 4, 36, 27, 6, 2, 5, 3, 23, 25, 0, 18, 21, 33, 19, 30, 20, 24, 35, 29, 34, 31]",3,1.0,0.75,0.8571428571428571,1.0,1,4,3,3
smd,group1_development,machine-1-1,sarad_official,0,5,24679,24682,"[12, 8, 14, 13, 22, 11, 26, 16, 37, 15, 32, 17, 10, 9, 28, 7, 1, 4, 36, 27, 6, 2, 5, 3, 23, 25, 0, 18, 21, 33, 19, 30, 20, 24, 35, 29, 34, 31]",5,0.8,1.0,0.888888888888889,1.0,1,4,5,4
smd,group1_development,machine-1-1,sarad_official,0,6,26114,26116,"[8, 12, 14, 13, 22, 11, 16, 26, 1, 9, 37, 17, 28, 32, 15, 7, 4, 10, 36, 27, 6, 2, 5, 23, 18, 25, 3, 21, 19, 0, 33, 30, 35, 20, 24, 29, 34, 31]",1,1.0,0.25,0.4,1.0,1,4,1,1
smd,group1_development,machine-1-1,sarad_official,0,6,26114,26116,"[8, 12, 14, 13, 22, 11, 16, 26, 1, 9, 37, 17, 28, 32, 15, 7, 4, 10, 36, 27, 6, 2, 5, 23, 18, 25, 3, 21, 19, 0, 33, 30, 35, 20, 24, 29, 34, 31]",3,1.0,0.75,0.8571428571428571,1.0,1,4,3,3
smd,group1_development,machine-1-1,sarad_official,0,6,26114,26116,"[8, 12, 14, 13, 22, 11, 16, 26, 1, 9, 37, 17, 28, 32, 15, 7, 4, 10, 36, 27, 6, 2, 5, 23, 18, 25, 3, 21, 19, 0, 33, 30, 35, 20, 24, 29, 34, 31]",5,0.8,1.0,0.888888888888889,1.0,1,4,5,4
smd,group1_development,machine-1-1,sarad_official,0,7,27554,27556,"[12, 8, 13, 22, 11, 14, 26, 16, 15, 9, 10, 37, 17, 1, 28, 32, 7, 4, 36, 6, 27, 2, 5, 23, 0, 25, 18, 3, 21, 19, 30, 33, 24, 20, 35, 29, 34, 31]",1,1.0,0.25,0.4,1.0,1,4,1,1
smd,group1_development,machine-1-1,sarad_official,0,7,27554,27556,"[12, 8, 13, 22, 11, 14, 26, 16, 15, 9, 10, 37, 17, 1, 28, 32, 7, 4, 36, 6, 27, 2, 5, 23, 0, 25, 18, 3, 21, 19, 30, 33, 24, 20, 35, 29, 34, 31]",3,1.0,0.75,0.8571428571428571,1.0,1,4,3,3
smd,group1_development,machine-1-1,sarad_official,0,7,27554,27556,"[12, 8, 13, 22, 11, 14, 26, 16, 15, 9, 10, 37, 17, 1, 28, 32, 7, 4, 36, 6, 27, 2, 5, 23, 0, 25, 18, 3, 21, 19, 30, 33, 24, 20, 35, 29, 34, 31]",5,0.6,0.75,0.6666666666666665,0.8318724637288826,1,4,5,3
smd,group1_development,machine-1-2,sarad_official,0,0,4629,4688,"[12, 9, 25, 11, 5, 23, 6, 31, 10, 13, 24, 34, 0, 17, 33, 1, 35, 20, 36, 22, 21, 32, 16, 18, 7, 26, 4, 19, 15, 29, 8, 2, 14, 3, 28, 30, 37, 27]",1,1.0,0.16666666666666666,0.2857142857142857,1.0,1,6,1,1
smd,group1_development,machine-1-2,sarad_official,0,0,4629,4688,"[12, 9, 25, 11, 5, 23, 6, 31, 10, 13, 24, 34, 0, 17, 33, 1, 35, 20, 36, 22, 21, 32, 16, 18, 7, 26, 4, 19, 15, 29, 8, 2, 14, 3, 28, 30, 37, 27]",3,0.6666666666666666,0.3333333333333333,0.4444444444444444,0.7653606369886217,1,6,3,2
smd,group1_development,machine-1-2,sarad_official,0,0,4629,4688,"[12, 9, 25, 11, 5, 23, 6, 31, 10, 13, 24, 34, 0, 17, 33, 1, 35, 20, 36, 22, 21, 32, 16, 18, 7, 26, 4, 19, 15, 29, 8, 2, 14, 3, 28, 30, 37, 27]",5,0.4,0.3333333333333333,0.3636363636363636,0.5531464700081437,1,6,5,2
smd,group1_development,machine-1-2,sarad_official,0,1,5486,5491,"[13, 22, 17, 35, 21, 34, 31, 15, 1, 24, 26, 33, 0, 6, 20, 30, 9, 19, 27, 37, 36, 18, 3, 32, 29, 4, 2, 25, 8, 5, 7, 23, 12, 28, 10, 16, 14, 11]",1,0.0,0.0,0.0,0.0,0,1,1,0
smd,group1_development,machine-1-2,sarad_official,0,1,5486,5491,"[13, 22, 17, 35, 21, 34, 31, 15, 1, 24, 26, 33, 0, 6, 20, 30, 9, 19, 27, 37, 36, 18, 3, 32, 29, 4, 2, 25, 8, 5, 7, 23, 12, 28, 10, 16, 14, 11]",3,0.3333333333333333,1.0,0.5,0.5,1,1,3,1
smd,group1_development,machine-1-2,sarad_official,0,1,5486,5491,"[13, 22, 17, 35, 21, 34, 31, 15, 1, 24, 26, 33, 0, 6, 20, 30, 9, 19, 27, 37, 36, 18, 3, 32, 29, 4, 2, 25, 8, 5, 7, 23, 12, 28, 10, 16, 14, 11]",5,0.2,1.0,0.33333333333333337,0.5,1,1,5,1
smd,group1_development,machine-1-2,sarad_official,0,2,5875,5951,"[34, 35, 9, 31, 6, 1, 25, 23, 33, 5, 32, 12, 24, 17, 10, 21, 20, 13, 19, 2, 26, 7, 11, 22, 14, 18, 3, 4, 30, 36, 15, 28, 29, 8, 37, 16, 0, 27]",1,1.0,0.07142857142857142,0.13333333333333333,1.0,1,14,1,1
smd,group1_development,machine-1-2,sarad_official,0,2,5875,5951,"[34, 35, 9, 31, 6, 1, 25, 23, 33, 5, 32, 12, 24, 17, 10, 21, 20, 13, 19, 2, 26, 7, 11, 22, 14, 18, 3, 4, 30, 36, 15, 28, 29, 8, 37, 16, 0, 27]",3,1.0,0.21428571428571427,0.35294117647058826,1.0,1,14,3,3
smd,group1_development,machine-1-2,sarad_official,0,2,5875,5951,"[34, 35, 9, 31, 6, 1, 25, 23, 33, 5, 32, 12, 24, 17, 10, 21, 20, 13, 19, 2, 26, 7, 11, 22, 14, 18, 3, 4, 30, 36, 15, 28, 29, 8, 37, 16, 0, 27]",5,0.8,0.2857142857142857,0.4210526315789473,0.8687949224876582,1,14,5,4
smd,group1_development,machine-1-2,sarad_official,0,3,15415,15418,"[22, 31, 21, 35, 18, 17, 24, 34, 33, 26, 6, 11, 12, 20, 25, 3, 32, 8, 1, 27, 0, 19, 5, 23, 37, 29, 4, 30, 2, 13, 9, 7, 36, 16, 28, 10, 15, 14]",1,0.0,0.0,0.0,0.0,0,1,1,0
smd,group1_development,machine-1-2,sarad_official,0,3,15415,15418,"[22, 31, 21, 35, 18, 17, 24, 34, 33, 26, 6, 11, 12, 20, 25, 3, 32, 8, 1, 27, 0, 19, 5, 23, 37, 29, 4, 30, 2, 13, 9, 7, 36, 16, 28, 10, 15, 14]",3,0.0,0.0,0.0,0.0,0,1,3,0
smd,group1_development,machine-1-2,sarad_official,0,3,15415,15418,"[22, 31, 21, 35, 18, 17, 24, 34, 33, 26, 6, 11, 12, 20, 25, 3, 32, 8, 1, 27, 0, 19, 5, 23, 37, 29, 4, 30, 2, 13, 9, 7, 36, 16, 28, 10, 15, 14]",5,0.0,0.0,0.0,0.0,0,1,5,0
smd,group1_development,machine-1-2,sarad_official,0,4,15540,15605,"[13, 3, 2, 0, 34, 1, 21, 24, 35, 17, 15, 22, 6, 30, 20, 19, 5, 18, 33, 31, 23, 25, 26, 4, 32, 9, 7, 36, 11, 37, 27, 29, 8, 12, 28, 10, 16, 14]",1,0.0,0.0,0.0,0.0,0,2,1,0
smd,group1_development,machine-1-2,sarad_official,0,4,15540,15605,"[13, 3, 2, 0, 34, 1, 21, 24, 35, 17, 15, 22, 6, 30, 20, 19, 5, 18, 33, 31, 23, 25, 26, 4, 32, 9, 7, 36, 11, 37, 27, 29, 8, 12, 28, 10, 16, 14]",3,0.0,0.0,0.0,0.0,0,2,3,0
smd,group1_development,machine-1-2,sarad_official,0,4,15540,15605,"[13, 3, 2, 0, 34, 1, 21, 24, 35, 17, 15, 22, 6, 30, 20, 19, 5, 18, 33, 31, 23, 25, 26, 4, 32, 9, 7, 36, 11, 37, 27, 29, 8, 12, 28, 10, 16, 14]",5,0.0,0.0,0.0,0.0,0,2,5,0
smd,group1_development,machine-1-2,sarad_official,0,5,15925,15973,"[12, 29, 9, 11, 19, 6, 36, 10, 34, 5, 25, 35, 22, 24, 31, 0, 33, 23, 20, 21, 15, 30, 13, 7, 26, 2, 32, 14, 1, 18, 8, 37, 16, 3, 28, 27, 4, 17]",1,1.0,0.125,0.2222222222222222,1.0,1,8,1,1
smd,group1_development,machine-1-2,sarad_official,0,5,15925,15973,"[12, 29, 9, 11, 19, 6, 36, 10, 34, 5, 25, 35, 22, 24, 31, 0, 33, 23, 20, 21, 15, 30, 13, 7, 26, 2, 32, 14, 1, 18, 8, 37, 16, 3, 28, 27, 4, 17]",3,1.0,0.375,0.5454545454545454,1.0,1,8,3,3
smd,group1_development,machine-1-2,sarad_official,0,5,15925,15973,"[12, 29, 9, 11, 19, 6, 36, 10, 34, 5, 25, 35, 22, 24, 31, 0, 33, 23, 20, 21, 15, 30, 13, 7, 26, 2, 32, 14, 1, 18, 8, 37, 16, 3, 28, 27, 4, 17]",5,0.8,0.5,0.6153846153846154,0.8539316501572937,1,8,5,4
smd,group1_development,machine-1-2,sarad_official,0,6,18645,18801,"[15, 22, 34, 19, 13, 35, 20, 21, 30, 24, 18, 10, 25, 11, 5, 23, 6, 9, 12, 27, 0, 26, 4, 2, 32, 1, 17, 33, 31, 7, 8, 36, 14, 37, 3, 16, 29, 28]",1,1.0,0.07142857142857142,0.13333333333333333,1.0,1,14,1,1
smd,group1_development,machine-1-2,sarad_official,0,6,18645,18801,"[15, 22, 34, 19, 13, 35, 20, 21, 30, 24, 18, 10, 25, 11, 5, 23, 6, 9, 12, 27, 0, 26, 4, 2, 32, 1, 17, 33, 31, 7, 8, 36, 14, 37, 3, 16, 29, 28]",3,0.6666666666666666,0.14285714285714285,0.23529411764705882,0.7653606369886217,1,14,3,2
smd,group1_development,machine-1-2,sarad_official,0,6,18645,18801,"[15, 22, 34, 19, 13, 35, 20, 21, 30, 24, 18, 10, 25, 11, 5, 23, 6, 9, 12, 27, 0, 26, 4, 2, 32, 1, 17, 33, 31, 7, 8, 36, 14, 37, 3, 16, 29, 28]",5,0.8,0.2857142857142857,0.4210526315789473,0.830419897363192,1,14,5,4
smd,group1_development,machine-1-2,sarad_official,0,7,20235,20271,"[12, 29, 11, 9, 19, 5, 22, 6, 13, 25, 10, 31, 36, 21, 24, 23, 30, 20, 15, 34, 7, 33, 0, 18, 26, 2, 8, 35, 16, 37, 1, 27, 32, 28, 4, 14, 3, 17]",1,1.0,0.16666666666666666,0.2857142857142857,1.0,1,6,1,1
smd,group1_development,machine-1-2,sarad_official,0,7,20235,20271,"[12, 29, 11, 9, 19, 5, 22, 6, 13, 25, 10, 31, 36, 21, 24, 23, 30, 20, 15, 34, 7, 33, 0, 18, 26, 2, 8, 35, 16, 37, 1, 27, 32, 28, 4, 14, 3, 17]",3,1.0,0.5,0.6666666666666666,1.0,1,6,3,3
smd,group1_development,machine-1-2,sarad_official,0,7,20235,20271,"[12, 29, 11, 9, 19, 5, 22, 6, 13, 25, 10, 31, 36, 21, 24, 23, 30, 20, 15, 34, 7, 33, 0, 18, 26, 2, 8, 35, 16, 37, 1, 27, 32, 28, 4, 14, 3, 17]",5,0.8,0.6666666666666666,0.7272727272727272,0.8539316501572937,1,6,5,4
smd,group1_development,machine-1-2,sarad_official,0,8,22264,22336,"[3, 2, 0, 1, 12, 9, 16, 10, 26, 14, 25, 11, 5, 7, 23, 22, 8, 4, 34, 32, 6, 37, 24, 33, 36, 15, 20, 18, 28, 21, 31, 27, 17, 35, 13, 30, 29, 19]",1,1.0,0.25,0.4,1.0,1,4,1,1
smd,group1_development,machine-1-2,sarad_official,0,8,22264,22336,"[3, 2, 0, 1, 12, 9, 16, 10, 26, 14, 25, 11, 5, 7, 23, 22, 8, 4, 34, 32, 6, 37, 24, 33, 36, 15, 20, 18, 28, 21, 31, 27, 17, 35, 13, 30, 29, 19]",3,1.0,0.75,0.8571428571428571,1.0,1,4,3,3
smd,group1_development,machine-1-2,sarad_official,0,8,22264,22336,"[3, 2, 0, 1, 12, 9, 16, 10, 26, 14, 25, 11, 5, 7, 23, 22, 8, 4, 34, 32, 6, 37, 24, 33, 36, 15, 20, 18, 28, 21, 31, 27, 17, 35, 13, 30, 29, 19]",5,0.8,1.0,0.888888888888889,1.0,1,4,5,4
smd,group1_development,machine-1-2,sarad_official,0,9,23093,23115,"[19, 25, 6, 21, 0, 5, 2, 22, 23, 30, 24, 1, 3, 35, 11, 27, 10, 12, 13, 9, 20, 8, 32, 18, 28, 26, 7, 37, 16, 36, 17, 31, 33, 4, 29, 15, 14, 34]",1,0.0,0.0,0.0,0.0,0,10,1,0
smd,group1_development,machine-1-2,sarad_official,0,9,23093,23115,"[19, 25, 6, 21, 0, 5, 2, 22, 23, 30, 24, 1, 3, 35, 11, 27, 10, 12, 13, 9, 20, 8, 32, 18, 28, 26, 7, 37, 16, 36, 17, 31, 33, 4, 29, 15, 14, 34]",3,0.3333333333333333,0.1,0.15384615384615383,0.23463936301137822,1,10,3,1
smd,group1_development,machine-1-2,sarad_official,0,9,23093,23115,"[19, 25, 6, 21, 0, 5, 2, 22, 23, 30, 24, 1, 3, 35, 11, 27, 10, 12, 13, 9, 20, 8, 32, 18, 28, 26, 7, 37, 16, 36, 17, 31, 33, 4, 29, 15, 14, 34]",5,0.6,0.3,0.4,0.4468535299918563,1,10,5,3
smd,group1_development,machine-1-3,sarad_official,0,0,392,416,"[31, 11, 14, 18, 12, 21, 30, 35, 20, 22, 27, 34, 24, 19, 8, 15, 9, 26, 37, 32, 17, 7, 16, 28, 4, 0, 36, 10, 25, 6, 23, 33, 5, 3, 1, 2, 13, 29]",1,0.0,0.0,0.0,0.0,0,2,1,0
smd,group1_development,machine-1-3,sarad_official,0,0,392,416,"[31, 11, 14, 18, 12, 21, 30, 35, 20, 22, 27, 34, 24, 19, 8, 15, 9, 26, 37, 32, 17, 7, 16, 28, 4, 0, 36, 10, 25, 6, 23, 33, 5, 3, 1, 2, 13, 29]",3,0.6666666666666666,1.0,0.8,0.6934264036172708,1,2,3,2
smd,group1_development,machine-1-3,sarad_official,0,0,392,416,"[31, 11, 14, 18, 12, 21, 30, 35, 20, 22, 27, 34, 24, 19, 8, 15, 9, 26, 37, 32, 17, 7, 16, 28, 4, 0, 36, 10, 25, 6, 23, 33, 5, 3, 1, 2, 13, 29]",5,0.4,1.0,0.5714285714285715,0.6934264036172708,1,2,5,2
smd,group1_development,machine-1-3,sarad_official,0,1,1257,1268,"[14, 11, 31, 18, 30, 24, 21, 27, 35, 20, 37, 26, 34, 17, 28, 4, 8, 32, 16, 7, 12, 9, 36, 19, 22, 6, 0, 25, 33, 5, 23, 15, 3, 29, 2, 10, 13, 1]",1,1.0,0.5,0.6666666666666666,1.0,1,2,1,1
smd,group1_development,machine-1-3,sarad_official,0,1,1257,1268,"[14, 11, 31, 18, 30, 24, 21, 27, 35, 20, 37, 26, 34, 17, 28, 4, 8, 32, 16, 7, 12, 9, 36, 19, 22, 6, 0, 25, 33, 5, 23, 15, 3, 29, 2, 10, 13, 1]",3,0.6666666666666666,1.0,0.8,1.0,1,2,3,2
smd,group1_development,machine-1-3,sarad_official,0,1,1257,1268,"[14, 11, 31, 18, 30, 24, 21, 27, 35, 20, 37, 26, 34, 17, 28, 4, 8, 32, 16, 7, 12, 9, 36, 19, 22, 6, 0, 25, 33, 5, 23, 15, 3, 29, 2, 10, 13, 1]",5,0.4,1.0,0.5714285714285715,1.0,1,2,5,2
smd,group1_development,machine-1-3,sarad_official,0,2,4872,4875,"[14, 11, 31, 12, 30, 18, 24, 27, 35, 21, 9, 20, 34, 26, 7, 8, 6, 4, 17, 28, 37, 16, 32, 19, 36, 22, 33, 23, 3, 15, 25, 5, 0, 10, 2, 1, 29, 13]",1,1.0,0.5,0.6666666666666666,1.0,1,2,1,1
smd,group1_development,machine-1-3,sarad_official,0,2,4872,4875,"[14, 11, 31, 12, 30, 18, 24, 27, 35, 21, 9, 20, 34, 26, 7, 8, 6, 4, 17, 28, 37, 16, 32, 19, 36, 22, 33, 23, 3, 15, 25, 5, 0, 10, 2, 1, 29, 13]",3,0.6666666666666666,1.0,0.8,1.0,1,2,3,2
smd,group1_development,machine-1-3,sarad_official,0,2,4872,4875,"[14, 11, 31, 12, 30, 18, 24, 27, 35, 21, 9, 20, 34, 26, 7, 8, 6, 4, 17, 28, 37, 16, 32, 19, 36, 22, 33, 23, 3, 15, 25, 5, 0, 10, 2, 1, 29, 13]",5,0.4,1.0,0.5714285714285715,1.0,1,2,5,2
smd,group1_development,machine-1-3,sarad_official,0,3,5613,5661,"[11, 14, 12, 15, 31, 8, 19, 9, 26, 37, 4, 27, 21, 32, 7, 17, 16, 20, 28, 36, 30, 35, 24, 18, 34, 10, 0, 6, 33, 25, 5, 29, 23, 3, 13, 2, 1, 22]",1,1.0,0.5,0.6666666666666666,1.0,1,2,1,1
smd,group1_development,machine-1-3,sarad_official,0,3,5613,5661,"[11, 14, 12, 15, 31, 8, 19, 9, 26, 37, 4, 27, 21, 32, 7, 17, 16, 20, 28, 36, 30, 35, 24, 18, 34, 10, 0, 6, 33, 25, 5, 29, 23, 3, 13, 2, 1, 22]",3,0.6666666666666666,1.0,0.8,1.0,1,2,3,2
smd,group1_development,machine-1-3,sarad_official,0,3,5613,5661,"[11, 14, 12, 15, 31, 8, 19, 9, 26, 37, 4, 27, 21, 32, 7, 17, 16, 20, 28, 36, 30, 35, 24, 18, 34, 10, 0, 6, 33, 25, 5, 29, 23, 3, 13, 2, 1, 22]",5,0.4,1.0,0.5714285714285715,1.0,1,2,5,2
smd,group1_development,machine-1-3,sarad_official,0,4,11310,11517,"[31, 11, 14, 18, 19, 21, 30, 12, 35, 20, 24, 27, 34, 15, 8, 0, 32, 26, 4, 17, 37, 28, 16, 7, 36, 9, 22, 25, 6, 33, 23, 3, 5, 29, 10, 2, 13, 1]",1,0.0,0.0,0.0,0.0,0,2,1,0
smd,group1_development,machine-1-3,sarad_official,0,4,11310,11517,"[31, 11, 14, 18, 19, 21, 30, 12, 35, 20, 24, 27, 34, 15, 8, 0, 32, 26, 4, 17, 37, 28, 16, 7, 36, 9, 22, 25, 6, 33, 23, 3, 5, 29, 10, 2, 13, 1]",3,0.6666666666666666,1.0,0.8,0.6934264036172708,1,2,3,2
smd,group1_development,machine-1-3,sarad_official,0,4,11310,11517,"[31, 11, 14, 18, 19, 21, 30, 12, 35, 20, 24, 27, 34, 15, 8, 0, 32, 26, 4, 17, 37, 28, 16, 7, 36, 9, 22, 25, 6, 33, 23, 3, 5, 29, 10, 2, 13, 1]",5,0.4,1.0,0.5714285714285715,0.6934264036172708,1,2,5,2
smd,group1_development,machine-1-3,sarad_official,0,5,13350,13380,"[19, 31, 18, 21, 30, 24, 20, 0, 27, 35, 34, 17, 32, 4, 16, 22, 28, 37, 7, 26, 25, 9, 11, 36, 8, 5, 23, 29, 3, 33, 6, 12, 2, 10, 1, 13, 14, 15]",1,1.0,0.07142857142857142,0.13333333333333333,1.0,1,14,1,1
smd,group1_development,machine-1-3,sarad_official,0,5,13350,13380,"[19, 31, 18, 21, 30, 24, 20, 0, 27, 35, 34, 17, 32, 4, 16, 22, 28, 37, 7, 26, 25, 9, 11, 36, 8, 5, 23, 29, 3, 33, 6, 12, 2, 10, 1, 13, 14, 15]",3,1.0,0.21428571428571427,0.35294117647058826,1.0,1,14,3,3
smd,group1_development,machine-1-3,sarad_official,0,5,13350,13380,"[19, 31, 18, 21, 30, 24, 20, 0, 27, 35, 34, 17, 32, 4, 16, 22, 28, 37, 7, 26, 25, 9, 11, 36, 8, 5, 23, 29, 3, 33, 6, 12, 2, 10, 1, 13, 14, 15]",5,1.0,0.35714285714285715,0.5263157894736842,1.0,1,14,5,5
smd,group1_development,machine-1-3,sarad_official,0,6,13871,13915,"[11, 14, 12, 8, 15, 32, 9, 37, 26, 4, 17, 7, 28, 16, 36, 19, 27, 6, 24, 31, 10, 5, 21, 25, 18, 29, 23, 20, 33, 2, 13, 30, 3, 1, 35, 34, 0, 22]",1,1.0,0.5,0.6666666666666666,1.0,1,2,1,1
smd,group1_development,machine-1-3,sarad_official,0,6,13871,13915,"[11, 14, 12, 8, 15, 32, 9, 37, 26, 4, 17, 7, 28, 16, 36, 19, 27, 6, 24, 31, 10, 5, 21, 25, 18, 29, 23, 20, 33, 2, 13, 30, 3, 1, 35, 34, 0, 22]",3,0.6666666666666666,1.0,0.8,1.0,1,2,3,2
smd,group1_development,machine-1-3,sarad_official,0,6,13871,13915,"[11, 14, 12, 8, 15, 32, 9, 37, 26, 4, 17, 7, 28, 16, 36, 19, 27, 6, 24, 31, 10, 5, 21, 25, 18, 29, 23, 20, 33, 2, 13, 30, 3, 1, 35, 34, 0, 22]",5,0.4,1.0,0.5714285714285715,1.0,1,2,5,2
smd,group1_development,machine-1-3,sarad_official,0,7,16220,16281,"[19, 31, 18, 21, 30, 24, 20, 35, 0, 27, 34, 22, 17, 32, 4, 26, 16, 37, 7, 28, 36, 8, 25, 5, 9, 23, 11, 6, 33, 3, 29, 12, 2, 10, 1, 13, 14, 15]",1,1.0,0.1,0.18181818181818182,1.0,1,10,1,1
smd,group1_development,machine-1-3,sarad_official,0,7,16220,16281,"[19, 31, 18, 21, 30, 24, 20, 35, 0, 27, 34, 22, 17, 32, 4, 26, 16, 37, 7, 28, 36, 8, 25, 5, 9, 23, 11, 6, 33, 3, 29, 12, 2, 10, 1, 13, 14, 15]",3,0.6666666666666666,0.2,0.30769230769230765,0.7039180890341347,1,10,3,2
smd,group1_development,machine-1-3,sarad_official,0,7,16220,16281,"[19, 31, 18, 21, 30, 24, 20, 35, 0, 27, 34, 22, 17, 32, 4, 26, 16, 37, 7, 28, 36, 8, 25, 5, 9, 23, 11, 6, 33, 3, 29, 12, 2, 10, 1, 13, 14, 15]",5,0.6,0.3,0.4,0.6548086577531307,1,10,5,3
smd,group1_development,machine-1-3,sarad_official,0,8,17016,17241,"[11, 14, 12, 15, 31, 8, 4, 17, 26, 37, 32, 28, 27, 16, 7, 19, 9, 36, 21, 20, 30, 24, 34, 35, 18, 33, 6, 0, 5, 25, 23, 3, 29, 10, 2, 13, 1, 22]",1,1.0,0.5,0.6666666666666666,1.0,1,2,1,1
smd,group1_development,machine-1-3,sarad_official,0,8,17016,17241,"[11, 14, 12, 15, 31, 8, 4, 17, 26, 37, 32, 28, 27, 16, 7, 19, 9, 36, 21, 20, 30, 24, 34, 35, 18, 33, 6, 0, 5, 25, 23, 3, 29, 10, 2, 13, 1, 22]",3,0.6666666666666666,1.0,0.8,1.0,1,2,3,2
smd,group1_development,machine-1-3,sarad_official,0,8,17016,17241,"[11, 14, 12, 15, 31, 8, 4, 17, 26, 37, 32, 28, 27, 16, 7, 19, 9, 36, 21, 20, 30, 24, 34, 35, 18, 33, 6, 0, 5, 25, 23, 3, 29, 10, 2, 13, 1, 22]",5,0.4,1.0,0.5714285714285715,1.0,1,2,5,2
smd,group1_development,machine-1-3,sarad_official,0,9,17660,17716,"[33, 32, 31, 29, 18, 30, 24, 21, 35, 19, 27, 20, 34, 4, 28, 7, 36, 22, 37, 17, 11, 16, 26, 9, 25, 6, 8, 23, 12, 3, 0, 14, 5, 2, 1, 10, 13, 15]",1,1.0,0.125,0.2222222222222222,1.0,1,8,1,1
smd,group1_development,machine-1-3,sarad_official,0,9,17660,17716,"[33, 32, 31, 29, 18, 30, 24, 21, 35, 19, 27, 20, 34, 4, 28, 7, 36, 22, 37, 17, 11, 16, 26, 9, 25, 6, 8, 23, 12, 3, 0, 14, 5, 2, 1, 10, 13, 15]",3,0.6666666666666666,0.25,0.36363636363636365,0.7653606369886217,1,8,3,2
smd,group1_development,machine-1-3,sarad_official,0,9,17660,17716,"[33, 32, 31, 29, 18, 30, 24, 21, 35, 19, 27, 20, 34, 4, 28, 7, 36, 22, 37, 17, 11, 16, 26, 9, 25, 6, 8, 23, 12, 3, 0, 14, 5, 2, 1, 10, 13, 15]",5,0.8,0.5,0.6153846153846154,0.830419897363192,1,8,5,4
smd,group1_development,machine-1-3,sarad_official,0,10,22923,23019,"[28, 8, 3, 0, 2, 1, 15, 9, 14, 17, 12, 16, 13, 20, 4, 25, 26, 31, 11, 21, 22, 10, 18, 30, 34, 33, 23, 35, 29, 7, 6, 19, 27, 5, 32, 24, 37, 36]",1,1.0,0.029411764705882353,0.05714285714285715,1.0,1,34,1,1
smd,group1_development,machine-1-3,sarad_official,0,10,22923,23019,"[28, 8, 3, 0, 2, 1, 15, 9, 14, 17, 12, 16, 13, 20, 4, 25, 26, 31, 11, 21, 22, 10, 18, 30, 34, 33, 23, 35, 29, 7, 6, 19, 27, 5, 32, 24, 37, 36]",3,1.0,0.08823529411764706,0.1621621621621622,1.0,1,34,3,3
smd,group1_development,machine-1-3,sarad_official,0,10,22923,23019,"[28, 8, 3, 0, 2, 1, 15, 9, 14, 17, 12, 16, 13, 20, 4, 25, 26, 31, 11, 21, 22, 10, 18, 30, 34, 33, 23, 35, 29, 7, 6, 19, 27, 5, 32, 24, 37, 36]",5,1.0,0.14705882352941177,0.25641025641025644,1.0,1,34,5,5
smd,group1_development,machine-1-4,sarad_official,0,0,385,417,"[14, 31, 11, 18, 21, 30, 12, 24, 20, 35, 19, 27, 34, 22, 8, 25, 26, 37, 15, 9, 32, 17, 4, 7, 28, 16, 36, 23, 0, 6, 33, 10, 5, 13, 3, 29, 2, 1]",1,1.0,0.3333333333333333,0.5,1.0,1,3,1,1
smd,group1_development,machine-1-4,sarad_official,0,0,385,417,"[14, 31, 11, 18, 21, 30, 12, 24, 20, 35, 19, 27, 34, 22, 8, 25, 26, 37, 15, 9, 32, 17, 4, 7, 28, 16, 36, 23, 0, 6, 33, 10, 5, 13, 3, 29, 2, 1]",3,0.6666666666666666,0.6666666666666666,0.6666666666666666,0.7039180890341347,1,3,3,2
smd,group1_development,machine-1-4,sarad_official,0,0,385,417,"[14, 31, 11, 18, 21, 30, 12, 24, 20, 35, 19, 27, 34, 22, 8, 25, 26, 37, 15, 9, 32, 17, 4, 7, 28, 16, 36, 23, 0, 6, 33, 10, 5, 13, 3, 29, 2, 1]",5,0.4,0.6666666666666666,0.5,0.7039180890341347,1,3,5,2
smd,group1_development,machine-1-4,sarad_official,0,1,5626,5679,"[14, 12, 11, 15, 31, 8, 19, 26, 9, 4, 32, 37, 27, 17, 28, 21, 16, 7, 20, 36, 30, 24, 34, 35, 18, 6, 10, 25, 33, 0, 5, 29, 23, 13, 3, 2, 1, 22]",1,1.0,0.3333333333333333,0.5,1.0,1,3,1,1
smd,group1_development,machine-1-4,sarad_official,0,1,5626,5679,"[14, 12, 11, 15, 31, 8, 19, 26, 9, 4, 32, 37, 27, 17, 28, 21, 16, 7, 20, 36, 30, 24, 34, 35, 18, 6, 10, 25, 33, 0, 5, 29, 23, 13, 3, 2, 1, 22]",3,0.6666666666666666,0.6666666666666666,0.6666666666666666,0.7039180890341347,1,3,3,2
smd,group1_development,machine-1-4,sarad_official,0,1,5626,5679,"[14, 12, 11, 15, 31, 8, 19, 26, 9, 4, 32, 37, 27, 17, 28, 21, 16, 7, 20, 36, 30, 24, 34, 35, 18, 6, 10, 25, 33, 0, 5, 29, 23, 13, 3, 2, 1, 22]",5,0.6,1.0,0.7499999999999999,0.9060254355346823,1,3,5,3
smd,group1_development,machine-1-4,sarad_official,0,2,11314,11519,"[31, 18, 19, 14, 21, 30, 11, 20, 27, 35, 24, 34, 32, 12, 4, 0, 25, 17, 28, 37, 26, 16, 7, 8, 36, 15, 9, 23, 22, 6, 33, 29, 3, 5, 2, 13, 10, 1]",1,0.0,0.0,0.0,0.0,0,2,1,0
smd,group1_development,machine-1-4,sarad_official,0,2,11314,11519,"[31, 18, 19, 14, 21, 30, 11, 20, 27, 35, 24, 34, 32, 12, 4, 0, 25, 17, 28, 37, 26, 16, 7, 8, 36, 15, 9, 23, 22, 6, 33, 29, 3, 5, 2, 13, 10, 1]",3,0.0,0.0,0.0,0.0,0,2,3,0
smd,group1_development,machine-1-4,sarad_official,0,2,11314,11519,"[31, 18, 19, 14, 21, 30, 11, 20, 27, 35, 24, 34, 32, 12, 4, 0, 25, 17, 28, 37, 26, 16, 7, 8, 36, 15, 9, 23, 22, 6, 33, 29, 3, 5, 2, 13, 10, 1]",5,0.2,0.5,0.28571428571428575,0.2640681225725909,1,2,5,1
smd,group1_development,machine-1-4,sarad_official,0,3,13872,13925,"[14, 11, 12, 8, 15, 26, 4, 9, 37, 17, 28, 16, 7, 32, 36, 27, 19, 6, 25, 21, 18, 5, 10, 33, 29, 24, 13, 20, 23, 31, 30, 3, 34, 35, 2, 0, 1, 22]",1,0.0,0.0,0.0,0.0,0,14,1,0
smd,group1_development,machine-1-4,sarad_official,0,3,13872,13925,"[14, 11, 12, 8, 15, 26, 4, 9, 37, 17, 28, 16, 7, 32, 36, 27, 19, 6, 25, 21, 18, 5, 10, 33, 29, 24, 13, 20, 23, 31, 30, 3, 34, 35, 2, 0, 1, 22]",3,0.0,0.0,0.0,0.0,0,14,3,0
smd,group1_development,machine-1-4,sarad_official,0,3,13872,13925,"[14, 11, 12, 8, 15, 26, 4, 9, 37, 17, 28, 16, 7, 32, 36, 27, 19, 6, 25, 21, 18, 5, 10, 33, 29, 24, 13, 20, 23, 31, 30, 3, 34, 35, 2, 0, 1, 22]",5,0.0,0.0,0.0,0.0,0,14,5,0
smd,group1_development,machine-1-4,sarad_official,0,4,13355,13376,"[19, 31, 18, 21, 0, 30, 20, 24, 27, 35, 34, 14, 32, 25, 4, 16, 17, 37, 28, 7, 36, 26, 8, 22, 23, 11, 9, 5, 29, 33, 12, 6, 3, 2, 13, 10, 1, 15]",1,0.0,0.0,0.0,0.0,0,3,1,0
smd,group1_development,machine-1-4,sarad_official,0,4,13355,13376,"[19, 31, 18, 21, 0, 30, 20, 24, 27, 35, 34, 14, 32, 25, 4, 16, 17, 37, 28, 7, 36, 26, 8, 22, 23, 11, 9, 5, 29, 33, 12, 6, 3, 2, 13, 10, 1, 15]",3,0.0,0.0,0.0,0.0,0,3,3,0
smd,group1_development,machine-1-4,sarad_official,0,4,13355,13376,"[19, 31, 18, 21, 0, 30, 20, 24, 27, 35, 34, 14, 32, 25, 4, 16, 17, 37, 28, 7, 36, 26, 8, 22, 23, 11, 9, 5, 29, 33, 12, 6, 3, 2, 13, 10, 1, 15]",5,0.0,0.0,0.0,0.0,0,3,5,0
smd,group1_development,machine-1-4,sarad_official,0,5,16240,16261,"[19, 31, 18, 21, 0, 20, 30, 24, 27, 35, 34, 32, 25, 16, 26, 4, 17, 37, 7, 8, 28, 22, 5, 36, 29, 23, 9, 11, 3, 33, 6, 12, 2, 14, 10, 13, 1, 15]",1,1.0,0.07142857142857142,0.13333333333333333,1.0,1,14,1,1
smd,group1_development,machine-1-4,sarad_official,0,5,16240,16261,"[19, 31, 18, 21, 0, 20, 30, 24, 27, 35, 34, 32, 25, 16, 26, 4, 17, 37, 7, 8, 28, 22, 5, 36, 29, 23, 9, 11, 3, 33, 6, 12, 2, 14, 10, 13, 1, 15]",3,1.0,0.21428571428571427,0.35294117647058826,1.0,1,14,3,3
smd,group1_development,machine-1-4,sarad_official,0,5,16240,16261,"[19, 31, 18, 21, 0, 20, 30, 24, 27, 35, 34, 32, 25, 16, 26, 4, 17, 37, 7, 8, 28, 22, 5, 36, 29, 23, 9, 11, 3, 33, 6, 12, 2, 14, 10, 13, 1, 15]",5,1.0,0.35714285714285715,0.5263157894736842,1.0,1,14,5,5
smd,group1_development,machine-1-4,sarad_official,0,6,17060,17197,"[14, 11, 12, 15, 4, 32, 17, 37, 31, 26, 8, 28, 27, 16, 7, 9, 36, 19, 21, 30, 20, 6, 35, 24, 33, 18, 34, 25, 5, 23, 3, 29, 0, 2, 13, 10, 1, 22]",1,1.0,0.5,0.6666666666666666,1.0,1,2,1,1
smd,group1_development,machine-1-4,sarad_official,0,6,17060,17197,"[14, 11, 12, 15, 4, 32, 17, 37, 31, 26, 8, 28, 27, 16, 7, 9, 36, 19, 21, 30, 20, 6, 35, 24, 33, 18, 34, 25, 5, 23, 3, 29, 0, 2, 13, 10, 1, 22]",3,0.6666666666666666,1.0,0.8,1.0,1,2,3,2
smd,group1_development,machine-1-4,sarad_official,0,6,17060,17197,"[14, 11, 12, 15, 4, 32, 17, 37, 31, 26, 8, 28, 27, 16, 7, 9, 36, 19, 21, 30, 20, 6, 35, 24, 33, 18, 34, 25, 5, 23, 3, 29, 0, 2, 13, 10, 1, 22]",5,0.4,1.0,0.5714285714285715,1.0,1,2,5,2
smd,group1_development,machine-1-4,sarad_official,0,7,17630,17718,"[32, 29, 33, 31, 18, 30, 21, 24, 19, 27, 35, 20, 11, 34, 4, 36, 28, 7, 37, 17, 16, 25, 26, 14, 9, 8, 23, 5, 6, 12, 3, 0, 2, 22, 1, 10, 13, 15]",1,1.0,0.2,0.33333333333333337,1.0,1,5,1,1
smd,group1_development,machine-1-4,sarad_official,0,7,17630,17718,"[32, 29, 33, 31, 18, 30, 21, 24, 19, 27, 35, 20, 11, 34, 4, 36, 28, 7, 37, 17, 16, 25, 26, 14, 9, 8, 23, 5, 6, 12, 3, 0, 2, 22, 1, 10, 13, 15]",3,1.0,0.6,0.7499999999999999,1.0,1,5,3,3
smd,group1_development,machine-1-4,sarad_official,0,7,17630,17718,"[32, 29, 33, 31, 18, 30, 21, 24, 19, 27, 35, 20, 11, 34, 4, 36, 28, 7, 37, 17, 16, 25, 26, 14, 9, 8, 23, 5, 6, 12, 3, 0, 2, 22, 1, 10, 13, 15]",5,0.6,0.6,0.6,0.7227265726449519,1,5,5,3
smd,group1_development,machine-1-4,sarad_official,0,8,18460,18481,"[19, 0, 31, 21, 18, 4, 32, 20, 27, 16, 17, 28, 37, 7, 26, 36, 30, 9, 25, 8, 24, 29, 35, 5, 2, 11, 3, 34, 6, 23, 12, 33, 14, 10, 13, 22, 1, 15]",1,1.0,0.07142857142857142,0.13333333333333333,1.0,1,14,1,1
smd,group1_development,machine-1-4,sarad_official,0,8,18460,18481,"[19, 0, 31, 21, 18, 4, 32, 20, 27, 16, 17, 28, 37, 7, 26, 36, 30, 9, 25, 8, 24, 29, 35, 5, 2, 11, 3, 34, 6, 23, 12, 33, 14, 10, 13, 22, 1, 15]",3,1.0,0.21428571428571427,0.35294117647058826,1.0,1,14,3,3
smd,group1_development,machine-1-4,sarad_official,0,8,18460,18481,"[19, 0, 31, 21, 18, 4, 32, 20, 27, 16, 17, 28, 37, 7, 26, 36, 30, 9, 25, 8, 24, 29, 35, 5, 2, 11, 3, 34, 6, 23, 12, 33, 14, 10, 13, 22, 1, 15]",5,1.0,0.35714285714285715,0.5263157894736842,1.0,1,14,5,5
smd,group1_development,machine-1-4,sarad_official,0,9,20193,20233,"[11, 14, 31, 12, 18, 30, 19, 32, 15, 27, 21, 8, 24, 37, 26, 4, 9, 20, 35, 17, 28, 7, 16, 34, 36, 25, 6, 5, 23, 33, 10, 29, 13, 3, 22, 2, 0, 1]",1,1.0,0.5,0.6666666666666666,1.0,1,2,1,1
smd,group1_development,machine-1-4,sarad_official,0,9,20193,20233,"[11, 14, 31, 12, 18, 30, 19, 32, 15, 27, 21, 8, 24, 37, 26, 4, 9, 20, 35, 17, 28, 7, 16, 34, 36, 25, 6, 5, 23, 33, 10, 29, 13, 3, 22, 2, 0, 1]",3,0.6666666666666666,1.0,0.8,1.0,1,2,3,2
smd,group1_development,machine-1-4,sarad_official,0,9,20193,20233,"[11, 14, 31, 12, 18, 30, 19, 32, 15, 27, 21, 8, 24, 37, 26, 4, 9, 20, 35, 17, 28, 7, 16, 34, 36, 25, 6, 5, 23, 33, 10, 29, 13, 3, 22, 2, 0, 1]",5,0.4,1.0,0.5714285714285715,1.0,1,2,5,2
smd,group1_development,machine-1-4,sarad_official,0,10,22970,23016,"[28, 8, 0, 14, 16, 1, 2, 15, 3, 9, 13, 12, 4, 11, 5, 17, 26, 31, 20, 21, 34, 18, 30, 29, 10, 22, 25, 35, 33, 6, 27, 32, 7, 23, 19, 24, 37, 36]",1,1.0,0.029411764705882353,0.05714285714285715,1.0,1,34,1,1
smd,group1_development,machine-1-4,sarad_official,0,10,22970,23016,"[28, 8, 0, 14, 16, 1, 2, 15, 3, 9, 13, 12, 4, 11, 5, 17, 26, 31, 20, 21, 34, 18, 30, 29, 10, 22, 25, 35, 33, 6, 27, 32, 7, 23, 19, 24, 37, 36]",3,1.0,0.08823529411764706,0.1621621621621622,1.0,1,34,3,3
smd,group1_development,machine-1-4,sarad_official,0,10,22970,23016,"[28, 8, 0, 14, 16, 1, 2, 15, 3, 9, 13, 12, 4, 11, 5, 17, 26, 31, 20, 21, 34, 18, 30, 29, 10, 22, 25, 35, 33, 6, 27, 32, 7, 23, 19, 24, 37, 36]",5,1.0,0.14705882352941177,0.25641025641025644,1.0,1,34,5,5
smd,group1_development,machine-1-4,sarad_official,0,11,23218,23221,"[5, 16, 23, 21, 22, 6, 34, 1, 25, 35, 26, 2, 0, 37, 31, 3, 33, 13, 7, 27, 28, 30, 20, 8, 18, 4, 29, 19, 36, 10, 14, 15, 24, 9, 32, 12, 17, 11]",1,0.0,0.0,0.0,0.0,0,2,1,0
smd,group1_development,machine-1-4,sarad_official,0,11,23218,23221,"[5, 16, 23, 21, 22, 6, 34, 1, 25, 35, 26, 2, 0, 37, 31, 3, 33, 13, 7, 27, 28, 30, 20, 8, 18, 4, 29, 19, 36, 10, 14, 15, 24, 9, 32, 12, 17, 11]",3,0.3333333333333333,0.5,0.4,0.38685280723454163,1,2,3,1
smd,group1_development,machine-1-4,sarad_official,0,11,23218,23221,"[5, 16, 23, 21, 22, 6, 34, 1, 25, 35, 26, 2, 0, 37, 31, 3, 33, 13, 7, 27, 28, 30, 20, 8, 18, 4, 29, 19, 36, 10, 14, 15, 24, 9, 32, 12, 17, 11]",5,0.2,0.5,0.28571428571428575,0.38685280723454163,1,2,5,1
smd,group1_development,machine-1-5,sarad_official,0,0,10620,10637,"[1, 0, 3, 2, 31, 25, 23, 15, 24, 22, 30, 19, 33, 20, 26, 7, 21, 13, 14, 5, 8, 36, 11, 18, 34, 16, 27, 37, 28, 32, 35, 10, 4, 17, 6, 9, 29, 12]",1,1.0,0.125,0.2222222222222222,1.0,1,8,1,1
smd,group1_development,machine-1-5,sarad_official,0,0,10620,10637,"[1, 0, 3, 2, 31, 25, 23, 15, 24, 22, 30, 19, 33, 20, 26, 7, 21, 13, 14, 5, 8, 36, 11, 18, 34, 16, 27, 37, 28, 32, 35, 10, 4, 17, 6, 9, 29, 12]",3,1.0,0.375,0.5454545454545454,1.0,1,8,3,3
smd,group1_development,machine-1-5,sarad_official,0,0,10620,10637,"[1, 0, 3, 2, 31, 25, 23, 15, 24, 22, 30, 19, 33, 20, 26, 7, 21, 13, 14, 5, 8, 36, 11, 18, 34, 16, 27, 37, 28, 32, 35, 10, 4, 17, 6, 9, 29, 12]",5,1.0,0.625,0.7692307692307693,1.0,1,8,5,5
smd,group1_development,machine-1-5,sarad_official,0,1,11785,11816,"[31, 23, 25, 8, 24, 22, 30, 15, 13, 21, 37, 20, 27, 36, 33, 26, 32, 35, 28, 34, 16, 7, 17, 19, 9, 4, 6, 11, 5, 14, 3, 12, 18, 29, 0, 2, 10, 1]",1,1.0,0.1,0.18181818181818182,1.0,1,10,1,1
smd,group1_development,machine-1-5,sarad_official,0,1,11785,11816,"[31, 23, 25, 8, 24, 22, 30, 15, 13, 21, 37, 20, 27, 36, 33, 26, 32, 35, 28, 34, 16, 7, 17, 19, 9, 4, 6, 11, 5, 14, 3, 12, 18, 29, 0, 2, 10, 1]",3,1.0,0.3,0.4615384615384615,1.0,1,10,3,3
smd,group1_development,machine-1-5,sarad_official,0,1,11785,11816,"[31, 23, 25, 8, 24, 22, 30, 15, 13, 21, 37, 20, 27, 36, 33, 26, 32, 35, 28, 34, 16, 7, 17, 19, 9, 4, 6, 11, 5, 14, 3, 12, 18, 29, 0, 2, 10, 1]",5,1.0,0.5,0.6666666666666666,1.0,1,10,5,5
smd,group1_development,machine-1-5,sarad_official,0,2,12765,12786,"[1, 0, 31, 3, 34, 15, 2, 22, 25, 23, 6, 30, 24, 19, 35, 21, 8, 26, 18, 36, 13, 20, 14, 33, 27, 5, 9, 16, 7, 32, 29, 37, 28, 17, 11, 4, 12, 10]",1,1.0,0.07142857142857142,0.13333333333333333,1.0,1,14,1,1
smd,group1_development,machine-1-5,sarad_official,0,2,12765,12786,"[1, 0, 31, 3, 34, 15, 2, 22, 25, 23, 6, 30, 24, 19, 35, 21, 8, 26, 18, 36, 13, 20, 14, 33, 27, 5, 9, 16, 7, 32, 29, 37, 28, 17, 11, 4, 12, 10]",3,1.0,0.21428571428571427,0.35294117647058826,1.0,1,14,3,3
smd,group1_development,machine-1-5,sarad_official,0,2,12765,12786,"[1, 0, 31, 3, 34, 15, 2, 22, 25, 23, 6, 30, 24, 19, 35, 21, 8, 26, 18, 36, 13, 20, 14, 33, 27, 5, 9, 16, 7, 32, 29, 37, 28, 17, 11, 4, 12, 10]",5,1.0,0.35714285714285715,0.5263157894736842,1.0,1,14,5,5
smd,group1_development,machine-1-5,sarad_official,0,3,14068,14072,"[19, 21, 31, 18, 20, 27, 24, 30, 9, 22, 15, 13, 34, 28, 26, 37, 33, 14, 7, 32, 8, 5, 35, 36, 17, 16, 4, 11, 25, 0, 10, 23, 6, 12, 29, 3, 2, 1]",1,1.0,0.16666666666666666,0.2857142857142857,1.0,1,6,1,1
smd,group1_development,machine-1-5,sarad_official,0,3,14068,14072,"[19, 21, 31, 18, 20, 27, 24, 30, 9, 22, 15, 13, 34, 28, 26, 37, 33, 14, 7, 32, 8, 5, 35, 36, 17, 16, 4, 11, 25, 0, 10, 23, 6, 12, 29, 3, 2, 1]",3,0.6666666666666666,0.3333333333333333,0.4444444444444444,0.7653606369886217,1,6,3,2
smd,group1_development,machine-1-5,sarad_official,0,3,14068,14072,"[19, 21, 31, 18, 20, 27, 24, 30, 9, 22, 15, 13, 34, 28, 26, 37, 33, 14, 7, 32, 8, 5, 35, 36, 17, 16, 4, 11, 25, 0, 10, 23, 6, 12, 29, 3, 2, 1]",5,0.8,0.6666666666666666,0.7272727272727272,0.830419897363192,1,6,5,4
smd,group1_development,machine-1-5,sarad_official,0,4,14520,14531,"[0, 1, 15, 31, 3, 9, 25, 2, 23, 6, 24, 10, 21, 22, 30, 33, 8, 18, 20, 11, 35, 7, 14, 13, 19, 34, 32, 5, 27, 36, 29, 37, 26, 28, 16, 12, 4, 17]",1,1.0,0.05555555555555555,0.10526315789473684,1.0,1,18,1,1
smd,group1_development,machine-1-5,sarad_official,0,4,14520,14531,"[0, 1, 15, 31, 3, 9, 25, 2, 23, 6, 24, 10, 21, 22, 30, 33, 8, 18, 20, 11, 35, 7, 14, 13, 19, 34, 32, 5, 27, 36, 29, 37, 26, 28, 16, 12, 4, 17]",3,0.6666666666666666,0.1111111111111111,0.1904761904761905,0.7653606369886217,1,18,3,2
smd,group1_development,machine-1-5,sarad_official,0,4,14520,14531,"[0, 1, 15, 31, 3, 9, 25, 2, 23, 6, 24, 10, 21, 22, 30, 33, 8, 18, 20, 11, 35, 7, 14, 13, 19, 34, 32, 5, 27, 36, 29, 37, 26, 28, 16, 12, 4, 17]",5,0.8,0.2222222222222222,0.3478260869565218,0.830419897363192,1,18,5,4
smd,group1_development,machine-1-5,sarad_official,0,5,21287,21298,"[1, 0, 31, 3, 2, 24, 15, 6, 30, 22, 20, 25, 18, 13, 14, 23, 21, 19, 33, 26, 8, 27, 7, 36, 37, 16, 32, 11, 5, 28, 9, 17, 34, 4, 35, 12, 10, 29]",1,1.0,0.125,0.2222222222222222,1.0,1,8,1,1
smd,group1_development,machine-1-5,sarad_official,0,5,21287,21298,"[1, 0, 31, 3, 2, 24, 15, 6, 30, 22, 20, 25, 18, 13, 14, 23, 21, 19, 33, 26, 8, 27, 7, 36, 37, 16, 32, 11, 5, 28, 9, 17, 34, 4, 35, 12, 10, 29]",3,0.6666666666666666,0.25,0.36363636363636365,0.7653606369886217,1,8,3,2
smd,group1_development,machine-1-5,sarad_official,0,5,21287,21298,"[1, 0, 31, 3, 2, 24, 15, 6, 30, 22, 20, 25, 18, 13, 14, 23, 21, 19, 33, 26, 8, 27, 7, 36, 37, 16, 32, 11, 5, 28, 9, 17, 34, 4, 35, 12, 10, 29]",5,0.8,0.5,0.6153846153846154,0.830419897363192,1,8,5,4
smd,group1_development,machine-1-5,sarad_official,0,6,22072,22077,"[31, 18, 20, 30, 24, 15, 22, 19, 21, 27, 8, 13, 33, 32, 37, 14, 34, 36, 28, 26, 16, 7, 17, 6, 4, 5, 35, 25, 9, 23, 11, 12, 0, 3, 2, 29, 10, 1]",1,0.0,0.0,0.0,0.0,0,8,1,0
smd,group1_development,machine-1-5,sarad_official,0,6,22072,22077,"[31, 18, 20, 30, 24, 15, 22, 19, 21, 27, 8, 13, 33, 32, 37, 14, 34, 36, 28, 26, 16, 7, 17, 6, 4, 5, 35, 25, 9, 23, 11, 12, 0, 3, 2, 29, 10, 1]",3,0.6666666666666666,0.25,0.36363636363636365,0.5307212739772434,1,8,3,2
smd,group1_development,machine-1-5,sarad_official,0,6,22072,22077,"[31, 18, 20, 30, 24, 15, 22, 19, 21, 27, 8, 13, 33, 32, 37, 14, 34, 36, 28, 26, 16, 7, 17, 6, 4, 5, 35, 25, 9, 23, 11, 12, 0, 3, 2, 29, 10, 1]",5,0.6,0.375,0.4615384615384615,0.5296347172140421,1,8,5,3
smd,group1_development,machine-1-6,sarad_official,0,0,246,252,"[9, 10, 12, 8, 29, 19, 18, 31, 21, 11, 20, 1, 37, 3, 32, 30, 14, 24, 16, 33, 2, 0, 27, 4, 7, 28, 26, 6, 15, 23, 36, 17, 13, 5, 25, 35, 34, 22]",1,1.0,0.09090909090909091,0.16666666666666669,1.0,1,11,1,1
smd,group1_development,machine-1-6,sarad_official,0,0,246,252,"[9, 10, 12, 8, 29, 19, 18, 31, 21, 11, 20, 1, 37, 3, 32, 30, 14, 24, 16, 33, 2, 0, 27, 4, 7, 28, 26, 6, 15, 23, 36, 17, 13, 5, 25, 35, 34, 22]",3,1.0,0.2727272727272727,0.42857142857142855,1.0,1,11,3,3
smd,group1_development,machine-1-6,sarad_official,0,0,246,252,"[9, 10, 12, 8, 29, 19, 18, 31, 21, 11, 20, 1, 37, 3, 32, 30, 14, 24, 16, 33, 2, 0, 27, 4, 7, 28, 26, 6, 15, 23, 36, 17, 13, 5, 25, 35, 34, 22]",5,0.8,0.36363636363636365,0.5000000000000001,0.8687949224876582,1,11,5,4
smd,group1_development,machine-1-6,sarad_official,0,1,653,658,"[8, 12, 0, 9, 10, 20, 1, 2, 19, 26, 37, 18, 17, 31, 21, 7, 29, 33, 30, 16, 11, 15, 4, 27, 32, 14, 25, 36, 5, 28, 24, 35, 22, 3, 23, 6, 34, 13]",1,1.0,0.05,0.09523809523809523,1.0,1,20,1,1
smd,group1_development,machine-1-6,sarad_official,0,1,653,658,"[8, 12, 0, 9, 10, 20, 1, 2, 19, 26, 37, 18, 17, 31, 21, 7, 29, 33, 30, 16, 11, 15, 4, 27, 32, 14, 25, 36, 5, 28, 24, 35, 22, 3, 23, 6, 34, 13]",3,1.0,0.15,0.2608695652173913,1.0,1,20,3,3
smd,group1_development,machine-1-6,sarad_official,0,1,653,658,"[8, 12, 0, 9, 10, 20, 1, 2, 19, 26, 37, 18, 17, 31, 21, 7, 29, 33, 30, 16, 11, 15, 4, 27, 32, 14, 25, 36, 5, 28, 24, 35, 22, 3, 23, 6, 34, 13]",5,1.0,0.25,0.4,1.0,1,20,5,5
smd,group1_development,machine-1-6,sarad_official,0,2,2092,2100,"[8, 12, 0, 1, 9, 14, 10, 2, 20, 15, 29, 18, 33, 31, 26, 19, 21, 37, 24, 27, 7, 11, 3, 36, 32, 4, 30, 5, 35, 16, 17, 28, 25, 34, 22, 23, 6, 13]",1,1.0,0.05,0.09523809523809523,1.0,1,20,1,1
smd,group1_development,machine-1-6,sarad_official,0,2,2092,2100,"[8, 12, 0, 1, 9, 14, 10, 2, 20, 15, 29, 18, 33, 31, 26, 19, 21, 37, 24, 27, 7, 11, 3, 36, 32, 4, 30, 5, 35, 16, 17, 28, 25, 34, 22, 23, 6, 13]",3,1.0,0.15,0.2608695652173913,1.0,1,20,3,3
smd,group1_development,machine-1-6,sarad_official,0,2,2092,2100,"[8, 12, 0, 1, 9, 14, 10, 2, 20, 15, 29, 18, 33, 31, 26, 19, 21, 37, 24, 27, 7, 11, 3, 36, 32, 4, 30, 5, 35, 16, 17, 28, 25, 34, 22, 23, 6, 13]",5,1.0,0.25,0.4,1.0,1,20,5,5
smd,group1_development,machine-1-6,sarad_official,0,3,2884,2888,"[11, 29, 12, 1, 18, 19, 2, 9, 4, 28, 20, 31, 17, 8, 7, 27, 35, 25, 21, 16, 37, 26, 36, 30, 32, 33, 24, 3, 34, 14, 6, 5, 0, 23, 13, 15, 10, 22]",1,0.0,0.0,0.0,0.0,0,1,1,0
smd,group1_development,machine-1-6,sarad_official,0,3,2884,2888,"[11, 29, 12, 1, 18, 19, 2, 9, 4, 28, 20, 31, 17, 8, 7, 27, 35, 25, 21, 16, 37, 26, 36, 30, 32, 33, 24, 3, 34, 14, 6, 5, 0, 23, 13, 15, 10, 22]",3,0.0,0.0,0.0,0.0,0,1,3,0
smd,group1_development,machine-1-6,sarad_official,0,3,2884,2888,"[11, 29, 12, 1, 18, 19, 2, 9, 4, 28, 20, 31, 17, 8, 7, 27, 35, 25, 21, 16, 37, 26, 36, 30, 32, 33, 24, 3, 34, 14, 6, 5, 0, 23, 13, 15, 10, 22]",5,0.0,0.0,0.0,0.0,0,1,5,0
smd,group1_development,machine-1-6,sarad_official,0,4,3534,3539,"[8, 25, 9, 10, 21, 17, 14, 12, 20, 22, 33, 30, 26, 0, 1, 34, 18, 2, 24, 19, 7, 36, 6, 27, 37, 35, 31, 23, 4, 29, 15, 13, 16, 3, 11, 28, 5, 32]",1,1.0,0.06666666666666667,0.125,1.0,1,15,1,1
smd,group1_development,machine-1-6,sarad_official,0,4,3534,3539,"[8, 25, 9, 10, 21, 17, 14, 12, 20, 22, 33, 30, 26, 0, 1, 34, 18, 2, 24, 19, 7, 36, 6, 27, 37, 35, 31, 23, 4, 29, 15, 13, 16, 3, 11, 28, 5, 32]",3,0.6666666666666666,0.13333333333333333,0.2222222222222222,0.7039180890341347,1,15,3,2
smd,group1_development,machine-1-6,sarad_official,0,4,3534,3539,"[8, 25, 9, 10, 21, 17, 14, 12, 20, 22, 33, 30, 26, 0, 1, 34, 18, 2, 24, 19, 7, 36, 6, 27, 37, 35, 31, 23, 4, 29, 15, 13, 16, 3, 11, 28, 5, 32]",5,0.8,0.26666666666666666,0.4,0.7860137352654724,1,15,5,4
smd,group1_development,machine-1-6,sarad_official,0,5,4647,5045,"[9, 10, 20, 29, 25, 18, 4, 16, 31, 19, 13, 1, 8, 21, 12, 32, 35, 24, 33, 7, 26, 14, 2, 5, 36, 37, 3, 6, 11, 22, 34, 28, 15, 27, 30, 0, 23, 17]",1,1.0,0.1111111111111111,0.19999999999999998,1.0,1,9,1,1
smd,group1_development,machine-1-6,sarad_official,0,5,4647,5045,"[9, 10, 20, 29, 25, 18, 4, 16, 31, 19, 13, 1, 8, 21, 12, 32, 35, 24, 33, 7, 26, 14, 2, 5, 36, 37, 3, 6, 11, 22, 34, 28, 15, 27, 30, 0, 23, 17]",3,0.6666666666666666,0.2222222222222222,0.3333333333333333,0.7653606369886217,1,9,3,2
smd,group1_development,machine-1-6,sarad_official,0,5,4647,5045,"[9, 10, 20, 29, 25, 18, 4, 16, 31, 19, 13, 1, 8, 21, 12, 32, 35, 24, 33, 7, 26, 14, 2, 5, 36, 37, 3, 6, 11, 22, 34, 28, 15, 27, 30, 0, 23, 17]",5,0.4,0.2222222222222222,0.2857142857142857,0.5531464700081437,1,9,5,2
smd,group1_development,machine-1-6,sarad_official,0,6,5167,5172,"[17, 21, 10, 26, 37, 4, 1, 2, 20, 13, 11, 14, 25, 8, 28, 31, 29, 22, 18, 24, 19, 7, 36, 27, 9, 35, 3, 30, 33, 12, 34, 5, 6, 0, 16, 23, 15, 32]",1,1.0,0.2,0.33333333333333337,1.0,1,5,1,1
smd,group1_development,machine-1-6,sarad_official,0,6,5167,5172,"[17, 21, 10, 26, 37, 4, 1, 2, 20, 13, 11, 14, 25, 8, 28, 31, 29, 22, 18, 24, 19, 7, 36, 27, 9, 35, 3, 30, 33, 12, 34, 5, 6, 0, 16, 23, 15, 32]",3,0.6666666666666666,0.4,0.5,0.7039180890341347,1,5,3,2
smd,group1_development,machine-1-6,sarad_official,0,6,5167,5172,"[17, 21, 10, 26, 37, 4, 1, 2, 20, 13, 11, 14, 25, 8, 28, 31, 29, 22, 18, 24, 19, 7, 36, 27, 9, 35, 3, 30, 33, 12, 34, 5, 6, 0, 16, 23, 15, 32]",5,0.4,0.4,0.4000000000000001,0.5087403079104241,1,5,5,2
smd,group1_development,machine-1-6,sarad_official,0,7,5708,5713,"[9, 10, 29, 19, 18, 31, 21, 20, 8, 25, 13, 12, 24, 5, 33, 11, 2, 1, 27, 37, 3, 30, 32, 7, 36, 26, 4, 34, 16, 28, 35, 14, 6, 17, 15, 0, 23, 22]",1,1.0,0.25,0.4,1.0,1,4,1,1
smd,group1_development,machine-1-6,sarad_official,0,7,5708,5713,"[9, 10, 29, 19, 18, 31, 21, 20, 8, 25, 13, 12, 24, 5, 33, 11, 2, 1, 27, 37, 3, 30, 32, 7, 36, 26, 4, 34, 16, 28, 35, 14, 6, 17, 15, 0, 23, 22]",3,0.6666666666666666,0.5,0.5714285714285715,0.7653606369886217,1,4,3,2
smd,group1_development,machine-1-6,sarad_official,0,7,5708,5713,"[9, 10, 29, 19, 18, 31, 21, 20, 8, 25, 13, 12, 24, 5, 33, 11, 2, 1, 27, 37, 3, 30, 32, 7, 36, 26, 4, 34, 16, 28, 35, 14, 6, 17, 15, 0, 23, 22]",5,0.4,0.5,0.4444444444444445,0.6366824387328317,1,4,5,2
smd,group1_development,machine-1-6,sarad_official,0,8,5873,5885,"[9, 10, 19, 18, 31, 29, 25, 20, 21, 11, 12, 2, 1, 5, 30, 8, 27, 3, 34, 7, 33, 14, 13, 24, 26, 37, 32, 4, 35, 15, 36, 16, 28, 0, 22, 23, 17, 6]",1,1.0,0.07142857142857142,0.13333333333333333,1.0,1,14,1,1
smd,group1_development,machine-1-6,sarad_official,0,8,5873,5885,"[9, 10, 19, 18, 31, 29, 25, 20, 21, 11, 12, 2, 1, 5, 30, 8, 27, 3, 34, 7, 33, 14, 13, 24, 26, 37, 32, 4, 35, 15, 36, 16, 28, 0, 22, 23, 17, 6]",3,1.0,0.21428571428571427,0.35294117647058826,1.0,1,14,3,3
smd,group1_development,machine-1-6,sarad_official,0,8,5873,5885,"[9, 10, 19, 18, 31, 29, 25, 20, 21, 11, 12, 2, 1, 5, 30, 8, 27, 3, 34, 7, 33, 14, 13, 24, 26, 37, 32, 4, 35, 15, 36, 16, 28, 0, 22, 23, 17, 6]",5,1.0,0.35714285714285715,0.5263157894736842,1.0,1,14,5,5
smd,group1_development,machine-1-6,sarad_official,0,9,6022,6027,"[29, 32, 31, 19, 33, 18, 20, 8, 2, 21, 1, 30, 24, 34, 27, 35, 37, 4, 25, 7, 36, 12, 16, 15, 5, 28, 13, 26, 9, 22, 17, 3, 23, 11, 6, 14, 0, 10]",1,0.0,0.0,0.0,0.0,0,2,1,0
smd,group1_development,machine-1-6,sarad_official,0,9,6022,6027,"[29, 32, 31, 19, 33, 18, 20, 8, 2, 21, 1, 30, 24, 34, 27, 35, 37, 4, 25, 7, 36, 12, 16, 15, 5, 28, 13, 26, 9, 22, 17, 3, 23, 11, 6, 14, 0, 10]",3,0.3333333333333333,0.5,0.4,0.38685280723454163,1,2,3,1
smd,group1_development,machine-1-6,sarad_official,0,9,6022,6027,"[29, 32, 31, 19, 33, 18, 20, 8, 2, 21, 1, 30, 24, 34, 27, 35, 37, 4, 25, 7, 36, 12, 16, 15, 5, 28, 13, 26, 9, 22, 17, 3, 23, 11, 6, 14, 0, 10]",5,0.4,1.0,0.5714285714285715,0.6240505200038379,1,2,5,2
smd,group1_development,machine-1-6,sarad_official,0,10,6412,6419,"[10, 9, 8, 12, 14, 1, 13, 2, 25, 7, 33, 0, 15, 29, 20, 18, 11, 37, 17, 19, 31, 16, 3, 21, 26, 4, 32, 28, 35, 23, 27, 34, 36, 30, 5, 24, 22, 6]",1,1.0,0.05263157894736842,0.1,1.0,1,19,1,1
smd,group1_development,machine-1-6,sarad_official,0,10,6412,6419,"[10, 9, 8, 12, 14, 1, 13, 2, 25, 7, 33, 0, 15, 29, 20, 18, 11, 37, 17, 19, 31, 16, 3, 21, 26, 4, 32, 28, 35, 23, 27, 34, 36, 30, 5, 24, 22, 6]",3,1.0,0.15789473684210525,0.2727272727272727,1.0,1,19,3,3
smd,group1_development,machine-1-6,sarad_official,0,10,6412,6419,"[10, 9, 8, 12, 14, 1, 13, 2, 25, 7, 33, 0, 15, 29, 20, 18, 11, 37, 17, 19, 31, 16, 3, 21, 26, 4, 32, 28, 35, 23, 27, 34, 36, 30, 5, 24, 22, 6]",5,1.0,0.2631578947368421,0.4166666666666667,1.0,1,19,5,5
smd,group1_development,machine-1-6,sarad_official,0,11,7851,7856,"[9, 10, 33, 13, 29, 25, 12, 31, 8, 24, 20, 15, 27, 32, 22, 18, 3, 21, 37, 2, 36, 1, 26, 7, 11, 14, 16, 30, 19, 0, 5, 23, 4, 34, 28, 35, 17, 6]",1,1.0,0.06666666666666667,0.125,1.0,1,15,1,1
smd,group1_development,machine-1-6,sarad_official,0,11,7851,7856,"[9, 10, 33, 13, 29, 25, 12, 31, 8, 24, 20, 15, 27, 32, 22, 18, 3, 21, 37, 2, 36, 1, 26, 7, 11, 14, 16, 30, 19, 0, 5, 23, 4, 34, 28, 35, 17, 6]",3,0.6666666666666666,0.13333333333333333,0.2222222222222222,0.7653606369886217,1,15,3,2
smd,group1_development,machine-1-6,sarad_official,0,11,7851,7856,"[9, 10, 33, 13, 29, 25, 12, 31, 8, 24, 20, 15, 27, 32, 22, 18, 3, 21, 37, 2, 36, 1, 26, 7, 11, 14, 16, 30, 19, 0, 5, 23, 4, 34, 28, 35, 17, 6]",5,0.6,0.2,0.3,0.6843515475204855,1,15,5,3
smd,group1_development,machine-1-6,sarad_official,0,12,9291,9298,"[10, 9, 8, 12, 33, 13, 0, 19, 18, 20, 2, 1, 25, 15, 32, 29, 31, 5, 14, 11, 3, 37, 21, 7, 34, 27, 4, 16, 26, 30, 28, 36, 24, 17, 6, 23, 35, 22]",1,1.0,0.0625,0.11764705882352941,1.0,1,16,1,1
smd,group1_development,machine-1-6,sarad_official,0,12,9291,9298,"[10, 9, 8, 12, 33, 13, 0, 19, 18, 20, 2, 1, 25, 15, 32, 29, 31, 5, 14, 11, 3, 37, 21, 7, 34, 27, 4, 16, 26, 30, 28, 36, 24, 17, 6, 23, 35, 22]",3,1.0,0.1875,0.3157894736842105,1.0,1,16,3,3
smd,group1_development,machine-1-6,sarad_official,0,12,9291,9298,"[10, 9, 8, 12, 33, 13, 0, 19, 18, 20, 2, 1, 25, 15, 32, 29, 31, 5, 14, 11, 3, 37, 21, 7, 34, 27, 4, 16, 26, 30, 28, 36, 24, 17, 6, 23, 35, 22]",5,0.8,0.25,0.38095238095238093,0.8687949224876582,1,16,5,4
smd,group1_development,machine-1-6,sarad_official,0,13,10731,10736,"[10, 9, 33, 13, 8, 12, 37, 1, 25, 32, 0, 3, 29, 20, 15, 2, 19, 11, 18, 7, 21, 31, 26, 4, 16, 36, 5, 28, 30, 24, 27, 17, 23, 34, 6, 14, 22, 35]",1,1.0,0.0625,0.11764705882352941,1.0,1,16,1,1
smd,group1_development,machine-1-6,sarad_official,0,13,10731,10736,"[10, 9, 33, 13, 8, 12, 37, 1, 25, 32, 0, 3, 29, 20, 15, 2, 19, 11, 18, 7, 21, 31, 26, 4, 16, 36, 5, 28, 30, 24, 27, 17, 23, 34, 6, 14, 22, 35]",3,0.6666666666666666,0.125,0.21052631578947367,0.7653606369886217,1,16,3,2
smd,group1_development,machine-1-6,sarad_official,0,13,10731,10736,"[10, 9, 33, 13, 8, 12, 37, 1, 25, 32, 0, 3, 29, 20, 15, 2, 19, 11, 18, 7, 21, 31, 26, 4, 16, 36, 5, 28, 30, 24, 27, 17, 23, 34, 6, 14, 22, 35]",5,0.6,0.1875,0.2857142857142857,0.6843515475204855,1,16,5,3
smd,group1_development,machine-1-6,sarad_official,0,14,11467,11471,"[10, 29, 9, 13, 19, 31, 18, 8, 1, 12, 33, 5, 20, 21, 2, 32, 11, 15, 24, 25, 37, 27, 3, 30, 35, 7, 34, 36, 14, 16, 4, 23, 26, 28, 0, 17, 6, 22]",1,1.0,0.058823529411764705,0.1111111111111111,1.0,1,17,1,1
smd,group1_development,machine-1-6,sarad_official,0,14,11467,11471,"[10, 29, 9, 13, 19, 31, 18, 8, 1, 12, 33, 5, 20, 21, 2, 32, 11, 15, 24, 25, 37, 27, 3, 30, 35, 7, 34, 36, 14, 16, 4, 23, 26, 28, 0, 17, 6, 22]",3,1.0,0.17647058823529413,0.3,1.0,1,17,3,3
smd,group1_development,machine-1-6,sarad_official,0,14,11467,11471,"[10, 29, 9, 13, 19, 31, 18, 8, 1, 12, 33, 5, 20, 21, 2, 32, 11, 15, 24, 25, 37, 27, 3, 30, 35, 7, 34, 36, 14, 16, 4, 23, 26, 28, 0, 17, 6, 22]",5,0.8,0.23529411764705882,0.3636363636363636,0.8539316501572937,1,17,5,4
smd,group1_development,machine-1-6,sarad_official,0,15,12171,12176,"[9, 10, 37, 33, 8, 20, 13, 21, 12, 25, 32, 1, 0, 29, 15, 18, 2, 3, 19, 11, 7, 31, 16, 14, 4, 23, 26, 36, 28, 24, 30, 6, 34, 27, 17, 35, 5, 22]",1,1.0,0.058823529411764705,0.1111111111111111,1.0,1,17,1,1
smd,group1_development,machine-1-6,sarad_official,0,15,12171,12176,"[9, 10, 37, 33, 8, 20, 13, 21, 12, 25, 32, 1, 0, 29, 15, 18, 2, 3, 19, 11, 7, 31, 16, 14, 4, 23, 26, 36, 28, 24, 30, 6, 34, 27, 17, 35, 5, 22]",3,0.6666666666666666,0.11764705882352941,0.2,0.7653606369886217,1,17,3,2
smd,group1_development,machine-1-6,sarad_official,0,15,12171,12176,"[9, 10, 37, 33, 8, 20, 13, 21, 12, 25, 32, 1, 0, 29, 15, 18, 2, 3, 19, 11, 7, 31, 16, 14, 4, 23, 26, 36, 28, 24, 30, 6, 34, 27, 17, 35, 5, 22]",5,0.6,0.17647058823529413,0.2727272727272727,0.6843515475204855,1,17,5,3
smd,group1_development,machine-1-6,sarad_official,0,16,13069,13073,"[32, 29, 31, 19, 18, 20, 21, 30, 24, 33, 13, 27, 2, 7, 1, 35, 37, 25, 34, 5, 8, 36, 12, 23, 16, 11, 9, 15, 28, 4, 6, 17, 3, 26, 14, 22, 0, 10]",1,1.0,0.5,0.6666666666666666,1.0,1,2,1,1
smd,group1_development,machine-1-6,sarad_official,0,16,13069,13073,"[32, 29, 31, 19, 18, 20, 21, 30, 24, 33, 13, 27, 2, 7, 1, 35, 37, 25, 34, 5, 8, 36, 12, 23, 16, 11, 9, 15, 28, 4, 6, 17, 3, 26, 14, 22, 0, 10]",3,0.3333333333333333,0.5,0.4,0.6131471927654584,1,2,3,1
smd,group1_development,machine-1-6,sarad_official,0,16,13069,13073,"[32, 29, 31, 19, 18, 20, 21, 30, 24, 33, 13, 27, 2, 7, 1, 35, 37, 25, 34, 5, 8, 36, 12, 23, 16, 11, 9, 15, 28, 4, 6, 17, 3, 26, 14, 22, 0, 10]",5,0.2,0.5,0.28571428571428575,0.6131471927654584,1,2,5,1
smd,group1_development,machine-1-6,sarad_official,0,17,13277,13280,"[16, 31, 18, 29, 10, 21, 19, 8, 36, 26, 24, 7, 25, 5, 13, 1, 20, 33, 23, 37, 3, 22, 30, 2, 35, 27, 11, 28, 34, 6, 4, 12, 9, 17, 32, 0, 14, 15]",1,1.0,1.0,1.0,1.0,1,1,1,1
smd,group1_development,machine-1-6,sarad_official,0,17,13277,13280,"[16, 31, 18, 29, 10, 21, 19, 8, 36, 26, 24, 7, 25, 5, 13, 1, 20, 33, 23, 37, 3, 22, 30, 2, 35, 27, 11, 28, 34, 6, 4, 12, 9, 17, 32, 0, 14, 15]",3,0.3333333333333333,1.0,0.5,1.0,1,1,3,1
smd,group1_development,machine-1-6,sarad_official,0,17,13277,13280,"[16, 31, 18, 29, 10, 21, 19, 8, 36, 26, 24, 7, 25, 5, 13, 1, 20, 33, 23, 37, 3, 22, 30, 2, 35, 27, 11, 28, 34, 6, 4, 12, 9, 17, 32, 0, 14, 15]",5,0.2,1.0,0.33333333333333337,1.0,1,1,5,1
smd,group1_development,machine-1-6,sarad_official,0,18,13613,13619,"[35, 9, 17, 10, 19, 36, 8, 20, 22, 13, 37, 21, 14, 33, 28, 25, 4, 12, 29, 7, 11, 18, 26, 1, 5, 6, 0, 3, 31, 16, 34, 24, 2, 15, 27, 23, 30, 32]",1,0.0,0.0,0.0,0.0,0,8,1,0
smd,group1_development,machine-1-6,sarad_official,0,18,13613,13619,"[35, 9, 17, 10, 19, 36, 8, 20, 22, 13, 37, 21, 14, 33, 28, 25, 4, 12, 29, 7, 11, 18, 26, 1, 5, 6, 0, 3, 31, 16, 34, 24, 2, 15, 27, 23, 30, 32]",3,0.3333333333333333,0.125,0.18181818181818182,0.2960819109658652,1,8,3,1
smd,group1_development,machine-1-6,sarad_official,0,18,13613,13619,"[35, 9, 17, 10, 19, 36, 8, 20, 22, 13, 37, 21, 14, 33, 28, 25, 4, 12, 29, 7, 11, 18, 26, 1, 5, 6, 0, 3, 31, 16, 34, 24, 2, 15, 27, 23, 30, 32]",5,0.4,0.25,0.3076923076923077,0.36005461457723403,1,8,5,2
smd,group1_development,machine-1-6,sarad_official,0,19,14603,14607,"[36, 10, 9, 29, 19, 31, 18, 20, 12, 11, 21, 13, 30, 33, 16, 8, 1, 27, 24, 25, 28, 37, 35, 2, 23, 3, 34, 26, 15, 7, 32, 6, 14, 5, 4, 17, 0, 22]",1,1.0,0.1,0.18181818181818182,1.0,1,10,1,1
smd,group1_development,machine-1-6,sarad_official,0,19,14603,14607,"[36, 10, 9, 29, 19, 31, 18, 20, 12, 11, 21, 13, 30, 33, 16, 8, 1, 27, 24, 25, 28, 37, 35, 2, 23, 3, 34, 26, 15, 7, 32, 6, 14, 5, 4, 17, 0, 22]",3,1.0,0.3,0.4615384615384615,1.0,1,10,3,3
smd,group1_development,machine-1-6,sarad_official,0,19,14603,14607,"[36, 10, 9, 29, 19, 31, 18, 20, 12, 11, 21, 13, 30, 33, 16, 8, 1, 27, 24, 25, 28, 37, 35, 2, 23, 3, 34, 26, 15, 7, 32, 6, 14, 5, 4, 17, 0, 22]",5,0.8,0.4,0.5333333333333333,0.8539316501572937,1,10,5,4
smd,group1_development,machine-1-6,sarad_official,0,20,15052,15055,"[9, 10, 37, 12, 14, 33, 13, 8, 11, 0, 21, 25, 1, 29, 24, 7, 36, 2, 15, 18, 19, 4, 26, 20, 31, 3, 16, 6, 23, 28, 27, 32, 30, 17, 35, 34, 5, 22]",1,1.0,0.25,0.4,1.0,1,4,1,1
smd,group1_development,machine-1-6,sarad_official,0,20,15052,15055,"[9, 10, 37, 12, 14, 33, 13, 8, 11, 0, 21, 25, 1, 29, 24, 7, 36, 2, 15, 18, 19, 4, 26, 20, 31, 3, 16, 6, 23, 28, 27, 32, 30, 17, 35, 34, 5, 22]",3,0.6666666666666666,0.5,0.5714285714285715,0.7653606369886217,1,4,3,2
smd,group1_development,machine-1-6,sarad_official,0,20,15052,15055,"[9, 10, 37, 12, 14, 33, 13, 8, 11, 0, 21, 25, 1, 29, 24, 7, 36, 2, 15, 18, 19, 4, 26, 20, 31, 3, 16, 6, 23, 28, 27, 32, 30, 17, 35, 34, 5, 22]",5,0.6,0.75,0.6666666666666665,0.8048099750039491,1,4,5,3
smd,group1_development,machine-1-6,sarad_official,0,21,15397,15401,"[11, 1, 8, 13, 12, 14, 9, 29, 2, 0, 26, 4, 7, 25, 5, 33, 37, 16, 28, 36, 17, 15, 20, 6, 10, 27, 32, 21, 18, 23, 3, 31, 24, 35, 34, 19, 30, 22]",1,1.0,0.3333333333333333,0.5,1.0,1,3,1,1
smd,group1_development,machine-1-6,sarad_official,0,21,15397,15401,"[11, 1, 8, 13, 12, 14, 9, 29, 2, 0, 26, 4, 7, 25, 5, 33, 37, 16, 28, 36, 17, 15, 20, 6, 10, 27, 32, 21, 18, 23, 3, 31, 24, 35, 34, 19, 30, 22]",3,0.6666666666666666,0.6666666666666666,0.6666666666666666,0.7039180890341347,1,3,3,2
smd,group1_development,machine-1-6,sarad_official,0,21,15397,15401,"[11, 1, 8, 13, 12, 14, 9, 29, 2, 0, 26, 4, 7, 25, 5, 33, 37, 16, 28, 36, 17, 15, 20, 6, 10, 27, 32, 21, 18, 23, 3, 31, 24, 35, 34, 19, 30, 22]",5,0.6,1.0,0.7499999999999999,0.8854598815714874,1,3,5,3
smd,group1_development,machine-1-6,sarad_official,0,22,15802,15805,"[10, 9, 29, 37, 31, 19, 21, 18, 20, 30, 13, 33, 8, 24, 27, 12, 1, 11, 2, 25, 32, 3, 35, 36, 7, 34, 16, 6, 4, 23, 28, 26, 14, 22, 17, 5, 0, 15]",1,1.0,0.25,0.4,1.0,1,4,1,1
smd,group1_development,machine-1-6,sarad_official,0,22,15802,15805,"[10, 9, 29, 37, 31, 19, 21, 18, 20, 30, 13, 33, 8, 24, 27, 12, 1, 11, 2, 25, 32, 3, 35, 36, 7, 34, 16, 6, 4, 23, 28, 26, 14, 22, 17, 5, 0, 15]",3,0.6666666666666666,0.5,0.5714285714285715,0.7653606369886217,1,4,3,2
smd,group1_development,machine-1-6,sarad_official,0,22,15802,15805,"[10, 9, 29, 37, 31, 19, 21, 18, 20, 30, 13, 33, 8, 24, 27, 12, 1, 11, 2, 25, 32, 3, 35, 36, 7, 34, 16, 6, 4, 23, 28, 26, 14, 22, 17, 5, 0, 15]",5,0.4,0.5,0.4444444444444445,0.6366824387328317,1,4,5,2
smd,group1_development,machine-1-6,sarad_official,0,23,16491,16499,"[10, 8, 9, 14, 12, 13, 11, 33, 1, 15, 25, 0, 29, 2, 7, 3, 32, 37, 31, 18, 26, 16, 19, 4, 20, 36, 21, 34, 28, 23, 6, 35, 27, 17, 30, 5, 24, 22]",1,1.0,0.125,0.2222222222222222,1.0,1,8,1,1
smd,group1_development,machine-1-6,sarad_official,0,23,16491,16499,"[10, 8, 9, 14, 12, 13, 11, 33, 1, 15, 25, 0, 29, 2, 7, 3, 32, 37, 31, 18, 26, 16, 19, 4, 20, 36, 21, 34, 28, 23, 6, 35, 27, 17, 30, 5, 24, 22]",3,1.0,0.375,0.5454545454545454,1.0,1,8,3,3
smd,group1_development,machine-1-6,sarad_official,0,23,16491,16499,"[10, 8, 9, 14, 12, 13, 11, 33, 1, 15, 25, 0, 29, 2, 7, 3, 32, 37, 31, 18, 26, 16, 19, 4, 20, 36, 21, 34, 28, 23, 6, 35, 27, 17, 30, 5, 24, 22]",5,1.0,0.625,0.7692307692307693,1.0,1,8,5,5
smd,group1_development,machine-1-6,sarad_official,0,24,16718,16721,"[10, 9, 21, 8, 13, 32, 24, 12, 25, 33, 4, 11, 26, 0, 37, 1, 20, 6, 29, 23, 7, 36, 16, 15, 28, 18, 30, 17, 14, 19, 27, 35, 31, 5, 34, 2, 3, 22]",1,1.0,0.25,0.4,1.0,1,4,1,1
smd,group1_development,machine-1-6,sarad_official,0,24,16718,16721,"[10, 9, 21, 8, 13, 32, 24, 12, 25, 33, 4, 11, 26, 0, 37, 1, 20, 6, 29, 23, 7, 36, 16, 15, 28, 18, 30, 17, 14, 19, 27, 35, 31, 5, 34, 2, 3, 22]",3,0.6666666666666666,0.5,0.5714285714285715,0.7653606369886217,1,4,3,2
smd,group1_development,machine-1-6,sarad_official,0,24,16718,16721,"[10, 9, 21, 8, 13, 32, 24, 12, 25, 33, 4, 11, 26, 0, 37, 1, 20, 6, 29, 23, 7, 36, 16, 15, 28, 18, 30, 17, 14, 19, 27, 35, 31, 5, 34, 2, 3, 22]",5,0.6,0.75,0.6666666666666665,0.8048099750039491,1,4,5,3
smd,group1_development,machine-1-6,sarad_official,0,25,16972,16976,"[11, 14, 13, 12, 8, 9, 1, 0, 7, 26, 25, 4, 29, 16, 37, 28, 17, 33, 2, 15, 36, 6, 5, 27, 23, 21, 32, 24, 31, 34, 20, 35, 10, 18, 30, 19, 3, 22]",1,1.0,0.25,0.4,1.0,1,4,1,1
smd,group1_development,machine-1-6,sarad_official,0,25,16972,16976,"[11, 14, 13, 12, 8, 9, 1, 0, 7, 26, 25, 4, 29, 16, 37, 28, 17, 33, 2, 15, 36, 6, 5, 27, 23, 21, 32, 24, 31, 34, 20, 35, 10, 18, 30, 19, 3, 22]",3,0.6666666666666666,0.5,0.5714285714285715,0.7653606369886217,1,4,3,2
smd,group1_development,machine-1-6,sarad_official,0,25,16972,16976,"[11, 14, 13, 12, 8, 9, 1, 0, 7, 26, 25, 4, 29, 16, 37, 28, 17, 33, 2, 15, 36, 6, 5, 27, 23, 21, 32, 24, 31, 34, 20, 35, 10, 18, 30, 19, 3, 22]",5,0.8,1.0,0.888888888888889,0.9558295932317544,1,4,5,4
smd,group1_development,machine-1-6,sarad_official,0,26,17931,17939,"[10, 8, 9, 14, 12, 33, 13, 11, 1, 15, 0, 29, 2, 25, 31, 23, 18, 3, 37, 32, 19, 7, 16, 34, 20, 36, 35, 5, 28, 21, 4, 26, 6, 27, 17, 30, 24, 22]",1,1.0,0.05263157894736842,0.1,1.0,1,19,1,1
smd,group1_development,machine-1-6,sarad_official,0,26,17931,17939,"[10, 8, 9, 14, 12, 33, 13, 11, 1, 15, 0, 29, 2, 25, 31, 23, 18, 3, 37, 32, 19, 7, 16, 34, 20, 36, 35, 5, 28, 21, 4, 26, 6, 27, 17, 30, 24, 22]",3,1.0,0.15789473684210525,0.2727272727272727,1.0,1,19,3,3
smd,group1_development,machine-1-6,sarad_official,0,26,17931,17939,"[10, 8, 9, 14, 12, 33, 13, 11, 1, 15, 0, 29, 2, 25, 31, 23, 18, 3, 37, 32, 19, 7, 16, 34, 20, 36, 35, 5, 28, 21, 4, 26, 6, 27, 17, 30, 24, 22]",5,1.0,0.2631578947368421,0.4166666666666667,1.0,1,19,5,5
smd,group1_development,machine-1-6,sarad_official,0,27,18600,21761,"[0, 3, 2, 15, 8, 12, 31, 29, 1, 36, 10, 9, 13, 5, 20, 18, 24, 19, 21, 33, 11, 35, 14, 25, 30, 7, 27, 23, 6, 22, 34, 26, 37, 4, 16, 28, 32, 17]",1,1.0,0.047619047619047616,0.0909090909090909,1.0,1,21,1,1
smd,group1_development,machine-1-6,sarad_official,0,27,18600,21761,"[0, 3, 2, 15, 8, 12, 31, 29, 1, 36, 10, 9, 13, 5, 20, 18, 24, 19, 21, 33, 11, 35, 14, 25, 30, 7, 27, 23, 6, 22, 34, 26, 37, 4, 16, 28, 32, 17]",3,1.0,0.14285714285714285,0.25,1.0,1,21,3,3
smd,group1_development,machine-1-6,sarad_official,0,27,18600,21761,"[0, 3, 2, 15, 8, 12, 31, 29, 1, 36, 10, 9, 13, 5, 20, 18, 24, 19, 21, 33, 11, 35, 14, 25, 30, 7, 27, 23, 6, 22, 34, 26, 37, 4, 16, 28, 32, 17]",5,1.0,0.23809523809523808,0.3846153846153846,1.0,1,21,5,5
smd,group1_development,machine-1-6,sarad_official,0,28,22252,22260,"[8, 12, 0, 9, 10, 29, 33, 1, 11, 18, 2, 20, 19, 23, 14, 5, 37, 6, 32, 36, 26, 31, 21, 7, 27, 15, 3, 16, 30, 24, 25, 17, 28, 35, 4, 22, 34, 13]",1,1.0,0.3333333333333333,0.5,1.0,1,3,1,1
smd,group1_development,machine-1-6,sarad_official,0,28,22252,22260,"[8, 12, 0, 9, 10, 29, 33, 1, 11, 18, 2, 20, 19, 23, 14, 5, 37, 6, 32, 36, 26, 31, 21, 7, 27, 15, 3, 16, 30, 24, 25, 17, 28, 35, 4, 22, 34, 13]",3,0.6666666666666666,0.6666666666666666,0.6666666666666666,0.7653606369886217,1,3,3,2
smd,group1_development,machine-1-6,sarad_official,0,28,22252,22260,"[8, 12, 0, 9, 10, 29, 33, 1, 11, 18, 2, 20, 19, 23, 14, 5, 37, 6, 32, 36, 26, 31, 21, 7, 27, 15, 3, 16, 30, 24, 25, 17, 28, 35, 4, 22, 34, 13]",5,0.4,0.6666666666666666,0.5,0.7653606369886217,1,3,5,2
smd,group1_development,machine-1-6,sarad_official,0,29,22417,22420,"[10, 9, 12, 29, 1, 23, 11, 6, 36, 19, 0, 7, 37, 24, 2, 16, 26, 8, 32, 28, 5, 25, 17, 4, 18, 22, 14, 21, 27, 20, 3, 33, 35, 31, 30, 34, 15, 13]",1,1.0,0.5,0.6666666666666666,1.0,1,2,1,1
smd,group1_development,machine-1-6,sarad_official,0,29,22417,22420,"[10, 9, 12, 29, 1, 23, 11, 6, 36, 19, 0, 7, 37, 24, 2, 16, 26, 8, 32, 28, 5, 25, 17, 4, 18, 22, 14, 21, 27, 20, 3, 33, 35, 31, 30, 34, 15, 13]",3,0.6666666666666666,1.0,0.8,0.9197207891481876,1,2,3,2
smd,group1_development,machine-1-6,sarad_official,0,29,22417,22420,"[10, 9, 12, 29, 1, 23, 11, 6, 36, 19, 0, 7, 37, 24, 2, 16, 26, 8, 32, 28, 5, 25, 17, 4, 18, 22, 14, 21, 27, 20, 3, 33, 35, 31, 30, 34, 15, 13]",5,0.4,1.0,0.5714285714285715,0.9197207891481876,1,2,5,2
smd,group1_development,machine-1-7,sarad_official,0,0,837,858,"[8, 0, 12, 15, 11, 33, 13, 26, 14, 29, 9, 18, 31, 23, 10, 4, 37, 20, 16, 2, 6, 36, 7, 25, 28, 35, 34, 5, 21, 32, 3, 22, 27, 17, 24, 19, 30, 1]",1,1.0,0.125,0.2222222222222222,1.0,1,8,1,1
smd,group1_development,machine-1-7,sarad_official,0,0,837,858,"[8, 0, 12, 15, 11, 33, 13, 26, 14, 29, 9, 18, 31, 23, 10, 4, 37, 20, 16, 2, 6, 36, 7, 25, 28, 35, 34, 5, 21, 32, 3, 22, 27, 17, 24, 19, 30, 1]",3,1.0,0.375,0.5454545454545454,1.0,1,8,3,3
smd,group1_development,machine-1-7,sarad_official,0,0,837,858,"[8, 0, 12, 15, 11, 33, 13, 26, 14, 29, 9, 18, 31, 23, 10, 4, 37, 20, 16, 2, 6, 36, 7, 25, 28, 35, 34, 5, 21, 32, 3, 22, 27, 17, 24, 19, 30, 1]",5,1.0,0.625,0.7692307692307693,1.0,1,8,5,5
smd,group1_development,machine-1-7,sarad_official,0,1,2959,4174,"[31, 18, 19, 24, 21, 30, 20, 13, 8, 27, 35, 4, 34, 32, 7, 23, 25, 26, 12, 17, 37, 16, 28, 11, 36, 6, 33, 22, 9, 5, 15, 29, 3, 14, 0, 2, 10, 1]",1,0.0,0.0,0.0,0.0,0,9,1,0
smd,group1_development,machine-1-7,sarad_official,0,1,2959,4174,"[31, 18, 19, 24, 21, 30, 20, 13, 8, 27, 35, 4, 34, 32, 7, 23, 25, 26, 12, 17, 37, 16, 28, 11, 36, 6, 33, 22, 9, 5, 15, 29, 3, 14, 0, 2, 10, 1]",3,0.0,0.0,0.0,0.0,0,9,3,0
smd,group1_development,machine-1-7,sarad_official,0,1,2959,4174,"[31, 18, 19, 24, 21, 30, 20, 13, 8, 27, 35, 4, 34, 32, 7, 23, 25, 26, 12, 17, 37, 16, 28, 11, 36, 6, 33, 22, 9, 5, 15, 29, 3, 14, 0, 2, 10, 1]",5,0.0,0.0,0.0,0.0,0,9,5,0
smd,group1_development,machine-1-7,sarad_official,0,2,5849,5940,"[9, 19, 8, 20, 10, 31, 24, 33, 35, 18, 12, 21, 30, 3, 23, 36, 29, 22, 25, 1, 26, 15, 37, 7, 27, 2, 34, 0, 14, 11, 13, 4, 6, 5, 16, 28, 32, 17]",1,1.0,0.04,0.07692307692307693,1.0,1,25,1,1
smd,group1_development,machine-1-7,sarad_official,0,2,5849,5940,"[9, 19, 8, 20, 10, 31, 24, 33, 35, 18, 12, 21, 30, 3, 23, 36, 29, 22, 25, 1, 26, 15, 37, 7, 27, 2, 34, 0, 14, 11, 13, 4, 6, 5, 16, 28, 32, 17]",3,1.0,0.12,0.21428571428571425,1.0,1,25,3,3
smd,group1_development,machine-1-7,sarad_official,0,2,5849,5940,"[9, 19, 8, 20, 10, 31, 24, 33, 35, 18, 12, 21, 30, 3, 23, 36, 29, 22, 25, 1, 26, 15, 37, 7, 27, 2, 34, 0, 14, 11, 13, 4, 6, 5, 16, 28, 32, 17]",5,1.0,0.2,0.33333333333333337,1.0,1,25,5,5
smd,group1_development,machine-1-7,sarad_official,0,3,6031,6034,"[31, 18, 30, 19, 24, 21, 20, 27, 22, 35, 13, 4, 32, 34, 25, 17, 37, 28, 7, 8, 16, 26, 11, 36, 5, 9, 12, 33, 23, 6, 3, 29, 15, 14, 2, 10, 0, 1]",1,0.0,0.0,0.0,0.0,0,2,1,0
smd,group1_development,machine-1-7,sarad_official,0,3,6031,6034,"[31, 18, 30, 19, 24, 21, 20, 27, 22, 35, 13, 4, 32, 34, 25, 17, 37, 28, 7, 8, 16, 26, 11, 36, 5, 9, 12, 33, 23, 6, 3, 29, 15, 14, 2, 10, 0, 1]",3,0.0,0.0,0.0,0.0,0,2,3,0
smd,group1_development,machine-1-7,sarad_official,0,3,6031,6034,"[31, 18, 30, 19, 24, 21, 20, 27, 22, 35, 13, 4, 32, 34, 25, 17, 37, 28, 7, 8, 16, 26, 11, 36, 5, 9, 12, 33, 23, 6, 3, 29, 15, 14, 2, 10, 0, 1]",5,0.0,0.0,0.0,0.0,0,2,5,0
smd,group1_development,machine-1-7,sarad_official,0,4,7099,8000,"[16, 19, 31, 18, 20, 24, 30, 0, 8, 12, 21, 11, 27, 22, 13, 35, 1, 26, 25, 29, 4, 34, 36, 14, 7, 37, 23, 3, 15, 5, 33, 6, 9, 2, 28, 10, 17, 32]",1,1.0,0.125,0.2222222222222222,1.0,1,8,1,1
smd,group1_development,machine-1-7,sarad_official,0,4,7099,8000,"[16, 19, 31, 18, 20, 24, 30, 0, 8, 12, 21, 11, 27, 22, 13, 35, 1, 26, 25, 29, 4, 34, 36, 14, 7, 37, 23, 3, 15, 5, 33, 6, 9, 2, 28, 10, 17, 32]",3,0.3333333333333333,0.125,0.18181818181818182,0.46927872602275644,1,8,3,1
smd,group1_development,machine-1-7,sarad_official,0,4,7099,8000,"[16, 19, 31, 18, 20, 24, 30, 0, 8, 12, 21, 11, 27, 22, 13, 35, 1, 26, 25, 29, 4, 34, 36, 14, 7, 37, 23, 3, 15, 5, 33, 6, 9, 2, 28, 10, 17, 32]",5,0.2,0.125,0.15384615384615385,0.3391602052736161,1,8,5,1
smd,group1_development,machine-1-7,sarad_official,0,5,8564,8580,"[9, 10, 31, 37, 12, 19, 8, 33, 18, 30, 20, 21, 24, 22, 1, 29, 35, 0, 3, 34, 27, 7, 26, 11, 2, 14, 23, 36, 13, 25, 6, 15, 16, 28, 5, 4, 32, 17]",1,1.0,0.05555555555555555,0.10526315789473684,1.0,1,18,1,1
smd,group1_development,machine-1-7,sarad_official,0,5,8564,8580,"[9, 10, 31, 37, 12, 19, 8, 33, 18, 30, 20, 21, 24, 22, 1, 29, 35, 0, 3, 34, 27, 7, 26, 11, 2, 14, 23, 36, 13, 25, 6, 15, 16, 28, 5, 4, 32, 17]",3,1.0,0.16666666666666666,0.2857142857142857,1.0,1,18,3,3
smd,group1_development,machine-1-7,sarad_official,0,5,8564,8580,"[9, 10, 31, 37, 12, 19, 8, 33, 18, 30, 20, 21, 24, 22, 1, 29, 35, 0, 3, 34, 27, 7, 26, 11, 2, 14, 23, 36, 13, 25, 6, 15, 16, 28, 5, 4, 32, 17]",5,0.8,0.2222222222222222,0.3478260869565218,0.8539316501572937,1,18,5,4
smd,group1_development,machine-1-7,sarad_official,0,6,12359,12374,"[15, 8, 11, 12, 4, 26, 17, 28, 13, 16, 0, 23, 37, 6, 7, 32, 36, 25, 9, 27, 18, 31, 24, 20, 19, 21, 3, 14, 30, 35, 5, 33, 10, 29, 2, 34, 1, 22]",1,1.0,0.14285714285714285,0.25,1.0,1,7,1,1
smd,group1_development,machine-1-7,sarad_official,0,6,12359,12374,"[15, 8, 11, 12, 4, 26, 17, 28, 13, 16, 0, 23, 37, 6, 7, 32, 36, 25, 9, 27, 18, 31, 24, 20, 19, 21, 3, 14, 30, 35, 5, 33, 10, 29, 2, 34, 1, 22]",3,1.0,0.42857142857142855,0.6,1.0,1,7,3,3
smd,group1_development,machine-1-7,sarad_official,0,6,12359,12374,"[15, 8, 11, 12, 4, 26, 17, 28, 13, 16, 0, 23, 37, 6, 7, 32, 36, 25, 9, 27, 18, 31, 24, 20, 19, 21, 3, 14, 30, 35, 5, 33, 10, 29, 2, 34, 1, 22]",5,0.8,0.5714285714285714,0.6666666666666666,0.8687949224876582,1,7,5,4
smd,group1_development,machine-1-7,sarad_official,0,7,13799,13825,"[15, 8, 12, 11, 13, 14, 26, 4, 0, 16, 37, 23, 6, 31, 36, 18, 32, 9, 7, 28, 17, 5, 10, 20, 27, 25, 29, 19, 35, 21, 24, 34, 30, 3, 33, 2, 22, 1]",1,1.0,0.16666666666666666,0.2857142857142857,1.0,1,6,1,1
smd,group1_development,machine-1-7,sarad_official,0,7,13799,13825,"[15, 8, 12, 11, 13, 14, 26, 4, 0, 16, 37, 23, 6, 31, 36, 18, 32, 9, 7, 28, 17, 5, 10, 20, 27, 25, 29, 19, 35, 21, 24, 34, 30, 3, 33, 2, 22, 1]",3,1.0,0.5,0.6666666666666666,1.0,1,6,3,3
smd,group1_development,machine-1-7,sarad_official,0,7,13799,13825,"[15, 8, 12, 11, 13, 14, 26, 4, 0, 16, 37, 23, 6, 31, 36, 18, 32, 9, 7, 28, 17, 5, 10, 20, 27, 25, 29, 19, 35, 21, 24, 34, 30, 3, 33, 2, 22, 1]",5,1.0,0.8333333333333334,0.9090909090909091,1.0,1,6,5,5
smd,group1_development,machine-1-7,sarad_official,0,8,15239,15270,"[8, 15, 0, 12, 11, 13, 14, 36, 26, 10, 33, 9, 16, 4, 5, 18, 23, 20, 37, 31, 29, 7, 2, 22, 6, 25, 34, 28, 24, 32, 19, 17, 3, 35, 27, 21, 1, 30]",1,1.0,0.125,0.2222222222222222,1.0,1,8,1,1
smd,group1_development,machine-1-7,sarad_official,0,8,15239,15270,"[8, 15, 0, 12, 11, 13, 14, 36, 26, 10, 33, 9, 16, 4, 5, 18, 23, 20, 37, 31, 29, 7, 2, 22, 6, 25, 34, 28, 24, 32, 19, 17, 3, 35, 27, 21, 1, 30]",3,1.0,0.375,0.5454545454545454,1.0,1,8,3,3
smd,group1_development,machine-1-7,sarad_official,0,8,15239,15270,"[8, 15, 0, 12, 11, 13, 14, 36, 26, 10, 33, 9, 16, 4, 5, 18, 23, 20, 37, 31, 29, 7, 2, 22, 6, 25, 34, 28, 24, 32, 19, 17, 3, 35, 27, 21, 1, 30]",5,1.0,0.625,0.7692307692307693,1.0,1,8,5,5
smd,group1_development,machine-1-7,sarad_official,0,9,15960,15963,"[20, 19, 30, 21, 24, 31, 27, 22, 37, 34, 18, 16, 1, 4, 35, 2, 25, 26, 7, 23, 3, 10, 29, 12, 33, 8, 28, 36, 11, 6, 15, 14, 9, 13, 5, 0, 32, 17]",1,0.0,0.0,0.0,0.0,0,1,1,0
smd,group1_development,machine-1-7,sarad_official,0,9,15960,15963,"[20, 19, 30, 21, 24, 31, 27, 22, 37, 34, 18, 16, 1, 4, 35, 2, 25, 26, 7, 23, 3, 10, 29, 12, 33, 8, 28, 36, 11, 6, 15, 14, 9, 13, 5, 0, 32, 17]",3,0.0,0.0,0.0,0.0,0,1,3,0
smd,group1_development,machine-1-7,sarad_official,0,9,15960,15963,"[20, 19, 30, 21, 24, 31, 27, 22, 37, 34, 18, 16, 1, 4, 35, 2, 25, 26, 7, 23, 3, 10, 29, 12, 33, 8, 28, 36, 11, 6, 15, 14, 9, 13, 5, 0, 32, 17]",5,0.0,0.0,0.0,0.0,0,1,5,0
smd,group1_development,machine-1-7,sarad_official,0,10,18109,18150,"[28, 8, 0, 15, 3, 2, 12, 1, 14, 26, 23, 13, 20, 31, 4, 19, 21, 35, 25, 11, 29, 18, 34, 5, 7, 10, 16, 6, 22, 30, 24, 33, 37, 27, 36, 9, 32, 17]",1,1.0,0.03571428571428571,0.0689655172413793,1.0,1,28,1,1
smd,group1_development,machine-1-7,sarad_official,0,10,18109,18150,"[28, 8, 0, 15, 3, 2, 12, 1, 14, 26, 23, 13, 20, 31, 4, 19, 21, 35, 25, 11, 29, 18, 34, 5, 7, 10, 16, 6, 22, 30, 24, 33, 37, 27, 36, 9, 32, 17]",3,1.0,0.10714285714285714,0.19354838709677416,1.0,1,28,3,3
smd,group1_development,machine-1-7,sarad_official,0,10,18109,18150,"[28, 8, 0, 15, 3, 2, 12, 1, 14, 26, 23, 13, 20, 31, 4, 19, 21, 35, 25, 11, 29, 18, 34, 5, 7, 10, 16, 6, 22, 30, 24, 33, 37, 27, 36, 9, 32, 17]",5,1.0,0.17857142857142858,0.30303030303030304,1.0,1,28,5,5
smd,group1_development,machine-1-7,sarad_official,0,11,19442,19446,"[31, 19, 34, 21, 24, 18, 35, 30, 32, 8, 7, 25, 20, 27, 4, 26, 36, 23, 16, 37, 28, 17, 9, 22, 6, 3, 33, 29, 12, 5, 2, 11, 1, 10, 0, 14, 13, 15]",1,0.0,0.0,0.0,0.0,0,2,1,0
smd,group1_development,machine-1-7,sarad_official,0,11,19442,19446,"[31, 19, 34, 21, 24, 18, 35, 30, 32, 8, 7, 25, 20, 27, 4, 26, 36, 23, 16, 37, 28, 17, 9, 22, 6, 3, 33, 29, 12, 5, 2, 11, 1, 10, 0, 14, 13, 15]",3,0.0,0.0,0.0,0.0,0,2,3,0
smd,group1_development,machine-1-7,sarad_official,0,11,19442,19446,"[31, 19, 34, 21, 24, 18, 35, 30, 32, 8, 7, 25, 20, 27, 4, 26, 36, 23, 16, 37, 28, 17, 9, 22, 6, 3, 33, 29, 12, 5, 2, 11, 1, 10, 0, 14, 13, 15]",5,0.0,0.0,0.0,0.0,0,2,5,0
smd,group1_development,machine-1-7,sarad_official,0,12,19559,19590,"[8, 15, 12, 0, 11, 13, 36, 26, 33, 20, 14, 10, 31, 9, 18, 37, 6, 4, 16, 23, 29, 5, 7, 35, 2, 22, 24, 34, 25, 28, 3, 27, 21, 32, 1, 19, 17, 30]",1,1.0,0.125,0.2222222222222222,1.0,1,8,1,1
smd,group1_development,machine-1-7,sarad_official,0,12,19559,19590,"[8, 15, 12, 0, 11, 13, 36, 26, 33, 20, 14, 10, 31, 9, 18, 37, 6, 4, 16, 23, 29, 5, 7, 35, 2, 22, 24, 34, 25, 28, 3, 27, 21, 32, 1, 19, 17, 30]",3,1.0,0.375,0.5454545454545454,1.0,1,8,3,3
smd,group1_development,machine-1-7,sarad_official,0,12,19559,19590,"[8, 15, 12, 0, 11, 13, 36, 26, 33, 20, 14, 10, 31, 9, 18, 37, 6, 4, 16, 23, 29, 5, 7, 35, 2, 22, 24, 34, 25, 28, 3, 27, 21, 32, 1, 19, 17, 30]",5,1.0,0.625,0.7692307692307693,1.0,1,8,5,5
smd,group1_development,machine-1-8,sarad_official,0,0,710,1081,"[0, 13, 8, 9, 14, 10, 12, 11, 6, 32, 15, 33, 26, 17, 5, 16, 7, 28, 37, 36, 1, 4, 27, 2, 23, 25, 18, 20, 3, 21, 24, 19, 35, 29, 30, 34, 31, 22]",1,1.0,0.3333333333333333,0.5,1.0,1,3,1,1
smd,group1_development,machine-1-8,sarad_official,0,0,710,1081,"[0, 13, 8, 9, 14, 10, 12, 11, 6, 32, 15, 33, 26, 17, 5, 16, 7, 28, 37, 36, 1, 4, 27, 2, 23, 25, 18, 20, 3, 21, 24, 19, 35, 29, 30, 34, 31, 22]",3,0.6666666666666666,0.6666666666666666,0.6666666666666666,0.7039180890341347,1,3,3,2
smd,group1_development,machine-1-8,sarad_official,0,0,710,1081,"[0, 13, 8, 9, 14, 10, 12, 11, 6, 32, 15, 33, 26, 17, 5, 16, 7, 28, 37, 36, 1, 4, 27, 2, 23, 25, 18, 20, 3, 21, 24, 19, 35, 29, 30, 34, 31, 22]",5,0.6,1.0,0.7499999999999999,0.9060254355346823,1,3,5,3
smd,group1_development,machine-1-8,sarad_official,0,1,2105,2171,"[9, 11, 12, 36, 13, 20, 5, 32, 22, 33, 14, 26, 10, 25, 19, 7, 37, 21, 8, 2, 6, 15, 3, 1, 16, 24, 4, 23, 30, 18, 28, 29, 31, 27, 34, 0, 35, 17]",1,1.0,0.2,0.33333333333333337,1.0,1,5,1,1
smd,group1_development,machine-1-8,sarad_official,0,1,2105,2171,"[9, 11, 12, 36, 13, 20, 5, 32, 22, 33, 14, 26, 10, 25, 19, 7, 37, 21, 8, 2, 6, 15, 3, 1, 16, 24, 4, 23, 30, 18, 28, 29, 31, 27, 34, 0, 35, 17]",3,0.6666666666666666,0.4,0.5,0.7653606369886217,1,5,3,2
smd,group1_development,machine-1-8,sarad_official,0,1,2105,2171,"[9, 11, 12, 36, 13, 20, 5, 32, 22, 33, 14, 26, 10, 25, 19, 7, 37, 21, 8, 2, 6, 15, 3, 1, 16, 24, 4, 23, 30, 18, 28, 29, 31, 27, 34, 0, 35, 17]",5,0.4,0.4,0.4000000000000001,0.5531464700081437,1,5,5,2
smd,group1_development,machine-1-8,sarad_official,0,2,2725,2728,"[32, 29, 12, 9, 31, 2, 10, 8, 1, 3, 13, 22, 33, 26, 36, 14, 21, 7, 37, 16, 5, 0, 23, 4, 28, 25, 17, 27, 30, 6, 11, 34, 35, 20, 18, 19, 24, 15]",1,0.0,0.0,0.0,0.0,0,4,1,0
smd,group1_development,machine-1-8,sarad_official,0,2,2725,2728,"[32, 29, 12, 9, 31, 2, 10, 8, 1, 3, 13, 22, 33, 26, 36, 14, 21, 7, 37, 16, 5, 0, 23, 4, 28, 25, 17, 27, 30, 6, 11, 34, 35, 20, 18, 19, 24, 15]",3,0.3333333333333333,0.25,0.28571428571428575,0.23463936301137822,1,4,3,1
smd,group1_development,machine-1-8,sarad_official,0,2,2725,2728,"[32, 29, 12, 9, 31, 2, 10, 8, 1, 3, 13, 22, 33, 26, 36, 14, 21, 7, 37, 16, 5, 0, 23, 4, 28, 25, 17, 27, 30, 6, 11, 34, 35, 20, 18, 19, 24, 15]",5,0.4,0.5,0.4444444444444445,0.36331756126716835,1,4,5,2
smd,group1_development,machine-1-8,sarad_official,0,3,3068,3071,"[32, 31, 8, 34, 12, 13, 2, 3, 18, 1, 35, 21, 16, 29, 27, 19, 9, 26, 33, 0, 7, 10, 17, 37, 36, 28, 4, 6, 23, 25, 14, 22, 20, 5, 11, 24, 30, 15]",1,0.0,0.0,0.0,0.0,0,4,1,0
smd,group1_development,machine-1-8,sarad_official,0,3,3068,3071,"[32, 31, 8, 34, 12, 13, 2, 3, 18, 1, 35, 21, 16, 29, 27, 19, 9, 26, 33, 0, 7, 10, 17, 37, 36, 28, 4, 6, 23, 25, 14, 22, 20, 5, 11, 24, 30, 15]",3,0.3333333333333333,0.25,0.28571428571428575,0.23463936301137822,1,4,3,1
smd,group1_development,machine-1-8,sarad_official,0,3,3068,3071,"[32, 31, 8, 34, 12, 13, 2, 3, 18, 1, 35, 21, 16, 29, 27, 19, 9, 26, 33, 0, 7, 10, 17, 37, 36, 28, 4, 6, 23, 25, 14, 22, 20, 5, 11, 24, 30, 15]",5,0.4,0.5,0.4444444444444445,0.34620964322385606,1,4,5,2
smd,group1_development,machine-1-8,sarad_official,0,4,3594,3598,"[8, 12, 13, 10, 32, 6, 15, 26, 9, 1, 18, 17, 37, 28, 2, 7, 14, 16, 33, 5, 4, 36, 27, 20, 23, 25, 11, 31, 3, 24, 29, 30, 21, 19, 35, 0, 34, 22]",1,1.0,0.2,0.33333333333333337,1.0,1,5,1,1
smd,group1_development,machine-1-8,sarad_official,0,4,3594,3598,"[8, 12, 13, 10, 32, 6, 15, 26, 9, 1, 18, 17, 37, 28, 2, 7, 14, 16, 33, 5, 4, 36, 27, 20, 23, 25, 11, 31, 3, 24, 29, 30, 21, 19, 35, 0, 34, 22]",3,1.0,0.6,0.7499999999999999,1.0,1,5,3,3
smd,group1_development,machine-1-8,sarad_official,0,4,3594,3598,"[8, 12, 13, 10, 32, 6, 15, 26, 9, 1, 18, 17, 37, 28, 2, 7, 14, 16, 33, 5, 4, 36, 27, 20, 23, 25, 11, 31, 3, 24, 29, 30, 21, 19, 35, 0, 34, 22]",5,0.6,0.6,0.6,0.7227265726449519,1,5,5,3
smd,group1_development,machine-1-8,sarad_official,0,5,4589,4599,"[32, 31, 29, 35, 20, 2, 10, 1, 3, 12, 0, 13, 24, 36, 6, 5, 18, 22, 15, 16, 7, 33, 25, 37, 27, 23, 8, 34, 26, 28, 21, 14, 9, 17, 30, 4, 11, 19]",1,0.0,0.0,0.0,0.0,0,4,1,0
smd,group1_development,machine-1-8,sarad_official,0,5,4589,4599,"[32, 31, 29, 35, 20, 2, 10, 1, 3, 12, 0, 13, 24, 36, 6, 5, 18, 22, 15, 16, 7, 33, 25, 37, 27, 23, 8, 34, 26, 28, 21, 14, 9, 17, 30, 4, 11, 19]",3,0.0,0.0,0.0,0.0,0,4,3,0
smd,group1_development,machine-1-8,sarad_official,0,5,4589,4599,"[32, 31, 29, 35, 20, 2, 10, 1, 3, 12, 0, 13, 24, 36, 6, 5, 18, 22, 15, 16, 7, 33, 25, 37, 27, 23, 8, 34, 26, 28, 21, 14, 9, 17, 30, 4, 11, 19]",5,0.0,0.0,0.0,0.0,0,4,5,0
smd,group1_development,machine-1-8,sarad_official,0,6,7100,7104,"[32, 10, 29, 5, 15, 6, 25, 31, 23, 1, 17, 7, 16, 28, 26, 37, 36, 2, 4, 11, 27, 3, 12, 9, 35, 8, 21, 20, 33, 13, 30, 18, 34, 14, 0, 24, 19, 22]",1,0.0,0.0,0.0,0.0,0,4,1,0
smd,group1_development,machine-1-8,sarad_official,0,6,7100,7104,"[32, 10, 29, 5, 15, 6, 25, 31, 23, 1, 17, 7, 16, 28, 26, 37, 36, 2, 4, 11, 27, 3, 12, 9, 35, 8, 21, 20, 33, 13, 30, 18, 34, 14, 0, 24, 19, 22]",3,0.3333333333333333,0.25,0.28571428571428575,0.2960819109658652,1,4,3,1
smd,group1_development,machine-1-8,sarad_official,0,6,7100,7104,"[32, 10, 29, 5, 15, 6, 25, 31, 23, 1, 17, 7, 16, 28, 26, 37, 36, 2, 4, 11, 27, 3, 12, 9, 35, 8, 21, 20, 33, 13, 30, 18, 34, 14, 0, 24, 19, 22]",5,0.6,0.75,0.6666666666666665,0.5654495432396527,1,4,5,3
smd,group1_development,machine-1-8,sarad_official,0,7,7474,7477,"[32, 35, 31, 29, 20, 10, 36, 24, 18, 22, 7, 1, 6, 23, 5, 25, 2, 16, 27, 28, 37, 21, 15, 3, 11, 26, 34, 33, 0, 8, 9, 17, 4, 12, 14, 30, 19, 13]",1,0.0,0.0,0.0,0.0,0,4,1,0
smd,group1_development,machine-1-8,sarad_official,0,7,7474,7477,"[32, 35, 31, 29, 20, 10, 36, 24, 18, 22, 7, 1, 6, 23, 5, 25, 2, 16, 27, 28, 37, 21, 15, 3, 11, 26, 34, 33, 0, 8, 9, 17, 4, 12, 14, 30, 19, 13]",3,0.0,0.0,0.0,0.0,0,4,3,0
smd,group1_development,machine-1-8,sarad_official,0,7,7474,7477,"[32, 35, 31, 29, 20, 10, 36, 24, 18, 22, 7, 1, 6, 23, 5, 25, 2, 16, 27, 28, 37, 21, 15, 3, 11, 26, 34, 33, 0, 8, 9, 17, 4, 12, 14, 30, 19, 13]",5,0.0,0.0,0.0,0.0,0,4,5,0
smd,group1_development,machine-1-8,sarad_official,0,8,8317,8320,"[14, 1, 10, 8, 15, 6, 5, 23, 26, 17, 16, 32, 28, 37, 7, 25, 2, 9, 4, 11, 36, 27, 31, 12, 19, 33, 21, 3, 24, 29, 20, 0, 18, 35, 13, 30, 34, 22]",1,1.0,0.5,0.6666666666666666,1.0,1,2,1,1
smd,group1_development,machine-1-8,sarad_official,0,8,8317,8320,"[14, 1, 10, 8, 15, 6, 5, 23, 26, 17, 16, 32, 28, 37, 7, 25, 2, 9, 4, 11, 36, 27, 31, 12, 19, 33, 21, 3, 24, 29, 20, 0, 18, 35, 13, 30, 34, 22]",3,0.3333333333333333,0.5,0.4,0.6131471927654584,1,2,3,1
smd,group1_development,machine-1-8,sarad_official,0,8,8317,8320,"[14, 1, 10, 8, 15, 6, 5, 23, 26, 17, 16, 32, 28, 37, 7, 25, 2, 9, 4, 11, 36, 27, 31, 12, 19, 33, 21, 3, 24, 29, 20, 0, 18, 35, 13, 30, 34, 22]",5,0.4,1.0,0.5714285714285715,0.8772153153380493,1,2,5,2
smd,group1_development,machine-1-8,sarad_official,0,9,8657,8660,"[12, 11, 14, 32, 10, 26, 9, 8, 37, 7, 28, 36, 16, 17, 1, 6, 23, 33, 25, 4, 27, 20, 15, 2, 29, 5, 13, 3, 18, 24, 35, 21, 34, 30, 31, 19, 0, 22]",1,1.0,0.25,0.4,1.0,1,4,1,1
smd,group1_development,machine-1-8,sarad_official,0,9,8657,8660,"[12, 11, 14, 32, 10, 26, 9, 8, 37, 7, 28, 36, 16, 17, 1, 6, 23, 33, 25, 4, 27, 20, 15, 2, 29, 5, 13, 3, 18, 24, 35, 21, 34, 30, 31, 19, 0, 22]",3,0.3333333333333333,0.25,0.28571428571428575,0.46927872602275644,1,4,3,1
smd,group1_development,machine-1-8,sarad_official,0,9,8657,8660,"[12, 11, 14, 32, 10, 26, 9, 8, 37, 7, 28, 36, 16, 17, 1, 6, 23, 33, 25, 4, 27, 20, 15, 2, 29, 5, 13, 3, 18, 24, 35, 21, 34, 30, 31, 19, 0, 22]",5,0.4,0.5,0.4444444444444445,0.5413996682199069,1,4,5,2
smd,group1_development,machine-1-8,sarad_official,0,10,8912,8916,"[35, 13, 31, 29, 32, 9, 12, 22, 10, 20, 8, 33, 24, 36, 1, 18, 26, 7, 6, 37, 5, 27, 16, 34, 2, 11, 21, 28, 23, 25, 0, 3, 4, 17, 19, 30, 14, 15]",1,0.0,0.0,0.0,0.0,0,3,1,0
smd,group1_development,machine-1-8,sarad_official,0,10,8912,8916,"[35, 13, 31, 29, 32, 9, 12, 22, 10, 20, 8, 33, 24, 36, 1, 18, 26, 7, 6, 37, 5, 27, 16, 34, 2, 11, 21, 28, 23, 25, 0, 3, 4, 17, 19, 30, 14, 15]",3,0.0,0.0,0.0,0.0,0,3,3,0
smd,group1_development,machine-1-8,sarad_official,0,10,8912,8916,"[35, 13, 31, 29, 32, 9, 12, 22, 10, 20, 8, 33, 24, 36, 1, 18, 26, 7, 6, 37, 5, 27, 16, 34, 2, 11, 21, 28, 23, 25, 0, 3, 4, 17, 19, 30, 14, 15]",5,0.0,0.0,0.0,0.0,0,3,5,0
smd,group1_development,machine-1-8,sarad_official,0,11,9075,9078,"[13, 12, 32, 10, 26, 17, 28, 37, 36, 1, 25, 23, 6, 16, 7, 4, 27, 11, 8, 9, 18, 15, 20, 5, 2, 33, 14, 3, 30, 29, 24, 19, 21, 0, 31, 35, 34, 22]",1,1.0,0.5,0.6666666666666666,1.0,1,2,1,1
smd,group1_development,machine-1-8,sarad_official,0,11,9075,9078,"[13, 12, 32, 10, 26, 17, 28, 37, 36, 1, 25, 23, 6, 16, 7, 4, 27, 11, 8, 9, 18, 15, 20, 5, 2, 33, 14, 3, 30, 29, 24, 19, 21, 0, 31, 35, 34, 22]",3,0.3333333333333333,0.5,0.4,0.6131471927654584,1,2,3,1
smd,group1_development,machine-1-8,sarad_official,0,11,9075,9078,"[13, 12, 32, 10, 26, 17, 28, 37, 36, 1, 25, 23, 6, 16, 7, 4, 27, 11, 8, 9, 18, 15, 20, 5, 2, 33, 14, 3, 30, 29, 24, 19, 21, 0, 31, 35, 34, 22]",5,0.2,0.5,0.28571428571428575,0.6131471927654584,1,2,5,1
smd,group1_development,machine-1-8,sarad_official,0,12,12800,12816,"[32, 13, 12, 29, 2, 1, 3, 0, 31, 10, 8, 6, 5, 36, 25, 26, 23, 30, 17, 16, 11, 9, 7, 15, 28, 37, 4, 27, 35, 33, 18, 20, 24, 34, 21, 14, 19, 22]",1,0.0,0.0,0.0,0.0,0,2,1,0
smd,group1_development,machine-1-8,sarad_official,0,12,12800,12816,"[32, 13, 12, 29, 2, 1, 3, 0, 31, 10, 8, 6, 5, 36, 25, 26, 23, 30, 17, 16, 11, 9, 7, 15, 28, 37, 4, 27, 35, 33, 18, 20, 24, 34, 21, 14, 19, 22]",3,0.3333333333333333,0.5,0.4,0.38685280723454163,1,2,3,1
smd,group1_development,machine-1-8,sarad_official,0,12,12800,12816,"[32, 13, 12, 29, 2, 1, 3, 0, 31, 10, 8, 6, 5, 36, 25, 26, 23, 30, 17, 16, 11, 9, 7, 15, 28, 37, 4, 27, 35, 33, 18, 20, 24, 34, 21, 14, 19, 22]",5,0.2,0.5,0.28571428571428575,0.38685280723454163,1,2,5,1
smd,group1_development,machine-1-8,sarad_official,0,13,15640,15756,"[32, 1, 0, 3, 29, 2, 10, 13, 12, 31, 5, 6, 36, 15, 7, 25, 23, 35, 20, 37, 11, 9, 8, 30, 4, 18, 26, 16, 33, 28, 27, 34, 17, 21, 24, 14, 22, 19]",1,0.0,0.0,0.0,0.0,0,9,1,0
smd,group1_development,machine-1-8,sarad_official,0,13,15640,15756,"[32, 1, 0, 3, 29, 2, 10, 13, 12, 31, 5, 6, 36, 15, 7, 25, 23, 35, 20, 37, 11, 9, 8, 30, 4, 18, 26, 16, 33, 28, 27, 34, 17, 21, 24, 14, 22, 19]",3,0.6666666666666666,0.2222222222222222,0.3333333333333333,0.5307212739772434,1,9,3,2
smd,group1_development,machine-1-8,sarad_official,0,13,15640,15756,"[32, 1, 0, 3, 29, 2, 10, 13, 12, 31, 5, 6, 36, 15, 7, 25, 23, 35, 20, 37, 11, 9, 8, 30, 4, 18, 26, 16, 33, 28, 27, 34, 17, 21, 24, 14, 22, 19]",5,0.6,0.3333333333333333,0.42857142857142855,0.5296347172140421,1,9,5,3
smd,group1_development,machine-1-8,sarad_official,0,14,17117,17121,"[32, 29, 31, 10, 23, 25, 5, 6, 1, 36, 35, 15, 11, 2, 28, 16, 17, 7, 34, 26, 27, 4, 37, 33, 18, 30, 9, 12, 3, 20, 8, 0, 24, 13, 19, 21, 22, 14]",1,0.0,0.0,0.0,0.0,0,4,1,0
smd,group1_development,machine-1-8,sarad_official,0,14,17117,17121,"[32, 29, 31, 10, 23, 25, 5, 6, 1, 36, 35, 15, 11, 2, 28, 16, 17, 7, 34, 26, 27, 4, 37, 33, 18, 30, 9, 12, 3, 20, 8, 0, 24, 13, 19, 21, 22, 14]",3,0.0,0.0,0.0,0.0,0,4,3,0
smd,group1_development,machine-1-8,sarad_official,0,14,17117,17121,"[32, 29, 31, 10, 23, 25, 5, 6, 1, 36, 35, 15, 11, 2, 28, 16, 17, 7, 34, 26, 27, 4, 37, 33, 18, 30, 9, 12, 3, 20, 8, 0, 24, 13, 19, 21, 22, 14]",5,0.2,0.25,0.22222222222222224,0.16812753627111746,1,4,5,1
smd,group1_development,machine-1-8,sarad_official,0,15,17168,17172,"[13, 12, 32, 29, 10, 23, 31, 25, 5, 15, 6, 26, 1, 17, 7, 18, 11, 37, 20, 28, 2, 16, 36, 3, 8, 4, 27, 21, 9, 33, 14, 35, 30, 24, 34, 0, 22, 19]",1,1.0,0.5,0.6666666666666666,1.0,1,2,1,1
smd,group1_development,machine-1-8,sarad_official,0,15,17168,17172,"[13, 12, 32, 29, 10, 23, 31, 25, 5, 15, 6, 26, 1, 17, 7, 18, 11, 37, 20, 28, 2, 16, 36, 3, 8, 4, 27, 21, 9, 33, 14, 35, 30, 24, 34, 0, 22, 19]",3,0.3333333333333333,0.5,0.4,0.6131471927654584,1,2,3,1
smd,group1_development,machine-1-8,sarad_official,0,15,17168,17172,"[13, 12, 32, 29, 10, 23, 31, 25, 5, 15, 6, 26, 1, 17, 7, 18, 11, 37, 20, 28, 2, 16, 36, 3, 8, 4, 27, 21, 9, 33, 14, 35, 30, 24, 34, 0, 22, 19]",5,0.2,0.5,0.28571428571428575,0.6131471927654584,1,2,5,1
smd,group1_development,machine-1-8,sarad_official,0,16,18600,18683,"[25, 3, 23, 0, 1, 29, 22, 2, 19, 32, 31, 15, 18, 6, 10, 5, 20, 36, 21, 37, 35, 26, 7, 34, 16, 27, 24, 28, 8, 30, 9, 33, 17, 11, 4, 14, 12, 13]",1,1.0,0.05,0.09523809523809523,1.0,1,20,1,1
smd,group1_development,machine-1-8,sarad_official,0,16,18600,18683,"[25, 3, 23, 0, 1, 29, 22, 2, 19, 32, 31, 15, 18, 6, 10, 5, 20, 36, 21, 37, 35, 26, 7, 34, 16, 27, 24, 28, 8, 30, 9, 33, 17, 11, 4, 14, 12, 13]",3,1.0,0.15,0.2608695652173913,1.0,1,20,3,3
smd,group1_development,machine-1-8,sarad_official,0,16,18600,18683,"[25, 3, 23, 0, 1, 29, 22, 2, 19, 32, 31, 15, 18, 6, 10, 5, 20, 36, 21, 37, 35, 26, 7, 34, 16, 27, 24, 28, 8, 30, 9, 33, 17, 11, 4, 14, 12, 13]",5,1.0,0.25,0.4,1.0,1,20,5,5
smd,group1_development,machine-1-8,sarad_official,0,17,19579,19583,"[11, 14, 12, 6, 15, 10, 32, 5, 37, 17, 28, 26, 16, 7, 8, 9, 4, 1, 27, 36, 2, 25, 23, 33, 18, 3, 20, 21, 29, 24, 13, 19, 30, 35, 0, 34, 31, 22]",1,0.0,0.0,0.0,0.0,0,21,1,0
smd,group1_development,machine-1-8,sarad_official,0,17,19579,19583,"[11, 14, 12, 6, 15, 10, 32, 5, 37, 17, 28, 26, 16, 7, 8, 9, 4, 1, 27, 36, 2, 25, 23, 33, 18, 3, 20, 21, 29, 24, 13, 19, 30, 35, 0, 34, 31, 22]",3,0.0,0.0,0.0,0.0,0,21,3,0
smd,group1_development,machine-1-8,sarad_official,0,17,19579,19583,"[11, 14, 12, 6, 15, 10, 32, 5, 37, 17, 28, 26, 16, 7, 8, 9, 4, 1, 27, 36, 2, 25, 23, 33, 18, 3, 20, 21, 29, 24, 13, 19, 30, 35, 0, 34, 31, 22]",5,0.2,0.047619047619047616,0.07692307692307693,0.14606834984270645,1,21,5,1
smd,group1_development,machine-1-8,sarad_official,0,18,18890,18946,"[31, 19, 3, 22, 0, 29, 18, 24, 20, 2, 21, 32, 1, 34, 27, 30, 10, 9, 25, 16, 7, 5, 36, 35, 23, 8, 37, 26, 28, 33, 6, 11, 17, 4, 13, 15, 12, 14]",1,0.0,0.0,0.0,0.0,0,2,1,0
smd,group1_development,machine-1-8,sarad_official,0,18,18890,18946,"[31, 19, 3, 22, 0, 29, 18, 24, 20, 2, 21, 32, 1, 34, 27, 30, 10, 9, 25, 16, 7, 5, 36, 35, 23, 8, 37, 26, 28, 33, 6, 11, 17, 4, 13, 15, 12, 14]",3,0.0,0.0,0.0,0.0,0,2,3,0
smd,group1_development,machine-1-8,sarad_official,0,18,18890,18946,"[31, 19, 3, 22, 0, 29, 18, 24, 20, 2, 21, 32, 1, 34, 27, 30, 10, 9, 25, 16, 7, 5, 36, 35, 23, 8, 37, 26, 28, 33, 6, 11, 17, 4, 13, 15, 12, 14]",5,0.0,0.0,0.0,0.0,0,2,5,0
smd,group1_development,machine-1-8,sarad_official,0,19,22899,22902,"[32, 12, 13, 29, 31, 5, 2, 3, 10, 8, 35, 1, 30, 23, 6, 20, 18, 22, 37, 25, 11, 26, 17, 16, 34, 27, 28, 7, 9, 33, 4, 36, 21, 15, 24, 0, 14, 19]",1,0.0,0.0,0.0,0.0,0,2,1,0
smd,group1_development,machine-1-8,sarad_official,0,19,22899,22902,"[32, 12, 13, 29, 31, 5, 2, 3, 10, 8, 35, 1, 30, 23, 6, 20, 18, 22, 37, 25, 11, 26, 17, 16, 34, 27, 28, 7, 9, 33, 4, 36, 21, 15, 24, 0, 14, 19]",3,0.3333333333333333,0.5,0.4,0.3065735963827292,1,2,3,1
smd,group1_development,machine-1-8,sarad_official,0,19,22899,22902,"[32, 12, 13, 29, 31, 5, 2, 3, 10, 8, 35, 1, 30, 23, 6, 20, 18, 22, 37, 25, 11, 26, 17, 16, 34, 27, 28, 7, 9, 33, 4, 36, 21, 15, 24, 0, 14, 19]",5,0.2,0.5,0.28571428571428575,0.3065735963827292,1,2,5,1
smd,group23_evaluation,machine-2-1,sarad_official,0,0,6506,6528,"[31, 8, 9, 34, 22, 24, 35, 12, 10, 18, 20, 13, 19, 21, 0, 15, 14, 26, 4, 6, 30, 27, 36, 7, 37, 16, 25, 5, 29, 3, 23, 11, 28, 33, 32, 17, 2, 1]",1,1.0,0.2,0.33333333333333337,1.0,1,5,1,1
smd,group23_evaluation,machine-2-1,sarad_official,0,0,6506,6528,"[31, 8, 9, 34, 22, 24, 35, 12, 10, 18, 20, 13, 19, 21, 0, 15, 14, 26, 4, 6, 30, 27, 36, 7, 37, 16, 25, 5, 29, 3, 23, 11, 28, 33, 32, 17, 2, 1]",3,0.3333333333333333,0.2,0.25,0.46927872602275644,1,5,3,1
smd,group23_evaluation,machine-2-1,sarad_official,0,0,6506,6528,"[31, 8, 9, 34, 22, 24, 35, 12, 10, 18, 20, 13, 19, 21, 0, 15, 14, 26, 4, 6, 30, 27, 36, 7, 37, 16, 25, 5, 29, 3, 23, 11, 28, 33, 32, 17, 2, 1]",5,0.6,0.6,0.6,0.6164336326286644,1,5,5,3
smd,group23_evaluation,machine-2-1,sarad_official,0,1,7907,7961,"[31, 22, 4, 24, 13, 34, 35, 20, 18, 19, 8, 15, 21, 5, 30, 0, 6, 27, 12, 37, 29, 9, 26, 36, 7, 16, 17, 28, 25, 11, 33, 32, 14, 3, 23, 10, 2, 1]",1,1.0,0.2,0.33333333333333337,1.0,1,5,1,1
smd,group23_evaluation,machine-2-1,sarad_official,0,1,7907,7961,"[31, 22, 4, 24, 13, 34, 35, 20, 18, 19, 8, 15, 21, 5, 30, 0, 6, 27, 12, 37, 29, 9, 26, 36, 7, 16, 17, 28, 25, 11, 33, 32, 14, 3, 23, 10, 2, 1]",3,0.3333333333333333,0.2,0.25,0.46927872602275644,1,5,3,1
smd,group23_evaluation,machine-2-1,sarad_official,0,1,7907,7961,"[31, 22, 4, 24, 13, 34, 35, 20, 18, 19, 8, 15, 21, 5, 30, 0, 6, 27, 12, 37, 29, 9, 26, 36, 7, 16, 17, 28, 25, 11, 33, 32, 14, 3, 23, 10, 2, 1]",5,0.2,0.2,0.20000000000000004,0.3391602052736161,1,5,5,1
smd,group23_evaluation,machine-2-1,sarad_official,0,2,9340,9386,"[31, 33, 24, 22, 5, 6, 34, 18, 13, 35, 19, 4, 30, 20, 32, 21, 37, 0, 27, 7, 9, 15, 36, 26, 14, 28, 16, 11, 2, 17, 3, 8, 23, 12, 29, 10, 25, 1]",1,1.0,0.14285714285714285,0.25,1.0,1,7,1,1
smd,group23_evaluation,machine-2-1,sarad_official,0,2,9340,9386,"[31, 33, 24, 22, 5, 6, 34, 18, 13, 35, 19, 4, 30, 20, 32, 21, 37, 0, 27, 7, 9, 15, 36, 26, 14, 28, 16, 11, 2, 17, 3, 8, 23, 12, 29, 10, 25, 1]",3,0.6666666666666666,0.2857142857142857,0.4,0.7653606369886217,1,7,3,2
smd,group23_evaluation,machine-2-1,sarad_official,0,2,9340,9386,"[31, 33, 24, 22, 5, 6, 34, 18, 13, 35, 19, 4, 30, 20, 32, 21, 37, 0, 27, 7, 9, 15, 36, 26, 14, 28, 16, 11, 2, 17, 3, 8, 23, 12, 29, 10, 25, 1]",5,0.4,0.2857142857142857,0.3333333333333333,0.5531464700081437,1,7,5,2
smd,group23_evaluation,machine-2-1,sarad_official,0,3,9779,9805,"[33, 32, 6, 5, 31, 13, 4, 0, 24, 15, 7, 18, 20, 35, 34, 23, 30, 22, 27, 37, 16, 19, 36, 2, 21, 25, 26, 28, 17, 9, 14, 8, 11, 29, 12, 3, 1, 10]",1,1.0,0.3333333333333333,0.5,1.0,1,3,1,1
smd,group23_evaluation,machine-2-1,sarad_official,0,3,9779,9805,"[33, 32, 6, 5, 31, 13, 4, 0, 24, 15, 7, 18, 20, 35, 34, 23, 30, 22, 27, 37, 16, 19, 36, 2, 21, 25, 26, 28, 17, 9, 14, 8, 11, 29, 12, 3, 1, 10]",3,0.6666666666666666,0.6666666666666666,0.6666666666666666,0.7653606369886217,1,3,3,2
smd,group23_evaluation,machine-2-1,sarad_official,0,3,9779,9805,"[33, 32, 6, 5, 31, 13, 4, 0, 24, 15, 7, 18, 20, 35, 34, 23, 30, 22, 27, 37, 16, 19, 36, 2, 21, 25, 26, 28, 17, 9, 14, 8, 11, 29, 12, 3, 1, 10]",5,0.4,0.6666666666666666,0.5,0.7653606369886217,1,3,5,2
smd,group23_evaluation,machine-2-1,sarad_official,0,4,12173,12181,"[18, 5, 6, 13, 20, 4, 19, 21, 14, 25, 0, 27, 29, 31, 23, 15, 30, 17, 28, 24, 16, 7, 26, 37, 34, 11, 36, 35, 32, 9, 8, 33, 3, 12, 2, 22, 1, 10]",1,1.0,0.2,0.33333333333333337,1.0,1,5,1,1
smd,group23_evaluation,machine-2-1,sarad_official,0,4,12173,12181,"[18, 5, 6, 13, 20, 4, 19, 21, 14, 25, 0, 27, 29, 31, 23, 15, 30, 17, 28, 24, 16, 7, 26, 37, 34, 11, 36, 35, 32, 9, 8, 33, 3, 12, 2, 22, 1, 10]",3,0.3333333333333333,0.2,0.25,0.46927872602275644,1,5,3,1
smd,group23_evaluation,machine-2-1,sarad_official,0,4,12173,12181,"[18, 5, 6, 13, 20, 4, 19, 21, 14, 25, 0, 27, 29, 31, 23, 15, 30, 17, 28, 24, 16, 7, 26, 37, 34, 11, 36, 35, 32, 9, 8, 33, 3, 12, 2, 22, 1, 10]",5,0.4,0.4,0.4000000000000001,0.4703652827859579,1,5,5,2
smd,group23_evaluation,machine-2-1,sarad_official,0,5,16136,16588,"[25, 23, 5, 18, 31, 6, 4, 13, 20, 24, 16, 21, 19, 0, 30, 14, 34, 35, 15, 27, 8, 22, 7, 36, 10, 26, 11, 28, 37, 33, 17, 9, 32, 12, 3, 2, 1, 29]",1,1.0,0.25,0.4,1.0,1,4,1,1
smd,group23_evaluation,machine-2-1,sarad_official,0,5,16136,16588,"[25, 23, 5, 18, 31, 6, 4, 13, 20, 24, 16, 21, 19, 0, 30, 14, 34, 35, 15, 27, 8, 22, 7, 36, 10, 26, 11, 28, 37, 33, 17, 9, 32, 12, 3, 2, 1, 29]",3,0.6666666666666666,0.5,0.5714285714285715,0.7653606369886217,1,4,3,2
smd,group23_evaluation,machine-2-1,sarad_official,0,5,16136,16588,"[25, 23, 5, 18, 31, 6, 4, 13, 20, 24, 16, 21, 19, 0, 30, 14, 34, 35, 15, 27, 8, 22, 7, 36, 10, 26, 11, 28, 37, 33, 17, 9, 32, 12, 3, 2, 1, 29]",5,0.4,0.5,0.4444444444444445,0.6366824387328317,1,4,5,2
smd,group23_evaluation,machine-2-1,sarad_official,0,6,17365,17382,"[17, 13, 15, 26, 20, 0, 7, 19, 5, 3, 2, 25, 4, 21, 28, 6, 1, 30, 31, 23, 18, 22, 24, 34, 33, 27, 35, 14, 37, 36, 10, 29, 8, 16, 12, 9, 11, 32]",1,1.0,0.09090909090909091,0.16666666666666669,1.0,1,11,1,1
smd,group23_evaluation,machine-2-1,sarad_official,0,6,17365,17382,"[17, 13, 15, 26, 20, 0, 7, 19, 5, 3, 2, 25, 4, 21, 28, 6, 1, 30, 31, 23, 18, 22, 24, 34, 33, 27, 35, 14, 37, 36, 10, 29, 8, 16, 12, 9, 11, 32]",3,1.0,0.2727272727272727,0.42857142857142855,1.0,1,11,3,3
smd,group23_evaluation,machine-2-1,sarad_official,0,6,17365,17382,"[17, 13, 15, 26, 20, 0, 7, 19, 5, 3, 2, 25, 4, 21, 28, 6, 1, 30, 31, 23, 18, 22, 24, 34, 33, 27, 35, 14, 37, 36, 10, 29, 8, 16, 12, 9, 11, 32]",5,0.6,0.2727272727272727,0.37499999999999994,0.7227265726449519,1,11,5,3
smd,group23_evaluation,machine-2-1,sarad_official,0,7,17995,18028,"[31, 4, 13, 9, 18, 6, 5, 24, 32, 34, 35, 20, 15, 21, 22, 30, 19, 27, 8, 0, 37, 12, 23, 33, 26, 14, 28, 7, 17, 36, 16, 11, 10, 1, 25, 3, 2, 29]",1,0.0,0.0,0.0,0.0,0,5,1,0
smd,group23_evaluation,machine-2-1,sarad_official,0,7,17995,18028,"[31, 4, 13, 9, 18, 6, 5, 24, 32, 34, 35, 20, 15, 21, 22, 30, 19, 27, 8, 0, 37, 12, 23, 33, 26, 14, 28, 7, 17, 36, 16, 11, 10, 1, 25, 3, 2, 29]",3,0.0,0.0,0.0,0.0,0,5,3,0
smd,group23_evaluation,machine-2-1,sarad_official,0,7,17995,18028,"[31, 4, 13, 9, 18, 6, 5, 24, 32, 34, 35, 20, 15, 21, 22, 30, 19, 27, 8, 0, 37, 12, 23, 33, 26, 14, 28, 7, 17, 36, 16, 11, 10, 1, 25, 3, 2, 29]",5,0.2,0.2,0.20000000000000004,0.14606834984270645,1,5,5,1
smd,group23_evaluation,machine-2-1,sarad_official,0,8,18575,18650,"[33, 18, 4, 19, 20, 31, 29, 0, 21, 30, 24, 25, 35, 23, 27, 6, 32, 5, 34, 13, 22, 7, 14, 37, 28, 16, 15, 2, 36, 26, 3, 17, 11, 12, 9, 8, 10, 1]",1,0.0,0.0,0.0,0.0,0,5,1,0
smd,group23_evaluation,machine-2-1,sarad_official,0,8,18575,18650,"[33, 18, 4, 19, 20, 31, 29, 0, 21, 30, 24, 25, 35, 23, 27, 6, 32, 5, 34, 13, 22, 7, 14, 37, 28, 16, 15, 2, 36, 26, 3, 17, 11, 12, 9, 8, 10, 1]",3,0.3333333333333333,0.2,0.25,0.2960819109658652,1,5,3,1
smd,group23_evaluation,machine-2-1,sarad_official,0,8,18575,18650,"[33, 18, 4, 19, 20, 31, 29, 0, 21, 30, 24, 25, 35, 23, 27, 6, 32, 5, 34, 13, 22, 7, 14, 37, 28, 16, 15, 2, 36, 26, 3, 17, 11, 12, 9, 8, 10, 1]",5,0.6,0.6,0.6,0.4912596920895758,1,5,5,3
smd,group23_evaluation,machine-2-1,sarad_official,0,9,20020,20036,"[20, 33, 4, 17, 25, 13, 5, 22, 21, 6, 23, 19, 0, 24, 31, 34, 30, 37, 15, 7, 26, 35, 27, 18, 28, 12, 1, 36, 2, 10, 3, 29, 16, 8, 9, 11, 14, 32]",1,0.0,0.0,0.0,0.0,0,3,1,0
smd,group23_evaluation,machine-2-1,sarad_official,0,9,20020,20036,"[20, 33, 4, 17, 25, 13, 5, 22, 21, 6, 23, 19, 0, 24, 31, 34, 30, 37, 15, 7, 26, 35, 27, 18, 28, 12, 1, 36, 2, 10, 3, 29, 16, 8, 9, 11, 14, 32]",3,0.0,0.0,0.0,0.0,0,3,3,0
smd,group23_evaluation,machine-2-1,sarad_official,0,9,20020,20036,"[20, 33, 4, 17, 25, 13, 5, 22, 21, 6, 23, 19, 0, 24, 31, 34, 30, 37, 15, 7, 26, 35, 27, 18, 28, 12, 1, 36, 2, 10, 3, 29, 16, 8, 9, 11, 14, 32]",5,0.0,0.0,0.0,0.0,0,3,5,0
smd,group23_evaluation,machine-2-1,sarad_official,0,10,20891,20912,"[31, 4, 9, 34, 24, 22, 13, 5, 6, 18, 10, 8, 35, 20, 21, 15, 19, 12, 14, 30, 0, 26, 37, 27, 33, 36, 16, 7, 23, 28, 17, 11, 1, 25, 3, 2, 29, 32]",1,0.0,0.0,0.0,0.0,0,2,1,0
smd,group23_evaluation,machine-2-1,sarad_official,0,10,20891,20912,"[31, 4, 9, 34, 24, 22, 13, 5, 6, 18, 10, 8, 35, 20, 21, 15, 19, 12, 14, 30, 0, 26, 37, 27, 33, 36, 16, 7, 23, 28, 17, 11, 1, 25, 3, 2, 29, 32]",3,0.3333333333333333,0.5,0.4,0.3065735963827292,1,2,3,1
smd,group23_evaluation,machine-2-1,sarad_official,0,10,20891,20912,"[31, 4, 9, 34, 24, 22, 13, 5, 6, 18, 10, 8, 35, 20, 21, 15, 19, 12, 14, 30, 0, 26, 37, 27, 33, 36, 16, 7, 23, 28, 17, 11, 1, 25, 3, 2, 29, 32]",5,0.2,0.5,0.28571428571428575,0.3065735963827292,1,2,5,1
smd,group23_evaluation,machine-2-1,sarad_official,0,11,20340,20352,"[4, 0, 5, 24, 6, 13, 18, 34, 25, 31, 20, 35, 30, 21, 23, 22, 27, 19, 17, 7, 37, 2, 28, 26, 15, 16, 14, 3, 33, 36, 32, 8, 9, 1, 11, 29, 12, 10]",1,0.0,0.0,0.0,0.0,0,5,1,0
smd,group23_evaluation,machine-2-1,sarad_official,0,11,20340,20352,"[4, 0, 5, 24, 6, 13, 18, 34, 25, 31, 20, 35, 30, 21, 23, 22, 27, 19, 17, 7, 37, 2, 28, 26, 15, 16, 14, 3, 33, 36, 32, 8, 9, 1, 11, 29, 12, 10]",3,0.0,0.0,0.0,0.0,0,5,3,0
smd,group23_evaluation,machine-2-1,sarad_official,0,11,20340,20352,"[4, 0, 5, 24, 6, 13, 18, 34, 25, 31, 20, 35, 30, 21, 23, 22, 27, 19, 17, 7, 37, 2, 28, 26, 15, 16, 14, 3, 33, 36, 32, 8, 9, 1, 11, 29, 12, 10]",5,0.0,0.0,0.0,0.0,0,5,5,0
smd,group23_evaluation,machine-2-1,sarad_official,0,12,22907,23295,"[31, 25, 3, 5, 18, 35, 0, 24, 23, 34, 13, 15, 22, 19, 1, 20, 6, 16, 21, 30, 2, 27, 4, 10, 12, 14, 11, 36, 26, 28, 8, 7, 9, 37, 33, 29, 17, 32]",1,1.0,0.03571428571428571,0.0689655172413793,1.0,1,28,1,1
smd,group23_evaluation,machine-2-1,sarad_official,0,12,22907,23295,"[31, 25, 3, 5, 18, 35, 0, 24, 23, 34, 13, 15, 22, 19, 1, 20, 6, 16, 21, 30, 2, 27, 4, 10, 12, 14, 11, 36, 26, 28, 8, 7, 9, 37, 33, 29, 17, 32]",3,1.0,0.10714285714285714,0.19354838709677416,1.0,1,28,3,3
smd,group23_evaluation,machine-2-1,sarad_official,0,12,22907,23295,"[31, 25, 3, 5, 18, 35, 0, 24, 23, 34, 13, 15, 22, 19, 1, 20, 6, 16, 21, 30, 2, 27, 4, 10, 12, 14, 11, 36, 26, 28, 8, 7, 9, 37, 33, 29, 17, 32]",5,1.0,0.17857142857142858,0.30303030303030304,1.0,1,28,5,5
smd,group23_evaluation,machine-2-2,sarad_official,0,0,12760,12771,"[34, 1, 31, 0, 3, 24, 22, 2, 35, 15, 19, 30, 25, 6, 21, 29, 23, 14, 18, 26, 33, 8, 36, 20, 32, 27, 5, 13, 11, 16, 7, 9, 28, 37, 12, 17, 10, 4]",1,1.0,0.0625,0.11764705882352941,1.0,1,16,1,1
smd,group23_evaluation,machine-2-2,sarad_official,0,0,12760,12771,"[34, 1, 31, 0, 3, 24, 22, 2, 35, 15, 19, 30, 25, 6, 21, 29, 23, 14, 18, 26, 33, 8, 36, 20, 32, 27, 5, 13, 11, 16, 7, 9, 28, 37, 12, 17, 10, 4]",3,1.0,0.1875,0.3157894736842105,1.0,1,16,3,3
smd,group23_evaluation,machine-2-2,sarad_official,0,0,12760,12771,"[34, 1, 31, 0, 3, 24, 22, 2, 35, 15, 19, 30, 25, 6, 21, 29, 23, 14, 18, 26, 33, 8, 36, 20, 32, 27, 5, 13, 11, 16, 7, 9, 28, 37, 12, 17, 10, 4]",5,1.0,0.3125,0.47619047619047616,1.0,1,16,5,5
smd,group23_evaluation,machine-2-2,sarad_official,0,1,14511,14521,"[1, 0, 31, 15, 25, 3, 23, 2, 6, 24, 35, 22, 8, 34, 30, 29, 14, 11, 19, 21, 18, 20, 7, 13, 10, 9, 27, 37, 5, 32, 33, 36, 16, 26, 28, 17, 12, 4]",1,1.0,0.07142857142857142,0.13333333333333333,1.0,1,14,1,1
smd,group23_evaluation,machine-2-2,sarad_official,0,1,14511,14521,"[1, 0, 31, 15, 25, 3, 23, 2, 6, 24, 35, 22, 8, 34, 30, 29, 14, 11, 19, 21, 18, 20, 7, 13, 10, 9, 27, 37, 5, 32, 33, 36, 16, 26, 28, 17, 12, 4]",3,1.0,0.21428571428571427,0.35294117647058826,1.0,1,14,3,3
smd,group23_evaluation,machine-2-2,sarad_official,0,1,14511,14521,"[1, 0, 31, 15, 25, 3, 23, 2, 6, 24, 35, 22, 8, 34, 30, 29, 14, 11, 19, 21, 18, 20, 7, 13, 10, 9, 27, 37, 5, 32, 33, 36, 16, 26, 28, 17, 12, 4]",5,0.8,0.2857142857142857,0.4210526315789473,0.8539316501572937,1,14,5,4
smd,group23_evaluation,machine-2-2,sarad_official,0,2,15630,16502,"[15, 10, 9, 24, 29, 30, 34, 8, 14, 35, 13, 11, 21, 12, 20, 22, 25, 26, 6, 7, 37, 27, 36, 16, 18, 19, 23, 33, 28, 17, 32, 5, 4, 0, 3, 31, 1, 2]",1,0.0,0.0,0.0,0.0,0,4,1,0
smd,group23_evaluation,machine-2-2,sarad_official,0,2,15630,16502,"[15, 10, 9, 24, 29, 30, 34, 8, 14, 35, 13, 11, 21, 12, 20, 22, 25, 26, 6, 7, 37, 27, 36, 16, 18, 19, 23, 33, 28, 17, 32, 5, 4, 0, 3, 31, 1, 2]",3,0.6666666666666666,0.5,0.5714285714285715,0.5307212739772434,1,4,3,2
smd,group23_evaluation,machine-2-2,sarad_official,0,2,15630,16502,"[15, 10, 9, 24, 29, 30, 34, 8, 14, 35, 13, 11, 21, 12, 20, 22, 25, 26, 6, 7, 37, 27, 36, 16, 18, 19, 23, 33, 28, 17, 32, 5, 4, 0, 3, 31, 1, 2]",5,0.4,0.5,0.4444444444444445,0.44149241373678083,1,4,5,2
smd,group23_evaluation,machine-2-2,sarad_official,0,3,17090,17942,"[15, 9, 10, 24, 29, 30, 8, 14, 35, 13, 34, 11, 12, 21, 20, 25, 22, 7, 6, 26, 37, 27, 16, 36, 28, 33, 32, 18, 23, 19, 5, 17, 4, 0, 3, 31, 2, 1]",1,0.0,0.0,0.0,0.0,0,4,1,0
smd,group23_evaluation,machine-2-2,sarad_official,0,3,17090,17942,"[15, 9, 10, 24, 29, 30, 8, 14, 35, 13, 34, 11, 12, 21, 20, 25, 22, 7, 6, 26, 37, 27, 16, 36, 28, 33, 32, 18, 23, 19, 5, 17, 4, 0, 3, 31, 2, 1]",3,0.6666666666666666,0.5,0.5714285714285715,0.5307212739772434,1,4,3,2
smd,group23_evaluation,machine-2-2,sarad_official,0,3,17090,17942,"[15, 9, 10, 24, 29, 30, 8, 14, 35, 13, 34, 11, 12, 21, 20, 25, 22, 7, 6, 26, 37, 27, 16, 36, 28, 33, 32, 18, 23, 19, 5, 17, 4, 0, 3, 31, 2, 1]",5,0.4,0.5,0.4444444444444445,0.44149241373678083,1,4,5,2
smd,group23_evaluation,machine-2-2,sarad_official,0,4,18541,19382,"[15, 24, 10, 29, 30, 9, 35, 34, 11, 12, 14, 13, 8, 20, 21, 7, 26, 27, 37, 16, 28, 36, 32, 22, 17, 33, 4, 19, 6, 5, 23, 25, 18, 3, 0, 31, 2, 1]",1,0.0,0.0,0.0,0.0,0,4,1,0
smd,group23_evaluation,machine-2-2,sarad_official,0,4,18541,19382,"[15, 24, 10, 29, 30, 9, 35, 34, 11, 12, 14, 13, 8, 20, 21, 7, 26, 27, 37, 16, 28, 36, 32, 22, 17, 33, 4, 19, 6, 5, 23, 25, 18, 3, 0, 31, 2, 1]",3,0.3333333333333333,0.25,0.28571428571428575,0.23463936301137822,1,4,3,1
smd,group23_evaluation,machine-2-2,sarad_official,0,4,18541,19382,"[15, 24, 10, 29, 30, 9, 35, 34, 11, 12, 14, 13, 8, 20, 21, 7, 26, 27, 37, 16, 28, 36, 32, 22, 17, 33, 4, 19, 6, 5, 23, 25, 18, 3, 0, 31, 2, 1]",5,0.2,0.25,0.22222222222222224,0.19519002499605084,1,4,5,1
smd,group23_evaluation,machine-2-2,sarad_official,0,5,20820,20823,"[9, 10, 15, 22, 23, 12, 29, 13, 21, 0, 1, 6, 30, 8, 31, 24, 27, 14, 11, 26, 37, 36, 20, 33, 3, 4, 7, 19, 28, 34, 35, 16, 25, 18, 32, 2, 17, 5]",1,1.0,0.25,0.4,1.0,1,4,1,1
smd,group23_evaluation,machine-2-2,sarad_official,0,5,20820,20823,"[9, 10, 15, 22, 23, 12, 29, 13, 21, 0, 1, 6, 30, 8, 31, 24, 27, 14, 11, 26, 37, 36, 20, 33, 3, 4, 7, 19, 28, 34, 35, 16, 25, 18, 32, 2, 17, 5]",3,0.6666666666666666,0.5,0.5714285714285715,0.7653606369886217,1,4,3,2
smd,group23_evaluation,machine-2-2,sarad_official,0,5,20820,20823,"[9, 10, 15, 22, 23, 12, 29, 13, 21, 0, 1, 6, 30, 8, 31, 24, 27, 14, 11, 26, 37, 36, 20, 33, 3, 4, 7, 19, 28, 34, 35, 16, 25, 18, 32, 2, 17, 5]",5,0.4,0.5,0.4444444444444445,0.6366824387328317,1,4,5,2
smd,group23_evaluation,machine-2-2,sarad_official,0,6,21024,21027,"[10, 18, 20, 15, 30, 24, 21, 27, 8, 7, 14, 11, 12, 13, 36, 9, 26, 35, 34, 16, 32, 29, 37, 17, 22, 28, 19, 31, 6, 2, 4, 33, 5, 0, 3, 25, 1, 23]",1,1.0,1.0,1.0,1.0,1,1,1,1
smd,group23_evaluation,machine-2-2,sarad_official,0,6,21024,21027,"[10, 18, 20, 15, 30, 24, 21, 27, 8, 7, 14, 11, 12, 13, 36, 9, 26, 35, 34, 16, 32, 29, 37, 17, 22, 28, 19, 31, 6, 2, 4, 33, 5, 0, 3, 25, 1, 23]",3,0.3333333333333333,1.0,0.5,1.0,1,1,3,1
smd,group23_evaluation,machine-2-2,sarad_official,0,6,21024,21027,"[10, 18, 20, 15, 30, 24, 21, 27, 8, 7, 14, 11, 12, 13, 36, 9, 26, 35, 34, 16, 32, 29, 37, 17, 22, 28, 19, 31, 6, 2, 4, 33, 5, 0, 3, 25, 1, 23]",5,0.2,1.0,0.33333333333333337,1.0,1,1,5,1
smd,group23_evaluation,machine-2-2,sarad_official,0,7,21280,21295,"[1, 0, 3, 2, 6, 30, 31, 15, 29, 24, 20, 14, 25, 11, 8, 18, 23, 19, 21, 5, 10, 13, 7, 26, 22, 36, 33, 34, 37, 27, 28, 16, 9, 35, 32, 12, 4, 17]",1,1.0,0.14285714285714285,0.25,1.0,1,7,1,1
smd,group23_evaluation,machine-2-2,sarad_official,0,7,21280,21295,"[1, 0, 3, 2, 6, 30, 31, 15, 29, 24, 20, 14, 25, 11, 8, 18, 23, 19, 21, 5, 10, 13, 7, 26, 22, 36, 33, 34, 37, 27, 28, 16, 9, 35, 32, 12, 4, 17]",3,1.0,0.42857142857142855,0.6,1.0,1,7,3,3
smd,group23_evaluation,machine-2-2,sarad_official,0,7,21280,21295,"[1, 0, 3, 2, 6, 30, 31, 15, 29, 24, 20, 14, 25, 11, 8, 18, 23, 19, 21, 5, 10, 13, 7, 26, 22, 36, 33, 34, 37, 27, 28, 16, 9, 35, 32, 12, 4, 17]",5,1.0,0.7142857142857143,0.8333333333333333,1.0,1,7,5,5
smd,group23_evaluation,machine-2-2,sarad_official,0,8,21405,21428,"[19, 18, 10, 21, 20, 24, 30, 3, 15, 27, 29, 9, 8, 34, 14, 28, 22, 13, 11, 36, 7, 37, 26, 0, 2, 12, 35, 32, 16, 17, 6, 4, 5, 31, 33, 25, 23, 1]",1,1.0,0.16666666666666666,0.2857142857142857,1.0,1,6,1,1
smd,group23_evaluation,machine-2-2,sarad_official,0,8,21405,21428,"[19, 18, 10, 21, 20, 24, 30, 3, 15, 27, 29, 9, 8, 34, 14, 28, 22, 13, 11, 36, 7, 37, 26, 0, 2, 12, 35, 32, 16, 17, 6, 4, 5, 31, 33, 25, 23, 1]",3,0.6666666666666666,0.3333333333333333,0.4444444444444444,0.7653606369886217,1,6,3,2
smd,group23_evaluation,machine-2-2,sarad_official,0,8,21405,21428,"[19, 18, 10, 21, 20, 24, 30, 3, 15, 27, 29, 9, 8, 34, 14, 28, 22, 13, 11, 36, 7, 37, 26, 0, 2, 12, 35, 32, 16, 17, 6, 4, 5, 31, 33, 25, 23, 1]",5,0.8,0.6666666666666666,0.7272727272727272,0.830419897363192,1,6,5,4
smd,group23_evaluation,machine-2-2,sarad_official,0,9,22260,22263,"[9, 10, 22, 15, 12, 29, 0, 1, 8, 23, 21, 30, 11, 13, 14, 27, 31, 20, 33, 24, 36, 26, 4, 7, 37, 19, 32, 35, 2, 28, 6, 5, 34, 3, 16, 25, 17, 18]",1,1.0,0.2,0.33333333333333337,1.0,1,5,1,1
smd,group23_evaluation,machine-2-2,sarad_official,0,9,22260,22263,"[9, 10, 22, 15, 12, 29, 0, 1, 8, 23, 21, 30, 11, 13, 14, 27, 31, 20, 33, 24, 36, 26, 4, 7, 37, 19, 32, 35, 2, 28, 6, 5, 34, 3, 16, 25, 17, 18]",3,0.6666666666666666,0.4,0.5,0.7653606369886217,1,5,3,2
smd,group23_evaluation,machine-2-2,sarad_official,0,9,22260,22263,"[9, 10, 22, 15, 12, 29, 0, 1, 8, 23, 21, 30, 11, 13, 14, 27, 31, 20, 33, 24, 36, 26, 4, 7, 37, 19, 32, 35, 2, 28, 6, 5, 34, 3, 16, 25, 17, 18]",5,0.6,0.6,0.6,0.6843515475204855,1,5,5,3
smd,group23_evaluation,machine-2-2,sarad_official,0,10,23099,23299,"[10, 15, 24, 30, 9, 34, 35, 12, 14, 11, 8, 13, 21, 20, 32, 7, 26, 29, 27, 37, 16, 36, 22, 28, 17, 33, 4, 6, 19, 23, 5, 18, 25, 3, 0, 31, 2, 1]",1,0.0,0.0,0.0,0.0,0,2,1,0
smd,group23_evaluation,machine-2-2,sarad_official,0,10,23099,23299,"[10, 15, 24, 30, 9, 34, 35, 12, 14, 11, 8, 13, 21, 20, 32, 7, 26, 29, 27, 37, 16, 36, 22, 28, 17, 33, 4, 6, 19, 23, 5, 18, 25, 3, 0, 31, 2, 1]",3,0.0,0.0,0.0,0.0,0,2,3,0
smd,group23_evaluation,machine-2-2,sarad_official,0,10,23099,23299,"[10, 15, 24, 30, 9, 34, 35, 12, 14, 11, 8, 13, 21, 20, 32, 7, 26, 29, 27, 37, 16, 36, 22, 28, 17, 33, 4, 6, 19, 23, 5, 18, 25, 3, 0, 31, 2, 1]",5,0.0,0.0,0.0,0.0,0,2,5,0
smd,group23_evaluation,machine-2-3,sarad_official,0,0,857,860,"[12, 11, 13, 6, 8, 26, 9, 17, 15, 37, 28, 16, 36, 7, 4, 10, 27, 32, 34, 25, 5, 35, 21, 19, 18, 20, 14, 23, 33, 24, 3, 30, 0, 2, 29, 31, 1, 22]",1,1.0,0.5,0.6666666666666666,1.0,1,2,1,1
smd,group23_evaluation,machine-2-3,sarad_official,0,0,857,860,"[12, 11, 13, 6, 8, 26, 9, 17, 15, 37, 28, 16, 36, 7, 4, 10, 27, 32, 34, 25, 5, 35, 21, 19, 18, 20, 14, 23, 33, 24, 3, 30, 0, 2, 29, 31, 1, 22]",3,0.6666666666666666,1.0,0.8,1.0,1,2,3,2
smd,group23_evaluation,machine-2-3,sarad_official,0,0,857,860,"[12, 11, 13, 6, 8, 26, 9, 17, 15, 37, 28, 16, 36, 7, 4, 10, 27, 32, 34, 25, 5, 35, 21, 19, 18, 20, 14, 23, 33, 24, 3, 30, 0, 2, 29, 31, 1, 22]",5,0.4,1.0,0.5714285714285715,1.0,1,2,5,2
smd,group23_evaluation,machine-2-3,sarad_official,0,1,5739,5745,"[9, 12, 23, 1, 8, 10, 21, 31, 22, 36, 24, 33, 26, 6, 29, 18, 25, 20, 14, 13, 37, 19, 3, 27, 11, 7, 4, 16, 28, 34, 35, 0, 2, 32, 30, 17, 15, 5]",1,1.0,0.3333333333333333,0.5,1.0,1,3,1,1
smd,group23_evaluation,machine-2-3,sarad_official,0,1,5739,5745,"[9, 12, 23, 1, 8, 10, 21, 31, 22, 36, 24, 33, 26, 6, 29, 18, 25, 20, 14, 13, 37, 19, 3, 27, 11, 7, 4, 16, 28, 34, 35, 0, 2, 32, 30, 17, 15, 5]",3,0.6666666666666666,0.6666666666666666,0.6666666666666666,0.7653606369886217,1,3,3,2
smd,group23_evaluation,machine-2-3,sarad_official,0,1,5739,5745,"[9, 12, 23, 1, 8, 10, 21, 31, 22, 36, 24, 33, 26, 6, 29, 18, 25, 20, 14, 13, 37, 19, 3, 27, 11, 7, 4, 16, 28, 34, 35, 0, 2, 32, 30, 17, 15, 5]",5,0.6,1.0,0.7499999999999999,0.9469024295259745,1,3,5,3
smd,group23_evaluation,machine-2-3,sarad_official,0,2,6008,6012,"[9, 12, 1, 24, 10, 23, 8, 22, 21, 33, 31, 34, 35, 20, 26, 6, 16, 29, 36, 14, 7, 37, 18, 4, 27, 13, 3, 28, 11, 17, 32, 15, 19, 5, 30, 25, 0, 2]",1,1.0,0.3333333333333333,0.5,1.0,1,3,1,1
smd,group23_evaluation,machine-2-3,sarad_official,0,2,6008,6012,"[9, 12, 1, 24, 10, 23, 8, 22, 21, 33, 31, 34, 35, 20, 26, 6, 16, 29, 36, 14, 7, 37, 18, 4, 27, 13, 3, 28, 11, 17, 32, 15, 19, 5, 30, 25, 0, 2]",3,0.6666666666666666,0.6666666666666666,0.6666666666666666,0.7653606369886217,1,3,3,2
smd,group23_evaluation,machine-2-3,sarad_official,0,2,6008,6012,"[9, 12, 1, 24, 10, 23, 8, 22, 21, 33, 31, 34, 35, 20, 26, 6, 16, 29, 36, 14, 7, 37, 18, 4, 27, 13, 3, 28, 11, 17, 32, 15, 19, 5, 30, 25, 0, 2]",5,0.4,0.6666666666666666,0.5,0.7653606369886217,1,3,5,2
smd,group23_evaluation,machine-2-3,sarad_official,0,3,7910,8010,"[31, 1, 0, 5, 3, 6, 20, 18, 24, 25, 22, 30, 2, 27, 23, 29, 34, 15, 21, 19, 35, 10, 7, 37, 26, 9, 36, 8, 16, 28, 14, 13, 17, 4, 33, 11, 12, 32]",1,1.0,0.05555555555555555,0.10526315789473684,1.0,1,18,1,1
smd,group23_evaluation,machine-2-3,sarad_official,0,3,7910,8010,"[31, 1, 0, 5, 3, 6, 20, 18, 24, 25, 22, 30, 2, 27, 23, 29, 34, 15, 21, 19, 35, 10, 7, 37, 26, 9, 36, 8, 16, 28, 14, 13, 17, 4, 33, 11, 12, 32]",3,1.0,0.16666666666666666,0.2857142857142857,1.0,1,18,3,3
smd,group23_evaluation,machine-2-3,sarad_official,0,3,7910,8010,"[31, 1, 0, 5, 3, 6, 20, 18, 24, 25, 22, 30, 2, 27, 23, 29, 34, 15, 21, 19, 35, 10, 7, 37, 26, 9, 36, 8, 16, 28, 14, 13, 17, 4, 33, 11, 12, 32]",5,1.0,0.2777777777777778,0.4347826086956522,1.0,1,18,5,5
smd,group23_evaluation,machine-2-3,sarad_official,0,4,10953,10957,"[12, 14, 8, 11, 26, 6, 37, 13, 9, 17, 28, 15, 7, 16, 10, 4, 32, 36, 27, 18, 34, 5, 19, 21, 35, 25, 20, 23, 33, 30, 24, 3, 29, 2, 0, 31, 1, 22]",1,0.0,0.0,0.0,0.0,0,3,1,0
smd,group23_evaluation,machine-2-3,sarad_official,0,4,10953,10957,"[12, 14, 8, 11, 26, 6, 37, 13, 9, 17, 28, 15, 7, 16, 10, 4, 32, 36, 27, 18, 34, 5, 19, 21, 35, 25, 20, 23, 33, 30, 24, 3, 29, 2, 0, 31, 1, 22]",3,0.6666666666666666,0.6666666666666666,0.6666666666666666,0.5307212739772434,1,3,3,2
smd,group23_evaluation,machine-2-3,sarad_official,0,4,10953,10957,"[12, 14, 8, 11, 26, 6, 37, 13, 9, 17, 28, 15, 7, 16, 10, 4, 32, 36, 27, 18, 34, 5, 19, 21, 35, 25, 20, 23, 33, 30, 24, 3, 29, 2, 0, 31, 1, 22]",5,0.6,1.0,0.7499999999999999,0.7328286204777911,1,3,5,3
smd,group23_evaluation,machine-2-3,sarad_official,0,5,12200,12226,"[31, 0, 15, 6, 24, 34, 18, 30, 27, 35, 10, 5, 22, 21, 19, 26, 20, 36, 37, 7, 16, 28, 29, 17, 8, 3, 9, 4, 13, 25, 11, 32, 2, 23, 12, 33, 14, 1]",1,1.0,0.07692307692307693,0.14285714285714288,1.0,1,13,1,1
smd,group23_evaluation,machine-2-3,sarad_official,0,5,12200,12226,"[31, 0, 15, 6, 24, 34, 18, 30, 27, 35, 10, 5, 22, 21, 19, 26, 20, 36, 37, 7, 16, 28, 29, 17, 8, 3, 9, 4, 13, 25, 11, 32, 2, 23, 12, 33, 14, 1]",3,1.0,0.23076923076923078,0.375,1.0,1,13,3,3
smd,group23_evaluation,machine-2-3,sarad_official,0,5,12200,12226,"[31, 0, 15, 6, 24, 34, 18, 30, 27, 35, 10, 5, 22, 21, 19, 26, 20, 36, 37, 7, 16, 28, 29, 17, 8, 3, 9, 4, 13, 25, 11, 32, 2, 23, 12, 33, 14, 1]",5,1.0,0.38461538461538464,0.5555555555555556,1.0,1,13,5,5
smd,group23_evaluation,machine-2-3,sarad_official,0,6,15070,15151,"[31, 0, 20, 18, 24, 6, 22, 5, 30, 27, 21, 35, 34, 29, 19, 26, 7, 16, 15, 37, 36, 28, 13, 9, 17, 10, 8, 14, 3, 23, 4, 25, 12, 32, 11, 2, 33, 1]",1,1.0,0.09090909090909091,0.16666666666666669,1.0,1,11,1,1
smd,group23_evaluation,machine-2-3,sarad_official,0,6,15070,15151,"[31, 0, 20, 18, 24, 6, 22, 5, 30, 27, 21, 35, 34, 29, 19, 26, 7, 16, 15, 37, 36, 28, 13, 9, 17, 10, 8, 14, 3, 23, 4, 25, 12, 32, 11, 2, 33, 1]",3,1.0,0.2727272727272727,0.42857142857142855,1.0,1,11,3,3
smd,group23_evaluation,machine-2-3,sarad_official,0,6,15070,15151,"[31, 0, 20, 18, 24, 6, 22, 5, 30, 27, 21, 35, 34, 29, 19, 26, 7, 16, 15, 37, 36, 28, 13, 9, 17, 10, 8, 14, 3, 23, 4, 25, 12, 32, 11, 2, 33, 1]",5,0.8,0.36363636363636365,0.5000000000000001,0.8539316501572937,1,11,5,4
smd,group23_evaluation,machine-2-3,sarad_official,0,7,19375,19416,"[26, 28, 1, 0, 2, 31, 3, 22, 30, 15, 18, 27, 20, 24, 33, 25, 6, 34, 32, 10, 21, 23, 29, 35, 5, 7, 13, 19, 4, 8, 16, 37, 36, 11, 14, 9, 12, 17]",1,1.0,0.04,0.07692307692307693,1.0,1,25,1,1
smd,group23_evaluation,machine-2-3,sarad_official,0,7,19375,19416,"[26, 28, 1, 0, 2, 31, 3, 22, 30, 15, 18, 27, 20, 24, 33, 25, 6, 34, 32, 10, 21, 23, 29, 35, 5, 7, 13, 19, 4, 8, 16, 37, 36, 11, 14, 9, 12, 17]",3,1.0,0.12,0.21428571428571425,1.0,1,25,3,3
smd,group23_evaluation,machine-2-3,sarad_official,0,7,19375,19416,"[26, 28, 1, 0, 2, 31, 3, 22, 30, 15, 18, 27, 20, 24, 33, 25, 6, 34, 32, 10, 21, 23, 29, 35, 5, 7, 13, 19, 4, 8, 16, 37, 36, 11, 14, 9, 12, 17]",5,1.0,0.2,0.33333333333333337,1.0,1,25,5,5
smd,group23_evaluation,machine-2-3,sarad_official,0,8,19545,19553,"[12, 11, 29, 6, 18, 17, 8, 28, 15, 26, 37, 16, 7, 4, 9, 27, 36, 13, 10, 32, 3, 20, 34, 35, 21, 14, 5, 25, 23, 33, 24, 30, 19, 2, 0, 31, 1, 22]",1,0.0,0.0,0.0,0.0,0,1,1,0
smd,group23_evaluation,machine-2-3,sarad_official,0,8,19545,19553,"[12, 11, 29, 6, 18, 17, 8, 28, 15, 26, 37, 16, 7, 4, 9, 27, 36, 13, 10, 32, 3, 20, 34, 35, 21, 14, 5, 25, 23, 33, 24, 30, 19, 2, 0, 31, 1, 22]",3,0.3333333333333333,1.0,0.5,0.6309297535714575,1,1,3,1
smd,group23_evaluation,machine-2-3,sarad_official,0,8,19545,19553,"[12, 11, 29, 6, 18, 17, 8, 28, 15, 26, 37, 16, 7, 4, 9, 27, 36, 13, 10, 32, 3, 20, 34, 35, 21, 14, 5, 25, 23, 33, 24, 30, 19, 2, 0, 31, 1, 22]",5,0.2,1.0,0.33333333333333337,0.6309297535714575,1,1,5,1
smd,group23_evaluation,machine-2-3,sarad_official,0,9,20253,20258,"[29, 32, 18, 6, 20, 28, 17, 37, 7, 33, 16, 4, 27, 26, 21, 36, 34, 8, 15, 35, 10, 9, 12, 11, 19, 30, 25, 5, 13, 23, 3, 24, 2, 14, 31, 0, 1, 22]",1,1.0,1.0,1.0,1.0,1,1,1,1
smd,group23_evaluation,machine-2-3,sarad_official,0,9,20253,20258,"[29, 32, 18, 6, 20, 28, 17, 37, 7, 33, 16, 4, 27, 26, 21, 36, 34, 8, 15, 35, 10, 9, 12, 11, 19, 30, 25, 5, 13, 23, 3, 24, 2, 14, 31, 0, 1, 22]",3,0.3333333333333333,1.0,0.5,1.0,1,1,3,1
smd,group23_evaluation,machine-2-3,sarad_official,0,9,20253,20258,"[29, 32, 18, 6, 20, 28, 17, 37, 7, 33, 16, 4, 27, 26, 21, 36, 34, 8, 15, 35, 10, 9, 12, 11, 19, 30, 25, 5, 13, 23, 3, 24, 2, 14, 31, 0, 1, 22]",5,0.2,1.0,0.33333333333333337,1.0,1,1,5,1
smd,group23_evaluation,machine-2-4,sarad_official,0,0,1012,1016,"[8, 14, 13, 12, 10, 15, 26, 11, 6, 9, 5, 32, 37, 28, 16, 7, 17, 36, 33, 4, 31, 21, 18, 27, 23, 25, 1, 24, 20, 2, 29, 30, 19, 34, 3, 0, 35, 22]",1,1.0,0.2,0.33333333333333337,1.0,1,5,1,1
smd,group23_evaluation,machine-2-4,sarad_official,0,0,1012,1016,"[8, 14, 13, 12, 10, 15, 26, 11, 6, 9, 5, 32, 37, 28, 16, 7, 17, 36, 33, 4, 31, 21, 18, 27, 23, 25, 1, 24, 20, 2, 29, 30, 19, 34, 3, 0, 35, 22]",3,1.0,0.6,0.7499999999999999,1.0,1,5,3,3
smd,group23_evaluation,machine-2-4,sarad_official,0,0,1012,1016,"[8, 14, 13, 12, 10, 15, 26, 11, 6, 9, 5, 32, 37, 28, 16, 7, 17, 36, 33, 4, 31, 21, 18, 27, 23, 25, 1, 24, 20, 2, 29, 30, 19, 34, 3, 0, 35, 22]",5,0.8,0.8,0.8000000000000002,0.8687949224876582,1,5,5,4
smd,group23_evaluation,machine-2-4,sarad_official,0,1,2098,2102,"[13, 32, 15, 6, 10, 5, 12, 17, 26, 28, 33, 37, 11, 1, 36, 16, 7, 4, 27, 9, 23, 8, 25, 18, 2, 31, 20, 3, 35, 21, 14, 30, 24, 34, 29, 19, 0, 22]",1,1.0,0.5,0.6666666666666666,1.0,1,2,1,1
smd,group23_evaluation,machine-2-4,sarad_official,0,1,2098,2102,"[13, 32, 15, 6, 10, 5, 12, 17, 26, 28, 33, 37, 11, 1, 36, 16, 7, 4, 27, 9, 23, 8, 25, 18, 2, 31, 20, 3, 35, 21, 14, 30, 24, 34, 29, 19, 0, 22]",3,0.3333333333333333,0.5,0.4,0.6131471927654584,1,2,3,1
smd,group23_evaluation,machine-2-4,sarad_official,0,1,2098,2102,"[13, 32, 15, 6, 10, 5, 12, 17, 26, 28, 33, 37, 11, 1, 36, 16, 7, 4, 27, 9, 23, 8, 25, 18, 2, 31, 20, 3, 35, 21, 14, 30, 24, 34, 29, 19, 0, 22]",5,0.2,0.5,0.28571428571428575,0.6131471927654584,1,2,5,1
smd,group23_evaluation,machine-2-4,sarad_official,0,2,3538,3542,"[13, 8, 14, 15, 12, 32, 6, 10, 26, 1, 17, 37, 5, 36, 28, 16, 27, 7, 9, 31, 4, 33, 11, 35, 2, 25, 18, 23, 20, 34, 3, 21, 19, 30, 29, 24, 0, 22]",1,1.0,0.3333333333333333,0.5,1.0,1,3,1,1
smd,group23_evaluation,machine-2-4,sarad_official,0,2,3538,3542,"[13, 8, 14, 15, 12, 32, 6, 10, 26, 1, 17, 37, 5, 36, 28, 16, 27, 7, 9, 31, 4, 33, 11, 35, 2, 25, 18, 23, 20, 34, 3, 21, 19, 30, 29, 24, 0, 22]",3,0.3333333333333333,0.3333333333333333,0.3333333333333333,0.46927872602275644,1,3,3,1
smd,group23_evaluation,machine-2-4,sarad_official,0,2,3538,3542,"[13, 8, 14, 15, 12, 32, 6, 10, 26, 1, 17, 37, 5, 36, 28, 16, 27, 7, 9, 31, 4, 33, 11, 35, 2, 25, 18, 23, 20, 34, 3, 21, 19, 30, 29, 24, 0, 22]",5,0.4,0.6666666666666666,0.5,0.6508205185601091,1,3,5,2
smd,group23_evaluation,machine-2-4,sarad_official,0,3,4576,4579,"[35, 31, 20, 32, 24, 5, 6, 36, 7, 10, 27, 23, 28, 29, 22, 21, 1, 37, 33, 16, 34, 15, 26, 8, 18, 9, 2, 17, 25, 12, 3, 14, 4, 30, 11, 0, 19, 13]",1,0.0,0.0,0.0,0.0,0,2,1,0
smd,group23_evaluation,machine-2-4,sarad_official,0,3,4576,4579,"[35, 31, 20, 32, 24, 5, 6, 36, 7, 10, 27, 23, 28, 29, 22, 21, 1, 37, 33, 16, 34, 15, 26, 8, 18, 9, 2, 17, 25, 12, 3, 14, 4, 30, 11, 0, 19, 13]",3,0.0,0.0,0.0,0.0,0,2,3,0
smd,group23_evaluation,machine-2-4,sarad_official,0,3,4576,4579,"[35, 31, 20, 32, 24, 5, 6, 36, 7, 10, 27, 23, 28, 29, 22, 21, 1, 37, 33, 16, 34, 15, 26, 8, 18, 9, 2, 17, 25, 12, 3, 14, 4, 30, 11, 0, 19, 13]",5,0.0,0.0,0.0,0.0,0,2,5,0
smd,group23_evaluation,machine-2-4,sarad_official,0,4,4976,4980,"[8, 13, 14, 15, 32, 10, 12, 6, 26, 5, 11, 31, 37, 17, 1, 9, 28, 16, 7, 36, 18, 27, 4, 2, 20, 25, 23, 35, 34, 3, 21, 33, 30, 29, 19, 24, 0, 22]",1,1.0,0.3333333333333333,0.5,1.0,1,3,1,1
smd,group23_evaluation,machine-2-4,sarad_official,0,4,4976,4980,"[8, 13, 14, 15, 32, 10, 12, 6, 26, 5, 11, 31, 37, 17, 1, 9, 28, 16, 7, 36, 18, 27, 4, 2, 20, 25, 23, 35, 34, 3, 21, 33, 30, 29, 19, 24, 0, 22]",3,0.6666666666666666,0.6666666666666666,0.6666666666666666,0.7653606369886217,1,3,3,2
smd,group23_evaluation,machine-2-4,sarad_official,0,4,4976,4980,"[8, 13, 14, 15, 32, 10, 12, 6, 26, 5, 11, 31, 37, 17, 1, 9, 28, 16, 7, 36, 18, 27, 4, 2, 20, 25, 23, 35, 34, 3, 21, 33, 30, 29, 19, 24, 0, 22]",5,0.4,0.6666666666666666,0.5,0.7653606369886217,1,3,5,2
smd,group23_evaluation,machine-2-4,sarad_official,0,5,5099,5380,"[0, 14, 15, 11, 13, 32, 10, 6, 8, 5, 26, 17, 37, 28, 16, 7, 1, 36, 4, 12, 9, 27, 23, 31, 25, 34, 35, 20, 2, 33, 21, 18, 3, 19, 24, 29, 30, 22]",1,1.0,0.2,0.33333333333333337,1.0,1,5,1,1
smd,group23_evaluation,machine-2-4,sarad_official,0,5,5099,5380,"[0, 14, 15, 11, 13, 32, 10, 6, 8, 5, 26, 17, 37, 28, 16, 7, 1, 36, 4, 12, 9, 27, 23, 31, 25, 34, 35, 20, 2, 33, 21, 18, 3, 19, 24, 29, 30, 22]",3,0.3333333333333333,0.2,0.25,0.46927872602275644,1,5,3,1
smd,group23_evaluation,machine-2-4,sarad_official,0,5,5099,5380,"[0, 14, 15, 11, 13, 32, 10, 6, 8, 5, 26, 17, 37, 28, 16, 7, 1, 36, 4, 12, 9, 27, 23, 31, 25, 34, 35, 20, 2, 33, 21, 18, 3, 19, 24, 29, 30, 22]",5,0.6,0.6,0.6,0.6164336326286644,1,5,5,3
smd,group23_evaluation,machine-2-4,sarad_official,0,6,6416,6419,"[8, 13, 31, 34, 35, 12, 14, 32, 15, 6, 10, 5, 26, 1, 9, 2, 16, 37, 17, 28, 36, 7, 27, 4, 18, 11, 20, 25, 21, 19, 23, 30, 3, 33, 29, 24, 0, 22]",1,1.0,0.3333333333333333,0.5,1.0,1,3,1,1
smd,group23_evaluation,machine-2-4,sarad_official,0,6,6416,6419,"[8, 13, 31, 34, 35, 12, 14, 32, 15, 6, 10, 5, 26, 1, 9, 2, 16, 37, 17, 28, 36, 7, 27, 4, 18, 11, 20, 25, 21, 19, 23, 30, 3, 33, 29, 24, 0, 22]",3,0.6666666666666666,0.6666666666666666,0.6666666666666666,0.7653606369886217,1,3,3,2
smd,group23_evaluation,machine-2-4,sarad_official,0,6,6416,6419,"[8, 13, 31, 34, 35, 12, 14, 32, 15, 6, 10, 5, 26, 1, 9, 2, 16, 37, 17, 28, 36, 7, 27, 4, 18, 11, 20, 25, 21, 19, 23, 30, 3, 33, 29, 24, 0, 22]",5,0.4,0.6666666666666666,0.5,0.7653606369886217,1,3,5,2
smd,group23_evaluation,machine-2-4,sarad_official,0,7,7856,7859,"[13, 8, 31, 14, 12, 34, 35, 32, 15, 10, 26, 6, 5, 37, 9, 1, 17, 36, 28, 16, 7, 27, 4, 11, 18, 2, 20, 21, 25, 3, 30, 23, 19, 29, 24, 33, 0, 22]",1,1.0,0.3333333333333333,0.5,1.0,1,3,1,1
smd,group23_evaluation,machine-2-4,sarad_official,0,7,7856,7859,"[13, 8, 31, 14, 12, 34, 35, 32, 15, 10, 26, 6, 5, 37, 9, 1, 17, 36, 28, 16, 7, 27, 4, 11, 18, 2, 20, 21, 25, 3, 30, 23, 19, 29, 24, 33, 0, 22]",3,0.6666666666666666,0.6666666666666666,0.6666666666666666,0.7653606369886217,1,3,3,2
smd,group23_evaluation,machine-2-4,sarad_official,0,7,7856,7859,"[13, 8, 31, 14, 12, 34, 35, 32, 15, 10, 26, 6, 5, 37, 9, 1, 17, 36, 28, 16, 7, 27, 4, 11, 18, 2, 20, 21, 25, 3, 30, 23, 19, 29, 24, 33, 0, 22]",5,0.6,1.0,0.7499999999999999,0.9469024295259745,1,3,5,3
smd,group23_evaluation,machine-2-4,sarad_official,0,8,9296,9300,"[13, 31, 34, 35, 32, 15, 10, 6, 5, 26, 1, 17, 28, 37, 16, 27, 36, 7, 4, 11, 18, 20, 23, 12, 9, 2, 8, 14, 25, 3, 21, 33, 30, 19, 29, 0, 24, 22]",1,1.0,1.0,1.0,1.0,1,1,1,1
smd,group23_evaluation,machine-2-4,sarad_official,0,8,9296,9300,"[13, 31, 34, 35, 32, 15, 10, 6, 5, 26, 1, 17, 28, 37, 16, 27, 36, 7, 4, 11, 18, 20, 23, 12, 9, 2, 8, 14, 25, 3, 21, 33, 30, 19, 29, 0, 24, 22]",3,0.3333333333333333,1.0,0.5,1.0,1,1,3,1
smd,group23_evaluation,machine-2-4,sarad_official,0,8,9296,9300,"[13, 31, 34, 35, 32, 15, 10, 6, 5, 26, 1, 17, 28, 37, 16, 27, 36, 7, 4, 11, 18, 20, 23, 12, 9, 2, 8, 14, 25, 3, 21, 33, 30, 19, 29, 0, 24, 22]",5,0.2,1.0,0.33333333333333337,1.0,1,1,5,1
smd,group23_evaluation,machine-2-4,sarad_official,0,9,9473,9505,"[11, 31, 32, 34, 35, 15, 6, 5, 10, 17, 28, 37, 7, 16, 26, 1, 4, 27, 36, 14, 8, 9, 23, 25, 12, 33, 2, 20, 19, 3, 24, 30, 0, 18, 21, 29, 13, 22]",1,1.0,1.0,1.0,1.0,1,1,1,1
smd,group23_evaluation,machine-2-4,sarad_official,0,9,9473,9505,"[11, 31, 32, 34, 35, 15, 6, 5, 10, 17, 28, 37, 7, 16, 26, 1, 4, 27, 36, 14, 8, 9, 23, 25, 12, 33, 2, 20, 19, 3, 24, 30, 0, 18, 21, 29, 13, 22]",3,0.3333333333333333,1.0,0.5,1.0,1,1,3,1
smd,group23_evaluation,machine-2-4,sarad_official,0,9,9473,9505,"[11, 31, 32, 34, 35, 15, 6, 5, 10, 17, 28, 37, 7, 16, 26, 1, 4, 27, 36, 14, 8, 9, 23, 25, 12, 33, 2, 20, 19, 3, 24, 30, 0, 18, 21, 29, 13, 22]",5,0.2,1.0,0.33333333333333337,1.0,1,1,5,1
smd,group23_evaluation,machine-2-4,sarad_official,0,10,10736,10739,"[8, 13, 31, 12, 34, 14, 35, 15, 10, 32, 26, 6, 9, 37, 5, 16, 1, 17, 28, 36, 7, 27, 11, 4, 18, 20, 21, 2, 25, 23, 24, 30, 19, 29, 3, 33, 0, 22]",1,1.0,0.3333333333333333,0.5,1.0,1,3,1,1
smd,group23_evaluation,machine-2-4,sarad_official,0,10,10736,10739,"[8, 13, 31, 12, 34, 14, 35, 15, 10, 32, 26, 6, 9, 37, 5, 16, 1, 17, 28, 36, 7, 27, 11, 4, 18, 20, 21, 2, 25, 23, 24, 30, 19, 29, 3, 33, 0, 22]",3,0.6666666666666666,0.6666666666666666,0.6666666666666666,0.7653606369886217,1,3,3,2
smd,group23_evaluation,machine-2-4,sarad_official,0,10,10736,10739,"[8, 13, 31, 12, 34, 14, 35, 15, 10, 32, 26, 6, 9, 37, 5, 16, 1, 17, 28, 36, 7, 27, 11, 4, 18, 20, 21, 2, 25, 23, 24, 30, 19, 29, 3, 33, 0, 22]",5,0.6,1.0,0.7499999999999999,0.9674679834891693,1,3,5,3
smd,group23_evaluation,machine-2-4,sarad_official,0,11,12176,12179,"[8, 13, 14, 31, 34, 32, 35, 15, 12, 26, 10, 6, 5, 11, 37, 9, 17, 28, 16, 20, 36, 7, 18, 27, 4, 1, 21, 2, 3, 25, 30, 23, 19, 24, 33, 29, 0, 22]",1,1.0,0.3333333333333333,0.5,1.0,1,3,1,1
smd,group23_evaluation,machine-2-4,sarad_official,0,11,12176,12179,"[8, 13, 14, 31, 34, 32, 35, 15, 12, 26, 10, 6, 5, 11, 37, 9, 17, 28, 16, 20, 36, 7, 18, 27, 4, 1, 21, 2, 3, 25, 30, 23, 19, 24, 33, 29, 0, 22]",3,0.6666666666666666,0.6666666666666666,0.6666666666666666,0.7653606369886217,1,3,3,2
smd,group23_evaluation,machine-2-4,sarad_official,0,11,12176,12179,"[8, 13, 14, 31, 34, 32, 35, 15, 12, 26, 10, 6, 5, 11, 37, 9, 17, 28, 16, 20, 36, 7, 18, 27, 4, 1, 21, 2, 3, 25, 30, 23, 19, 24, 33, 29, 0, 22]",5,0.4,0.6666666666666666,0.5,0.7653606369886217,1,3,5,2
smd,group23_evaluation,machine-2-4,sarad_official,0,12,13611,13640,"[13, 31, 14, 34, 8, 35, 32, 11, 12, 15, 10, 6, 26, 5, 37, 17, 28, 16, 9, 7, 36, 18, 27, 4, 20, 1, 21, 2, 19, 25, 3, 33, 23, 30, 24, 29, 0, 22]",1,1.0,0.3333333333333333,0.5,1.0,1,3,1,1
smd,group23_evaluation,machine-2-4,sarad_official,0,12,13611,13640,"[13, 31, 14, 34, 8, 35, 32, 11, 12, 15, 10, 6, 26, 5, 37, 17, 28, 16, 9, 7, 36, 18, 27, 4, 20, 1, 21, 2, 19, 25, 3, 33, 23, 30, 24, 29, 0, 22]",3,0.3333333333333333,0.3333333333333333,0.3333333333333333,0.46927872602275644,1,3,3,1
smd,group23_evaluation,machine-2-4,sarad_official,0,12,13611,13640,"[13, 31, 14, 34, 8, 35, 32, 11, 12, 15, 10, 6, 26, 5, 37, 17, 28, 16, 9, 7, 36, 18, 27, 4, 20, 1, 21, 2, 19, 25, 3, 33, 23, 30, 24, 29, 0, 22]",5,0.4,0.6666666666666666,0.5,0.6508205185601091,1,3,5,2
smd,group23_evaluation,machine-2-4,sarad_official,0,13,15056,15059,"[8, 13, 12, 32, 14, 15, 31, 34, 35, 6, 10, 5, 26, 9, 1, 37, 16, 17, 7, 28, 11, 36, 4, 27, 18, 2, 20, 21, 24, 25, 30, 3, 19, 33, 23, 29, 0, 22]",1,1.0,0.3333333333333333,0.5,1.0,1,3,1,1
smd,group23_evaluation,machine-2-4,sarad_official,0,13,15056,15059,"[8, 13, 12, 32, 14, 15, 31, 34, 35, 6, 10, 5, 26, 9, 1, 37, 16, 17, 7, 28, 11, 36, 4, 27, 18, 2, 20, 21, 24, 25, 30, 3, 19, 33, 23, 29, 0, 22]",3,1.0,1.0,1.0,1.0,1,3,3,3
smd,group23_evaluation,machine-2-4,sarad_official,0,13,15056,15059,"[8, 13, 12, 32, 14, 15, 31, 34, 35, 6, 10, 5, 26, 9, 1, 37, 16, 17, 7, 28, 11, 36, 4, 27, 18, 2, 20, 21, 24, 25, 30, 3, 19, 33, 23, 29, 0, 22]",5,0.6,1.0,0.7499999999999999,1.0,1,3,5,3
smd,group23_evaluation,machine-2-4,sarad_official,0,14,16525,16696,"[0, 14, 13, 31, 32, 15, 34, 8, 11, 35, 12, 6, 10, 5, 26, 1, 37, 9, 16, 17, 7, 28, 36, 23, 27, 4, 18, 25, 21, 2, 20, 24, 33, 19, 3, 30, 29, 22]",1,1.0,0.16666666666666666,0.2857142857142857,1.0,1,6,1,1
smd,group23_evaluation,machine-2-4,sarad_official,0,14,16525,16696,"[0, 14, 13, 31, 32, 15, 34, 8, 11, 35, 12, 6, 10, 5, 26, 1, 37, 9, 16, 17, 7, 28, 36, 23, 27, 4, 18, 25, 21, 2, 20, 24, 33, 19, 3, 30, 29, 22]",3,0.6666666666666666,0.3333333333333333,0.4444444444444444,0.7039180890341347,1,6,3,2
smd,group23_evaluation,machine-2-4,sarad_official,0,14,16525,16696,"[0, 14, 13, 31, 32, 15, 34, 8, 11, 35, 12, 6, 10, 5, 26, 1, 37, 9, 16, 17, 7, 28, 36, 23, 27, 4, 18, 25, 21, 2, 20, 24, 33, 19, 3, 30, 29, 22]",5,0.4,0.3333333333333333,0.3636363636363636,0.5087403079104241,1,6,5,2
smd,group23_evaluation,machine-2-4,sarad_official,0,15,17965,18350,"[0, 31, 34, 15, 35, 14, 32, 6, 11, 10, 13, 12, 8, 5, 26, 17, 16, 7, 37, 28, 1, 36, 9, 4, 27, 23, 20, 18, 25, 21, 2, 19, 33, 3, 30, 24, 29, 22]",1,1.0,0.16666666666666666,0.2857142857142857,1.0,1,6,1,1
smd,group23_evaluation,machine-2-4,sarad_official,0,15,17965,18350,"[0, 31, 34, 15, 35, 14, 32, 6, 11, 10, 13, 12, 8, 5, 26, 17, 16, 7, 37, 28, 1, 36, 9, 4, 27, 23, 20, 18, 25, 21, 2, 19, 33, 3, 30, 24, 29, 22]",3,0.3333333333333333,0.16666666666666666,0.2222222222222222,0.46927872602275644,1,6,3,1
smd,group23_evaluation,machine-2-4,sarad_official,0,15,17965,18350,"[0, 31, 34, 15, 35, 14, 32, 6, 11, 10, 13, 12, 8, 5, 26, 17, 16, 7, 37, 28, 1, 36, 9, 4, 27, 23, 20, 18, 25, 21, 2, 19, 33, 3, 30, 24, 29, 22]",5,0.2,0.16666666666666666,0.1818181818181818,0.3391602052736161,1,6,5,1
smd,group23_evaluation,machine-2-4,sarad_official,0,16,18579,18980,"[31, 29, 19, 3, 20, 35, 0, 32, 2, 18, 22, 1, 25, 23, 24, 21, 34, 30, 5, 10, 15, 6, 27, 36, 37, 7, 11, 8, 26, 16, 9, 14, 28, 33, 12, 4, 17, 13]",1,1.0,0.047619047619047616,0.0909090909090909,1.0,1,21,1,1
smd,group23_evaluation,machine-2-4,sarad_official,0,16,18579,18980,"[31, 29, 19, 3, 20, 35, 0, 32, 2, 18, 22, 1, 25, 23, 24, 21, 34, 30, 5, 10, 15, 6, 27, 36, 37, 7, 11, 8, 26, 16, 9, 14, 28, 33, 12, 4, 17, 13]",3,1.0,0.14285714285714285,0.25,1.0,1,21,3,3
smd,group23_evaluation,machine-2-4,sarad_official,0,16,18579,18980,"[31, 29, 19, 3, 20, 35, 0, 32, 2, 18, 22, 1, 25, 23, 24, 21, 34, 30, 5, 10, 15, 6, 27, 36, 37, 7, 11, 8, 26, 16, 9, 14, 28, 33, 12, 4, 17, 13]",5,1.0,0.23809523809523808,0.3846153846153846,1.0,1,21,5,5
smd,group23_evaluation,machine-2-4,sarad_official,0,17,19404,19741,"[0, 31, 34, 14, 35, 32, 15, 11, 10, 8, 6, 12, 13, 5, 26, 17, 16, 28, 37, 7, 36, 27, 9, 4, 1, 18, 23, 20, 21, 33, 19, 25, 30, 2, 3, 24, 29, 22]",1,1.0,0.16666666666666666,0.2857142857142857,1.0,1,6,1,1
smd,group23_evaluation,machine-2-4,sarad_official,0,17,19404,19741,"[0, 31, 34, 14, 35, 32, 15, 11, 10, 8, 6, 12, 13, 5, 26, 17, 16, 28, 37, 7, 36, 27, 9, 4, 1, 18, 23, 20, 21, 33, 19, 25, 30, 2, 3, 24, 29, 22]",3,0.3333333333333333,0.16666666666666666,0.2222222222222222,0.46927872602275644,1,6,3,1
smd,group23_evaluation,machine-2-4,sarad_official,0,17,19404,19741,"[0, 31, 34, 14, 35, 32, 15, 11, 10, 8, 6, 12, 13, 5, 26, 17, 16, 28, 37, 7, 36, 27, 9, 4, 1, 18, 23, 20, 21, 33, 19, 25, 30, 2, 3, 24, 29, 22]",5,0.2,0.16666666666666666,0.1818181818181818,0.3391602052736161,1,6,5,1
smd,group23_evaluation,machine-2-4,sarad_official,0,18,20844,20854,"[14, 31, 13, 0, 11, 34, 15, 35, 12, 8, 32, 10, 26, 6, 5, 37, 17, 28, 9, 18, 27, 1, 7, 16, 36, 20, 4, 21, 23, 2, 25, 30, 3, 19, 33, 24, 29, 22]",1,0.0,0.0,0.0,0.0,0,5,1,0
smd,group23_evaluation,machine-2-4,sarad_official,0,18,20844,20854,"[14, 31, 13, 0, 11, 34, 15, 35, 12, 8, 32, 10, 26, 6, 5, 37, 17, 28, 9, 18, 27, 1, 7, 16, 36, 20, 4, 21, 23, 2, 25, 30, 3, 19, 33, 24, 29, 22]",3,0.3333333333333333,0.2,0.25,0.23463936301137822,1,5,3,1
smd,group23_evaluation,machine-2-4,sarad_official,0,18,20844,20854,"[14, 31, 13, 0, 11, 34, 15, 35, 12, 8, 32, 10, 26, 6, 5, 37, 17, 28, 9, 18, 27, 1, 7, 16, 36, 20, 4, 21, 23, 2, 25, 30, 3, 19, 33, 24, 29, 22]",5,0.4,0.4,0.4000000000000001,0.3156484524795145,1,5,5,2
smd,group23_evaluation,machine-2-4,sarad_official,0,19,22284,22294,"[14, 13, 31, 11, 34, 15, 8, 12, 5, 35, 6, 32, 10, 26, 37, 28, 9, 17, 18, 36, 16, 1, 7, 27, 4, 2, 20, 21, 3, 23, 25, 19, 30, 33, 24, 29, 0, 22]",1,0.0,0.0,0.0,0.0,0,4,1,0
smd,group23_evaluation,machine-2-4,sarad_official,0,19,22284,22294,"[14, 13, 31, 11, 34, 15, 8, 12, 5, 35, 6, 32, 10, 26, 37, 28, 9, 17, 18, 36, 16, 1, 7, 27, 4, 2, 20, 21, 3, 23, 25, 19, 30, 33, 24, 29, 0, 22]",3,0.3333333333333333,0.25,0.28571428571428575,0.2960819109658652,1,4,3,1
smd,group23_evaluation,machine-2-4,sarad_official,0,19,22284,22294,"[14, 13, 31, 11, 34, 15, 8, 12, 5, 35, 6, 32, 10, 26, 37, 28, 9, 17, 18, 36, 16, 1, 7, 27, 4, 2, 20, 21, 3, 23, 25, 19, 30, 33, 24, 29, 0, 22]",5,0.2,0.25,0.22222222222222224,0.24630238874073,1,4,5,1
smd,group23_evaluation,machine-2-5,sarad_official,0,0,2585,2588,"[12, 9, 0, 8, 34, 28, 26, 22, 11, 37, 17, 7, 16, 36, 24, 4, 10, 35, 5, 32, 6, 13, 25, 27, 23, 20, 14, 30, 21, 31, 29, 33, 19, 3, 2, 18, 1, 15]",1,1.0,0.5,0.6666666666666666,1.0,1,2,1,1
smd,group23_evaluation,machine-2-5,sarad_official,0,0,2585,2588,"[12, 9, 0, 8, 34, 28, 26, 22, 11, 37, 17, 7, 16, 36, 24, 4, 10, 35, 5, 32, 6, 13, 25, 27, 23, 20, 14, 30, 21, 31, 29, 33, 19, 3, 2, 18, 1, 15]",3,0.6666666666666666,1.0,0.8,1.0,1,2,3,2
smd,group23_evaluation,machine-2-5,sarad_official,0,0,2585,2588,"[12, 9, 0, 8, 34, 28, 26, 22, 11, 37, 17, 7, 16, 36, 24, 4, 10, 35, 5, 32, 6, 13, 25, 27, 23, 20, 14, 30, 21, 31, 29, 33, 19, 3, 2, 18, 1, 15]",5,0.4,1.0,0.5714285714285715,1.0,1,2,5,2
smd,group23_evaluation,machine-2-5,sarad_official,0,1,4978,4983,"[12, 8, 13, 23, 26, 25, 29, 37, 17, 28, 16, 9, 11, 7, 36, 6, 4, 32, 27, 14, 24, 20, 10, 5, 19, 21, 33, 34, 3, 30, 31, 35, 0, 2, 18, 1, 15, 22]",1,1.0,0.5,0.6666666666666666,1.0,1,2,1,1
smd,group23_evaluation,machine-2-5,sarad_official,0,1,4978,4983,"[12, 8, 13, 23, 26, 25, 29, 37, 17, 28, 16, 9, 11, 7, 36, 6, 4, 32, 27, 14, 24, 20, 10, 5, 19, 21, 33, 34, 3, 30, 31, 35, 0, 2, 18, 1, 15, 22]",3,0.6666666666666666,1.0,0.8,0.9197207891481876,1,2,3,2
smd,group23_evaluation,machine-2-5,sarad_official,0,1,4978,4983,"[12, 8, 13, 23, 26, 25, 29, 37, 17, 28, 16, 9, 11, 7, 36, 6, 4, 32, 27, 14, 24, 20, 10, 5, 19, 21, 33, 34, 3, 30, 31, 35, 0, 2, 18, 1, 15, 22]",5,0.4,1.0,0.5714285714285715,0.9197207891481876,1,2,5,2
smd,group23_evaluation,machine-2-5,sarad_official,0,2,5100,5391,"[0, 12, 11, 14, 8, 13, 29, 26, 25, 37, 17, 16, 7, 10, 28, 23, 36, 9, 4, 32, 6, 27, 19, 24, 35, 5, 33, 20, 34, 21, 3, 30, 2, 15, 31, 18, 22, 1]",1,1.0,0.16666666666666666,0.2857142857142857,1.0,1,6,1,1
smd,group23_evaluation,machine-2-5,sarad_official,0,2,5100,5391,"[0, 12, 11, 14, 8, 13, 29, 26, 25, 37, 17, 16, 7, 10, 28, 23, 36, 9, 4, 32, 6, 27, 19, 24, 35, 5, 33, 20, 34, 21, 3, 30, 2, 15, 31, 18, 22, 1]",3,1.0,0.5,0.6666666666666666,1.0,1,6,3,3
smd,group23_evaluation,machine-2-5,sarad_official,0,2,5100,5391,"[0, 12, 11, 14, 8, 13, 29, 26, 25, 37, 17, 16, 7, 10, 28, 23, 36, 9, 4, 32, 6, 27, 19, 24, 35, 5, 33, 20, 34, 21, 3, 30, 2, 15, 31, 18, 22, 1]",5,1.0,0.8333333333333334,0.9090909090909091,1.0,1,6,5,5
smd,group23_evaluation,machine-2-5,sarad_official,0,3,6023,6026,"[33, 24, 35, 22, 34, 16, 29, 20, 7, 26, 37, 23, 36, 28, 6, 17, 27, 32, 12, 5, 9, 4, 25, 11, 10, 8, 18, 14, 21, 2, 15, 30, 19, 0, 31, 13, 3, 1]",1,1.0,0.5,0.6666666666666666,1.0,1,2,1,1
smd,group23_evaluation,machine-2-5,sarad_official,0,3,6023,6026,"[33, 24, 35, 22, 34, 16, 29, 20, 7, 26, 37, 23, 36, 28, 6, 17, 27, 32, 12, 5, 9, 4, 25, 11, 10, 8, 18, 14, 21, 2, 15, 30, 19, 0, 31, 13, 3, 1]",3,0.3333333333333333,0.5,0.4,0.6131471927654584,1,2,3,1
smd,group23_evaluation,machine-2-5,sarad_official,0,3,6023,6026,"[33, 24, 35, 22, 34, 16, 29, 20, 7, 26, 37, 23, 36, 28, 6, 17, 27, 32, 12, 5, 9, 4, 25, 11, 10, 8, 18, 14, 21, 2, 15, 30, 19, 0, 31, 13, 3, 1]",5,0.2,0.5,0.28571428571428575,0.6131471927654584,1,2,5,1
smd,group23_evaluation,machine-2-5,sarad_official,0,4,6417,6420,"[12, 8, 13, 25, 23, 26, 29, 11, 37, 9, 17, 16, 7, 28, 36, 14, 4, 32, 6, 27, 24, 10, 19, 20, 0, 5, 21, 18, 30, 33, 15, 31, 3, 2, 34, 35, 22, 1]",1,1.0,0.25,0.4,1.0,1,4,1,1
smd,group23_evaluation,machine-2-5,sarad_official,0,4,6417,6420,"[12, 8, 13, 25, 23, 26, 29, 11, 37, 9, 17, 16, 7, 28, 36, 14, 4, 32, 6, 27, 24, 10, 19, 20, 0, 5, 21, 18, 30, 33, 15, 31, 3, 2, 34, 35, 22, 1]",3,1.0,0.75,0.8571428571428571,1.0,1,4,3,3
smd,group23_evaluation,machine-2-5,sarad_official,0,4,6417,6420,"[12, 8, 13, 25, 23, 26, 29, 11, 37, 9, 17, 16, 7, 28, 36, 14, 4, 32, 6, 27, 24, 10, 19, 20, 0, 5, 21, 18, 30, 33, 15, 31, 3, 2, 34, 35, 22, 1]",5,0.6,0.75,0.6666666666666665,0.8318724637288826,1,4,5,3
smd,group23_evaluation,machine-2-5,sarad_official,0,5,7255,7258,"[9, 12, 1, 21, 13, 29, 8, 5, 26, 37, 20, 36, 4, 7, 28, 10, 24, 11, 22, 31, 17, 33, 16, 27, 32, 14, 6, 30, 3, 19, 2, 25, 23, 35, 0, 34, 18, 15]",1,1.0,0.5,0.6666666666666666,1.0,1,2,1,1
smd,group23_evaluation,machine-2-5,sarad_official,0,5,7255,7258,"[9, 12, 1, 21, 13, 29, 8, 5, 26, 37, 20, 36, 4, 7, 28, 10, 24, 11, 22, 31, 17, 33, 16, 27, 32, 14, 6, 30, 3, 19, 2, 25, 23, 35, 0, 34, 18, 15]",3,0.6666666666666666,1.0,0.8,1.0,1,2,3,2
smd,group23_evaluation,machine-2-5,sarad_official,0,5,7255,7258,"[9, 12, 1, 21, 13, 29, 8, 5, 26, 37, 20, 36, 4, 7, 28, 10, 24, 11, 22, 31, 17, 33, 16, 27, 32, 14, 6, 30, 3, 19, 2, 25, 23, 35, 0, 34, 18, 15]",5,0.4,1.0,0.5714285714285715,1.0,1,2,5,2
smd,group23_evaluation,machine-2-5,sarad_official,0,6,7857,7860,"[12, 8, 13, 26, 9, 37, 17, 28, 36, 7, 16, 4, 11, 6, 32, 23, 27, 24, 25, 20, 29, 14, 31, 5, 19, 10, 21, 30, 33, 15, 3, 34, 0, 18, 2, 35, 1, 22]",1,1.0,0.5,0.6666666666666666,1.0,1,2,1,1
smd,group23_evaluation,machine-2-5,sarad_official,0,6,7857,7860,"[12, 8, 13, 26, 9, 37, 17, 28, 36, 7, 16, 4, 11, 6, 32, 23, 27, 24, 25, 20, 29, 14, 31, 5, 19, 10, 21, 30, 33, 15, 3, 34, 0, 18, 2, 35, 1, 22]",3,0.6666666666666666,1.0,0.8,0.9197207891481876,1,2,3,2
smd,group23_evaluation,machine-2-5,sarad_official,0,6,7857,7860,"[12, 8, 13, 26, 9, 37, 17, 28, 36, 7, 16, 4, 11, 6, 32, 23, 27, 24, 25, 20, 29, 14, 31, 5, 19, 10, 21, 30, 33, 15, 3, 34, 0, 18, 2, 35, 1, 22]",5,0.4,1.0,0.5714285714285715,0.9197207891481876,1,2,5,2
smd,group23_evaluation,machine-2-5,sarad_official,0,7,9297,9300,"[12, 8, 25, 13, 23, 26, 9, 37, 6, 36, 17, 28, 7, 16, 11, 4, 24, 32, 27, 29, 14, 20, 31, 10, 19, 30, 21, 5, 33, 22, 3, 18, 0, 2, 34, 15, 35, 1]",1,1.0,0.5,0.6666666666666666,1.0,1,2,1,1
smd,group23_evaluation,machine-2-5,sarad_official,0,7,9297,9300,"[12, 8, 25, 13, 23, 26, 9, 37, 6, 36, 17, 28, 7, 16, 11, 4, 24, 32, 27, 29, 14, 20, 31, 10, 19, 30, 21, 5, 33, 22, 3, 18, 0, 2, 34, 15, 35, 1]",3,0.3333333333333333,0.5,0.4,0.6131471927654584,1,2,3,1
smd,group23_evaluation,machine-2-5,sarad_official,0,7,9297,9300,"[12, 8, 25, 13, 23, 26, 9, 37, 6, 36, 17, 28, 7, 16, 11, 4, 24, 32, 27, 29, 14, 20, 31, 10, 19, 30, 21, 5, 33, 22, 3, 18, 0, 2, 34, 15, 35, 1]",5,0.4,1.0,0.5714285714285715,0.8772153153380493,1,2,5,2
smd,group23_evaluation,machine-2-5,sarad_official,0,8,10737,10740,"[8, 12, 13, 26, 9, 37, 17, 7, 28, 16, 11, 14, 36, 31, 6, 29, 4, 23, 25, 32, 27, 10, 15, 19, 24, 20, 5, 18, 21, 0, 34, 33, 30, 3, 35, 2, 22, 1]",1,1.0,0.25,0.4,1.0,1,4,1,1
smd,group23_evaluation,machine-2-5,sarad_official,0,8,10737,10740,"[8, 12, 13, 26, 9, 37, 17, 7, 28, 16, 11, 14, 36, 31, 6, 29, 4, 23, 25, 32, 27, 10, 15, 19, 24, 20, 5, 18, 21, 0, 34, 33, 30, 3, 35, 2, 22, 1]",3,1.0,0.75,0.8571428571428571,1.0,1,4,3,3
smd,group23_evaluation,machine-2-5,sarad_official,0,8,10737,10740,"[8, 12, 13, 26, 9, 37, 17, 7, 28, 16, 11, 14, 36, 31, 6, 29, 4, 23, 25, 32, 27, 10, 15, 19, 24, 20, 5, 18, 21, 0, 34, 33, 30, 3, 35, 2, 22, 1]",5,0.6,0.75,0.6666666666666665,0.8318724637288826,1,4,5,3
smd,group23_evaluation,machine-2-5,sarad_official,0,9,12094,12120,"[0, 1, 3, 2, 8, 25, 29, 23, 7, 19, 11, 26, 5, 37, 28, 10, 36, 22, 9, 16, 31, 20, 4, 18, 21, 14, 17, 32, 27, 33, 24, 35, 12, 6, 34, 15, 13, 30]",1,1.0,0.16666666666666666,0.2857142857142857,1.0,1,6,1,1
smd,group23_evaluation,machine-2-5,sarad_official,0,9,12094,12120,"[0, 1, 3, 2, 8, 25, 29, 23, 7, 19, 11, 26, 5, 37, 28, 10, 36, 22, 9, 16, 31, 20, 4, 18, 21, 14, 17, 32, 27, 33, 24, 35, 12, 6, 34, 15, 13, 30]",3,1.0,0.5,0.6666666666666666,1.0,1,6,3,3
smd,group23_evaluation,machine-2-5,sarad_official,0,9,12094,12120,"[0, 1, 3, 2, 8, 25, 29, 23, 7, 19, 11, 26, 5, 37, 28, 10, 36, 22, 9, 16, 31, 20, 4, 18, 21, 14, 17, 32, 27, 33, 24, 35, 12, 6, 34, 15, 13, 30]",5,0.8,0.6666666666666666,0.7272727272727272,0.8687949224876582,1,6,5,4
smd,group23_evaluation,machine-2-5,sarad_official,0,10,12176,12183,"[0, 1, 12, 8, 2, 3, 13, 23, 25, 16, 26, 19, 37, 7, 14, 28, 21, 36, 31, 11, 29, 9, 17, 4, 32, 22, 18, 27, 24, 20, 6, 35, 5, 10, 34, 15, 33, 30]",1,0.0,0.0,0.0,0.0,0,3,1,0
smd,group23_evaluation,machine-2-5,sarad_official,0,10,12176,12183,"[0, 1, 12, 8, 2, 3, 13, 23, 25, 16, 26, 19, 37, 7, 14, 28, 21, 36, 31, 11, 29, 9, 17, 4, 32, 22, 18, 27, 24, 20, 6, 35, 5, 10, 34, 15, 33, 30]",3,0.3333333333333333,0.3333333333333333,0.3333333333333333,0.23463936301137822,1,3,3,1
smd,group23_evaluation,machine-2-5,sarad_official,0,10,12176,12183,"[0, 1, 12, 8, 2, 3, 13, 23, 25, 16, 26, 19, 37, 7, 14, 28, 21, 36, 31, 11, 29, 9, 17, 4, 32, 22, 18, 27, 24, 20, 6, 35, 5, 10, 34, 15, 33, 30]",5,0.4,0.6666666666666666,0.5,0.4367467095119258,1,3,5,2
smd,group23_evaluation,machine-2-5,sarad_official,0,11,13616,13619,"[12, 8, 13, 26, 9, 37, 17, 28, 7, 16, 11, 36, 23, 29, 6, 4, 25, 31, 32, 27, 24, 10, 14, 20, 0, 5, 19, 21, 15, 18, 30, 33, 3, 34, 22, 2, 35, 1]",1,1.0,0.25,0.4,1.0,1,4,1,1
smd,group23_evaluation,machine-2-5,sarad_official,0,11,13616,13619,"[12, 8, 13, 26, 9, 37, 17, 28, 7, 16, 11, 36, 23, 29, 6, 4, 25, 31, 32, 27, 24, 10, 14, 20, 0, 5, 19, 21, 15, 18, 30, 33, 3, 34, 22, 2, 35, 1]",3,1.0,0.75,0.8571428571428571,1.0,1,4,3,3
smd,group23_evaluation,machine-2-5,sarad_official,0,11,13616,13619,"[12, 8, 13, 26, 9, 37, 17, 28, 7, 16, 11, 36, 23, 29, 6, 4, 25, 31, 32, 27, 24, 10, 14, 20, 0, 5, 19, 21, 15, 18, 30, 33, 3, 34, 22, 2, 35, 1]",5,0.6,0.75,0.6666666666666665,0.8318724637288826,1,4,5,3
smd,group23_evaluation,machine-2-5,sarad_official,0,12,15056,15059,"[8, 12, 13, 29, 26, 11, 9, 37, 17, 7, 28, 16, 23, 25, 36, 14, 4, 31, 6, 32, 27, 24, 10, 19, 20, 5, 18, 15, 21, 0, 33, 30, 3, 34, 2, 35, 22, 1]",1,1.0,0.25,0.4,1.0,1,4,1,1
smd,group23_evaluation,machine-2-5,sarad_official,0,12,15056,15059,"[8, 12, 13, 29, 26, 11, 9, 37, 17, 7, 28, 16, 23, 25, 36, 14, 4, 31, 6, 32, 27, 24, 10, 19, 20, 5, 18, 15, 21, 0, 33, 30, 3, 34, 2, 35, 22, 1]",3,1.0,0.75,0.8571428571428571,1.0,1,4,3,3
smd,group23_evaluation,machine-2-5,sarad_official,0,12,15056,15059,"[8, 12, 13, 29, 26, 11, 9, 37, 17, 7, 28, 16, 23, 25, 36, 14, 4, 31, 6, 32, 27, 24, 10, 19, 20, 5, 18, 15, 21, 0, 33, 30, 3, 34, 2, 35, 22, 1]",5,0.6,0.75,0.6666666666666665,0.8318724637288826,1,4,5,3
smd,group23_evaluation,machine-2-5,sarad_official,0,13,16524,16549,"[12, 8, 0, 13, 29, 26, 9, 37, 14, 16, 17, 11, 7, 36, 28, 4, 23, 32, 6, 15, 25, 27, 24, 10, 19, 18, 20, 5, 31, 21, 34, 30, 33, 2, 3, 35, 22, 1]",1,1.0,0.2,0.33333333333333337,1.0,1,5,1,1
smd,group23_evaluation,machine-2-5,sarad_official,0,13,16524,16549,"[12, 8, 0, 13, 29, 26, 9, 37, 14, 16, 17, 11, 7, 36, 28, 4, 23, 32, 6, 15, 25, 27, 24, 10, 19, 18, 20, 5, 31, 21, 34, 30, 33, 2, 3, 35, 22, 1]",3,1.0,0.6,0.7499999999999999,1.0,1,5,3,3
smd,group23_evaluation,machine-2-5,sarad_official,0,13,16524,16549,"[12, 8, 0, 13, 29, 26, 9, 37, 14, 16, 17, 11, 7, 36, 28, 4, 23, 32, 6, 15, 25, 27, 24, 10, 19, 18, 20, 5, 31, 21, 34, 30, 33, 2, 3, 35, 22, 1]",5,0.8,0.8,0.8000000000000002,0.8687949224876582,1,5,5,4
smd,group23_evaluation,machine-2-5,sarad_official,0,14,17960,18331,"[0, 11, 12, 14, 13, 8, 29, 25, 23, 26, 37, 17, 16, 7, 28, 36, 9, 4, 10, 32, 27, 6, 19, 24, 5, 21, 35, 20, 3, 34, 33, 30, 31, 2, 18, 15, 1, 22]",1,1.0,0.16666666666666666,0.2857142857142857,1.0,1,6,1,1
smd,group23_evaluation,machine-2-5,sarad_official,0,14,17960,18331,"[0, 11, 12, 14, 13, 8, 29, 25, 23, 26, 37, 17, 16, 7, 28, 36, 9, 4, 10, 32, 27, 6, 19, 24, 5, 21, 35, 20, 3, 34, 33, 30, 31, 2, 18, 15, 1, 22]",3,1.0,0.5,0.6666666666666666,1.0,1,6,3,3
smd,group23_evaluation,machine-2-5,sarad_official,0,14,17960,18331,"[0, 11, 12, 14, 13, 8, 29, 25, 23, 26, 37, 17, 16, 7, 28, 36, 9, 4, 10, 32, 27, 6, 19, 24, 5, 21, 35, 20, 3, 34, 33, 30, 31, 2, 18, 15, 1, 22]",5,1.0,0.8333333333333334,0.9090909090909091,1.0,1,6,5,5
smd,group23_evaluation,machine-2-5,sarad_official,0,15,18592,18701,"[15, 18, 10, 20, 0, 29, 24, 21, 30, 22, 31, 27, 23, 25, 36, 11, 33, 26, 16, 5, 9, 34, 37, 7, 28, 35, 19, 8, 17, 6, 4, 32, 3, 14, 12, 2, 13, 1]",1,1.0,0.1,0.18181818181818182,1.0,1,10,1,1
smd,group23_evaluation,machine-2-5,sarad_official,0,15,18592,18701,"[15, 18, 10, 20, 0, 29, 24, 21, 30, 22, 31, 27, 23, 25, 36, 11, 33, 26, 16, 5, 9, 34, 37, 7, 28, 35, 19, 8, 17, 6, 4, 32, 3, 14, 12, 2, 13, 1]",3,1.0,0.3,0.4615384615384615,1.0,1,10,3,3
smd,group23_evaluation,machine-2-5,sarad_official,0,15,18592,18701,"[15, 18, 10, 20, 0, 29, 24, 21, 30, 22, 31, 27, 23, 25, 36, 11, 33, 26, 16, 5, 9, 34, 37, 7, 28, 35, 19, 8, 17, 6, 4, 32, 3, 14, 12, 2, 13, 1]",5,1.0,0.5,0.6666666666666666,1.0,1,10,5,5
smd,group23_evaluation,machine-2-5,sarad_official,0,16,18880,18951,"[28, 15, 10, 29, 0, 3, 31, 20, 18, 30, 27, 21, 24, 22, 34, 2, 35, 1, 26, 33, 7, 37, 6, 4, 25, 13, 16, 36, 19, 14, 23, 5, 12, 11, 32, 9, 8, 17]",1,1.0,0.045454545454545456,0.08695652173913045,1.0,1,22,1,1
smd,group23_evaluation,machine-2-5,sarad_official,0,16,18880,18951,"[28, 15, 10, 29, 0, 3, 31, 20, 18, 30, 27, 21, 24, 22, 34, 2, 35, 1, 26, 33, 7, 37, 6, 4, 25, 13, 16, 36, 19, 14, 23, 5, 12, 11, 32, 9, 8, 17]",3,1.0,0.13636363636363635,0.24000000000000002,1.0,1,22,3,3
smd,group23_evaluation,machine-2-5,sarad_official,0,16,18880,18951,"[28, 15, 10, 29, 0, 3, 31, 20, 18, 30, 27, 21, 24, 22, 34, 2, 35, 1, 26, 33, 7, 37, 6, 4, 25, 13, 16, 36, 19, 14, 23, 5, 12, 11, 32, 9, 8, 17]",5,0.8,0.18181818181818182,0.2962962962962963,0.8539316501572937,1,22,5,4
smd,group23_evaluation,machine-2-5,sarad_official,0,17,19405,19413,"[12, 8, 13, 26, 9, 37, 11, 17, 7, 28, 16, 36, 23, 25, 4, 6, 32, 31, 27, 29, 24, 0, 21, 14, 20, 10, 19, 5, 34, 30, 18, 33, 3, 22, 35, 15, 2, 1]",1,1.0,0.25,0.4,1.0,1,4,1,1
smd,group23_evaluation,machine-2-5,sarad_official,0,17,19405,19413,"[12, 8, 13, 26, 9, 37, 11, 17, 7, 28, 16, 36, 23, 25, 4, 6, 32, 31, 27, 29, 24, 0, 21, 14, 20, 10, 19, 5, 34, 30, 18, 33, 3, 22, 35, 15, 2, 1]",3,1.0,0.75,0.8571428571428571,1.0,1,4,3,3
smd,group23_evaluation,machine-2-5,sarad_official,0,17,19405,19413,"[12, 8, 13, 26, 9, 37, 11, 17, 7, 28, 16, 36, 23, 25, 4, 6, 32, 31, 27, 29, 24, 0, 21, 14, 20, 10, 19, 5, 34, 30, 18, 33, 3, 22, 35, 15, 2, 1]",5,0.6,0.75,0.6666666666666665,0.8318724637288826,1,4,5,3
smd,group23_evaluation,machine-2-5,sarad_official,0,18,20846,20854,"[8, 12, 13, 26, 25, 23, 37, 14, 9, 17, 16, 7, 28, 29, 36, 4, 6, 11, 0, 32, 27, 10, 15, 24, 31, 19, 5, 20, 21, 18, 30, 33, 34, 3, 2, 35, 22, 1]",1,1.0,0.25,0.4,1.0,1,4,1,1
smd,group23_evaluation,machine-2-5,sarad_official,0,18,20846,20854,"[8, 12, 13, 26, 25, 23, 37, 14, 9, 17, 16, 7, 28, 29, 36, 4, 6, 11, 0, 32, 27, 10, 15, 24, 31, 19, 5, 20, 21, 18, 30, 33, 34, 3, 2, 35, 22, 1]",3,1.0,0.75,0.8571428571428571,1.0,1,4,3,3
smd,group23_evaluation,machine-2-5,sarad_official,0,18,20846,20854,"[8, 12, 13, 26, 25, 23, 37, 14, 9, 17, 16, 7, 28, 29, 36, 4, 6, 11, 0, 32, 27, 10, 15, 24, 31, 19, 5, 20, 21, 18, 30, 33, 34, 3, 2, 35, 22, 1]",5,0.6,0.75,0.6666666666666665,0.8318724637288826,1,4,5,3
smd,group23_evaluation,machine-2-5,sarad_official,0,19,22283,22294,"[8, 12, 29, 13, 5, 0, 26, 9, 25, 37, 23, 17, 7, 16, 28, 11, 36, 4, 6, 14, 32, 27, 31, 24, 19, 10, 20, 15, 33, 21, 18, 30, 34, 3, 2, 35, 22, 1]",1,1.0,0.25,0.4,1.0,1,4,1,1
smd,group23_evaluation,machine-2-5,sarad_official,0,19,22283,22294,"[8, 12, 29, 13, 5, 0, 26, 9, 25, 37, 23, 17, 7, 16, 28, 11, 36, 4, 6, 14, 32, 27, 31, 24, 19, 10, 20, 15, 33, 21, 18, 30, 34, 3, 2, 35, 22, 1]",3,0.6666666666666666,0.5,0.5714285714285715,0.7653606369886217,1,4,3,2
smd,group23_evaluation,machine-2-5,sarad_official,0,19,22283,22294,"[8, 12, 29, 13, 5, 0, 26, 9, 25, 37, 23, 17, 7, 16, 28, 11, 36, 4, 6, 14, 32, 27, 31, 24, 19, 10, 20, 15, 33, 21, 18, 30, 34, 3, 2, 35, 22, 1]",5,0.6,0.75,0.6666666666666665,0.8048099750039491,1,4,5,3
smd,group23_evaluation,machine-2-5,sarad_official,0,20,23120,23141,"[0, 29, 22, 17, 26, 7, 28, 37, 16, 24, 25, 4, 11, 36, 23, 32, 8, 9, 27, 1, 6, 3, 2, 14, 12, 5, 33, 20, 10, 21, 19, 35, 13, 30, 34, 18, 31, 15]",1,1.0,0.3333333333333333,0.5,1.0,1,3,1,1
smd,group23_evaluation,machine-2-5,sarad_official,0,20,23120,23141,"[0, 29, 22, 17, 26, 7, 28, 37, 16, 24, 25, 4, 11, 36, 23, 32, 8, 9, 27, 1, 6, 3, 2, 14, 12, 5, 33, 20, 10, 21, 19, 35, 13, 30, 34, 18, 31, 15]",3,0.6666666666666666,0.6666666666666666,0.6666666666666666,0.7039180890341347,1,3,3,2
smd,group23_evaluation,machine-2-5,sarad_official,0,20,23120,23141,"[0, 29, 22, 17, 26, 7, 28, 37, 16, 24, 25, 4, 11, 36, 23, 32, 8, 9, 27, 1, 6, 3, 2, 14, 12, 5, 33, 20, 10, 21, 19, 35, 13, 30, 34, 18, 31, 15]",5,0.4,0.6666666666666666,0.5,0.7039180890341347,1,3,5,2
smd,group23_evaluation,machine-2-6,sarad_official,0,0,1170,1205,"[31, 34, 22, 24, 3, 1, 2, 21, 29, 0, 20, 19, 18, 35, 30, 6, 25, 27, 23, 8, 14, 26, 16, 37, 7, 10, 9, 15, 12, 11, 5, 36, 28, 4, 17, 13, 33, 32]",1,1.0,0.05,0.09523809523809523,1.0,1,20,1,1
smd,group23_evaluation,machine-2-6,sarad_official,0,0,1170,1205,"[31, 34, 22, 24, 3, 1, 2, 21, 29, 0, 20, 19, 18, 35, 30, 6, 25, 27, 23, 8, 14, 26, 16, 37, 7, 10, 9, 15, 12, 11, 5, 36, 28, 4, 17, 13, 33, 32]",3,1.0,0.15,0.2608695652173913,1.0,1,20,3,3
smd,group23_evaluation,machine-2-6,sarad_official,0,0,1170,1205,"[31, 34, 22, 24, 3, 1, 2, 21, 29, 0, 20, 19, 18, 35, 30, 6, 25, 27, 23, 8, 14, 26, 16, 37, 7, 10, 9, 15, 12, 11, 5, 36, 28, 4, 17, 13, 33, 32]",5,1.0,0.25,0.4,1.0,1,20,5,5
smd,group23_evaluation,machine-2-6,sarad_official,0,1,8188,8214,"[33, 22, 2, 14, 0, 3, 1, 19, 34, 21, 7, 8, 20, 27, 16, 29, 18, 13, 31, 32, 37, 36, 26, 35, 5, 30, 28, 9, 12, 11, 17, 4, 23, 25, 24, 10, 15, 6]",1,0.0,0.0,0.0,0.0,0,15,1,0
smd,group23_evaluation,machine-2-6,sarad_official,0,1,8188,8214,"[33, 22, 2, 14, 0, 3, 1, 19, 34, 21, 7, 8, 20, 27, 16, 29, 18, 13, 31, 32, 37, 36, 26, 35, 5, 30, 28, 9, 12, 11, 17, 4, 23, 25, 24, 10, 15, 6]",3,0.6666666666666666,0.13333333333333333,0.2222222222222222,0.5307212739772434,1,15,3,2
smd,group23_evaluation,machine-2-6,sarad_official,0,1,8188,8214,"[33, 22, 2, 14, 0, 3, 1, 19, 34, 21, 7, 8, 20, 27, 16, 29, 18, 13, 31, 32, 37, 36, 26, 35, 5, 30, 28, 9, 12, 11, 17, 4, 23, 25, 24, 10, 15, 6]",5,0.6,0.2,0.3,0.5147714448836774,1,15,5,3
smd,group23_evaluation,machine-2-6,sarad_official,0,2,8218,8235,"[33, 22, 0, 3, 2, 19, 29, 1, 21, 7, 30, 18, 20, 27, 34, 35, 14, 12, 16, 32, 31, 36, 37, 24, 8, 13, 26, 28, 9, 23, 6, 5, 17, 11, 4, 25, 10, 15]",1,0.0,0.0,0.0,0.0,0,15,1,0
smd,group23_evaluation,machine-2-6,sarad_official,0,2,8218,8235,"[33, 22, 0, 3, 2, 19, 29, 1, 21, 7, 30, 18, 20, 27, 34, 35, 14, 12, 16, 32, 31, 36, 37, 24, 8, 13, 26, 28, 9, 23, 6, 5, 17, 11, 4, 25, 10, 15]",3,0.6666666666666666,0.13333333333333333,0.2222222222222222,0.5307212739772434,1,15,3,2
smd,group23_evaluation,machine-2-6,sarad_official,0,2,8218,8235,"[33, 22, 0, 3, 2, 19, 29, 1, 21, 7, 30, 18, 20, 27, 34, 35, 14, 12, 16, 32, 31, 36, 37, 24, 8, 13, 26, 28, 9, 23, 6, 5, 17, 11, 4, 25, 10, 15]",5,0.8,0.26666666666666666,0.4,0.6608397947263839,1,15,5,4
smd,group23_evaluation,machine-2-6,sarad_official,0,3,13890,13995,"[33, 12, 11, 22, 3, 2, 14, 9, 1, 13, 8, 19, 16, 0, 10, 21, 26, 37, 36, 7, 27, 20, 28, 30, 17, 32, 4, 24, 15, 6, 5, 34, 23, 18, 29, 31, 25, 35]",1,1.0,0.25,0.4,1.0,1,4,1,1
smd,group23_evaluation,machine-2-6,sarad_official,0,3,13890,13995,"[33, 12, 11, 22, 3, 2, 14, 9, 1, 13, 8, 19, 16, 0, 10, 21, 26, 37, 36, 7, 27, 20, 28, 30, 17, 32, 4, 24, 15, 6, 5, 34, 23, 18, 29, 31, 25, 35]",3,1.0,0.75,0.8571428571428571,1.0,1,4,3,3
smd,group23_evaluation,machine-2-6,sarad_official,0,3,13890,13995,"[33, 12, 11, 22, 3, 2, 14, 9, 1, 13, 8, 19, 16, 0, 10, 21, 26, 37, 36, 7, 27, 20, 28, 30, 17, 32, 4, 24, 15, 6, 5, 34, 23, 18, 29, 31, 25, 35]",5,0.6,0.75,0.6666666666666665,0.8318724637288826,1,4,5,3
smd,group23_evaluation,machine-2-6,sarad_official,0,4,16720,16743,"[14, 5, 13, 8, 1, 0, 11, 2, 12, 17, 28, 16, 37, 26, 7, 4, 3, 36, 32, 27, 9, 22, 18, 6, 21, 30, 19, 25, 24, 35, 20, 33, 23, 10, 29, 34, 15, 31]",1,0.0,0.0,0.0,0.0,0,3,1,0
smd,group23_evaluation,machine-2-6,sarad_official,0,4,16720,16743,"[14, 5, 13, 8, 1, 0, 11, 2, 12, 17, 28, 16, 37, 26, 7, 4, 3, 36, 32, 27, 9, 22, 18, 6, 21, 30, 19, 25, 24, 35, 20, 33, 23, 10, 29, 34, 15, 31]",3,0.3333333333333333,0.3333333333333333,0.3333333333333333,0.23463936301137822,1,3,3,1
smd,group23_evaluation,machine-2-6,sarad_official,0,4,16720,16743,"[14, 5, 13, 8, 1, 0, 11, 2, 12, 17, 28, 16, 37, 26, 7, 4, 3, 36, 32, 27, 9, 22, 18, 6, 21, 30, 19, 25, 24, 35, 20, 33, 23, 10, 29, 34, 15, 31]",5,0.4,0.6666666666666666,0.5,0.4367467095119258,1,3,5,2
smd,group23_evaluation,machine-2-6,sarad_official,0,5,18122,18125,"[12, 9, 3, 2, 1, 14, 10, 16, 0, 11, 22, 8, 13, 36, 37, 7, 26, 17, 32, 28, 15, 4, 34, 19, 21, 29, 27, 6, 20, 35, 5, 31, 33, 25, 23, 18, 30, 24]",1,1.0,0.5,0.6666666666666666,1.0,1,2,1,1
smd,group23_evaluation,machine-2-6,sarad_official,0,5,18122,18125,"[12, 9, 3, 2, 1, 14, 10, 16, 0, 11, 22, 8, 13, 36, 37, 7, 26, 17, 32, 28, 15, 4, 34, 19, 21, 29, 27, 6, 20, 35, 5, 31, 33, 25, 23, 18, 30, 24]",3,0.6666666666666666,1.0,0.8,1.0,1,2,3,2
smd,group23_evaluation,machine-2-6,sarad_official,0,5,18122,18125,"[12, 9, 3, 2, 1, 14, 10, 16, 0, 11, 22, 8, 13, 36, 37, 7, 26, 17, 32, 28, 15, 4, 34, 19, 21, 29, 27, 6, 20, 35, 5, 31, 33, 25, 23, 18, 30, 24]",5,0.4,1.0,0.5714285714285715,1.0,1,2,5,2
smd,group23_evaluation,machine-2-6,sarad_official,0,6,20620,20738,"[0, 14, 11, 8, 12, 13, 5, 1, 26, 9, 37, 15, 7, 16, 17, 2, 36, 28, 4, 10, 3, 27, 32, 6, 21, 20, 22, 35, 33, 25, 23, 30, 19, 24, 29, 18, 34, 31]",1,0.0,0.0,0.0,0.0,0,3,1,0
smd,group23_evaluation,machine-2-6,sarad_official,0,6,20620,20738,"[0, 14, 11, 8, 12, 13, 5, 1, 26, 9, 37, 15, 7, 16, 17, 2, 36, 28, 4, 10, 3, 27, 32, 6, 21, 20, 22, 35, 33, 25, 23, 30, 19, 24, 29, 18, 34, 31]",3,0.3333333333333333,0.3333333333333333,0.3333333333333333,0.23463936301137822,1,3,3,1
smd,group23_evaluation,machine-2-6,sarad_official,0,6,20620,20738,"[0, 14, 11, 8, 12, 13, 5, 1, 26, 9, 37, 15, 7, 16, 17, 2, 36, 28, 4, 10, 3, 27, 32, 6, 21, 20, 22, 35, 33, 25, 23, 30, 19, 24, 29, 18, 34, 31]",5,0.4,0.6666666666666666,0.5,0.41618115554873086,1,3,5,2
smd,group23_evaluation,machine-2-6,sarad_official,0,7,27883,27980,"[22, 31, 29, 3, 2, 24, 20, 0, 6, 1, 18, 21, 34, 25, 19, 30, 23, 15, 35, 5, 27, 33, 14, 10, 32, 26, 7, 36, 37, 16, 8, 12, 11, 9, 13, 28, 4, 17]",1,1.0,0.047619047619047616,0.0909090909090909,1.0,1,21,1,1
smd,group23_evaluation,machine-2-6,sarad_official,0,7,27883,27980,"[22, 31, 29, 3, 2, 24, 20, 0, 6, 1, 18, 21, 34, 25, 19, 30, 23, 15, 35, 5, 27, 33, 14, 10, 32, 26, 7, 36, 37, 16, 8, 12, 11, 9, 13, 28, 4, 17]",3,1.0,0.14285714285714285,0.25,1.0,1,21,3,3
smd,group23_evaluation,machine-2-6,sarad_official,0,7,27883,27980,"[22, 31, 29, 3, 2, 24, 20, 0, 6, 1, 18, 21, 34, 25, 19, 30, 23, 15, 35, 5, 27, 33, 14, 10, 32, 26, 7, 36, 37, 16, 8, 12, 11, 9, 13, 28, 4, 17]",5,0.6,0.14285714285714285,0.23076923076923073,0.7227265726449519,1,21,5,3
smd,group23_evaluation,machine-2-7,sarad_official,0,0,664,667,"[12, 8, 13, 26, 9, 37, 17, 7, 28, 16, 36, 23, 4, 25, 14, 32, 6, 10, 11, 27, 24, 5, 19, 20, 31, 0, 21, 33, 30, 3, 18, 34, 29, 15, 35, 2, 1, 22]",1,1.0,0.3333333333333333,0.5,1.0,1,3,1,1
smd,group23_evaluation,machine-2-7,sarad_official,0,0,664,667,"[12, 8, 13, 26, 9, 37, 17, 7, 28, 16, 36, 23, 4, 25, 14, 32, 6, 10, 11, 27, 24, 5, 19, 20, 31, 0, 21, 33, 30, 3, 18, 34, 29, 15, 35, 2, 1, 22]",3,1.0,1.0,1.0,1.0,1,3,3,3
smd,group23_evaluation,machine-2-7,sarad_official,0,0,664,667,"[12, 8, 13, 26, 9, 37, 17, 7, 28, 16, 36, 23, 4, 25, 14, 32, 6, 10, 11, 27, 24, 5, 19, 20, 31, 0, 21, 33, 30, 3, 18, 34, 29, 15, 35, 2, 1, 22]",5,0.6,1.0,0.7499999999999999,1.0,1,3,5,3
smd,group23_evaluation,machine-2-7,sarad_official,0,1,2104,2107,"[12, 13, 26, 17, 28, 37, 16, 7, 36, 4, 9, 8, 32, 6, 27, 11, 23, 25, 24, 10, 14, 5, 0, 19, 33, 20, 21, 3, 30, 35, 34, 2, 29, 18, 22, 31, 1, 15]",1,1.0,0.5,0.6666666666666666,1.0,1,2,1,1
smd,group23_evaluation,machine-2-7,sarad_official,0,1,2104,2107,"[12, 13, 26, 17, 28, 37, 16, 7, 36, 4, 9, 8, 32, 6, 27, 11, 23, 25, 24, 10, 14, 5, 0, 19, 33, 20, 21, 3, 30, 35, 34, 2, 29, 18, 22, 31, 1, 15]",3,0.6666666666666666,1.0,0.8,1.0,1,2,3,2
smd,group23_evaluation,machine-2-7,sarad_official,0,1,2104,2107,"[12, 13, 26, 17, 28, 37, 16, 7, 36, 4, 9, 8, 32, 6, 27, 11, 23, 25, 24, 10, 14, 5, 0, 19, 33, 20, 21, 3, 30, 35, 34, 2, 29, 18, 22, 31, 1, 15]",5,0.4,1.0,0.5714285714285715,1.0,1,2,5,2
smd,group23_evaluation,machine-2-7,sarad_official,0,2,3544,3547,"[8, 12, 13, 11, 26, 37, 14, 17, 28, 16, 9, 7, 36, 4, 23, 32, 6, 25, 27, 33, 29, 5, 10, 19, 24, 0, 31, 20, 3, 21, 34, 30, 35, 18, 2, 15, 1, 22]",1,1.0,0.25,0.4,1.0,1,4,1,1
smd,group23_evaluation,machine-2-7,sarad_official,0,2,3544,3547,"[8, 12, 13, 11, 26, 37, 14, 17, 28, 16, 9, 7, 36, 4, 23, 32, 6, 25, 27, 33, 29, 5, 10, 19, 24, 0, 31, 20, 3, 21, 34, 30, 35, 18, 2, 15, 1, 22]",3,1.0,0.75,0.8571428571428571,1.0,1,4,3,3
smd,group23_evaluation,machine-2-7,sarad_official,0,2,3544,3547,"[8, 12, 13, 11, 26, 37, 14, 17, 28, 16, 9, 7, 36, 4, 23, 32, 6, 25, 27, 33, 29, 5, 10, 19, 24, 0, 31, 20, 3, 21, 34, 30, 35, 18, 2, 15, 1, 22]",5,0.6,0.75,0.6666666666666665,0.8318724637288826,1,4,5,3
smd,group23_evaluation,machine-2-7,sarad_official,0,3,4984,4987,"[8, 12, 13, 26, 25, 23, 14, 37, 17, 9, 28, 7, 16, 11, 6, 36, 4, 32, 27, 5, 29, 10, 19, 0, 21, 33, 24, 20, 31, 34, 3, 35, 18, 30, 2, 15, 1, 22]",1,1.0,0.25,0.4,1.0,1,4,1,1
smd,group23_evaluation,machine-2-7,sarad_official,0,3,4984,4987,"[8, 12, 13, 26, 25, 23, 14, 37, 17, 9, 28, 7, 16, 11, 6, 36, 4, 32, 27, 5, 29, 10, 19, 0, 21, 33, 24, 20, 31, 34, 3, 35, 18, 30, 2, 15, 1, 22]",3,1.0,0.75,0.8571428571428571,1.0,1,4,3,3
smd,group23_evaluation,machine-2-7,sarad_official,0,3,4984,4987,"[8, 12, 13, 26, 25, 23, 14, 37, 17, 9, 28, 7, 16, 11, 6, 36, 4, 32, 27, 5, 29, 10, 19, 0, 21, 33, 24, 20, 31, 34, 3, 35, 18, 30, 2, 15, 1, 22]",5,0.6,0.75,0.6666666666666665,0.8318724637288826,1,4,5,3
smd,group23_evaluation,machine-2-7,sarad_official,0,4,6030,6034,"[33, 24, 35, 12, 34, 7, 22, 16, 20, 26, 37, 36, 11, 28, 6, 29, 23, 27, 17, 32, 18, 9, 5, 4, 2, 10, 25, 21, 15, 8, 30, 31, 0, 19, 13, 3, 14, 1]",1,1.0,0.5,0.6666666666666666,1.0,1,2,1,1
smd,group23_evaluation,machine-2-7,sarad_official,0,4,6030,6034,"[33, 24, 35, 12, 34, 7, 22, 16, 20, 26, 37, 36, 11, 28, 6, 29, 23, 27, 17, 32, 18, 9, 5, 4, 2, 10, 25, 21, 15, 8, 30, 31, 0, 19, 13, 3, 14, 1]",3,0.3333333333333333,0.5,0.4,0.6131471927654584,1,2,3,1
smd,group23_evaluation,machine-2-7,sarad_official,0,4,6030,6034,"[33, 24, 35, 12, 34, 7, 22, 16, 20, 26, 37, 36, 11, 28, 6, 29, 23, 27, 17, 32, 18, 9, 5, 4, 2, 10, 25, 21, 15, 8, 30, 31, 0, 19, 13, 3, 14, 1]",5,0.2,0.5,0.28571428571428575,0.6131471927654584,1,2,5,1
smd,group23_evaluation,machine-2-7,sarad_official,0,5,7665,7669,"[29, 17, 11, 7, 28, 37, 16, 4, 26, 36, 12, 25, 32, 27, 8, 9, 6, 23, 5, 24, 33, 21, 10, 20, 19, 3, 14, 13, 35, 2, 30, 0, 34, 18, 1, 31, 22, 15]",1,1.0,1.0,1.0,1.0,1,1,1,1
smd,group23_evaluation,machine-2-7,sarad_official,0,5,7665,7669,"[29, 17, 11, 7, 28, 37, 16, 4, 26, 36, 12, 25, 32, 27, 8, 9, 6, 23, 5, 24, 33, 21, 10, 20, 19, 3, 14, 13, 35, 2, 30, 0, 34, 18, 1, 31, 22, 15]",3,0.3333333333333333,1.0,0.5,1.0,1,1,3,1
smd,group23_evaluation,machine-2-7,sarad_official,0,5,7665,7669,"[29, 17, 11, 7, 28, 37, 16, 4, 26, 36, 12, 25, 32, 27, 8, 9, 6, 23, 5, 24, 33, 21, 10, 20, 19, 3, 14, 13, 35, 2, 30, 0, 34, 18, 1, 31, 22, 15]",5,0.2,1.0,0.33333333333333337,1.0,1,1,5,1
smd,group23_evaluation,machine-2-7,sarad_official,0,6,7863,7867,"[12, 8, 26, 9, 37, 13, 17, 29, 28, 7, 16, 36, 14, 4, 6, 11, 32, 27, 10, 23, 24, 25, 5, 20, 19, 33, 21, 31, 3, 34, 30, 0, 35, 18, 15, 2, 22, 1]",1,1.0,0.25,0.4,1.0,1,4,1,1
smd,group23_evaluation,machine-2-7,sarad_official,0,6,7863,7867,"[12, 8, 26, 9, 37, 13, 17, 29, 28, 7, 16, 36, 14, 4, 6, 11, 32, 27, 10, 23, 24, 25, 5, 20, 19, 33, 21, 31, 3, 34, 30, 0, 35, 18, 15, 2, 22, 1]",3,0.6666666666666666,0.5,0.5714285714285715,0.7653606369886217,1,4,3,2
smd,group23_evaluation,machine-2-7,sarad_official,0,6,7863,7867,"[12, 8, 26, 9, 37, 13, 17, 29, 28, 7, 16, 36, 14, 4, 6, 11, 32, 27, 10, 23, 24, 25, 5, 20, 19, 33, 21, 31, 3, 34, 30, 0, 35, 18, 15, 2, 22, 1]",5,0.4,0.5,0.4444444444444445,0.6366824387328317,1,4,5,2
smd,group23_evaluation,machine-2-7,sarad_official,0,7,9304,9307,"[12, 8, 25, 23, 13, 29, 9, 26, 37, 7, 6, 14, 17, 36, 28, 16, 4, 24, 32, 11, 31, 10, 27, 20, 19, 5, 21, 30, 15, 0, 33, 3, 18, 2, 34, 35, 22, 1]",1,1.0,0.25,0.4,1.0,1,4,1,1
smd,group23_evaluation,machine-2-7,sarad_official,0,7,9304,9307,"[12, 8, 25, 23, 13, 29, 9, 26, 37, 7, 6, 14, 17, 36, 28, 16, 4, 24, 32, 11, 31, 10, 27, 20, 19, 5, 21, 30, 15, 0, 33, 3, 18, 2, 34, 35, 22, 1]",3,0.6666666666666666,0.5,0.5714285714285715,0.7653606369886217,1,4,3,2
smd,group23_evaluation,machine-2-7,sarad_official,0,7,9304,9307,"[12, 8, 25, 23, 13, 29, 9, 26, 37, 7, 6, 14, 17, 36, 28, 16, 4, 24, 32, 11, 31, 10, 27, 20, 19, 5, 21, 30, 15, 0, 33, 3, 18, 2, 34, 35, 22, 1]",5,0.6,0.75,0.6666666666666665,0.787702056960637,1,4,5,3
smd,group23_evaluation,machine-2-7,sarad_official,0,8,10744,10747,"[12, 8, 13, 29, 26, 9, 37, 14, 7, 17, 16, 28, 36, 31, 6, 23, 4, 11, 32, 10, 25, 27, 24, 5, 0, 19, 20, 21, 15, 18, 34, 30, 33, 3, 35, 2, 22, 1]",1,1.0,0.25,0.4,1.0,1,4,1,1
smd,group23_evaluation,machine-2-7,sarad_official,0,8,10744,10747,"[12, 8, 13, 29, 26, 9, 37, 14, 7, 17, 16, 28, 36, 31, 6, 23, 4, 11, 32, 10, 25, 27, 24, 5, 0, 19, 20, 21, 15, 18, 34, 30, 33, 3, 35, 2, 22, 1]",3,1.0,0.75,0.8571428571428571,1.0,1,4,3,3
smd,group23_evaluation,machine-2-7,sarad_official,0,8,10744,10747,"[12, 8, 13, 29, 26, 9, 37, 14, 7, 17, 16, 28, 36, 31, 6, 23, 4, 11, 32, 10, 25, 27, 24, 5, 0, 19, 20, 21, 15, 18, 34, 30, 33, 3, 35, 2, 22, 1]",5,0.6,0.75,0.6666666666666665,0.8318724637288826,1,4,5,3
smd,group23_evaluation,machine-2-7,sarad_official,0,9,12099,12127,"[0, 1, 3, 2, 12, 29, 8, 11, 25, 7, 19, 5, 23, 26, 10, 14, 36, 37, 28, 16, 31, 9, 21, 22, 4, 17, 20, 18, 32, 27, 35, 33, 24, 15, 6, 34, 13, 30]",1,1.0,0.16666666666666666,0.2857142857142857,1.0,1,6,1,1
smd,group23_evaluation,machine-2-7,sarad_official,0,9,12099,12127,"[0, 1, 3, 2, 12, 29, 8, 11, 25, 7, 19, 5, 23, 26, 10, 14, 36, 37, 28, 16, 31, 9, 21, 22, 4, 17, 20, 18, 32, 27, 35, 33, 24, 15, 6, 34, 13, 30]",3,1.0,0.5,0.6666666666666666,1.0,1,6,3,3
smd,group23_evaluation,machine-2-7,sarad_official,0,9,12099,12127,"[0, 1, 3, 2, 12, 29, 8, 11, 25, 7, 19, 5, 23, 26, 10, 14, 36, 37, 28, 16, 31, 9, 21, 22, 4, 17, 20, 18, 32, 27, 35, 33, 24, 15, 6, 34, 13, 30]",5,0.8,0.6666666666666666,0.7272727272727272,0.8687949224876582,1,6,5,4
smd,group23_evaluation,machine-2-7,sarad_official,0,10,13623,13625,"[8, 12, 13, 29, 26, 9, 37, 17, 14, 7, 28, 36, 16, 4, 23, 6, 11, 32, 31, 25, 27, 10, 0, 24, 5, 20, 21, 19, 18, 33, 3, 15, 30, 34, 2, 35, 22, 1]",1,1.0,0.25,0.4,1.0,1,4,1,1
smd,group23_evaluation,machine-2-7,sarad_official,0,10,13623,13625,"[8, 12, 13, 29, 26, 9, 37, 17, 14, 7, 28, 36, 16, 4, 23, 6, 11, 32, 31, 25, 27, 10, 0, 24, 5, 20, 21, 19, 18, 33, 3, 15, 30, 34, 2, 35, 22, 1]",3,1.0,0.75,0.8571428571428571,1.0,1,4,3,3
smd,group23_evaluation,machine-2-7,sarad_official,0,10,13623,13625,"[8, 12, 13, 29, 26, 9, 37, 17, 14, 7, 28, 36, 16, 4, 23, 6, 11, 32, 31, 25, 27, 10, 0, 24, 5, 20, 21, 19, 18, 33, 3, 15, 30, 34, 2, 35, 22, 1]",5,0.6,0.75,0.6666666666666665,0.8318724637288826,1,4,5,3
smd,group23_evaluation,machine-2-7,sarad_official,0,11,14934,14938,"[33, 29, 17, 37, 28, 7, 16, 26, 4, 32, 36, 23, 25, 27, 9, 6, 12, 11, 8, 5, 24, 10, 14, 3, 20, 13, 19, 21, 30, 2, 0, 35, 34, 1, 18, 31, 22, 15]",1,1.0,0.5,0.6666666666666666,1.0,1,2,1,1
smd,group23_evaluation,machine-2-7,sarad_official,0,11,14934,14938,"[33, 29, 17, 37, 28, 7, 16, 26, 4, 32, 36, 23, 25, 27, 9, 6, 12, 11, 8, 5, 24, 10, 14, 3, 20, 13, 19, 21, 30, 2, 0, 35, 34, 1, 18, 31, 22, 15]",3,0.3333333333333333,0.5,0.4,0.6131471927654584,1,2,3,1
smd,group23_evaluation,machine-2-7,sarad_official,0,11,14934,14938,"[33, 29, 17, 37, 28, 7, 16, 26, 4, 32, 36, 23, 25, 27, 9, 6, 12, 11, 8, 5, 24, 10, 14, 3, 20, 13, 19, 21, 30, 2, 0, 35, 34, 1, 18, 31, 22, 15]",5,0.2,0.5,0.28571428571428575,0.6131471927654584,1,2,5,1
smd,group23_evaluation,machine-2-7,sarad_official,0,12,15063,15066,"[12, 8, 13, 29, 26, 9, 37, 14, 17, 7, 28, 16, 36, 23, 25, 4, 31, 6, 32, 10, 11, 27, 24, 5, 20, 19, 0, 21, 15, 18, 33, 34, 3, 30, 22, 2, 35, 1]",1,1.0,0.25,0.4,1.0,1,4,1,1
smd,group23_evaluation,machine-2-7,sarad_official,0,12,15063,15066,"[12, 8, 13, 29, 26, 9, 37, 14, 17, 7, 28, 16, 36, 23, 25, 4, 31, 6, 32, 10, 11, 27, 24, 5, 20, 19, 0, 21, 15, 18, 33, 34, 3, 30, 22, 2, 35, 1]",3,1.0,0.75,0.8571428571428571,1.0,1,4,3,3
smd,group23_evaluation,machine-2-7,sarad_official,0,12,15063,15066,"[12, 8, 13, 29, 26, 9, 37, 14, 17, 7, 28, 16, 36, 23, 25, 4, 31, 6, 32, 10, 11, 27, 24, 5, 20, 19, 0, 21, 15, 18, 33, 34, 3, 30, 22, 2, 35, 1]",5,0.6,0.75,0.6666666666666665,0.8318724637288826,1,4,5,3
smd,group23_evaluation,machine-2-7,sarad_official,0,13,16534,16557,"[12, 8, 29, 0, 14, 26, 9, 13, 37, 16, 17, 7, 36, 28, 11, 32, 4, 23, 6, 10, 15, 27, 25, 19, 24, 31, 5, 20, 21, 18, 34, 30, 35, 22, 33, 3, 2, 1]",1,1.0,0.25,0.4,1.0,1,4,1,1
smd,group23_evaluation,machine-2-7,sarad_official,0,13,16534,16557,"[12, 8, 29, 0, 14, 26, 9, 13, 37, 16, 17, 7, 36, 28, 11, 32, 4, 23, 6, 10, 15, 27, 25, 19, 24, 31, 5, 20, 21, 18, 34, 30, 35, 22, 33, 3, 2, 1]",3,0.6666666666666666,0.5,0.5714285714285715,0.7653606369886217,1,4,3,2
smd,group23_evaluation,machine-2-7,sarad_official,0,13,16534,16557,"[12, 8, 29, 0, 14, 26, 9, 13, 37, 16, 17, 7, 36, 28, 11, 32, 4, 23, 6, 10, 15, 27, 25, 19, 24, 31, 5, 20, 21, 18, 34, 30, 35, 22, 33, 3, 2, 1]",5,0.6,0.75,0.6666666666666665,0.787702056960637,1,4,5,3
smd,group23_evaluation,machine-2-7,sarad_official,0,14,17978,17981,"[12, 8, 29, 13, 14, 9, 26, 37, 7, 16, 17, 28, 36, 10, 25, 4, 21, 23, 24, 6, 15, 32, 20, 27, 0, 11, 19, 31, 18, 5, 34, 30, 3, 35, 2, 33, 1, 22]",1,1.0,0.25,0.4,1.0,1,4,1,1
smd,group23_evaluation,machine-2-7,sarad_official,0,14,17978,17981,"[12, 8, 29, 13, 14, 9, 26, 37, 7, 16, 17, 28, 36, 10, 25, 4, 21, 23, 24, 6, 15, 32, 20, 27, 0, 11, 19, 31, 18, 5, 34, 30, 3, 35, 2, 33, 1, 22]",3,0.6666666666666666,0.5,0.5714285714285715,0.7653606369886217,1,4,3,2
smd,group23_evaluation,machine-2-7,sarad_official,0,14,17978,17981,"[12, 8, 29, 13, 14, 9, 26, 37, 7, 16, 17, 28, 36, 10, 25, 4, 21, 23, 24, 6, 15, 32, 20, 27, 0, 11, 19, 31, 18, 5, 34, 30, 3, 35, 2, 33, 1, 22]",5,0.8,1.0,0.888888888888889,0.9558295932317544,1,4,5,4
smd,group23_evaluation,machine-2-7,sarad_official,0,15,18639,18944,"[28, 15, 10, 29, 31, 0, 20, 18, 3, 30, 21, 27, 24, 22, 34, 35, 26, 2, 7, 33, 5, 1, 6, 37, 23, 4, 25, 36, 12, 13, 16, 11, 19, 9, 8, 32, 14, 17]",1,1.0,0.047619047619047616,0.0909090909090909,1.0,1,21,1,1
smd,group23_evaluation,machine-2-7,sarad_official,0,15,18639,18944,"[28, 15, 10, 29, 31, 0, 20, 18, 3, 30, 21, 27, 24, 22, 34, 35, 26, 2, 7, 33, 5, 1, 6, 37, 23, 4, 25, 36, 12, 13, 16, 11, 19, 9, 8, 32, 14, 17]",3,1.0,0.14285714285714285,0.25,1.0,1,21,3,3
smd,group23_evaluation,machine-2-7,sarad_official,0,15,18639,18944,"[28, 15, 10, 29, 31, 0, 20, 18, 3, 30, 21, 27, 24, 22, 34, 35, 26, 2, 7, 33, 5, 1, 6, 37, 23, 4, 25, 36, 12, 13, 16, 11, 19, 9, 8, 32, 14, 17]",5,0.8,0.19047619047619047,0.3076923076923077,0.8539316501572937,1,21,5,4
smd,group23_evaluation,machine-2-7,sarad_official,0,16,19411,19418,"[12, 8, 29, 5, 14, 9, 26, 11, 37, 16, 17, 7, 28, 23, 36, 13, 4, 6, 25, 32, 31, 27, 10, 21, 24, 20, 0, 19, 35, 34, 18, 33, 15, 30, 3, 22, 2, 1]",1,1.0,0.25,0.4,1.0,1,4,1,1
smd,group23_evaluation,machine-2-7,sarad_official,0,16,19411,19418,"[12, 8, 29, 5, 14, 9, 26, 11, 37, 16, 17, 7, 28, 23, 36, 13, 4, 6, 25, 32, 31, 27, 10, 21, 24, 20, 0, 19, 35, 34, 18, 33, 15, 30, 3, 22, 2, 1]",3,0.6666666666666666,0.5,0.5714285714285715,0.7653606369886217,1,4,3,2
smd,group23_evaluation,machine-2-7,sarad_official,0,16,19411,19418,"[12, 8, 29, 5, 14, 9, 26, 11, 37, 16, 17, 7, 28, 23, 36, 13, 4, 6, 25, 32, 31, 27, 10, 21, 24, 20, 0, 19, 35, 34, 18, 33, 15, 30, 3, 22, 2, 1]",5,0.6,0.75,0.6666666666666665,0.787702056960637,1,4,5,3
smd,group23_evaluation,machine-2-7,sarad_official,0,17,20853,20857,"[12, 8, 29, 23, 25, 26, 9, 14, 37, 13, 17, 7, 16, 28, 36, 4, 11, 32, 6, 27, 5, 24, 10, 20, 19, 31, 0, 15, 30, 18, 21, 33, 3, 34, 35, 2, 22, 1]",1,1.0,0.25,0.4,1.0,1,4,1,1
smd,group23_evaluation,machine-2-7,sarad_official,0,17,20853,20857,"[12, 8, 29, 23, 25, 26, 9, 14, 37, 13, 17, 7, 16, 28, 36, 4, 11, 32, 6, 27, 5, 24, 10, 20, 19, 31, 0, 15, 30, 18, 21, 33, 3, 34, 35, 2, 22, 1]",3,0.6666666666666666,0.5,0.5714285714285715,0.7653606369886217,1,4,3,2
smd,group23_evaluation,machine-2-7,sarad_official,0,17,20853,20857,"[12, 8, 29, 23, 25, 26, 9, 14, 37, 13, 17, 7, 16, 28, 36, 4, 11, 32, 6, 27, 5, 24, 10, 20, 19, 31, 0, 15, 30, 18, 21, 33, 3, 34, 35, 2, 22, 1]",5,0.4,0.5,0.4444444444444445,0.6366824387328317,1,4,5,2
smd,group23_evaluation,machine-2-7,sarad_official,0,18,22291,22296,"[8, 12, 29, 5, 14, 26, 37, 9, 23, 25, 17, 16, 7, 28, 13, 36, 4, 11, 6, 32, 27, 31, 24, 10, 19, 20, 0, 33, 21, 18, 30, 3, 34, 15, 2, 35, 22, 1]",1,1.0,0.25,0.4,1.0,1,4,1,1
smd,group23_evaluation,machine-2-7,sarad_official,0,18,22291,22296,"[8, 12, 29, 5, 14, 26, 37, 9, 23, 25, 17, 16, 7, 28, 13, 36, 4, 11, 6, 32, 27, 31, 24, 10, 19, 20, 0, 33, 21, 18, 30, 3, 34, 15, 2, 35, 22, 1]",3,0.6666666666666666,0.5,0.5714285714285715,0.7653606369886217,1,4,3,2
smd,group23_evaluation,machine-2-7,sarad_official,0,18,22291,22296,"[8, 12, 29, 5, 14, 26, 37, 9, 23, 25, 17, 16, 7, 28, 13, 36, 4, 11, 6, 32, 27, 31, 24, 10, 19, 20, 0, 33, 21, 18, 30, 3, 34, 15, 2, 35, 22, 1]",5,0.6,0.75,0.6666666666666665,0.787702056960637,1,4,5,3
smd,group23_evaluation,machine-2-7,sarad_official,0,19,22924,22927,"[9, 29, 5, 1, 21, 31, 12, 25, 23, 27, 19, 20, 26, 8, 37, 7, 33, 24, 36, 4, 28, 3, 30, 34, 18, 10, 35, 16, 22, 13, 6, 11, 2, 14, 32, 17, 0, 15]",1,1.0,1.0,1.0,1.0,1,1,1,1
smd,group23_evaluation,machine-2-7,sarad_official,0,19,22924,22927,"[9, 29, 5, 1, 21, 31, 12, 25, 23, 27, 19, 20, 26, 8, 37, 7, 33, 24, 36, 4, 28, 3, 30, 34, 18, 10, 35, 16, 22, 13, 6, 11, 2, 14, 32, 17, 0, 15]",3,0.3333333333333333,1.0,0.5,1.0,1,1,3,1
smd,group23_evaluation,machine-2-7,sarad_official,0,19,22924,22927,"[9, 29, 5, 1, 21, 31, 12, 25, 23, 27, 19, 20, 26, 8, 37, 7, 33, 24, 36, 4, 28, 3, 30, 34, 18, 10, 35, 16, 22, 13, 6, 11, 2, 14, 32, 17, 0, 15]",5,0.2,1.0,0.33333333333333337,1.0,1,1,5,1
smd,group23_evaluation,machine-2-8,sarad_official,0,0,17580,17741,"[28, 15, 9, 0, 16, 3, 14, 8, 19, 2, 29, 18, 10, 1, 36, 33, 13, 20, 31, 30, 17, 25, 34, 21, 37, 32, 22, 26, 35, 6, 4, 27, 7, 12, 5, 11, 24, 23]",1,1.0,0.029411764705882353,0.05714285714285715,1.0,1,34,1,1
smd,group23_evaluation,machine-2-8,sarad_official,0,0,17580,17741,"[28, 15, 9, 0, 16, 3, 14, 8, 19, 2, 29, 18, 10, 1, 36, 33, 13, 20, 31, 30, 17, 25, 34, 21, 37, 32, 22, 26, 35, 6, 4, 27, 7, 12, 5, 11, 24, 23]",3,1.0,0.08823529411764706,0.1621621621621622,1.0,1,34,3,3
smd,group23_evaluation,machine-2-8,sarad_official,0,0,17580,17741,"[28, 15, 9, 0, 16, 3, 14, 8, 19, 2, 29, 18, 10, 1, 36, 33, 13, 20, 31, 30, 17, 25, 34, 21, 37, 32, 22, 26, 35, 6, 4, 27, 7, 12, 5, 11, 24, 23]",5,1.0,0.14705882352941177,0.25641025641025644,1.0,1,34,5,5
smd,group23_evaluation,machine-2-9,sarad_official,0,0,15131,15253,"[24, 19, 1, 3, 0, 35, 2, 34, 18, 30, 21, 6, 33, 20, 26, 7, 28, 27, 16, 36, 17, 37, 9, 10, 8, 15, 4, 32, 5, 12, 29, 11, 25, 31, 23, 22, 14, 13]",1,0.0,0.0,0.0,0.0,0,12,1,0
smd,group23_evaluation,machine-2-9,sarad_official,0,0,15131,15253,"[24, 19, 1, 3, 0, 35, 2, 34, 18, 30, 21, 6, 33, 20, 26, 7, 28, 27, 16, 36, 17, 37, 9, 10, 8, 15, 4, 32, 5, 12, 29, 11, 25, 31, 23, 22, 14, 13]",3,0.6666666666666666,0.16666666666666666,0.26666666666666666,0.5307212739772434,1,12,3,2
smd,group23_evaluation,machine-2-9,sarad_official,0,0,15131,15253,"[24, 19, 1, 3, 0, 35, 2, 34, 18, 30, 21, 6, 33, 20, 26, 7, 28, 27, 16, 36, 17, 37, 9, 10, 8, 15, 4, 32, 5, 12, 29, 11, 25, 31, 23, 22, 14, 13]",5,0.8,0.3333333333333333,0.47058823529411764,0.6608397947263839,1,12,5,4
smd,group23_evaluation,machine-2-9,sarad_official,0,1,15598,16012,"[9, 14, 12, 1, 11, 8, 35, 24, 34, 19, 10, 20, 3, 13, 18, 6, 33, 26, 15, 7, 30, 2, 36, 0, 16, 37, 21, 28, 5, 17, 4, 27, 32, 23, 25, 29, 31, 22]",1,1.0,0.05555555555555555,0.10526315789473684,1.0,1,18,1,1
smd,group23_evaluation,machine-2-9,sarad_official,0,1,15598,16012,"[9, 14, 12, 1, 11, 8, 35, 24, 34, 19, 10, 20, 3, 13, 18, 6, 33, 26, 15, 7, 30, 2, 36, 0, 16, 37, 21, 28, 5, 17, 4, 27, 32, 23, 25, 29, 31, 22]",3,1.0,0.16666666666666666,0.2857142857142857,1.0,1,18,3,3
smd,group23_evaluation,machine-2-9,sarad_official,0,1,15598,16012,"[9, 14, 12, 1, 11, 8, 35, 24, 34, 19, 10, 20, 3, 13, 18, 6, 33, 26, 15, 7, 30, 2, 36, 0, 16, 37, 21, 28, 5, 17, 4, 27, 32, 23, 25, 29, 31, 22]",5,1.0,0.2777777777777778,0.4347826086956522,1.0,1,18,5,5
smd,group23_evaluation,machine-2-9,sarad_official,0,2,16729,16982,"[9, 35, 34, 12, 11, 14, 1, 8, 20, 10, 33, 13, 24, 30, 6, 26, 21, 15, 5, 36, 7, 37, 16, 18, 28, 22, 0, 29, 19, 23, 25, 31, 3, 2, 4, 27, 32, 17]",1,1.0,0.125,0.2222222222222222,1.0,1,8,1,1
smd,group23_evaluation,machine-2-9,sarad_official,0,2,16729,16982,"[9, 35, 34, 12, 11, 14, 1, 8, 20, 10, 33, 13, 24, 30, 6, 26, 21, 15, 5, 36, 7, 37, 16, 18, 28, 22, 0, 29, 19, 23, 25, 31, 3, 2, 4, 27, 32, 17]",3,0.3333333333333333,0.125,0.18181818181818182,0.46927872602275644,1,8,3,1
smd,group23_evaluation,machine-2-9,sarad_official,0,2,16729,16982,"[9, 35, 34, 12, 11, 14, 1, 8, 20, 10, 33, 13, 24, 30, 6, 26, 21, 15, 5, 36, 7, 37, 16, 18, 28, 22, 0, 29, 19, 23, 25, 31, 3, 2, 4, 27, 32, 17]",5,0.6,0.375,0.4615384615384615,0.6164336326286644,1,8,5,3
smd,group23_evaluation,machine-2-9,sarad_official,0,3,17083,17286,"[3, 22, 2, 19, 1, 18, 24, 0, 21, 25, 30, 31, 20, 23, 35, 34, 27, 32, 7, 6, 36, 29, 33, 5, 37, 26, 16, 10, 9, 15, 28, 14, 8, 17, 4, 11, 12, 13]",1,1.0,0.05,0.09523809523809523,1.0,1,20,1,1
smd,group23_evaluation,machine-2-9,sarad_official,0,3,17083,17286,"[3, 22, 2, 19, 1, 18, 24, 0, 21, 25, 30, 31, 20, 23, 35, 34, 27, 32, 7, 6, 36, 29, 33, 5, 37, 26, 16, 10, 9, 15, 28, 14, 8, 17, 4, 11, 12, 13]",3,1.0,0.15,0.2608695652173913,1.0,1,20,3,3
smd,group23_evaluation,machine-2-9,sarad_official,0,3,17083,17286,"[3, 22, 2, 19, 1, 18, 24, 0, 21, 25, 30, 31, 20, 23, 35, 34, 27, 32, 7, 6, 36, 29, 33, 5, 37, 26, 16, 10, 9, 15, 28, 14, 8, 17, 4, 11, 12, 13]",5,1.0,0.25,0.4,1.0,1,20,5,5
smd,group23_evaluation,machine-2-9,sarad_official,0,4,17914,18096,"[11, 12, 14, 9, 35, 10, 34, 13, 15, 6, 33, 26, 8, 24, 7, 16, 37, 28, 36, 17, 4, 32, 1, 27, 5, 21, 23, 20, 25, 3, 19, 0, 2, 29, 18, 30, 31, 22]",1,1.0,0.2,0.33333333333333337,1.0,1,5,1,1
smd,group23_evaluation,machine-2-9,sarad_official,0,4,17914,18096,"[11, 12, 14, 9, 35, 10, 34, 13, 15, 6, 33, 26, 8, 24, 7, 16, 37, 28, 36, 17, 4, 32, 1, 27, 5, 21, 23, 20, 25, 3, 19, 0, 2, 29, 18, 30, 31, 22]",3,1.0,0.6,0.7499999999999999,1.0,1,5,3,3
smd,group23_evaluation,machine-2-9,sarad_official,0,4,17914,18096,"[11, 12, 14, 9, 35, 10, 34, 13, 15, 6, 33, 26, 8, 24, 7, 16, 37, 28, 36, 17, 4, 32, 1, 27, 5, 21, 23, 20, 25, 3, 19, 0, 2, 29, 18, 30, 31, 22]",5,0.6,0.6,0.6,0.7227265726449519,1,5,5,3
smd,group23_evaluation,machine-2-9,sarad_official,0,5,19157,19501,"[9, 14, 12, 11, 8, 13, 33, 10, 15, 6, 26, 35, 7, 25, 36, 23, 37, 16, 28, 1, 20, 24, 30, 4, 34, 17, 5, 21, 29, 32, 27, 19, 0, 3, 18, 22, 2, 31]",1,1.0,0.1111111111111111,0.19999999999999998,1.0,1,9,1,1
smd,group23_evaluation,machine-2-9,sarad_official,0,5,19157,19501,"[9, 14, 12, 11, 8, 13, 33, 10, 15, 6, 26, 35, 7, 25, 36, 23, 37, 16, 28, 1, 20, 24, 30, 4, 34, 17, 5, 21, 29, 32, 27, 19, 0, 3, 18, 22, 2, 31]",3,1.0,0.3333333333333333,0.5,1.0,1,9,3,3
smd,group23_evaluation,machine-2-9,sarad_official,0,5,19157,19501,"[9, 14, 12, 11, 8, 13, 33, 10, 15, 6, 26, 35, 7, 25, 36, 23, 37, 16, 28, 1, 20, 24, 30, 4, 34, 17, 5, 21, 29, 32, 27, 19, 0, 3, 18, 22, 2, 31]",5,1.0,0.5555555555555556,0.7142857142857143,1.0,1,9,5,5
smd,group23_evaluation,machine-2-9,sarad_official,0,6,20615,20845,"[9, 12, 11, 14, 1, 10, 8, 33, 13, 35, 15, 6, 36, 26, 37, 34, 7, 24, 16, 20, 28, 25, 18, 17, 23, 4, 21, 5, 29, 22, 27, 32, 3, 19, 2, 0, 30, 31]",1,1.0,0.125,0.2222222222222222,1.0,1,8,1,1
smd,group23_evaluation,machine-2-9,sarad_official,0,6,20615,20845,"[9, 12, 11, 14, 1, 10, 8, 33, 13, 35, 15, 6, 36, 26, 37, 34, 7, 24, 16, 20, 28, 25, 18, 17, 23, 4, 21, 5, 29, 22, 27, 32, 3, 19, 2, 0, 30, 31]",3,1.0,0.375,0.5454545454545454,1.0,1,8,3,3
smd,group23_evaluation,machine-2-9,sarad_official,0,6,20615,20845,"[9, 12, 11, 14, 1, 10, 8, 33, 13, 35, 15, 6, 36, 26, 37, 34, 7, 24, 16, 20, 28, 25, 18, 17, 23, 4, 21, 5, 29, 22, 27, 32, 3, 19, 2, 0, 30, 31]",5,0.8,0.5,0.6153846153846154,0.8687949224876582,1,8,5,4
smd,group23_evaluation,machine-2-9,sarad_official,0,7,24475,24478,"[8, 14, 12, 1, 35, 13, 15, 26, 37, 34, 9, 10, 11, 17, 6, 7, 16, 28, 36, 33, 4, 32, 5, 27, 19, 18, 20, 2, 25, 23, 31, 0, 21, 24, 29, 3, 30, 22]",1,1.0,0.25,0.4,1.0,1,4,1,1
smd,group23_evaluation,machine-2-9,sarad_official,0,7,24475,24478,"[8, 14, 12, 1, 35, 13, 15, 26, 37, 34, 9, 10, 11, 17, 6, 7, 16, 28, 36, 33, 4, 32, 5, 27, 19, 18, 20, 2, 25, 23, 31, 0, 21, 24, 29, 3, 30, 22]",3,1.0,0.75,0.8571428571428571,1.0,1,4,3,3
smd,group23_evaluation,machine-2-9,sarad_official,0,7,24475,24478,"[8, 14, 12, 1, 35, 13, 15, 26, 37, 34, 9, 10, 11, 17, 6, 7, 16, 28, 36, 33, 4, 32, 5, 27, 19, 18, 20, 2, 25, 23, 31, 0, 21, 24, 29, 3, 30, 22]",5,0.6,0.75,0.6666666666666665,0.8318724637288826,1,4,5,3
smd,group23_evaluation,machine-2-9,sarad_official,0,8,25904,25906,"[8, 13, 14, 35, 12, 26, 34, 37, 6, 9, 17, 16, 0, 7, 28, 11, 10, 33, 4, 1, 36, 32, 15, 27, 21, 5, 2, 18, 23, 20, 25, 19, 30, 3, 24, 29, 31, 22]",1,1.0,0.25,0.4,1.0,1,4,1,1
smd,group23_evaluation,machine-2-9,sarad_official,0,8,25904,25906,"[8, 13, 14, 35, 12, 26, 34, 37, 6, 9, 17, 16, 0, 7, 28, 11, 10, 33, 4, 1, 36, 32, 15, 27, 21, 5, 2, 18, 23, 20, 25, 19, 30, 3, 24, 29, 31, 22]",3,1.0,0.75,0.8571428571428571,1.0,1,4,3,3
smd,group23_evaluation,machine-2-9,sarad_official,0,8,25904,25906,"[8, 13, 14, 35, 12, 26, 34, 37, 6, 9, 17, 16, 0, 7, 28, 11, 10, 33, 4, 1, 36, 32, 15, 27, 21, 5, 2, 18, 23, 20, 25, 19, 30, 3, 24, 29, 31, 22]",5,0.8,1.0,0.888888888888889,0.9828920819566879,1,4,5,4
smd,group23_evaluation,machine-2-9,sarad_official,0,9,27356,27358,"[8, 12, 13, 14, 35, 26, 34, 15, 37, 10, 9, 33, 6, 16, 17, 11, 28, 7, 36, 4, 32, 1, 5, 27, 18, 23, 25, 20, 19, 2, 24, 21, 31, 29, 3, 0, 30, 22]",1,1.0,0.25,0.4,1.0,1,4,1,1
smd,group23_evaluation,machine-2-9,sarad_official,0,9,27356,27358,"[8, 12, 13, 14, 35, 26, 34, 15, 37, 10, 9, 33, 6, 16, 17, 11, 28, 7, 36, 4, 32, 1, 5, 27, 18, 23, 25, 20, 19, 2, 24, 21, 31, 29, 3, 0, 30, 22]",3,1.0,0.75,0.8571428571428571,1.0,1,4,3,3
smd,group23_evaluation,machine-2-9,sarad_official,0,9,27356,27358,"[8, 12, 13, 14, 35, 26, 34, 15, 37, 10, 9, 33, 6, 16, 17, 11, 28, 7, 36, 4, 32, 1, 5, 27, 18, 23, 25, 20, 19, 2, 24, 21, 31, 29, 3, 0, 30, 22]",5,0.8,1.0,0.888888888888889,1.0,1,4,5,4
smd,group23_evaluation,machine-3-1,sarad_official,0,0,1209,1240,"[25, 23, 22, 10, 15, 31, 8, 11, 0, 27, 5, 20, 12, 21, 13, 14, 19, 36, 26, 37, 18, 16, 17, 7, 30, 28, 32, 9, 4, 6, 2, 3, 35, 33, 24, 1, 29, 34]",1,1.0,0.08333333333333333,0.15384615384615385,1.0,1,12,1,1
smd,group23_evaluation,machine-3-1,sarad_official,0,0,1209,1240,"[25, 23, 22, 10, 15, 31, 8, 11, 0, 27, 5, 20, 12, 21, 13, 14, 19, 36, 26, 37, 18, 16, 17, 7, 30, 28, 32, 9, 4, 6, 2, 3, 35, 33, 24, 1, 29, 34]",3,1.0,0.25,0.4,1.0,1,12,3,3
smd,group23_evaluation,machine-3-1,sarad_official,0,0,1209,1240,"[25, 23, 22, 10, 15, 31, 8, 11, 0, 27, 5, 20, 12, 21, 13, 14, 19, 36, 26, 37, 18, 16, 17, 7, 30, 28, 32, 9, 4, 6, 2, 3, 35, 33, 24, 1, 29, 34]",5,0.6,0.25,0.35294117647058826,0.7227265726449519,1,12,5,3
smd,group23_evaluation,machine-3-1,sarad_official,0,1,5399,5530,"[26, 10, 32, 15, 23, 25, 33, 34, 13, 22, 19, 35, 7, 28, 3, 29, 20, 31, 4, 21, 5, 0, 2, 18, 1, 16, 14, 6, 8, 36, 37, 24, 30, 11, 12, 9, 27, 17]",1,1.0,0.3333333333333333,0.5,1.0,1,3,1,1
smd,group23_evaluation,machine-3-1,sarad_official,0,1,5399,5530,"[26, 10, 32, 15, 23, 25, 33, 34, 13, 22, 19, 35, 7, 28, 3, 29, 20, 31, 4, 21, 5, 0, 2, 18, 1, 16, 14, 6, 8, 36, 37, 24, 30, 11, 12, 9, 27, 17]",3,0.6666666666666666,0.6666666666666666,0.6666666666666666,0.7039180890341347,1,3,3,2
smd,group23_evaluation,machine-3-1,sarad_official,0,1,5399,5530,"[26, 10, 32, 15, 23, 25, 33, 34, 13, 22, 19, 35, 7, 28, 3, 29, 20, 31, 4, 21, 5, 0, 2, 18, 1, 16, 14, 6, 8, 36, 37, 24, 30, 11, 12, 9, 27, 17]",5,0.4,0.6666666666666666,0.5,0.7039180890341347,1,3,5,2
smd,group23_evaluation,machine-3-1,sarad_official,0,2,10696,10717,"[10, 15, 11, 1, 0, 5, 14, 8, 13, 9, 12, 21, 27, 20, 19, 18, 2, 30, 26, 7, 16, 37, 3, 28, 17, 25, 32, 36, 4, 23, 35, 29, 31, 6, 34, 33, 24, 22]",1,0.0,0.0,0.0,0.0,0,8,1,0
smd,group23_evaluation,machine-3-1,sarad_official,0,2,10696,10717,"[10, 15, 11, 1, 0, 5, 14, 8, 13, 9, 12, 21, 27, 20, 19, 18, 2, 30, 26, 7, 16, 37, 3, 28, 17, 25, 32, 36, 4, 23, 35, 29, 31, 6, 34, 33, 24, 22]",3,0.0,0.0,0.0,0.0,0,8,3,0
smd,group23_evaluation,machine-3-1,sarad_official,0,2,10696,10717,"[10, 15, 11, 1, 0, 5, 14, 8, 13, 9, 12, 21, 27, 20, 19, 18, 2, 30, 26, 7, 16, 37, 3, 28, 17, 25, 32, 36, 4, 23, 35, 29, 31, 6, 34, 33, 24, 22]",5,0.4,0.25,0.3076923076923077,0.27727342735504823,1,8,5,2
smd,group23_evaluation,machine-3-1,sarad_official,0,3,27839,27964,"[0, 3, 2, 1, 34, 18, 20, 35, 19, 30, 21, 27, 10, 22, 5, 31, 9, 15, 36, 13, 14, 11, 23, 12, 25, 24, 7, 6, 16, 26, 29, 8, 33, 37, 4, 28, 32, 17]",1,1.0,0.06666666666666667,0.125,1.0,1,15,1,1
smd,group23_evaluation,machine-3-1,sarad_official,0,3,27839,27964,"[0, 3, 2, 1, 34, 18, 20, 35, 19, 30, 21, 27, 10, 22, 5, 31, 9, 15, 36, 13, 14, 11, 23, 12, 25, 24, 7, 6, 16, 26, 29, 8, 33, 37, 4, 28, 32, 17]",3,1.0,0.2,0.33333333333333337,1.0,1,15,3,3
smd,group23_evaluation,machine-3-1,sarad_official,0,3,27839,27964,"[0, 3, 2, 1, 34, 18, 20, 35, 19, 30, 21, 27, 10, 22, 5, 31, 9, 15, 36, 13, 14, 11, 23, 12, 25, 24, 7, 6, 16, 26, 29, 8, 33, 37, 4, 28, 32, 17]",5,1.0,0.3333333333333333,0.5,1.0,1,15,5,5
smd,group23_evaluation,machine-3-10,sarad_official,0,0,326,329,"[32, 33, 37, 7, 2, 36, 28, 16, 5, 23, 9, 15, 17, 0, 26, 6, 4, 11, 19, 12, 27, 1, 34, 8, 20, 22, 35, 24, 3, 10, 30, 25, 31, 13, 21, 18, 14, 29]",1,1.0,0.5,0.6666666666666666,1.0,1,2,1,1
smd,group23_evaluation,machine-3-10,sarad_official,0,0,326,329,"[32, 33, 37, 7, 2, 36, 28, 16, 5, 23, 9, 15, 17, 0, 26, 6, 4, 11, 19, 12, 27, 1, 34, 8, 20, 22, 35, 24, 3, 10, 30, 25, 31, 13, 21, 18, 14, 29]",3,0.6666666666666666,1.0,0.8,1.0,1,2,3,2
smd,group23_evaluation,machine-3-10,sarad_official,0,0,326,329,"[32, 33, 37, 7, 2, 36, 28, 16, 5, 23, 9, 15, 17, 0, 26, 6, 4, 11, 19, 12, 27, 1, 34, 8, 20, 22, 35, 24, 3, 10, 30, 25, 31, 13, 21, 18, 14, 29]",5,0.4,1.0,0.5714285714285715,1.0,1,2,5,2
smd,group23_evaluation,machine-3-10,sarad_official,0,1,2155,2228,"[12, 11, 5, 8, 14, 36, 33, 26, 13, 37, 16, 9, 23, 17, 7, 28, 4, 6, 32, 27, 25, 0, 1, 2, 3, 10, 19, 20, 15, 18, 24, 21, 35, 29, 34, 30, 31, 22]",1,1.0,0.2,0.33333333333333337,1.0,1,5,1,1
smd,group23_evaluation,machine-3-10,sarad_official,0,1,2155,2228,"[12, 11, 5, 8, 14, 36, 33, 26, 13, 37, 16, 9, 23, 17, 7, 28, 4, 6, 32, 27, 25, 0, 1, 2, 3, 10, 19, 20, 15, 18, 24, 21, 35, 29, 34, 30, 31, 22]",3,0.6666666666666666,0.4,0.5,0.7653606369886217,1,5,3,2
smd,group23_evaluation,machine-3-10,sarad_official,0,1,2155,2228,"[12, 11, 5, 8, 14, 36, 33, 26, 13, 37, 16, 9, 23, 17, 7, 28, 4, 6, 32, 27, 25, 0, 1, 2, 3, 10, 19, 20, 15, 18, 24, 21, 35, 29, 34, 30, 31, 22]",5,0.8,0.8,0.8000000000000002,0.830419897363192,1,5,5,4
smd,group23_evaluation,machine-3-10,sarad_official,0,2,2875,2951,"[34, 33, 17, 0, 28, 7, 16, 26, 37, 32, 4, 5, 36, 1, 12, 27, 9, 11, 2, 8, 23, 3, 21, 6, 14, 25, 30, 19, 24, 10, 20, 35, 13, 29, 15, 18, 31, 22]",1,1.0,0.125,0.2222222222222222,1.0,1,8,1,1
smd,group23_evaluation,machine-3-10,sarad_official,0,2,2875,2951,"[34, 33, 17, 0, 28, 7, 16, 26, 37, 32, 4, 5, 36, 1, 12, 27, 9, 11, 2, 8, 23, 3, 21, 6, 14, 25, 30, 19, 24, 10, 20, 35, 13, 29, 15, 18, 31, 22]",3,0.3333333333333333,0.125,0.18181818181818182,0.46927872602275644,1,8,3,1
smd,group23_evaluation,machine-3-10,sarad_official,0,2,2875,2951,"[34, 33, 17, 0, 28, 7, 16, 26, 37, 32, 4, 5, 36, 1, 12, 27, 9, 11, 2, 8, 23, 3, 21, 6, 14, 25, 30, 19, 24, 10, 20, 35, 13, 29, 15, 18, 31, 22]",5,0.2,0.125,0.15384615384615385,0.3391602052736161,1,8,5,1
smd,group23_evaluation,machine-3-10,sarad_official,0,3,3596,3599,"[12, 33, 11, 8, 5, 0, 26, 17, 14, 37, 28, 16, 9, 36, 7, 4, 23, 32, 6, 27, 25, 13, 10, 1, 2, 19, 3, 24, 21, 20, 15, 35, 18, 34, 30, 29, 31, 22]",1,1.0,0.2,0.33333333333333337,1.0,1,5,1,1
smd,group23_evaluation,machine-3-10,sarad_official,0,3,3596,3599,"[12, 33, 11, 8, 5, 0, 26, 17, 14, 37, 28, 16, 9, 36, 7, 4, 23, 32, 6, 27, 25, 13, 10, 1, 2, 19, 3, 24, 21, 20, 15, 35, 18, 34, 30, 29, 31, 22]",3,0.6666666666666666,0.4,0.5,0.7039180890341347,1,5,3,2
smd,group23_evaluation,machine-3-10,sarad_official,0,3,3596,3599,"[12, 33, 11, 8, 5, 0, 26, 17, 14, 37, 28, 16, 9, 36, 7, 4, 23, 32, 6, 27, 25, 13, 10, 1, 2, 19, 3, 24, 21, 20, 15, 35, 18, 34, 30, 29, 31, 22]",5,0.6,0.6,0.6,0.6548086577531307,1,5,5,3
smd,group23_evaluation,machine-3-10,sarad_official,0,4,6486,6498,"[12, 11, 0, 5, 36, 14, 37, 8, 26, 17, 9, 16, 28, 7, 23, 4, 33, 6, 32, 27, 13, 2, 1, 10, 25, 3, 24, 20, 15, 19, 34, 21, 35, 30, 29, 18, 22, 31]",1,1.0,0.25,0.4,1.0,1,4,1,1
smd,group23_evaluation,machine-3-10,sarad_official,0,4,6486,6498,"[12, 11, 0, 5, 36, 14, 37, 8, 26, 17, 9, 16, 28, 7, 23, 4, 33, 6, 32, 27, 13, 2, 1, 10, 25, 3, 24, 20, 15, 19, 34, 21, 35, 30, 29, 18, 22, 31]",3,0.6666666666666666,0.5,0.5714285714285715,0.7653606369886217,1,4,3,2
smd,group23_evaluation,machine-3-10,sarad_official,0,4,6486,6498,"[12, 11, 0, 5, 36, 14, 37, 8, 26, 17, 9, 16, 28, 7, 23, 4, 33, 6, 32, 27, 13, 2, 1, 10, 25, 3, 24, 20, 15, 19, 34, 21, 35, 30, 29, 18, 22, 31]",5,0.4,0.5,0.4444444444444445,0.6366824387328317,1,4,5,2
smd,group23_evaluation,machine-3-10,sarad_official,0,5,7891,7901,"[12, 0, 11, 5, 8, 26, 14, 17, 37, 28, 16, 7, 36, 4, 1, 23, 9, 32, 27, 6, 34, 2, 3, 25, 13, 33, 21, 10, 15, 24, 19, 18, 20, 30, 35, 29, 31, 22]",1,1.0,0.25,0.4,1.0,1,4,1,1
smd,group23_evaluation,machine-3-10,sarad_official,0,5,7891,7901,"[12, 0, 11, 5, 8, 26, 14, 17, 37, 28, 16, 7, 36, 4, 1, 23, 9, 32, 27, 6, 34, 2, 3, 25, 13, 33, 21, 10, 15, 24, 19, 18, 20, 30, 35, 29, 31, 22]",3,0.6666666666666666,0.5,0.5714285714285715,0.7039180890341347,1,4,3,2
smd,group23_evaluation,machine-3-10,sarad_official,0,5,7891,7901,"[12, 0, 11, 5, 8, 26, 14, 17, 37, 28, 16, 7, 36, 4, 1, 23, 9, 32, 27, 6, 34, 2, 3, 25, 13, 33, 21, 10, 15, 24, 19, 18, 20, 30, 35, 29, 31, 22]",5,0.6,0.75,0.6666666666666665,0.7365896932159578,1,4,5,3
smd,group23_evaluation,machine-3-10,sarad_official,0,6,9336,9347,"[12, 0, 11, 5, 26, 14, 17, 8, 37, 36, 28, 16, 7, 4, 23, 9, 32, 2, 27, 1, 33, 34, 6, 3, 25, 13, 10, 15, 21, 24, 19, 18, 35, 30, 20, 29, 31, 22]",1,1.0,0.25,0.4,1.0,1,4,1,1
smd,group23_evaluation,machine-3-10,sarad_official,0,6,9336,9347,"[12, 0, 11, 5, 26, 14, 17, 8, 37, 36, 28, 16, 7, 4, 23, 9, 32, 2, 27, 1, 33, 34, 6, 3, 25, 13, 10, 15, 21, 24, 19, 18, 35, 30, 20, 29, 31, 22]",3,0.6666666666666666,0.5,0.5714285714285715,0.7039180890341347,1,4,3,2
smd,group23_evaluation,machine-3-10,sarad_official,0,6,9336,9347,"[12, 0, 11, 5, 26, 14, 17, 8, 37, 36, 28, 16, 7, 4, 23, 9, 32, 2, 27, 1, 33, 34, 6, 3, 25, 13, 10, 15, 21, 24, 19, 18, 35, 30, 20, 29, 31, 22]",5,0.4,0.5,0.4444444444444445,0.5855700749881525,1,4,5,2
smd,group23_evaluation,machine-3-10,sarad_official,0,7,10772,10782,"[12, 0, 11, 14, 5, 26, 17, 8, 37, 28, 16, 7, 34, 36, 4, 23, 2, 9, 32, 27, 1, 6, 3, 33, 25, 13, 21, 10, 19, 15, 20, 18, 24, 35, 30, 29, 31, 22]",1,1.0,0.25,0.4,1.0,1,4,1,1
smd,group23_evaluation,machine-3-10,sarad_official,0,7,10772,10782,"[12, 0, 11, 14, 5, 26, 17, 8, 37, 28, 16, 7, 34, 36, 4, 23, 2, 9, 32, 27, 1, 6, 3, 33, 25, 13, 21, 10, 19, 15, 20, 18, 24, 35, 30, 29, 31, 22]",3,0.6666666666666666,0.5,0.5714285714285715,0.7039180890341347,1,4,3,2
smd,group23_evaluation,machine-3-10,sarad_official,0,7,10772,10782,"[12, 0, 11, 14, 5, 26, 17, 8, 37, 28, 16, 7, 34, 36, 4, 23, 2, 9, 32, 27, 1, 6, 3, 33, 25, 13, 21, 10, 19, 15, 20, 18, 24, 35, 30, 29, 31, 22]",5,0.4,0.5,0.4444444444444445,0.5855700749881525,1,4,5,2
smd,group23_evaluation,machine-3-10,sarad_official,0,8,12219,12228,"[12, 0, 11, 14, 26, 17, 8, 37, 28, 1, 16, 7, 5, 36, 34, 4, 23, 2, 9, 32, 27, 6, 25, 13, 3, 33, 21, 24, 10, 18, 35, 20, 19, 30, 15, 29, 31, 22]",1,1.0,0.25,0.4,1.0,1,4,1,1
smd,group23_evaluation,machine-3-10,sarad_official,0,8,12219,12228,"[12, 0, 11, 14, 26, 17, 8, 37, 28, 1, 16, 7, 5, 36, 34, 4, 23, 2, 9, 32, 27, 6, 25, 13, 3, 33, 21, 24, 10, 18, 35, 20, 19, 30, 15, 29, 31, 22]",3,0.6666666666666666,0.5,0.5714285714285715,0.7039180890341347,1,4,3,2
smd,group23_evaluation,machine-3-10,sarad_official,0,8,12219,12228,"[12, 0, 11, 14, 26, 17, 8, 37, 28, 1, 16, 7, 5, 36, 34, 4, 23, 2, 9, 32, 27, 6, 25, 13, 3, 33, 21, 24, 10, 18, 35, 20, 19, 30, 15, 29, 31, 22]",5,0.4,0.5,0.4444444444444445,0.5855700749881525,1,4,5,2
smd,group23_evaluation,machine-3-10,sarad_official,0,9,13148,13441,"[1, 3, 2, 0, 15, 10, 33, 24, 25, 23, 21, 32, 30, 5, 16, 26, 7, 34, 37, 28, 9, 36, 13, 17, 20, 27, 6, 8, 4, 12, 11, 22, 19, 14, 31, 35, 29, 18]",1,1.0,0.05263157894736842,0.1,1.0,1,19,1,1
smd,group23_evaluation,machine-3-10,sarad_official,0,9,13148,13441,"[1, 3, 2, 0, 15, 10, 33, 24, 25, 23, 21, 32, 30, 5, 16, 26, 7, 34, 37, 28, 9, 36, 13, 17, 20, 27, 6, 8, 4, 12, 11, 22, 19, 14, 31, 35, 29, 18]",3,1.0,0.15789473684210525,0.2727272727272727,1.0,1,19,3,3
smd,group23_evaluation,machine-3-10,sarad_official,0,9,13148,13441,"[1, 3, 2, 0, 15, 10, 33, 24, 25, 23, 21, 32, 30, 5, 16, 26, 7, 34, 37, 28, 9, 36, 13, 17, 20, 27, 6, 8, 4, 12, 11, 22, 19, 14, 31, 35, 29, 18]",5,1.0,0.2631578947368421,0.4166666666666667,1.0,1,19,5,5
smd,group23_evaluation,machine-3-10,sarad_official,0,10,14655,14673,"[29, 6, 34, 25, 17, 28, 23, 7, 37, 16, 4, 26, 36, 27, 32, 8, 5, 9, 21, 12, 15, 11, 33, 2, 3, 20, 30, 10, 24, 14, 19, 1, 35, 0, 13, 18, 31, 22]",1,1.0,0.08333333333333333,0.15384615384615385,1.0,1,12,1,1
smd,group23_evaluation,machine-3-10,sarad_official,0,10,14655,14673,"[29, 6, 34, 25, 17, 28, 23, 7, 37, 16, 4, 26, 36, 27, 32, 8, 5, 9, 21, 12, 15, 11, 33, 2, 3, 20, 30, 10, 24, 14, 19, 1, 35, 0, 13, 18, 31, 22]",3,1.0,0.25,0.4,1.0,1,12,3,3
smd,group23_evaluation,machine-3-10,sarad_official,0,10,14655,14673,"[29, 6, 34, 25, 17, 28, 23, 7, 37, 16, 4, 26, 36, 27, 32, 8, 5, 9, 21, 12, 15, 11, 33, 2, 3, 20, 30, 10, 24, 14, 19, 1, 35, 0, 13, 18, 31, 22]",5,0.8,0.3333333333333333,0.47058823529411764,0.8687949224876582,1,12,5,4
smd,group23_evaluation,machine-3-10,sarad_official,0,11,21500,21601,"[15, 10, 2, 0, 3, 24, 1, 5, 22, 30, 21, 20, 8, 26, 34, 31, 7, 14, 29, 37, 12, 35, 23, 36, 27, 19, 9, 16, 13, 25, 6, 28, 33, 18, 11, 17, 4, 32]",1,1.0,0.07142857142857142,0.13333333333333333,1.0,1,14,1,1
smd,group23_evaluation,machine-3-10,sarad_official,0,11,21500,21601,"[15, 10, 2, 0, 3, 24, 1, 5, 22, 30, 21, 20, 8, 26, 34, 31, 7, 14, 29, 37, 12, 35, 23, 36, 27, 19, 9, 16, 13, 25, 6, 28, 33, 18, 11, 17, 4, 32]",3,1.0,0.21428571428571427,0.35294117647058826,1.0,1,14,3,3
smd,group23_evaluation,machine-3-10,sarad_official,0,11,21500,21601,"[15, 10, 2, 0, 3, 24, 1, 5, 22, 30, 21, 20, 8, 26, 34, 31, 7, 14, 29, 37, 12, 35, 23, 36, 27, 19, 9, 16, 13, 25, 6, 28, 33, 18, 11, 17, 4, 32]",5,1.0,0.35714285714285715,0.5263157894736842,1.0,1,14,5,5
smd,group23_evaluation,machine-3-10,sarad_official,0,12,21785,22213,"[15, 10, 2, 3, 0, 5, 24, 1, 30, 21, 22, 20, 25, 23, 27, 19, 13, 26, 16, 7, 37, 28, 8, 34, 17, 14, 36, 6, 4, 12, 33, 9, 32, 35, 11, 29, 31, 18]",1,1.0,0.07142857142857142,0.13333333333333333,1.0,1,14,1,1
smd,group23_evaluation,machine-3-10,sarad_official,0,12,21785,22213,"[15, 10, 2, 3, 0, 5, 24, 1, 30, 21, 22, 20, 25, 23, 27, 19, 13, 26, 16, 7, 37, 28, 8, 34, 17, 14, 36, 6, 4, 12, 33, 9, 32, 35, 11, 29, 31, 18]",3,1.0,0.21428571428571427,0.35294117647058826,1.0,1,14,3,3
smd,group23_evaluation,machine-3-10,sarad_official,0,12,21785,22213,"[15, 10, 2, 3, 0, 5, 24, 1, 30, 21, 22, 20, 25, 23, 27, 19, 13, 26, 16, 7, 37, 28, 8, 34, 17, 14, 36, 6, 4, 12, 33, 9, 32, 35, 11, 29, 31, 18]",5,1.0,0.35714285714285715,0.5263157894736842,1.0,1,14,5,5
smd,group23_evaluation,machine-3-11,sarad_official,0,0,21230,21296,"[15, 0, 31, 3, 2, 1, 9, 6, 25, 4, 5, 13, 22, 29, 23, 18, 10, 21, 20, 33, 19, 36, 34, 35, 30, 27, 8, 37, 26, 7, 16, 11, 24, 28, 12, 14, 32, 17]",1,1.0,0.043478260869565216,0.08333333333333333,1.0,1,23,1,1
smd,group23_evaluation,machine-3-11,sarad_official,0,0,21230,21296,"[15, 0, 31, 3, 2, 1, 9, 6, 25, 4, 5, 13, 22, 29, 23, 18, 10, 21, 20, 33, 19, 36, 34, 35, 30, 27, 8, 37, 26, 7, 16, 11, 24, 28, 12, 14, 32, 17]",3,1.0,0.13043478260869565,0.23076923076923078,1.0,1,23,3,3
smd,group23_evaluation,machine-3-11,sarad_official,0,0,21230,21296,"[15, 0, 31, 3, 2, 1, 9, 6, 25, 4, 5, 13, 22, 29, 23, 18, 10, 21, 20, 33, 19, 36, 34, 35, 30, 27, 8, 37, 26, 7, 16, 11, 24, 28, 12, 14, 32, 17]",5,1.0,0.21739130434782608,0.3571428571428571,1.0,1,23,5,5
smd,group23_evaluation,machine-3-11,sarad_official,0,1,27825,27951,"[15, 31, 0, 3, 1, 2, 13, 22, 18, 25, 21, 23, 19, 33, 36, 20, 6, 9, 35, 30, 5, 34, 27, 7, 26, 37, 10, 16, 4, 8, 29, 11, 24, 28, 14, 17, 12, 32]",1,0.0,0.0,0.0,0.0,0,20,1,0
smd,group23_evaluation,machine-3-11,sarad_official,0,1,27825,27951,"[15, 31, 0, 3, 1, 2, 13, 22, 18, 25, 21, 23, 19, 33, 36, 20, 6, 9, 35, 30, 5, 34, 27, 7, 26, 37, 10, 16, 4, 8, 29, 11, 24, 28, 14, 17, 12, 32]",3,0.6666666666666666,0.1,0.1739130434782609,0.5307212739772434,1,20,3,2
smd,group23_evaluation,machine-3-11,sarad_official,0,1,27825,27951,"[15, 31, 0, 3, 1, 2, 13, 22, 18, 25, 21, 23, 19, 33, 36, 20, 6, 9, 35, 30, 5, 34, 27, 7, 26, 37, 10, 16, 4, 8, 29, 11, 24, 28, 14, 17, 12, 32]",5,0.8,0.2,0.32000000000000006,0.6608397947263839,1,20,5,4
smd,group23_evaluation,machine-3-11,sarad_official,0,2,27995,28001,"[15, 36, 31, 25, 3, 23, 34, 9, 0, 19, 21, 6, 1, 13, 10, 18, 22, 2, 20, 30, 33, 29, 5, 35, 27, 26, 12, 37, 16, 7, 4, 8, 11, 14, 24, 28, 32, 17]",1,0.0,0.0,0.0,0.0,0,2,1,0
smd,group23_evaluation,machine-3-11,sarad_official,0,2,27995,28001,"[15, 36, 31, 25, 3, 23, 34, 9, 0, 19, 21, 6, 1, 13, 10, 18, 22, 2, 20, 30, 33, 29, 5, 35, 27, 26, 12, 37, 16, 7, 4, 8, 11, 14, 24, 28, 32, 17]",3,0.0,0.0,0.0,0.0,0,2,3,0
smd,group23_evaluation,machine-3-11,sarad_official,0,2,27995,28001,"[15, 36, 31, 25, 3, 23, 34, 9, 0, 19, 21, 6, 1, 13, 10, 18, 22, 2, 20, 30, 33, 29, 5, 35, 27, 26, 12, 37, 16, 7, 4, 8, 11, 14, 24, 28, 32, 17]",5,0.0,0.0,0.0,0.0,0,2,5,0
smd,group23_evaluation,machine-3-2,sarad_official,0,0,135,161,"[30, 20, 11, 21, 27, 19, 12, 18, 29, 8, 34, 35, 31, 26, 7, 37, 17, 28, 15, 9, 16, 24, 32, 36, 4, 0, 2, 6, 33, 5, 25, 1, 23, 3, 13, 14, 10, 22]",1,0.0,0.0,0.0,0.0,0,4,1,0
smd,group23_evaluation,machine-3-2,sarad_official,0,0,135,161,"[30, 20, 11, 21, 27, 19, 12, 18, 29, 8, 34, 35, 31, 26, 7, 37, 17, 28, 15, 9, 16, 24, 32, 36, 4, 0, 2, 6, 33, 5, 25, 1, 23, 3, 13, 14, 10, 22]",3,0.3333333333333333,0.25,0.28571428571428575,0.23463936301137822,1,4,3,1
smd,group23_evaluation,machine-3-2,sarad_official,0,0,135,161,"[30, 20, 11, 21, 27, 19, 12, 18, 29, 8, 34, 35, 31, 26, 7, 37, 17, 28, 15, 9, 16, 24, 32, 36, 4, 0, 2, 6, 33, 5, 25, 1, 23, 3, 13, 14, 10, 22]",5,0.2,0.25,0.22222222222222224,0.19519002499605084,1,4,5,1
smd,group23_evaluation,machine-3-2,sarad_official,0,1,3080,3917,"[16, 21, 20, 30, 18, 29, 19, 27, 10, 8, 1, 7, 34, 31, 36, 5, 24, 35, 2, 15, 3, 26, 13, 14, 12, 11, 28, 37, 0, 32, 33, 17, 9, 6, 4, 22, 25, 23]",1,1.0,0.25,0.4,1.0,1,4,1,1
smd,group23_evaluation,machine-3-2,sarad_official,0,1,3080,3917,"[16, 21, 20, 30, 18, 29, 19, 27, 10, 8, 1, 7, 34, 31, 36, 5, 24, 35, 2, 15, 3, 26, 13, 14, 12, 11, 28, 37, 0, 32, 33, 17, 9, 6, 4, 22, 25, 23]",3,0.3333333333333333,0.25,0.28571428571428575,0.46927872602275644,1,4,3,1
smd,group23_evaluation,machine-3-2,sarad_official,0,1,3080,3917,"[16, 21, 20, 30, 18, 29, 19, 27, 10, 8, 1, 7, 34, 31, 36, 5, 24, 35, 2, 15, 3, 26, 13, 14, 12, 11, 28, 37, 0, 32, 33, 17, 9, 6, 4, 22, 25, 23]",5,0.2,0.25,0.22222222222222224,0.3903800499921017,1,4,5,1
smd,group23_evaluation,machine-3-2,sarad_official,0,2,9139,9144,"[17, 37, 18, 34, 22, 35, 29, 33, 26, 21, 31, 20, 30, 10, 24, 6, 19, 27, 3, 1, 8, 12, 4, 36, 16, 13, 25, 32, 28, 2, 15, 7, 14, 23, 9, 5, 0, 11]",1,1.0,0.25,0.4,1.0,1,4,1,1
smd,group23_evaluation,machine-3-2,sarad_official,0,2,9139,9144,"[17, 37, 18, 34, 22, 35, 29, 33, 26, 21, 31, 20, 30, 10, 24, 6, 19, 27, 3, 1, 8, 12, 4, 36, 16, 13, 25, 32, 28, 2, 15, 7, 14, 23, 9, 5, 0, 11]",3,0.3333333333333333,0.25,0.28571428571428575,0.46927872602275644,1,4,3,1
smd,group23_evaluation,machine-3-2,sarad_official,0,2,9139,9144,"[17, 37, 18, 34, 22, 35, 29, 33, 26, 21, 31, 20, 30, 10, 24, 6, 19, 27, 3, 1, 8, 12, 4, 36, 16, 13, 25, 32, 28, 2, 15, 7, 14, 23, 9, 5, 0, 11]",5,0.2,0.25,0.22222222222222224,0.3903800499921017,1,4,5,1
smd,group23_evaluation,machine-3-2,sarad_official,0,3,9199,9204,"[14, 28, 30, 20, 19, 5, 7, 25, 15, 23, 34, 26, 21, 18, 1, 29, 3, 35, 33, 31, 17, 36, 2, 22, 4, 0, 27, 11, 37, 16, 9, 6, 8, 13, 32, 24, 10, 12]",1,0.0,0.0,0.0,0.0,0,3,1,0
smd,group23_evaluation,machine-3-2,sarad_official,0,3,9199,9204,"[14, 28, 30, 20, 19, 5, 7, 25, 15, 23, 34, 26, 21, 18, 1, 29, 3, 35, 33, 31, 17, 36, 2, 22, 4, 0, 27, 11, 37, 16, 9, 6, 8, 13, 32, 24, 10, 12]",3,0.0,0.0,0.0,0.0,0,3,3,0
smd,group23_evaluation,machine-3-2,sarad_official,0,3,9199,9204,"[14, 28, 30, 20, 19, 5, 7, 25, 15, 23, 34, 26, 21, 18, 1, 29, 3, 35, 33, 31, 17, 36, 2, 22, 4, 0, 27, 11, 37, 16, 9, 6, 8, 13, 32, 24, 10, 12]",5,0.0,0.0,0.0,0.0,0,3,5,0
smd,group23_evaluation,machine-3-2,sarad_official,0,4,15577,15582,"[29, 19, 21, 27, 30, 20, 34, 13, 35, 31, 2, 8, 3, 15, 17, 28, 32, 0, 16, 37, 24, 6, 7, 26, 18, 4, 9, 36, 1, 11, 12, 23, 33, 5, 25, 14, 10, 22]",1,0.0,0.0,0.0,0.0,0,5,1,0
smd,group23_evaluation,machine-3-2,sarad_official,0,4,15577,15582,"[29, 19, 21, 27, 30, 20, 34, 13, 35, 31, 2, 8, 3, 15, 17, 28, 32, 0, 16, 37, 24, 6, 7, 26, 18, 4, 9, 36, 1, 11, 12, 23, 33, 5, 25, 14, 10, 22]",3,0.0,0.0,0.0,0.0,0,5,3,0
smd,group23_evaluation,machine-3-2,sarad_official,0,4,15577,15582,"[29, 19, 21, 27, 30, 20, 34, 13, 35, 31, 2, 8, 3, 15, 17, 28, 32, 0, 16, 37, 24, 6, 7, 26, 18, 4, 9, 36, 1, 11, 12, 23, 33, 5, 25, 14, 10, 22]",5,0.0,0.0,0.0,0.0,0,5,5,0
smd,group23_evaluation,machine-3-2,sarad_official,0,5,11900,12023,"[30, 21, 20, 29, 18, 27, 19, 13, 12, 15, 8, 34, 35, 31, 14, 24, 7, 26, 37, 16, 28, 6, 36, 17, 32, 11, 2, 9, 1, 0, 4, 3, 23, 5, 25, 33, 10, 22]",1,0.0,0.0,0.0,0.0,0,3,1,0
smd,group23_evaluation,machine-3-2,sarad_official,0,5,11900,12023,"[30, 21, 20, 29, 18, 27, 19, 13, 12, 15, 8, 34, 35, 31, 14, 24, 7, 26, 37, 16, 28, 6, 36, 17, 32, 11, 2, 9, 1, 0, 4, 3, 23, 5, 25, 33, 10, 22]",3,0.0,0.0,0.0,0.0,0,3,3,0
smd,group23_evaluation,machine-3-2,sarad_official,0,5,11900,12023,"[30, 21, 20, 29, 18, 27, 19, 13, 12, 15, 8, 34, 35, 31, 14, 24, 7, 26, 37, 16, 28, 6, 36, 17, 32, 11, 2, 9, 1, 0, 4, 3, 23, 5, 25, 33, 10, 22]",5,0.0,0.0,0.0,0.0,0,3,5,0
smd,group23_evaluation,machine-3-2,sarad_official,0,6,15644,15739,"[13, 11, 19, 8, 29, 12, 14, 31, 21, 20, 30, 27, 34, 35, 15, 26, 2, 16, 18, 37, 28, 6, 36, 7, 9, 17, 32, 24, 1, 4, 3, 5, 0, 25, 23, 33, 10, 22]",1,1.0,0.25,0.4,1.0,1,4,1,1
smd,group23_evaluation,machine-3-2,sarad_official,0,6,15644,15739,"[13, 11, 19, 8, 29, 12, 14, 31, 21, 20, 30, 27, 34, 35, 15, 26, 2, 16, 18, 37, 28, 6, 36, 7, 9, 17, 32, 24, 1, 4, 3, 5, 0, 25, 23, 33, 10, 22]",3,0.6666666666666666,0.5,0.5714285714285715,0.7653606369886217,1,4,3,2
smd,group23_evaluation,machine-3-2,sarad_official,0,6,15644,15739,"[13, 11, 19, 8, 29, 12, 14, 31, 21, 20, 30, 27, 34, 35, 15, 26, 2, 16, 18, 37, 28, 6, 36, 7, 9, 17, 32, 24, 1, 4, 3, 5, 0, 25, 23, 33, 10, 22]",5,0.4,0.5,0.4444444444444445,0.6366824387328317,1,4,5,2
smd,group23_evaluation,machine-3-2,sarad_official,0,7,20717,20723,"[10, 2, 3, 0, 1, 30, 20, 21, 29, 19, 18, 24, 27, 12, 9, 34, 35, 15, 8, 7, 37, 31, 36, 6, 16, 26, 14, 32, 33, 23, 25, 11, 17, 28, 4, 5, 13, 22]",1,1.0,0.5,0.6666666666666666,1.0,1,2,1,1
smd,group23_evaluation,machine-3-2,sarad_official,0,7,20717,20723,"[10, 2, 3, 0, 1, 30, 20, 21, 29, 19, 18, 24, 27, 12, 9, 34, 35, 15, 8, 7, 37, 31, 36, 6, 16, 26, 14, 32, 33, 23, 25, 11, 17, 28, 4, 5, 13, 22]",3,0.3333333333333333,0.5,0.4,0.6131471927654584,1,2,3,1
smd,group23_evaluation,machine-3-2,sarad_official,0,7,20717,20723,"[10, 2, 3, 0, 1, 30, 20, 21, 29, 19, 18, 24, 27, 12, 9, 34, 35, 15, 8, 7, 37, 31, 36, 6, 16, 26, 14, 32, 33, 23, 25, 11, 17, 28, 4, 5, 13, 22]",5,0.2,0.5,0.28571428571428575,0.6131471927654584,1,2,5,1
smd,group23_evaluation,machine-3-2,sarad_official,0,8,23059,23062,"[0, 1, 2, 12, 3, 8, 15, 21, 20, 29, 30, 19, 27, 31, 34, 35, 9, 6, 26, 18, 24, 7, 36, 17, 32, 37, 28, 16, 4, 13, 25, 11, 5, 14, 23, 33, 10, 22]",1,0.0,0.0,0.0,0.0,0,3,1,0
smd,group23_evaluation,machine-3-2,sarad_official,0,8,23059,23062,"[0, 1, 2, 12, 3, 8, 15, 21, 20, 29, 30, 19, 27, 31, 34, 35, 9, 6, 26, 18, 24, 7, 36, 17, 32, 37, 28, 16, 4, 13, 25, 11, 5, 14, 23, 33, 10, 22]",3,0.0,0.0,0.0,0.0,0,3,3,0
smd,group23_evaluation,machine-3-2,sarad_official,0,8,23059,23062,"[0, 1, 2, 12, 3, 8, 15, 21, 20, 29, 30, 19, 27, 31, 34, 35, 9, 6, 26, 18, 24, 7, 36, 17, 32, 37, 28, 16, 4, 13, 25, 11, 5, 14, 23, 33, 10, 22]",5,0.2,0.3333333333333333,0.25,0.20210734650054757,1,3,5,1
smd,group23_evaluation,machine-3-3,sarad_official,0,0,739,742,"[10, 35, 9, 18, 36, 37, 11, 12, 20, 21, 19, 7, 5, 33, 3, 24, 26, 31, 6, 15, 25, 8, 16, 4, 28, 23, 29, 14, 34, 22, 27, 30, 0, 17, 1, 32, 2, 13]",1,1.0,0.25,0.4,1.0,1,4,1,1
smd,group23_evaluation,machine-3-3,sarad_official,0,0,739,742,"[10, 35, 9, 18, 36, 37, 11, 12, 20, 21, 19, 7, 5, 33, 3, 24, 26, 31, 6, 15, 25, 8, 16, 4, 28, 23, 29, 14, 34, 22, 27, 30, 0, 17, 1, 32, 2, 13]",3,0.6666666666666666,0.5,0.5714285714285715,0.7039180890341347,1,4,3,2
smd,group23_evaluation,machine-3-3,sarad_official,0,0,739,742,"[10, 35, 9, 18, 36, 37, 11, 12, 20, 21, 19, 7, 5, 33, 3, 24, 26, 31, 6, 15, 25, 8, 16, 4, 28, 23, 29, 14, 34, 22, 27, 30, 0, 17, 1, 32, 2, 13]",5,0.4,0.5,0.4444444444444445,0.5855700749881525,1,4,5,2
smd,group23_evaluation,machine-3-3,sarad_official,0,1,1808,1814,"[17, 36, 29, 1, 12, 37, 33, 4, 21, 26, 2, 14, 3, 7, 35, 30, 6, 9, 24, 10, 27, 28, 13, 31, 20, 19, 11, 32, 23, 8, 16, 0, 5, 25, 34, 18, 15, 22]",1,1.0,1.0,1.0,1.0,1,1,1,1
smd,group23_evaluation,machine-3-3,sarad_official,0,1,1808,1814,"[17, 36, 29, 1, 12, 37, 33, 4, 21, 26, 2, 14, 3, 7, 35, 30, 6, 9, 24, 10, 27, 28, 13, 31, 20, 19, 11, 32, 23, 8, 16, 0, 5, 25, 34, 18, 15, 22]",3,0.3333333333333333,1.0,0.5,1.0,1,1,3,1
smd,group23_evaluation,machine-3-3,sarad_official,0,1,1808,1814,"[17, 36, 29, 1, 12, 37, 33, 4, 21, 26, 2, 14, 3, 7, 35, 30, 6, 9, 24, 10, 27, 28, 13, 31, 20, 19, 11, 32, 23, 8, 16, 0, 5, 25, 34, 18, 15, 22]",5,0.2,1.0,0.33333333333333337,1.0,1,1,5,1
smd,group23_evaluation,machine-3-3,sarad_official,0,2,2179,2182,"[10, 11, 35, 9, 20, 12, 36, 37, 19, 29, 7, 21, 18, 6, 24, 3, 25, 33, 16, 26, 8, 28, 34, 23, 4, 31, 22, 17, 27, 32, 30, 5, 14, 1, 2, 0, 15, 13]",1,1.0,0.25,0.4,1.0,1,4,1,1
smd,group23_evaluation,machine-3-3,sarad_official,0,2,2179,2182,"[10, 11, 35, 9, 20, 12, 36, 37, 19, 29, 7, 21, 18, 6, 24, 3, 25, 33, 16, 26, 8, 28, 34, 23, 4, 31, 22, 17, 27, 32, 30, 5, 14, 1, 2, 0, 15, 13]",3,0.6666666666666666,0.5,0.5714285714285715,0.7653606369886217,1,4,3,2
smd,group23_evaluation,machine-3-3,sarad_official,0,2,2179,2182,"[10, 11, 35, 9, 20, 12, 36, 37, 19, 29, 7, 21, 18, 6, 24, 3, 25, 33, 16, 26, 8, 28, 34, 23, 4, 31, 22, 17, 27, 32, 30, 5, 14, 1, 2, 0, 15, 13]",5,0.6,0.75,0.6666666666666665,0.8048099750039491,1,4,5,3
smd,group23_evaluation,machine-3-3,sarad_official,0,3,3619,3622,"[10, 20, 19, 29, 36, 35, 18, 37, 9, 11, 5, 12, 7, 6, 24, 21, 26, 33, 3, 25, 16, 8, 31, 28, 23, 30, 0, 4, 27, 22, 34, 17, 2, 32, 14, 1, 15, 13]",1,1.0,0.25,0.4,1.0,1,4,1,1
smd,group23_evaluation,machine-3-3,sarad_official,0,3,3619,3622,"[10, 20, 19, 29, 36, 35, 18, 37, 9, 11, 5, 12, 7, 6, 24, 21, 26, 33, 3, 25, 16, 8, 31, 28, 23, 30, 0, 4, 27, 22, 34, 17, 2, 32, 14, 1, 15, 13]",3,0.3333333333333333,0.25,0.28571428571428575,0.46927872602275644,1,4,3,1
smd,group23_evaluation,machine-3-3,sarad_official,0,3,3619,3622,"[10, 20, 19, 29, 36, 35, 18, 37, 9, 11, 5, 12, 7, 6, 24, 21, 26, 33, 3, 25, 16, 8, 31, 28, 23, 30, 0, 4, 27, 22, 34, 17, 2, 32, 14, 1, 15, 13]",5,0.2,0.25,0.22222222222222224,0.3903800499921017,1,4,5,1
smd,group23_evaluation,machine-3-3,sarad_official,0,4,4561,4578,"[10, 9, 23, 29, 6, 25, 12, 5, 1, 11, 37, 36, 21, 24, 20, 8, 26, 0, 30, 7, 19, 31, 14, 15, 27, 28, 16, 18, 33, 3, 4, 35, 17, 32, 2, 13, 34, 22]",1,1.0,0.041666666666666664,0.07999999999999999,1.0,1,24,1,1
smd,group23_evaluation,machine-3-3,sarad_official,0,4,4561,4578,"[10, 9, 23, 29, 6, 25, 12, 5, 1, 11, 37, 36, 21, 24, 20, 8, 26, 0, 30, 7, 19, 31, 14, 15, 27, 28, 16, 18, 33, 3, 4, 35, 17, 32, 2, 13, 34, 22]",3,1.0,0.125,0.2222222222222222,1.0,1,24,3,3
smd,group23_evaluation,machine-3-3,sarad_official,0,4,4561,4578,"[10, 9, 23, 29, 6, 25, 12, 5, 1, 11, 37, 36, 21, 24, 20, 8, 26, 0, 30, 7, 19, 31, 14, 15, 27, 28, 16, 18, 33, 3, 4, 35, 17, 32, 2, 13, 34, 22]",5,0.8,0.16666666666666666,0.27586206896551724,0.8539316501572937,1,24,5,4
smd,group23_evaluation,machine-3-3,sarad_official,0,5,4564,4567,"[10, 9, 23, 29, 21, 25, 6, 12, 37, 5, 36, 11, 24, 26, 0, 8, 33, 1, 4, 31, 7, 20, 30, 28, 16, 27, 17, 14, 15, 19, 32, 18, 2, 13, 3, 35, 34, 22]",1,1.0,0.041666666666666664,0.07999999999999999,1.0,1,24,1,1
smd,group23_evaluation,machine-3-3,sarad_official,0,5,4564,4567,"[10, 9, 23, 29, 21, 25, 6, 12, 37, 5, 36, 11, 24, 26, 0, 8, 33, 1, 4, 31, 7, 20, 30, 28, 16, 27, 17, 14, 15, 19, 32, 18, 2, 13, 3, 35, 34, 22]",3,1.0,0.125,0.2222222222222222,1.0,1,24,3,3
smd,group23_evaluation,machine-3-3,sarad_official,0,5,4564,4567,"[10, 9, 23, 29, 21, 25, 6, 12, 37, 5, 36, 11, 24, 26, 0, 8, 33, 1, 4, 31, 7, 20, 30, 28, 16, 27, 17, 14, 15, 19, 32, 18, 2, 13, 3, 35, 34, 22]",5,0.8,0.16666666666666666,0.27586206896551724,0.8539316501572937,1,24,5,4
smd,group23_evaluation,machine-3-3,sarad_official,0,6,5059,5062,"[10, 19, 35, 20, 36, 11, 18, 9, 37, 24, 29, 7, 12, 21, 26, 6, 8, 25, 16, 3, 23, 28, 31, 30, 33, 14, 22, 4, 27, 5, 17, 34, 0, 32, 1, 15, 2, 13]",1,1.0,0.25,0.4,1.0,1,4,1,1
smd,group23_evaluation,machine-3-3,sarad_official,0,6,5059,5062,"[10, 19, 35, 20, 36, 11, 18, 9, 37, 24, 29, 7, 12, 21, 26, 6, 8, 25, 16, 3, 23, 28, 31, 30, 33, 14, 22, 4, 27, 5, 17, 34, 0, 32, 1, 15, 2, 13]",3,0.3333333333333333,0.25,0.28571428571428575,0.46927872602275644,1,4,3,1
smd,group23_evaluation,machine-3-3,sarad_official,0,6,5059,5062,"[10, 19, 35, 20, 36, 11, 18, 9, 37, 24, 29, 7, 12, 21, 26, 6, 8, 25, 16, 3, 23, 28, 31, 30, 33, 14, 22, 4, 27, 5, 17, 34, 0, 32, 1, 15, 2, 13]",5,0.2,0.25,0.22222222222222224,0.3903800499921017,1,4,5,1
smd,group23_evaluation,machine-3-3,sarad_official,0,7,5449,5453,"[16, 26, 11, 21, 23, 36, 2, 1, 7, 22, 6, 28, 29, 20, 24, 25, 15, 31, 5, 4, 37, 0, 3, 8, 34, 14, 13, 35, 19, 30, 27, 18, 10, 12, 9, 33, 32, 17]",1,1.0,0.2,0.33333333333333337,1.0,1,5,1,1
smd,group23_evaluation,machine-3-3,sarad_official,0,7,5449,5453,"[16, 26, 11, 21, 23, 36, 2, 1, 7, 22, 6, 28, 29, 20, 24, 25, 15, 31, 5, 4, 37, 0, 3, 8, 34, 14, 13, 35, 19, 30, 27, 18, 10, 12, 9, 33, 32, 17]",3,0.6666666666666666,0.4,0.5,0.7039180890341347,1,5,3,2
smd,group23_evaluation,machine-3-3,sarad_official,0,7,5449,5453,"[16, 26, 11, 21, 23, 36, 2, 1, 7, 22, 6, 28, 29, 20, 24, 25, 15, 31, 5, 4, 37, 0, 3, 8, 34, 14, 13, 35, 19, 30, 27, 18, 10, 12, 9, 33, 32, 17]",5,0.4,0.4,0.4000000000000001,0.5087403079104241,1,5,5,2
smd,group23_evaluation,machine-3-3,sarad_official,0,8,6499,6502,"[10, 19, 9, 35, 11, 36, 20, 33, 12, 15, 37, 18, 24, 7, 21, 16, 17, 29, 3, 23, 22, 6, 14, 28, 2, 8, 26, 5, 31, 30, 0, 4, 13, 25, 27, 32, 34, 1]",1,1.0,0.25,0.4,1.0,1,4,1,1
smd,group23_evaluation,machine-3-3,sarad_official,0,8,6499,6502,"[10, 19, 9, 35, 11, 36, 20, 33, 12, 15, 37, 18, 24, 7, 21, 16, 17, 29, 3, 23, 22, 6, 14, 28, 2, 8, 26, 5, 31, 30, 0, 4, 13, 25, 27, 32, 34, 1]",3,0.6666666666666666,0.5,0.5714285714285715,0.7039180890341347,1,4,3,2
smd,group23_evaluation,machine-3-3,sarad_official,0,8,6499,6502,"[10, 19, 9, 35, 11, 36, 20, 33, 12, 15, 37, 18, 24, 7, 21, 16, 17, 29, 3, 23, 22, 6, 14, 28, 2, 8, 26, 5, 31, 30, 0, 4, 13, 25, 27, 32, 34, 1]",5,0.6,0.75,0.6666666666666665,0.7365896932159578,1,4,5,3
smd,group23_evaluation,machine-3-3,sarad_official,0,9,7939,7942,"[10, 20, 19, 35, 36, 11, 9, 37, 24, 18, 29, 12, 21, 26, 7, 6, 3, 8, 31, 16, 23, 28, 25, 33, 5, 22, 4, 30, 27, 15, 34, 14, 0, 17, 32, 2, 1, 13]",1,1.0,0.25,0.4,1.0,1,4,1,1
smd,group23_evaluation,machine-3-3,sarad_official,0,9,7939,7942,"[10, 20, 19, 35, 36, 11, 9, 37, 24, 18, 29, 12, 21, 26, 7, 6, 3, 8, 31, 16, 23, 28, 25, 33, 5, 22, 4, 30, 27, 15, 34, 14, 0, 17, 32, 2, 1, 13]",3,0.3333333333333333,0.25,0.28571428571428575,0.46927872602275644,1,4,3,1
smd,group23_evaluation,machine-3-3,sarad_official,0,9,7939,7942,"[10, 20, 19, 35, 36, 11, 9, 37, 24, 18, 29, 12, 21, 26, 7, 6, 3, 8, 31, 16, 23, 28, 25, 33, 5, 22, 4, 30, 27, 15, 34, 14, 0, 17, 32, 2, 1, 13]",5,0.2,0.25,0.22222222222222224,0.3903800499921017,1,4,5,1
smd,group23_evaluation,machine-3-3,sarad_official,0,10,8407,8414,"[16, 26, 23, 37, 36, 11, 6, 21, 1, 24, 7, 2, 29, 25, 28, 18, 33, 15, 5, 30, 4, 3, 31, 35, 22, 14, 34, 20, 13, 12, 10, 8, 19, 27, 0, 9, 32, 17]",1,1.0,0.2,0.33333333333333337,1.0,1,5,1,1
smd,group23_evaluation,machine-3-3,sarad_official,0,10,8407,8414,"[16, 26, 23, 37, 36, 11, 6, 21, 1, 24, 7, 2, 29, 25, 28, 18, 33, 15, 5, 30, 4, 3, 31, 35, 22, 14, 34, 20, 13, 12, 10, 8, 19, 27, 0, 9, 32, 17]",3,0.3333333333333333,0.2,0.25,0.46927872602275644,1,5,3,1
smd,group23_evaluation,machine-3-3,sarad_official,0,10,8407,8414,"[16, 26, 23, 37, 36, 11, 6, 21, 1, 24, 7, 2, 29, 25, 28, 18, 33, 15, 5, 30, 4, 3, 31, 35, 22, 14, 34, 20, 13, 12, 10, 8, 19, 27, 0, 9, 32, 17]",5,0.2,0.2,0.20000000000000004,0.3391602052736161,1,5,5,1
smd,group23_evaluation,machine-3-3,sarad_official,0,11,9737,9740,"[11, 16, 21, 26, 23, 6, 2, 36, 1, 25, 29, 0, 20, 5, 3, 7, 35, 37, 31, 13, 24, 33, 14, 22, 8, 18, 28, 4, 15, 10, 34, 12, 27, 19, 9, 30, 32, 17]",1,0.0,0.0,0.0,0.0,0,3,1,0
smd,group23_evaluation,machine-3-3,sarad_official,0,11,9737,9740,"[11, 16, 21, 26, 23, 6, 2, 36, 1, 25, 29, 0, 20, 5, 3, 7, 35, 37, 31, 13, 24, 33, 14, 22, 8, 18, 28, 4, 15, 10, 34, 12, 27, 19, 9, 30, 32, 17]",3,0.3333333333333333,0.3333333333333333,0.3333333333333333,0.2960819109658652,1,3,3,1
smd,group23_evaluation,machine-3-3,sarad_official,0,11,9737,9740,"[11, 16, 21, 26, 23, 6, 2, 36, 1, 25, 29, 0, 20, 5, 3, 7, 35, 37, 31, 13, 24, 33, 14, 22, 8, 18, 28, 4, 15, 10, 34, 12, 27, 19, 9, 30, 32, 17]",5,0.2,0.3333333333333333,0.25,0.2960819109658652,1,3,5,1
smd,group23_evaluation,machine-3-3,sarad_official,0,12,10819,10822,"[10, 35, 9, 18, 36, 37, 12, 11, 24, 21, 8, 3, 7, 20, 6, 26, 25, 31, 16, 28, 22, 30, 29, 19, 34, 0, 4, 23, 33, 5, 27, 17, 14, 32, 2, 15, 1, 13]",1,1.0,0.25,0.4,1.0,1,4,1,1
smd,group23_evaluation,machine-3-3,sarad_official,0,12,10819,10822,"[10, 35, 9, 18, 36, 37, 12, 11, 24, 21, 8, 3, 7, 20, 6, 26, 25, 31, 16, 28, 22, 30, 29, 19, 34, 0, 4, 23, 33, 5, 27, 17, 14, 32, 2, 15, 1, 13]",3,0.6666666666666666,0.5,0.5714285714285715,0.7039180890341347,1,4,3,2
smd,group23_evaluation,machine-3-3,sarad_official,0,12,10819,10822,"[10, 35, 9, 18, 36, 37, 12, 11, 24, 21, 8, 3, 7, 20, 6, 26, 25, 31, 16, 28, 22, 30, 29, 19, 34, 0, 4, 23, 33, 5, 27, 17, 14, 32, 2, 15, 1, 13]",5,0.4,0.5,0.4444444444444445,0.5855700749881525,1,4,5,2
smd,group23_evaluation,machine-3-3,sarad_official,0,13,12259,12262,"[10, 35, 9, 12, 36, 20, 11, 19, 37, 7, 21, 6, 18, 24, 8, 25, 29, 16, 3, 26, 28, 33, 31, 23, 22, 4, 34, 30, 27, 14, 17, 32, 5, 0, 1, 2, 15, 13]",1,1.0,0.25,0.4,1.0,1,4,1,1
smd,group23_evaluation,machine-3-3,sarad_official,0,13,12259,12262,"[10, 35, 9, 12, 36, 20, 11, 19, 37, 7, 21, 6, 18, 24, 8, 25, 29, 16, 3, 26, 28, 33, 31, 23, 22, 4, 34, 30, 27, 14, 17, 32, 5, 0, 1, 2, 15, 13]",3,0.6666666666666666,0.5,0.5714285714285715,0.7039180890341347,1,4,3,2
smd,group23_evaluation,machine-3-3,sarad_official,0,13,12259,12262,"[10, 35, 9, 12, 36, 20, 11, 19, 37, 7, 21, 6, 18, 24, 8, 25, 29, 16, 3, 26, 28, 33, 31, 23, 22, 4, 34, 30, 27, 14, 17, 32, 5, 0, 1, 2, 15, 13]",5,0.6,0.75,0.6666666666666665,0.75369761125927,1,4,5,3
smd,group23_evaluation,machine-3-3,sarad_official,0,14,13699,13702,"[10, 19, 35, 20, 36, 11, 12, 18, 37, 9, 29, 24, 21, 6, 7, 26, 8, 3, 16, 23, 25, 30, 31, 28, 5, 27, 22, 4, 15, 1, 33, 17, 32, 34, 0, 14, 2, 13]",1,1.0,0.25,0.4,1.0,1,4,1,1
smd,group23_evaluation,machine-3-3,sarad_official,0,14,13699,13702,"[10, 19, 35, 20, 36, 11, 12, 18, 37, 9, 29, 24, 21, 6, 7, 26, 8, 3, 16, 23, 25, 30, 31, 28, 5, 27, 22, 4, 15, 1, 33, 17, 32, 34, 0, 14, 2, 13]",3,0.3333333333333333,0.25,0.28571428571428575,0.46927872602275644,1,4,3,1
smd,group23_evaluation,machine-3-3,sarad_official,0,14,13699,13702,"[10, 19, 35, 20, 36, 11, 12, 18, 37, 9, 29, 24, 21, 6, 7, 26, 8, 3, 16, 23, 25, 30, 31, 28, 5, 27, 22, 4, 15, 1, 33, 17, 32, 34, 0, 14, 2, 13]",5,0.2,0.25,0.22222222222222224,0.3903800499921017,1,4,5,1
smd,group23_evaluation,machine-3-3,sarad_official,0,15,13827,13830,"[11, 16, 26, 21, 23, 6, 36, 22, 2, 1, 0, 37, 29, 35, 20, 24, 7, 5, 3, 18, 13, 34, 25, 31, 8, 12, 14, 28, 15, 4, 30, 10, 9, 19, 27, 33, 32, 17]",1,0.0,0.0,0.0,0.0,0,1,1,0
smd,group23_evaluation,machine-3-3,sarad_official,0,15,13827,13830,"[11, 16, 26, 21, 23, 6, 36, 22, 2, 1, 0, 37, 29, 35, 20, 24, 7, 5, 3, 18, 13, 34, 25, 31, 8, 12, 14, 28, 15, 4, 30, 10, 9, 19, 27, 33, 32, 17]",3,0.3333333333333333,1.0,0.5,0.6309297535714575,1,1,3,1
smd,group23_evaluation,machine-3-3,sarad_official,0,15,13827,13830,"[11, 16, 26, 21, 23, 6, 36, 22, 2, 1, 0, 37, 29, 35, 20, 24, 7, 5, 3, 18, 13, 34, 25, 31, 8, 12, 14, 28, 15, 4, 30, 10, 9, 19, 27, 33, 32, 17]",5,0.2,1.0,0.33333333333333337,0.6309297535714575,1,1,5,1
smd,group23_evaluation,machine-3-3,sarad_official,0,16,14476,14486,"[29, 11, 36, 5, 37, 15, 14, 19, 25, 12, 21, 28, 13, 17, 7, 23, 16, 6, 20, 26, 32, 4, 27, 8, 24, 9, 35, 33, 30, 18, 0, 3, 34, 10, 31, 1, 2, 22]",1,0.0,0.0,0.0,0.0,0,1,1,0
smd,group23_evaluation,machine-3-3,sarad_official,0,16,14476,14486,"[29, 11, 36, 5, 37, 15, 14, 19, 25, 12, 21, 28, 13, 17, 7, 23, 16, 6, 20, 26, 32, 4, 27, 8, 24, 9, 35, 33, 30, 18, 0, 3, 34, 10, 31, 1, 2, 22]",3,0.0,0.0,0.0,0.0,0,1,3,0
smd,group23_evaluation,machine-3-3,sarad_official,0,16,14476,14486,"[29, 11, 36, 5, 37, 15, 14, 19, 25, 12, 21, 28, 13, 17, 7, 23, 16, 6, 20, 26, 32, 4, 27, 8, 24, 9, 35, 33, 30, 18, 0, 3, 34, 10, 31, 1, 2, 22]",5,0.0,0.0,0.0,0.0,0,1,5,0
smd,group23_evaluation,machine-3-3,sarad_official,0,17,15139,15142,"[10, 29, 35, 19, 11, 36, 18, 37, 20, 9, 12, 24, 5, 21, 15, 6, 8, 7, 26, 30, 25, 3, 31, 23, 33, 16, 14, 28, 27, 22, 0, 34, 4, 17, 32, 2, 1, 13]",1,1.0,0.25,0.4,1.0,1,4,1,1
smd,group23_evaluation,machine-3-3,sarad_official,0,17,15139,15142,"[10, 29, 35, 19, 11, 36, 18, 37, 20, 9, 12, 24, 5, 21, 15, 6, 8, 7, 26, 30, 25, 3, 31, 23, 33, 16, 14, 28, 27, 22, 0, 34, 4, 17, 32, 2, 1, 13]",3,0.3333333333333333,0.25,0.28571428571428575,0.46927872602275644,1,4,3,1
smd,group23_evaluation,machine-3-3,sarad_official,0,17,15139,15142,"[10, 29, 35, 19, 11, 36, 18, 37, 20, 9, 12, 24, 5, 21, 15, 6, 8, 7, 26, 30, 25, 3, 31, 23, 33, 16, 14, 28, 27, 22, 0, 34, 4, 17, 32, 2, 1, 13]",5,0.4,0.5,0.4444444444444445,0.5413996682199069,1,4,5,2
smd,group23_evaluation,machine-3-3,sarad_official,0,18,16199,16212,"[1, 5, 29, 36, 37, 0, 2, 21, 24, 30, 20, 15, 11, 27, 23, 7, 18, 17, 16, 28, 26, 25, 8, 19, 35, 32, 3, 4, 6, 14, 9, 12, 33, 31, 34, 10, 13, 22]",1,0.0,0.0,0.0,0.0,0,4,1,0
smd,group23_evaluation,machine-3-3,sarad_official,0,18,16199,16212,"[1, 5, 29, 36, 37, 0, 2, 21, 24, 30, 20, 15, 11, 27, 23, 7, 18, 17, 16, 28, 26, 25, 8, 19, 35, 32, 3, 4, 6, 14, 9, 12, 33, 31, 34, 10, 13, 22]",3,0.0,0.0,0.0,0.0,0,4,3,0
smd,group23_evaluation,machine-3-3,sarad_official,0,18,16199,16212,"[1, 5, 29, 36, 37, 0, 2, 21, 24, 30, 20, 15, 11, 27, 23, 7, 18, 17, 16, 28, 26, 25, 8, 19, 35, 32, 3, 4, 6, 14, 9, 12, 33, 31, 34, 10, 13, 22]",5,0.0,0.0,0.0,0.0,0,4,5,0
smd,group23_evaluation,machine-3-3,sarad_official,0,19,16579,16582,"[10, 19, 20, 35, 14, 36, 5, 18, 11, 12, 9, 37, 24, 21, 6, 15, 7, 26, 8, 29, 16, 3, 23, 28, 25, 30, 31, 33, 34, 22, 27, 4, 32, 0, 17, 2, 1, 13]",1,0.0,0.0,0.0,0.0,0,10,1,0
smd,group23_evaluation,machine-3-3,sarad_official,0,19,16579,16582,"[10, 19, 20, 35, 14, 36, 5, 18, 11, 12, 9, 37, 24, 21, 6, 15, 7, 26, 8, 29, 16, 3, 23, 28, 25, 30, 31, 33, 34, 22, 27, 4, 32, 0, 17, 2, 1, 13]",3,0.3333333333333333,0.1,0.15384615384615383,0.23463936301137822,1,10,3,1
smd,group23_evaluation,machine-3-3,sarad_official,0,19,16579,16582,"[10, 19, 20, 35, 14, 36, 5, 18, 11, 12, 9, 37, 24, 21, 6, 15, 7, 26, 8, 29, 16, 3, 23, 28, 25, 30, 31, 33, 34, 22, 27, 4, 32, 0, 17, 2, 1, 13]",5,0.2,0.1,0.13333333333333333,0.16958010263680806,1,10,5,1
smd,group23_evaluation,machine-3-3,sarad_official,0,20,18019,18022,"[10, 35, 20, 19, 36, 11, 37, 24, 18, 9, 21, 15, 6, 5, 7, 3, 26, 8, 12, 31, 29, 16, 14, 23, 25, 28, 30, 4, 22, 27, 33, 0, 1, 34, 17, 32, 2, 13]",1,1.0,0.25,0.4,1.0,1,4,1,1
smd,group23_evaluation,machine-3-3,sarad_official,0,20,18019,18022,"[10, 35, 20, 19, 36, 11, 37, 24, 18, 9, 21, 15, 6, 5, 7, 3, 26, 8, 12, 31, 29, 16, 14, 23, 25, 28, 30, 4, 22, 27, 33, 0, 1, 34, 17, 32, 2, 13]",3,0.3333333333333333,0.25,0.28571428571428575,0.46927872602275644,1,4,3,1
smd,group23_evaluation,machine-3-3,sarad_official,0,20,18019,18022,"[10, 35, 20, 19, 36, 11, 37, 24, 18, 9, 21, 15, 6, 5, 7, 3, 26, 8, 12, 31, 29, 16, 14, 23, 25, 28, 30, 4, 22, 27, 33, 0, 1, 34, 17, 32, 2, 13]",5,0.2,0.25,0.22222222222222224,0.3903800499921017,1,4,5,1
smd,group23_evaluation,machine-3-3,sarad_official,0,21,19081,19088,"[29, 36, 1, 5, 37, 21, 24, 30, 0, 32, 23, 14, 15, 20, 27, 18, 11, 9, 19, 7, 17, 26, 28, 16, 6, 12, 25, 4, 35, 8, 2, 33, 31, 34, 3, 10, 13, 22]",1,0.0,0.0,0.0,0.0,0,4,1,0
smd,group23_evaluation,machine-3-3,sarad_official,0,21,19081,19088,"[29, 36, 1, 5, 37, 21, 24, 30, 0, 32, 23, 14, 15, 20, 27, 18, 11, 9, 19, 7, 17, 26, 28, 16, 6, 12, 25, 4, 35, 8, 2, 33, 31, 34, 3, 10, 13, 22]",3,0.0,0.0,0.0,0.0,0,4,3,0
smd,group23_evaluation,machine-3-3,sarad_official,0,21,19081,19088,"[29, 36, 1, 5, 37, 21, 24, 30, 0, 32, 23, 14, 15, 20, 27, 18, 11, 9, 19, 7, 17, 26, 28, 16, 6, 12, 25, 4, 35, 8, 2, 33, 31, 34, 3, 10, 13, 22]",5,0.0,0.0,0.0,0.0,0,4,5,0
smd,group23_evaluation,machine-3-3,sarad_official,0,22,19349,19830,"[0, 18, 19, 1, 20, 3, 21, 5, 37, 11, 36, 2, 30, 27, 24, 35, 29, 14, 15, 10, 9, 34, 23, 12, 25, 6, 7, 26, 31, 8, 16, 28, 22, 33, 4, 17, 32, 13]",1,1.0,0.3333333333333333,0.5,1.0,1,3,1,1
smd,group23_evaluation,machine-3-3,sarad_official,0,22,19349,19830,"[0, 18, 19, 1, 20, 3, 21, 5, 37, 11, 36, 2, 30, 27, 24, 35, 29, 14, 15, 10, 9, 34, 23, 12, 25, 6, 7, 26, 31, 8, 16, 28, 22, 33, 4, 17, 32, 13]",3,0.3333333333333333,0.3333333333333333,0.3333333333333333,0.46927872602275644,1,3,3,1
smd,group23_evaluation,machine-3-3,sarad_official,0,22,19349,19830,"[0, 18, 19, 1, 20, 3, 21, 5, 37, 11, 36, 2, 30, 27, 24, 35, 29, 14, 15, 10, 9, 34, 23, 12, 25, 6, 7, 26, 31, 8, 16, 28, 22, 33, 4, 17, 32, 13]",5,0.4,0.6666666666666666,0.5,0.6713860725233041,1,3,5,2
smd,group23_evaluation,machine-3-3,sarad_official,0,23,19459,19462,"[10, 18, 5, 19, 29, 14, 9, 24, 20, 36, 12, 37, 21, 0, 11, 35, 8, 33, 26, 15, 30, 7, 16, 6, 27, 34, 31, 22, 28, 25, 4, 23, 3, 32, 17, 2, 1, 13]",1,1.0,0.05263157894736842,0.1,1.0,1,19,1,1
smd,group23_evaluation,machine-3-3,sarad_official,0,23,19459,19462,"[10, 18, 5, 19, 29, 14, 9, 24, 20, 36, 12, 37, 21, 0, 11, 35, 8, 33, 26, 15, 30, 7, 16, 6, 27, 34, 31, 22, 28, 25, 4, 23, 3, 32, 17, 2, 1, 13]",3,0.6666666666666666,0.10526315789473684,0.18181818181818182,0.7653606369886217,1,19,3,2
smd,group23_evaluation,machine-3-3,sarad_official,0,23,19459,19462,"[10, 18, 5, 19, 29, 14, 9, 24, 20, 36, 12, 37, 21, 0, 11, 35, 8, 33, 26, 15, 30, 7, 16, 6, 27, 34, 31, 22, 28, 25, 4, 23, 3, 32, 17, 2, 1, 13]",5,0.6,0.15789473684210525,0.25,0.6992148198508501,1,19,5,3
smd,group23_evaluation,machine-3-3,sarad_official,0,24,20897,20903,"[26, 35, 20, 36, 37, 29, 23, 6, 24, 7, 18, 19, 22, 10, 15, 34, 14, 21, 16, 25, 31, 2, 30, 5, 11, 1, 28, 9, 8, 12, 33, 0, 27, 3, 4, 32, 13, 17]",1,0.0,0.0,0.0,0.0,0,4,1,0
smd,group23_evaluation,machine-3-3,sarad_official,0,24,20897,20903,"[26, 35, 20, 36, 37, 29, 23, 6, 24, 7, 18, 19, 22, 10, 15, 34, 14, 21, 16, 25, 31, 2, 30, 5, 11, 1, 28, 9, 8, 12, 33, 0, 27, 3, 4, 32, 13, 17]",3,0.0,0.0,0.0,0.0,0,4,3,0
smd,group23_evaluation,machine-3-3,sarad_official,0,24,20897,20903,"[26, 35, 20, 36, 37, 29, 23, 6, 24, 7, 18, 19, 22, 10, 15, 34, 14, 21, 16, 25, 31, 2, 30, 5, 11, 1, 28, 9, 8, 12, 33, 0, 27, 3, 4, 32, 13, 17]",5,0.0,0.0,0.0,0.0,0,4,5,0
smd,group23_evaluation,machine-3-3,sarad_official,0,25,21878,21893,"[17, 33, 37, 36, 29, 11, 10, 21, 24, 14, 30, 7, 9, 4, 3, 12, 35, 20, 6, 26, 1, 16, 2, 23, 18, 19, 28, 31, 27, 32, 0, 25, 8, 5, 34, 13, 15, 22]",1,1.0,1.0,1.0,1.0,1,1,1,1
smd,group23_evaluation,machine-3-3,sarad_official,0,25,21878,21893,"[17, 33, 37, 36, 29, 11, 10, 21, 24, 14, 30, 7, 9, 4, 3, 12, 35, 20, 6, 26, 1, 16, 2, 23, 18, 19, 28, 31, 27, 32, 0, 25, 8, 5, 34, 13, 15, 22]",3,0.3333333333333333,1.0,0.5,1.0,1,1,3,1
smd,group23_evaluation,machine-3-3,sarad_official,0,25,21878,21893,"[17, 33, 37, 36, 29, 11, 10, 21, 24, 14, 30, 7, 9, 4, 3, 12, 35, 20, 6, 26, 1, 16, 2, 23, 18, 19, 28, 31, 27, 32, 0, 25, 8, 5, 34, 13, 15, 22]",5,0.2,1.0,0.33333333333333337,1.0,1,1,5,1
smd,group23_evaluation,machine-3-3,sarad_official,0,26,22339,22342,"[10, 35, 5, 20, 36, 11, 19, 9, 37, 12, 18, 24, 21, 7, 8, 6, 3, 26, 31, 25, 28, 16, 29, 23, 33, 34, 4, 22, 30, 0, 27, 14, 17, 32, 2, 1, 15, 13]",1,1.0,0.25,0.4,1.0,1,4,1,1
smd,group23_evaluation,machine-3-3,sarad_official,0,26,22339,22342,"[10, 35, 5, 20, 36, 11, 19, 9, 37, 12, 18, 24, 21, 7, 8, 6, 3, 26, 31, 25, 28, 16, 29, 23, 33, 34, 4, 22, 30, 0, 27, 14, 17, 32, 2, 1, 15, 13]",3,0.3333333333333333,0.25,0.28571428571428575,0.46927872602275644,1,4,3,1
smd,group23_evaluation,machine-3-3,sarad_official,0,26,22339,22342,"[10, 35, 5, 20, 36, 11, 19, 9, 37, 12, 18, 24, 21, 7, 8, 6, 3, 26, 31, 25, 28, 16, 29, 23, 33, 34, 4, 22, 30, 0, 27, 14, 17, 32, 2, 1, 15, 13]",5,0.2,0.25,0.22222222222222224,0.3903800499921017,1,4,5,1
smd,group23_evaluation,machine-3-3,sarad_official,0,27,23159,23180,"[1, 0, 2, 3, 18, 35, 11, 36, 21, 37, 24, 34, 19, 8, 7, 27, 20, 31, 23, 28, 30, 25, 9, 26, 16, 29, 17, 6, 32, 4, 5, 22, 12, 33, 15, 10, 14, 13]",1,1.0,0.1111111111111111,0.19999999999999998,1.0,1,9,1,1
smd,group23_evaluation,machine-3-3,sarad_official,0,27,23159,23180,"[1, 0, 2, 3, 18, 35, 11, 36, 21, 37, 24, 34, 19, 8, 7, 27, 20, 31, 23, 28, 30, 25, 9, 26, 16, 29, 17, 6, 32, 4, 5, 22, 12, 33, 15, 10, 14, 13]",3,1.0,0.3333333333333333,0.5,1.0,1,9,3,3
smd,group23_evaluation,machine-3-3,sarad_official,0,27,23159,23180,"[1, 0, 2, 3, 18, 35, 11, 36, 21, 37, 24, 34, 19, 8, 7, 27, 20, 31, 23, 28, 30, 25, 9, 26, 16, 29, 17, 6, 32, 4, 5, 22, 12, 33, 15, 10, 14, 13]",5,1.0,0.5555555555555556,0.7142857142857143,1.0,1,9,5,5
smd,group23_evaluation,machine-3-4,sarad_official,0,0,2734,3520,"[22, 25, 23, 3, 0, 2, 19, 1, 31, 21, 20, 13, 24, 18, 30, 27, 10, 8, 5, 11, 6, 12, 34, 14, 35, 7, 26, 36, 9, 16, 37, 28, 15, 17, 4, 32, 33, 29]",1,0.0,0.0,0.0,0.0,0,8,1,0
smd,group23_evaluation,machine-3-4,sarad_official,0,0,2734,3520,"[22, 25, 23, 3, 0, 2, 19, 1, 31, 21, 20, 13, 24, 18, 30, 27, 10, 8, 5, 11, 6, 12, 34, 14, 35, 7, 26, 36, 9, 16, 37, 28, 15, 17, 4, 32, 33, 29]",3,0.0,0.0,0.0,0.0,0,8,3,0
smd,group23_evaluation,machine-3-4,sarad_official,0,0,2734,3520,"[22, 25, 23, 3, 0, 2, 19, 1, 31, 21, 20, 13, 24, 18, 30, 27, 10, 8, 5, 11, 6, 12, 34, 14, 35, 7, 26, 36, 9, 16, 37, 28, 15, 17, 4, 32, 33, 29]",5,0.4,0.25,0.3076923076923077,0.27727342735504823,1,8,5,2
smd,group23_evaluation,machine-3-4,sarad_official,0,1,4474,4550,"[1, 22, 31, 10, 2, 23, 8, 19, 25, 13, 18, 33, 20, 14, 21, 30, 27, 32, 11, 24, 3, 35, 7, 34, 37, 12, 36, 16, 15, 26, 9, 28, 17, 5, 4, 0, 6, 29]",1,1.0,0.5,0.6666666666666666,1.0,1,2,1,1
smd,group23_evaluation,machine-3-4,sarad_official,0,1,4474,4550,"[1, 22, 31, 10, 2, 23, 8, 19, 25, 13, 18, 33, 20, 14, 21, 30, 27, 32, 11, 24, 3, 35, 7, 34, 37, 12, 36, 16, 15, 26, 9, 28, 17, 5, 4, 0, 6, 29]",3,0.3333333333333333,0.5,0.4,0.6131471927654584,1,2,3,1
smd,group23_evaluation,machine-3-4,sarad_official,0,1,4474,4550,"[1, 22, 31, 10, 2, 23, 8, 19, 25, 13, 18, 33, 20, 14, 21, 30, 27, 32, 11, 24, 3, 35, 7, 34, 37, 12, 36, 16, 15, 26, 9, 28, 17, 5, 4, 0, 6, 29]",5,0.4,1.0,0.5714285714285715,0.8772153153380493,1,2,5,2
smd,group23_evaluation,machine-3-4,sarad_official,0,2,6013,6016,"[9, 1, 21, 22, 25, 31, 12, 11, 13, 23, 33, 8, 19, 10, 20, 18, 26, 30, 24, 27, 14, 6, 29, 2, 32, 34, 4, 16, 36, 7, 37, 0, 3, 35, 28, 15, 5, 17]",1,1.0,0.25,0.4,1.0,1,4,1,1
smd,group23_evaluation,machine-3-4,sarad_official,0,2,6013,6016,"[9, 1, 21, 22, 25, 31, 12, 11, 13, 23, 33, 8, 19, 10, 20, 18, 26, 30, 24, 27, 14, 6, 29, 2, 32, 34, 4, 16, 36, 7, 37, 0, 3, 35, 28, 15, 5, 17]",3,0.3333333333333333,0.25,0.28571428571428575,0.46927872602275644,1,4,3,1
smd,group23_evaluation,machine-3-4,sarad_official,0,2,6013,6016,"[9, 1, 21, 22, 25, 31, 12, 11, 13, 23, 33, 8, 19, 10, 20, 18, 26, 30, 24, 27, 14, 6, 29, 2, 32, 34, 4, 16, 36, 7, 37, 0, 3, 35, 28, 15, 5, 17]",5,0.2,0.25,0.22222222222222224,0.3903800499921017,1,4,5,1
smd,group23_evaluation,machine-3-4,sarad_official,0,3,10963,10969,"[33, 23, 22, 19, 12, 21, 13, 25, 32, 30, 20, 24, 11, 18, 27, 7, 10, 35, 37, 36, 2, 8, 34, 16, 26, 29, 9, 28, 14, 17, 31, 15, 4, 6, 5, 1, 3, 0]",1,1.0,0.3333333333333333,0.5,1.0,1,3,1,1
smd,group23_evaluation,machine-3-4,sarad_official,0,3,10963,10969,"[33, 23, 22, 19, 12, 21, 13, 25, 32, 30, 20, 24, 11, 18, 27, 7, 10, 35, 37, 36, 2, 8, 34, 16, 26, 29, 9, 28, 14, 17, 31, 15, 4, 6, 5, 1, 3, 0]",3,0.3333333333333333,0.3333333333333333,0.3333333333333333,0.46927872602275644,1,3,3,1
smd,group23_evaluation,machine-3-4,sarad_official,0,3,10963,10969,"[33, 23, 22, 19, 12, 21, 13, 25, 32, 30, 20, 24, 11, 18, 27, 7, 10, 35, 37, 36, 2, 8, 34, 16, 26, 29, 9, 28, 14, 17, 31, 15, 4, 6, 5, 1, 3, 0]",5,0.2,0.3333333333333333,0.25,0.46927872602275644,1,3,5,1
smd,group23_evaluation,machine-3-4,sarad_official,0,4,11565,11569,"[33, 23, 32, 19, 20, 25, 22, 31, 18, 24, 7, 30, 2, 21, 37, 27, 36, 13, 35, 34, 6, 12, 16, 26, 28, 9, 8, 17, 5, 3, 10, 4, 29, 1, 11, 14, 15, 0]",1,1.0,0.3333333333333333,0.5,1.0,1,3,1,1
smd,group23_evaluation,machine-3-4,sarad_official,0,4,11565,11569,"[33, 23, 32, 19, 20, 25, 22, 31, 18, 24, 7, 30, 2, 21, 37, 27, 36, 13, 35, 34, 6, 12, 16, 26, 28, 9, 8, 17, 5, 3, 10, 4, 29, 1, 11, 14, 15, 0]",3,1.0,1.0,1.0,1.0,1,3,3,3
smd,group23_evaluation,machine-3-4,sarad_official,0,4,11565,11569,"[33, 23, 32, 19, 20, 25, 22, 31, 18, 24, 7, 30, 2, 21, 37, 27, 36, 13, 35, 34, 6, 12, 16, 26, 28, 9, 8, 17, 5, 3, 10, 4, 29, 1, 11, 14, 15, 0]",5,0.6,1.0,0.7499999999999999,1.0,1,3,5,3
smd,group23_evaluation,machine-3-4,sarad_official,0,5,13699,13709,"[33, 22, 23, 25, 19, 20, 32, 13, 21, 18, 30, 24, 35, 27, 7, 34, 12, 37, 36, 31, 2, 16, 26, 14, 28, 8, 9, 17, 6, 10, 15, 4, 3, 5, 1, 11, 0, 29]",1,1.0,0.3333333333333333,0.5,1.0,1,3,1,1
smd,group23_evaluation,machine-3-4,sarad_official,0,5,13699,13709,"[33, 22, 23, 25, 19, 20, 32, 13, 21, 18, 30, 24, 35, 27, 7, 34, 12, 37, 36, 31, 2, 16, 26, 14, 28, 8, 9, 17, 6, 10, 15, 4, 3, 5, 1, 11, 0, 29]",3,0.6666666666666666,0.6666666666666666,0.6666666666666666,0.7039180890341347,1,3,3,2
smd,group23_evaluation,machine-3-4,sarad_official,0,5,13699,13709,"[33, 22, 23, 25, 19, 20, 32, 13, 21, 18, 30, 24, 35, 27, 7, 34, 12, 37, 36, 31, 2, 16, 26, 14, 28, 8, 9, 17, 6, 10, 15, 4, 3, 5, 1, 11, 0, 29]",5,0.4,0.6666666666666666,0.5,0.7039180890341347,1,3,5,2
smd,group23_evaluation,machine-3-4,sarad_official,0,6,18589,18640,"[0, 1, 2, 3, 23, 25, 22, 19, 31, 8, 18, 7, 21, 20, 13, 26, 27, 11, 24, 28, 30, 37, 10, 16, 17, 36, 4, 34, 9, 5, 14, 35, 32, 12, 15, 33, 6, 29]",1,1.0,0.25,0.4,1.0,1,4,1,1
smd,group23_evaluation,machine-3-4,sarad_official,0,6,18589,18640,"[0, 1, 2, 3, 23, 25, 22, 19, 31, 8, 18, 7, 21, 20, 13, 26, 27, 11, 24, 28, 30, 37, 10, 16, 17, 36, 4, 34, 9, 5, 14, 35, 32, 12, 15, 33, 6, 29]",3,1.0,0.75,0.8571428571428571,1.0,1,4,3,3
smd,group23_evaluation,machine-3-4,sarad_official,0,6,18589,18640,"[0, 1, 2, 3, 23, 25, 22, 19, 31, 8, 18, 7, 21, 20, 13, 26, 27, 11, 24, 28, 30, 37, 10, 16, 17, 36, 4, 34, 9, 5, 14, 35, 32, 12, 15, 33, 6, 29]",5,0.8,1.0,0.888888888888889,1.0,1,4,5,4
smd,group23_evaluation,machine-3-4,sarad_official,0,7,18784,18825,"[0, 1, 23, 31, 22, 19, 2, 25, 18, 20, 21, 30, 24, 27, 3, 34, 35, 26, 7, 16, 37, 28, 17, 36, 11, 12, 13, 4, 8, 32, 10, 9, 5, 29, 6, 33, 14, 15]",1,1.0,0.3333333333333333,0.5,1.0,1,3,1,1
smd,group23_evaluation,machine-3-4,sarad_official,0,7,18784,18825,"[0, 1, 23, 31, 22, 19, 2, 25, 18, 20, 21, 30, 24, 27, 3, 34, 35, 26, 7, 16, 37, 28, 17, 36, 11, 12, 13, 4, 8, 32, 10, 9, 5, 29, 6, 33, 14, 15]",3,0.6666666666666666,0.6666666666666666,0.6666666666666666,0.7653606369886217,1,3,3,2
smd,group23_evaluation,machine-3-4,sarad_official,0,7,18784,18825,"[0, 1, 23, 31, 22, 19, 2, 25, 18, 20, 21, 30, 24, 27, 3, 34, 35, 26, 7, 16, 37, 28, 17, 36, 11, 12, 13, 4, 8, 32, 10, 9, 5, 29, 6, 33, 14, 15]",5,0.4,0.6666666666666666,0.5,0.7653606369886217,1,3,5,2
smd,group23_evaluation,machine-3-5,sarad_official,0,0,1288,1439,"[19, 15, 33, 10, 21, 20, 12, 18, 14, 11, 27, 9, 30, 25, 23, 36, 7, 6, 16, 26, 8, 0, 1, 24, 37, 3, 35, 31, 2, 28, 34, 29, 5, 13, 17, 4, 32, 22]",1,1.0,0.09090909090909091,0.16666666666666669,1.0,1,11,1,1
smd,group23_evaluation,machine-3-5,sarad_official,0,0,1288,1439,"[19, 15, 33, 10, 21, 20, 12, 18, 14, 11, 27, 9, 30, 25, 23, 36, 7, 6, 16, 26, 8, 0, 1, 24, 37, 3, 35, 31, 2, 28, 34, 29, 5, 13, 17, 4, 32, 22]",3,0.6666666666666666,0.18181818181818182,0.28571428571428575,0.7653606369886217,1,11,3,2
smd,group23_evaluation,machine-3-5,sarad_official,0,0,1288,1439,"[19, 15, 33, 10, 21, 20, 12, 18, 14, 11, 27, 9, 30, 25, 23, 36, 7, 6, 16, 26, 8, 0, 1, 24, 37, 3, 35, 31, 2, 28, 34, 29, 5, 13, 17, 4, 32, 22]",5,0.8,0.36363636363636365,0.5000000000000001,0.830419897363192,1,11,5,4
smd,group23_evaluation,machine-3-5,sarad_official,0,1,8975,8979,"[33, 15, 16, 21, 25, 6, 7, 22, 14, 34, 37, 26, 29, 0, 8, 30, 35, 23, 13, 31, 19, 1, 10, 20, 27, 28, 18, 2, 12, 5, 11, 24, 9, 4, 3, 17, 36, 32]",1,0.0,0.0,0.0,0.0,0,1,1,0
smd,group23_evaluation,machine-3-5,sarad_official,0,1,8975,8979,"[33, 15, 16, 21, 25, 6, 7, 22, 14, 34, 37, 26, 29, 0, 8, 30, 35, 23, 13, 31, 19, 1, 10, 20, 27, 28, 18, 2, 12, 5, 11, 24, 9, 4, 3, 17, 36, 32]",3,0.3333333333333333,1.0,0.5,0.5,1,1,3,1
smd,group23_evaluation,machine-3-5,sarad_official,0,1,8975,8979,"[33, 15, 16, 21, 25, 6, 7, 22, 14, 34, 37, 26, 29, 0, 8, 30, 35, 23, 13, 31, 19, 1, 10, 20, 27, 28, 18, 2, 12, 5, 11, 24, 9, 4, 3, 17, 36, 32]",5,0.2,1.0,0.33333333333333337,0.5,1,1,5,1
smd,group23_evaluation,machine-3-5,sarad_official,0,2,13517,13520,"[29, 33, 11, 12, 10, 31, 25, 15, 6, 0, 23, 30, 14, 9, 16, 1, 27, 2, 5, 28, 26, 21, 8, 7, 17, 3, 36, 37, 32, 20, 4, 13, 18, 19, 24, 34, 22, 35]",1,1.0,1.0,1.0,1.0,1,1,1,1
smd,group23_evaluation,machine-3-5,sarad_official,0,2,13517,13520,"[29, 33, 11, 12, 10, 31, 25, 15, 6, 0, 23, 30, 14, 9, 16, 1, 27, 2, 5, 28, 26, 21, 8, 7, 17, 3, 36, 37, 32, 20, 4, 13, 18, 19, 24, 34, 22, 35]",3,0.3333333333333333,1.0,0.5,1.0,1,1,3,1
smd,group23_evaluation,machine-3-5,sarad_official,0,2,13517,13520,"[29, 33, 11, 12, 10, 31, 25, 15, 6, 0, 23, 30, 14, 9, 16, 1, 27, 2, 5, 28, 26, 21, 8, 7, 17, 3, 36, 37, 32, 20, 4, 13, 18, 19, 24, 34, 22, 35]",5,0.2,1.0,0.33333333333333337,1.0,1,1,5,1
smd,group23_evaluation,machine-3-5,sarad_official,0,3,14392,14395,"[29, 33, 0, 23, 25, 10, 12, 16, 14, 15, 7, 27, 26, 6, 30, 28, 21, 17, 8, 4, 37, 36, 11, 9, 1, 32, 19, 3, 20, 5, 13, 2, 24, 35, 34, 18, 31, 22]",1,1.0,1.0,1.0,1.0,1,1,1,1
smd,group23_evaluation,machine-3-5,sarad_official,0,3,14392,14395,"[29, 33, 0, 23, 25, 10, 12, 16, 14, 15, 7, 27, 26, 6, 30, 28, 21, 17, 8, 4, 37, 36, 11, 9, 1, 32, 19, 3, 20, 5, 13, 2, 24, 35, 34, 18, 31, 22]",3,0.3333333333333333,1.0,0.5,1.0,1,1,3,1
smd,group23_evaluation,machine-3-5,sarad_official,0,3,14392,14395,"[29, 33, 0, 23, 25, 10, 12, 16, 14, 15, 7, 27, 26, 6, 30, 28, 21, 17, 8, 4, 37, 36, 11, 9, 1, 32, 19, 3, 20, 5, 13, 2, 24, 35, 34, 18, 31, 22]",5,0.2,1.0,0.33333333333333337,1.0,1,1,5,1
smd,group23_evaluation,machine-3-5,sarad_official,0,4,14755,14758,"[29, 33, 14, 0, 10, 11, 15, 25, 12, 23, 8, 6, 26, 9, 13, 27, 37, 1, 36, 17, 19, 16, 21, 28, 30, 7, 4, 35, 32, 5, 3, 2, 24, 20, 18, 31, 34, 22]",1,1.0,1.0,1.0,1.0,1,1,1,1
smd,group23_evaluation,machine-3-5,sarad_official,0,4,14755,14758,"[29, 33, 14, 0, 10, 11, 15, 25, 12, 23, 8, 6, 26, 9, 13, 27, 37, 1, 36, 17, 19, 16, 21, 28, 30, 7, 4, 35, 32, 5, 3, 2, 24, 20, 18, 31, 34, 22]",3,0.3333333333333333,1.0,0.5,1.0,1,1,3,1
smd,group23_evaluation,machine-3-5,sarad_official,0,4,14755,14758,"[29, 33, 14, 0, 10, 11, 15, 25, 12, 23, 8, 6, 26, 9, 13, 27, 37, 1, 36, 17, 19, 16, 21, 28, 30, 7, 4, 35, 32, 5, 3, 2, 24, 20, 18, 31, 34, 22]",5,0.2,1.0,0.33333333333333337,1.0,1,1,5,1
smd,group23_evaluation,machine-3-5,sarad_official,0,5,14909,14912,"[29, 33, 12, 24, 0, 13, 10, 23, 9, 15, 14, 30, 25, 27, 11, 6, 16, 26, 28, 21, 17, 7, 37, 19, 36, 8, 4, 1, 32, 3, 5, 2, 20, 35, 18, 34, 31, 22]",1,1.0,1.0,1.0,1.0,1,1,1,1
smd,group23_evaluation,machine-3-5,sarad_official,0,5,14909,14912,"[29, 33, 12, 24, 0, 13, 10, 23, 9, 15, 14, 30, 25, 27, 11, 6, 16, 26, 28, 21, 17, 7, 37, 19, 36, 8, 4, 1, 32, 3, 5, 2, 20, 35, 18, 34, 31, 22]",3,0.3333333333333333,1.0,0.5,1.0,1,1,3,1
smd,group23_evaluation,machine-3-5,sarad_official,0,5,14909,14912,"[29, 33, 12, 24, 0, 13, 10, 23, 9, 15, 14, 30, 25, 27, 11, 6, 16, 26, 28, 21, 17, 7, 37, 19, 36, 8, 4, 1, 32, 3, 5, 2, 20, 35, 18, 34, 31, 22]",5,0.2,1.0,0.33333333333333337,1.0,1,1,5,1
smd,group23_evaluation,machine-3-5,sarad_official,0,6,15953,16057,"[29, 33, 25, 23, 22, 6, 12, 31, 10, 5, 24, 11, 15, 14, 9, 0, 16, 30, 36, 8, 26, 37, 28, 27, 7, 1, 17, 13, 19, 21, 4, 32, 20, 18, 3, 35, 2, 34]",1,1.0,0.125,0.2222222222222222,1.0,1,8,1,1
smd,group23_evaluation,machine-3-5,sarad_official,0,6,15953,16057,"[29, 33, 25, 23, 22, 6, 12, 31, 10, 5, 24, 11, 15, 14, 9, 0, 16, 30, 36, 8, 26, 37, 28, 27, 7, 1, 17, 13, 19, 21, 4, 32, 20, 18, 3, 35, 2, 34]",3,0.6666666666666666,0.25,0.36363636363636365,0.7039180890341347,1,8,3,2
smd,group23_evaluation,machine-3-5,sarad_official,0,6,15953,16057,"[29, 33, 25, 23, 22, 6, 12, 31, 10, 5, 24, 11, 15, 14, 9, 0, 16, 30, 36, 8, 26, 37, 28, 27, 7, 1, 17, 13, 19, 21, 4, 32, 20, 18, 3, 35, 2, 34]",5,0.8,0.5,0.6153846153846154,0.7860137352654724,1,8,5,4
smd,group23_evaluation,machine-3-5,sarad_official,0,7,16163,16308,"[15, 16, 0, 33, 20, 17, 18, 1, 14, 13, 30, 26, 31, 19, 8, 2, 34, 27, 6, 22, 25, 21, 10, 35, 29, 3, 7, 12, 23, 37, 5, 24, 36, 11, 28, 4, 32, 9]",1,0.0,0.0,0.0,0.0,0,17,1,0
smd,group23_evaluation,machine-3-5,sarad_official,0,7,16163,16308,"[15, 16, 0, 33, 20, 17, 18, 1, 14, 13, 30, 26, 31, 19, 8, 2, 34, 27, 6, 22, 25, 21, 10, 35, 29, 3, 7, 12, 23, 37, 5, 24, 36, 11, 28, 4, 32, 9]",3,0.6666666666666666,0.11764705882352941,0.2,0.5307212739772434,1,17,3,2
smd,group23_evaluation,machine-3-5,sarad_official,0,7,16163,16308,"[15, 16, 0, 33, 20, 17, 18, 1, 14, 13, 30, 26, 31, 19, 8, 2, 34, 27, 6, 22, 25, 21, 10, 35, 29, 3, 7, 12, 23, 37, 5, 24, 36, 11, 28, 4, 32, 9]",5,0.6,0.17647058823529413,0.2727272727272727,0.5147714448836774,1,17,5,3
smd,group23_evaluation,machine-3-5,sarad_official,0,8,18426,18430,"[33, 15, 16, 18, 34, 21, 14, 2, 22, 36, 25, 37, 35, 20, 6, 10, 26, 28, 17, 31, 8, 1, 12, 3, 5, 13, 29, 0, 19, 7, 11, 4, 23, 24, 30, 27, 9, 32]",1,0.0,0.0,0.0,0.0,0,1,1,0
smd,group23_evaluation,machine-3-5,sarad_official,0,8,18426,18430,"[33, 15, 16, 18, 34, 21, 14, 2, 22, 36, 25, 37, 35, 20, 6, 10, 26, 28, 17, 31, 8, 1, 12, 3, 5, 13, 29, 0, 19, 7, 11, 4, 23, 24, 30, 27, 9, 32]",3,0.3333333333333333,1.0,0.5,0.5,1,1,3,1
smd,group23_evaluation,machine-3-5,sarad_official,0,8,18426,18430,"[33, 15, 16, 18, 34, 21, 14, 2, 22, 36, 25, 37, 35, 20, 6, 10, 26, 28, 17, 31, 8, 1, 12, 3, 5, 13, 29, 0, 19, 7, 11, 4, 23, 24, 30, 27, 9, 32]",5,0.2,1.0,0.33333333333333337,0.5,1,1,5,1
smd,group23_evaluation,machine-3-5,sarad_official,0,9,18842,18845,"[33, 16, 21, 15, 1, 14, 26, 6, 34, 12, 35, 22, 36, 8, 31, 2, 3, 7, 20, 0, 10, 5, 29, 25, 11, 23, 13, 30, 27, 28, 4, 19, 18, 17, 37, 24, 9, 32]",1,0.0,0.0,0.0,0.0,0,1,1,0
smd,group23_evaluation,machine-3-5,sarad_official,0,9,18842,18845,"[33, 16, 21, 15, 1, 14, 26, 6, 34, 12, 35, 22, 36, 8, 31, 2, 3, 7, 20, 0, 10, 5, 29, 25, 11, 23, 13, 30, 27, 28, 4, 19, 18, 17, 37, 24, 9, 32]",3,0.3333333333333333,1.0,0.5,0.6309297535714575,1,1,3,1
smd,group23_evaluation,machine-3-5,sarad_official,0,9,18842,18845,"[33, 16, 21, 15, 1, 14, 26, 6, 34, 12, 35, 22, 36, 8, 31, 2, 3, 7, 20, 0, 10, 5, 29, 25, 11, 23, 13, 30, 27, 28, 4, 19, 18, 17, 37, 24, 9, 32]",5,0.2,1.0,0.33333333333333337,0.6309297535714575,1,1,5,1
smd,group23_evaluation,machine-3-5,sarad_official,0,10,19498,19501,"[33, 12, 1, 15, 2, 10, 26, 16, 21, 11, 3, 8, 14, 6, 34, 22, 31, 0, 37, 35, 18, 20, 13, 25, 29, 5, 24, 36, 7, 23, 28, 9, 4, 30, 19, 27, 17, 32]",1,0.0,0.0,0.0,0.0,0,1,1,0
smd,group23_evaluation,machine-3-5,sarad_official,0,10,19498,19501,"[33, 12, 1, 15, 2, 10, 26, 16, 21, 11, 3, 8, 14, 6, 34, 22, 31, 0, 37, 35, 18, 20, 13, 25, 29, 5, 24, 36, 7, 23, 28, 9, 4, 30, 19, 27, 17, 32]",3,0.0,0.0,0.0,0.0,0,1,3,0
smd,group23_evaluation,machine-3-5,sarad_official,0,10,19498,19501,"[33, 12, 1, 15, 2, 10, 26, 16, 21, 11, 3, 8, 14, 6, 34, 22, 31, 0, 37, 35, 18, 20, 13, 25, 29, 5, 24, 36, 7, 23, 28, 9, 4, 30, 19, 27, 17, 32]",5,0.0,0.0,0.0,0.0,0,1,5,0
smd,group23_evaluation,machine-3-6,sarad_official,0,0,1187,1221,"[28, 22, 3, 1, 2, 20, 10, 0, 21, 19, 30, 6, 27, 15, 18, 34, 25, 33, 26, 14, 7, 36, 24, 23, 35, 37, 31, 29, 12, 4, 11, 5, 9, 13, 32, 16, 8, 17]",1,1.0,0.05555555555555555,0.10526315789473684,1.0,1,18,1,1
smd,group23_evaluation,machine-3-6,sarad_official,0,0,1187,1221,"[28, 22, 3, 1, 2, 20, 10, 0, 21, 19, 30, 6, 27, 15, 18, 34, 25, 33, 26, 14, 7, 36, 24, 23, 35, 37, 31, 29, 12, 4, 11, 5, 9, 13, 32, 16, 8, 17]",3,1.0,0.16666666666666666,0.2857142857142857,1.0,1,18,3,3
smd,group23_evaluation,machine-3-6,sarad_official,0,0,1187,1221,"[28, 22, 3, 1, 2, 20, 10, 0, 21, 19, 30, 6, 27, 15, 18, 34, 25, 33, 26, 14, 7, 36, 24, 23, 35, 37, 31, 29, 12, 4, 11, 5, 9, 13, 32, 16, 8, 17]",5,1.0,0.2777777777777778,0.4347826086956522,1.0,1,18,5,5
smd,group23_evaluation,machine-3-6,sarad_official,0,1,8177,8211,"[33, 2, 22, 3, 1, 19, 0, 21, 29, 10, 18, 34, 20, 7, 32, 27, 16, 35, 31, 15, 14, 37, 36, 5, 28, 8, 30, 9, 23, 26, 17, 11, 25, 4, 12, 13, 24, 6]",1,1.0,0.16666666666666666,0.2857142857142857,1.0,1,6,1,1
smd,group23_evaluation,machine-3-6,sarad_official,0,1,8177,8211,"[33, 2, 22, 3, 1, 19, 0, 21, 29, 10, 18, 34, 20, 7, 32, 27, 16, 35, 31, 15, 14, 37, 36, 5, 28, 8, 30, 9, 23, 26, 17, 11, 25, 4, 12, 13, 24, 6]",3,0.6666666666666666,0.3333333333333333,0.4444444444444444,0.7653606369886217,1,6,3,2
smd,group23_evaluation,machine-3-6,sarad_official,0,1,8177,8211,"[33, 2, 22, 3, 1, 19, 0, 21, 29, 10, 18, 34, 20, 7, 32, 27, 16, 35, 31, 15, 14, 37, 36, 5, 28, 8, 30, 9, 23, 26, 17, 11, 25, 4, 12, 13, 24, 6]",5,0.8,0.6666666666666666,0.7272727272727272,0.830419897363192,1,6,5,4
smd,group23_evaluation,machine-3-6,sarad_official,0,2,10637,10743,"[3, 2, 22, 33, 1, 10, 32, 11, 19, 21, 29, 15, 0, 30, 9, 27, 7, 20, 14, 37, 26, 16, 12, 28, 17, 36, 4, 23, 6, 8, 31, 35, 5, 25, 24, 18, 34, 13]",1,0.0,0.0,0.0,0.0,0,3,1,0
smd,group23_evaluation,machine-3-6,sarad_official,0,2,10637,10743,"[3, 2, 22, 33, 1, 10, 32, 11, 19, 21, 29, 15, 0, 30, 9, 27, 7, 20, 14, 37, 26, 16, 12, 28, 17, 36, 4, 23, 6, 8, 31, 35, 5, 25, 24, 18, 34, 13]",3,0.0,0.0,0.0,0.0,0,3,3,0
smd,group23_evaluation,machine-3-6,sarad_official,0,2,10637,10743,"[3, 2, 22, 33, 1, 10, 32, 11, 19, 21, 29, 15, 0, 30, 9, 27, 7, 20, 14, 37, 26, 16, 12, 28, 17, 36, 4, 23, 6, 8, 31, 35, 5, 25, 24, 18, 34, 13]",5,0.2,0.3333333333333333,0.25,0.20210734650054757,1,3,5,1
smd,group23_evaluation,machine-3-6,sarad_official,0,3,15633,15863,"[9, 0, 11, 12, 14, 10, 13, 15, 1, 25, 8, 6, 5, 36, 7, 26, 2, 33, 20, 16, 3, 37, 23, 32, 34, 21, 22, 28, 19, 4, 17, 29, 24, 35, 30, 27, 18, 31]",1,1.0,0.125,0.2222222222222222,1.0,1,8,1,1
smd,group23_evaluation,machine-3-6,sarad_official,0,3,15633,15863,"[9, 0, 11, 12, 14, 10, 13, 15, 1, 25, 8, 6, 5, 36, 7, 26, 2, 33, 20, 16, 3, 37, 23, 32, 34, 21, 22, 28, 19, 4, 17, 29, 24, 35, 30, 27, 18, 31]",3,1.0,0.375,0.5454545454545454,1.0,1,8,3,3
smd,group23_evaluation,machine-3-6,sarad_official,0,3,15633,15863,"[9, 0, 11, 12, 14, 10, 13, 15, 1, 25, 8, 6, 5, 36, 7, 26, 2, 33, 20, 16, 3, 37, 23, 32, 34, 21, 22, 28, 19, 4, 17, 29, 24, 35, 30, 27, 18, 31]",5,1.0,0.625,0.7692307692307693,1.0,1,8,5,5
smd,group23_evaluation,machine-3-6,sarad_official,0,4,16788,16995,"[11, 12, 14, 9, 10, 1, 0, 2, 13, 3, 15, 8, 26, 16, 7, 36, 37, 28, 17, 4, 5, 22, 32, 27, 20, 6, 19, 25, 21, 29, 23, 34, 33, 30, 24, 35, 18, 31]",1,1.0,0.16666666666666666,0.2857142857142857,1.0,1,6,1,1
smd,group23_evaluation,machine-3-6,sarad_official,0,4,16788,16995,"[11, 12, 14, 9, 10, 1, 0, 2, 13, 3, 15, 8, 26, 16, 7, 36, 37, 28, 17, 4, 5, 22, 32, 27, 20, 6, 19, 25, 21, 29, 23, 34, 33, 30, 24, 35, 18, 31]",3,1.0,0.5,0.6666666666666666,1.0,1,6,3,3
smd,group23_evaluation,machine-3-6,sarad_official,0,4,16788,16995,"[11, 12, 14, 9, 10, 1, 0, 2, 13, 3, 15, 8, 26, 16, 7, 36, 37, 28, 17, 4, 5, 22, 32, 27, 20, 6, 19, 25, 21, 29, 23, 34, 33, 30, 24, 35, 18, 31]",5,0.8,0.6666666666666666,0.7272727272727272,0.8687949224876582,1,6,5,4
smd,group23_evaluation,machine-3-6,sarad_official,0,5,18054,18134,"[9, 11, 12, 3, 14, 2, 10, 1, 0, 15, 22, 8, 26, 36, 6, 37, 7, 23, 34, 16, 13, 28, 29, 4, 20, 17, 19, 25, 33, 32, 27, 21, 5, 31, 35, 24, 18, 30]",1,1.0,0.16666666666666666,0.2857142857142857,1.0,1,6,1,1
smd,group23_evaluation,machine-3-6,sarad_official,0,5,18054,18134,"[9, 11, 12, 3, 14, 2, 10, 1, 0, 15, 22, 8, 26, 36, 6, 37, 7, 23, 34, 16, 13, 28, 29, 4, 20, 17, 19, 25, 33, 32, 27, 21, 5, 31, 35, 24, 18, 30]",3,1.0,0.5,0.6666666666666666,1.0,1,6,3,3
smd,group23_evaluation,machine-3-6,sarad_official,0,5,18054,18134,"[9, 11, 12, 3, 14, 2, 10, 1, 0, 15, 22, 8, 26, 36, 6, 37, 7, 23, 34, 16, 13, 28, 29, 4, 20, 17, 19, 25, 33, 32, 27, 21, 5, 31, 35, 24, 18, 30]",5,0.8,0.6666666666666666,0.7272727272727272,0.8539316501572937,1,6,5,4
smd,group23_evaluation,machine-3-6,sarad_official,0,6,19276,19500,"[9, 11, 14, 12, 1, 0, 10, 13, 15, 36, 6, 26, 2, 8, 25, 7, 37, 3, 16, 23, 20, 33, 28, 4, 17, 29, 27, 32, 34, 5, 35, 21, 19, 30, 18, 24, 31, 22]",1,1.0,0.16666666666666666,0.2857142857142857,1.0,1,6,1,1
smd,group23_evaluation,machine-3-6,sarad_official,0,6,19276,19500,"[9, 11, 14, 12, 1, 0, 10, 13, 15, 36, 6, 26, 2, 8, 25, 7, 37, 3, 16, 23, 20, 33, 28, 4, 17, 29, 27, 32, 34, 5, 35, 21, 19, 30, 18, 24, 31, 22]",3,1.0,0.5,0.6666666666666666,1.0,1,6,3,3
smd,group23_evaluation,machine-3-6,sarad_official,0,6,19276,19500,"[9, 11, 14, 12, 1, 0, 10, 13, 15, 36, 6, 26, 2, 8, 25, 7, 37, 3, 16, 23, 20, 33, 28, 4, 17, 29, 27, 32, 34, 5, 35, 21, 19, 30, 18, 24, 31, 22]",5,0.8,0.6666666666666666,0.7272727272727272,0.8687949224876582,1,6,5,4
smd,group23_evaluation,machine-3-6,sarad_official,0,7,20681,20865,"[9, 11, 12, 14, 10, 0, 1, 13, 3, 2, 33, 15, 36, 6, 25, 26, 7, 8, 20, 16, 37, 5, 4, 28, 23, 34, 35, 17, 21, 19, 32, 29, 27, 18, 22, 24, 30, 31]",1,1.0,0.14285714285714285,0.25,1.0,1,7,1,1
smd,group23_evaluation,machine-3-6,sarad_official,0,7,20681,20865,"[9, 11, 12, 14, 10, 0, 1, 13, 3, 2, 33, 15, 36, 6, 25, 26, 7, 8, 20, 16, 37, 5, 4, 28, 23, 34, 35, 17, 21, 19, 32, 29, 27, 18, 22, 24, 30, 31]",3,1.0,0.42857142857142855,0.6,1.0,1,7,3,3
smd,group23_evaluation,machine-3-6,sarad_official,0,7,20681,20865,"[9, 11, 12, 14, 10, 0, 1, 13, 3, 2, 33, 15, 36, 6, 25, 26, 7, 8, 20, 16, 37, 5, 4, 28, 23, 34, 35, 17, 21, 19, 32, 29, 27, 18, 22, 24, 30, 31]",5,0.8,0.5714285714285714,0.6666666666666666,0.8687949224876582,1,7,5,4
smd,group23_evaluation,machine-3-6,sarad_official,0,8,24503,24506,"[5, 8, 14, 13, 12, 15, 10, 11, 16, 26, 1, 37, 7, 28, 17, 32, 4, 2, 3, 9, 36, 35, 27, 0, 22, 6, 21, 19, 33, 18, 25, 20, 23, 30, 31, 24, 34, 29]",1,0.0,0.0,0.0,0.0,0,7,1,0
smd,group23_evaluation,machine-3-6,sarad_official,0,8,24503,24506,"[5, 8, 14, 13, 12, 15, 10, 11, 16, 26, 1, 37, 7, 28, 17, 32, 4, 2, 3, 9, 36, 35, 27, 0, 22, 6, 21, 19, 33, 18, 25, 20, 23, 30, 31, 24, 34, 29]",3,0.6666666666666666,0.2857142857142857,0.4,0.5307212739772434,1,7,3,2
smd,group23_evaluation,machine-3-6,sarad_official,0,8,24503,24506,"[5, 8, 14, 13, 12, 15, 10, 11, 16, 26, 1, 37, 7, 28, 17, 32, 4, 2, 3, 9, 36, 35, 27, 0, 22, 6, 21, 19, 33, 18, 25, 20, 23, 30, 31, 24, 34, 29]",5,0.8,0.5714285714285714,0.6666666666666666,0.6608397947263839,1,7,5,4
smd,group23_evaluation,machine-3-6,sarad_official,0,9,26138,26149,"[9, 11, 0, 14, 12, 10, 26, 8, 16, 1, 37, 13, 7, 15, 28, 17, 36, 5, 2, 4, 32, 27, 24, 20, 33, 3, 6, 30, 21, 19, 25, 23, 35, 29, 34, 22, 18, 31]",1,0.0,0.0,0.0,0.0,0,2,1,0
smd,group23_evaluation,machine-3-6,sarad_official,0,9,26138,26149,"[9, 11, 0, 14, 12, 10, 26, 8, 16, 1, 37, 13, 7, 15, 28, 17, 36, 5, 2, 4, 32, 27, 24, 20, 33, 3, 6, 30, 21, 19, 25, 23, 35, 29, 34, 22, 18, 31]",3,0.6666666666666666,1.0,0.8,0.6934264036172708,1,2,3,2
smd,group23_evaluation,machine-3-6,sarad_official,0,9,26138,26149,"[9, 11, 0, 14, 12, 10, 26, 8, 16, 1, 37, 13, 7, 15, 28, 17, 36, 5, 2, 4, 32, 27, 24, 20, 33, 3, 6, 30, 21, 19, 25, 23, 35, 29, 34, 22, 18, 31]",5,0.4,1.0,0.5714285714285715,0.6934264036172708,1,2,5,2
smd,group23_evaluation,machine-3-6,sarad_official,0,10,27877,27958,"[25, 29, 31, 23, 22, 3, 2, 34, 24, 18, 0, 1, 20, 21, 6, 35, 19, 30, 27, 33, 32, 10, 15, 14, 36, 37, 7, 26, 16, 5, 8, 9, 11, 28, 4, 12, 17, 13]",1,1.0,0.043478260869565216,0.08333333333333333,1.0,1,23,1,1
smd,group23_evaluation,machine-3-6,sarad_official,0,10,27877,27958,"[25, 29, 31, 23, 22, 3, 2, 34, 24, 18, 0, 1, 20, 21, 6, 35, 19, 30, 27, 33, 32, 10, 15, 14, 36, 37, 7, 26, 16, 5, 8, 9, 11, 28, 4, 12, 17, 13]",3,1.0,0.13043478260869565,0.23076923076923078,1.0,1,23,3,3
smd,group23_evaluation,machine-3-6,sarad_official,0,10,27877,27958,"[25, 29, 31, 23, 22, 3, 2, 34, 24, 18, 0, 1, 20, 21, 6, 35, 19, 30, 27, 33, 32, 10, 15, 14, 36, 37, 7, 26, 16, 5, 8, 9, 11, 28, 4, 12, 17, 13]",5,1.0,0.21739130434782608,0.3571428571428571,1.0,1,23,5,5
smd,group23_evaluation,machine-3-7,sarad_official,0,0,10609,10644,"[31, 25, 23, 29, 4, 15, 1, 17, 22, 28, 26, 7, 0, 16, 37, 36, 27, 32, 2, 9, 3, 33, 8, 21, 11, 19, 12, 6, 5, 14, 30, 24, 20, 13, 35, 34, 10, 18]",1,1.0,0.09090909090909091,0.16666666666666669,1.0,1,11,1,1
smd,group23_evaluation,machine-3-7,sarad_official,0,0,10609,10644,"[31, 25, 23, 29, 4, 15, 1, 17, 22, 28, 26, 7, 0, 16, 37, 36, 27, 32, 2, 9, 3, 33, 8, 21, 11, 19, 12, 6, 5, 14, 30, 24, 20, 13, 35, 34, 10, 18]",3,0.3333333333333333,0.09090909090909091,0.14285714285714288,0.46927872602275644,1,11,3,1
smd,group23_evaluation,machine-3-7,sarad_official,0,0,10609,10644,"[31, 25, 23, 29, 4, 15, 1, 17, 22, 28, 26, 7, 0, 16, 37, 36, 27, 32, 2, 9, 3, 33, 8, 21, 11, 19, 12, 6, 5, 14, 30, 24, 20, 13, 35, 34, 10, 18]",5,0.4,0.18181818181818182,0.25000000000000006,0.48522855511632257,1,11,5,2
smd,group23_evaluation,machine-3-7,sarad_official,0,1,11491,11554,"[29, 31, 25, 23, 3, 18, 2, 1, 30, 21, 0, 33, 20, 35, 19, 27, 36, 22, 4, 34, 15, 7, 32, 26, 37, 6, 16, 9, 28, 24, 17, 8, 12, 5, 11, 14, 13, 10]",1,1.0,0.06666666666666667,0.125,1.0,1,15,1,1
smd,group23_evaluation,machine-3-7,sarad_official,0,1,11491,11554,"[29, 31, 25, 23, 3, 18, 2, 1, 30, 21, 0, 33, 20, 35, 19, 27, 36, 22, 4, 34, 15, 7, 32, 26, 37, 6, 16, 9, 28, 24, 17, 8, 12, 5, 11, 14, 13, 10]",3,1.0,0.2,0.33333333333333337,1.0,1,15,3,3
smd,group23_evaluation,machine-3-7,sarad_official,0,1,11491,11554,"[29, 31, 25, 23, 3, 18, 2, 1, 30, 21, 0, 33, 20, 35, 19, 27, 36, 22, 4, 34, 15, 7, 32, 26, 37, 6, 16, 9, 28, 24, 17, 8, 12, 5, 11, 14, 13, 10]",5,0.8,0.26666666666666666,0.4,0.8687949224876582,1,15,5,4
smd,group23_evaluation,machine-3-7,sarad_official,0,2,14775,14793,"[31, 1, 15, 29, 3, 25, 4, 2, 17, 0, 23, 26, 16, 28, 7, 37, 14, 27, 36, 32, 8, 9, 33, 19, 21, 24, 30, 34, 20, 5, 11, 12, 18, 6, 13, 22, 35, 10]",1,1.0,0.09090909090909091,0.16666666666666669,1.0,1,11,1,1
smd,group23_evaluation,machine-3-7,sarad_official,0,2,14775,14793,"[31, 1, 15, 29, 3, 25, 4, 2, 17, 0, 23, 26, 16, 28, 7, 37, 14, 27, 36, 32, 8, 9, 33, 19, 21, 24, 30, 34, 20, 5, 11, 12, 18, 6, 13, 22, 35, 10]",3,0.3333333333333333,0.09090909090909091,0.14285714285714288,0.46927872602275644,1,11,3,1
smd,group23_evaluation,machine-3-7,sarad_official,0,2,14775,14793,"[31, 1, 15, 29, 3, 25, 4, 2, 17, 0, 23, 26, 16, 28, 7, 37, 14, 27, 36, 32, 8, 9, 33, 19, 21, 24, 30, 34, 20, 5, 11, 12, 18, 6, 13, 22, 35, 10]",5,0.4,0.18181818181818182,0.25000000000000006,0.48522855511632257,1,11,5,2
smd,group23_evaluation,machine-3-7,sarad_official,0,3,21201,21512,"[9, 3, 16, 2, 1, 15, 0, 31, 17, 19, 13, 5, 14, 7, 8, 33, 22, 26, 12, 4, 37, 36, 20, 25, 18, 6, 10, 29, 23, 21, 32, 30, 11, 34, 24, 35, 27, 28]",1,1.0,0.03571428571428571,0.0689655172413793,1.0,1,28,1,1
smd,group23_evaluation,machine-3-7,sarad_official,0,3,21201,21512,"[9, 3, 16, 2, 1, 15, 0, 31, 17, 19, 13, 5, 14, 7, 8, 33, 22, 26, 12, 4, 37, 36, 20, 25, 18, 6, 10, 29, 23, 21, 32, 30, 11, 34, 24, 35, 27, 28]",3,1.0,0.10714285714285714,0.19354838709677416,1.0,1,28,3,3
smd,group23_evaluation,machine-3-7,sarad_official,0,3,21201,21512,"[9, 3, 16, 2, 1, 15, 0, 31, 17, 19, 13, 5, 14, 7, 8, 33, 22, 26, 12, 4, 37, 36, 20, 25, 18, 6, 10, 29, 23, 21, 32, 30, 11, 34, 24, 35, 27, 28]",5,1.0,0.17857142857142858,0.30303030303030304,1.0,1,28,5,5
smd,group23_evaluation,machine-3-7,sarad_official,0,4,24579,24586,"[10, 31, 9, 25, 15, 26, 24, 28, 8, 37, 17, 7, 23, 16, 12, 1, 32, 4, 2, 36, 3, 27, 14, 11, 33, 6, 30, 34, 35, 13, 0, 21, 5, 20, 19, 22, 18, 29]",1,1.0,1.0,1.0,1.0,1,1,1,1
smd,group23_evaluation,machine-3-7,sarad_official,0,4,24579,24586,"[10, 31, 9, 25, 15, 26, 24, 28, 8, 37, 17, 7, 23, 16, 12, 1, 32, 4, 2, 36, 3, 27, 14, 11, 33, 6, 30, 34, 35, 13, 0, 21, 5, 20, 19, 22, 18, 29]",3,0.3333333333333333,1.0,0.5,1.0,1,1,3,1
smd,group23_evaluation,machine-3-7,sarad_official,0,4,24579,24586,"[10, 31, 9, 25, 15, 26, 24, 28, 8, 37, 17, 7, 23, 16, 12, 1, 32, 4, 2, 36, 3, 27, 14, 11, 33, 6, 30, 34, 35, 13, 0, 21, 5, 20, 19, 22, 18, 29]",5,0.2,1.0,0.33333333333333337,1.0,1,1,5,1
smd,group23_evaluation,machine-3-8,sarad_official,0,0,15144,15266,"[24, 3, 35, 19, 0, 1, 2, 34, 18, 8, 13, 30, 12, 21, 20, 6, 7, 26, 28, 16, 27, 36, 9, 37, 10, 17, 15, 4, 31, 29, 5, 32, 22, 33, 14, 23, 11, 25]",1,0.0,0.0,0.0,0.0,0,12,1,0
smd,group23_evaluation,machine-3-8,sarad_official,0,0,15144,15266,"[24, 3, 35, 19, 0, 1, 2, 34, 18, 8, 13, 30, 12, 21, 20, 6, 7, 26, 28, 16, 27, 36, 9, 37, 10, 17, 15, 4, 31, 29, 5, 32, 22, 33, 14, 23, 11, 25]",3,0.6666666666666666,0.16666666666666666,0.26666666666666666,0.5307212739772434,1,12,3,2
smd,group23_evaluation,machine-3-8,sarad_official,0,0,15144,15266,"[24, 3, 35, 19, 0, 1, 2, 34, 18, 8, 13, 30, 12, 21, 20, 6, 7, 26, 28, 16, 27, 36, 9, 37, 10, 17, 15, 4, 31, 29, 5, 32, 22, 33, 14, 23, 11, 25]",5,0.8,0.3333333333333333,0.47058823529411764,0.6608397947263839,1,12,5,4
smd,group23_evaluation,machine-3-8,sarad_official,0,1,15941,16514,"[24, 13, 1, 19, 35, 34, 0, 3, 18, 2, 12, 21, 20, 30, 6, 8, 26, 28, 7, 16, 27, 37, 17, 9, 10, 36, 15, 4, 32, 11, 33, 23, 29, 14, 5, 25, 22, 31]",1,0.0,0.0,0.0,0.0,0,11,1,0
smd,group23_evaluation,machine-3-8,sarad_official,0,1,15941,16514,"[24, 13, 1, 19, 35, 34, 0, 3, 18, 2, 12, 21, 20, 30, 6, 8, 26, 28, 7, 16, 27, 37, 17, 9, 10, 36, 15, 4, 32, 11, 33, 23, 29, 14, 5, 25, 22, 31]",3,0.3333333333333333,0.09090909090909091,0.14285714285714288,0.23463936301137822,1,11,3,1
smd,group23_evaluation,machine-3-8,sarad_official,0,1,15941,16514,"[24, 13, 1, 19, 35, 34, 0, 3, 18, 2, 12, 21, 20, 30, 6, 8, 26, 28, 7, 16, 27, 37, 17, 9, 10, 36, 15, 4, 32, 11, 33, 23, 29, 14, 5, 25, 22, 31]",5,0.4,0.18181818181818182,0.25000000000000006,0.3156484524795145,1,11,5,2
smd,group23_evaluation,machine-3-8,sarad_official,0,2,17063,17276,"[28, 2, 1, 3, 0, 19, 18, 30, 20, 21, 22, 34, 13, 35, 24, 27, 25, 33, 26, 23, 31, 7, 15, 32, 10, 6, 29, 36, 5, 37, 14, 16, 11, 12, 4, 9, 8, 17]",1,1.0,0.047619047619047616,0.0909090909090909,1.0,1,21,1,1
smd,group23_evaluation,machine-3-8,sarad_official,0,2,17063,17276,"[28, 2, 1, 3, 0, 19, 18, 30, 20, 21, 22, 34, 13, 35, 24, 27, 25, 33, 26, 23, 31, 7, 15, 32, 10, 6, 29, 36, 5, 37, 14, 16, 11, 12, 4, 9, 8, 17]",3,1.0,0.14285714285714285,0.25,1.0,1,21,3,3
smd,group23_evaluation,machine-3-8,sarad_official,0,2,17063,17276,"[28, 2, 1, 3, 0, 19, 18, 30, 20, 21, 22, 34, 13, 35, 24, 27, 25, 33, 26, 23, 31, 7, 15, 32, 10, 6, 29, 36, 5, 37, 14, 16, 11, 12, 4, 9, 8, 17]",5,1.0,0.23809523809523808,0.3846153846153846,1.0,1,21,5,5
smd,group23_evaluation,machine-3-8,sarad_official,0,3,21405,21548,"[9, 13, 35, 12, 34, 1, 20, 11, 21, 10, 6, 7, 26, 36, 15, 30, 23, 31, 22, 33, 29, 16, 5, 18, 25, 37, 32, 8, 2, 19, 3, 24, 0, 14, 28, 4, 27, 17]",1,1.0,0.25,0.4,1.0,1,4,1,1
smd,group23_evaluation,machine-3-8,sarad_official,0,3,21405,21548,"[9, 13, 35, 12, 34, 1, 20, 11, 21, 10, 6, 7, 26, 36, 15, 30, 23, 31, 22, 33, 29, 16, 5, 18, 25, 37, 32, 8, 2, 19, 3, 24, 0, 14, 28, 4, 27, 17]",3,0.3333333333333333,0.25,0.28571428571428575,0.46927872602275644,1,4,3,1
smd,group23_evaluation,machine-3-8,sarad_official,0,3,21405,21548,"[9, 13, 35, 12, 34, 1, 20, 11, 21, 10, 6, 7, 26, 36, 15, 30, 23, 31, 22, 33, 29, 16, 5, 18, 25, 37, 32, 8, 2, 19, 3, 24, 0, 14, 28, 4, 27, 17]",5,0.4,0.5,0.4444444444444445,0.5585075862632192,1,4,5,2
smd,group23_evaluation,machine-3-8,sarad_official,0,4,23478,23781,"[9, 13, 24, 35, 34, 12, 11, 36, 22, 20, 1, 33, 26, 21, 29, 2, 19, 7, 6, 18, 10, 25, 15, 31, 37, 32, 16, 14, 8, 3, 5, 30, 23, 0, 28, 4, 27, 17]",1,1.0,0.2,0.33333333333333337,1.0,1,5,1,1
smd,group23_evaluation,machine-3-8,sarad_official,0,4,23478,23781,"[9, 13, 24, 35, 34, 12, 11, 36, 22, 20, 1, 33, 26, 21, 29, 2, 19, 7, 6, 18, 10, 25, 15, 31, 37, 32, 16, 14, 8, 3, 5, 30, 23, 0, 28, 4, 27, 17]",3,0.6666666666666666,0.4,0.5,0.7653606369886217,1,5,3,2
smd,group23_evaluation,machine-3-8,sarad_official,0,4,23478,23781,"[9, 13, 24, 35, 34, 12, 11, 36, 22, 20, 1, 33, 26, 21, 29, 2, 19, 7, 6, 18, 10, 25, 15, 31, 37, 32, 16, 14, 8, 3, 5, 30, 23, 0, 28, 4, 27, 17]",5,0.4,0.4,0.4000000000000001,0.5531464700081437,1,5,5,2
smd,group23_evaluation,machine-3-8,sarad_official,0,5,28253,28270,"[9, 13, 22, 1, 24, 21, 26, 0, 25, 20, 37, 36, 12, 10, 6, 31, 33, 34, 29, 7, 30, 18, 3, 19, 27, 8, 23, 14, 35, 11, 16, 2, 4, 15, 5, 28, 32, 17]",1,1.0,0.3333333333333333,0.5,1.0,1,3,1,1
smd,group23_evaluation,machine-3-8,sarad_official,0,5,28253,28270,"[9, 13, 22, 1, 24, 21, 26, 0, 25, 20, 37, 36, 12, 10, 6, 31, 33, 34, 29, 7, 30, 18, 3, 19, 27, 8, 23, 14, 35, 11, 16, 2, 4, 15, 5, 28, 32, 17]",3,0.3333333333333333,0.3333333333333333,0.3333333333333333,0.46927872602275644,1,3,3,1
smd,group23_evaluation,machine-3-8,sarad_official,0,5,28253,28270,"[9, 13, 22, 1, 24, 21, 26, 0, 25, 20, 37, 36, 12, 10, 6, 31, 33, 34, 29, 7, 30, 18, 3, 19, 27, 8, 23, 14, 35, 11, 16, 2, 4, 15, 5, 28, 32, 17]",5,0.2,0.3333333333333333,0.25,0.46927872602275644,1,3,5,1
smd,group23_evaluation,machine-3-9,sarad_official,0,0,1199,1230,"[25, 23, 22, 10, 31, 14, 8, 20, 36, 15, 0, 26, 27, 21, 9, 19, 18, 37, 30, 13, 7, 12, 32, 28, 17, 16, 6, 33, 2, 11, 4, 5, 35, 3, 24, 1, 29, 34]",1,1.0,0.08333333333333333,0.15384615384615385,1.0,1,12,1,1
smd,group23_evaluation,machine-3-9,sarad_official,0,0,1199,1230,"[25, 23, 22, 10, 31, 14, 8, 20, 36, 15, 0, 26, 27, 21, 9, 19, 18, 37, 30, 13, 7, 12, 32, 28, 17, 16, 6, 33, 2, 11, 4, 5, 35, 3, 24, 1, 29, 34]",3,1.0,0.25,0.4,1.0,1,12,3,3
smd,group23_evaluation,machine-3-9,sarad_official,0,0,1199,1230,"[25, 23, 22, 10, 31, 14, 8, 20, 36, 15, 0, 26, 27, 21, 9, 19, 18, 37, 30, 13, 7, 12, 32, 28, 17, 16, 6, 33, 2, 11, 4, 5, 35, 3, 24, 1, 29, 34]",5,0.8,0.3333333333333333,0.47058823529411764,0.8539316501572937,1,12,5,4
smd,group23_evaluation,machine-3-9,sarad_official,0,1,5361,5487,"[26, 33, 32, 10, 15, 25, 13, 23, 34, 8, 14, 35, 7, 20, 4, 31, 22, 19, 28, 6, 37, 30, 21, 5, 29, 3, 36, 1, 2, 18, 24, 0, 11, 12, 16, 9, 27, 17]",1,1.0,0.3333333333333333,0.5,1.0,1,3,1,1
smd,group23_evaluation,machine-3-9,sarad_official,0,1,5361,5487,"[26, 33, 32, 10, 15, 25, 13, 23, 34, 8, 14, 35, 7, 20, 4, 31, 22, 19, 28, 6, 37, 30, 21, 5, 29, 3, 36, 1, 2, 18, 24, 0, 11, 12, 16, 9, 27, 17]",3,1.0,1.0,1.0,1.0,1,3,3,3
smd,group23_evaluation,machine-3-9,sarad_official,0,1,5361,5487,"[26, 33, 32, 10, 15, 25, 13, 23, 34, 8, 14, 35, 7, 20, 4, 31, 22, 19, 28, 6, 37, 30, 21, 5, 29, 3, 36, 1, 2, 18, 24, 0, 11, 12, 16, 9, 27, 17]",5,0.6,1.0,0.7499999999999999,1.0,1,3,5,3
smd,group23_evaluation,machine-3-9,sarad_official,0,2,10662,10707,"[10, 9, 0, 1, 14, 8, 15, 12, 18, 21, 27, 2, 13, 20, 19, 11, 36, 32, 5, 26, 30, 16, 7, 3, 37, 28, 17, 33, 25, 4, 23, 35, 29, 6, 34, 24, 31, 22]",1,0.0,0.0,0.0,0.0,0,13,1,0
smd,group23_evaluation,machine-3-9,sarad_official,0,2,10662,10707,"[10, 9, 0, 1, 14, 8, 15, 12, 18, 21, 27, 2, 13, 20, 19, 11, 36, 32, 5, 26, 30, 16, 7, 3, 37, 28, 17, 33, 25, 4, 23, 35, 29, 6, 34, 24, 31, 22]",3,0.3333333333333333,0.07692307692307693,0.125,0.23463936301137822,1,13,3,1
smd,group23_evaluation,machine-3-9,sarad_official,0,2,10662,10707,"[10, 9, 0, 1, 14, 8, 15, 12, 18, 21, 27, 2, 13, 20, 19, 11, 36, 32, 5, 26, 30, 16, 7, 3, 37, 28, 17, 33, 25, 4, 23, 35, 29, 6, 34, 24, 31, 22]",5,0.4,0.15384615384615385,0.2222222222222222,0.3156484524795145,1,13,5,2
smd,group23_evaluation,machine-3-9,sarad_official,0,3,27849,27950,"[0, 34, 3, 2, 1, 35, 20, 18, 19, 21, 9, 30, 22, 27, 31, 10, 14, 13, 15, 8, 36, 5, 23, 16, 25, 12, 24, 6, 26, 7, 29, 33, 37, 11, 32, 4, 28, 17]",1,1.0,0.0625,0.11764705882352941,1.0,1,16,1,1
smd,group23_evaluation,machine-3-9,sarad_official,0,3,27849,27950,"[0, 34, 3, 2, 1, 35, 20, 18, 19, 21, 9, 30, 22, 27, 31, 10, 14, 13, 15, 8, 36, 5, 23, 16, 25, 12, 24, 6, 26, 7, 29, 33, 37, 11, 32, 4, 28, 17]",3,1.0,0.1875,0.3157894736842105,1.0,1,16,3,3
smd,group23_evaluation,machine-3-9,sarad_official,0,3,27849,27950,"[0, 34, 3, 2, 1, 35, 20, 18, 19, 21, 9, 30, 22, 27, 31, 10, 14, 13, 15, 8, 36, 5, 23, 16, 25, 12, 24, 6, 26, 7, 29, 33, 37, 11, 32, 4, 28, 17]",5,1.0,0.3125,0.47619047619047616,1.0,1,16,5,5
smd,group1_development,machine-1-1,sarad_official,1,0,15849,16368,"[9, 0, 11, 22, 1, 14, 12, 15, 2, 18, 32, 3, 4, 7, 35, 19, 27, 23, 20, 37, 25, 36, 10, 6, 5, 8, 34, 13, 24, 28, 17, 30, 21, 33, 16, 26, 31, 29]",1,1.0,0.14285714285714285,0.25,1.0,1,7,1,1
smd,group1_development,machine-1-1,sarad_official,1,0,15849,16368,"[9, 0, 11, 22, 1, 14, 12, 15, 2, 18, 32, 3, 4, 7, 35, 19, 27, 23, 20, 37, 25, 36, 10, 6, 5, 8, 34, 13, 24, 28, 17, 30, 21, 33, 16, 26, 31, 29]",3,1.0,0.42857142857142855,0.6,1.0,1,7,3,3
smd,group1_development,machine-1-1,sarad_official,1,0,15849,16368,"[9, 0, 11, 22, 1, 14, 12, 15, 2, 18, 32, 3, 4, 7, 35, 19, 27, 23, 20, 37, 25, 36, 10, 6, 5, 8, 34, 13, 24, 28, 17, 30, 21, 33, 16, 26, 31, 29]",5,0.6,0.42857142857142855,0.5,0.7227265726449519,1,7,5,3
smd,group1_development,machine-1-1,sarad_official,1,1,16963,17517,"[26, 28, 2, 1, 3, 0, 15, 32, 22, 29, 33, 20, 23, 19, 35, 9, 27, 11, 31, 10, 30, 25, 37, 34, 21, 4, 7, 24, 18, 14, 12, 6, 36, 13, 8, 16, 5, 17]",1,1.0,0.03225806451612903,0.0625,1.0,1,31,1,1
smd,group1_development,machine-1-1,sarad_official,1,1,16963,17517,"[26, 28, 2, 1, 3, 0, 15, 32, 22, 29, 33, 20, 23, 19, 35, 9, 27, 11, 31, 10, 30, 25, 37, 34, 21, 4, 7, 24, 18, 14, 12, 6, 36, 13, 8, 16, 5, 17]",3,1.0,0.0967741935483871,0.17647058823529413,1.0,1,31,3,3
smd,group1_development,machine-1-1,sarad_official,1,1,16963,17517,"[26, 28, 2, 1, 3, 0, 15, 32, 22, 29, 33, 20, 23, 19, 35, 9, 27, 11, 31, 10, 30, 25, 37, 34, 21, 4, 7, 24, 18, 14, 12, 6, 36, 13, 8, 16, 5, 17]",5,1.0,0.16129032258064516,0.27777777777777773,1.0,1,31,5,5
smd,group1_development,machine-1-1,sarad_official,1,2,18071,18528,"[28, 9, 11, 0, 22, 1, 12, 2, 13, 15, 14, 3, 7, 19, 35, 4, 18, 27, 36, 8, 37, 32, 10, 23, 5, 20, 25, 21, 34, 6, 17, 16, 30, 26, 31, 24, 33, 29]",1,0.0,0.0,0.0,0.0,0,8,1,0
smd,group1_development,machine-1-1,sarad_official,1,2,18071,18528,"[28, 9, 11, 0, 22, 1, 12, 2, 13, 15, 14, 3, 7, 19, 35, 4, 18, 27, 36, 8, 37, 32, 10, 23, 5, 20, 25, 21, 34, 6, 17, 16, 30, 26, 31, 24, 33, 29]",3,0.6666666666666666,0.25,0.36363636363636365,0.5307212739772434,1,8,3,2
smd,group1_development,machine-1-1,sarad_official,1,2,18071,18528,"[28, 9, 11, 0, 22, 1, 12, 2, 13, 15, 14, 3, 7, 19, 35, 4, 18, 27, 36, 8, 37, 32, 10, 23, 5, 20, 25, 21, 34, 6, 17, 16, 30, 26, 31, 24, 33, 29]",5,0.6,0.375,0.4615384615384615,0.5296347172140421,1,8,5,3
smd,group1_development,machine-1-1,sarad_official,1,3,19367,20088,"[9, 11, 22, 0, 14, 12, 2, 1, 15, 13, 28, 3, 8, 36, 7, 10, 37, 4, 35, 5, 23, 16, 26, 19, 17, 6, 20, 27, 25, 21, 18, 32, 34, 31, 24, 30, 29, 33]",1,1.0,0.07142857142857142,0.13333333333333333,1.0,1,14,1,1
smd,group1_development,machine-1-1,sarad_official,1,3,19367,20088,"[9, 11, 22, 0, 14, 12, 2, 1, 15, 13, 28, 3, 8, 36, 7, 10, 37, 4, 35, 5, 23, 16, 26, 19, 17, 6, 20, 27, 25, 21, 18, 32, 34, 31, 24, 30, 29, 33]",3,0.6666666666666666,0.14285714285714285,0.23529411764705882,0.7653606369886217,1,14,3,2
smd,group1_development,machine-1-1,sarad_official,1,3,19367,20088,"[9, 11, 22, 0, 14, 12, 2, 1, 15, 13, 28, 3, 8, 36, 7, 10, 37, 4, 35, 5, 23, 16, 26, 19, 17, 6, 20, 27, 25, 21, 18, 32, 34, 31, 24, 30, 29, 33]",5,0.8,0.2857142857142857,0.4210526315789473,0.830419897363192,1,14,5,4
smd,group1_development,machine-1-1,sarad_official,1,4,20786,21195,"[9, 0, 11, 22, 12, 13, 14, 15, 1, 8, 7, 4, 36, 2, 10, 5, 19, 32, 37, 23, 6, 28, 35, 17, 16, 27, 26, 20, 21, 18, 25, 3, 34, 33, 24, 29, 30, 31]",1,1.0,0.14285714285714285,0.25,1.0,1,7,1,1
smd,group1_development,machine-1-1,sarad_official,1,4,20786,21195,"[9, 0, 11, 22, 12, 13, 14, 15, 1, 8, 7, 4, 36, 2, 10, 5, 19, 32, 37, 23, 6, 28, 35, 17, 16, 27, 26, 20, 21, 18, 25, 3, 34, 33, 24, 29, 30, 31]",3,1.0,0.42857142857142855,0.6,1.0,1,7,3,3
smd,group1_development,machine-1-1,sarad_official,1,4,20786,21195,"[9, 0, 11, 22, 12, 13, 14, 15, 1, 8, 7, 4, 36, 2, 10, 5, 19, 32, 37, 23, 6, 28, 35, 17, 16, 27, 26, 20, 21, 18, 25, 3, 34, 33, 24, 29, 30, 31]",5,0.8,0.5714285714285714,0.6666666666666666,0.8539316501572937,1,7,5,4
smd,group1_development,machine-1-1,sarad_official,1,5,24679,24682,"[12, 14, 13, 11, 8, 36, 22, 27, 3, 16, 7, 28, 26, 4, 9, 17, 10, 23, 37, 15, 21, 20, 19, 6, 35, 1, 5, 18, 0, 29, 34, 25, 30, 24, 2, 31, 33, 32]",1,1.0,0.25,0.4,1.0,1,4,1,1
smd,group1_development,machine-1-1,sarad_official,1,5,24679,24682,"[12, 14, 13, 11, 8, 36, 22, 27, 3, 16, 7, 28, 26, 4, 9, 17, 10, 23, 37, 15, 21, 20, 19, 6, 35, 1, 5, 18, 0, 29, 34, 25, 30, 24, 2, 31, 33, 32]",3,1.0,0.75,0.8571428571428571,1.0,1,4,3,3
smd,group1_development,machine-1-1,sarad_official,1,5,24679,24682,"[12, 14, 13, 11, 8, 36, 22, 27, 3, 16, 7, 28, 26, 4, 9, 17, 10, 23, 37, 15, 21, 20, 19, 6, 35, 1, 5, 18, 0, 29, 34, 25, 30, 24, 2, 31, 33, 32]",5,0.8,1.0,0.888888888888889,0.9828920819566879,1,4,5,4
smd,group1_development,machine-1-1,sarad_official,1,6,26114,26116,"[12, 14, 13, 11, 8, 22, 36, 27, 7, 16, 1, 26, 28, 9, 17, 23, 15, 4, 37, 20, 35, 18, 21, 10, 19, 3, 6, 5, 29, 24, 0, 30, 34, 25, 2, 33, 31, 32]",1,1.0,0.25,0.4,1.0,1,4,1,1
smd,group1_development,machine-1-1,sarad_official,1,6,26114,26116,"[12, 14, 13, 11, 8, 22, 36, 27, 7, 16, 1, 26, 28, 9, 17, 23, 15, 4, 37, 20, 35, 18, 21, 10, 19, 3, 6, 5, 29, 24, 0, 30, 34, 25, 2, 33, 31, 32]",3,1.0,0.75,0.8571428571428571,1.0,1,4,3,3
smd,group1_development,machine-1-1,sarad_official,1,6,26114,26116,"[12, 14, 13, 11, 8, 22, 36, 27, 7, 16, 1, 26, 28, 9, 17, 23, 15, 4, 37, 20, 35, 18, 21, 10, 19, 3, 6, 5, 29, 24, 0, 30, 34, 25, 2, 33, 31, 32]",5,0.8,1.0,0.888888888888889,0.9828920819566879,1,4,5,4
smd,group1_development,machine-1-1,sarad_official,1,7,27554,27556,"[12, 14, 13, 11, 8, 22, 15, 36, 7, 27, 16, 26, 28, 10, 35, 4, 9, 23, 1, 17, 20, 37, 6, 19, 30, 21, 0, 5, 24, 29, 18, 34, 2, 3, 25, 33, 31, 32]",1,1.0,0.25,0.4,1.0,1,4,1,1
smd,group1_development,machine-1-1,sarad_official,1,7,27554,27556,"[12, 14, 13, 11, 8, 22, 15, 36, 7, 27, 16, 26, 28, 10, 35, 4, 9, 23, 1, 17, 20, 37, 6, 19, 30, 21, 0, 5, 24, 29, 18, 34, 2, 3, 25, 33, 31, 32]",3,1.0,0.75,0.8571428571428571,1.0,1,4,3,3
smd,group1_development,machine-1-1,sarad_official,1,7,27554,27556,"[12, 14, 13, 11, 8, 22, 15, 36, 7, 27, 16, 26, 28, 10, 35, 4, 9, 23, 1, 17, 20, 37, 6, 19, 30, 21, 0, 5, 24, 29, 18, 34, 2, 3, 25, 33, 31, 32]",5,0.8,1.0,0.888888888888889,0.9828920819566879,1,4,5,4
smd,group1_development,machine-1-2,sarad_official,1,0,4629,4688,"[12, 9, 17, 11, 22, 25, 6, 24, 5, 32, 27, 23, 10, 35, 31, 34, 13, 37, 20, 0, 4, 15, 14, 19, 8, 36, 30, 1, 33, 2, 3, 16, 18, 21, 29, 7, 26, 28]",1,1.0,0.16666666666666666,0.2857142857142857,1.0,1,6,1,1
smd,group1_development,machine-1-2,sarad_official,1,0,4629,4688,"[12, 9, 17, 11, 22, 25, 6, 24, 5, 32, 27, 23, 10, 35, 31, 34, 13, 37, 20, 0, 4, 15, 14, 19, 8, 36, 30, 1, 33, 2, 3, 16, 18, 21, 29, 7, 26, 28]",3,1.0,0.5,0.6666666666666666,1.0,1,6,3,3
smd,group1_development,machine-1-2,sarad_official,1,0,4629,4688,"[12, 9, 17, 11, 22, 25, 6, 24, 5, 32, 27, 23, 10, 35, 31, 34, 13, 37, 20, 0, 4, 15, 14, 19, 8, 36, 30, 1, 33, 2, 3, 16, 18, 21, 29, 7, 26, 28]",5,0.6,0.5,0.5454545454545454,0.7227265726449519,1,6,5,3
smd,group1_development,machine-1-2,sarad_official,1,1,5486,5491,"[17, 22, 13, 19, 35, 26, 34, 15, 24, 20, 21, 30, 37, 32, 27, 23, 31, 4, 14, 25, 18, 3, 6, 5, 0, 29, 9, 33, 7, 28, 12, 11, 2, 1, 8, 16, 36, 10]",1,1.0,1.0,1.0,1.0,1,1,1,1
smd,group1_development,machine-1-2,sarad_official,1,1,5486,5491,"[17, 22, 13, 19, 35, 26, 34, 15, 24, 20, 21, 30, 37, 32, 27, 23, 31, 4, 14, 25, 18, 3, 6, 5, 0, 29, 9, 33, 7, 28, 12, 11, 2, 1, 8, 16, 36, 10]",3,0.3333333333333333,1.0,0.5,1.0,1,1,3,1
smd,group1_development,machine-1-2,sarad_official,1,1,5486,5491,"[17, 22, 13, 19, 35, 26, 34, 15, 24, 20, 21, 30, 37, 32, 27, 23, 31, 4, 14, 25, 18, 3, 6, 5, 0, 29, 9, 33, 7, 28, 12, 11, 2, 1, 8, 16, 36, 10]",5,0.2,1.0,0.33333333333333337,1.0,1,1,5,1
smd,group1_development,machine-1-2,sarad_official,1,2,5875,5951,"[35, 34, 9, 17, 32, 31, 12, 1, 22, 6, 24, 11, 25, 27, 10, 4, 23, 5, 2, 19, 33, 20, 18, 15, 13, 30, 3, 26, 7, 37, 0, 21, 14, 36, 8, 29, 28, 16]",1,1.0,0.07142857142857142,0.13333333333333333,1.0,1,14,1,1
smd,group1_development,machine-1-2,sarad_official,1,2,5875,5951,"[35, 34, 9, 17, 32, 31, 12, 1, 22, 6, 24, 11, 25, 27, 10, 4, 23, 5, 2, 19, 33, 20, 18, 15, 13, 30, 3, 26, 7, 37, 0, 21, 14, 36, 8, 29, 28, 16]",3,1.0,0.21428571428571427,0.35294117647058826,1.0,1,14,3,3
smd,group1_development,machine-1-2,sarad_official,1,2,5875,5951,"[35, 34, 9, 17, 32, 31, 12, 1, 22, 6, 24, 11, 25, 27, 10, 4, 23, 5, 2, 19, 33, 20, 18, 15, 13, 30, 3, 26, 7, 37, 0, 21, 14, 36, 8, 29, 28, 16]",5,1.0,0.35714285714285715,0.5263157894736842,1.0,1,14,5,5
smd,group1_development,machine-1-2,sarad_official,1,3,15415,15418,"[17, 22, 8, 24, 2, 4, 37, 3, 35, 19, 34, 5, 23, 29, 25, 20, 21, 6, 1, 14, 30, 31, 36, 27, 32, 26, 12, 0, 33, 10, 11, 18, 13, 7, 28, 9, 15, 16]",1,1.0,1.0,1.0,1.0,1,1,1,1
smd,group1_development,machine-1-2,sarad_official,1,3,15415,15418,"[17, 22, 8, 24, 2, 4, 37, 3, 35, 19, 34, 5, 23, 29, 25, 20, 21, 6, 1, 14, 30, 31, 36, 27, 32, 26, 12, 0, 33, 10, 11, 18, 13, 7, 28, 9, 15, 16]",3,0.3333333333333333,1.0,0.5,1.0,1,1,3,1
smd,group1_development,machine-1-2,sarad_official,1,3,15415,15418,"[17, 22, 8, 24, 2, 4, 37, 3, 35, 19, 34, 5, 23, 29, 25, 20, 21, 6, 1, 14, 30, 31, 36, 27, 32, 26, 12, 0, 33, 10, 11, 18, 13, 7, 28, 9, 15, 16]",5,0.2,1.0,0.33333333333333337,1.0,1,1,5,1
smd,group1_development,machine-1-2,sarad_official,1,4,15540,15605,"[17, 1, 15, 35, 0, 22, 2, 13, 24, 34, 3, 27, 19, 21, 32, 30, 37, 18, 6, 4, 20, 11, 8, 12, 25, 5, 36, 14, 10, 7, 9, 23, 33, 26, 31, 28, 29, 16]",1,1.0,0.5,0.6666666666666666,1.0,1,2,1,1
smd,group1_development,machine-1-2,sarad_official,1,4,15540,15605,"[17, 1, 15, 35, 0, 22, 2, 13, 24, 34, 3, 27, 19, 21, 32, 30, 37, 18, 6, 4, 20, 11, 8, 12, 25, 5, 36, 14, 10, 7, 9, 23, 33, 26, 31, 28, 29, 16]",3,0.3333333333333333,0.5,0.4,0.6131471927654584,1,2,3,1
smd,group1_development,machine-1-2,sarad_official,1,4,15540,15605,"[17, 1, 15, 35, 0, 22, 2, 13, 24, 34, 3, 27, 19, 21, 32, 30, 37, 18, 6, 4, 20, 11, 8, 12, 25, 5, 36, 14, 10, 7, 9, 23, 33, 26, 31, 28, 29, 16]",5,0.2,0.5,0.28571428571428575,0.6131471927654584,1,2,5,1
smd,group1_development,machine-1-2,sarad_official,1,5,15925,15973,"[12, 29, 9, 11, 10, 19, 35, 22, 27, 8, 6, 4, 2, 34, 5, 24, 0, 30, 31, 32, 21, 20, 25, 23, 14, 18, 37, 15, 36, 7, 33, 3, 1, 13, 17, 26, 28, 16]",1,1.0,0.125,0.2222222222222222,1.0,1,8,1,1
smd,group1_development,machine-1-2,sarad_official,1,5,15925,15973,"[12, 29, 9, 11, 10, 19, 35, 22, 27, 8, 6, 4, 2, 34, 5, 24, 0, 30, 31, 32, 21, 20, 25, 23, 14, 18, 37, 15, 36, 7, 33, 3, 1, 13, 17, 26, 28, 16]",3,1.0,0.375,0.5454545454545454,1.0,1,8,3,3
smd,group1_development,machine-1-2,sarad_official,1,5,15925,15973,"[12, 29, 9, 11, 10, 19, 35, 22, 27, 8, 6, 4, 2, 34, 5, 24, 0, 30, 31, 32, 21, 20, 25, 23, 14, 18, 37, 15, 36, 7, 33, 3, 1, 13, 17, 26, 28, 16]",5,0.8,0.5,0.6153846153846154,0.8539316501572937,1,8,5,4
smd,group1_development,machine-1-2,sarad_official,1,6,18645,18801,"[15, 22, 13, 11, 35, 17, 34, 19, 9, 27, 10, 24, 30, 18, 20, 25, 32, 21, 12, 23, 5, 6, 4, 2, 0, 14, 3, 37, 1, 8, 7, 36, 33, 31, 28, 26, 16, 29]",1,1.0,0.07142857142857142,0.13333333333333333,1.0,1,14,1,1
smd,group1_development,machine-1-2,sarad_official,1,6,18645,18801,"[15, 22, 13, 11, 35, 17, 34, 19, 9, 27, 10, 24, 30, 18, 20, 25, 32, 21, 12, 23, 5, 6, 4, 2, 0, 14, 3, 37, 1, 8, 7, 36, 33, 31, 28, 26, 16, 29]",3,1.0,0.21428571428571427,0.35294117647058826,1.0,1,14,3,3
smd,group1_development,machine-1-2,sarad_official,1,6,18645,18801,"[15, 22, 13, 11, 35, 17, 34, 19, 9, 27, 10, 24, 30, 18, 20, 25, 32, 21, 12, 23, 5, 6, 4, 2, 0, 14, 3, 37, 1, 8, 7, 36, 33, 31, 28, 26, 16, 29]",5,0.8,0.2857142857142857,0.4210526315789473,0.8687949224876582,1,14,5,4
smd,group1_development,machine-1-2,sarad_official,1,7,20235,20271,"[12, 29, 9, 22, 11, 19, 10, 5, 6, 27, 30, 8, 21, 25, 31, 24, 20, 23, 13, 37, 2, 32, 18, 35, 15, 4, 0, 34, 36, 7, 14, 3, 17, 1, 26, 28, 16, 33]",1,1.0,0.16666666666666666,0.2857142857142857,1.0,1,6,1,1
smd,group1_development,machine-1-2,sarad_official,1,7,20235,20271,"[12, 29, 9, 22, 11, 19, 10, 5, 6, 27, 30, 8, 21, 25, 31, 24, 20, 23, 13, 37, 2, 32, 18, 35, 15, 4, 0, 34, 36, 7, 14, 3, 17, 1, 26, 28, 16, 33]",3,0.6666666666666666,0.3333333333333333,0.4444444444444444,0.7653606369886217,1,6,3,2
smd,group1_development,machine-1-2,sarad_official,1,7,20235,20271,"[12, 29, 9, 22, 11, 19, 10, 5, 6, 27, 30, 8, 21, 25, 31, 24, 20, 23, 13, 37, 2, 32, 18, 35, 15, 4, 0, 34, 36, 7, 14, 3, 17, 1, 26, 28, 16, 33]",5,0.6,0.5,0.5454545454545454,0.6843515475204855,1,6,5,3
smd,group1_development,machine-1-2,sarad_official,1,8,22264,22336,"[1, 3, 2, 0, 9, 32, 4, 19, 37, 8, 12, 6, 36, 35, 21, 20, 10, 11, 15, 14, 25, 16, 27, 23, 24, 5, 33, 17, 7, 30, 22, 31, 18, 28, 26, 29, 34, 13]",1,1.0,0.25,0.4,1.0,1,4,1,1
smd,group1_development,machine-1-2,sarad_official,1,8,22264,22336,"[1, 3, 2, 0, 9, 32, 4, 19, 37, 8, 12, 6, 36, 35, 21, 20, 10, 11, 15, 14, 25, 16, 27, 23, 24, 5, 33, 17, 7, 30, 22, 31, 18, 28, 26, 29, 34, 13]",3,1.0,0.75,0.8571428571428571,1.0,1,4,3,3
smd,group1_development,machine-1-2,sarad_official,1,8,22264,22336,"[1, 3, 2, 0, 9, 32, 4, 19, 37, 8, 12, 6, 36, 35, 21, 20, 10, 11, 15, 14, 25, 16, 27, 23, 24, 5, 33, 17, 7, 30, 22, 31, 18, 28, 26, 29, 34, 13]",5,0.8,1.0,0.888888888888889,1.0,1,4,5,4
smd,group1_development,machine-1-2,sarad_official,1,9,23093,23115,"[19, 2, 22, 3, 25, 6, 0, 30, 21, 1, 27, 23, 5, 35, 24, 9, 12, 32, 10, 18, 20, 11, 13, 7, 8, 17, 28, 26, 16, 4, 36, 37, 33, 34, 31, 14, 29, 15]",1,0.0,0.0,0.0,0.0,0,10,1,0
smd,group1_development,machine-1-2,sarad_official,1,9,23093,23115,"[19, 2, 22, 3, 25, 6, 0, 30, 21, 1, 27, 23, 5, 35, 24, 9, 12, 32, 10, 18, 20, 11, 13, 7, 8, 17, 28, 26, 16, 4, 36, 37, 33, 34, 31, 14, 29, 15]",3,0.6666666666666666,0.2,0.30769230769230765,0.5307212739772434,1,10,3,2
smd,group1_development,machine-1-2,sarad_official,1,9,23093,23115,"[19, 2, 22, 3, 25, 6, 0, 30, 21, 1, 27, 23, 5, 35, 24, 9, 12, 32, 10, 18, 20, 11, 13, 7, 8, 17, 28, 26, 16, 4, 36, 37, 33, 34, 31, 14, 29, 15]",5,0.6,0.3,0.4,0.5296347172140421,1,10,5,3
smd,group1_development,machine-1-3,sarad_official,1,0,392,416,"[31, 14, 11, 30, 18, 27, 34, 24, 35, 12, 21, 22, 20, 19, 8, 15, 0, 7, 4, 5, 17, 9, 28, 32, 26, 16, 37, 23, 25, 36, 6, 3, 10, 33, 29, 13, 2, 1]",1,0.0,0.0,0.0,0.0,0,2,1,0
smd,group1_development,machine-1-3,sarad_official,1,0,392,416,"[31, 14, 11, 30, 18, 27, 34, 24, 35, 12, 21, 22, 20, 19, 8, 15, 0, 7, 4, 5, 17, 9, 28, 32, 26, 16, 37, 23, 25, 36, 6, 3, 10, 33, 29, 13, 2, 1]",3,0.6666666666666666,1.0,0.8,0.6934264036172708,1,2,3,2
smd,group1_development,machine-1-3,sarad_official,1,0,392,416,"[31, 14, 11, 30, 18, 27, 34, 24, 35, 12, 21, 22, 20, 19, 8, 15, 0, 7, 4, 5, 17, 9, 28, 32, 26, 16, 37, 23, 25, 36, 6, 3, 10, 33, 29, 13, 2, 1]",5,0.4,1.0,0.5714285714285715,0.6934264036172708,1,2,5,2
smd,group1_development,machine-1-3,sarad_official,1,1,1257,1268,"[31, 14, 11, 24, 18, 30, 35, 4, 28, 17, 26, 34, 32, 7, 16, 27, 21, 20, 5, 37, 36, 23, 6, 12, 9, 8, 25, 19, 33, 22, 0, 3, 10, 29, 2, 15, 1, 13]",1,0.0,0.0,0.0,0.0,0,2,1,0
smd,group1_development,machine-1-3,sarad_official,1,1,1257,1268,"[31, 14, 11, 24, 18, 30, 35, 4, 28, 17, 26, 34, 32, 7, 16, 27, 21, 20, 5, 37, 36, 23, 6, 12, 9, 8, 25, 19, 33, 22, 0, 3, 10, 29, 2, 15, 1, 13]",3,0.6666666666666666,1.0,0.8,0.6934264036172708,1,2,3,2
smd,group1_development,machine-1-3,sarad_official,1,1,1257,1268,"[31, 14, 11, 24, 18, 30, 35, 4, 28, 17, 26, 34, 32, 7, 16, 27, 21, 20, 5, 37, 36, 23, 6, 12, 9, 8, 25, 19, 33, 22, 0, 3, 10, 29, 2, 15, 1, 13]",5,0.4,1.0,0.5714285714285715,0.6934264036172708,1,2,5,2
smd,group1_development,machine-1-3,sarad_official,1,2,4872,4875,"[14, 31, 11, 34, 24, 21, 20, 32, 27, 7, 12, 35, 30, 17, 28, 4, 25, 33, 16, 26, 18, 23, 8, 36, 37, 15, 9, 5, 19, 3, 6, 10, 0, 22, 29, 2, 1, 13]",1,1.0,0.5,0.6666666666666666,1.0,1,2,1,1
smd,group1_development,machine-1-3,sarad_official,1,2,4872,4875,"[14, 31, 11, 34, 24, 21, 20, 32, 27, 7, 12, 35, 30, 17, 28, 4, 25, 33, 16, 26, 18, 23, 8, 36, 37, 15, 9, 5, 19, 3, 6, 10, 0, 22, 29, 2, 1, 13]",3,0.6666666666666666,1.0,0.8,0.9197207891481876,1,2,3,2
smd,group1_development,machine-1-3,sarad_official,1,2,4872,4875,"[14, 31, 11, 34, 24, 21, 20, 32, 27, 7, 12, 35, 30, 17, 28, 4, 25, 33, 16, 26, 18, 23, 8, 36, 37, 15, 9, 5, 19, 3, 6, 10, 0, 22, 29, 2, 1, 13]",5,0.4,1.0,0.5714285714285715,0.9197207891481876,1,2,5,2
smd,group1_development,machine-1-3,sarad_official,1,3,5613,5661,"[14, 11, 19, 12, 8, 15, 27, 7, 31, 4, 35, 34, 21, 32, 17, 5, 20, 26, 28, 37, 16, 0, 9, 36, 30, 23, 18, 25, 6, 24, 33, 3, 22, 10, 29, 2, 13, 1]",1,1.0,0.5,0.6666666666666666,1.0,1,2,1,1
smd,group1_development,machine-1-3,sarad_official,1,3,5613,5661,"[14, 11, 19, 12, 8, 15, 27, 7, 31, 4, 35, 34, 21, 32, 17, 5, 20, 26, 28, 37, 16, 0, 9, 36, 30, 23, 18, 25, 6, 24, 33, 3, 22, 10, 29, 2, 13, 1]",3,0.6666666666666666,1.0,0.8,1.0,1,2,3,2
smd,group1_development,machine-1-3,sarad_official,1,3,5613,5661,"[14, 11, 19, 12, 8, 15, 27, 7, 31, 4, 35, 34, 21, 32, 17, 5, 20, 26, 28, 37, 16, 0, 9, 36, 30, 23, 18, 25, 6, 24, 33, 3, 22, 10, 29, 2, 13, 1]",5,0.4,1.0,0.5714285714285715,1.0,1,2,5,2
smd,group1_development,machine-1-3,sarad_official,1,4,11310,11517,"[31, 14, 11, 18, 19, 30, 27, 24, 34, 20, 35, 12, 21, 8, 0, 32, 15, 4, 7, 26, 28, 17, 36, 16, 37, 25, 5, 23, 9, 6, 33, 29, 22, 3, 2, 10, 1, 13]",1,0.0,0.0,0.0,0.0,0,2,1,0
smd,group1_development,machine-1-3,sarad_official,1,4,11310,11517,"[31, 14, 11, 18, 19, 30, 27, 24, 34, 20, 35, 12, 21, 8, 0, 32, 15, 4, 7, 26, 28, 17, 36, 16, 37, 25, 5, 23, 9, 6, 33, 29, 22, 3, 2, 10, 1, 13]",3,0.6666666666666666,1.0,0.8,0.6934264036172708,1,2,3,2
smd,group1_development,machine-1-3,sarad_official,1,4,11310,11517,"[31, 14, 11, 18, 19, 30, 27, 24, 34, 20, 35, 12, 21, 8, 0, 32, 15, 4, 7, 26, 28, 17, 36, 16, 37, 25, 5, 23, 9, 6, 33, 29, 22, 3, 2, 10, 1, 13]",5,0.4,1.0,0.5714285714285715,0.6934264036172708,1,2,5,2
smd,group1_development,machine-1-3,sarad_official,1,5,13350,13380,"[31, 19, 30, 18, 24, 21, 0, 27, 34, 35, 20, 4, 22, 26, 28, 16, 17, 7, 37, 36, 9, 11, 32, 25, 23, 5, 6, 3, 8, 12, 1, 33, 10, 2, 29, 14, 13, 15]",1,1.0,0.07142857142857142,0.13333333333333333,1.0,1,14,1,1
smd,group1_development,machine-1-3,sarad_official,1,5,13350,13380,"[31, 19, 30, 18, 24, 21, 0, 27, 34, 35, 20, 4, 22, 26, 28, 16, 17, 7, 37, 36, 9, 11, 32, 25, 23, 5, 6, 3, 8, 12, 1, 33, 10, 2, 29, 14, 13, 15]",3,1.0,0.21428571428571427,0.35294117647058826,1.0,1,14,3,3
smd,group1_development,machine-1-3,sarad_official,1,5,13350,13380,"[31, 19, 30, 18, 24, 21, 0, 27, 34, 35, 20, 4, 22, 26, 28, 16, 17, 7, 37, 36, 9, 11, 32, 25, 23, 5, 6, 3, 8, 12, 1, 33, 10, 2, 29, 14, 13, 15]",5,1.0,0.35714285714285715,0.5263157894736842,1.0,1,14,5,5
smd,group1_development,machine-1-3,sarad_official,1,6,13871,13915,"[14, 11, 8, 12, 15, 32, 7, 26, 28, 37, 17, 9, 16, 4, 27, 19, 35, 36, 5, 20, 21, 25, 23, 24, 34, 30, 6, 31, 13, 3, 0, 33, 18, 29, 10, 22, 2, 1]",1,1.0,0.5,0.6666666666666666,1.0,1,2,1,1
smd,group1_development,machine-1-3,sarad_official,1,6,13871,13915,"[14, 11, 8, 12, 15, 32, 7, 26, 28, 37, 17, 9, 16, 4, 27, 19, 35, 36, 5, 20, 21, 25, 23, 24, 34, 30, 6, 31, 13, 3, 0, 33, 18, 29, 10, 22, 2, 1]",3,0.6666666666666666,1.0,0.8,1.0,1,2,3,2
smd,group1_development,machine-1-3,sarad_official,1,6,13871,13915,"[14, 11, 8, 12, 15, 32, 7, 26, 28, 37, 17, 9, 16, 4, 27, 19, 35, 36, 5, 20, 21, 25, 23, 24, 34, 30, 6, 31, 13, 3, 0, 33, 18, 29, 10, 22, 2, 1]",5,0.4,1.0,0.5714285714285715,1.0,1,2,5,2
smd,group1_development,machine-1-3,sarad_official,1,7,16220,16281,"[31, 19, 30, 18, 24, 21, 27, 34, 35, 20, 0, 4, 22, 16, 26, 17, 28, 7, 37, 32, 36, 25, 6, 11, 23, 5, 9, 8, 3, 1, 33, 12, 2, 29, 14, 10, 13, 15]",1,0.0,0.0,0.0,0.0,0,10,1,0
smd,group1_development,machine-1-3,sarad_official,1,7,16220,16281,"[31, 19, 30, 18, 24, 21, 27, 34, 35, 20, 0, 4, 22, 16, 26, 17, 28, 7, 37, 32, 36, 25, 6, 11, 23, 5, 9, 8, 3, 1, 33, 12, 2, 29, 14, 10, 13, 15]",3,0.3333333333333333,0.1,0.15384615384615383,0.2960819109658652,1,10,3,1
smd,group1_development,machine-1-3,sarad_official,1,7,16220,16281,"[31, 19, 30, 18, 24, 21, 27, 34, 35, 20, 0, 4, 22, 16, 26, 17, 28, 7, 37, 32, 36, 25, 6, 11, 23, 5, 9, 8, 3, 1, 33, 12, 2, 29, 14, 10, 13, 15]",5,0.6,0.3,0.4,0.4912596920895758,1,10,5,3
smd,group1_development,machine-1-3,sarad_official,1,8,17016,17241,"[14, 11, 15, 12, 8, 32, 4, 26, 7, 28, 17, 16, 31, 19, 37, 27, 36, 21, 35, 20, 23, 24, 34, 30, 25, 6, 5, 18, 9, 33, 0, 3, 29, 22, 2, 10, 13, 1]",1,1.0,0.5,0.6666666666666666,1.0,1,2,1,1
smd,group1_development,machine-1-3,sarad_official,1,8,17016,17241,"[14, 11, 15, 12, 8, 32, 4, 26, 7, 28, 17, 16, 31, 19, 37, 27, 36, 21, 35, 20, 23, 24, 34, 30, 25, 6, 5, 18, 9, 33, 0, 3, 29, 22, 2, 10, 13, 1]",3,0.6666666666666666,1.0,0.8,1.0,1,2,3,2
smd,group1_development,machine-1-3,sarad_official,1,8,17016,17241,"[14, 11, 15, 12, 8, 32, 4, 26, 7, 28, 17, 16, 31, 19, 37, 27, 36, 21, 35, 20, 23, 24, 34, 30, 25, 6, 5, 18, 9, 33, 0, 3, 29, 22, 2, 10, 13, 1]",5,0.4,1.0,0.5714285714285715,1.0,1,2,5,2
smd,group1_development,machine-1-3,sarad_official,1,9,17660,17716,"[33, 32, 31, 29, 24, 34, 18, 30, 21, 27, 19, 20, 4, 16, 28, 17, 37, 26, 35, 7, 6, 36, 9, 23, 25, 22, 2, 8, 0, 11, 12, 14, 5, 3, 10, 1, 13, 15]",1,1.0,0.125,0.2222222222222222,1.0,1,8,1,1
smd,group1_development,machine-1-3,sarad_official,1,9,17660,17716,"[33, 32, 31, 29, 24, 34, 18, 30, 21, 27, 19, 20, 4, 16, 28, 17, 37, 26, 35, 7, 6, 36, 9, 23, 25, 22, 2, 8, 0, 11, 12, 14, 5, 3, 10, 1, 13, 15]",3,0.6666666666666666,0.25,0.36363636363636365,0.7653606369886217,1,8,3,2
smd,group1_development,machine-1-3,sarad_official,1,9,17660,17716,"[33, 32, 31, 29, 24, 34, 18, 30, 21, 27, 19, 20, 4, 16, 28, 17, 37, 26, 35, 7, 6, 36, 9, 23, 25, 22, 2, 8, 0, 11, 12, 14, 5, 3, 10, 1, 13, 15]",5,0.6,0.375,0.4615384615384615,0.6992148198508501,1,8,5,3
smd,group1_development,machine-1-3,sarad_official,1,10,22923,23019,"[28, 8, 1, 15, 2, 3, 0, 9, 17, 14, 13, 12, 16, 35, 20, 11, 27, 4, 21, 22, 10, 25, 23, 30, 7, 31, 18, 6, 34, 24, 26, 37, 32, 19, 5, 33, 29, 36]",1,1.0,0.029411764705882353,0.05714285714285715,1.0,1,34,1,1
smd,group1_development,machine-1-3,sarad_official,1,10,22923,23019,"[28, 8, 1, 15, 2, 3, 0, 9, 17, 14, 13, 12, 16, 35, 20, 11, 27, 4, 21, 22, 10, 25, 23, 30, 7, 31, 18, 6, 34, 24, 26, 37, 32, 19, 5, 33, 29, 36]",3,1.0,0.08823529411764706,0.1621621621621622,1.0,1,34,3,3
smd,group1_development,machine-1-3,sarad_official,1,10,22923,23019,"[28, 8, 1, 15, 2, 3, 0, 9, 17, 14, 13, 12, 16, 35, 20, 11, 27, 4, 21, 22, 10, 25, 23, 30, 7, 31, 18, 6, 34, 24, 26, 37, 32, 19, 5, 33, 29, 36]",5,1.0,0.14705882352941177,0.25641025641025644,1.0,1,34,5,5
smd,group1_development,machine-1-4,sarad_official,1,0,385,417,"[31, 14, 11, 30, 24, 27, 18, 35, 34, 21, 20, 12, 19, 22, 25, 4, 8, 15, 7, 28, 17, 26, 37, 32, 23, 5, 16, 0, 36, 9, 6, 33, 3, 10, 13, 29, 2, 1]",1,0.0,0.0,0.0,0.0,0,3,1,0
smd,group1_development,machine-1-4,sarad_official,1,0,385,417,"[31, 14, 11, 30, 24, 27, 18, 35, 34, 21, 20, 12, 19, 22, 25, 4, 8, 15, 7, 28, 17, 26, 37, 32, 23, 5, 16, 0, 36, 9, 6, 33, 3, 10, 13, 29, 2, 1]",3,0.6666666666666666,0.6666666666666666,0.6666666666666666,0.5307212739772434,1,3,3,2
smd,group1_development,machine-1-4,sarad_official,1,0,385,417,"[31, 14, 11, 30, 24, 27, 18, 35, 34, 21, 20, 12, 19, 22, 25, 4, 8, 15, 7, 28, 17, 26, 37, 32, 23, 5, 16, 0, 36, 9, 6, 33, 3, 10, 13, 29, 2, 1]",5,0.4,0.6666666666666666,0.5,0.5307212739772434,1,3,5,2
smd,group1_development,machine-1-4,sarad_official,1,1,5626,5679,"[14, 11, 12, 15, 8, 19, 32, 27, 35, 7, 4, 31, 37, 26, 28, 17, 20, 34, 16, 21, 5, 36, 30, 9, 25, 23, 24, 6, 18, 0, 3, 33, 29, 13, 10, 22, 2, 1]",1,1.0,0.3333333333333333,0.5,1.0,1,3,1,1
smd,group1_development,machine-1-4,sarad_official,1,1,5626,5679,"[14, 11, 12, 15, 8, 19, 32, 27, 35, 7, 4, 31, 37, 26, 28, 17, 20, 34, 16, 21, 5, 36, 30, 9, 25, 23, 24, 6, 18, 0, 3, 33, 29, 13, 10, 22, 2, 1]",3,0.6666666666666666,0.6666666666666666,0.6666666666666666,0.7653606369886217,1,3,3,2
smd,group1_development,machine-1-4,sarad_official,1,1,5626,5679,"[14, 11, 12, 15, 8, 19, 32, 27, 35, 7, 4, 31, 37, 26, 28, 17, 20, 34, 16, 21, 5, 36, 30, 9, 25, 23, 24, 6, 18, 0, 3, 33, 29, 13, 10, 22, 2, 1]",5,0.6,1.0,0.7499999999999999,0.9674679834891693,1,3,5,3
smd,group1_development,machine-1-4,sarad_official,1,2,11314,11519,"[31, 14, 11, 18, 30, 19, 27, 24, 20, 32, 35, 34, 21, 4, 25, 0, 7, 28, 26, 17, 16, 36, 37, 12, 23, 15, 8, 5, 6, 9, 33, 29, 3, 22, 2, 10, 1, 13]",1,0.0,0.0,0.0,0.0,0,2,1,0
smd,group1_development,machine-1-4,sarad_official,1,2,11314,11519,"[31, 14, 11, 18, 30, 19, 27, 24, 20, 32, 35, 34, 21, 4, 25, 0, 7, 28, 26, 17, 16, 36, 37, 12, 23, 15, 8, 5, 6, 9, 33, 29, 3, 22, 2, 10, 1, 13]",3,0.6666666666666666,1.0,0.8,0.6934264036172708,1,2,3,2
smd,group1_development,machine-1-4,sarad_official,1,2,11314,11519,"[31, 14, 11, 18, 30, 19, 27, 24, 20, 32, 35, 34, 21, 4, 25, 0, 7, 28, 26, 17, 16, 36, 37, 12, 23, 15, 8, 5, 6, 9, 33, 29, 3, 22, 2, 10, 1, 13]",5,0.4,1.0,0.5714285714285715,0.6934264036172708,1,2,5,2
smd,group1_development,machine-1-4,sarad_official,1,3,13872,13925,"[14, 11, 12, 8, 15, 32, 37, 7, 26, 28, 4, 17, 16, 35, 27, 19, 36, 9, 21, 5, 20, 23, 34, 30, 6, 24, 25, 31, 13, 29, 3, 33, 18, 0, 22, 10, 2, 1]",1,0.0,0.0,0.0,0.0,0,14,1,0
smd,group1_development,machine-1-4,sarad_official,1,3,13872,13925,"[14, 11, 12, 8, 15, 32, 37, 7, 26, 28, 4, 17, 16, 35, 27, 19, 36, 9, 21, 5, 20, 23, 34, 30, 6, 24, 25, 31, 13, 29, 3, 33, 18, 0, 22, 10, 2, 1]",3,0.0,0.0,0.0,0.0,0,14,3,0
smd,group1_development,machine-1-4,sarad_official,1,3,13872,13925,"[14, 11, 12, 8, 15, 32, 37, 7, 26, 28, 4, 17, 16, 35, 27, 19, 36, 9, 21, 5, 20, 23, 34, 30, 6, 24, 25, 31, 13, 29, 3, 33, 18, 0, 22, 10, 2, 1]",5,0.0,0.0,0.0,0.0,0,14,5,0
smd,group1_development,machine-1-4,sarad_official,1,4,13355,13376,"[32, 31, 19, 24, 30, 21, 18, 27, 22, 11, 0, 20, 35, 34, 16, 4, 26, 17, 28, 7, 14, 36, 25, 37, 23, 6, 9, 33, 29, 5, 8, 3, 12, 1, 10, 2, 13, 15]",1,0.0,0.0,0.0,0.0,0,3,1,0
smd,group1_development,machine-1-4,sarad_official,1,4,13355,13376,"[32, 31, 19, 24, 30, 21, 18, 27, 22, 11, 0, 20, 35, 34, 16, 4, 26, 17, 28, 7, 14, 36, 25, 37, 23, 6, 9, 33, 29, 5, 8, 3, 12, 1, 10, 2, 13, 15]",3,0.0,0.0,0.0,0.0,0,3,3,0
smd,group1_development,machine-1-4,sarad_official,1,4,13355,13376,"[32, 31, 19, 24, 30, 21, 18, 27, 22, 11, 0, 20, 35, 34, 16, 4, 26, 17, 28, 7, 14, 36, 25, 37, 23, 6, 9, 33, 29, 5, 8, 3, 12, 1, 10, 2, 13, 15]",5,0.0,0.0,0.0,0.0,0,3,5,0
smd,group1_development,machine-1-4,sarad_official,1,5,16240,16261,"[31, 19, 30, 18, 21, 24, 27, 22, 0, 34, 20, 4, 35, 16, 17, 11, 32, 28, 26, 37, 7, 36, 25, 23, 5, 6, 3, 14, 9, 8, 33, 12, 29, 2, 10, 1, 13, 15]",1,1.0,0.07142857142857142,0.13333333333333333,1.0,1,14,1,1
smd,group1_development,machine-1-4,sarad_official,1,5,16240,16261,"[31, 19, 30, 18, 21, 24, 27, 22, 0, 34, 20, 4, 35, 16, 17, 11, 32, 28, 26, 37, 7, 36, 25, 23, 5, 6, 3, 14, 9, 8, 33, 12, 29, 2, 10, 1, 13, 15]",3,1.0,0.21428571428571427,0.35294117647058826,1.0,1,14,3,3
smd,group1_development,machine-1-4,sarad_official,1,5,16240,16261,"[31, 19, 30, 18, 21, 24, 27, 22, 0, 34, 20, 4, 35, 16, 17, 11, 32, 28, 26, 37, 7, 36, 25, 23, 5, 6, 3, 14, 9, 8, 33, 12, 29, 2, 10, 1, 13, 15]",5,1.0,0.35714285714285715,0.5263157894736842,1.0,1,14,5,5
smd,group1_development,machine-1-4,sarad_official,1,6,17060,17197,"[14, 11, 32, 15, 12, 4, 7, 26, 28, 17, 16, 37, 8, 36, 19, 21, 31, 27, 20, 30, 35, 23, 6, 34, 25, 24, 5, 9, 18, 33, 29, 3, 0, 10, 2, 22, 13, 1]",1,1.0,0.5,0.6666666666666666,1.0,1,2,1,1
smd,group1_development,machine-1-4,sarad_official,1,6,17060,17197,"[14, 11, 32, 15, 12, 4, 7, 26, 28, 17, 16, 37, 8, 36, 19, 21, 31, 27, 20, 30, 35, 23, 6, 34, 25, 24, 5, 9, 18, 33, 29, 3, 0, 10, 2, 22, 13, 1]",3,0.6666666666666666,1.0,0.8,1.0,1,2,3,2
smd,group1_development,machine-1-4,sarad_official,1,6,17060,17197,"[14, 11, 32, 15, 12, 4, 7, 26, 28, 17, 16, 37, 8, 36, 19, 21, 31, 27, 20, 30, 35, 23, 6, 34, 25, 24, 5, 9, 18, 33, 29, 3, 0, 10, 2, 22, 13, 1]",5,0.4,1.0,0.5714285714285715,1.0,1,2,5,2
smd,group1_development,machine-1-4,sarad_official,1,7,17630,17718,"[32, 33, 29, 31, 18, 24, 30, 4, 21, 34, 19, 27, 17, 37, 28, 20, 26, 16, 7, 11, 25, 35, 36, 14, 8, 6, 23, 9, 2, 12, 5, 22, 0, 3, 10, 1, 13, 15]",1,1.0,0.2,0.33333333333333337,1.0,1,5,1,1
smd,group1_development,machine-1-4,sarad_official,1,7,17630,17718,"[32, 33, 29, 31, 18, 24, 30, 4, 21, 34, 19, 27, 17, 37, 28, 20, 26, 16, 7, 11, 25, 35, 36, 14, 8, 6, 23, 9, 2, 12, 5, 22, 0, 3, 10, 1, 13, 15]",3,1.0,0.6,0.7499999999999999,1.0,1,5,3,3
smd,group1_development,machine-1-4,sarad_official,1,7,17630,17718,"[32, 33, 29, 31, 18, 24, 30, 4, 21, 34, 19, 27, 17, 37, 28, 20, 26, 16, 7, 11, 25, 35, 36, 14, 8, 6, 23, 9, 2, 12, 5, 22, 0, 3, 10, 1, 13, 15]",5,0.6,0.6,0.6,0.7227265726449519,1,5,5,3
smd,group1_development,machine-1-4,sarad_official,1,8,18460,18481,"[19, 18, 21, 30, 22, 31, 0, 32, 27, 26, 16, 28, 4, 11, 17, 24, 7, 20, 37, 34, 36, 3, 23, 8, 5, 6, 25, 9, 2, 14, 12, 29, 33, 1, 10, 35, 13, 15]",1,1.0,0.07142857142857142,0.13333333333333333,1.0,1,14,1,1
smd,group1_development,machine-1-4,sarad_official,1,8,18460,18481,"[19, 18, 21, 30, 22, 31, 0, 32, 27, 26, 16, 28, 4, 11, 17, 24, 7, 20, 37, 34, 36, 3, 23, 8, 5, 6, 25, 9, 2, 14, 12, 29, 33, 1, 10, 35, 13, 15]",3,1.0,0.21428571428571427,0.35294117647058826,1.0,1,14,3,3
smd,group1_development,machine-1-4,sarad_official,1,8,18460,18481,"[19, 18, 21, 30, 22, 31, 0, 32, 27, 26, 16, 28, 4, 11, 17, 24, 7, 20, 37, 34, 36, 3, 23, 8, 5, 6, 25, 9, 2, 14, 12, 29, 33, 1, 10, 35, 13, 15]",5,1.0,0.35714285714285715,0.5263157894736842,1.0,1,14,5,5
smd,group1_development,machine-1-4,sarad_official,1,9,20193,20233,"[14, 11, 31, 12, 32, 15, 27, 4, 34, 7, 19, 20, 28, 17, 21, 26, 35, 24, 16, 8, 37, 18, 30, 23, 36, 5, 25, 9, 6, 33, 3, 0, 29, 10, 22, 2, 1, 13]",1,1.0,0.5,0.6666666666666666,1.0,1,2,1,1
smd,group1_development,machine-1-4,sarad_official,1,9,20193,20233,"[14, 11, 31, 12, 32, 15, 27, 4, 34, 7, 19, 20, 28, 17, 21, 26, 35, 24, 16, 8, 37, 18, 30, 23, 36, 5, 25, 9, 6, 33, 3, 0, 29, 10, 22, 2, 1, 13]",3,0.6666666666666666,1.0,0.8,1.0,1,2,3,2
smd,group1_development,machine-1-4,sarad_official,1,9,20193,20233,"[14, 11, 31, 12, 32, 15, 27, 4, 34, 7, 19, 20, 28, 17, 21, 26, 35, 24, 16, 8, 37, 18, 30, 23, 36, 5, 25, 9, 6, 33, 3, 0, 29, 10, 22, 2, 1, 13]",5,0.4,1.0,0.5714285714285715,1.0,1,2,5,2
smd,group1_development,machine-1-4,sarad_official,1,10,22970,23016,"[28, 8, 16, 15, 1, 2, 3, 13, 9, 0, 14, 12, 17, 11, 20, 4, 27, 7, 21, 35, 26, 22, 31, 30, 32, 25, 18, 24, 19, 29, 10, 23, 37, 34, 6, 5, 33, 36]",1,1.0,0.029411764705882353,0.05714285714285715,1.0,1,34,1,1
smd,group1_development,machine-1-4,sarad_official,1,10,22970,23016,"[28, 8, 16, 15, 1, 2, 3, 13, 9, 0, 14, 12, 17, 11, 20, 4, 27, 7, 21, 35, 26, 22, 31, 30, 32, 25, 18, 24, 19, 29, 10, 23, 37, 34, 6, 5, 33, 36]",3,1.0,0.08823529411764706,0.1621621621621622,1.0,1,34,3,3
smd,group1_development,machine-1-4,sarad_official,1,10,22970,23016,"[28, 8, 16, 15, 1, 2, 3, 13, 9, 0, 14, 12, 17, 11, 20, 4, 27, 7, 21, 35, 26, 22, 31, 30, 32, 25, 18, 24, 19, 29, 10, 23, 37, 34, 6, 5, 33, 36]",5,1.0,0.14705882352941177,0.25641025641025644,1.0,1,34,5,5
smd,group1_development,machine-1-4,sarad_official,1,11,23218,23221,"[5, 16, 18, 22, 37, 23, 27, 6, 19, 25, 26, 35, 20, 4, 7, 34, 30, 14, 21, 1, 24, 9, 28, 0, 2, 31, 3, 29, 32, 33, 12, 13, 8, 17, 15, 11, 36, 10]",1,0.0,0.0,0.0,0.0,0,2,1,0
smd,group1_development,machine-1-4,sarad_official,1,11,23218,23221,"[5, 16, 18, 22, 37, 23, 27, 6, 19, 25, 26, 35, 20, 4, 7, 34, 30, 14, 21, 1, 24, 9, 28, 0, 2, 31, 3, 29, 32, 33, 12, 13, 8, 17, 15, 11, 36, 10]",3,0.3333333333333333,0.5,0.4,0.38685280723454163,1,2,3,1
smd,group1_development,machine-1-4,sarad_official,1,11,23218,23221,"[5, 16, 18, 22, 37, 23, 27, 6, 19, 25, 26, 35, 20, 4, 7, 34, 30, 14, 21, 1, 24, 9, 28, 0, 2, 31, 3, 29, 32, 33, 12, 13, 8, 17, 15, 11, 36, 10]",5,0.2,0.5,0.28571428571428575,0.38685280723454163,1,2,5,1
smd,group1_development,machine-1-5,sarad_official,1,0,10620,10637,"[2, 1, 0, 3, 31, 25, 23, 15, 22, 30, 24, 35, 13, 32, 19, 20, 36, 37, 34, 6, 27, 21, 4, 18, 8, 11, 33, 16, 7, 10, 14, 28, 17, 26, 29, 9, 5, 12]",1,1.0,0.125,0.2222222222222222,1.0,1,8,1,1
smd,group1_development,machine-1-5,sarad_official,1,0,10620,10637,"[2, 1, 0, 3, 31, 25, 23, 15, 22, 30, 24, 35, 13, 32, 19, 20, 36, 37, 34, 6, 27, 21, 4, 18, 8, 11, 33, 16, 7, 10, 14, 28, 17, 26, 29, 9, 5, 12]",3,1.0,0.375,0.5454545454545454,1.0,1,8,3,3
smd,group1_development,machine-1-5,sarad_official,1,0,10620,10637,"[2, 1, 0, 3, 31, 25, 23, 15, 22, 30, 24, 35, 13, 32, 19, 20, 36, 37, 34, 6, 27, 21, 4, 18, 8, 11, 33, 16, 7, 10, 14, 28, 17, 26, 29, 9, 5, 12]",5,1.0,0.625,0.7692307692307693,1.0,1,8,5,5
smd,group1_development,machine-1-5,sarad_official,1,1,11785,11816,"[31, 23, 25, 8, 30, 15, 22, 24, 13, 20, 21, 27, 35, 33, 32, 19, 34, 6, 37, 7, 28, 17, 26, 16, 14, 18, 4, 11, 36, 5, 29, 9, 12, 3, 0, 10, 2, 1]",1,1.0,0.1,0.18181818181818182,1.0,1,10,1,1
smd,group1_development,machine-1-5,sarad_official,1,1,11785,11816,"[31, 23, 25, 8, 30, 15, 22, 24, 13, 20, 21, 27, 35, 33, 32, 19, 34, 6, 37, 7, 28, 17, 26, 16, 14, 18, 4, 11, 36, 5, 29, 9, 12, 3, 0, 10, 2, 1]",3,1.0,0.3,0.4615384615384615,1.0,1,10,3,3
smd,group1_development,machine-1-5,sarad_official,1,1,11785,11816,"[31, 23, 25, 8, 30, 15, 22, 24, 13, 20, 21, 27, 35, 33, 32, 19, 34, 6, 37, 7, 28, 17, 26, 16, 14, 18, 4, 11, 36, 5, 29, 9, 12, 3, 0, 10, 2, 1]",5,1.0,0.5,0.6666666666666666,1.0,1,10,5,5
smd,group1_development,machine-1-5,sarad_official,1,2,12765,12786,"[22, 1, 31, 15, 0, 2, 30, 24, 25, 6, 3, 23, 19, 35, 13, 27, 34, 32, 18, 8, 11, 5, 20, 4, 37, 14, 21, 36, 33, 17, 28, 7, 9, 26, 16, 12, 29, 10]",1,1.0,0.07142857142857142,0.13333333333333333,1.0,1,14,1,1
smd,group1_development,machine-1-5,sarad_official,1,2,12765,12786,"[22, 1, 31, 15, 0, 2, 30, 24, 25, 6, 3, 23, 19, 35, 13, 27, 34, 32, 18, 8, 11, 5, 20, 4, 37, 14, 21, 36, 33, 17, 28, 7, 9, 26, 16, 12, 29, 10]",3,1.0,0.21428571428571427,0.35294117647058826,1.0,1,14,3,3
smd,group1_development,machine-1-5,sarad_official,1,2,12765,12786,"[22, 1, 31, 15, 0, 2, 30, 24, 25, 6, 3, 23, 19, 35, 13, 27, 34, 32, 18, 8, 11, 5, 20, 4, 37, 14, 21, 36, 33, 17, 28, 7, 9, 26, 16, 12, 29, 10]",5,0.8,0.2857142857142857,0.4210526315789473,0.8539316501572937,1,14,5,4
smd,group1_development,machine-1-5,sarad_official,1,3,14068,14072,"[19, 24, 31, 27, 21, 30, 20, 15, 18, 22, 13, 34, 11, 9, 7, 32, 14, 26, 28, 36, 12, 17, 35, 16, 33, 23, 6, 37, 4, 8, 25, 0, 3, 5, 10, 2, 29, 1]",1,1.0,0.16666666666666666,0.2857142857142857,1.0,1,6,1,1
smd,group1_development,machine-1-5,sarad_official,1,3,14068,14072,"[19, 24, 31, 27, 21, 30, 20, 15, 18, 22, 13, 34, 11, 9, 7, 32, 14, 26, 28, 36, 12, 17, 35, 16, 33, 23, 6, 37, 4, 8, 25, 0, 3, 5, 10, 2, 29, 1]",3,0.3333333333333333,0.16666666666666666,0.2222222222222222,0.46927872602275644,1,6,3,1
smd,group1_development,machine-1-5,sarad_official,1,3,14068,14072,"[19, 24, 31, 27, 21, 30, 20, 15, 18, 22, 13, 34, 11, 9, 7, 32, 14, 26, 28, 36, 12, 17, 35, 16, 33, 23, 6, 37, 4, 8, 25, 0, 3, 5, 10, 2, 29, 1]",5,0.6,0.5,0.5454545454545454,0.6164336326286644,1,6,5,3
smd,group1_development,machine-1-5,sarad_official,1,4,14520,14531,"[15, 1, 0, 9, 31, 2, 32, 25, 6, 3, 24, 30, 23, 22, 10, 13, 20, 18, 8, 34, 14, 33, 29, 27, 19, 21, 7, 16, 37, 35, 4, 5, 11, 17, 26, 36, 28, 12]",1,0.0,0.0,0.0,0.0,0,18,1,0
smd,group1_development,machine-1-5,sarad_official,1,4,14520,14531,"[15, 1, 0, 9, 31, 2, 32, 25, 6, 3, 24, 30, 23, 22, 10, 13, 20, 18, 8, 34, 14, 33, 29, 27, 19, 21, 7, 16, 37, 35, 4, 5, 11, 17, 26, 36, 28, 12]",3,0.6666666666666666,0.1111111111111111,0.1904761904761905,0.5307212739772434,1,18,3,2
smd,group1_development,machine-1-5,sarad_official,1,4,14520,14531,"[15, 1, 0, 9, 31, 2, 32, 25, 6, 3, 24, 30, 23, 22, 10, 13, 20, 18, 8, 34, 14, 33, 29, 27, 19, 21, 7, 16, 37, 35, 4, 5, 11, 17, 26, 36, 28, 12]",5,0.8,0.2222222222222222,0.3478260869565218,0.6608397947263839,1,18,5,4
smd,group1_development,machine-1-5,sarad_official,1,5,21287,21298,"[1, 2, 0, 31, 15, 30, 3, 6, 22, 13, 20, 24, 18, 14, 25, 32, 37, 19, 23, 27, 35, 36, 33, 21, 34, 4, 8, 11, 16, 7, 26, 28, 17, 5, 9, 29, 12, 10]",1,1.0,0.125,0.2222222222222222,1.0,1,8,1,1
smd,group1_development,machine-1-5,sarad_official,1,5,21287,21298,"[1, 2, 0, 31, 15, 30, 3, 6, 22, 13, 20, 24, 18, 14, 25, 32, 37, 19, 23, 27, 35, 36, 33, 21, 34, 4, 8, 11, 16, 7, 26, 28, 17, 5, 9, 29, 12, 10]",3,1.0,0.375,0.5454545454545454,1.0,1,8,3,3
smd,group1_development,machine-1-5,sarad_official,1,5,21287,21298,"[1, 2, 0, 31, 15, 30, 3, 6, 22, 13, 20, 24, 18, 14, 25, 32, 37, 19, 23, 27, 35, 36, 33, 21, 34, 4, 8, 11, 16, 7, 26, 28, 17, 5, 9, 29, 12, 10]",5,0.6,0.375,0.4615384615384615,0.7227265726449519,1,8,5,3
smd,group1_development,machine-1-5,sarad_official,1,6,22072,22077,"[31, 18, 30, 15, 20, 24, 27, 22, 19, 13, 35, 34, 23, 21, 14, 33, 5, 6, 32, 28, 36, 8, 17, 26, 7, 11, 25, 16, 37, 4, 9, 12, 29, 0, 3, 2, 10, 1]",1,0.0,0.0,0.0,0.0,0,8,1,0
smd,group1_development,machine-1-5,sarad_official,1,6,22072,22077,"[31, 18, 30, 15, 20, 24, 27, 22, 19, 13, 35, 34, 23, 21, 14, 33, 5, 6, 32, 28, 36, 8, 17, 26, 7, 11, 25, 16, 37, 4, 9, 12, 29, 0, 3, 2, 10, 1]",3,0.6666666666666666,0.25,0.36363636363636365,0.5307212739772434,1,8,3,2
smd,group1_development,machine-1-5,sarad_official,1,6,22072,22077,"[31, 18, 30, 15, 20, 24, 27, 22, 19, 13, 35, 34, 23, 21, 14, 33, 5, 6, 32, 28, 36, 8, 17, 26, 7, 11, 25, 16, 37, 4, 9, 12, 29, 0, 3, 2, 10, 1]",5,0.6,0.375,0.4615384615384615,0.5147714448836774,1,8,5,3
smd,group1_development,machine-1-6,sarad_official,1,0,246,252,"[8, 9, 10, 29, 11, 37, 12, 19, 28, 2, 18, 31, 24, 14, 20, 1, 3, 21, 36, 32, 0, 4, 35, 27, 26, 15, 5, 16, 6, 7, 17, 13, 30, 34, 25, 33, 22, 23]",1,1.0,0.09090909090909091,0.16666666666666669,1.0,1,11,1,1
smd,group1_development,machine-1-6,sarad_official,1,0,246,252,"[8, 9, 10, 29, 11, 37, 12, 19, 28, 2, 18, 31, 24, 14, 20, 1, 3, 21, 36, 32, 0, 4, 35, 27, 26, 15, 5, 16, 6, 7, 17, 13, 30, 34, 25, 33, 22, 23]",3,1.0,0.2727272727272727,0.42857142857142855,1.0,1,11,3,3
smd,group1_development,machine-1-6,sarad_official,1,0,246,252,"[8, 9, 10, 29, 11, 37, 12, 19, 28, 2, 18, 31, 24, 14, 20, 1, 3, 21, 36, 32, 0, 4, 35, 27, 26, 15, 5, 16, 6, 7, 17, 13, 30, 34, 25, 33, 22, 23]",5,0.8,0.36363636363636365,0.5000000000000001,0.8539316501572937,1,11,5,4
smd,group1_development,machine-1-6,sarad_official,1,1,653,658,"[8, 12, 17, 20, 14, 37, 11, 10, 9, 22, 2, 3, 29, 19, 21, 24, 0, 18, 6, 5, 35, 1, 27, 28, 7, 4, 31, 30, 36, 32, 16, 15, 26, 25, 34, 13, 23, 33]",1,1.0,0.05,0.09523809523809523,1.0,1,20,1,1
smd,group1_development,machine-1-6,sarad_official,1,1,653,658,"[8, 12, 17, 20, 14, 37, 11, 10, 9, 22, 2, 3, 29, 19, 21, 24, 0, 18, 6, 5, 35, 1, 27, 28, 7, 4, 31, 30, 36, 32, 16, 15, 26, 25, 34, 13, 23, 33]",3,0.6666666666666666,0.1,0.1739130434782609,0.7653606369886217,1,20,3,2
smd,group1_development,machine-1-6,sarad_official,1,1,653,658,"[8, 12, 17, 20, 14, 37, 11, 10, 9, 22, 2, 3, 29, 19, 21, 24, 0, 18, 6, 5, 35, 1, 27, 28, 7, 4, 31, 30, 36, 32, 16, 15, 26, 25, 34, 13, 23, 33]",5,0.8,0.2,0.32000000000000006,0.830419897363192,1,20,5,4
smd,group1_development,machine-1-6,sarad_official,1,2,2092,2100,"[8, 14, 12, 10, 20, 9, 2, 1, 18, 22, 11, 4, 29, 19, 35, 21, 27, 0, 6, 37, 5, 7, 31, 24, 30, 3, 17, 26, 16, 28, 13, 34, 25, 36, 32, 33, 23, 15]",1,1.0,0.05,0.09523809523809523,1.0,1,20,1,1
smd,group1_development,machine-1-6,sarad_official,1,2,2092,2100,"[8, 14, 12, 10, 20, 9, 2, 1, 18, 22, 11, 4, 29, 19, 35, 21, 27, 0, 6, 37, 5, 7, 31, 24, 30, 3, 17, 26, 16, 28, 13, 34, 25, 36, 32, 33, 23, 15]",3,1.0,0.15,0.2608695652173913,1.0,1,20,3,3
smd,group1_development,machine-1-6,sarad_official,1,2,2092,2100,"[8, 14, 12, 10, 20, 9, 2, 1, 18, 22, 11, 4, 29, 19, 35, 21, 27, 0, 6, 37, 5, 7, 31, 24, 30, 3, 17, 26, 16, 28, 13, 34, 25, 36, 32, 33, 23, 15]",5,1.0,0.25,0.4,1.0,1,20,5,5
smd,group1_development,machine-1-6,sarad_official,1,3,2884,2888,"[11, 29, 1, 12, 9, 18, 35, 7, 34, 19, 36, 21, 28, 2, 16, 26, 20, 37, 17, 4, 5, 31, 30, 25, 27, 23, 6, 0, 33, 8, 24, 3, 14, 10, 22, 32, 15, 13]",1,0.0,0.0,0.0,0.0,0,1,1,0
smd,group1_development,machine-1-6,sarad_official,1,3,2884,2888,"[11, 29, 1, 12, 9, 18, 35, 7, 34, 19, 36, 21, 28, 2, 16, 26, 20, 37, 17, 4, 5, 31, 30, 25, 27, 23, 6, 0, 33, 8, 24, 3, 14, 10, 22, 32, 15, 13]",3,0.0,0.0,0.0,0.0,0,1,3,0
smd,group1_development,machine-1-6,sarad_official,1,3,2884,2888,"[11, 29, 1, 12, 9, 18, 35, 7, 34, 19, 36, 21, 28, 2, 16, 26, 20, 37, 17, 4, 5, 31, 30, 25, 27, 23, 6, 0, 33, 8, 24, 3, 14, 10, 22, 32, 15, 13]",5,0.0,0.0,0.0,0.0,0,1,5,0
smd,group1_development,machine-1-6,sarad_official,1,4,3534,3539,"[32, 8, 22, 9, 17, 4, 12, 25, 35, 20, 21, 14, 19, 37, 27, 10, 15, 0, 2, 26, 1, 34, 18, 6, 30, 24, 11, 7, 29, 31, 3, 13, 16, 23, 5, 28, 36, 33]",1,0.0,0.0,0.0,0.0,0,15,1,0
smd,group1_development,machine-1-6,sarad_official,1,4,3534,3539,"[32, 8, 22, 9, 17, 4, 12, 25, 35, 20, 21, 14, 19, 37, 27, 10, 15, 0, 2, 26, 1, 34, 18, 6, 30, 24, 11, 7, 29, 31, 3, 13, 16, 23, 5, 28, 36, 33]",3,0.3333333333333333,0.06666666666666667,0.1111111111111111,0.2960819109658652,1,15,3,1
smd,group1_development,machine-1-6,sarad_official,1,4,3534,3539,"[32, 8, 22, 9, 17, 4, 12, 25, 35, 20, 21, 14, 19, 37, 27, 10, 15, 0, 2, 26, 1, 34, 18, 6, 30, 24, 11, 7, 29, 31, 3, 13, 16, 23, 5, 28, 36, 33]",5,0.4,0.13333333333333333,0.2,0.36005461457723403,1,15,5,2
smd,group1_development,machine-1-6,sarad_official,1,5,4647,5045,"[9, 32, 10, 16, 29, 25, 12, 20, 27, 4, 1, 13, 19, 18, 31, 24, 21, 8, 2, 35, 37, 7, 5, 17, 22, 34, 26, 6, 23, 33, 11, 36, 15, 14, 28, 30, 3, 0]",1,1.0,0.1111111111111111,0.19999999999999998,1.0,1,9,1,1
smd,group1_development,machine-1-6,sarad_official,1,5,4647,5045,"[9, 32, 10, 16, 29, 25, 12, 20, 27, 4, 1, 13, 19, 18, 31, 24, 21, 8, 2, 35, 37, 7, 5, 17, 22, 34, 26, 6, 23, 33, 11, 36, 15, 14, 28, 30, 3, 0]",3,1.0,0.3333333333333333,0.5,1.0,1,9,3,3
smd,group1_development,machine-1-6,sarad_official,1,5,4647,5045,"[9, 32, 10, 16, 29, 25, 12, 20, 27, 4, 1, 13, 19, 18, 31, 24, 21, 8, 2, 35, 37, 7, 5, 17, 22, 34, 26, 6, 23, 33, 11, 36, 15, 14, 28, 30, 3, 0]",5,0.8,0.4444444444444444,0.5714285714285714,0.8687949224876582,1,9,5,4
smd,group1_development,machine-1-6,sarad_official,1,6,5167,5172,"[17, 26, 32, 37, 19, 4, 27, 20, 18, 21, 25, 10, 35, 22, 7, 1, 12, 5, 9, 30, 24, 29, 2, 13, 23, 15, 31, 8, 3, 34, 0, 6, 11, 14, 33, 28, 36, 16]",1,1.0,0.2,0.33333333333333337,1.0,1,5,1,1
smd,group1_development,machine-1-6,sarad_official,1,6,5167,5172,"[17, 26, 32, 37, 19, 4, 27, 20, 18, 21, 25, 10, 35, 22, 7, 1, 12, 5, 9, 30, 24, 29, 2, 13, 23, 15, 31, 8, 3, 34, 0, 6, 11, 14, 33, 28, 36, 16]",3,0.3333333333333333,0.2,0.25,0.46927872602275644,1,5,3,1
smd,group1_development,machine-1-6,sarad_official,1,6,5167,5172,"[17, 26, 32, 37, 19, 4, 27, 20, 18, 21, 25, 10, 35, 22, 7, 1, 12, 5, 9, 30, 24, 29, 2, 13, 23, 15, 31, 8, 3, 34, 0, 6, 11, 14, 33, 28, 36, 16]",5,0.2,0.2,0.20000000000000004,0.3391602052736161,1,5,5,1
smd,group1_development,machine-1-6,sarad_official,1,7,5708,5713,"[9, 10, 29, 12, 31, 18, 25, 19, 8, 35, 13, 2, 5, 20, 1, 3, 7, 23, 17, 4, 21, 14, 32, 34, 26, 27, 6, 28, 24, 16, 0, 36, 37, 30, 11, 22, 33, 15]",1,1.0,0.25,0.4,1.0,1,4,1,1
smd,group1_development,machine-1-6,sarad_official,1,7,5708,5713,"[9, 10, 29, 12, 31, 18, 25, 19, 8, 35, 13, 2, 5, 20, 1, 3, 7, 23, 17, 4, 21, 14, 32, 34, 26, 27, 6, 28, 24, 16, 0, 36, 37, 30, 11, 22, 33, 15]",3,0.6666666666666666,0.5,0.5714285714285715,0.7653606369886217,1,4,3,2
smd,group1_development,machine-1-6,sarad_official,1,7,5708,5713,"[9, 10, 29, 12, 31, 18, 25, 19, 8, 35, 13, 2, 5, 20, 1, 3, 7, 23, 17, 4, 21, 14, 32, 34, 26, 27, 6, 28, 24, 16, 0, 36, 37, 30, 11, 22, 33, 15]",5,0.6,0.75,0.6666666666666665,0.8048099750039491,1,4,5,3
smd,group1_development,machine-1-6,sarad_official,1,8,5873,5885,"[10, 9, 12, 32, 25, 19, 18, 1, 31, 20, 2, 29, 27, 8, 5, 21, 7, 24, 14, 4, 13, 6, 11, 35, 30, 0, 3, 34, 37, 26, 36, 16, 28, 17, 15, 23, 33, 22]",1,1.0,0.07142857142857142,0.13333333333333333,1.0,1,14,1,1
smd,group1_development,machine-1-6,sarad_official,1,8,5873,5885,"[10, 9, 12, 32, 25, 19, 18, 1, 31, 20, 2, 29, 27, 8, 5, 21, 7, 24, 14, 4, 13, 6, 11, 35, 30, 0, 3, 34, 37, 26, 36, 16, 28, 17, 15, 23, 33, 22]",3,1.0,0.21428571428571427,0.35294117647058826,1.0,1,14,3,3
smd,group1_development,machine-1-6,sarad_official,1,8,5873,5885,"[10, 9, 12, 32, 25, 19, 18, 1, 31, 20, 2, 29, 27, 8, 5, 21, 7, 24, 14, 4, 13, 6, 11, 35, 30, 0, 3, 34, 37, 26, 36, 16, 28, 17, 15, 23, 33, 22]",5,0.6,0.21428571428571427,0.3157894736842105,0.7227265726449519,1,14,5,3
smd,group1_development,machine-1-6,sarad_official,1,9,6022,6027,"[32, 33, 29, 18, 19, 31, 20, 8, 25, 1, 24, 21, 34, 7, 6, 13, 16, 2, 5, 4, 27, 17, 12, 37, 28, 22, 26, 9, 35, 11, 30, 36, 23, 3, 14, 0, 10, 15]",1,1.0,0.5,0.6666666666666666,1.0,1,2,1,1
smd,group1_development,machine-1-6,sarad_official,1,9,6022,6027,"[32, 33, 29, 18, 19, 31, 20, 8, 25, 1, 24, 21, 34, 7, 6, 13, 16, 2, 5, 4, 27, 17, 12, 37, 28, 22, 26, 9, 35, 11, 30, 36, 23, 3, 14, 0, 10, 15]",3,0.6666666666666666,1.0,0.8,1.0,1,2,3,2
smd,group1_development,machine-1-6,sarad_official,1,9,6022,6027,"[32, 33, 29, 18, 19, 31, 20, 8, 25, 1, 24, 21, 34, 7, 6, 13, 16, 2, 5, 4, 27, 17, 12, 37, 28, 22, 26, 9, 35, 11, 30, 36, 23, 3, 14, 0, 10, 15]",5,0.4,1.0,0.5714285714285715,1.0,1,2,5,2
smd,group1_development,machine-1-6,sarad_official,1,10,6412,6419,"[9, 10, 8, 12, 1, 17, 13, 11, 14, 2, 6, 25, 29, 18, 31, 7, 37, 27, 19, 20, 3, 0, 5, 35, 36, 21, 15, 4, 16, 26, 28, 33, 34, 23, 30, 24, 22, 32]",1,1.0,0.05263157894736842,0.1,1.0,1,19,1,1
smd,group1_development,machine-1-6,sarad_official,1,10,6412,6419,"[9, 10, 8, 12, 1, 17, 13, 11, 14, 2, 6, 25, 29, 18, 31, 7, 37, 27, 19, 20, 3, 0, 5, 35, 36, 21, 15, 4, 16, 26, 28, 33, 34, 23, 30, 24, 22, 32]",3,1.0,0.15789473684210525,0.2727272727272727,1.0,1,19,3,3
smd,group1_development,machine-1-6,sarad_official,1,10,6412,6419,"[9, 10, 8, 12, 1, 17, 13, 11, 14, 2, 6, 25, 29, 18, 31, 7, 37, 27, 19, 20, 3, 0, 5, 35, 36, 21, 15, 4, 16, 26, 28, 33, 34, 23, 30, 24, 22, 32]",5,1.0,0.2631578947368421,0.4166666666666667,1.0,1,19,5,5
smd,group1_development,machine-1-6,sarad_official,1,11,7851,7856,"[10, 9, 13, 12, 25, 29, 8, 15, 14, 2, 32, 31, 7, 0, 27, 5, 18, 6, 1, 24, 19, 20, 35, 21, 3, 16, 37, 4, 26, 22, 17, 28, 30, 23, 34, 11, 36, 33]",1,1.0,0.06666666666666667,0.125,1.0,1,15,1,1
smd,group1_development,machine-1-6,sarad_official,1,11,7851,7856,"[10, 9, 13, 12, 25, 29, 8, 15, 14, 2, 32, 31, 7, 0, 27, 5, 18, 6, 1, 24, 19, 20, 35, 21, 3, 16, 37, 4, 26, 22, 17, 28, 30, 23, 34, 11, 36, 33]",3,0.6666666666666666,0.13333333333333333,0.2222222222222222,0.7653606369886217,1,15,3,2
smd,group1_development,machine-1-6,sarad_official,1,11,7851,7856,"[10, 9, 13, 12, 25, 29, 8, 15, 14, 2, 32, 31, 7, 0, 27, 5, 18, 6, 1, 24, 19, 20, 35, 21, 3, 16, 37, 4, 26, 22, 17, 28, 30, 23, 34, 11, 36, 33]",5,0.6,0.2,0.3,0.6992148198508501,1,15,5,3
smd,group1_development,machine-1-6,sarad_official,1,12,9291,9298,"[9, 10, 8, 12, 13, 2, 25, 1, 14, 19, 18, 31, 20, 29, 21, 5, 7, 27, 24, 37, 6, 4, 0, 3, 15, 35, 26, 16, 17, 28, 36, 30, 23, 11, 34, 22, 32, 33]",1,1.0,0.0625,0.11764705882352941,1.0,1,16,1,1
smd,group1_development,machine-1-6,sarad_official,1,12,9291,9298,"[9, 10, 8, 12, 13, 2, 25, 1, 14, 19, 18, 31, 20, 29, 21, 5, 7, 27, 24, 37, 6, 4, 0, 3, 15, 35, 26, 16, 17, 28, 36, 30, 23, 11, 34, 22, 32, 33]",3,1.0,0.1875,0.3157894736842105,1.0,1,16,3,3
smd,group1_development,machine-1-6,sarad_official,1,12,9291,9298,"[9, 10, 8, 12, 13, 2, 25, 1, 14, 19, 18, 31, 20, 29, 21, 5, 7, 27, 24, 37, 6, 4, 0, 3, 15, 35, 26, 16, 17, 28, 36, 30, 23, 11, 34, 22, 32, 33]",5,0.8,0.25,0.38095238095238093,0.8687949224876582,1,16,5,4
smd,group1_development,machine-1-6,sarad_official,1,13,10731,10736,"[10, 9, 12, 8, 13, 25, 1, 2, 29, 14, 20, 0, 37, 7, 31, 18, 27, 21, 5, 6, 19, 4, 35, 15, 16, 17, 11, 24, 26, 3, 28, 36, 23, 34, 32, 30, 33, 22]",1,1.0,0.0625,0.11764705882352941,1.0,1,16,1,1
smd,group1_development,machine-1-6,sarad_official,1,13,10731,10736,"[10, 9, 12, 8, 13, 25, 1, 2, 29, 14, 20, 0, 37, 7, 31, 18, 27, 21, 5, 6, 19, 4, 35, 15, 16, 17, 11, 24, 26, 3, 28, 36, 23, 34, 32, 30, 33, 22]",3,1.0,0.1875,0.3157894736842105,1.0,1,16,3,3
smd,group1_development,machine-1-6,sarad_official,1,13,10731,10736,"[10, 9, 12, 8, 13, 25, 1, 2, 29, 14, 20, 0, 37, 7, 31, 18, 27, 21, 5, 6, 19, 4, 35, 15, 16, 17, 11, 24, 26, 3, 28, 36, 23, 34, 32, 30, 33, 22]",5,0.8,0.25,0.38095238095238093,0.8687949224876582,1,16,5,4
smd,group1_development,machine-1-6,sarad_official,1,14,11467,11471,"[10, 12, 9, 29, 1, 13, 8, 31, 19, 2, 25, 18, 35, 11, 5, 14, 20, 7, 3, 37, 21, 6, 36, 0, 24, 16, 26, 4, 17, 28, 34, 15, 27, 30, 23, 32, 33, 22]",1,1.0,0.058823529411764705,0.1111111111111111,1.0,1,17,1,1
smd,group1_development,machine-1-6,sarad_official,1,14,11467,11471,"[10, 12, 9, 29, 1, 13, 8, 31, 19, 2, 25, 18, 35, 11, 5, 14, 20, 7, 3, 37, 21, 6, 36, 0, 24, 16, 26, 4, 17, 28, 34, 15, 27, 30, 23, 32, 33, 22]",3,1.0,0.17647058823529413,0.3,1.0,1,17,3,3
smd,group1_development,machine-1-6,sarad_official,1,14,11467,11471,"[10, 12, 9, 29, 1, 13, 8, 31, 19, 2, 25, 18, 35, 11, 5, 14, 20, 7, 3, 37, 21, 6, 36, 0, 24, 16, 26, 4, 17, 28, 34, 15, 27, 30, 23, 32, 33, 22]",5,1.0,0.29411764705882354,0.45454545454545453,1.0,1,17,5,5
smd,group1_development,machine-1-6,sarad_official,1,15,12171,12176,"[9, 10, 12, 8, 20, 13, 27, 25, 29, 14, 1, 19, 2, 18, 21, 4, 7, 35, 31, 0, 24, 6, 26, 3, 16, 36, 37, 15, 5, 17, 11, 28, 32, 30, 23, 34, 22, 33]",1,1.0,0.058823529411764705,0.1111111111111111,1.0,1,17,1,1
smd,group1_development,machine-1-6,sarad_official,1,15,12171,12176,"[9, 10, 12, 8, 20, 13, 27, 25, 29, 14, 1, 19, 2, 18, 21, 4, 7, 35, 31, 0, 24, 6, 26, 3, 16, 36, 37, 15, 5, 17, 11, 28, 32, 30, 23, 34, 22, 33]",3,1.0,0.17647058823529413,0.3,1.0,1,17,3,3
smd,group1_development,machine-1-6,sarad_official,1,15,12171,12176,"[9, 10, 12, 8, 20, 13, 27, 25, 29, 14, 1, 19, 2, 18, 21, 4, 7, 35, 31, 0, 24, 6, 26, 3, 16, 36, 37, 15, 5, 17, 11, 28, 32, 30, 23, 34, 22, 33]",5,1.0,0.29411764705882354,0.45454545454545453,1.0,1,17,5,5
smd,group1_development,machine-1-6,sarad_official,1,16,13069,13073,"[32, 29, 31, 19, 18, 33, 1, 24, 25, 20, 12, 21, 27, 13, 6, 8, 7, 16, 2, 30, 34, 28, 37, 5, 26, 17, 36, 4, 35, 14, 3, 11, 23, 9, 22, 0, 10, 15]",1,1.0,0.5,0.6666666666666666,1.0,1,2,1,1
smd,group1_development,machine-1-6,sarad_official,1,16,13069,13073,"[32, 29, 31, 19, 18, 33, 1, 24, 25, 20, 12, 21, 27, 13, 6, 8, 7, 16, 2, 30, 34, 28, 37, 5, 26, 17, 36, 4, 35, 14, 3, 11, 23, 9, 22, 0, 10, 15]",3,0.3333333333333333,0.5,0.4,0.6131471927654584,1,2,3,1
smd,group1_development,machine-1-6,sarad_official,1,16,13069,13073,"[32, 29, 31, 19, 18, 33, 1, 24, 25, 20, 12, 21, 27, 13, 6, 8, 7, 16, 2, 30, 34, 28, 37, 5, 26, 17, 36, 4, 35, 14, 3, 11, 23, 9, 22, 0, 10, 15]",5,0.2,0.5,0.28571428571428575,0.6131471927654584,1,2,5,1
smd,group1_development,machine-1-6,sarad_official,1,17,13277,13280,"[16, 29, 31, 21, 25, 24, 23, 19, 1, 20, 18, 8, 37, 12, 13, 33, 3, 27, 4, 10, 32, 28, 11, 2, 26, 0, 17, 30, 7, 5, 34, 36, 6, 14, 15, 35, 9, 22]",1,1.0,1.0,1.0,1.0,1,1,1,1
smd,group1_development,machine-1-6,sarad_official,1,17,13277,13280,"[16, 29, 31, 21, 25, 24, 23, 19, 1, 20, 18, 8, 37, 12, 13, 33, 3, 27, 4, 10, 32, 28, 11, 2, 26, 0, 17, 30, 7, 5, 34, 36, 6, 14, 15, 35, 9, 22]",3,0.3333333333333333,1.0,0.5,1.0,1,1,3,1
smd,group1_development,machine-1-6,sarad_official,1,17,13277,13280,"[16, 29, 31, 21, 25, 24, 23, 19, 1, 20, 18, 8, 37, 12, 13, 33, 3, 27, 4, 10, 32, 28, 11, 2, 26, 0, 17, 30, 7, 5, 34, 36, 6, 14, 15, 35, 9, 22]",5,0.2,1.0,0.33333333333333337,1.0,1,1,5,1
smd,group1_development,machine-1-6,sarad_official,1,18,13613,13619,"[17, 9, 24, 10, 1, 25, 27, 20, 19, 8, 12, 13, 21, 18, 15, 2, 29, 31, 35, 4, 22, 23, 14, 7, 26, 36, 5, 34, 0, 37, 32, 11, 30, 16, 6, 3, 33, 28]",1,0.0,0.0,0.0,0.0,0,8,1,0
smd,group1_development,machine-1-6,sarad_official,1,18,13613,13619,"[17, 9, 24, 10, 1, 25, 27, 20, 19, 8, 12, 13, 21, 18, 15, 2, 29, 31, 35, 4, 22, 23, 14, 7, 26, 36, 5, 34, 0, 37, 32, 11, 30, 16, 6, 3, 33, 28]",3,0.3333333333333333,0.125,0.18181818181818182,0.2960819109658652,1,8,3,1
smd,group1_development,machine-1-6,sarad_official,1,18,13613,13619,"[17, 9, 24, 10, 1, 25, 27, 20, 19, 8, 12, 13, 21, 18, 15, 2, 29, 31, 35, 4, 22, 23, 14, 7, 26, 36, 5, 34, 0, 37, 32, 11, 30, 16, 6, 3, 33, 28]",5,0.6,0.375,0.4615384615384615,0.4912596920895758,1,8,5,3
smd,group1_development,machine-1-6,sarad_official,1,19,14603,14607,"[36, 29, 9, 31, 10, 12, 19, 13, 18, 11, 27, 2, 35, 8, 25, 24, 34, 20, 21, 1, 30, 15, 7, 4, 0, 6, 28, 17, 37, 3, 32, 33, 5, 16, 26, 14, 23, 22]",1,1.0,0.1,0.18181818181818182,1.0,1,10,1,1
smd,group1_development,machine-1-6,sarad_official,1,19,14603,14607,"[36, 29, 9, 31, 10, 12, 19, 13, 18, 11, 27, 2, 35, 8, 25, 24, 34, 20, 21, 1, 30, 15, 7, 4, 0, 6, 28, 17, 37, 3, 32, 33, 5, 16, 26, 14, 23, 22]",3,0.6666666666666666,0.2,0.30769230769230765,0.7039180890341347,1,10,3,2
smd,group1_development,machine-1-6,sarad_official,1,19,14603,14607,"[36, 29, 9, 31, 10, 12, 19, 13, 18, 11, 27, 2, 35, 8, 25, 24, 34, 20, 21, 1, 30, 15, 7, 4, 0, 6, 28, 17, 37, 3, 32, 33, 5, 16, 26, 14, 23, 22]",5,0.8,0.4,0.5333333333333333,0.7860137352654724,1,10,5,4
smd,group1_development,machine-1-6,sarad_official,1,20,15052,15055,"[10, 9, 20, 12, 25, 8, 13, 1, 29, 2, 27, 35, 7, 21, 0, 31, 11, 4, 19, 18, 37, 6, 26, 28, 23, 17, 3, 16, 24, 15, 5, 32, 14, 34, 36, 33, 30, 22]",1,1.0,0.25,0.4,1.0,1,4,1,1
smd,group1_development,machine-1-6,sarad_official,1,20,15052,15055,"[10, 9, 20, 12, 25, 8, 13, 1, 29, 2, 27, 35, 7, 21, 0, 31, 11, 4, 19, 18, 37, 6, 26, 28, 23, 17, 3, 16, 24, 15, 5, 32, 14, 34, 36, 33, 30, 22]",3,0.6666666666666666,0.5,0.5714285714285715,0.7653606369886217,1,4,3,2
smd,group1_development,machine-1-6,sarad_official,1,20,15052,15055,"[10, 9, 20, 12, 25, 8, 13, 1, 29, 2, 27, 35, 7, 21, 0, 31, 11, 4, 19, 18, 37, 6, 26, 28, 23, 17, 3, 16, 24, 15, 5, 32, 14, 34, 36, 33, 30, 22]",5,0.6,0.75,0.6666666666666665,0.8048099750039491,1,4,5,3
smd,group1_development,machine-1-6,sarad_official,1,21,15397,15401,"[12, 11, 14, 9, 13, 8, 1, 2, 29, 37, 4, 25, 7, 5, 28, 26, 0, 16, 17, 36, 34, 6, 24, 35, 27, 19, 18, 21, 15, 31, 20, 3, 33, 23, 10, 22, 30, 32]",1,1.0,0.3333333333333333,0.5,1.0,1,3,1,1
smd,group1_development,machine-1-6,sarad_official,1,21,15397,15401,"[12, 11, 14, 9, 13, 8, 1, 2, 29, 37, 4, 25, 7, 5, 28, 26, 0, 16, 17, 36, 34, 6, 24, 35, 27, 19, 18, 21, 15, 31, 20, 3, 33, 23, 10, 22, 30, 32]",3,0.6666666666666666,0.6666666666666666,0.6666666666666666,0.7653606369886217,1,3,3,2
smd,group1_development,machine-1-6,sarad_official,1,21,15397,15401,"[12, 11, 14, 9, 13, 8, 1, 2, 29, 37, 4, 25, 7, 5, 28, 26, 0, 16, 17, 36, 34, 6, 24, 35, 27, 19, 18, 21, 15, 31, 20, 3, 33, 23, 10, 22, 30, 32]",5,0.4,0.6666666666666666,0.5,0.7653606369886217,1,3,5,2
smd,group1_development,machine-1-6,sarad_official,1,22,15802,15805,"[9, 10, 29, 31, 25, 8, 19, 12, 18, 13, 20, 35, 1, 2, 24, 0, 21, 3, 7, 27, 4, 26, 36, 37, 34, 17, 32, 28, 16, 6, 11, 30, 5, 33, 23, 14, 22, 15]",1,1.0,0.25,0.4,1.0,1,4,1,1
smd,group1_development,machine-1-6,sarad_official,1,22,15802,15805,"[9, 10, 29, 31, 25, 8, 19, 12, 18, 13, 20, 35, 1, 2, 24, 0, 21, 3, 7, 27, 4, 26, 36, 37, 34, 17, 32, 28, 16, 6, 11, 30, 5, 33, 23, 14, 22, 15]",3,0.6666666666666666,0.5,0.5714285714285715,0.7653606369886217,1,4,3,2
smd,group1_development,machine-1-6,sarad_official,1,22,15802,15805,"[9, 10, 29, 31, 25, 8, 19, 12, 18, 13, 20, 35, 1, 2, 24, 0, 21, 3, 7, 27, 4, 26, 36, 37, 34, 17, 32, 28, 16, 6, 11, 30, 5, 33, 23, 14, 22, 15]",5,0.4,0.5,0.4444444444444445,0.6366824387328317,1,4,5,2
smd,group1_development,machine-1-6,sarad_official,1,23,16491,16499,"[8, 10, 12, 9, 14, 1, 13, 25, 2, 11, 31, 7, 19, 29, 20, 4, 37, 6, 18, 5, 0, 15, 21, 16, 17, 26, 36, 28, 24, 27, 35, 3, 34, 32, 23, 33, 22, 30]",1,1.0,0.125,0.2222222222222222,1.0,1,8,1,1
smd,group1_development,machine-1-6,sarad_official,1,23,16491,16499,"[8, 10, 12, 9, 14, 1, 13, 25, 2, 11, 31, 7, 19, 29, 20, 4, 37, 6, 18, 5, 0, 15, 21, 16, 17, 26, 36, 28, 24, 27, 35, 3, 34, 32, 23, 33, 22, 30]",3,1.0,0.375,0.5454545454545454,1.0,1,8,3,3
smd,group1_development,machine-1-6,sarad_official,1,23,16491,16499,"[8, 10, 12, 9, 14, 1, 13, 25, 2, 11, 31, 7, 19, 29, 20, 4, 37, 6, 18, 5, 0, 15, 21, 16, 17, 26, 36, 28, 24, 27, 35, 3, 34, 32, 23, 33, 22, 30]",5,1.0,0.625,0.7692307692307693,1.0,1,8,5,5
smd,group1_development,machine-1-6,sarad_official,1,24,16718,16721,"[9, 10, 20, 12, 25, 13, 8, 0, 35, 2, 3, 7, 4, 6, 29, 19, 37, 27, 26, 17, 21, 16, 28, 18, 36, 24, 31, 1, 5, 34, 32, 23, 14, 11, 33, 30, 15, 22]",1,1.0,0.25,0.4,1.0,1,4,1,1
smd,group1_development,machine-1-6,sarad_official,1,24,16718,16721,"[9, 10, 20, 12, 25, 13, 8, 0, 35, 2, 3, 7, 4, 6, 29, 19, 37, 27, 26, 17, 21, 16, 28, 18, 36, 24, 31, 1, 5, 34, 32, 23, 14, 11, 33, 30, 15, 22]",3,0.6666666666666666,0.5,0.5714285714285715,0.7653606369886217,1,4,3,2
smd,group1_development,machine-1-6,sarad_official,1,24,16718,16721,"[9, 10, 20, 12, 25, 13, 8, 0, 35, 2, 3, 7, 4, 6, 29, 19, 37, 27, 26, 17, 21, 16, 28, 18, 36, 24, 31, 1, 5, 34, 32, 23, 14, 11, 33, 30, 15, 22]",5,0.6,0.75,0.6666666666666665,0.8048099750039491,1,4,5,3
smd,group1_development,machine-1-6,sarad_official,1,25,16972,16976,"[11, 12, 14, 9, 8, 13, 1, 25, 2, 4, 29, 37, 7, 21, 35, 0, 28, 24, 5, 26, 16, 17, 27, 36, 6, 34, 19, 20, 31, 18, 23, 10, 15, 3, 33, 30, 22, 32]",1,1.0,0.25,0.4,1.0,1,4,1,1
smd,group1_development,machine-1-6,sarad_official,1,25,16972,16976,"[11, 12, 14, 9, 8, 13, 1, 25, 2, 4, 29, 37, 7, 21, 35, 0, 28, 24, 5, 26, 16, 17, 27, 36, 6, 34, 19, 20, 31, 18, 23, 10, 15, 3, 33, 30, 22, 32]",3,1.0,0.75,0.8571428571428571,1.0,1,4,3,3
smd,group1_development,machine-1-6,sarad_official,1,25,16972,16976,"[11, 12, 14, 9, 8, 13, 1, 25, 2, 4, 29, 37, 7, 21, 35, 0, 28, 24, 5, 26, 16, 17, 27, 36, 6, 34, 19, 20, 31, 18, 23, 10, 15, 3, 33, 30, 22, 32]",5,0.8,1.0,0.888888888888889,0.9828920819566879,1,4,5,4
smd,group1_development,machine-1-6,sarad_official,1,26,17931,17939,"[8, 10, 12, 9, 14, 1, 13, 2, 25, 31, 11, 37, 7, 5, 4, 19, 29, 35, 0, 20, 18, 36, 15, 6, 24, 17, 16, 26, 28, 21, 23, 3, 34, 27, 22, 33, 30, 32]",1,1.0,0.05263157894736842,0.1,1.0,1,19,1,1
smd,group1_development,machine-1-6,sarad_official,1,26,17931,17939,"[8, 10, 12, 9, 14, 1, 13, 2, 25, 31, 11, 37, 7, 5, 4, 19, 29, 35, 0, 20, 18, 36, 15, 6, 24, 17, 16, 26, 28, 21, 23, 3, 34, 27, 22, 33, 30, 32]",3,1.0,0.15789473684210525,0.2727272727272727,1.0,1,19,3,3
smd,group1_development,machine-1-6,sarad_official,1,26,17931,17939,"[8, 10, 12, 9, 14, 1, 13, 2, 25, 31, 11, 37, 7, 5, 4, 19, 29, 35, 0, 20, 18, 36, 15, 6, 24, 17, 16, 26, 28, 21, 23, 3, 34, 27, 22, 33, 30, 32]",5,1.0,0.2631578947368421,0.4166666666666667,1.0,1,19,5,5
smd,group1_development,machine-1-6,sarad_official,1,27,18600,21761,"[15, 12, 2, 8, 3, 0, 29, 13, 31, 1, 9, 10, 5, 19, 20, 25, 18, 24, 37, 35, 11, 27, 14, 21, 4, 34, 23, 22, 30, 32, 7, 36, 17, 16, 6, 26, 28, 33]",1,1.0,0.047619047619047616,0.0909090909090909,1.0,1,21,1,1
smd,group1_development,machine-1-6,sarad_official,1,27,18600,21761,"[15, 12, 2, 8, 3, 0, 29, 13, 31, 1, 9, 10, 5, 19, 20, 25, 18, 24, 37, 35, 11, 27, 14, 21, 4, 34, 23, 22, 30, 32, 7, 36, 17, 16, 6, 26, 28, 33]",3,1.0,0.14285714285714285,0.25,1.0,1,21,3,3
smd,group1_development,machine-1-6,sarad_official,1,27,18600,21761,"[15, 12, 2, 8, 3, 0, 29, 13, 31, 1, 9, 10, 5, 19, 20, 25, 18, 24, 37, 35, 11, 27, 14, 21, 4, 34, 23, 22, 30, 32, 7, 36, 17, 16, 6, 26, 28, 33]",5,1.0,0.23809523809523808,0.3846153846153846,1.0,1,21,5,5
smd,group1_development,machine-1-6,sarad_official,1,28,22252,22260,"[8, 14, 11, 12, 10, 9, 29, 20, 22, 19, 2, 18, 35, 27, 4, 21, 0, 1, 37, 25, 31, 5, 7, 30, 36, 23, 32, 26, 6, 13, 24, 28, 17, 16, 34, 3, 15, 33]",1,1.0,0.3333333333333333,0.5,1.0,1,3,1,1
smd,group1_development,machine-1-6,sarad_official,1,28,22252,22260,"[8, 14, 11, 12, 10, 9, 29, 20, 22, 19, 2, 18, 35, 27, 4, 21, 0, 1, 37, 25, 31, 5, 7, 30, 36, 23, 32, 26, 6, 13, 24, 28, 17, 16, 34, 3, 15, 33]",3,0.6666666666666666,0.6666666666666666,0.6666666666666666,0.7653606369886217,1,3,3,2
smd,group1_development,machine-1-6,sarad_official,1,28,22252,22260,"[8, 14, 11, 12, 10, 9, 29, 20, 22, 19, 2, 18, 35, 27, 4, 21, 0, 1, 37, 25, 31, 5, 7, 30, 36, 23, 32, 26, 6, 13, 24, 28, 17, 16, 34, 3, 15, 33]",5,0.6,1.0,0.7499999999999999,0.9674679834891693,1,3,5,3
smd,group1_development,machine-1-6,sarad_official,1,29,22417,22420,"[10, 11, 9, 29, 8, 1, 35, 37, 18, 12, 22, 7, 24, 6, 0, 19, 26, 31, 36, 20, 2, 17, 28, 16, 23, 4, 21, 3, 25, 30, 27, 5, 34, 14, 33, 15, 32, 13]",1,1.0,0.5,0.6666666666666666,1.0,1,2,1,1
smd,group1_development,machine-1-6,sarad_official,1,29,22417,22420,"[10, 11, 9, 29, 8, 1, 35, 37, 18, 12, 22, 7, 24, 6, 0, 19, 26, 31, 36, 20, 2, 17, 28, 16, 23, 4, 21, 3, 25, 30, 27, 5, 34, 14, 33, 15, 32, 13]",3,0.3333333333333333,0.5,0.4,0.6131471927654584,1,2,3,1
smd,group1_development,machine-1-6,sarad_official,1,29,22417,22420,"[10, 11, 9, 29, 8, 1, 35, 37, 18, 12, 22, 7, 24, 6, 0, 19, 26, 31, 36, 20, 2, 17, 28, 16, 23, 4, 21, 3, 25, 30, 27, 5, 34, 14, 33, 15, 32, 13]",5,0.2,0.5,0.28571428571428575,0.6131471927654584,1,2,5,1
smd,group1_development,machine-1-7,sarad_official,1,0,837,858,"[8, 12, 15, 14, 11, 0, 13, 4, 2, 37, 10, 33, 36, 9, 7, 29, 18, 5, 21, 3, 28, 17, 32, 16, 20, 26, 19, 27, 23, 35, 31, 25, 6, 24, 34, 22, 30, 1]",1,1.0,0.125,0.2222222222222222,1.0,1,8,1,1
smd,group1_development,machine-1-7,sarad_official,1,0,837,858,"[8, 12, 15, 14, 11, 0, 13, 4, 2, 37, 10, 33, 36, 9, 7, 29, 18, 5, 21, 3, 28, 17, 32, 16, 20, 26, 19, 27, 23, 35, 31, 25, 6, 24, 34, 22, 30, 1]",3,1.0,0.375,0.5454545454545454,1.0,1,8,3,3
smd,group1_development,machine-1-7,sarad_official,1,0,837,858,"[8, 12, 15, 14, 11, 0, 13, 4, 2, 37, 10, 33, 36, 9, 7, 29, 18, 5, 21, 3, 28, 17, 32, 16, 20, 26, 19, 27, 23, 35, 31, 25, 6, 24, 34, 22, 30, 1]",5,1.0,0.625,0.7692307692307693,1.0,1,8,5,5
smd,group1_development,machine-1-7,sarad_official,1,1,2959,4174,"[32, 31, 8, 24, 13, 27, 12, 4, 18, 20, 19, 30, 11, 21, 26, 7, 28, 14, 35, 16, 33, 17, 34, 25, 36, 22, 37, 23, 6, 29, 5, 9, 0, 15, 3, 2, 10, 1]",1,1.0,0.1111111111111111,0.19999999999999998,1.0,1,9,1,1
smd,group1_development,machine-1-7,sarad_official,1,1,2959,4174,"[32, 31, 8, 24, 13, 27, 12, 4, 18, 20, 19, 30, 11, 21, 26, 7, 28, 14, 35, 16, 33, 17, 34, 25, 36, 22, 37, 23, 6, 29, 5, 9, 0, 15, 3, 2, 10, 1]",3,0.6666666666666666,0.2222222222222222,0.3333333333333333,0.7039180890341347,1,9,3,2
smd,group1_development,machine-1-7,sarad_official,1,1,2959,4174,"[32, 31, 8, 24, 13, 27, 12, 4, 18, 20, 19, 30, 11, 21, 26, 7, 28, 14, 35, 16, 33, 17, 34, 25, 36, 22, 37, 23, 6, 29, 5, 9, 0, 15, 3, 2, 10, 1]",5,0.6,0.3333333333333333,0.42857142857142855,0.639945385422766,1,9,5,3
smd,group1_development,machine-1-7,sarad_official,1,2,5849,5940,"[9, 8, 10, 18, 20, 31, 24, 19, 22, 30, 27, 21, 34, 23, 1, 29, 35, 2, 12, 33, 25, 32, 7, 15, 6, 14, 4, 37, 3, 0, 36, 5, 26, 11, 16, 13, 17, 28]",1,1.0,0.04,0.07692307692307693,1.0,1,25,1,1
smd,group1_development,machine-1-7,sarad_official,1,2,5849,5940,"[9, 8, 10, 18, 20, 31, 24, 19, 22, 30, 27, 21, 34, 23, 1, 29, 35, 2, 12, 33, 25, 32, 7, 15, 6, 14, 4, 37, 3, 0, 36, 5, 26, 11, 16, 13, 17, 28]",3,1.0,0.12,0.21428571428571425,1.0,1,25,3,3
smd,group1_development,machine-1-7,sarad_official,1,2,5849,5940,"[9, 8, 10, 18, 20, 31, 24, 19, 22, 30, 27, 21, 34, 23, 1, 29, 35, 2, 12, 33, 25, 32, 7, 15, 6, 14, 4, 37, 3, 0, 36, 5, 26, 11, 16, 13, 17, 28]",5,1.0,0.2,0.33333333333333337,1.0,1,25,5,5
smd,group1_development,machine-1-7,sarad_official,1,3,6031,6034,"[31, 24, 18, 30, 27, 19, 20, 21, 4, 34, 26, 28, 16, 25, 17, 7, 13, 37, 35, 8, 36, 32, 6, 23, 22, 29, 12, 9, 5, 11, 33, 3, 0, 14, 10, 15, 2, 1]",1,0.0,0.0,0.0,0.0,0,2,1,0
smd,group1_development,machine-1-7,sarad_official,1,3,6031,6034,"[31, 24, 18, 30, 27, 19, 20, 21, 4, 34, 26, 28, 16, 25, 17, 7, 13, 37, 35, 8, 36, 32, 6, 23, 22, 29, 12, 9, 5, 11, 33, 3, 0, 14, 10, 15, 2, 1]",3,0.0,0.0,0.0,0.0,0,2,3,0
smd,group1_development,machine-1-7,sarad_official,1,3,6031,6034,"[31, 24, 18, 30, 27, 19, 20, 21, 4, 34, 26, 28, 16, 25, 17, 7, 13, 37, 35, 8, 36, 32, 6, 23, 22, 29, 12, 9, 5, 11, 33, 3, 0, 14, 10, 15, 2, 1]",5,0.0,0.0,0.0,0.0,0,2,5,0
smd,group1_development,machine-1-7,sarad_official,1,4,7099,8000,"[31, 18, 19, 24, 20, 16, 12, 8, 27, 13, 30, 17, 21, 22, 11, 37, 4, 34, 35, 32, 7, 14, 36, 15, 33, 25, 0, 29, 2, 26, 23, 6, 5, 28, 3, 10, 1, 9]",1,0.0,0.0,0.0,0.0,0,8,1,0
smd,group1_development,machine-1-7,sarad_official,1,4,7099,8000,"[31, 18, 19, 24, 20, 16, 12, 8, 27, 13, 30, 17, 21, 22, 11, 37, 4, 34, 35, 32, 7, 14, 36, 15, 33, 25, 0, 29, 2, 26, 23, 6, 5, 28, 3, 10, 1, 9]",3,0.0,0.0,0.0,0.0,0,8,3,0
smd,group1_development,machine-1-7,sarad_official,1,4,7099,8000,"[31, 18, 19, 24, 20, 16, 12, 8, 27, 13, 30, 17, 21, 22, 11, 37, 4, 34, 35, 32, 7, 14, 36, 15, 33, 25, 0, 29, 2, 26, 23, 6, 5, 28, 3, 10, 1, 9]",5,0.0,0.0,0.0,0.0,0,8,5,0
smd,group1_development,machine-1-7,sarad_official,1,5,8564,8580,"[9, 10, 33, 31, 8, 18, 7, 14, 2, 20, 24, 34, 30, 21, 27, 37, 19, 12, 22, 35, 4, 29, 25, 32, 5, 15, 6, 16, 23, 0, 3, 11, 1, 13, 26, 36, 17, 28]",1,1.0,0.05555555555555555,0.10526315789473684,1.0,1,18,1,1
smd,group1_development,machine-1-7,sarad_official,1,5,8564,8580,"[9, 10, 33, 31, 8, 18, 7, 14, 2, 20, 24, 34, 30, 21, 27, 37, 19, 12, 22, 35, 4, 29, 25, 32, 5, 15, 6, 16, 23, 0, 3, 11, 1, 13, 26, 36, 17, 28]",3,0.6666666666666666,0.1111111111111111,0.1904761904761905,0.7653606369886217,1,18,3,2
smd,group1_development,machine-1-7,sarad_official,1,5,8564,8580,"[9, 10, 33, 31, 8, 18, 7, 14, 2, 20, 24, 34, 30, 21, 27, 37, 19, 12, 22, 35, 4, 29, 25, 32, 5, 15, 6, 16, 23, 0, 3, 11, 1, 13, 26, 36, 17, 28]",5,0.8,0.2222222222222222,0.3478260869565218,0.830419897363192,1,18,5,4
smd,group1_development,machine-1-7,sarad_official,1,6,12359,12374,"[12, 8, 15, 11, 14, 4, 26, 28, 36, 7, 16, 17, 37, 20, 0, 13, 21, 9, 25, 27, 29, 23, 24, 6, 35, 31, 5, 19, 34, 18, 3, 32, 10, 30, 33, 2, 1, 22]",1,1.0,0.14285714285714285,0.25,1.0,1,7,1,1
smd,group1_development,machine-1-7,sarad_official,1,6,12359,12374,"[12, 8, 15, 11, 14, 4, 26, 28, 36, 7, 16, 17, 37, 20, 0, 13, 21, 9, 25, 27, 29, 23, 24, 6, 35, 31, 5, 19, 34, 18, 3, 32, 10, 30, 33, 2, 1, 22]",3,1.0,0.42857142857142855,0.6,1.0,1,7,3,3
smd,group1_development,machine-1-7,sarad_official,1,6,12359,12374,"[12, 8, 15, 11, 14, 4, 26, 28, 36, 7, 16, 17, 37, 20, 0, 13, 21, 9, 25, 27, 29, 23, 24, 6, 35, 31, 5, 19, 34, 18, 3, 32, 10, 30, 33, 2, 1, 22]",5,1.0,0.7142857142857143,0.8333333333333333,1.0,1,7,5,5
smd,group1_development,machine-1-7,sarad_official,1,7,13799,13825,"[15, 14, 8, 12, 11, 13, 4, 36, 0, 27, 7, 26, 28, 21, 9, 32, 37, 16, 29, 35, 17, 34, 5, 2, 24, 20, 31, 19, 23, 3, 25, 18, 6, 10, 30, 33, 22, 1]",1,1.0,0.16666666666666666,0.2857142857142857,1.0,1,6,1,1
smd,group1_development,machine-1-7,sarad_official,1,7,13799,13825,"[15, 14, 8, 12, 11, 13, 4, 36, 0, 27, 7, 26, 28, 21, 9, 32, 37, 16, 29, 35, 17, 34, 5, 2, 24, 20, 31, 19, 23, 3, 25, 18, 6, 10, 30, 33, 22, 1]",3,1.0,0.5,0.6666666666666666,1.0,1,6,3,3
smd,group1_development,machine-1-7,sarad_official,1,7,13799,13825,"[15, 14, 8, 12, 11, 13, 4, 36, 0, 27, 7, 26, 28, 21, 9, 32, 37, 16, 29, 35, 17, 34, 5, 2, 24, 20, 31, 19, 23, 3, 25, 18, 6, 10, 30, 33, 22, 1]",5,1.0,0.8333333333333334,0.9090909090909091,1.0,1,6,5,5
smd,group1_development,machine-1-7,sarad_official,1,8,15239,15270,"[8, 15, 12, 14, 11, 0, 13, 4, 2, 9, 5, 37, 36, 21, 32, 7, 10, 29, 35, 17, 33, 18, 28, 16, 26, 3, 31, 20, 27, 25, 24, 34, 19, 23, 6, 22, 30, 1]",1,1.0,0.125,0.2222222222222222,1.0,1,8,1,1
smd,group1_development,machine-1-7,sarad_official,1,8,15239,15270,"[8, 15, 12, 14, 11, 0, 13, 4, 2, 9, 5, 37, 36, 21, 32, 7, 10, 29, 35, 17, 33, 18, 28, 16, 26, 3, 31, 20, 27, 25, 24, 34, 19, 23, 6, 22, 30, 1]",3,1.0,0.375,0.5454545454545454,1.0,1,8,3,3
smd,group1_development,machine-1-7,sarad_official,1,8,15239,15270,"[8, 15, 12, 14, 11, 0, 13, 4, 2, 9, 5, 37, 36, 21, 32, 7, 10, 29, 35, 17, 33, 18, 28, 16, 26, 3, 31, 20, 27, 25, 24, 34, 19, 23, 6, 22, 30, 1]",5,1.0,0.625,0.7692307692307693,1.0,1,8,5,5
smd,group1_development,machine-1-7,sarad_official,1,9,15960,15963,"[16, 31, 27, 20, 19, 21, 22, 37, 33, 4, 24, 30, 35, 18, 23, 25, 7, 26, 34, 2, 32, 12, 6, 29, 14, 28, 1, 9, 3, 0, 11, 36, 17, 15, 10, 8, 13, 5]",1,1.0,1.0,1.0,1.0,1,1,1,1
smd,group1_development,machine-1-7,sarad_official,1,9,15960,15963,"[16, 31, 27, 20, 19, 21, 22, 37, 33, 4, 24, 30, 35, 18, 23, 25, 7, 26, 34, 2, 32, 12, 6, 29, 14, 28, 1, 9, 3, 0, 11, 36, 17, 15, 10, 8, 13, 5]",3,0.3333333333333333,1.0,0.5,1.0,1,1,3,1
smd,group1_development,machine-1-7,sarad_official,1,9,15960,15963,"[16, 31, 27, 20, 19, 21, 22, 37, 33, 4, 24, 30, 35, 18, 23, 25, 7, 26, 34, 2, 32, 12, 6, 29, 14, 28, 1, 9, 3, 0, 11, 36, 17, 15, 10, 8, 13, 5]",5,0.2,1.0,0.33333333333333337,1.0,1,1,5,1
smd,group1_development,machine-1-7,sarad_official,1,10,18109,18150,"[28, 8, 15, 0, 2, 12, 13, 1, 14, 26, 3, 7, 20, 4, 21, 27, 23, 31, 19, 18, 22, 11, 35, 30, 34, 16, 24, 29, 32, 33, 5, 25, 37, 6, 36, 10, 17, 9]",1,1.0,0.03571428571428571,0.0689655172413793,1.0,1,28,1,1
smd,group1_development,machine-1-7,sarad_official,1,10,18109,18150,"[28, 8, 15, 0, 2, 12, 13, 1, 14, 26, 3, 7, 20, 4, 21, 27, 23, 31, 19, 18, 22, 11, 35, 30, 34, 16, 24, 29, 32, 33, 5, 25, 37, 6, 36, 10, 17, 9]",3,1.0,0.10714285714285714,0.19354838709677416,1.0,1,28,3,3
smd,group1_development,machine-1-7,sarad_official,1,10,18109,18150,"[28, 8, 15, 0, 2, 12, 13, 1, 14, 26, 3, 7, 20, 4, 21, 27, 23, 31, 19, 18, 22, 11, 35, 30, 34, 16, 24, 29, 32, 33, 5, 25, 37, 6, 36, 10, 17, 9]",5,1.0,0.17857142857142858,0.30303030303030304,1.0,1,28,5,5
smd,group1_development,machine-1-7,sarad_official,1,11,19442,19446,"[32, 8, 18, 31, 27, 24, 30, 19, 22, 35, 34, 25, 2, 20, 4, 7, 16, 17, 29, 26, 28, 36, 37, 12, 5, 14, 23, 21, 6, 11, 0, 33, 9, 3, 1, 10, 13, 15]",1,1.0,0.5,0.6666666666666666,1.0,1,2,1,1
smd,group1_development,machine-1-7,sarad_official,1,11,19442,19446,"[32, 8, 18, 31, 27, 24, 30, 19, 22, 35, 34, 25, 2, 20, 4, 7, 16, 17, 29, 26, 28, 36, 37, 12, 5, 14, 23, 21, 6, 11, 0, 33, 9, 3, 1, 10, 13, 15]",3,0.3333333333333333,0.5,0.4,0.6131471927654584,1,2,3,1
smd,group1_development,machine-1-7,sarad_official,1,11,19442,19446,"[32, 8, 18, 31, 27, 24, 30, 19, 22, 35, 34, 25, 2, 20, 4, 7, 16, 17, 29, 26, 28, 36, 37, 12, 5, 14, 23, 21, 6, 11, 0, 33, 9, 3, 1, 10, 13, 15]",5,0.2,0.5,0.28571428571428575,0.6131471927654584,1,2,5,1
smd,group1_development,machine-1-7,sarad_official,1,12,19559,19590,"[8, 12, 15, 14, 11, 13, 0, 4, 2, 20, 36, 32, 27, 37, 21, 34, 10, 9, 29, 7, 18, 5, 19, 28, 17, 16, 3, 35, 26, 31, 24, 25, 23, 33, 6, 30, 22, 1]",1,1.0,0.125,0.2222222222222222,1.0,1,8,1,1
smd,group1_development,machine-1-7,sarad_official,1,12,19559,19590,"[8, 12, 15, 14, 11, 13, 0, 4, 2, 20, 36, 32, 27, 37, 21, 34, 10, 9, 29, 7, 18, 5, 19, 28, 17, 16, 3, 35, 26, 31, 24, 25, 23, 33, 6, 30, 22, 1]",3,1.0,0.375,0.5454545454545454,1.0,1,8,3,3
smd,group1_development,machine-1-7,sarad_official,1,12,19559,19590,"[8, 12, 15, 14, 11, 13, 0, 4, 2, 20, 36, 32, 27, 37, 21, 34, 10, 9, 29, 7, 18, 5, 19, 28, 17, 16, 3, 35, 26, 31, 24, 25, 23, 33, 6, 30, 22, 1]",5,1.0,0.625,0.7692307692307693,1.0,1,8,5,5
smd,group1_development,machine-1-8,sarad_official,1,0,710,1081,"[0, 8, 9, 14, 13, 12, 32, 6, 5, 37, 10, 17, 26, 11, 36, 28, 7, 16, 4, 33, 23, 15, 25, 1, 18, 2, 35, 34, 19, 27, 20, 24, 21, 3, 29, 31, 30, 22]",1,1.0,0.3333333333333333,0.5,1.0,1,3,1,1
smd,group1_development,machine-1-8,sarad_official,1,0,710,1081,"[0, 8, 9, 14, 13, 12, 32, 6, 5, 37, 10, 17, 26, 11, 36, 28, 7, 16, 4, 33, 23, 15, 25, 1, 18, 2, 35, 34, 19, 27, 20, 24, 21, 3, 29, 31, 30, 22]",3,1.0,1.0,1.0,1.0,1,3,3,3
smd,group1_development,machine-1-8,sarad_official,1,0,710,1081,"[0, 8, 9, 14, 13, 12, 32, 6, 5, 37, 10, 17, 26, 11, 36, 28, 7, 16, 4, 33, 23, 15, 25, 1, 18, 2, 35, 34, 19, 27, 20, 24, 21, 3, 29, 31, 30, 22]",5,0.6,1.0,0.7499999999999999,1.0,1,3,5,3
smd,group1_development,machine-1-8,sarad_official,1,1,2105,2171,"[9, 11, 12, 35, 32, 22, 5, 8, 4, 14, 13, 15, 21, 18, 19, 27, 2, 25, 37, 20, 34, 7, 6, 1, 33, 10, 23, 30, 0, 3, 24, 26, 16, 36, 17, 28, 29, 31]",1,1.0,0.2,0.33333333333333337,1.0,1,5,1,1
smd,group1_development,machine-1-8,sarad_official,1,1,2105,2171,"[9, 11, 12, 35, 32, 22, 5, 8, 4, 14, 13, 15, 21, 18, 19, 27, 2, 25, 37, 20, 34, 7, 6, 1, 33, 10, 23, 30, 0, 3, 24, 26, 16, 36, 17, 28, 29, 31]",3,0.6666666666666666,0.4,0.5,0.7653606369886217,1,5,3,2
smd,group1_development,machine-1-8,sarad_official,1,1,2105,2171,"[9, 11, 12, 35, 32, 22, 5, 8, 4, 14, 13, 15, 21, 18, 19, 27, 2, 25, 37, 20, 34, 7, 6, 1, 33, 10, 23, 30, 0, 3, 24, 26, 16, 36, 17, 28, 29, 31]",5,0.4,0.4,0.4000000000000001,0.5531464700081437,1,5,5,2
smd,group1_development,machine-1-8,sarad_official,1,2,2725,2728,"[32, 12, 8, 31, 2, 9, 34, 29, 20, 3, 4, 1, 25, 10, 22, 11, 13, 35, 7, 5, 6, 27, 14, 0, 37, 21, 15, 33, 28, 26, 17, 16, 36, 19, 18, 23, 24, 30]",1,0.0,0.0,0.0,0.0,0,4,1,0
smd,group1_development,machine-1-8,sarad_official,1,2,2725,2728,"[32, 12, 8, 31, 2, 9, 34, 29, 20, 3, 4, 1, 25, 10, 22, 11, 13, 35, 7, 5, 6, 27, 14, 0, 37, 21, 15, 33, 28, 26, 17, 16, 36, 19, 18, 23, 24, 30]",3,0.6666666666666666,0.5,0.5714285714285715,0.5307212739772434,1,4,3,2
smd,group1_development,machine-1-8,sarad_official,1,2,2725,2728,"[32, 12, 8, 31, 2, 9, 34, 29, 20, 3, 4, 1, 25, 10, 22, 11, 13, 35, 7, 5, 6, 27, 14, 0, 37, 21, 15, 33, 28, 26, 17, 16, 36, 19, 18, 23, 24, 30]",5,0.4,0.5,0.4444444444444445,0.44149241373678083,1,4,5,2
smd,group1_development,machine-1-8,sarad_official,1,3,3068,3071,"[32, 8, 12, 31, 2, 27, 1, 18, 21, 35, 13, 5, 7, 0, 26, 24, 22, 16, 19, 3, 28, 17, 4, 36, 29, 20, 6, 37, 11, 9, 23, 10, 14, 33, 34, 15, 30, 25]",1,0.0,0.0,0.0,0.0,0,4,1,0
smd,group1_development,machine-1-8,sarad_official,1,3,3068,3071,"[32, 8, 12, 31, 2, 27, 1, 18, 21, 35, 13, 5, 7, 0, 26, 24, 22, 16, 19, 3, 28, 17, 4, 36, 29, 20, 6, 37, 11, 9, 23, 10, 14, 33, 34, 15, 30, 25]",3,0.6666666666666666,0.5,0.5714285714285715,0.5307212739772434,1,4,3,2
smd,group1_development,machine-1-8,sarad_official,1,3,3068,3071,"[32, 8, 12, 31, 2, 27, 1, 18, 21, 35, 13, 5, 7, 0, 26, 24, 22, 16, 19, 3, 28, 17, 4, 36, 29, 20, 6, 37, 11, 9, 23, 10, 14, 33, 34, 15, 30, 25]",5,0.4,0.5,0.4444444444444445,0.44149241373678083,1,4,5,2
smd,group1_development,machine-1-8,sarad_official,1,4,3594,3598,"[8, 12, 13, 32, 14, 2, 27, 5, 20, 15, 7, 26, 4, 35, 28, 16, 6, 17, 11, 36, 23, 9, 34, 25, 37, 1, 33, 10, 21, 0, 24, 31, 29, 30, 3, 19, 18, 22]",1,1.0,0.2,0.33333333333333337,1.0,1,5,1,1
smd,group1_development,machine-1-8,sarad_official,1,4,3594,3598,"[8, 12, 13, 32, 14, 2, 27, 5, 20, 15, 7, 26, 4, 35, 28, 16, 6, 17, 11, 36, 23, 9, 34, 25, 37, 1, 33, 10, 21, 0, 24, 31, 29, 30, 3, 19, 18, 22]",3,1.0,0.6,0.7499999999999999,1.0,1,5,3,3
smd,group1_development,machine-1-8,sarad_official,1,4,3594,3598,"[8, 12, 13, 32, 14, 2, 27, 5, 20, 15, 7, 26, 4, 35, 28, 16, 6, 17, 11, 36, 23, 9, 34, 25, 37, 1, 33, 10, 21, 0, 24, 31, 29, 30, 3, 19, 18, 22]",5,0.8,0.8,0.8000000000000002,0.8539316501572937,1,5,5,4
smd,group1_development,machine-1-8,sarad_official,1,5,4589,4599,"[32, 20, 31, 10, 29, 21, 2, 6, 34, 1, 15, 3, 12, 25, 35, 30, 11, 5, 24, 23, 19, 27, 7, 13, 37, 0, 18, 4, 36, 26, 28, 33, 14, 17, 16, 9, 8, 22]",1,0.0,0.0,0.0,0.0,0,4,1,0
smd,group1_development,machine-1-8,sarad_official,1,5,4589,4599,"[32, 20, 31, 10, 29, 21, 2, 6, 34, 1, 15, 3, 12, 25, 35, 30, 11, 5, 24, 23, 19, 27, 7, 13, 37, 0, 18, 4, 36, 26, 28, 33, 14, 17, 16, 9, 8, 22]",3,0.0,0.0,0.0,0.0,0,4,3,0
smd,group1_development,machine-1-8,sarad_official,1,5,4589,4599,"[32, 20, 31, 10, 29, 21, 2, 6, 34, 1, 15, 3, 12, 25, 35, 30, 11, 5, 24, 23, 19, 27, 7, 13, 37, 0, 18, 4, 36, 26, 28, 33, 14, 17, 16, 9, 8, 22]",5,0.2,0.25,0.22222222222222224,0.16812753627111746,1,4,5,1
smd,group1_development,machine-1-8,sarad_official,1,6,7100,7104,"[32, 10, 15, 29, 6, 5, 31, 1, 25, 23, 26, 37, 28, 34, 16, 36, 17, 7, 4, 27, 2, 11, 21, 9, 3, 0, 8, 12, 20, 18, 19, 33, 24, 14, 35, 30, 22, 13]",1,0.0,0.0,0.0,0.0,0,4,1,0
smd,group1_development,machine-1-8,sarad_official,1,6,7100,7104,"[32, 10, 15, 29, 6, 5, 31, 1, 25, 23, 26, 37, 28, 34, 16, 36, 17, 7, 4, 27, 2, 11, 21, 9, 3, 0, 8, 12, 20, 18, 19, 33, 24, 14, 35, 30, 22, 13]",3,0.6666666666666666,0.5,0.5714285714285715,0.5307212739772434,1,4,3,2
smd,group1_development,machine-1-8,sarad_official,1,6,7100,7104,"[32, 10, 15, 29, 6, 5, 31, 1, 25, 23, 26, 37, 28, 34, 16, 36, 17, 7, 4, 27, 2, 11, 21, 9, 3, 0, 8, 12, 20, 18, 19, 33, 24, 14, 35, 30, 22, 13]",5,0.6,0.75,0.6666666666666665,0.592512031964586,1,4,5,3
smd,group1_development,machine-1-8,sarad_official,1,7,7474,7477,"[32, 20, 10, 29, 31, 34, 21, 15, 6, 35, 24, 25, 23, 7, 2, 5, 37, 18, 27, 19, 11, 30, 4, 36, 1, 26, 17, 16, 28, 12, 3, 14, 9, 0, 33, 8, 22, 13]",1,0.0,0.0,0.0,0.0,0,4,1,0
smd,group1_development,machine-1-8,sarad_official,1,7,7474,7477,"[32, 20, 10, 29, 31, 34, 21, 15, 6, 35, 24, 25, 23, 7, 2, 5, 37, 18, 27, 19, 11, 30, 4, 36, 1, 26, 17, 16, 28, 12, 3, 14, 9, 0, 33, 8, 22, 13]",3,0.3333333333333333,0.25,0.28571428571428575,0.23463936301137822,1,4,3,1
smd,group1_development,machine-1-8,sarad_official,1,7,7474,7477,"[32, 20, 10, 29, 31, 34, 21, 15, 6, 35, 24, 25, 23, 7, 2, 5, 37, 18, 27, 19, 11, 30, 4, 36, 1, 26, 17, 16, 28, 12, 3, 14, 9, 0, 33, 8, 22, 13]",5,0.2,0.25,0.22222222222222224,0.19519002499605084,1,4,5,1
smd,group1_development,machine-1-8,sarad_official,1,8,8317,8320,"[14, 8, 10, 32, 6, 17, 28, 23, 26, 5, 1, 37, 16, 12, 25, 7, 36, 2, 4, 31, 9, 15, 19, 24, 21, 20, 34, 3, 33, 11, 27, 0, 18, 29, 13, 35, 30, 22]",1,1.0,0.5,0.6666666666666666,1.0,1,2,1,1
smd,group1_development,machine-1-8,sarad_official,1,8,8317,8320,"[14, 8, 10, 32, 6, 17, 28, 23, 26, 5, 1, 37, 16, 12, 25, 7, 36, 2, 4, 31, 9, 15, 19, 24, 21, 20, 34, 3, 33, 11, 27, 0, 18, 29, 13, 35, 30, 22]",3,0.6666666666666666,1.0,0.8,1.0,1,2,3,2
smd,group1_development,machine-1-8,sarad_official,1,8,8317,8320,"[14, 8, 10, 32, 6, 17, 28, 23, 26, 5, 1, 37, 16, 12, 25, 7, 36, 2, 4, 31, 9, 15, 19, 24, 21, 20, 34, 3, 33, 11, 27, 0, 18, 29, 13, 35, 30, 22]",5,0.4,1.0,0.5714285714285715,1.0,1,2,5,2
smd,group1_development,machine-1-8,sarad_official,1,9,8657,8660,"[14, 32, 11, 12, 35, 5, 9, 7, 37, 21, 34, 26, 8, 27, 6, 23, 24, 28, 17, 16, 10, 4, 25, 36, 19, 31, 1, 2, 18, 29, 20, 3, 0, 33, 13, 22, 15, 30]",1,0.0,0.0,0.0,0.0,0,4,1,0
smd,group1_development,machine-1-8,sarad_official,1,9,8657,8660,"[14, 32, 11, 12, 35, 5, 9, 7, 37, 21, 34, 26, 8, 27, 6, 23, 24, 28, 17, 16, 10, 4, 25, 36, 19, 31, 1, 2, 18, 29, 20, 3, 0, 33, 13, 22, 15, 30]",3,0.0,0.0,0.0,0.0,0,4,3,0
smd,group1_development,machine-1-8,sarad_official,1,9,8657,8660,"[14, 32, 11, 12, 35, 5, 9, 7, 37, 21, 34, 26, 8, 27, 6, 23, 24, 28, 17, 16, 10, 4, 25, 36, 19, 31, 1, 2, 18, 29, 20, 3, 0, 33, 13, 22, 15, 30]",5,0.2,0.25,0.22222222222222224,0.16812753627111746,1,4,5,1
smd,group1_development,machine-1-8,sarad_official,1,10,8912,8916,"[32, 20, 9, 13, 29, 31, 12, 21, 34, 35, 24, 6, 25, 10, 30, 7, 11, 18, 27, 5, 2, 23, 4, 14, 22, 8, 1, 17, 19, 3, 37, 36, 26, 28, 16, 15, 0, 33]",1,0.0,0.0,0.0,0.0,0,3,1,0
smd,group1_development,machine-1-8,sarad_official,1,10,8912,8916,"[32, 20, 9, 13, 29, 31, 12, 21, 34, 35, 24, 6, 25, 10, 30, 7, 11, 18, 27, 5, 2, 23, 4, 14, 22, 8, 1, 17, 19, 3, 37, 36, 26, 28, 16, 15, 0, 33]",3,0.3333333333333333,0.3333333333333333,0.3333333333333333,0.23463936301137822,1,3,3,1
smd,group1_development,machine-1-8,sarad_official,1,10,8912,8916,"[32, 20, 9, 13, 29, 31, 12, 21, 34, 35, 24, 6, 25, 10, 30, 7, 11, 18, 27, 5, 2, 23, 4, 14, 22, 8, 1, 17, 19, 3, 37, 36, 26, 28, 16, 15, 0, 33]",5,0.2,0.3333333333333333,0.25,0.23463936301137822,1,3,5,1
smd,group1_development,machine-1-8,sarad_official,1,11,9075,9078,"[13, 12, 32, 26, 28, 7, 17, 16, 5, 36, 37, 23, 25, 11, 8, 6, 14, 1, 4, 10, 20, 27, 2, 21, 29, 9, 0, 34, 24, 19, 18, 3, 33, 35, 30, 15, 31, 22]",1,1.0,0.5,0.6666666666666666,1.0,1,2,1,1
smd,group1_development,machine-1-8,sarad_official,1,11,9075,9078,"[13, 12, 32, 26, 28, 7, 17, 16, 5, 36, 37, 23, 25, 11, 8, 6, 14, 1, 4, 10, 20, 27, 2, 21, 29, 9, 0, 34, 24, 19, 18, 3, 33, 35, 30, 15, 31, 22]",3,0.3333333333333333,0.5,0.4,0.6131471927654584,1,2,3,1
smd,group1_development,machine-1-8,sarad_official,1,11,9075,9078,"[13, 12, 32, 26, 28, 7, 17, 16, 5, 36, 37, 23, 25, 11, 8, 6, 14, 1, 4, 10, 20, 27, 2, 21, 29, 9, 0, 34, 24, 19, 18, 3, 33, 35, 30, 15, 31, 22]",5,0.2,0.5,0.28571428571428575,0.6131471927654584,1,2,5,1
smd,group1_development,machine-1-8,sarad_official,1,12,12800,12816,"[32, 3, 12, 2, 13, 29, 31, 1, 34, 20, 8, 27, 0, 11, 25, 37, 6, 7, 4, 15, 28, 5, 26, 10, 17, 16, 36, 23, 21, 22, 9, 14, 35, 19, 33, 24, 18, 30]",1,0.0,0.0,0.0,0.0,0,2,1,0
smd,group1_development,machine-1-8,sarad_official,1,12,12800,12816,"[32, 3, 12, 2, 13, 29, 31, 1, 34, 20, 8, 27, 0, 11, 25, 37, 6, 7, 4, 15, 28, 5, 26, 10, 17, 16, 36, 23, 21, 22, 9, 14, 35, 19, 33, 24, 18, 30]",3,0.0,0.0,0.0,0.0,0,2,3,0
smd,group1_development,machine-1-8,sarad_official,1,12,12800,12816,"[32, 3, 12, 2, 13, 29, 31, 1, 34, 20, 8, 27, 0, 11, 25, 37, 6, 7, 4, 15, 28, 5, 26, 10, 17, 16, 36, 23, 21, 22, 9, 14, 35, 19, 33, 24, 18, 30]",5,0.2,0.5,0.28571428571428575,0.23719771276929622,1,2,5,1
smd,group1_development,machine-1-8,sarad_official,1,13,15640,15756,"[3, 0, 32, 2, 1, 29, 10, 31, 6, 5, 15, 13, 25, 4, 12, 34, 20, 37, 27, 35, 23, 21, 22, 7, 33, 36, 11, 9, 16, 17, 28, 26, 8, 19, 30, 18, 14, 24]",1,1.0,0.1111111111111111,0.19999999999999998,1.0,1,9,1,1
smd,group1_development,machine-1-8,sarad_official,1,13,15640,15756,"[3, 0, 32, 2, 1, 29, 10, 31, 6, 5, 15, 13, 25, 4, 12, 34, 20, 37, 27, 35, 23, 21, 22, 7, 33, 36, 11, 9, 16, 17, 28, 26, 8, 19, 30, 18, 14, 24]",3,0.6666666666666666,0.2222222222222222,0.3333333333333333,0.7653606369886217,1,9,3,2
smd,group1_development,machine-1-8,sarad_official,1,13,15640,15756,"[3, 0, 32, 2, 1, 29, 10, 31, 6, 5, 15, 13, 25, 4, 12, 34, 20, 37, 27, 35, 23, 21, 22, 7, 33, 36, 11, 9, 16, 17, 28, 26, 8, 19, 30, 18, 14, 24]",5,0.8,0.4444444444444444,0.5714285714285714,0.830419897363192,1,9,5,4
smd,group1_development,machine-1-8,sarad_official,1,14,17117,17121,"[29, 32, 10, 31, 20, 34, 25, 23, 15, 6, 35, 5, 1, 4, 7, 2, 28, 16, 17, 37, 36, 26, 14, 21, 11, 19, 27, 3, 9, 12, 0, 22, 8, 33, 24, 30, 18, 13]",1,0.0,0.0,0.0,0.0,0,4,1,0
smd,group1_development,machine-1-8,sarad_official,1,14,17117,17121,"[29, 32, 10, 31, 20, 34, 25, 23, 15, 6, 35, 5, 1, 4, 7, 2, 28, 16, 17, 37, 36, 26, 14, 21, 11, 19, 27, 3, 9, 12, 0, 22, 8, 33, 24, 30, 18, 13]",3,0.3333333333333333,0.25,0.28571428571428575,0.23463936301137822,1,4,3,1
smd,group1_development,machine-1-8,sarad_official,1,14,17117,17121,"[29, 32, 10, 31, 20, 34, 25, 23, 15, 6, 35, 5, 1, 4, 7, 2, 28, 16, 17, 37, 36, 26, 14, 21, 11, 19, 27, 3, 9, 12, 0, 22, 8, 33, 24, 30, 18, 13]",5,0.2,0.25,0.22222222222222224,0.19519002499605084,1,4,5,1
smd,group1_development,machine-1-8,sarad_official,1,15,17168,17172,"[32, 13, 12, 29, 10, 31, 6, 34, 25, 23, 15, 27, 5, 7, 11, 16, 28, 17, 26, 8, 2, 37, 4, 36, 1, 14, 3, 9, 35, 21, 20, 33, 0, 19, 24, 18, 30, 22]",1,0.0,0.0,0.0,0.0,0,2,1,0
smd,group1_development,machine-1-8,sarad_official,1,15,17168,17172,"[32, 13, 12, 29, 10, 31, 6, 34, 25, 23, 15, 27, 5, 7, 11, 16, 28, 17, 26, 8, 2, 37, 4, 36, 1, 14, 3, 9, 35, 21, 20, 33, 0, 19, 24, 18, 30, 22]",3,0.3333333333333333,0.5,0.4,0.38685280723454163,1,2,3,1
smd,group1_development,machine-1-8,sarad_official,1,15,17168,17172,"[32, 13, 12, 29, 10, 31, 6, 34, 25, 23, 15, 27, 5, 7, 11, 16, 28, 17, 26, 8, 2, 37, 4, 36, 1, 14, 3, 9, 35, 21, 20, 33, 0, 19, 24, 18, 30, 22]",5,0.2,0.5,0.28571428571428575,0.38685280723454163,1,2,5,1
smd,group1_development,machine-1-8,sarad_official,1,16,18600,18683,"[25, 32, 29, 22, 23, 1, 0, 15, 19, 3, 2, 10, 18, 34, 6, 31, 5, 4, 20, 21, 24, 35, 36, 30, 37, 27, 7, 16, 26, 17, 28, 11, 12, 9, 8, 33, 14, 13]",1,1.0,0.05,0.09523809523809523,1.0,1,20,1,1
smd,group1_development,machine-1-8,sarad_official,1,16,18600,18683,"[25, 32, 29, 22, 23, 1, 0, 15, 19, 3, 2, 10, 18, 34, 6, 31, 5, 4, 20, 21, 24, 35, 36, 30, 37, 27, 7, 16, 26, 17, 28, 11, 12, 9, 8, 33, 14, 13]",3,0.6666666666666666,0.1,0.1739130434782609,0.7039180890341347,1,20,3,2
smd,group1_development,machine-1-8,sarad_official,1,16,18600,18683,"[25, 32, 29, 22, 23, 1, 0, 15, 19, 3, 2, 10, 18, 34, 6, 31, 5, 4, 20, 21, 24, 35, 36, 30, 37, 27, 7, 16, 26, 17, 28, 11, 12, 9, 8, 33, 14, 13]",5,0.8,0.2,0.32000000000000006,0.7860137352654724,1,20,5,4
smd,group1_development,machine-1-8,sarad_official,1,17,19579,19583,"[14, 11, 32, 18, 10, 6, 5, 12, 28, 26, 16, 17, 7, 37, 36, 8, 1, 4, 23, 15, 25, 9, 35, 3, 34, 19, 20, 2, 21, 33, 27, 24, 29, 31, 30, 0, 13, 22]",1,0.0,0.0,0.0,0.0,0,21,1,0
smd,group1_development,machine-1-8,sarad_official,1,17,19579,19583,"[14, 11, 32, 18, 10, 6, 5, 12, 28, 26, 16, 17, 7, 37, 36, 8, 1, 4, 23, 15, 25, 9, 35, 3, 34, 19, 20, 2, 21, 33, 27, 24, 29, 31, 30, 0, 13, 22]",3,0.0,0.0,0.0,0.0,0,21,3,0
smd,group1_development,machine-1-8,sarad_official,1,17,19579,19583,"[14, 11, 32, 18, 10, 6, 5, 12, 28, 26, 16, 17, 7, 37, 36, 8, 1, 4, 23, 15, 25, 9, 35, 3, 34, 19, 20, 2, 21, 33, 27, 24, 29, 31, 30, 0, 13, 22]",5,0.4,0.09523809523809523,0.15384615384615385,0.27727342735504823,1,21,5,2
smd,group1_development,machine-1-8,sarad_official,1,18,18890,18946,"[22, 32, 19, 24, 18, 1, 31, 29, 3, 21, 20, 30, 35, 2, 27, 0, 25, 4, 10, 9, 23, 34, 12, 6, 5, 15, 8, 7, 36, 16, 28, 17, 26, 37, 11, 14, 33, 13]",1,0.0,0.0,0.0,0.0,0,2,1,0
smd,group1_development,machine-1-8,sarad_official,1,18,18890,18946,"[22, 32, 19, 24, 18, 1, 31, 29, 3, 21, 20, 30, 35, 2, 27, 0, 25, 4, 10, 9, 23, 34, 12, 6, 5, 15, 8, 7, 36, 16, 28, 17, 26, 37, 11, 14, 33, 13]",3,0.0,0.0,0.0,0.0,0,2,3,0
smd,group1_development,machine-1-8,sarad_official,1,18,18890,18946,"[22, 32, 19, 24, 18, 1, 31, 29, 3, 21, 20, 30, 35, 2, 27, 0, 25, 4, 10, 9, 23, 34, 12, 6, 5, 15, 8, 7, 36, 16, 28, 17, 26, 37, 11, 14, 33, 13]",5,0.0,0.0,0.0,0.0,0,2,5,0
smd,group1_development,machine-1-8,sarad_official,1,19,22899,22902,"[12, 32, 13, 29, 31, 27, 34, 2, 20, 8, 11, 25, 3, 4, 1, 5, 15, 37, 6, 7, 23, 28, 36, 17, 26, 16, 10, 21, 9, 14, 33, 35, 22, 19, 18, 0, 24, 30]",1,0.0,0.0,0.0,0.0,0,2,1,0
smd,group1_development,machine-1-8,sarad_official,1,19,22899,22902,"[12, 32, 13, 29, 31, 27, 34, 2, 20, 8, 11, 25, 3, 4, 1, 5, 15, 37, 6, 7, 23, 28, 36, 17, 26, 16, 10, 21, 9, 14, 33, 35, 22, 19, 18, 0, 24, 30]",3,0.3333333333333333,0.5,0.4,0.3065735963827292,1,2,3,1
smd,group1_development,machine-1-8,sarad_official,1,19,22899,22902,"[12, 32, 13, 29, 31, 27, 34, 2, 20, 8, 11, 25, 3, 4, 1, 5, 15, 37, 6, 7, 23, 28, 36, 17, 26, 16, 10, 21, 9, 14, 33, 35, 22, 19, 18, 0, 24, 30]",5,0.2,0.5,0.28571428571428575,0.3065735963827292,1,2,5,1
smd,group23_evaluation,machine-2-1,sarad_official,1,0,6506,6528,"[22, 31, 8, 9, 35, 10, 24, 34, 18, 13, 15, 12, 19, 0, 27, 11, 20, 14, 21, 37, 30, 6, 5, 4, 7, 23, 2, 17, 32, 29, 33, 26, 25, 28, 16, 3, 36, 1]",1,1.0,0.2,0.33333333333333337,1.0,1,5,1,1
smd,group23_evaluation,machine-2-1,sarad_official,1,0,6506,6528,"[22, 31, 8, 9, 35, 10, 24, 34, 18, 13, 15, 12, 19, 0, 27, 11, 20, 14, 21, 37, 30, 6, 5, 4, 7, 23, 2, 17, 32, 29, 33, 26, 25, 28, 16, 3, 36, 1]",3,0.6666666666666666,0.4,0.5,0.7653606369886217,1,5,3,2
smd,group23_evaluation,machine-2-1,sarad_official,1,0,6506,6528,"[22, 31, 8, 9, 35, 10, 24, 34, 18, 13, 15, 12, 19, 0, 27, 11, 20, 14, 21, 37, 30, 6, 5, 4, 7, 23, 2, 17, 32, 29, 33, 26, 25, 28, 16, 3, 36, 1]",5,0.6,0.6,0.6,0.6843515475204855,1,5,5,3
smd,group23_evaluation,machine-2-1,sarad_official,1,1,7907,7961,"[31, 4, 22, 24, 35, 13, 8, 34, 18, 15, 19, 20, 0, 6, 27, 30, 21, 29, 9, 11, 5, 12, 37, 26, 28, 16, 7, 23, 17, 33, 14, 25, 36, 10, 3, 2, 32, 1]",1,1.0,0.2,0.33333333333333337,1.0,1,5,1,1
smd,group23_evaluation,machine-2-1,sarad_official,1,1,7907,7961,"[31, 4, 22, 24, 35, 13, 8, 34, 18, 15, 19, 20, 0, 6, 27, 30, 21, 29, 9, 11, 5, 12, 37, 26, 28, 16, 7, 23, 17, 33, 14, 25, 36, 10, 3, 2, 32, 1]",3,0.3333333333333333,0.2,0.25,0.46927872602275644,1,5,3,1
smd,group23_evaluation,machine-2-1,sarad_official,1,1,7907,7961,"[31, 4, 22, 24, 35, 13, 8, 34, 18, 15, 19, 20, 0, 6, 27, 30, 21, 29, 9, 11, 5, 12, 37, 26, 28, 16, 7, 23, 17, 33, 14, 25, 36, 10, 3, 2, 32, 1]",5,0.2,0.2,0.20000000000000004,0.3391602052736161,1,5,5,1
smd,group23_evaluation,machine-2-1,sarad_official,1,2,9340,9386,"[33, 32, 31, 35, 22, 6, 34, 24, 30, 27, 18, 13, 5, 20, 19, 0, 11, 4, 21, 15, 7, 14, 16, 26, 29, 28, 3, 37, 17, 25, 23, 36, 8, 9, 12, 2, 10, 1]",1,1.0,0.14285714285714285,0.25,1.0,1,7,1,1
smd,group23_evaluation,machine-2-1,sarad_official,1,2,9340,9386,"[33, 32, 31, 35, 22, 6, 34, 24, 30, 27, 18, 13, 5, 20, 19, 0, 11, 4, 21, 15, 7, 14, 16, 26, 29, 28, 3, 37, 17, 25, 23, 36, 8, 9, 12, 2, 10, 1]",3,1.0,0.42857142857142855,0.6,1.0,1,7,3,3
smd,group23_evaluation,machine-2-1,sarad_official,1,2,9340,9386,"[33, 32, 31, 35, 22, 6, 34, 24, 30, 27, 18, 13, 5, 20, 19, 0, 11, 4, 21, 15, 7, 14, 16, 26, 29, 28, 3, 37, 17, 25, 23, 36, 8, 9, 12, 2, 10, 1]",5,0.6,0.42857142857142855,0.5,0.7227265726449519,1,7,5,3
smd,group23_evaluation,machine-2-1,sarad_official,1,3,9779,9805,"[33, 32, 6, 18, 24, 22, 5, 13, 4, 27, 34, 15, 35, 29, 31, 0, 19, 20, 21, 25, 23, 7, 26, 17, 37, 16, 30, 28, 14, 11, 8, 36, 1, 3, 9, 12, 2, 10]",1,1.0,0.3333333333333333,0.5,1.0,1,3,1,1
smd,group23_evaluation,machine-2-1,sarad_official,1,3,9779,9805,"[33, 32, 6, 18, 24, 22, 5, 13, 4, 27, 34, 15, 35, 29, 31, 0, 19, 20, 21, 25, 23, 7, 26, 17, 37, 16, 30, 28, 14, 11, 8, 36, 1, 3, 9, 12, 2, 10]",3,0.6666666666666666,0.6666666666666666,0.6666666666666666,0.7653606369886217,1,3,3,2
smd,group23_evaluation,machine-2-1,sarad_official,1,3,9779,9805,"[33, 32, 6, 18, 24, 22, 5, 13, 4, 27, 34, 15, 35, 29, 31, 0, 19, 20, 21, 25, 23, 7, 26, 17, 37, 16, 30, 28, 14, 11, 8, 36, 1, 3, 9, 12, 2, 10]",5,0.4,0.6666666666666666,0.5,0.7653606369886217,1,3,5,2
smd,group23_evaluation,machine-2-1,sarad_official,1,4,12173,12181,"[18, 6, 4, 20, 5, 19, 13, 29, 21, 15, 27, 25, 31, 0, 23, 26, 28, 30, 16, 24, 17, 7, 36, 37, 34, 11, 14, 35, 3, 9, 33, 10, 8, 12, 2, 22, 1, 32]",1,1.0,0.2,0.33333333333333337,1.0,1,5,1,1
smd,group23_evaluation,machine-2-1,sarad_official,1,4,12173,12181,"[18, 6, 4, 20, 5, 19, 13, 29, 21, 15, 27, 25, 31, 0, 23, 26, 28, 30, 16, 24, 17, 7, 36, 37, 34, 11, 14, 35, 3, 9, 33, 10, 8, 12, 2, 22, 1, 32]",3,0.3333333333333333,0.2,0.25,0.46927872602275644,1,5,3,1
smd,group23_evaluation,machine-2-1,sarad_official,1,4,12173,12181,"[18, 6, 4, 20, 5, 19, 13, 29, 21, 15, 27, 25, 31, 0, 23, 26, 28, 30, 16, 24, 17, 7, 36, 37, 34, 11, 14, 35, 3, 9, 33, 10, 8, 12, 2, 22, 1, 32]",5,0.4,0.4,0.4000000000000001,0.48522855511632257,1,5,5,2
smd,group23_evaluation,machine-2-1,sarad_official,1,5,16136,16588,"[25, 23, 16, 6, 18, 15, 4, 5, 20, 13, 24, 31, 19, 21, 0, 27, 35, 30, 34, 37, 22, 14, 8, 17, 11, 32, 33, 7, 26, 12, 9, 28, 36, 10, 29, 3, 1, 2]",1,1.0,0.25,0.4,1.0,1,4,1,1
smd,group23_evaluation,machine-2-1,sarad_official,1,5,16136,16588,"[25, 23, 16, 6, 18, 15, 4, 5, 20, 13, 24, 31, 19, 21, 0, 27, 35, 30, 34, 37, 22, 14, 8, 17, 11, 32, 33, 7, 26, 12, 9, 28, 36, 10, 29, 3, 1, 2]",3,0.6666666666666666,0.5,0.5714285714285715,0.7653606369886217,1,4,3,2
smd,group23_evaluation,machine-2-1,sarad_official,1,5,16136,16588,"[25, 23, 16, 6, 18, 15, 4, 5, 20, 13, 24, 31, 19, 21, 0, 27, 35, 30, 34, 37, 22, 14, 8, 17, 11, 32, 33, 7, 26, 12, 9, 28, 36, 10, 29, 3, 1, 2]",5,0.4,0.5,0.4444444444444445,0.6366824387328317,1,4,5,2
smd,group23_evaluation,machine-2-1,sarad_official,1,6,17365,17382,"[15, 17, 13, 27, 26, 20, 30, 25, 18, 22, 2, 7, 0, 24, 14, 1, 21, 19, 23, 35, 3, 5, 31, 34, 4, 32, 6, 33, 37, 8, 28, 29, 11, 16, 36, 12, 10, 9]",1,1.0,0.09090909090909091,0.16666666666666669,1.0,1,11,1,1
smd,group23_evaluation,machine-2-1,sarad_official,1,6,17365,17382,"[15, 17, 13, 27, 26, 20, 30, 25, 18, 22, 2, 7, 0, 24, 14, 1, 21, 19, 23, 35, 3, 5, 31, 34, 4, 32, 6, 33, 37, 8, 28, 29, 11, 16, 36, 12, 10, 9]",3,1.0,0.2727272727272727,0.42857142857142855,1.0,1,11,3,3
smd,group23_evaluation,machine-2-1,sarad_official,1,6,17365,17382,"[15, 17, 13, 27, 26, 20, 30, 25, 18, 22, 2, 7, 0, 24, 14, 1, 21, 19, 23, 35, 3, 5, 31, 34, 4, 32, 6, 33, 37, 8, 28, 29, 11, 16, 36, 12, 10, 9]",5,0.6,0.2727272727272727,0.37499999999999994,0.7227265726449519,1,11,5,3
smd,group23_evaluation,machine-2-1,sarad_official,1,7,17995,18028,"[4, 31, 32, 15, 13, 9, 6, 5, 35, 18, 24, 14, 34, 8, 22, 20, 10, 19, 11, 21, 30, 23, 0, 33, 26, 27, 37, 25, 28, 7, 16, 17, 36, 12, 3, 2, 29, 1]",1,0.0,0.0,0.0,0.0,0,5,1,0
smd,group23_evaluation,machine-2-1,sarad_official,1,7,17995,18028,"[4, 31, 32, 15, 13, 9, 6, 5, 35, 18, 24, 14, 34, 8, 22, 20, 10, 19, 11, 21, 30, 23, 0, 33, 26, 27, 37, 25, 28, 7, 16, 17, 36, 12, 3, 2, 29, 1]",3,0.0,0.0,0.0,0.0,0,5,3,0
smd,group23_evaluation,machine-2-1,sarad_official,1,7,17995,18028,"[4, 31, 32, 15, 13, 9, 6, 5, 35, 18, 24, 14, 34, 8, 22, 20, 10, 19, 11, 21, 30, 23, 0, 33, 26, 27, 37, 25, 28, 7, 16, 17, 36, 12, 3, 2, 29, 1]",5,0.0,0.0,0.0,0.0,0,5,5,0
smd,group23_evaluation,machine-2-1,sarad_official,1,8,18575,18650,"[32, 20, 18, 33, 21, 29, 19, 0, 25, 4, 35, 27, 6, 24, 23, 34, 30, 31, 5, 22, 13, 7, 28, 37, 14, 26, 16, 17, 36, 15, 11, 3, 12, 2, 8, 9, 1, 10]",1,0.0,0.0,0.0,0.0,0,5,1,0
smd,group23_evaluation,machine-2-1,sarad_official,1,8,18575,18650,"[32, 20, 18, 33, 21, 29, 19, 0, 25, 4, 35, 27, 6, 24, 23, 34, 30, 31, 5, 22, 13, 7, 28, 37, 14, 26, 16, 17, 36, 15, 11, 3, 12, 2, 8, 9, 1, 10]",3,0.6666666666666666,0.4,0.5,0.5307212739772434,1,5,3,2
smd,group23_evaluation,machine-2-1,sarad_official,1,8,18575,18650,"[32, 20, 18, 33, 21, 29, 19, 0, 25, 4, 35, 27, 6, 24, 23, 34, 30, 31, 5, 22, 13, 7, 28, 37, 14, 26, 16, 17, 36, 15, 11, 3, 12, 2, 8, 9, 1, 10]",5,0.6,0.6,0.6,0.5147714448836774,1,5,5,3
smd,group23_evaluation,machine-2-1,sarad_official,1,9,20020,20036,"[4, 17, 20, 32, 25, 27, 8, 0, 15, 18, 24, 35, 13, 23, 5, 7, 6, 30, 19, 34, 14, 21, 33, 29, 37, 22, 2, 31, 26, 3, 16, 12, 28, 36, 11, 10, 1, 9]",1,0.0,0.0,0.0,0.0,0,3,1,0
smd,group23_evaluation,machine-2-1,sarad_official,1,9,20020,20036,"[4, 17, 20, 32, 25, 27, 8, 0, 15, 18, 24, 35, 13, 23, 5, 7, 6, 30, 19, 34, 14, 21, 33, 29, 37, 22, 2, 31, 26, 3, 16, 12, 28, 36, 11, 10, 1, 9]",3,0.0,0.0,0.0,0.0,0,3,3,0
smd,group23_evaluation,machine-2-1,sarad_official,1,9,20020,20036,"[4, 17, 20, 32, 25, 27, 8, 0, 15, 18, 24, 35, 13, 23, 5, 7, 6, 30, 19, 34, 14, 21, 33, 29, 37, 22, 2, 31, 26, 3, 16, 12, 28, 36, 11, 10, 1, 9]",5,0.0,0.0,0.0,0.0,0,3,5,0
smd,group23_evaluation,machine-2-1,sarad_official,1,10,20891,20912,"[31, 22, 24, 10, 9, 18, 4, 35, 8, 13, 6, 5, 15, 34, 20, 19, 11, 27, 0, 21, 12, 32, 30, 37, 7, 14, 26, 28, 23, 33, 17, 16, 2, 25, 29, 36, 3, 1]",1,0.0,0.0,0.0,0.0,0,2,1,0
smd,group23_evaluation,machine-2-1,sarad_official,1,10,20891,20912,"[31, 22, 24, 10, 9, 18, 4, 35, 8, 13, 6, 5, 15, 34, 20, 19, 11, 27, 0, 21, 12, 32, 30, 37, 7, 14, 26, 28, 23, 33, 17, 16, 2, 25, 29, 36, 3, 1]",3,0.0,0.0,0.0,0.0,0,2,3,0
smd,group23_evaluation,machine-2-1,sarad_official,1,10,20891,20912,"[31, 22, 24, 10, 9, 18, 4, 35, 8, 13, 6, 5, 15, 34, 20, 19, 11, 27, 0, 21, 12, 32, 30, 37, 7, 14, 26, 28, 23, 33, 17, 16, 2, 25, 29, 36, 3, 1]",5,0.2,0.5,0.28571428571428575,0.23719771276929622,1,2,5,1
smd,group23_evaluation,machine-2-1,sarad_official,1,11,20340,20352,"[4, 0, 24, 35, 6, 34, 22, 18, 5, 30, 27, 25, 20, 19, 13, 21, 31, 23, 15, 36, 28, 26, 37, 17, 16, 7, 33, 11, 3, 9, 2, 29, 14, 8, 12, 1, 10, 32]",1,0.0,0.0,0.0,0.0,0,5,1,0
smd,group23_evaluation,machine-2-1,sarad_official,1,11,20340,20352,"[4, 0, 24, 35, 6, 34, 22, 18, 5, 30, 27, 25, 20, 19, 13, 21, 31, 23, 15, 36, 28, 26, 37, 17, 16, 7, 33, 11, 3, 9, 2, 29, 14, 8, 12, 1, 10, 32]",3,0.0,0.0,0.0,0.0,0,5,3,0
smd,group23_evaluation,machine-2-1,sarad_official,1,11,20340,20352,"[4, 0, 24, 35, 6, 34, 22, 18, 5, 30, 27, 25, 20, 19, 13, 21, 31, 23, 15, 36, 28, 26, 37, 17, 16, 7, 33, 11, 3, 9, 2, 29, 14, 8, 12, 1, 10, 32]",5,0.0,0.0,0.0,0.0,0,5,5,0
smd,group23_evaluation,machine-2-1,sarad_official,1,12,22907,23295,"[25, 16, 15, 5, 24, 1, 0, 19, 35, 31, 13, 23, 22, 18, 3, 20, 27, 6, 34, 30, 2, 21, 11, 4, 12, 14, 7, 37, 10, 33, 29, 9, 17, 28, 36, 8, 32, 26]",1,1.0,0.03571428571428571,0.0689655172413793,1.0,1,28,1,1
smd,group23_evaluation,machine-2-1,sarad_official,1,12,22907,23295,"[25, 16, 15, 5, 24, 1, 0, 19, 35, 31, 13, 23, 22, 18, 3, 20, 27, 6, 34, 30, 2, 21, 11, 4, 12, 14, 7, 37, 10, 33, 29, 9, 17, 28, 36, 8, 32, 26]",3,1.0,0.10714285714285714,0.19354838709677416,1.0,1,28,3,3
smd,group23_evaluation,machine-2-1,sarad_official,1,12,22907,23295,"[25, 16, 15, 5, 24, 1, 0, 19, 35, 31, 13, 23, 22, 18, 3, 20, 27, 6, 34, 30, 2, 21, 11, 4, 12, 14, 7, 37, 10, 33, 29, 9, 17, 28, 36, 8, 32, 26]",5,1.0,0.17857142857142858,0.30303030303030304,1.0,1,28,5,5
smd,group23_evaluation,machine-2-2,sarad_official,1,0,12760,12771,"[1, 33, 32, 24, 0, 22, 2, 31, 30, 35, 6, 15, 3, 14, 29, 34, 27, 25, 23, 11, 9, 19, 20, 18, 13, 17, 8, 36, 5, 21, 4, 37, 7, 16, 28, 26, 12, 10]",1,1.0,0.0625,0.11764705882352941,1.0,1,16,1,1
smd,group23_evaluation,machine-2-2,sarad_official,1,0,12760,12771,"[1, 33, 32, 24, 0, 22, 2, 31, 30, 35, 6, 15, 3, 14, 29, 34, 27, 25, 23, 11, 9, 19, 20, 18, 13, 17, 8, 36, 5, 21, 4, 37, 7, 16, 28, 26, 12, 10]",3,1.0,0.1875,0.3157894736842105,1.0,1,16,3,3
smd,group23_evaluation,machine-2-2,sarad_official,1,0,12760,12771,"[1, 33, 32, 24, 0, 22, 2, 31, 30, 35, 6, 15, 3, 14, 29, 34, 27, 25, 23, 11, 9, 19, 20, 18, 13, 17, 8, 36, 5, 21, 4, 37, 7, 16, 28, 26, 12, 10]",5,1.0,0.3125,0.47619047619047616,1.0,1,16,5,5
smd,group23_evaluation,machine-2-2,sarad_official,1,1,14511,14521,"[1, 0, 15, 2, 25, 31, 23, 3, 6, 22, 30, 32, 24, 13, 29, 8, 34, 14, 35, 20, 18, 27, 19, 37, 7, 9, 16, 17, 11, 4, 21, 28, 36, 26, 5, 33, 10, 12]",1,1.0,0.07142857142857142,0.13333333333333333,1.0,1,14,1,1
smd,group23_evaluation,machine-2-2,sarad_official,1,1,14511,14521,"[1, 0, 15, 2, 25, 31, 23, 3, 6, 22, 30, 32, 24, 13, 29, 8, 34, 14, 35, 20, 18, 27, 19, 37, 7, 9, 16, 17, 11, 4, 21, 28, 36, 26, 5, 33, 10, 12]",3,0.6666666666666666,0.14285714285714285,0.23529411764705882,0.7653606369886217,1,14,3,2
smd,group23_evaluation,machine-2-2,sarad_official,1,1,14511,14521,"[1, 0, 15, 2, 25, 31, 23, 3, 6, 22, 30, 32, 24, 13, 29, 8, 34, 14, 35, 20, 18, 27, 19, 37, 7, 9, 16, 17, 11, 4, 21, 28, 36, 26, 5, 33, 10, 12]",5,0.8,0.2857142857142857,0.4210526315789473,0.830419897363192,1,14,5,4
smd,group23_evaluation,machine-2-2,sarad_official,1,2,15630,16502,"[15, 9, 10, 30, 29, 24, 13, 11, 32, 8, 27, 14, 17, 35, 34, 22, 18, 12, 37, 20, 19, 7, 6, 21, 4, 36, 23, 28, 5, 33, 26, 16, 25, 3, 2, 31, 0, 1]",1,0.0,0.0,0.0,0.0,0,4,1,0
smd,group23_evaluation,machine-2-2,sarad_official,1,2,15630,16502,"[15, 9, 10, 30, 29, 24, 13, 11, 32, 8, 27, 14, 17, 35, 34, 22, 18, 12, 37, 20, 19, 7, 6, 21, 4, 36, 23, 28, 5, 33, 26, 16, 25, 3, 2, 31, 0, 1]",3,0.6666666666666666,0.5,0.5714285714285715,0.5307212739772434,1,4,3,2
smd,group23_evaluation,machine-2-2,sarad_official,1,2,15630,16502,"[15, 9, 10, 30, 29, 24, 13, 11, 32, 8, 27, 14, 17, 35, 34, 22, 18, 12, 37, 20, 19, 7, 6, 21, 4, 36, 23, 28, 5, 33, 26, 16, 25, 3, 2, 31, 0, 1]",5,0.4,0.5,0.4444444444444445,0.44149241373678083,1,4,5,2
smd,group23_evaluation,machine-2-2,sarad_official,1,3,17090,17942,"[15, 9, 10, 30, 29, 24, 13, 8, 11, 14, 32, 27, 35, 34, 22, 7, 18, 20, 12, 6, 21, 37, 19, 4, 17, 23, 28, 36, 33, 26, 5, 16, 25, 31, 2, 0, 3, 1]",1,0.0,0.0,0.0,0.0,0,4,1,0
smd,group23_evaluation,machine-2-2,sarad_official,1,3,17090,17942,"[15, 9, 10, 30, 29, 24, 13, 8, 11, 14, 32, 27, 35, 34, 22, 7, 18, 20, 12, 6, 21, 37, 19, 4, 17, 23, 28, 36, 33, 26, 5, 16, 25, 31, 2, 0, 3, 1]",3,0.6666666666666666,0.5,0.5714285714285715,0.5307212739772434,1,4,3,2
smd,group23_evaluation,machine-2-2,sarad_official,1,3,17090,17942,"[15, 9, 10, 30, 29, 24, 13, 8, 11, 14, 32, 27, 35, 34, 22, 7, 18, 20, 12, 6, 21, 37, 19, 4, 17, 23, 28, 36, 33, 26, 5, 16, 25, 31, 2, 0, 3, 1]",5,0.4,0.5,0.4444444444444445,0.44149241373678083,1,4,5,2
smd,group23_evaluation,machine-2-2,sarad_official,1,4,18541,19382,"[30, 15, 9, 10, 29, 24, 11, 13, 35, 14, 27, 34, 32, 12, 22, 7, 8, 20, 37, 17, 18, 28, 21, 19, 6, 36, 26, 16, 4, 23, 33, 5, 25, 31, 3, 2, 0, 1]",1,0.0,0.0,0.0,0.0,0,4,1,0
smd,group23_evaluation,machine-2-2,sarad_official,1,4,18541,19382,"[30, 15, 9, 10, 29, 24, 11, 13, 35, 14, 27, 34, 32, 12, 22, 7, 8, 20, 37, 17, 18, 28, 21, 19, 6, 36, 26, 16, 4, 23, 33, 5, 25, 31, 3, 2, 0, 1]",3,0.3333333333333333,0.25,0.28571428571428575,0.23463936301137822,1,4,3,1
smd,group23_evaluation,machine-2-2,sarad_official,1,4,18541,19382,"[30, 15, 9, 10, 29, 24, 11, 13, 35, 14, 27, 34, 32, 12, 22, 7, 8, 20, 37, 17, 18, 28, 21, 19, 6, 36, 26, 16, 4, 23, 33, 5, 25, 31, 3, 2, 0, 1]",5,0.4,0.5,0.4444444444444445,0.36331756126716835,1,4,5,2
smd,group23_evaluation,machine-2-2,sarad_official,1,5,20820,20823,"[9, 10, 22, 32, 29, 15, 27, 4, 30, 12, 35, 24, 20, 11, 6, 25, 21, 19, 23, 14, 26, 8, 13, 34, 18, 7, 3, 31, 2, 37, 16, 17, 28, 5, 36, 1, 33, 0]",1,1.0,0.25,0.4,1.0,1,4,1,1
smd,group23_evaluation,machine-2-2,sarad_official,1,5,20820,20823,"[9, 10, 22, 32, 29, 15, 27, 4, 30, 12, 35, 24, 20, 11, 6, 25, 21, 19, 23, 14, 26, 8, 13, 34, 18, 7, 3, 31, 2, 37, 16, 17, 28, 5, 36, 1, 33, 0]",3,0.6666666666666666,0.5,0.5714285714285715,0.7653606369886217,1,4,3,2
smd,group23_evaluation,machine-2-2,sarad_official,1,5,20820,20823,"[9, 10, 22, 32, 29, 15, 27, 4, 30, 12, 35, 24, 20, 11, 6, 25, 21, 19, 23, 14, 26, 8, 13, 34, 18, 7, 3, 31, 2, 37, 16, 17, 28, 5, 36, 1, 33, 0]",5,0.4,0.5,0.4444444444444445,0.6366824387328317,1,4,5,2
smd,group23_evaluation,machine-2-2,sarad_official,1,6,21024,21027,"[10, 18, 20, 30, 24, 27, 15, 35, 34, 13, 9, 14, 21, 2, 22, 7, 28, 4, 17, 26, 37, 11, 32, 25, 8, 6, 36, 16, 23, 29, 19, 5, 0, 33, 3, 31, 12, 1]",1,1.0,1.0,1.0,1.0,1,1,1,1
smd,group23_evaluation,machine-2-2,sarad_official,1,6,21024,21027,"[10, 18, 20, 30, 24, 27, 15, 35, 34, 13, 9, 14, 21, 2, 22, 7, 28, 4, 17, 26, 37, 11, 32, 25, 8, 6, 36, 16, 23, 29, 19, 5, 0, 33, 3, 31, 12, 1]",3,0.3333333333333333,1.0,0.5,1.0,1,1,3,1
smd,group23_evaluation,machine-2-2,sarad_official,1,6,21024,21027,"[10, 18, 20, 30, 24, 27, 15, 35, 34, 13, 9, 14, 21, 2, 22, 7, 28, 4, 17, 26, 37, 11, 32, 25, 8, 6, 36, 16, 23, 29, 19, 5, 0, 33, 3, 31, 12, 1]",5,0.2,1.0,0.33333333333333337,1.0,1,1,5,1
smd,group23_evaluation,machine-2-2,sarad_official,1,7,21280,21295,"[2, 1, 0, 3, 6, 30, 11, 29, 15, 31, 24, 20, 14, 19, 32, 35, 13, 8, 25, 18, 27, 23, 36, 37, 34, 21, 4, 22, 5, 16, 7, 10, 17, 33, 28, 26, 9, 12]",1,1.0,0.14285714285714285,0.25,1.0,1,7,1,1
smd,group23_evaluation,machine-2-2,sarad_official,1,7,21280,21295,"[2, 1, 0, 3, 6, 30, 11, 29, 15, 31, 24, 20, 14, 19, 32, 35, 13, 8, 25, 18, 27, 23, 36, 37, 34, 21, 4, 22, 5, 16, 7, 10, 17, 33, 28, 26, 9, 12]",3,1.0,0.42857142857142855,0.6,1.0,1,7,3,3
smd,group23_evaluation,machine-2-2,sarad_official,1,7,21280,21295,"[2, 1, 0, 3, 6, 30, 11, 29, 15, 31, 24, 20, 14, 19, 32, 35, 13, 8, 25, 18, 27, 23, 36, 37, 34, 21, 4, 22, 5, 16, 7, 10, 17, 33, 28, 26, 9, 12]",5,1.0,0.7142857142857143,0.8333333333333333,1.0,1,7,5,5
smd,group23_evaluation,machine-2-2,sarad_official,1,8,21405,21428,"[19, 18, 21, 20, 30, 27, 10, 9, 24, 12, 29, 22, 3, 34, 15, 11, 13, 14, 6, 2, 32, 35, 8, 7, 23, 17, 5, 26, 36, 28, 31, 25, 4, 16, 0, 37, 33, 1]",1,1.0,0.16666666666666666,0.2857142857142857,1.0,1,6,1,1
smd,group23_evaluation,machine-2-2,sarad_official,1,8,21405,21428,"[19, 18, 21, 20, 30, 27, 10, 9, 24, 12, 29, 22, 3, 34, 15, 11, 13, 14, 6, 2, 32, 35, 8, 7, 23, 17, 5, 26, 36, 28, 31, 25, 4, 16, 0, 37, 33, 1]",3,1.0,0.5,0.6666666666666666,1.0,1,6,3,3
smd,group23_evaluation,machine-2-2,sarad_official,1,8,21405,21428,"[19, 18, 21, 20, 30, 27, 10, 9, 24, 12, 29, 22, 3, 34, 15, 11, 13, 14, 6, 2, 32, 35, 8, 7, 23, 17, 5, 26, 36, 28, 31, 25, 4, 16, 0, 37, 33, 1]",5,1.0,0.8333333333333334,0.9090909090909091,1.0,1,6,5,5
smd,group23_evaluation,machine-2-2,sarad_official,1,9,22260,22263,"[9, 22, 10, 15, 29, 12, 27, 30, 24, 14, 4, 20, 11, 8, 13, 35, 32, 23, 25, 6, 37, 7, 18, 34, 21, 17, 28, 26, 5, 16, 3, 19, 2, 36, 0, 33, 31, 1]",1,1.0,0.2,0.33333333333333337,1.0,1,5,1,1
smd,group23_evaluation,machine-2-2,sarad_official,1,9,22260,22263,"[9, 22, 10, 15, 29, 12, 27, 30, 24, 14, 4, 20, 11, 8, 13, 35, 32, 23, 25, 6, 37, 7, 18, 34, 21, 17, 28, 26, 5, 16, 3, 19, 2, 36, 0, 33, 31, 1]",3,0.6666666666666666,0.4,0.5,0.7039180890341347,1,5,3,2
smd,group23_evaluation,machine-2-2,sarad_official,1,9,22260,22263,"[9, 22, 10, 15, 29, 12, 27, 30, 24, 14, 4, 20, 11, 8, 13, 35, 32, 23, 25, 6, 37, 7, 18, 34, 21, 17, 28, 26, 5, 16, 3, 19, 2, 36, 0, 33, 31, 1]",5,0.4,0.4,0.4000000000000001,0.5087403079104241,1,5,5,2
smd,group23_evaluation,machine-2-2,sarad_official,1,10,23099,23299,"[10, 15, 30, 9, 11, 14, 24, 13, 35, 32, 34, 27, 12, 29, 22, 7, 8, 20, 18, 37, 36, 17, 28, 21, 4, 16, 26, 6, 23, 33, 19, 5, 25, 31, 3, 2, 0, 1]",1,0.0,0.0,0.0,0.0,0,2,1,0
smd,group23_evaluation,machine-2-2,sarad_official,1,10,23099,23299,"[10, 15, 30, 9, 11, 14, 24, 13, 35, 32, 34, 27, 12, 29, 22, 7, 8, 20, 18, 37, 36, 17, 28, 21, 4, 16, 26, 6, 23, 33, 19, 5, 25, 31, 3, 2, 0, 1]",3,0.0,0.0,0.0,0.0,0,2,3,0
smd,group23_evaluation,machine-2-2,sarad_official,1,10,23099,23299,"[10, 15, 30, 9, 11, 14, 24, 13, 35, 32, 34, 27, 12, 29, 22, 7, 8, 20, 18, 37, 36, 17, 28, 21, 4, 16, 26, 6, 23, 33, 19, 5, 25, 31, 3, 2, 0, 1]",5,0.0,0.0,0.0,0.0,0,2,5,0
smd,group23_evaluation,machine-2-3,sarad_official,1,0,857,860,"[12, 11, 8, 9, 35, 7, 36, 26, 34, 28, 16, 37, 27, 17, 13, 6, 21, 5, 4, 30, 20, 10, 14, 24, 19, 18, 23, 25, 15, 31, 0, 3, 29, 32, 22, 33, 2, 1]",1,1.0,0.5,0.6666666666666666,1.0,1,2,1,1
smd,group23_evaluation,machine-2-3,sarad_official,1,0,857,860,"[12, 11, 8, 9, 35, 7, 36, 26, 34, 28, 16, 37, 27, 17, 13, 6, 21, 5, 4, 30, 20, 10, 14, 24, 19, 18, 23, 25, 15, 31, 0, 3, 29, 32, 22, 33, 2, 1]",3,0.6666666666666666,1.0,0.8,1.0,1,2,3,2
smd,group23_evaluation,machine-2-3,sarad_official,1,0,857,860,"[12, 11, 8, 9, 35, 7, 36, 26, 34, 28, 16, 37, 27, 17, 13, 6, 21, 5, 4, 30, 20, 10, 14, 24, 19, 18, 23, 25, 15, 31, 0, 3, 29, 32, 22, 33, 2, 1]",5,0.4,1.0,0.5714285714285715,1.0,1,2,5,2
smd,group23_evaluation,machine-2-3,sarad_official,1,1,5739,5745,"[9, 22, 14, 12, 23, 20, 4, 29, 27, 8, 33, 25, 32, 18, 19, 37, 10, 30, 6, 34, 26, 21, 2, 15, 0, 35, 11, 3, 7, 16, 28, 24, 17, 13, 36, 5, 31, 1]",1,1.0,0.3333333333333333,0.5,1.0,1,3,1,1
smd,group23_evaluation,machine-2-3,sarad_official,1,1,5739,5745,"[9, 22, 14, 12, 23, 20, 4, 29, 27, 8, 33, 25, 32, 18, 19, 37, 10, 30, 6, 34, 26, 21, 2, 15, 0, 35, 11, 3, 7, 16, 28, 24, 17, 13, 36, 5, 31, 1]",3,0.3333333333333333,0.3333333333333333,0.3333333333333333,0.46927872602275644,1,3,3,1
smd,group23_evaluation,machine-2-3,sarad_official,1,1,5739,5745,"[9, 22, 14, 12, 23, 20, 4, 29, 27, 8, 33, 25, 32, 18, 19, 37, 10, 30, 6, 34, 26, 21, 2, 15, 0, 35, 11, 3, 7, 16, 28, 24, 17, 13, 36, 5, 31, 1]",5,0.4,0.6666666666666666,0.5,0.6713860725233041,1,3,5,2
smd,group23_evaluation,machine-2-3,sarad_official,1,2,6008,6012,"[9, 12, 22, 4, 20, 23, 29, 18, 14, 35, 33, 8, 0, 37, 34, 6, 11, 25, 2, 19, 30, 7, 26, 10, 17, 27, 21, 28, 16, 24, 15, 36, 32, 5, 31, 13, 3, 1]",1,1.0,0.3333333333333333,0.5,1.0,1,3,1,1
smd,group23_evaluation,machine-2-3,sarad_official,1,2,6008,6012,"[9, 12, 22, 4, 20, 23, 29, 18, 14, 35, 33, 8, 0, 37, 34, 6, 11, 25, 2, 19, 30, 7, 26, 10, 17, 27, 21, 28, 16, 24, 15, 36, 32, 5, 31, 13, 3, 1]",3,0.6666666666666666,0.6666666666666666,0.6666666666666666,0.7653606369886217,1,3,3,2
smd,group23_evaluation,machine-2-3,sarad_official,1,2,6008,6012,"[9, 12, 22, 4, 20, 23, 29, 18, 14, 35, 33, 8, 0, 37, 34, 6, 11, 25, 2, 19, 30, 7, 26, 10, 17, 27, 21, 28, 16, 24, 15, 36, 32, 5, 31, 13, 3, 1]",5,0.4,0.6666666666666666,0.5,0.7653606369886217,1,3,5,2
smd,group23_evaluation,machine-2-3,sarad_official,1,3,7910,8010,"[22, 31, 1, 18, 5, 24, 6, 0, 27, 30, 25, 20, 2, 15, 35, 23, 29, 3, 34, 10, 21, 19, 4, 7, 37, 36, 14, 17, 8, 28, 32, 26, 16, 11, 12, 9, 13, 33]",1,1.0,0.05555555555555555,0.10526315789473684,1.0,1,18,1,1
smd,group23_evaluation,machine-2-3,sarad_official,1,3,7910,8010,"[22, 31, 1, 18, 5, 24, 6, 0, 27, 30, 25, 20, 2, 15, 35, 23, 29, 3, 34, 10, 21, 19, 4, 7, 37, 36, 14, 17, 8, 28, 32, 26, 16, 11, 12, 9, 13, 33]",3,1.0,0.16666666666666666,0.2857142857142857,1.0,1,18,3,3
smd,group23_evaluation,machine-2-3,sarad_official,1,3,7910,8010,"[22, 31, 1, 18, 5, 24, 6, 0, 27, 30, 25, 20, 2, 15, 35, 23, 29, 3, 34, 10, 21, 19, 4, 7, 37, 36, 14, 17, 8, 28, 32, 26, 16, 11, 12, 9, 13, 33]",5,1.0,0.2777777777777778,0.4347826086956522,1.0,1,18,5,5
smd,group23_evaluation,machine-2-3,sarad_official,1,4,10953,10957,"[14, 12, 11, 8, 35, 36, 37, 7, 27, 26, 16, 28, 21, 9, 17, 34, 13, 23, 6, 4, 5, 20, 18, 19, 15, 24, 25, 30, 31, 0, 10, 32, 3, 29, 22, 33, 2, 1]",1,1.0,0.3333333333333333,0.5,1.0,1,3,1,1
smd,group23_evaluation,machine-2-3,sarad_official,1,4,10953,10957,"[14, 12, 11, 8, 35, 36, 37, 7, 27, 26, 16, 28, 21, 9, 17, 34, 13, 23, 6, 4, 5, 20, 18, 19, 15, 24, 25, 30, 31, 0, 10, 32, 3, 29, 22, 33, 2, 1]",3,0.6666666666666666,0.6666666666666666,0.6666666666666666,0.7039180890341347,1,3,3,2
smd,group23_evaluation,machine-2-3,sarad_official,1,4,10953,10957,"[14, 12, 11, 8, 35, 36, 37, 7, 27, 26, 16, 28, 21, 9, 17, 34, 13, 23, 6, 4, 5, 20, 18, 19, 15, 24, 25, 30, 31, 0, 10, 32, 3, 29, 22, 33, 2, 1]",5,0.6,1.0,0.7499999999999999,0.9060254355346823,1,3,5,3
smd,group23_evaluation,machine-2-3,sarad_official,1,5,12200,12226,"[31, 22, 24, 30, 0, 15, 27, 10, 6, 34, 5, 35, 4, 18, 20, 21, 19, 2, 28, 26, 37, 17, 16, 7, 8, 12, 11, 36, 13, 25, 9, 29, 23, 3, 14, 32, 33, 1]",1,1.0,0.07692307692307693,0.14285714285714288,1.0,1,13,1,1
smd,group23_evaluation,machine-2-3,sarad_official,1,5,12200,12226,"[31, 22, 24, 30, 0, 15, 27, 10, 6, 34, 5, 35, 4, 18, 20, 21, 19, 2, 28, 26, 37, 17, 16, 7, 8, 12, 11, 36, 13, 25, 9, 29, 23, 3, 14, 32, 33, 1]",3,1.0,0.23076923076923078,0.375,1.0,1,13,3,3
smd,group23_evaluation,machine-2-3,sarad_official,1,5,12200,12226,"[31, 22, 24, 30, 0, 15, 27, 10, 6, 34, 5, 35, 4, 18, 20, 21, 19, 2, 28, 26, 37, 17, 16, 7, 8, 12, 11, 36, 13, 25, 9, 29, 23, 3, 14, 32, 33, 1]",5,1.0,0.38461538461538464,0.5555555555555556,1.0,1,13,5,5
smd,group23_evaluation,machine-2-3,sarad_official,1,6,15070,15151,"[31, 24, 22, 0, 30, 20, 27, 18, 35, 6, 34, 29, 5, 21, 4, 37, 19, 15, 7, 36, 2, 16, 28, 17, 26, 25, 13, 11, 8, 32, 10, 1, 3, 12, 9, 23, 33, 14]",1,1.0,0.09090909090909091,0.16666666666666669,1.0,1,11,1,1
smd,group23_evaluation,machine-2-3,sarad_official,1,6,15070,15151,"[31, 24, 22, 0, 30, 20, 27, 18, 35, 6, 34, 29, 5, 21, 4, 37, 19, 15, 7, 36, 2, 16, 28, 17, 26, 25, 13, 11, 8, 32, 10, 1, 3, 12, 9, 23, 33, 14]",3,1.0,0.2727272727272727,0.42857142857142855,1.0,1,11,3,3
smd,group23_evaluation,machine-2-3,sarad_official,1,6,15070,15151,"[31, 24, 22, 0, 30, 20, 27, 18, 35, 6, 34, 29, 5, 21, 4, 37, 19, 15, 7, 36, 2, 16, 28, 17, 26, 25, 13, 11, 8, 32, 10, 1, 3, 12, 9, 23, 33, 14]",5,1.0,0.45454545454545453,0.625,1.0,1,11,5,5
smd,group23_evaluation,machine-2-3,sarad_official,1,7,19375,19416,"[26, 28, 1, 2, 0, 22, 31, 3, 15, 30, 18, 27, 20, 24, 32, 7, 25, 33, 21, 6, 23, 10, 35, 34, 5, 29, 19, 14, 13, 4, 37, 11, 36, 17, 8, 9, 16, 12]",1,1.0,0.04,0.07692307692307693,1.0,1,25,1,1
smd,group23_evaluation,machine-2-3,sarad_official,1,7,19375,19416,"[26, 28, 1, 2, 0, 22, 31, 3, 15, 30, 18, 27, 20, 24, 32, 7, 25, 33, 21, 6, 23, 10, 35, 34, 5, 29, 19, 14, 13, 4, 37, 11, 36, 17, 8, 9, 16, 12]",3,1.0,0.12,0.21428571428571425,1.0,1,25,3,3
smd,group23_evaluation,machine-2-3,sarad_official,1,7,19375,19416,"[26, 28, 1, 2, 0, 22, 31, 3, 15, 30, 18, 27, 20, 24, 32, 7, 25, 33, 21, 6, 23, 10, 35, 34, 5, 29, 19, 14, 13, 4, 37, 11, 36, 17, 8, 9, 16, 12]",5,1.0,0.2,0.33333333333333337,1.0,1,25,5,5
smd,group23_evaluation,machine-2-3,sarad_official,1,8,19545,19553,"[12, 11, 29, 18, 14, 26, 28, 36, 16, 17, 35, 7, 37, 8, 6, 34, 4, 20, 21, 27, 10, 9, 3, 24, 23, 19, 30, 5, 25, 15, 31, 0, 13, 33, 32, 2, 22, 1]",1,0.0,0.0,0.0,0.0,0,1,1,0
smd,group23_evaluation,machine-2-3,sarad_official,1,8,19545,19553,"[12, 11, 29, 18, 14, 26, 28, 36, 16, 17, 35, 7, 37, 8, 6, 34, 4, 20, 21, 27, 10, 9, 3, 24, 23, 19, 30, 5, 25, 15, 31, 0, 13, 33, 32, 2, 22, 1]",3,0.3333333333333333,1.0,0.5,0.6309297535714575,1,1,3,1
smd,group23_evaluation,machine-2-3,sarad_official,1,8,19545,19553,"[12, 11, 29, 18, 14, 26, 28, 36, 16, 17, 35, 7, 37, 8, 6, 34, 4, 20, 21, 27, 10, 9, 3, 24, 23, 19, 30, 5, 25, 15, 31, 0, 13, 33, 32, 2, 22, 1]",5,0.2,1.0,0.33333333333333337,0.6309297535714575,1,1,5,1
smd,group23_evaluation,machine-2-3,sarad_official,1,9,20253,20258,"[29, 32, 18, 26, 28, 16, 17, 37, 7, 34, 21, 36, 20, 6, 33, 35, 8, 4, 10, 11, 25, 31, 9, 19, 30, 15, 27, 23, 12, 24, 5, 3, 14, 0, 2, 13, 1, 22]",1,1.0,1.0,1.0,1.0,1,1,1,1
smd,group23_evaluation,machine-2-3,sarad_official,1,9,20253,20258,"[29, 32, 18, 26, 28, 16, 17, 37, 7, 34, 21, 36, 20, 6, 33, 35, 8, 4, 10, 11, 25, 31, 9, 19, 30, 15, 27, 23, 12, 24, 5, 3, 14, 0, 2, 13, 1, 22]",3,0.3333333333333333,1.0,0.5,1.0,1,1,3,1
smd,group23_evaluation,machine-2-3,sarad_official,1,9,20253,20258,"[29, 32, 18, 26, 28, 16, 17, 37, 7, 34, 21, 36, 20, 6, 33, 35, 8, 4, 10, 11, 25, 31, 9, 19, 30, 15, 27, 23, 12, 24, 5, 3, 14, 0, 2, 13, 1, 22]",5,0.2,1.0,0.33333333333333337,1.0,1,1,5,1
smd,group23_evaluation,machine-2-4,sarad_official,1,0,1012,1016,"[14, 8, 13, 32, 12, 15, 10, 11, 27, 5, 6, 7, 23, 17, 26, 28, 16, 4, 9, 24, 33, 37, 36, 20, 25, 2, 21, 19, 18, 31, 34, 35, 0, 1, 3, 29, 30, 22]",1,1.0,0.2,0.33333333333333337,1.0,1,5,1,1
smd,group23_evaluation,machine-2-4,sarad_official,1,0,1012,1016,"[14, 8, 13, 32, 12, 15, 10, 11, 27, 5, 6, 7, 23, 17, 26, 28, 16, 4, 9, 24, 33, 37, 36, 20, 25, 2, 21, 19, 18, 31, 34, 35, 0, 1, 3, 29, 30, 22]",3,1.0,0.6,0.7499999999999999,1.0,1,5,3,3
smd,group23_evaluation,machine-2-4,sarad_official,1,0,1012,1016,"[14, 8, 13, 32, 12, 15, 10, 11, 27, 5, 6, 7, 23, 17, 26, 28, 16, 4, 9, 24, 33, 37, 36, 20, 25, 2, 21, 19, 18, 31, 34, 35, 0, 1, 3, 29, 30, 22]",5,0.8,0.8,0.8000000000000002,0.8539316501572937,1,5,5,4
smd,group23_evaluation,machine-2-4,sarad_official,1,1,2098,2102,"[13, 32, 10, 6, 15, 5, 26, 28, 17, 33, 16, 7, 12, 27, 25, 36, 23, 37, 1, 4, 8, 31, 11, 20, 9, 21, 29, 2, 3, 14, 34, 18, 35, 24, 19, 0, 30, 22]",1,1.0,0.5,0.6666666666666666,1.0,1,2,1,1
smd,group23_evaluation,machine-2-4,sarad_official,1,1,2098,2102,"[13, 32, 10, 6, 15, 5, 26, 28, 17, 33, 16, 7, 12, 27, 25, 36, 23, 37, 1, 4, 8, 31, 11, 20, 9, 21, 29, 2, 3, 14, 34, 18, 35, 24, 19, 0, 30, 22]",3,0.3333333333333333,0.5,0.4,0.6131471927654584,1,2,3,1
smd,group23_evaluation,machine-2-4,sarad_official,1,1,2098,2102,"[13, 32, 10, 6, 15, 5, 26, 28, 17, 33, 16, 7, 12, 27, 25, 36, 23, 37, 1, 4, 8, 31, 11, 20, 9, 21, 29, 2, 3, 14, 34, 18, 35, 24, 19, 0, 30, 22]",5,0.2,0.5,0.28571428571428575,0.6131471927654584,1,2,5,1
smd,group23_evaluation,machine-2-4,sarad_official,1,2,3538,3542,"[13, 32, 8, 10, 5, 26, 17, 15, 7, 28, 6, 12, 20, 16, 27, 31, 37, 14, 25, 36, 1, 4, 33, 23, 35, 21, 11, 34, 2, 9, 18, 3, 0, 29, 19, 24, 30, 22]",1,1.0,0.3333333333333333,0.5,1.0,1,3,1,1
smd,group23_evaluation,machine-2-4,sarad_official,1,2,3538,3542,"[13, 32, 8, 10, 5, 26, 17, 15, 7, 28, 6, 12, 20, 16, 27, 31, 37, 14, 25, 36, 1, 4, 33, 23, 35, 21, 11, 34, 2, 9, 18, 3, 0, 29, 19, 24, 30, 22]",3,0.3333333333333333,0.3333333333333333,0.3333333333333333,0.46927872602275644,1,3,3,1
smd,group23_evaluation,machine-2-4,sarad_official,1,2,3538,3542,"[13, 32, 8, 10, 5, 26, 17, 15, 7, 28, 6, 12, 20, 16, 27, 31, 37, 14, 25, 36, 1, 4, 33, 23, 35, 21, 11, 34, 2, 9, 18, 3, 0, 29, 19, 24, 30, 22]",5,0.2,0.3333333333333333,0.25,0.46927872602275644,1,3,5,1
smd,group23_evaluation,machine-2-4,sarad_official,1,3,4576,4579,"[32, 31, 10, 20, 15, 21, 6, 35, 34, 37, 30, 29, 25, 7, 5, 23, 24, 18, 27, 26, 16, 17, 28, 3, 2, 36, 1, 33, 4, 11, 0, 19, 12, 9, 8, 14, 22, 13]",1,0.0,0.0,0.0,0.0,0,2,1,0
smd,group23_evaluation,machine-2-4,sarad_official,1,3,4576,4579,"[32, 31, 10, 20, 15, 21, 6, 35, 34, 37, 30, 29, 25, 7, 5, 23, 24, 18, 27, 26, 16, 17, 28, 3, 2, 36, 1, 33, 4, 11, 0, 19, 12, 9, 8, 14, 22, 13]",3,0.3333333333333333,0.5,0.4,0.3065735963827292,1,2,3,1
smd,group23_evaluation,machine-2-4,sarad_official,1,3,4576,4579,"[32, 31, 10, 20, 15, 21, 6, 35, 34, 37, 30, 29, 25, 7, 5, 23, 24, 18, 27, 26, 16, 17, 28, 3, 2, 36, 1, 33, 4, 11, 0, 19, 12, 9, 8, 14, 22, 13]",5,0.4,1.0,0.5714285714285715,0.5437713091520254,1,2,5,2
smd,group23_evaluation,machine-2-4,sarad_official,1,4,4976,4980,"[13, 8, 32, 14, 10, 15, 27, 5, 6, 20, 26, 12, 28, 17, 7, 16, 1, 37, 36, 25, 23, 31, 4, 11, 34, 2, 21, 9, 18, 3, 35, 29, 33, 0, 24, 19, 30, 22]",1,1.0,0.3333333333333333,0.5,1.0,1,3,1,1
smd,group23_evaluation,machine-2-4,sarad_official,1,4,4976,4980,"[13, 8, 32, 14, 10, 15, 27, 5, 6, 20, 26, 12, 28, 17, 7, 16, 1, 37, 36, 25, 23, 31, 4, 11, 34, 2, 21, 9, 18, 3, 35, 29, 33, 0, 24, 19, 30, 22]",3,0.6666666666666666,0.6666666666666666,0.6666666666666666,0.7653606369886217,1,3,3,2
smd,group23_evaluation,machine-2-4,sarad_official,1,4,4976,4980,"[13, 8, 32, 14, 10, 15, 27, 5, 6, 20, 26, 12, 28, 17, 7, 16, 1, 37, 36, 25, 23, 31, 4, 11, 34, 2, 21, 9, 18, 3, 35, 29, 33, 0, 24, 19, 30, 22]",5,0.4,0.6666666666666666,0.5,0.7653606369886217,1,3,5,2
smd,group23_evaluation,machine-2-4,sarad_official,1,5,5099,5380,"[0, 14, 11, 32, 15, 6, 13, 8, 10, 37, 5, 36, 28, 26, 7, 23, 17, 16, 1, 31, 4, 25, 18, 34, 12, 35, 27, 19, 9, 20, 21, 24, 2, 29, 3, 33, 30, 22]",1,1.0,0.2,0.33333333333333337,1.0,1,5,1,1
smd,group23_evaluation,machine-2-4,sarad_official,1,5,5099,5380,"[0, 14, 11, 32, 15, 6, 13, 8, 10, 37, 5, 36, 28, 26, 7, 23, 17, 16, 1, 31, 4, 25, 18, 34, 12, 35, 27, 19, 9, 20, 21, 24, 2, 29, 3, 33, 30, 22]",3,0.6666666666666666,0.4,0.5,0.7039180890341347,1,5,3,2
smd,group23_evaluation,machine-2-4,sarad_official,1,5,5099,5380,"[0, 14, 11, 32, 15, 6, 13, 8, 10, 37, 5, 36, 28, 26, 7, 23, 17, 16, 1, 31, 4, 25, 18, 34, 12, 35, 27, 19, 9, 20, 21, 24, 2, 29, 3, 33, 30, 22]",5,0.4,0.4,0.4000000000000001,0.5087403079104241,1,5,5,2
smd,group23_evaluation,machine-2-4,sarad_official,1,6,6416,6419,"[13, 31, 34, 8, 32, 35, 12, 6, 15, 5, 20, 14, 7, 27, 17, 10, 26, 28, 16, 4, 2, 37, 36, 11, 1, 25, 23, 21, 9, 18, 3, 29, 19, 0, 33, 24, 30, 22]",1,1.0,0.3333333333333333,0.5,1.0,1,3,1,1
smd,group23_evaluation,machine-2-4,sarad_official,1,6,6416,6419,"[13, 31, 34, 8, 32, 35, 12, 6, 15, 5, 20, 14, 7, 27, 17, 10, 26, 28, 16, 4, 2, 37, 36, 11, 1, 25, 23, 21, 9, 18, 3, 29, 19, 0, 33, 24, 30, 22]",3,0.3333333333333333,0.3333333333333333,0.3333333333333333,0.46927872602275644,1,3,3,1
smd,group23_evaluation,machine-2-4,sarad_official,1,6,6416,6419,"[13, 31, 34, 8, 32, 35, 12, 6, 15, 5, 20, 14, 7, 27, 17, 10, 26, 28, 16, 4, 2, 37, 36, 11, 1, 25, 23, 21, 9, 18, 3, 29, 19, 0, 33, 24, 30, 22]",5,0.4,0.6666666666666666,0.5,0.6713860725233041,1,3,5,2
smd,group23_evaluation,machine-2-4,sarad_official,1,7,7856,7859,"[13, 32, 31, 34, 12, 35, 8, 15, 27, 6, 20, 5, 7, 14, 26, 17, 28, 10, 16, 37, 36, 1, 4, 21, 25, 2, 23, 11, 18, 9, 3, 0, 19, 29, 24, 33, 30, 22]",1,1.0,0.3333333333333333,0.5,1.0,1,3,1,1
smd,group23_evaluation,machine-2-4,sarad_official,1,7,7856,7859,"[13, 32, 31, 34, 12, 35, 8, 15, 27, 6, 20, 5, 7, 14, 26, 17, 28, 10, 16, 37, 36, 1, 4, 21, 25, 2, 23, 11, 18, 9, 3, 0, 19, 29, 24, 33, 30, 22]",3,0.3333333333333333,0.3333333333333333,0.3333333333333333,0.46927872602275644,1,3,3,1
smd,group23_evaluation,machine-2-4,sarad_official,1,7,7856,7859,"[13, 32, 31, 34, 12, 35, 8, 15, 27, 6, 20, 5, 7, 14, 26, 17, 28, 10, 16, 37, 36, 1, 4, 21, 25, 2, 23, 11, 18, 9, 3, 0, 19, 29, 24, 33, 30, 22]",5,0.4,0.6666666666666666,0.5,0.6508205185601091,1,3,5,2
smd,group23_evaluation,machine-2-4,sarad_official,1,8,9296,9300,"[13, 32, 31, 34, 35, 10, 6, 26, 28, 17, 1, 5, 16, 7, 23, 21, 27, 37, 36, 25, 20, 15, 4, 12, 11, 8, 14, 9, 18, 19, 2, 29, 3, 33, 0, 24, 30, 22]",1,1.0,1.0,1.0,1.0,1,1,1,1
smd,group23_evaluation,machine-2-4,sarad_official,1,8,9296,9300,"[13, 32, 31, 34, 35, 10, 6, 26, 28, 17, 1, 5, 16, 7, 23, 21, 27, 37, 36, 25, 20, 15, 4, 12, 11, 8, 14, 9, 18, 19, 2, 29, 3, 33, 0, 24, 30, 22]",3,0.3333333333333333,1.0,0.5,1.0,1,1,3,1
smd,group23_evaluation,machine-2-4,sarad_official,1,8,9296,9300,"[13, 32, 31, 34, 35, 10, 6, 26, 28, 17, 1, 5, 16, 7, 23, 21, 27, 37, 36, 25, 20, 15, 4, 12, 11, 8, 14, 9, 18, 19, 2, 29, 3, 33, 0, 24, 30, 22]",5,0.2,1.0,0.33333333333333337,1.0,1,1,5,1
smd,group23_evaluation,machine-2-4,sarad_official,1,9,9473,9505,"[11, 32, 31, 35, 34, 6, 1, 10, 15, 28, 5, 37, 26, 18, 23, 19, 36, 16, 7, 17, 25, 14, 27, 21, 4, 3, 20, 9, 0, 30, 12, 24, 2, 29, 8, 33, 22, 13]",1,1.0,1.0,1.0,1.0,1,1,1,1
smd,group23_evaluation,machine-2-4,sarad_official,1,9,9473,9505,"[11, 32, 31, 35, 34, 6, 1, 10, 15, 28, 5, 37, 26, 18, 23, 19, 36, 16, 7, 17, 25, 14, 27, 21, 4, 3, 20, 9, 0, 30, 12, 24, 2, 29, 8, 33, 22, 13]",3,0.3333333333333333,1.0,0.5,1.0,1,1,3,1
smd,group23_evaluation,machine-2-4,sarad_official,1,9,9473,9505,"[11, 32, 31, 35, 34, 6, 1, 10, 15, 28, 5, 37, 26, 18, 23, 19, 36, 16, 7, 17, 25, 14, 27, 21, 4, 3, 20, 9, 0, 30, 12, 24, 2, 29, 8, 33, 22, 13]",5,0.2,1.0,0.33333333333333337,1.0,1,1,5,1
smd,group23_evaluation,machine-2-4,sarad_official,1,10,10736,10739,"[8, 13, 31, 34, 35, 32, 12, 14, 10, 27, 15, 7, 5, 6, 26, 28, 17, 20, 4, 16, 2, 37, 36, 11, 23, 1, 18, 25, 21, 9, 24, 19, 3, 0, 29, 33, 30, 22]",1,1.0,0.3333333333333333,0.5,1.0,1,3,1,1
smd,group23_evaluation,machine-2-4,sarad_official,1,10,10736,10739,"[8, 13, 31, 34, 35, 32, 12, 14, 10, 27, 15, 7, 5, 6, 26, 28, 17, 20, 4, 16, 2, 37, 36, 11, 23, 1, 18, 25, 21, 9, 24, 19, 3, 0, 29, 33, 30, 22]",3,0.6666666666666666,0.6666666666666666,0.6666666666666666,0.7653606369886217,1,3,3,2
smd,group23_evaluation,machine-2-4,sarad_official,1,10,10736,10739,"[8, 13, 31, 34, 35, 32, 12, 14, 10, 27, 15, 7, 5, 6, 26, 28, 17, 20, 4, 16, 2, 37, 36, 11, 23, 1, 18, 25, 21, 9, 24, 19, 3, 0, 29, 33, 30, 22]",5,0.4,0.6666666666666666,0.5,0.7653606369886217,1,3,5,2
smd,group23_evaluation,machine-2-4,sarad_official,1,11,12176,12179,"[13, 8, 31, 32, 34, 35, 12, 14, 6, 15, 20, 10, 5, 7, 27, 26, 17, 28, 4, 16, 37, 36, 23, 25, 2, 11, 21, 1, 9, 18, 3, 24, 19, 29, 0, 33, 30, 22]",1,1.0,0.3333333333333333,0.5,1.0,1,3,1,1
smd,group23_evaluation,machine-2-4,sarad_official,1,11,12176,12179,"[13, 8, 31, 32, 34, 35, 12, 14, 6, 15, 20, 10, 5, 7, 27, 26, 17, 28, 4, 16, 37, 36, 23, 25, 2, 11, 21, 1, 9, 18, 3, 24, 19, 29, 0, 33, 30, 22]",3,0.6666666666666666,0.6666666666666666,0.6666666666666666,0.7653606369886217,1,3,3,2
smd,group23_evaluation,machine-2-4,sarad_official,1,11,12176,12179,"[13, 8, 31, 32, 34, 35, 12, 14, 6, 15, 20, 10, 5, 7, 27, 26, 17, 28, 4, 16, 37, 36, 23, 25, 2, 11, 21, 1, 9, 18, 3, 24, 19, 29, 0, 33, 30, 22]",5,0.4,0.6666666666666666,0.5,0.7653606369886217,1,3,5,2
smd,group23_evaluation,machine-2-4,sarad_official,1,12,13611,13640,"[13, 31, 32, 34, 35, 8, 14, 12, 6, 20, 10, 11, 5, 26, 7, 17, 15, 28, 27, 16, 4, 37, 25, 36, 23, 9, 21, 2, 3, 18, 1, 19, 29, 24, 33, 0, 30, 22]",1,1.0,0.3333333333333333,0.5,1.0,1,3,1,1
smd,group23_evaluation,machine-2-4,sarad_official,1,12,13611,13640,"[13, 31, 32, 34, 35, 8, 14, 12, 6, 20, 10, 11, 5, 26, 7, 17, 15, 28, 27, 16, 4, 37, 25, 36, 23, 9, 21, 2, 3, 18, 1, 19, 29, 24, 33, 0, 30, 22]",3,0.3333333333333333,0.3333333333333333,0.3333333333333333,0.46927872602275644,1,3,3,1
smd,group23_evaluation,machine-2-4,sarad_official,1,12,13611,13640,"[13, 31, 32, 34, 35, 8, 14, 12, 6, 20, 10, 11, 5, 26, 7, 17, 15, 28, 27, 16, 4, 37, 25, 36, 23, 9, 21, 2, 3, 18, 1, 19, 29, 24, 33, 0, 30, 22]",5,0.2,0.3333333333333333,0.25,0.46927872602275644,1,3,5,1
smd,group23_evaluation,machine-2-4,sarad_official,1,13,15056,15059,"[32, 13, 8, 12, 34, 31, 6, 35, 15, 10, 5, 27, 20, 7, 26, 17, 14, 28, 16, 4, 2, 37, 1, 36, 25, 23, 3, 9, 21, 18, 11, 19, 24, 29, 0, 33, 30, 22]",1,0.0,0.0,0.0,0.0,0,3,1,0
smd,group23_evaluation,machine-2-4,sarad_official,1,13,15056,15059,"[32, 13, 8, 12, 34, 31, 6, 35, 15, 10, 5, 27, 20, 7, 26, 17, 14, 28, 16, 4, 2, 37, 1, 36, 25, 23, 3, 9, 21, 18, 11, 19, 24, 29, 0, 33, 30, 22]",3,0.6666666666666666,0.6666666666666666,0.6666666666666666,0.5307212739772434,1,3,3,2
smd,group23_evaluation,machine-2-4,sarad_official,1,13,15056,15059,"[32, 13, 8, 12, 34, 31, 6, 35, 15, 10, 5, 27, 20, 7, 26, 17, 14, 28, 16, 4, 2, 37, 1, 36, 25, 23, 3, 9, 21, 18, 11, 19, 24, 29, 0, 33, 30, 22]",5,0.6,1.0,0.7499999999999999,0.7328286204777911,1,3,5,3
smd,group23_evaluation,machine-2-4,sarad_official,1,14,16525,16696,"[0, 32, 14, 13, 31, 35, 11, 8, 15, 34, 6, 18, 5, 10, 12, 1, 36, 37, 7, 26, 25, 28, 23, 17, 16, 21, 4, 27, 19, 20, 2, 24, 9, 30, 3, 29, 33, 22]",1,1.0,0.16666666666666666,0.2857142857142857,1.0,1,6,1,1
smd,group23_evaluation,machine-2-4,sarad_official,1,14,16525,16696,"[0, 32, 14, 13, 31, 35, 11, 8, 15, 34, 6, 18, 5, 10, 12, 1, 36, 37, 7, 26, 25, 28, 23, 17, 16, 21, 4, 27, 19, 20, 2, 24, 9, 30, 3, 29, 33, 22]",3,0.3333333333333333,0.16666666666666666,0.2222222222222222,0.46927872602275644,1,6,3,1
smd,group23_evaluation,machine-2-4,sarad_official,1,14,16525,16696,"[0, 32, 14, 13, 31, 35, 11, 8, 15, 34, 6, 18, 5, 10, 12, 1, 36, 37, 7, 26, 25, 28, 23, 17, 16, 21, 4, 27, 19, 20, 2, 24, 9, 30, 3, 29, 33, 22]",5,0.4,0.3333333333333333,0.3636363636363636,0.48522855511632257,1,6,5,2
smd,group23_evaluation,machine-2-4,sarad_official,1,15,17965,18350,"[0, 32, 31, 35, 34, 14, 11, 15, 6, 8, 5, 13, 10, 12, 36, 37, 7, 26, 28, 16, 17, 23, 18, 1, 25, 4, 27, 19, 20, 21, 9, 24, 2, 29, 3, 30, 33, 22]",1,1.0,0.16666666666666666,0.2857142857142857,1.0,1,6,1,1
smd,group23_evaluation,machine-2-4,sarad_official,1,15,17965,18350,"[0, 32, 31, 35, 34, 14, 11, 15, 6, 8, 5, 13, 10, 12, 36, 37, 7, 26, 28, 16, 17, 23, 18, 1, 25, 4, 27, 19, 20, 21, 9, 24, 2, 29, 3, 30, 33, 22]",3,0.3333333333333333,0.16666666666666666,0.2222222222222222,0.46927872602275644,1,6,3,1
smd,group23_evaluation,machine-2-4,sarad_official,1,15,17965,18350,"[0, 32, 31, 35, 34, 14, 11, 15, 6, 8, 5, 13, 10, 12, 36, 37, 7, 26, 28, 16, 17, 23, 18, 1, 25, 4, 27, 19, 20, 21, 9, 24, 2, 29, 3, 30, 33, 22]",5,0.2,0.16666666666666666,0.1818181818181818,0.3391602052736161,1,6,5,1
smd,group23_evaluation,machine-2-4,sarad_official,1,16,18579,18980,"[22, 29, 32, 19, 1, 25, 31, 0, 3, 24, 18, 2, 20, 15, 23, 34, 35, 10, 21, 6, 27, 5, 30, 36, 4, 37, 7, 11, 16, 26, 28, 33, 17, 12, 9, 8, 14, 13]",1,1.0,0.047619047619047616,0.0909090909090909,1.0,1,21,1,1
smd,group23_evaluation,machine-2-4,sarad_official,1,16,18579,18980,"[22, 29, 32, 19, 1, 25, 31, 0, 3, 24, 18, 2, 20, 15, 23, 34, 35, 10, 21, 6, 27, 5, 30, 36, 4, 37, 7, 11, 16, 26, 28, 33, 17, 12, 9, 8, 14, 13]",3,0.6666666666666666,0.09523809523809523,0.16666666666666666,0.7653606369886217,1,21,3,2
smd,group23_evaluation,machine-2-4,sarad_official,1,16,18579,18980,"[22, 29, 32, 19, 1, 25, 31, 0, 3, 24, 18, 2, 20, 15, 23, 34, 35, 10, 21, 6, 27, 5, 30, 36, 4, 37, 7, 11, 16, 26, 28, 33, 17, 12, 9, 8, 14, 13]",5,0.8,0.19047619047619047,0.3076923076923077,0.830419897363192,1,21,5,4
smd,group23_evaluation,machine-2-4,sarad_official,1,17,19404,19741,"[0, 32, 31, 35, 34, 11, 14, 8, 5, 15, 6, 10, 36, 37, 7, 26, 28, 18, 13, 16, 17, 4, 12, 27, 25, 23, 19, 1, 20, 21, 9, 3, 30, 33, 24, 29, 2, 22]",1,1.0,0.16666666666666666,0.2857142857142857,1.0,1,6,1,1
smd,group23_evaluation,machine-2-4,sarad_official,1,17,19404,19741,"[0, 32, 31, 35, 34, 11, 14, 8, 5, 15, 6, 10, 36, 37, 7, 26, 28, 18, 13, 16, 17, 4, 12, 27, 25, 23, 19, 1, 20, 21, 9, 3, 30, 33, 24, 29, 2, 22]",3,0.3333333333333333,0.16666666666666666,0.2222222222222222,0.46927872602275644,1,6,3,1
smd,group23_evaluation,machine-2-4,sarad_official,1,17,19404,19741,"[0, 32, 31, 35, 34, 11, 14, 8, 5, 15, 6, 10, 36, 37, 7, 26, 28, 18, 13, 16, 17, 4, 12, 27, 25, 23, 19, 1, 20, 21, 9, 3, 30, 33, 24, 29, 2, 22]",5,0.2,0.16666666666666666,0.1818181818181818,0.3391602052736161,1,6,5,1
smd,group23_evaluation,machine-2-4,sarad_official,1,18,20844,20854,"[32, 31, 13, 34, 35, 8, 14, 11, 5, 15, 12, 27, 6, 0, 28, 17, 26, 10, 7, 16, 20, 37, 4, 36, 18, 21, 1, 23, 9, 2, 25, 3, 19, 24, 30, 33, 29, 22]",1,1.0,0.2,0.33333333333333337,1.0,1,5,1,1
smd,group23_evaluation,machine-2-4,sarad_official,1,18,20844,20854,"[32, 31, 13, 34, 35, 8, 14, 11, 5, 15, 12, 27, 6, 0, 28, 17, 26, 10, 7, 16, 20, 37, 4, 36, 18, 21, 1, 23, 9, 2, 25, 3, 19, 24, 30, 33, 29, 22]",3,0.6666666666666666,0.4,0.5,0.7039180890341347,1,5,3,2
smd,group23_evaluation,machine-2-4,sarad_official,1,18,20844,20854,"[32, 31, 13, 34, 35, 8, 14, 11, 5, 15, 12, 27, 6, 0, 28, 17, 26, 10, 7, 16, 20, 37, 4, 36, 18, 21, 1, 23, 9, 2, 25, 3, 19, 24, 30, 33, 29, 22]",5,0.4,0.4,0.4000000000000001,0.5087403079104241,1,5,5,2
smd,group23_evaluation,machine-2-4,sarad_official,1,19,22284,22294,"[13, 31, 34, 35, 8, 14, 32, 11, 12, 5, 10, 15, 6, 28, 7, 26, 17, 27, 16, 4, 20, 37, 21, 36, 1, 2, 23, 18, 9, 25, 19, 3, 24, 33, 30, 0, 29, 22]",1,1.0,0.25,0.4,1.0,1,4,1,1
smd,group23_evaluation,machine-2-4,sarad_official,1,19,22284,22294,"[13, 31, 34, 35, 8, 14, 32, 11, 12, 5, 10, 15, 6, 28, 7, 26, 17, 27, 16, 4, 20, 37, 21, 36, 1, 2, 23, 18, 9, 25, 19, 3, 24, 33, 30, 0, 29, 22]",3,0.3333333333333333,0.25,0.28571428571428575,0.46927872602275644,1,4,3,1
smd,group23_evaluation,machine-2-4,sarad_official,1,19,22284,22294,"[13, 31, 34, 35, 8, 14, 32, 11, 12, 5, 10, 15, 6, 28, 7, 26, 17, 27, 16, 4, 20, 37, 21, 36, 1, 2, 23, 18, 9, 25, 19, 3, 24, 33, 30, 0, 29, 22]",5,0.4,0.5,0.4444444444444445,0.5413996682199069,1,4,5,2
smd,group23_evaluation,machine-2-5,sarad_official,1,0,2585,2588,"[22, 12, 11, 9, 6, 37, 17, 8, 7, 26, 28, 21, 34, 16, 5, 4, 14, 0, 24, 2, 35, 36, 23, 3, 27, 31, 19, 25, 20, 29, 13, 10, 18, 30, 33, 32, 1, 15]",1,0.0,0.0,0.0,0.0,0,2,1,0
smd,group23_evaluation,machine-2-5,sarad_official,1,0,2585,2588,"[22, 12, 11, 9, 6, 37, 17, 8, 7, 26, 28, 21, 34, 16, 5, 4, 14, 0, 24, 2, 35, 36, 23, 3, 27, 31, 19, 25, 20, 29, 13, 10, 18, 30, 33, 32, 1, 15]",3,0.3333333333333333,0.5,0.4,0.38685280723454163,1,2,3,1
smd,group23_evaluation,machine-2-5,sarad_official,1,0,2585,2588,"[22, 12, 11, 9, 6, 37, 17, 8, 7, 26, 28, 21, 34, 16, 5, 4, 14, 0, 24, 2, 35, 36, 23, 3, 27, 31, 19, 25, 20, 29, 13, 10, 18, 30, 33, 32, 1, 15]",5,0.4,1.0,0.5714285714285715,0.6509209298071326,1,2,5,2
smd,group23_evaluation,machine-2-5,sarad_official,1,1,4978,4983,"[12, 8, 13, 11, 14, 27, 25, 36, 7, 5, 26, 28, 9, 16, 17, 35, 4, 37, 23, 6, 24, 34, 21, 19, 2, 29, 0, 31, 20, 3, 30, 10, 32, 33, 18, 22, 15, 1]",1,1.0,0.5,0.6666666666666666,1.0,1,2,1,1
smd,group23_evaluation,machine-2-5,sarad_official,1,1,4978,4983,"[12, 8, 13, 11, 14, 27, 25, 36, 7, 5, 26, 28, 9, 16, 17, 35, 4, 37, 23, 6, 24, 34, 21, 19, 2, 29, 0, 31, 20, 3, 30, 10, 32, 33, 18, 22, 15, 1]",3,0.6666666666666666,1.0,0.8,0.9197207891481876,1,2,3,2
smd,group23_evaluation,machine-2-5,sarad_official,1,1,4978,4983,"[12, 8, 13, 11, 14, 27, 25, 36, 7, 5, 26, 28, 9, 16, 17, 35, 4, 37, 23, 6, 24, 34, 21, 19, 2, 29, 0, 31, 20, 3, 30, 10, 32, 33, 18, 22, 15, 1]",5,0.4,1.0,0.5714285714285715,0.9197207891481876,1,2,5,2
smd,group23_evaluation,machine-2-5,sarad_official,1,2,5100,5391,"[0, 12, 11, 14, 8, 13, 36, 7, 37, 28, 26, 29, 16, 4, 23, 17, 5, 10, 9, 25, 6, 21, 27, 34, 35, 24, 19, 31, 20, 2, 3, 22, 33, 30, 32, 18, 15, 1]",1,1.0,0.16666666666666666,0.2857142857142857,1.0,1,6,1,1
smd,group23_evaluation,machine-2-5,sarad_official,1,2,5100,5391,"[0, 12, 11, 14, 8, 13, 36, 7, 37, 28, 26, 29, 16, 4, 23, 17, 5, 10, 9, 25, 6, 21, 27, 34, 35, 24, 19, 31, 20, 2, 3, 22, 33, 30, 32, 18, 15, 1]",3,1.0,0.5,0.6666666666666666,1.0,1,6,3,3
smd,group23_evaluation,machine-2-5,sarad_official,1,2,5100,5391,"[0, 12, 11, 14, 8, 13, 36, 7, 37, 28, 26, 29, 16, 4, 23, 17, 5, 10, 9, 25, 6, 21, 27, 34, 35, 24, 19, 31, 20, 2, 3, 22, 33, 30, 32, 18, 15, 1]",5,1.0,0.8333333333333334,0.9090909090909091,1.0,1,6,5,5
smd,group23_evaluation,machine-2-5,sarad_official,1,3,6023,6026,"[33, 24, 21, 22, 35, 30, 11, 23, 4, 20, 29, 18, 25, 37, 7, 17, 32, 34, 5, 16, 28, 27, 26, 19, 10, 15, 6, 31, 14, 12, 0, 9, 36, 3, 8, 1, 2, 13]",1,1.0,0.5,0.6666666666666666,1.0,1,2,1,1
smd,group23_evaluation,machine-2-5,sarad_official,1,3,6023,6026,"[33, 24, 21, 22, 35, 30, 11, 23, 4, 20, 29, 18, 25, 37, 7, 17, 32, 34, 5, 16, 28, 27, 26, 19, 10, 15, 6, 31, 14, 12, 0, 9, 36, 3, 8, 1, 2, 13]",3,0.3333333333333333,0.5,0.4,0.6131471927654584,1,2,3,1
smd,group23_evaluation,machine-2-5,sarad_official,1,3,6023,6026,"[33, 24, 21, 22, 35, 30, 11, 23, 4, 20, 29, 18, 25, 37, 7, 17, 32, 34, 5, 16, 28, 27, 26, 19, 10, 15, 6, 31, 14, 12, 0, 9, 36, 3, 8, 1, 2, 13]",5,0.2,0.5,0.28571428571428575,0.6131471927654584,1,2,5,1
smd,group23_evaluation,machine-2-5,sarad_official,1,4,6417,6420,"[12, 8, 14, 13, 11, 27, 25, 36, 5, 9, 24, 7, 2, 28, 26, 21, 4, 16, 35, 23, 17, 37, 34, 19, 0, 15, 6, 29, 3, 31, 20, 30, 32, 18, 10, 22, 33, 1]",1,1.0,0.25,0.4,1.0,1,4,1,1
smd,group23_evaluation,machine-2-5,sarad_official,1,4,6417,6420,"[12, 8, 14, 13, 11, 27, 25, 36, 5, 9, 24, 7, 2, 28, 26, 21, 4, 16, 35, 23, 17, 37, 34, 19, 0, 15, 6, 29, 3, 31, 20, 30, 32, 18, 10, 22, 33, 1]",3,1.0,0.75,0.8571428571428571,1.0,1,4,3,3
smd,group23_evaluation,machine-2-5,sarad_official,1,4,6417,6420,"[12, 8, 14, 13, 11, 27, 25, 36, 5, 9, 24, 7, 2, 28, 26, 21, 4, 16, 35, 23, 17, 37, 34, 19, 0, 15, 6, 29, 3, 31, 20, 30, 32, 18, 10, 22, 33, 1]",5,0.8,1.0,0.888888888888889,1.0,1,4,5,4
smd,group23_evaluation,machine-2-5,sarad_official,1,5,7255,7258,"[9, 12, 4, 11, 8, 22, 20, 37, 25, 27, 5, 6, 7, 17, 2, 13, 26, 14, 28, 18, 16, 0, 19, 29, 32, 21, 36, 35, 10, 30, 3, 23, 24, 34, 33, 31, 1, 15]",1,1.0,0.5,0.6666666666666666,1.0,1,2,1,1
smd,group23_evaluation,machine-2-5,sarad_official,1,5,7255,7258,"[9, 12, 4, 11, 8, 22, 20, 37, 25, 27, 5, 6, 7, 17, 2, 13, 26, 14, 28, 18, 16, 0, 19, 29, 32, 21, 36, 35, 10, 30, 3, 23, 24, 34, 33, 31, 1, 15]",3,0.6666666666666666,1.0,0.8,1.0,1,2,3,2
smd,group23_evaluation,machine-2-5,sarad_official,1,5,7255,7258,"[9, 12, 4, 11, 8, 22, 20, 37, 25, 27, 5, 6, 7, 17, 2, 13, 26, 14, 28, 18, 16, 0, 19, 29, 32, 21, 36, 35, 10, 30, 3, 23, 24, 34, 33, 31, 1, 15]",5,0.4,1.0,0.5714285714285715,1.0,1,2,5,2
smd,group23_evaluation,machine-2-5,sarad_official,1,6,7857,7860,"[12, 8, 13, 11, 27, 35, 36, 7, 29, 9, 28, 5, 24, 4, 26, 16, 17, 2, 37, 14, 21, 34, 23, 19, 0, 6, 25, 15, 32, 20, 3, 31, 30, 33, 10, 18, 1, 22]",1,1.0,0.5,0.6666666666666666,1.0,1,2,1,1
smd,group23_evaluation,machine-2-5,sarad_official,1,6,7857,7860,"[12, 8, 13, 11, 27, 35, 36, 7, 29, 9, 28, 5, 24, 4, 26, 16, 17, 2, 37, 14, 21, 34, 23, 19, 0, 6, 25, 15, 32, 20, 3, 31, 30, 33, 10, 18, 1, 22]",3,0.6666666666666666,1.0,0.8,0.9197207891481876,1,2,3,2
smd,group23_evaluation,machine-2-5,sarad_official,1,6,7857,7860,"[12, 8, 13, 11, 27, 35, 36, 7, 29, 9, 28, 5, 24, 4, 26, 16, 17, 2, 37, 14, 21, 34, 23, 19, 0, 6, 25, 15, 32, 20, 3, 31, 30, 33, 10, 18, 1, 22]",5,0.4,1.0,0.5714285714285715,0.9197207891481876,1,2,5,2
smd,group23_evaluation,machine-2-5,sarad_official,1,7,9297,9300,"[12, 8, 13, 25, 23, 11, 27, 35, 29, 24, 36, 7, 28, 4, 9, 26, 16, 17, 2, 6, 5, 37, 34, 14, 21, 19, 0, 3, 32, 20, 31, 30, 10, 15, 22, 33, 18, 1]",1,1.0,0.5,0.6666666666666666,1.0,1,2,1,1
smd,group23_evaluation,machine-2-5,sarad_official,1,7,9297,9300,"[12, 8, 13, 25, 23, 11, 27, 35, 29, 24, 36, 7, 28, 4, 9, 26, 16, 17, 2, 6, 5, 37, 34, 14, 21, 19, 0, 3, 32, 20, 31, 30, 10, 15, 22, 33, 18, 1]",3,0.6666666666666666,1.0,0.8,0.9197207891481876,1,2,3,2
smd,group23_evaluation,machine-2-5,sarad_official,1,7,9297,9300,"[12, 8, 13, 25, 23, 11, 27, 35, 29, 24, 36, 7, 28, 4, 9, 26, 16, 17, 2, 6, 5, 37, 34, 14, 21, 19, 0, 3, 32, 20, 31, 30, 10, 15, 22, 33, 18, 1]",5,0.4,1.0,0.5714285714285715,0.9197207891481876,1,2,5,2
smd,group23_evaluation,machine-2-5,sarad_official,1,8,10737,10740,"[12, 8, 13, 14, 27, 11, 29, 9, 24, 36, 5, 7, 35, 2, 28, 4, 16, 26, 21, 17, 34, 15, 37, 19, 6, 23, 0, 31, 32, 25, 20, 3, 18, 10, 33, 30, 22, 1]",1,1.0,0.25,0.4,1.0,1,4,1,1
smd,group23_evaluation,machine-2-5,sarad_official,1,8,10737,10740,"[12, 8, 13, 14, 27, 11, 29, 9, 24, 36, 5, 7, 35, 2, 28, 4, 16, 26, 21, 17, 34, 15, 37, 19, 6, 23, 0, 31, 32, 25, 20, 3, 18, 10, 33, 30, 22, 1]",3,1.0,0.75,0.8571428571428571,1.0,1,4,3,3
smd,group23_evaluation,machine-2-5,sarad_official,1,8,10737,10740,"[12, 8, 13, 14, 27, 11, 29, 9, 24, 36, 5, 7, 35, 2, 28, 4, 16, 26, 21, 17, 34, 15, 37, 19, 6, 23, 0, 31, 32, 25, 20, 3, 18, 10, 33, 30, 22, 1]",5,0.8,1.0,0.888888888888889,1.0,1,4,5,4
smd,group23_evaluation,machine-2-5,sarad_official,1,9,12094,12120,"[1, 0, 2, 3, 37, 36, 4, 19, 29, 11, 32, 23, 16, 25, 34, 10, 21, 20, 6, 30, 28, 7, 31, 8, 26, 17, 35, 27, 5, 9, 18, 33, 14, 24, 22, 12, 13, 15]",1,1.0,0.16666666666666666,0.2857142857142857,1.0,1,6,1,1
smd,group23_evaluation,machine-2-5,sarad_official,1,9,12094,12120,"[1, 0, 2, 3, 37, 36, 4, 19, 29, 11, 32, 23, 16, 25, 34, 10, 21, 20, 6, 30, 28, 7, 31, 8, 26, 17, 35, 27, 5, 9, 18, 33, 14, 24, 22, 12, 13, 15]",3,1.0,0.5,0.6666666666666666,1.0,1,6,3,3
smd,group23_evaluation,machine-2-5,sarad_official,1,9,12094,12120,"[1, 0, 2, 3, 37, 36, 4, 19, 29, 11, 32, 23, 16, 25, 34, 10, 21, 20, 6, 30, 28, 7, 31, 8, 26, 17, 35, 27, 5, 9, 18, 33, 14, 24, 22, 12, 13, 15]",5,0.8,0.6666666666666666,0.7272727272727272,0.8687949224876582,1,6,5,4
smd,group23_evaluation,machine-2-5,sarad_official,1,10,12176,12183,"[0, 3, 1, 12, 8, 2, 29, 23, 13, 25, 4, 36, 27, 14, 24, 20, 5, 22, 11, 19, 28, 37, 7, 16, 17, 15, 26, 21, 6, 9, 32, 34, 35, 33, 10, 31, 18, 30]",1,0.0,0.0,0.0,0.0,0,3,1,0
smd,group23_evaluation,machine-2-5,sarad_official,1,10,12176,12183,"[0, 3, 1, 12, 8, 2, 29, 23, 13, 25, 4, 36, 27, 14, 24, 20, 5, 22, 11, 19, 28, 37, 7, 16, 17, 15, 26, 21, 6, 9, 32, 34, 35, 33, 10, 31, 18, 30]",3,0.0,0.0,0.0,0.0,0,3,3,0
smd,group23_evaluation,machine-2-5,sarad_official,1,10,12176,12183,"[0, 3, 1, 12, 8, 2, 29, 23, 13, 25, 4, 36, 27, 14, 24, 20, 5, 22, 11, 19, 28, 37, 7, 16, 17, 15, 26, 21, 6, 9, 32, 34, 35, 33, 10, 31, 18, 30]",5,0.4,0.6666666666666666,0.5,0.38364913903790027,1,3,5,2
smd,group23_evaluation,machine-2-5,sarad_official,1,11,13616,13619,"[12, 8, 13, 11, 29, 27, 14, 5, 9, 35, 36, 24, 7, 2, 28, 4, 16, 26, 21, 17, 37, 15, 34, 0, 6, 19, 23, 31, 32, 20, 25, 3, 30, 33, 10, 18, 22, 1]",1,1.0,0.25,0.4,1.0,1,4,1,1
smd,group23_evaluation,machine-2-5,sarad_official,1,11,13616,13619,"[12, 8, 13, 11, 29, 27, 14, 5, 9, 35, 36, 24, 7, 2, 28, 4, 16, 26, 21, 17, 37, 15, 34, 0, 6, 19, 23, 31, 32, 20, 25, 3, 30, 33, 10, 18, 22, 1]",3,1.0,0.75,0.8571428571428571,1.0,1,4,3,3
smd,group23_evaluation,machine-2-5,sarad_official,1,11,13616,13619,"[12, 8, 13, 11, 29, 27, 14, 5, 9, 35, 36, 24, 7, 2, 28, 4, 16, 26, 21, 17, 37, 15, 34, 0, 6, 19, 23, 31, 32, 20, 25, 3, 30, 33, 10, 18, 22, 1]",5,0.6,0.75,0.6666666666666665,0.8318724637288826,1,4,5,3
smd,group23_evaluation,machine-2-5,sarad_official,1,12,15056,15059,"[12, 8, 13, 14, 27, 29, 11, 36, 9, 5, 24, 7, 35, 2, 28, 26, 16, 4, 21, 17, 37, 34, 15, 6, 23, 19, 25, 0, 32, 31, 20, 3, 30, 18, 10, 22, 33, 1]",1,1.0,0.25,0.4,1.0,1,4,1,1
smd,group23_evaluation,machine-2-5,sarad_official,1,12,15056,15059,"[12, 8, 13, 14, 27, 29, 11, 36, 9, 5, 24, 7, 35, 2, 28, 26, 16, 4, 21, 17, 37, 34, 15, 6, 23, 19, 25, 0, 32, 31, 20, 3, 30, 18, 10, 22, 33, 1]",3,1.0,0.75,0.8571428571428571,1.0,1,4,3,3
smd,group23_evaluation,machine-2-5,sarad_official,1,12,15056,15059,"[12, 8, 13, 14, 27, 29, 11, 36, 9, 5, 24, 7, 35, 2, 28, 26, 16, 4, 21, 17, 37, 34, 15, 6, 23, 19, 25, 0, 32, 31, 20, 3, 30, 18, 10, 22, 33, 1]",5,0.8,1.0,0.888888888888889,1.0,1,4,5,4
smd,group23_evaluation,machine-2-5,sarad_official,1,13,16524,16549,"[12, 8, 14, 13, 29, 11, 0, 27, 36, 9, 5, 24, 7, 4, 28, 2, 26, 16, 15, 17, 37, 21, 35, 19, 34, 6, 31, 23, 32, 25, 3, 20, 22, 33, 18, 10, 30, 1]",1,1.0,0.2,0.33333333333333337,1.0,1,5,1,1
smd,group23_evaluation,machine-2-5,sarad_official,1,13,16524,16549,"[12, 8, 14, 13, 29, 11, 0, 27, 36, 9, 5, 24, 7, 4, 28, 2, 26, 16, 15, 17, 37, 21, 35, 19, 34, 6, 31, 23, 32, 25, 3, 20, 22, 33, 18, 10, 30, 1]",3,1.0,0.6,0.7499999999999999,1.0,1,5,3,3
smd,group23_evaluation,machine-2-5,sarad_official,1,13,16524,16549,"[12, 8, 14, 13, 29, 11, 0, 27, 36, 9, 5, 24, 7, 4, 28, 2, 26, 16, 15, 17, 37, 21, 35, 19, 34, 6, 31, 23, 32, 25, 3, 20, 22, 33, 18, 10, 30, 1]",5,0.8,0.8,0.8000000000000002,0.8687949224876582,1,5,5,4
smd,group23_evaluation,machine-2-5,sarad_official,1,14,17960,18331,"[0, 11, 12, 29, 14, 13, 8, 36, 25, 7, 37, 23, 28, 16, 26, 5, 4, 17, 35, 9, 21, 6, 10, 27, 24, 34, 19, 20, 31, 3, 2, 33, 32, 30, 18, 22, 15, 1]",1,1.0,0.16666666666666666,0.2857142857142857,1.0,1,6,1,1
smd,group23_evaluation,machine-2-5,sarad_official,1,14,17960,18331,"[0, 11, 12, 29, 14, 13, 8, 36, 25, 7, 37, 23, 28, 16, 26, 5, 4, 17, 35, 9, 21, 6, 10, 27, 24, 34, 19, 20, 31, 3, 2, 33, 32, 30, 18, 22, 15, 1]",3,1.0,0.5,0.6666666666666666,1.0,1,6,3,3
smd,group23_evaluation,machine-2-5,sarad_official,1,14,17960,18331,"[0, 11, 12, 29, 14, 13, 8, 36, 25, 7, 37, 23, 28, 16, 26, 5, 4, 17, 35, 9, 21, 6, 10, 27, 24, 34, 19, 20, 31, 3, 2, 33, 32, 30, 18, 22, 15, 1]",5,0.8,0.6666666666666666,0.7272727272727272,0.8539316501572937,1,6,5,4
smd,group23_evaluation,machine-2-5,sarad_official,1,15,18592,18701,"[15, 10, 18, 20, 27, 29, 30, 24, 22, 31, 25, 21, 11, 4, 5, 23, 0, 7, 37, 17, 2, 33, 28, 19, 26, 34, 6, 16, 36, 35, 9, 32, 3, 14, 12, 8, 1, 13]",1,1.0,0.1,0.18181818181818182,1.0,1,10,1,1
smd,group23_evaluation,machine-2-5,sarad_official,1,15,18592,18701,"[15, 10, 18, 20, 27, 29, 30, 24, 22, 31, 25, 21, 11, 4, 5, 23, 0, 7, 37, 17, 2, 33, 28, 19, 26, 34, 6, 16, 36, 35, 9, 32, 3, 14, 12, 8, 1, 13]",3,1.0,0.3,0.4615384615384615,1.0,1,10,3,3
smd,group23_evaluation,machine-2-5,sarad_official,1,15,18592,18701,"[15, 10, 18, 20, 27, 29, 30, 24, 22, 31, 25, 21, 11, 4, 5, 23, 0, 7, 37, 17, 2, 33, 28, 19, 26, 34, 6, 16, 36, 35, 9, 32, 3, 14, 12, 8, 1, 13]",5,1.0,0.5,0.6666666666666666,1.0,1,10,5,5
smd,group23_evaluation,machine-2-5,sarad_official,1,16,18880,18951,"[28, 15, 29, 10, 0, 20, 18, 3, 2, 22, 27, 31, 30, 35, 24, 21, 32, 33, 26, 7, 1, 34, 4, 19, 37, 6, 36, 25, 12, 8, 13, 11, 23, 5, 14, 16, 9, 17]",1,1.0,0.045454545454545456,0.08695652173913045,1.0,1,22,1,1
smd,group23_evaluation,machine-2-5,sarad_official,1,16,18880,18951,"[28, 15, 29, 10, 0, 20, 18, 3, 2, 22, 27, 31, 30, 35, 24, 21, 32, 33, 26, 7, 1, 34, 4, 19, 37, 6, 36, 25, 12, 8, 13, 11, 23, 5, 14, 16, 9, 17]",3,0.6666666666666666,0.09090909090909091,0.16,0.7653606369886217,1,22,3,2
smd,group23_evaluation,machine-2-5,sarad_official,1,16,18880,18951,"[28, 15, 29, 10, 0, 20, 18, 3, 2, 22, 27, 31, 30, 35, 24, 21, 32, 33, 26, 7, 1, 34, 4, 19, 37, 6, 36, 25, 12, 8, 13, 11, 23, 5, 14, 16, 9, 17]",5,0.8,0.18181818181818182,0.2962962962962963,0.830419897363192,1,22,5,4
smd,group23_evaluation,machine-2-5,sarad_official,1,17,19405,19413,"[8, 12, 13, 14, 11, 27, 29, 36, 24, 35, 7, 9, 5, 28, 26, 16, 17, 4, 37, 2, 0, 34, 21, 19, 6, 23, 25, 20, 32, 31, 3, 22, 15, 33, 10, 18, 30, 1]",1,1.0,0.25,0.4,1.0,1,4,1,1
smd,group23_evaluation,machine-2-5,sarad_official,1,17,19405,19413,"[8, 12, 13, 14, 11, 27, 29, 36, 24, 35, 7, 9, 5, 28, 26, 16, 17, 4, 37, 2, 0, 34, 21, 19, 6, 23, 25, 20, 32, 31, 3, 22, 15, 33, 10, 18, 30, 1]",3,1.0,0.75,0.8571428571428571,1.0,1,4,3,3
smd,group23_evaluation,machine-2-5,sarad_official,1,17,19405,19413,"[8, 12, 13, 14, 11, 27, 29, 36, 24, 35, 7, 9, 5, 28, 26, 16, 17, 4, 37, 2, 0, 34, 21, 19, 6, 23, 25, 20, 32, 31, 3, 22, 15, 33, 10, 18, 30, 1]",5,0.8,1.0,0.888888888888889,1.0,1,4,5,4
smd,group23_evaluation,machine-2-5,sarad_official,1,18,20846,20854,"[8, 12, 14, 13, 11, 27, 29, 9, 5, 36, 7, 24, 28, 4, 16, 26, 17, 2, 21, 37, 25, 23, 35, 0, 6, 15, 19, 34, 31, 32, 20, 3, 22, 33, 10, 18, 30, 1]",1,1.0,0.25,0.4,1.0,1,4,1,1
smd,group23_evaluation,machine-2-5,sarad_official,1,18,20846,20854,"[8, 12, 14, 13, 11, 27, 29, 9, 5, 36, 7, 24, 28, 4, 16, 26, 17, 2, 21, 37, 25, 23, 35, 0, 6, 15, 19, 34, 31, 32, 20, 3, 22, 33, 10, 18, 30, 1]",3,1.0,0.75,0.8571428571428571,1.0,1,4,3,3
smd,group23_evaluation,machine-2-5,sarad_official,1,18,20846,20854,"[8, 12, 14, 13, 11, 27, 29, 9, 5, 36, 7, 24, 28, 4, 16, 26, 17, 2, 21, 37, 25, 23, 35, 0, 6, 15, 19, 34, 31, 32, 20, 3, 22, 33, 10, 18, 30, 1]",5,0.8,1.0,0.888888888888889,1.0,1,4,5,4
smd,group23_evaluation,machine-2-5,sarad_official,1,19,22283,22294,"[8, 12, 29, 14, 13, 11, 27, 5, 0, 36, 9, 7, 28, 16, 26, 17, 4, 24, 37, 23, 21, 19, 2, 35, 25, 6, 20, 34, 15, 31, 3, 32, 22, 33, 18, 10, 30, 1]",1,1.0,0.25,0.4,1.0,1,4,1,1
smd,group23_evaluation,machine-2-5,sarad_official,1,19,22283,22294,"[8, 12, 29, 14, 13, 11, 27, 5, 0, 36, 9, 7, 28, 16, 26, 17, 4, 24, 37, 23, 21, 19, 2, 35, 25, 6, 20, 34, 15, 31, 3, 32, 22, 33, 18, 10, 30, 1]",3,0.6666666666666666,0.5,0.5714285714285715,0.7653606369886217,1,4,3,2
smd,group23_evaluation,machine-2-5,sarad_official,1,19,22283,22294,"[8, 12, 29, 14, 13, 11, 27, 5, 0, 36, 9, 7, 28, 16, 26, 17, 4, 24, 37, 23, 21, 19, 2, 35, 25, 6, 20, 34, 15, 31, 3, 32, 22, 33, 18, 10, 30, 1]",5,0.8,1.0,0.888888888888889,0.9558295932317544,1,4,5,4
smd,group23_evaluation,machine-2-5,sarad_official,1,20,23120,23141,"[0, 29, 11, 22, 37, 4, 28, 36, 16, 26, 5, 7, 17, 1, 6, 27, 19, 21, 9, 23, 24, 34, 25, 8, 3, 2, 14, 12, 31, 10, 20, 30, 35, 18, 33, 32, 13, 15]",1,1.0,0.3333333333333333,0.5,1.0,1,3,1,1
smd,group23_evaluation,machine-2-5,sarad_official,1,20,23120,23141,"[0, 29, 11, 22, 37, 4, 28, 36, 16, 26, 5, 7, 17, 1, 6, 27, 19, 21, 9, 23, 24, 34, 25, 8, 3, 2, 14, 12, 31, 10, 20, 30, 35, 18, 33, 32, 13, 15]",3,0.3333333333333333,0.3333333333333333,0.3333333333333333,0.46927872602275644,1,3,3,1
smd,group23_evaluation,machine-2-5,sarad_official,1,20,23120,23141,"[0, 29, 11, 22, 37, 4, 28, 36, 16, 26, 5, 7, 17, 1, 6, 27, 19, 21, 9, 23, 24, 34, 25, 8, 3, 2, 14, 12, 31, 10, 20, 30, 35, 18, 33, 32, 13, 15]",5,0.4,0.6666666666666666,0.5,0.6713860725233041,1,3,5,2
smd,group23_evaluation,machine-2-6,sarad_official,1,0,1170,1205,"[24, 31, 1, 3, 22, 0, 2, 19, 20, 35, 27, 29, 30, 18, 34, 21, 25, 6, 23, 4, 14, 7, 5, 11, 36, 37, 8, 13, 17, 16, 12, 26, 28, 32, 33, 10, 9, 15]",1,1.0,0.05,0.09523809523809523,1.0,1,20,1,1
smd,group23_evaluation,machine-2-6,sarad_official,1,0,1170,1205,"[24, 31, 1, 3, 22, 0, 2, 19, 20, 35, 27, 29, 30, 18, 34, 21, 25, 6, 23, 4, 14, 7, 5, 11, 36, 37, 8, 13, 17, 16, 12, 26, 28, 32, 33, 10, 9, 15]",3,1.0,0.15,0.2608695652173913,1.0,1,20,3,3
smd,group23_evaluation,machine-2-6,sarad_official,1,0,1170,1205,"[24, 31, 1, 3, 22, 0, 2, 19, 20, 35, 27, 29, 30, 18, 34, 21, 25, 6, 23, 4, 14, 7, 5, 11, 36, 37, 8, 13, 17, 16, 12, 26, 28, 32, 33, 10, 9, 15]",5,1.0,0.25,0.4,1.0,1,20,5,5
smd,group23_evaluation,machine-2-6,sarad_official,1,1,8188,8214,"[33, 1, 22, 19, 14, 3, 2, 29, 32, 18, 11, 16, 13, 30, 8, 24, 37, 27, 7, 0, 26, 20, 17, 6, 28, 21, 4, 25, 36, 12, 34, 23, 31, 5, 9, 35, 10, 15]",1,0.0,0.0,0.0,0.0,0,15,1,0
smd,group23_evaluation,machine-2-6,sarad_official,1,1,8188,8214,"[33, 1, 22, 19, 14, 3, 2, 29, 32, 18, 11, 16, 13, 30, 8, 24, 37, 27, 7, 0, 26, 20, 17, 6, 28, 21, 4, 25, 36, 12, 34, 23, 31, 5, 9, 35, 10, 15]",3,0.6666666666666666,0.13333333333333333,0.2222222222222222,0.5307212739772434,1,15,3,2
smd,group23_evaluation,machine-2-6,sarad_official,1,1,8188,8214,"[33, 1, 22, 19, 14, 3, 2, 29, 32, 18, 11, 16, 13, 30, 8, 24, 37, 27, 7, 0, 26, 20, 17, 6, 28, 21, 4, 25, 36, 12, 34, 23, 31, 5, 9, 35, 10, 15]",5,0.6,0.2,0.3,0.5296347172140421,1,15,5,3
smd,group23_evaluation,machine-2-6,sarad_official,1,2,8218,8235,"[33, 19, 29, 3, 22, 1, 2, 27, 20, 18, 30, 32, 0, 21, 24, 35, 6, 7, 25, 14, 23, 11, 16, 31, 34, 37, 8, 28, 4, 13, 17, 26, 12, 5, 36, 9, 15, 10]",1,0.0,0.0,0.0,0.0,0,15,1,0
smd,group23_evaluation,machine-2-6,sarad_official,1,2,8218,8235,"[33, 19, 29, 3, 22, 1, 2, 27, 20, 18, 30, 32, 0, 21, 24, 35, 6, 7, 25, 14, 23, 11, 16, 31, 34, 37, 8, 28, 4, 13, 17, 26, 12, 5, 36, 9, 15, 10]",3,0.6666666666666666,0.13333333333333333,0.2222222222222222,0.5307212739772434,1,15,3,2
smd,group23_evaluation,machine-2-6,sarad_official,1,2,8218,8235,"[33, 19, 29, 3, 22, 1, 2, 27, 20, 18, 30, 32, 0, 21, 24, 35, 6, 7, 25, 14, 23, 11, 16, 31, 34, 37, 8, 28, 4, 13, 17, 26, 12, 5, 36, 9, 15, 10]",5,0.8,0.26666666666666666,0.4,0.6608397947263839,1,15,5,4
smd,group23_evaluation,machine-2-6,sarad_official,1,3,13890,13995,"[33, 11, 12, 22, 1, 3, 9, 2, 13, 14, 8, 19, 7, 37, 6, 30, 4, 16, 36, 28, 17, 26, 18, 27, 23, 21, 24, 25, 32, 5, 0, 20, 10, 29, 35, 34, 15, 31]",1,1.0,0.25,0.4,1.0,1,4,1,1
smd,group23_evaluation,machine-2-6,sarad_official,1,3,13890,13995,"[33, 11, 12, 22, 1, 3, 9, 2, 13, 14, 8, 19, 7, 37, 6, 30, 4, 16, 36, 28, 17, 26, 18, 27, 23, 21, 24, 25, 32, 5, 0, 20, 10, 29, 35, 34, 15, 31]",3,1.0,0.75,0.8571428571428571,1.0,1,4,3,3
smd,group23_evaluation,machine-2-6,sarad_official,1,3,13890,13995,"[33, 11, 12, 22, 1, 3, 9, 2, 13, 14, 8, 19, 7, 37, 6, 30, 4, 16, 36, 28, 17, 26, 18, 27, 23, 21, 24, 25, 32, 5, 0, 20, 10, 29, 35, 34, 15, 31]",5,0.6,0.75,0.6666666666666665,0.8318724637288826,1,4,5,3
smd,group23_evaluation,machine-2-6,sarad_official,1,4,16720,16743,"[14, 13, 5, 12, 8, 1, 21, 11, 16, 26, 17, 7, 2, 28, 36, 4, 37, 18, 20, 0, 35, 9, 23, 27, 25, 3, 6, 24, 22, 34, 19, 10, 30, 33, 31, 29, 32, 15]",1,0.0,0.0,0.0,0.0,0,3,1,0
smd,group23_evaluation,machine-2-6,sarad_official,1,4,16720,16743,"[14, 13, 5, 12, 8, 1, 21, 11, 16, 26, 17, 7, 2, 28, 36, 4, 37, 18, 20, 0, 35, 9, 23, 27, 25, 3, 6, 24, 22, 34, 19, 10, 30, 33, 31, 29, 32, 15]",3,0.3333333333333333,0.3333333333333333,0.3333333333333333,0.2960819109658652,1,3,3,1
smd,group23_evaluation,machine-2-6,sarad_official,1,4,16720,16743,"[14, 13, 5, 12, 8, 1, 21, 11, 16, 26, 17, 7, 2, 28, 36, 4, 37, 18, 20, 0, 35, 9, 23, 27, 25, 3, 6, 24, 22, 34, 19, 10, 30, 33, 31, 29, 32, 15]",5,0.4,0.6666666666666666,0.5,0.4776237035032179,1,3,5,2
smd,group23_evaluation,machine-2-6,sarad_official,1,5,18122,18125,"[11, 12, 22, 3, 9, 2, 1, 5, 0, 8, 6, 36, 14, 4, 37, 17, 13, 7, 16, 28, 23, 19, 26, 20, 10, 33, 27, 24, 21, 35, 32, 25, 34, 15, 29, 30, 31, 18]",1,0.0,0.0,0.0,0.0,0,2,1,0
smd,group23_evaluation,machine-2-6,sarad_official,1,5,18122,18125,"[11, 12, 22, 3, 9, 2, 1, 5, 0, 8, 6, 36, 14, 4, 37, 17, 13, 7, 16, 28, 23, 19, 26, 20, 10, 33, 27, 24, 21, 35, 32, 25, 34, 15, 29, 30, 31, 18]",3,0.3333333333333333,0.5,0.4,0.38685280723454163,1,2,3,1
smd,group23_evaluation,machine-2-6,sarad_official,1,5,18122,18125,"[11, 12, 22, 3, 9, 2, 1, 5, 0, 8, 6, 36, 14, 4, 37, 17, 13, 7, 16, 28, 23, 19, 26, 20, 10, 33, 27, 24, 21, 35, 32, 25, 34, 15, 29, 30, 31, 18]",5,0.4,1.0,0.5714285714285715,0.6240505200038379,1,2,5,2
smd,group23_evaluation,machine-2-6,sarad_official,1,6,20620,20738,"[0, 14, 13, 8, 12, 11, 5, 1, 7, 2, 37, 9, 4, 36, 16, 21, 35, 28, 26, 17, 19, 15, 23, 20, 30, 18, 25, 6, 3, 24, 10, 34, 27, 32, 22, 31, 29, 33]",1,0.0,0.0,0.0,0.0,0,3,1,0
smd,group23_evaluation,machine-2-6,sarad_official,1,6,20620,20738,"[0, 14, 13, 8, 12, 11, 5, 1, 7, 2, 37, 9, 4, 36, 16, 21, 35, 28, 26, 17, 19, 15, 23, 20, 30, 18, 25, 6, 3, 24, 10, 34, 27, 32, 22, 31, 29, 33]",3,0.0,0.0,0.0,0.0,0,3,3,0
smd,group23_evaluation,machine-2-6,sarad_official,1,6,20620,20738,"[0, 14, 13, 8, 12, 11, 5, 1, 7, 2, 37, 9, 4, 36, 16, 21, 35, 28, 26, 17, 19, 15, 23, 20, 30, 18, 25, 6, 3, 24, 10, 34, 27, 32, 22, 31, 29, 33]",5,0.2,0.3333333333333333,0.25,0.18154179253735267,1,3,5,1
smd,group23_evaluation,machine-2-6,sarad_official,1,7,27883,27980,"[32, 24, 20, 22, 1, 29, 19, 35, 31, 27, 3, 21, 25, 2, 6, 0, 15, 30, 18, 23, 34, 33, 5, 10, 4, 7, 14, 11, 12, 8, 36, 37, 17, 13, 16, 26, 28, 9]",1,1.0,0.047619047619047616,0.0909090909090909,1.0,1,21,1,1
smd,group23_evaluation,machine-2-6,sarad_official,1,7,27883,27980,"[32, 24, 20, 22, 1, 29, 19, 35, 31, 27, 3, 21, 25, 2, 6, 0, 15, 30, 18, 23, 34, 33, 5, 10, 4, 7, 14, 11, 12, 8, 36, 37, 17, 13, 16, 26, 28, 9]",3,1.0,0.14285714285714285,0.25,1.0,1,21,3,3
smd,group23_evaluation,machine-2-6,sarad_official,1,7,27883,27980,"[32, 24, 20, 22, 1, 29, 19, 35, 31, 27, 3, 21, 25, 2, 6, 0, 15, 30, 18, 23, 34, 33, 5, 10, 4, 7, 14, 11, 12, 8, 36, 37, 17, 13, 16, 26, 28, 9]",5,1.0,0.23809523809523808,0.3846153846153846,1.0,1,21,5,5
smd,group23_evaluation,machine-2-7,sarad_official,1,0,664,667,"[12, 8, 13, 11, 27, 9, 36, 7, 5, 26, 28, 24, 16, 21, 4, 17, 37, 2, 14, 34, 6, 35, 23, 19, 31, 25, 0, 32, 3, 29, 20, 30, 10, 15, 33, 22, 18, 1]",1,1.0,0.3333333333333333,0.5,1.0,1,3,1,1
smd,group23_evaluation,machine-2-7,sarad_official,1,0,664,667,"[12, 8, 13, 11, 27, 9, 36, 7, 5, 26, 28, 24, 16, 21, 4, 17, 37, 2, 14, 34, 6, 35, 23, 19, 31, 25, 0, 32, 3, 29, 20, 30, 10, 15, 33, 22, 18, 1]",3,1.0,1.0,1.0,1.0,1,3,3,3
smd,group23_evaluation,machine-2-7,sarad_official,1,0,664,667,"[12, 8, 13, 11, 27, 9, 36, 7, 5, 26, 28, 24, 16, 21, 4, 17, 37, 2, 14, 34, 6, 35, 23, 19, 31, 25, 0, 32, 3, 29, 20, 30, 10, 15, 33, 22, 18, 1]",5,0.6,1.0,0.7499999999999999,1.0,1,3,5,3
smd,group23_evaluation,machine-2-7,sarad_official,1,1,2104,2107,"[12, 13, 11, 36, 5, 7, 9, 26, 8, 28, 16, 27, 17, 37, 24, 35, 14, 4, 34, 6, 21, 23, 25, 19, 0, 30, 31, 29, 2, 10, 3, 20, 33, 32, 22, 18, 1, 15]",1,1.0,0.5,0.6666666666666666,1.0,1,2,1,1
smd,group23_evaluation,machine-2-7,sarad_official,1,1,2104,2107,"[12, 13, 11, 36, 5, 7, 9, 26, 8, 28, 16, 27, 17, 37, 24, 35, 14, 4, 34, 6, 21, 23, 25, 19, 0, 30, 31, 29, 2, 10, 3, 20, 33, 32, 22, 18, 1, 15]",3,0.6666666666666666,1.0,0.8,1.0,1,2,3,2
smd,group23_evaluation,machine-2-7,sarad_official,1,1,2104,2107,"[12, 13, 11, 36, 5, 7, 9, 26, 8, 28, 16, 27, 17, 37, 24, 35, 14, 4, 34, 6, 21, 23, 25, 19, 0, 30, 31, 29, 2, 10, 3, 20, 33, 32, 22, 18, 1, 15]",5,0.4,1.0,0.5714285714285715,1.0,1,2,5,2
smd,group23_evaluation,machine-2-7,sarad_official,1,2,3544,3547,"[8, 12, 13, 11, 36, 27, 5, 9, 7, 14, 26, 28, 16, 17, 37, 24, 4, 21, 34, 6, 23, 35, 2, 33, 31, 0, 25, 19, 3, 29, 20, 32, 10, 30, 18, 22, 1, 15]",1,1.0,0.25,0.4,1.0,1,4,1,1
smd,group23_evaluation,machine-2-7,sarad_official,1,2,3544,3547,"[8, 12, 13, 11, 36, 27, 5, 9, 7, 14, 26, 28, 16, 17, 37, 24, 4, 21, 34, 6, 23, 35, 2, 33, 31, 0, 25, 19, 3, 29, 20, 32, 10, 30, 18, 22, 1, 15]",3,1.0,0.75,0.8571428571428571,1.0,1,4,3,3
smd,group23_evaluation,machine-2-7,sarad_official,1,2,3544,3547,"[8, 12, 13, 11, 36, 27, 5, 9, 7, 14, 26, 28, 16, 17, 37, 24, 4, 21, 34, 6, 23, 35, 2, 33, 31, 0, 25, 19, 3, 29, 20, 32, 10, 30, 18, 22, 1, 15]",5,0.6,0.75,0.6666666666666665,0.8318724637288826,1,4,5,3
smd,group23_evaluation,machine-2-7,sarad_official,1,3,4984,4987,"[12, 8, 13, 11, 27, 36, 14, 9, 5, 7, 25, 26, 24, 6, 16, 28, 4, 17, 35, 21, 23, 37, 2, 34, 19, 0, 31, 3, 29, 32, 20, 30, 10, 33, 15, 18, 1, 22]",1,1.0,0.25,0.4,1.0,1,4,1,1
smd,group23_evaluation,machine-2-7,sarad_official,1,3,4984,4987,"[12, 8, 13, 11, 27, 36, 14, 9, 5, 7, 25, 26, 24, 6, 16, 28, 4, 17, 35, 21, 23, 37, 2, 34, 19, 0, 31, 3, 29, 32, 20, 30, 10, 33, 15, 18, 1, 22]",3,1.0,0.75,0.8571428571428571,1.0,1,4,3,3
smd,group23_evaluation,machine-2-7,sarad_official,1,3,4984,4987,"[12, 8, 13, 11, 27, 36, 14, 9, 5, 7, 25, 26, 24, 6, 16, 28, 4, 17, 35, 21, 23, 37, 2, 34, 19, 0, 31, 3, 29, 32, 20, 30, 10, 33, 15, 18, 1, 22]",5,0.6,0.75,0.6666666666666665,0.8318724637288826,1,4,5,3
smd,group23_evaluation,machine-2-7,sarad_official,1,4,6030,6034,"[33, 24, 12, 35, 21, 22, 30, 18, 34, 20, 23, 4, 10, 37, 11, 32, 7, 17, 25, 16, 5, 29, 28, 26, 27, 31, 6, 19, 36, 0, 14, 3, 8, 15, 9, 1, 13, 2]",1,1.0,0.5,0.6666666666666666,1.0,1,2,1,1
smd,group23_evaluation,machine-2-7,sarad_official,1,4,6030,6034,"[33, 24, 12, 35, 21, 22, 30, 18, 34, 20, 23, 4, 10, 37, 11, 32, 7, 17, 25, 16, 5, 29, 28, 26, 27, 31, 6, 19, 36, 0, 14, 3, 8, 15, 9, 1, 13, 2]",3,0.3333333333333333,0.5,0.4,0.6131471927654584,1,2,3,1
smd,group23_evaluation,machine-2-7,sarad_official,1,4,6030,6034,"[33, 24, 12, 35, 21, 22, 30, 18, 34, 20, 23, 4, 10, 37, 11, 32, 7, 17, 25, 16, 5, 29, 28, 26, 27, 31, 6, 19, 36, 0, 14, 3, 8, 15, 9, 1, 13, 2]",5,0.2,0.5,0.28571428571428575,0.6131471927654584,1,2,5,1
smd,group23_evaluation,machine-2-7,sarad_official,1,5,7665,7669,"[29, 11, 28, 26, 16, 17, 36, 7, 37, 25, 23, 12, 21, 6, 4, 24, 8, 5, 27, 9, 35, 30, 34, 14, 19, 20, 32, 0, 3, 31, 33, 10, 18, 2, 1, 22, 13, 15]",1,1.0,1.0,1.0,1.0,1,1,1,1
smd,group23_evaluation,machine-2-7,sarad_official,1,5,7665,7669,"[29, 11, 28, 26, 16, 17, 36, 7, 37, 25, 23, 12, 21, 6, 4, 24, 8, 5, 27, 9, 35, 30, 34, 14, 19, 20, 32, 0, 3, 31, 33, 10, 18, 2, 1, 22, 13, 15]",3,0.3333333333333333,1.0,0.5,1.0,1,1,3,1
smd,group23_evaluation,machine-2-7,sarad_official,1,5,7665,7669,"[29, 11, 28, 26, 16, 17, 36, 7, 37, 25, 23, 12, 21, 6, 4, 24, 8, 5, 27, 9, 35, 30, 34, 14, 19, 20, 32, 0, 3, 31, 33, 10, 18, 2, 1, 22, 13, 15]",5,0.2,1.0,0.33333333333333337,1.0,1,1,5,1
smd,group23_evaluation,machine-2-7,sarad_official,1,6,7863,7867,"[12, 8, 11, 14, 29, 35, 27, 9, 13, 5, 7, 36, 24, 28, 26, 16, 17, 4, 21, 34, 37, 2, 6, 19, 0, 25, 23, 32, 3, 31, 20, 30, 10, 33, 18, 15, 22, 1]",1,1.0,0.25,0.4,1.0,1,4,1,1
smd,group23_evaluation,machine-2-7,sarad_official,1,6,7863,7867,"[12, 8, 11, 14, 29, 35, 27, 9, 13, 5, 7, 36, 24, 28, 26, 16, 17, 4, 21, 34, 37, 2, 6, 19, 0, 25, 23, 32, 3, 31, 20, 30, 10, 33, 18, 15, 22, 1]",3,0.6666666666666666,0.5,0.5714285714285715,0.7653606369886217,1,4,3,2
smd,group23_evaluation,machine-2-7,sarad_official,1,6,7863,7867,"[12, 8, 11, 14, 29, 35, 27, 9, 13, 5, 7, 36, 24, 28, 26, 16, 17, 4, 21, 34, 37, 2, 6, 19, 0, 25, 23, 32, 3, 31, 20, 30, 10, 33, 18, 15, 22, 1]",5,0.6,0.75,0.6666666666666665,0.8048099750039491,1,4,5,3
smd,group23_evaluation,machine-2-7,sarad_official,1,7,9304,9307,"[12, 8, 25, 13, 29, 11, 23, 35, 27, 24, 9, 36, 7, 2, 6, 26, 28, 4, 16, 34, 5, 14, 17, 21, 37, 19, 0, 32, 31, 3, 20, 30, 15, 10, 22, 33, 1, 18]",1,1.0,0.25,0.4,1.0,1,4,1,1
smd,group23_evaluation,machine-2-7,sarad_official,1,7,9304,9307,"[12, 8, 25, 13, 29, 11, 23, 35, 27, 24, 9, 36, 7, 2, 6, 26, 28, 4, 16, 34, 5, 14, 17, 21, 37, 19, 0, 32, 31, 3, 20, 30, 15, 10, 22, 33, 1, 18]",3,0.6666666666666666,0.5,0.5714285714285715,0.7653606369886217,1,4,3,2
smd,group23_evaluation,machine-2-7,sarad_official,1,7,9304,9307,"[12, 8, 25, 13, 29, 11, 23, 35, 27, 24, 9, 36, 7, 2, 6, 26, 28, 4, 16, 34, 5, 14, 17, 21, 37, 19, 0, 32, 31, 3, 20, 30, 15, 10, 22, 33, 1, 18]",5,0.6,0.75,0.6666666666666665,0.8048099750039491,1,4,5,3
smd,group23_evaluation,machine-2-7,sarad_official,1,8,10744,10747,"[12, 8, 13, 11, 29, 14, 27, 9, 5, 36, 24, 7, 2, 35, 21, 28, 26, 4, 16, 17, 34, 19, 37, 6, 0, 31, 15, 23, 32, 3, 20, 25, 10, 30, 33, 22, 18, 1]",1,1.0,0.25,0.4,1.0,1,4,1,1
smd,group23_evaluation,machine-2-7,sarad_official,1,8,10744,10747,"[12, 8, 13, 11, 29, 14, 27, 9, 5, 36, 24, 7, 2, 35, 21, 28, 26, 4, 16, 17, 34, 19, 37, 6, 0, 31, 15, 23, 32, 3, 20, 25, 10, 30, 33, 22, 18, 1]",3,1.0,0.75,0.8571428571428571,1.0,1,4,3,3
smd,group23_evaluation,machine-2-7,sarad_official,1,8,10744,10747,"[12, 8, 13, 11, 29, 14, 27, 9, 5, 36, 24, 7, 2, 35, 21, 28, 26, 4, 16, 17, 34, 19, 37, 6, 0, 31, 15, 23, 32, 3, 20, 25, 10, 30, 33, 22, 18, 1]",5,0.6,0.75,0.6666666666666665,0.8318724637288826,1,4,5,3
smd,group23_evaluation,machine-2-7,sarad_official,1,9,12099,12127,"[1, 0, 2, 3, 36, 11, 37, 4, 29, 32, 19, 16, 23, 21, 30, 20, 10, 25, 35, 8, 34, 28, 7, 6, 26, 31, 17, 27, 5, 9, 18, 12, 14, 33, 24, 22, 13, 15]",1,1.0,0.16666666666666666,0.2857142857142857,1.0,1,6,1,1
smd,group23_evaluation,machine-2-7,sarad_official,1,9,12099,12127,"[1, 0, 2, 3, 36, 11, 37, 4, 29, 32, 19, 16, 23, 21, 30, 20, 10, 25, 35, 8, 34, 28, 7, 6, 26, 31, 17, 27, 5, 9, 18, 12, 14, 33, 24, 22, 13, 15]",3,1.0,0.5,0.6666666666666666,1.0,1,6,3,3
smd,group23_evaluation,machine-2-7,sarad_official,1,9,12099,12127,"[1, 0, 2, 3, 36, 11, 37, 4, 29, 32, 19, 16, 23, 21, 30, 20, 10, 25, 35, 8, 34, 28, 7, 6, 26, 31, 17, 27, 5, 9, 18, 12, 14, 33, 24, 22, 13, 15]",5,0.8,0.6666666666666666,0.7272727272727272,0.8687949224876582,1,6,5,4
smd,group23_evaluation,machine-2-7,sarad_official,1,10,13623,13625,"[12, 8, 13, 29, 5, 11, 27, 9, 35, 36, 14, 24, 7, 26, 28, 16, 4, 17, 2, 6, 37, 21, 0, 34, 19, 31, 32, 23, 25, 3, 20, 30, 33, 10, 15, 22, 18, 1]",1,1.0,0.25,0.4,1.0,1,4,1,1
smd,group23_evaluation,machine-2-7,sarad_official,1,10,13623,13625,"[12, 8, 13, 29, 5, 11, 27, 9, 35, 36, 14, 24, 7, 26, 28, 16, 4, 17, 2, 6, 37, 21, 0, 34, 19, 31, 32, 23, 25, 3, 20, 30, 33, 10, 15, 22, 18, 1]",3,1.0,0.75,0.8571428571428571,1.0,1,4,3,3
smd,group23_evaluation,machine-2-7,sarad_official,1,10,13623,13625,"[12, 8, 13, 29, 5, 11, 27, 9, 35, 36, 14, 24, 7, 26, 28, 16, 4, 17, 2, 6, 37, 21, 0, 34, 19, 31, 32, 23, 25, 3, 20, 30, 33, 10, 15, 22, 18, 1]",5,0.6,0.75,0.6666666666666665,0.8318724637288826,1,4,5,3
smd,group23_evaluation,machine-2-7,sarad_official,1,11,14934,14938,"[33, 29, 26, 28, 16, 17, 11, 7, 37, 36, 6, 5, 4, 23, 12, 25, 8, 9, 24, 21, 19, 34, 14, 27, 0, 3, 20, 31, 18, 10, 30, 32, 35, 2, 13, 1, 22, 15]",1,1.0,0.5,0.6666666666666666,1.0,1,2,1,1
smd,group23_evaluation,machine-2-7,sarad_official,1,11,14934,14938,"[33, 29, 26, 28, 16, 17, 11, 7, 37, 36, 6, 5, 4, 23, 12, 25, 8, 9, 24, 21, 19, 34, 14, 27, 0, 3, 20, 31, 18, 10, 30, 32, 35, 2, 13, 1, 22, 15]",3,0.3333333333333333,0.5,0.4,0.6131471927654584,1,2,3,1
smd,group23_evaluation,machine-2-7,sarad_official,1,11,14934,14938,"[33, 29, 26, 28, 16, 17, 11, 7, 37, 36, 6, 5, 4, 23, 12, 25, 8, 9, 24, 21, 19, 34, 14, 27, 0, 3, 20, 31, 18, 10, 30, 32, 35, 2, 13, 1, 22, 15]",5,0.2,0.5,0.28571428571428575,0.6131471927654584,1,2,5,1
smd,group23_evaluation,machine-2-7,sarad_official,1,12,15063,15066,"[12, 8, 13, 29, 11, 27, 9, 14, 5, 36, 24, 7, 2, 28, 26, 16, 4, 35, 21, 17, 34, 37, 19, 0, 6, 23, 25, 31, 32, 15, 3, 20, 30, 10, 22, 33, 18, 1]",1,1.0,0.25,0.4,1.0,1,4,1,1
smd,group23_evaluation,machine-2-7,sarad_official,1,12,15063,15066,"[12, 8, 13, 29, 11, 27, 9, 14, 5, 36, 24, 7, 2, 28, 26, 16, 4, 35, 21, 17, 34, 37, 19, 0, 6, 23, 25, 31, 32, 15, 3, 20, 30, 10, 22, 33, 18, 1]",3,1.0,0.75,0.8571428571428571,1.0,1,4,3,3
smd,group23_evaluation,machine-2-7,sarad_official,1,12,15063,15066,"[12, 8, 13, 29, 11, 27, 9, 14, 5, 36, 24, 7, 2, 28, 26, 16, 4, 35, 21, 17, 34, 37, 19, 0, 6, 23, 25, 31, 32, 15, 3, 20, 30, 10, 22, 33, 18, 1]",5,0.6,0.75,0.6666666666666665,0.8318724637288826,1,4,5,3
smd,group23_evaluation,machine-2-7,sarad_official,1,13,16534,16557,"[12, 8, 14, 29, 11, 27, 9, 0, 13, 36, 24, 5, 7, 2, 28, 26, 4, 16, 17, 21, 35, 37, 34, 19, 6, 15, 31, 32, 3, 25, 23, 20, 22, 33, 30, 10, 18, 1]",1,1.0,0.25,0.4,1.0,1,4,1,1
smd,group23_evaluation,machine-2-7,sarad_official,1,13,16534,16557,"[12, 8, 14, 29, 11, 27, 9, 0, 13, 36, 24, 5, 7, 2, 28, 26, 4, 16, 17, 21, 35, 37, 34, 19, 6, 15, 31, 32, 3, 25, 23, 20, 22, 33, 30, 10, 18, 1]",3,1.0,0.75,0.8571428571428571,1.0,1,4,3,3
smd,group23_evaluation,machine-2-7,sarad_official,1,13,16534,16557,"[12, 8, 14, 29, 11, 27, 9, 0, 13, 36, 24, 5, 7, 2, 28, 26, 4, 16, 17, 21, 35, 37, 34, 19, 6, 15, 31, 32, 3, 25, 23, 20, 22, 33, 30, 10, 18, 1]",5,0.6,0.75,0.6666666666666665,0.8318724637288826,1,4,5,3
smd,group23_evaluation,machine-2-7,sarad_official,1,14,17978,17981,"[12, 8, 14, 13, 29, 11, 27, 9, 35, 24, 36, 7, 5, 21, 4, 2, 28, 26, 16, 15, 17, 6, 37, 19, 34, 23, 31, 25, 32, 0, 3, 22, 10, 20, 18, 33, 30, 1]",1,1.0,0.25,0.4,1.0,1,4,1,1
smd,group23_evaluation,machine-2-7,sarad_official,1,14,17978,17981,"[12, 8, 14, 13, 29, 11, 27, 9, 35, 24, 36, 7, 5, 21, 4, 2, 28, 26, 16, 15, 17, 6, 37, 19, 34, 23, 31, 25, 32, 0, 3, 22, 10, 20, 18, 33, 30, 1]",3,1.0,0.75,0.8571428571428571,1.0,1,4,3,3
smd,group23_evaluation,machine-2-7,sarad_official,1,14,17978,17981,"[12, 8, 14, 13, 29, 11, 27, 9, 35, 24, 36, 7, 5, 21, 4, 2, 28, 26, 16, 15, 17, 6, 37, 19, 34, 23, 31, 25, 32, 0, 3, 22, 10, 20, 18, 33, 30, 1]",5,0.8,1.0,0.888888888888889,1.0,1,4,5,4
smd,group23_evaluation,machine-2-7,sarad_official,1,15,18639,18944,"[28, 15, 29, 10, 20, 18, 31, 0, 27, 22, 24, 3, 2, 30, 21, 35, 32, 7, 26, 33, 4, 5, 12, 34, 19, 37, 25, 6, 1, 11, 14, 23, 8, 36, 16, 17, 9, 13]",1,1.0,0.047619047619047616,0.0909090909090909,1.0,1,21,1,1
smd,group23_evaluation,machine-2-7,sarad_official,1,15,18639,18944,"[28, 15, 29, 10, 20, 18, 31, 0, 27, 22, 24, 3, 2, 30, 21, 35, 32, 7, 26, 33, 4, 5, 12, 34, 19, 37, 25, 6, 1, 11, 14, 23, 8, 36, 16, 17, 9, 13]",3,0.6666666666666666,0.09523809523809523,0.16666666666666666,0.7653606369886217,1,21,3,2
smd,group23_evaluation,machine-2-7,sarad_official,1,15,18639,18944,"[28, 15, 29, 10, 20, 18, 31, 0, 27, 22, 24, 3, 2, 30, 21, 35, 32, 7, 26, 33, 4, 5, 12, 34, 19, 37, 25, 6, 1, 11, 14, 23, 8, 36, 16, 17, 9, 13]",5,0.8,0.19047619047619047,0.3076923076923077,0.830419897363192,1,21,5,4
smd,group23_evaluation,machine-2-7,sarad_official,1,16,19411,19418,"[12, 8, 29, 11, 14, 5, 27, 35, 9, 36, 7, 24, 13, 26, 28, 16, 21, 17, 4, 37, 34, 19, 2, 6, 23, 0, 31, 25, 20, 32, 3, 22, 10, 33, 30, 15, 18, 1]",1,1.0,0.25,0.4,1.0,1,4,1,1
smd,group23_evaluation,machine-2-7,sarad_official,1,16,19411,19418,"[12, 8, 29, 11, 14, 5, 27, 35, 9, 36, 7, 24, 13, 26, 28, 16, 21, 17, 4, 37, 34, 19, 2, 6, 23, 0, 31, 25, 20, 32, 3, 22, 10, 33, 30, 15, 18, 1]",3,0.6666666666666666,0.5,0.5714285714285715,0.7653606369886217,1,4,3,2
smd,group23_evaluation,machine-2-7,sarad_official,1,16,19411,19418,"[12, 8, 29, 11, 14, 5, 27, 35, 9, 36, 7, 24, 13, 26, 28, 16, 21, 17, 4, 37, 34, 19, 2, 6, 23, 0, 31, 25, 20, 32, 3, 22, 10, 33, 30, 15, 18, 1]",5,0.6,0.75,0.6666666666666665,0.787702056960637,1,4,5,3
smd,group23_evaluation,machine-2-7,sarad_official,1,17,20853,20857,"[12, 8, 14, 11, 29, 27, 13, 9, 36, 7, 5, 25, 24, 28, 16, 26, 21, 17, 4, 2, 19, 37, 35, 23, 6, 0, 34, 31, 32, 20, 3, 15, 30, 33, 22, 10, 18, 1]",1,1.0,0.25,0.4,1.0,1,4,1,1
smd,group23_evaluation,machine-2-7,sarad_official,1,17,20853,20857,"[12, 8, 14, 11, 29, 27, 13, 9, 36, 7, 5, 25, 24, 28, 16, 26, 21, 17, 4, 2, 19, 37, 35, 23, 6, 0, 34, 31, 32, 20, 3, 15, 30, 33, 22, 10, 18, 1]",3,1.0,0.75,0.8571428571428571,1.0,1,4,3,3
smd,group23_evaluation,machine-2-7,sarad_official,1,17,20853,20857,"[12, 8, 14, 11, 29, 27, 13, 9, 36, 7, 5, 25, 24, 28, 16, 26, 21, 17, 4, 2, 19, 37, 35, 23, 6, 0, 34, 31, 32, 20, 3, 15, 30, 33, 22, 10, 18, 1]",5,0.6,0.75,0.6666666666666665,0.8318724637288826,1,4,5,3
smd,group23_evaluation,machine-2-7,sarad_official,1,18,22291,22296,"[12, 8, 29, 14, 11, 27, 5, 9, 13, 36, 7, 26, 28, 16, 17, 24, 21, 4, 37, 19, 6, 23, 35, 0, 25, 2, 34, 31, 20, 3, 32, 22, 33, 10, 15, 30, 18, 1]",1,1.0,0.25,0.4,1.0,1,4,1,1
smd,group23_evaluation,machine-2-7,sarad_official,1,18,22291,22296,"[12, 8, 29, 14, 11, 27, 5, 9, 13, 36, 7, 26, 28, 16, 17, 24, 21, 4, 37, 19, 6, 23, 35, 0, 25, 2, 34, 31, 20, 3, 32, 22, 33, 10, 15, 30, 18, 1]",3,0.6666666666666666,0.5,0.5714285714285715,0.7653606369886217,1,4,3,2
smd,group23_evaluation,machine-2-7,sarad_official,1,18,22291,22296,"[12, 8, 29, 14, 11, 27, 5, 9, 13, 36, 7, 26, 28, 16, 17, 24, 21, 4, 37, 19, 6, 23, 35, 0, 25, 2, 34, 31, 20, 3, 32, 22, 33, 10, 15, 30, 18, 1]",5,0.6,0.75,0.6666666666666665,0.8048099750039491,1,4,5,3
smd,group23_evaluation,machine-2-7,sarad_official,1,19,22924,22927,"[9, 29, 5, 33, 32, 18, 27, 19, 24, 25, 20, 4, 6, 22, 21, 8, 37, 11, 10, 26, 23, 3, 12, 2, 7, 14, 30, 15, 28, 13, 16, 36, 31, 34, 17, 0, 1, 35]",1,1.0,1.0,1.0,1.0,1,1,1,1
smd,group23_evaluation,machine-2-7,sarad_official,1,19,22924,22927,"[9, 29, 5, 33, 32, 18, 27, 19, 24, 25, 20, 4, 6, 22, 21, 8, 37, 11, 10, 26, 23, 3, 12, 2, 7, 14, 30, 15, 28, 13, 16, 36, 31, 34, 17, 0, 1, 35]",3,0.3333333333333333,1.0,0.5,1.0,1,1,3,1
smd,group23_evaluation,machine-2-7,sarad_official,1,19,22924,22927,"[9, 29, 5, 33, 32, 18, 27, 19, 24, 25, 20, 4, 6, 22, 21, 8, 37, 11, 10, 26, 23, 3, 12, 2, 7, 14, 30, 15, 28, 13, 16, 36, 31, 34, 17, 0, 1, 35]",5,0.2,1.0,0.33333333333333337,1.0,1,1,5,1
smd,group23_evaluation,machine-2-8,sarad_official,1,0,17580,17741,"[28, 15, 9, 16, 8, 0, 29, 2, 19, 18, 10, 3, 17, 14, 27, 32, 1, 20, 22, 35, 21, 13, 33, 4, 31, 34, 30, 36, 12, 7, 25, 26, 5, 11, 6, 24, 37, 23]",1,1.0,0.029411764705882353,0.05714285714285715,1.0,1,34,1,1
smd,group23_evaluation,machine-2-8,sarad_official,1,0,17580,17741,"[28, 15, 9, 16, 8, 0, 29, 2, 19, 18, 10, 3, 17, 14, 27, 32, 1, 20, 22, 35, 21, 13, 33, 4, 31, 34, 30, 36, 12, 7, 25, 26, 5, 11, 6, 24, 37, 23]",3,1.0,0.08823529411764706,0.1621621621621622,1.0,1,34,3,3
smd,group23_evaluation,machine-2-8,sarad_official,1,0,17580,17741,"[28, 15, 9, 16, 8, 0, 29, 2, 19, 18, 10, 3, 17, 14, 27, 32, 1, 20, 22, 35, 21, 13, 33, 4, 31, 34, 30, 36, 12, 7, 25, 26, 5, 11, 6, 24, 37, 23]",5,1.0,0.14705882352941177,0.25641025641025644,1.0,1,34,5,5
smd,group23_evaluation,machine-2-9,sarad_official,1,0,15131,15253,"[24, 19, 18, 1, 3, 2, 35, 34, 30, 6, 33, 36, 16, 37, 7, 21, 28, 26, 27, 0, 17, 4, 20, 23, 15, 5, 10, 25, 31, 8, 12, 9, 11, 14, 29, 32, 22, 13]",1,0.0,0.0,0.0,0.0,0,12,1,0
smd,group23_evaluation,machine-2-9,sarad_official,1,0,15131,15253,"[24, 19, 18, 1, 3, 2, 35, 34, 30, 6, 33, 36, 16, 37, 7, 21, 28, 26, 27, 0, 17, 4, 20, 23, 15, 5, 10, 25, 31, 8, 12, 9, 11, 14, 29, 32, 22, 13]",3,0.6666666666666666,0.16666666666666666,0.26666666666666666,0.5307212739772434,1,12,3,2
smd,group23_evaluation,machine-2-9,sarad_official,1,0,15131,15253,"[24, 19, 18, 1, 3, 2, 35, 34, 30, 6, 33, 36, 16, 37, 7, 21, 28, 26, 27, 0, 17, 4, 20, 23, 15, 5, 10, 25, 31, 8, 12, 9, 11, 14, 29, 32, 22, 13]",5,0.8,0.3333333333333333,0.47058823529411764,0.6608397947263839,1,12,5,4
smd,group23_evaluation,machine-2-9,sarad_official,1,1,15598,16012,"[9, 11, 14, 12, 8, 24, 1, 35, 2, 6, 33, 7, 34, 15, 36, 37, 4, 17, 13, 19, 5, 28, 10, 23, 32, 27, 26, 3, 16, 21, 18, 25, 30, 20, 22, 0, 31, 29]",1,1.0,0.05555555555555555,0.10526315789473684,1.0,1,18,1,1
smd,group23_evaluation,machine-2-9,sarad_official,1,1,15598,16012,"[9, 11, 14, 12, 8, 24, 1, 35, 2, 6, 33, 7, 34, 15, 36, 37, 4, 17, 13, 19, 5, 28, 10, 23, 32, 27, 26, 3, 16, 21, 18, 25, 30, 20, 22, 0, 31, 29]",3,1.0,0.16666666666666666,0.2857142857142857,1.0,1,18,3,3
smd,group23_evaluation,machine-2-9,sarad_official,1,1,15598,16012,"[9, 11, 14, 12, 8, 24, 1, 35, 2, 6, 33, 7, 34, 15, 36, 37, 4, 17, 13, 19, 5, 28, 10, 23, 32, 27, 26, 3, 16, 21, 18, 25, 30, 20, 22, 0, 31, 29]",5,1.0,0.2777777777777778,0.4347826086956522,1.0,1,18,5,5
smd,group23_evaluation,machine-2-9,sarad_official,1,2,16729,16982,"[9, 11, 14, 12, 8, 32, 13, 34, 35, 1, 24, 4, 15, 6, 27, 22, 7, 33, 19, 5, 37, 36, 2, 10, 25, 20, 21, 18, 23, 28, 30, 26, 17, 0, 16, 29, 3, 31]",1,1.0,0.125,0.2222222222222222,1.0,1,8,1,1
smd,group23_evaluation,machine-2-9,sarad_official,1,2,16729,16982,"[9, 11, 14, 12, 8, 32, 13, 34, 35, 1, 24, 4, 15, 6, 27, 22, 7, 33, 19, 5, 37, 36, 2, 10, 25, 20, 21, 18, 23, 28, 30, 26, 17, 0, 16, 29, 3, 31]",3,1.0,0.375,0.5454545454545454,1.0,1,8,3,3
smd,group23_evaluation,machine-2-9,sarad_official,1,2,16729,16982,"[9, 11, 14, 12, 8, 32, 13, 34, 35, 1, 24, 4, 15, 6, 27, 22, 7, 33, 19, 5, 37, 36, 2, 10, 25, 20, 21, 18, 23, 28, 30, 26, 17, 0, 16, 29, 3, 31]",5,1.0,0.625,0.7692307692307693,1.0,1,8,5,5
smd,group23_evaluation,machine-2-9,sarad_official,1,3,17083,17286,"[22, 19, 24, 18, 32, 3, 1, 2, 0, 25, 27, 30, 20, 31, 34, 21, 35, 23, 6, 4, 33, 7, 36, 37, 16, 28, 29, 26, 5, 17, 10, 15, 8, 12, 9, 11, 14, 13]",1,1.0,0.05,0.09523809523809523,1.0,1,20,1,1
smd,group23_evaluation,machine-2-9,sarad_official,1,3,17083,17286,"[22, 19, 24, 18, 32, 3, 1, 2, 0, 25, 27, 30, 20, 31, 34, 21, 35, 23, 6, 4, 33, 7, 36, 37, 16, 28, 29, 26, 5, 17, 10, 15, 8, 12, 9, 11, 14, 13]",3,1.0,0.15,0.2608695652173913,1.0,1,20,3,3
smd,group23_evaluation,machine-2-9,sarad_official,1,3,17083,17286,"[22, 19, 24, 18, 32, 3, 1, 2, 0, 25, 27, 30, 20, 31, 34, 21, 35, 23, 6, 4, 33, 7, 36, 37, 16, 28, 29, 26, 5, 17, 10, 15, 8, 12, 9, 11, 14, 13]",5,1.0,0.25,0.4,1.0,1,20,5,5
smd,group23_evaluation,machine-2-9,sarad_official,1,4,17914,18096,"[11, 9, 14, 12, 35, 15, 6, 8, 33, 34, 10, 24, 37, 7, 13, 36, 17, 28, 26, 16, 4, 23, 1, 25, 5, 19, 21, 20, 27, 2, 0, 32, 3, 22, 29, 18, 31, 30]",1,1.0,0.2,0.33333333333333337,1.0,1,5,1,1
smd,group23_evaluation,machine-2-9,sarad_official,1,4,17914,18096,"[11, 9, 14, 12, 35, 15, 6, 8, 33, 34, 10, 24, 37, 7, 13, 36, 17, 28, 26, 16, 4, 23, 1, 25, 5, 19, 21, 20, 27, 2, 0, 32, 3, 22, 29, 18, 31, 30]",3,0.6666666666666666,0.4,0.5,0.7039180890341347,1,5,3,2
smd,group23_evaluation,machine-2-9,sarad_official,1,4,17914,18096,"[11, 9, 14, 12, 35, 15, 6, 8, 33, 34, 10, 24, 37, 7, 13, 36, 17, 28, 26, 16, 4, 23, 1, 25, 5, 19, 21, 20, 27, 2, 0, 32, 3, 22, 29, 18, 31, 30]",5,0.6,0.6,0.6,0.6548086577531307,1,5,5,3
smd,group23_evaluation,machine-2-9,sarad_official,1,5,19157,19501,"[9, 11, 14, 8, 12, 13, 32, 15, 4, 6, 7, 36, 33, 24, 23, 37, 35, 10, 27, 28, 5, 19, 16, 26, 17, 25, 21, 34, 2, 29, 20, 22, 1, 0, 30, 3, 18, 31]",1,1.0,0.1111111111111111,0.19999999999999998,1.0,1,9,1,1
smd,group23_evaluation,machine-2-9,sarad_official,1,5,19157,19501,"[9, 11, 14, 8, 12, 13, 32, 15, 4, 6, 7, 36, 33, 24, 23, 37, 35, 10, 27, 28, 5, 19, 16, 26, 17, 25, 21, 34, 2, 29, 20, 22, 1, 0, 30, 3, 18, 31]",3,1.0,0.3333333333333333,0.5,1.0,1,9,3,3
smd,group23_evaluation,machine-2-9,sarad_official,1,5,19157,19501,"[9, 11, 14, 8, 12, 13, 32, 15, 4, 6, 7, 36, 33, 24, 23, 37, 35, 10, 27, 28, 5, 19, 16, 26, 17, 25, 21, 34, 2, 29, 20, 22, 1, 0, 30, 3, 18, 31]",5,1.0,0.5555555555555556,0.7142857142857143,1.0,1,9,5,5
smd,group23_evaluation,machine-2-9,sarad_official,1,6,20615,20845,"[9, 11, 12, 14, 8, 13, 1, 32, 15, 6, 4, 24, 33, 27, 36, 10, 37, 7, 35, 23, 25, 2, 28, 22, 17, 16, 19, 26, 5, 21, 20, 34, 0, 29, 30, 3, 18, 31]",1,1.0,0.125,0.2222222222222222,1.0,1,8,1,1
smd,group23_evaluation,machine-2-9,sarad_official,1,6,20615,20845,"[9, 11, 12, 14, 8, 13, 1, 32, 15, 6, 4, 24, 33, 27, 36, 10, 37, 7, 35, 23, 25, 2, 28, 22, 17, 16, 19, 26, 5, 21, 20, 34, 0, 29, 30, 3, 18, 31]",3,1.0,0.375,0.5454545454545454,1.0,1,8,3,3
smd,group23_evaluation,machine-2-9,sarad_official,1,6,20615,20845,"[9, 11, 12, 14, 8, 13, 1, 32, 15, 6, 4, 24, 33, 27, 36, 10, 37, 7, 35, 23, 25, 2, 28, 22, 17, 16, 19, 26, 5, 21, 20, 34, 0, 29, 30, 3, 18, 31]",5,1.0,0.625,0.7692307692307693,1.0,1,8,5,5
smd,group23_evaluation,machine-2-9,sarad_official,1,7,24475,24478,"[8, 14, 12, 11, 13, 1, 27, 15, 34, 36, 7, 9, 4, 26, 16, 23, 28, 2, 21, 35, 5, 17, 24, 6, 37, 33, 32, 20, 25, 10, 3, 19, 0, 31, 18, 22, 29, 30]",1,1.0,0.25,0.4,1.0,1,4,1,1
smd,group23_evaluation,machine-2-9,sarad_official,1,7,24475,24478,"[8, 14, 12, 11, 13, 1, 27, 15, 34, 36, 7, 9, 4, 26, 16, 23, 28, 2, 21, 35, 5, 17, 24, 6, 37, 33, 32, 20, 25, 10, 3, 19, 0, 31, 18, 22, 29, 30]",3,1.0,0.75,0.8571428571428571,1.0,1,4,3,3
smd,group23_evaluation,machine-2-9,sarad_official,1,7,24475,24478,"[8, 14, 12, 11, 13, 1, 27, 15, 34, 36, 7, 9, 4, 26, 16, 23, 28, 2, 21, 35, 5, 17, 24, 6, 37, 33, 32, 20, 25, 10, 3, 19, 0, 31, 18, 22, 29, 30]",5,0.8,1.0,0.888888888888889,0.9828920819566879,1,4,5,4
smd,group23_evaluation,machine-2-9,sarad_official,1,8,25904,25906,"[8, 14, 12, 13, 27, 11, 1, 36, 34, 15, 9, 35, 33, 16, 7, 26, 4, 28, 3, 17, 6, 0, 5, 23, 19, 37, 21, 24, 2, 20, 18, 32, 30, 25, 10, 31, 29, 22]",1,1.0,0.25,0.4,1.0,1,4,1,1
smd,group23_evaluation,machine-2-9,sarad_official,1,8,25904,25906,"[8, 14, 12, 13, 27, 11, 1, 36, 34, 15, 9, 35, 33, 16, 7, 26, 4, 28, 3, 17, 6, 0, 5, 23, 19, 37, 21, 24, 2, 20, 18, 32, 30, 25, 10, 31, 29, 22]",3,1.0,0.75,0.8571428571428571,1.0,1,4,3,3
smd,group23_evaluation,machine-2-9,sarad_official,1,8,25904,25906,"[8, 14, 12, 13, 27, 11, 1, 36, 34, 15, 9, 35, 33, 16, 7, 26, 4, 28, 3, 17, 6, 0, 5, 23, 19, 37, 21, 24, 2, 20, 18, 32, 30, 25, 10, 31, 29, 22]",5,0.8,1.0,0.888888888888889,1.0,1,4,5,4
smd,group23_evaluation,machine-2-9,sarad_official,1,9,27356,27358,"[8, 14, 12, 13, 27, 11, 35, 34, 36, 9, 15, 33, 7, 4, 5, 21, 26, 28, 16, 2, 17, 6, 24, 1, 23, 37, 10, 25, 3, 19, 32, 20, 31, 0, 22, 18, 29, 30]",1,1.0,0.25,0.4,1.0,1,4,1,1
smd,group23_evaluation,machine-2-9,sarad_official,1,9,27356,27358,"[8, 14, 12, 13, 27, 11, 35, 34, 36, 9, 15, 33, 7, 4, 5, 21, 26, 28, 16, 2, 17, 6, 24, 1, 23, 37, 10, 25, 3, 19, 32, 20, 31, 0, 22, 18, 29, 30]",3,1.0,0.75,0.8571428571428571,1.0,1,4,3,3
smd,group23_evaluation,machine-2-9,sarad_official,1,9,27356,27358,"[8, 14, 12, 13, 27, 11, 35, 34, 36, 9, 15, 33, 7, 4, 5, 21, 26, 28, 16, 2, 17, 6, 24, 1, 23, 37, 10, 25, 3, 19, 32, 20, 31, 0, 22, 18, 29, 30]",5,0.8,1.0,0.888888888888889,1.0,1,4,5,4
smd,group23_evaluation,machine-3-1,sarad_official,1,0,1209,1240,"[25, 23, 22, 10, 13, 9, 27, 18, 15, 20, 7, 31, 32, 8, 19, 12, 14, 21, 11, 26, 5, 28, 37, 17, 30, 4, 16, 36, 6, 24, 0, 33, 2, 1, 29, 3, 34, 35]",1,1.0,0.08333333333333333,0.15384615384615385,1.0,1,12,1,1
smd,group23_evaluation,machine-3-1,sarad_official,1,0,1209,1240,"[25, 23, 22, 10, 13, 9, 27, 18, 15, 20, 7, 31, 32, 8, 19, 12, 14, 21, 11, 26, 5, 28, 37, 17, 30, 4, 16, 36, 6, 24, 0, 33, 2, 1, 29, 3, 34, 35]",3,1.0,0.25,0.4,1.0,1,12,3,3
smd,group23_evaluation,machine-3-1,sarad_official,1,0,1209,1240,"[25, 23, 22, 10, 13, 9, 27, 18, 15, 20, 7, 31, 32, 8, 19, 12, 14, 21, 11, 26, 5, 28, 37, 17, 30, 4, 16, 36, 6, 24, 0, 33, 2, 1, 29, 3, 34, 35]",5,0.6,0.25,0.35294117647058826,0.7227265726449519,1,12,5,3
smd,group23_evaluation,machine-3-1,sarad_official,1,1,5399,5530,"[26, 10, 32, 15, 33, 25, 7, 35, 23, 13, 22, 18, 27, 34, 20, 21, 4, 29, 19, 37, 6, 1, 5, 2, 28, 0, 24, 3, 30, 31, 14, 11, 36, 8, 12, 9, 16, 17]",1,1.0,0.3333333333333333,0.5,1.0,1,3,1,1
smd,group23_evaluation,machine-3-1,sarad_official,1,1,5399,5530,"[26, 10, 32, 15, 33, 25, 7, 35, 23, 13, 22, 18, 27, 34, 20, 21, 4, 29, 19, 37, 6, 1, 5, 2, 28, 0, 24, 3, 30, 31, 14, 11, 36, 8, 12, 9, 16, 17]",3,0.6666666666666666,0.6666666666666666,0.6666666666666666,0.7039180890341347,1,3,3,2
smd,group23_evaluation,machine-3-1,sarad_official,1,1,5399,5530,"[26, 10, 32, 15, 33, 25, 7, 35, 23, 13, 22, 18, 27, 34, 20, 21, 4, 29, 19, 37, 6, 1, 5, 2, 28, 0, 24, 3, 30, 31, 14, 11, 36, 8, 12, 9, 16, 17]",5,0.6,1.0,0.7499999999999999,0.8854598815714874,1,3,5,3
smd,group23_evaluation,machine-3-1,sarad_official,1,2,10696,10717,"[13, 10, 15, 0, 14, 12, 11, 2, 1, 27, 20, 19, 5, 32, 8, 36, 4, 18, 9, 37, 21, 7, 16, 23, 6, 26, 30, 28, 17, 25, 3, 31, 34, 22, 24, 29, 35, 33]",1,0.0,0.0,0.0,0.0,0,8,1,0
smd,group23_evaluation,machine-3-1,sarad_official,1,2,10696,10717,"[13, 10, 15, 0, 14, 12, 11, 2, 1, 27, 20, 19, 5, 32, 8, 36, 4, 18, 9, 37, 21, 7, 16, 23, 6, 26, 30, 28, 17, 25, 3, 31, 34, 22, 24, 29, 35, 33]",3,0.0,0.0,0.0,0.0,0,8,3,0
smd,group23_evaluation,machine-3-1,sarad_official,1,2,10696,10717,"[13, 10, 15, 0, 14, 12, 11, 2, 1, 27, 20, 19, 5, 32, 8, 36, 4, 18, 9, 37, 21, 7, 16, 23, 6, 26, 30, 28, 17, 25, 3, 31, 34, 22, 24, 29, 35, 33]",5,0.2,0.125,0.15384615384615385,0.14606834984270645,1,8,5,1
smd,group23_evaluation,machine-3-1,sarad_official,1,3,27839,27964,"[35, 34, 0, 20, 18, 1, 19, 3, 27, 2, 30, 15, 10, 22, 21, 31, 9, 5, 13, 4, 25, 12, 23, 11, 36, 37, 7, 24, 32, 6, 14, 29, 33, 16, 8, 26, 17, 28]",1,1.0,0.06666666666666667,0.125,1.0,1,15,1,1
smd,group23_evaluation,machine-3-1,sarad_official,1,3,27839,27964,"[35, 34, 0, 20, 18, 1, 19, 3, 27, 2, 30, 15, 10, 22, 21, 31, 9, 5, 13, 4, 25, 12, 23, 11, 36, 37, 7, 24, 32, 6, 14, 29, 33, 16, 8, 26, 17, 28]",3,1.0,0.2,0.33333333333333337,1.0,1,15,3,3
smd,group23_evaluation,machine-3-1,sarad_official,1,3,27839,27964,"[35, 34, 0, 20, 18, 1, 19, 3, 27, 2, 30, 15, 10, 22, 21, 31, 9, 5, 13, 4, 25, 12, 23, 11, 36, 37, 7, 24, 32, 6, 14, 29, 33, 16, 8, 26, 17, 28]",5,1.0,0.3333333333333333,0.5,1.0,1,15,5,5
smd,group23_evaluation,machine-3-10,sarad_official,1,0,326,329,"[32, 33, 7, 26, 16, 6, 28, 10, 17, 37, 34, 19, 24, 9, 11, 8, 29, 22, 0, 4, 36, 1, 12, 25, 21, 3, 23, 20, 14, 5, 2, 27, 31, 18, 30, 15, 13, 35]",1,1.0,0.5,0.6666666666666666,1.0,1,2,1,1
smd,group23_evaluation,machine-3-10,sarad_official,1,0,326,329,"[32, 33, 7, 26, 16, 6, 28, 10, 17, 37, 34, 19, 24, 9, 11, 8, 29, 22, 0, 4, 36, 1, 12, 25, 21, 3, 23, 20, 14, 5, 2, 27, 31, 18, 30, 15, 13, 35]",3,0.6666666666666666,1.0,0.8,1.0,1,2,3,2
smd,group23_evaluation,machine-3-10,sarad_official,1,0,326,329,"[32, 33, 7, 26, 16, 6, 28, 10, 17, 37, 34, 19, 24, 9, 11, 8, 29, 22, 0, 4, 36, 1, 12, 25, 21, 3, 23, 20, 14, 5, 2, 27, 31, 18, 30, 15, 13, 35]",5,0.4,1.0,0.5714285714285715,1.0,1,2,5,2
smd,group23_evaluation,machine-3-10,sarad_official,1,1,2155,2228,"[12, 11, 14, 4, 5, 8, 36, 13, 7, 26, 2, 33, 28, 27, 16, 37, 9, 17, 24, 35, 21, 34, 6, 32, 0, 23, 20, 25, 3, 1, 29, 10, 19, 30, 18, 15, 31, 22]",1,1.0,0.2,0.33333333333333337,1.0,1,5,1,1
smd,group23_evaluation,machine-3-10,sarad_official,1,1,2155,2228,"[12, 11, 14, 4, 5, 8, 36, 13, 7, 26, 2, 33, 28, 27, 16, 37, 9, 17, 24, 35, 21, 34, 6, 32, 0, 23, 20, 25, 3, 1, 29, 10, 19, 30, 18, 15, 31, 22]",3,1.0,0.6,0.7499999999999999,1.0,1,5,3,3
smd,group23_evaluation,machine-3-10,sarad_official,1,1,2155,2228,"[12, 11, 14, 4, 5, 8, 36, 13, 7, 26, 2, 33, 28, 27, 16, 37, 9, 17, 24, 35, 21, 34, 6, 32, 0, 23, 20, 25, 3, 1, 29, 10, 19, 30, 18, 15, 31, 22]",5,0.6,0.6,0.6,0.7227265726449519,1,5,5,3
smd,group23_evaluation,machine-3-10,sarad_official,1,2,2875,2951,"[34, 33, 26, 7, 28, 16, 17, 37, 36, 10, 0, 4, 32, 14, 21, 6, 27, 25, 12, 8, 11, 9, 2, 5, 19, 23, 3, 24, 30, 1, 20, 35, 18, 29, 31, 22, 15, 13]",1,1.0,0.125,0.2222222222222222,1.0,1,8,1,1
smd,group23_evaluation,machine-3-10,sarad_official,1,2,2875,2951,"[34, 33, 26, 7, 28, 16, 17, 37, 36, 10, 0, 4, 32, 14, 21, 6, 27, 25, 12, 8, 11, 9, 2, 5, 19, 23, 3, 24, 30, 1, 20, 35, 18, 29, 31, 22, 15, 13]",3,0.3333333333333333,0.125,0.18181818181818182,0.46927872602275644,1,8,3,1
smd,group23_evaluation,machine-3-10,sarad_official,1,2,2875,2951,"[34, 33, 26, 7, 28, 16, 17, 37, 36, 10, 0, 4, 32, 14, 21, 6, 27, 25, 12, 8, 11, 9, 2, 5, 19, 23, 3, 24, 30, 1, 20, 35, 18, 29, 31, 22, 15, 13]",5,0.2,0.125,0.15384615384615385,0.3391602052736161,1,8,5,1
smd,group23_evaluation,machine-3-10,sarad_official,1,3,3596,3599,"[12, 4, 36, 11, 33, 14, 7, 26, 28, 8, 16, 17, 9, 37, 24, 6, 27, 21, 0, 13, 5, 2, 34, 25, 10, 20, 30, 23, 3, 19, 35, 29, 1, 31, 18, 15, 22, 32]",1,1.0,0.2,0.33333333333333337,1.0,1,5,1,1
smd,group23_evaluation,machine-3-10,sarad_official,1,3,3596,3599,"[12, 4, 36, 11, 33, 14, 7, 26, 28, 8, 16, 17, 9, 37, 24, 6, 27, 21, 0, 13, 5, 2, 34, 25, 10, 20, 30, 23, 3, 19, 35, 29, 1, 31, 18, 15, 22, 32]",3,0.3333333333333333,0.2,0.25,0.46927872602275644,1,5,3,1
smd,group23_evaluation,machine-3-10,sarad_official,1,3,3596,3599,"[12, 4, 36, 11, 33, 14, 7, 26, 28, 8, 16, 17, 9, 37, 24, 6, 27, 21, 0, 13, 5, 2, 34, 25, 10, 20, 30, 23, 3, 19, 35, 29, 1, 31, 18, 15, 22, 32]",5,0.4,0.4,0.4000000000000001,0.48522855511632257,1,5,5,2
smd,group23_evaluation,machine-3-10,sarad_official,1,4,6486,6498,"[12, 36, 11, 4, 7, 26, 28, 2, 13, 15, 16, 17, 34, 14, 9, 8, 0, 37, 27, 24, 6, 21, 5, 20, 10, 25, 1, 33, 23, 3, 30, 29, 19, 31, 18, 35, 32, 22]",1,1.0,0.25,0.4,1.0,1,4,1,1
smd,group23_evaluation,machine-3-10,sarad_official,1,4,6486,6498,"[12, 36, 11, 4, 7, 26, 28, 2, 13, 15, 16, 17, 34, 14, 9, 8, 0, 37, 27, 24, 6, 21, 5, 20, 10, 25, 1, 33, 23, 3, 30, 29, 19, 31, 18, 35, 32, 22]",3,0.6666666666666666,0.5,0.5714285714285715,0.7039180890341347,1,4,3,2
smd,group23_evaluation,machine-3-10,sarad_official,1,4,6486,6498,"[12, 36, 11, 4, 7, 26, 28, 2, 13, 15, 16, 17, 34, 14, 9, 8, 0, 37, 27, 24, 6, 21, 5, 20, 10, 25, 1, 33, 23, 3, 30, 29, 19, 31, 18, 35, 32, 22]",5,0.4,0.5,0.4444444444444445,0.5855700749881525,1,4,5,2
smd,group23_evaluation,machine-3-10,sarad_official,1,5,7891,7901,"[12, 11, 36, 0, 26, 7, 28, 4, 14, 16, 17, 37, 8, 9, 10, 27, 2, 24, 5, 21, 6, 13, 34, 19, 20, 1, 25, 35, 30, 3, 33, 23, 29, 31, 18, 15, 22, 32]",1,1.0,0.25,0.4,1.0,1,4,1,1
smd,group23_evaluation,machine-3-10,sarad_official,1,5,7891,7901,"[12, 11, 36, 0, 26, 7, 28, 4, 14, 16, 17, 37, 8, 9, 10, 27, 2, 24, 5, 21, 6, 13, 34, 19, 20, 1, 25, 35, 30, 3, 33, 23, 29, 31, 18, 15, 22, 32]",3,0.6666666666666666,0.5,0.5714285714285715,0.7653606369886217,1,4,3,2
smd,group23_evaluation,machine-3-10,sarad_official,1,5,7891,7901,"[12, 11, 36, 0, 26, 7, 28, 4, 14, 16, 17, 37, 8, 9, 10, 27, 2, 24, 5, 21, 6, 13, 34, 19, 20, 1, 25, 35, 30, 3, 33, 23, 29, 31, 18, 15, 22, 32]",5,0.4,0.5,0.4444444444444445,0.6366824387328317,1,4,5,2
smd,group23_evaluation,machine-3-10,sarad_official,1,6,9336,9347,"[12, 36, 11, 4, 0, 26, 14, 7, 28, 10, 8, 9, 17, 16, 2, 27, 37, 13, 5, 6, 21, 24, 34, 3, 22, 1, 25, 19, 20, 33, 23, 30, 35, 15, 29, 31, 18, 32]",1,1.0,0.25,0.4,1.0,1,4,1,1
smd,group23_evaluation,machine-3-10,sarad_official,1,6,9336,9347,"[12, 36, 11, 4, 0, 26, 14, 7, 28, 10, 8, 9, 17, 16, 2, 27, 37, 13, 5, 6, 21, 24, 34, 3, 22, 1, 25, 19, 20, 33, 23, 30, 35, 15, 29, 31, 18, 32]",3,0.6666666666666666,0.5,0.5714285714285715,0.7039180890341347,1,4,3,2
smd,group23_evaluation,machine-3-10,sarad_official,1,6,9336,9347,"[12, 36, 11, 4, 0, 26, 14, 7, 28, 10, 8, 9, 17, 16, 2, 27, 37, 13, 5, 6, 21, 24, 34, 3, 22, 1, 25, 19, 20, 33, 23, 30, 35, 15, 29, 31, 18, 32]",5,0.4,0.5,0.4444444444444445,0.5855700749881525,1,4,5,2
smd,group23_evaluation,machine-3-10,sarad_official,1,7,10772,10782,"[12, 36, 26, 4, 11, 7, 28, 0, 16, 17, 10, 37, 9, 8, 2, 14, 27, 6, 21, 5, 24, 13, 34, 22, 19, 3, 1, 20, 25, 23, 33, 30, 35, 29, 31, 18, 15, 32]",1,1.0,0.25,0.4,1.0,1,4,1,1
smd,group23_evaluation,machine-3-10,sarad_official,1,7,10772,10782,"[12, 36, 26, 4, 11, 7, 28, 0, 16, 17, 10, 37, 9, 8, 2, 14, 27, 6, 21, 5, 24, 13, 34, 22, 19, 3, 1, 20, 25, 23, 33, 30, 35, 29, 31, 18, 15, 32]",3,0.3333333333333333,0.25,0.28571428571428575,0.46927872602275644,1,4,3,1
smd,group23_evaluation,machine-3-10,sarad_official,1,7,10772,10782,"[12, 36, 26, 4, 11, 7, 28, 0, 16, 17, 10, 37, 9, 8, 2, 14, 27, 6, 21, 5, 24, 13, 34, 22, 19, 3, 1, 20, 25, 23, 33, 30, 35, 29, 31, 18, 15, 32]",5,0.4,0.5,0.4444444444444445,0.5413996682199069,1,4,5,2
smd,group23_evaluation,machine-3-10,sarad_official,1,8,12219,12228,"[12, 11, 36, 26, 14, 4, 7, 28, 0, 17, 16, 9, 37, 10, 2, 8, 5, 21, 27, 6, 24, 13, 1, 19, 34, 3, 25, 20, 23, 33, 30, 29, 35, 31, 18, 22, 32, 15]",1,1.0,0.25,0.4,1.0,1,4,1,1
smd,group23_evaluation,machine-3-10,sarad_official,1,8,12219,12228,"[12, 11, 36, 26, 14, 4, 7, 28, 0, 17, 16, 9, 37, 10, 2, 8, 5, 21, 27, 6, 24, 13, 1, 19, 34, 3, 25, 20, 23, 33, 30, 29, 35, 31, 18, 22, 32, 15]",3,0.6666666666666666,0.5,0.5714285714285715,0.7653606369886217,1,4,3,2
smd,group23_evaluation,machine-3-10,sarad_official,1,8,12219,12228,"[12, 11, 36, 26, 14, 4, 7, 28, 0, 17, 16, 9, 37, 10, 2, 8, 5, 21, 27, 6, 24, 13, 1, 19, 34, 3, 25, 20, 23, 33, 30, 29, 35, 31, 18, 22, 32, 15]",5,0.4,0.5,0.4444444444444445,0.6366824387328317,1,4,5,2
smd,group23_evaluation,machine-3-10,sarad_official,1,9,13148,13441,"[3, 1, 15, 0, 2, 10, 33, 24, 5, 32, 22, 25, 21, 23, 36, 30, 35, 20, 13, 26, 37, 16, 7, 34, 4, 28, 19, 27, 6, 17, 11, 8, 18, 12, 14, 9, 29, 31]",1,1.0,0.05263157894736842,0.1,1.0,1,19,1,1
smd,group23_evaluation,machine-3-10,sarad_official,1,9,13148,13441,"[3, 1, 15, 0, 2, 10, 33, 24, 5, 32, 22, 25, 21, 23, 36, 30, 35, 20, 13, 26, 37, 16, 7, 34, 4, 28, 19, 27, 6, 17, 11, 8, 18, 12, 14, 9, 29, 31]",3,1.0,0.15789473684210525,0.2727272727272727,1.0,1,19,3,3
smd,group23_evaluation,machine-3-10,sarad_official,1,9,13148,13441,"[3, 1, 15, 0, 2, 10, 33, 24, 5, 32, 22, 25, 21, 23, 36, 30, 35, 20, 13, 26, 37, 16, 7, 34, 4, 28, 19, 27, 6, 17, 11, 8, 18, 12, 14, 9, 29, 31]",5,1.0,0.2631578947368421,0.4166666666666667,1.0,1,19,5,5
smd,group23_evaluation,machine-3-10,sarad_official,1,10,14655,14673,"[29, 6, 34, 10, 32, 26, 7, 28, 25, 16, 17, 37, 23, 21, 36, 4, 24, 30, 15, 9, 8, 5, 35, 14, 12, 11, 27, 33, 3, 19, 18, 0, 20, 31, 2, 1, 22, 13]",1,1.0,0.08333333333333333,0.15384615384615385,1.0,1,12,1,1
smd,group23_evaluation,machine-3-10,sarad_official,1,10,14655,14673,"[29, 6, 34, 10, 32, 26, 7, 28, 25, 16, 17, 37, 23, 21, 36, 4, 24, 30, 15, 9, 8, 5, 35, 14, 12, 11, 27, 33, 3, 19, 18, 0, 20, 31, 2, 1, 22, 13]",3,1.0,0.25,0.4,1.0,1,12,3,3
smd,group23_evaluation,machine-3-10,sarad_official,1,10,14655,14673,"[29, 6, 34, 10, 32, 26, 7, 28, 25, 16, 17, 37, 23, 21, 36, 4, 24, 30, 15, 9, 8, 5, 35, 14, 12, 11, 27, 33, 3, 19, 18, 0, 20, 31, 2, 1, 22, 13]",5,0.6,0.25,0.35294117647058826,0.7227265726449519,1,12,5,3
smd,group23_evaluation,machine-3-10,sarad_official,1,11,21500,21601,"[15, 10, 22, 5, 24, 2, 1, 0, 3, 30, 20, 21, 35, 4, 27, 11, 19, 36, 29, 37, 25, 18, 6, 7, 23, 17, 32, 34, 16, 14, 28, 9, 26, 13, 8, 12, 31, 33]",1,1.0,0.07142857142857142,0.13333333333333333,1.0,1,14,1,1
smd,group23_evaluation,machine-3-10,sarad_official,1,11,21500,21601,"[15, 10, 22, 5, 24, 2, 1, 0, 3, 30, 20, 21, 35, 4, 27, 11, 19, 36, 29, 37, 25, 18, 6, 7, 23, 17, 32, 34, 16, 14, 28, 9, 26, 13, 8, 12, 31, 33]",3,1.0,0.21428571428571427,0.35294117647058826,1.0,1,14,3,3
smd,group23_evaluation,machine-3-10,sarad_official,1,11,21500,21601,"[15, 10, 22, 5, 24, 2, 1, 0, 3, 30, 20, 21, 35, 4, 27, 11, 19, 36, 29, 37, 25, 18, 6, 7, 23, 17, 32, 34, 16, 14, 28, 9, 26, 13, 8, 12, 31, 33]",5,0.8,0.2857142857142857,0.4210526315789473,0.8539316501572937,1,14,5,4
smd,group23_evaluation,machine-3-10,sarad_official,1,12,21785,22213,"[15, 10, 5, 2, 3, 0, 1, 24, 30, 22, 21, 20, 27, 25, 23, 19, 35, 36, 4, 37, 7, 16, 26, 28, 6, 17, 13, 11, 14, 32, 8, 34, 29, 12, 18, 9, 33, 31]",1,1.0,0.07142857142857142,0.13333333333333333,1.0,1,14,1,1
smd,group23_evaluation,machine-3-10,sarad_official,1,12,21785,22213,"[15, 10, 5, 2, 3, 0, 1, 24, 30, 22, 21, 20, 27, 25, 23, 19, 35, 36, 4, 37, 7, 16, 26, 28, 6, 17, 13, 11, 14, 32, 8, 34, 29, 12, 18, 9, 33, 31]",3,0.6666666666666666,0.14285714285714285,0.23529411764705882,0.7653606369886217,1,14,3,2
smd,group23_evaluation,machine-3-10,sarad_official,1,12,21785,22213,"[15, 10, 5, 2, 3, 0, 1, 24, 30, 22, 21, 20, 27, 25, 23, 19, 35, 36, 4, 37, 7, 16, 26, 28, 6, 17, 13, 11, 14, 32, 8, 34, 29, 12, 18, 9, 33, 31]",5,0.8,0.2857142857142857,0.4210526315789473,0.830419897363192,1,14,5,4
smd,group23_evaluation,machine-3-11,sarad_official,1,0,21230,21296,"[15, 1, 31, 2, 3, 9, 0, 5, 6, 29, 13, 25, 4, 36, 22, 19, 10, 23, 18, 33, 20, 21, 35, 27, 32, 34, 30, 37, 12, 7, 24, 16, 8, 11, 17, 26, 28, 14]",1,1.0,0.043478260869565216,0.08333333333333333,1.0,1,23,1,1
smd,group23_evaluation,machine-3-11,sarad_official,1,0,21230,21296,"[15, 1, 31, 2, 3, 9, 0, 5, 6, 29, 13, 25, 4, 36, 22, 19, 10, 23, 18, 33, 20, 21, 35, 27, 32, 34, 30, 37, 12, 7, 24, 16, 8, 11, 17, 26, 28, 14]",3,1.0,0.13043478260869565,0.23076923076923078,1.0,1,23,3,3
smd,group23_evaluation,machine-3-11,sarad_official,1,0,21230,21296,"[15, 1, 31, 2, 3, 9, 0, 5, 6, 29, 13, 25, 4, 36, 22, 19, 10, 23, 18, 33, 20, 21, 35, 27, 32, 34, 30, 37, 12, 7, 24, 16, 8, 11, 17, 26, 28, 14]",5,1.0,0.21739130434782608,0.3571428571428571,1.0,1,23,5,5
smd,group23_evaluation,machine-3-11,sarad_official,1,1,27825,27951,"[15, 1, 31, 3, 13, 0, 2, 36, 20, 33, 22, 27, 25, 18, 21, 19, 9, 4, 34, 6, 35, 23, 32, 37, 30, 5, 7, 29, 24, 16, 12, 10, 11, 17, 8, 28, 26, 14]",1,0.0,0.0,0.0,0.0,0,20,1,0
smd,group23_evaluation,machine-3-11,sarad_official,1,1,27825,27951,"[15, 1, 31, 3, 13, 0, 2, 36, 20, 33, 22, 27, 25, 18, 21, 19, 9, 4, 34, 6, 35, 23, 32, 37, 30, 5, 7, 29, 24, 16, 12, 10, 11, 17, 8, 28, 26, 14]",3,0.6666666666666666,0.1,0.1739130434782609,0.5307212739772434,1,20,3,2
smd,group23_evaluation,machine-3-11,sarad_official,1,1,27825,27951,"[15, 1, 31, 3, 13, 0, 2, 36, 20, 33, 22, 27, 25, 18, 21, 19, 9, 4, 34, 6, 35, 23, 32, 37, 30, 5, 7, 29, 24, 16, 12, 10, 11, 17, 8, 28, 26, 14]",5,0.6,0.15,0.24,0.5296347172140421,1,20,5,3
smd,group23_evaluation,machine-3-11,sarad_official,1,2,27995,28001,"[15, 3, 25, 31, 9, 13, 0, 18, 36, 10, 33, 2, 6, 23, 1, 19, 34, 29, 27, 30, 5, 22, 20, 4, 35, 21, 8, 24, 32, 37, 11, 7, 14, 12, 26, 28, 17, 16]",1,0.0,0.0,0.0,0.0,0,2,1,0
smd,group23_evaluation,machine-3-11,sarad_official,1,2,27995,28001,"[15, 3, 25, 31, 9, 13, 0, 18, 36, 10, 33, 2, 6, 23, 1, 19, 34, 29, 27, 30, 5, 22, 20, 4, 35, 21, 8, 24, 32, 37, 11, 7, 14, 12, 26, 28, 17, 16]",3,0.0,0.0,0.0,0.0,0,2,3,0
smd,group23_evaluation,machine-3-11,sarad_official,1,2,27995,28001,"[15, 3, 25, 31, 9, 13, 0, 18, 36, 10, 33, 2, 6, 23, 1, 19, 34, 29, 27, 30, 5, 22, 20, 4, 35, 21, 8, 24, 32, 37, 11, 7, 14, 12, 26, 28, 17, 16]",5,0.2,0.5,0.28571428571428575,0.23719771276929622,1,2,5,1
smd,group23_evaluation,machine-3-2,sarad_official,1,0,135,161,"[20, 12, 29, 30, 27, 19, 21, 11, 18, 35, 34, 31, 26, 28, 7, 37, 17, 16, 15, 4, 24, 8, 5, 6, 14, 23, 25, 36, 9, 0, 32, 2, 33, 3, 1, 22, 10, 13]",1,0.0,0.0,0.0,0.0,0,4,1,0
smd,group23_evaluation,machine-3-2,sarad_official,1,0,135,161,"[20, 12, 29, 30, 27, 19, 21, 11, 18, 35, 34, 31, 26, 28, 7, 37, 17, 16, 15, 4, 24, 8, 5, 6, 14, 23, 25, 36, 9, 0, 32, 2, 33, 3, 1, 22, 10, 13]",3,0.3333333333333333,0.25,0.28571428571428575,0.2960819109658652,1,4,3,1
smd,group23_evaluation,machine-3-2,sarad_official,1,0,135,161,"[20, 12, 29, 30, 27, 19, 21, 11, 18, 35, 34, 31, 26, 28, 7, 37, 17, 16, 15, 4, 24, 8, 5, 6, 14, 23, 25, 36, 9, 0, 32, 2, 33, 3, 1, 22, 10, 13]",5,0.2,0.25,0.22222222222222224,0.24630238874073,1,4,5,1
smd,group23_evaluation,machine-3-2,sarad_official,1,1,3080,3917,"[16, 29, 20, 21, 19, 27, 18, 30, 22, 35, 37, 32, 31, 34, 13, 15, 12, 24, 2, 1, 28, 14, 8, 23, 4, 11, 7, 5, 33, 26, 17, 36, 25, 3, 0, 6, 9, 10]",1,1.0,0.25,0.4,1.0,1,4,1,1
smd,group23_evaluation,machine-3-2,sarad_official,1,1,3080,3917,"[16, 29, 20, 21, 19, 27, 18, 30, 22, 35, 37, 32, 31, 34, 13, 15, 12, 24, 2, 1, 28, 14, 8, 23, 4, 11, 7, 5, 33, 26, 17, 36, 25, 3, 0, 6, 9, 10]",3,0.3333333333333333,0.25,0.28571428571428575,0.46927872602275644,1,4,3,1
smd,group23_evaluation,machine-3-2,sarad_official,1,1,3080,3917,"[16, 29, 20, 21, 19, 27, 18, 30, 22, 35, 37, 32, 31, 34, 13, 15, 12, 24, 2, 1, 28, 14, 8, 23, 4, 11, 7, 5, 33, 26, 17, 36, 25, 3, 0, 6, 9, 10]",5,0.2,0.25,0.22222222222222224,0.3903800499921017,1,4,5,1
smd,group23_evaluation,machine-3-2,sarad_official,1,2,9139,9144,"[17, 22, 27, 34, 4, 15, 26, 18, 14, 29, 20, 30, 37, 35, 21, 33, 32, 11, 2, 24, 0, 19, 28, 7, 1, 25, 8, 5, 23, 36, 10, 31, 3, 9, 13, 12, 6, 16]",1,1.0,0.25,0.4,1.0,1,4,1,1
smd,group23_evaluation,machine-3-2,sarad_official,1,2,9139,9144,"[17, 22, 27, 34, 4, 15, 26, 18, 14, 29, 20, 30, 37, 35, 21, 33, 32, 11, 2, 24, 0, 19, 28, 7, 1, 25, 8, 5, 23, 36, 10, 31, 3, 9, 13, 12, 6, 16]",3,0.3333333333333333,0.25,0.28571428571428575,0.46927872602275644,1,4,3,1
smd,group23_evaluation,machine-3-2,sarad_official,1,2,9139,9144,"[17, 22, 27, 34, 4, 15, 26, 18, 14, 29, 20, 30, 37, 35, 21, 33, 32, 11, 2, 24, 0, 19, 28, 7, 1, 25, 8, 5, 23, 36, 10, 31, 3, 9, 13, 12, 6, 16]",5,0.2,0.25,0.22222222222222224,0.3903800499921017,1,4,5,1
smd,group23_evaluation,machine-3-2,sarad_official,1,3,9199,9204,"[18, 24, 36, 25, 7, 27, 17, 19, 26, 31, 29, 15, 20, 22, 28, 37, 33, 32, 10, 5, 0, 30, 3, 13, 21, 2, 34, 35, 1, 23, 4, 6, 11, 12, 8, 14, 16, 9]",1,0.0,0.0,0.0,0.0,0,3,1,0
smd,group23_evaluation,machine-3-2,sarad_official,1,3,9199,9204,"[18, 24, 36, 25, 7, 27, 17, 19, 26, 31, 29, 15, 20, 22, 28, 37, 33, 32, 10, 5, 0, 30, 3, 13, 21, 2, 34, 35, 1, 23, 4, 6, 11, 12, 8, 14, 16, 9]",3,0.0,0.0,0.0,0.0,0,3,3,0
smd,group23_evaluation,machine-3-2,sarad_official,1,3,9199,9204,"[18, 24, 36, 25, 7, 27, 17, 19, 26, 31, 29, 15, 20, 22, 28, 37, 33, 32, 10, 5, 0, 30, 3, 13, 21, 2, 34, 35, 1, 23, 4, 6, 11, 12, 8, 14, 16, 9]",5,0.0,0.0,0.0,0.0,0,3,5,0
smd,group23_evaluation,machine-3-2,sarad_official,1,4,15577,15582,"[29, 19, 31, 34, 35, 8, 27, 3, 20, 2, 26, 24, 30, 28, 16, 21, 7, 17, 37, 32, 13, 36, 15, 6, 18, 23, 4, 0, 1, 25, 11, 5, 12, 33, 9, 14, 10, 22]",1,0.0,0.0,0.0,0.0,0,5,1,0
smd,group23_evaluation,machine-3-2,sarad_official,1,4,15577,15582,"[29, 19, 31, 34, 35, 8, 27, 3, 20, 2, 26, 24, 30, 28, 16, 21, 7, 17, 37, 32, 13, 36, 15, 6, 18, 23, 4, 0, 1, 25, 11, 5, 12, 33, 9, 14, 10, 22]",3,0.0,0.0,0.0,0.0,0,5,3,0
smd,group23_evaluation,machine-3-2,sarad_official,1,4,15577,15582,"[29, 19, 31, 34, 35, 8, 27, 3, 20, 2, 26, 24, 30, 28, 16, 21, 7, 17, 37, 32, 13, 36, 15, 6, 18, 23, 4, 0, 1, 25, 11, 5, 12, 33, 9, 14, 10, 22]",5,0.4,0.4,0.4000000000000001,0.27727342735504823,1,5,5,2
smd,group23_evaluation,machine-3-2,sarad_official,1,5,11900,12023,"[13, 29, 20, 12, 30, 27, 19, 18, 21, 15, 35, 34, 8, 14, 31, 32, 7, 4, 36, 2, 24, 26, 28, 37, 16, 17, 11, 6, 23, 0, 25, 1, 5, 9, 3, 33, 10, 22]",1,1.0,0.3333333333333333,0.5,1.0,1,3,1,1
smd,group23_evaluation,machine-3-2,sarad_official,1,5,11900,12023,"[13, 29, 20, 12, 30, 27, 19, 18, 21, 15, 35, 34, 8, 14, 31, 32, 7, 4, 36, 2, 24, 26, 28, 37, 16, 17, 11, 6, 23, 0, 25, 1, 5, 9, 3, 33, 10, 22]",3,0.3333333333333333,0.3333333333333333,0.3333333333333333,0.46927872602275644,1,3,3,1
smd,group23_evaluation,machine-3-2,sarad_official,1,5,11900,12023,"[13, 29, 20, 12, 30, 27, 19, 18, 21, 15, 35, 34, 8, 14, 31, 32, 7, 4, 36, 2, 24, 26, 28, 37, 16, 17, 11, 6, 23, 0, 25, 1, 5, 9, 3, 33, 10, 22]",5,0.4,0.6666666666666666,0.5,0.6713860725233041,1,3,5,2
smd,group23_evaluation,machine-3-2,sarad_official,1,6,15644,15739,"[14, 13, 29, 11, 8, 12, 19, 31, 20, 35, 27, 34, 7, 15, 21, 32, 2, 30, 4, 26, 36, 28, 17, 16, 24, 37, 23, 6, 5, 18, 1, 3, 25, 0, 9, 33, 22, 10]",1,1.0,0.25,0.4,1.0,1,4,1,1
smd,group23_evaluation,machine-3-2,sarad_official,1,6,15644,15739,"[14, 13, 29, 11, 8, 12, 19, 31, 20, 35, 27, 34, 7, 15, 21, 32, 2, 30, 4, 26, 36, 28, 17, 16, 24, 37, 23, 6, 5, 18, 1, 3, 25, 0, 9, 33, 22, 10]",3,0.6666666666666666,0.5,0.5714285714285715,0.7653606369886217,1,4,3,2
smd,group23_evaluation,machine-3-2,sarad_official,1,6,15644,15739,"[14, 13, 29, 11, 8, 12, 19, 31, 20, 35, 27, 34, 7, 15, 21, 32, 2, 30, 4, 26, 36, 28, 17, 16, 24, 37, 23, 6, 5, 18, 1, 3, 25, 0, 9, 33, 22, 10]",5,0.6,0.75,0.6666666666666665,0.8048099750039491,1,4,5,3
smd,group23_evaluation,machine-3-2,sarad_official,1,7,20717,20723,"[10, 3, 2, 15, 36, 29, 12, 0, 20, 35, 30, 1, 27, 9, 19, 34, 21, 18, 32, 6, 7, 37, 24, 26, 11, 16, 28, 31, 17, 4, 25, 33, 8, 5, 22, 23, 13, 14]",1,1.0,0.5,0.6666666666666666,1.0,1,2,1,1
smd,group23_evaluation,machine-3-2,sarad_official,1,7,20717,20723,"[10, 3, 2, 15, 36, 29, 12, 0, 20, 35, 30, 1, 27, 9, 19, 34, 21, 18, 32, 6, 7, 37, 24, 26, 11, 16, 28, 31, 17, 4, 25, 33, 8, 5, 22, 23, 13, 14]",3,0.3333333333333333,0.5,0.4,0.6131471927654584,1,2,3,1
smd,group23_evaluation,machine-3-2,sarad_official,1,7,20717,20723,"[10, 3, 2, 15, 36, 29, 12, 0, 20, 35, 30, 1, 27, 9, 19, 34, 21, 18, 32, 6, 7, 37, 24, 26, 11, 16, 28, 31, 17, 4, 25, 33, 8, 5, 22, 23, 13, 14]",5,0.2,0.5,0.28571428571428575,0.6131471927654584,1,2,5,1
smd,group23_evaluation,machine-3-2,sarad_official,1,8,23059,23062,"[3, 12, 2, 0, 1, 8, 15, 29, 27, 20, 30, 19, 21, 31, 35, 34, 13, 9, 7, 26, 14, 18, 24, 36, 28, 11, 16, 4, 32, 17, 37, 5, 6, 25, 23, 33, 22, 10]",1,0.0,0.0,0.0,0.0,0,3,1,0
smd,group23_evaluation,machine-3-2,sarad_official,1,8,23059,23062,"[3, 12, 2, 0, 1, 8, 15, 29, 27, 20, 30, 19, 21, 31, 35, 34, 13, 9, 7, 26, 14, 18, 24, 36, 28, 11, 16, 4, 32, 17, 37, 5, 6, 25, 23, 33, 22, 10]",3,0.3333333333333333,0.3333333333333333,0.3333333333333333,0.2960819109658652,1,3,3,1
smd,group23_evaluation,machine-3-2,sarad_official,1,8,23059,23062,"[3, 12, 2, 0, 1, 8, 15, 29, 27, 20, 30, 19, 21, 31, 35, 34, 13, 9, 7, 26, 14, 18, 24, 36, 28, 11, 16, 4, 32, 17, 37, 5, 6, 25, 23, 33, 22, 10]",5,0.2,0.3333333333333333,0.25,0.2960819109658652,1,3,5,1
smd,group23_evaluation,machine-3-3,sarad_official,1,0,739,742,"[10, 9, 11, 4, 20, 21, 37, 15, 32, 0, 34, 36, 24, 27, 5, 35, 19, 31, 18, 8, 30, 7, 22, 2, 26, 6, 25, 14, 17, 23, 28, 12, 29, 16, 3, 33, 1, 13]",1,1.0,0.25,0.4,1.0,1,4,1,1
smd,group23_evaluation,machine-3-3,sarad_official,1,0,739,742,"[10, 9, 11, 4, 20, 21, 37, 15, 32, 0, 34, 36, 24, 27, 5, 35, 19, 31, 18, 8, 30, 7, 22, 2, 26, 6, 25, 14, 17, 23, 28, 12, 29, 16, 3, 33, 1, 13]",3,1.0,0.75,0.8571428571428571,1.0,1,4,3,3
smd,group23_evaluation,machine-3-3,sarad_official,1,0,739,742,"[10, 9, 11, 4, 20, 21, 37, 15, 32, 0, 34, 36, 24, 27, 5, 35, 19, 31, 18, 8, 30, 7, 22, 2, 26, 6, 25, 14, 17, 23, 28, 12, 29, 16, 3, 33, 1, 13]",5,0.6,0.75,0.6666666666666665,0.8318724637288826,1,4,5,3
smd,group23_evaluation,machine-3-3,sarad_official,1,1,1808,1814,"[17, 4, 37, 29, 36, 20, 10, 21, 0, 18, 26, 11, 3, 24, 35, 5, 19, 34, 9, 30, 23, 2, 16, 6, 32, 13, 27, 7, 14, 1, 28, 25, 31, 12, 8, 15, 33, 22]",1,1.0,1.0,1.0,1.0,1,1,1,1
smd,group23_evaluation,machine-3-3,sarad_official,1,1,1808,1814,"[17, 4, 37, 29, 36, 20, 10, 21, 0, 18, 26, 11, 3, 24, 35, 5, 19, 34, 9, 30, 23, 2, 16, 6, 32, 13, 27, 7, 14, 1, 28, 25, 31, 12, 8, 15, 33, 22]",3,0.3333333333333333,1.0,0.5,1.0,1,1,3,1
smd,group23_evaluation,machine-3-3,sarad_official,1,1,1808,1814,"[17, 4, 37, 29, 36, 20, 10, 21, 0, 18, 26, 11, 3, 24, 35, 5, 19, 34, 9, 30, 23, 2, 16, 6, 32, 13, 27, 7, 14, 1, 28, 25, 31, 12, 8, 15, 33, 22]",5,0.2,1.0,0.33333333333333337,1.0,1,1,5,1
smd,group23_evaluation,machine-3-3,sarad_official,1,2,2179,2182,"[10, 11, 9, 21, 29, 24, 20, 37, 36, 30, 35, 4, 32, 27, 2, 25, 22, 34, 7, 6, 31, 8, 18, 19, 0, 26, 23, 17, 12, 16, 28, 5, 3, 14, 33, 1, 15, 13]",1,1.0,0.25,0.4,1.0,1,4,1,1
smd,group23_evaluation,machine-3-3,sarad_official,1,2,2179,2182,"[10, 11, 9, 21, 29, 24, 20, 37, 36, 30, 35, 4, 32, 27, 2, 25, 22, 34, 7, 6, 31, 8, 18, 19, 0, 26, 23, 17, 12, 16, 28, 5, 3, 14, 33, 1, 15, 13]",3,1.0,0.75,0.8571428571428571,1.0,1,4,3,3
smd,group23_evaluation,machine-3-3,sarad_official,1,2,2179,2182,"[10, 11, 9, 21, 29, 24, 20, 37, 36, 30, 35, 4, 32, 27, 2, 25, 22, 34, 7, 6, 31, 8, 18, 19, 0, 26, 23, 17, 12, 16, 28, 5, 3, 14, 33, 1, 15, 13]",5,0.6,0.75,0.6666666666666665,0.8318724637288826,1,4,5,3
smd,group23_evaluation,machine-3-3,sarad_official,1,3,3619,3622,"[10, 20, 11, 29, 9, 21, 4, 19, 30, 37, 32, 36, 27, 5, 24, 34, 6, 35, 31, 25, 7, 2, 22, 18, 0, 23, 26, 8, 16, 28, 17, 12, 14, 3, 33, 1, 15, 13]",1,1.0,0.25,0.4,1.0,1,4,1,1
smd,group23_evaluation,machine-3-3,sarad_official,1,3,3619,3622,"[10, 20, 11, 29, 9, 21, 4, 19, 30, 37, 32, 36, 27, 5, 24, 34, 6, 35, 31, 25, 7, 2, 22, 18, 0, 23, 26, 8, 16, 28, 17, 12, 14, 3, 33, 1, 15, 13]",3,0.6666666666666666,0.5,0.5714285714285715,0.7039180890341347,1,4,3,2
smd,group23_evaluation,machine-3-3,sarad_official,1,3,3619,3622,"[10, 20, 11, 29, 9, 21, 4, 19, 30, 37, 32, 36, 27, 5, 24, 34, 6, 35, 31, 25, 7, 2, 22, 18, 0, 23, 26, 8, 16, 28, 17, 12, 14, 3, 33, 1, 15, 13]",5,0.6,0.75,0.6666666666666665,0.7365896932159578,1,4,5,3
smd,group23_evaluation,machine-3-3,sarad_official,1,4,4561,4578,"[10, 9, 23, 29, 6, 37, 11, 8, 25, 5, 36, 27, 21, 4, 1, 35, 14, 30, 18, 7, 12, 24, 22, 0, 20, 26, 17, 28, 2, 16, 19, 3, 34, 31, 32, 33, 13, 15]",1,1.0,0.041666666666666664,0.07999999999999999,1.0,1,24,1,1
smd,group23_evaluation,machine-3-3,sarad_official,1,4,4561,4578,"[10, 9, 23, 29, 6, 37, 11, 8, 25, 5, 36, 27, 21, 4, 1, 35, 14, 30, 18, 7, 12, 24, 22, 0, 20, 26, 17, 28, 2, 16, 19, 3, 34, 31, 32, 33, 13, 15]",3,1.0,0.125,0.2222222222222222,1.0,1,24,3,3
smd,group23_evaluation,machine-3-3,sarad_official,1,4,4561,4578,"[10, 9, 23, 29, 6, 37, 11, 8, 25, 5, 36, 27, 21, 4, 1, 35, 14, 30, 18, 7, 12, 24, 22, 0, 20, 26, 17, 28, 2, 16, 19, 3, 34, 31, 32, 33, 13, 15]",5,0.8,0.16666666666666666,0.27586206896551724,0.8539316501572937,1,24,5,4
smd,group23_evaluation,machine-3-3,sarad_official,1,5,4564,4567,"[10, 9, 29, 23, 4, 37, 8, 6, 25, 11, 5, 36, 20, 35, 21, 14, 7, 12, 18, 24, 17, 2, 27, 26, 0, 1, 28, 16, 34, 32, 3, 30, 15, 19, 13, 31, 33, 22]",1,1.0,0.041666666666666664,0.07999999999999999,1.0,1,24,1,1
smd,group23_evaluation,machine-3-3,sarad_official,1,5,4564,4567,"[10, 9, 29, 23, 4, 37, 8, 6, 25, 11, 5, 36, 20, 35, 21, 14, 7, 12, 18, 24, 17, 2, 27, 26, 0, 1, 28, 16, 34, 32, 3, 30, 15, 19, 13, 31, 33, 22]",3,0.6666666666666666,0.08333333333333333,0.14814814814814814,0.7653606369886217,1,24,3,2
smd,group23_evaluation,machine-3-3,sarad_official,1,5,4564,4567,"[10, 9, 29, 23, 4, 37, 8, 6, 25, 11, 5, 36, 20, 35, 21, 14, 7, 12, 18, 24, 17, 2, 27, 26, 0, 1, 28, 16, 34, 32, 3, 30, 15, 19, 13, 31, 33, 22]",5,0.6,0.125,0.20689655172413793,0.6992148198508501,1,24,5,3
smd,group23_evaluation,machine-3-3,sarad_official,1,6,5059,5062,"[20, 10, 11, 21, 9, 19, 24, 37, 29, 36, 32, 34, 30, 4, 35, 22, 25, 27, 0, 31, 2, 7, 12, 18, 5, 26, 8, 6, 23, 28, 17, 16, 3, 33, 1, 14, 15, 13]",1,0.0,0.0,0.0,0.0,0,4,1,0
smd,group23_evaluation,machine-3-3,sarad_official,1,6,5059,5062,"[20, 10, 11, 21, 9, 19, 24, 37, 29, 36, 32, 34, 30, 4, 35, 22, 25, 27, 0, 31, 2, 7, 12, 18, 5, 26, 8, 6, 23, 28, 17, 16, 3, 33, 1, 14, 15, 13]",3,0.6666666666666666,0.5,0.5714285714285715,0.5307212739772434,1,4,3,2
smd,group23_evaluation,machine-3-3,sarad_official,1,6,5059,5062,"[20, 10, 11, 21, 9, 19, 24, 37, 29, 36, 32, 34, 30, 4, 35, 22, 25, 27, 0, 31, 2, 7, 12, 18, 5, 26, 8, 6, 23, 28, 17, 16, 3, 33, 1, 14, 15, 13]",5,0.6,0.75,0.6666666666666665,0.592512031964586,1,4,5,3
smd,group23_evaluation,machine-3-3,sarad_official,1,7,5449,5453,"[16, 37, 11, 26, 19, 18, 23, 24, 7, 21, 15, 20, 30, 22, 14, 25, 29, 34, 27, 5, 6, 32, 36, 0, 28, 35, 4, 2, 9, 33, 1, 13, 17, 3, 8, 10, 12, 31]",1,1.0,0.2,0.33333333333333337,1.0,1,5,1,1
smd,group23_evaluation,machine-3-3,sarad_official,1,7,5449,5453,"[16, 37, 11, 26, 19, 18, 23, 24, 7, 21, 15, 20, 30, 22, 14, 25, 29, 34, 27, 5, 6, 32, 36, 0, 28, 35, 4, 2, 9, 33, 1, 13, 17, 3, 8, 10, 12, 31]",3,0.6666666666666666,0.4,0.5,0.7039180890341347,1,5,3,2
smd,group23_evaluation,machine-3-3,sarad_official,1,7,5449,5453,"[16, 37, 11, 26, 19, 18, 23, 24, 7, 21, 15, 20, 30, 22, 14, 25, 29, 34, 27, 5, 6, 32, 36, 0, 28, 35, 4, 2, 9, 33, 1, 13, 17, 3, 8, 10, 12, 31]",5,0.4,0.4,0.4000000000000001,0.5087403079104241,1,5,5,2
smd,group23_evaluation,machine-3-3,sarad_official,1,8,6499,6502,"[20, 1, 11, 37, 19, 9, 35, 10, 24, 27, 30, 4, 32, 18, 15, 17, 22, 6, 21, 2, 34, 36, 29, 26, 8, 25, 16, 0, 7, 28, 23, 5, 14, 31, 12, 3, 33, 13]",1,0.0,0.0,0.0,0.0,0,4,1,0
smd,group23_evaluation,machine-3-3,sarad_official,1,8,6499,6502,"[20, 1, 11, 37, 19, 9, 35, 10, 24, 27, 30, 4, 32, 18, 15, 17, 22, 6, 21, 2, 34, 36, 29, 26, 8, 25, 16, 0, 7, 28, 23, 5, 14, 31, 12, 3, 33, 13]",3,0.3333333333333333,0.25,0.28571428571428575,0.23463936301137822,1,4,3,1
smd,group23_evaluation,machine-3-3,sarad_official,1,8,6499,6502,"[20, 1, 11, 37, 19, 9, 35, 10, 24, 27, 30, 4, 32, 18, 15, 17, 22, 6, 21, 2, 34, 36, 29, 26, 8, 25, 16, 0, 7, 28, 23, 5, 14, 31, 12, 3, 33, 13]",5,0.2,0.25,0.22222222222222224,0.19519002499605084,1,4,5,1
smd,group23_evaluation,machine-3-3,sarad_official,1,9,7939,7942,"[10, 20, 11, 21, 24, 9, 32, 29, 37, 36, 30, 19, 34, 4, 27, 35, 31, 0, 22, 25, 7, 6, 2, 23, 8, 26, 18, 12, 5, 28, 16, 17, 33, 3, 1, 14, 15, 13]",1,1.0,0.25,0.4,1.0,1,4,1,1
smd,group23_evaluation,machine-3-3,sarad_official,1,9,7939,7942,"[10, 20, 11, 21, 24, 9, 32, 29, 37, 36, 30, 19, 34, 4, 27, 35, 31, 0, 22, 25, 7, 6, 2, 23, 8, 26, 18, 12, 5, 28, 16, 17, 33, 3, 1, 14, 15, 13]",3,0.6666666666666666,0.5,0.5714285714285715,0.7039180890341347,1,4,3,2
smd,group23_evaluation,machine-3-3,sarad_official,1,9,7939,7942,"[10, 20, 11, 21, 24, 9, 32, 29, 37, 36, 30, 19, 34, 4, 27, 35, 31, 0, 22, 25, 7, 6, 2, 23, 8, 26, 18, 12, 5, 28, 16, 17, 33, 3, 1, 14, 15, 13]",5,0.4,0.5,0.4444444444444445,0.5855700749881525,1,4,5,2
smd,group23_evaluation,machine-3-3,sarad_official,1,10,8407,8414,"[16, 7, 26, 19, 11, 20, 22, 29, 30, 18, 27, 23, 14, 15, 37, 25, 24, 36, 6, 21, 34, 32, 35, 33, 1, 28, 5, 31, 0, 4, 17, 9, 2, 8, 10, 13, 3, 12]",1,1.0,0.2,0.33333333333333337,1.0,1,5,1,1
smd,group23_evaluation,machine-3-3,sarad_official,1,10,8407,8414,"[16, 7, 26, 19, 11, 20, 22, 29, 30, 18, 27, 23, 14, 15, 37, 25, 24, 36, 6, 21, 34, 32, 35, 33, 1, 28, 5, 31, 0, 4, 17, 9, 2, 8, 10, 13, 3, 12]",3,0.3333333333333333,0.2,0.25,0.46927872602275644,1,5,3,1
smd,group23_evaluation,machine-3-3,sarad_official,1,10,8407,8414,"[16, 7, 26, 19, 11, 20, 22, 29, 30, 18, 27, 23, 14, 15, 37, 25, 24, 36, 6, 21, 34, 32, 35, 33, 1, 28, 5, 31, 0, 4, 17, 9, 2, 8, 10, 13, 3, 12]",5,0.4,0.4,0.4000000000000001,0.4703652827859579,1,5,5,2
smd,group23_evaluation,machine-3-3,sarad_official,1,11,9737,9740,"[16, 11, 26, 23, 37, 7, 24, 22, 21, 6, 25, 18, 20, 27, 32, 36, 5, 14, 34, 30, 29, 35, 28, 9, 0, 15, 1, 4, 19, 33, 13, 12, 17, 8, 3, 10, 2, 31]",1,1.0,0.3333333333333333,0.5,1.0,1,3,1,1
smd,group23_evaluation,machine-3-3,sarad_official,1,11,9737,9740,"[16, 11, 26, 23, 37, 7, 24, 22, 21, 6, 25, 18, 20, 27, 32, 36, 5, 14, 34, 30, 29, 35, 28, 9, 0, 15, 1, 4, 19, 33, 13, 12, 17, 8, 3, 10, 2, 31]",3,0.3333333333333333,0.3333333333333333,0.3333333333333333,0.46927872602275644,1,3,3,1
smd,group23_evaluation,machine-3-3,sarad_official,1,11,9737,9740,"[16, 11, 26, 23, 37, 7, 24, 22, 21, 6, 25, 18, 20, 27, 32, 36, 5, 14, 34, 30, 29, 35, 28, 9, 0, 15, 1, 4, 19, 33, 13, 12, 17, 8, 3, 10, 2, 31]",5,0.2,0.3333333333333333,0.25,0.46927872602275644,1,3,5,1
smd,group23_evaluation,machine-3-3,sarad_official,1,12,10819,10822,"[10, 9, 11, 4, 21, 20, 24, 37, 0, 35, 36, 19, 2, 32, 31, 34, 22, 7, 18, 8, 25, 29, 5, 27, 12, 30, 26, 6, 23, 17, 28, 16, 3, 15, 14, 1, 33, 13]",1,1.0,0.25,0.4,1.0,1,4,1,1
smd,group23_evaluation,machine-3-3,sarad_official,1,12,10819,10822,"[10, 9, 11, 4, 21, 20, 24, 37, 0, 35, 36, 19, 2, 32, 31, 34, 22, 7, 18, 8, 25, 29, 5, 27, 12, 30, 26, 6, 23, 17, 28, 16, 3, 15, 14, 1, 33, 13]",3,1.0,0.75,0.8571428571428571,1.0,1,4,3,3
smd,group23_evaluation,machine-3-3,sarad_official,1,12,10819,10822,"[10, 9, 11, 4, 21, 20, 24, 37, 0, 35, 36, 19, 2, 32, 31, 34, 22, 7, 18, 8, 25, 29, 5, 27, 12, 30, 26, 6, 23, 17, 28, 16, 3, 15, 14, 1, 33, 13]",5,0.6,0.75,0.6666666666666665,0.8318724637288826,1,4,5,3
smd,group23_evaluation,machine-3-3,sarad_official,1,13,12259,12262,"[10, 11, 20, 9, 21, 37, 4, 24, 35, 32, 36, 30, 27, 19, 31, 25, 2, 22, 7, 6, 18, 34, 8, 26, 0, 5, 23, 29, 16, 28, 17, 12, 1, 3, 33, 14, 15, 13]",1,1.0,0.25,0.4,1.0,1,4,1,1
smd,group23_evaluation,machine-3-3,sarad_official,1,13,12259,12262,"[10, 11, 20, 9, 21, 37, 4, 24, 35, 32, 36, 30, 27, 19, 31, 25, 2, 22, 7, 6, 18, 34, 8, 26, 0, 5, 23, 29, 16, 28, 17, 12, 1, 3, 33, 14, 15, 13]",3,0.6666666666666666,0.5,0.5714285714285715,0.7653606369886217,1,4,3,2
smd,group23_evaluation,machine-3-3,sarad_official,1,13,12259,12262,"[10, 11, 20, 9, 21, 37, 4, 24, 35, 32, 36, 30, 27, 19, 31, 25, 2, 22, 7, 6, 18, 34, 8, 26, 0, 5, 23, 29, 16, 28, 17, 12, 1, 3, 33, 14, 15, 13]",5,0.6,0.75,0.6666666666666665,0.8048099750039491,1,4,5,3
smd,group23_evaluation,machine-3-3,sarad_official,1,14,13699,13702,"[10, 20, 11, 21, 24, 19, 9, 29, 30, 37, 32, 36, 34, 27, 4, 22, 35, 31, 0, 2, 18, 6, 25, 7, 8, 26, 23, 5, 12, 28, 17, 16, 3, 33, 14, 1, 15, 13]",1,1.0,0.25,0.4,1.0,1,4,1,1
smd,group23_evaluation,machine-3-3,sarad_official,1,14,13699,13702,"[10, 20, 11, 21, 24, 19, 9, 29, 30, 37, 32, 36, 34, 27, 4, 22, 35, 31, 0, 2, 18, 6, 25, 7, 8, 26, 23, 5, 12, 28, 17, 16, 3, 33, 14, 1, 15, 13]",3,0.6666666666666666,0.5,0.5714285714285715,0.7039180890341347,1,4,3,2
smd,group23_evaluation,machine-3-3,sarad_official,1,14,13699,13702,"[10, 20, 11, 21, 24, 19, 9, 29, 30, 37, 32, 36, 34, 27, 4, 22, 35, 31, 0, 2, 18, 6, 25, 7, 8, 26, 23, 5, 12, 28, 17, 16, 3, 33, 14, 1, 15, 13]",5,0.4,0.5,0.4444444444444445,0.5855700749881525,1,4,5,2
smd,group23_evaluation,machine-3-3,sarad_official,1,15,13827,13830,"[16, 11, 26, 22, 23, 24, 7, 18, 21, 6, 27, 37, 36, 25, 19, 35, 30, 20, 5, 34, 14, 29, 15, 32, 4, 28, 33, 0, 13, 1, 9, 12, 8, 2, 17, 3, 31, 10]",1,1.0,1.0,1.0,1.0,1,1,1,1
smd,group23_evaluation,machine-3-3,sarad_official,1,15,13827,13830,"[16, 11, 26, 22, 23, 24, 7, 18, 21, 6, 27, 37, 36, 25, 19, 35, 30, 20, 5, 34, 14, 29, 15, 32, 4, 28, 33, 0, 13, 1, 9, 12, 8, 2, 17, 3, 31, 10]",3,0.3333333333333333,1.0,0.5,1.0,1,1,3,1
smd,group23_evaluation,machine-3-3,sarad_official,1,15,13827,13830,"[16, 11, 26, 22, 23, 24, 7, 18, 21, 6, 27, 37, 36, 25, 19, 35, 30, 20, 5, 34, 14, 29, 15, 32, 4, 28, 33, 0, 13, 1, 9, 12, 8, 2, 17, 3, 31, 10]",5,0.2,1.0,0.33333333333333337,1.0,1,1,5,1
smd,group23_evaluation,machine-3-3,sarad_official,1,16,14476,14486,"[29, 11, 14, 24, 37, 36, 15, 5, 21, 32, 25, 26, 7, 28, 16, 19, 17, 4, 34, 8, 20, 6, 23, 12, 3, 9, 0, 27, 35, 33, 18, 10, 31, 30, 13, 1, 2, 22]",1,0.0,0.0,0.0,0.0,0,1,1,0
smd,group23_evaluation,machine-3-3,sarad_official,1,16,14476,14486,"[29, 11, 14, 24, 37, 36, 15, 5, 21, 32, 25, 26, 7, 28, 16, 19, 17, 4, 34, 8, 20, 6, 23, 12, 3, 9, 0, 27, 35, 33, 18, 10, 31, 30, 13, 1, 2, 22]",3,0.0,0.0,0.0,0.0,0,1,3,0
smd,group23_evaluation,machine-3-3,sarad_official,1,16,14476,14486,"[29, 11, 14, 24, 37, 36, 15, 5, 21, 32, 25, 26, 7, 28, 16, 19, 17, 4, 34, 8, 20, 6, 23, 12, 3, 9, 0, 27, 35, 33, 18, 10, 31, 30, 13, 1, 2, 22]",5,0.0,0.0,0.0,0.0,0,1,5,0
smd,group23_evaluation,machine-3-3,sarad_official,1,17,15139,15142,"[10, 20, 29, 11, 9, 19, 37, 21, 24, 30, 36, 5, 35, 27, 15, 4, 34, 31, 12, 32, 8, 2, 7, 22, 25, 0, 23, 14, 6, 33, 26, 18, 1, 28, 16, 17, 3, 13]",1,1.0,0.25,0.4,1.0,1,4,1,1
smd,group23_evaluation,machine-3-3,sarad_official,1,17,15139,15142,"[10, 20, 29, 11, 9, 19, 37, 21, 24, 30, 36, 5, 35, 27, 15, 4, 34, 31, 12, 32, 8, 2, 7, 22, 25, 0, 23, 14, 6, 33, 26, 18, 1, 28, 16, 17, 3, 13]",3,0.3333333333333333,0.25,0.28571428571428575,0.46927872602275644,1,4,3,1
smd,group23_evaluation,machine-3-3,sarad_official,1,17,15139,15142,"[10, 20, 29, 11, 9, 19, 37, 21, 24, 30, 36, 5, 35, 27, 15, 4, 34, 31, 12, 32, 8, 2, 7, 22, 25, 0, 23, 14, 6, 33, 26, 18, 1, 28, 16, 17, 3, 13]",5,0.6,0.75,0.6666666666666665,0.7095272044910244,1,4,5,3
smd,group23_evaluation,machine-3-3,sarad_official,1,18,16199,16212,"[37, 29, 5, 36, 1, 15, 2, 24, 0, 11, 26, 28, 7, 16, 30, 21, 27, 17, 20, 23, 4, 6, 14, 25, 18, 12, 8, 19, 32, 33, 9, 3, 34, 35, 10, 31, 22, 13]",1,0.0,0.0,0.0,0.0,0,4,1,0
smd,group23_evaluation,machine-3-3,sarad_official,1,18,16199,16212,"[37, 29, 5, 36, 1, 15, 2, 24, 0, 11, 26, 28, 7, 16, 30, 21, 27, 17, 20, 23, 4, 6, 14, 25, 18, 12, 8, 19, 32, 33, 9, 3, 34, 35, 10, 31, 22, 13]",3,0.0,0.0,0.0,0.0,0,4,3,0
smd,group23_evaluation,machine-3-3,sarad_official,1,18,16199,16212,"[37, 29, 5, 36, 1, 15, 2, 24, 0, 11, 26, 28, 7, 16, 30, 21, 27, 17, 20, 23, 4, 6, 14, 25, 18, 12, 8, 19, 32, 33, 9, 3, 34, 35, 10, 31, 22, 13]",5,0.0,0.0,0.0,0.0,0,4,5,0
smd,group23_evaluation,machine-3-3,sarad_official,1,19,16579,16582,"[10, 20, 19, 21, 5, 9, 11, 37, 30, 24, 36, 32, 4, 14, 27, 35, 15, 34, 2, 31, 7, 0, 23, 25, 22, 8, 26, 29, 12, 6, 18, 1, 28, 33, 16, 17, 3, 13]",1,0.0,0.0,0.0,0.0,0,10,1,0
smd,group23_evaluation,machine-3-3,sarad_official,1,19,16579,16582,"[10, 20, 19, 21, 5, 9, 11, 37, 30, 24, 36, 32, 4, 14, 27, 35, 15, 34, 2, 31, 7, 0, 23, 25, 22, 8, 26, 29, 12, 6, 18, 1, 28, 33, 16, 17, 3, 13]",3,0.3333333333333333,0.1,0.15384615384615383,0.2960819109658652,1,10,3,1
smd,group23_evaluation,machine-3-3,sarad_official,1,19,16579,16582,"[10, 20, 19, 21, 5, 9, 11, 37, 30, 24, 36, 32, 4, 14, 27, 35, 15, 34, 2, 31, 7, 0, 23, 25, 22, 8, 26, 29, 12, 6, 18, 1, 28, 33, 16, 17, 3, 13]",5,0.4,0.2,0.26666666666666666,0.36005461457723403,1,10,5,2
smd,group23_evaluation,machine-3-3,sarad_official,1,20,18019,18022,"[10, 20, 11, 24, 21, 9, 19, 37, 30, 32, 36, 34, 35, 27, 31, 4, 15, 12, 0, 29, 5, 2, 7, 22, 25, 6, 18, 26, 23, 8, 16, 33, 28, 17, 14, 3, 1, 13]",1,1.0,0.25,0.4,1.0,1,4,1,1
smd,group23_evaluation,machine-3-3,sarad_official,1,20,18019,18022,"[10, 20, 11, 24, 21, 9, 19, 37, 30, 32, 36, 34, 35, 27, 31, 4, 15, 12, 0, 29, 5, 2, 7, 22, 25, 6, 18, 26, 23, 8, 16, 33, 28, 17, 14, 3, 1, 13]",3,0.6666666666666666,0.5,0.5714285714285715,0.7039180890341347,1,4,3,2
smd,group23_evaluation,machine-3-3,sarad_official,1,20,18019,18022,"[10, 20, 11, 24, 21, 9, 19, 37, 30, 32, 36, 34, 35, 27, 31, 4, 15, 12, 0, 29, 5, 2, 7, 22, 25, 6, 18, 26, 23, 8, 16, 33, 28, 17, 14, 3, 1, 13]",5,0.4,0.5,0.4444444444444445,0.5855700749881525,1,4,5,2
smd,group23_evaluation,machine-3-3,sarad_official,1,21,19081,19088,"[37, 36, 29, 15, 32, 24, 11, 5, 2, 30, 23, 14, 4, 7, 1, 26, 21, 16, 28, 17, 0, 27, 20, 12, 19, 6, 35, 25, 18, 33, 8, 34, 9, 3, 10, 31, 22, 13]",1,0.0,0.0,0.0,0.0,0,4,1,0
smd,group23_evaluation,machine-3-3,sarad_official,1,21,19081,19088,"[37, 36, 29, 15, 32, 24, 11, 5, 2, 30, 23, 14, 4, 7, 1, 26, 21, 16, 28, 17, 0, 27, 20, 12, 19, 6, 35, 25, 18, 33, 8, 34, 9, 3, 10, 31, 22, 13]",3,0.0,0.0,0.0,0.0,0,4,3,0
smd,group23_evaluation,machine-3-3,sarad_official,1,21,19081,19088,"[37, 36, 29, 15, 32, 24, 11, 5, 2, 30, 23, 14, 4, 7, 1, 26, 21, 16, 28, 17, 0, 27, 20, 12, 19, 6, 35, 25, 18, 33, 8, 34, 9, 3, 10, 31, 22, 13]",5,0.0,0.0,0.0,0.0,0,4,5,0
smd,group23_evaluation,machine-3-3,sarad_official,1,22,19349,19830,"[0, 18, 20, 19, 11, 27, 1, 21, 5, 37, 2, 35, 30, 36, 24, 3, 29, 15, 14, 34, 23, 25, 4, 9, 7, 10, 22, 6, 32, 31, 26, 16, 28, 12, 8, 17, 33, 13]",1,1.0,0.3333333333333333,0.5,1.0,1,3,1,1
smd,group23_evaluation,machine-3-3,sarad_official,1,22,19349,19830,"[0, 18, 20, 19, 11, 27, 1, 21, 5, 37, 2, 35, 30, 36, 24, 3, 29, 15, 14, 34, 23, 25, 4, 9, 7, 10, 22, 6, 32, 31, 26, 16, 28, 12, 8, 17, 33, 13]",3,0.3333333333333333,0.3333333333333333,0.3333333333333333,0.46927872602275644,1,3,3,1
smd,group23_evaluation,machine-3-3,sarad_official,1,22,19349,19830,"[0, 18, 20, 19, 11, 27, 1, 21, 5, 37, 2, 35, 30, 36, 24, 3, 29, 15, 14, 34, 23, 25, 4, 9, 7, 10, 22, 6, 32, 31, 26, 16, 28, 12, 8, 17, 33, 13]",5,0.2,0.3333333333333333,0.25,0.46927872602275644,1,3,5,1
smd,group23_evaluation,machine-3-3,sarad_official,1,23,19459,19462,"[10, 5, 29, 14, 9, 19, 27, 20, 37, 24, 35, 11, 36, 18, 12, 21, 34, 15, 30, 0, 4, 7, 32, 23, 25, 22, 31, 8, 26, 6, 2, 17, 16, 28, 33, 3, 1, 13]",1,1.0,0.05263157894736842,0.1,1.0,1,19,1,1
smd,group23_evaluation,machine-3-3,sarad_official,1,23,19459,19462,"[10, 5, 29, 14, 9, 19, 27, 20, 37, 24, 35, 11, 36, 18, 12, 21, 34, 15, 30, 0, 4, 7, 32, 23, 25, 22, 31, 8, 26, 6, 2, 17, 16, 28, 33, 3, 1, 13]",3,0.3333333333333333,0.05263157894736842,0.09090909090909091,0.46927872602275644,1,19,3,1
smd,group23_evaluation,machine-3-3,sarad_official,1,23,19459,19462,"[10, 5, 29, 14, 9, 19, 27, 20, 37, 24, 35, 11, 36, 18, 12, 21, 34, 15, 30, 0, 4, 7, 32, 23, 25, 22, 31, 8, 26, 6, 2, 17, 16, 28, 33, 3, 1, 13]",5,0.4,0.10526315789473684,0.16666666666666666,0.4703652827859579,1,19,5,2
smd,group23_evaluation,machine-3-3,sarad_official,1,24,20897,20903,"[26, 23, 6, 36, 11, 21, 29, 35, 37, 27, 24, 5, 25, 15, 7, 19, 31, 34, 14, 10, 20, 4, 22, 18, 30, 32, 1, 2, 9, 12, 33, 17, 8, 13, 16, 3, 0, 28]",1,0.0,0.0,0.0,0.0,0,4,1,0
smd,group23_evaluation,machine-3-3,sarad_official,1,24,20897,20903,"[26, 23, 6, 36, 11, 21, 29, 35, 37, 27, 24, 5, 25, 15, 7, 19, 31, 34, 14, 10, 20, 4, 22, 18, 30, 32, 1, 2, 9, 12, 33, 17, 8, 13, 16, 3, 0, 28]",3,0.0,0.0,0.0,0.0,0,4,3,0
smd,group23_evaluation,machine-3-3,sarad_official,1,24,20897,20903,"[26, 23, 6, 36, 11, 21, 29, 35, 37, 27, 24, 5, 25, 15, 7, 19, 31, 34, 14, 10, 20, 4, 22, 18, 30, 32, 1, 2, 9, 12, 33, 17, 8, 13, 16, 3, 0, 28]",5,0.2,0.25,0.22222222222222224,0.15101961822780524,1,4,5,1
smd,group23_evaluation,machine-3-3,sarad_official,1,25,21878,21893,"[17, 37, 36, 29, 21, 4, 24, 11, 23, 10, 2, 27, 5, 35, 0, 3, 6, 30, 20, 18, 14, 31, 26, 19, 25, 16, 7, 9, 28, 15, 34, 12, 32, 1, 13, 33, 8, 22]",1,1.0,1.0,1.0,1.0,1,1,1,1
smd,group23_evaluation,machine-3-3,sarad_official,1,25,21878,21893,"[17, 37, 36, 29, 21, 4, 24, 11, 23, 10, 2, 27, 5, 35, 0, 3, 6, 30, 20, 18, 14, 31, 26, 19, 25, 16, 7, 9, 28, 15, 34, 12, 32, 1, 13, 33, 8, 22]",3,0.3333333333333333,1.0,0.5,1.0,1,1,3,1
smd,group23_evaluation,machine-3-3,sarad_official,1,25,21878,21893,"[17, 37, 36, 29, 21, 4, 24, 11, 23, 10, 2, 27, 5, 35, 0, 3, 6, 30, 20, 18, 14, 31, 26, 19, 25, 16, 7, 9, 28, 15, 34, 12, 32, 1, 13, 33, 8, 22]",5,0.2,1.0,0.33333333333333337,1.0,1,1,5,1
smd,group23_evaluation,machine-3-3,sarad_official,1,26,22339,22342,"[10, 5, 20, 11, 9, 21, 4, 37, 30, 19, 35, 36, 32, 27, 0, 34, 24, 7, 6, 25, 31, 22, 2, 18, 23, 26, 8, 29, 12, 16, 28, 1, 17, 3, 33, 14, 15, 13]",1,1.0,0.25,0.4,1.0,1,4,1,1
smd,group23_evaluation,machine-3-3,sarad_official,1,26,22339,22342,"[10, 5, 20, 11, 9, 21, 4, 37, 30, 19, 35, 36, 32, 27, 0, 34, 24, 7, 6, 25, 31, 22, 2, 18, 23, 26, 8, 29, 12, 16, 28, 1, 17, 3, 33, 14, 15, 13]",3,0.3333333333333333,0.25,0.28571428571428575,0.46927872602275644,1,4,3,1
smd,group23_evaluation,machine-3-3,sarad_official,1,26,22339,22342,"[10, 5, 20, 11, 9, 21, 4, 37, 30, 19, 35, 36, 32, 27, 0, 34, 24, 7, 6, 25, 31, 22, 2, 18, 23, 26, 8, 29, 12, 16, 28, 1, 17, 3, 33, 14, 15, 13]",5,0.6,0.75,0.6666666666666665,0.7095272044910244,1,4,5,3
smd,group23_evaluation,machine-3-3,sarad_official,1,27,23159,23180,"[1, 2, 0, 37, 36, 11, 18, 3, 34, 35, 20, 31, 21, 7, 19, 4, 30, 16, 26, 28, 24, 17, 22, 27, 6, 32, 25, 23, 8, 9, 5, 33, 14, 12, 29, 10, 13, 15]",1,1.0,0.1111111111111111,0.19999999999999998,1.0,1,9,1,1
smd,group23_evaluation,machine-3-3,sarad_official,1,27,23159,23180,"[1, 2, 0, 37, 36, 11, 18, 3, 34, 35, 20, 31, 21, 7, 19, 4, 30, 16, 26, 28, 24, 17, 22, 27, 6, 32, 25, 23, 8, 9, 5, 33, 14, 12, 29, 10, 13, 15]",3,1.0,0.3333333333333333,0.5,1.0,1,9,3,3
smd,group23_evaluation,machine-3-3,sarad_official,1,27,23159,23180,"[1, 2, 0, 37, 36, 11, 18, 3, 34, 35, 20, 31, 21, 7, 19, 4, 30, 16, 26, 28, 24, 17, 22, 27, 6, 32, 25, 23, 8, 9, 5, 33, 14, 12, 29, 10, 13, 15]",5,0.6,0.3333333333333333,0.42857142857142855,0.7227265726449519,1,9,5,3
smd,group23_evaluation,machine-3-4,sarad_official,1,0,2734,3520,"[22, 13, 2, 25, 23, 3, 0, 1, 19, 31, 20, 24, 30, 21, 5, 27, 8, 10, 18, 6, 35, 34, 15, 4, 36, 37, 11, 7, 16, 28, 26, 14, 17, 12, 9, 33, 29, 32]",1,0.0,0.0,0.0,0.0,0,8,1,0
smd,group23_evaluation,machine-3-4,sarad_official,1,0,2734,3520,"[22, 13, 2, 25, 23, 3, 0, 1, 19, 31, 20, 24, 30, 21, 5, 27, 8, 10, 18, 6, 35, 34, 15, 4, 36, 37, 11, 7, 16, 28, 26, 14, 17, 12, 9, 33, 29, 32]",3,0.3333333333333333,0.125,0.18181818181818182,0.23463936301137822,1,8,3,1
smd,group23_evaluation,machine-3-4,sarad_official,1,0,2734,3520,"[22, 13, 2, 25, 23, 3, 0, 1, 19, 31, 20, 24, 30, 21, 5, 27, 8, 10, 18, 6, 35, 34, 15, 4, 36, 37, 11, 7, 16, 28, 26, 14, 17, 12, 9, 33, 29, 32]",5,0.2,0.125,0.15384615384615385,0.16958010263680806,1,8,5,1
smd,group23_evaluation,machine-3-4,sarad_official,1,1,4474,4550,"[13, 8, 1, 22, 2, 31, 32, 10, 25, 19, 18, 23, 33, 5, 14, 20, 27, 15, 30, 21, 34, 24, 35, 37, 11, 36, 7, 12, 6, 4, 16, 3, 17, 26, 28, 0, 9, 29]",1,0.0,0.0,0.0,0.0,0,2,1,0
smd,group23_evaluation,machine-3-4,sarad_official,1,1,4474,4550,"[13, 8, 1, 22, 2, 31, 32, 10, 25, 19, 18, 23, 33, 5, 14, 20, 27, 15, 30, 21, 34, 24, 35, 37, 11, 36, 7, 12, 6, 4, 16, 3, 17, 26, 28, 0, 9, 29]",3,0.3333333333333333,0.5,0.4,0.3065735963827292,1,2,3,1
smd,group23_evaluation,machine-3-4,sarad_official,1,1,4474,4550,"[13, 8, 1, 22, 2, 31, 32, 10, 25, 19, 18, 23, 33, 5, 14, 20, 27, 15, 30, 21, 34, 24, 35, 37, 11, 36, 7, 12, 6, 4, 16, 3, 17, 26, 28, 0, 9, 29]",5,0.2,0.5,0.28571428571428575,0.3065735963827292,1,2,5,1
smd,group23_evaluation,machine-3-4,sarad_official,1,2,6013,6016,"[9, 22, 13, 19, 20, 11, 25, 8, 31, 23, 33, 4, 14, 12, 18, 3, 35, 27, 6, 32, 10, 37, 21, 30, 24, 26, 34, 2, 7, 36, 28, 16, 17, 1, 5, 0, 29, 15]",1,1.0,0.25,0.4,1.0,1,4,1,1
smd,group23_evaluation,machine-3-4,sarad_official,1,2,6013,6016,"[9, 22, 13, 19, 20, 11, 25, 8, 31, 23, 33, 4, 14, 12, 18, 3, 35, 27, 6, 32, 10, 37, 21, 30, 24, 26, 34, 2, 7, 36, 28, 16, 17, 1, 5, 0, 29, 15]",3,0.6666666666666666,0.5,0.5714285714285715,0.7039180890341347,1,4,3,2
smd,group23_evaluation,machine-3-4,sarad_official,1,2,6013,6016,"[9, 22, 13, 19, 20, 11, 25, 8, 31, 23, 33, 4, 14, 12, 18, 3, 35, 27, 6, 32, 10, 37, 21, 30, 24, 26, 34, 2, 7, 36, 28, 16, 17, 1, 5, 0, 29, 15]",5,0.4,0.5,0.4444444444444445,0.5855700749881525,1,4,5,2
smd,group23_evaluation,machine-3-4,sarad_official,1,3,10963,10969,"[33, 32, 22, 23, 13, 19, 24, 21, 20, 25, 27, 30, 6, 9, 18, 29, 11, 34, 37, 7, 8, 35, 17, 4, 16, 31, 12, 10, 26, 28, 14, 1, 36, 2, 0, 3, 5, 15]",1,1.0,0.3333333333333333,0.5,1.0,1,3,1,1
smd,group23_evaluation,machine-3-4,sarad_official,1,3,10963,10969,"[33, 32, 22, 23, 13, 19, 24, 21, 20, 25, 27, 30, 6, 9, 18, 29, 11, 34, 37, 7, 8, 35, 17, 4, 16, 31, 12, 10, 26, 28, 14, 1, 36, 2, 0, 3, 5, 15]",3,0.6666666666666666,0.6666666666666666,0.6666666666666666,0.7653606369886217,1,3,3,2
smd,group23_evaluation,machine-3-4,sarad_official,1,3,10963,10969,"[33, 32, 22, 23, 13, 19, 24, 21, 20, 25, 27, 30, 6, 9, 18, 29, 11, 34, 37, 7, 8, 35, 17, 4, 16, 31, 12, 10, 26, 28, 14, 1, 36, 2, 0, 3, 5, 15]",5,0.4,0.6666666666666666,0.5,0.7653606369886217,1,3,5,2
smd,group23_evaluation,machine-3-4,sarad_official,1,4,11565,11569,"[33, 32, 24, 23, 25, 22, 20, 35, 13, 19, 18, 34, 27, 30, 21, 6, 29, 7, 16, 11, 31, 26, 4, 1, 17, 14, 28, 3, 9, 2, 5, 37, 36, 8, 10, 0, 12, 15]",1,1.0,0.3333333333333333,0.5,1.0,1,3,1,1
smd,group23_evaluation,machine-3-4,sarad_official,1,4,11565,11569,"[33, 32, 24, 23, 25, 22, 20, 35, 13, 19, 18, 34, 27, 30, 21, 6, 29, 7, 16, 11, 31, 26, 4, 1, 17, 14, 28, 3, 9, 2, 5, 37, 36, 8, 10, 0, 12, 15]",3,0.6666666666666666,0.6666666666666666,0.6666666666666666,0.7653606369886217,1,3,3,2
smd,group23_evaluation,machine-3-4,sarad_official,1,4,11565,11569,"[33, 32, 24, 23, 25, 22, 20, 35, 13, 19, 18, 34, 27, 30, 21, 6, 29, 7, 16, 11, 31, 26, 4, 1, 17, 14, 28, 3, 9, 2, 5, 37, 36, 8, 10, 0, 12, 15]",5,0.6,1.0,0.7499999999999999,0.9674679834891693,1,3,5,3
smd,group23_evaluation,machine-3-4,sarad_official,1,5,13699,13709,"[33, 32, 22, 23, 13, 24, 19, 25, 20, 18, 35, 30, 21, 34, 27, 11, 31, 6, 7, 29, 14, 8, 16, 12, 4, 26, 17, 28, 37, 5, 2, 9, 3, 10, 1, 36, 0, 15]",1,1.0,0.3333333333333333,0.5,1.0,1,3,1,1
smd,group23_evaluation,machine-3-4,sarad_official,1,5,13699,13709,"[33, 32, 22, 23, 13, 24, 19, 25, 20, 18, 35, 30, 21, 34, 27, 11, 31, 6, 7, 29, 14, 8, 16, 12, 4, 26, 17, 28, 37, 5, 2, 9, 3, 10, 1, 36, 0, 15]",3,0.6666666666666666,0.6666666666666666,0.6666666666666666,0.7653606369886217,1,3,3,2
smd,group23_evaluation,machine-3-4,sarad_official,1,5,13699,13709,"[33, 32, 22, 23, 13, 24, 19, 25, 20, 18, 35, 30, 21, 34, 27, 11, 31, 6, 7, 29, 14, 8, 16, 12, 4, 26, 17, 28, 37, 5, 2, 9, 3, 10, 1, 36, 0, 15]",5,0.6,1.0,0.7499999999999999,0.9674679834891693,1,3,5,3
smd,group23_evaluation,machine-3-4,sarad_official,1,6,18589,18640,"[2, 1, 0, 3, 23, 25, 22, 19, 37, 4, 36, 30, 31, 18, 20, 21, 34, 10, 27, 16, 6, 24, 13, 28, 7, 32, 26, 17, 11, 8, 14, 35, 29, 9, 33, 12, 5, 15]",1,1.0,0.25,0.4,1.0,1,4,1,1
smd,group23_evaluation,machine-3-4,sarad_official,1,6,18589,18640,"[2, 1, 0, 3, 23, 25, 22, 19, 37, 4, 36, 30, 31, 18, 20, 21, 34, 10, 27, 16, 6, 24, 13, 28, 7, 32, 26, 17, 11, 8, 14, 35, 29, 9, 33, 12, 5, 15]",3,1.0,0.75,0.8571428571428571,1.0,1,4,3,3
smd,group23_evaluation,machine-3-4,sarad_official,1,6,18589,18640,"[2, 1, 0, 3, 23, 25, 22, 19, 37, 4, 36, 30, 31, 18, 20, 21, 34, 10, 27, 16, 6, 24, 13, 28, 7, 32, 26, 17, 11, 8, 14, 35, 29, 9, 33, 12, 5, 15]",5,0.8,1.0,0.888888888888889,1.0,1,4,5,4
smd,group23_evaluation,machine-3-4,sarad_official,1,7,18784,18825,"[0, 2, 1, 23, 22, 19, 18, 25, 24, 31, 30, 27, 21, 20, 4, 37, 35, 34, 36, 3, 16, 28, 26, 17, 6, 7, 10, 13, 11, 32, 9, 5, 8, 29, 33, 12, 14, 15]",1,1.0,0.3333333333333333,0.5,1.0,1,3,1,1
smd,group23_evaluation,machine-3-4,sarad_official,1,7,18784,18825,"[0, 2, 1, 23, 22, 19, 18, 25, 24, 31, 30, 27, 21, 20, 4, 37, 35, 34, 36, 3, 16, 28, 26, 17, 6, 7, 10, 13, 11, 32, 9, 5, 8, 29, 33, 12, 14, 15]",3,1.0,1.0,1.0,1.0,1,3,3,3
smd,group23_evaluation,machine-3-4,sarad_official,1,7,18784,18825,"[0, 2, 1, 23, 22, 19, 18, 25, 24, 31, 30, 27, 21, 20, 4, 37, 35, 34, 36, 3, 16, 28, 26, 17, 6, 7, 10, 13, 11, 32, 9, 5, 8, 29, 33, 12, 14, 15]",5,0.6,1.0,0.7499999999999999,1.0,1,3,5,3
smd,group23_evaluation,machine-3-5,sarad_official,1,0,1288,1439,"[19, 33, 15, 10, 21, 12, 27, 11, 14, 9, 20, 18, 30, 25, 4, 2, 23, 7, 32, 6, 0, 36, 24, 8, 34, 16, 37, 3, 1, 17, 35, 5, 26, 29, 28, 13, 31, 22]",1,1.0,0.09090909090909091,0.16666666666666669,1.0,1,11,1,1
smd,group23_evaluation,machine-3-5,sarad_official,1,0,1288,1439,"[19, 33, 15, 10, 21, 12, 27, 11, 14, 9, 20, 18, 30, 25, 4, 2, 23, 7, 32, 6, 0, 36, 24, 8, 34, 16, 37, 3, 1, 17, 35, 5, 26, 29, 28, 13, 31, 22]",3,0.6666666666666666,0.18181818181818182,0.28571428571428575,0.7039180890341347,1,11,3,2
smd,group23_evaluation,machine-3-5,sarad_official,1,0,1288,1439,"[19, 33, 15, 10, 21, 12, 27, 11, 14, 9, 20, 18, 30, 25, 4, 2, 23, 7, 32, 6, 0, 36, 24, 8, 34, 16, 37, 3, 1, 17, 35, 5, 26, 29, 28, 13, 31, 22]",5,0.8,0.36363636363636365,0.5000000000000001,0.7860137352654724,1,11,5,4
smd,group23_evaluation,machine-3-5,sarad_official,1,1,8975,8979,"[15, 16, 33, 26, 25, 19, 23, 22, 0, 29, 27, 32, 1, 6, 34, 20, 24, 5, 2, 35, 10, 18, 31, 13, 8, 11, 9, 14, 37, 17, 21, 30, 7, 12, 4, 3, 28, 36]",1,0.0,0.0,0.0,0.0,0,1,1,0
smd,group23_evaluation,machine-3-5,sarad_official,1,1,8975,8979,"[15, 16, 33, 26, 25, 19, 23, 22, 0, 29, 27, 32, 1, 6, 34, 20, 24, 5, 2, 35, 10, 18, 31, 13, 8, 11, 9, 14, 37, 17, 21, 30, 7, 12, 4, 3, 28, 36]",3,0.3333333333333333,1.0,0.5,0.6309297535714575,1,1,3,1
smd,group23_evaluation,machine-3-5,sarad_official,1,1,8975,8979,"[15, 16, 33, 26, 25, 19, 23, 22, 0, 29, 27, 32, 1, 6, 34, 20, 24, 5, 2, 35, 10, 18, 31, 13, 8, 11, 9, 14, 37, 17, 21, 30, 7, 12, 4, 3, 28, 36]",5,0.2,1.0,0.33333333333333337,0.6309297535714575,1,1,5,1
smd,group23_evaluation,machine-3-5,sarad_official,1,2,13517,13520,"[29, 33, 11, 12, 25, 34, 23, 6, 27, 30, 32, 0, 2, 7, 5, 1, 10, 14, 15, 37, 9, 3, 19, 16, 28, 17, 20, 36, 26, 8, 4, 21, 24, 35, 18, 13, 31, 22]",1,1.0,1.0,1.0,1.0,1,1,1,1
smd,group23_evaluation,machine-3-5,sarad_official,1,2,13517,13520,"[29, 33, 11, 12, 25, 34, 23, 6, 27, 30, 32, 0, 2, 7, 5, 1, 10, 14, 15, 37, 9, 3, 19, 16, 28, 17, 20, 36, 26, 8, 4, 21, 24, 35, 18, 13, 31, 22]",3,0.3333333333333333,1.0,0.5,1.0,1,1,3,1
smd,group23_evaluation,machine-3-5,sarad_official,1,2,13517,13520,"[29, 33, 11, 12, 25, 34, 23, 6, 27, 30, 32, 0, 2, 7, 5, 1, 10, 14, 15, 37, 9, 3, 19, 16, 28, 17, 20, 36, 26, 8, 4, 21, 24, 35, 18, 13, 31, 22]",5,0.2,1.0,0.33333333333333337,1.0,1,1,5,1
smd,group23_evaluation,machine-3-5,sarad_official,1,3,14392,14395,"[29, 33, 11, 0, 15, 16, 23, 25, 10, 7, 17, 28, 4, 9, 14, 26, 30, 37, 21, 12, 27, 19, 6, 1, 8, 2, 36, 20, 3, 5, 24, 18, 34, 13, 31, 35, 32, 22]",1,1.0,1.0,1.0,1.0,1,1,1,1
smd,group23_evaluation,machine-3-5,sarad_official,1,3,14392,14395,"[29, 33, 11, 0, 15, 16, 23, 25, 10, 7, 17, 28, 4, 9, 14, 26, 30, 37, 21, 12, 27, 19, 6, 1, 8, 2, 36, 20, 3, 5, 24, 18, 34, 13, 31, 35, 32, 22]",3,0.3333333333333333,1.0,0.5,1.0,1,1,3,1
smd,group23_evaluation,machine-3-5,sarad_official,1,3,14392,14395,"[29, 33, 11, 0, 15, 16, 23, 25, 10, 7, 17, 28, 4, 9, 14, 26, 30, 37, 21, 12, 27, 19, 6, 1, 8, 2, 36, 20, 3, 5, 24, 18, 34, 13, 31, 35, 32, 22]",5,0.2,1.0,0.33333333333333337,1.0,1,1,5,1
smd,group23_evaluation,machine-3-5,sarad_official,1,4,14755,14758,"[29, 33, 11, 14, 10, 0, 12, 8, 9, 27, 36, 37, 7, 23, 5, 21, 6, 30, 15, 25, 26, 28, 16, 13, 17, 4, 19, 1, 20, 2, 35, 3, 34, 18, 24, 32, 31, 22]",1,1.0,1.0,1.0,1.0,1,1,1,1
smd,group23_evaluation,machine-3-5,sarad_official,1,4,14755,14758,"[29, 33, 11, 14, 10, 0, 12, 8, 9, 27, 36, 37, 7, 23, 5, 21, 6, 30, 15, 25, 26, 28, 16, 13, 17, 4, 19, 1, 20, 2, 35, 3, 34, 18, 24, 32, 31, 22]",3,0.3333333333333333,1.0,0.5,1.0,1,1,3,1
smd,group23_evaluation,machine-3-5,sarad_official,1,4,14755,14758,"[29, 33, 11, 14, 10, 0, 12, 8, 9, 27, 36, 37, 7, 23, 5, 21, 6, 30, 15, 25, 26, 28, 16, 13, 17, 4, 19, 1, 20, 2, 35, 3, 34, 18, 24, 32, 31, 22]",5,0.2,1.0,0.33333333333333337,1.0,1,1,5,1
smd,group23_evaluation,machine-3-5,sarad_official,1,5,14909,14912,"[29, 33, 15, 0, 24, 25, 10, 30, 11, 27, 13, 36, 23, 9, 12, 14, 6, 37, 26, 7, 28, 17, 16, 4, 21, 19, 20, 1, 8, 35, 32, 2, 5, 34, 3, 18, 31, 22]",1,1.0,1.0,1.0,1.0,1,1,1,1
smd,group23_evaluation,machine-3-5,sarad_official,1,5,14909,14912,"[29, 33, 15, 0, 24, 25, 10, 30, 11, 27, 13, 36, 23, 9, 12, 14, 6, 37, 26, 7, 28, 17, 16, 4, 21, 19, 20, 1, 8, 35, 32, 2, 5, 34, 3, 18, 31, 22]",3,0.3333333333333333,1.0,0.5,1.0,1,1,3,1
smd,group23_evaluation,machine-3-5,sarad_official,1,5,14909,14912,"[29, 33, 15, 0, 24, 25, 10, 30, 11, 27, 13, 36, 23, 9, 12, 14, 6, 37, 26, 7, 28, 17, 16, 4, 21, 19, 20, 1, 8, 35, 32, 2, 5, 34, 3, 18, 31, 22]",5,0.2,1.0,0.33333333333333337,1.0,1,1,5,1
smd,group23_evaluation,machine-3-5,sarad_official,1,6,15953,16057,"[29, 33, 5, 10, 22, 25, 23, 14, 15, 11, 9, 6, 24, 31, 12, 30, 7, 37, 17, 36, 8, 4, 28, 0, 26, 27, 21, 16, 13, 34, 32, 2, 19, 20, 35, 1, 18, 3]",1,1.0,0.125,0.2222222222222222,1.0,1,8,1,1
smd,group23_evaluation,machine-3-5,sarad_official,1,6,15953,16057,"[29, 33, 5, 10, 22, 25, 23, 14, 15, 11, 9, 6, 24, 31, 12, 30, 7, 37, 17, 36, 8, 4, 28, 0, 26, 27, 21, 16, 13, 34, 32, 2, 19, 20, 35, 1, 18, 3]",3,0.6666666666666666,0.25,0.36363636363636365,0.7039180890341347,1,8,3,2
smd,group23_evaluation,machine-3-5,sarad_official,1,6,15953,16057,"[29, 33, 5, 10, 22, 25, 23, 14, 15, 11, 9, 6, 24, 31, 12, 30, 7, 37, 17, 36, 8, 4, 28, 0, 26, 27, 21, 16, 13, 34, 32, 2, 19, 20, 35, 1, 18, 3]",5,0.6,0.375,0.4615384615384615,0.639945385422766,1,8,5,3
smd,group23_evaluation,machine-3-5,sarad_official,1,7,16163,16308,"[15, 16, 0, 33, 17, 27, 20, 1, 18, 2, 30, 8, 13, 29, 19, 14, 26, 31, 22, 34, 6, 7, 21, 35, 36, 3, 12, 25, 5, 24, 32, 10, 11, 4, 37, 23, 28, 9]",1,0.0,0.0,0.0,0.0,0,17,1,0
smd,group23_evaluation,machine-3-5,sarad_official,1,7,16163,16308,"[15, 16, 0, 33, 17, 27, 20, 1, 18, 2, 30, 8, 13, 29, 19, 14, 26, 31, 22, 34, 6, 7, 21, 35, 36, 3, 12, 25, 5, 24, 32, 10, 11, 4, 37, 23, 28, 9]",3,0.6666666666666666,0.11764705882352941,0.2,0.5307212739772434,1,17,3,2
smd,group23_evaluation,machine-3-5,sarad_official,1,7,16163,16308,"[15, 16, 0, 33, 17, 27, 20, 1, 18, 2, 30, 8, 13, 29, 19, 14, 26, 31, 22, 34, 6, 7, 21, 35, 36, 3, 12, 25, 5, 24, 32, 10, 11, 4, 37, 23, 28, 9]",5,0.6,0.17647058823529413,0.2727272727272727,0.5147714448836774,1,17,5,3
smd,group23_evaluation,machine-3-5,sarad_official,1,8,18426,18430,"[15, 16, 33, 20, 18, 21, 35, 14, 29, 27, 31, 22, 30, 34, 8, 17, 6, 36, 19, 12, 24, 10, 26, 9, 13, 4, 32, 2, 0, 7, 37, 25, 11, 1, 23, 5, 3, 28]",1,0.0,0.0,0.0,0.0,0,1,1,0
smd,group23_evaluation,machine-3-5,sarad_official,1,8,18426,18430,"[15, 16, 33, 20, 18, 21, 35, 14, 29, 27, 31, 22, 30, 34, 8, 17, 6, 36, 19, 12, 24, 10, 26, 9, 13, 4, 32, 2, 0, 7, 37, 25, 11, 1, 23, 5, 3, 28]",3,0.3333333333333333,1.0,0.5,0.6309297535714575,1,1,3,1
smd,group23_evaluation,machine-3-5,sarad_official,1,8,18426,18430,"[15, 16, 33, 20, 18, 21, 35, 14, 29, 27, 31, 22, 30, 34, 8, 17, 6, 36, 19, 12, 24, 10, 26, 9, 13, 4, 32, 2, 0, 7, 37, 25, 11, 1, 23, 5, 3, 28]",5,0.2,1.0,0.33333333333333337,0.6309297535714575,1,1,5,1
smd,group23_evaluation,machine-3-5,sarad_official,1,9,18842,18845,"[15, 33, 16, 12, 26, 6, 37, 22, 27, 1, 11, 25, 0, 17, 24, 34, 2, 18, 20, 14, 29, 3, 13, 19, 21, 10, 8, 35, 4, 32, 30, 7, 31, 28, 5, 9, 23, 36]",1,0.0,0.0,0.0,0.0,0,1,1,0
smd,group23_evaluation,machine-3-5,sarad_official,1,9,18842,18845,"[15, 33, 16, 12, 26, 6, 37, 22, 27, 1, 11, 25, 0, 17, 24, 34, 2, 18, 20, 14, 29, 3, 13, 19, 21, 10, 8, 35, 4, 32, 30, 7, 31, 28, 5, 9, 23, 36]",3,0.3333333333333333,1.0,0.5,0.5,1,1,3,1
smd,group23_evaluation,machine-3-5,sarad_official,1,9,18842,18845,"[15, 33, 16, 12, 26, 6, 37, 22, 27, 1, 11, 25, 0, 17, 24, 34, 2, 18, 20, 14, 29, 3, 13, 19, 21, 10, 8, 35, 4, 32, 30, 7, 31, 28, 5, 9, 23, 36]",5,0.2,1.0,0.33333333333333337,0.5,1,1,5,1
smd,group23_evaluation,machine-3-5,sarad_official,1,10,19498,19501,"[12, 2, 1, 15, 33, 3, 11, 6, 16, 17, 26, 10, 31, 8, 19, 25, 34, 14, 0, 22, 13, 35, 27, 7, 4, 24, 21, 30, 9, 29, 37, 5, 20, 28, 23, 36, 18, 32]",1,0.0,0.0,0.0,0.0,0,1,1,0
smd,group23_evaluation,machine-3-5,sarad_official,1,10,19498,19501,"[12, 2, 1, 15, 33, 3, 11, 6, 16, 17, 26, 10, 31, 8, 19, 25, 34, 14, 0, 22, 13, 35, 27, 7, 4, 24, 21, 30, 9, 29, 37, 5, 20, 28, 23, 36, 18, 32]",3,0.0,0.0,0.0,0.0,0,1,3,0
smd,group23_evaluation,machine-3-5,sarad_official,1,10,19498,19501,"[12, 2, 1, 15, 33, 3, 11, 6, 16, 17, 26, 10, 31, 8, 19, 25, 34, 14, 0, 22, 13, 35, 27, 7, 4, 24, 21, 30, 9, 29, 37, 5, 20, 28, 23, 36, 18, 32]",5,0.0,0.0,0.0,0.0,0,1,5,0
smd,group23_evaluation,machine-3-6,sarad_official,1,0,1187,1221,"[28, 22, 1, 15, 2, 20, 21, 0, 6, 27, 30, 3, 25, 35, 19, 10, 32, 37, 18, 23, 24, 4, 34, 26, 31, 14, 7, 33, 11, 29, 16, 13, 36, 12, 5, 8, 9, 17]",1,1.0,0.05555555555555555,0.10526315789473684,1.0,1,18,1,1
smd,group23_evaluation,machine-3-6,sarad_official,1,0,1187,1221,"[28, 22, 1, 15, 2, 20, 21, 0, 6, 27, 30, 3, 25, 35, 19, 10, 32, 37, 18, 23, 24, 4, 34, 26, 31, 14, 7, 33, 11, 29, 16, 13, 36, 12, 5, 8, 9, 17]",3,1.0,0.16666666666666666,0.2857142857142857,1.0,1,18,3,3
smd,group23_evaluation,machine-3-6,sarad_official,1,0,1187,1221,"[28, 22, 1, 15, 2, 20, 21, 0, 6, 27, 30, 3, 25, 35, 19, 10, 32, 37, 18, 23, 24, 4, 34, 26, 31, 14, 7, 33, 11, 29, 16, 13, 36, 12, 5, 8, 9, 17]",5,0.8,0.2222222222222222,0.3478260869565218,0.8539316501572937,1,18,5,4
smd,group23_evaluation,machine-3-6,sarad_official,1,1,8177,8211,"[33, 32, 22, 1, 3, 19, 29, 2, 18, 10, 30, 11, 27, 15, 21, 20, 16, 24, 6, 25, 7, 14, 37, 17, 0, 26, 4, 28, 34, 36, 23, 35, 5, 9, 31, 12, 8, 13]",1,1.0,0.16666666666666666,0.2857142857142857,1.0,1,6,1,1
smd,group23_evaluation,machine-3-6,sarad_official,1,1,8177,8211,"[33, 32, 22, 1, 3, 19, 29, 2, 18, 10, 30, 11, 27, 15, 21, 20, 16, 24, 6, 25, 7, 14, 37, 17, 0, 26, 4, 28, 34, 36, 23, 35, 5, 9, 31, 12, 8, 13]",3,0.6666666666666666,0.3333333333333333,0.4444444444444444,0.7653606369886217,1,6,3,2
smd,group23_evaluation,machine-3-6,sarad_official,1,1,8177,8211,"[33, 32, 22, 1, 3, 19, 29, 2, 18, 10, 30, 11, 27, 15, 21, 20, 16, 24, 6, 25, 7, 14, 37, 17, 0, 26, 4, 28, 34, 36, 23, 35, 5, 9, 31, 12, 8, 13]",5,0.8,0.6666666666666666,0.7272727272727272,0.830419897363192,1,6,5,4
smd,group23_evaluation,machine-3-6,sarad_official,1,2,10637,10743,"[32, 3, 33, 2, 22, 1, 10, 29, 11, 15, 19, 6, 0, 7, 20, 14, 21, 27, 16, 9, 26, 30, 28, 4, 17, 37, 36, 25, 12, 35, 23, 24, 8, 5, 34, 18, 31, 13]",1,1.0,0.3333333333333333,0.5,1.0,1,3,1,1
smd,group23_evaluation,machine-3-6,sarad_official,1,2,10637,10743,"[32, 3, 33, 2, 22, 1, 10, 29, 11, 15, 19, 6, 0, 7, 20, 14, 21, 27, 16, 9, 26, 30, 28, 4, 17, 37, 36, 25, 12, 35, 23, 24, 8, 5, 34, 18, 31, 13]",3,0.6666666666666666,0.6666666666666666,0.6666666666666666,0.7039180890341347,1,3,3,2
smd,group23_evaluation,machine-3-6,sarad_official,1,2,10637,10743,"[32, 3, 33, 2, 22, 1, 10, 29, 11, 15, 19, 6, 0, 7, 20, 14, 21, 27, 16, 9, 26, 30, 28, 4, 17, 37, 36, 25, 12, 35, 23, 24, 8, 5, 34, 18, 31, 13]",5,0.4,0.6666666666666666,0.5,0.7039180890341347,1,3,5,2
smd,group23_evaluation,machine-3-6,sarad_official,1,3,15633,15863,"[9, 11, 0, 13, 14, 12, 15, 2, 1, 10, 5, 32, 27, 4, 8, 23, 35, 37, 21, 7, 6, 20, 36, 19, 25, 18, 3, 17, 28, 22, 34, 16, 24, 26, 33, 30, 29, 31]",1,1.0,0.125,0.2222222222222222,1.0,1,8,1,1
smd,group23_evaluation,machine-3-6,sarad_official,1,3,15633,15863,"[9, 11, 0, 13, 14, 12, 15, 2, 1, 10, 5, 32, 27, 4, 8, 23, 35, 37, 21, 7, 6, 20, 36, 19, 25, 18, 3, 17, 28, 22, 34, 16, 24, 26, 33, 30, 29, 31]",3,1.0,0.375,0.5454545454545454,1.0,1,8,3,3
smd,group23_evaluation,machine-3-6,sarad_official,1,3,15633,15863,"[9, 11, 0, 13, 14, 12, 15, 2, 1, 10, 5, 32, 27, 4, 8, 23, 35, 37, 21, 7, 6, 20, 36, 19, 25, 18, 3, 17, 28, 22, 34, 16, 24, 26, 33, 30, 29, 31]",5,1.0,0.625,0.7692307692307693,1.0,1,8,5,5
smd,group23_evaluation,machine-3-6,sarad_official,1,4,16788,16995,"[11, 9, 14, 12, 1, 0, 2, 10, 3, 13, 8, 22, 7, 15, 37, 36, 4, 5, 17, 19, 16, 28, 23, 6, 26, 35, 21, 20, 24, 27, 34, 25, 32, 33, 30, 29, 18, 31]",1,1.0,0.16666666666666666,0.2857142857142857,1.0,1,6,1,1
smd,group23_evaluation,machine-3-6,sarad_official,1,4,16788,16995,"[11, 9, 14, 12, 1, 0, 2, 10, 3, 13, 8, 22, 7, 15, 37, 36, 4, 5, 17, 19, 16, 28, 23, 6, 26, 35, 21, 20, 24, 27, 34, 25, 32, 33, 30, 29, 18, 31]",3,1.0,0.5,0.6666666666666666,1.0,1,6,3,3
smd,group23_evaluation,machine-3-6,sarad_official,1,4,16788,16995,"[11, 9, 14, 12, 1, 0, 2, 10, 3, 13, 8, 22, 7, 15, 37, 36, 4, 5, 17, 19, 16, 28, 23, 6, 26, 35, 21, 20, 24, 27, 34, 25, 32, 33, 30, 29, 18, 31]",5,0.8,0.6666666666666666,0.7272727272727272,0.8687949224876582,1,6,5,4
smd,group23_evaluation,machine-3-6,sarad_official,1,5,18054,18134,"[11, 9, 3, 22, 1, 12, 2, 14, 10, 0, 15, 5, 37, 4, 19, 23, 36, 6, 7, 32, 17, 8, 16, 28, 25, 26, 35, 20, 21, 27, 24, 13, 34, 33, 29, 30, 18, 31]",1,1.0,0.16666666666666666,0.2857142857142857,1.0,1,6,1,1
smd,group23_evaluation,machine-3-6,sarad_official,1,5,18054,18134,"[11, 9, 3, 22, 1, 12, 2, 14, 10, 0, 15, 5, 37, 4, 19, 23, 36, 6, 7, 32, 17, 8, 16, 28, 25, 26, 35, 20, 21, 27, 24, 13, 34, 33, 29, 30, 18, 31]",3,0.6666666666666666,0.3333333333333333,0.4444444444444444,0.7653606369886217,1,6,3,2
smd,group23_evaluation,machine-3-6,sarad_official,1,5,18054,18134,"[11, 9, 3, 22, 1, 12, 2, 14, 10, 0, 15, 5, 37, 4, 19, 23, 36, 6, 7, 32, 17, 8, 16, 28, 25, 26, 35, 20, 21, 27, 24, 13, 34, 33, 29, 30, 18, 31]",5,0.4,0.3333333333333333,0.3636363636363636,0.5531464700081437,1,6,5,2
smd,group23_evaluation,machine-3-6,sarad_official,1,6,19276,19500,"[9, 11, 14, 12, 0, 2, 1, 27, 15, 32, 6, 4, 10, 23, 8, 13, 36, 37, 7, 35, 16, 19, 5, 21, 25, 3, 20, 26, 28, 17, 34, 29, 33, 24, 18, 22, 30, 31]",1,1.0,0.16666666666666666,0.2857142857142857,1.0,1,6,1,1
smd,group23_evaluation,machine-3-6,sarad_official,1,6,19276,19500,"[9, 11, 14, 12, 0, 2, 1, 27, 15, 32, 6, 4, 10, 23, 8, 13, 36, 37, 7, 35, 16, 19, 5, 21, 25, 3, 20, 26, 28, 17, 34, 29, 33, 24, 18, 22, 30, 31]",3,1.0,0.5,0.6666666666666666,1.0,1,6,3,3
smd,group23_evaluation,machine-3-6,sarad_official,1,6,19276,19500,"[9, 11, 14, 12, 0, 2, 1, 27, 15, 32, 6, 4, 10, 23, 8, 13, 36, 37, 7, 35, 16, 19, 5, 21, 25, 3, 20, 26, 28, 17, 34, 29, 33, 24, 18, 22, 30, 31]",5,1.0,0.8333333333333334,0.9090909090909091,1.0,1,6,5,5
smd,group23_evaluation,machine-3-6,sarad_official,1,7,20681,20865,"[9, 11, 12, 0, 14, 1, 2, 5, 32, 13, 4, 10, 3, 23, 15, 27, 6, 36, 7, 19, 35, 37, 22, 8, 20, 17, 21, 28, 16, 18, 34, 30, 26, 25, 24, 33, 29, 31]",1,1.0,0.14285714285714285,0.25,1.0,1,7,1,1
smd,group23_evaluation,machine-3-6,sarad_official,1,7,20681,20865,"[9, 11, 12, 0, 14, 1, 2, 5, 32, 13, 4, 10, 3, 23, 15, 27, 6, 36, 7, 19, 35, 37, 22, 8, 20, 17, 21, 28, 16, 18, 34, 30, 26, 25, 24, 33, 29, 31]",3,1.0,0.42857142857142855,0.6,1.0,1,7,3,3
smd,group23_evaluation,machine-3-6,sarad_official,1,7,20681,20865,"[9, 11, 12, 0, 14, 1, 2, 5, 32, 13, 4, 10, 3, 23, 15, 27, 6, 36, 7, 19, 35, 37, 22, 8, 20, 17, 21, 28, 16, 18, 34, 30, 26, 25, 24, 33, 29, 31]",5,1.0,0.7142857142857143,0.8333333333333333,1.0,1,7,5,5
smd,group23_evaluation,machine-3-6,sarad_official,1,8,24503,24506,"[12, 5, 13, 14, 10, 8, 15, 20, 11, 36, 4, 35, 7, 26, 23, 16, 27, 28, 17, 37, 2, 1, 25, 9, 34, 6, 3, 21, 0, 31, 19, 29, 33, 18, 22, 24, 30, 32]",1,1.0,0.14285714285714285,0.25,1.0,1,7,1,1
smd,group23_evaluation,machine-3-6,sarad_official,1,8,24503,24506,"[12, 5, 13, 14, 10, 8, 15, 20, 11, 36, 4, 35, 7, 26, 23, 16, 27, 28, 17, 37, 2, 1, 25, 9, 34, 6, 3, 21, 0, 31, 19, 29, 33, 18, 22, 24, 30, 32]",3,0.6666666666666666,0.2857142857142857,0.4,0.7039180890341347,1,7,3,2
smd,group23_evaluation,machine-3-6,sarad_official,1,8,24503,24506,"[12, 5, 13, 14, 10, 8, 15, 20, 11, 36, 4, 35, 7, 26, 23, 16, 27, 28, 17, 37, 2, 1, 25, 9, 34, 6, 3, 21, 0, 31, 19, 29, 33, 18, 22, 24, 30, 32]",5,0.6,0.42857142857142855,0.5,0.6548086577531307,1,7,5,3
smd,group23_evaluation,machine-3-6,sarad_official,1,9,26138,26149,"[0, 11, 9, 35, 12, 37, 14, 10, 19, 17, 36, 16, 28, 1, 7, 6, 15, 34, 8, 21, 24, 5, 26, 23, 4, 2, 13, 27, 3, 30, 31, 25, 33, 20, 22, 29, 18, 32]",1,1.0,0.5,0.6666666666666666,1.0,1,2,1,1
smd,group23_evaluation,machine-3-6,sarad_official,1,9,26138,26149,"[0, 11, 9, 35, 12, 37, 14, 10, 19, 17, 36, 16, 28, 1, 7, 6, 15, 34, 8, 21, 24, 5, 26, 23, 4, 2, 13, 27, 3, 30, 31, 25, 33, 20, 22, 29, 18, 32]",3,0.6666666666666666,1.0,0.8,1.0,1,2,3,2
smd,group23_evaluation,machine-3-6,sarad_official,1,9,26138,26149,"[0, 11, 9, 35, 12, 37, 14, 10, 19, 17, 36, 16, 28, 1, 7, 6, 15, 34, 8, 21, 24, 5, 26, 23, 4, 2, 13, 27, 3, 30, 31, 25, 33, 20, 22, 29, 18, 32]",5,0.4,1.0,0.5714285714285715,1.0,1,2,5,2
smd,group23_evaluation,machine-3-6,sarad_official,1,10,27877,27958,"[25, 32, 29, 23, 24, 20, 31, 1, 22, 3, 35, 19, 2, 0, 21, 6, 18, 27, 34, 33, 30, 10, 15, 4, 7, 5, 14, 11, 36, 17, 37, 16, 26, 28, 12, 8, 9, 13]",1,1.0,0.043478260869565216,0.08333333333333333,1.0,1,23,1,1
smd,group23_evaluation,machine-3-6,sarad_official,1,10,27877,27958,"[25, 32, 29, 23, 24, 20, 31, 1, 22, 3, 35, 19, 2, 0, 21, 6, 18, 27, 34, 33, 30, 10, 15, 4, 7, 5, 14, 11, 36, 17, 37, 16, 26, 28, 12, 8, 9, 13]",3,1.0,0.13043478260869565,0.23076923076923078,1.0,1,23,3,3
smd,group23_evaluation,machine-3-6,sarad_official,1,10,27877,27958,"[25, 32, 29, 23, 24, 20, 31, 1, 22, 3, 35, 19, 2, 0, 21, 6, 18, 27, 34, 33, 30, 10, 15, 4, 7, 5, 14, 11, 36, 17, 37, 16, 26, 28, 12, 8, 9, 13]",5,1.0,0.21739130434782608,0.3571428571428571,1.0,1,23,5,5
smd,group23_evaluation,machine-3-7,sarad_official,1,0,10609,10644,"[31, 25, 29, 23, 1, 26, 22, 28, 4, 16, 17, 36, 7, 15, 37, 3, 6, 14, 21, 33, 19, 2, 8, 9, 0, 11, 5, 30, 12, 34, 20, 24, 27, 18, 10, 32, 35, 13]",1,1.0,0.09090909090909091,0.16666666666666669,1.0,1,11,1,1
smd,group23_evaluation,machine-3-7,sarad_official,1,0,10609,10644,"[31, 25, 29, 23, 1, 26, 22, 28, 4, 16, 17, 36, 7, 15, 37, 3, 6, 14, 21, 33, 19, 2, 8, 9, 0, 11, 5, 30, 12, 34, 20, 24, 27, 18, 10, 32, 35, 13]",3,0.6666666666666666,0.18181818181818182,0.28571428571428575,0.7039180890341347,1,11,3,2
smd,group23_evaluation,machine-3-7,sarad_official,1,0,10609,10644,"[31, 25, 29, 23, 1, 26, 22, 28, 4, 16, 17, 36, 7, 15, 37, 3, 6, 14, 21, 33, 19, 2, 8, 9, 0, 11, 5, 30, 12, 34, 20, 24, 27, 18, 10, 32, 35, 13]",5,0.4,0.18181818181818182,0.25000000000000006,0.5087403079104241,1,11,5,2
smd,group23_evaluation,machine-3-7,sarad_official,1,1,11491,11554,"[29, 31, 25, 33, 2, 1, 23, 3, 32, 0, 21, 34, 18, 30, 20, 22, 27, 35, 19, 4, 6, 37, 7, 15, 28, 17, 16, 26, 11, 9, 24, 36, 5, 14, 12, 8, 10, 13]",1,1.0,0.06666666666666667,0.125,1.0,1,15,1,1
smd,group23_evaluation,machine-3-7,sarad_official,1,1,11491,11554,"[29, 31, 25, 33, 2, 1, 23, 3, 32, 0, 21, 34, 18, 30, 20, 22, 27, 35, 19, 4, 6, 37, 7, 15, 28, 17, 16, 26, 11, 9, 24, 36, 5, 14, 12, 8, 10, 13]",3,1.0,0.2,0.33333333333333337,1.0,1,15,3,3
smd,group23_evaluation,machine-3-7,sarad_official,1,1,11491,11554,"[29, 31, 25, 33, 2, 1, 23, 3, 32, 0, 21, 34, 18, 30, 20, 22, 27, 35, 19, 4, 6, 37, 7, 15, 28, 17, 16, 26, 11, 9, 24, 36, 5, 14, 12, 8, 10, 13]",5,0.8,0.26666666666666666,0.4,0.8687949224876582,1,15,5,4
smd,group23_evaluation,machine-3-7,sarad_official,1,2,14775,14793,"[31, 29, 15, 4, 2, 1, 25, 36, 28, 17, 26, 37, 23, 16, 14, 7, 0, 3, 19, 6, 5, 33, 21, 30, 9, 24, 34, 8, 22, 18, 12, 20, 35, 11, 27, 10, 32, 13]",1,1.0,0.09090909090909091,0.16666666666666669,1.0,1,11,1,1
smd,group23_evaluation,machine-3-7,sarad_official,1,2,14775,14793,"[31, 29, 15, 4, 2, 1, 25, 36, 28, 17, 26, 37, 23, 16, 14, 7, 0, 3, 19, 6, 5, 33, 21, 30, 9, 24, 34, 8, 22, 18, 12, 20, 35, 11, 27, 10, 32, 13]",3,0.6666666666666666,0.18181818181818182,0.28571428571428575,0.7653606369886217,1,11,3,2
smd,group23_evaluation,machine-3-7,sarad_official,1,2,14775,14793,"[31, 29, 15, 4, 2, 1, 25, 36, 28, 17, 26, 37, 23, 16, 14, 7, 0, 3, 19, 6, 5, 33, 21, 30, 9, 24, 34, 8, 22, 18, 12, 20, 35, 11, 27, 10, 32, 13]",5,0.4,0.18181818181818182,0.25000000000000006,0.5531464700081437,1,11,5,2
smd,group23_evaluation,machine-3-7,sarad_official,1,3,21201,21512,"[9, 16, 2, 15, 1, 17, 3, 8, 13, 5, 31, 0, 22, 4, 14, 19, 32, 12, 10, 37, 33, 18, 36, 27, 25, 6, 29, 20, 35, 21, 24, 30, 34, 23, 7, 26, 11, 28]",1,1.0,0.03571428571428571,0.0689655172413793,1.0,1,28,1,1
smd,group23_evaluation,machine-3-7,sarad_official,1,3,21201,21512,"[9, 16, 2, 15, 1, 17, 3, 8, 13, 5, 31, 0, 22, 4, 14, 19, 32, 12, 10, 37, 33, 18, 36, 27, 25, 6, 29, 20, 35, 21, 24, 30, 34, 23, 7, 26, 11, 28]",3,1.0,0.10714285714285714,0.19354838709677416,1.0,1,28,3,3
smd,group23_evaluation,machine-3-7,sarad_official,1,3,21201,21512,"[9, 16, 2, 15, 1, 17, 3, 8, 13, 5, 31, 0, 22, 4, 14, 19, 32, 12, 10, 37, 33, 18, 36, 27, 25, 6, 29, 20, 35, 21, 24, 30, 34, 23, 7, 26, 11, 28]",5,1.0,0.17857142857142858,0.30303030303030304,1.0,1,28,5,5
smd,group23_evaluation,machine-3-7,sarad_official,1,4,24579,24586,"[10, 31, 9, 18, 21, 12, 26, 16, 17, 28, 15, 37, 6, 7, 11, 2, 35, 36, 4, 25, 14, 3, 1, 8, 23, 33, 27, 5, 34, 20, 0, 19, 30, 24, 29, 22, 32, 13]",1,1.0,1.0,1.0,1.0,1,1,1,1
smd,group23_evaluation,machine-3-7,sarad_official,1,4,24579,24586,"[10, 31, 9, 18, 21, 12, 26, 16, 17, 28, 15, 37, 6, 7, 11, 2, 35, 36, 4, 25, 14, 3, 1, 8, 23, 33, 27, 5, 34, 20, 0, 19, 30, 24, 29, 22, 32, 13]",3,0.3333333333333333,1.0,0.5,1.0,1,1,3,1
smd,group23_evaluation,machine-3-7,sarad_official,1,4,24579,24586,"[10, 31, 9, 18, 21, 12, 26, 16, 17, 28, 15, 37, 6, 7, 11, 2, 35, 36, 4, 25, 14, 3, 1, 8, 23, 33, 27, 5, 34, 20, 0, 19, 30, 24, 29, 22, 32, 13]",5,0.2,1.0,0.33333333333333337,1.0,1,1,5,1
smd,group23_evaluation,machine-3-8,sarad_official,1,0,15144,15266,"[24, 3, 35, 18, 19, 1, 2, 13, 34, 12, 36, 30, 8, 6, 37, 27, 16, 0, 7, 21, 20, 28, 26, 17, 4, 15, 31, 23, 5, 9, 10, 25, 33, 32, 11, 14, 29, 22]",1,0.0,0.0,0.0,0.0,0,12,1,0
smd,group23_evaluation,machine-3-8,sarad_official,1,0,15144,15266,"[24, 3, 35, 18, 19, 1, 2, 13, 34, 12, 36, 30, 8, 6, 37, 27, 16, 0, 7, 21, 20, 28, 26, 17, 4, 15, 31, 23, 5, 9, 10, 25, 33, 32, 11, 14, 29, 22]",3,0.6666666666666666,0.16666666666666666,0.26666666666666666,0.5307212739772434,1,12,3,2
smd,group23_evaluation,machine-3-8,sarad_official,1,0,15144,15266,"[24, 3, 35, 18, 19, 1, 2, 13, 34, 12, 36, 30, 8, 6, 37, 27, 16, 0, 7, 21, 20, 28, 26, 17, 4, 15, 31, 23, 5, 9, 10, 25, 33, 32, 11, 14, 29, 22]",5,0.8,0.3333333333333333,0.47058823529411764,0.6608397947263839,1,12,5,4
smd,group23_evaluation,machine-3-8,sarad_official,1,1,15941,16514,"[24, 13, 1, 19, 12, 2, 35, 18, 27, 34, 6, 3, 20, 36, 21, 8, 7, 37, 17, 16, 30, 28, 26, 4, 0, 5, 25, 9, 10, 23, 15, 11, 33, 14, 31, 32, 29, 22]",1,0.0,0.0,0.0,0.0,0,11,1,0
smd,group23_evaluation,machine-3-8,sarad_official,1,1,15941,16514,"[24, 13, 1, 19, 12, 2, 35, 18, 27, 34, 6, 3, 20, 36, 21, 8, 7, 37, 17, 16, 30, 28, 26, 4, 0, 5, 25, 9, 10, 23, 15, 11, 33, 14, 31, 32, 29, 22]",3,0.3333333333333333,0.09090909090909091,0.14285714285714288,0.23463936301137822,1,11,3,1
smd,group23_evaluation,machine-3-8,sarad_official,1,1,15941,16514,"[24, 13, 1, 19, 12, 2, 35, 18, 27, 34, 6, 3, 20, 36, 21, 8, 7, 37, 17, 16, 30, 28, 26, 4, 0, 5, 25, 9, 10, 23, 15, 11, 33, 14, 31, 32, 29, 22]",5,0.4,0.18181818181818182,0.25000000000000006,0.3156484524795145,1,11,5,2
smd,group23_evaluation,machine-3-8,sarad_official,1,2,17063,17276,"[28, 1, 2, 3, 19, 18, 0, 30, 21, 20, 34, 22, 13, 35, 27, 24, 7, 25, 32, 23, 26, 15, 31, 33, 6, 5, 10, 4, 29, 37, 36, 12, 14, 11, 8, 16, 17, 9]",1,1.0,0.047619047619047616,0.0909090909090909,1.0,1,21,1,1
smd,group23_evaluation,machine-3-8,sarad_official,1,2,17063,17276,"[28, 1, 2, 3, 19, 18, 0, 30, 21, 20, 34, 22, 13, 35, 27, 24, 7, 25, 32, 23, 26, 15, 31, 33, 6, 5, 10, 4, 29, 37, 36, 12, 14, 11, 8, 16, 17, 9]",3,1.0,0.14285714285714285,0.25,1.0,1,21,3,3
smd,group23_evaluation,machine-3-8,sarad_official,1,2,17063,17276,"[28, 1, 2, 3, 19, 18, 0, 30, 21, 20, 34, 22, 13, 35, 27, 24, 7, 25, 32, 23, 26, 15, 31, 33, 6, 5, 10, 4, 29, 37, 36, 12, 14, 11, 8, 16, 17, 9]",5,1.0,0.23809523809523808,0.3846153846153846,1.0,1,21,5,5
smd,group23_evaluation,machine-3-8,sarad_official,1,3,21405,21548,"[9, 13, 12, 32, 1, 34, 35, 27, 4, 33, 22, 20, 7, 6, 2, 5, 25, 24, 36, 15, 19, 37, 18, 23, 17, 21, 30, 28, 8, 14, 29, 11, 10, 0, 3, 16, 26, 31]",1,1.0,0.25,0.4,1.0,1,4,1,1
smd,group23_evaluation,machine-3-8,sarad_official,1,3,21405,21548,"[9, 13, 12, 32, 1, 34, 35, 27, 4, 33, 22, 20, 7, 6, 2, 5, 25, 24, 36, 15, 19, 37, 18, 23, 17, 21, 30, 28, 8, 14, 29, 11, 10, 0, 3, 16, 26, 31]",3,0.6666666666666666,0.5,0.5714285714285715,0.7039180890341347,1,4,3,2
smd,group23_evaluation,machine-3-8,sarad_official,1,3,21405,21548,"[9, 13, 12, 32, 1, 34, 35, 27, 4, 33, 22, 20, 7, 6, 2, 5, 25, 24, 36, 15, 19, 37, 18, 23, 17, 21, 30, 28, 8, 14, 29, 11, 10, 0, 3, 16, 26, 31]",5,0.4,0.5,0.4444444444444445,0.5855700749881525,1,4,5,2
smd,group23_evaluation,machine-3-8,sarad_official,1,4,23478,23781,"[9, 13, 24, 18, 35, 12, 27, 34, 1, 32, 6, 21, 19, 4, 20, 2, 22, 25, 23, 37, 15, 30, 36, 33, 7, 11, 29, 8, 5, 14, 0, 17, 3, 10, 28, 16, 26, 31]",1,1.0,0.2,0.33333333333333337,1.0,1,5,1,1
smd,group23_evaluation,machine-3-8,sarad_official,1,4,23478,23781,"[9, 13, 24, 18, 35, 12, 27, 34, 1, 32, 6, 21, 19, 4, 20, 2, 22, 25, 23, 37, 15, 30, 36, 33, 7, 11, 29, 8, 5, 14, 0, 17, 3, 10, 28, 16, 26, 31]",3,0.6666666666666666,0.4,0.5,0.7653606369886217,1,5,3,2
smd,group23_evaluation,machine-3-8,sarad_official,1,4,23478,23781,"[9, 13, 24, 18, 35, 12, 27, 34, 1, 32, 6, 21, 19, 4, 20, 2, 22, 25, 23, 37, 15, 30, 36, 33, 7, 11, 29, 8, 5, 14, 0, 17, 3, 10, 28, 16, 26, 31]",5,0.4,0.4,0.4000000000000001,0.5531464700081437,1,5,5,2
smd,group23_evaluation,machine-3-8,sarad_official,1,5,28253,28270,"[9, 13, 32, 24, 19, 12, 20, 4, 37, 22, 14, 27, 2, 25, 1, 33, 6, 30, 36, 18, 29, 15, 34, 21, 23, 8, 0, 10, 7, 11, 16, 35, 26, 17, 3, 31, 28, 5]",1,1.0,0.3333333333333333,0.5,1.0,1,3,1,1
smd,group23_evaluation,machine-3-8,sarad_official,1,5,28253,28270,"[9, 13, 32, 24, 19, 12, 20, 4, 37, 22, 14, 27, 2, 25, 1, 33, 6, 30, 36, 18, 29, 15, 34, 21, 23, 8, 0, 10, 7, 11, 16, 35, 26, 17, 3, 31, 28, 5]",3,0.3333333333333333,0.3333333333333333,0.3333333333333333,0.46927872602275644,1,3,3,1
smd,group23_evaluation,machine-3-8,sarad_official,1,5,28253,28270,"[9, 13, 32, 24, 19, 12, 20, 4, 37, 22, 14, 27, 2, 25, 1, 33, 6, 30, 36, 18, 29, 15, 34, 21, 23, 8, 0, 10, 7, 11, 16, 35, 26, 17, 3, 31, 28, 5]",5,0.2,0.3333333333333333,0.25,0.46927872602275644,1,3,5,1
smd,group23_evaluation,machine-3-9,sarad_official,1,0,1199,1230,"[25, 23, 22, 10, 8, 14, 31, 32, 13, 12, 18, 27, 20, 9, 7, 21, 19, 15, 2, 4, 24, 37, 26, 30, 28, 17, 16, 5, 36, 0, 33, 6, 1, 11, 3, 34, 29, 35]",1,1.0,0.08333333333333333,0.15384615384615385,1.0,1,12,1,1
smd,group23_evaluation,machine-3-9,sarad_official,1,0,1199,1230,"[25, 23, 22, 10, 8, 14, 31, 32, 13, 12, 18, 27, 20, 9, 7, 21, 19, 15, 2, 4, 24, 37, 26, 30, 28, 17, 16, 5, 36, 0, 33, 6, 1, 11, 3, 34, 29, 35]",3,1.0,0.25,0.4,1.0,1,12,3,3
smd,group23_evaluation,machine-3-9,sarad_official,1,0,1199,1230,"[25, 23, 22, 10, 8, 14, 31, 32, 13, 12, 18, 27, 20, 9, 7, 21, 19, 15, 2, 4, 24, 37, 26, 30, 28, 17, 16, 5, 36, 0, 33, 6, 1, 11, 3, 34, 29, 35]",5,0.6,0.25,0.35294117647058826,0.7227265726449519,1,12,5,3
smd,group23_evaluation,machine-3-9,sarad_official,1,1,5361,5487,"[26, 33, 32, 10, 15, 25, 23, 34, 35, 7, 27, 13, 8, 18, 4, 22, 5, 29, 14, 19, 20, 1, 37, 24, 28, 21, 0, 31, 2, 16, 36, 30, 3, 11, 6, 12, 17, 9]",1,1.0,0.3333333333333333,0.5,1.0,1,3,1,1
smd,group23_evaluation,machine-3-9,sarad_official,1,1,5361,5487,"[26, 33, 32, 10, 15, 25, 23, 34, 35, 7, 27, 13, 8, 18, 4, 22, 5, 29, 14, 19, 20, 1, 37, 24, 28, 21, 0, 31, 2, 16, 36, 30, 3, 11, 6, 12, 17, 9]",3,1.0,1.0,1.0,1.0,1,3,3,3
smd,group23_evaluation,machine-3-9,sarad_official,1,1,5361,5487,"[26, 33, 32, 10, 15, 25, 23, 34, 35, 7, 27, 13, 8, 18, 4, 22, 5, 29, 14, 19, 20, 1, 37, 24, 28, 21, 0, 31, 2, 16, 36, 30, 3, 11, 6, 12, 17, 9]",5,0.6,1.0,0.7499999999999999,1.0,1,3,5,3
smd,group23_evaluation,machine-3-9,sarad_official,1,2,10662,10707,"[10, 9, 0, 14, 8, 12, 15, 1, 32, 13, 4, 37, 2, 19, 20, 27, 18, 6, 36, 5, 26, 16, 21, 17, 7, 28, 30, 34, 11, 23, 3, 24, 35, 33, 25, 31, 29, 22]",1,0.0,0.0,0.0,0.0,0,13,1,0
smd,group23_evaluation,machine-3-9,sarad_official,1,2,10662,10707,"[10, 9, 0, 14, 8, 12, 15, 1, 32, 13, 4, 37, 2, 19, 20, 27, 18, 6, 36, 5, 26, 16, 21, 17, 7, 28, 30, 34, 11, 23, 3, 24, 35, 33, 25, 31, 29, 22]",3,0.3333333333333333,0.07692307692307693,0.125,0.23463936301137822,1,13,3,1
smd,group23_evaluation,machine-3-9,sarad_official,1,2,10662,10707,"[10, 9, 0, 14, 8, 12, 15, 1, 32, 13, 4, 37, 2, 19, 20, 27, 18, 6, 36, 5, 26, 16, 21, 17, 7, 28, 30, 34, 11, 23, 3, 24, 35, 33, 25, 31, 29, 22]",5,0.2,0.07692307692307693,0.1111111111111111,0.16958010263680806,1,13,5,1
smd,group23_evaluation,machine-3-9,sarad_official,1,3,27849,27950,"[35, 0, 34, 20, 9, 27, 19, 18, 2, 1, 3, 30, 10, 21, 22, 31, 13, 15, 8, 14, 5, 4, 23, 12, 25, 32, 36, 24, 6, 37, 29, 7, 33, 16, 11, 26, 17, 28]",1,1.0,0.0625,0.11764705882352941,1.0,1,16,1,1
smd,group23_evaluation,machine-3-9,sarad_official,1,3,27849,27950,"[35, 0, 34, 20, 9, 27, 19, 18, 2, 1, 3, 30, 10, 21, 22, 31, 13, 15, 8, 14, 5, 4, 23, 12, 25, 32, 36, 24, 6, 37, 29, 7, 33, 16, 11, 26, 17, 28]",3,1.0,0.1875,0.3157894736842105,1.0,1,16,3,3
smd,group23_evaluation,machine-3-9,sarad_official,1,3,27849,27950,"[35, 0, 34, 20, 9, 27, 19, 18, 2, 1, 3, 30, 10, 21, 22, 31, 13, 15, 8, 14, 5, 4, 23, 12, 25, 32, 36, 24, 6, 37, 29, 7, 33, 16, 11, 26, 17, 28]",5,1.0,0.3125,0.47619047619047616,1.0,1,16,5,5
smd,group1_development,machine-1-1,sarad_official,2,0,15849,16368,"[9, 0, 1, 11, 3, 14, 22, 2, 18, 27, 23, 19, 15, 25, 10, 12, 7, 31, 26, 21, 20, 8, 37, 35, 28, 17, 34, 4, 29, 36, 13, 24, 32, 16, 30, 5, 6, 33]",1,1.0,0.14285714285714285,0.25,1.0,1,7,1,1
smd,group1_development,machine-1-1,sarad_official,2,0,15849,16368,"[9, 0, 1, 11, 3, 14, 22, 2, 18, 27, 23, 19, 15, 25, 10, 12, 7, 31, 26, 21, 20, 8, 37, 35, 28, 17, 34, 4, 29, 36, 13, 24, 32, 16, 30, 5, 6, 33]",3,0.6666666666666666,0.2857142857142857,0.4,0.7653606369886217,1,7,3,2
smd,group1_development,machine-1-1,sarad_official,2,0,15849,16368,"[9, 0, 1, 11, 3, 14, 22, 2, 18, 27, 23, 19, 15, 25, 10, 12, 7, 31, 26, 21, 20, 8, 37, 35, 28, 17, 34, 4, 29, 36, 13, 24, 32, 16, 30, 5, 6, 33]",5,0.6,0.42857142857142855,0.5,0.6992148198508501,1,7,5,3
smd,group1_development,machine-1-1,sarad_official,2,1,16963,17517,"[26, 28, 3, 2, 1, 0, 22, 29, 15, 31, 27, 19, 10, 9, 25, 20, 30, 21, 18, 34, 33, 32, 23, 35, 7, 4, 11, 14, 24, 37, 13, 12, 8, 6, 16, 36, 17, 5]",1,1.0,0.03225806451612903,0.0625,1.0,1,31,1,1
smd,group1_development,machine-1-1,sarad_official,2,1,16963,17517,"[26, 28, 3, 2, 1, 0, 22, 29, 15, 31, 27, 19, 10, 9, 25, 20, 30, 21, 18, 34, 33, 32, 23, 35, 7, 4, 11, 14, 24, 37, 13, 12, 8, 6, 16, 36, 17, 5]",3,1.0,0.0967741935483871,0.17647058823529413,1.0,1,31,3,3
smd,group1_development,machine-1-1,sarad_official,2,1,16963,17517,"[26, 28, 3, 2, 1, 0, 22, 29, 15, 31, 27, 19, 10, 9, 25, 20, 30, 21, 18, 34, 33, 32, 23, 35, 7, 4, 11, 14, 24, 37, 13, 12, 8, 6, 16, 36, 17, 5]",5,1.0,0.16129032258064516,0.27777777777777773,1.0,1,31,5,5
smd,group1_development,machine-1-1,sarad_official,2,2,18071,18528,"[28, 9, 11, 0, 1, 22, 13, 14, 3, 2, 23, 19, 27, 15, 18, 12, 8, 10, 25, 31, 7, 20, 17, 21, 26, 4, 37, 34, 35, 29, 36, 16, 32, 24, 30, 5, 6, 33]",1,0.0,0.0,0.0,0.0,0,8,1,0
smd,group1_development,machine-1-1,sarad_official,2,2,18071,18528,"[28, 9, 11, 0, 1, 22, 13, 14, 3, 2, 23, 19, 27, 15, 18, 12, 8, 10, 25, 31, 7, 20, 17, 21, 26, 4, 37, 34, 35, 29, 36, 16, 32, 24, 30, 5, 6, 33]",3,0.6666666666666666,0.25,0.36363636363636365,0.5307212739772434,1,8,3,2
smd,group1_development,machine-1-1,sarad_official,2,2,18071,18528,"[28, 9, 11, 0, 1, 22, 13, 14, 3, 2, 23, 19, 27, 15, 18, 12, 8, 10, 25, 31, 7, 20, 17, 21, 26, 4, 37, 34, 35, 29, 36, 16, 32, 24, 30, 5, 6, 33]",5,0.8,0.5,0.6153846153846154,0.6608397947263839,1,8,5,4
smd,group1_development,machine-1-1,sarad_official,2,3,19367,20088,"[9, 1, 0, 14, 11, 22, 28, 13, 15, 8, 2, 3, 12, 23, 7, 10, 27, 37, 26, 19, 17, 36, 25, 35, 4, 16, 18, 31, 21, 20, 34, 29, 32, 24, 5, 6, 30, 33]",1,1.0,0.07142857142857142,0.13333333333333333,1.0,1,14,1,1
smd,group1_development,machine-1-1,sarad_official,2,3,19367,20088,"[9, 1, 0, 14, 11, 22, 28, 13, 15, 8, 2, 3, 12, 23, 7, 10, 27, 37, 26, 19, 17, 36, 25, 35, 4, 16, 18, 31, 21, 20, 34, 29, 32, 24, 5, 6, 30, 33]",3,1.0,0.21428571428571427,0.35294117647058826,1.0,1,14,3,3
smd,group1_development,machine-1-1,sarad_official,2,3,19367,20088,"[9, 1, 0, 14, 11, 22, 28, 13, 15, 8, 2, 3, 12, 23, 7, 10, 27, 37, 26, 19, 17, 36, 25, 35, 4, 16, 18, 31, 21, 20, 34, 29, 32, 24, 5, 6, 30, 33]",5,1.0,0.35714285714285715,0.5263157894736842,1.0,1,14,5,5
smd,group1_development,machine-1-1,sarad_official,2,4,20786,21195,"[9, 0, 11, 1, 13, 14, 22, 12, 8, 15, 3, 2, 23, 27, 10, 18, 7, 19, 26, 17, 25, 28, 37, 4, 21, 36, 31, 16, 35, 34, 29, 20, 6, 32, 30, 5, 24, 33]",1,1.0,0.14285714285714285,0.25,1.0,1,7,1,1
smd,group1_development,machine-1-1,sarad_official,2,4,20786,21195,"[9, 0, 11, 1, 13, 14, 22, 12, 8, 15, 3, 2, 23, 27, 10, 18, 7, 19, 26, 17, 25, 28, 37, 4, 21, 36, 31, 16, 35, 34, 29, 20, 6, 32, 30, 5, 24, 33]",3,1.0,0.42857142857142855,0.6,1.0,1,7,3,3
smd,group1_development,machine-1-1,sarad_official,2,4,20786,21195,"[9, 0, 11, 1, 13, 14, 22, 12, 8, 15, 3, 2, 23, 27, 10, 18, 7, 19, 26, 17, 25, 28, 37, 4, 21, 36, 31, 16, 35, 34, 29, 20, 6, 32, 30, 5, 24, 33]",5,0.8,0.5714285714285714,0.6666666666666666,0.8539316501572937,1,7,5,4
smd,group1_development,machine-1-1,sarad_official,2,5,24679,24682,"[14, 8, 13, 12, 15, 1, 36, 26, 28, 3, 16, 9, 17, 37, 11, 7, 22, 25, 10, 4, 2, 20, 21, 23, 0, 32, 34, 35, 27, 6, 18, 29, 24, 31, 30, 19, 5, 33]",1,1.0,0.25,0.4,1.0,1,4,1,1
smd,group1_development,machine-1-1,sarad_official,2,5,24679,24682,"[14, 8, 13, 12, 15, 1, 36, 26, 28, 3, 16, 9, 17, 37, 11, 7, 22, 25, 10, 4, 2, 20, 21, 23, 0, 32, 34, 35, 27, 6, 18, 29, 24, 31, 30, 19, 5, 33]",3,1.0,0.75,0.8571428571428571,1.0,1,4,3,3
smd,group1_development,machine-1-1,sarad_official,2,5,24679,24682,"[14, 8, 13, 12, 15, 1, 36, 26, 28, 3, 16, 9, 17, 37, 11, 7, 22, 25, 10, 4, 2, 20, 21, 23, 0, 32, 34, 35, 27, 6, 18, 29, 24, 31, 30, 19, 5, 33]",5,0.8,1.0,0.888888888888889,1.0,1,4,5,4
smd,group1_development,machine-1-1,sarad_official,2,6,26114,26116,"[14, 8, 13, 12, 1, 15, 2, 36, 3, 26, 7, 28, 17, 16, 37, 9, 23, 20, 11, 25, 4, 10, 21, 29, 32, 34, 0, 35, 18, 22, 27, 6, 24, 30, 31, 5, 19, 33]",1,1.0,0.25,0.4,1.0,1,4,1,1
smd,group1_development,machine-1-1,sarad_official,2,6,26114,26116,"[14, 8, 13, 12, 1, 15, 2, 36, 3, 26, 7, 28, 17, 16, 37, 9, 23, 20, 11, 25, 4, 10, 21, 29, 32, 34, 0, 35, 18, 22, 27, 6, 24, 30, 31, 5, 19, 33]",3,1.0,0.75,0.8571428571428571,1.0,1,4,3,3
smd,group1_development,machine-1-1,sarad_official,2,6,26114,26116,"[14, 8, 13, 12, 1, 15, 2, 36, 3, 26, 7, 28, 17, 16, 37, 9, 23, 20, 11, 25, 4, 10, 21, 29, 32, 34, 0, 35, 18, 22, 27, 6, 24, 30, 31, 5, 19, 33]",5,0.8,1.0,0.888888888888889,1.0,1,4,5,4
smd,group1_development,machine-1-1,sarad_official,2,7,27554,27556,"[13, 8, 14, 12, 15, 1, 36, 11, 22, 28, 16, 26, 7, 3, 17, 37, 10, 2, 23, 25, 9, 4, 20, 18, 34, 29, 0, 32, 21, 35, 6, 31, 24, 27, 5, 30, 19, 33]",1,1.0,0.25,0.4,1.0,1,4,1,1
smd,group1_development,machine-1-1,sarad_official,2,7,27554,27556,"[13, 8, 14, 12, 15, 1, 36, 11, 22, 28, 16, 26, 7, 3, 17, 37, 10, 2, 23, 25, 9, 4, 20, 18, 34, 29, 0, 32, 21, 35, 6, 31, 24, 27, 5, 30, 19, 33]",3,1.0,0.75,0.8571428571428571,1.0,1,4,3,3
smd,group1_development,machine-1-1,sarad_official,2,7,27554,27556,"[13, 8, 14, 12, 15, 1, 36, 11, 22, 28, 16, 26, 7, 3, 17, 37, 10, 2, 23, 25, 9, 4, 20, 18, 34, 29, 0, 32, 21, 35, 6, 31, 24, 27, 5, 30, 19, 33]",5,0.8,1.0,0.888888888888889,1.0,1,4,5,4
smd,group1_development,machine-1-2,sarad_official,2,0,4629,4688,"[9, 12, 17, 23, 25, 4, 31, 6, 5, 24, 11, 18, 27, 19, 13, 10, 32, 7, 30, 8, 1, 34, 3, 2, 0, 35, 33, 20, 29, 26, 15, 22, 21, 28, 37, 16, 36, 14]",1,1.0,0.16666666666666666,0.2857142857142857,1.0,1,6,1,1
smd,group1_development,machine-1-2,sarad_official,2,0,4629,4688,"[9, 12, 17, 23, 25, 4, 31, 6, 5, 24, 11, 18, 27, 19, 13, 10, 32, 7, 30, 8, 1, 34, 3, 2, 0, 35, 33, 20, 29, 26, 15, 22, 21, 28, 37, 16, 36, 14]",3,1.0,0.5,0.6666666666666666,1.0,1,6,3,3
smd,group1_development,machine-1-2,sarad_official,2,0,4629,4688,"[9, 12, 17, 23, 25, 4, 31, 6, 5, 24, 11, 18, 27, 19, 13, 10, 32, 7, 30, 8, 1, 34, 3, 2, 0, 35, 33, 20, 29, 26, 15, 22, 21, 28, 37, 16, 36, 14]",5,0.6,0.5,0.5454545454545454,0.7227265726449519,1,6,5,3
smd,group1_development,machine-1-2,sarad_official,2,1,5486,5491,"[17, 13, 23, 27, 30, 29, 7, 19, 35, 32, 21, 34, 20, 25, 9, 4, 22, 3, 33, 24, 18, 36, 15, 5, 26, 31, 6, 28, 1, 10, 0, 2, 37, 12, 8, 16, 14, 11]",1,1.0,1.0,1.0,1.0,1,1,1,1
smd,group1_development,machine-1-2,sarad_official,2,1,5486,5491,"[17, 13, 23, 27, 30, 29, 7, 19, 35, 32, 21, 34, 20, 25, 9, 4, 22, 3, 33, 24, 18, 36, 15, 5, 26, 31, 6, 28, 1, 10, 0, 2, 37, 12, 8, 16, 14, 11]",3,0.3333333333333333,1.0,0.5,1.0,1,1,3,1
smd,group1_development,machine-1-2,sarad_official,2,1,5486,5491,"[17, 13, 23, 27, 30, 29, 7, 19, 35, 32, 21, 34, 20, 25, 9, 4, 22, 3, 33, 24, 18, 36, 15, 5, 26, 31, 6, 28, 1, 10, 0, 2, 37, 12, 8, 16, 14, 11]",5,0.2,1.0,0.33333333333333337,1.0,1,1,5,1
smd,group1_development,machine-1-2,sarad_official,2,2,5875,5951,"[34, 31, 35, 9, 17, 23, 1, 6, 25, 2, 19, 27, 32, 33, 18, 12, 3, 24, 7, 30, 11, 5, 4, 10, 14, 21, 29, 22, 0, 13, 20, 37, 26, 28, 36, 15, 8, 16]",1,1.0,0.07142857142857142,0.13333333333333333,1.0,1,14,1,1
smd,group1_development,machine-1-2,sarad_official,2,2,5875,5951,"[34, 31, 35, 9, 17, 23, 1, 6, 25, 2, 19, 27, 32, 33, 18, 12, 3, 24, 7, 30, 11, 5, 4, 10, 14, 21, 29, 22, 0, 13, 20, 37, 26, 28, 36, 15, 8, 16]",3,1.0,0.21428571428571427,0.35294117647058826,1.0,1,14,3,3
smd,group1_development,machine-1-2,sarad_official,2,2,5875,5951,"[34, 31, 35, 9, 17, 23, 1, 6, 25, 2, 19, 27, 32, 33, 18, 12, 3, 24, 7, 30, 11, 5, 4, 10, 14, 21, 29, 22, 0, 13, 20, 37, 26, 28, 36, 15, 8, 16]",5,1.0,0.35714285714285715,0.5263157894736842,1.0,1,14,5,5
smd,group1_development,machine-1-2,sarad_official,2,3,15415,15418,"[17, 29, 4, 23, 27, 35, 36, 32, 30, 24, 1, 3, 9, 2, 0, 11, 7, 31, 19, 18, 22, 21, 34, 26, 6, 37, 10, 33, 28, 5, 20, 12, 16, 25, 13, 8, 15, 14]",1,1.0,1.0,1.0,1.0,1,1,1,1
smd,group1_development,machine-1-2,sarad_official,2,3,15415,15418,"[17, 29, 4, 23, 27, 35, 36, 32, 30, 24, 1, 3, 9, 2, 0, 11, 7, 31, 19, 18, 22, 21, 34, 26, 6, 37, 10, 33, 28, 5, 20, 12, 16, 25, 13, 8, 15, 14]",3,0.3333333333333333,1.0,0.5,1.0,1,1,3,1
smd,group1_development,machine-1-2,sarad_official,2,3,15415,15418,"[17, 29, 4, 23, 27, 35, 36, 32, 30, 24, 1, 3, 9, 2, 0, 11, 7, 31, 19, 18, 22, 21, 34, 26, 6, 37, 10, 33, 28, 5, 20, 12, 16, 25, 13, 8, 15, 14]",5,0.2,1.0,0.33333333333333337,1.0,1,1,5,1
smd,group1_development,machine-1-2,sarad_official,2,4,15540,15605,"[17, 2, 1, 0, 3, 13, 23, 19, 30, 27, 35, 18, 32, 34, 4, 21, 24, 7, 11, 12, 25, 20, 9, 29, 6, 22, 15, 31, 33, 26, 37, 36, 8, 28, 16, 10, 14, 5]",1,1.0,0.5,0.6666666666666666,1.0,1,2,1,1
smd,group1_development,machine-1-2,sarad_official,2,4,15540,15605,"[17, 2, 1, 0, 3, 13, 23, 19, 30, 27, 35, 18, 32, 34, 4, 21, 24, 7, 11, 12, 25, 20, 9, 29, 6, 22, 15, 31, 33, 26, 37, 36, 8, 28, 16, 10, 14, 5]",3,0.3333333333333333,0.5,0.4,0.6131471927654584,1,2,3,1
smd,group1_development,machine-1-2,sarad_official,2,4,15540,15605,"[17, 2, 1, 0, 3, 13, 23, 19, 30, 27, 35, 18, 32, 34, 4, 21, 24, 7, 11, 12, 25, 20, 9, 29, 6, 22, 15, 31, 33, 26, 37, 36, 8, 28, 16, 10, 14, 5]",5,0.2,0.5,0.28571428571428575,0.6131471927654584,1,2,5,1
smd,group1_development,machine-1-2,sarad_official,2,5,15925,15973,"[12, 29, 18, 9, 23, 19, 10, 11, 6, 24, 0, 21, 31, 5, 34, 27, 4, 35, 25, 17, 30, 20, 8, 2, 7, 32, 22, 28, 1, 3, 37, 26, 16, 15, 33, 14, 36, 13]",1,1.0,0.125,0.2222222222222222,1.0,1,8,1,1
smd,group1_development,machine-1-2,sarad_official,2,5,15925,15973,"[12, 29, 18, 9, 23, 19, 10, 11, 6, 24, 0, 21, 31, 5, 34, 27, 4, 35, 25, 17, 30, 20, 8, 2, 7, 32, 22, 28, 1, 3, 37, 26, 16, 15, 33, 14, 36, 13]",3,0.6666666666666666,0.25,0.36363636363636365,0.7653606369886217,1,8,3,2
smd,group1_development,machine-1-2,sarad_official,2,5,15925,15973,"[12, 29, 18, 9, 23, 19, 10, 11, 6, 24, 0, 21, 31, 5, 34, 27, 4, 35, 25, 17, 30, 20, 8, 2, 7, 32, 22, 28, 1, 3, 37, 26, 16, 15, 33, 14, 36, 13]",5,0.6,0.375,0.4615384615384615,0.6992148198508501,1,8,5,3
smd,group1_development,machine-1-2,sarad_official,2,6,18645,18801,"[15, 13, 22, 34, 19, 35, 11, 18, 17, 27, 9, 23, 30, 24, 21, 20, 25, 10, 4, 2, 6, 32, 12, 5, 0, 31, 7, 8, 3, 1, 29, 14, 36, 37, 33, 28, 16, 26]",1,1.0,0.07142857142857142,0.13333333333333333,1.0,1,14,1,1
smd,group1_development,machine-1-2,sarad_official,2,6,18645,18801,"[15, 13, 22, 34, 19, 35, 11, 18, 17, 27, 9, 23, 30, 24, 21, 20, 25, 10, 4, 2, 6, 32, 12, 5, 0, 31, 7, 8, 3, 1, 29, 14, 36, 37, 33, 28, 16, 26]",3,1.0,0.21428571428571427,0.35294117647058826,1.0,1,14,3,3
smd,group1_development,machine-1-2,sarad_official,2,6,18645,18801,"[15, 13, 22, 34, 19, 35, 11, 18, 17, 27, 9, 23, 30, 24, 21, 20, 25, 10, 4, 2, 6, 32, 12, 5, 0, 31, 7, 8, 3, 1, 29, 14, 36, 37, 33, 28, 16, 26]",5,0.8,0.2857142857142857,0.4210526315789473,0.8539316501572937,1,14,5,4
smd,group1_development,machine-1-2,sarad_official,2,7,20235,20271,"[12, 29, 23, 18, 19, 9, 5, 6, 11, 24, 4, 30, 10, 31, 22, 25, 21, 0, 27, 20, 17, 13, 8, 32, 7, 3, 28, 2, 15, 34, 1, 35, 26, 16, 37, 14, 36, 33]",1,1.0,0.16666666666666666,0.2857142857142857,1.0,1,6,1,1
smd,group1_development,machine-1-2,sarad_official,2,7,20235,20271,"[12, 29, 23, 18, 19, 9, 5, 6, 11, 24, 4, 30, 10, 31, 22, 25, 21, 0, 27, 20, 17, 13, 8, 32, 7, 3, 28, 2, 15, 34, 1, 35, 26, 16, 37, 14, 36, 33]",3,0.6666666666666666,0.3333333333333333,0.4444444444444444,0.7653606369886217,1,6,3,2
smd,group1_development,machine-1-2,sarad_official,2,7,20235,20271,"[12, 29, 23, 18, 19, 9, 5, 6, 11, 24, 4, 30, 10, 31, 22, 25, 21, 0, 27, 20, 17, 13, 8, 32, 7, 3, 28, 2, 15, 34, 1, 35, 26, 16, 37, 14, 36, 33]",5,0.6,0.5,0.5454545454545454,0.6843515475204855,1,6,5,3
smd,group1_development,machine-1-2,sarad_official,2,8,22264,22336,"[2, 1, 0, 3, 32, 11, 12, 8, 27, 21, 18, 23, 26, 4, 24, 25, 9, 6, 30, 10, 5, 7, 16, 17, 13, 36, 29, 34, 20, 37, 14, 19, 28, 33, 35, 22, 15, 31]",1,1.0,0.25,0.4,1.0,1,4,1,1
smd,group1_development,machine-1-2,sarad_official,2,8,22264,22336,"[2, 1, 0, 3, 32, 11, 12, 8, 27, 21, 18, 23, 26, 4, 24, 25, 9, 6, 30, 10, 5, 7, 16, 17, 13, 36, 29, 34, 20, 37, 14, 19, 28, 33, 35, 22, 15, 31]",3,1.0,0.75,0.8571428571428571,1.0,1,4,3,3
smd,group1_development,machine-1-2,sarad_official,2,8,22264,22336,"[2, 1, 0, 3, 32, 11, 12, 8, 27, 21, 18, 23, 26, 4, 24, 25, 9, 6, 30, 10, 5, 7, 16, 17, 13, 36, 29, 34, 20, 37, 14, 19, 28, 33, 35, 22, 15, 31]",5,0.8,1.0,0.888888888888889,1.0,1,4,5,4
smd,group1_development,machine-1-2,sarad_official,2,9,23093,23115,"[19, 25, 21, 6, 30, 27, 22, 23, 5, 24, 3, 35, 12, 32, 10, 20, 13, 11, 18, 0, 9, 1, 2, 28, 4, 26, 16, 36, 37, 7, 33, 17, 15, 8, 29, 34, 14, 31]",1,0.0,0.0,0.0,0.0,0,10,1,0
smd,group1_development,machine-1-2,sarad_official,2,9,23093,23115,"[19, 25, 21, 6, 30, 27, 22, 23, 5, 24, 3, 35, 12, 32, 10, 20, 13, 11, 18, 0, 9, 1, 2, 28, 4, 26, 16, 36, 37, 7, 33, 17, 15, 8, 29, 34, 14, 31]",3,0.3333333333333333,0.1,0.15384615384615383,0.23463936301137822,1,10,3,1
smd,group1_development,machine-1-2,sarad_official,2,9,23093,23115,"[19, 25, 21, 6, 30, 27, 22, 23, 5, 24, 3, 35, 12, 32, 10, 20, 13, 11, 18, 0, 9, 1, 2, 28, 4, 26, 16, 36, 37, 7, 33, 17, 15, 8, 29, 34, 14, 31]",5,0.6,0.3,0.4,0.4468535299918563,1,10,5,3
smd,group1_development,machine-1-3,sarad_official,2,0,392,416,"[11, 14, 12, 31, 8, 27, 32, 15, 24, 34, 25, 9, 20, 28, 21, 16, 18, 17, 26, 4, 7, 36, 30, 37, 19, 35, 23, 22, 0, 3, 10, 33, 6, 2, 29, 5, 13, 1]",1,1.0,0.5,0.6666666666666666,1.0,1,2,1,1
smd,group1_development,machine-1-3,sarad_official,2,0,392,416,"[11, 14, 12, 31, 8, 27, 32, 15, 24, 34, 25, 9, 20, 28, 21, 16, 18, 17, 26, 4, 7, 36, 30, 37, 19, 35, 23, 22, 0, 3, 10, 33, 6, 2, 29, 5, 13, 1]",3,0.6666666666666666,1.0,0.8,1.0,1,2,3,2
smd,group1_development,machine-1-3,sarad_official,2,0,392,416,"[11, 14, 12, 31, 8, 27, 32, 15, 24, 34, 25, 9, 20, 28, 21, 16, 18, 17, 26, 4, 7, 36, 30, 37, 19, 35, 23, 22, 0, 3, 10, 33, 6, 2, 29, 5, 13, 1]",5,0.4,1.0,0.5714285714285715,1.0,1,2,5,2
smd,group1_development,machine-1-3,sarad_official,2,1,1257,1268,"[14, 11, 12, 27, 32, 4, 28, 26, 24, 17, 16, 36, 7, 37, 20, 8, 34, 35, 25, 9, 21, 18, 19, 30, 23, 31, 3, 6, 0, 15, 33, 2, 29, 22, 5, 10, 1, 13]",1,1.0,0.5,0.6666666666666666,1.0,1,2,1,1
smd,group1_development,machine-1-3,sarad_official,2,1,1257,1268,"[14, 11, 12, 27, 32, 4, 28, 26, 24, 17, 16, 36, 7, 37, 20, 8, 34, 35, 25, 9, 21, 18, 19, 30, 23, 31, 3, 6, 0, 15, 33, 2, 29, 22, 5, 10, 1, 13]",3,0.6666666666666666,1.0,0.8,1.0,1,2,3,2
smd,group1_development,machine-1-3,sarad_official,2,1,1257,1268,"[14, 11, 12, 27, 32, 4, 28, 26, 24, 17, 16, 36, 7, 37, 20, 8, 34, 35, 25, 9, 21, 18, 19, 30, 23, 31, 3, 6, 0, 15, 33, 2, 29, 22, 5, 10, 1, 13]",5,0.4,1.0,0.5714285714285715,1.0,1,2,5,2
smd,group1_development,machine-1-3,sarad_official,2,2,4872,4875,"[11, 14, 32, 12, 8, 34, 26, 16, 19, 28, 31, 36, 35, 37, 20, 4, 17, 33, 7, 25, 27, 21, 9, 23, 15, 29, 24, 3, 2, 18, 30, 6, 0, 10, 22, 5, 1, 13]",1,1.0,0.5,0.6666666666666666,1.0,1,2,1,1
smd,group1_development,machine-1-3,sarad_official,2,2,4872,4875,"[11, 14, 32, 12, 8, 34, 26, 16, 19, 28, 31, 36, 35, 37, 20, 4, 17, 33, 7, 25, 27, 21, 9, 23, 15, 29, 24, 3, 2, 18, 30, 6, 0, 10, 22, 5, 1, 13]",3,0.6666666666666666,1.0,0.8,1.0,1,2,3,2
smd,group1_development,machine-1-3,sarad_official,2,2,4872,4875,"[11, 14, 32, 12, 8, 34, 26, 16, 19, 28, 31, 36, 35, 37, 20, 4, 17, 33, 7, 25, 27, 21, 9, 23, 15, 29, 24, 3, 2, 18, 30, 6, 0, 10, 22, 5, 1, 13]",5,0.4,1.0,0.5714285714285715,1.0,1,2,5,2
smd,group1_development,machine-1-3,sarad_official,2,3,5613,5661,"[12, 11, 14, 15, 8, 32, 27, 9, 34, 19, 21, 4, 17, 28, 31, 0, 20, 7, 26, 16, 18, 36, 37, 25, 23, 24, 10, 35, 30, 2, 3, 33, 6, 29, 22, 13, 5, 1]",1,0.0,0.0,0.0,0.0,0,2,1,0
smd,group1_development,machine-1-3,sarad_official,2,3,5613,5661,"[12, 11, 14, 15, 8, 32, 27, 9, 34, 19, 21, 4, 17, 28, 31, 0, 20, 7, 26, 16, 18, 36, 37, 25, 23, 24, 10, 35, 30, 2, 3, 33, 6, 29, 22, 13, 5, 1]",3,0.6666666666666666,1.0,0.8,0.6934264036172708,1,2,3,2
smd,group1_development,machine-1-3,sarad_official,2,3,5613,5661,"[12, 11, 14, 15, 8, 32, 27, 9, 34, 19, 21, 4, 17, 28, 31, 0, 20, 7, 26, 16, 18, 36, 37, 25, 23, 24, 10, 35, 30, 2, 3, 33, 6, 29, 22, 13, 5, 1]",5,0.4,1.0,0.5714285714285715,0.6934264036172708,1,2,5,2
smd,group1_development,machine-1-3,sarad_official,2,4,11310,11517,"[14, 11, 12, 15, 31, 8, 32, 19, 27, 21, 20, 34, 18, 0, 7, 28, 35, 26, 37, 36, 16, 24, 17, 4, 30, 25, 9, 3, 23, 5, 2, 6, 29, 22, 33, 10, 1, 13]",1,1.0,0.5,0.6666666666666666,1.0,1,2,1,1
smd,group1_development,machine-1-3,sarad_official,2,4,11310,11517,"[14, 11, 12, 15, 31, 8, 32, 19, 27, 21, 20, 34, 18, 0, 7, 28, 35, 26, 37, 36, 16, 24, 17, 4, 30, 25, 9, 3, 23, 5, 2, 6, 29, 22, 33, 10, 1, 13]",3,0.6666666666666666,1.0,0.8,1.0,1,2,3,2
smd,group1_development,machine-1-3,sarad_official,2,4,11310,11517,"[14, 11, 12, 15, 31, 8, 32, 19, 27, 21, 20, 34, 18, 0, 7, 28, 35, 26, 37, 36, 16, 24, 17, 4, 30, 25, 9, 3, 23, 5, 2, 6, 29, 22, 33, 10, 1, 13]",5,0.4,1.0,0.5714285714285715,1.0,1,2,5,2
smd,group1_development,machine-1-3,sarad_official,2,5,13350,13380,"[19, 21, 0, 27, 31, 20, 18, 30, 35, 24, 28, 34, 32, 37, 26, 17, 7, 16, 36, 3, 4, 9, 11, 23, 25, 29, 2, 12, 22, 6, 8, 33, 5, 1, 10, 14, 13, 15]",1,1.0,0.07142857142857142,0.13333333333333333,1.0,1,14,1,1
smd,group1_development,machine-1-3,sarad_official,2,5,13350,13380,"[19, 21, 0, 27, 31, 20, 18, 30, 35, 24, 28, 34, 32, 37, 26, 17, 7, 16, 36, 3, 4, 9, 11, 23, 25, 29, 2, 12, 22, 6, 8, 33, 5, 1, 10, 14, 13, 15]",3,1.0,0.21428571428571427,0.35294117647058826,1.0,1,14,3,3
smd,group1_development,machine-1-3,sarad_official,2,5,13350,13380,"[19, 21, 0, 27, 31, 20, 18, 30, 35, 24, 28, 34, 32, 37, 26, 17, 7, 16, 36, 3, 4, 9, 11, 23, 25, 29, 2, 12, 22, 6, 8, 33, 5, 1, 10, 14, 13, 15]",5,1.0,0.35714285714285715,0.5263157894736842,1.0,1,14,5,5
smd,group1_development,machine-1-3,sarad_official,2,6,13871,13915,"[12, 11, 14, 15, 8, 32, 27, 4, 28, 17, 7, 34, 16, 25, 26, 10, 36, 9, 21, 37, 18, 20, 19, 23, 0, 2, 3, 22, 24, 33, 35, 30, 6, 13, 29, 5, 1, 31]",1,0.0,0.0,0.0,0.0,0,2,1,0
smd,group1_development,machine-1-3,sarad_official,2,6,13871,13915,"[12, 11, 14, 15, 8, 32, 27, 4, 28, 17, 7, 34, 16, 25, 26, 10, 36, 9, 21, 37, 18, 20, 19, 23, 0, 2, 3, 22, 24, 33, 35, 30, 6, 13, 29, 5, 1, 31]",3,0.6666666666666666,1.0,0.8,0.6934264036172708,1,2,3,2
smd,group1_development,machine-1-3,sarad_official,2,6,13871,13915,"[12, 11, 14, 15, 8, 32, 27, 4, 28, 17, 7, 34, 16, 25, 26, 10, 36, 9, 21, 37, 18, 20, 19, 23, 0, 2, 3, 22, 24, 33, 35, 30, 6, 13, 29, 5, 1, 31]",5,0.4,1.0,0.5714285714285715,0.6934264036172708,1,2,5,2
smd,group1_development,machine-1-3,sarad_official,2,7,16220,16281,"[19, 21, 31, 0, 27, 20, 18, 30, 35, 34, 24, 32, 28, 26, 37, 7, 16, 17, 36, 4, 3, 11, 23, 25, 29, 2, 9, 12, 6, 22, 8, 5, 1, 10, 33, 14, 13, 15]",1,1.0,0.1,0.18181818181818182,1.0,1,10,1,1
smd,group1_development,machine-1-3,sarad_official,2,7,16220,16281,"[19, 21, 31, 0, 27, 20, 18, 30, 35, 34, 24, 32, 28, 26, 37, 7, 16, 17, 36, 4, 3, 11, 23, 25, 29, 2, 9, 12, 6, 22, 8, 5, 1, 10, 33, 14, 13, 15]",3,0.6666666666666666,0.2,0.30769230769230765,0.7653606369886217,1,10,3,2
smd,group1_development,machine-1-3,sarad_official,2,7,16220,16281,"[19, 21, 31, 0, 27, 20, 18, 30, 35, 34, 24, 32, 28, 26, 37, 7, 16, 17, 36, 4, 3, 11, 23, 25, 29, 2, 9, 12, 6, 22, 8, 5, 1, 10, 33, 14, 13, 15]",5,0.8,0.4,0.5333333333333333,0.830419897363192,1,10,5,4
smd,group1_development,machine-1-3,sarad_official,2,8,17016,17241,"[11, 14, 12, 15, 8, 32, 28, 26, 7, 16, 36, 17, 37, 31, 21, 20, 34, 4, 27, 19, 24, 9, 35, 18, 30, 23, 25, 3, 33, 0, 6, 2, 10, 5, 29, 22, 13, 1]",1,1.0,0.5,0.6666666666666666,1.0,1,2,1,1
smd,group1_development,machine-1-3,sarad_official,2,8,17016,17241,"[11, 14, 12, 15, 8, 32, 28, 26, 7, 16, 36, 17, 37, 31, 21, 20, 34, 4, 27, 19, 24, 9, 35, 18, 30, 23, 25, 3, 33, 0, 6, 2, 10, 5, 29, 22, 13, 1]",3,0.6666666666666666,1.0,0.8,1.0,1,2,3,2
smd,group1_development,machine-1-3,sarad_official,2,8,17016,17241,"[11, 14, 12, 15, 8, 32, 28, 26, 7, 16, 36, 17, 37, 31, 21, 20, 34, 4, 27, 19, 24, 9, 35, 18, 30, 23, 25, 3, 33, 0, 6, 2, 10, 5, 29, 22, 13, 1]",5,0.4,1.0,0.5714285714285715,1.0,1,2,5,2
smd,group1_development,machine-1-3,sarad_official,2,9,17660,17716,"[33, 32, 29, 31, 7, 17, 3, 34, 19, 20, 35, 26, 23, 28, 36, 21, 37, 16, 27, 12, 4, 24, 30, 9, 25, 11, 18, 0, 8, 22, 6, 2, 10, 14, 5, 1, 15, 13]",1,1.0,0.125,0.2222222222222222,1.0,1,8,1,1
smd,group1_development,machine-1-3,sarad_official,2,9,17660,17716,"[33, 32, 29, 31, 7, 17, 3, 34, 19, 20, 35, 26, 23, 28, 36, 21, 37, 16, 27, 12, 4, 24, 30, 9, 25, 11, 18, 0, 8, 22, 6, 2, 10, 14, 5, 1, 15, 13]",3,1.0,0.375,0.5454545454545454,1.0,1,8,3,3
smd,group1_development,machine-1-3,sarad_official,2,9,17660,17716,"[33, 32, 29, 31, 7, 17, 3, 34, 19, 20, 35, 26, 23, 28, 36, 21, 37, 16, 27, 12, 4, 24, 30, 9, 25, 11, 18, 0, 8, 22, 6, 2, 10, 14, 5, 1, 15, 13]",5,0.6,0.375,0.4615384615384615,0.7227265726449519,1,8,5,3
smd,group1_development,machine-1-3,sarad_official,2,10,22923,23019,"[28, 8, 2, 3, 1, 9, 17, 15, 14, 12, 0, 16, 4, 13, 31, 25, 30, 23, 11, 21, 27, 33, 18, 20, 19, 34, 24, 10, 22, 35, 32, 7, 26, 6, 5, 29, 37, 36]",1,1.0,0.029411764705882353,0.05714285714285715,1.0,1,34,1,1
smd,group1_development,machine-1-3,sarad_official,2,10,22923,23019,"[28, 8, 2, 3, 1, 9, 17, 15, 14, 12, 0, 16, 4, 13, 31, 25, 30, 23, 11, 21, 27, 33, 18, 20, 19, 34, 24, 10, 22, 35, 32, 7, 26, 6, 5, 29, 37, 36]",3,1.0,0.08823529411764706,0.1621621621621622,1.0,1,34,3,3
smd,group1_development,machine-1-3,sarad_official,2,10,22923,23019,"[28, 8, 2, 3, 1, 9, 17, 15, 14, 12, 0, 16, 4, 13, 31, 25, 30, 23, 11, 21, 27, 33, 18, 20, 19, 34, 24, 10, 22, 35, 32, 7, 26, 6, 5, 29, 37, 36]",5,1.0,0.14705882352941177,0.25641025641025644,1.0,1,34,5,5
smd,group1_development,machine-1-4,sarad_official,2,0,385,417,"[11, 14, 12, 27, 8, 31, 32, 25, 34, 20, 15, 19, 21, 18, 30, 4, 35, 17, 26, 28, 16, 23, 7, 36, 37, 9, 24, 0, 22, 33, 3, 10, 6, 2, 29, 13, 5, 1]",1,1.0,0.3333333333333333,0.5,1.0,1,3,1,1
smd,group1_development,machine-1-4,sarad_official,2,0,385,417,"[11, 14, 12, 27, 8, 31, 32, 25, 34, 20, 15, 19, 21, 18, 30, 4, 35, 17, 26, 28, 16, 23, 7, 36, 37, 9, 24, 0, 22, 33, 3, 10, 6, 2, 29, 13, 5, 1]",3,0.6666666666666666,0.6666666666666666,0.6666666666666666,0.7653606369886217,1,3,3,2
smd,group1_development,machine-1-4,sarad_official,2,0,385,417,"[11, 14, 12, 27, 8, 31, 32, 25, 34, 20, 15, 19, 21, 18, 30, 4, 35, 17, 26, 28, 16, 23, 7, 36, 37, 9, 24, 0, 22, 33, 3, 10, 6, 2, 29, 13, 5, 1]",5,0.4,0.6666666666666666,0.5,0.7653606369886217,1,3,5,2
smd,group1_development,machine-1-4,sarad_official,2,1,5626,5679,"[11, 14, 12, 15, 8, 27, 32, 34, 4, 17, 21, 7, 28, 26, 20, 19, 16, 31, 36, 25, 37, 18, 9, 24, 23, 30, 10, 35, 0, 33, 3, 2, 13, 6, 22, 29, 5, 1]",1,1.0,0.3333333333333333,0.5,1.0,1,3,1,1
smd,group1_development,machine-1-4,sarad_official,2,1,5626,5679,"[11, 14, 12, 15, 8, 27, 32, 34, 4, 17, 21, 7, 28, 26, 20, 19, 16, 31, 36, 25, 37, 18, 9, 24, 23, 30, 10, 35, 0, 33, 3, 2, 13, 6, 22, 29, 5, 1]",3,0.6666666666666666,0.6666666666666666,0.6666666666666666,0.7653606369886217,1,3,3,2
smd,group1_development,machine-1-4,sarad_official,2,1,5626,5679,"[11, 14, 12, 15, 8, 27, 32, 34, 4, 17, 21, 7, 28, 26, 20, 19, 16, 31, 36, 25, 37, 18, 9, 24, 23, 30, 10, 35, 0, 33, 3, 2, 13, 6, 22, 29, 5, 1]",5,0.6,1.0,0.7499999999999999,0.9674679834891693,1,3,5,3
smd,group1_development,machine-1-4,sarad_official,2,2,11314,11519,"[14, 11, 32, 19, 31, 27, 20, 12, 21, 34, 18, 25, 8, 35, 7, 28, 4, 26, 24, 36, 16, 37, 17, 30, 0, 15, 23, 9, 3, 29, 6, 2, 22, 5, 33, 10, 1, 13]",1,1.0,0.5,0.6666666666666666,1.0,1,2,1,1
smd,group1_development,machine-1-4,sarad_official,2,2,11314,11519,"[14, 11, 32, 19, 31, 27, 20, 12, 21, 34, 18, 25, 8, 35, 7, 28, 4, 26, 24, 36, 16, 37, 17, 30, 0, 15, 23, 9, 3, 29, 6, 2, 22, 5, 33, 10, 1, 13]",3,0.6666666666666666,1.0,0.8,1.0,1,2,3,2
smd,group1_development,machine-1-4,sarad_official,2,2,11314,11519,"[14, 11, 32, 19, 31, 27, 20, 12, 21, 34, 18, 25, 8, 35, 7, 28, 4, 26, 24, 36, 16, 37, 17, 30, 0, 15, 23, 9, 3, 29, 6, 2, 22, 5, 33, 10, 1, 13]",5,0.4,1.0,0.5714285714285715,1.0,1,2,5,2
smd,group1_development,machine-1-4,sarad_official,2,3,13872,13925,"[14, 11, 12, 15, 8, 32, 27, 4, 17, 34, 28, 7, 26, 16, 36, 25, 37, 9, 21, 18, 10, 20, 19, 2, 24, 0, 3, 35, 22, 33, 30, 23, 6, 13, 29, 5, 31, 1]",1,0.0,0.0,0.0,0.0,0,14,1,0
smd,group1_development,machine-1-4,sarad_official,2,3,13872,13925,"[14, 11, 12, 15, 8, 32, 27, 4, 17, 34, 28, 7, 26, 16, 36, 25, 37, 9, 21, 18, 10, 20, 19, 2, 24, 0, 3, 35, 22, 33, 30, 23, 6, 13, 29, 5, 31, 1]",3,0.0,0.0,0.0,0.0,0,14,3,0
smd,group1_development,machine-1-4,sarad_official,2,3,13872,13925,"[14, 11, 12, 15, 8, 32, 27, 4, 17, 34, 28, 7, 26, 16, 36, 25, 37, 9, 21, 18, 10, 20, 19, 2, 24, 0, 3, 35, 22, 33, 30, 23, 6, 13, 29, 5, 31, 1]",5,0.0,0.0,0.0,0.0,0,14,5,0
smd,group1_development,machine-1-4,sarad_official,2,4,13355,13376,"[19, 21, 32, 27, 0, 31, 18, 20, 30, 28, 35, 24, 17, 4, 26, 14, 37, 7, 36, 16, 23, 34, 11, 25, 3, 2, 29, 8, 9, 12, 22, 6, 33, 5, 1, 10, 13, 15]",1,0.0,0.0,0.0,0.0,0,3,1,0
smd,group1_development,machine-1-4,sarad_official,2,4,13355,13376,"[19, 21, 32, 27, 0, 31, 18, 20, 30, 28, 35, 24, 17, 4, 26, 14, 37, 7, 36, 16, 23, 34, 11, 25, 3, 2, 29, 8, 9, 12, 22, 6, 33, 5, 1, 10, 13, 15]",3,0.0,0.0,0.0,0.0,0,3,3,0
smd,group1_development,machine-1-4,sarad_official,2,4,13355,13376,"[19, 21, 32, 27, 0, 31, 18, 20, 30, 28, 35, 24, 17, 4, 26, 14, 37, 7, 36, 16, 23, 34, 11, 25, 3, 2, 29, 8, 9, 12, 22, 6, 33, 5, 1, 10, 13, 15]",5,0.0,0.0,0.0,0.0,0,3,5,0
smd,group1_development,machine-1-4,sarad_official,2,5,16240,16261,"[19, 21, 0, 32, 31, 27, 18, 30, 20, 24, 35, 28, 4, 37, 26, 17, 16, 7, 36, 34, 3, 25, 23, 11, 29, 9, 12, 2, 6, 8, 22, 14, 5, 33, 10, 1, 13, 15]",1,1.0,0.07142857142857142,0.13333333333333333,1.0,1,14,1,1
smd,group1_development,machine-1-4,sarad_official,2,5,16240,16261,"[19, 21, 0, 32, 31, 27, 18, 30, 20, 24, 35, 28, 4, 37, 26, 17, 16, 7, 36, 34, 3, 25, 23, 11, 29, 9, 12, 2, 6, 8, 22, 14, 5, 33, 10, 1, 13, 15]",3,1.0,0.21428571428571427,0.35294117647058826,1.0,1,14,3,3
smd,group1_development,machine-1-4,sarad_official,2,5,16240,16261,"[19, 21, 0, 32, 31, 27, 18, 30, 20, 24, 35, 28, 4, 37, 26, 17, 16, 7, 36, 34, 3, 25, 23, 11, 29, 9, 12, 2, 6, 8, 22, 14, 5, 33, 10, 1, 13, 15]",5,0.8,0.2857142857142857,0.4210526315789473,0.8539316501572937,1,14,5,4
smd,group1_development,machine-1-4,sarad_official,2,6,17060,17197,"[14, 11, 12, 32, 15, 8, 7, 26, 28, 17, 4, 36, 16, 37, 27, 34, 20, 21, 31, 19, 24, 9, 35, 25, 30, 3, 23, 33, 18, 0, 2, 6, 29, 10, 5, 22, 13, 1]",1,1.0,0.5,0.6666666666666666,1.0,1,2,1,1
smd,group1_development,machine-1-4,sarad_official,2,6,17060,17197,"[14, 11, 12, 32, 15, 8, 7, 26, 28, 17, 4, 36, 16, 37, 27, 34, 20, 21, 31, 19, 24, 9, 35, 25, 30, 3, 23, 33, 18, 0, 2, 6, 29, 10, 5, 22, 13, 1]",3,0.6666666666666666,1.0,0.8,1.0,1,2,3,2
smd,group1_development,machine-1-4,sarad_official,2,6,17060,17197,"[14, 11, 12, 32, 15, 8, 7, 26, 28, 17, 4, 36, 16, 37, 27, 34, 20, 21, 31, 19, 24, 9, 35, 25, 30, 3, 23, 33, 18, 0, 2, 6, 29, 10, 5, 22, 13, 1]",5,0.4,1.0,0.5714285714285715,1.0,1,2,5,2
smd,group1_development,machine-1-4,sarad_official,2,7,17630,17718,"[32, 33, 29, 17, 3, 7, 31, 19, 20, 26, 28, 37, 34, 36, 21, 16, 24, 4, 35, 12, 11, 25, 23, 9, 30, 27, 18, 14, 8, 0, 2, 6, 22, 5, 10, 15, 1, 13]",1,1.0,0.2,0.33333333333333337,1.0,1,5,1,1
smd,group1_development,machine-1-4,sarad_official,2,7,17630,17718,"[32, 33, 29, 17, 3, 7, 31, 19, 20, 26, 28, 37, 34, 36, 21, 16, 24, 4, 35, 12, 11, 25, 23, 9, 30, 27, 18, 14, 8, 0, 2, 6, 22, 5, 10, 15, 1, 13]",3,1.0,0.6,0.7499999999999999,1.0,1,5,3,3
smd,group1_development,machine-1-4,sarad_official,2,7,17630,17718,"[32, 33, 29, 17, 3, 7, 31, 19, 20, 26, 28, 37, 34, 36, 21, 16, 24, 4, 35, 12, 11, 25, 23, 9, 30, 27, 18, 14, 8, 0, 2, 6, 22, 5, 10, 15, 1, 13]",5,0.6,0.6,0.6,0.7227265726449519,1,5,5,3
smd,group1_development,machine-1-4,sarad_official,2,8,18460,18481,"[19, 32, 21, 18, 28, 31, 20, 7, 37, 26, 17, 0, 24, 16, 27, 36, 35, 3, 30, 11, 4, 2, 34, 25, 6, 23, 29, 9, 12, 8, 5, 14, 22, 33, 10, 13, 1, 15]",1,1.0,0.07142857142857142,0.13333333333333333,1.0,1,14,1,1
smd,group1_development,machine-1-4,sarad_official,2,8,18460,18481,"[19, 32, 21, 18, 28, 31, 20, 7, 37, 26, 17, 0, 24, 16, 27, 36, 35, 3, 30, 11, 4, 2, 34, 25, 6, 23, 29, 9, 12, 8, 5, 14, 22, 33, 10, 13, 1, 15]",3,0.6666666666666666,0.14285714285714285,0.23529411764705882,0.7039180890341347,1,14,3,2
smd,group1_development,machine-1-4,sarad_official,2,8,18460,18481,"[19, 32, 21, 18, 28, 31, 20, 7, 37, 26, 17, 0, 24, 16, 27, 36, 35, 3, 30, 11, 4, 2, 34, 25, 6, 23, 29, 9, 12, 8, 5, 14, 22, 33, 10, 13, 1, 15]",5,0.6,0.21428571428571427,0.3157894736842105,0.6548086577531307,1,14,5,3
smd,group1_development,machine-1-4,sarad_official,2,9,20193,20233,"[11, 14, 12, 32, 8, 27, 15, 4, 34, 17, 28, 19, 26, 25, 16, 7, 20, 36, 21, 37, 9, 35, 18, 23, 24, 30, 31, 10, 0, 2, 3, 6, 33, 29, 22, 13, 5, 1]",1,1.0,0.5,0.6666666666666666,1.0,1,2,1,1
smd,group1_development,machine-1-4,sarad_official,2,9,20193,20233,"[11, 14, 12, 32, 8, 27, 15, 4, 34, 17, 28, 19, 26, 25, 16, 7, 20, 36, 21, 37, 9, 35, 18, 23, 24, 30, 31, 10, 0, 2, 3, 6, 33, 29, 22, 13, 5, 1]",3,0.6666666666666666,1.0,0.8,1.0,1,2,3,2
smd,group1_development,machine-1-4,sarad_official,2,9,20193,20233,"[11, 14, 12, 32, 8, 27, 15, 4, 34, 17, 28, 19, 26, 25, 16, 7, 20, 36, 21, 37, 9, 35, 18, 23, 24, 30, 31, 10, 0, 2, 3, 6, 33, 29, 22, 13, 5, 1]",5,0.4,1.0,0.5714285714285715,1.0,1,2,5,2
smd,group1_development,machine-1-4,sarad_official,2,10,22970,23016,"[28, 8, 16, 2, 3, 14, 1, 9, 15, 0, 13, 4, 12, 17, 31, 11, 27, 21, 30, 18, 20, 23, 25, 22, 33, 19, 34, 24, 7, 29, 32, 26, 10, 5, 35, 6, 37, 36]",1,1.0,0.029411764705882353,0.05714285714285715,1.0,1,34,1,1
smd,group1_development,machine-1-4,sarad_official,2,10,22970,23016,"[28, 8, 16, 2, 3, 14, 1, 9, 15, 0, 13, 4, 12, 17, 31, 11, 27, 21, 30, 18, 20, 23, 25, 22, 33, 19, 34, 24, 7, 29, 32, 26, 10, 5, 35, 6, 37, 36]",3,1.0,0.08823529411764706,0.1621621621621622,1.0,1,34,3,3
smd,group1_development,machine-1-4,sarad_official,2,10,22970,23016,"[28, 8, 16, 2, 3, 14, 1, 9, 15, 0, 13, 4, 12, 17, 31, 11, 27, 21, 30, 18, 20, 23, 25, 22, 33, 19, 34, 24, 7, 29, 32, 26, 10, 5, 35, 6, 37, 36]",5,1.0,0.14705882352941177,0.25641025641025644,1.0,1,34,5,5
smd,group1_development,machine-1-4,sarad_official,2,11,23218,23221,"[5, 27, 16, 21, 26, 29, 19, 25, 23, 7, 3, 24, 28, 18, 32, 35, 1, 30, 9, 20, 13, 2, 33, 31, 6, 34, 0, 36, 22, 4, 17, 12, 10, 15, 11, 37, 14, 8]",1,0.0,0.0,0.0,0.0,0,2,1,0
smd,group1_development,machine-1-4,sarad_official,2,11,23218,23221,"[5, 27, 16, 21, 26, 29, 19, 25, 23, 7, 3, 24, 28, 18, 32, 35, 1, 30, 9, 20, 13, 2, 33, 31, 6, 34, 0, 36, 22, 4, 17, 12, 10, 15, 11, 37, 14, 8]",3,0.3333333333333333,0.5,0.4,0.3065735963827292,1,2,3,1
smd,group1_development,machine-1-4,sarad_official,2,11,23218,23221,"[5, 27, 16, 21, 26, 29, 19, 25, 23, 7, 3, 24, 28, 18, 32, 35, 1, 30, 9, 20, 13, 2, 33, 31, 6, 34, 0, 36, 22, 4, 17, 12, 10, 15, 11, 37, 14, 8]",5,0.2,0.5,0.28571428571428575,0.3065735963827292,1,2,5,1
smd,group1_development,machine-1-5,sarad_official,2,0,10620,10637,"[3, 2, 1, 0, 31, 25, 23, 27, 15, 24, 30, 22, 13, 18, 32, 19, 35, 8, 21, 29, 26, 33, 4, 7, 14, 20, 34, 17, 11, 6, 37, 36, 28, 16, 12, 9, 10, 5]",1,1.0,0.125,0.2222222222222222,1.0,1,8,1,1
smd,group1_development,machine-1-5,sarad_official,2,0,10620,10637,"[3, 2, 1, 0, 31, 25, 23, 27, 15, 24, 30, 22, 13, 18, 32, 19, 35, 8, 21, 29, 26, 33, 4, 7, 14, 20, 34, 17, 11, 6, 37, 36, 28, 16, 12, 9, 10, 5]",3,1.0,0.375,0.5454545454545454,1.0,1,8,3,3
smd,group1_development,machine-1-5,sarad_official,2,0,10620,10637,"[3, 2, 1, 0, 31, 25, 23, 27, 15, 24, 30, 22, 13, 18, 32, 19, 35, 8, 21, 29, 26, 33, 4, 7, 14, 20, 34, 17, 11, 6, 37, 36, 28, 16, 12, 9, 10, 5]",5,1.0,0.625,0.7692307692307693,1.0,1,8,5,5
smd,group1_development,machine-1-5,sarad_official,2,1,11785,11816,"[31, 25, 23, 8, 30, 24, 22, 13, 15, 27, 33, 20, 32, 21, 6, 34, 35, 14, 26, 19, 18, 28, 16, 37, 17, 7, 4, 36, 12, 3, 9, 0, 29, 11, 2, 5, 10, 1]",1,1.0,0.1,0.18181818181818182,1.0,1,10,1,1
smd,group1_development,machine-1-5,sarad_official,2,1,11785,11816,"[31, 25, 23, 8, 30, 24, 22, 13, 15, 27, 33, 20, 32, 21, 6, 34, 35, 14, 26, 19, 18, 28, 16, 37, 17, 7, 4, 36, 12, 3, 9, 0, 29, 11, 2, 5, 10, 1]",3,1.0,0.3,0.4615384615384615,1.0,1,10,3,3
smd,group1_development,machine-1-5,sarad_official,2,1,11785,11816,"[31, 25, 23, 8, 30, 24, 22, 13, 15, 27, 33, 20, 32, 21, 6, 34, 35, 14, 26, 19, 18, 28, 16, 37, 17, 7, 4, 36, 12, 3, 9, 0, 29, 11, 2, 5, 10, 1]",5,1.0,0.5,0.6666666666666666,1.0,1,10,5,5
smd,group1_development,machine-1-5,sarad_official,2,2,12765,12786,"[1, 3, 0, 2, 31, 24, 30, 15, 22, 25, 18, 23, 6, 27, 13, 19, 32, 21, 4, 20, 17, 33, 26, 11, 34, 14, 29, 8, 7, 35, 37, 16, 36, 5, 9, 28, 12, 10]",1,1.0,0.07142857142857142,0.13333333333333333,1.0,1,14,1,1
smd,group1_development,machine-1-5,sarad_official,2,2,12765,12786,"[1, 3, 0, 2, 31, 24, 30, 15, 22, 25, 18, 23, 6, 27, 13, 19, 32, 21, 4, 20, 17, 33, 26, 11, 34, 14, 29, 8, 7, 35, 37, 16, 36, 5, 9, 28, 12, 10]",3,1.0,0.21428571428571427,0.35294117647058826,1.0,1,14,3,3
smd,group1_development,machine-1-5,sarad_official,2,2,12765,12786,"[1, 3, 0, 2, 31, 24, 30, 15, 22, 25, 18, 23, 6, 27, 13, 19, 32, 21, 4, 20, 17, 33, 26, 11, 34, 14, 29, 8, 7, 35, 37, 16, 36, 5, 9, 28, 12, 10]",5,1.0,0.35714285714285715,0.5263157894736842,1.0,1,14,5,5
smd,group1_development,machine-1-5,sarad_official,2,3,14068,14072,"[19, 31, 18, 27, 21, 30, 20, 24, 9, 15, 22, 13, 33, 12, 32, 0, 28, 23, 35, 26, 17, 34, 11, 37, 14, 7, 16, 3, 4, 6, 25, 36, 8, 10, 2, 29, 5, 1]",1,1.0,0.16666666666666666,0.2857142857142857,1.0,1,6,1,1
smd,group1_development,machine-1-5,sarad_official,2,3,14068,14072,"[19, 31, 18, 27, 21, 30, 20, 24, 9, 15, 22, 13, 33, 12, 32, 0, 28, 23, 35, 26, 17, 34, 11, 37, 14, 7, 16, 3, 4, 6, 25, 36, 8, 10, 2, 29, 5, 1]",3,0.6666666666666666,0.3333333333333333,0.4444444444444444,0.7039180890341347,1,6,3,2
smd,group1_development,machine-1-5,sarad_official,2,3,14068,14072,"[19, 31, 18, 27, 21, 30, 20, 24, 9, 15, 22, 13, 33, 12, 32, 0, 28, 23, 35, 26, 17, 34, 11, 37, 14, 7, 16, 3, 4, 6, 25, 36, 8, 10, 2, 29, 5, 1]",5,0.8,0.6666666666666666,0.7272727272727272,0.7860137352654724,1,6,5,4
smd,group1_development,machine-1-5,sarad_official,2,4,14520,14531,"[1, 3, 2, 0, 15, 31, 9, 32, 25, 6, 23, 27, 30, 8, 24, 10, 22, 33, 13, 18, 14, 19, 29, 21, 35, 7, 20, 11, 4, 34, 26, 17, 36, 28, 37, 5, 16, 12]",1,1.0,0.05555555555555555,0.10526315789473684,1.0,1,18,1,1
smd,group1_development,machine-1-5,sarad_official,2,4,14520,14531,"[1, 3, 2, 0, 15, 31, 9, 32, 25, 6, 23, 27, 30, 8, 24, 10, 22, 33, 13, 18, 14, 19, 29, 21, 35, 7, 20, 11, 4, 34, 26, 17, 36, 28, 37, 5, 16, 12]",3,1.0,0.16666666666666666,0.2857142857142857,1.0,1,18,3,3
smd,group1_development,machine-1-5,sarad_official,2,4,14520,14531,"[1, 3, 2, 0, 15, 31, 9, 32, 25, 6, 23, 27, 30, 8, 24, 10, 22, 33, 13, 18, 14, 19, 29, 21, 35, 7, 20, 11, 4, 34, 26, 17, 36, 28, 37, 5, 16, 12]",5,0.8,0.2222222222222222,0.3478260869565218,0.8687949224876582,1,18,5,4
smd,group1_development,machine-1-5,sarad_official,2,5,21287,21298,"[3, 1, 2, 0, 31, 6, 30, 27, 24, 15, 23, 22, 18, 13, 25, 14, 20, 8, 33, 19, 32, 21, 7, 35, 4, 26, 11, 29, 17, 34, 28, 36, 37, 16, 12, 9, 5, 10]",1,1.0,0.125,0.2222222222222222,1.0,1,8,1,1
smd,group1_development,machine-1-5,sarad_official,2,5,21287,21298,"[3, 1, 2, 0, 31, 6, 30, 27, 24, 15, 23, 22, 18, 13, 25, 14, 20, 8, 33, 19, 32, 21, 7, 35, 4, 26, 11, 29, 17, 34, 28, 36, 37, 16, 12, 9, 5, 10]",3,1.0,0.375,0.5454545454545454,1.0,1,8,3,3
smd,group1_development,machine-1-5,sarad_official,2,5,21287,21298,"[3, 1, 2, 0, 31, 6, 30, 27, 24, 15, 23, 22, 18, 13, 25, 14, 20, 8, 33, 19, 32, 21, 7, 35, 4, 26, 11, 29, 17, 34, 28, 36, 37, 16, 12, 9, 5, 10]",5,0.8,0.5,0.6153846153846154,0.8687949224876582,1,8,5,4
smd,group1_development,machine-1-5,sarad_official,2,6,22072,22077,"[30, 18, 31, 27, 20, 24, 15, 22, 33, 21, 13, 19, 32, 23, 6, 25, 4, 17, 26, 7, 28, 11, 16, 37, 35, 3, 36, 8, 14, 34, 0, 12, 9, 29, 2, 5, 10, 1]",1,1.0,0.125,0.2222222222222222,1.0,1,8,1,1
smd,group1_development,machine-1-5,sarad_official,2,6,22072,22077,"[30, 18, 31, 27, 20, 24, 15, 22, 33, 21, 13, 19, 32, 23, 6, 25, 4, 17, 26, 7, 28, 11, 16, 37, 35, 3, 36, 8, 14, 34, 0, 12, 9, 29, 2, 5, 10, 1]",3,0.6666666666666666,0.25,0.36363636363636365,0.7653606369886217,1,8,3,2
smd,group1_development,machine-1-5,sarad_official,2,6,22072,22077,"[30, 18, 31, 27, 20, 24, 15, 22, 33, 21, 13, 19, 32, 23, 6, 25, 4, 17, 26, 7, 28, 11, 16, 37, 35, 3, 36, 8, 14, 34, 0, 12, 9, 29, 2, 5, 10, 1]",5,0.8,0.5,0.6153846153846154,0.830419897363192,1,8,5,4
smd,group1_development,machine-1-6,sarad_official,2,0,246,252,"[9, 10, 36, 7, 8, 32, 34, 1, 12, 29, 4, 27, 2, 19, 20, 18, 30, 28, 21, 3, 17, 11, 26, 31, 37, 35, 24, 23, 14, 16, 0, 33, 13, 6, 25, 15, 5, 22]",1,1.0,0.09090909090909091,0.16666666666666669,1.0,1,11,1,1
smd,group1_development,machine-1-6,sarad_official,2,0,246,252,"[9, 10, 36, 7, 8, 32, 34, 1, 12, 29, 4, 27, 2, 19, 20, 18, 30, 28, 21, 3, 17, 11, 26, 31, 37, 35, 24, 23, 14, 16, 0, 33, 13, 6, 25, 15, 5, 22]",3,0.6666666666666666,0.18181818181818182,0.28571428571428575,0.7653606369886217,1,11,3,2
smd,group1_development,machine-1-6,sarad_official,2,0,246,252,"[9, 10, 36, 7, 8, 32, 34, 1, 12, 29, 4, 27, 2, 19, 20, 18, 30, 28, 21, 3, 17, 11, 26, 31, 37, 35, 24, 23, 14, 16, 0, 33, 13, 6, 25, 15, 5, 22]",5,0.6,0.2727272727272727,0.37499999999999994,0.6843515475204855,1,11,5,3
smd,group1_development,machine-1-6,sarad_official,2,1,653,658,"[17, 8, 12, 9, 1, 2, 23, 34, 11, 30, 10, 7, 4, 0, 18, 14, 19, 20, 32, 26, 36, 27, 21, 35, 3, 29, 31, 28, 25, 37, 16, 33, 15, 6, 24, 5, 22, 13]",1,0.0,0.0,0.0,0.0,0,20,1,0
smd,group1_development,machine-1-6,sarad_official,2,1,653,658,"[17, 8, 12, 9, 1, 2, 23, 34, 11, 30, 10, 7, 4, 0, 18, 14, 19, 20, 32, 26, 36, 27, 21, 35, 3, 29, 31, 28, 25, 37, 16, 33, 15, 6, 24, 5, 22, 13]",3,0.6666666666666666,0.1,0.1739130434782609,0.5307212739772434,1,20,3,2
smd,group1_development,machine-1-6,sarad_official,2,1,653,658,"[17, 8, 12, 9, 1, 2, 23, 34, 11, 30, 10, 7, 4, 0, 18, 14, 19, 20, 32, 26, 36, 27, 21, 35, 3, 29, 31, 28, 25, 37, 16, 33, 15, 6, 24, 5, 22, 13]",5,0.8,0.2,0.32000000000000006,0.6608397947263839,1,20,5,4
smd,group1_development,machine-1-6,sarad_official,2,2,2092,2100,"[8, 12, 1, 2, 9, 14, 10, 18, 34, 19, 32, 3, 30, 0, 27, 21, 11, 17, 20, 36, 29, 4, 26, 28, 7, 15, 31, 24, 5, 23, 37, 35, 16, 33, 25, 22, 13, 6]",1,1.0,0.05,0.09523809523809523,1.0,1,20,1,1
smd,group1_development,machine-1-6,sarad_official,2,2,2092,2100,"[8, 12, 1, 2, 9, 14, 10, 18, 34, 19, 32, 3, 30, 0, 27, 21, 11, 17, 20, 36, 29, 4, 26, 28, 7, 15, 31, 24, 5, 23, 37, 35, 16, 33, 25, 22, 13, 6]",3,1.0,0.15,0.2608695652173913,1.0,1,20,3,3
smd,group1_development,machine-1-6,sarad_official,2,2,2092,2100,"[8, 12, 1, 2, 9, 14, 10, 18, 34, 19, 32, 3, 30, 0, 27, 21, 11, 17, 20, 36, 29, 4, 26, 28, 7, 15, 31, 24, 5, 23, 37, 35, 16, 33, 25, 22, 13, 6]",5,1.0,0.25,0.4,1.0,1,20,5,5
smd,group1_development,machine-1-6,sarad_official,2,3,2884,2888,"[11, 29, 12, 1, 2, 18, 9, 20, 37, 19, 27, 34, 4, 26, 21, 17, 28, 16, 8, 7, 3, 36, 35, 31, 25, 14, 24, 30, 33, 0, 6, 32, 5, 15, 23, 22, 10, 13]",1,0.0,0.0,0.0,0.0,0,1,1,0
smd,group1_development,machine-1-6,sarad_official,2,3,2884,2888,"[11, 29, 12, 1, 2, 18, 9, 20, 37, 19, 27, 34, 4, 26, 21, 17, 28, 16, 8, 7, 3, 36, 35, 31, 25, 14, 24, 30, 33, 0, 6, 32, 5, 15, 23, 22, 10, 13]",3,0.0,0.0,0.0,0.0,0,1,3,0
smd,group1_development,machine-1-6,sarad_official,2,3,2884,2888,"[11, 29, 12, 1, 2, 18, 9, 20, 37, 19, 27, 34, 4, 26, 21, 17, 28, 16, 8, 7, 3, 36, 35, 31, 25, 14, 24, 30, 33, 0, 6, 32, 5, 15, 23, 22, 10, 13]",5,0.0,0.0,0.0,0.0,0,1,5,0
smd,group1_development,machine-1-6,sarad_official,2,4,3534,3539,"[8, 27, 4, 9, 17, 18, 12, 10, 25, 22, 2, 23, 14, 35, 31, 16, 11, 0, 29, 3, 26, 24, 7, 19, 34, 30, 32, 1, 21, 37, 13, 20, 28, 15, 36, 33, 6, 5]",1,1.0,0.06666666666666667,0.125,1.0,1,15,1,1
smd,group1_development,machine-1-6,sarad_official,2,4,3534,3539,"[8, 27, 4, 9, 17, 18, 12, 10, 25, 22, 2, 23, 14, 35, 31, 16, 11, 0, 29, 3, 26, 24, 7, 19, 34, 30, 32, 1, 21, 37, 13, 20, 28, 15, 36, 33, 6, 5]",3,0.3333333333333333,0.06666666666666667,0.1111111111111111,0.46927872602275644,1,15,3,1
smd,group1_development,machine-1-6,sarad_official,2,4,3534,3539,"[8, 27, 4, 9, 17, 18, 12, 10, 25, 22, 2, 23, 14, 35, 31, 16, 11, 0, 29, 3, 26, 24, 7, 19, 34, 30, 32, 1, 21, 37, 13, 20, 28, 15, 36, 33, 6, 5]",5,0.4,0.13333333333333333,0.2,0.48522855511632257,1,15,5,2
smd,group1_development,machine-1-6,sarad_official,2,5,4647,5045,"[9, 32, 10, 16, 1, 13, 4, 25, 2, 18, 3, 29, 27, 19, 23, 31, 7, 34, 20, 8, 12, 21, 37, 14, 5, 17, 36, 30, 26, 28, 22, 35, 24, 15, 33, 0, 11, 6]",1,1.0,0.1111111111111111,0.19999999999999998,1.0,1,9,1,1
smd,group1_development,machine-1-6,sarad_official,2,5,4647,5045,"[9, 32, 10, 16, 1, 13, 4, 25, 2, 18, 3, 29, 27, 19, 23, 31, 7, 34, 20, 8, 12, 21, 37, 14, 5, 17, 36, 30, 26, 28, 22, 35, 24, 15, 33, 0, 11, 6]",3,1.0,0.3333333333333333,0.5,1.0,1,9,3,3
smd,group1_development,machine-1-6,sarad_official,2,5,4647,5045,"[9, 32, 10, 16, 1, 13, 4, 25, 2, 18, 3, 29, 27, 19, 23, 31, 7, 34, 20, 8, 12, 21, 37, 14, 5, 17, 36, 30, 26, 28, 22, 35, 24, 15, 33, 0, 11, 6]",5,0.8,0.4444444444444444,0.5714285714285714,0.8687949224876582,1,9,5,4
smd,group1_development,machine-1-6,sarad_official,2,6,5167,5172,"[17, 23, 18, 36, 7, 14, 8, 3, 9, 37, 4, 34, 2, 26, 1, 25, 28, 10, 21, 12, 27, 31, 32, 20, 29, 0, 33, 30, 6, 19, 5, 13, 22, 15, 24, 35, 11, 16]",1,1.0,0.2,0.33333333333333337,1.0,1,5,1,1
smd,group1_development,machine-1-6,sarad_official,2,6,5167,5172,"[17, 23, 18, 36, 7, 14, 8, 3, 9, 37, 4, 34, 2, 26, 1, 25, 28, 10, 21, 12, 27, 31, 32, 20, 29, 0, 33, 30, 6, 19, 5, 13, 22, 15, 24, 35, 11, 16]",3,0.3333333333333333,0.2,0.25,0.46927872602275644,1,5,3,1
smd,group1_development,machine-1-6,sarad_official,2,6,5167,5172,"[17, 23, 18, 36, 7, 14, 8, 3, 9, 37, 4, 34, 2, 26, 1, 25, 28, 10, 21, 12, 27, 31, 32, 20, 29, 0, 33, 30, 6, 19, 5, 13, 22, 15, 24, 35, 11, 16]",5,0.2,0.2,0.20000000000000004,0.3391602052736161,1,5,5,1
smd,group1_development,machine-1-6,sarad_official,2,7,5708,5713,"[9, 10, 32, 12, 29, 18, 2, 19, 7, 1, 20, 13, 8, 36, 23, 27, 25, 34, 35, 17, 11, 30, 3, 14, 31, 21, 4, 28, 24, 26, 5, 16, 37, 33, 0, 22, 6, 15]",1,1.0,0.25,0.4,1.0,1,4,1,1
smd,group1_development,machine-1-6,sarad_official,2,7,5708,5713,"[9, 10, 32, 12, 29, 18, 2, 19, 7, 1, 20, 13, 8, 36, 23, 27, 25, 34, 35, 17, 11, 30, 3, 14, 31, 21, 4, 28, 24, 26, 5, 16, 37, 33, 0, 22, 6, 15]",3,0.6666666666666666,0.5,0.5714285714285715,0.7653606369886217,1,4,3,2
smd,group1_development,machine-1-6,sarad_official,2,7,5708,5713,"[9, 10, 32, 12, 29, 18, 2, 19, 7, 1, 20, 13, 8, 36, 23, 27, 25, 34, 35, 17, 11, 30, 3, 14, 31, 21, 4, 28, 24, 26, 5, 16, 37, 33, 0, 22, 6, 15]",5,0.6,0.75,0.6666666666666665,0.8048099750039491,1,4,5,3
smd,group1_development,machine-1-6,sarad_official,2,8,5873,5885,"[9, 10, 1, 12, 25, 18, 19, 2, 21, 8, 31, 20, 32, 3, 5, 13, 14, 27, 17, 7, 29, 30, 36, 11, 4, 0, 35, 16, 26, 34, 37, 23, 28, 24, 15, 22, 6, 33]",1,1.0,0.07142857142857142,0.13333333333333333,1.0,1,14,1,1
smd,group1_development,machine-1-6,sarad_official,2,8,5873,5885,"[9, 10, 1, 12, 25, 18, 19, 2, 21, 8, 31, 20, 32, 3, 5, 13, 14, 27, 17, 7, 29, 30, 36, 11, 4, 0, 35, 16, 26, 34, 37, 23, 28, 24, 15, 22, 6, 33]",3,1.0,0.21428571428571427,0.35294117647058826,1.0,1,14,3,3
smd,group1_development,machine-1-6,sarad_official,2,8,5873,5885,"[9, 10, 1, 12, 25, 18, 19, 2, 21, 8, 31, 20, 32, 3, 5, 13, 14, 27, 17, 7, 29, 30, 36, 11, 4, 0, 35, 16, 26, 34, 37, 23, 28, 24, 15, 22, 6, 33]",5,0.8,0.2857142857142857,0.4210526315789473,0.8687949224876582,1,14,5,4
smd,group1_development,machine-1-6,sarad_official,2,9,6022,6027,"[32, 33, 29, 4, 1, 18, 2, 3, 19, 8, 20, 12, 25, 27, 21, 31, 35, 37, 11, 13, 28, 26, 30, 7, 17, 36, 16, 22, 24, 23, 9, 5, 34, 0, 6, 10, 14, 15]",1,1.0,0.5,0.6666666666666666,1.0,1,2,1,1
smd,group1_development,machine-1-6,sarad_official,2,9,6022,6027,"[32, 33, 29, 4, 1, 18, 2, 3, 19, 8, 20, 12, 25, 27, 21, 31, 35, 37, 11, 13, 28, 26, 30, 7, 17, 36, 16, 22, 24, 23, 9, 5, 34, 0, 6, 10, 14, 15]",3,0.6666666666666666,1.0,0.8,1.0,1,2,3,2
smd,group1_development,machine-1-6,sarad_official,2,9,6022,6027,"[32, 33, 29, 4, 1, 18, 2, 3, 19, 8, 20, 12, 25, 27, 21, 31, 35, 37, 11, 13, 28, 26, 30, 7, 17, 36, 16, 22, 24, 23, 9, 5, 34, 0, 6, 10, 14, 15]",5,0.4,1.0,0.5714285714285715,1.0,1,2,5,2
smd,group1_development,machine-1-6,sarad_official,2,10,6412,6419,"[1, 17, 9, 8, 10, 12, 14, 13, 2, 18, 11, 29, 19, 25, 3, 7, 30, 36, 4, 21, 32, 34, 31, 27, 35, 0, 26, 16, 15, 24, 23, 28, 20, 37, 22, 6, 33, 5]",1,1.0,0.05263157894736842,0.1,1.0,1,19,1,1
smd,group1_development,machine-1-6,sarad_official,2,10,6412,6419,"[1, 17, 9, 8, 10, 12, 14, 13, 2, 18, 11, 29, 19, 25, 3, 7, 30, 36, 4, 21, 32, 34, 31, 27, 35, 0, 26, 16, 15, 24, 23, 28, 20, 37, 22, 6, 33, 5]",3,0.6666666666666666,0.10526315789473684,0.18181818181818182,0.7039180890341347,1,19,3,2
smd,group1_development,machine-1-6,sarad_official,2,10,6412,6419,"[1, 17, 9, 8, 10, 12, 14, 13, 2, 18, 11, 29, 19, 25, 3, 7, 30, 36, 4, 21, 32, 34, 31, 27, 35, 0, 26, 16, 15, 24, 23, 28, 20, 37, 22, 6, 33, 5]",5,0.8,0.21052631578947367,0.3333333333333333,0.7860137352654724,1,19,5,4
smd,group1_development,machine-1-6,sarad_official,2,11,7851,7856,"[9, 10, 12, 32, 13, 2, 8, 19, 25, 21, 36, 18, 34, 29, 14, 22, 17, 15, 27, 3, 24, 31, 16, 7, 1, 11, 20, 35, 30, 4, 37, 23, 0, 28, 26, 5, 6, 33]",1,1.0,0.06666666666666667,0.125,1.0,1,15,1,1
smd,group1_development,machine-1-6,sarad_official,2,11,7851,7856,"[9, 10, 12, 32, 13, 2, 8, 19, 25, 21, 36, 18, 34, 29, 14, 22, 17, 15, 27, 3, 24, 31, 16, 7, 1, 11, 20, 35, 30, 4, 37, 23, 0, 28, 26, 5, 6, 33]",3,1.0,0.2,0.33333333333333337,1.0,1,15,3,3
smd,group1_development,machine-1-6,sarad_official,2,11,7851,7856,"[9, 10, 12, 32, 13, 2, 8, 19, 25, 21, 36, 18, 34, 29, 14, 22, 17, 15, 27, 3, 24, 31, 16, 7, 1, 11, 20, 35, 30, 4, 37, 23, 0, 28, 26, 5, 6, 33]",5,0.6,0.2,0.3,0.7227265726449519,1,15,5,3
smd,group1_development,machine-1-6,sarad_official,2,12,9291,9298,"[9, 10, 8, 12, 14, 2, 1, 13, 32, 18, 19, 21, 31, 36, 34, 25, 3, 20, 29, 27, 11, 17, 0, 16, 28, 4, 24, 15, 7, 30, 37, 26, 35, 5, 23, 22, 6, 33]",1,1.0,0.0625,0.11764705882352941,1.0,1,16,1,1
smd,group1_development,machine-1-6,sarad_official,2,12,9291,9298,"[9, 10, 8, 12, 14, 2, 1, 13, 32, 18, 19, 21, 31, 36, 34, 25, 3, 20, 29, 27, 11, 17, 0, 16, 28, 4, 24, 15, 7, 30, 37, 26, 35, 5, 23, 22, 6, 33]",3,1.0,0.1875,0.3157894736842105,1.0,1,16,3,3
smd,group1_development,machine-1-6,sarad_official,2,12,9291,9298,"[9, 10, 8, 12, 14, 2, 1, 13, 32, 18, 19, 21, 31, 36, 34, 25, 3, 20, 29, 27, 11, 17, 0, 16, 28, 4, 24, 15, 7, 30, 37, 26, 35, 5, 23, 22, 6, 33]",5,0.8,0.25,0.38095238095238093,0.8687949224876582,1,16,5,4
smd,group1_development,machine-1-6,sarad_official,2,13,10731,10736,"[10, 9, 12, 1, 8, 13, 32, 2, 34, 14, 18, 36, 29, 25, 19, 21, 27, 3, 17, 11, 4, 31, 20, 7, 15, 24, 28, 26, 37, 16, 5, 0, 23, 22, 30, 35, 6, 33]",1,1.0,0.0625,0.11764705882352941,1.0,1,16,1,1
smd,group1_development,machine-1-6,sarad_official,2,13,10731,10736,"[10, 9, 12, 1, 8, 13, 32, 2, 34, 14, 18, 36, 29, 25, 19, 21, 27, 3, 17, 11, 4, 31, 20, 7, 15, 24, 28, 26, 37, 16, 5, 0, 23, 22, 30, 35, 6, 33]",3,1.0,0.1875,0.3157894736842105,1.0,1,16,3,3
smd,group1_development,machine-1-6,sarad_official,2,13,10731,10736,"[10, 9, 12, 1, 8, 13, 32, 2, 34, 14, 18, 36, 29, 25, 19, 21, 27, 3, 17, 11, 4, 31, 20, 7, 15, 24, 28, 26, 37, 16, 5, 0, 23, 22, 30, 35, 6, 33]",5,1.0,0.3125,0.47619047619047616,1.0,1,16,5,5
smd,group1_development,machine-1-6,sarad_official,2,14,11467,11471,"[1, 9, 10, 8, 12, 13, 2, 29, 14, 18, 19, 32, 11, 3, 25, 15, 21, 20, 36, 5, 31, 17, 4, 7, 35, 28, 34, 0, 26, 23, 27, 37, 16, 24, 6, 30, 22, 33]",1,1.0,0.058823529411764705,0.1111111111111111,1.0,1,17,1,1
smd,group1_development,machine-1-6,sarad_official,2,14,11467,11471,"[1, 9, 10, 8, 12, 13, 2, 29, 14, 18, 19, 32, 11, 3, 25, 15, 21, 20, 36, 5, 31, 17, 4, 7, 35, 28, 34, 0, 26, 23, 27, 37, 16, 24, 6, 30, 22, 33]",3,1.0,0.17647058823529413,0.3,1.0,1,17,3,3
smd,group1_development,machine-1-6,sarad_official,2,14,11467,11471,"[1, 9, 10, 8, 12, 13, 2, 29, 14, 18, 19, 32, 11, 3, 25, 15, 21, 20, 36, 5, 31, 17, 4, 7, 35, 28, 34, 0, 26, 23, 27, 37, 16, 24, 6, 30, 22, 33]",5,1.0,0.29411764705882354,0.45454545454545453,1.0,1,17,5,5
smd,group1_development,machine-1-6,sarad_official,2,15,12171,12176,"[9, 10, 14, 12, 8, 1, 34, 2, 36, 18, 32, 19, 13, 27, 29, 3, 25, 31, 17, 21, 22, 23, 6, 11, 20, 24, 4, 37, 16, 26, 28, 7, 0, 30, 35, 15, 33, 5]",1,1.0,0.058823529411764705,0.1111111111111111,1.0,1,17,1,1
smd,group1_development,machine-1-6,sarad_official,2,15,12171,12176,"[9, 10, 14, 12, 8, 1, 34, 2, 36, 18, 32, 19, 13, 27, 29, 3, 25, 31, 17, 21, 22, 23, 6, 11, 20, 24, 4, 37, 16, 26, 28, 7, 0, 30, 35, 15, 33, 5]",3,0.6666666666666666,0.11764705882352941,0.2,0.7653606369886217,1,17,3,2
smd,group1_development,machine-1-6,sarad_official,2,15,12171,12176,"[9, 10, 14, 12, 8, 1, 34, 2, 36, 18, 32, 19, 13, 27, 29, 3, 25, 31, 17, 21, 22, 23, 6, 11, 20, 24, 4, 37, 16, 26, 28, 7, 0, 30, 35, 15, 33, 5]",5,0.8,0.23529411764705882,0.3636363636363636,0.830419897363192,1,17,5,4
smd,group1_development,machine-1-6,sarad_official,2,16,13069,13073,"[32, 13, 2, 3, 19, 18, 1, 31, 25, 33, 12, 8, 20, 29, 21, 30, 27, 9, 24, 28, 16, 26, 35, 7, 17, 36, 37, 34, 22, 5, 23, 11, 0, 4, 14, 15, 6, 10]",1,1.0,0.5,0.6666666666666666,1.0,1,2,1,1
smd,group1_development,machine-1-6,sarad_official,2,16,13069,13073,"[32, 13, 2, 3, 19, 18, 1, 31, 25, 33, 12, 8, 20, 29, 21, 30, 27, 9, 24, 28, 16, 26, 35, 7, 17, 36, 37, 34, 22, 5, 23, 11, 0, 4, 14, 15, 6, 10]",3,0.3333333333333333,0.5,0.4,0.6131471927654584,1,2,3,1
smd,group1_development,machine-1-6,sarad_official,2,16,13069,13073,"[32, 13, 2, 3, 19, 18, 1, 31, 25, 33, 12, 8, 20, 29, 21, 30, 27, 9, 24, 28, 16, 26, 35, 7, 17, 36, 37, 34, 22, 5, 23, 11, 0, 4, 14, 15, 6, 10]",5,0.2,0.5,0.28571428571428575,0.6131471927654584,1,2,5,1
smd,group1_development,machine-1-6,sarad_official,2,17,13277,13280,"[16, 32, 2, 18, 1, 12, 27, 7, 9, 19, 3, 29, 20, 13, 23, 10, 31, 25, 36, 37, 15, 22, 26, 14, 34, 5, 4, 8, 30, 17, 21, 11, 6, 24, 0, 28, 33, 35]",1,1.0,1.0,1.0,1.0,1,1,1,1
smd,group1_development,machine-1-6,sarad_official,2,17,13277,13280,"[16, 32, 2, 18, 1, 12, 27, 7, 9, 19, 3, 29, 20, 13, 23, 10, 31, 25, 36, 37, 15, 22, 26, 14, 34, 5, 4, 8, 30, 17, 21, 11, 6, 24, 0, 28, 33, 35]",3,0.3333333333333333,1.0,0.5,1.0,1,1,3,1
smd,group1_development,machine-1-6,sarad_official,2,17,13277,13280,"[16, 32, 2, 18, 1, 12, 27, 7, 9, 19, 3, 29, 20, 13, 23, 10, 31, 25, 36, 37, 15, 22, 26, 14, 34, 5, 4, 8, 30, 17, 21, 11, 6, 24, 0, 28, 33, 35]",5,0.2,1.0,0.33333333333333337,1.0,1,1,5,1
smd,group1_development,machine-1-6,sarad_official,2,18,13613,13619,"[9, 1, 10, 25, 3, 17, 7, 23, 32, 12, 8, 2, 18, 13, 37, 4, 19, 36, 0, 28, 34, 16, 14, 27, 21, 29, 33, 26, 31, 35, 22, 20, 15, 30, 24, 11, 6, 5]",1,1.0,0.125,0.2222222222222222,1.0,1,8,1,1
smd,group1_development,machine-1-6,sarad_official,2,18,13613,13619,"[9, 1, 10, 25, 3, 17, 7, 23, 32, 12, 8, 2, 18, 13, 37, 4, 19, 36, 0, 28, 34, 16, 14, 27, 21, 29, 33, 26, 31, 35, 22, 20, 15, 30, 24, 11, 6, 5]",3,1.0,0.375,0.5454545454545454,1.0,1,8,3,3
smd,group1_development,machine-1-6,sarad_official,2,18,13613,13619,"[9, 1, 10, 25, 3, 17, 7, 23, 32, 12, 8, 2, 18, 13, 37, 4, 19, 36, 0, 28, 34, 16, 14, 27, 21, 29, 33, 26, 31, 35, 22, 20, 15, 30, 24, 11, 6, 5]",5,0.6,0.375,0.4615384615384615,0.7227265726449519,1,8,5,3
smd,group1_development,machine-1-6,sarad_official,2,19,14603,14607,"[36, 9, 10, 12, 8, 13, 32, 18, 31, 19, 2, 29, 1, 23, 20, 27, 34, 21, 35, 17, 30, 25, 7, 24, 28, 14, 22, 11, 37, 26, 0, 16, 4, 15, 3, 6, 5, 33]",1,1.0,0.1,0.18181818181818182,1.0,1,10,1,1
smd,group1_development,machine-1-6,sarad_official,2,19,14603,14607,"[36, 9, 10, 12, 8, 13, 32, 18, 31, 19, 2, 29, 1, 23, 20, 27, 34, 21, 35, 17, 30, 25, 7, 24, 28, 14, 22, 11, 37, 26, 0, 16, 4, 15, 3, 6, 5, 33]",3,1.0,0.3,0.4615384615384615,1.0,1,10,3,3
smd,group1_development,machine-1-6,sarad_official,2,19,14603,14607,"[36, 9, 10, 12, 8, 13, 32, 18, 31, 19, 2, 29, 1, 23, 20, 27, 34, 21, 35, 17, 30, 25, 7, 24, 28, 14, 22, 11, 37, 26, 0, 16, 4, 15, 3, 6, 5, 33]",5,1.0,0.5,0.6666666666666666,1.0,1,10,5,5
smd,group1_development,machine-1-6,sarad_official,2,20,15052,15055,"[9, 10, 27, 12, 32, 14, 1, 13, 36, 2, 18, 8, 19, 34, 25, 15, 21, 37, 29, 3, 4, 17, 31, 11, 7, 24, 28, 35, 20, 26, 16, 22, 23, 6, 33, 0, 30, 5]",1,1.0,0.25,0.4,1.0,1,4,1,1
smd,group1_development,machine-1-6,sarad_official,2,20,15052,15055,"[9, 10, 27, 12, 32, 14, 1, 13, 36, 2, 18, 8, 19, 34, 25, 15, 21, 37, 29, 3, 4, 17, 31, 11, 7, 24, 28, 35, 20, 26, 16, 22, 23, 6, 33, 0, 30, 5]",3,0.6666666666666666,0.5,0.5714285714285715,0.7653606369886217,1,4,3,2
smd,group1_development,machine-1-6,sarad_official,2,20,15052,15055,"[9, 10, 27, 12, 32, 14, 1, 13, 36, 2, 18, 8, 19, 34, 25, 15, 21, 37, 29, 3, 4, 17, 31, 11, 7, 24, 28, 35, 20, 26, 16, 22, 23, 6, 33, 0, 30, 5]",5,0.6,0.75,0.6666666666666665,0.8048099750039491,1,4,5,3
smd,group1_development,machine-1-6,sarad_official,2,21,15397,15401,"[11, 14, 1, 13, 9, 12, 2, 8, 3, 25, 17, 27, 10, 29, 7, 36, 26, 37, 16, 4, 5, 28, 32, 18, 0, 35, 24, 20, 30, 19, 21, 34, 23, 6, 33, 22, 31, 15]",1,1.0,0.3333333333333333,0.5,1.0,1,3,1,1
smd,group1_development,machine-1-6,sarad_official,2,21,15397,15401,"[11, 14, 1, 13, 9, 12, 2, 8, 3, 25, 17, 27, 10, 29, 7, 36, 26, 37, 16, 4, 5, 28, 32, 18, 0, 35, 24, 20, 30, 19, 21, 34, 23, 6, 33, 22, 31, 15]",3,0.3333333333333333,0.3333333333333333,0.3333333333333333,0.46927872602275644,1,3,3,1
smd,group1_development,machine-1-6,sarad_official,2,21,15397,15401,"[11, 14, 1, 13, 9, 12, 2, 8, 3, 25, 17, 27, 10, 29, 7, 36, 26, 37, 16, 4, 5, 28, 32, 18, 0, 35, 24, 20, 30, 19, 21, 34, 23, 6, 33, 22, 31, 15]",5,0.2,0.3333333333333333,0.25,0.46927872602275644,1,3,5,1
smd,group1_development,machine-1-6,sarad_official,2,22,15802,15805,"[9, 10, 36, 13, 29, 2, 32, 34, 19, 12, 14, 1, 18, 20, 27, 35, 8, 31, 30, 17, 21, 24, 25, 15, 23, 22, 0, 3, 6, 7, 11, 28, 26, 37, 16, 4, 33, 5]",1,1.0,0.25,0.4,1.0,1,4,1,1
smd,group1_development,machine-1-6,sarad_official,2,22,15802,15805,"[9, 10, 36, 13, 29, 2, 32, 34, 19, 12, 14, 1, 18, 20, 27, 35, 8, 31, 30, 17, 21, 24, 25, 15, 23, 22, 0, 3, 6, 7, 11, 28, 26, 37, 16, 4, 33, 5]",3,0.6666666666666666,0.5,0.5714285714285715,0.7653606369886217,1,4,3,2
smd,group1_development,machine-1-6,sarad_official,2,22,15802,15805,"[9, 10, 36, 13, 29, 2, 32, 34, 19, 12, 14, 1, 18, 20, 27, 35, 8, 31, 30, 17, 21, 24, 25, 15, 23, 22, 0, 3, 6, 7, 11, 28, 26, 37, 16, 4, 33, 5]",5,0.4,0.5,0.4444444444444445,0.6366824387328317,1,4,5,2
smd,group1_development,machine-1-6,sarad_official,2,23,16491,16499,"[8, 14, 9, 10, 12, 1, 13, 2, 18, 25, 11, 3, 32, 21, 17, 29, 19, 36, 7, 20, 15, 28, 4, 26, 0, 30, 34, 31, 16, 37, 35, 27, 24, 23, 5, 22, 6, 33]",1,1.0,0.125,0.2222222222222222,1.0,1,8,1,1
smd,group1_development,machine-1-6,sarad_official,2,23,16491,16499,"[8, 14, 9, 10, 12, 1, 13, 2, 18, 25, 11, 3, 32, 21, 17, 29, 19, 36, 7, 20, 15, 28, 4, 26, 0, 30, 34, 31, 16, 37, 35, 27, 24, 23, 5, 22, 6, 33]",3,1.0,0.375,0.5454545454545454,1.0,1,8,3,3
smd,group1_development,machine-1-6,sarad_official,2,23,16491,16499,"[8, 14, 9, 10, 12, 1, 13, 2, 18, 25, 11, 3, 32, 21, 17, 29, 19, 36, 7, 20, 15, 28, 4, 26, 0, 30, 34, 31, 16, 37, 35, 27, 24, 23, 5, 22, 6, 33]",5,1.0,0.625,0.7692307692307693,1.0,1,8,5,5
smd,group1_development,machine-1-6,sarad_official,2,24,16718,16721,"[9, 10, 32, 12, 36, 13, 18, 8, 25, 19, 2, 17, 11, 34, 29, 1, 14, 28, 24, 6, 26, 4, 35, 22, 16, 7, 37, 3, 21, 31, 0, 23, 20, 27, 33, 30, 15, 5]",1,1.0,0.25,0.4,1.0,1,4,1,1
smd,group1_development,machine-1-6,sarad_official,2,24,16718,16721,"[9, 10, 32, 12, 36, 13, 18, 8, 25, 19, 2, 17, 11, 34, 29, 1, 14, 28, 24, 6, 26, 4, 35, 22, 16, 7, 37, 3, 21, 31, 0, 23, 20, 27, 33, 30, 15, 5]",3,0.6666666666666666,0.5,0.5714285714285715,0.7653606369886217,1,4,3,2
smd,group1_development,machine-1-6,sarad_official,2,24,16718,16721,"[9, 10, 32, 12, 36, 13, 18, 8, 25, 19, 2, 17, 11, 34, 29, 1, 14, 28, 24, 6, 26, 4, 35, 22, 16, 7, 37, 3, 21, 31, 0, 23, 20, 27, 33, 30, 15, 5]",5,0.6,0.75,0.6666666666666665,0.8048099750039491,1,4,5,3
smd,group1_development,machine-1-6,sarad_official,2,25,16972,16976,"[11, 14, 13, 12, 9, 8, 1, 25, 2, 18, 10, 29, 3, 27, 17, 30, 7, 16, 26, 36, 4, 0, 37, 28, 35, 24, 21, 20, 31, 32, 34, 19, 5, 22, 33, 6, 15, 23]",1,1.0,0.25,0.4,1.0,1,4,1,1
smd,group1_development,machine-1-6,sarad_official,2,25,16972,16976,"[11, 14, 13, 12, 9, 8, 1, 25, 2, 18, 10, 29, 3, 27, 17, 30, 7, 16, 26, 36, 4, 0, 37, 28, 35, 24, 21, 20, 31, 32, 34, 19, 5, 22, 33, 6, 15, 23]",3,0.6666666666666666,0.5,0.5714285714285715,0.7653606369886217,1,4,3,2
smd,group1_development,machine-1-6,sarad_official,2,25,16972,16976,"[11, 14, 13, 12, 9, 8, 1, 25, 2, 18, 10, 29, 3, 27, 17, 30, 7, 16, 26, 36, 4, 0, 37, 28, 35, 24, 21, 20, 31, 32, 34, 19, 5, 22, 33, 6, 15, 23]",5,0.6,0.75,0.6666666666666665,0.8048099750039491,1,4,5,3
smd,group1_development,machine-1-6,sarad_official,2,26,17931,17939,"[8, 9, 10, 1, 12, 14, 2, 13, 32, 25, 18, 17, 3, 19, 36, 31, 0, 11, 21, 29, 7, 15, 27, 35, 34, 26, 20, 28, 4, 16, 37, 30, 5, 24, 23, 6, 22, 33]",1,1.0,0.05263157894736842,0.1,1.0,1,19,1,1
smd,group1_development,machine-1-6,sarad_official,2,26,17931,17939,"[8, 9, 10, 1, 12, 14, 2, 13, 32, 25, 18, 17, 3, 19, 36, 31, 0, 11, 21, 29, 7, 15, 27, 35, 34, 26, 20, 28, 4, 16, 37, 30, 5, 24, 23, 6, 22, 33]",3,1.0,0.15789473684210525,0.2727272727272727,1.0,1,19,3,3
smd,group1_development,machine-1-6,sarad_official,2,26,17931,17939,"[8, 9, 10, 1, 12, 14, 2, 13, 32, 25, 18, 17, 3, 19, 36, 31, 0, 11, 21, 29, 7, 15, 27, 35, 34, 26, 20, 28, 4, 16, 37, 30, 5, 24, 23, 6, 22, 33]",5,1.0,0.2631578947368421,0.4166666666666667,1.0,1,19,5,5
smd,group1_development,machine-1-6,sarad_official,2,27,18600,21761,"[15, 0, 12, 8, 2, 3, 13, 31, 9, 1, 29, 5, 4, 10, 25, 18, 14, 27, 19, 20, 11, 21, 34, 7, 22, 17, 24, 37, 30, 23, 35, 36, 32, 6, 16, 26, 28, 33]",1,1.0,0.047619047619047616,0.0909090909090909,1.0,1,21,1,1
smd,group1_development,machine-1-6,sarad_official,2,27,18600,21761,"[15, 0, 12, 8, 2, 3, 13, 31, 9, 1, 29, 5, 4, 10, 25, 18, 14, 27, 19, 20, 11, 21, 34, 7, 22, 17, 24, 37, 30, 23, 35, 36, 32, 6, 16, 26, 28, 33]",3,1.0,0.14285714285714285,0.25,1.0,1,21,3,3
smd,group1_development,machine-1-6,sarad_official,2,27,18600,21761,"[15, 0, 12, 8, 2, 3, 13, 31, 9, 1, 29, 5, 4, 10, 25, 18, 14, 27, 19, 20, 11, 21, 34, 7, 22, 17, 24, 37, 30, 23, 35, 36, 32, 6, 16, 26, 28, 33]",5,1.0,0.23809523809523808,0.3846153846153846,1.0,1,21,5,5
smd,group1_development,machine-1-6,sarad_official,2,28,22252,22260,"[8, 12, 9, 34, 10, 18, 32, 11, 14, 2, 29, 30, 1, 19, 0, 3, 27, 20, 21, 23, 31, 36, 15, 17, 24, 4, 7, 26, 28, 16, 37, 5, 35, 25, 13, 6, 33, 22]",1,1.0,0.3333333333333333,0.5,1.0,1,3,1,1
smd,group1_development,machine-1-6,sarad_official,2,28,22252,22260,"[8, 12, 9, 34, 10, 18, 32, 11, 14, 2, 29, 30, 1, 19, 0, 3, 27, 20, 21, 23, 31, 36, 15, 17, 24, 4, 7, 26, 28, 16, 37, 5, 35, 25, 13, 6, 33, 22]",3,0.6666666666666666,0.6666666666666666,0.6666666666666666,0.7653606369886217,1,3,3,2
smd,group1_development,machine-1-6,sarad_official,2,28,22252,22260,"[8, 12, 9, 34, 10, 18, 32, 11, 14, 2, 29, 30, 1, 19, 0, 3, 27, 20, 21, 23, 31, 36, 15, 17, 24, 4, 7, 26, 28, 16, 37, 5, 35, 25, 13, 6, 33, 22]",5,0.4,0.6666666666666666,0.5,0.7653606369886217,1,3,5,2
smd,group1_development,machine-1-6,sarad_official,2,29,22417,22420,"[10, 11, 12, 9, 1, 29, 14, 2, 4, 19, 0, 23, 17, 8, 30, 3, 28, 21, 36, 26, 7, 18, 20, 27, 24, 37, 34, 16, 32, 15, 35, 22, 6, 31, 25, 5, 33, 13]",1,1.0,0.5,0.6666666666666666,1.0,1,2,1,1
smd,group1_development,machine-1-6,sarad_official,2,29,22417,22420,"[10, 11, 12, 9, 1, 29, 14, 2, 4, 19, 0, 23, 17, 8, 30, 3, 28, 21, 36, 26, 7, 18, 20, 27, 24, 37, 34, 16, 32, 15, 35, 22, 6, 31, 25, 5, 33, 13]",3,0.6666666666666666,1.0,0.8,0.9197207891481876,1,2,3,2
smd,group1_development,machine-1-6,sarad_official,2,29,22417,22420,"[10, 11, 12, 9, 1, 29, 14, 2, 4, 19, 0, 23, 17, 8, 30, 3, 28, 21, 36, 26, 7, 18, 20, 27, 24, 37, 34, 16, 32, 15, 35, 22, 6, 31, 25, 5, 33, 13]",5,0.4,1.0,0.5714285714285715,0.9197207891481876,1,2,5,2
smd,group1_development,machine-1-7,sarad_official,2,0,837,858,"[8, 15, 0, 12, 14, 11, 13, 27, 3, 34, 17, 32, 19, 9, 4, 10, 16, 25, 23, 28, 36, 26, 29, 7, 37, 2, 21, 20, 31, 6, 24, 18, 35, 1, 33, 30, 22, 5]",1,1.0,0.125,0.2222222222222222,1.0,1,8,1,1
smd,group1_development,machine-1-7,sarad_official,2,0,837,858,"[8, 15, 0, 12, 14, 11, 13, 27, 3, 34, 17, 32, 19, 9, 4, 10, 16, 25, 23, 28, 36, 26, 29, 7, 37, 2, 21, 20, 31, 6, 24, 18, 35, 1, 33, 30, 22, 5]",3,1.0,0.375,0.5454545454545454,1.0,1,8,3,3
smd,group1_development,machine-1-7,sarad_official,2,0,837,858,"[8, 15, 0, 12, 14, 11, 13, 27, 3, 34, 17, 32, 19, 9, 4, 10, 16, 25, 23, 28, 36, 26, 29, 7, 37, 2, 21, 20, 31, 6, 24, 18, 35, 1, 33, 30, 22, 5]",5,1.0,0.625,0.7692307692307693,1.0,1,8,5,5
smd,group1_development,machine-1-7,sarad_official,2,1,2959,4174,"[15, 13, 8, 12, 20, 21, 18, 34, 27, 26, 28, 16, 37, 7, 36, 31, 4, 24, 11, 17, 19, 35, 25, 32, 30, 14, 29, 9, 3, 0, 5, 6, 33, 22, 23, 2, 10, 1]",1,1.0,0.1111111111111111,0.19999999999999998,1.0,1,9,1,1
smd,group1_development,machine-1-7,sarad_official,2,1,2959,4174,"[15, 13, 8, 12, 20, 21, 18, 34, 27, 26, 28, 16, 37, 7, 36, 31, 4, 24, 11, 17, 19, 35, 25, 32, 30, 14, 29, 9, 3, 0, 5, 6, 33, 22, 23, 2, 10, 1]",3,1.0,0.3333333333333333,0.5,1.0,1,9,3,3
smd,group1_development,machine-1-7,sarad_official,2,1,2959,4174,"[15, 13, 8, 12, 20, 21, 18, 34, 27, 26, 28, 16, 37, 7, 36, 31, 4, 24, 11, 17, 19, 35, 25, 32, 30, 14, 29, 9, 3, 0, 5, 6, 33, 22, 23, 2, 10, 1]",5,0.8,0.4444444444444444,0.5714285714285714,0.8687949224876582,1,9,5,4
smd,group1_development,machine-1-7,sarad_official,2,2,5849,5940,"[9, 8, 10, 27, 31, 18, 19, 3, 2, 23, 1, 20, 30, 25, 24, 29, 21, 22, 12, 4, 7, 34, 14, 35, 26, 28, 0, 11, 6, 37, 15, 36, 16, 5, 13, 32, 17, 33]",1,1.0,0.04,0.07692307692307693,1.0,1,25,1,1
smd,group1_development,machine-1-7,sarad_official,2,2,5849,5940,"[9, 8, 10, 27, 31, 18, 19, 3, 2, 23, 1, 20, 30, 25, 24, 29, 21, 22, 12, 4, 7, 34, 14, 35, 26, 28, 0, 11, 6, 37, 15, 36, 16, 5, 13, 32, 17, 33]",3,1.0,0.12,0.21428571428571425,1.0,1,25,3,3
smd,group1_development,machine-1-7,sarad_official,2,2,5849,5940,"[9, 8, 10, 27, 31, 18, 19, 3, 2, 23, 1, 20, 30, 25, 24, 29, 21, 22, 12, 4, 7, 34, 14, 35, 26, 28, 0, 11, 6, 37, 15, 36, 16, 5, 13, 32, 17, 33]",5,1.0,0.2,0.33333333333333337,1.0,1,25,5,5
smd,group1_development,machine-1-7,sarad_official,2,3,6031,6034,"[28, 26, 16, 20, 37, 36, 21, 7, 5, 13, 17, 24, 35, 25, 30, 8, 34, 19, 4, 27, 33, 32, 18, 9, 29, 11, 12, 23, 6, 0, 22, 3, 31, 2, 14, 10, 15, 1]",1,0.0,0.0,0.0,0.0,0,2,1,0
smd,group1_development,machine-1-7,sarad_official,2,3,6031,6034,"[28, 26, 16, 20, 37, 36, 21, 7, 5, 13, 17, 24, 35, 25, 30, 8, 34, 19, 4, 27, 33, 32, 18, 9, 29, 11, 12, 23, 6, 0, 22, 3, 31, 2, 14, 10, 15, 1]",3,0.0,0.0,0.0,0.0,0,2,3,0
smd,group1_development,machine-1-7,sarad_official,2,3,6031,6034,"[28, 26, 16, 20, 37, 36, 21, 7, 5, 13, 17, 24, 35, 25, 30, 8, 34, 19, 4, 27, 33, 32, 18, 9, 29, 11, 12, 23, 6, 0, 22, 3, 31, 2, 14, 10, 15, 1]",5,0.0,0.0,0.0,0.0,0,2,5,0
smd,group1_development,machine-1-7,sarad_official,2,4,7099,8000,"[27, 18, 19, 31, 30, 20, 17, 16, 4, 24, 21, 8, 12, 13, 22, 11, 3, 0, 34, 7, 23, 25, 2, 26, 15, 14, 29, 35, 37, 28, 36, 9, 1, 32, 6, 10, 5, 33]",1,0.0,0.0,0.0,0.0,0,8,1,0
smd,group1_development,machine-1-7,sarad_official,2,4,7099,8000,"[27, 18, 19, 31, 30, 20, 17, 16, 4, 24, 21, 8, 12, 13, 22, 11, 3, 0, 34, 7, 23, 25, 2, 26, 15, 14, 29, 35, 37, 28, 36, 9, 1, 32, 6, 10, 5, 33]",3,0.0,0.0,0.0,0.0,0,8,3,0
smd,group1_development,machine-1-7,sarad_official,2,4,7099,8000,"[27, 18, 19, 31, 30, 20, 17, 16, 4, 24, 21, 8, 12, 13, 22, 11, 3, 0, 34, 7, 23, 25, 2, 26, 15, 14, 29, 35, 37, 28, 36, 9, 1, 32, 6, 10, 5, 33]",5,0.0,0.0,0.0,0.0,0,8,5,0
smd,group1_development,machine-1-7,sarad_official,2,5,8564,8580,"[9, 10, 8, 12, 3, 2, 27, 1, 16, 23, 30, 20, 19, 18, 34, 14, 31, 0, 21, 22, 36, 29, 35, 7, 25, 4, 28, 15, 17, 5, 24, 32, 6, 26, 37, 11, 33, 13]",1,1.0,0.05555555555555555,0.10526315789473684,1.0,1,18,1,1
smd,group1_development,machine-1-7,sarad_official,2,5,8564,8580,"[9, 10, 8, 12, 3, 2, 27, 1, 16, 23, 30, 20, 19, 18, 34, 14, 31, 0, 21, 22, 36, 29, 35, 7, 25, 4, 28, 15, 17, 5, 24, 32, 6, 26, 37, 11, 33, 13]",3,1.0,0.16666666666666666,0.2857142857142857,1.0,1,18,3,3
smd,group1_development,machine-1-7,sarad_official,2,5,8564,8580,"[9, 10, 8, 12, 3, 2, 27, 1, 16, 23, 30, 20, 19, 18, 34, 14, 31, 0, 21, 22, 36, 29, 35, 7, 25, 4, 28, 15, 17, 5, 24, 32, 6, 26, 37, 11, 33, 13]",5,0.8,0.2222222222222222,0.3478260869565218,0.8687949224876582,1,18,5,4
smd,group1_development,machine-1-7,sarad_official,2,6,12359,12374,"[15, 12, 8, 14, 28, 13, 26, 25, 16, 36, 37, 7, 17, 11, 0, 4, 20, 32, 9, 29, 21, 34, 24, 3, 35, 10, 18, 19, 27, 6, 23, 30, 31, 2, 22, 5, 33, 1]",1,1.0,0.14285714285714285,0.25,1.0,1,7,1,1
smd,group1_development,machine-1-7,sarad_official,2,6,12359,12374,"[15, 12, 8, 14, 28, 13, 26, 25, 16, 36, 37, 7, 17, 11, 0, 4, 20, 32, 9, 29, 21, 34, 24, 3, 35, 10, 18, 19, 27, 6, 23, 30, 31, 2, 22, 5, 33, 1]",3,1.0,0.42857142857142855,0.6,1.0,1,7,3,3
smd,group1_development,machine-1-7,sarad_official,2,6,12359,12374,"[15, 12, 8, 14, 28, 13, 26, 25, 16, 36, 37, 7, 17, 11, 0, 4, 20, 32, 9, 29, 21, 34, 24, 3, 35, 10, 18, 19, 27, 6, 23, 30, 31, 2, 22, 5, 33, 1]",5,0.8,0.5714285714285714,0.6666666666666666,0.8687949224876582,1,7,5,4
smd,group1_development,machine-1-7,sarad_official,2,7,13799,13825,"[15, 12, 8, 14, 13, 11, 32, 0, 25, 34, 7, 9, 26, 17, 28, 27, 16, 36, 37, 4, 21, 20, 10, 18, 3, 29, 5, 19, 23, 6, 30, 35, 24, 2, 31, 22, 33, 1]",1,1.0,0.16666666666666666,0.2857142857142857,1.0,1,6,1,1
smd,group1_development,machine-1-7,sarad_official,2,7,13799,13825,"[15, 12, 8, 14, 13, 11, 32, 0, 25, 34, 7, 9, 26, 17, 28, 27, 16, 36, 37, 4, 21, 20, 10, 18, 3, 29, 5, 19, 23, 6, 30, 35, 24, 2, 31, 22, 33, 1]",3,1.0,0.5,0.6666666666666666,1.0,1,6,3,3
smd,group1_development,machine-1-7,sarad_official,2,7,13799,13825,"[15, 12, 8, 14, 13, 11, 32, 0, 25, 34, 7, 9, 26, 17, 28, 27, 16, 36, 37, 4, 21, 20, 10, 18, 3, 29, 5, 19, 23, 6, 30, 35, 24, 2, 31, 22, 33, 1]",5,1.0,0.8333333333333334,0.9090909090909091,1.0,1,6,5,5
smd,group1_development,machine-1-7,sarad_official,2,8,15239,15270,"[15, 8, 12, 0, 14, 11, 9, 29, 27, 32, 3, 34, 13, 10, 25, 4, 7, 17, 19, 16, 28, 36, 26, 37, 5, 18, 23, 2, 20, 21, 6, 24, 33, 31, 30, 35, 22, 1]",1,1.0,0.125,0.2222222222222222,1.0,1,8,1,1
smd,group1_development,machine-1-7,sarad_official,2,8,15239,15270,"[15, 8, 12, 0, 14, 11, 9, 29, 27, 32, 3, 34, 13, 10, 25, 4, 7, 17, 19, 16, 28, 36, 26, 37, 5, 18, 23, 2, 20, 21, 6, 24, 33, 31, 30, 35, 22, 1]",3,1.0,0.375,0.5454545454545454,1.0,1,8,3,3
smd,group1_development,machine-1-7,sarad_official,2,8,15239,15270,"[15, 8, 12, 0, 14, 11, 9, 29, 27, 32, 3, 34, 13, 10, 25, 4, 7, 17, 19, 16, 28, 36, 26, 37, 5, 18, 23, 2, 20, 21, 6, 24, 33, 31, 30, 35, 22, 1]",5,1.0,0.625,0.7692307692307693,1.0,1,8,5,5
smd,group1_development,machine-1-7,sarad_official,2,9,15960,15963,"[19, 18, 31, 30, 27, 24, 21, 16, 29, 22, 20, 33, 14, 34, 3, 4, 23, 25, 5, 12, 35, 26, 37, 7, 32, 2, 28, 11, 36, 1, 10, 6, 0, 13, 15, 9, 8, 17]",1,0.0,0.0,0.0,0.0,0,1,1,0
smd,group1_development,machine-1-7,sarad_official,2,9,15960,15963,"[19, 18, 31, 30, 27, 24, 21, 16, 29, 22, 20, 33, 14, 34, 3, 4, 23, 25, 5, 12, 35, 26, 37, 7, 32, 2, 28, 11, 36, 1, 10, 6, 0, 13, 15, 9, 8, 17]",3,0.0,0.0,0.0,0.0,0,1,3,0
smd,group1_development,machine-1-7,sarad_official,2,9,15960,15963,"[19, 18, 31, 30, 27, 24, 21, 16, 29, 22, 20, 33, 14, 34, 3, 4, 23, 25, 5, 12, 35, 26, 37, 7, 32, 2, 28, 11, 36, 1, 10, 6, 0, 13, 15, 9, 8, 17]",5,0.0,0.0,0.0,0.0,0,1,5,0
smd,group1_development,machine-1-7,sarad_official,2,10,18109,18150,"[28, 8, 15, 2, 3, 0, 12, 1, 14, 29, 23, 30, 13, 26, 19, 27, 31, 18, 25, 4, 34, 7, 21, 20, 11, 22, 35, 24, 16, 10, 5, 6, 37, 32, 33, 9, 36, 17]",1,1.0,0.03571428571428571,0.0689655172413793,1.0,1,28,1,1
smd,group1_development,machine-1-7,sarad_official,2,10,18109,18150,"[28, 8, 15, 2, 3, 0, 12, 1, 14, 29, 23, 30, 13, 26, 19, 27, 31, 18, 25, 4, 34, 7, 21, 20, 11, 22, 35, 24, 16, 10, 5, 6, 37, 32, 33, 9, 36, 17]",3,1.0,0.10714285714285714,0.19354838709677416,1.0,1,28,3,3
smd,group1_development,machine-1-7,sarad_official,2,10,18109,18150,"[28, 8, 15, 2, 3, 0, 12, 1, 14, 29, 23, 30, 13, 26, 19, 27, 31, 18, 25, 4, 34, 7, 21, 20, 11, 22, 35, 24, 16, 10, 5, 6, 37, 32, 33, 9, 36, 17]",5,1.0,0.17857142857142858,0.30303030303030304,1.0,1,28,5,5
smd,group1_development,machine-1-7,sarad_official,2,11,19442,19446,"[18, 30, 24, 21, 32, 4, 34, 17, 31, 8, 20, 26, 7, 27, 25, 36, 28, 35, 37, 16, 33, 9, 19, 29, 2, 12, 3, 11, 23, 22, 0, 5, 6, 14, 13, 10, 1, 15]",1,0.0,0.0,0.0,0.0,0,2,1,0
smd,group1_development,machine-1-7,sarad_official,2,11,19442,19446,"[18, 30, 24, 21, 32, 4, 34, 17, 31, 8, 20, 26, 7, 27, 25, 36, 28, 35, 37, 16, 33, 9, 19, 29, 2, 12, 3, 11, 23, 22, 0, 5, 6, 14, 13, 10, 1, 15]",3,0.0,0.0,0.0,0.0,0,2,3,0
smd,group1_development,machine-1-7,sarad_official,2,11,19442,19446,"[18, 30, 24, 21, 32, 4, 34, 17, 31, 8, 20, 26, 7, 27, 25, 36, 28, 35, 37, 16, 33, 9, 19, 29, 2, 12, 3, 11, 23, 22, 0, 5, 6, 14, 13, 10, 1, 15]",5,0.2,0.5,0.28571428571428575,0.23719771276929622,1,2,5,1
smd,group1_development,machine-1-7,sarad_official,2,12,19559,19590,"[15, 8, 12, 14, 11, 0, 29, 13, 32, 25, 3, 18, 34, 10, 7, 27, 4, 9, 2, 17, 16, 37, 36, 26, 28, 21, 20, 19, 23, 6, 5, 1, 35, 31, 24, 30, 33, 22]",1,1.0,0.125,0.2222222222222222,1.0,1,8,1,1
smd,group1_development,machine-1-7,sarad_official,2,12,19559,19590,"[15, 8, 12, 14, 11, 0, 29, 13, 32, 25, 3, 18, 34, 10, 7, 27, 4, 9, 2, 17, 16, 37, 36, 26, 28, 21, 20, 19, 23, 6, 5, 1, 35, 31, 24, 30, 33, 22]",3,1.0,0.375,0.5454545454545454,1.0,1,8,3,3
smd,group1_development,machine-1-7,sarad_official,2,12,19559,19590,"[15, 8, 12, 14, 11, 0, 29, 13, 32, 25, 3, 18, 34, 10, 7, 27, 4, 9, 2, 17, 16, 37, 36, 26, 28, 21, 20, 19, 23, 6, 5, 1, 35, 31, 24, 30, 33, 22]",5,1.0,0.625,0.7692307692307693,1.0,1,8,5,5
smd,group1_development,machine-1-8,sarad_official,2,0,710,1081,"[0, 8, 9, 13, 14, 33, 10, 11, 12, 6, 5, 1, 32, 28, 26, 7, 16, 36, 37, 17, 2, 23, 20, 4, 25, 15, 27, 3, 18, 35, 34, 21, 24, 19, 29, 30, 31, 22]",1,1.0,0.3333333333333333,0.5,1.0,1,3,1,1
smd,group1_development,machine-1-8,sarad_official,2,0,710,1081,"[0, 8, 9, 13, 14, 33, 10, 11, 12, 6, 5, 1, 32, 28, 26, 7, 16, 36, 37, 17, 2, 23, 20, 4, 25, 15, 27, 3, 18, 35, 34, 21, 24, 19, 29, 30, 31, 22]",3,1.0,1.0,1.0,1.0,1,3,3,3
smd,group1_development,machine-1-8,sarad_official,2,0,710,1081,"[0, 8, 9, 13, 14, 33, 10, 11, 12, 6, 5, 1, 32, 28, 26, 7, 16, 36, 37, 17, 2, 23, 20, 4, 25, 15, 27, 3, 18, 35, 34, 21, 24, 19, 29, 30, 31, 22]",5,0.6,1.0,0.7499999999999999,1.0,1,3,5,3
smd,group1_development,machine-1-8,sarad_official,2,1,2105,2171,"[9, 11, 23, 5, 19, 27, 12, 17, 34, 10, 25, 3, 1, 2, 32, 7, 22, 18, 4, 8, 13, 0, 28, 33, 29, 35, 6, 37, 31, 36, 26, 21, 16, 30, 14, 20, 15, 24]",1,1.0,0.2,0.33333333333333337,1.0,1,5,1,1
smd,group1_development,machine-1-8,sarad_official,2,1,2105,2171,"[9, 11, 23, 5, 19, 27, 12, 17, 34, 10, 25, 3, 1, 2, 32, 7, 22, 18, 4, 8, 13, 0, 28, 33, 29, 35, 6, 37, 31, 36, 26, 21, 16, 30, 14, 20, 15, 24]",3,0.6666666666666666,0.4,0.5,0.7653606369886217,1,5,3,2
smd,group1_development,machine-1-8,sarad_official,2,1,2105,2171,"[9, 11, 23, 5, 19, 27, 12, 17, 34, 10, 25, 3, 1, 2, 32, 7, 22, 18, 4, 8, 13, 0, 28, 33, 29, 35, 6, 37, 31, 36, 26, 21, 16, 30, 14, 20, 15, 24]",5,0.4,0.4,0.4000000000000001,0.5531464700081437,1,5,5,2
smd,group1_development,machine-1-8,sarad_official,2,2,2725,2728,"[32, 9, 8, 12, 10, 2, 13, 33, 1, 3, 23, 25, 29, 26, 36, 27, 28, 11, 17, 14, 7, 4, 20, 6, 37, 5, 16, 18, 21, 31, 15, 35, 30, 24, 19, 34, 0, 22]",1,0.0,0.0,0.0,0.0,0,4,1,0
smd,group1_development,machine-1-8,sarad_official,2,2,2725,2728,"[32, 9, 8, 12, 10, 2, 13, 33, 1, 3, 23, 25, 29, 26, 36, 27, 28, 11, 17, 14, 7, 4, 20, 6, 37, 5, 16, 18, 21, 31, 15, 35, 30, 24, 19, 34, 0, 22]",3,0.6666666666666666,0.5,0.5714285714285715,0.5307212739772434,1,4,3,2
smd,group1_development,machine-1-8,sarad_official,2,2,2725,2728,"[32, 9, 8, 12, 10, 2, 13, 33, 1, 3, 23, 25, 29, 26, 36, 27, 28, 11, 17, 14, 7, 4, 20, 6, 37, 5, 16, 18, 21, 31, 15, 35, 30, 24, 19, 34, 0, 22]",5,0.6,0.75,0.6666666666666665,0.6096199500078984,1,4,5,3
smd,group1_development,machine-1-8,sarad_official,2,3,3068,3071,"[8, 12, 31, 32, 1, 13, 2, 33, 20, 3, 0, 37, 21, 26, 4, 16, 28, 7, 27, 14, 36, 11, 17, 18, 10, 29, 34, 23, 6, 30, 9, 25, 5, 24, 35, 19, 22, 15]",1,1.0,0.25,0.4,1.0,1,4,1,1
smd,group1_development,machine-1-8,sarad_official,2,3,3068,3071,"[8, 12, 31, 32, 1, 13, 2, 33, 20, 3, 0, 37, 21, 26, 4, 16, 28, 7, 27, 14, 36, 11, 17, 18, 10, 29, 34, 23, 6, 30, 9, 25, 5, 24, 35, 19, 22, 15]",3,0.6666666666666666,0.5,0.5714285714285715,0.7653606369886217,1,4,3,2
smd,group1_development,machine-1-8,sarad_official,2,3,3068,3071,"[8, 12, 31, 32, 1, 13, 2, 33, 20, 3, 0, 37, 21, 26, 4, 16, 28, 7, 27, 14, 36, 11, 17, 18, 10, 29, 34, 23, 6, 30, 9, 25, 5, 24, 35, 19, 22, 15]",5,0.4,0.5,0.4444444444444445,0.6366824387328317,1,4,5,2
smd,group1_development,machine-1-8,sarad_official,2,4,3594,3598,"[12, 8, 32, 13, 33, 1, 2, 10, 9, 14, 6, 16, 28, 36, 15, 26, 37, 7, 5, 17, 25, 34, 18, 3, 11, 4, 23, 20, 27, 21, 24, 35, 29, 0, 30, 19, 31, 22]",1,1.0,0.2,0.33333333333333337,1.0,1,5,1,1
smd,group1_development,machine-1-8,sarad_official,2,4,3594,3598,"[12, 8, 32, 13, 33, 1, 2, 10, 9, 14, 6, 16, 28, 36, 15, 26, 37, 7, 5, 17, 25, 34, 18, 3, 11, 4, 23, 20, 27, 21, 24, 35, 29, 0, 30, 19, 31, 22]",3,0.6666666666666666,0.4,0.5,0.7653606369886217,1,5,3,2
smd,group1_development,machine-1-8,sarad_official,2,4,3594,3598,"[12, 8, 32, 13, 33, 1, 2, 10, 9, 14, 6, 16, 28, 36, 15, 26, 37, 7, 5, 17, 25, 34, 18, 3, 11, 4, 23, 20, 27, 21, 24, 35, 29, 0, 30, 19, 31, 22]",5,0.6,0.6,0.6,0.6992148198508501,1,5,5,3
smd,group1_development,machine-1-8,sarad_official,2,5,4589,4599,"[27, 20, 21, 34, 32, 10, 2, 6, 13, 15, 1, 31, 23, 33, 29, 25, 5, 18, 12, 35, 3, 26, 30, 4, 28, 22, 16, 37, 7, 19, 17, 36, 14, 0, 24, 11, 9, 8]",1,0.0,0.0,0.0,0.0,0,4,1,0
smd,group1_development,machine-1-8,sarad_official,2,5,4589,4599,"[27, 20, 21, 34, 32, 10, 2, 6, 13, 15, 1, 31, 23, 33, 29, 25, 5, 18, 12, 35, 3, 26, 30, 4, 28, 22, 16, 37, 7, 19, 17, 36, 14, 0, 24, 11, 9, 8]",3,0.0,0.0,0.0,0.0,0,4,3,0
smd,group1_development,machine-1-8,sarad_official,2,5,4589,4599,"[27, 20, 21, 34, 32, 10, 2, 6, 13, 15, 1, 31, 23, 33, 29, 25, 5, 18, 12, 35, 3, 26, 30, 4, 28, 22, 16, 37, 7, 19, 17, 36, 14, 0, 24, 11, 9, 8]",5,0.0,0.0,0.0,0.0,0,4,5,0
smd,group1_development,machine-1-8,sarad_official,2,6,7100,7104,"[10, 1, 15, 32, 6, 5, 2, 7, 29, 23, 25, 3, 18, 37, 28, 26, 16, 36, 17, 9, 4, 20, 27, 8, 35, 12, 24, 34, 22, 19, 0, 21, 33, 11, 30, 14, 31, 13]",1,1.0,0.25,0.4,1.0,1,4,1,1
smd,group1_development,machine-1-8,sarad_official,2,6,7100,7104,"[10, 1, 15, 32, 6, 5, 2, 7, 29, 23, 25, 3, 18, 37, 28, 26, 16, 36, 17, 9, 4, 20, 27, 8, 35, 12, 24, 34, 22, 19, 0, 21, 33, 11, 30, 14, 31, 13]",3,0.6666666666666666,0.5,0.5714285714285715,0.7039180890341347,1,4,3,2
smd,group1_development,machine-1-8,sarad_official,2,6,7100,7104,"[10, 1, 15, 32, 6, 5, 2, 7, 29, 23, 25, 3, 18, 37, 28, 26, 16, 36, 17, 9, 4, 20, 27, 8, 35, 12, 24, 34, 22, 19, 0, 21, 33, 11, 30, 14, 31, 13]",5,0.6,0.75,0.6666666666666665,0.7365896932159578,1,4,5,3
smd,group1_development,machine-1-8,sarad_official,2,7,7474,7477,"[27, 32, 21, 10, 20, 34, 2, 3, 1, 6, 23, 18, 35, 31, 25, 29, 19, 30, 5, 15, 26, 4, 7, 17, 16, 28, 37, 22, 36, 0, 24, 12, 11, 33, 9, 8, 14, 13]",1,0.0,0.0,0.0,0.0,0,4,1,0
smd,group1_development,machine-1-8,sarad_official,2,7,7474,7477,"[27, 32, 21, 10, 20, 34, 2, 3, 1, 6, 23, 18, 35, 31, 25, 29, 19, 30, 5, 15, 26, 4, 7, 17, 16, 28, 37, 22, 36, 0, 24, 12, 11, 33, 9, 8, 14, 13]",3,0.0,0.0,0.0,0.0,0,4,3,0
smd,group1_development,machine-1-8,sarad_official,2,7,7474,7477,"[27, 32, 21, 10, 20, 34, 2, 3, 1, 6, 23, 18, 35, 31, 25, 29, 19, 30, 5, 15, 26, 4, 7, 17, 16, 28, 37, 22, 36, 0, 24, 12, 11, 33, 9, 8, 14, 13]",5,0.2,0.25,0.22222222222222224,0.16812753627111746,1,4,5,1
smd,group1_development,machine-1-8,sarad_official,2,8,8317,8320,"[8, 14, 31, 10, 23, 1, 6, 25, 32, 26, 36, 3, 28, 11, 7, 16, 5, 2, 17, 37, 15, 4, 35, 20, 18, 12, 9, 34, 21, 24, 29, 0, 30, 33, 19, 27, 13, 22]",1,1.0,0.5,0.6666666666666666,1.0,1,2,1,1
smd,group1_development,machine-1-8,sarad_official,2,8,8317,8320,"[8, 14, 31, 10, 23, 1, 6, 25, 32, 26, 36, 3, 28, 11, 7, 16, 5, 2, 17, 37, 15, 4, 35, 20, 18, 12, 9, 34, 21, 24, 29, 0, 30, 33, 19, 27, 13, 22]",3,0.6666666666666666,1.0,0.8,1.0,1,2,3,2
smd,group1_development,machine-1-8,sarad_official,2,8,8317,8320,"[8, 14, 31, 10, 23, 1, 6, 25, 32, 26, 36, 3, 28, 11, 7, 16, 5, 2, 17, 37, 15, 4, 35, 20, 18, 12, 9, 34, 21, 24, 29, 0, 30, 33, 19, 27, 13, 22]",5,0.4,1.0,0.5714285714285715,1.0,1,2,5,2
smd,group1_development,machine-1-8,sarad_official,2,9,8657,8660,"[11, 14, 9, 12, 10, 32, 17, 36, 26, 16, 4, 1, 28, 7, 8, 23, 37, 2, 18, 35, 27, 25, 19, 20, 31, 30, 24, 29, 6, 15, 0, 3, 5, 21, 33, 34, 22, 13]",1,0.0,0.0,0.0,0.0,0,4,1,0
smd,group1_development,machine-1-8,sarad_official,2,9,8657,8660,"[11, 14, 9, 12, 10, 32, 17, 36, 26, 16, 4, 1, 28, 7, 8, 23, 37, 2, 18, 35, 27, 25, 19, 20, 31, 30, 24, 29, 6, 15, 0, 3, 5, 21, 33, 34, 22, 13]",3,0.3333333333333333,0.25,0.28571428571428575,0.23463936301137822,1,4,3,1
smd,group1_development,machine-1-8,sarad_official,2,9,8657,8660,"[11, 14, 9, 12, 10, 32, 17, 36, 26, 16, 4, 1, 28, 7, 8, 23, 37, 2, 18, 35, 27, 25, 19, 20, 31, 30, 24, 29, 6, 15, 0, 3, 5, 21, 33, 34, 22, 13]",5,0.6,0.75,0.6666666666666665,0.5143371794949736,1,4,5,3
smd,group1_development,machine-1-8,sarad_official,2,10,8912,8916,"[13, 9, 27, 34, 21, 20, 10, 32, 18, 1, 2, 29, 3, 35, 23, 31, 30, 12, 28, 19, 6, 16, 4, 15, 26, 25, 7, 0, 36, 17, 37, 8, 5, 24, 22, 33, 11, 14]",1,0.0,0.0,0.0,0.0,0,3,1,0
smd,group1_development,machine-1-8,sarad_official,2,10,8912,8916,"[13, 9, 27, 34, 21, 20, 10, 32, 18, 1, 2, 29, 3, 35, 23, 31, 30, 12, 28, 19, 6, 16, 4, 15, 26, 25, 7, 0, 36, 17, 37, 8, 5, 24, 22, 33, 11, 14]",3,0.3333333333333333,0.3333333333333333,0.3333333333333333,0.2960819109658652,1,3,3,1
smd,group1_development,machine-1-8,sarad_official,2,10,8912,8916,"[13, 9, 27, 34, 21, 20, 10, 32, 18, 1, 2, 29, 3, 35, 23, 31, 30, 12, 28, 19, 6, 16, 4, 15, 26, 25, 7, 0, 36, 17, 37, 8, 5, 24, 22, 33, 11, 14]",5,0.2,0.3333333333333333,0.25,0.2960819109658652,1,3,5,1
smd,group1_development,machine-1-8,sarad_official,2,11,9075,9078,"[13, 12, 32, 1, 10, 37, 26, 28, 16, 36, 2, 7, 17, 8, 23, 20, 6, 25, 15, 9, 29, 18, 4, 14, 3, 21, 33, 5, 24, 11, 0, 35, 30, 19, 34, 27, 31, 22]",1,1.0,0.5,0.6666666666666666,1.0,1,2,1,1
smd,group1_development,machine-1-8,sarad_official,2,11,9075,9078,"[13, 12, 32, 1, 10, 37, 26, 28, 16, 36, 2, 7, 17, 8, 23, 20, 6, 25, 15, 9, 29, 18, 4, 14, 3, 21, 33, 5, 24, 11, 0, 35, 30, 19, 34, 27, 31, 22]",3,0.3333333333333333,0.5,0.4,0.6131471927654584,1,2,3,1
smd,group1_development,machine-1-8,sarad_official,2,11,9075,9078,"[13, 12, 32, 1, 10, 37, 26, 28, 16, 36, 2, 7, 17, 8, 23, 20, 6, 25, 15, 9, 29, 18, 4, 14, 3, 21, 33, 5, 24, 11, 0, 35, 30, 19, 34, 27, 31, 22]",5,0.2,0.5,0.28571428571428575,0.6131471927654584,1,2,5,1
smd,group1_development,machine-1-8,sarad_official,2,12,12800,12816,"[13, 12, 32, 3, 10, 2, 15, 1, 6, 18, 8, 29, 37, 16, 28, 14, 26, 36, 27, 7, 23, 4, 20, 25, 17, 5, 33, 9, 21, 19, 35, 11, 31, 30, 24, 34, 0, 22]",1,1.0,0.5,0.6666666666666666,1.0,1,2,1,1
smd,group1_development,machine-1-8,sarad_official,2,12,12800,12816,"[13, 12, 32, 3, 10, 2, 15, 1, 6, 18, 8, 29, 37, 16, 28, 14, 26, 36, 27, 7, 23, 4, 20, 25, 17, 5, 33, 9, 21, 19, 35, 11, 31, 30, 24, 34, 0, 22]",3,0.3333333333333333,0.5,0.4,0.6131471927654584,1,2,3,1
smd,group1_development,machine-1-8,sarad_official,2,12,12800,12816,"[13, 12, 32, 3, 10, 2, 15, 1, 6, 18, 8, 29, 37, 16, 28, 14, 26, 36, 27, 7, 23, 4, 20, 25, 17, 5, 33, 9, 21, 19, 35, 11, 31, 30, 24, 34, 0, 22]",5,0.2,0.5,0.28571428571428575,0.6131471927654584,1,2,5,1
smd,group1_development,machine-1-8,sarad_official,2,13,15640,15756,"[2, 1, 3, 13, 0, 6, 32, 12, 10, 23, 15, 5, 27, 20, 21, 25, 18, 31, 29, 4, 37, 11, 7, 22, 34, 26, 19, 8, 16, 9, 36, 28, 35, 14, 17, 33, 30, 24]",1,1.0,0.1111111111111111,0.19999999999999998,1.0,1,9,1,1
smd,group1_development,machine-1-8,sarad_official,2,13,15640,15756,"[2, 1, 3, 13, 0, 6, 32, 12, 10, 23, 15, 5, 27, 20, 21, 25, 18, 31, 29, 4, 37, 11, 7, 22, 34, 26, 19, 8, 16, 9, 36, 28, 35, 14, 17, 33, 30, 24]",3,1.0,0.3333333333333333,0.5,1.0,1,9,3,3
smd,group1_development,machine-1-8,sarad_official,2,13,15640,15756,"[2, 1, 3, 13, 0, 6, 32, 12, 10, 23, 15, 5, 27, 20, 21, 25, 18, 31, 29, 4, 37, 11, 7, 22, 34, 26, 19, 8, 16, 9, 36, 28, 35, 14, 17, 33, 30, 24]",5,1.0,0.5555555555555556,0.7142857142857143,1.0,1,9,5,5
smd,group1_development,machine-1-8,sarad_official,2,14,17117,17121,"[32, 10, 1, 23, 25, 2, 6, 15, 29, 3, 27, 5, 7, 26, 37, 28, 4, 16, 36, 17, 20, 18, 35, 34, 12, 33, 9, 8, 21, 22, 14, 19, 0, 24, 31, 11, 30, 13]",1,0.0,0.0,0.0,0.0,0,4,1,0
smd,group1_development,machine-1-8,sarad_official,2,14,17117,17121,"[32, 10, 1, 23, 25, 2, 6, 15, 29, 3, 27, 5, 7, 26, 37, 28, 4, 16, 36, 17, 20, 18, 35, 34, 12, 33, 9, 8, 21, 22, 14, 19, 0, 24, 31, 11, 30, 13]",3,0.3333333333333333,0.25,0.28571428571428575,0.2960819109658652,1,4,3,1
smd,group1_development,machine-1-8,sarad_official,2,14,17117,17121,"[32, 10, 1, 23, 25, 2, 6, 15, 29, 3, 27, 5, 7, 26, 37, 28, 4, 16, 36, 17, 20, 18, 35, 34, 12, 33, 9, 8, 21, 22, 14, 19, 0, 24, 31, 11, 30, 13]",5,0.2,0.25,0.22222222222222224,0.24630238874073,1,4,5,1
smd,group1_development,machine-1-8,sarad_official,2,15,17168,17172,"[13, 12, 32, 10, 6, 14, 15, 2, 25, 23, 5, 1, 29, 3, 11, 28, 21, 16, 26, 36, 18, 37, 9, 7, 4, 22, 8, 17, 20, 31, 33, 0, 27, 35, 19, 24, 34, 30]",1,1.0,0.5,0.6666666666666666,1.0,1,2,1,1
smd,group1_development,machine-1-8,sarad_official,2,15,17168,17172,"[13, 12, 32, 10, 6, 14, 15, 2, 25, 23, 5, 1, 29, 3, 11, 28, 21, 16, 26, 36, 18, 37, 9, 7, 4, 22, 8, 17, 20, 31, 33, 0, 27, 35, 19, 24, 34, 30]",3,0.3333333333333333,0.5,0.4,0.6131471927654584,1,2,3,1
smd,group1_development,machine-1-8,sarad_official,2,15,17168,17172,"[13, 12, 32, 10, 6, 14, 15, 2, 25, 23, 5, 1, 29, 3, 11, 28, 21, 16, 26, 36, 18, 37, 9, 7, 4, 22, 8, 17, 20, 31, 33, 0, 27, 35, 19, 24, 34, 30]",5,0.2,0.5,0.28571428571428575,0.6131471927654584,1,2,5,1
smd,group1_development,machine-1-8,sarad_official,2,16,18600,18683,"[2, 1, 0, 23, 25, 3, 29, 19, 18, 22, 15, 32, 6, 10, 5, 21, 27, 31, 20, 24, 34, 7, 11, 17, 26, 28, 30, 16, 4, 35, 37, 36, 12, 9, 14, 33, 8, 13]",1,1.0,0.05,0.09523809523809523,1.0,1,20,1,1
smd,group1_development,machine-1-8,sarad_official,2,16,18600,18683,"[2, 1, 0, 23, 25, 3, 29, 19, 18, 22, 15, 32, 6, 10, 5, 21, 27, 31, 20, 24, 34, 7, 11, 17, 26, 28, 30, 16, 4, 35, 37, 36, 12, 9, 14, 33, 8, 13]",3,1.0,0.15,0.2608695652173913,1.0,1,20,3,3
smd,group1_development,machine-1-8,sarad_official,2,16,18600,18683,"[2, 1, 0, 23, 25, 3, 29, 19, 18, 22, 15, 32, 6, 10, 5, 21, 27, 31, 20, 24, 34, 7, 11, 17, 26, 28, 30, 16, 4, 35, 37, 36, 12, 9, 14, 33, 8, 13]",5,1.0,0.25,0.4,1.0,1,20,5,5
smd,group1_development,machine-1-8,sarad_official,2,17,19579,19583,"[11, 12, 14, 10, 32, 6, 5, 15, 26, 1, 28, 16, 37, 7, 36, 2, 17, 8, 25, 20, 9, 27, 4, 34, 3, 35, 18, 23, 24, 21, 29, 0, 33, 30, 19, 31, 22, 13]",1,0.0,0.0,0.0,0.0,0,21,1,0
smd,group1_development,machine-1-8,sarad_official,2,17,19579,19583,"[11, 12, 14, 10, 32, 6, 5, 15, 26, 1, 28, 16, 37, 7, 36, 2, 17, 8, 25, 20, 9, 27, 4, 34, 3, 35, 18, 23, 24, 21, 29, 0, 33, 30, 19, 31, 22, 13]",3,0.0,0.0,0.0,0.0,0,21,3,0
smd,group1_development,machine-1-8,sarad_official,2,17,19579,19583,"[11, 12, 14, 10, 32, 6, 5, 15, 26, 1, 28, 16, 37, 7, 36, 2, 17, 8, 25, 20, 9, 27, 4, 34, 3, 35, 18, 23, 24, 21, 29, 0, 33, 30, 19, 31, 22, 13]",5,0.2,0.047619047619047616,0.07692307692307693,0.14606834984270645,1,21,5,1
smd,group1_development,machine-1-8,sarad_official,2,18,18890,18946,"[1, 19, 2, 22, 21, 27, 0, 24, 31, 29, 18, 30, 3, 20, 32, 9, 34, 25, 10, 23, 35, 17, 16, 7, 5, 26, 6, 37, 11, 28, 4, 36, 15, 12, 33, 8, 14, 13]",1,0.0,0.0,0.0,0.0,0,2,1,0
smd,group1_development,machine-1-8,sarad_official,2,18,18890,18946,"[1, 19, 2, 22, 21, 27, 0, 24, 31, 29, 18, 30, 3, 20, 32, 9, 34, 25, 10, 23, 35, 17, 16, 7, 5, 26, 6, 37, 11, 28, 4, 36, 15, 12, 33, 8, 14, 13]",3,0.0,0.0,0.0,0.0,0,2,3,0
smd,group1_development,machine-1-8,sarad_official,2,18,18890,18946,"[1, 19, 2, 22, 21, 27, 0, 24, 31, 29, 18, 30, 3, 20, 32, 9, 34, 25, 10, 23, 35, 17, 16, 7, 5, 26, 6, 37, 11, 28, 4, 36, 15, 12, 33, 8, 14, 13]",5,0.0,0.0,0.0,0.0,0,2,5,0
smd,group1_development,machine-1-8,sarad_official,2,19,22899,22902,"[12, 13, 32, 29, 8, 2, 10, 18, 1, 37, 6, 28, 16, 4, 26, 36, 7, 14, 9, 23, 15, 17, 25, 3, 20, 21, 11, 33, 27, 5, 19, 35, 30, 31, 34, 24, 22, 0]",1,0.0,0.0,0.0,0.0,0,2,1,0
smd,group1_development,machine-1-8,sarad_official,2,19,22899,22902,"[12, 13, 32, 29, 8, 2, 10, 18, 1, 37, 6, 28, 16, 4, 26, 36, 7, 14, 9, 23, 15, 17, 25, 3, 20, 21, 11, 33, 27, 5, 19, 35, 30, 31, 34, 24, 22, 0]",3,0.3333333333333333,0.5,0.4,0.38685280723454163,1,2,3,1
smd,group1_development,machine-1-8,sarad_official,2,19,22899,22902,"[12, 13, 32, 29, 8, 2, 10, 18, 1, 37, 6, 28, 16, 4, 26, 36, 7, 14, 9, 23, 15, 17, 25, 3, 20, 21, 11, 33, 27, 5, 19, 35, 30, 31, 34, 24, 22, 0]",5,0.4,1.0,0.5714285714285715,0.6240505200038379,1,2,5,2
smd,group23_evaluation,machine-2-1,sarad_official,2,0,6506,6528,"[31, 8, 22, 24, 12, 10, 9, 35, 34, 18, 19, 13, 0, 15, 20, 21, 27, 30, 23, 6, 11, 36, 28, 3, 33, 7, 17, 26, 29, 25, 4, 32, 14, 5, 16, 2, 37, 1]",1,1.0,0.2,0.33333333333333337,1.0,1,5,1,1
smd,group23_evaluation,machine-2-1,sarad_official,2,0,6506,6528,"[31, 8, 22, 24, 12, 10, 9, 35, 34, 18, 19, 13, 0, 15, 20, 21, 27, 30, 23, 6, 11, 36, 28, 3, 33, 7, 17, 26, 29, 25, 4, 32, 14, 5, 16, 2, 37, 1]",3,0.6666666666666666,0.4,0.5,0.7039180890341347,1,5,3,2
smd,group23_evaluation,machine-2-1,sarad_official,2,0,6506,6528,"[31, 8, 22, 24, 12, 10, 9, 35, 34, 18, 19, 13, 0, 15, 20, 21, 27, 30, 23, 6, 11, 36, 28, 3, 33, 7, 17, 26, 29, 25, 4, 32, 14, 5, 16, 2, 37, 1]",5,0.6,0.6,0.6,0.6548086577531307,1,5,5,3
smd,group23_evaluation,machine-2-1,sarad_official,2,1,7907,7961,"[31, 4, 22, 24, 35, 18, 13, 34, 8, 19, 15, 20, 27, 30, 21, 0, 6, 29, 5, 3, 11, 12, 37, 7, 9, 33, 23, 28, 26, 16, 17, 36, 25, 10, 2, 14, 32, 1]",1,1.0,0.2,0.33333333333333337,1.0,1,5,1,1
smd,group23_evaluation,machine-2-1,sarad_official,2,1,7907,7961,"[31, 4, 22, 24, 35, 18, 13, 34, 8, 19, 15, 20, 27, 30, 21, 0, 6, 29, 5, 3, 11, 12, 37, 7, 9, 33, 23, 28, 26, 16, 17, 36, 25, 10, 2, 14, 32, 1]",3,0.3333333333333333,0.2,0.25,0.46927872602275644,1,5,3,1
smd,group23_evaluation,machine-2-1,sarad_official,2,1,7907,7961,"[31, 4, 22, 24, 35, 18, 13, 34, 8, 19, 15, 20, 27, 30, 21, 0, 6, 29, 5, 3, 11, 12, 37, 7, 9, 33, 23, 28, 26, 16, 17, 36, 25, 10, 2, 14, 32, 1]",5,0.2,0.2,0.20000000000000004,0.3391602052736161,1,5,5,1
smd,group23_evaluation,machine-2-1,sarad_official,2,2,9340,9386,"[31, 32, 33, 22, 27, 6, 4, 35, 34, 5, 30, 18, 13, 0, 19, 20, 24, 21, 11, 15, 3, 14, 37, 28, 17, 12, 26, 9, 16, 29, 7, 36, 8, 2, 23, 25, 10, 1]",1,1.0,0.14285714285714285,0.25,1.0,1,7,1,1
smd,group23_evaluation,machine-2-1,sarad_official,2,2,9340,9386,"[31, 32, 33, 22, 27, 6, 4, 35, 34, 5, 30, 18, 13, 0, 19, 20, 24, 21, 11, 15, 3, 14, 37, 28, 17, 12, 26, 9, 16, 29, 7, 36, 8, 2, 23, 25, 10, 1]",3,1.0,0.42857142857142855,0.6,1.0,1,7,3,3
smd,group23_evaluation,machine-2-1,sarad_official,2,2,9340,9386,"[31, 32, 33, 22, 27, 6, 4, 35, 34, 5, 30, 18, 13, 0, 19, 20, 24, 21, 11, 15, 3, 14, 37, 28, 17, 12, 26, 9, 16, 29, 7, 36, 8, 2, 23, 25, 10, 1]",5,0.6,0.42857142857142855,0.5,0.7227265726449519,1,7,5,3
smd,group23_evaluation,machine-2-1,sarad_official,2,3,9779,9805,"[32, 33, 27, 3, 6, 24, 13, 5, 31, 37, 4, 18, 30, 0, 34, 35, 22, 15, 21, 20, 23, 25, 17, 19, 28, 9, 26, 36, 12, 7, 16, 29, 11, 2, 8, 14, 10, 1]",1,1.0,0.3333333333333333,0.5,1.0,1,3,1,1
smd,group23_evaluation,machine-2-1,sarad_official,2,3,9779,9805,"[32, 33, 27, 3, 6, 24, 13, 5, 31, 37, 4, 18, 30, 0, 34, 35, 22, 15, 21, 20, 23, 25, 17, 19, 28, 9, 26, 36, 12, 7, 16, 29, 11, 2, 8, 14, 10, 1]",3,0.6666666666666666,0.6666666666666666,0.6666666666666666,0.7653606369886217,1,3,3,2
smd,group23_evaluation,machine-2-1,sarad_official,2,3,9779,9805,"[32, 33, 27, 3, 6, 24, 13, 5, 31, 37, 4, 18, 30, 0, 34, 35, 22, 15, 21, 20, 23, 25, 17, 19, 28, 9, 26, 36, 12, 7, 16, 29, 11, 2, 8, 14, 10, 1]",5,0.4,0.6666666666666666,0.5,0.7653606369886217,1,3,5,2
smd,group23_evaluation,machine-2-1,sarad_official,2,4,12173,12181,"[18, 6, 20, 5, 19, 13, 4, 27, 21, 29, 15, 25, 31, 0, 23, 30, 24, 14, 35, 28, 37, 26, 16, 7, 33, 36, 34, 17, 3, 11, 12, 22, 2, 9, 32, 8, 10, 1]",1,1.0,0.2,0.33333333333333337,1.0,1,5,1,1
smd,group23_evaluation,machine-2-1,sarad_official,2,4,12173,12181,"[18, 6, 20, 5, 19, 13, 4, 27, 21, 29, 15, 25, 31, 0, 23, 30, 24, 14, 35, 28, 37, 26, 16, 7, 33, 36, 34, 17, 3, 11, 12, 22, 2, 9, 32, 8, 10, 1]",3,0.6666666666666666,0.4,0.5,0.7039180890341347,1,5,3,2
smd,group23_evaluation,machine-2-1,sarad_official,2,4,12173,12181,"[18, 6, 20, 5, 19, 13, 4, 27, 21, 29, 15, 25, 31, 0, 23, 30, 24, 14, 35, 28, 37, 26, 16, 7, 33, 36, 34, 17, 3, 11, 12, 22, 2, 9, 32, 8, 10, 1]",5,0.6,0.6,0.6,0.639945385422766,1,5,5,3
smd,group23_evaluation,machine-2-1,sarad_official,2,5,16136,16588,"[25, 23, 16, 4, 18, 6, 31, 5, 27, 13, 30, 0, 20, 21, 15, 17, 19, 34, 24, 35, 8, 22, 7, 14, 12, 9, 11, 37, 32, 36, 26, 33, 28, 3, 29, 2, 10, 1]",1,1.0,0.25,0.4,1.0,1,4,1,1
smd,group23_evaluation,machine-2-1,sarad_official,2,5,16136,16588,"[25, 23, 16, 4, 18, 6, 31, 5, 27, 13, 30, 0, 20, 21, 15, 17, 19, 34, 24, 35, 8, 22, 7, 14, 12, 9, 11, 37, 32, 36, 26, 33, 28, 3, 29, 2, 10, 1]",3,0.6666666666666666,0.5,0.5714285714285715,0.7653606369886217,1,4,3,2
smd,group23_evaluation,machine-2-1,sarad_official,2,5,16136,16588,"[25, 23, 16, 4, 18, 6, 31, 5, 27, 13, 30, 0, 20, 21, 15, 17, 19, 34, 24, 35, 8, 22, 7, 14, 12, 9, 11, 37, 32, 36, 26, 33, 28, 3, 29, 2, 10, 1]",5,0.4,0.5,0.4444444444444445,0.6366824387328317,1,4,5,2
smd,group23_evaluation,machine-2-1,sarad_official,2,6,17365,17382,"[17, 15, 3, 13, 27, 18, 29, 2, 19, 25, 0, 4, 7, 21, 23, 30, 31, 24, 1, 34, 20, 26, 5, 22, 6, 35, 32, 37, 14, 28, 33, 36, 9, 10, 12, 8, 16, 11]",1,1.0,0.09090909090909091,0.16666666666666669,1.0,1,11,1,1
smd,group23_evaluation,machine-2-1,sarad_official,2,6,17365,17382,"[17, 15, 3, 13, 27, 18, 29, 2, 19, 25, 0, 4, 7, 21, 23, 30, 31, 24, 1, 34, 20, 26, 5, 22, 6, 35, 32, 37, 14, 28, 33, 36, 9, 10, 12, 8, 16, 11]",3,1.0,0.2727272727272727,0.42857142857142855,1.0,1,11,3,3
smd,group23_evaluation,machine-2-1,sarad_official,2,6,17365,17382,"[17, 15, 3, 13, 27, 18, 29, 2, 19, 25, 0, 4, 7, 21, 23, 30, 31, 24, 1, 34, 20, 26, 5, 22, 6, 35, 32, 37, 14, 28, 33, 36, 9, 10, 12, 8, 16, 11]",5,0.8,0.36363636363636365,0.5000000000000001,0.8687949224876582,1,11,5,4
smd,group23_evaluation,machine-2-1,sarad_official,2,7,17995,18028,"[4, 31, 9, 32, 13, 34, 6, 15, 24, 35, 5, 8, 22, 30, 18, 27, 20, 0, 10, 14, 21, 7, 12, 37, 19, 33, 11, 29, 26, 28, 36, 17, 16, 3, 23, 25, 2, 1]",1,0.0,0.0,0.0,0.0,0,5,1,0
smd,group23_evaluation,machine-2-1,sarad_official,2,7,17995,18028,"[4, 31, 9, 32, 13, 34, 6, 15, 24, 35, 5, 8, 22, 30, 18, 27, 20, 0, 10, 14, 21, 7, 12, 37, 19, 33, 11, 29, 26, 28, 36, 17, 16, 3, 23, 25, 2, 1]",3,0.3333333333333333,0.2,0.25,0.23463936301137822,1,5,3,1
smd,group23_evaluation,machine-2-1,sarad_official,2,7,17995,18028,"[4, 31, 9, 32, 13, 34, 6, 15, 24, 35, 5, 8, 22, 30, 18, 27, 20, 0, 10, 14, 21, 7, 12, 37, 19, 33, 11, 29, 26, 28, 36, 17, 16, 3, 23, 25, 2, 1]",5,0.2,0.2,0.20000000000000004,0.16958010263680806,1,5,5,1
smd,group23_evaluation,machine-2-1,sarad_official,2,8,18575,18650,"[32, 33, 18, 0, 4, 27, 34, 20, 29, 25, 21, 19, 30, 23, 6, 35, 22, 24, 31, 5, 13, 3, 14, 15, 28, 37, 26, 7, 16, 36, 2, 11, 17, 8, 12, 9, 1, 10]",1,0.0,0.0,0.0,0.0,0,5,1,0
smd,group23_evaluation,machine-2-1,sarad_official,2,8,18575,18650,"[32, 33, 18, 0, 4, 27, 34, 20, 29, 25, 21, 19, 30, 23, 6, 35, 22, 24, 31, 5, 13, 3, 14, 15, 28, 37, 26, 7, 16, 36, 2, 11, 17, 8, 12, 9, 1, 10]",3,0.3333333333333333,0.2,0.25,0.23463936301137822,1,5,3,1
smd,group23_evaluation,machine-2-1,sarad_official,2,8,18575,18650,"[32, 33, 18, 0, 4, 27, 34, 20, 29, 25, 21, 19, 30, 23, 6, 35, 22, 24, 31, 5, 13, 3, 14, 15, 28, 37, 26, 7, 16, 36, 2, 11, 17, 8, 12, 9, 1, 10]",5,0.4,0.4,0.4000000000000001,0.3156484524795145,1,5,5,2
smd,group23_evaluation,machine-2-1,sarad_official,2,9,20020,20036,"[4, 17, 23, 27, 18, 25, 29, 0, 30, 7, 6, 34, 21, 3, 5, 31, 19, 32, 36, 1, 20, 16, 11, 12, 9, 24, 2, 22, 35, 13, 26, 33, 10, 15, 28, 37, 14, 8]",1,0.0,0.0,0.0,0.0,0,3,1,0
smd,group23_evaluation,machine-2-1,sarad_official,2,9,20020,20036,"[4, 17, 23, 27, 18, 25, 29, 0, 30, 7, 6, 34, 21, 3, 5, 31, 19, 32, 36, 1, 20, 16, 11, 12, 9, 24, 2, 22, 35, 13, 26, 33, 10, 15, 28, 37, 14, 8]",3,0.0,0.0,0.0,0.0,0,3,3,0
smd,group23_evaluation,machine-2-1,sarad_official,2,9,20020,20036,"[4, 17, 23, 27, 18, 25, 29, 0, 30, 7, 6, 34, 21, 3, 5, 31, 19, 32, 36, 1, 20, 16, 11, 12, 9, 24, 2, 22, 35, 13, 26, 33, 10, 15, 28, 37, 14, 8]",5,0.0,0.0,0.0,0.0,0,3,5,0
smd,group23_evaluation,machine-2-1,sarad_official,2,10,20891,20912,"[31, 4, 10, 9, 8, 22, 18, 24, 35, 6, 34, 13, 5, 15, 19, 20, 27, 30, 11, 33, 21, 12, 0, 7, 29, 3, 37, 17, 28, 14, 36, 16, 26, 23, 2, 25, 32, 1]",1,0.0,0.0,0.0,0.0,0,2,1,0
smd,group23_evaluation,machine-2-1,sarad_official,2,10,20891,20912,"[31, 4, 10, 9, 8, 22, 18, 24, 35, 6, 34, 13, 5, 15, 19, 20, 27, 30, 11, 33, 21, 12, 0, 7, 29, 3, 37, 17, 28, 14, 36, 16, 26, 23, 2, 25, 32, 1]",3,0.0,0.0,0.0,0.0,0,2,3,0
smd,group23_evaluation,machine-2-1,sarad_official,2,10,20891,20912,"[31, 4, 10, 9, 8, 22, 18, 24, 35, 6, 34, 13, 5, 15, 19, 20, 27, 30, 11, 33, 21, 12, 0, 7, 29, 3, 37, 17, 28, 14, 36, 16, 26, 23, 2, 25, 32, 1]",5,0.2,0.5,0.28571428571428575,0.2640681225725909,1,2,5,1
smd,group23_evaluation,machine-2-1,sarad_official,2,11,20340,20352,"[4, 0, 27, 30, 19, 6, 34, 24, 21, 18, 35, 31, 22, 5, 20, 13, 25, 23, 3, 7, 33, 2, 11, 37, 26, 28, 17, 15, 16, 29, 36, 12, 14, 9, 32, 8, 1, 10]",1,0.0,0.0,0.0,0.0,0,5,1,0
smd,group23_evaluation,machine-2-1,sarad_official,2,11,20340,20352,"[4, 0, 27, 30, 19, 6, 34, 24, 21, 18, 35, 31, 22, 5, 20, 13, 25, 23, 3, 7, 33, 2, 11, 37, 26, 28, 17, 15, 16, 29, 36, 12, 14, 9, 32, 8, 1, 10]",3,0.0,0.0,0.0,0.0,0,5,3,0
smd,group23_evaluation,machine-2-1,sarad_official,2,11,20340,20352,"[4, 0, 27, 30, 19, 6, 34, 24, 21, 18, 35, 31, 22, 5, 20, 13, 25, 23, 3, 7, 33, 2, 11, 37, 26, 28, 17, 15, 16, 29, 36, 12, 14, 9, 32, 8, 1, 10]",5,0.0,0.0,0.0,0.0,0,5,5,0
smd,group23_evaluation,machine-2-1,sarad_official,2,12,22907,23295,"[1, 5, 3, 27, 13, 25, 31, 23, 0, 2, 18, 34, 15, 16, 30, 19, 6, 35, 22, 21, 20, 24, 4, 11, 17, 12, 14, 7, 8, 9, 33, 26, 29, 36, 37, 10, 32, 28]",1,1.0,0.03571428571428571,0.0689655172413793,1.0,1,28,1,1
smd,group23_evaluation,machine-2-1,sarad_official,2,12,22907,23295,"[1, 5, 3, 27, 13, 25, 31, 23, 0, 2, 18, 34, 15, 16, 30, 19, 6, 35, 22, 21, 20, 24, 4, 11, 17, 12, 14, 7, 8, 9, 33, 26, 29, 36, 37, 10, 32, 28]",3,1.0,0.10714285714285714,0.19354838709677416,1.0,1,28,3,3
smd,group23_evaluation,machine-2-1,sarad_official,2,12,22907,23295,"[1, 5, 3, 27, 13, 25, 31, 23, 0, 2, 18, 34, 15, 16, 30, 19, 6, 35, 22, 21, 20, 24, 4, 11, 17, 12, 14, 7, 8, 9, 33, 26, 29, 36, 37, 10, 32, 28]",5,1.0,0.17857142857142858,0.30303030303030304,1.0,1,28,5,5
smd,group23_evaluation,machine-2-2,sarad_official,2,0,12760,12771,"[3, 1, 24, 2, 31, 30, 0, 27, 18, 32, 6, 15, 23, 25, 14, 22, 33, 29, 21, 4, 19, 34, 8, 13, 20, 35, 17, 37, 9, 7, 26, 11, 5, 36, 16, 28, 12, 10]",1,1.0,0.0625,0.11764705882352941,1.0,1,16,1,1
smd,group23_evaluation,machine-2-2,sarad_official,2,0,12760,12771,"[3, 1, 24, 2, 31, 30, 0, 27, 18, 32, 6, 15, 23, 25, 14, 22, 33, 29, 21, 4, 19, 34, 8, 13, 20, 35, 17, 37, 9, 7, 26, 11, 5, 36, 16, 28, 12, 10]",3,1.0,0.1875,0.3157894736842105,1.0,1,16,3,3
smd,group23_evaluation,machine-2-2,sarad_official,2,0,12760,12771,"[3, 1, 24, 2, 31, 30, 0, 27, 18, 32, 6, 15, 23, 25, 14, 22, 33, 29, 21, 4, 19, 34, 8, 13, 20, 35, 17, 37, 9, 7, 26, 11, 5, 36, 16, 28, 12, 10]",5,1.0,0.3125,0.47619047619047616,1.0,1,16,5,5
smd,group23_evaluation,machine-2-2,sarad_official,2,1,14511,14521,"[3, 1, 2, 31, 0, 25, 15, 23, 6, 30, 32, 27, 24, 22, 8, 13, 14, 29, 35, 18, 19, 34, 9, 21, 20, 7, 4, 26, 33, 17, 10, 36, 28, 11, 37, 16, 12, 5]",1,1.0,0.07142857142857142,0.13333333333333333,1.0,1,14,1,1
smd,group23_evaluation,machine-2-2,sarad_official,2,1,14511,14521,"[3, 1, 2, 31, 0, 25, 15, 23, 6, 30, 32, 27, 24, 22, 8, 13, 14, 29, 35, 18, 19, 34, 9, 21, 20, 7, 4, 26, 33, 17, 10, 36, 28, 11, 37, 16, 12, 5]",3,1.0,0.21428571428571427,0.35294117647058826,1.0,1,14,3,3
smd,group23_evaluation,machine-2-2,sarad_official,2,1,14511,14521,"[3, 1, 2, 31, 0, 25, 15, 23, 6, 30, 32, 27, 24, 22, 8, 13, 14, 29, 35, 18, 19, 34, 9, 21, 20, 7, 4, 26, 33, 17, 10, 36, 28, 11, 37, 16, 12, 5]",5,1.0,0.35714285714285715,0.5263157894736842,1.0,1,14,5,5
smd,group23_evaluation,machine-2-2,sarad_official,2,2,15630,16502,"[15, 9, 30, 10, 24, 13, 27, 29, 14, 8, 17, 18, 11, 34, 32, 23, 22, 21, 25, 26, 12, 6, 7, 20, 19, 4, 28, 35, 3, 37, 33, 36, 31, 16, 2, 0, 5, 1]",1,0.0,0.0,0.0,0.0,0,4,1,0
smd,group23_evaluation,machine-2-2,sarad_official,2,2,15630,16502,"[15, 9, 30, 10, 24, 13, 27, 29, 14, 8, 17, 18, 11, 34, 32, 23, 22, 21, 25, 26, 12, 6, 7, 20, 19, 4, 28, 35, 3, 37, 33, 36, 31, 16, 2, 0, 5, 1]",3,0.3333333333333333,0.25,0.28571428571428575,0.2960819109658652,1,4,3,1
smd,group23_evaluation,machine-2-2,sarad_official,2,2,15630,16502,"[15, 9, 30, 10, 24, 13, 27, 29, 14, 8, 17, 18, 11, 34, 32, 23, 22, 21, 25, 26, 12, 6, 7, 20, 19, 4, 28, 35, 3, 37, 33, 36, 31, 16, 2, 0, 5, 1]",5,0.4,0.5,0.4444444444444445,0.4144299250118475,1,4,5,2
smd,group23_evaluation,machine-2-2,sarad_official,2,3,17090,17942,"[15, 9, 30, 24, 10, 13, 8, 14, 29, 27, 11, 34, 32, 18, 22, 21, 23, 6, 25, 26, 12, 20, 7, 19, 4, 33, 35, 37, 28, 17, 3, 36, 16, 31, 2, 0, 5, 1]",1,0.0,0.0,0.0,0.0,0,4,1,0
smd,group23_evaluation,machine-2-2,sarad_official,2,3,17090,17942,"[15, 9, 30, 24, 10, 13, 8, 14, 29, 27, 11, 34, 32, 18, 22, 21, 23, 6, 25, 26, 12, 20, 7, 19, 4, 33, 35, 37, 28, 17, 3, 36, 16, 31, 2, 0, 5, 1]",3,0.3333333333333333,0.25,0.28571428571428575,0.2960819109658652,1,4,3,1
smd,group23_evaluation,machine-2-2,sarad_official,2,3,17090,17942,"[15, 9, 30, 24, 10, 13, 8, 14, 29, 27, 11, 34, 32, 18, 22, 21, 23, 6, 25, 26, 12, 20, 7, 19, 4, 33, 35, 37, 28, 17, 3, 36, 16, 31, 2, 0, 5, 1]",5,0.4,0.5,0.4444444444444445,0.3973220069685352,1,4,5,2
smd,group23_evaluation,machine-2-2,sarad_official,2,4,18541,19382,"[30, 15, 24, 9, 10, 27, 29, 13, 11, 14, 32, 12, 21, 8, 34, 22, 20, 18, 6, 25, 26, 7, 33, 23, 4, 35, 37, 28, 19, 17, 16, 36, 3, 31, 0, 2, 5, 1]",1,0.0,0.0,0.0,0.0,0,4,1,0
smd,group23_evaluation,machine-2-2,sarad_official,2,4,18541,19382,"[30, 15, 24, 9, 10, 27, 29, 13, 11, 14, 32, 12, 21, 8, 34, 22, 20, 18, 6, 25, 26, 7, 33, 23, 4, 35, 37, 28, 19, 17, 16, 36, 3, 31, 0, 2, 5, 1]",3,0.0,0.0,0.0,0.0,0,4,3,0
smd,group23_evaluation,machine-2-2,sarad_official,2,4,18541,19382,"[30, 15, 24, 9, 10, 27, 29, 13, 11, 14, 32, 12, 21, 8, 34, 22, 20, 18, 6, 25, 26, 7, 33, 23, 4, 35, 37, 28, 19, 17, 16, 36, 3, 31, 0, 2, 5, 1]",5,0.4,0.5,0.4444444444444445,0.3191471544989227,1,4,5,2
smd,group23_evaluation,machine-2-2,sarad_official,2,5,20820,20823,"[9, 10, 15, 24, 8, 30, 29, 14, 36, 13, 12, 23, 32, 11, 27, 4, 21, 33, 7, 25, 26, 18, 28, 19, 3, 6, 5, 20, 37, 22, 17, 16, 2, 1, 35, 34, 31, 0]",1,1.0,0.25,0.4,1.0,1,4,1,1
smd,group23_evaluation,machine-2-2,sarad_official,2,5,20820,20823,"[9, 10, 15, 24, 8, 30, 29, 14, 36, 13, 12, 23, 32, 11, 27, 4, 21, 33, 7, 25, 26, 18, 28, 19, 3, 6, 5, 20, 37, 22, 17, 16, 2, 1, 35, 34, 31, 0]",3,0.6666666666666666,0.5,0.5714285714285715,0.7653606369886217,1,4,3,2
smd,group23_evaluation,machine-2-2,sarad_official,2,5,20820,20823,"[9, 10, 15, 24, 8, 30, 29, 14, 36, 13, 12, 23, 32, 11, 27, 4, 21, 33, 7, 25, 26, 18, 28, 19, 3, 6, 5, 20, 37, 22, 17, 16, 2, 1, 35, 34, 31, 0]",5,0.4,0.5,0.4444444444444445,0.6366824387328317,1,4,5,2
smd,group23_evaluation,machine-2-2,sarad_official,2,6,21024,21027,"[18, 10, 24, 20, 30, 15, 27, 32, 13, 21, 25, 3, 14, 9, 23, 11, 6, 34, 4, 37, 26, 19, 35, 8, 33, 22, 7, 28, 17, 16, 36, 12, 29, 0, 2, 31, 5, 1]",1,0.0,0.0,0.0,0.0,0,1,1,0
smd,group23_evaluation,machine-2-2,sarad_official,2,6,21024,21027,"[18, 10, 24, 20, 30, 15, 27, 32, 13, 21, 25, 3, 14, 9, 23, 11, 6, 34, 4, 37, 26, 19, 35, 8, 33, 22, 7, 28, 17, 16, 36, 12, 29, 0, 2, 31, 5, 1]",3,0.3333333333333333,1.0,0.5,0.6309297535714575,1,1,3,1
smd,group23_evaluation,machine-2-2,sarad_official,2,6,21024,21027,"[18, 10, 24, 20, 30, 15, 27, 32, 13, 21, 25, 3, 14, 9, 23, 11, 6, 34, 4, 37, 26, 19, 35, 8, 33, 22, 7, 28, 17, 16, 36, 12, 29, 0, 2, 31, 5, 1]",5,0.2,1.0,0.33333333333333337,0.6309297535714575,1,1,5,1
smd,group23_evaluation,machine-2-2,sarad_official,2,7,21280,21295,"[3, 2, 1, 0, 6, 27, 31, 30, 15, 24, 23, 18, 13, 8, 14, 29, 25, 32, 20, 21, 11, 19, 35, 7, 4, 34, 26, 22, 9, 12, 17, 36, 37, 33, 28, 10, 16, 5]",1,1.0,0.14285714285714285,0.25,1.0,1,7,1,1
smd,group23_evaluation,machine-2-2,sarad_official,2,7,21280,21295,"[3, 2, 1, 0, 6, 27, 31, 30, 15, 24, 23, 18, 13, 8, 14, 29, 25, 32, 20, 21, 11, 19, 35, 7, 4, 34, 26, 22, 9, 12, 17, 36, 37, 33, 28, 10, 16, 5]",3,1.0,0.42857142857142855,0.6,1.0,1,7,3,3
smd,group23_evaluation,machine-2-2,sarad_official,2,7,21280,21295,"[3, 2, 1, 0, 6, 27, 31, 30, 15, 24, 23, 18, 13, 8, 14, 29, 25, 32, 20, 21, 11, 19, 35, 7, 4, 34, 26, 22, 9, 12, 17, 36, 37, 33, 28, 10, 16, 5]",5,1.0,0.7142857142857143,0.8333333333333333,1.0,1,7,5,5
smd,group23_evaluation,machine-2-2,sarad_official,2,8,21405,21428,"[19, 18, 21, 27, 20, 30, 10, 24, 3, 12, 15, 9, 14, 29, 32, 8, 17, 13, 0, 11, 35, 26, 23, 28, 7, 22, 34, 25, 33, 37, 16, 6, 4, 36, 31, 2, 5, 1]",1,1.0,0.16666666666666666,0.2857142857142857,1.0,1,6,1,1
smd,group23_evaluation,machine-2-2,sarad_official,2,8,21405,21428,"[19, 18, 21, 27, 20, 30, 10, 24, 3, 12, 15, 9, 14, 29, 32, 8, 17, 13, 0, 11, 35, 26, 23, 28, 7, 22, 34, 25, 33, 37, 16, 6, 4, 36, 31, 2, 5, 1]",3,1.0,0.5,0.6666666666666666,1.0,1,6,3,3
smd,group23_evaluation,machine-2-2,sarad_official,2,8,21405,21428,"[19, 18, 21, 27, 20, 30, 10, 24, 3, 12, 15, 9, 14, 29, 32, 8, 17, 13, 0, 11, 35, 26, 23, 28, 7, 22, 34, 25, 33, 37, 16, 6, 4, 36, 31, 2, 5, 1]",5,1.0,0.8333333333333334,0.9090909090909091,1.0,1,6,5,5
smd,group23_evaluation,machine-2-2,sarad_official,2,9,22260,22263,"[9, 10, 15, 11, 24, 30, 13, 12, 14, 8, 29, 32, 27, 36, 4, 20, 6, 26, 25, 23, 17, 7, 22, 21, 5, 37, 0, 19, 28, 33, 16, 35, 2, 3, 34, 18, 31, 1]",1,1.0,0.2,0.33333333333333337,1.0,1,5,1,1
smd,group23_evaluation,machine-2-2,sarad_official,2,9,22260,22263,"[9, 10, 15, 11, 24, 30, 13, 12, 14, 8, 29, 32, 27, 36, 4, 20, 6, 26, 25, 23, 17, 7, 22, 21, 5, 37, 0, 19, 28, 33, 16, 35, 2, 3, 34, 18, 31, 1]",3,0.6666666666666666,0.4,0.5,0.7653606369886217,1,5,3,2
smd,group23_evaluation,machine-2-2,sarad_official,2,9,22260,22263,"[9, 10, 15, 11, 24, 30, 13, 12, 14, 8, 29, 32, 27, 36, 4, 20, 6, 26, 25, 23, 17, 7, 22, 21, 5, 37, 0, 19, 28, 33, 16, 35, 2, 3, 34, 18, 31, 1]",5,0.6,0.6,0.6,0.6992148198508501,1,5,5,3
smd,group23_evaluation,machine-2-2,sarad_official,2,10,23099,23299,"[10, 15, 30, 9, 24, 27, 14, 34, 12, 11, 32, 13, 18, 21, 22, 8, 35, 23, 20, 6, 7, 26, 25, 17, 29, 37, 33, 28, 4, 16, 36, 19, 3, 2, 31, 0, 5, 1]",1,0.0,0.0,0.0,0.0,0,2,1,0
smd,group23_evaluation,machine-2-2,sarad_official,2,10,23099,23299,"[10, 15, 30, 9, 24, 27, 14, 34, 12, 11, 32, 13, 18, 21, 22, 8, 35, 23, 20, 6, 7, 26, 25, 17, 29, 37, 33, 28, 4, 16, 36, 19, 3, 2, 31, 0, 5, 1]",3,0.0,0.0,0.0,0.0,0,2,3,0
smd,group23_evaluation,machine-2-2,sarad_official,2,10,23099,23299,"[10, 15, 30, 9, 24, 27, 14, 34, 12, 11, 32, 13, 18, 21, 22, 8, 35, 23, 20, 6, 7, 26, 25, 17, 29, 37, 33, 28, 4, 16, 36, 19, 3, 2, 31, 0, 5, 1]",5,0.0,0.0,0.0,0.0,0,2,5,0
smd,group23_evaluation,machine-2-3,sarad_official,2,0,857,860,"[12, 11, 9, 15, 8, 4, 17, 37, 26, 32, 21, 28, 14, 16, 23, 34, 36, 7, 25, 35, 0, 27, 13, 20, 18, 10, 19, 24, 6, 29, 3, 22, 33, 30, 2, 5, 31, 1]",1,1.0,0.5,0.6666666666666666,1.0,1,2,1,1
smd,group23_evaluation,machine-2-3,sarad_official,2,0,857,860,"[12, 11, 9, 15, 8, 4, 17, 37, 26, 32, 21, 28, 14, 16, 23, 34, 36, 7, 25, 35, 0, 27, 13, 20, 18, 10, 19, 24, 6, 29, 3, 22, 33, 30, 2, 5, 31, 1]",3,0.6666666666666666,1.0,0.8,1.0,1,2,3,2
smd,group23_evaluation,machine-2-3,sarad_official,2,0,857,860,"[12, 11, 9, 15, 8, 4, 17, 37, 26, 32, 21, 28, 14, 16, 23, 34, 36, 7, 25, 35, 0, 27, 13, 20, 18, 10, 19, 24, 6, 29, 3, 22, 33, 30, 2, 5, 31, 1]",5,0.4,1.0,0.5714285714285715,1.0,1,2,5,2
smd,group23_evaluation,machine-2-3,sarad_official,2,1,5739,5745,"[9, 19, 12, 23, 29, 18, 10, 7, 32, 25, 8, 27, 36, 34, 15, 21, 17, 3, 20, 26, 30, 2, 37, 28, 14, 35, 1, 13, 0, 11, 16, 6, 4, 31, 33, 5, 22, 24]",1,1.0,0.3333333333333333,0.5,1.0,1,3,1,1
smd,group23_evaluation,machine-2-3,sarad_official,2,1,5739,5745,"[9, 19, 12, 23, 29, 18, 10, 7, 32, 25, 8, 27, 36, 34, 15, 21, 17, 3, 20, 26, 30, 2, 37, 28, 14, 35, 1, 13, 0, 11, 16, 6, 4, 31, 33, 5, 22, 24]",3,0.6666666666666666,0.6666666666666666,0.6666666666666666,0.7039180890341347,1,3,3,2
smd,group23_evaluation,machine-2-3,sarad_official,2,1,5739,5745,"[9, 19, 12, 23, 29, 18, 10, 7, 32, 25, 8, 27, 36, 34, 15, 21, 17, 3, 20, 26, 30, 2, 37, 28, 14, 35, 1, 13, 0, 11, 16, 6, 4, 31, 33, 5, 22, 24]",5,0.4,0.6666666666666666,0.5,0.7039180890341347,1,3,5,2
smd,group23_evaluation,machine-2-3,sarad_official,2,2,6008,6012,"[9, 12, 29, 32, 10, 34, 17, 35, 18, 23, 8, 7, 19, 36, 15, 21, 28, 30, 26, 16, 27, 4, 37, 20, 2, 25, 11, 6, 3, 0, 22, 13, 1, 14, 24, 5, 31, 33]",1,1.0,0.3333333333333333,0.5,1.0,1,3,1,1
smd,group23_evaluation,machine-2-3,sarad_official,2,2,6008,6012,"[9, 12, 29, 32, 10, 34, 17, 35, 18, 23, 8, 7, 19, 36, 15, 21, 28, 30, 26, 16, 27, 4, 37, 20, 2, 25, 11, 6, 3, 0, 22, 13, 1, 14, 24, 5, 31, 33]",3,0.6666666666666666,0.6666666666666666,0.6666666666666666,0.7653606369886217,1,3,3,2
smd,group23_evaluation,machine-2-3,sarad_official,2,2,6008,6012,"[9, 12, 29, 32, 10, 34, 17, 35, 18, 23, 8, 7, 19, 36, 15, 21, 28, 30, 26, 16, 27, 4, 37, 20, 2, 25, 11, 6, 3, 0, 22, 13, 1, 14, 24, 5, 31, 33]",5,0.4,0.6666666666666666,0.5,0.7653606369886217,1,3,5,2
smd,group23_evaluation,machine-2-3,sarad_official,2,3,7910,8010,"[1, 31, 0, 3, 6, 30, 5, 2, 27, 24, 22, 18, 25, 20, 19, 23, 21, 15, 34, 29, 35, 10, 17, 7, 37, 4, 26, 16, 9, 28, 36, 11, 32, 8, 12, 13, 14, 33]",1,1.0,0.05555555555555555,0.10526315789473684,1.0,1,18,1,1
smd,group23_evaluation,machine-2-3,sarad_official,2,3,7910,8010,"[1, 31, 0, 3, 6, 30, 5, 2, 27, 24, 22, 18, 25, 20, 19, 23, 21, 15, 34, 29, 35, 10, 17, 7, 37, 4, 26, 16, 9, 28, 36, 11, 32, 8, 12, 13, 14, 33]",3,1.0,0.16666666666666666,0.2857142857142857,1.0,1,18,3,3
smd,group23_evaluation,machine-2-3,sarad_official,2,3,7910,8010,"[1, 31, 0, 3, 6, 30, 5, 2, 27, 24, 22, 18, 25, 20, 19, 23, 21, 15, 34, 29, 35, 10, 17, 7, 37, 4, 26, 16, 9, 28, 36, 11, 32, 8, 12, 13, 14, 33]",5,1.0,0.2777777777777778,0.4347826086956522,1.0,1,18,5,5
smd,group23_evaluation,machine-2-3,sarad_official,2,4,10953,10957,"[12, 14, 11, 8, 32, 15, 4, 13, 26, 28, 17, 9, 37, 16, 25, 36, 7, 21, 34, 35, 20, 23, 18, 27, 10, 0, 24, 3, 29, 6, 19, 30, 2, 22, 31, 5, 33, 1]",1,0.0,0.0,0.0,0.0,0,3,1,0
smd,group23_evaluation,machine-2-3,sarad_official,2,4,10953,10957,"[12, 14, 11, 8, 32, 15, 4, 13, 26, 28, 17, 9, 37, 16, 25, 36, 7, 21, 34, 35, 20, 23, 18, 27, 10, 0, 24, 3, 29, 6, 19, 30, 2, 22, 31, 5, 33, 1]",3,0.6666666666666666,0.6666666666666666,0.6666666666666666,0.5307212739772434,1,3,3,2
smd,group23_evaluation,machine-2-3,sarad_official,2,4,10953,10957,"[12, 14, 11, 8, 32, 15, 4, 13, 26, 28, 17, 9, 37, 16, 25, 36, 7, 21, 34, 35, 20, 23, 18, 27, 10, 0, 24, 3, 29, 6, 19, 30, 2, 22, 31, 5, 33, 1]",5,0.6,1.0,0.7499999999999999,0.7328286204777911,1,3,5,3
smd,group23_evaluation,machine-2-3,sarad_official,2,5,12200,12226,"[31, 0, 24, 15, 30, 18, 6, 10, 5, 34, 22, 27, 35, 20, 21, 37, 19, 7, 17, 28, 26, 16, 4, 36, 2, 25, 23, 3, 11, 32, 13, 9, 29, 12, 8, 1, 14, 33]",1,1.0,0.07692307692307693,0.14285714285714288,1.0,1,13,1,1
smd,group23_evaluation,machine-2-3,sarad_official,2,5,12200,12226,"[31, 0, 24, 15, 30, 18, 6, 10, 5, 34, 22, 27, 35, 20, 21, 37, 19, 7, 17, 28, 26, 16, 4, 36, 2, 25, 23, 3, 11, 32, 13, 9, 29, 12, 8, 1, 14, 33]",3,1.0,0.23076923076923078,0.375,1.0,1,13,3,3
smd,group23_evaluation,machine-2-3,sarad_official,2,5,12200,12226,"[31, 0, 24, 15, 30, 18, 6, 10, 5, 34, 22, 27, 35, 20, 21, 37, 19, 7, 17, 28, 26, 16, 4, 36, 2, 25, 23, 3, 11, 32, 13, 9, 29, 12, 8, 1, 14, 33]",5,1.0,0.38461538461538464,0.5555555555555556,1.0,1,13,5,5
smd,group23_evaluation,machine-2-3,sarad_official,2,6,15070,15151,"[31, 0, 18, 24, 22, 27, 30, 20, 6, 5, 21, 34, 35, 29, 19, 37, 7, 17, 28, 3, 26, 16, 13, 15, 10, 36, 4, 23, 11, 25, 2, 9, 12, 8, 32, 1, 14, 33]",1,1.0,0.09090909090909091,0.16666666666666669,1.0,1,11,1,1
smd,group23_evaluation,machine-2-3,sarad_official,2,6,15070,15151,"[31, 0, 18, 24, 22, 27, 30, 20, 6, 5, 21, 34, 35, 29, 19, 37, 7, 17, 28, 3, 26, 16, 13, 15, 10, 36, 4, 23, 11, 25, 2, 9, 12, 8, 32, 1, 14, 33]",3,0.6666666666666666,0.18181818181818182,0.28571428571428575,0.7653606369886217,1,11,3,2
smd,group23_evaluation,machine-2-3,sarad_official,2,6,15070,15151,"[31, 0, 18, 24, 22, 27, 30, 20, 6, 5, 21, 34, 35, 29, 19, 37, 7, 17, 28, 3, 26, 16, 13, 15, 10, 36, 4, 23, 11, 25, 2, 9, 12, 8, 32, 1, 14, 33]",5,0.8,0.36363636363636365,0.5000000000000001,0.830419897363192,1,11,5,4
smd,group23_evaluation,machine-2-3,sarad_official,2,7,19375,19416,"[26, 28, 1, 2, 3, 31, 0, 30, 27, 33, 24, 22, 15, 18, 25, 20, 23, 6, 32, 21, 10, 29, 7, 19, 34, 35, 5, 4, 14, 13, 36, 11, 12, 9, 37, 8, 16, 17]",1,1.0,0.04,0.07692307692307693,1.0,1,25,1,1
smd,group23_evaluation,machine-2-3,sarad_official,2,7,19375,19416,"[26, 28, 1, 2, 3, 31, 0, 30, 27, 33, 24, 22, 15, 18, 25, 20, 23, 6, 32, 21, 10, 29, 7, 19, 34, 35, 5, 4, 14, 13, 36, 11, 12, 9, 37, 8, 16, 17]",3,1.0,0.12,0.21428571428571425,1.0,1,25,3,3
smd,group23_evaluation,machine-2-3,sarad_official,2,7,19375,19416,"[26, 28, 1, 2, 3, 31, 0, 30, 27, 33, 24, 22, 15, 18, 25, 20, 23, 6, 32, 21, 10, 29, 7, 19, 34, 35, 5, 4, 14, 13, 36, 11, 12, 9, 37, 8, 16, 17]",5,1.0,0.2,0.33333333333333337,1.0,1,25,5,5
smd,group23_evaluation,machine-2-3,sarad_official,2,8,19545,19553,"[12, 11, 29, 18, 8, 26, 28, 4, 37, 17, 16, 7, 36, 3, 20, 35, 15, 34, 9, 14, 25, 21, 27, 10, 23, 32, 24, 0, 6, 19, 30, 13, 22, 31, 2, 5, 33, 1]",1,0.0,0.0,0.0,0.0,0,1,1,0
smd,group23_evaluation,machine-2-3,sarad_official,2,8,19545,19553,"[12, 11, 29, 18, 8, 26, 28, 4, 37, 17, 16, 7, 36, 3, 20, 35, 15, 34, 9, 14, 25, 21, 27, 10, 23, 32, 24, 0, 6, 19, 30, 13, 22, 31, 2, 5, 33, 1]",3,0.3333333333333333,1.0,0.5,0.6309297535714575,1,1,3,1
smd,group23_evaluation,machine-2-3,sarad_official,2,8,19545,19553,"[12, 11, 29, 18, 8, 26, 28, 4, 37, 17, 16, 7, 36, 3, 20, 35, 15, 34, 9, 14, 25, 21, 27, 10, 23, 32, 24, 0, 6, 19, 30, 13, 22, 31, 2, 5, 33, 1]",5,0.2,1.0,0.33333333333333337,0.6309297535714575,1,1,5,1
smd,group23_evaluation,machine-2-3,sarad_official,2,9,20253,20258,"[29, 32, 18, 33, 35, 20, 28, 16, 26, 34, 37, 36, 7, 17, 15, 3, 21, 10, 4, 8, 19, 30, 25, 12, 9, 2, 23, 24, 13, 22, 6, 27, 11, 0, 31, 5, 14, 1]",1,1.0,1.0,1.0,1.0,1,1,1,1
smd,group23_evaluation,machine-2-3,sarad_official,2,9,20253,20258,"[29, 32, 18, 33, 35, 20, 28, 16, 26, 34, 37, 36, 7, 17, 15, 3, 21, 10, 4, 8, 19, 30, 25, 12, 9, 2, 23, 24, 13, 22, 6, 27, 11, 0, 31, 5, 14, 1]",3,0.3333333333333333,1.0,0.5,1.0,1,1,3,1
smd,group23_evaluation,machine-2-3,sarad_official,2,9,20253,20258,"[29, 32, 18, 33, 35, 20, 28, 16, 26, 34, 37, 36, 7, 17, 15, 3, 21, 10, 4, 8, 19, 30, 25, 12, 9, 2, 23, 24, 13, 22, 6, 27, 11, 0, 31, 5, 14, 1]",5,0.2,1.0,0.33333333333333337,1.0,1,1,5,1
smd,group23_evaluation,machine-2-4,sarad_official,2,0,1012,1016,"[8, 13, 12, 14, 32, 15, 10, 33, 11, 6, 5, 28, 27, 26, 23, 34, 17, 16, 9, 36, 7, 37, 1, 2, 4, 3, 25, 20, 35, 18, 0, 24, 29, 21, 31, 30, 19, 22]",1,1.0,0.2,0.33333333333333337,1.0,1,5,1,1
smd,group23_evaluation,machine-2-4,sarad_official,2,0,1012,1016,"[8, 13, 12, 14, 32, 15, 10, 33, 11, 6, 5, 28, 27, 26, 23, 34, 17, 16, 9, 36, 7, 37, 1, 2, 4, 3, 25, 20, 35, 18, 0, 24, 29, 21, 31, 30, 19, 22]",3,1.0,0.6,0.7499999999999999,1.0,1,5,3,3
smd,group23_evaluation,machine-2-4,sarad_official,2,0,1012,1016,"[8, 13, 12, 14, 32, 15, 10, 33, 11, 6, 5, 28, 27, 26, 23, 34, 17, 16, 9, 36, 7, 37, 1, 2, 4, 3, 25, 20, 35, 18, 0, 24, 29, 21, 31, 30, 19, 22]",5,0.8,0.8,0.8000000000000002,0.8687949224876582,1,5,5,4
smd,group23_evaluation,machine-2-4,sarad_official,2,1,2098,2102,"[13, 33, 12, 32, 6, 10, 1, 5, 28, 11, 15, 16, 26, 7, 36, 3, 2, 37, 17, 23, 25, 8, 4, 20, 18, 34, 9, 35, 21, 27, 0, 29, 24, 31, 30, 14, 19, 22]",1,1.0,0.5,0.6666666666666666,1.0,1,2,1,1
smd,group23_evaluation,machine-2-4,sarad_official,2,1,2098,2102,"[13, 33, 12, 32, 6, 10, 1, 5, 28, 11, 15, 16, 26, 7, 36, 3, 2, 37, 17, 23, 25, 8, 4, 20, 18, 34, 9, 35, 21, 27, 0, 29, 24, 31, 30, 14, 19, 22]",3,0.6666666666666666,1.0,0.8,0.9197207891481876,1,2,3,2
smd,group23_evaluation,machine-2-4,sarad_official,2,1,2098,2102,"[13, 33, 12, 32, 6, 10, 1, 5, 28, 11, 15, 16, 26, 7, 36, 3, 2, 37, 17, 23, 25, 8, 4, 20, 18, 34, 9, 35, 21, 27, 0, 29, 24, 31, 30, 14, 19, 22]",5,0.4,1.0,0.5714285714285715,0.9197207891481876,1,2,5,2
smd,group23_evaluation,machine-2-4,sarad_official,2,2,3538,3542,"[13, 8, 12, 1, 32, 33, 6, 2, 10, 15, 34, 28, 16, 14, 26, 31, 36, 7, 3, 37, 17, 0, 35, 23, 11, 5, 27, 4, 25, 20, 18, 21, 9, 29, 24, 30, 19, 22]",1,1.0,0.3333333333333333,0.5,1.0,1,3,1,1
smd,group23_evaluation,machine-2-4,sarad_official,2,2,3538,3542,"[13, 8, 12, 1, 32, 33, 6, 2, 10, 15, 34, 28, 16, 14, 26, 31, 36, 7, 3, 37, 17, 0, 35, 23, 11, 5, 27, 4, 25, 20, 18, 21, 9, 29, 24, 30, 19, 22]",3,0.6666666666666666,0.6666666666666666,0.6666666666666666,0.7039180890341347,1,3,3,2
smd,group23_evaluation,machine-2-4,sarad_official,2,2,3538,3542,"[13, 8, 12, 1, 32, 33, 6, 2, 10, 15, 34, 28, 16, 14, 26, 31, 36, 7, 3, 37, 17, 0, 35, 23, 11, 5, 27, 4, 25, 20, 18, 21, 9, 29, 24, 30, 19, 22]",5,0.4,0.6666666666666666,0.5,0.7039180890341347,1,3,5,2
smd,group23_evaluation,machine-2-4,sarad_official,2,3,4576,4579,"[27, 34, 21, 20, 10, 1, 2, 18, 3, 32, 6, 33, 25, 31, 23, 5, 15, 26, 16, 28, 12, 7, 36, 35, 30, 37, 0, 17, 19, 24, 4, 29, 22, 11, 8, 9, 14, 13]",1,0.0,0.0,0.0,0.0,0,2,1,0
smd,group23_evaluation,machine-2-4,sarad_official,2,3,4576,4579,"[27, 34, 21, 20, 10, 1, 2, 18, 3, 32, 6, 33, 25, 31, 23, 5, 15, 26, 16, 28, 12, 7, 36, 35, 30, 37, 0, 17, 19, 24, 4, 29, 22, 11, 8, 9, 14, 13]",3,0.0,0.0,0.0,0.0,0,2,3,0
smd,group23_evaluation,machine-2-4,sarad_official,2,3,4576,4579,"[27, 34, 21, 20, 10, 1, 2, 18, 3, 32, 6, 33, 25, 31, 23, 5, 15, 26, 16, 28, 12, 7, 36, 35, 30, 37, 0, 17, 19, 24, 4, 29, 22, 11, 8, 9, 14, 13]",5,0.2,0.5,0.28571428571428575,0.23719771276929622,1,2,5,1
smd,group23_evaluation,machine-2-4,sarad_official,2,4,4976,4980,"[13, 8, 12, 32, 14, 6, 11, 5, 15, 1, 10, 28, 27, 16, 3, 34, 26, 2, 36, 7, 17, 37, 4, 35, 31, 0, 23, 20, 25, 18, 9, 21, 24, 29, 33, 30, 19, 22]",1,1.0,0.3333333333333333,0.5,1.0,1,3,1,1
smd,group23_evaluation,machine-2-4,sarad_official,2,4,4976,4980,"[13, 8, 12, 32, 14, 6, 11, 5, 15, 1, 10, 28, 27, 16, 3, 34, 26, 2, 36, 7, 17, 37, 4, 35, 31, 0, 23, 20, 25, 18, 9, 21, 24, 29, 33, 30, 19, 22]",3,1.0,1.0,1.0,1.0,1,3,3,3
smd,group23_evaluation,machine-2-4,sarad_official,2,4,4976,4980,"[13, 8, 12, 32, 14, 6, 11, 5, 15, 1, 10, 28, 27, 16, 3, 34, 26, 2, 36, 7, 17, 37, 4, 35, 31, 0, 23, 20, 25, 18, 9, 21, 24, 29, 33, 30, 19, 22]",5,0.6,1.0,0.7499999999999999,1.0,1,3,5,3
smd,group23_evaluation,machine-2-4,sarad_official,2,5,5099,5380,"[0, 11, 14, 13, 32, 8, 6, 10, 5, 15, 1, 12, 28, 31, 23, 26, 34, 27, 7, 35, 37, 16, 36, 17, 2, 3, 4, 25, 20, 18, 21, 24, 19, 29, 9, 30, 33, 22]",1,1.0,0.2,0.33333333333333337,1.0,1,5,1,1
smd,group23_evaluation,machine-2-4,sarad_official,2,5,5099,5380,"[0, 11, 14, 13, 32, 8, 6, 10, 5, 15, 1, 12, 28, 31, 23, 26, 34, 27, 7, 35, 37, 16, 36, 17, 2, 3, 4, 25, 20, 18, 21, 24, 19, 29, 9, 30, 33, 22]",3,0.6666666666666666,0.4,0.5,0.7653606369886217,1,5,3,2
smd,group23_evaluation,machine-2-4,sarad_official,2,5,5099,5380,"[0, 11, 14, 13, 32, 8, 6, 10, 5, 15, 1, 12, 28, 31, 23, 26, 34, 27, 7, 35, 37, 16, 36, 17, 2, 3, 4, 25, 20, 18, 21, 24, 19, 29, 9, 30, 33, 22]",5,0.6,0.6,0.6,0.6992148198508501,1,5,5,3
smd,group23_evaluation,machine-2-4,sarad_official,2,6,6416,6419,"[13, 31, 8, 34, 35, 32, 12, 6, 14, 1, 15, 2, 10, 5, 27, 28, 0, 16, 3, 26, 36, 7, 17, 4, 37, 11, 20, 23, 25, 9, 21, 18, 19, 30, 29, 24, 33, 22]",1,1.0,0.3333333333333333,0.5,1.0,1,3,1,1
smd,group23_evaluation,machine-2-4,sarad_official,2,6,6416,6419,"[13, 31, 8, 34, 35, 32, 12, 6, 14, 1, 15, 2, 10, 5, 27, 28, 0, 16, 3, 26, 36, 7, 17, 4, 37, 11, 20, 23, 25, 9, 21, 18, 19, 30, 29, 24, 33, 22]",3,0.6666666666666666,0.6666666666666666,0.6666666666666666,0.7039180890341347,1,3,3,2
smd,group23_evaluation,machine-2-4,sarad_official,2,6,6416,6419,"[13, 31, 8, 34, 35, 32, 12, 6, 14, 1, 15, 2, 10, 5, 27, 28, 0, 16, 3, 26, 36, 7, 17, 4, 37, 11, 20, 23, 25, 9, 21, 18, 19, 30, 29, 24, 33, 22]",5,0.4,0.6666666666666666,0.5,0.7039180890341347,1,3,5,2
smd,group23_evaluation,machine-2-4,sarad_official,2,7,7856,7859,"[13, 32, 31, 12, 8, 34, 35, 15, 6, 10, 14, 1, 5, 2, 3, 28, 16, 27, 26, 36, 0, 7, 37, 17, 4, 9, 20, 23, 11, 18, 25, 29, 21, 19, 24, 30, 33, 22]",1,1.0,0.3333333333333333,0.5,1.0,1,3,1,1
smd,group23_evaluation,machine-2-4,sarad_official,2,7,7856,7859,"[13, 32, 31, 12, 8, 34, 35, 15, 6, 10, 14, 1, 5, 2, 3, 28, 16, 27, 26, 36, 0, 7, 37, 17, 4, 9, 20, 23, 11, 18, 25, 29, 21, 19, 24, 30, 33, 22]",3,0.3333333333333333,0.3333333333333333,0.3333333333333333,0.46927872602275644,1,3,3,1
smd,group23_evaluation,machine-2-4,sarad_official,2,7,7856,7859,"[13, 32, 31, 12, 8, 34, 35, 15, 6, 10, 14, 1, 5, 2, 3, 28, 16, 27, 26, 36, 0, 7, 37, 17, 4, 9, 20, 23, 11, 18, 25, 29, 21, 19, 24, 30, 33, 22]",5,0.6,1.0,0.7499999999999999,0.8529278650606567,1,3,5,3
smd,group23_evaluation,machine-2-4,sarad_official,2,8,9296,9300,"[13, 31, 32, 34, 35, 1, 6, 10, 28, 12, 26, 3, 16, 2, 36, 7, 15, 17, 20, 37, 5, 11, 27, 23, 25, 4, 8, 18, 0, 14, 9, 21, 29, 19, 24, 30, 33, 22]",1,1.0,1.0,1.0,1.0,1,1,1,1
smd,group23_evaluation,machine-2-4,sarad_official,2,8,9296,9300,"[13, 31, 32, 34, 35, 1, 6, 10, 28, 12, 26, 3, 16, 2, 36, 7, 15, 17, 20, 37, 5, 11, 27, 23, 25, 4, 8, 18, 0, 14, 9, 21, 29, 19, 24, 30, 33, 22]",3,0.3333333333333333,1.0,0.5,1.0,1,1,3,1
smd,group23_evaluation,machine-2-4,sarad_official,2,8,9296,9300,"[13, 31, 32, 34, 35, 1, 6, 10, 28, 12, 26, 3, 16, 2, 36, 7, 15, 17, 20, 37, 5, 11, 27, 23, 25, 4, 8, 18, 0, 14, 9, 21, 29, 19, 24, 30, 33, 22]",5,0.2,1.0,0.33333333333333337,1.0,1,1,5,1
smd,group23_evaluation,machine-2-4,sarad_official,2,9,9473,9505,"[11, 31, 32, 34, 35, 6, 1, 10, 5, 27, 15, 7, 26, 28, 16, 37, 36, 17, 25, 14, 23, 20, 2, 4, 19, 12, 30, 21, 3, 8, 18, 9, 29, 0, 24, 33, 22, 13]",1,1.0,1.0,1.0,1.0,1,1,1,1
smd,group23_evaluation,machine-2-4,sarad_official,2,9,9473,9505,"[11, 31, 32, 34, 35, 6, 1, 10, 5, 27, 15, 7, 26, 28, 16, 37, 36, 17, 25, 14, 23, 20, 2, 4, 19, 12, 30, 21, 3, 8, 18, 9, 29, 0, 24, 33, 22, 13]",3,0.3333333333333333,1.0,0.5,1.0,1,1,3,1
smd,group23_evaluation,machine-2-4,sarad_official,2,9,9473,9505,"[11, 31, 32, 34, 35, 6, 1, 10, 5, 27, 15, 7, 26, 28, 16, 37, 36, 17, 25, 14, 23, 20, 2, 4, 19, 12, 30, 21, 3, 8, 18, 9, 29, 0, 24, 33, 22, 13]",5,0.2,1.0,0.33333333333333337,1.0,1,1,5,1
smd,group23_evaluation,machine-2-4,sarad_official,2,10,10736,10739,"[8, 13, 31, 12, 34, 35, 32, 15, 14, 6, 10, 2, 27, 28, 11, 1, 4, 16, 3, 26, 0, 17, 36, 37, 7, 23, 5, 20, 9, 18, 25, 19, 24, 21, 29, 33, 30, 22]",1,1.0,0.3333333333333333,0.5,1.0,1,3,1,1
smd,group23_evaluation,machine-2-4,sarad_official,2,10,10736,10739,"[8, 13, 31, 12, 34, 35, 32, 15, 14, 6, 10, 2, 27, 28, 11, 1, 4, 16, 3, 26, 0, 17, 36, 37, 7, 23, 5, 20, 9, 18, 25, 19, 24, 21, 29, 33, 30, 22]",3,0.6666666666666666,0.6666666666666666,0.6666666666666666,0.7653606369886217,1,3,3,2
smd,group23_evaluation,machine-2-4,sarad_official,2,10,10736,10739,"[8, 13, 31, 12, 34, 35, 32, 15, 14, 6, 10, 2, 27, 28, 11, 1, 4, 16, 3, 26, 0, 17, 36, 37, 7, 23, 5, 20, 9, 18, 25, 19, 24, 21, 29, 33, 30, 22]",5,0.6,1.0,0.7499999999999999,0.9674679834891693,1,3,5,3
smd,group23_evaluation,machine-2-4,sarad_official,2,11,12176,12179,"[13, 8, 31, 34, 12, 35, 32, 15, 14, 6, 2, 10, 28, 27, 1, 16, 4, 26, 5, 3, 36, 11, 17, 7, 37, 20, 9, 23, 21, 25, 18, 19, 24, 30, 29, 33, 0, 22]",1,1.0,0.3333333333333333,0.5,1.0,1,3,1,1
smd,group23_evaluation,machine-2-4,sarad_official,2,11,12176,12179,"[13, 8, 31, 34, 12, 35, 32, 15, 14, 6, 2, 10, 28, 27, 1, 16, 4, 26, 5, 3, 36, 11, 17, 7, 37, 20, 9, 23, 21, 25, 18, 19, 24, 30, 29, 33, 0, 22]",3,0.6666666666666666,0.6666666666666666,0.6666666666666666,0.7653606369886217,1,3,3,2
smd,group23_evaluation,machine-2-4,sarad_official,2,11,12176,12179,"[13, 8, 31, 34, 12, 35, 32, 15, 14, 6, 2, 10, 28, 27, 1, 16, 4, 26, 5, 3, 36, 11, 17, 7, 37, 20, 9, 23, 21, 25, 18, 19, 24, 30, 29, 33, 0, 22]",5,0.6,1.0,0.7499999999999999,0.9469024295259745,1,3,5,3
smd,group23_evaluation,machine-2-4,sarad_official,2,12,13611,13640,"[31, 34, 13, 32, 35, 8, 12, 14, 11, 15, 10, 6, 28, 16, 1, 2, 26, 7, 36, 4, 3, 37, 17, 5, 27, 21, 18, 20, 25, 9, 23, 19, 24, 29, 30, 33, 0, 22]",1,0.0,0.0,0.0,0.0,0,3,1,0
smd,group23_evaluation,machine-2-4,sarad_official,2,12,13611,13640,"[31, 34, 13, 32, 35, 8, 12, 14, 11, 15, 10, 6, 28, 16, 1, 2, 26, 7, 36, 4, 3, 37, 17, 5, 27, 21, 18, 20, 25, 9, 23, 19, 24, 29, 30, 33, 0, 22]",3,0.3333333333333333,0.3333333333333333,0.3333333333333333,0.23463936301137822,1,3,3,1
smd,group23_evaluation,machine-2-4,sarad_official,2,12,13611,13640,"[31, 34, 13, 32, 35, 8, 12, 14, 11, 15, 10, 6, 28, 16, 1, 2, 26, 7, 36, 4, 3, 37, 17, 5, 27, 21, 18, 20, 25, 9, 23, 19, 24, 29, 30, 33, 0, 22]",5,0.2,0.3333333333333333,0.25,0.23463936301137822,1,3,5,1
smd,group23_evaluation,machine-2-4,sarad_official,2,13,15056,15059,"[13, 8, 12, 32, 31, 34, 35, 15, 6, 14, 2, 1, 10, 27, 11, 28, 16, 5, 4, 26, 36, 7, 3, 17, 37, 9, 21, 23, 20, 18, 25, 29, 30, 24, 19, 33, 0, 22]",1,1.0,0.3333333333333333,0.5,1.0,1,3,1,1
smd,group23_evaluation,machine-2-4,sarad_official,2,13,15056,15059,"[13, 8, 12, 32, 31, 34, 35, 15, 6, 14, 2, 1, 10, 27, 11, 28, 16, 5, 4, 26, 36, 7, 3, 17, 37, 9, 21, 23, 20, 18, 25, 29, 30, 24, 19, 33, 0, 22]",3,1.0,1.0,1.0,1.0,1,3,3,3
smd,group23_evaluation,machine-2-4,sarad_official,2,13,15056,15059,"[13, 8, 12, 32, 31, 34, 35, 15, 6, 14, 2, 1, 10, 27, 11, 28, 16, 5, 4, 26, 36, 7, 3, 17, 37, 9, 21, 23, 20, 18, 25, 29, 30, 24, 19, 33, 0, 22]",5,0.6,1.0,0.7499999999999999,1.0,1,3,5,3
smd,group23_evaluation,machine-2-4,sarad_official,2,14,16525,16696,"[0, 32, 13, 14, 31, 8, 11, 12, 34, 35, 15, 6, 1, 10, 5, 27, 28, 23, 7, 26, 25, 16, 2, 37, 18, 4, 36, 17, 20, 3, 21, 19, 29, 9, 24, 30, 33, 22]",1,1.0,0.16666666666666666,0.2857142857142857,1.0,1,6,1,1
smd,group23_evaluation,machine-2-4,sarad_official,2,14,16525,16696,"[0, 32, 13, 14, 31, 8, 11, 12, 34, 35, 15, 6, 1, 10, 5, 27, 28, 23, 7, 26, 25, 16, 2, 37, 18, 4, 36, 17, 20, 3, 21, 19, 29, 9, 24, 30, 33, 22]",3,0.6666666666666666,0.3333333333333333,0.4444444444444444,0.7039180890341347,1,6,3,2
smd,group23_evaluation,machine-2-4,sarad_official,2,14,16525,16696,"[0, 32, 13, 14, 31, 8, 11, 12, 34, 35, 15, 6, 1, 10, 5, 27, 28, 23, 7, 26, 25, 16, 2, 37, 18, 4, 36, 17, 20, 3, 21, 19, 29, 9, 24, 30, 33, 22]",5,0.4,0.3333333333333333,0.3636363636363636,0.5087403079104241,1,6,5,2
smd,group23_evaluation,machine-2-4,sarad_official,2,15,17965,18350,"[0, 31, 34, 35, 32, 11, 14, 6, 12, 8, 13, 15, 10, 5, 1, 28, 7, 26, 27, 16, 37, 36, 17, 23, 20, 2, 4, 25, 18, 3, 21, 19, 9, 29, 24, 30, 33, 22]",1,1.0,0.16666666666666666,0.2857142857142857,1.0,1,6,1,1
smd,group23_evaluation,machine-2-4,sarad_official,2,15,17965,18350,"[0, 31, 34, 35, 32, 11, 14, 6, 12, 8, 13, 15, 10, 5, 1, 28, 7, 26, 27, 16, 37, 36, 17, 23, 20, 2, 4, 25, 18, 3, 21, 19, 9, 29, 24, 30, 33, 22]",3,0.3333333333333333,0.16666666666666666,0.2222222222222222,0.46927872602275644,1,6,3,1
smd,group23_evaluation,machine-2-4,sarad_official,2,15,17965,18350,"[0, 31, 34, 35, 32, 11, 14, 6, 12, 8, 13, 15, 10, 5, 1, 28, 7, 26, 27, 16, 37, 36, 17, 23, 20, 2, 4, 25, 18, 3, 21, 19, 9, 29, 24, 30, 33, 22]",5,0.2,0.16666666666666666,0.1818181818181818,0.3391602052736161,1,6,5,1
smd,group23_evaluation,machine-2-4,sarad_official,2,16,18579,18980,"[2, 1, 0, 19, 29, 3, 27, 25, 21, 31, 23, 18, 22, 34, 32, 30, 15, 20, 5, 35, 24, 10, 6, 4, 17, 11, 7, 16, 26, 37, 9, 28, 36, 12, 8, 33, 14, 13]",1,1.0,0.047619047619047616,0.0909090909090909,1.0,1,21,1,1
smd,group23_evaluation,machine-2-4,sarad_official,2,16,18579,18980,"[2, 1, 0, 19, 29, 3, 27, 25, 21, 31, 23, 18, 22, 34, 32, 30, 15, 20, 5, 35, 24, 10, 6, 4, 17, 11, 7, 16, 26, 37, 9, 28, 36, 12, 8, 33, 14, 13]",3,1.0,0.14285714285714285,0.25,1.0,1,21,3,3
smd,group23_evaluation,machine-2-4,sarad_official,2,16,18579,18980,"[2, 1, 0, 19, 29, 3, 27, 25, 21, 31, 23, 18, 22, 34, 32, 30, 15, 20, 5, 35, 24, 10, 6, 4, 17, 11, 7, 16, 26, 37, 9, 28, 36, 12, 8, 33, 14, 13]",5,1.0,0.23809523809523808,0.3846153846153846,1.0,1,21,5,5
smd,group23_evaluation,machine-2-4,sarad_official,2,17,19404,19741,"[0, 31, 34, 35, 14, 32, 11, 8, 5, 12, 10, 13, 6, 15, 27, 28, 1, 26, 7, 16, 37, 36, 17, 20, 4, 25, 21, 18, 3, 19, 2, 23, 30, 29, 9, 24, 33, 22]",1,1.0,0.16666666666666666,0.2857142857142857,1.0,1,6,1,1
smd,group23_evaluation,machine-2-4,sarad_official,2,17,19404,19741,"[0, 31, 34, 35, 14, 32, 11, 8, 5, 12, 10, 13, 6, 15, 27, 28, 1, 26, 7, 16, 37, 36, 17, 20, 4, 25, 21, 18, 3, 19, 2, 23, 30, 29, 9, 24, 33, 22]",3,0.3333333333333333,0.16666666666666666,0.2222222222222222,0.46927872602275644,1,6,3,1
smd,group23_evaluation,machine-2-4,sarad_official,2,17,19404,19741,"[0, 31, 34, 35, 14, 32, 11, 8, 5, 12, 10, 13, 6, 15, 27, 28, 1, 26, 7, 16, 37, 36, 17, 20, 4, 25, 21, 18, 3, 19, 2, 23, 30, 29, 9, 24, 33, 22]",5,0.2,0.16666666666666666,0.1818181818181818,0.3391602052736161,1,6,5,1
smd,group23_evaluation,machine-2-4,sarad_official,2,18,20844,20854,"[31, 13, 14, 32, 12, 34, 8, 35, 11, 15, 0, 5, 10, 27, 6, 28, 16, 26, 36, 37, 4, 20, 17, 7, 1, 3, 9, 2, 18, 21, 23, 25, 29, 19, 30, 24, 33, 22]",1,0.0,0.0,0.0,0.0,0,5,1,0
smd,group23_evaluation,machine-2-4,sarad_official,2,18,20844,20854,"[31, 13, 14, 32, 12, 34, 8, 35, 11, 15, 0, 5, 10, 27, 6, 28, 16, 26, 36, 37, 4, 20, 17, 7, 1, 3, 9, 2, 18, 21, 23, 25, 29, 19, 30, 24, 33, 22]",3,0.3333333333333333,0.2,0.25,0.2960819109658652,1,5,3,1
smd,group23_evaluation,machine-2-4,sarad_official,2,18,20844,20854,"[31, 13, 14, 32, 12, 34, 8, 35, 11, 15, 0, 5, 10, 27, 6, 28, 16, 26, 36, 37, 4, 20, 17, 7, 1, 3, 9, 2, 18, 21, 23, 25, 29, 19, 30, 24, 33, 22]",5,0.6,0.6,0.6,0.4912596920895758,1,5,5,3
smd,group23_evaluation,machine-2-4,sarad_official,2,19,22284,22294,"[13, 31, 14, 12, 8, 34, 32, 11, 35, 15, 10, 6, 5, 1, 2, 28, 27, 16, 4, 26, 37, 36, 3, 17, 7, 9, 20, 21, 25, 18, 23, 29, 19, 30, 24, 0, 33, 22]",1,1.0,0.25,0.4,1.0,1,4,1,1
smd,group23_evaluation,machine-2-4,sarad_official,2,19,22284,22294,"[13, 31, 14, 12, 8, 34, 32, 11, 35, 15, 10, 6, 5, 1, 2, 28, 27, 16, 4, 26, 37, 36, 3, 17, 7, 9, 20, 21, 25, 18, 23, 29, 19, 30, 24, 0, 33, 22]",3,0.3333333333333333,0.25,0.28571428571428575,0.46927872602275644,1,4,3,1
smd,group23_evaluation,machine-2-4,sarad_official,2,19,22284,22294,"[13, 31, 14, 12, 8, 34, 32, 11, 35, 15, 10, 6, 5, 1, 2, 28, 27, 16, 4, 26, 37, 36, 3, 17, 7, 9, 20, 21, 25, 18, 23, 29, 19, 30, 24, 0, 33, 22]",5,0.6,0.75,0.6666666666666665,0.7095272044910244,1,4,5,3
smd,group23_evaluation,machine-2-5,sarad_official,2,0,2585,2588,"[12, 9, 11, 24, 22, 36, 35, 0, 28, 26, 27, 16, 7, 17, 8, 37, 21, 6, 32, 14, 4, 25, 10, 31, 20, 34, 5, 3, 29, 13, 19, 23, 30, 2, 18, 33, 1, 15]",1,1.0,0.5,0.6666666666666666,1.0,1,2,1,1
smd,group23_evaluation,machine-2-5,sarad_official,2,0,2585,2588,"[12, 9, 11, 24, 22, 36, 35, 0, 28, 26, 27, 16, 7, 17, 8, 37, 21, 6, 32, 14, 4, 25, 10, 31, 20, 34, 5, 3, 29, 13, 19, 23, 30, 2, 18, 33, 1, 15]",3,0.6666666666666666,1.0,0.8,1.0,1,2,3,2
smd,group23_evaluation,machine-2-5,sarad_official,2,0,2585,2588,"[12, 9, 11, 24, 22, 36, 35, 0, 28, 26, 27, 16, 7, 17, 8, 37, 21, 6, 32, 14, 4, 25, 10, 31, 20, 34, 5, 3, 29, 13, 19, 23, 30, 2, 18, 33, 1, 15]",5,0.4,1.0,0.5714285714285715,1.0,1,2,5,2
smd,group23_evaluation,machine-2-5,sarad_official,2,1,4978,4983,"[12, 8, 13, 23, 14, 9, 25, 32, 28, 11, 26, 36, 16, 37, 7, 17, 4, 6, 2, 29, 34, 21, 0, 35, 20, 3, 24, 30, 27, 10, 19, 5, 18, 15, 22, 33, 31, 1]",1,1.0,0.5,0.6666666666666666,1.0,1,2,1,1
smd,group23_evaluation,machine-2-5,sarad_official,2,1,4978,4983,"[12, 8, 13, 23, 14, 9, 25, 32, 28, 11, 26, 36, 16, 37, 7, 17, 4, 6, 2, 29, 34, 21, 0, 35, 20, 3, 24, 30, 27, 10, 19, 5, 18, 15, 22, 33, 31, 1]",3,0.6666666666666666,1.0,0.8,0.9197207891481876,1,2,3,2
smd,group23_evaluation,machine-2-5,sarad_official,2,1,4978,4983,"[12, 8, 13, 23, 14, 9, 25, 32, 28, 11, 26, 36, 16, 37, 7, 17, 4, 6, 2, 29, 34, 21, 0, 35, 20, 3, 24, 30, 27, 10, 19, 5, 18, 15, 22, 33, 31, 1]",5,0.4,1.0,0.5714285714285715,0.9197207891481876,1,2,5,2
smd,group23_evaluation,machine-2-5,sarad_official,2,2,5100,5391,"[0, 12, 8, 14, 11, 13, 26, 28, 7, 37, 36, 16, 17, 32, 4, 10, 27, 35, 34, 29, 3, 9, 25, 23, 24, 22, 21, 19, 5, 6, 20, 2, 31, 15, 30, 18, 33, 1]",1,1.0,0.16666666666666666,0.2857142857142857,1.0,1,6,1,1
smd,group23_evaluation,machine-2-5,sarad_official,2,2,5100,5391,"[0, 12, 8, 14, 11, 13, 26, 28, 7, 37, 36, 16, 17, 32, 4, 10, 27, 35, 34, 29, 3, 9, 25, 23, 24, 22, 21, 19, 5, 6, 20, 2, 31, 15, 30, 18, 33, 1]",3,1.0,0.5,0.6666666666666666,1.0,1,6,3,3
smd,group23_evaluation,machine-2-5,sarad_official,2,2,5100,5391,"[0, 12, 8, 14, 11, 13, 26, 28, 7, 37, 36, 16, 17, 32, 4, 10, 27, 35, 34, 29, 3, 9, 25, 23, 24, 22, 21, 19, 5, 6, 20, 2, 31, 15, 30, 18, 33, 1]",5,1.0,0.8333333333333334,0.9090909090909091,1.0,1,6,5,5
smd,group23_evaluation,machine-2-5,sarad_official,2,3,6023,6026,"[33, 11, 34, 24, 20, 22, 37, 28, 4, 31, 21, 0, 35, 17, 3, 23, 18, 26, 6, 16, 7, 9, 36, 12, 25, 30, 5, 32, 8, 15, 10, 27, 29, 2, 19, 14, 13, 1]",1,1.0,0.5,0.6666666666666666,1.0,1,2,1,1
smd,group23_evaluation,machine-2-5,sarad_official,2,3,6023,6026,"[33, 11, 34, 24, 20, 22, 37, 28, 4, 31, 21, 0, 35, 17, 3, 23, 18, 26, 6, 16, 7, 9, 36, 12, 25, 30, 5, 32, 8, 15, 10, 27, 29, 2, 19, 14, 13, 1]",3,0.3333333333333333,0.5,0.4,0.6131471927654584,1,2,3,1
smd,group23_evaluation,machine-2-5,sarad_official,2,3,6023,6026,"[33, 11, 34, 24, 20, 22, 37, 28, 4, 31, 21, 0, 35, 17, 3, 23, 18, 26, 6, 16, 7, 9, 36, 12, 25, 30, 5, 32, 8, 15, 10, 27, 29, 2, 19, 14, 13, 1]",5,0.2,0.5,0.28571428571428575,0.6131471927654584,1,2,5,1
smd,group23_evaluation,machine-2-5,sarad_official,2,4,6417,6420,"[12, 8, 13, 14, 23, 9, 32, 11, 25, 28, 26, 16, 36, 37, 7, 17, 2, 4, 21, 0, 15, 24, 34, 29, 3, 20, 35, 30, 6, 10, 18, 5, 27, 19, 22, 33, 31, 1]",1,1.0,0.25,0.4,1.0,1,4,1,1
smd,group23_evaluation,machine-2-5,sarad_official,2,4,6417,6420,"[12, 8, 13, 14, 23, 9, 32, 11, 25, 28, 26, 16, 36, 37, 7, 17, 2, 4, 21, 0, 15, 24, 34, 29, 3, 20, 35, 30, 6, 10, 18, 5, 27, 19, 22, 33, 31, 1]",3,1.0,0.75,0.8571428571428571,1.0,1,4,3,3
smd,group23_evaluation,machine-2-5,sarad_official,2,4,6417,6420,"[12, 8, 13, 14, 23, 9, 32, 11, 25, 28, 26, 16, 36, 37, 7, 17, 2, 4, 21, 0, 15, 24, 34, 29, 3, 20, 35, 30, 6, 10, 18, 5, 27, 19, 22, 33, 31, 1]",5,0.8,1.0,0.888888888888889,1.0,1,4,5,4
smd,group23_evaluation,machine-2-5,sarad_official,2,5,7255,7258,"[9, 12, 8, 23, 11, 28, 36, 26, 21, 22, 7, 16, 4, 24, 29, 10, 17, 32, 37, 14, 5, 6, 19, 20, 13, 25, 35, 3, 30, 34, 18, 0, 27, 2, 33, 15, 1, 31]",1,1.0,0.5,0.6666666666666666,1.0,1,2,1,1
smd,group23_evaluation,machine-2-5,sarad_official,2,5,7255,7258,"[9, 12, 8, 23, 11, 28, 36, 26, 21, 22, 7, 16, 4, 24, 29, 10, 17, 32, 37, 14, 5, 6, 19, 20, 13, 25, 35, 3, 30, 34, 18, 0, 27, 2, 33, 15, 1, 31]",3,0.6666666666666666,1.0,0.8,1.0,1,2,3,2
smd,group23_evaluation,machine-2-5,sarad_official,2,5,7255,7258,"[9, 12, 8, 23, 11, 28, 36, 26, 21, 22, 7, 16, 4, 24, 29, 10, 17, 32, 37, 14, 5, 6, 19, 20, 13, 25, 35, 3, 30, 34, 18, 0, 27, 2, 33, 15, 1, 31]",5,0.4,1.0,0.5714285714285715,1.0,1,2,5,2
smd,group23_evaluation,machine-2-5,sarad_official,2,6,7857,7860,"[12, 8, 29, 13, 32, 14, 9, 28, 37, 26, 11, 36, 16, 7, 17, 3, 4, 2, 30, 21, 0, 34, 25, 6, 20, 24, 15, 35, 23, 19, 5, 10, 18, 22, 33, 27, 31, 1]",1,1.0,0.5,0.6666666666666666,1.0,1,2,1,1
smd,group23_evaluation,machine-2-5,sarad_official,2,6,7857,7860,"[12, 8, 29, 13, 32, 14, 9, 28, 37, 26, 11, 36, 16, 7, 17, 3, 4, 2, 30, 21, 0, 34, 25, 6, 20, 24, 15, 35, 23, 19, 5, 10, 18, 22, 33, 27, 31, 1]",3,0.3333333333333333,0.5,0.4,0.6131471927654584,1,2,3,1
smd,group23_evaluation,machine-2-5,sarad_official,2,6,7857,7860,"[12, 8, 29, 13, 32, 14, 9, 28, 37, 26, 11, 36, 16, 7, 17, 3, 4, 2, 30, 21, 0, 34, 25, 6, 20, 24, 15, 35, 23, 19, 5, 10, 18, 22, 33, 27, 31, 1]",5,0.4,1.0,0.5714285714285715,0.8772153153380493,1,2,5,2
smd,group23_evaluation,machine-2-5,sarad_official,2,7,9297,9300,"[12, 23, 8, 13, 29, 25, 9, 32, 28, 26, 16, 14, 37, 36, 2, 11, 7, 17, 6, 21, 4, 34, 20, 0, 30, 24, 3, 35, 10, 15, 19, 22, 5, 27, 18, 33, 31, 1]",1,1.0,0.5,0.6666666666666666,1.0,1,2,1,1
smd,group23_evaluation,machine-2-5,sarad_official,2,7,9297,9300,"[12, 23, 8, 13, 29, 25, 9, 32, 28, 26, 16, 14, 37, 36, 2, 11, 7, 17, 6, 21, 4, 34, 20, 0, 30, 24, 3, 35, 10, 15, 19, 22, 5, 27, 18, 33, 31, 1]",3,0.3333333333333333,0.5,0.4,0.6131471927654584,1,2,3,1
smd,group23_evaluation,machine-2-5,sarad_official,2,7,9297,9300,"[12, 23, 8, 13, 29, 25, 9, 32, 28, 26, 16, 14, 37, 36, 2, 11, 7, 17, 6, 21, 4, 34, 20, 0, 30, 24, 3, 35, 10, 15, 19, 22, 5, 27, 18, 33, 31, 1]",5,0.4,1.0,0.5714285714285715,0.8772153153380493,1,2,5,2
smd,group23_evaluation,machine-2-5,sarad_official,2,8,10737,10740,"[12, 8, 13, 29, 14, 9, 32, 28, 26, 36, 11, 16, 37, 7, 17, 3, 4, 2, 15, 34, 21, 0, 25, 35, 24, 6, 5, 20, 30, 23, 10, 19, 33, 18, 27, 22, 31, 1]",1,1.0,0.25,0.4,1.0,1,4,1,1
smd,group23_evaluation,machine-2-5,sarad_official,2,8,10737,10740,"[12, 8, 13, 29, 14, 9, 32, 28, 26, 36, 11, 16, 37, 7, 17, 3, 4, 2, 15, 34, 21, 0, 25, 35, 24, 6, 5, 20, 30, 23, 10, 19, 33, 18, 27, 22, 31, 1]",3,1.0,0.75,0.8571428571428571,1.0,1,4,3,3
smd,group23_evaluation,machine-2-5,sarad_official,2,8,10737,10740,"[12, 8, 13, 29, 14, 9, 32, 28, 26, 36, 11, 16, 37, 7, 17, 3, 4, 2, 15, 34, 21, 0, 25, 35, 24, 6, 5, 20, 30, 23, 10, 19, 33, 18, 27, 22, 31, 1]",5,0.8,1.0,0.888888888888889,0.9828920819566879,1,4,5,4
smd,group23_evaluation,machine-2-5,sarad_official,2,9,12094,12120,"[1, 3, 0, 2, 27, 29, 23, 19, 18, 26, 30, 7, 4, 31, 25, 11, 28, 35, 17, 36, 37, 21, 34, 16, 32, 12, 8, 22, 20, 24, 6, 14, 9, 5, 13, 10, 33, 15]",1,1.0,0.16666666666666666,0.2857142857142857,1.0,1,6,1,1
smd,group23_evaluation,machine-2-5,sarad_official,2,9,12094,12120,"[1, 3, 0, 2, 27, 29, 23, 19, 18, 26, 30, 7, 4, 31, 25, 11, 28, 35, 17, 36, 37, 21, 34, 16, 32, 12, 8, 22, 20, 24, 6, 14, 9, 5, 13, 10, 33, 15]",3,1.0,0.5,0.6666666666666666,1.0,1,6,3,3
smd,group23_evaluation,machine-2-5,sarad_official,2,9,12094,12120,"[1, 3, 0, 2, 27, 29, 23, 19, 18, 26, 30, 7, 4, 31, 25, 11, 28, 35, 17, 36, 37, 21, 34, 16, 32, 12, 8, 22, 20, 24, 6, 14, 9, 5, 13, 10, 33, 15]",5,0.8,0.6666666666666666,0.7272727272727272,0.8687949224876582,1,6,5,4
smd,group23_evaluation,machine-2-5,sarad_official,2,10,12176,12183,"[3, 12, 1, 0, 2, 8, 13, 23, 18, 29, 25, 14, 32, 9, 7, 27, 36, 37, 4, 26, 16, 17, 28, 21, 34, 35, 5, 30, 11, 6, 20, 24, 19, 22, 33, 10, 31, 15]",1,0.0,0.0,0.0,0.0,0,3,1,0
smd,group23_evaluation,machine-2-5,sarad_official,2,10,12176,12183,"[3, 12, 1, 0, 2, 8, 13, 23, 18, 29, 25, 14, 32, 9, 7, 27, 36, 37, 4, 26, 16, 17, 28, 21, 34, 35, 5, 30, 11, 6, 20, 24, 19, 22, 33, 10, 31, 15]",3,0.3333333333333333,0.3333333333333333,0.3333333333333333,0.2960819109658652,1,3,3,1
smd,group23_evaluation,machine-2-5,sarad_official,2,10,12176,12183,"[3, 12, 1, 0, 2, 8, 13, 23, 18, 29, 25, 14, 32, 9, 7, 27, 36, 37, 4, 26, 16, 17, 28, 21, 34, 35, 5, 30, 11, 6, 20, 24, 19, 22, 33, 10, 31, 15]",5,0.2,0.3333333333333333,0.25,0.2960819109658652,1,3,5,1
smd,group23_evaluation,machine-2-5,sarad_official,2,11,13616,13619,"[12, 8, 13, 29, 32, 9, 11, 14, 28, 26, 36, 37, 16, 7, 3, 17, 30, 4, 2, 34, 21, 15, 0, 35, 25, 24, 23, 6, 5, 20, 10, 22, 33, 18, 19, 31, 27, 1]",1,1.0,0.25,0.4,1.0,1,4,1,1
smd,group23_evaluation,machine-2-5,sarad_official,2,11,13616,13619,"[12, 8, 13, 29, 32, 9, 11, 14, 28, 26, 36, 37, 16, 7, 3, 17, 30, 4, 2, 34, 21, 15, 0, 35, 25, 24, 23, 6, 5, 20, 10, 22, 33, 18, 19, 31, 27, 1]",3,1.0,0.75,0.8571428571428571,1.0,1,4,3,3
smd,group23_evaluation,machine-2-5,sarad_official,2,11,13616,13619,"[12, 8, 13, 29, 32, 9, 11, 14, 28, 26, 36, 37, 16, 7, 3, 17, 30, 4, 2, 34, 21, 15, 0, 35, 25, 24, 23, 6, 5, 20, 10, 22, 33, 18, 19, 31, 27, 1]",5,0.6,0.75,0.6666666666666665,0.8318724637288826,1,4,5,3
smd,group23_evaluation,machine-2-5,sarad_official,2,12,15056,15059,"[12, 8, 13, 32, 9, 14, 11, 28, 26, 36, 16, 37, 7, 17, 29, 2, 25, 4, 3, 23, 30, 21, 15, 34, 0, 24, 5, 20, 35, 6, 10, 19, 18, 22, 27, 33, 31, 1]",1,1.0,0.25,0.4,1.0,1,4,1,1
smd,group23_evaluation,machine-2-5,sarad_official,2,12,15056,15059,"[12, 8, 13, 32, 9, 14, 11, 28, 26, 36, 16, 37, 7, 17, 29, 2, 25, 4, 3, 23, 30, 21, 15, 34, 0, 24, 5, 20, 35, 6, 10, 19, 18, 22, 27, 33, 31, 1]",3,1.0,0.75,0.8571428571428571,1.0,1,4,3,3
smd,group23_evaluation,machine-2-5,sarad_official,2,12,15056,15059,"[12, 8, 13, 32, 9, 14, 11, 28, 26, 36, 16, 37, 7, 17, 29, 2, 25, 4, 3, 23, 30, 21, 15, 34, 0, 24, 5, 20, 35, 6, 10, 19, 18, 22, 27, 33, 31, 1]",5,0.6,0.75,0.6666666666666665,0.8318724637288826,1,4,5,3
smd,group23_evaluation,machine-2-5,sarad_official,2,13,16524,16549,"[12, 8, 13, 0, 32, 14, 11, 29, 9, 26, 28, 36, 37, 16, 7, 3, 17, 2, 4, 34, 21, 35, 25, 27, 15, 24, 23, 30, 22, 20, 6, 10, 19, 5, 33, 18, 31, 1]",1,1.0,0.2,0.33333333333333337,1.0,1,5,1,1
smd,group23_evaluation,machine-2-5,sarad_official,2,13,16524,16549,"[12, 8, 13, 0, 32, 14, 11, 29, 9, 26, 28, 36, 37, 16, 7, 3, 17, 2, 4, 34, 21, 35, 25, 27, 15, 24, 23, 30, 22, 20, 6, 10, 19, 5, 33, 18, 31, 1]",3,1.0,0.6,0.7499999999999999,1.0,1,5,3,3
smd,group23_evaluation,machine-2-5,sarad_official,2,13,16524,16549,"[12, 8, 13, 0, 32, 14, 11, 29, 9, 26, 28, 36, 37, 16, 7, 3, 17, 2, 4, 34, 21, 35, 25, 27, 15, 24, 23, 30, 22, 20, 6, 10, 19, 5, 33, 18, 31, 1]",5,0.8,0.8,0.8000000000000002,0.8687949224876582,1,5,5,4
smd,group23_evaluation,machine-2-5,sarad_official,2,14,17960,18331,"[0, 12, 11, 14, 8, 13, 29, 26, 28, 7, 37, 36, 16, 4, 17, 23, 25, 27, 32, 35, 34, 9, 5, 10, 3, 21, 24, 20, 6, 19, 31, 2, 22, 30, 33, 15, 18, 1]",1,1.0,0.16666666666666666,0.2857142857142857,1.0,1,6,1,1
smd,group23_evaluation,machine-2-5,sarad_official,2,14,17960,18331,"[0, 12, 11, 14, 8, 13, 29, 26, 28, 7, 37, 36, 16, 4, 17, 23, 25, 27, 32, 35, 34, 9, 5, 10, 3, 21, 24, 20, 6, 19, 31, 2, 22, 30, 33, 15, 18, 1]",3,1.0,0.5,0.6666666666666666,1.0,1,6,3,3
smd,group23_evaluation,machine-2-5,sarad_official,2,14,17960,18331,"[0, 12, 11, 14, 8, 13, 29, 26, 28, 7, 37, 36, 16, 4, 17, 23, 25, 27, 32, 35, 34, 9, 5, 10, 3, 21, 24, 20, 6, 19, 31, 2, 22, 30, 33, 15, 18, 1]",5,1.0,0.8333333333333334,0.9090909090909091,1.0,1,6,5,5
smd,group23_evaluation,machine-2-5,sarad_official,2,15,18592,18701,"[15, 18, 27, 10, 29, 30, 20, 21, 31, 0, 33, 19, 25, 23, 24, 11, 7, 37, 17, 4, 26, 28, 6, 22, 5, 36, 34, 16, 3, 2, 9, 12, 35, 32, 8, 14, 1, 13]",1,1.0,0.1,0.18181818181818182,1.0,1,10,1,1
smd,group23_evaluation,machine-2-5,sarad_official,2,15,18592,18701,"[15, 18, 27, 10, 29, 30, 20, 21, 31, 0, 33, 19, 25, 23, 24, 11, 7, 37, 17, 4, 26, 28, 6, 22, 5, 36, 34, 16, 3, 2, 9, 12, 35, 32, 8, 14, 1, 13]",3,1.0,0.3,0.4615384615384615,1.0,1,10,3,3
smd,group23_evaluation,machine-2-5,sarad_official,2,15,18592,18701,"[15, 18, 27, 10, 29, 30, 20, 21, 31, 0, 33, 19, 25, 23, 24, 11, 7, 37, 17, 4, 26, 28, 6, 22, 5, 36, 34, 16, 3, 2, 9, 12, 35, 32, 8, 14, 1, 13]",5,0.8,0.4,0.5333333333333333,0.8687949224876582,1,10,5,4
smd,group23_evaluation,machine-2-5,sarad_official,2,16,18880,18951,"[28, 15, 10, 29, 3, 0, 27, 31, 18, 30, 20, 21, 2, 24, 22, 1, 34, 35, 4, 7, 26, 6, 23, 19, 33, 11, 37, 25, 5, 9, 14, 13, 36, 32, 12, 16, 8, 17]",1,1.0,0.045454545454545456,0.08695652173913045,1.0,1,22,1,1
smd,group23_evaluation,machine-2-5,sarad_official,2,16,18880,18951,"[28, 15, 10, 29, 3, 0, 27, 31, 18, 30, 20, 21, 2, 24, 22, 1, 34, 35, 4, 7, 26, 6, 23, 19, 33, 11, 37, 25, 5, 9, 14, 13, 36, 32, 12, 16, 8, 17]",3,1.0,0.13636363636363635,0.24000000000000002,1.0,1,22,3,3
smd,group23_evaluation,machine-2-5,sarad_official,2,16,18880,18951,"[28, 15, 10, 29, 3, 0, 27, 31, 18, 30, 20, 21, 2, 24, 22, 1, 34, 35, 4, 7, 26, 6, 23, 19, 33, 11, 37, 25, 5, 9, 14, 13, 36, 32, 12, 16, 8, 17]",5,0.8,0.18181818181818182,0.2962962962962963,0.8539316501572937,1,22,5,4
smd,group23_evaluation,machine-2-5,sarad_official,2,17,19405,19413,"[12, 8, 29, 13, 32, 9, 28, 26, 36, 37, 14, 7, 16, 11, 17, 0, 4, 3, 34, 21, 2, 24, 25, 30, 35, 22, 20, 15, 5, 23, 6, 10, 19, 33, 27, 18, 31, 1]",1,1.0,0.25,0.4,1.0,1,4,1,1
smd,group23_evaluation,machine-2-5,sarad_official,2,17,19405,19413,"[12, 8, 29, 13, 32, 9, 28, 26, 36, 37, 14, 7, 16, 11, 17, 0, 4, 3, 34, 21, 2, 24, 25, 30, 35, 22, 20, 15, 5, 23, 6, 10, 19, 33, 27, 18, 31, 1]",3,0.6666666666666666,0.5,0.5714285714285715,0.7653606369886217,1,4,3,2
smd,group23_evaluation,machine-2-5,sarad_official,2,17,19405,19413,"[12, 8, 29, 13, 32, 9, 28, 26, 36, 37, 14, 7, 16, 11, 17, 0, 4, 3, 34, 21, 2, 24, 25, 30, 35, 22, 20, 15, 5, 23, 6, 10, 19, 33, 27, 18, 31, 1]",5,0.6,0.75,0.6666666666666665,0.8048099750039491,1,4,5,3
smd,group23_evaluation,machine-2-5,sarad_official,2,18,20846,20854,"[12, 8, 13, 29, 14, 32, 9, 26, 28, 36, 37, 16, 11, 7, 17, 0, 25, 4, 3, 2, 23, 21, 34, 30, 35, 15, 24, 5, 20, 6, 10, 22, 19, 27, 33, 18, 31, 1]",1,1.0,0.25,0.4,1.0,1,4,1,1
smd,group23_evaluation,machine-2-5,sarad_official,2,18,20846,20854,"[12, 8, 13, 29, 14, 32, 9, 26, 28, 36, 37, 16, 11, 7, 17, 0, 25, 4, 3, 2, 23, 21, 34, 30, 35, 15, 24, 5, 20, 6, 10, 22, 19, 27, 33, 18, 31, 1]",3,1.0,0.75,0.8571428571428571,1.0,1,4,3,3
smd,group23_evaluation,machine-2-5,sarad_official,2,18,20846,20854,"[12, 8, 13, 29, 14, 32, 9, 26, 28, 36, 37, 16, 11, 7, 17, 0, 25, 4, 3, 2, 23, 21, 34, 30, 35, 15, 24, 5, 20, 6, 10, 22, 19, 27, 33, 18, 31, 1]",5,0.8,1.0,0.888888888888889,0.9828920819566879,1,4,5,4
smd,group23_evaluation,machine-2-5,sarad_official,2,19,22283,22294,"[12, 8, 29, 5, 13, 0, 32, 14, 9, 11, 26, 28, 36, 37, 16, 7, 17, 4, 3, 25, 34, 2, 21, 23, 15, 6, 35, 30, 24, 22, 19, 20, 10, 27, 18, 33, 31, 1]",1,1.0,0.25,0.4,1.0,1,4,1,1
smd,group23_evaluation,machine-2-5,sarad_official,2,19,22283,22294,"[12, 8, 29, 5, 13, 0, 32, 14, 9, 11, 26, 28, 36, 37, 16, 7, 17, 4, 3, 25, 34, 2, 21, 23, 15, 6, 35, 30, 24, 22, 19, 20, 10, 27, 18, 33, 31, 1]",3,0.6666666666666666,0.5,0.5714285714285715,0.7653606369886217,1,4,3,2
smd,group23_evaluation,machine-2-5,sarad_official,2,19,22283,22294,"[12, 8, 29, 5, 13, 0, 32, 14, 9, 11, 26, 28, 36, 37, 16, 7, 17, 4, 3, 25, 34, 2, 21, 23, 15, 6, 35, 30, 24, 22, 19, 20, 10, 27, 18, 33, 31, 1]",5,0.6,0.75,0.6666666666666665,0.787702056960637,1,4,5,3
smd,group23_evaluation,machine-2-5,sarad_official,2,20,23120,23141,"[0, 3, 11, 28, 29, 26, 7, 27, 37, 36, 17, 4, 16, 18, 2, 24, 31, 5, 1, 19, 22, 12, 21, 25, 6, 30, 23, 35, 32, 34, 20, 8, 9, 14, 10, 33, 13, 15]",1,1.0,0.3333333333333333,0.5,1.0,1,3,1,1
smd,group23_evaluation,machine-2-5,sarad_official,2,20,23120,23141,"[0, 3, 11, 28, 29, 26, 7, 27, 37, 36, 17, 4, 16, 18, 2, 24, 31, 5, 1, 19, 22, 12, 21, 25, 6, 30, 23, 35, 32, 34, 20, 8, 9, 14, 10, 33, 13, 15]",3,0.3333333333333333,0.3333333333333333,0.3333333333333333,0.46927872602275644,1,3,3,1
smd,group23_evaluation,machine-2-5,sarad_official,2,20,23120,23141,"[0, 3, 11, 28, 29, 26, 7, 27, 37, 36, 17, 4, 16, 18, 2, 24, 31, 5, 1, 19, 22, 12, 21, 25, 6, 30, 23, 35, 32, 34, 20, 8, 9, 14, 10, 33, 13, 15]",5,0.2,0.3333333333333333,0.25,0.46927872602275644,1,3,5,1
smd,group23_evaluation,machine-2-6,sarad_official,2,0,1170,1205,"[31, 1, 2, 0, 24, 3, 19, 18, 27, 22, 34, 20, 30, 29, 21, 35, 6, 25, 23, 37, 8, 16, 28, 26, 4, 36, 17, 13, 7, 9, 15, 11, 12, 14, 32, 10, 5, 33]",1,1.0,0.05,0.09523809523809523,1.0,1,20,1,1
smd,group23_evaluation,machine-2-6,sarad_official,2,0,1170,1205,"[31, 1, 2, 0, 24, 3, 19, 18, 27, 22, 34, 20, 30, 29, 21, 35, 6, 25, 23, 37, 8, 16, 28, 26, 4, 36, 17, 13, 7, 9, 15, 11, 12, 14, 32, 10, 5, 33]",3,1.0,0.15,0.2608695652173913,1.0,1,20,3,3
smd,group23_evaluation,machine-2-6,sarad_official,2,0,1170,1205,"[31, 1, 2, 0, 24, 3, 19, 18, 27, 22, 34, 20, 30, 29, 21, 35, 6, 25, 23, 37, 8, 16, 28, 26, 4, 36, 17, 13, 7, 9, 15, 11, 12, 14, 32, 10, 5, 33]",5,1.0,0.25,0.4,1.0,1,20,5,5
smd,group23_evaluation,machine-2-6,sarad_official,2,1,8188,8214,"[33, 1, 14, 32, 2, 27, 4, 0, 3, 37, 19, 22, 29, 8, 18, 17, 34, 21, 13, 26, 11, 23, 28, 16, 20, 7, 12, 36, 9, 30, 35, 25, 6, 5, 24, 10, 15, 31]",1,0.0,0.0,0.0,0.0,0,15,1,0
smd,group23_evaluation,machine-2-6,sarad_official,2,1,8188,8214,"[33, 1, 14, 32, 2, 27, 4, 0, 3, 37, 19, 22, 29, 8, 18, 17, 34, 21, 13, 26, 11, 23, 28, 16, 20, 7, 12, 36, 9, 30, 35, 25, 6, 5, 24, 10, 15, 31]",3,0.3333333333333333,0.06666666666666667,0.1111111111111111,0.2960819109658652,1,15,3,1
smd,group23_evaluation,machine-2-6,sarad_official,2,1,8188,8214,"[33, 1, 14, 32, 2, 27, 4, 0, 3, 37, 19, 22, 29, 8, 18, 17, 34, 21, 13, 26, 11, 23, 28, 16, 20, 7, 12, 36, 9, 30, 35, 25, 6, 5, 24, 10, 15, 31]",5,0.4,0.13333333333333333,0.2,0.34519134224686937,1,15,5,2
smd,group23_evaluation,machine-2-6,sarad_official,2,2,8218,8235,"[33, 29, 27, 1, 32, 0, 22, 19, 2, 21, 30, 4, 20, 18, 3, 24, 34, 14, 37, 17, 6, 12, 16, 13, 9, 23, 8, 35, 26, 28, 25, 7, 31, 36, 11, 5, 10, 15]",1,0.0,0.0,0.0,0.0,0,15,1,0
smd,group23_evaluation,machine-2-6,sarad_official,2,2,8218,8235,"[33, 29, 27, 1, 32, 0, 22, 19, 2, 21, 30, 4, 20, 18, 3, 24, 34, 14, 37, 17, 6, 12, 16, 13, 9, 23, 8, 35, 26, 28, 25, 7, 31, 36, 11, 5, 10, 15]",3,0.6666666666666666,0.13333333333333333,0.2222222222222222,0.5307212739772434,1,15,3,2
smd,group23_evaluation,machine-2-6,sarad_official,2,2,8218,8235,"[33, 29, 27, 1, 32, 0, 22, 19, 2, 21, 30, 4, 20, 18, 3, 24, 34, 14, 37, 17, 6, 12, 16, 13, 9, 23, 8, 35, 26, 28, 25, 7, 31, 36, 11, 5, 10, 15]",5,0.6,0.2,0.3,0.5296347172140421,1,15,5,3
smd,group23_evaluation,machine-2-6,sarad_official,2,3,13890,13995,"[33, 11, 1, 2, 3, 9, 14, 12, 13, 10, 8, 22, 27, 32, 7, 17, 29, 36, 6, 23, 28, 26, 37, 4, 20, 16, 19, 25, 0, 21, 18, 34, 30, 24, 35, 15, 5, 31]",1,1.0,0.25,0.4,1.0,1,4,1,1
smd,group23_evaluation,machine-2-6,sarad_official,2,3,13890,13995,"[33, 11, 1, 2, 3, 9, 14, 12, 13, 10, 8, 22, 27, 32, 7, 17, 29, 36, 6, 23, 28, 26, 37, 4, 20, 16, 19, 25, 0, 21, 18, 34, 30, 24, 35, 15, 5, 31]",3,0.6666666666666666,0.5,0.5714285714285715,0.7653606369886217,1,4,3,2
smd,group23_evaluation,machine-2-6,sarad_official,2,3,13890,13995,"[33, 11, 1, 2, 3, 9, 14, 12, 13, 10, 8, 22, 27, 32, 7, 17, 29, 36, 6, 23, 28, 26, 37, 4, 20, 16, 19, 25, 0, 21, 18, 34, 30, 24, 35, 15, 5, 31]",5,0.4,0.5,0.4444444444444445,0.6366824387328317,1,4,5,2
smd,group23_evaluation,machine-2-6,sarad_official,2,4,16720,16743,"[14, 13, 1, 8, 5, 2, 11, 3, 12, 28, 16, 26, 36, 37, 0, 7, 17, 25, 6, 4, 34, 23, 18, 29, 21, 9, 20, 32, 31, 22, 35, 19, 30, 24, 10, 27, 15, 33]",1,0.0,0.0,0.0,0.0,0,3,1,0
smd,group23_evaluation,machine-2-6,sarad_official,2,4,16720,16743,"[14, 13, 1, 8, 5, 2, 11, 3, 12, 28, 16, 26, 36, 37, 0, 7, 17, 25, 6, 4, 34, 23, 18, 29, 21, 9, 20, 32, 31, 22, 35, 19, 30, 24, 10, 27, 15, 33]",3,0.3333333333333333,0.3333333333333333,0.3333333333333333,0.2960819109658652,1,3,3,1
smd,group23_evaluation,machine-2-6,sarad_official,2,4,16720,16743,"[14, 13, 1, 8, 5, 2, 11, 3, 12, 28, 16, 26, 36, 37, 0, 7, 17, 25, 6, 4, 34, 23, 18, 29, 21, 9, 20, 32, 31, 22, 35, 19, 30, 24, 10, 27, 15, 33]",5,0.4,0.6666666666666666,0.5,0.49818925746641285,1,3,5,2
smd,group23_evaluation,machine-2-6,sarad_official,2,5,18122,18125,"[2, 3, 12, 27, 1, 9, 14, 10, 22, 4, 8, 17, 21, 36, 13, 26, 0, 7, 18, 28, 19, 11, 16, 37, 32, 35, 20, 6, 29, 23, 25, 24, 30, 34, 5, 31, 15, 33]",1,0.0,0.0,0.0,0.0,0,2,1,0
smd,group23_evaluation,machine-2-6,sarad_official,2,5,18122,18125,"[2, 3, 12, 27, 1, 9, 14, 10, 22, 4, 8, 17, 21, 36, 13, 26, 0, 7, 18, 28, 19, 11, 16, 37, 32, 35, 20, 6, 29, 23, 25, 24, 30, 34, 5, 31, 15, 33]",3,0.3333333333333333,0.5,0.4,0.3065735963827292,1,2,3,1
smd,group23_evaluation,machine-2-6,sarad_official,2,5,18122,18125,"[2, 3, 12, 27, 1, 9, 14, 10, 22, 4, 8, 17, 21, 36, 13, 26, 0, 7, 18, 28, 19, 11, 16, 37, 32, 35, 20, 6, 29, 23, 25, 24, 30, 34, 5, 31, 15, 33]",5,0.2,0.5,0.28571428571428575,0.3065735963827292,1,2,5,1
smd,group23_evaluation,machine-2-6,sarad_official,2,6,20620,20738,"[0, 14, 11, 8, 13, 1, 12, 9, 2, 3, 5, 27, 7, 28, 37, 26, 29, 36, 16, 17, 19, 4, 21, 23, 25, 6, 35, 20, 31, 10, 15, 18, 32, 34, 30, 24, 22, 33]",1,0.0,0.0,0.0,0.0,0,3,1,0
smd,group23_evaluation,machine-2-6,sarad_official,2,6,20620,20738,"[0, 14, 11, 8, 13, 1, 12, 9, 2, 3, 5, 27, 7, 28, 37, 26, 29, 36, 16, 17, 19, 4, 21, 23, 25, 6, 35, 20, 31, 10, 15, 18, 32, 34, 30, 24, 22, 33]",3,0.3333333333333333,0.3333333333333333,0.3333333333333333,0.23463936301137822,1,3,3,1
smd,group23_evaluation,machine-2-6,sarad_official,2,6,20620,20738,"[0, 14, 11, 8, 13, 1, 12, 9, 2, 3, 5, 27, 7, 28, 37, 26, 29, 36, 16, 17, 19, 4, 21, 23, 25, 6, 35, 20, 31, 10, 15, 18, 32, 34, 30, 24, 22, 33]",5,0.2,0.3333333333333333,0.25,0.23463936301137822,1,3,5,1
smd,group23_evaluation,machine-2-6,sarad_official,2,7,27883,27980,"[32, 31, 1, 29, 27, 22, 0, 34, 18, 30, 6, 2, 20, 24, 21, 19, 25, 35, 23, 3, 15, 33, 5, 10, 4, 14, 37, 12, 11, 8, 16, 9, 28, 13, 7, 17, 36, 26]",1,1.0,0.047619047619047616,0.0909090909090909,1.0,1,21,1,1
smd,group23_evaluation,machine-2-6,sarad_official,2,7,27883,27980,"[32, 31, 1, 29, 27, 22, 0, 34, 18, 30, 6, 2, 20, 24, 21, 19, 25, 35, 23, 3, 15, 33, 5, 10, 4, 14, 37, 12, 11, 8, 16, 9, 28, 13, 7, 17, 36, 26]",3,1.0,0.14285714285714285,0.25,1.0,1,21,3,3
smd,group23_evaluation,machine-2-6,sarad_official,2,7,27883,27980,"[32, 31, 1, 29, 27, 22, 0, 34, 18, 30, 6, 2, 20, 24, 21, 19, 25, 35, 23, 3, 15, 33, 5, 10, 4, 14, 37, 12, 11, 8, 16, 9, 28, 13, 7, 17, 36, 26]",5,1.0,0.23809523809523808,0.3846153846153846,1.0,1,21,5,5
smd,group23_evaluation,machine-2-7,sarad_official,2,0,664,667,"[12, 8, 13, 32, 9, 14, 28, 26, 37, 11, 16, 36, 7, 17, 4, 21, 25, 34, 3, 23, 15, 0, 5, 35, 6, 24, 20, 2, 18, 33, 10, 19, 30, 27, 29, 22, 31, 1]",1,1.0,0.3333333333333333,0.5,1.0,1,3,1,1
smd,group23_evaluation,machine-2-7,sarad_official,2,0,664,667,"[12, 8, 13, 32, 9, 14, 28, 26, 37, 11, 16, 36, 7, 17, 4, 21, 25, 34, 3, 23, 15, 0, 5, 35, 6, 24, 20, 2, 18, 33, 10, 19, 30, 27, 29, 22, 31, 1]",3,1.0,1.0,1.0,1.0,1,3,3,3
smd,group23_evaluation,machine-2-7,sarad_official,2,0,664,667,"[12, 8, 13, 32, 9, 14, 28, 26, 37, 11, 16, 36, 7, 17, 4, 21, 25, 34, 3, 23, 15, 0, 5, 35, 6, 24, 20, 2, 18, 33, 10, 19, 30, 27, 29, 22, 31, 1]",5,0.6,1.0,0.7499999999999999,1.0,1,3,5,3
smd,group23_evaluation,machine-2-7,sarad_official,2,1,2104,2107,"[12, 13, 8, 28, 26, 36, 37, 16, 9, 17, 7, 32, 4, 5, 11, 21, 0, 14, 23, 20, 25, 35, 24, 34, 6, 3, 19, 30, 29, 27, 10, 33, 2, 22, 18, 15, 31, 1]",1,1.0,0.5,0.6666666666666666,1.0,1,2,1,1
smd,group23_evaluation,machine-2-7,sarad_official,2,1,2104,2107,"[12, 13, 8, 28, 26, 36, 37, 16, 9, 17, 7, 32, 4, 5, 11, 21, 0, 14, 23, 20, 25, 35, 24, 34, 6, 3, 19, 30, 29, 27, 10, 33, 2, 22, 18, 15, 31, 1]",3,0.6666666666666666,1.0,0.8,1.0,1,2,3,2
smd,group23_evaluation,machine-2-7,sarad_official,2,1,2104,2107,"[12, 13, 8, 28, 26, 36, 37, 16, 9, 17, 7, 32, 4, 5, 11, 21, 0, 14, 23, 20, 25, 35, 24, 34, 6, 3, 19, 30, 29, 27, 10, 33, 2, 22, 18, 15, 31, 1]",5,0.4,1.0,0.5714285714285715,1.0,1,2,5,2
smd,group23_evaluation,machine-2-7,sarad_official,2,2,3544,3547,"[8, 12, 13, 9, 28, 26, 11, 7, 36, 37, 16, 33, 17, 32, 14, 3, 4, 5, 23, 0, 20, 25, 21, 34, 24, 6, 35, 30, 2, 29, 27, 10, 19, 31, 22, 18, 15, 1]",1,1.0,0.25,0.4,1.0,1,4,1,1
smd,group23_evaluation,machine-2-7,sarad_official,2,2,3544,3547,"[8, 12, 13, 9, 28, 26, 11, 7, 36, 37, 16, 33, 17, 32, 14, 3, 4, 5, 23, 0, 20, 25, 21, 34, 24, 6, 35, 30, 2, 29, 27, 10, 19, 31, 22, 18, 15, 1]",3,1.0,0.75,0.8571428571428571,1.0,1,4,3,3
smd,group23_evaluation,machine-2-7,sarad_official,2,2,3544,3547,"[8, 12, 13, 9, 28, 26, 11, 7, 36, 37, 16, 33, 17, 32, 14, 3, 4, 5, 23, 0, 20, 25, 21, 34, 24, 6, 35, 30, 2, 29, 27, 10, 19, 31, 22, 18, 15, 1]",5,0.6,0.75,0.6666666666666665,0.8318724637288826,1,4,5,3
smd,group23_evaluation,machine-2-7,sarad_official,2,3,4984,4987,"[8, 12, 13, 11, 28, 9, 32, 26, 7, 36, 14, 25, 16, 37, 23, 17, 4, 6, 34, 20, 3, 0, 21, 35, 27, 24, 2, 5, 30, 19, 29, 10, 18, 31, 22, 33, 15, 1]",1,1.0,0.25,0.4,1.0,1,4,1,1
smd,group23_evaluation,machine-2-7,sarad_official,2,3,4984,4987,"[8, 12, 13, 11, 28, 9, 32, 26, 7, 36, 14, 25, 16, 37, 23, 17, 4, 6, 34, 20, 3, 0, 21, 35, 27, 24, 2, 5, 30, 19, 29, 10, 18, 31, 22, 33, 15, 1]",3,1.0,0.75,0.8571428571428571,1.0,1,4,3,3
smd,group23_evaluation,machine-2-7,sarad_official,2,3,4984,4987,"[8, 12, 13, 11, 28, 9, 32, 26, 7, 36, 14, 25, 16, 37, 23, 17, 4, 6, 34, 20, 3, 0, 21, 35, 27, 24, 2, 5, 30, 19, 29, 10, 18, 31, 22, 33, 15, 1]",5,0.6,0.75,0.6666666666666665,0.8318724637288826,1,4,5,3
smd,group23_evaluation,machine-2-7,sarad_official,2,4,6030,6034,"[33, 11, 12, 20, 24, 34, 37, 4, 28, 22, 0, 35, 17, 3, 31, 26, 9, 7, 23, 16, 6, 36, 18, 21, 15, 30, 25, 32, 5, 8, 10, 29, 14, 2, 19, 27, 13, 1]",1,1.0,0.5,0.6666666666666666,1.0,1,2,1,1
smd,group23_evaluation,machine-2-7,sarad_official,2,4,6030,6034,"[33, 11, 12, 20, 24, 34, 37, 4, 28, 22, 0, 35, 17, 3, 31, 26, 9, 7, 23, 16, 6, 36, 18, 21, 15, 30, 25, 32, 5, 8, 10, 29, 14, 2, 19, 27, 13, 1]",3,0.3333333333333333,0.5,0.4,0.6131471927654584,1,2,3,1
smd,group23_evaluation,machine-2-7,sarad_official,2,4,6030,6034,"[33, 11, 12, 20, 24, 34, 37, 4, 28, 22, 0, 35, 17, 3, 31, 26, 9, 7, 23, 16, 6, 36, 18, 21, 15, 30, 25, 32, 5, 8, 10, 29, 14, 2, 19, 27, 13, 1]",5,0.2,0.5,0.28571428571428575,0.6131471927654584,1,2,5,1
smd,group23_evaluation,machine-2-7,sarad_official,2,5,7665,7669,"[29, 11, 28, 26, 16, 36, 7, 37, 17, 25, 6, 4, 9, 12, 23, 8, 3, 35, 24, 20, 0, 21, 30, 32, 19, 34, 10, 5, 27, 14, 2, 22, 18, 13, 31, 33, 15, 1]",1,1.0,1.0,1.0,1.0,1,1,1,1
smd,group23_evaluation,machine-2-7,sarad_official,2,5,7665,7669,"[29, 11, 28, 26, 16, 36, 7, 37, 17, 25, 6, 4, 9, 12, 23, 8, 3, 35, 24, 20, 0, 21, 30, 32, 19, 34, 10, 5, 27, 14, 2, 22, 18, 13, 31, 33, 15, 1]",3,0.3333333333333333,1.0,0.5,1.0,1,1,3,1
smd,group23_evaluation,machine-2-7,sarad_official,2,5,7665,7669,"[29, 11, 28, 26, 16, 36, 7, 37, 17, 25, 6, 4, 9, 12, 23, 8, 3, 35, 24, 20, 0, 21, 30, 32, 19, 34, 10, 5, 27, 14, 2, 22, 18, 13, 31, 33, 15, 1]",5,0.2,1.0,0.33333333333333337,1.0,1,1,5,1
smd,group23_evaluation,machine-2-7,sarad_official,2,6,7863,7867,"[12, 8, 9, 32, 29, 14, 28, 26, 16, 7, 36, 37, 11, 17, 13, 4, 21, 25, 15, 3, 34, 0, 6, 2, 20, 30, 24, 27, 35, 23, 19, 18, 10, 33, 5, 22, 31, 1]",1,1.0,0.25,0.4,1.0,1,4,1,1
smd,group23_evaluation,machine-2-7,sarad_official,2,6,7863,7867,"[12, 8, 9, 32, 29, 14, 28, 26, 16, 7, 36, 37, 11, 17, 13, 4, 21, 25, 15, 3, 34, 0, 6, 2, 20, 30, 24, 27, 35, 23, 19, 18, 10, 33, 5, 22, 31, 1]",3,0.6666666666666666,0.5,0.5714285714285715,0.7653606369886217,1,4,3,2
smd,group23_evaluation,machine-2-7,sarad_official,2,6,7863,7867,"[12, 8, 9, 32, 29, 14, 28, 26, 16, 7, 36, 37, 11, 17, 13, 4, 21, 25, 15, 3, 34, 0, 6, 2, 20, 30, 24, 27, 35, 23, 19, 18, 10, 33, 5, 22, 31, 1]",5,0.4,0.5,0.4444444444444445,0.6366824387328317,1,4,5,2
smd,group23_evaluation,machine-2-7,sarad_official,2,7,9304,9307,"[12, 8, 23, 25, 13, 9, 32, 11, 28, 16, 14, 26, 7, 29, 36, 17, 37, 21, 4, 2, 6, 34, 27, 20, 0, 24, 3, 15, 35, 30, 10, 19, 22, 18, 33, 5, 31, 1]",1,1.0,0.25,0.4,1.0,1,4,1,1
smd,group23_evaluation,machine-2-7,sarad_official,2,7,9304,9307,"[12, 8, 23, 25, 13, 9, 32, 11, 28, 16, 14, 26, 7, 29, 36, 17, 37, 21, 4, 2, 6, 34, 27, 20, 0, 24, 3, 15, 35, 30, 10, 19, 22, 18, 33, 5, 31, 1]",3,0.6666666666666666,0.5,0.5714285714285715,0.7653606369886217,1,4,3,2
smd,group23_evaluation,machine-2-7,sarad_official,2,7,9304,9307,"[12, 8, 23, 25, 13, 9, 32, 11, 28, 16, 14, 26, 7, 29, 36, 17, 37, 21, 4, 2, 6, 34, 27, 20, 0, 24, 3, 15, 35, 30, 10, 19, 22, 18, 33, 5, 31, 1]",5,0.6,0.75,0.6666666666666665,0.787702056960637,1,4,5,3
smd,group23_evaluation,machine-2-7,sarad_official,2,8,10744,10747,"[12, 8, 13, 9, 32, 14, 28, 26, 16, 7, 11, 36, 37, 17, 29, 4, 15, 3, 34, 21, 2, 25, 0, 20, 6, 24, 35, 23, 27, 30, 18, 5, 10, 33, 19, 22, 31, 1]",1,1.0,0.25,0.4,1.0,1,4,1,1
smd,group23_evaluation,machine-2-7,sarad_official,2,8,10744,10747,"[12, 8, 13, 9, 32, 14, 28, 26, 16, 7, 11, 36, 37, 17, 29, 4, 15, 3, 34, 21, 2, 25, 0, 20, 6, 24, 35, 23, 27, 30, 18, 5, 10, 33, 19, 22, 31, 1]",3,1.0,0.75,0.8571428571428571,1.0,1,4,3,3
smd,group23_evaluation,machine-2-7,sarad_official,2,8,10744,10747,"[12, 8, 13, 9, 32, 14, 28, 26, 16, 7, 11, 36, 37, 17, 29, 4, 15, 3, 34, 21, 2, 25, 0, 20, 6, 24, 35, 23, 27, 30, 18, 5, 10, 33, 19, 22, 31, 1]",5,0.6,0.75,0.6666666666666665,0.8318724637288826,1,4,5,3
smd,group23_evaluation,machine-2-7,sarad_official,2,9,12099,12127,"[1, 3, 0, 2, 27, 23, 29, 19, 26, 7, 18, 30, 4, 28, 31, 17, 35, 36, 25, 37, 12, 11, 16, 21, 32, 34, 8, 20, 22, 24, 14, 6, 9, 10, 5, 13, 15, 33]",1,1.0,0.16666666666666666,0.2857142857142857,1.0,1,6,1,1
smd,group23_evaluation,machine-2-7,sarad_official,2,9,12099,12127,"[1, 3, 0, 2, 27, 23, 29, 19, 26, 7, 18, 30, 4, 28, 31, 17, 35, 36, 25, 37, 12, 11, 16, 21, 32, 34, 8, 20, 22, 24, 14, 6, 9, 10, 5, 13, 15, 33]",3,1.0,0.5,0.6666666666666666,1.0,1,6,3,3
smd,group23_evaluation,machine-2-7,sarad_official,2,9,12099,12127,"[1, 3, 0, 2, 27, 23, 29, 19, 26, 7, 18, 30, 4, 28, 31, 17, 35, 36, 25, 37, 12, 11, 16, 21, 32, 34, 8, 20, 22, 24, 14, 6, 9, 10, 5, 13, 15, 33]",5,0.8,0.6666666666666666,0.7272727272727272,0.8687949224876582,1,6,5,4
smd,group23_evaluation,machine-2-7,sarad_official,2,10,13623,13625,"[8, 12, 13, 32, 14, 9, 28, 11, 26, 36, 16, 7, 29, 37, 17, 4, 3, 25, 21, 34, 6, 5, 0, 30, 20, 2, 35, 24, 23, 15, 10, 27, 19, 22, 18, 33, 31, 1]",1,1.0,0.25,0.4,1.0,1,4,1,1
smd,group23_evaluation,machine-2-7,sarad_official,2,10,13623,13625,"[8, 12, 13, 32, 14, 9, 28, 11, 26, 36, 16, 7, 29, 37, 17, 4, 3, 25, 21, 34, 6, 5, 0, 30, 20, 2, 35, 24, 23, 15, 10, 27, 19, 22, 18, 33, 31, 1]",3,1.0,0.75,0.8571428571428571,1.0,1,4,3,3
smd,group23_evaluation,machine-2-7,sarad_official,2,10,13623,13625,"[8, 12, 13, 32, 14, 9, 28, 11, 26, 36, 16, 7, 29, 37, 17, 4, 3, 25, 21, 34, 6, 5, 0, 30, 20, 2, 35, 24, 23, 15, 10, 27, 19, 22, 18, 33, 31, 1]",5,0.8,1.0,0.888888888888889,0.9828920819566879,1,4,5,4
smd,group23_evaluation,machine-2-7,sarad_official,2,11,14934,14938,"[33, 28, 26, 16, 36, 37, 7, 17, 4, 25, 3, 8, 9, 6, 11, 12, 32, 29, 20, 0, 24, 21, 35, 5, 30, 23, 19, 34, 27, 10, 2, 14, 22, 13, 31, 18, 15, 1]",1,1.0,0.5,0.6666666666666666,1.0,1,2,1,1
smd,group23_evaluation,machine-2-7,sarad_official,2,11,14934,14938,"[33, 28, 26, 16, 36, 37, 7, 17, 4, 25, 3, 8, 9, 6, 11, 12, 32, 29, 20, 0, 24, 21, 35, 5, 30, 23, 19, 34, 27, 10, 2, 14, 22, 13, 31, 18, 15, 1]",3,0.3333333333333333,0.5,0.4,0.6131471927654584,1,2,3,1
smd,group23_evaluation,machine-2-7,sarad_official,2,11,14934,14938,"[33, 28, 26, 16, 36, 37, 7, 17, 4, 25, 3, 8, 9, 6, 11, 12, 32, 29, 20, 0, 24, 21, 35, 5, 30, 23, 19, 34, 27, 10, 2, 14, 22, 13, 31, 18, 15, 1]",5,0.2,0.5,0.28571428571428575,0.6131471927654584,1,2,5,1
smd,group23_evaluation,machine-2-7,sarad_official,2,12,15063,15066,"[12, 8, 13, 32, 9, 14, 28, 26, 16, 36, 7, 11, 37, 17, 4, 25, 21, 15, 34, 3, 23, 2, 0, 30, 20, 24, 6, 29, 5, 18, 22, 35, 27, 10, 19, 33, 31, 1]",1,1.0,0.25,0.4,1.0,1,4,1,1
smd,group23_evaluation,machine-2-7,sarad_official,2,12,15063,15066,"[12, 8, 13, 32, 9, 14, 28, 26, 16, 36, 7, 11, 37, 17, 4, 25, 21, 15, 34, 3, 23, 2, 0, 30, 20, 24, 6, 29, 5, 18, 22, 35, 27, 10, 19, 33, 31, 1]",3,1.0,0.75,0.8571428571428571,1.0,1,4,3,3
smd,group23_evaluation,machine-2-7,sarad_official,2,12,15063,15066,"[12, 8, 13, 32, 9, 14, 28, 26, 16, 36, 7, 11, 37, 17, 4, 25, 21, 15, 34, 3, 23, 2, 0, 30, 20, 24, 6, 29, 5, 18, 22, 35, 27, 10, 19, 33, 31, 1]",5,0.6,0.75,0.6666666666666665,0.8318724637288826,1,4,5,3
smd,group23_evaluation,machine-2-7,sarad_official,2,13,16534,16557,"[12, 8, 14, 32, 0, 9, 13, 11, 28, 26, 36, 7, 16, 37, 17, 21, 27, 34, 3, 4, 29, 25, 23, 2, 22, 35, 15, 24, 6, 20, 30, 19, 10, 33, 18, 5, 31, 1]",1,1.0,0.25,0.4,1.0,1,4,1,1
smd,group23_evaluation,machine-2-7,sarad_official,2,13,16534,16557,"[12, 8, 14, 32, 0, 9, 13, 11, 28, 26, 36, 7, 16, 37, 17, 21, 27, 34, 3, 4, 29, 25, 23, 2, 22, 35, 15, 24, 6, 20, 30, 19, 10, 33, 18, 5, 31, 1]",3,1.0,0.75,0.8571428571428571,1.0,1,4,3,3
smd,group23_evaluation,machine-2-7,sarad_official,2,13,16534,16557,"[12, 8, 14, 32, 0, 9, 13, 11, 28, 26, 36, 7, 16, 37, 17, 21, 27, 34, 3, 4, 29, 25, 23, 2, 22, 35, 15, 24, 6, 20, 30, 19, 10, 33, 18, 5, 31, 1]",5,0.6,0.75,0.6666666666666665,0.8318724637288826,1,4,5,3
smd,group23_evaluation,machine-2-7,sarad_official,2,14,17978,17981,"[12, 8, 14, 13, 11, 32, 9, 28, 36, 16, 26, 7, 34, 17, 37, 21, 4, 15, 25, 3, 23, 30, 2, 0, 10, 22, 6, 18, 24, 20, 35, 19, 29, 27, 33, 5, 31, 1]",1,1.0,0.25,0.4,1.0,1,4,1,1
smd,group23_evaluation,machine-2-7,sarad_official,2,14,17978,17981,"[12, 8, 14, 13, 11, 32, 9, 28, 36, 16, 26, 7, 34, 17, 37, 21, 4, 15, 25, 3, 23, 30, 2, 0, 10, 22, 6, 18, 24, 20, 35, 19, 29, 27, 33, 5, 31, 1]",3,1.0,0.75,0.8571428571428571,1.0,1,4,3,3
smd,group23_evaluation,machine-2-7,sarad_official,2,14,17978,17981,"[12, 8, 14, 13, 11, 32, 9, 28, 36, 16, 26, 7, 34, 17, 37, 21, 4, 15, 25, 3, 23, 30, 2, 0, 10, 22, 6, 18, 24, 20, 35, 19, 29, 27, 33, 5, 31, 1]",5,0.8,1.0,0.888888888888889,1.0,1,4,5,4
smd,group23_evaluation,machine-2-7,sarad_official,2,15,18639,18944,"[28, 15, 10, 29, 3, 27, 31, 0, 18, 20, 30, 21, 2, 24, 22, 34, 35, 1, 7, 4, 12, 5, 26, 6, 23, 25, 19, 37, 33, 11, 9, 36, 16, 17, 14, 32, 8, 13]",1,1.0,0.047619047619047616,0.0909090909090909,1.0,1,21,1,1
smd,group23_evaluation,machine-2-7,sarad_official,2,15,18639,18944,"[28, 15, 10, 29, 3, 27, 31, 0, 18, 20, 30, 21, 2, 24, 22, 34, 35, 1, 7, 4, 12, 5, 26, 6, 23, 25, 19, 37, 33, 11, 9, 36, 16, 17, 14, 32, 8, 13]",3,1.0,0.14285714285714285,0.25,1.0,1,21,3,3
smd,group23_evaluation,machine-2-7,sarad_official,2,15,18639,18944,"[28, 15, 10, 29, 3, 27, 31, 0, 18, 20, 30, 21, 2, 24, 22, 34, 35, 1, 7, 4, 12, 5, 26, 6, 23, 25, 19, 37, 33, 11, 9, 36, 16, 17, 14, 32, 8, 13]",5,0.8,0.19047619047619047,0.3076923076923077,0.8539316501572937,1,21,5,4
smd,group23_evaluation,machine-2-7,sarad_official,2,16,19411,19418,"[12, 8, 5, 32, 9, 14, 11, 28, 7, 37, 36, 26, 16, 17, 4, 15, 21, 34, 0, 25, 27, 22, 29, 3, 24, 13, 18, 23, 33, 20, 2, 35, 6, 19, 30, 10, 31, 1]",1,1.0,0.25,0.4,1.0,1,4,1,1
smd,group23_evaluation,machine-2-7,sarad_official,2,16,19411,19418,"[12, 8, 5, 32, 9, 14, 11, 28, 7, 37, 36, 26, 16, 17, 4, 15, 21, 34, 0, 25, 27, 22, 29, 3, 24, 13, 18, 23, 33, 20, 2, 35, 6, 19, 30, 10, 31, 1]",3,0.6666666666666666,0.5,0.5714285714285715,0.7653606369886217,1,4,3,2
smd,group23_evaluation,machine-2-7,sarad_official,2,16,19411,19418,"[12, 8, 5, 32, 9, 14, 11, 28, 7, 37, 36, 26, 16, 17, 4, 15, 21, 34, 0, 25, 27, 22, 29, 3, 24, 13, 18, 23, 33, 20, 2, 35, 6, 19, 30, 10, 31, 1]",5,0.4,0.5,0.4444444444444445,0.6366824387328317,1,4,5,2
smd,group23_evaluation,machine-2-7,sarad_official,2,17,20853,20857,"[12, 8, 32, 9, 5, 14, 28, 26, 7, 16, 36, 37, 13, 25, 17, 4, 34, 11, 21, 23, 0, 3, 2, 20, 6, 24, 15, 35, 33, 22, 29, 18, 27, 19, 30, 10, 31, 1]",1,1.0,0.25,0.4,1.0,1,4,1,1
smd,group23_evaluation,machine-2-7,sarad_official,2,17,20853,20857,"[12, 8, 32, 9, 5, 14, 28, 26, 7, 16, 36, 37, 13, 25, 17, 4, 34, 11, 21, 23, 0, 3, 2, 20, 6, 24, 15, 35, 33, 22, 29, 18, 27, 19, 30, 10, 31, 1]",3,0.6666666666666666,0.5,0.5714285714285715,0.7653606369886217,1,4,3,2
smd,group23_evaluation,machine-2-7,sarad_official,2,17,20853,20857,"[12, 8, 32, 9, 5, 14, 28, 26, 7, 16, 36, 37, 13, 25, 17, 4, 34, 11, 21, 23, 0, 3, 2, 20, 6, 24, 15, 35, 33, 22, 29, 18, 27, 19, 30, 10, 31, 1]",5,0.4,0.5,0.4444444444444445,0.6366824387328317,1,4,5,2
smd,group23_evaluation,machine-2-7,sarad_official,2,18,22291,22296,"[8, 12, 5, 9, 14, 28, 11, 26, 36, 7, 32, 37, 16, 17, 4, 13, 3, 34, 25, 21, 0, 6, 29, 23, 20, 2, 24, 15, 27, 35, 22, 19, 30, 10, 18, 33, 31, 1]",1,1.0,0.25,0.4,1.0,1,4,1,1
smd,group23_evaluation,machine-2-7,sarad_official,2,18,22291,22296,"[8, 12, 5, 9, 14, 28, 11, 26, 36, 7, 32, 37, 16, 17, 4, 13, 3, 34, 25, 21, 0, 6, 29, 23, 20, 2, 24, 15, 27, 35, 22, 19, 30, 10, 18, 33, 31, 1]",3,0.6666666666666666,0.5,0.5714285714285715,0.7653606369886217,1,4,3,2
smd,group23_evaluation,machine-2-7,sarad_official,2,18,22291,22296,"[8, 12, 5, 9, 14, 28, 11, 26, 36, 7, 32, 37, 16, 17, 4, 13, 3, 34, 25, 21, 0, 6, 29, 23, 20, 2, 24, 15, 27, 35, 22, 19, 30, 10, 18, 33, 31, 1]",5,0.6,0.75,0.6666666666666665,0.787702056960637,1,4,5,3
smd,group23_evaluation,machine-2-7,sarad_official,2,19,22924,22927,"[9, 23, 5, 19, 27, 29, 32, 36, 10, 25, 22, 34, 26, 28, 12, 7, 24, 35, 30, 2, 20, 16, 21, 11, 4, 18, 6, 17, 37, 0, 31, 13, 3, 8, 15, 33, 1, 14]",1,1.0,1.0,1.0,1.0,1,1,1,1
smd,group23_evaluation,machine-2-7,sarad_official,2,19,22924,22927,"[9, 23, 5, 19, 27, 29, 32, 36, 10, 25, 22, 34, 26, 28, 12, 7, 24, 35, 30, 2, 20, 16, 21, 11, 4, 18, 6, 17, 37, 0, 31, 13, 3, 8, 15, 33, 1, 14]",3,0.3333333333333333,1.0,0.5,1.0,1,1,3,1
smd,group23_evaluation,machine-2-7,sarad_official,2,19,22924,22927,"[9, 23, 5, 19, 27, 29, 32, 36, 10, 25, 22, 34, 26, 28, 12, 7, 24, 35, 30, 2, 20, 16, 21, 11, 4, 18, 6, 17, 37, 0, 31, 13, 3, 8, 15, 33, 1, 14]",5,0.2,1.0,0.33333333333333337,1.0,1,1,5,1
smd,group23_evaluation,machine-2-8,sarad_official,2,0,17580,17741,"[28, 3, 2, 9, 15, 8, 16, 14, 0, 19, 18, 29, 1, 27, 13, 30, 33, 31, 17, 20, 10, 21, 34, 35, 32, 4, 23, 25, 12, 22, 11, 6, 5, 26, 24, 7, 37, 36]",1,1.0,0.029411764705882353,0.05714285714285715,1.0,1,34,1,1
smd,group23_evaluation,machine-2-8,sarad_official,2,0,17580,17741,"[28, 3, 2, 9, 15, 8, 16, 14, 0, 19, 18, 29, 1, 27, 13, 30, 33, 31, 17, 20, 10, 21, 34, 35, 32, 4, 23, 25, 12, 22, 11, 6, 5, 26, 24, 7, 37, 36]",3,1.0,0.08823529411764706,0.1621621621621622,1.0,1,34,3,3
smd,group23_evaluation,machine-2-8,sarad_official,2,0,17580,17741,"[28, 3, 2, 9, 15, 8, 16, 14, 0, 19, 18, 29, 1, 27, 13, 30, 33, 31, 17, 20, 10, 21, 34, 35, 32, 4, 23, 25, 12, 22, 11, 6, 5, 26, 24, 7, 37, 36]",5,1.0,0.14705882352941177,0.25641025641025644,1.0,1,34,5,5
smd,group23_evaluation,machine-2-9,sarad_official,2,0,15131,15253,"[24, 19, 1, 3, 18, 33, 27, 2, 35, 21, 34, 6, 30, 20, 26, 28, 17, 16, 0, 7, 37, 36, 31, 10, 15, 4, 32, 25, 29, 23, 9, 11, 12, 5, 8, 22, 14, 13]",1,0.0,0.0,0.0,0.0,0,12,1,0
smd,group23_evaluation,machine-2-9,sarad_official,2,0,15131,15253,"[24, 19, 1, 3, 18, 33, 27, 2, 35, 21, 34, 6, 30, 20, 26, 28, 17, 16, 0, 7, 37, 36, 31, 10, 15, 4, 32, 25, 29, 23, 9, 11, 12, 5, 8, 22, 14, 13]",3,0.6666666666666666,0.16666666666666666,0.26666666666666666,0.5307212739772434,1,12,3,2
smd,group23_evaluation,machine-2-9,sarad_official,2,0,15131,15253,"[24, 19, 1, 3, 18, 33, 27, 2, 35, 21, 34, 6, 30, 20, 26, 28, 17, 16, 0, 7, 37, 36, 31, 10, 15, 4, 32, 25, 29, 23, 9, 11, 12, 5, 8, 22, 14, 13]",5,0.8,0.3333333333333333,0.47058823529411764,0.6608397947263839,1,12,5,4
smd,group23_evaluation,machine-2-9,sarad_official,2,1,15598,16012,"[9, 14, 8, 11, 1, 24, 3, 27, 33, 2, 18, 12, 23, 19, 10, 6, 15, 21, 35, 13, 22, 37, 26, 34, 7, 5, 17, 28, 36, 25, 4, 30, 16, 20, 0, 32, 29, 31]",1,1.0,0.05555555555555555,0.10526315789473684,1.0,1,18,1,1
smd,group23_evaluation,machine-2-9,sarad_official,2,1,15598,16012,"[9, 14, 8, 11, 1, 24, 3, 27, 33, 2, 18, 12, 23, 19, 10, 6, 15, 21, 35, 13, 22, 37, 26, 34, 7, 5, 17, 28, 36, 25, 4, 30, 16, 20, 0, 32, 29, 31]",3,1.0,0.16666666666666666,0.2857142857142857,1.0,1,18,3,3
smd,group23_evaluation,machine-2-9,sarad_official,2,1,15598,16012,"[9, 14, 8, 11, 1, 24, 3, 27, 33, 2, 18, 12, 23, 19, 10, 6, 15, 21, 35, 13, 22, 37, 26, 34, 7, 5, 17, 28, 36, 25, 4, 30, 16, 20, 0, 32, 29, 31]",5,1.0,0.2777777777777778,0.4347826086956522,1.0,1,18,5,5
smd,group23_evaluation,machine-2-9,sarad_official,2,2,16729,16982,"[9, 11, 14, 23, 8, 34, 1, 27, 13, 35, 12, 24, 18, 19, 7, 10, 15, 3, 25, 29, 2, 26, 33, 4, 21, 22, 30, 6, 37, 5, 17, 36, 31, 28, 20, 0, 32, 16]",1,1.0,0.125,0.2222222222222222,1.0,1,8,1,1
smd,group23_evaluation,machine-2-9,sarad_official,2,2,16729,16982,"[9, 11, 14, 23, 8, 34, 1, 27, 13, 35, 12, 24, 18, 19, 7, 10, 15, 3, 25, 29, 2, 26, 33, 4, 21, 22, 30, 6, 37, 5, 17, 36, 31, 28, 20, 0, 32, 16]",3,1.0,0.375,0.5454545454545454,1.0,1,8,3,3
smd,group23_evaluation,machine-2-9,sarad_official,2,2,16729,16982,"[9, 11, 14, 23, 8, 34, 1, 27, 13, 35, 12, 24, 18, 19, 7, 10, 15, 3, 25, 29, 2, 26, 33, 4, 21, 22, 30, 6, 37, 5, 17, 36, 31, 28, 20, 0, 32, 16]",5,0.8,0.5,0.6153846153846154,0.8539316501572937,1,8,5,4
smd,group23_evaluation,machine-2-9,sarad_official,2,3,17083,17286,"[22, 24, 31, 19, 1, 2, 18, 25, 21, 23, 27, 32, 3, 30, 0, 20, 34, 35, 6, 33, 17, 16, 26, 29, 4, 37, 10, 28, 7, 36, 9, 15, 12, 11, 5, 8, 14, 13]",1,1.0,0.05,0.09523809523809523,1.0,1,20,1,1
smd,group23_evaluation,machine-2-9,sarad_official,2,3,17083,17286,"[22, 24, 31, 19, 1, 2, 18, 25, 21, 23, 27, 32, 3, 30, 0, 20, 34, 35, 6, 33, 17, 16, 26, 29, 4, 37, 10, 28, 7, 36, 9, 15, 12, 11, 5, 8, 14, 13]",3,1.0,0.15,0.2608695652173913,1.0,1,20,3,3
smd,group23_evaluation,machine-2-9,sarad_official,2,3,17083,17286,"[22, 24, 31, 19, 1, 2, 18, 25, 21, 23, 27, 32, 3, 30, 0, 20, 34, 35, 6, 33, 17, 16, 26, 29, 4, 37, 10, 28, 7, 36, 9, 15, 12, 11, 5, 8, 14, 13]",5,1.0,0.25,0.4,1.0,1,20,5,5
smd,group23_evaluation,machine-2-9,sarad_official,2,4,17914,18096,"[11, 14, 9, 12, 33, 10, 15, 8, 6, 13, 24, 7, 4, 1, 26, 37, 27, 28, 16, 36, 17, 32, 23, 35, 0, 21, 25, 2, 34, 3, 22, 20, 5, 19, 30, 29, 18, 31]",1,1.0,0.2,0.33333333333333337,1.0,1,5,1,1
smd,group23_evaluation,machine-2-9,sarad_official,2,4,17914,18096,"[11, 14, 9, 12, 33, 10, 15, 8, 6, 13, 24, 7, 4, 1, 26, 37, 27, 28, 16, 36, 17, 32, 23, 35, 0, 21, 25, 2, 34, 3, 22, 20, 5, 19, 30, 29, 18, 31]",3,0.6666666666666666,0.4,0.5,0.7653606369886217,1,5,3,2
smd,group23_evaluation,machine-2-9,sarad_official,2,4,17914,18096,"[11, 14, 9, 12, 33, 10, 15, 8, 6, 13, 24, 7, 4, 1, 26, 37, 27, 28, 16, 36, 17, 32, 23, 35, 0, 21, 25, 2, 34, 3, 22, 20, 5, 19, 30, 29, 18, 31]",5,0.6,0.6,0.6,0.6992148198508501,1,5,5,3
smd,group23_evaluation,machine-2-9,sarad_official,2,5,19157,19501,"[9, 14, 11, 8, 12, 13, 33, 23, 27, 7, 15, 26, 37, 4, 24, 25, 10, 6, 29, 28, 17, 3, 36, 22, 16, 18, 1, 20, 32, 0, 34, 19, 21, 2, 35, 30, 5, 31]",1,1.0,0.1111111111111111,0.19999999999999998,1.0,1,9,1,1
smd,group23_evaluation,machine-2-9,sarad_official,2,5,19157,19501,"[9, 14, 11, 8, 12, 13, 33, 23, 27, 7, 15, 26, 37, 4, 24, 25, 10, 6, 29, 28, 17, 3, 36, 22, 16, 18, 1, 20, 32, 0, 34, 19, 21, 2, 35, 30, 5, 31]",3,1.0,0.3333333333333333,0.5,1.0,1,9,3,3
smd,group23_evaluation,machine-2-9,sarad_official,2,5,19157,19501,"[9, 14, 11, 8, 12, 13, 33, 23, 27, 7, 15, 26, 37, 4, 24, 25, 10, 6, 29, 28, 17, 3, 36, 22, 16, 18, 1, 20, 32, 0, 34, 19, 21, 2, 35, 30, 5, 31]",5,1.0,0.5555555555555556,0.7142857142857143,1.0,1,9,5,5
smd,group23_evaluation,machine-2-9,sarad_official,2,6,20615,20845,"[9, 11, 14, 1, 23, 12, 8, 33, 13, 27, 24, 7, 6, 15, 10, 26, 4, 25, 17, 18, 28, 37, 22, 19, 16, 36, 3, 2, 29, 21, 5, 35, 30, 0, 34, 31, 32, 20]",1,1.0,0.125,0.2222222222222222,1.0,1,8,1,1
smd,group23_evaluation,machine-2-9,sarad_official,2,6,20615,20845,"[9, 11, 14, 1, 23, 12, 8, 33, 13, 27, 24, 7, 6, 15, 10, 26, 4, 25, 17, 18, 28, 37, 22, 19, 16, 36, 3, 2, 29, 21, 5, 35, 30, 0, 34, 31, 32, 20]",3,1.0,0.375,0.5454545454545454,1.0,1,8,3,3
smd,group23_evaluation,machine-2-9,sarad_official,2,6,20615,20845,"[9, 11, 14, 1, 23, 12, 8, 33, 13, 27, 24, 7, 6, 15, 10, 26, 4, 25, 17, 18, 28, 37, 22, 19, 16, 36, 3, 2, 29, 21, 5, 35, 30, 0, 34, 31, 32, 20]",5,0.6,0.375,0.4615384615384615,0.7227265726449519,1,8,5,3
smd,group23_evaluation,machine-2-9,sarad_official,2,7,24475,24478,"[8, 12, 14, 1, 33, 9, 13, 2, 15, 3, 32, 26, 28, 36, 16, 17, 7, 37, 34, 10, 11, 4, 23, 6, 20, 25, 35, 21, 0, 24, 27, 29, 31, 5, 30, 22, 18, 19]",1,1.0,0.25,0.4,1.0,1,4,1,1
smd,group23_evaluation,machine-2-9,sarad_official,2,7,24475,24478,"[8, 12, 14, 1, 33, 9, 13, 2, 15, 3, 32, 26, 28, 36, 16, 17, 7, 37, 34, 10, 11, 4, 23, 6, 20, 25, 35, 21, 0, 24, 27, 29, 31, 5, 30, 22, 18, 19]",3,1.0,0.75,0.8571428571428571,1.0,1,4,3,3
smd,group23_evaluation,machine-2-9,sarad_official,2,7,24475,24478,"[8, 12, 14, 1, 33, 9, 13, 2, 15, 3, 32, 26, 28, 36, 16, 17, 7, 37, 34, 10, 11, 4, 23, 6, 20, 25, 35, 21, 0, 24, 27, 29, 31, 5, 30, 22, 18, 19]",5,0.6,0.75,0.6666666666666665,0.8318724637288826,1,4,5,3
smd,group23_evaluation,machine-2-9,sarad_official,2,8,25904,25906,"[8, 14, 12, 13, 33, 1, 9, 3, 32, 26, 36, 28, 34, 2, 16, 37, 17, 7, 11, 21, 0, 30, 18, 4, 6, 20, 15, 10, 23, 25, 35, 24, 31, 29, 5, 19, 27, 22]",1,1.0,0.25,0.4,1.0,1,4,1,1
smd,group23_evaluation,machine-2-9,sarad_official,2,8,25904,25906,"[8, 14, 12, 13, 33, 1, 9, 3, 32, 26, 36, 28, 34, 2, 16, 37, 17, 7, 11, 21, 0, 30, 18, 4, 6, 20, 15, 10, 23, 25, 35, 24, 31, 29, 5, 19, 27, 22]",3,1.0,0.75,0.8571428571428571,1.0,1,4,3,3
smd,group23_evaluation,machine-2-9,sarad_official,2,8,25904,25906,"[8, 14, 12, 13, 33, 1, 9, 3, 32, 26, 36, 28, 34, 2, 16, 37, 17, 7, 11, 21, 0, 30, 18, 4, 6, 20, 15, 10, 23, 25, 35, 24, 31, 29, 5, 19, 27, 22]",5,0.8,1.0,0.888888888888889,1.0,1,4,5,4
smd,group23_evaluation,machine-2-9,sarad_official,2,9,27356,27358,"[8, 12, 14, 13, 33, 9, 15, 1, 2, 26, 3, 32, 36, 28, 16, 10, 17, 37, 7, 4, 34, 6, 11, 21, 20, 23, 25, 24, 35, 0, 31, 27, 30, 29, 18, 5, 19, 22]",1,1.0,0.25,0.4,1.0,1,4,1,1
smd,group23_evaluation,machine-2-9,sarad_official,2,9,27356,27358,"[8, 12, 14, 13, 33, 9, 15, 1, 2, 26, 3, 32, 36, 28, 16, 10, 17, 37, 7, 4, 34, 6, 11, 21, 20, 23, 25, 24, 35, 0, 31, 27, 30, 29, 18, 5, 19, 22]",3,1.0,0.75,0.8571428571428571,1.0,1,4,3,3
smd,group23_evaluation,machine-2-9,sarad_official,2,9,27356,27358,"[8, 12, 14, 13, 33, 9, 15, 1, 2, 26, 3, 32, 36, 28, 16, 10, 17, 37, 7, 4, 34, 6, 11, 21, 20, 23, 25, 24, 35, 0, 31, 27, 30, 29, 18, 5, 19, 22]",5,0.8,1.0,0.888888888888889,1.0,1,4,5,4
smd,group23_evaluation,machine-3-1,sarad_official,2,0,1209,1240,"[25, 23, 22, 10, 27, 18, 31, 8, 9, 13, 15, 20, 5, 11, 19, 14, 16, 21, 12, 32, 7, 28, 37, 30, 0, 26, 17, 36, 34, 4, 24, 6, 3, 2, 35, 29, 33, 1]",1,1.0,0.08333333333333333,0.15384615384615385,1.0,1,12,1,1
smd,group23_evaluation,machine-3-1,sarad_official,2,0,1209,1240,"[25, 23, 22, 10, 27, 18, 31, 8, 9, 13, 15, 20, 5, 11, 19, 14, 16, 21, 12, 32, 7, 28, 37, 30, 0, 26, 17, 36, 34, 4, 24, 6, 3, 2, 35, 29, 33, 1]",3,1.0,0.25,0.4,1.0,1,12,3,3
smd,group23_evaluation,machine-3-1,sarad_official,2,0,1209,1240,"[25, 23, 22, 10, 27, 18, 31, 8, 9, 13, 15, 20, 5, 11, 19, 14, 16, 21, 12, 32, 7, 28, 37, 30, 0, 26, 17, 36, 34, 4, 24, 6, 3, 2, 35, 29, 33, 1]",5,0.8,0.3333333333333333,0.47058823529411764,0.8539316501572937,1,12,5,4
smd,group23_evaluation,machine-3-1,sarad_official,2,1,5399,5530,"[26, 10, 32, 33, 25, 15, 23, 34, 35, 27, 7, 3, 13, 18, 22, 2, 19, 31, 4, 29, 28, 20, 1, 21, 30, 5, 14, 24, 0, 37, 11, 6, 8, 12, 36, 9, 16, 17]",1,1.0,0.3333333333333333,0.5,1.0,1,3,1,1
smd,group23_evaluation,machine-3-1,sarad_official,2,1,5399,5530,"[26, 10, 32, 33, 25, 15, 23, 34, 35, 27, 7, 3, 13, 18, 22, 2, 19, 31, 4, 29, 28, 20, 1, 21, 30, 5, 14, 24, 0, 37, 11, 6, 8, 12, 36, 9, 16, 17]",3,0.6666666666666666,0.6666666666666666,0.6666666666666666,0.7039180890341347,1,3,3,2
smd,group23_evaluation,machine-3-1,sarad_official,2,1,5399,5530,"[26, 10, 32, 33, 25, 15, 23, 34, 35, 27, 7, 3, 13, 18, 22, 2, 19, 31, 4, 29, 28, 20, 1, 21, 30, 5, 14, 24, 0, 37, 11, 6, 8, 12, 36, 9, 16, 17]",5,0.6,1.0,0.7499999999999999,0.9060254355346823,1,3,5,3
smd,group23_evaluation,machine-3-1,sarad_official,2,2,10696,10717,"[10, 1, 15, 0, 11, 13, 12, 14, 9, 18, 8, 5, 27, 2, 20, 3, 7, 21, 19, 30, 32, 37, 26, 28, 17, 16, 36, 4, 35, 22, 29, 34, 31, 23, 33, 6, 24, 25]",1,0.0,0.0,0.0,0.0,0,8,1,0
smd,group23_evaluation,machine-3-1,sarad_official,2,2,10696,10717,"[10, 1, 15, 0, 11, 13, 12, 14, 9, 18, 8, 5, 27, 2, 20, 3, 7, 21, 19, 30, 32, 37, 26, 28, 17, 16, 36, 4, 35, 22, 29, 34, 31, 23, 33, 6, 24, 25]",3,0.3333333333333333,0.125,0.18181818181818182,0.2960819109658652,1,8,3,1
smd,group23_evaluation,machine-3-1,sarad_official,2,2,10696,10717,"[10, 1, 15, 0, 11, 13, 12, 14, 9, 18, 8, 5, 27, 2, 20, 3, 7, 21, 19, 30, 32, 37, 26, 28, 17, 16, 36, 4, 35, 22, 29, 34, 31, 23, 33, 6, 24, 25]",5,0.4,0.25,0.3076923076923077,0.36005461457723403,1,8,5,2
smd,group23_evaluation,machine-3-1,sarad_official,2,3,27839,27964,"[1, 34, 27, 0, 2, 35, 3, 31, 18, 19, 20, 21, 30, 10, 15, 5, 9, 22, 13, 11, 4, 25, 23, 12, 29, 7, 14, 24, 8, 37, 6, 17, 16, 32, 36, 26, 28, 33]",1,1.0,0.06666666666666667,0.125,1.0,1,15,1,1
smd,group23_evaluation,machine-3-1,sarad_official,2,3,27839,27964,"[1, 34, 27, 0, 2, 35, 3, 31, 18, 19, 20, 21, 30, 10, 15, 5, 9, 22, 13, 11, 4, 25, 23, 12, 29, 7, 14, 24, 8, 37, 6, 17, 16, 32, 36, 26, 28, 33]",3,1.0,0.2,0.33333333333333337,1.0,1,15,3,3
smd,group23_evaluation,machine-3-1,sarad_official,2,3,27839,27964,"[1, 34, 27, 0, 2, 35, 3, 31, 18, 19, 20, 21, 30, 10, 15, 5, 9, 22, 13, 11, 4, 25, 23, 12, 29, 7, 14, 24, 8, 37, 6, 17, 16, 32, 36, 26, 28, 33]",5,1.0,0.3333333333333333,0.5,1.0,1,15,5,5
smd,group23_evaluation,machine-3-10,sarad_official,2,0,326,329,"[32, 33, 3, 2, 12, 4, 11, 37, 26, 28, 8, 25, 16, 7, 36, 17, 5, 22, 9, 10, 24, 23, 35, 27, 34, 21, 30, 13, 1, 20, 14, 19, 6, 0, 15, 29, 18, 31]",1,1.0,0.5,0.6666666666666666,1.0,1,2,1,1
smd,group23_evaluation,machine-3-10,sarad_official,2,0,326,329,"[32, 33, 3, 2, 12, 4, 11, 37, 26, 28, 8, 25, 16, 7, 36, 17, 5, 22, 9, 10, 24, 23, 35, 27, 34, 21, 30, 13, 1, 20, 14, 19, 6, 0, 15, 29, 18, 31]",3,0.6666666666666666,1.0,0.8,1.0,1,2,3,2
smd,group23_evaluation,machine-3-10,sarad_official,2,0,326,329,"[32, 33, 3, 2, 12, 4, 11, 37, 26, 28, 8, 25, 16, 7, 36, 17, 5, 22, 9, 10, 24, 23, 35, 27, 34, 21, 30, 13, 1, 20, 14, 19, 6, 0, 15, 29, 18, 31]",5,0.4,1.0,0.5714285714285715,1.0,1,2,5,2
smd,group23_evaluation,machine-3-10,sarad_official,2,1,2155,2228,"[12, 5, 11, 8, 33, 14, 3, 13, 9, 7, 26, 18, 28, 37, 17, 4, 16, 36, 2, 27, 0, 25, 23, 20, 29, 1, 21, 35, 34, 19, 6, 24, 32, 10, 22, 30, 31, 15]",1,1.0,0.2,0.33333333333333337,1.0,1,5,1,1
smd,group23_evaluation,machine-3-10,sarad_official,2,1,2155,2228,"[12, 5, 11, 8, 33, 14, 3, 13, 9, 7, 26, 18, 28, 37, 17, 4, 16, 36, 2, 27, 0, 25, 23, 20, 29, 1, 21, 35, 34, 19, 6, 24, 32, 10, 22, 30, 31, 15]",3,0.6666666666666666,0.4,0.5,0.7039180890341347,1,5,3,2
smd,group23_evaluation,machine-3-10,sarad_official,2,1,2155,2228,"[12, 5, 11, 8, 33, 14, 3, 13, 9, 7, 26, 18, 28, 37, 17, 4, 16, 36, 2, 27, 0, 25, 23, 20, 29, 1, 21, 35, 34, 19, 6, 24, 32, 10, 22, 30, 31, 15]",5,0.6,0.6,0.6,0.6548086577531307,1,5,5,3
smd,group23_evaluation,machine-3-10,sarad_official,2,2,2875,2951,"[33, 34, 5, 32, 7, 26, 28, 37, 36, 16, 2, 4, 17, 3, 25, 0, 11, 9, 24, 8, 1, 6, 12, 35, 21, 20, 14, 30, 29, 23, 10, 22, 19, 18, 27, 13, 31, 15]",1,0.0,0.0,0.0,0.0,0,8,1,0
smd,group23_evaluation,machine-3-10,sarad_official,2,2,2875,2951,"[33, 34, 5, 32, 7, 26, 28, 37, 36, 16, 2, 4, 17, 3, 25, 0, 11, 9, 24, 8, 1, 6, 12, 35, 21, 20, 14, 30, 29, 23, 10, 22, 19, 18, 27, 13, 31, 15]",3,0.3333333333333333,0.125,0.18181818181818182,0.2960819109658652,1,8,3,1
smd,group23_evaluation,machine-3-10,sarad_official,2,2,2875,2951,"[33, 34, 5, 32, 7, 26, 28, 37, 36, 16, 2, 4, 17, 3, 25, 0, 11, 9, 24, 8, 1, 6, 12, 35, 21, 20, 14, 30, 29, 23, 10, 22, 19, 18, 27, 13, 31, 15]",5,0.2,0.125,0.15384615384615385,0.21398626473452756,1,8,5,1
smd,group23_evaluation,machine-3-10,sarad_official,2,3,3596,3599,"[12, 33, 5, 8, 11, 14, 26, 28, 9, 7, 16, 3, 36, 37, 0, 17, 4, 25, 20, 23, 2, 24, 6, 21, 35, 34, 32, 29, 13, 1, 19, 10, 22, 27, 30, 15, 18, 31]",1,1.0,0.2,0.33333333333333337,1.0,1,5,1,1
smd,group23_evaluation,machine-3-10,sarad_official,2,3,3596,3599,"[12, 33, 5, 8, 11, 14, 26, 28, 9, 7, 16, 3, 36, 37, 0, 17, 4, 25, 20, 23, 2, 24, 6, 21, 35, 34, 32, 29, 13, 1, 19, 10, 22, 27, 30, 15, 18, 31]",3,0.3333333333333333,0.2,0.25,0.46927872602275644,1,5,3,1
smd,group23_evaluation,machine-3-10,sarad_official,2,3,3596,3599,"[12, 33, 5, 8, 11, 14, 26, 28, 9, 7, 16, 3, 36, 37, 0, 17, 4, 25, 20, 23, 2, 24, 6, 21, 35, 34, 32, 29, 13, 1, 19, 10, 22, 27, 30, 15, 18, 31]",5,0.6,0.6,0.6,0.6164336326286644,1,5,5,3
smd,group23_evaluation,machine-3-10,sarad_official,2,4,6486,6498,"[12, 11, 0, 8, 5, 28, 26, 9, 3, 7, 37, 2, 16, 14, 36, 17, 4, 27, 25, 21, 34, 1, 20, 13, 23, 24, 35, 19, 6, 29, 33, 10, 32, 22, 30, 18, 15, 31]",1,1.0,0.25,0.4,1.0,1,4,1,1
smd,group23_evaluation,machine-3-10,sarad_official,2,4,6486,6498,"[12, 11, 0, 8, 5, 28, 26, 9, 3, 7, 37, 2, 16, 14, 36, 17, 4, 27, 25, 21, 34, 1, 20, 13, 23, 24, 35, 19, 6, 29, 33, 10, 32, 22, 30, 18, 15, 31]",3,0.6666666666666666,0.5,0.5714285714285715,0.7653606369886217,1,4,3,2
smd,group23_evaluation,machine-3-10,sarad_official,2,4,6486,6498,"[12, 11, 0, 8, 5, 28, 26, 9, 3, 7, 37, 2, 16, 14, 36, 17, 4, 27, 25, 21, 34, 1, 20, 13, 23, 24, 35, 19, 6, 29, 33, 10, 32, 22, 30, 18, 15, 31]",5,0.6,0.75,0.6666666666666665,0.8048099750039491,1,4,5,3
smd,group23_evaluation,machine-3-10,sarad_official,2,5,7891,7901,"[12, 5, 8, 11, 0, 28, 26, 7, 9, 16, 37, 36, 3, 17, 4, 20, 27, 14, 25, 2, 24, 6, 21, 23, 33, 1, 32, 13, 29, 34, 10, 35, 19, 30, 22, 18, 15, 31]",1,1.0,0.25,0.4,1.0,1,4,1,1
smd,group23_evaluation,machine-3-10,sarad_official,2,5,7891,7901,"[12, 5, 8, 11, 0, 28, 26, 7, 9, 16, 37, 36, 3, 17, 4, 20, 27, 14, 25, 2, 24, 6, 21, 23, 33, 1, 32, 13, 29, 34, 10, 35, 19, 30, 22, 18, 15, 31]",3,0.6666666666666666,0.5,0.5714285714285715,0.7039180890341347,1,4,3,2
smd,group23_evaluation,machine-3-10,sarad_official,2,5,7891,7901,"[12, 5, 8, 11, 0, 28, 26, 7, 9, 16, 37, 36, 3, 17, 4, 20, 27, 14, 25, 2, 24, 6, 21, 23, 33, 1, 32, 13, 29, 34, 10, 35, 19, 30, 22, 18, 15, 31]",5,0.6,0.75,0.6666666666666665,0.75369761125927,1,4,5,3
smd,group23_evaluation,machine-3-10,sarad_official,2,6,9336,9347,"[12, 5, 8, 0, 3, 9, 28, 26, 11, 7, 16, 36, 37, 17, 4, 2, 20, 14, 27, 25, 34, 24, 21, 6, 35, 23, 32, 1, 29, 19, 33, 22, 10, 13, 18, 30, 15, 31]",1,1.0,0.25,0.4,1.0,1,4,1,1
smd,group23_evaluation,machine-3-10,sarad_official,2,6,9336,9347,"[12, 5, 8, 0, 3, 9, 28, 26, 11, 7, 16, 36, 37, 17, 4, 2, 20, 14, 27, 25, 34, 24, 21, 6, 35, 23, 32, 1, 29, 19, 33, 22, 10, 13, 18, 30, 15, 31]",3,0.6666666666666666,0.5,0.5714285714285715,0.7039180890341347,1,4,3,2
smd,group23_evaluation,machine-3-10,sarad_official,2,6,9336,9347,"[12, 5, 8, 0, 3, 9, 28, 26, 11, 7, 16, 36, 37, 17, 4, 2, 20, 14, 27, 25, 34, 24, 21, 6, 35, 23, 32, 1, 29, 19, 33, 22, 10, 13, 18, 30, 15, 31]",5,0.4,0.5,0.4444444444444445,0.5855700749881525,1,4,5,2
smd,group23_evaluation,machine-3-10,sarad_official,2,7,10772,10782,"[12, 5, 8, 11, 28, 7, 3, 26, 9, 16, 37, 0, 36, 17, 2, 4, 20, 25, 27, 14, 6, 24, 21, 35, 33, 23, 32, 34, 29, 1, 22, 13, 19, 10, 30, 18, 15, 31]",1,1.0,0.25,0.4,1.0,1,4,1,1
smd,group23_evaluation,machine-3-10,sarad_official,2,7,10772,10782,"[12, 5, 8, 11, 28, 7, 3, 26, 9, 16, 37, 0, 36, 17, 2, 4, 20, 25, 27, 14, 6, 24, 21, 35, 33, 23, 32, 34, 29, 1, 22, 13, 19, 10, 30, 18, 15, 31]",3,0.6666666666666666,0.5,0.5714285714285715,0.7039180890341347,1,4,3,2
smd,group23_evaluation,machine-3-10,sarad_official,2,7,10772,10782,"[12, 5, 8, 11, 28, 7, 3, 26, 9, 16, 37, 0, 36, 17, 2, 4, 20, 25, 27, 14, 6, 24, 21, 35, 33, 23, 32, 34, 29, 1, 22, 13, 19, 10, 30, 18, 15, 31]",5,0.6,0.75,0.6666666666666665,0.75369761125927,1,4,5,3
smd,group23_evaluation,machine-3-10,sarad_official,2,8,12219,12228,"[12, 5, 8, 3, 28, 26, 7, 9, 16, 36, 37, 11, 0, 17, 2, 4, 20, 14, 27, 25, 21, 24, 6, 23, 32, 35, 34, 19, 29, 1, 33, 13, 10, 22, 18, 30, 31, 15]",1,1.0,0.25,0.4,1.0,1,4,1,1
smd,group23_evaluation,machine-3-10,sarad_official,2,8,12219,12228,"[12, 5, 8, 3, 28, 26, 7, 9, 16, 36, 37, 11, 0, 17, 2, 4, 20, 14, 27, 25, 21, 24, 6, 23, 32, 35, 34, 19, 29, 1, 33, 13, 10, 22, 18, 30, 31, 15]",3,0.6666666666666666,0.5,0.5714285714285715,0.7039180890341347,1,4,3,2
smd,group23_evaluation,machine-3-10,sarad_official,2,8,12219,12228,"[12, 5, 8, 3, 28, 26, 7, 9, 16, 36, 37, 11, 0, 17, 2, 4, 20, 14, 27, 25, 21, 24, 6, 23, 32, 35, 34, 19, 29, 1, 33, 13, 10, 22, 18, 30, 31, 15]",5,0.4,0.5,0.4444444444444445,0.5855700749881525,1,4,5,2
smd,group23_evaluation,machine-3-10,sarad_official,2,9,13148,13441,"[1, 0, 2, 3, 24, 15, 33, 10, 32, 30, 25, 21, 23, 5, 34, 26, 37, 27, 22, 13, 7, 28, 4, 16, 20, 36, 17, 19, 12, 11, 18, 35, 9, 29, 8, 6, 14, 31]",1,1.0,0.05263157894736842,0.1,1.0,1,19,1,1
smd,group23_evaluation,machine-3-10,sarad_official,2,9,13148,13441,"[1, 0, 2, 3, 24, 15, 33, 10, 32, 30, 25, 21, 23, 5, 34, 26, 37, 27, 22, 13, 7, 28, 4, 16, 20, 36, 17, 19, 12, 11, 18, 35, 9, 29, 8, 6, 14, 31]",3,1.0,0.15789473684210525,0.2727272727272727,1.0,1,19,3,3
smd,group23_evaluation,machine-3-10,sarad_official,2,9,13148,13441,"[1, 0, 2, 3, 24, 15, 33, 10, 32, 30, 25, 21, 23, 5, 34, 26, 37, 27, 22, 13, 7, 28, 4, 16, 20, 36, 17, 19, 12, 11, 18, 35, 9, 29, 8, 6, 14, 31]",5,1.0,0.2631578947368421,0.4166666666666667,1.0,1,19,5,5
smd,group23_evaluation,machine-3-10,sarad_official,2,10,14655,14673,"[6, 29, 34, 25, 26, 5, 28, 16, 37, 36, 7, 17, 4, 23, 30, 3, 2, 24, 35, 21, 12, 20, 19, 8, 33, 9, 32, 1, 11, 0, 14, 10, 22, 31, 27, 15, 13, 18]",1,1.0,0.08333333333333333,0.15384615384615385,1.0,1,12,1,1
smd,group23_evaluation,machine-3-10,sarad_official,2,10,14655,14673,"[6, 29, 34, 25, 26, 5, 28, 16, 37, 36, 7, 17, 4, 23, 30, 3, 2, 24, 35, 21, 12, 20, 19, 8, 33, 9, 32, 1, 11, 0, 14, 10, 22, 31, 27, 15, 13, 18]",3,1.0,0.25,0.4,1.0,1,12,3,3
smd,group23_evaluation,machine-3-10,sarad_official,2,10,14655,14673,"[6, 29, 34, 25, 26, 5, 28, 16, 37, 36, 7, 17, 4, 23, 30, 3, 2, 24, 35, 21, 12, 20, 19, 8, 33, 9, 32, 1, 11, 0, 14, 10, 22, 31, 27, 15, 13, 18]",5,0.8,0.3333333333333333,0.47058823529411764,0.8687949224876582,1,12,5,4
smd,group23_evaluation,machine-3-10,sarad_official,2,11,21500,21601,"[15, 10, 2, 0, 24, 3, 1, 22, 21, 30, 27, 19, 18, 20, 29, 5, 32, 34, 25, 17, 23, 6, 14, 35, 37, 13, 26, 7, 12, 11, 36, 16, 28, 4, 31, 9, 33, 8]",1,1.0,0.07142857142857142,0.13333333333333333,1.0,1,14,1,1
smd,group23_evaluation,machine-3-10,sarad_official,2,11,21500,21601,"[15, 10, 2, 0, 24, 3, 1, 22, 21, 30, 27, 19, 18, 20, 29, 5, 32, 34, 25, 17, 23, 6, 14, 35, 37, 13, 26, 7, 12, 11, 36, 16, 28, 4, 31, 9, 33, 8]",3,1.0,0.21428571428571427,0.35294117647058826,1.0,1,14,3,3
smd,group23_evaluation,machine-3-10,sarad_official,2,11,21500,21601,"[15, 10, 2, 0, 24, 3, 1, 22, 21, 30, 27, 19, 18, 20, 29, 5, 32, 34, 25, 17, 23, 6, 14, 35, 37, 13, 26, 7, 12, 11, 36, 16, 28, 4, 31, 9, 33, 8]",5,1.0,0.35714285714285715,0.5263157894736842,1.0,1,14,5,5
smd,group23_evaluation,machine-3-10,sarad_official,2,12,21785,22213,"[15, 10, 0, 2, 24, 3, 1, 30, 21, 23, 27, 20, 25, 22, 5, 19, 6, 13, 18, 26, 37, 4, 7, 28, 17, 16, 36, 33, 35, 14, 34, 32, 11, 9, 29, 12, 8, 31]",1,1.0,0.07142857142857142,0.13333333333333333,1.0,1,14,1,1
smd,group23_evaluation,machine-3-10,sarad_official,2,12,21785,22213,"[15, 10, 0, 2, 24, 3, 1, 30, 21, 23, 27, 20, 25, 22, 5, 19, 6, 13, 18, 26, 37, 4, 7, 28, 17, 16, 36, 33, 35, 14, 34, 32, 11, 9, 29, 12, 8, 31]",3,1.0,0.21428571428571427,0.35294117647058826,1.0,1,14,3,3
smd,group23_evaluation,machine-3-10,sarad_official,2,12,21785,22213,"[15, 10, 0, 2, 24, 3, 1, 30, 21, 23, 27, 20, 25, 22, 5, 19, 6, 13, 18, 26, 37, 4, 7, 28, 17, 16, 36, 33, 35, 14, 34, 32, 11, 9, 29, 12, 8, 31]",5,1.0,0.35714285714285715,0.5263157894736842,1.0,1,14,5,5
smd,group23_evaluation,machine-3-11,sarad_official,2,0,21230,21296,"[31, 3, 1, 2, 15, 0, 18, 6, 9, 4, 5, 13, 25, 29, 33, 23, 27, 22, 19, 30, 10, 21, 20, 11, 34, 35, 12, 36, 32, 26, 17, 7, 24, 37, 8, 28, 16, 14]",1,1.0,0.043478260869565216,0.08333333333333333,1.0,1,23,1,1
smd,group23_evaluation,machine-3-11,sarad_official,2,0,21230,21296,"[31, 3, 1, 2, 15, 0, 18, 6, 9, 4, 5, 13, 25, 29, 33, 23, 27, 22, 19, 30, 10, 21, 20, 11, 34, 35, 12, 36, 32, 26, 17, 7, 24, 37, 8, 28, 16, 14]",3,1.0,0.13043478260869565,0.23076923076923078,1.0,1,23,3,3
smd,group23_evaluation,machine-3-11,sarad_official,2,0,21230,21296,"[31, 3, 1, 2, 15, 0, 18, 6, 9, 4, 5, 13, 25, 29, 33, 23, 27, 22, 19, 30, 10, 21, 20, 11, 34, 35, 12, 36, 32, 26, 17, 7, 24, 37, 8, 28, 16, 14]",5,1.0,0.21739130434782608,0.3571428571428571,1.0,1,23,5,5
smd,group23_evaluation,machine-3-11,sarad_official,2,1,27825,27951,"[15, 31, 1, 0, 3, 2, 13, 18, 22, 33, 23, 25, 20, 11, 27, 21, 19, 34, 30, 4, 35, 36, 12, 29, 6, 9, 26, 7, 5, 17, 37, 16, 24, 32, 28, 10, 8, 14]",1,0.0,0.0,0.0,0.0,0,20,1,0
smd,group23_evaluation,machine-3-11,sarad_official,2,1,27825,27951,"[15, 31, 1, 0, 3, 2, 13, 18, 22, 33, 23, 25, 20, 11, 27, 21, 19, 34, 30, 4, 35, 36, 12, 29, 6, 9, 26, 7, 5, 17, 37, 16, 24, 32, 28, 10, 8, 14]",3,0.6666666666666666,0.1,0.1739130434782609,0.5307212739772434,1,20,3,2
smd,group23_evaluation,machine-3-11,sarad_official,2,1,27825,27951,"[15, 31, 1, 0, 3, 2, 13, 18, 22, 33, 23, 25, 20, 11, 27, 21, 19, 34, 30, 4, 35, 36, 12, 29, 6, 9, 26, 7, 5, 17, 37, 16, 24, 32, 28, 10, 8, 14]",5,0.8,0.2,0.32000000000000006,0.6608397947263839,1,20,5,4
smd,group23_evaluation,machine-3-11,sarad_official,2,2,27995,28001,"[15, 3, 31, 30, 1, 18, 25, 9, 0, 23, 6, 13, 20, 2, 36, 10, 33, 27, 19, 5, 22, 29, 21, 34, 35, 4, 32, 12, 26, 11, 7, 17, 16, 28, 24, 8, 37, 14]",1,0.0,0.0,0.0,0.0,0,2,1,0
smd,group23_evaluation,machine-3-11,sarad_official,2,2,27995,28001,"[15, 3, 31, 30, 1, 18, 25, 9, 0, 23, 6, 13, 20, 2, 36, 10, 33, 27, 19, 5, 22, 29, 21, 34, 35, 4, 32, 12, 26, 11, 7, 17, 16, 28, 24, 8, 37, 14]",3,0.0,0.0,0.0,0.0,0,2,3,0
smd,group23_evaluation,machine-3-11,sarad_official,2,2,27995,28001,"[15, 3, 31, 30, 1, 18, 25, 9, 0, 23, 6, 13, 20, 2, 36, 10, 33, 27, 19, 5, 22, 29, 21, 34, 35, 4, 32, 12, 26, 11, 7, 17, 16, 28, 24, 8, 37, 14]",5,0.0,0.0,0.0,0.0,0,2,5,0
smd,group23_evaluation,machine-3-2,sarad_official,2,0,135,161,"[11, 27, 30, 21, 19, 20, 29, 12, 31, 34, 35, 9, 18, 26, 32, 28, 7, 37, 36, 16, 17, 15, 0, 2, 4, 24, 25, 3, 8, 33, 23, 6, 14, 1, 22, 5, 10, 13]",1,1.0,0.25,0.4,1.0,1,4,1,1
smd,group23_evaluation,machine-3-2,sarad_official,2,0,135,161,"[11, 27, 30, 21, 19, 20, 29, 12, 31, 34, 35, 9, 18, 26, 32, 28, 7, 37, 36, 16, 17, 15, 0, 2, 4, 24, 25, 3, 8, 33, 23, 6, 14, 1, 22, 5, 10, 13]",3,0.3333333333333333,0.25,0.28571428571428575,0.46927872602275644,1,4,3,1
smd,group23_evaluation,machine-3-2,sarad_official,2,0,135,161,"[11, 27, 30, 21, 19, 20, 29, 12, 31, 34, 35, 9, 18, 26, 32, 28, 7, 37, 36, 16, 17, 15, 0, 2, 4, 24, 25, 3, 8, 33, 23, 6, 14, 1, 22, 5, 10, 13]",5,0.2,0.25,0.22222222222222224,0.3903800499921017,1,4,5,1
smd,group23_evaluation,machine-3-2,sarad_official,2,1,3080,3917,"[16, 27, 29, 19, 20, 30, 21, 31, 18, 12, 2, 34, 8, 3, 35, 1, 13, 32, 0, 15, 7, 37, 26, 14, 24, 11, 22, 28, 17, 36, 4, 9, 23, 25, 5, 6, 33, 10]",1,1.0,0.25,0.4,1.0,1,4,1,1
smd,group23_evaluation,machine-3-2,sarad_official,2,1,3080,3917,"[16, 27, 29, 19, 20, 30, 21, 31, 18, 12, 2, 34, 8, 3, 35, 1, 13, 32, 0, 15, 7, 37, 26, 14, 24, 11, 22, 28, 17, 36, 4, 9, 23, 25, 5, 6, 33, 10]",3,0.3333333333333333,0.25,0.28571428571428575,0.46927872602275644,1,4,3,1
smd,group23_evaluation,machine-3-2,sarad_official,2,1,3080,3917,"[16, 27, 29, 19, 20, 30, 21, 31, 18, 12, 2, 34, 8, 3, 35, 1, 13, 32, 0, 15, 7, 37, 26, 14, 24, 11, 22, 28, 17, 36, 4, 9, 23, 25, 5, 6, 33, 10]",5,0.2,0.25,0.22222222222222224,0.3903800499921017,1,4,5,1
smd,group23_evaluation,machine-3-2,sarad_official,2,2,9139,9144,"[18, 17, 7, 34, 27, 23, 3, 21, 19, 29, 20, 30, 36, 1, 26, 31, 9, 0, 2, 28, 37, 32, 5, 15, 25, 35, 8, 4, 10, 22, 12, 33, 11, 16, 13, 6, 14, 24]",1,0.0,0.0,0.0,0.0,0,4,1,0
smd,group23_evaluation,machine-3-2,sarad_official,2,2,9139,9144,"[18, 17, 7, 34, 27, 23, 3, 21, 19, 29, 20, 30, 36, 1, 26, 31, 9, 0, 2, 28, 37, 32, 5, 15, 25, 35, 8, 4, 10, 22, 12, 33, 11, 16, 13, 6, 14, 24]",3,0.3333333333333333,0.25,0.28571428571428575,0.2960819109658652,1,4,3,1
smd,group23_evaluation,machine-3-2,sarad_official,2,2,9139,9144,"[18, 17, 7, 34, 27, 23, 3, 21, 19, 29, 20, 30, 36, 1, 26, 31, 9, 0, 2, 28, 37, 32, 5, 15, 25, 35, 8, 4, 10, 22, 12, 33, 11, 16, 13, 6, 14, 24]",5,0.2,0.25,0.22222222222222224,0.24630238874073,1,4,5,1
smd,group23_evaluation,machine-3-2,sarad_official,2,3,9199,9204,"[13, 14, 11, 17, 29, 7, 22, 35, 34, 18, 3, 27, 25, 31, 8, 21, 4, 20, 32, 19, 10, 2, 15, 30, 1, 26, 28, 33, 23, 24, 36, 6, 37, 9, 0, 12, 5, 16]",1,1.0,0.3333333333333333,0.5,1.0,1,3,1,1
smd,group23_evaluation,machine-3-2,sarad_official,2,3,9199,9204,"[13, 14, 11, 17, 29, 7, 22, 35, 34, 18, 3, 27, 25, 31, 8, 21, 4, 20, 32, 19, 10, 2, 15, 30, 1, 26, 28, 33, 23, 24, 36, 6, 37, 9, 0, 12, 5, 16]",3,0.3333333333333333,0.3333333333333333,0.3333333333333333,0.46927872602275644,1,3,3,1
smd,group23_evaluation,machine-3-2,sarad_official,2,3,9199,9204,"[13, 14, 11, 17, 29, 7, 22, 35, 34, 18, 3, 27, 25, 31, 8, 21, 4, 20, 32, 19, 10, 2, 15, 30, 1, 26, 28, 33, 23, 24, 36, 6, 37, 9, 0, 12, 5, 16]",5,0.2,0.3333333333333333,0.25,0.46927872602275644,1,3,5,1
smd,group23_evaluation,machine-3-2,sarad_official,2,4,15577,15582,"[19, 3, 29, 27, 21, 2, 31, 30, 34, 20, 35, 0, 8, 13, 15, 32, 1, 26, 28, 16, 7, 18, 24, 36, 37, 17, 12, 4, 33, 11, 25, 22, 6, 9, 14, 5, 23, 10]",1,0.0,0.0,0.0,0.0,0,5,1,0
smd,group23_evaluation,machine-3-2,sarad_official,2,4,15577,15582,"[19, 3, 29, 27, 21, 2, 31, 30, 34, 20, 35, 0, 8, 13, 15, 32, 1, 26, 28, 16, 7, 18, 24, 36, 37, 17, 12, 4, 33, 11, 25, 22, 6, 9, 14, 5, 23, 10]",3,0.0,0.0,0.0,0.0,0,5,3,0
smd,group23_evaluation,machine-3-2,sarad_official,2,4,15577,15582,"[19, 3, 29, 27, 21, 2, 31, 30, 34, 20, 35, 0, 8, 13, 15, 32, 1, 26, 28, 16, 7, 18, 24, 36, 37, 17, 12, 4, 33, 11, 25, 22, 6, 9, 14, 5, 23, 10]",5,0.0,0.0,0.0,0.0,0,5,5,0
smd,group23_evaluation,machine-3-2,sarad_official,2,5,11900,12023,"[29, 13, 27, 12, 30, 19, 20, 21, 8, 34, 35, 31, 15, 18, 2, 32, 7, 24, 1, 37, 3, 14, 0, 28, 16, 26, 36, 4, 9, 11, 17, 5, 25, 22, 23, 6, 10, 33]",1,0.0,0.0,0.0,0.0,0,3,1,0
smd,group23_evaluation,machine-3-2,sarad_official,2,5,11900,12023,"[29, 13, 27, 12, 30, 19, 20, 21, 8, 34, 35, 31, 15, 18, 2, 32, 7, 24, 1, 37, 3, 14, 0, 28, 16, 26, 36, 4, 9, 11, 17, 5, 25, 22, 23, 6, 10, 33]",3,0.3333333333333333,0.3333333333333333,0.3333333333333333,0.2960819109658652,1,3,3,1
smd,group23_evaluation,machine-3-2,sarad_official,2,5,11900,12023,"[29, 13, 27, 12, 30, 19, 20, 21, 8, 34, 35, 31, 15, 18, 2, 32, 7, 24, 1, 37, 3, 14, 0, 28, 16, 26, 36, 4, 9, 11, 17, 5, 25, 22, 23, 6, 10, 33]",5,0.4,0.6666666666666666,0.5,0.49818925746641285,1,3,5,2
smd,group23_evaluation,machine-3-2,sarad_official,2,6,15644,15739,"[13, 12, 14, 19, 8, 29, 31, 11, 27, 30, 21, 34, 20, 35, 2, 15, 32, 3, 7, 1, 28, 37, 16, 26, 36, 0, 17, 9, 4, 24, 18, 22, 25, 5, 23, 10, 6, 33]",1,1.0,0.25,0.4,1.0,1,4,1,1
smd,group23_evaluation,machine-3-2,sarad_official,2,6,15644,15739,"[13, 12, 14, 19, 8, 29, 31, 11, 27, 30, 21, 34, 20, 35, 2, 15, 32, 3, 7, 1, 28, 37, 16, 26, 36, 0, 17, 9, 4, 24, 18, 22, 25, 5, 23, 10, 6, 33]",3,0.6666666666666666,0.5,0.5714285714285715,0.7039180890341347,1,4,3,2
smd,group23_evaluation,machine-3-2,sarad_official,2,6,15644,15739,"[13, 12, 14, 19, 8, 29, 31, 11, 27, 30, 21, 34, 20, 35, 2, 15, 32, 3, 7, 1, 28, 37, 16, 26, 36, 0, 17, 9, 4, 24, 18, 22, 25, 5, 23, 10, 6, 33]",5,0.4,0.5,0.4444444444444445,0.5855700749881525,1,4,5,2
smd,group23_evaluation,machine-3-2,sarad_official,2,7,20717,20723,"[10, 29, 19, 3, 27, 21, 9, 36, 4, 7, 0, 31, 30, 12, 35, 1, 28, 20, 15, 2, 11, 34, 18, 26, 37, 17, 14, 23, 32, 24, 16, 8, 6, 25, 22, 33, 5, 13]",1,1.0,0.5,0.6666666666666666,1.0,1,2,1,1
smd,group23_evaluation,machine-3-2,sarad_official,2,7,20717,20723,"[10, 29, 19, 3, 27, 21, 9, 36, 4, 7, 0, 31, 30, 12, 35, 1, 28, 20, 15, 2, 11, 34, 18, 26, 37, 17, 14, 23, 32, 24, 16, 8, 6, 25, 22, 33, 5, 13]",3,0.3333333333333333,0.5,0.4,0.6131471927654584,1,2,3,1
smd,group23_evaluation,machine-3-2,sarad_official,2,7,20717,20723,"[10, 29, 19, 3, 27, 21, 9, 36, 4, 7, 0, 31, 30, 12, 35, 1, 28, 20, 15, 2, 11, 34, 18, 26, 37, 17, 14, 23, 32, 24, 16, 8, 6, 25, 22, 33, 5, 13]",5,0.2,0.5,0.28571428571428575,0.6131471927654584,1,2,5,1
smd,group23_evaluation,machine-3-2,sarad_official,2,8,23059,23062,"[12, 1, 8, 0, 2, 3, 29, 19, 27, 15, 21, 31, 30, 20, 34, 9, 32, 35, 18, 14, 11, 16, 28, 37, 26, 24, 36, 7, 13, 4, 17, 22, 10, 5, 33, 6, 25, 23]",1,1.0,0.3333333333333333,0.5,1.0,1,3,1,1
smd,group23_evaluation,machine-3-2,sarad_official,2,8,23059,23062,"[12, 1, 8, 0, 2, 3, 29, 19, 27, 15, 21, 31, 30, 20, 34, 9, 32, 35, 18, 14, 11, 16, 28, 37, 26, 24, 36, 7, 13, 4, 17, 22, 10, 5, 33, 6, 25, 23]",3,0.6666666666666666,0.6666666666666666,0.6666666666666666,0.7039180890341347,1,3,3,2
smd,group23_evaluation,machine-3-2,sarad_official,2,8,23059,23062,"[12, 1, 8, 0, 2, 3, 29, 19, 27, 15, 21, 31, 30, 20, 34, 9, 32, 35, 18, 14, 11, 16, 28, 37, 26, 24, 36, 7, 13, 4, 17, 22, 10, 5, 33, 6, 25, 23]",5,0.4,0.6666666666666666,0.5,0.7039180890341347,1,3,5,2
smd,group23_evaluation,machine-3-3,sarad_official,2,0,739,742,"[10, 9, 37, 23, 36, 5, 11, 27, 15, 19, 20, 12, 21, 4, 1, 25, 18, 34, 8, 7, 22, 0, 35, 31, 14, 6, 17, 28, 32, 30, 16, 29, 26, 24, 33, 3, 13, 2]",1,1.0,0.25,0.4,1.0,1,4,1,1
smd,group23_evaluation,machine-3-3,sarad_official,2,0,739,742,"[10, 9, 37, 23, 36, 5, 11, 27, 15, 19, 20, 12, 21, 4, 1, 25, 18, 34, 8, 7, 22, 0, 35, 31, 14, 6, 17, 28, 32, 30, 16, 29, 26, 24, 33, 3, 13, 2]",3,0.6666666666666666,0.5,0.5714285714285715,0.7653606369886217,1,4,3,2
smd,group23_evaluation,machine-3-3,sarad_official,2,0,739,742,"[10, 9, 37, 23, 36, 5, 11, 27, 15, 19, 20, 12, 21, 4, 1, 25, 18, 34, 8, 7, 22, 0, 35, 31, 14, 6, 17, 28, 32, 30, 16, 29, 26, 24, 33, 3, 13, 2]",5,0.4,0.5,0.4444444444444445,0.6366824387328317,1,4,5,2
smd,group23_evaluation,machine-3-3,sarad_official,2,1,1808,1814,"[17, 7, 29, 34, 18, 31, 37, 23, 30, 9, 21, 36, 27, 28, 19, 22, 20, 24, 12, 16, 26, 4, 0, 25, 2, 5, 11, 6, 3, 35, 1, 10, 32, 15, 14, 8, 33, 13]",1,1.0,1.0,1.0,1.0,1,1,1,1
smd,group23_evaluation,machine-3-3,sarad_official,2,1,1808,1814,"[17, 7, 29, 34, 18, 31, 37, 23, 30, 9, 21, 36, 27, 28, 19, 22, 20, 24, 12, 16, 26, 4, 0, 25, 2, 5, 11, 6, 3, 35, 1, 10, 32, 15, 14, 8, 33, 13]",3,0.3333333333333333,1.0,0.5,1.0,1,1,3,1
smd,group23_evaluation,machine-3-3,sarad_official,2,1,1808,1814,"[17, 7, 29, 34, 18, 31, 37, 23, 30, 9, 21, 36, 27, 28, 19, 22, 20, 24, 12, 16, 26, 4, 0, 25, 2, 5, 11, 6, 3, 35, 1, 10, 32, 15, 14, 8, 33, 13]",5,0.2,1.0,0.33333333333333337,1.0,1,1,5,1
smd,group23_evaluation,machine-3-3,sarad_official,2,2,2179,2182,"[10, 9, 29, 37, 36, 11, 23, 19, 31, 18, 20, 17, 22, 25, 12, 7, 34, 28, 0, 21, 30, 35, 32, 6, 26, 16, 8, 27, 4, 3, 24, 33, 1, 2, 5, 14, 15, 13]",1,1.0,0.25,0.4,1.0,1,4,1,1
smd,group23_evaluation,machine-3-3,sarad_official,2,2,2179,2182,"[10, 9, 29, 37, 36, 11, 23, 19, 31, 18, 20, 17, 22, 25, 12, 7, 34, 28, 0, 21, 30, 35, 32, 6, 26, 16, 8, 27, 4, 3, 24, 33, 1, 2, 5, 14, 15, 13]",3,0.6666666666666666,0.5,0.5714285714285715,0.7653606369886217,1,4,3,2
smd,group23_evaluation,machine-3-3,sarad_official,2,2,2179,2182,"[10, 9, 29, 37, 36, 11, 23, 19, 31, 18, 20, 17, 22, 25, 12, 7, 34, 28, 0, 21, 30, 35, 32, 6, 26, 16, 8, 27, 4, 3, 24, 33, 1, 2, 5, 14, 15, 13]",5,0.4,0.5,0.4444444444444445,0.6366824387328317,1,4,5,2
smd,group23_evaluation,machine-3-3,sarad_official,2,3,3619,3622,"[10, 9, 29, 36, 37, 18, 30, 23, 19, 0, 11, 25, 5, 31, 20, 17, 21, 34, 6, 7, 24, 22, 28, 4, 12, 35, 16, 1, 32, 26, 27, 3, 14, 8, 33, 13, 2, 15]",1,1.0,0.25,0.4,1.0,1,4,1,1
smd,group23_evaluation,machine-3-3,sarad_official,2,3,3619,3622,"[10, 9, 29, 36, 37, 18, 30, 23, 19, 0, 11, 25, 5, 31, 20, 17, 21, 34, 6, 7, 24, 22, 28, 4, 12, 35, 16, 1, 32, 26, 27, 3, 14, 8, 33, 13, 2, 15]",3,0.6666666666666666,0.5,0.5714285714285715,0.7653606369886217,1,4,3,2
smd,group23_evaluation,machine-3-3,sarad_official,2,3,3619,3622,"[10, 9, 29, 36, 37, 18, 30, 23, 19, 0, 11, 25, 5, 31, 20, 17, 21, 34, 6, 7, 24, 22, 28, 4, 12, 35, 16, 1, 32, 26, 27, 3, 14, 8, 33, 13, 2, 15]",5,0.4,0.5,0.4444444444444445,0.6366824387328317,1,4,5,2
smd,group23_evaluation,machine-3-3,sarad_official,2,4,4561,4578,"[10, 9, 23, 29, 25, 6, 5, 8, 11, 12, 37, 14, 17, 36, 1, 0, 7, 26, 28, 16, 27, 21, 20, 32, 18, 24, 30, 3, 19, 4, 2, 33, 34, 35, 15, 22, 13, 31]",1,1.0,0.041666666666666664,0.07999999999999999,1.0,1,24,1,1
smd,group23_evaluation,machine-3-3,sarad_official,2,4,4561,4578,"[10, 9, 23, 29, 25, 6, 5, 8, 11, 12, 37, 14, 17, 36, 1, 0, 7, 26, 28, 16, 27, 21, 20, 32, 18, 24, 30, 3, 19, 4, 2, 33, 34, 35, 15, 22, 13, 31]",3,1.0,0.125,0.2222222222222222,1.0,1,24,3,3
smd,group23_evaluation,machine-3-3,sarad_official,2,4,4561,4578,"[10, 9, 23, 29, 25, 6, 5, 8, 11, 12, 37, 14, 17, 36, 1, 0, 7, 26, 28, 16, 27, 21, 20, 32, 18, 24, 30, 3, 19, 4, 2, 33, 34, 35, 15, 22, 13, 31]",5,0.8,0.16666666666666666,0.27586206896551724,0.8539316501572937,1,24,5,4
smd,group23_evaluation,machine-3-3,sarad_official,2,5,4564,4567,"[10, 9, 23, 29, 25, 6, 8, 5, 12, 37, 11, 14, 30, 36, 17, 1, 0, 26, 20, 28, 24, 21, 7, 27, 4, 16, 32, 18, 34, 19, 3, 35, 33, 2, 22, 15, 13, 31]",1,1.0,0.041666666666666664,0.07999999999999999,1.0,1,24,1,1
smd,group23_evaluation,machine-3-3,sarad_official,2,5,4564,4567,"[10, 9, 23, 29, 25, 6, 8, 5, 12, 37, 11, 14, 30, 36, 17, 1, 0, 26, 20, 28, 24, 21, 7, 27, 4, 16, 32, 18, 34, 19, 3, 35, 33, 2, 22, 15, 13, 31]",3,1.0,0.125,0.2222222222222222,1.0,1,24,3,3
smd,group23_evaluation,machine-3-3,sarad_official,2,5,4564,4567,"[10, 9, 23, 29, 25, 6, 8, 5, 12, 37, 11, 14, 30, 36, 17, 1, 0, 26, 20, 28, 24, 21, 7, 27, 4, 16, 32, 18, 34, 19, 3, 35, 33, 2, 22, 15, 13, 31]",5,0.8,0.16666666666666666,0.27586206896551724,0.8539316501572937,1,24,5,4
smd,group23_evaluation,machine-3-3,sarad_official,2,6,5059,5062,"[10, 9, 37, 36, 31, 19, 29, 25, 23, 30, 0, 18, 22, 21, 20, 11, 27, 7, 24, 17, 28, 34, 12, 4, 35, 1, 6, 3, 8, 16, 26, 14, 2, 32, 33, 5, 13, 15]",1,1.0,0.25,0.4,1.0,1,4,1,1
smd,group23_evaluation,machine-3-3,sarad_official,2,6,5059,5062,"[10, 9, 37, 36, 31, 19, 29, 25, 23, 30, 0, 18, 22, 21, 20, 11, 27, 7, 24, 17, 28, 34, 12, 4, 35, 1, 6, 3, 8, 16, 26, 14, 2, 32, 33, 5, 13, 15]",3,0.6666666666666666,0.5,0.5714285714285715,0.7653606369886217,1,4,3,2
smd,group23_evaluation,machine-3-3,sarad_official,2,6,5059,5062,"[10, 9, 37, 36, 31, 19, 29, 25, 23, 30, 0, 18, 22, 21, 20, 11, 27, 7, 24, 17, 28, 34, 12, 4, 35, 1, 6, 3, 8, 16, 26, 14, 2, 32, 33, 5, 13, 15]",5,0.4,0.5,0.4444444444444445,0.6366824387328317,1,4,5,2
smd,group23_evaluation,machine-3-3,sarad_official,2,7,5449,5453,"[16, 26, 29, 27, 7, 2, 19, 11, 3, 30, 28, 23, 10, 21, 34, 33, 18, 25, 20, 22, 15, 4, 6, 5, 37, 1, 24, 31, 13, 32, 0, 9, 14, 35, 12, 17, 36, 8]",1,1.0,0.2,0.33333333333333337,1.0,1,5,1,1
smd,group23_evaluation,machine-3-3,sarad_official,2,7,5449,5453,"[16, 26, 29, 27, 7, 2, 19, 11, 3, 30, 28, 23, 10, 21, 34, 33, 18, 25, 20, 22, 15, 4, 6, 5, 37, 1, 24, 31, 13, 32, 0, 9, 14, 35, 12, 17, 36, 8]",3,0.3333333333333333,0.2,0.25,0.46927872602275644,1,5,3,1
smd,group23_evaluation,machine-3-3,sarad_official,2,7,5449,5453,"[16, 26, 29, 27, 7, 2, 19, 11, 3, 30, 28, 23, 10, 21, 34, 33, 18, 25, 20, 22, 15, 4, 6, 5, 37, 1, 24, 31, 13, 32, 0, 9, 14, 35, 12, 17, 36, 8]",5,0.2,0.2,0.20000000000000004,0.3391602052736161,1,5,5,1
smd,group23_evaluation,machine-3-3,sarad_official,2,8,6499,6502,"[10, 28, 20, 3, 31, 9, 23, 30, 37, 19, 5, 2, 4, 36, 17, 1, 34, 7, 0, 21, 18, 15, 6, 32, 27, 25, 26, 16, 24, 22, 29, 11, 35, 12, 14, 8, 13, 33]",1,1.0,0.25,0.4,1.0,1,4,1,1
smd,group23_evaluation,machine-3-3,sarad_official,2,8,6499,6502,"[10, 28, 20, 3, 31, 9, 23, 30, 37, 19, 5, 2, 4, 36, 17, 1, 34, 7, 0, 21, 18, 15, 6, 32, 27, 25, 26, 16, 24, 22, 29, 11, 35, 12, 14, 8, 13, 33]",3,0.3333333333333333,0.25,0.28571428571428575,0.46927872602275644,1,4,3,1
smd,group23_evaluation,machine-3-3,sarad_official,2,8,6499,6502,"[10, 28, 20, 3, 31, 9, 23, 30, 37, 19, 5, 2, 4, 36, 17, 1, 34, 7, 0, 21, 18, 15, 6, 32, 27, 25, 26, 16, 24, 22, 29, 11, 35, 12, 14, 8, 13, 33]",5,0.2,0.25,0.22222222222222224,0.3903800499921017,1,4,5,1
smd,group23_evaluation,machine-3-3,sarad_official,2,9,7939,7942,"[10, 9, 36, 37, 29, 23, 30, 31, 19, 18, 24, 11, 20, 0, 4, 25, 6, 7, 21, 22, 17, 28, 34, 12, 1, 35, 16, 8, 3, 27, 32, 33, 26, 14, 2, 13, 5, 15]",1,1.0,0.25,0.4,1.0,1,4,1,1
smd,group23_evaluation,machine-3-3,sarad_official,2,9,7939,7942,"[10, 9, 36, 37, 29, 23, 30, 31, 19, 18, 24, 11, 20, 0, 4, 25, 6, 7, 21, 22, 17, 28, 34, 12, 1, 35, 16, 8, 3, 27, 32, 33, 26, 14, 2, 13, 5, 15]",3,0.6666666666666666,0.5,0.5714285714285715,0.7653606369886217,1,4,3,2
smd,group23_evaluation,machine-3-3,sarad_official,2,9,7939,7942,"[10, 9, 36, 37, 29, 23, 30, 31, 19, 18, 24, 11, 20, 0, 4, 25, 6, 7, 21, 22, 17, 28, 34, 12, 1, 35, 16, 8, 3, 27, 32, 33, 26, 14, 2, 13, 5, 15]",5,0.4,0.5,0.4444444444444445,0.6366824387328317,1,4,5,2
smd,group23_evaluation,machine-3-3,sarad_official,2,10,8407,8414,"[16, 26, 29, 7, 21, 2, 27, 33, 19, 23, 14, 11, 28, 3, 37, 4, 22, 18, 34, 15, 10, 25, 5, 36, 6, 30, 31, 1, 24, 12, 20, 35, 9, 13, 32, 0, 17, 8]",1,1.0,0.2,0.33333333333333337,1.0,1,5,1,1
smd,group23_evaluation,machine-3-3,sarad_official,2,10,8407,8414,"[16, 26, 29, 7, 21, 2, 27, 33, 19, 23, 14, 11, 28, 3, 37, 4, 22, 18, 34, 15, 10, 25, 5, 36, 6, 30, 31, 1, 24, 12, 20, 35, 9, 13, 32, 0, 17, 8]",3,0.3333333333333333,0.2,0.25,0.46927872602275644,1,5,3,1
smd,group23_evaluation,machine-3-3,sarad_official,2,10,8407,8414,"[16, 26, 29, 7, 21, 2, 27, 33, 19, 23, 14, 11, 28, 3, 37, 4, 22, 18, 34, 15, 10, 25, 5, 36, 6, 30, 31, 1, 24, 12, 20, 35, 9, 13, 32, 0, 17, 8]",5,0.2,0.2,0.20000000000000004,0.3391602052736161,1,5,5,1
smd,group23_evaluation,machine-3-3,sarad_official,2,11,9737,9740,"[26, 16, 29, 27, 7, 2, 11, 28, 3, 23, 10, 30, 33, 5, 21, 25, 22, 6, 19, 1, 18, 13, 37, 31, 14, 15, 24, 34, 32, 4, 20, 0, 9, 12, 35, 17, 8, 36]",1,0.0,0.0,0.0,0.0,0,3,1,0
smd,group23_evaluation,machine-3-3,sarad_official,2,11,9737,9740,"[26, 16, 29, 27, 7, 2, 11, 28, 3, 23, 10, 30, 33, 5, 21, 25, 22, 6, 19, 1, 18, 13, 37, 31, 14, 15, 24, 34, 32, 4, 20, 0, 9, 12, 35, 17, 8, 36]",3,0.3333333333333333,0.3333333333333333,0.3333333333333333,0.2960819109658652,1,3,3,1
smd,group23_evaluation,machine-3-3,sarad_official,2,11,9737,9740,"[26, 16, 29, 27, 7, 2, 11, 28, 3, 23, 10, 30, 33, 5, 21, 25, 22, 6, 19, 1, 18, 13, 37, 31, 14, 15, 24, 34, 32, 4, 20, 0, 9, 12, 35, 17, 8, 36]",5,0.2,0.3333333333333333,0.25,0.2960819109658652,1,3,5,1
smd,group23_evaluation,machine-3-3,sarad_official,2,12,10819,10822,"[10, 9, 23, 37, 36, 18, 19, 20, 21, 22, 12, 0, 34, 11, 25, 7, 28, 17, 31, 35, 30, 24, 6, 4, 29, 1, 16, 5, 8, 26, 3, 14, 32, 13, 27, 33, 2, 15]",1,1.0,0.25,0.4,1.0,1,4,1,1
smd,group23_evaluation,machine-3-3,sarad_official,2,12,10819,10822,"[10, 9, 23, 37, 36, 18, 19, 20, 21, 22, 12, 0, 34, 11, 25, 7, 28, 17, 31, 35, 30, 24, 6, 4, 29, 1, 16, 5, 8, 26, 3, 14, 32, 13, 27, 33, 2, 15]",3,0.6666666666666666,0.5,0.5714285714285715,0.7653606369886217,1,4,3,2
smd,group23_evaluation,machine-3-3,sarad_official,2,12,10819,10822,"[10, 9, 23, 37, 36, 18, 19, 20, 21, 22, 12, 0, 34, 11, 25, 7, 28, 17, 31, 35, 30, 24, 6, 4, 29, 1, 16, 5, 8, 26, 3, 14, 32, 13, 27, 33, 2, 15]",5,0.4,0.5,0.4444444444444445,0.6366824387328317,1,4,5,2
smd,group23_evaluation,machine-3-3,sarad_official,2,13,12259,12262,"[10, 9, 37, 23, 36, 19, 11, 20, 30, 25, 31, 0, 6, 18, 34, 22, 21, 17, 12, 7, 29, 35, 28, 1, 8, 16, 24, 4, 26, 32, 3, 27, 14, 5, 33, 2, 15, 13]",1,1.0,0.25,0.4,1.0,1,4,1,1
smd,group23_evaluation,machine-3-3,sarad_official,2,13,12259,12262,"[10, 9, 37, 23, 36, 19, 11, 20, 30, 25, 31, 0, 6, 18, 34, 22, 21, 17, 12, 7, 29, 35, 28, 1, 8, 16, 24, 4, 26, 32, 3, 27, 14, 5, 33, 2, 15, 13]",3,0.6666666666666666,0.5,0.5714285714285715,0.7653606369886217,1,4,3,2
smd,group23_evaluation,machine-3-3,sarad_official,2,13,12259,12262,"[10, 9, 37, 23, 36, 19, 11, 20, 30, 25, 31, 0, 6, 18, 34, 22, 21, 17, 12, 7, 29, 35, 28, 1, 8, 16, 24, 4, 26, 32, 3, 27, 14, 5, 33, 2, 15, 13]",5,0.4,0.5,0.4444444444444445,0.6366824387328317,1,4,5,2
smd,group23_evaluation,machine-3-3,sarad_official,2,14,13699,13702,"[10, 9, 36, 37, 19, 30, 29, 18, 24, 23, 31, 11, 20, 0, 21, 25, 14, 22, 6, 17, 7, 34, 1, 4, 35, 28, 27, 12, 16, 26, 3, 32, 8, 33, 5, 2, 13, 15]",1,1.0,0.25,0.4,1.0,1,4,1,1
smd,group23_evaluation,machine-3-3,sarad_official,2,14,13699,13702,"[10, 9, 36, 37, 19, 30, 29, 18, 24, 23, 31, 11, 20, 0, 21, 25, 14, 22, 6, 17, 7, 34, 1, 4, 35, 28, 27, 12, 16, 26, 3, 32, 8, 33, 5, 2, 13, 15]",3,0.6666666666666666,0.5,0.5714285714285715,0.7653606369886217,1,4,3,2
smd,group23_evaluation,machine-3-3,sarad_official,2,14,13699,13702,"[10, 9, 36, 37, 19, 30, 29, 18, 24, 23, 31, 11, 20, 0, 21, 25, 14, 22, 6, 17, 7, 34, 1, 4, 35, 28, 27, 12, 16, 26, 3, 32, 8, 33, 5, 2, 13, 15]",5,0.4,0.5,0.4444444444444445,0.6366824387328317,1,4,5,2
smd,group23_evaluation,machine-3-3,sarad_official,2,15,13827,13830,"[26, 27, 16, 29, 7, 11, 2, 21, 30, 22, 23, 28, 25, 3, 35, 10, 33, 37, 34, 5, 6, 1, 24, 31, 18, 19, 32, 4, 13, 20, 14, 15, 0, 9, 12, 17, 36, 8]",1,0.0,0.0,0.0,0.0,0,1,1,0
smd,group23_evaluation,machine-3-3,sarad_official,2,15,13827,13830,"[26, 27, 16, 29, 7, 11, 2, 21, 30, 22, 23, 28, 25, 3, 35, 10, 33, 37, 34, 5, 6, 1, 24, 31, 18, 19, 32, 4, 13, 20, 14, 15, 0, 9, 12, 17, 36, 8]",3,0.3333333333333333,1.0,0.5,0.5,1,1,3,1
smd,group23_evaluation,machine-3-3,sarad_official,2,15,13827,13830,"[26, 27, 16, 29, 7, 11, 2, 21, 30, 22, 23, 28, 25, 3, 35, 10, 33, 37, 34, 5, 6, 1, 24, 31, 18, 19, 32, 4, 13, 20, 14, 15, 0, 9, 12, 17, 36, 8]",5,0.2,1.0,0.33333333333333337,0.5,1,1,5,1
smd,group23_evaluation,machine-3-3,sarad_official,2,16,14476,14486,"[29, 15, 14, 37, 5, 36, 8, 19, 7, 12, 18, 11, 26, 16, 28, 9, 13, 4, 21, 17, 25, 3, 20, 32, 30, 0, 35, 33, 24, 34, 23, 6, 2, 10, 1, 27, 31, 22]",1,0.0,0.0,0.0,0.0,0,1,1,0
smd,group23_evaluation,machine-3-3,sarad_official,2,16,14476,14486,"[29, 15, 14, 37, 5, 36, 8, 19, 7, 12, 18, 11, 26, 16, 28, 9, 13, 4, 21, 17, 25, 3, 20, 32, 30, 0, 35, 33, 24, 34, 23, 6, 2, 10, 1, 27, 31, 22]",3,0.0,0.0,0.0,0.0,0,1,3,0
smd,group23_evaluation,machine-3-3,sarad_official,2,16,14476,14486,"[29, 15, 14, 37, 5, 36, 8, 19, 7, 12, 18, 11, 26, 16, 28, 9, 13, 4, 21, 17, 25, 3, 20, 32, 30, 0, 35, 33, 24, 34, 23, 6, 2, 10, 1, 27, 31, 22]",5,0.0,0.0,0.0,0.0,0,1,5,0
smd,group23_evaluation,machine-3-3,sarad_official,2,17,15139,15142,"[10, 9, 29, 23, 37, 36, 19, 30, 31, 24, 5, 15, 11, 34, 18, 21, 20, 6, 12, 0, 25, 22, 35, 17, 4, 7, 28, 32, 16, 14, 13, 27, 8, 3, 26, 2, 1, 33]",1,1.0,0.25,0.4,1.0,1,4,1,1
smd,group23_evaluation,machine-3-3,sarad_official,2,17,15139,15142,"[10, 9, 29, 23, 37, 36, 19, 30, 31, 24, 5, 15, 11, 34, 18, 21, 20, 6, 12, 0, 25, 22, 35, 17, 4, 7, 28, 32, 16, 14, 13, 27, 8, 3, 26, 2, 1, 33]",3,0.6666666666666666,0.5,0.5714285714285715,0.7653606369886217,1,4,3,2
smd,group23_evaluation,machine-3-3,sarad_official,2,17,15139,15142,"[10, 9, 29, 23, 37, 36, 19, 30, 31, 24, 5, 15, 11, 34, 18, 21, 20, 6, 12, 0, 25, 22, 35, 17, 4, 7, 28, 32, 16, 14, 13, 27, 8, 3, 26, 2, 1, 33]",5,0.4,0.5,0.4444444444444445,0.6366824387328317,1,4,5,2
smd,group23_evaluation,machine-3-3,sarad_official,2,18,16199,16212,"[1, 37, 36, 29, 5, 2, 0, 14, 3, 28, 26, 15, 16, 7, 20, 17, 23, 19, 21, 30, 4, 25, 24, 18, 27, 11, 35, 8, 32, 6, 34, 12, 33, 9, 22, 10, 31, 13]",1,0.0,0.0,0.0,0.0,0,4,1,0
smd,group23_evaluation,machine-3-3,sarad_official,2,18,16199,16212,"[1, 37, 36, 29, 5, 2, 0, 14, 3, 28, 26, 15, 16, 7, 20, 17, 23, 19, 21, 30, 4, 25, 24, 18, 27, 11, 35, 8, 32, 6, 34, 12, 33, 9, 22, 10, 31, 13]",3,0.0,0.0,0.0,0.0,0,4,3,0
smd,group23_evaluation,machine-3-3,sarad_official,2,18,16199,16212,"[1, 37, 36, 29, 5, 2, 0, 14, 3, 28, 26, 15, 16, 7, 20, 17, 23, 19, 21, 30, 4, 25, 24, 18, 27, 11, 35, 8, 32, 6, 34, 12, 33, 9, 22, 10, 31, 13]",5,0.0,0.0,0.0,0.0,0,4,5,0
smd,group23_evaluation,machine-3-3,sarad_official,2,19,16579,16582,"[10, 9, 36, 19, 5, 30, 23, 37, 24, 31, 18, 14, 11, 0, 6, 15, 20, 25, 34, 21, 22, 17, 28, 7, 12, 35, 1, 29, 16, 3, 27, 32, 8, 26, 4, 33, 2, 13]",1,0.0,0.0,0.0,0.0,0,10,1,0
smd,group23_evaluation,machine-3-3,sarad_official,2,19,16579,16582,"[10, 9, 36, 19, 5, 30, 23, 37, 24, 31, 18, 14, 11, 0, 6, 15, 20, 25, 34, 21, 22, 17, 28, 7, 12, 35, 1, 29, 16, 3, 27, 32, 8, 26, 4, 33, 2, 13]",3,0.0,0.0,0.0,0.0,0,10,3,0
smd,group23_evaluation,machine-3-3,sarad_official,2,19,16579,16582,"[10, 9, 36, 19, 5, 30, 23, 37, 24, 31, 18, 14, 11, 0, 6, 15, 20, 25, 34, 21, 22, 17, 28, 7, 12, 35, 1, 29, 16, 3, 27, 32, 8, 26, 4, 33, 2, 13]",5,0.0,0.0,0.0,0.0,0,10,5,0
smd,group23_evaluation,machine-3-3,sarad_official,2,20,18019,18022,"[10, 9, 36, 37, 30, 23, 24, 31, 11, 14, 19, 18, 25, 20, 6, 21, 0, 15, 29, 22, 17, 34, 12, 4, 5, 35, 7, 28, 32, 27, 1, 8, 16, 3, 26, 13, 33, 2]",1,1.0,0.25,0.4,1.0,1,4,1,1
smd,group23_evaluation,machine-3-3,sarad_official,2,20,18019,18022,"[10, 9, 36, 37, 30, 23, 24, 31, 11, 14, 19, 18, 25, 20, 6, 21, 0, 15, 29, 22, 17, 34, 12, 4, 5, 35, 7, 28, 32, 27, 1, 8, 16, 3, 26, 13, 33, 2]",3,0.6666666666666666,0.5,0.5714285714285715,0.7653606369886217,1,4,3,2
smd,group23_evaluation,machine-3-3,sarad_official,2,20,18019,18022,"[10, 9, 36, 37, 30, 23, 24, 31, 11, 14, 19, 18, 25, 20, 6, 21, 0, 15, 29, 22, 17, 34, 12, 4, 5, 35, 7, 28, 32, 27, 1, 8, 16, 3, 26, 13, 33, 2]",5,0.4,0.5,0.4444444444444445,0.6366824387328317,1,4,5,2
smd,group23_evaluation,machine-3-3,sarad_official,2,21,19081,19088,"[36, 37, 29, 14, 5, 11, 1, 0, 3, 2, 32, 7, 28, 26, 9, 16, 17, 24, 15, 25, 21, 33, 20, 4, 12, 23, 8, 30, 18, 6, 35, 27, 19, 34, 22, 10, 31, 13]",1,0.0,0.0,0.0,0.0,0,4,1,0
smd,group23_evaluation,machine-3-3,sarad_official,2,21,19081,19088,"[36, 37, 29, 14, 5, 11, 1, 0, 3, 2, 32, 7, 28, 26, 9, 16, 17, 24, 15, 25, 21, 33, 20, 4, 12, 23, 8, 30, 18, 6, 35, 27, 19, 34, 22, 10, 31, 13]",3,0.0,0.0,0.0,0.0,0,4,3,0
smd,group23_evaluation,machine-3-3,sarad_official,2,21,19081,19088,"[36, 37, 29, 14, 5, 11, 1, 0, 3, 2, 32, 7, 28, 26, 9, 16, 17, 24, 15, 25, 21, 33, 20, 4, 12, 23, 8, 30, 18, 6, 35, 27, 19, 34, 22, 10, 31, 13]",5,0.0,0.0,0.0,0.0,0,4,5,0
smd,group23_evaluation,machine-3-3,sarad_official,2,22,19349,19830,"[0, 1, 18, 27, 19, 3, 2, 20, 21, 30, 5, 37, 9, 29, 14, 11, 34, 15, 31, 36, 35, 10, 7, 24, 4, 23, 25, 26, 22, 17, 28, 16, 12, 6, 8, 32, 33, 13]",1,1.0,0.3333333333333333,0.5,1.0,1,3,1,1
smd,group23_evaluation,machine-3-3,sarad_official,2,22,19349,19830,"[0, 1, 18, 27, 19, 3, 2, 20, 21, 30, 5, 37, 9, 29, 14, 11, 34, 15, 31, 36, 35, 10, 7, 24, 4, 23, 25, 26, 22, 17, 28, 16, 12, 6, 8, 32, 33, 13]",3,0.6666666666666666,0.6666666666666666,0.6666666666666666,0.7653606369886217,1,3,3,2
smd,group23_evaluation,machine-3-3,sarad_official,2,22,19349,19830,"[0, 1, 18, 27, 19, 3, 2, 20, 21, 30, 5, 37, 9, 29, 14, 11, 34, 15, 31, 36, 35, 10, 7, 24, 4, 23, 25, 26, 22, 17, 28, 16, 12, 6, 8, 32, 33, 13]",5,0.4,0.6666666666666666,0.5,0.7653606369886217,1,3,5,2
smd,group23_evaluation,machine-3-3,sarad_official,2,23,19459,19462,"[10, 18, 9, 19, 14, 36, 5, 29, 23, 37, 24, 11, 15, 20, 0, 21, 27, 30, 34, 4, 3, 31, 12, 22, 25, 6, 35, 17, 32, 26, 7, 2, 16, 28, 8, 33, 1, 13]",1,1.0,0.05263157894736842,0.1,1.0,1,19,1,1
smd,group23_evaluation,machine-3-3,sarad_official,2,23,19459,19462,"[10, 18, 9, 19, 14, 36, 5, 29, 23, 37, 24, 11, 15, 20, 0, 21, 27, 30, 34, 4, 3, 31, 12, 22, 25, 6, 35, 17, 32, 26, 7, 2, 16, 28, 8, 33, 1, 13]",3,1.0,0.15789473684210525,0.2727272727272727,1.0,1,19,3,3
smd,group23_evaluation,machine-3-3,sarad_official,2,23,19459,19462,"[10, 18, 9, 19, 14, 36, 5, 29, 23, 37, 24, 11, 15, 20, 0, 21, 27, 30, 34, 4, 3, 31, 12, 22, 25, 6, 35, 17, 32, 26, 7, 2, 16, 28, 8, 33, 1, 13]",5,0.8,0.21052631578947367,0.3333333333333333,0.8687949224876582,1,19,5,4
smd,group23_evaluation,machine-3-3,sarad_official,2,24,20897,20903,"[26, 30, 20, 25, 5, 18, 27, 21, 37, 19, 23, 11, 3, 29, 31, 7, 36, 34, 4, 6, 10, 24, 35, 2, 14, 28, 22, 9, 15, 12, 16, 1, 17, 0, 32, 33, 13, 8]",1,0.0,0.0,0.0,0.0,0,4,1,0
smd,group23_evaluation,machine-3-3,sarad_official,2,24,20897,20903,"[26, 30, 20, 25, 5, 18, 27, 21, 37, 19, 23, 11, 3, 29, 31, 7, 36, 34, 4, 6, 10, 24, 35, 2, 14, 28, 22, 9, 15, 12, 16, 1, 17, 0, 32, 33, 13, 8]",3,0.0,0.0,0.0,0.0,0,4,3,0
smd,group23_evaluation,machine-3-3,sarad_official,2,24,20897,20903,"[26, 30, 20, 25, 5, 18, 27, 21, 37, 19, 23, 11, 3, 29, 31, 7, 36, 34, 4, 6, 10, 24, 35, 2, 14, 28, 22, 9, 15, 12, 16, 1, 17, 0, 32, 33, 13, 8]",5,0.0,0.0,0.0,0.0,0,4,5,0
smd,group23_evaluation,machine-3-3,sarad_official,2,25,21878,21893,"[17, 36, 29, 37, 16, 9, 23, 2, 4, 27, 7, 3, 18, 30, 26, 15, 20, 11, 6, 34, 25, 12, 32, 10, 1, 19, 28, 21, 0, 14, 31, 22, 24, 8, 35, 5, 13, 33]",1,1.0,1.0,1.0,1.0,1,1,1,1
smd,group23_evaluation,machine-3-3,sarad_official,2,25,21878,21893,"[17, 36, 29, 37, 16, 9, 23, 2, 4, 27, 7, 3, 18, 30, 26, 15, 20, 11, 6, 34, 25, 12, 32, 10, 1, 19, 28, 21, 0, 14, 31, 22, 24, 8, 35, 5, 13, 33]",3,0.3333333333333333,1.0,0.5,1.0,1,1,3,1
smd,group23_evaluation,machine-3-3,sarad_official,2,25,21878,21893,"[17, 36, 29, 37, 16, 9, 23, 2, 4, 27, 7, 3, 18, 30, 26, 15, 20, 11, 6, 34, 25, 12, 32, 10, 1, 19, 28, 21, 0, 14, 31, 22, 24, 8, 35, 5, 13, 33]",5,0.2,1.0,0.33333333333333337,1.0,1,1,5,1
smd,group23_evaluation,machine-3-3,sarad_official,2,26,22339,22342,"[10, 9, 5, 37, 36, 23, 18, 0, 19, 11, 30, 25, 22, 4, 20, 21, 31, 34, 6, 17, 24, 35, 12, 7, 29, 28, 8, 16, 26, 1, 32, 27, 33, 3, 13, 2, 14, 15]",1,1.0,0.25,0.4,1.0,1,4,1,1
smd,group23_evaluation,machine-3-3,sarad_official,2,26,22339,22342,"[10, 9, 5, 37, 36, 23, 18, 0, 19, 11, 30, 25, 22, 4, 20, 21, 31, 34, 6, 17, 24, 35, 12, 7, 29, 28, 8, 16, 26, 1, 32, 27, 33, 3, 13, 2, 14, 15]",3,0.6666666666666666,0.5,0.5714285714285715,0.7653606369886217,1,4,3,2
smd,group23_evaluation,machine-3-3,sarad_official,2,26,22339,22342,"[10, 9, 5, 37, 36, 23, 18, 0, 19, 11, 30, 25, 22, 4, 20, 21, 31, 34, 6, 17, 24, 35, 12, 7, 29, 28, 8, 16, 26, 1, 32, 27, 33, 3, 13, 2, 14, 15]",5,0.4,0.5,0.4444444444444445,0.6366824387328317,1,4,5,2
smd,group23_evaluation,machine-3-3,sarad_official,2,27,23159,23180,"[1, 0, 2, 3, 27, 19, 37, 18, 36, 31, 35, 11, 34, 20, 29, 30, 26, 24, 28, 7, 21, 23, 17, 16, 25, 22, 14, 12, 4, 9, 32, 8, 33, 6, 5, 10, 13, 15]",1,1.0,0.1111111111111111,0.19999999999999998,1.0,1,9,1,1
smd,group23_evaluation,machine-3-3,sarad_official,2,27,23159,23180,"[1, 0, 2, 3, 27, 19, 37, 18, 36, 31, 35, 11, 34, 20, 29, 30, 26, 24, 28, 7, 21, 23, 17, 16, 25, 22, 14, 12, 4, 9, 32, 8, 33, 6, 5, 10, 13, 15]",3,1.0,0.3333333333333333,0.5,1.0,1,9,3,3
smd,group23_evaluation,machine-3-3,sarad_official,2,27,23159,23180,"[1, 0, 2, 3, 27, 19, 37, 18, 36, 31, 35, 11, 34, 20, 29, 30, 26, 24, 28, 7, 21, 23, 17, 16, 25, 22, 14, 12, 4, 9, 32, 8, 33, 6, 5, 10, 13, 15]",5,1.0,0.5555555555555556,0.7142857142857143,1.0,1,9,5,5
smd,group23_evaluation,machine-3-4,sarad_official,2,0,2734,3520,"[2, 22, 23, 1, 25, 3, 0, 19, 31, 27, 21, 13, 30, 18, 20, 5, 24, 6, 10, 11, 15, 8, 34, 12, 7, 26, 14, 35, 37, 36, 28, 4, 16, 17, 9, 29, 32, 33]",1,1.0,0.125,0.2222222222222222,1.0,1,8,1,1
smd,group23_evaluation,machine-3-4,sarad_official,2,0,2734,3520,"[2, 22, 23, 1, 25, 3, 0, 19, 31, 27, 21, 13, 30, 18, 20, 5, 24, 6, 10, 11, 15, 8, 34, 12, 7, 26, 14, 35, 37, 36, 28, 4, 16, 17, 9, 29, 32, 33]",3,0.3333333333333333,0.125,0.18181818181818182,0.46927872602275644,1,8,3,1
smd,group23_evaluation,machine-3-4,sarad_official,2,0,2734,3520,"[2, 22, 23, 1, 25, 3, 0, 19, 31, 27, 21, 13, 30, 18, 20, 5, 24, 6, 10, 11, 15, 8, 34, 12, 7, 26, 14, 35, 37, 36, 28, 4, 16, 17, 9, 29, 32, 33]",5,0.4,0.25,0.3076923076923077,0.48522855511632257,1,8,5,2
smd,group23_evaluation,machine-3-4,sarad_official,2,1,4474,4550,"[1, 2, 22, 31, 13, 23, 32, 19, 33, 8, 10, 18, 3, 25, 27, 12, 20, 21, 30, 35, 14, 24, 7, 34, 6, 11, 15, 26, 37, 36, 16, 28, 0, 17, 9, 4, 5, 29]",1,1.0,0.5,0.6666666666666666,1.0,1,2,1,1
smd,group23_evaluation,machine-3-4,sarad_official,2,1,4474,4550,"[1, 2, 22, 31, 13, 23, 32, 19, 33, 8, 10, 18, 3, 25, 27, 12, 20, 21, 30, 35, 14, 24, 7, 34, 6, 11, 15, 26, 37, 36, 16, 28, 0, 17, 9, 4, 5, 29]",3,0.3333333333333333,0.5,0.4,0.6131471927654584,1,2,3,1
smd,group23_evaluation,machine-3-4,sarad_official,2,1,4474,4550,"[1, 2, 22, 31, 13, 23, 32, 19, 33, 8, 10, 18, 3, 25, 27, 12, 20, 21, 30, 35, 14, 24, 7, 34, 6, 11, 15, 26, 37, 36, 16, 28, 0, 17, 9, 4, 5, 29]",5,0.2,0.5,0.28571428571428575,0.6131471927654584,1,2,5,1
smd,group23_evaluation,machine-3-4,sarad_official,2,2,6013,6016,"[9, 23, 22, 11, 18, 31, 34, 25, 33, 10, 13, 30, 27, 8, 14, 19, 36, 24, 20, 21, 32, 12, 29, 1, 5, 0, 7, 26, 16, 4, 17, 35, 6, 2, 28, 37, 3, 15]",1,1.0,0.25,0.4,1.0,1,4,1,1
smd,group23_evaluation,machine-3-4,sarad_official,2,2,6013,6016,"[9, 23, 22, 11, 18, 31, 34, 25, 33, 10, 13, 30, 27, 8, 14, 19, 36, 24, 20, 21, 32, 12, 29, 1, 5, 0, 7, 26, 16, 4, 17, 35, 6, 2, 28, 37, 3, 15]",3,0.3333333333333333,0.25,0.28571428571428575,0.46927872602275644,1,4,3,1
smd,group23_evaluation,machine-3-4,sarad_official,2,2,6013,6016,"[9, 23, 22, 11, 18, 31, 34, 25, 33, 10, 13, 30, 27, 8, 14, 19, 36, 24, 20, 21, 32, 12, 29, 1, 5, 0, 7, 26, 16, 4, 17, 35, 6, 2, 28, 37, 3, 15]",5,0.4,0.5,0.4444444444444445,0.5585075862632192,1,4,5,2
smd,group23_evaluation,machine-3-4,sarad_official,2,3,10963,10969,"[32, 33, 22, 23, 19, 13, 21, 9, 30, 27, 20, 11, 24, 25, 10, 4, 12, 3, 8, 18, 14, 37, 28, 34, 35, 6, 17, 7, 26, 36, 16, 29, 31, 2, 0, 5, 15, 1]",1,1.0,0.3333333333333333,0.5,1.0,1,3,1,1
smd,group23_evaluation,machine-3-4,sarad_official,2,3,10963,10969,"[32, 33, 22, 23, 19, 13, 21, 9, 30, 27, 20, 11, 24, 25, 10, 4, 12, 3, 8, 18, 14, 37, 28, 34, 35, 6, 17, 7, 26, 36, 16, 29, 31, 2, 0, 5, 15, 1]",3,0.6666666666666666,0.6666666666666666,0.6666666666666666,0.7653606369886217,1,3,3,2
smd,group23_evaluation,machine-3-4,sarad_official,2,3,10963,10969,"[32, 33, 22, 23, 19, 13, 21, 9, 30, 27, 20, 11, 24, 25, 10, 4, 12, 3, 8, 18, 14, 37, 28, 34, 35, 6, 17, 7, 26, 36, 16, 29, 31, 2, 0, 5, 15, 1]",5,0.4,0.6666666666666666,0.5,0.7653606369886217,1,3,5,2
smd,group23_evaluation,machine-3-4,sarad_official,2,4,11565,11569,"[32, 33, 23, 22, 25, 31, 27, 19, 18, 30, 20, 24, 21, 3, 34, 13, 12, 4, 2, 28, 37, 11, 35, 6, 17, 8, 16, 26, 36, 7, 14, 9, 1, 0, 10, 29, 5, 15]",1,1.0,0.3333333333333333,0.5,1.0,1,3,1,1
smd,group23_evaluation,machine-3-4,sarad_official,2,4,11565,11569,"[32, 33, 23, 22, 25, 31, 27, 19, 18, 30, 20, 24, 21, 3, 34, 13, 12, 4, 2, 28, 37, 11, 35, 6, 17, 8, 16, 26, 36, 7, 14, 9, 1, 0, 10, 29, 5, 15]",3,1.0,1.0,1.0,1.0,1,3,3,3
smd,group23_evaluation,machine-3-4,sarad_official,2,4,11565,11569,"[32, 33, 23, 22, 25, 31, 27, 19, 18, 30, 20, 24, 21, 3, 34, 13, 12, 4, 2, 28, 37, 11, 35, 6, 17, 8, 16, 26, 36, 7, 14, 9, 1, 0, 10, 29, 5, 15]",5,0.6,1.0,0.7499999999999999,1.0,1,3,5,3
smd,group23_evaluation,machine-3-4,sarad_official,2,5,13699,13709,"[32, 22, 33, 23, 13, 25, 19, 27, 30, 18, 20, 21, 24, 3, 34, 35, 11, 12, 8, 4, 2, 31, 14, 28, 37, 6, 17, 9, 26, 10, 16, 7, 36, 0, 29, 1, 5, 15]",1,1.0,0.3333333333333333,0.5,1.0,1,3,1,1
smd,group23_evaluation,machine-3-4,sarad_official,2,5,13699,13709,"[32, 22, 33, 23, 13, 25, 19, 27, 30, 18, 20, 21, 24, 3, 34, 35, 11, 12, 8, 4, 2, 31, 14, 28, 37, 6, 17, 9, 26, 10, 16, 7, 36, 0, 29, 1, 5, 15]",3,0.6666666666666666,0.6666666666666666,0.6666666666666666,0.7039180890341347,1,3,3,2
smd,group23_evaluation,machine-3-4,sarad_official,2,5,13699,13709,"[32, 22, 33, 23, 13, 25, 19, 27, 30, 18, 20, 21, 24, 3, 34, 35, 11, 12, 8, 4, 2, 31, 14, 28, 37, 6, 17, 9, 26, 10, 16, 7, 36, 0, 29, 1, 5, 15]",5,0.6,1.0,0.7499999999999999,0.9060254355346823,1,3,5,3
smd,group23_evaluation,machine-3-4,sarad_official,2,6,18589,18640,"[0, 2, 3, 1, 23, 27, 19, 25, 22, 18, 30, 31, 26, 21, 13, 20, 7, 29, 35, 11, 17, 6, 28, 4, 37, 34, 24, 36, 16, 8, 32, 12, 14, 10, 9, 5, 15, 33]",1,1.0,0.25,0.4,1.0,1,4,1,1
smd,group23_evaluation,machine-3-4,sarad_official,2,6,18589,18640,"[0, 2, 3, 1, 23, 27, 19, 25, 22, 18, 30, 31, 26, 21, 13, 20, 7, 29, 35, 11, 17, 6, 28, 4, 37, 34, 24, 36, 16, 8, 32, 12, 14, 10, 9, 5, 15, 33]",3,1.0,0.75,0.8571428571428571,1.0,1,4,3,3
smd,group23_evaluation,machine-3-4,sarad_official,2,6,18589,18640,"[0, 2, 3, 1, 23, 27, 19, 25, 22, 18, 30, 31, 26, 21, 13, 20, 7, 29, 35, 11, 17, 6, 28, 4, 37, 34, 24, 36, 16, 8, 32, 12, 14, 10, 9, 5, 15, 33]",5,0.8,1.0,0.888888888888889,1.0,1,4,5,4
smd,group23_evaluation,machine-3-4,sarad_official,2,7,18784,18825,"[0, 2, 1, 23, 3, 19, 31, 22, 25, 18, 27, 21, 30, 20, 35, 24, 34, 11, 6, 7, 26, 28, 17, 37, 4, 16, 36, 13, 29, 12, 8, 9, 32, 14, 10, 5, 33, 15]",1,1.0,0.3333333333333333,0.5,1.0,1,3,1,1
smd,group23_evaluation,machine-3-4,sarad_official,2,7,18784,18825,"[0, 2, 1, 23, 3, 19, 31, 22, 25, 18, 27, 21, 30, 20, 35, 24, 34, 11, 6, 7, 26, 28, 17, 37, 4, 16, 36, 13, 29, 12, 8, 9, 32, 14, 10, 5, 33, 15]",3,1.0,1.0,1.0,1.0,1,3,3,3
smd,group23_evaluation,machine-3-4,sarad_official,2,7,18784,18825,"[0, 2, 1, 23, 3, 19, 31, 22, 25, 18, 27, 21, 30, 20, 35, 24, 34, 11, 6, 7, 26, 28, 17, 37, 4, 16, 36, 13, 29, 12, 8, 9, 32, 14, 10, 5, 33, 15]",5,0.6,1.0,0.7499999999999999,1.0,1,3,5,3
smd,group23_evaluation,machine-3-5,sarad_official,2,0,1288,1439,"[19, 21, 18, 10, 15, 33, 27, 14, 20, 30, 11, 9, 12, 8, 0, 2, 37, 7, 32, 23, 4, 17, 16, 24, 3, 34, 28, 25, 26, 1, 36, 35, 5, 31, 29, 6, 22, 13]",1,1.0,0.09090909090909091,0.16666666666666669,1.0,1,11,1,1
smd,group23_evaluation,machine-3-5,sarad_official,2,0,1288,1439,"[19, 21, 18, 10, 15, 33, 27, 14, 20, 30, 11, 9, 12, 8, 0, 2, 37, 7, 32, 23, 4, 17, 16, 24, 3, 34, 28, 25, 26, 1, 36, 35, 5, 31, 29, 6, 22, 13]",3,1.0,0.2727272727272727,0.42857142857142855,1.0,1,11,3,3
smd,group23_evaluation,machine-3-5,sarad_official,2,0,1288,1439,"[19, 21, 18, 10, 15, 33, 27, 14, 20, 30, 11, 9, 12, 8, 0, 2, 37, 7, 32, 23, 4, 17, 16, 24, 3, 34, 28, 25, 26, 1, 36, 35, 5, 31, 29, 6, 22, 13]",5,1.0,0.45454545454545453,0.625,1.0,1,11,5,5
smd,group23_evaluation,machine-3-5,sarad_official,2,1,8975,8979,"[33, 15, 16, 29, 7, 19, 26, 21, 20, 23, 14, 18, 27, 34, 3, 2, 6, 13, 30, 22, 10, 28, 31, 8, 25, 0, 35, 37, 5, 1, 12, 32, 4, 9, 24, 36, 17, 11]",1,0.0,0.0,0.0,0.0,0,1,1,0
smd,group23_evaluation,machine-3-5,sarad_official,2,1,8975,8979,"[33, 15, 16, 29, 7, 19, 26, 21, 20, 23, 14, 18, 27, 34, 3, 2, 6, 13, 30, 22, 10, 28, 31, 8, 25, 0, 35, 37, 5, 1, 12, 32, 4, 9, 24, 36, 17, 11]",3,0.3333333333333333,1.0,0.5,0.5,1,1,3,1
smd,group23_evaluation,machine-3-5,sarad_official,2,1,8975,8979,"[33, 15, 16, 29, 7, 19, 26, 21, 20, 23, 14, 18, 27, 34, 3, 2, 6, 13, 30, 22, 10, 28, 31, 8, 25, 0, 35, 37, 5, 1, 12, 32, 4, 9, 24, 36, 17, 11]",5,0.2,1.0,0.33333333333333337,0.5,1,1,5,1
smd,group23_evaluation,machine-3-5,sarad_official,2,2,13517,13520,"[29, 33, 12, 11, 1, 23, 3, 10, 27, 30, 0, 7, 15, 22, 34, 4, 19, 14, 2, 18, 16, 28, 26, 37, 8, 6, 5, 25, 9, 17, 35, 36, 13, 21, 20, 32, 24, 31]",1,1.0,1.0,1.0,1.0,1,1,1,1
smd,group23_evaluation,machine-3-5,sarad_official,2,2,13517,13520,"[29, 33, 12, 11, 1, 23, 3, 10, 27, 30, 0, 7, 15, 22, 34, 4, 19, 14, 2, 18, 16, 28, 26, 37, 8, 6, 5, 25, 9, 17, 35, 36, 13, 21, 20, 32, 24, 31]",3,0.3333333333333333,1.0,0.5,1.0,1,1,3,1
smd,group23_evaluation,machine-3-5,sarad_official,2,2,13517,13520,"[29, 33, 12, 11, 1, 23, 3, 10, 27, 30, 0, 7, 15, 22, 34, 4, 19, 14, 2, 18, 16, 28, 26, 37, 8, 6, 5, 25, 9, 17, 35, 36, 13, 21, 20, 32, 24, 31]",5,0.2,1.0,0.33333333333333337,1.0,1,1,5,1
smd,group23_evaluation,machine-3-5,sarad_official,2,3,14392,14395,"[29, 33, 9, 0, 14, 23, 27, 16, 17, 1, 8, 15, 30, 4, 10, 7, 11, 37, 26, 28, 18, 25, 21, 36, 35, 12, 19, 3, 34, 2, 20, 32, 6, 24, 5, 22, 31, 13]",1,1.0,1.0,1.0,1.0,1,1,1,1
smd,group23_evaluation,machine-3-5,sarad_official,2,3,14392,14395,"[29, 33, 9, 0, 14, 23, 27, 16, 17, 1, 8, 15, 30, 4, 10, 7, 11, 37, 26, 28, 18, 25, 21, 36, 35, 12, 19, 3, 34, 2, 20, 32, 6, 24, 5, 22, 31, 13]",3,0.3333333333333333,1.0,0.5,1.0,1,1,3,1
smd,group23_evaluation,machine-3-5,sarad_official,2,3,14392,14395,"[29, 33, 9, 0, 14, 23, 27, 16, 17, 1, 8, 15, 30, 4, 10, 7, 11, 37, 26, 28, 18, 25, 21, 36, 35, 12, 19, 3, 34, 2, 20, 32, 6, 24, 5, 22, 31, 13]",5,0.2,1.0,0.33333333333333337,1.0,1,1,5,1
smd,group23_evaluation,machine-3-5,sarad_official,2,4,14755,14758,"[29, 33, 14, 11, 0, 10, 4, 8, 15, 27, 21, 30, 13, 23, 1, 12, 17, 7, 26, 37, 28, 16, 36, 25, 9, 34, 35, 19, 3, 2, 24, 20, 18, 32, 6, 5, 22, 31]",1,1.0,1.0,1.0,1.0,1,1,1,1
smd,group23_evaluation,machine-3-5,sarad_official,2,4,14755,14758,"[29, 33, 14, 11, 0, 10, 4, 8, 15, 27, 21, 30, 13, 23, 1, 12, 17, 7, 26, 37, 28, 16, 36, 25, 9, 34, 35, 19, 3, 2, 24, 20, 18, 32, 6, 5, 22, 31]",3,0.3333333333333333,1.0,0.5,1.0,1,1,3,1
smd,group23_evaluation,machine-3-5,sarad_official,2,4,14755,14758,"[29, 33, 14, 11, 0, 10, 4, 8, 15, 27, 21, 30, 13, 23, 1, 12, 17, 7, 26, 37, 28, 16, 36, 25, 9, 34, 35, 19, 3, 2, 24, 20, 18, 32, 6, 5, 22, 31]",5,0.2,1.0,0.33333333333333337,1.0,1,1,5,1
smd,group23_evaluation,machine-3-5,sarad_official,2,5,14909,14912,"[29, 33, 11, 24, 0, 9, 13, 30, 10, 8, 23, 15, 27, 21, 28, 1, 12, 4, 14, 37, 26, 36, 7, 16, 35, 17, 25, 2, 19, 34, 3, 20, 32, 6, 31, 22, 18, 5]",1,1.0,1.0,1.0,1.0,1,1,1,1
smd,group23_evaluation,machine-3-5,sarad_official,2,5,14909,14912,"[29, 33, 11, 24, 0, 9, 13, 30, 10, 8, 23, 15, 27, 21, 28, 1, 12, 4, 14, 37, 26, 36, 7, 16, 35, 17, 25, 2, 19, 34, 3, 20, 32, 6, 31, 22, 18, 5]",3,0.3333333333333333,1.0,0.5,1.0,1,1,3,1
smd,group23_evaluation,machine-3-5,sarad_official,2,5,14909,14912,"[29, 33, 11, 24, 0, 9, 13, 30, 10, 8, 23, 15, 27, 21, 28, 1, 12, 4, 14, 37, 26, 36, 7, 16, 35, 17, 25, 2, 19, 34, 3, 20, 32, 6, 31, 22, 18, 5]",5,0.2,1.0,0.33333333333333337,1.0,1,1,5,1
smd,group23_evaluation,machine-3-5,sarad_official,2,6,15953,16057,"[29, 5, 33, 23, 25, 22, 10, 31, 11, 6, 14, 15, 24, 9, 27, 30, 12, 4, 8, 0, 37, 7, 21, 26, 28, 16, 18, 17, 19, 13, 36, 3, 2, 35, 1, 20, 34, 32]",1,1.0,0.125,0.2222222222222222,1.0,1,8,1,1
smd,group23_evaluation,machine-3-5,sarad_official,2,6,15953,16057,"[29, 5, 33, 23, 25, 22, 10, 31, 11, 6, 14, 15, 24, 9, 27, 30, 12, 4, 8, 0, 37, 7, 21, 26, 28, 16, 18, 17, 19, 13, 36, 3, 2, 35, 1, 20, 34, 32]",3,0.6666666666666666,0.25,0.36363636363636365,0.7653606369886217,1,8,3,2
smd,group23_evaluation,machine-3-5,sarad_official,2,6,15953,16057,"[29, 5, 33, 23, 25, 22, 10, 31, 11, 6, 14, 15, 24, 9, 27, 30, 12, 4, 8, 0, 37, 7, 21, 26, 28, 16, 18, 17, 19, 13, 36, 3, 2, 35, 1, 20, 34, 32]",5,0.8,0.5,0.6153846153846154,0.830419897363192,1,8,5,4
smd,group23_evaluation,machine-3-5,sarad_official,2,7,16163,16308,"[15, 33, 16, 0, 1, 27, 2, 18, 17, 3, 20, 30, 14, 8, 13, 31, 6, 19, 21, 26, 22, 34, 35, 29, 25, 10, 7, 23, 12, 28, 24, 4, 11, 37, 5, 32, 36, 9]",1,0.0,0.0,0.0,0.0,0,17,1,0
smd,group23_evaluation,machine-3-5,sarad_official,2,7,16163,16308,"[15, 33, 16, 0, 1, 27, 2, 18, 17, 3, 20, 30, 14, 8, 13, 31, 6, 19, 21, 26, 22, 34, 35, 29, 25, 10, 7, 23, 12, 28, 24, 4, 11, 37, 5, 32, 36, 9]",3,0.3333333333333333,0.058823529411764705,0.1,0.23463936301137822,1,17,3,1
smd,group23_evaluation,machine-3-5,sarad_official,2,7,16163,16308,"[15, 33, 16, 0, 1, 27, 2, 18, 17, 3, 20, 30, 14, 8, 13, 31, 6, 19, 21, 26, 22, 34, 35, 29, 25, 10, 7, 23, 12, 28, 24, 4, 11, 37, 5, 32, 36, 9]",5,0.6,0.17647058823529413,0.2727272727272727,0.4468535299918563,1,17,5,3
smd,group23_evaluation,machine-3-5,sarad_official,2,8,18426,18430,"[33, 15, 16, 14, 18, 23, 6, 7, 31, 3, 26, 25, 34, 29, 8, 2, 27, 5, 35, 13, 4, 17, 22, 20, 19, 0, 10, 11, 21, 30, 12, 32, 1, 28, 24, 9, 36, 37]",1,0.0,0.0,0.0,0.0,0,1,1,0
smd,group23_evaluation,machine-3-5,sarad_official,2,8,18426,18430,"[33, 15, 16, 14, 18, 23, 6, 7, 31, 3, 26, 25, 34, 29, 8, 2, 27, 5, 35, 13, 4, 17, 22, 20, 19, 0, 10, 11, 21, 30, 12, 32, 1, 28, 24, 9, 36, 37]",3,0.3333333333333333,1.0,0.5,0.5,1,1,3,1
smd,group23_evaluation,machine-3-5,sarad_official,2,8,18426,18430,"[33, 15, 16, 14, 18, 23, 6, 7, 31, 3, 26, 25, 34, 29, 8, 2, 27, 5, 35, 13, 4, 17, 22, 20, 19, 0, 10, 11, 21, 30, 12, 32, 1, 28, 24, 9, 36, 37]",5,0.2,1.0,0.33333333333333337,0.5,1,1,5,1
smd,group23_evaluation,machine-3-5,sarad_official,2,9,18842,18845,"[33, 15, 7, 16, 23, 29, 26, 12, 27, 21, 14, 5, 10, 19, 34, 30, 3, 28, 18, 22, 1, 2, 35, 6, 31, 0, 32, 20, 25, 36, 37, 8, 4, 13, 11, 17, 24, 9]",1,0.0,0.0,0.0,0.0,0,1,1,0
smd,group23_evaluation,machine-3-5,sarad_official,2,9,18842,18845,"[33, 15, 7, 16, 23, 29, 26, 12, 27, 21, 14, 5, 10, 19, 34, 30, 3, 28, 18, 22, 1, 2, 35, 6, 31, 0, 32, 20, 25, 36, 37, 8, 4, 13, 11, 17, 24, 9]",3,0.0,0.0,0.0,0.0,0,1,3,0
smd,group23_evaluation,machine-3-5,sarad_official,2,9,18842,18845,"[33, 15, 7, 16, 23, 29, 26, 12, 27, 21, 14, 5, 10, 19, 34, 30, 3, 28, 18, 22, 1, 2, 35, 6, 31, 0, 32, 20, 25, 36, 37, 8, 4, 13, 11, 17, 24, 9]",5,0.2,1.0,0.33333333333333337,0.43067655807339306,1,1,5,1
smd,group23_evaluation,machine-3-5,sarad_official,2,10,19498,19501,"[33, 12, 1, 2, 15, 23, 3, 7, 10, 21, 16, 29, 26, 27, 19, 8, 30, 14, 5, 13, 28, 37, 11, 36, 18, 6, 4, 0, 22, 9, 34, 25, 31, 20, 32, 24, 35, 17]",1,0.0,0.0,0.0,0.0,0,1,1,0
smd,group23_evaluation,machine-3-5,sarad_official,2,10,19498,19501,"[33, 12, 1, 2, 15, 23, 3, 7, 10, 21, 16, 29, 26, 27, 19, 8, 30, 14, 5, 13, 28, 37, 11, 36, 18, 6, 4, 0, 22, 9, 34, 25, 31, 20, 32, 24, 35, 17]",3,0.0,0.0,0.0,0.0,0,1,3,0
smd,group23_evaluation,machine-3-5,sarad_official,2,10,19498,19501,"[33, 12, 1, 2, 15, 23, 3, 7, 10, 21, 16, 29, 26, 27, 19, 8, 30, 14, 5, 13, 28, 37, 11, 36, 18, 6, 4, 0, 22, 9, 34, 25, 31, 20, 32, 24, 35, 17]",5,0.0,0.0,0.0,0.0,0,1,5,0
smd,group23_evaluation,machine-3-6,sarad_official,2,0,1187,1221,"[28, 3, 22, 2, 1, 27, 20, 30, 19, 21, 0, 18, 6, 34, 23, 10, 25, 32, 31, 14, 24, 7, 4, 35, 26, 29, 15, 9, 37, 12, 11, 36, 16, 5, 8, 33, 13, 17]",1,1.0,0.05555555555555555,0.10526315789473684,1.0,1,18,1,1
smd,group23_evaluation,machine-3-6,sarad_official,2,0,1187,1221,"[28, 3, 22, 2, 1, 27, 20, 30, 19, 21, 0, 18, 6, 34, 23, 10, 25, 32, 31, 14, 24, 7, 4, 35, 26, 29, 15, 9, 37, 12, 11, 36, 16, 5, 8, 33, 13, 17]",3,1.0,0.16666666666666666,0.2857142857142857,1.0,1,18,3,3
smd,group23_evaluation,machine-3-6,sarad_official,2,0,1187,1221,"[28, 3, 22, 2, 1, 27, 20, 30, 19, 21, 0, 18, 6, 34, 23, 10, 25, 32, 31, 14, 24, 7, 4, 35, 26, 29, 15, 9, 37, 12, 11, 36, 16, 5, 8, 33, 13, 17]",5,1.0,0.2777777777777778,0.4347826086956522,1.0,1,18,5,5
smd,group23_evaluation,machine-3-6,sarad_official,2,1,8177,8211,"[33, 32, 1, 2, 4, 3, 27, 29, 37, 21, 0, 22, 19, 17, 34, 18, 10, 14, 15, 26, 20, 28, 23, 16, 6, 25, 30, 12, 7, 9, 36, 35, 24, 5, 8, 31, 11, 13]",1,1.0,0.16666666666666666,0.2857142857142857,1.0,1,6,1,1
smd,group23_evaluation,machine-3-6,sarad_official,2,1,8177,8211,"[33, 32, 1, 2, 4, 3, 27, 29, 37, 21, 0, 22, 19, 17, 34, 18, 10, 14, 15, 26, 20, 28, 23, 16, 6, 25, 30, 12, 7, 9, 36, 35, 24, 5, 8, 31, 11, 13]",3,1.0,0.5,0.6666666666666666,1.0,1,6,3,3
smd,group23_evaluation,machine-3-6,sarad_official,2,1,8177,8211,"[33, 32, 1, 2, 4, 3, 27, 29, 37, 21, 0, 22, 19, 17, 34, 18, 10, 14, 15, 26, 20, 28, 23, 16, 6, 25, 30, 12, 7, 9, 36, 35, 24, 5, 8, 31, 11, 13]",5,0.8,0.6666666666666666,0.7272727272727272,0.8687949224876582,1,6,5,4
smd,group23_evaluation,machine-3-6,sarad_official,2,2,10637,10743,"[32, 33, 3, 1, 2, 29, 6, 10, 9, 14, 15, 22, 11, 21, 20, 0, 19, 30, 37, 12, 28, 25, 7, 27, 36, 26, 16, 17, 23, 4, 8, 35, 24, 34, 31, 18, 5, 13]",1,1.0,0.3333333333333333,0.5,1.0,1,3,1,1
smd,group23_evaluation,machine-3-6,sarad_official,2,2,10637,10743,"[32, 33, 3, 1, 2, 29, 6, 10, 9, 14, 15, 22, 11, 21, 20, 0, 19, 30, 37, 12, 28, 25, 7, 27, 36, 26, 16, 17, 23, 4, 8, 35, 24, 34, 31, 18, 5, 13]",3,0.6666666666666666,0.6666666666666666,0.6666666666666666,0.7653606369886217,1,3,3,2
smd,group23_evaluation,machine-3-6,sarad_official,2,2,10637,10743,"[32, 33, 3, 1, 2, 29, 6, 10, 9, 14, 15, 22, 11, 21, 20, 0, 19, 30, 37, 12, 28, 25, 7, 27, 36, 26, 16, 17, 23, 4, 8, 35, 24, 34, 31, 18, 5, 13]",5,0.4,0.6666666666666666,0.5,0.7653606369886217,1,3,5,2
smd,group23_evaluation,machine-3-6,sarad_official,2,3,15633,15863,"[9, 14, 11, 13, 0, 1, 8, 18, 10, 2, 3, 23, 27, 25, 12, 7, 15, 5, 6, 34, 37, 19, 21, 4, 17, 35, 29, 32, 24, 36, 28, 20, 26, 16, 31, 30, 22, 33]",1,1.0,0.125,0.2222222222222222,1.0,1,8,1,1
smd,group23_evaluation,machine-3-6,sarad_official,2,3,15633,15863,"[9, 14, 11, 13, 0, 1, 8, 18, 10, 2, 3, 23, 27, 25, 12, 7, 15, 5, 6, 34, 37, 19, 21, 4, 17, 35, 29, 32, 24, 36, 28, 20, 26, 16, 31, 30, 22, 33]",3,1.0,0.375,0.5454545454545454,1.0,1,8,3,3
smd,group23_evaluation,machine-3-6,sarad_official,2,3,15633,15863,"[9, 14, 11, 13, 0, 1, 8, 18, 10, 2, 3, 23, 27, 25, 12, 7, 15, 5, 6, 34, 37, 19, 21, 4, 17, 35, 29, 32, 24, 36, 28, 20, 26, 16, 31, 30, 22, 33]",5,1.0,0.625,0.7692307692307693,1.0,1,8,5,5
smd,group23_evaluation,machine-3-6,sarad_official,2,4,16788,16995,"[11, 14, 9, 1, 3, 2, 10, 8, 0, 12, 15, 13, 27, 4, 7, 37, 17, 26, 16, 6, 28, 36, 18, 21, 32, 23, 25, 19, 35, 29, 20, 34, 22, 24, 30, 5, 31, 33]",1,1.0,0.16666666666666666,0.2857142857142857,1.0,1,6,1,1
smd,group23_evaluation,machine-3-6,sarad_official,2,4,16788,16995,"[11, 14, 9, 1, 3, 2, 10, 8, 0, 12, 15, 13, 27, 4, 7, 37, 17, 26, 16, 6, 28, 36, 18, 21, 32, 23, 25, 19, 35, 29, 20, 34, 22, 24, 30, 5, 31, 33]",3,1.0,0.5,0.6666666666666666,1.0,1,6,3,3
smd,group23_evaluation,machine-3-6,sarad_official,2,4,16788,16995,"[11, 14, 9, 1, 3, 2, 10, 8, 0, 12, 15, 13, 27, 4, 7, 37, 17, 26, 16, 6, 28, 36, 18, 21, 32, 23, 25, 19, 35, 29, 20, 34, 22, 24, 30, 5, 31, 33]",5,0.6,0.5,0.5454545454545454,0.7227265726449519,1,6,5,3
smd,group23_evaluation,machine-3-6,sarad_official,2,5,18054,18134,"[9, 11, 2, 3, 1, 14, 10, 27, 12, 0, 19, 23, 15, 18, 17, 32, 22, 21, 7, 4, 26, 8, 36, 6, 25, 28, 16, 20, 37, 29, 35, 13, 34, 5, 30, 24, 31, 33]",1,1.0,0.16666666666666666,0.2857142857142857,1.0,1,6,1,1
smd,group23_evaluation,machine-3-6,sarad_official,2,5,18054,18134,"[9, 11, 2, 3, 1, 14, 10, 27, 12, 0, 19, 23, 15, 18, 17, 32, 22, 21, 7, 4, 26, 8, 36, 6, 25, 28, 16, 20, 37, 29, 35, 13, 34, 5, 30, 24, 31, 33]",3,0.6666666666666666,0.3333333333333333,0.4444444444444444,0.7653606369886217,1,6,3,2
smd,group23_evaluation,machine-3-6,sarad_official,2,5,18054,18134,"[9, 11, 2, 3, 1, 14, 10, 27, 12, 0, 19, 23, 15, 18, 17, 32, 22, 21, 7, 4, 26, 8, 36, 6, 25, 28, 16, 20, 37, 29, 35, 13, 34, 5, 30, 24, 31, 33]",5,0.4,0.3333333333333333,0.3636363636363636,0.5531464700081437,1,6,5,2
smd,group23_evaluation,machine-3-6,sarad_official,2,6,19276,19500,"[9, 14, 11, 1, 2, 3, 23, 7, 10, 8, 12, 6, 17, 13, 0, 18, 4, 25, 29, 27, 37, 28, 36, 16, 26, 15, 19, 35, 34, 21, 32, 20, 5, 24, 31, 33, 30, 22]",1,1.0,0.16666666666666666,0.2857142857142857,1.0,1,6,1,1
smd,group23_evaluation,machine-3-6,sarad_official,2,6,19276,19500,"[9, 14, 11, 1, 2, 3, 23, 7, 10, 8, 12, 6, 17, 13, 0, 18, 4, 25, 29, 27, 37, 28, 36, 16, 26, 15, 19, 35, 34, 21, 32, 20, 5, 24, 31, 33, 30, 22]",3,1.0,0.5,0.6666666666666666,1.0,1,6,3,3
smd,group23_evaluation,machine-3-6,sarad_official,2,6,19276,19500,"[9, 14, 11, 1, 2, 3, 23, 7, 10, 8, 12, 6, 17, 13, 0, 18, 4, 25, 29, 27, 37, 28, 36, 16, 26, 15, 19, 35, 34, 21, 32, 20, 5, 24, 31, 33, 30, 22]",5,0.6,0.5,0.5454545454545454,0.7227265726449519,1,6,5,3
smd,group23_evaluation,machine-3-6,sarad_official,2,7,20681,20865,"[9, 11, 14, 1, 3, 18, 2, 23, 12, 13, 0, 27, 25, 10, 7, 34, 8, 35, 6, 37, 17, 4, 26, 15, 24, 21, 19, 29, 28, 32, 31, 36, 20, 16, 5, 30, 22, 33]",1,1.0,0.14285714285714285,0.25,1.0,1,7,1,1
smd,group23_evaluation,machine-3-6,sarad_official,2,7,20681,20865,"[9, 11, 14, 1, 3, 18, 2, 23, 12, 13, 0, 27, 25, 10, 7, 34, 8, 35, 6, 37, 17, 4, 26, 15, 24, 21, 19, 29, 28, 32, 31, 36, 20, 16, 5, 30, 22, 33]",3,1.0,0.42857142857142855,0.6,1.0,1,7,3,3
smd,group23_evaluation,machine-3-6,sarad_official,2,7,20681,20865,"[9, 11, 14, 1, 3, 18, 2, 23, 12, 13, 0, 27, 25, 10, 7, 34, 8, 35, 6, 37, 17, 4, 26, 15, 24, 21, 19, 29, 28, 32, 31, 36, 20, 16, 5, 30, 22, 33]",5,0.6,0.42857142857142855,0.5,0.7227265726449519,1,7,5,3
smd,group23_evaluation,machine-3-6,sarad_official,2,8,24503,24506,"[14, 5, 13, 15, 8, 12, 11, 1, 2, 10, 6, 3, 25, 9, 28, 16, 36, 7, 26, 37, 34, 17, 29, 4, 23, 22, 32, 0, 31, 20, 21, 35, 27, 24, 18, 19, 33, 30]",1,1.0,0.14285714285714285,0.25,1.0,1,7,1,1
smd,group23_evaluation,machine-3-6,sarad_official,2,8,24503,24506,"[14, 5, 13, 15, 8, 12, 11, 1, 2, 10, 6, 3, 25, 9, 28, 16, 36, 7, 26, 37, 34, 17, 29, 4, 23, 22, 32, 0, 31, 20, 21, 35, 27, 24, 18, 19, 33, 30]",3,0.6666666666666666,0.2857142857142857,0.4,0.7039180890341347,1,7,3,2
smd,group23_evaluation,machine-3-6,sarad_official,2,8,24503,24506,"[14, 5, 13, 15, 8, 12, 11, 1, 2, 10, 6, 3, 25, 9, 28, 16, 36, 7, 26, 37, 34, 17, 29, 4, 23, 22, 32, 0, 31, 20, 21, 35, 27, 24, 18, 19, 33, 30]",5,0.6,0.42857142857142855,0.5,0.639945385422766,1,7,5,3
smd,group23_evaluation,machine-3-6,sarad_official,2,9,26138,26149,"[11, 0, 14, 10, 9, 1, 12, 4, 2, 26, 7, 36, 15, 19, 27, 28, 37, 17, 3, 32, 16, 18, 21, 6, 30, 20, 23, 8, 22, 35, 13, 24, 25, 34, 29, 5, 33, 31]",1,1.0,0.5,0.6666666666666666,1.0,1,2,1,1
smd,group23_evaluation,machine-3-6,sarad_official,2,9,26138,26149,"[11, 0, 14, 10, 9, 1, 12, 4, 2, 26, 7, 36, 15, 19, 27, 28, 37, 17, 3, 32, 16, 18, 21, 6, 30, 20, 23, 8, 22, 35, 13, 24, 25, 34, 29, 5, 33, 31]",3,0.6666666666666666,1.0,0.8,1.0,1,2,3,2
smd,group23_evaluation,machine-3-6,sarad_official,2,9,26138,26149,"[11, 0, 14, 10, 9, 1, 12, 4, 2, 26, 7, 36, 15, 19, 27, 28, 37, 17, 3, 32, 16, 18, 21, 6, 30, 20, 23, 8, 22, 35, 13, 24, 25, 34, 29, 5, 33, 31]",5,0.4,1.0,0.5714285714285715,1.0,1,2,5,2
smd,group23_evaluation,machine-3-6,sarad_official,2,10,27877,27958,"[32, 25, 31, 29, 23, 1, 34, 2, 27, 18, 0, 6, 20, 3, 22, 24, 30, 19, 35, 21, 33, 10, 15, 4, 37, 12, 14, 17, 16, 7, 9, 11, 28, 5, 36, 26, 8, 13]",1,1.0,0.043478260869565216,0.08333333333333333,1.0,1,23,1,1
smd,group23_evaluation,machine-3-6,sarad_official,2,10,27877,27958,"[32, 25, 31, 29, 23, 1, 34, 2, 27, 18, 0, 6, 20, 3, 22, 24, 30, 19, 35, 21, 33, 10, 15, 4, 37, 12, 14, 17, 16, 7, 9, 11, 28, 5, 36, 26, 8, 13]",3,1.0,0.13043478260869565,0.23076923076923078,1.0,1,23,3,3
smd,group23_evaluation,machine-3-6,sarad_official,2,10,27877,27958,"[32, 25, 31, 29, 23, 1, 34, 2, 27, 18, 0, 6, 20, 3, 22, 24, 30, 19, 35, 21, 33, 10, 15, 4, 37, 12, 14, 17, 16, 7, 9, 11, 28, 5, 36, 26, 8, 13]",5,1.0,0.21739130434782608,0.3571428571428571,1.0,1,23,5,5
smd,group23_evaluation,machine-3-7,sarad_official,2,0,10609,10644,"[31, 25, 29, 1, 23, 22, 28, 26, 16, 36, 7, 37, 3, 17, 33, 15, 2, 6, 4, 14, 19, 11, 21, 20, 35, 12, 0, 8, 32, 24, 9, 34, 30, 5, 13, 10, 27, 18]",1,1.0,0.09090909090909091,0.16666666666666669,1.0,1,11,1,1
smd,group23_evaluation,machine-3-7,sarad_official,2,0,10609,10644,"[31, 25, 29, 1, 23, 22, 28, 26, 16, 36, 7, 37, 3, 17, 33, 15, 2, 6, 4, 14, 19, 11, 21, 20, 35, 12, 0, 8, 32, 24, 9, 34, 30, 5, 13, 10, 27, 18]",3,0.6666666666666666,0.18181818181818182,0.28571428571428575,0.7039180890341347,1,11,3,2
smd,group23_evaluation,machine-3-7,sarad_official,2,0,10609,10644,"[31, 25, 29, 1, 23, 22, 28, 26, 16, 36, 7, 37, 3, 17, 33, 15, 2, 6, 4, 14, 19, 11, 21, 20, 35, 12, 0, 8, 32, 24, 9, 34, 30, 5, 13, 10, 27, 18]",5,0.4,0.18181818181818182,0.25000000000000006,0.5087403079104241,1,11,5,2
smd,group23_evaluation,machine-3-7,sarad_official,2,1,11491,11554,"[29, 31, 25, 23, 32, 22, 33, 4, 3, 20, 15, 2, 35, 1, 19, 37, 6, 16, 26, 34, 7, 21, 28, 30, 12, 36, 27, 17, 14, 8, 10, 13, 0, 18, 9, 11, 24, 5]",1,1.0,0.06666666666666667,0.125,1.0,1,15,1,1
smd,group23_evaluation,machine-3-7,sarad_official,2,1,11491,11554,"[29, 31, 25, 23, 32, 22, 33, 4, 3, 20, 15, 2, 35, 1, 19, 37, 6, 16, 26, 34, 7, 21, 28, 30, 12, 36, 27, 17, 14, 8, 10, 13, 0, 18, 9, 11, 24, 5]",3,1.0,0.2,0.33333333333333337,1.0,1,15,3,3
smd,group23_evaluation,machine-3-7,sarad_official,2,1,11491,11554,"[29, 31, 25, 23, 32, 22, 33, 4, 3, 20, 15, 2, 35, 1, 19, 37, 6, 16, 26, 34, 7, 21, 28, 30, 12, 36, 27, 17, 14, 8, 10, 13, 0, 18, 9, 11, 24, 5]",5,1.0,0.3333333333333333,0.5,1.0,1,15,5,5
smd,group23_evaluation,machine-3-7,sarad_official,2,2,14775,14793,"[31, 3, 29, 27, 21, 18, 2, 15, 1, 0, 14, 26, 28, 4, 17, 36, 16, 20, 7, 37, 19, 33, 6, 35, 22, 30, 24, 34, 25, 11, 32, 23, 12, 8, 9, 5, 13, 10]",1,1.0,0.09090909090909091,0.16666666666666669,1.0,1,11,1,1
smd,group23_evaluation,machine-3-7,sarad_official,2,2,14775,14793,"[31, 3, 29, 27, 21, 18, 2, 15, 1, 0, 14, 26, 28, 4, 17, 36, 16, 20, 7, 37, 19, 33, 6, 35, 22, 30, 24, 34, 25, 11, 32, 23, 12, 8, 9, 5, 13, 10]",3,0.6666666666666666,0.18181818181818182,0.28571428571428575,0.7039180890341347,1,11,3,2
smd,group23_evaluation,machine-3-7,sarad_official,2,2,14775,14793,"[31, 3, 29, 27, 21, 18, 2, 15, 1, 0, 14, 26, 28, 4, 17, 36, 16, 20, 7, 37, 19, 33, 6, 35, 22, 30, 24, 34, 25, 11, 32, 23, 12, 8, 9, 5, 13, 10]",5,0.8,0.36363636363636365,0.5000000000000001,0.7860137352654724,1,11,5,4
smd,group23_evaluation,machine-3-7,sarad_official,2,3,21201,21512,"[3, 9, 16, 2, 1, 31, 17, 13, 5, 22, 0, 15, 25, 8, 14, 19, 23, 4, 27, 33, 18, 26, 12, 10, 20, 7, 29, 34, 6, 30, 11, 21, 32, 36, 24, 37, 28, 35]",1,1.0,0.03571428571428571,0.0689655172413793,1.0,1,28,1,1
smd,group23_evaluation,machine-3-7,sarad_official,2,3,21201,21512,"[3, 9, 16, 2, 1, 31, 17, 13, 5, 22, 0, 15, 25, 8, 14, 19, 23, 4, 27, 33, 18, 26, 12, 10, 20, 7, 29, 34, 6, 30, 11, 21, 32, 36, 24, 37, 28, 35]",3,1.0,0.10714285714285714,0.19354838709677416,1.0,1,28,3,3
smd,group23_evaluation,machine-3-7,sarad_official,2,3,21201,21512,"[3, 9, 16, 2, 1, 31, 17, 13, 5, 22, 0, 15, 25, 8, 14, 19, 23, 4, 27, 33, 18, 26, 12, 10, 20, 7, 29, 34, 6, 30, 11, 21, 32, 36, 24, 37, 28, 35]",5,1.0,0.17857142857142858,0.30303030303030304,1.0,1,28,5,5
smd,group23_evaluation,machine-3-7,sarad_official,2,4,24579,24586,"[10, 31, 3, 16, 7, 12, 28, 26, 36, 21, 11, 17, 37, 15, 1, 9, 33, 14, 4, 6, 2, 8, 22, 23, 20, 25, 32, 30, 34, 0, 35, 24, 19, 29, 27, 13, 18, 5]",1,1.0,1.0,1.0,1.0,1,1,1,1
smd,group23_evaluation,machine-3-7,sarad_official,2,4,24579,24586,"[10, 31, 3, 16, 7, 12, 28, 26, 36, 21, 11, 17, 37, 15, 1, 9, 33, 14, 4, 6, 2, 8, 22, 23, 20, 25, 32, 30, 34, 0, 35, 24, 19, 29, 27, 13, 18, 5]",3,0.3333333333333333,1.0,0.5,1.0,1,1,3,1
smd,group23_evaluation,machine-3-7,sarad_official,2,4,24579,24586,"[10, 31, 3, 16, 7, 12, 28, 26, 36, 21, 11, 17, 37, 15, 1, 9, 33, 14, 4, 6, 2, 8, 22, 23, 20, 25, 32, 30, 34, 0, 35, 24, 19, 29, 27, 13, 18, 5]",5,0.2,1.0,0.33333333333333337,1.0,1,1,5,1
smd,group23_evaluation,machine-3-8,sarad_official,2,0,15144,15266,"[24, 3, 1, 19, 2, 35, 18, 34, 13, 21, 27, 12, 6, 30, 8, 20, 0, 26, 37, 7, 17, 16, 28, 9, 36, 31, 4, 32, 10, 23, 11, 29, 25, 15, 33, 5, 22, 14]",1,0.0,0.0,0.0,0.0,0,12,1,0
smd,group23_evaluation,machine-3-8,sarad_official,2,0,15144,15266,"[24, 3, 1, 19, 2, 35, 18, 34, 13, 21, 27, 12, 6, 30, 8, 20, 0, 26, 37, 7, 17, 16, 28, 9, 36, 31, 4, 32, 10, 23, 11, 29, 25, 15, 33, 5, 22, 14]",3,0.6666666666666666,0.16666666666666666,0.26666666666666666,0.5307212739772434,1,12,3,2
smd,group23_evaluation,machine-3-8,sarad_official,2,0,15144,15266,"[24, 3, 1, 19, 2, 35, 18, 34, 13, 21, 27, 12, 6, 30, 8, 20, 0, 26, 37, 7, 17, 16, 28, 9, 36, 31, 4, 32, 10, 23, 11, 29, 25, 15, 33, 5, 22, 14]",5,0.8,0.3333333333333333,0.47058823529411764,0.6608397947263839,1,12,5,4
smd,group23_evaluation,machine-3-8,sarad_official,2,1,15941,16514,"[24, 13, 3, 1, 2, 18, 19, 12, 27, 21, 35, 34, 6, 20, 30, 37, 8, 26, 9, 7, 28, 16, 36, 17, 10, 4, 0, 15, 11, 32, 23, 25, 33, 31, 29, 5, 22, 14]",1,0.0,0.0,0.0,0.0,0,11,1,0
smd,group23_evaluation,machine-3-8,sarad_official,2,1,15941,16514,"[24, 13, 3, 1, 2, 18, 19, 12, 27, 21, 35, 34, 6, 20, 30, 37, 8, 26, 9, 7, 28, 16, 36, 17, 10, 4, 0, 15, 11, 32, 23, 25, 33, 31, 29, 5, 22, 14]",3,0.3333333333333333,0.09090909090909091,0.14285714285714288,0.23463936301137822,1,11,3,1
smd,group23_evaluation,machine-3-8,sarad_official,2,1,15941,16514,"[24, 13, 3, 1, 2, 18, 19, 12, 27, 21, 35, 34, 6, 20, 30, 37, 8, 26, 9, 7, 28, 16, 36, 17, 10, 4, 0, 15, 11, 32, 23, 25, 33, 31, 29, 5, 22, 14]",5,0.6,0.2727272727272727,0.37499999999999994,0.4468535299918563,1,11,5,3
smd,group23_evaluation,machine-3-8,sarad_official,2,2,17063,17276,"[28, 3, 2, 1, 18, 0, 19, 30, 27, 21, 20, 34, 13, 24, 35, 22, 23, 33, 25, 31, 26, 7, 32, 5, 4, 29, 6, 10, 15, 37, 12, 11, 9, 8, 14, 36, 17, 16]",1,1.0,0.047619047619047616,0.0909090909090909,1.0,1,21,1,1
smd,group23_evaluation,machine-3-8,sarad_official,2,2,17063,17276,"[28, 3, 2, 1, 18, 0, 19, 30, 27, 21, 20, 34, 13, 24, 35, 22, 23, 33, 25, 31, 26, 7, 32, 5, 4, 29, 6, 10, 15, 37, 12, 11, 9, 8, 14, 36, 17, 16]",3,1.0,0.14285714285714285,0.25,1.0,1,21,3,3
smd,group23_evaluation,machine-3-8,sarad_official,2,2,17063,17276,"[28, 3, 2, 1, 18, 0, 19, 30, 27, 21, 20, 34, 13, 24, 35, 22, 23, 33, 25, 31, 26, 7, 32, 5, 4, 29, 6, 10, 15, 37, 12, 11, 9, 8, 14, 36, 17, 16]",5,1.0,0.23809523809523808,0.3846153846153846,1.0,1,21,5,5
smd,group23_evaluation,machine-3-8,sarad_official,2,3,21405,21548,"[9, 13, 23, 12, 27, 1, 22, 18, 19, 3, 34, 35, 7, 2, 25, 17, 29, 26, 31, 21, 37, 10, 11, 6, 15, 30, 36, 4, 28, 8, 0, 24, 5, 20, 16, 32, 14, 33]",1,1.0,0.25,0.4,1.0,1,4,1,1
smd,group23_evaluation,machine-3-8,sarad_official,2,3,21405,21548,"[9, 13, 23, 12, 27, 1, 22, 18, 19, 3, 34, 35, 7, 2, 25, 17, 29, 26, 31, 21, 37, 10, 11, 6, 15, 30, 36, 4, 28, 8, 0, 24, 5, 20, 16, 32, 14, 33]",3,0.3333333333333333,0.25,0.28571428571428575,0.46927872602275644,1,4,3,1
smd,group23_evaluation,machine-3-8,sarad_official,2,3,21405,21548,"[9, 13, 23, 12, 27, 1, 22, 18, 19, 3, 34, 35, 7, 2, 25, 17, 29, 26, 31, 21, 37, 10, 11, 6, 15, 30, 36, 4, 28, 8, 0, 24, 5, 20, 16, 32, 14, 33]",5,0.4,0.5,0.4444444444444445,0.5585075862632192,1,4,5,2
smd,group23_evaluation,machine-3-8,sarad_official,2,4,23478,23781,"[9, 13, 24, 18, 12, 23, 22, 1, 34, 27, 3, 21, 2, 11, 7, 25, 19, 30, 35, 31, 29, 10, 32, 20, 26, 6, 36, 37, 4, 28, 17, 15, 16, 8, 0, 33, 14, 5]",1,1.0,0.2,0.33333333333333337,1.0,1,5,1,1
smd,group23_evaluation,machine-3-8,sarad_official,2,4,23478,23781,"[9, 13, 24, 18, 12, 23, 22, 1, 34, 27, 3, 21, 2, 11, 7, 25, 19, 30, 35, 31, 29, 10, 32, 20, 26, 6, 36, 37, 4, 28, 17, 15, 16, 8, 0, 33, 14, 5]",3,0.6666666666666666,0.4,0.5,0.7653606369886217,1,5,3,2
smd,group23_evaluation,machine-3-8,sarad_official,2,4,23478,23781,"[9, 13, 24, 18, 12, 23, 22, 1, 34, 27, 3, 21, 2, 11, 7, 25, 19, 30, 35, 31, 29, 10, 32, 20, 26, 6, 36, 37, 4, 28, 17, 15, 16, 8, 0, 33, 14, 5]",5,0.6,0.6,0.6,0.6843515475204855,1,5,5,3
smd,group23_evaluation,machine-3-8,sarad_official,2,5,28253,28270,"[9, 23, 27, 7, 18, 24, 13, 12, 19, 30, 34, 2, 29, 20, 21, 10, 11, 32, 4, 15, 28, 31, 17, 25, 1, 3, 35, 26, 36, 22, 8, 0, 16, 33, 5, 37, 6, 14]",1,1.0,0.3333333333333333,0.5,1.0,1,3,1,1
smd,group23_evaluation,machine-3-8,sarad_official,2,5,28253,28270,"[9, 23, 27, 7, 18, 24, 13, 12, 19, 30, 34, 2, 29, 20, 21, 10, 11, 32, 4, 15, 28, 31, 17, 25, 1, 3, 35, 26, 36, 22, 8, 0, 16, 33, 5, 37, 6, 14]",3,0.3333333333333333,0.3333333333333333,0.3333333333333333,0.46927872602275644,1,3,3,1
smd,group23_evaluation,machine-3-8,sarad_official,2,5,28253,28270,"[9, 23, 27, 7, 18, 24, 13, 12, 19, 30, 34, 2, 29, 20, 21, 10, 11, 32, 4, 15, 28, 31, 17, 25, 1, 3, 35, 26, 36, 22, 8, 0, 16, 33, 5, 37, 6, 14]",5,0.2,0.3333333333333333,0.25,0.46927872602275644,1,3,5,1
smd,group23_evaluation,machine-3-9,sarad_official,2,0,1199,1230,"[25, 23, 10, 22, 14, 31, 8, 27, 9, 18, 13, 20, 11, 12, 21, 19, 32, 15, 30, 0, 16, 37, 28, 7, 26, 33, 24, 34, 36, 4, 17, 2, 6, 3, 5, 29, 35, 1]",1,1.0,0.08333333333333333,0.15384615384615385,1.0,1,12,1,1
smd,group23_evaluation,machine-3-9,sarad_official,2,0,1199,1230,"[25, 23, 10, 22, 14, 31, 8, 27, 9, 18, 13, 20, 11, 12, 21, 19, 32, 15, 30, 0, 16, 37, 28, 7, 26, 33, 24, 34, 36, 4, 17, 2, 6, 3, 5, 29, 35, 1]",3,0.6666666666666666,0.16666666666666666,0.26666666666666666,0.7653606369886217,1,12,3,2
smd,group23_evaluation,machine-3-9,sarad_official,2,0,1199,1230,"[25, 23, 10, 22, 14, 31, 8, 27, 9, 18, 13, 20, 11, 12, 21, 19, 32, 15, 30, 0, 16, 37, 28, 7, 26, 33, 24, 34, 36, 4, 17, 2, 6, 3, 5, 29, 35, 1]",5,0.6,0.25,0.35294117647058826,0.6992148198508501,1,12,5,3
smd,group23_evaluation,machine-3-9,sarad_official,2,1,5361,5487,"[26, 33, 32, 10, 25, 23, 34, 7, 15, 35, 8, 13, 3, 18, 4, 27, 14, 29, 2, 31, 28, 22, 1, 19, 24, 21, 5, 12, 0, 37, 11, 30, 20, 6, 36, 16, 9, 17]",1,1.0,0.3333333333333333,0.5,1.0,1,3,1,1
smd,group23_evaluation,machine-3-9,sarad_official,2,1,5361,5487,"[26, 33, 32, 10, 25, 23, 34, 7, 15, 35, 8, 13, 3, 18, 4, 27, 14, 29, 2, 31, 28, 22, 1, 19, 24, 21, 5, 12, 0, 37, 11, 30, 20, 6, 36, 16, 9, 17]",3,1.0,1.0,1.0,1.0,1,3,3,3
smd,group23_evaluation,machine-3-9,sarad_official,2,1,5361,5487,"[26, 33, 32, 10, 25, 23, 34, 7, 15, 35, 8, 13, 3, 18, 4, 27, 14, 29, 2, 31, 28, 22, 1, 19, 24, 21, 5, 12, 0, 37, 11, 30, 20, 6, 36, 16, 9, 17]",5,0.6,1.0,0.7499999999999999,1.0,1,3,5,3
smd,group23_evaluation,machine-3-9,sarad_official,2,2,10662,10707,"[10, 9, 8, 14, 1, 0, 18, 12, 3, 2, 27, 32, 20, 19, 15, 17, 13, 21, 7, 30, 11, 36, 37, 26, 5, 28, 16, 33, 35, 23, 4, 29, 22, 34, 24, 6, 31, 25]",1,0.0,0.0,0.0,0.0,0,13,1,0
smd,group23_evaluation,machine-3-9,sarad_official,2,2,10662,10707,"[10, 9, 8, 14, 1, 0, 18, 12, 3, 2, 27, 32, 20, 19, 15, 17, 13, 21, 7, 30, 11, 36, 37, 26, 5, 28, 16, 33, 35, 23, 4, 29, 22, 34, 24, 6, 31, 25]",3,0.0,0.0,0.0,0.0,0,13,3,0
smd,group23_evaluation,machine-3-9,sarad_official,2,2,10662,10707,"[10, 9, 8, 14, 1, 0, 18, 12, 3, 2, 27, 32, 20, 19, 15, 17, 13, 21, 7, 30, 11, 36, 37, 26, 5, 28, 16, 33, 35, 23, 4, 29, 22, 34, 24, 6, 31, 25]",5,0.2,0.07692307692307693,0.1111111111111111,0.13120507751234178,1,13,5,1
smd,group23_evaluation,machine-3-9,sarad_official,2,3,27849,27950,"[1, 2, 34, 3, 0, 27, 35, 18, 31, 21, 19, 30, 20, 9, 10, 22, 8, 13, 14, 15, 5, 4, 11, 25, 7, 23, 24, 29, 12, 37, 32, 16, 17, 36, 26, 33, 28, 6]",1,1.0,0.0625,0.11764705882352941,1.0,1,16,1,1
smd,group23_evaluation,machine-3-9,sarad_official,2,3,27849,27950,"[1, 2, 34, 3, 0, 27, 35, 18, 31, 21, 19, 30, 20, 9, 10, 22, 8, 13, 14, 15, 5, 4, 11, 25, 7, 23, 24, 29, 12, 37, 32, 16, 17, 36, 26, 33, 28, 6]",3,1.0,0.1875,0.3157894736842105,1.0,1,16,3,3
smd,group23_evaluation,machine-3-9,sarad_official,2,3,27849,27950,"[1, 2, 34, 3, 0, 27, 35, 18, 31, 21, 19, 30, 20, 9, 10, 22, 8, 13, 14, 15, 5, 4, 11, 25, 7, 23, 24, 29, 12, 37, 32, 16, 17, 36, 26, 33, 28, 6]",5,1.0,0.3125,0.47619047619047616,1.0,1,16,5,5
