dataset,split,item,method,seed,event_id,start,end,rank,k,precision,recall,f1,ndcg,hit,n_true,n_pred,inter
smd,group1_development,machine-1-1,tranad_official,0,0,15849,16368,"[28, 29, 24, 3, 31, 34, 20, 35, 30, 18, 19, 21, 2, 27, 0, 1, 9, 23, 8, 25, 12, 13, 22, 4, 15, 14, 33, 11, 32, 10, 26, 5, 6, 37, 36, 7, 16, 17]",1,0.0,0.0,0.0,0.0,0,7,1,0
smd,group1_development,machine-1-1,tranad_official,0,0,15849,16368,"[28, 29, 24, 3, 31, 34, 20, 35, 30, 18, 19, 21, 2, 27, 0, 1, 9, 23, 8, 25, 12, 13, 22, 4, 15, 14, 33, 11, 32, 10, 26, 5, 6, 37, 36, 7, 16, 17]",3,0.0,0.0,0.0,0.0,0,7,3,0
smd,group1_development,machine-1-1,tranad_official,0,0,15849,16368,"[28, 29, 24, 3, 31, 34, 20, 35, 30, 18, 19, 21, 2, 27, 0, 1, 9, 23, 8, 25, 12, 13, 22, 4, 15, 14, 33, 11, 32, 10, 26, 5, 6, 37, 36, 7, 16, 17]",5,0.0,0.0,0.0,0.0,0,7,5,0
smd,group1_development,machine-1-1,tranad_official,0,1,16963,17517,"[28, 26, 33, 32, 29, 25, 23, 24, 35, 34, 3, 2, 21, 31, 30, 27, 19, 20, 18, 1, 0, 22, 8, 13, 6, 9, 15, 12, 10, 11, 14, 4, 5, 37, 16, 17, 7, 36]",1,1.0,0.03225806451612903,0.0625,1.0,1,31,1,1
smd,group1_development,machine-1-1,tranad_official,0,1,16963,17517,"[28, 26, 33, 32, 29, 25, 23, 24, 35, 34, 3, 2, 21, 31, 30, 27, 19, 20, 18, 1, 0, 22, 8, 13, 6, 9, 15, 12, 10, 11, 14, 4, 5, 37, 16, 17, 7, 36]",3,1.0,0.0967741935483871,0.17647058823529413,1.0,1,31,3,3
smd,group1_development,machine-1-1,tranad_official,0,1,16963,17517,"[28, 26, 33, 32, 29, 25, 23, 24, 35, 34, 3, 2, 21, 31, 30, 27, 19, 20, 18, 1, 0, 22, 8, 13, 6, 9, 15, 12, 10, 11, 14, 4, 5, 37, 16, 17, 7, 36]",5,1.0,0.16129032258064516,0.27777777777777773,1.0,1,31,5,5
smd,group1_development,machine-1-1,tranad_official,0,2,18071,18528,"[28, 29, 24, 35, 34, 3, 19, 30, 20, 2, 33, 31, 21, 18, 27, 0, 1, 23, 32, 25, 13, 8, 9, 22, 12, 15, 26, 11, 6, 4, 10, 14, 5, 36, 16, 17, 37, 7]",1,0.0,0.0,0.0,0.0,0,8,1,0
smd,group1_development,machine-1-1,tranad_official,0,2,18071,18528,"[28, 29, 24, 35, 34, 3, 19, 30, 20, 2, 33, 31, 21, 18, 27, 0, 1, 23, 32, 25, 13, 8, 9, 22, 12, 15, 26, 11, 6, 4, 10, 14, 5, 36, 16, 17, 37, 7]",3,0.0,0.0,0.0,0.0,0,8,3,0
smd,group1_development,machine-1-1,tranad_official,0,2,18071,18528,"[28, 29, 24, 35, 34, 3, 19, 30, 20, 2, 33, 31, 21, 18, 27, 0, 1, 23, 32, 25, 13, 8, 9, 22, 12, 15, 26, 11, 6, 4, 10, 14, 5, 36, 16, 17, 37, 7]",5,0.0,0.0,0.0,0.0,0,8,5,0
smd,group1_development,machine-1-1,tranad_official,0,3,19367,20088,"[28, 29, 24, 35, 34, 3, 20, 31, 19, 2, 30, 21, 27, 18, 0, 1, 23, 25, 33, 13, 8, 22, 6, 9, 15, 4, 14, 32, 12, 11, 10, 26, 16, 5, 17, 36, 7, 37]",1,0.0,0.0,0.0,0.0,0,14,1,0
smd,group1_development,machine-1-1,tranad_official,0,3,19367,20088,"[28, 29, 24, 35, 34, 3, 20, 31, 19, 2, 30, 21, 27, 18, 0, 1, 23, 25, 33, 13, 8, 22, 6, 9, 15, 4, 14, 32, 12, 11, 10, 26, 16, 5, 17, 36, 7, 37]",3,0.3333333333333333,0.07142857142857142,0.11764705882352941,0.23463936301137822,1,14,3,1
smd,group1_development,machine-1-1,tranad_official,0,3,19367,20088,"[28, 29, 24, 35, 34, 3, 20, 31, 19, 2, 30, 21, 27, 18, 0, 1, 23, 25, 33, 13, 8, 22, 6, 9, 15, 4, 14, 32, 12, 11, 10, 26, 16, 5, 17, 36, 7, 37]",5,0.2,0.07142857142857142,0.10526315789473682,0.16958010263680806,1,14,5,1
smd,group1_development,machine-1-1,tranad_official,0,4,20786,21195,"[29, 34, 0, 35, 30, 24, 20, 19, 2, 31, 3, 21, 18, 13, 8, 27, 9, 1, 12, 25, 22, 11, 23, 32, 10, 14, 15, 6, 26, 5, 4, 28, 33, 16, 17, 7, 36, 37]",1,0.0,0.0,0.0,0.0,0,7,1,0
smd,group1_development,machine-1-1,tranad_official,0,4,20786,21195,"[29, 34, 0, 35, 30, 24, 20, 19, 2, 31, 3, 21, 18, 13, 8, 27, 9, 1, 12, 25, 22, 11, 23, 32, 10, 14, 15, 6, 26, 5, 4, 28, 33, 16, 17, 7, 36, 37]",3,0.3333333333333333,0.14285714285714285,0.2,0.23463936301137822,1,7,3,1
smd,group1_development,machine-1-1,tranad_official,0,4,20786,21195,"[29, 34, 0, 35, 30, 24, 20, 19, 2, 31, 3, 21, 18, 13, 8, 27, 9, 1, 12, 25, 22, 11, 23, 32, 10, 14, 15, 6, 26, 5, 4, 28, 33, 16, 17, 7, 36, 37]",5,0.2,0.14285714285714285,0.16666666666666666,0.16958010263680806,1,7,5,1
smd,group1_development,machine-1-1,tranad_official,0,5,24679,24682,"[13, 8, 12, 29, 32, 21, 10, 14, 6, 28, 35, 22, 11, 23, 25, 34, 3, 19, 27, 20, 31, 15, 0, 24, 18, 1, 2, 30, 26, 5, 33, 36, 9, 37, 4, 7, 16, 17]",1,1.0,0.25,0.4,1.0,1,4,1,1
smd,group1_development,machine-1-1,tranad_official,0,5,24679,24682,"[13, 8, 12, 29, 32, 21, 10, 14, 6, 28, 35, 22, 11, 23, 25, 34, 3, 19, 27, 20, 31, 15, 0, 24, 18, 1, 2, 30, 26, 5, 33, 36, 9, 37, 4, 7, 16, 17]",3,1.0,0.75,0.8571428571428571,1.0,1,4,3,3
smd,group1_development,machine-1-1,tranad_official,0,5,24679,24682,"[13, 8, 12, 29, 32, 21, 10, 14, 6, 28, 35, 22, 11, 23, 25, 34, 3, 19, 27, 20, 31, 15, 0, 24, 18, 1, 2, 30, 26, 5, 33, 36, 9, 37, 4, 7, 16, 17]",5,0.6,0.75,0.6666666666666665,0.8318724637288826,1,4,5,3
smd,group1_development,machine-1-1,tranad_official,0,6,26114,26116,"[13, 8, 29, 12, 6, 21, 32, 14, 10, 22, 35, 23, 18, 25, 9, 11, 3, 34, 26, 28, 31, 27, 2, 15, 19, 30, 20, 24, 0, 1, 5, 33, 36, 4, 17, 16, 37, 7]",1,1.0,0.25,0.4,1.0,1,4,1,1
smd,group1_development,machine-1-1,tranad_official,0,6,26114,26116,"[13, 8, 29, 12, 6, 21, 32, 14, 10, 22, 35, 23, 18, 25, 9, 11, 3, 34, 26, 28, 31, 27, 2, 15, 19, 30, 20, 24, 0, 1, 5, 33, 36, 4, 17, 16, 37, 7]",3,0.6666666666666666,0.5,0.5714285714285715,0.7653606369886217,1,4,3,2
smd,group1_development,machine-1-1,tranad_official,0,6,26114,26116,"[13, 8, 29, 12, 6, 21, 32, 14, 10, 22, 35, 23, 18, 25, 9, 11, 3, 34, 26, 28, 31, 27, 2, 15, 19, 30, 20, 24, 0, 1, 5, 33, 36, 4, 17, 16, 37, 7]",5,0.6,0.75,0.6666666666666665,0.8048099750039491,1,4,5,3
smd,group1_development,machine-1-1,tranad_official,0,7,27554,27556,"[13, 8, 29, 12, 32, 10, 6, 14, 21, 28, 22, 35, 3, 34, 25, 23, 19, 11, 27, 26, 0, 2, 30, 20, 18, 15, 24, 31, 1, 9, 5, 33, 36, 4, 37, 16, 17, 7]",1,1.0,0.25,0.4,1.0,1,4,1,1
smd,group1_development,machine-1-1,tranad_official,0,7,27554,27556,"[13, 8, 29, 12, 32, 10, 6, 14, 21, 28, 22, 35, 3, 34, 25, 23, 19, 11, 27, 26, 0, 2, 30, 20, 18, 15, 24, 31, 1, 9, 5, 33, 36, 4, 37, 16, 17, 7]",3,0.6666666666666666,0.5,0.5714285714285715,0.7653606369886217,1,4,3,2
smd,group1_development,machine-1-1,tranad_official,0,7,27554,27556,"[13, 8, 29, 12, 32, 10, 6, 14, 21, 28, 22, 35, 3, 34, 25, 23, 19, 11, 27, 26, 0, 2, 30, 20, 18, 15, 24, 31, 1, 9, 5, 33, 36, 4, 37, 16, 17, 7]",5,0.6,0.75,0.6666666666666665,0.8048099750039491,1,4,5,3
smd,group1_development,machine-1-1,tranad_official,1,0,15849,16368,"[28, 29, 24, 34, 21, 3, 31, 35, 30, 27, 20, 2, 19, 0, 18, 9, 1, 23, 13, 11, 22, 12, 25, 8, 32, 14, 6, 15, 26, 4, 36, 10, 5, 37, 33, 17, 16, 7]",1,0.0,0.0,0.0,0.0,0,7,1,0
smd,group1_development,machine-1-1,tranad_official,1,0,15849,16368,"[28, 29, 24, 34, 21, 3, 31, 35, 30, 27, 20, 2, 19, 0, 18, 9, 1, 23, 13, 11, 22, 12, 25, 8, 32, 14, 6, 15, 26, 4, 36, 10, 5, 37, 33, 17, 16, 7]",3,0.0,0.0,0.0,0.0,0,7,3,0
smd,group1_development,machine-1-1,tranad_official,1,0,15849,16368,"[28, 29, 24, 34, 21, 3, 31, 35, 30, 27, 20, 2, 19, 0, 18, 9, 1, 23, 13, 11, 22, 12, 25, 8, 32, 14, 6, 15, 26, 4, 36, 10, 5, 37, 33, 17, 16, 7]",5,0.0,0.0,0.0,0.0,0,7,5,0
smd,group1_development,machine-1-1,tranad_official,1,1,16963,17517,"[28, 26, 33, 32, 29, 25, 23, 24, 3, 35, 34, 30, 21, 27, 20, 2, 31, 19, 18, 0, 1, 6, 22, 8, 13, 14, 9, 12, 11, 15, 4, 10, 36, 5, 37, 17, 16, 7]",1,1.0,0.03225806451612903,0.0625,1.0,1,31,1,1
smd,group1_development,machine-1-1,tranad_official,1,1,16963,17517,"[28, 26, 33, 32, 29, 25, 23, 24, 3, 35, 34, 30, 21, 27, 20, 2, 31, 19, 18, 0, 1, 6, 22, 8, 13, 14, 9, 12, 11, 15, 4, 10, 36, 5, 37, 17, 16, 7]",3,1.0,0.0967741935483871,0.17647058823529413,1.0,1,31,3,3
smd,group1_development,machine-1-1,tranad_official,1,1,16963,17517,"[28, 26, 33, 32, 29, 25, 23, 24, 3, 35, 34, 30, 21, 27, 20, 2, 31, 19, 18, 0, 1, 6, 22, 8, 13, 14, 9, 12, 11, 15, 4, 10, 36, 5, 37, 17, 16, 7]",5,1.0,0.16129032258064516,0.27777777777777773,1.0,1,31,5,5
smd,group1_development,machine-1-1,tranad_official,1,2,18071,18528,"[28, 29, 3, 34, 24, 35, 21, 33, 30, 27, 31, 20, 2, 19, 0, 18, 23, 1, 32, 13, 9, 25, 8, 22, 6, 11, 12, 14, 15, 4, 36, 26, 10, 37, 5, 16, 17, 7]",1,0.0,0.0,0.0,0.0,0,8,1,0
smd,group1_development,machine-1-1,tranad_official,1,2,18071,18528,"[28, 29, 3, 34, 24, 35, 21, 33, 30, 27, 31, 20, 2, 19, 0, 18, 23, 1, 32, 13, 9, 25, 8, 22, 6, 11, 12, 14, 15, 4, 36, 26, 10, 37, 5, 16, 17, 7]",3,0.0,0.0,0.0,0.0,0,8,3,0
smd,group1_development,machine-1-1,tranad_official,1,2,18071,18528,"[28, 29, 3, 34, 24, 35, 21, 33, 30, 27, 31, 20, 2, 19, 0, 18, 23, 1, 32, 13, 9, 25, 8, 22, 6, 11, 12, 14, 15, 4, 36, 26, 10, 37, 5, 16, 17, 7]",5,0.0,0.0,0.0,0.0,0,8,5,0
smd,group1_development,machine-1-1,tranad_official,1,3,19367,20088,"[28, 29, 3, 34, 21, 24, 35, 27, 31, 30, 20, 19, 2, 18, 0, 23, 1, 13, 6, 25, 22, 8, 33, 9, 14, 11, 36, 15, 32, 26, 4, 12, 10, 5, 37, 17, 16, 7]",1,0.0,0.0,0.0,0.0,0,14,1,0
smd,group1_development,machine-1-1,tranad_official,1,3,19367,20088,"[28, 29, 3, 34, 21, 24, 35, 27, 31, 30, 20, 19, 2, 18, 0, 23, 1, 13, 6, 25, 22, 8, 33, 9, 14, 11, 36, 15, 32, 26, 4, 12, 10, 5, 37, 17, 16, 7]",3,0.3333333333333333,0.07142857142857142,0.11764705882352941,0.23463936301137822,1,14,3,1
smd,group1_development,machine-1-1,tranad_official,1,3,19367,20088,"[28, 29, 3, 34, 21, 24, 35, 27, 31, 30, 20, 19, 2, 18, 0, 23, 1, 13, 6, 25, 22, 8, 33, 9, 14, 11, 36, 15, 32, 26, 4, 12, 10, 5, 37, 17, 16, 7]",5,0.2,0.07142857142857142,0.10526315789473682,0.16958010263680806,1,14,5,1
smd,group1_development,machine-1-1,tranad_official,1,4,20786,21195,"[29, 34, 0, 3, 21, 31, 27, 13, 35, 30, 24, 18, 8, 19, 20, 9, 22, 2, 32, 12, 23, 11, 15, 1, 10, 6, 25, 14, 17, 5, 36, 33, 16, 37, 4, 26, 28, 7]",1,0.0,0.0,0.0,0.0,0,7,1,0
smd,group1_development,machine-1-1,tranad_official,1,4,20786,21195,"[29, 34, 0, 3, 21, 31, 27, 13, 35, 30, 24, 18, 8, 19, 20, 9, 22, 2, 32, 12, 23, 11, 15, 1, 10, 6, 25, 14, 17, 5, 36, 33, 16, 37, 4, 26, 28, 7]",3,0.3333333333333333,0.14285714285714285,0.2,0.23463936301137822,1,7,3,1
smd,group1_development,machine-1-1,tranad_official,1,4,20786,21195,"[29, 34, 0, 3, 21, 31, 27, 13, 35, 30, 24, 18, 8, 19, 20, 9, 22, 2, 32, 12, 23, 11, 15, 1, 10, 6, 25, 14, 17, 5, 36, 33, 16, 37, 4, 26, 28, 7]",5,0.2,0.14285714285714285,0.16666666666666666,0.16958010263680806,1,7,5,1
smd,group1_development,machine-1-1,tranad_official,1,5,24679,24682,"[13, 8, 29, 12, 14, 25, 23, 10, 22, 11, 18, 3, 35, 34, 20, 27, 30, 19, 31, 2, 24, 15, 0, 21, 1, 6, 5, 33, 36, 9, 28, 7, 32, 17, 16, 37, 4, 26]",1,1.0,0.25,0.4,1.0,1,4,1,1
smd,group1_development,machine-1-1,tranad_official,1,5,24679,24682,"[13, 8, 29, 12, 14, 25, 23, 10, 22, 11, 18, 3, 35, 34, 20, 27, 30, 19, 31, 2, 24, 15, 0, 21, 1, 6, 5, 33, 36, 9, 28, 7, 32, 17, 16, 37, 4, 26]",3,0.6666666666666666,0.5,0.5714285714285715,0.7653606369886217,1,4,3,2
smd,group1_development,machine-1-1,tranad_official,1,5,24679,24682,"[13, 8, 29, 12, 14, 25, 23, 10, 22, 11, 18, 3, 35, 34, 20, 27, 30, 19, 31, 2, 24, 15, 0, 21, 1, 6, 5, 33, 36, 9, 28, 7, 32, 17, 16, 37, 4, 26]",5,0.8,1.0,0.888888888888889,0.9558295932317544,1,4,5,4
smd,group1_development,machine-1-1,tranad_official,1,6,26114,26116,"[13, 8, 29, 12, 14, 22, 23, 10, 25, 3, 11, 2, 35, 34, 20, 27, 30, 31, 19, 18, 24, 15, 6, 21, 1, 32, 0, 5, 33, 28, 36, 7, 9, 16, 17, 4, 26, 37]",1,1.0,0.25,0.4,1.0,1,4,1,1
smd,group1_development,machine-1-1,tranad_official,1,6,26114,26116,"[13, 8, 29, 12, 14, 22, 23, 10, 25, 3, 11, 2, 35, 34, 20, 27, 30, 31, 19, 18, 24, 15, 6, 21, 1, 32, 0, 5, 33, 28, 36, 7, 9, 16, 17, 4, 26, 37]",3,0.6666666666666666,0.5,0.5714285714285715,0.7653606369886217,1,4,3,2
smd,group1_development,machine-1-1,tranad_official,1,6,26114,26116,"[13, 8, 29, 12, 14, 22, 23, 10, 25, 3, 11, 2, 35, 34, 20, 27, 30, 31, 19, 18, 24, 15, 6, 21, 1, 32, 0, 5, 33, 28, 36, 7, 9, 16, 17, 4, 26, 37]",5,0.8,1.0,0.888888888888889,0.9558295932317544,1,4,5,4
smd,group1_development,machine-1-1,tranad_official,1,7,27554,27556,"[13, 8, 29, 12, 14, 22, 10, 23, 25, 3, 35, 34, 2, 19, 11, 27, 20, 30, 18, 0, 24, 31, 1, 15, 21, 6, 5, 33, 28, 36, 7, 9, 17, 16, 26, 4, 32, 37]",1,1.0,0.25,0.4,1.0,1,4,1,1
smd,group1_development,machine-1-1,tranad_official,1,7,27554,27556,"[13, 8, 29, 12, 14, 22, 10, 23, 25, 3, 35, 34, 2, 19, 11, 27, 20, 30, 18, 0, 24, 31, 1, 15, 21, 6, 5, 33, 28, 36, 7, 9, 17, 16, 26, 4, 32, 37]",3,0.6666666666666666,0.5,0.5714285714285715,0.7653606369886217,1,4,3,2
smd,group1_development,machine-1-1,tranad_official,1,7,27554,27556,"[13, 8, 29, 12, 14, 22, 10, 23, 25, 3, 35, 34, 2, 19, 11, 27, 20, 30, 18, 0, 24, 31, 1, 15, 21, 6, 5, 33, 28, 36, 7, 9, 17, 16, 26, 4, 32, 37]",5,0.8,1.0,0.888888888888889,0.9558295932317544,1,4,5,4
smd,group1_development,machine-1-1,tranad_official,2,0,15849,16368,"[28, 29, 3, 30, 24, 35, 34, 21, 31, 27, 2, 19, 20, 0, 18, 1, 9, 22, 25, 8, 12, 13, 23, 11, 14, 32, 10, 16, 15, 17, 6, 5, 33, 4, 36, 37, 26, 7]",1,0.0,0.0,0.0,0.0,0,7,1,0
smd,group1_development,machine-1-1,tranad_official,2,0,15849,16368,"[28, 29, 3, 30, 24, 35, 34, 21, 31, 27, 2, 19, 20, 0, 18, 1, 9, 22, 25, 8, 12, 13, 23, 11, 14, 32, 10, 16, 15, 17, 6, 5, 33, 4, 36, 37, 26, 7]",3,0.0,0.0,0.0,0.0,0,7,3,0
smd,group1_development,machine-1-1,tranad_official,2,0,15849,16368,"[28, 29, 3, 30, 24, 35, 34, 21, 31, 27, 2, 19, 20, 0, 18, 1, 9, 22, 25, 8, 12, 13, 23, 11, 14, 32, 10, 16, 15, 17, 6, 5, 33, 4, 36, 37, 26, 7]",5,0.0,0.0,0.0,0.0,0,7,5,0
smd,group1_development,machine-1-1,tranad_official,2,1,16963,17517,"[28, 26, 33, 32, 29, 25, 23, 24, 3, 35, 34, 30, 21, 2, 27, 31, 20, 19, 18, 1, 0, 13, 22, 9, 8, 16, 6, 12, 15, 10, 11, 14, 17, 5, 36, 7, 37, 4]",1,1.0,0.03225806451612903,0.0625,1.0,1,31,1,1
smd,group1_development,machine-1-1,tranad_official,2,1,16963,17517,"[28, 26, 33, 32, 29, 25, 23, 24, 3, 35, 34, 30, 21, 2, 27, 31, 20, 19, 18, 1, 0, 13, 22, 9, 8, 16, 6, 12, 15, 10, 11, 14, 17, 5, 36, 7, 37, 4]",3,1.0,0.0967741935483871,0.17647058823529413,1.0,1,31,3,3
smd,group1_development,machine-1-1,tranad_official,2,1,16963,17517,"[28, 26, 33, 32, 29, 25, 23, 24, 3, 35, 34, 30, 21, 2, 27, 31, 20, 19, 18, 1, 0, 13, 22, 9, 8, 16, 6, 12, 15, 10, 11, 14, 17, 5, 36, 7, 37, 4]",5,1.0,0.16129032258064516,0.27777777777777773,1.0,1,31,5,5
smd,group1_development,machine-1-1,tranad_official,2,2,18071,18528,"[28, 29, 3, 35, 24, 34, 30, 21, 33, 19, 31, 2, 27, 20, 0, 1, 18, 25, 32, 13, 23, 8, 9, 22, 12, 6, 11, 16, 14, 17, 10, 15, 5, 7, 4, 37, 26, 36]",1,0.0,0.0,0.0,0.0,0,8,1,0
smd,group1_development,machine-1-1,tranad_official,2,2,18071,18528,"[28, 29, 3, 35, 24, 34, 30, 21, 33, 19, 31, 2, 27, 20, 0, 1, 18, 25, 32, 13, 23, 8, 9, 22, 12, 6, 11, 16, 14, 17, 10, 15, 5, 7, 4, 37, 26, 36]",3,0.0,0.0,0.0,0.0,0,8,3,0
smd,group1_development,machine-1-1,tranad_official,2,2,18071,18528,"[28, 29, 3, 35, 24, 34, 30, 21, 33, 19, 31, 2, 27, 20, 0, 1, 18, 25, 32, 13, 23, 8, 9, 22, 12, 6, 11, 16, 14, 17, 10, 15, 5, 7, 4, 37, 26, 36]",5,0.0,0.0,0.0,0.0,0,8,5,0
smd,group1_development,machine-1-1,tranad_official,2,3,19367,20088,"[28, 29, 3, 35, 34, 24, 30, 21, 27, 31, 2, 19, 20, 18, 1, 0, 25, 22, 23, 13, 8, 33, 9, 16, 32, 6, 14, 12, 10, 11, 17, 15, 5, 4, 7, 37, 26, 36]",1,0.0,0.0,0.0,0.0,0,14,1,0
smd,group1_development,machine-1-1,tranad_official,2,3,19367,20088,"[28, 29, 3, 35, 34, 24, 30, 21, 27, 31, 2, 19, 20, 18, 1, 0, 25, 22, 23, 13, 8, 33, 9, 16, 32, 6, 14, 12, 10, 11, 17, 15, 5, 4, 7, 37, 26, 36]",3,0.3333333333333333,0.07142857142857142,0.11764705882352941,0.23463936301137822,1,14,3,1
smd,group1_development,machine-1-1,tranad_official,2,3,19367,20088,"[28, 29, 3, 35, 34, 24, 30, 21, 27, 31, 2, 19, 20, 18, 1, 0, 25, 22, 23, 13, 8, 33, 9, 16, 32, 6, 14, 12, 10, 11, 17, 15, 5, 4, 7, 37, 26, 36]",5,0.2,0.07142857142857142,0.10526315789473682,0.16958010263680806,1,14,5,1
smd,group1_development,machine-1-1,tranad_official,2,4,20786,21195,"[29, 35, 3, 0, 34, 30, 24, 21, 19, 31, 13, 1, 8, 27, 2, 22, 9, 20, 18, 25, 12, 11, 14, 6, 10, 15, 23, 28, 16, 32, 5, 17, 7, 33, 37, 4, 26, 36]",1,0.0,0.0,0.0,0.0,0,7,1,0
smd,group1_development,machine-1-1,tranad_official,2,4,20786,21195,"[29, 35, 3, 0, 34, 30, 24, 21, 19, 31, 13, 1, 8, 27, 2, 22, 9, 20, 18, 25, 12, 11, 14, 6, 10, 15, 23, 28, 16, 32, 5, 17, 7, 33, 37, 4, 26, 36]",3,0.0,0.0,0.0,0.0,0,7,3,0
smd,group1_development,machine-1-1,tranad_official,2,4,20786,21195,"[29, 35, 3, 0, 34, 30, 24, 21, 19, 31, 13, 1, 8, 27, 2, 22, 9, 20, 18, 25, 12, 11, 14, 6, 10, 15, 23, 28, 16, 32, 5, 17, 7, 33, 37, 4, 26, 36]",5,0.2,0.14285714285714285,0.16666666666666666,0.14606834984270645,1,7,5,1
smd,group1_development,machine-1-1,tranad_official,2,5,24679,24682,"[8, 13, 12, 29, 14, 17, 21, 25, 18, 6, 20, 32, 28, 16, 1, 22, 2, 10, 24, 31, 34, 3, 23, 19, 11, 35, 15, 30, 27, 5, 0, 33, 9, 37, 4, 7, 36, 26]",1,1.0,0.25,0.4,1.0,1,4,1,1
smd,group1_development,machine-1-1,tranad_official,2,5,24679,24682,"[8, 13, 12, 29, 14, 17, 21, 25, 18, 6, 20, 32, 28, 16, 1, 22, 2, 10, 24, 31, 34, 3, 23, 19, 11, 35, 15, 30, 27, 5, 0, 33, 9, 37, 4, 7, 36, 26]",3,1.0,0.75,0.8571428571428571,1.0,1,4,3,3
smd,group1_development,machine-1-1,tranad_official,2,5,24679,24682,"[8, 13, 12, 29, 14, 17, 21, 25, 18, 6, 20, 32, 28, 16, 1, 22, 2, 10, 24, 31, 34, 3, 23, 19, 11, 35, 15, 30, 27, 5, 0, 33, 9, 37, 4, 7, 36, 26]",5,0.8,1.0,0.888888888888889,0.9828920819566879,1,4,5,4
smd,group1_development,machine-1-1,tranad_official,2,6,26114,26116,"[8, 13, 29, 12, 6, 21, 18, 14, 25, 16, 28, 10, 2, 19, 23, 30, 32, 24, 3, 31, 34, 17, 20, 1, 22, 11, 27, 35, 15, 0, 5, 33, 4, 9, 36, 7, 37, 26]",1,1.0,0.25,0.4,1.0,1,4,1,1
smd,group1_development,machine-1-1,tranad_official,2,6,26114,26116,"[8, 13, 29, 12, 6, 21, 18, 14, 25, 16, 28, 10, 2, 19, 23, 30, 32, 24, 3, 31, 34, 17, 20, 1, 22, 11, 27, 35, 15, 0, 5, 33, 4, 9, 36, 7, 37, 26]",3,0.6666666666666666,0.5,0.5714285714285715,0.7653606369886217,1,4,3,2
smd,group1_development,machine-1-1,tranad_official,2,6,26114,26116,"[8, 13, 29, 12, 6, 21, 18, 14, 25, 16, 28, 10, 2, 19, 23, 30, 32, 24, 3, 31, 34, 17, 20, 1, 22, 11, 27, 35, 15, 0, 5, 33, 4, 9, 36, 7, 37, 26]",5,0.6,0.75,0.6666666666666665,0.8048099750039491,1,4,5,3
smd,group1_development,machine-1-1,tranad_official,2,7,27554,27556,"[8, 13, 29, 12, 6, 14, 18, 32, 21, 16, 28, 25, 1, 17, 24, 10, 2, 23, 3, 19, 30, 31, 34, 20, 27, 22, 35, 5, 0, 11, 15, 33, 4, 36, 9, 7, 37, 26]",1,1.0,0.25,0.4,1.0,1,4,1,1
smd,group1_development,machine-1-1,tranad_official,2,7,27554,27556,"[8, 13, 29, 12, 6, 14, 18, 32, 21, 16, 28, 25, 1, 17, 24, 10, 2, 23, 3, 19, 30, 31, 34, 20, 27, 22, 35, 5, 0, 11, 15, 33, 4, 36, 9, 7, 37, 26]",3,0.6666666666666666,0.5,0.5714285714285715,0.7653606369886217,1,4,3,2
smd,group1_development,machine-1-1,tranad_official,2,7,27554,27556,"[8, 13, 29, 12, 6, 14, 18, 32, 21, 16, 28, 25, 1, 17, 24, 10, 2, 23, 3, 19, 30, 31, 34, 20, 27, 22, 35, 5, 0, 11, 15, 33, 4, 36, 9, 7, 37, 26]",5,0.6,0.75,0.6666666666666665,0.8048099750039491,1,4,5,3
smd,group1_development,machine-1-2,tranad_official,0,0,4629,4688,"[12, 11, 25, 23, 9, 6, 24, 4, 5, 10, 31, 32, 33, 35, 34, 8, 14, 17, 2, 0, 13, 1, 21, 30, 20, 18, 15, 26, 16, 27, 3, 22, 29, 28, 19, 36, 7, 37]",1,1.0,0.16666666666666666,0.2857142857142857,1.0,1,6,1,1
smd,group1_development,machine-1-2,tranad_official,0,0,4629,4688,"[12, 11, 25, 23, 9, 6, 24, 4, 5, 10, 31, 32, 33, 35, 34, 8, 14, 17, 2, 0, 13, 1, 21, 30, 20, 18, 15, 26, 16, 27, 3, 22, 29, 28, 19, 36, 7, 37]",3,0.3333333333333333,0.16666666666666666,0.2222222222222222,0.46927872602275644,1,6,3,1
smd,group1_development,machine-1-2,tranad_official,0,0,4629,4688,"[12, 11, 25, 23, 9, 6, 24, 4, 5, 10, 31, 32, 33, 35, 34, 8, 14, 17, 2, 0, 13, 1, 21, 30, 20, 18, 15, 26, 16, 27, 3, 22, 29, 28, 19, 36, 7, 37]",5,0.4,0.3333333333333333,0.3636363636363636,0.4703652827859579,1,6,5,2
smd,group1_development,machine-1-2,tranad_official,0,1,5486,5491,"[17, 31, 6, 24, 4, 33, 5, 32, 13, 25, 23, 9, 11, 3, 22, 10, 12, 0, 2, 19, 1, 26, 21, 30, 20, 29, 28, 35, 16, 7, 8, 15, 18, 34, 27, 14, 36, 37]",1,1.0,1.0,1.0,1.0,1,1,1,1
smd,group1_development,machine-1-2,tranad_official,0,1,5486,5491,"[17, 31, 6, 24, 4, 33, 5, 32, 13, 25, 23, 9, 11, 3, 22, 10, 12, 0, 2, 19, 1, 26, 21, 30, 20, 29, 28, 35, 16, 7, 8, 15, 18, 34, 27, 14, 36, 37]",3,0.3333333333333333,1.0,0.5,1.0,1,1,3,1
smd,group1_development,machine-1-2,tranad_official,0,1,5486,5491,"[17, 31, 6, 24, 4, 33, 5, 32, 13, 25, 23, 9, 11, 3, 22, 10, 12, 0, 2, 19, 1, 26, 21, 30, 20, 29, 28, 35, 16, 7, 8, 15, 18, 34, 27, 14, 36, 37]",5,0.2,1.0,0.33333333333333337,1.0,1,1,5,1
smd,group1_development,machine-1-2,tranad_official,0,2,5875,5951,"[25, 12, 23, 34, 35, 11, 9, 4, 31, 6, 24, 33, 5, 32, 10, 2, 1, 3, 17, 0, 13, 22, 14, 21, 30, 8, 19, 26, 15, 27, 20, 18, 16, 29, 7, 28, 36, 37]",1,1.0,0.07142857142857142,0.13333333333333333,1.0,1,14,1,1
smd,group1_development,machine-1-2,tranad_official,0,2,5875,5951,"[25, 12, 23, 34, 35, 11, 9, 4, 31, 6, 24, 33, 5, 32, 10, 2, 1, 3, 17, 0, 13, 22, 14, 21, 30, 8, 19, 26, 15, 27, 20, 18, 16, 29, 7, 28, 36, 37]",3,1.0,0.21428571428571427,0.35294117647058826,1.0,1,14,3,3
smd,group1_development,machine-1-2,tranad_official,0,2,5875,5951,"[25, 12, 23, 34, 35, 11, 9, 4, 31, 6, 24, 33, 5, 32, 10, 2, 1, 3, 17, 0, 13, 22, 14, 21, 30, 8, 19, 26, 15, 27, 20, 18, 16, 29, 7, 28, 36, 37]",5,1.0,0.35714285714285715,0.5263157894736842,1.0,1,14,5,5
smd,group1_development,machine-1-2,tranad_official,0,3,15415,15418,"[31, 6, 24, 17, 4, 5, 33, 2, 0, 3, 1, 13, 32, 25, 22, 23, 21, 9, 20, 26, 7, 35, 30, 12, 16, 29, 15, 28, 10, 34, 11, 8, 18, 36, 19, 37, 14, 27]",1,0.0,0.0,0.0,0.0,0,1,1,0
smd,group1_development,machine-1-2,tranad_official,0,3,15415,15418,"[31, 6, 24, 17, 4, 5, 33, 2, 0, 3, 1, 13, 32, 25, 22, 23, 21, 9, 20, 26, 7, 35, 30, 12, 16, 29, 15, 28, 10, 34, 11, 8, 18, 36, 19, 37, 14, 27]",3,0.0,0.0,0.0,0.0,0,1,3,0
smd,group1_development,machine-1-2,tranad_official,0,3,15415,15418,"[31, 6, 24, 17, 4, 5, 33, 2, 0, 3, 1, 13, 32, 25, 22, 23, 21, 9, 20, 26, 7, 35, 30, 12, 16, 29, 15, 28, 10, 34, 11, 8, 18, 36, 19, 37, 14, 27]",5,0.2,1.0,0.33333333333333337,0.43067655807339306,1,1,5,1
smd,group1_development,machine-1-2,tranad_official,0,4,15540,15605,"[2, 3, 0, 6, 4, 1, 24, 13, 25, 23, 5, 35, 34, 32, 9, 31, 33, 21, 30, 17, 11, 12, 19, 15, 20, 18, 10, 27, 22, 14, 8, 7, 26, 29, 16, 28, 36, 37]",1,0.0,0.0,0.0,0.0,0,2,1,0
smd,group1_development,machine-1-2,tranad_official,0,4,15540,15605,"[2, 3, 0, 6, 4, 1, 24, 13, 25, 23, 5, 35, 34, 32, 9, 31, 33, 21, 30, 17, 11, 12, 19, 15, 20, 18, 10, 27, 22, 14, 8, 7, 26, 29, 16, 28, 36, 37]",3,0.0,0.0,0.0,0.0,0,2,3,0
smd,group1_development,machine-1-2,tranad_official,0,4,15540,15605,"[2, 3, 0, 6, 4, 1, 24, 13, 25, 23, 5, 35, 34, 32, 9, 31, 33, 21, 30, 17, 11, 12, 19, 15, 20, 18, 10, 27, 22, 14, 8, 7, 26, 29, 16, 28, 36, 37]",5,0.2,0.5,0.28571428571428575,0.2640681225725909,1,2,5,1
smd,group1_development,machine-1-2,tranad_official,0,5,15925,15973,"[12, 11, 9, 4, 5, 10, 6, 13, 24, 19, 30, 29, 25, 35, 31, 23, 21, 32, 3, 33, 2, 0, 26, 1, 15, 22, 20, 27, 18, 14, 28, 16, 36, 17, 7, 8, 34, 37]",1,1.0,0.125,0.2222222222222222,1.0,1,8,1,1
smd,group1_development,machine-1-2,tranad_official,0,5,15925,15973,"[12, 11, 9, 4, 5, 10, 6, 13, 24, 19, 30, 29, 25, 35, 31, 23, 21, 32, 3, 33, 2, 0, 26, 1, 15, 22, 20, 27, 18, 14, 28, 16, 36, 17, 7, 8, 34, 37]",3,0.6666666666666666,0.25,0.36363636363636365,0.7039180890341347,1,8,3,2
smd,group1_development,machine-1-2,tranad_official,0,5,15925,15973,"[12, 11, 9, 4, 5, 10, 6, 13, 24, 19, 30, 29, 25, 35, 31, 23, 21, 32, 3, 33, 2, 0, 26, 1, 15, 22, 20, 27, 18, 14, 28, 16, 36, 17, 7, 8, 34, 37]",5,0.6,0.375,0.4615384615384615,0.639945385422766,1,8,5,3
smd,group1_development,machine-1-2,tranad_official,0,6,18645,18801,"[4, 25, 23, 6, 34, 35, 5, 15, 13, 24, 3, 2, 11, 0, 32, 21, 31, 30, 9, 10, 22, 20, 18, 27, 1, 19, 12, 33, 17, 14, 26, 8, 7, 29, 16, 28, 36, 37]",1,0.0,0.0,0.0,0.0,0,14,1,0
smd,group1_development,machine-1-2,tranad_official,0,6,18645,18801,"[4, 25, 23, 6, 34, 35, 5, 15, 13, 24, 3, 2, 11, 0, 32, 21, 31, 30, 9, 10, 22, 20, 18, 27, 1, 19, 12, 33, 17, 14, 26, 8, 7, 29, 16, 28, 36, 37]",3,0.0,0.0,0.0,0.0,0,14,3,0
smd,group1_development,machine-1-2,tranad_official,0,6,18645,18801,"[4, 25, 23, 6, 34, 35, 5, 15, 13, 24, 3, 2, 11, 0, 32, 21, 31, 30, 9, 10, 22, 20, 18, 27, 1, 19, 12, 33, 17, 14, 26, 8, 7, 29, 16, 28, 36, 37]",5,0.2,0.07142857142857142,0.10526315789473682,0.14606834984270645,1,14,5,1
smd,group1_development,machine-1-2,tranad_official,0,7,20235,20271,"[12, 11, 9, 5, 4, 10, 6, 29, 31, 19, 24, 32, 25, 23, 13, 21, 30, 2, 33, 26, 0, 20, 3, 1, 27, 35, 15, 28, 16, 36, 18, 22, 17, 7, 14, 8, 34, 37]",1,1.0,0.16666666666666666,0.2857142857142857,1.0,1,6,1,1
smd,group1_development,machine-1-2,tranad_official,0,7,20235,20271,"[12, 11, 9, 5, 4, 10, 6, 29, 31, 19, 24, 32, 25, 23, 13, 21, 30, 2, 33, 26, 0, 20, 3, 1, 27, 35, 15, 28, 16, 36, 18, 22, 17, 7, 14, 8, 34, 37]",3,0.6666666666666666,0.3333333333333333,0.4444444444444444,0.7653606369886217,1,6,3,2
smd,group1_development,machine-1-2,tranad_official,0,7,20235,20271,"[12, 11, 9, 5, 4, 10, 6, 29, 31, 19, 24, 32, 25, 23, 13, 21, 30, 2, 33, 26, 0, 20, 3, 1, 27, 35, 15, 28, 16, 36, 18, 22, 17, 7, 14, 8, 34, 37]",5,0.6,0.5,0.5454545454545454,0.6992148198508501,1,6,5,3
smd,group1_development,machine-1-2,tranad_official,0,8,22264,22336,"[2, 3, 1, 4, 0, 32, 23, 25, 14, 11, 17, 6, 33, 5, 24, 9, 22, 7, 12, 10, 21, 13, 8, 20, 15, 19, 30, 18, 35, 31, 16, 26, 34, 29, 28, 36, 27, 37]",1,1.0,0.25,0.4,1.0,1,4,1,1
smd,group1_development,machine-1-2,tranad_official,0,8,22264,22336,"[2, 3, 1, 4, 0, 32, 23, 25, 14, 11, 17, 6, 33, 5, 24, 9, 22, 7, 12, 10, 21, 13, 8, 20, 15, 19, 30, 18, 35, 31, 16, 26, 34, 29, 28, 36, 27, 37]",3,1.0,0.75,0.8571428571428571,1.0,1,4,3,3
smd,group1_development,machine-1-2,tranad_official,0,8,22264,22336,"[2, 3, 1, 4, 0, 32, 23, 25, 14, 11, 17, 6, 33, 5, 24, 9, 22, 7, 12, 10, 21, 13, 8, 20, 15, 19, 30, 18, 35, 31, 16, 26, 34, 29, 28, 36, 27, 37]",5,0.8,1.0,0.888888888888889,0.9828920819566879,1,4,5,4
smd,group1_development,machine-1-2,tranad_official,0,9,23093,23115,"[3, 2, 0, 4, 25, 23, 6, 1, 21, 30, 27, 5, 24, 22, 18, 20, 15, 32, 13, 11, 10, 9, 33, 17, 12, 19, 14, 7, 16, 31, 34, 35, 26, 29, 28, 8, 36, 37]",1,1.0,0.1,0.18181818181818182,1.0,1,10,1,1
smd,group1_development,machine-1-2,tranad_official,0,9,23093,23115,"[3, 2, 0, 4, 25, 23, 6, 1, 21, 30, 27, 5, 24, 22, 18, 20, 15, 32, 13, 11, 10, 9, 33, 17, 12, 19, 14, 7, 16, 31, 34, 35, 26, 29, 28, 8, 36, 37]",3,1.0,0.3,0.4615384615384615,1.0,1,10,3,3
smd,group1_development,machine-1-2,tranad_official,0,9,23093,23115,"[3, 2, 0, 4, 25, 23, 6, 1, 21, 30, 27, 5, 24, 22, 18, 20, 15, 32, 13, 11, 10, 9, 33, 17, 12, 19, 14, 7, 16, 31, 34, 35, 26, 29, 28, 8, 36, 37]",5,0.6,0.3,0.4,0.7227265726449519,1,10,5,3
smd,group1_development,machine-1-2,tranad_official,1,0,4629,4688,"[12, 11, 25, 23, 9, 24, 6, 5, 10, 31, 32, 4, 33, 35, 34, 8, 14, 17, 13, 0, 2, 1, 21, 30, 20, 3, 18, 15, 27, 16, 22, 19, 28, 36, 37, 26, 7, 29]",1,1.0,0.16666666666666666,0.2857142857142857,1.0,1,6,1,1
smd,group1_development,machine-1-2,tranad_official,1,0,4629,4688,"[12, 11, 25, 23, 9, 24, 6, 5, 10, 31, 32, 4, 33, 35, 34, 8, 14, 17, 13, 0, 2, 1, 21, 30, 20, 3, 18, 15, 27, 16, 22, 19, 28, 36, 37, 26, 7, 29]",3,0.3333333333333333,0.16666666666666666,0.2222222222222222,0.46927872602275644,1,6,3,1
smd,group1_development,machine-1-2,tranad_official,1,0,4629,4688,"[12, 11, 25, 23, 9, 24, 6, 5, 10, 31, 32, 4, 33, 35, 34, 8, 14, 17, 13, 0, 2, 1, 21, 30, 20, 3, 18, 15, 27, 16, 22, 19, 28, 36, 37, 26, 7, 29]",5,0.4,0.3333333333333333,0.3636363636363636,0.4703652827859579,1,6,5,2
smd,group1_development,machine-1-2,tranad_official,1,1,5486,5491,"[17, 31, 6, 24, 33, 5, 32, 13, 25, 23, 4, 9, 11, 3, 22, 2, 10, 12, 0, 19, 20, 30, 28, 21, 1, 27, 36, 18, 7, 16, 37, 26, 8, 29, 34, 15, 35, 14]",1,1.0,1.0,1.0,1.0,1,1,1,1
smd,group1_development,machine-1-2,tranad_official,1,1,5486,5491,"[17, 31, 6, 24, 33, 5, 32, 13, 25, 23, 4, 9, 11, 3, 22, 2, 10, 12, 0, 19, 20, 30, 28, 21, 1, 27, 36, 18, 7, 16, 37, 26, 8, 29, 34, 15, 35, 14]",3,0.3333333333333333,1.0,0.5,1.0,1,1,3,1
smd,group1_development,machine-1-2,tranad_official,1,1,5486,5491,"[17, 31, 6, 24, 33, 5, 32, 13, 25, 23, 4, 9, 11, 3, 22, 2, 10, 12, 0, 19, 20, 30, 28, 21, 1, 27, 36, 18, 7, 16, 37, 26, 8, 29, 34, 15, 35, 14]",5,0.2,1.0,0.33333333333333337,1.0,1,1,5,1
smd,group1_development,machine-1-2,tranad_official,1,2,5875,5951,"[25, 12, 23, 35, 34, 11, 9, 31, 6, 24, 4, 5, 33, 32, 10, 2, 1, 3, 17, 0, 13, 14, 22, 8, 30, 21, 20, 19, 18, 15, 27, 16, 28, 7, 36, 37, 26, 29]",1,1.0,0.07142857142857142,0.13333333333333333,1.0,1,14,1,1
smd,group1_development,machine-1-2,tranad_official,1,2,5875,5951,"[25, 12, 23, 35, 34, 11, 9, 31, 6, 24, 4, 5, 33, 32, 10, 2, 1, 3, 17, 0, 13, 14, 22, 8, 30, 21, 20, 19, 18, 15, 27, 16, 28, 7, 36, 37, 26, 29]",3,1.0,0.21428571428571427,0.35294117647058826,1.0,1,14,3,3
smd,group1_development,machine-1-2,tranad_official,1,2,5875,5951,"[25, 12, 23, 35, 34, 11, 9, 31, 6, 24, 4, 5, 33, 32, 10, 2, 1, 3, 17, 0, 13, 14, 22, 8, 30, 21, 20, 19, 18, 15, 27, 16, 28, 7, 36, 37, 26, 29]",5,1.0,0.35714285714285715,0.5263157894736842,1.0,1,14,5,5
smd,group1_development,machine-1-2,tranad_official,1,3,15415,15418,"[31, 6, 24, 17, 5, 0, 33, 4, 2, 3, 1, 13, 32, 25, 23, 22, 15, 12, 20, 21, 36, 28, 18, 8, 11, 26, 37, 16, 10, 7, 9, 35, 34, 29, 19, 30, 14, 27]",1,0.0,0.0,0.0,0.0,0,1,1,0
smd,group1_development,machine-1-2,tranad_official,1,3,15415,15418,"[31, 6, 24, 17, 5, 0, 33, 4, 2, 3, 1, 13, 32, 25, 23, 22, 15, 12, 20, 21, 36, 28, 18, 8, 11, 26, 37, 16, 10, 7, 9, 35, 34, 29, 19, 30, 14, 27]",3,0.0,0.0,0.0,0.0,0,1,3,0
smd,group1_development,machine-1-2,tranad_official,1,3,15415,15418,"[31, 6, 24, 17, 5, 0, 33, 4, 2, 3, 1, 13, 32, 25, 23, 22, 15, 12, 20, 21, 36, 28, 18, 8, 11, 26, 37, 16, 10, 7, 9, 35, 34, 29, 19, 30, 14, 27]",5,0.2,1.0,0.33333333333333337,0.43067655807339306,1,1,5,1
smd,group1_development,machine-1-2,tranad_official,1,4,15540,15605,"[2, 3, 0, 6, 5, 1, 25, 24, 23, 13, 4, 35, 34, 9, 33, 32, 31, 21, 17, 30, 11, 12, 19, 15, 20, 18, 10, 27, 22, 14, 8, 28, 26, 36, 37, 16, 7, 29]",1,0.0,0.0,0.0,0.0,0,2,1,0
smd,group1_development,machine-1-2,tranad_official,1,4,15540,15605,"[2, 3, 0, 6, 5, 1, 25, 24, 23, 13, 4, 35, 34, 9, 33, 32, 31, 21, 17, 30, 11, 12, 19, 15, 20, 18, 10, 27, 22, 14, 8, 28, 26, 36, 37, 16, 7, 29]",3,0.0,0.0,0.0,0.0,0,2,3,0
smd,group1_development,machine-1-2,tranad_official,1,4,15540,15605,"[2, 3, 0, 6, 5, 1, 25, 24, 23, 13, 4, 35, 34, 9, 33, 32, 31, 21, 17, 30, 11, 12, 19, 15, 20, 18, 10, 27, 22, 14, 8, 28, 26, 36, 37, 16, 7, 29]",5,0.2,0.5,0.28571428571428575,0.2640681225725909,1,2,5,1
smd,group1_development,machine-1-2,tranad_official,1,5,15925,15973,"[12, 11, 9, 5, 4, 10, 13, 6, 3, 24, 19, 23, 32, 35, 31, 30, 29, 25, 21, 33, 2, 0, 22, 1, 15, 27, 14, 20, 18, 36, 8, 37, 28, 16, 7, 17, 26, 34]",1,1.0,0.125,0.2222222222222222,1.0,1,8,1,1
smd,group1_development,machine-1-2,tranad_official,1,5,15925,15973,"[12, 11, 9, 5, 4, 10, 13, 6, 3, 24, 19, 23, 32, 35, 31, 30, 29, 25, 21, 33, 2, 0, 22, 1, 15, 27, 14, 20, 18, 36, 8, 37, 28, 16, 7, 17, 26, 34]",3,0.6666666666666666,0.25,0.36363636363636365,0.7039180890341347,1,8,3,2
smd,group1_development,machine-1-2,tranad_official,1,5,15925,15973,"[12, 11, 9, 5, 4, 10, 13, 6, 3, 24, 19, 23, 32, 35, 31, 30, 29, 25, 21, 33, 2, 0, 22, 1, 15, 27, 14, 20, 18, 36, 8, 37, 28, 16, 7, 17, 26, 34]",5,0.6,0.375,0.4615384615384615,0.6548086577531307,1,8,5,3
smd,group1_development,machine-1-2,tranad_official,1,6,18645,18801,"[25, 23, 4, 6, 5, 35, 34, 13, 15, 24, 3, 11, 0, 2, 32, 21, 31, 30, 9, 10, 22, 20, 18, 27, 1, 19, 12, 33, 17, 14, 8, 28, 36, 16, 37, 26, 7, 29]",1,0.0,0.0,0.0,0.0,0,14,1,0
smd,group1_development,machine-1-2,tranad_official,1,6,18645,18801,"[25, 23, 4, 6, 5, 35, 34, 13, 15, 24, 3, 11, 0, 2, 32, 21, 31, 30, 9, 10, 22, 20, 18, 27, 1, 19, 12, 33, 17, 14, 8, 28, 36, 16, 37, 26, 7, 29]",3,0.0,0.0,0.0,0.0,0,14,3,0
smd,group1_development,machine-1-2,tranad_official,1,6,18645,18801,"[25, 23, 4, 6, 5, 35, 34, 13, 15, 24, 3, 11, 0, 2, 32, 21, 31, 30, 9, 10, 22, 20, 18, 27, 1, 19, 12, 33, 17, 14, 8, 28, 36, 16, 37, 26, 7, 29]",5,0.4,0.14285714285714285,0.21052631578947364,0.27727342735504823,1,14,5,2
smd,group1_development,machine-1-2,tranad_official,1,7,20235,20271,"[12, 11, 9, 5, 10, 4, 29, 31, 19, 32, 6, 23, 24, 13, 25, 21, 30, 3, 33, 0, 2, 15, 22, 20, 1, 14, 27, 36, 16, 37, 35, 18, 28, 17, 34, 8, 7, 26]",1,1.0,0.16666666666666666,0.2857142857142857,1.0,1,6,1,1
smd,group1_development,machine-1-2,tranad_official,1,7,20235,20271,"[12, 11, 9, 5, 10, 4, 29, 31, 19, 32, 6, 23, 24, 13, 25, 21, 30, 3, 33, 0, 2, 15, 22, 20, 1, 14, 27, 36, 16, 37, 35, 18, 28, 17, 34, 8, 7, 26]",3,0.6666666666666666,0.3333333333333333,0.4444444444444444,0.7653606369886217,1,6,3,2
smd,group1_development,machine-1-2,tranad_official,1,7,20235,20271,"[12, 11, 9, 5, 10, 4, 29, 31, 19, 32, 6, 23, 24, 13, 25, 21, 30, 3, 33, 0, 2, 15, 22, 20, 1, 14, 27, 36, 16, 37, 35, 18, 28, 17, 34, 8, 7, 26]",5,0.6,0.5,0.5454545454545454,0.6992148198508501,1,6,5,3
smd,group1_development,machine-1-2,tranad_official,1,8,22264,22336,"[2, 3, 1, 4, 0, 5, 23, 25, 32, 14, 11, 6, 22, 33, 12, 24, 8, 9, 13, 21, 10, 15, 18, 20, 30, 27, 19, 37, 26, 28, 36, 35, 7, 16, 29, 34, 31, 17]",1,1.0,0.25,0.4,1.0,1,4,1,1
smd,group1_development,machine-1-2,tranad_official,1,8,22264,22336,"[2, 3, 1, 4, 0, 5, 23, 25, 32, 14, 11, 6, 22, 33, 12, 24, 8, 9, 13, 21, 10, 15, 18, 20, 30, 27, 19, 37, 26, 28, 36, 35, 7, 16, 29, 34, 31, 17]",3,1.0,0.75,0.8571428571428571,1.0,1,4,3,3
smd,group1_development,machine-1-2,tranad_official,1,8,22264,22336,"[2, 3, 1, 4, 0, 5, 23, 25, 32, 14, 11, 6, 22, 33, 12, 24, 8, 9, 13, 21, 10, 15, 18, 20, 30, 27, 19, 37, 26, 28, 36, 35, 7, 16, 29, 34, 31, 17]",5,0.8,1.0,0.888888888888889,0.9828920819566879,1,4,5,4
smd,group1_development,machine-1-2,tranad_official,1,9,23093,23115,"[3, 2, 0, 25, 23, 4, 6, 1, 5, 21, 30, 27, 24, 22, 18, 20, 15, 13, 32, 11, 9, 10, 33, 12, 19, 14, 8, 36, 28, 26, 37, 35, 16, 7, 34, 29, 17, 31]",1,1.0,0.1,0.18181818181818182,1.0,1,10,1,1
smd,group1_development,machine-1-2,tranad_official,1,9,23093,23115,"[3, 2, 0, 25, 23, 4, 6, 1, 5, 21, 30, 27, 24, 22, 18, 20, 15, 13, 32, 11, 9, 10, 33, 12, 19, 14, 8, 36, 28, 26, 37, 35, 16, 7, 34, 29, 17, 31]",3,1.0,0.3,0.4615384615384615,1.0,1,10,3,3
smd,group1_development,machine-1-2,tranad_official,1,9,23093,23115,"[3, 2, 0, 25, 23, 4, 6, 1, 5, 21, 30, 27, 24, 22, 18, 20, 15, 13, 32, 11, 9, 10, 33, 12, 19, 14, 8, 36, 28, 26, 37, 35, 16, 7, 34, 29, 17, 31]",5,0.6,0.3,0.4,0.7227265726449519,1,10,5,3
smd,group1_development,machine-1-2,tranad_official,2,0,4629,4688,"[12, 11, 23, 25, 9, 24, 6, 10, 5, 31, 33, 32, 35, 34, 8, 14, 4, 17, 2, 13, 0, 1, 30, 21, 20, 18, 15, 3, 27, 16, 22, 19, 37, 29, 7, 26, 28, 36]",1,1.0,0.16666666666666666,0.2857142857142857,1.0,1,6,1,1
smd,group1_development,machine-1-2,tranad_official,2,0,4629,4688,"[12, 11, 23, 25, 9, 24, 6, 10, 5, 31, 33, 32, 35, 34, 8, 14, 4, 17, 2, 13, 0, 1, 30, 21, 20, 18, 15, 3, 27, 16, 22, 19, 37, 29, 7, 26, 28, 36]",3,0.3333333333333333,0.16666666666666666,0.2222222222222222,0.46927872602275644,1,6,3,1
smd,group1_development,machine-1-2,tranad_official,2,0,4629,4688,"[12, 11, 23, 25, 9, 24, 6, 10, 5, 31, 33, 32, 35, 34, 8, 14, 4, 17, 2, 13, 0, 1, 30, 21, 20, 18, 15, 3, 27, 16, 22, 19, 37, 29, 7, 26, 28, 36]",5,0.4,0.3333333333333333,0.3636363636363636,0.4703652827859579,1,6,5,2
smd,group1_development,machine-1-2,tranad_official,2,1,5486,5491,"[17, 31, 6, 24, 5, 33, 32, 13, 4, 23, 25, 9, 11, 3, 22, 10, 2, 0, 12, 19, 1, 30, 21, 29, 26, 37, 34, 15, 18, 35, 7, 16, 28, 36, 20, 27, 14, 8]",1,1.0,1.0,1.0,1.0,1,1,1,1
smd,group1_development,machine-1-2,tranad_official,2,1,5486,5491,"[17, 31, 6, 24, 5, 33, 32, 13, 4, 23, 25, 9, 11, 3, 22, 10, 2, 0, 12, 19, 1, 30, 21, 29, 26, 37, 34, 15, 18, 35, 7, 16, 28, 36, 20, 27, 14, 8]",3,0.3333333333333333,1.0,0.5,1.0,1,1,3,1
smd,group1_development,machine-1-2,tranad_official,2,1,5486,5491,"[17, 31, 6, 24, 5, 33, 32, 13, 4, 23, 25, 9, 11, 3, 22, 10, 2, 0, 12, 19, 1, 30, 21, 29, 26, 37, 34, 15, 18, 35, 7, 16, 28, 36, 20, 27, 14, 8]",5,0.2,1.0,0.33333333333333337,1.0,1,1,5,1
smd,group1_development,machine-1-2,tranad_official,2,2,5875,5951,"[23, 25, 12, 34, 35, 11, 9, 31, 6, 24, 33, 5, 4, 32, 10, 2, 1, 3, 17, 0, 13, 14, 22, 30, 21, 8, 19, 27, 18, 15, 37, 20, 16, 29, 7, 26, 28, 36]",1,1.0,0.07142857142857142,0.13333333333333333,1.0,1,14,1,1
smd,group1_development,machine-1-2,tranad_official,2,2,5875,5951,"[23, 25, 12, 34, 35, 11, 9, 31, 6, 24, 33, 5, 4, 32, 10, 2, 1, 3, 17, 0, 13, 14, 22, 30, 21, 8, 19, 27, 18, 15, 37, 20, 16, 29, 7, 26, 28, 36]",3,1.0,0.21428571428571427,0.35294117647058826,1.0,1,14,3,3
smd,group1_development,machine-1-2,tranad_official,2,2,5875,5951,"[23, 25, 12, 34, 35, 11, 9, 31, 6, 24, 33, 5, 4, 32, 10, 2, 1, 3, 17, 0, 13, 14, 22, 30, 21, 8, 19, 27, 18, 15, 37, 20, 16, 29, 7, 26, 28, 36]",5,1.0,0.35714285714285715,0.5263157894736842,1.0,1,14,5,5
smd,group1_development,machine-1-2,tranad_official,2,3,15415,15418,"[31, 6, 24, 17, 5, 0, 33, 4, 2, 3, 1, 32, 13, 23, 22, 25, 30, 15, 21, 10, 29, 11, 37, 18, 26, 12, 35, 16, 34, 28, 7, 36, 14, 9, 8, 20, 19, 27]",1,0.0,0.0,0.0,0.0,0,1,1,0
smd,group1_development,machine-1-2,tranad_official,2,3,15415,15418,"[31, 6, 24, 17, 5, 0, 33, 4, 2, 3, 1, 32, 13, 23, 22, 25, 30, 15, 21, 10, 29, 11, 37, 18, 26, 12, 35, 16, 34, 28, 7, 36, 14, 9, 8, 20, 19, 27]",3,0.0,0.0,0.0,0.0,0,1,3,0
smd,group1_development,machine-1-2,tranad_official,2,3,15415,15418,"[31, 6, 24, 17, 5, 0, 33, 4, 2, 3, 1, 32, 13, 23, 22, 25, 30, 15, 21, 10, 29, 11, 37, 18, 26, 12, 35, 16, 34, 28, 7, 36, 14, 9, 8, 20, 19, 27]",5,0.2,1.0,0.33333333333333337,0.43067655807339306,1,1,5,1
smd,group1_development,machine-1-2,tranad_official,2,4,15540,15605,"[2, 3, 0, 6, 1, 24, 4, 5, 23, 13, 25, 35, 34, 32, 9, 33, 31, 30, 21, 17, 11, 12, 19, 15, 20, 18, 10, 27, 22, 14, 8, 29, 37, 16, 26, 28, 7, 36]",1,0.0,0.0,0.0,0.0,0,2,1,0
smd,group1_development,machine-1-2,tranad_official,2,4,15540,15605,"[2, 3, 0, 6, 1, 24, 4, 5, 23, 13, 25, 35, 34, 32, 9, 33, 31, 30, 21, 17, 11, 12, 19, 15, 20, 18, 10, 27, 22, 14, 8, 29, 37, 16, 26, 28, 7, 36]",3,0.0,0.0,0.0,0.0,0,2,3,0
smd,group1_development,machine-1-2,tranad_official,2,4,15540,15605,"[2, 3, 0, 6, 1, 24, 4, 5, 23, 13, 25, 35, 34, 32, 9, 33, 31, 30, 21, 17, 11, 12, 19, 15, 20, 18, 10, 27, 22, 14, 8, 29, 37, 16, 26, 28, 7, 36]",5,0.2,0.5,0.28571428571428575,0.2640681225725909,1,2,5,1
smd,group1_development,machine-1-2,tranad_official,2,5,15925,15973,"[12, 11, 9, 5, 10, 4, 6, 13, 24, 19, 3, 30, 23, 31, 29, 35, 21, 32, 25, 33, 2, 0, 27, 15, 22, 1, 14, 18, 20, 37, 16, 8, 34, 7, 26, 28, 36, 17]",1,1.0,0.125,0.2222222222222222,1.0,1,8,1,1
smd,group1_development,machine-1-2,tranad_official,2,5,15925,15973,"[12, 11, 9, 5, 10, 4, 6, 13, 24, 19, 3, 30, 23, 31, 29, 35, 21, 32, 25, 33, 2, 0, 27, 15, 22, 1, 14, 18, 20, 37, 16, 8, 34, 7, 26, 28, 36, 17]",3,0.6666666666666666,0.25,0.36363636363636365,0.7039180890341347,1,8,3,2
smd,group1_development,machine-1-2,tranad_official,2,5,15925,15973,"[12, 11, 9, 5, 10, 4, 6, 13, 24, 19, 3, 30, 23, 31, 29, 35, 21, 32, 25, 33, 2, 0, 27, 15, 22, 1, 14, 18, 20, 37, 16, 8, 34, 7, 26, 28, 36, 17]",5,0.8,0.5,0.6153846153846154,0.7860137352654724,1,8,5,4
smd,group1_development,machine-1-2,tranad_official,2,6,18645,18801,"[23, 25, 4, 6, 5, 34, 35, 15, 13, 3, 24, 2, 11, 0, 32, 30, 21, 31, 9, 10, 22, 20, 18, 27, 1, 19, 12, 33, 17, 14, 29, 37, 8, 26, 16, 7, 28, 36]",1,0.0,0.0,0.0,0.0,0,14,1,0
smd,group1_development,machine-1-2,tranad_official,2,6,18645,18801,"[23, 25, 4, 6, 5, 34, 35, 15, 13, 3, 24, 2, 11, 0, 32, 30, 21, 31, 9, 10, 22, 20, 18, 27, 1, 19, 12, 33, 17, 14, 29, 37, 8, 26, 16, 7, 28, 36]",3,0.0,0.0,0.0,0.0,0,14,3,0
smd,group1_development,machine-1-2,tranad_official,2,6,18645,18801,"[23, 25, 4, 6, 5, 34, 35, 15, 13, 3, 24, 2, 11, 0, 32, 30, 21, 31, 9, 10, 22, 20, 18, 27, 1, 19, 12, 33, 17, 14, 29, 37, 8, 26, 16, 7, 28, 36]",5,0.4,0.14285714285714285,0.21052631578947364,0.27727342735504823,1,14,5,2
smd,group1_development,machine-1-2,tranad_official,2,7,20235,20271,"[12, 11, 9, 5, 10, 6, 31, 29, 19, 32, 24, 4, 13, 23, 30, 21, 25, 33, 3, 0, 2, 15, 1, 37, 14, 22, 18, 35, 16, 8, 7, 34, 28, 26, 27, 20, 36, 17]",1,1.0,0.16666666666666666,0.2857142857142857,1.0,1,6,1,1
smd,group1_development,machine-1-2,tranad_official,2,7,20235,20271,"[12, 11, 9, 5, 10, 6, 31, 29, 19, 32, 24, 4, 13, 23, 30, 21, 25, 33, 3, 0, 2, 15, 1, 37, 14, 22, 18, 35, 16, 8, 7, 34, 28, 26, 27, 20, 36, 17]",3,0.6666666666666666,0.3333333333333333,0.4444444444444444,0.7653606369886217,1,6,3,2
smd,group1_development,machine-1-2,tranad_official,2,7,20235,20271,"[12, 11, 9, 5, 10, 6, 31, 29, 19, 32, 24, 4, 13, 23, 30, 21, 25, 33, 3, 0, 2, 15, 1, 37, 14, 22, 18, 35, 16, 8, 7, 34, 28, 26, 27, 20, 36, 17]",5,0.6,0.5,0.5454545454545454,0.6992148198508501,1,6,5,3
smd,group1_development,machine-1-2,tranad_official,2,8,22264,22336,"[2, 3, 1, 0, 4, 25, 32, 23, 14, 11, 6, 24, 33, 5, 10, 9, 16, 12, 30, 22, 21, 13, 8, 37, 28, 15, 18, 29, 35, 20, 7, 27, 34, 26, 36, 19, 17, 31]",1,1.0,0.25,0.4,1.0,1,4,1,1
smd,group1_development,machine-1-2,tranad_official,2,8,22264,22336,"[2, 3, 1, 0, 4, 25, 32, 23, 14, 11, 6, 24, 33, 5, 10, 9, 16, 12, 30, 22, 21, 13, 8, 37, 28, 15, 18, 29, 35, 20, 7, 27, 34, 26, 36, 19, 17, 31]",3,1.0,0.75,0.8571428571428571,1.0,1,4,3,3
smd,group1_development,machine-1-2,tranad_official,2,8,22264,22336,"[2, 3, 1, 0, 4, 25, 32, 23, 14, 11, 6, 24, 33, 5, 10, 9, 16, 12, 30, 22, 21, 13, 8, 37, 28, 15, 18, 29, 35, 20, 7, 27, 34, 26, 36, 19, 17, 31]",5,0.8,1.0,0.888888888888889,1.0,1,4,5,4
smd,group1_development,machine-1-2,tranad_official,2,9,23093,23115,"[3, 2, 0, 23, 25, 6, 4, 1, 30, 21, 27, 5, 24, 22, 20, 18, 15, 32, 13, 11, 9, 10, 33, 19, 12, 14, 29, 37, 16, 26, 35, 34, 28, 7, 36, 8, 17, 31]",1,1.0,0.1,0.18181818181818182,1.0,1,10,1,1
smd,group1_development,machine-1-2,tranad_official,2,9,23093,23115,"[3, 2, 0, 23, 25, 6, 4, 1, 30, 21, 27, 5, 24, 22, 20, 18, 15, 32, 13, 11, 9, 10, 33, 19, 12, 14, 29, 37, 16, 26, 35, 34, 28, 7, 36, 8, 17, 31]",3,1.0,0.3,0.4615384615384615,1.0,1,10,3,3
smd,group1_development,machine-1-2,tranad_official,2,9,23093,23115,"[3, 2, 0, 23, 25, 6, 4, 1, 30, 21, 27, 5, 24, 22, 20, 18, 15, 32, 13, 11, 9, 10, 33, 19, 12, 14, 29, 37, 16, 26, 35, 34, 28, 7, 36, 8, 17, 31]",5,0.6,0.3,0.4,0.7227265726449519,1,10,5,3
smd,group1_development,machine-1-3,tranad_official,0,0,392,416,"[4, 5, 35, 34, 22, 31, 30, 24, 21, 27, 20, 18, 3, 0, 19, 2, 1, 6, 11, 14, 13, 15, 12, 8, 32, 9, 10, 25, 23, 33, 7, 16, 17, 26, 28, 29, 36, 37]",1,0.0,0.0,0.0,0.0,0,2,1,0
smd,group1_development,machine-1-3,tranad_official,0,0,392,416,"[4, 5, 35, 34, 22, 31, 30, 24, 21, 27, 20, 18, 3, 0, 19, 2, 1, 6, 11, 14, 13, 15, 12, 8, 32, 9, 10, 25, 23, 33, 7, 16, 17, 26, 28, 29, 36, 37]",3,0.0,0.0,0.0,0.0,0,2,3,0
smd,group1_development,machine-1-3,tranad_official,0,0,392,416,"[4, 5, 35, 34, 22, 31, 30, 24, 21, 27, 20, 18, 3, 0, 19, 2, 1, 6, 11, 14, 13, 15, 12, 8, 32, 9, 10, 25, 23, 33, 7, 16, 17, 26, 28, 29, 36, 37]",5,0.0,0.0,0.0,0.0,0,2,5,0
smd,group1_development,machine-1-3,tranad_official,0,1,1257,1268,"[4, 5, 6, 35, 34, 30, 22, 21, 27, 24, 31, 20, 18, 19, 0, 3, 11, 2, 14, 13, 1, 15, 8, 12, 32, 29, 25, 33, 23, 7, 9, 10, 16, 17, 26, 28, 36, 37]",1,0.0,0.0,0.0,0.0,0,2,1,0
smd,group1_development,machine-1-3,tranad_official,0,1,1257,1268,"[4, 5, 6, 35, 34, 30, 22, 21, 27, 24, 31, 20, 18, 19, 0, 3, 11, 2, 14, 13, 1, 15, 8, 12, 32, 29, 25, 33, 23, 7, 9, 10, 16, 17, 26, 28, 36, 37]",3,0.0,0.0,0.0,0.0,0,2,3,0
smd,group1_development,machine-1-3,tranad_official,0,1,1257,1268,"[4, 5, 6, 35, 34, 30, 22, 21, 27, 24, 31, 20, 18, 19, 0, 3, 11, 2, 14, 13, 1, 15, 8, 12, 32, 29, 25, 33, 23, 7, 9, 10, 16, 17, 26, 28, 36, 37]",5,0.0,0.0,0.0,0.0,0,2,5,0
smd,group1_development,machine-1-3,tranad_official,0,2,4872,4875,"[5, 14, 8, 11, 12, 15, 13, 34, 35, 22, 30, 21, 18, 20, 25, 1, 19, 2, 31, 0, 24, 3, 32, 27, 23, 29, 6, 33, 17, 7, 4, 26, 36, 9, 16, 10, 37, 28]",1,0.0,0.0,0.0,0.0,0,2,1,0
smd,group1_development,machine-1-3,tranad_official,0,2,4872,4875,"[5, 14, 8, 11, 12, 15, 13, 34, 35, 22, 30, 21, 18, 20, 25, 1, 19, 2, 31, 0, 24, 3, 32, 27, 23, 29, 6, 33, 17, 7, 4, 26, 36, 9, 16, 10, 37, 28]",3,0.3333333333333333,0.5,0.4,0.38685280723454163,1,2,3,1
smd,group1_development,machine-1-3,tranad_official,0,2,4872,4875,"[5, 14, 8, 11, 12, 15, 13, 34, 35, 22, 30, 21, 18, 20, 25, 1, 19, 2, 31, 0, 24, 3, 32, 27, 23, 29, 6, 33, 17, 7, 4, 26, 36, 9, 16, 10, 37, 28]",5,0.4,1.0,0.5714285714285715,0.6509209298071326,1,2,5,2
smd,group1_development,machine-1-3,tranad_official,0,3,5613,5661,"[5, 6, 11, 14, 15, 8, 12, 34, 22, 25, 13, 30, 35, 18, 21, 20, 23, 31, 9, 24, 1, 2, 19, 27, 3, 0, 10, 32, 29, 33, 17, 7, 26, 4, 36, 16, 28, 37]",1,0.0,0.0,0.0,0.0,0,2,1,0
smd,group1_development,machine-1-3,tranad_official,0,3,5613,5661,"[5, 6, 11, 14, 15, 8, 12, 34, 22, 25, 13, 30, 35, 18, 21, 20, 23, 31, 9, 24, 1, 2, 19, 27, 3, 0, 10, 32, 29, 33, 17, 7, 26, 4, 36, 16, 28, 37]",3,0.3333333333333333,0.5,0.4,0.3065735963827292,1,2,3,1
smd,group1_development,machine-1-3,tranad_official,0,3,5613,5661,"[5, 6, 11, 14, 15, 8, 12, 34, 22, 25, 13, 30, 35, 18, 21, 20, 23, 31, 9, 24, 1, 2, 19, 27, 3, 0, 10, 32, 29, 33, 17, 7, 26, 4, 36, 16, 28, 37]",5,0.4,1.0,0.5714285714285715,0.5706417189553201,1,2,5,2
smd,group1_development,machine-1-3,tranad_official,0,4,11310,11517,"[5, 19, 2, 29, 1, 34, 18, 3, 0, 21, 6, 20, 30, 35, 22, 11, 14, 13, 32, 15, 12, 8, 25, 23, 9, 27, 24, 31, 10, 7, 33, 4, 16, 37, 36, 17, 26, 28]",1,0.0,0.0,0.0,0.0,0,2,1,0
smd,group1_development,machine-1-3,tranad_official,0,4,11310,11517,"[5, 19, 2, 29, 1, 34, 18, 3, 0, 21, 6, 20, 30, 35, 22, 11, 14, 13, 32, 15, 12, 8, 25, 23, 9, 27, 24, 31, 10, 7, 33, 4, 16, 37, 36, 17, 26, 28]",3,0.0,0.0,0.0,0.0,0,2,3,0
smd,group1_development,machine-1-3,tranad_official,0,4,11310,11517,"[5, 19, 2, 29, 1, 34, 18, 3, 0, 21, 6, 20, 30, 35, 22, 11, 14, 13, 32, 15, 12, 8, 25, 23, 9, 27, 24, 31, 10, 7, 33, 4, 16, 37, 36, 17, 26, 28]",5,0.0,0.0,0.0,0.0,0,2,5,0
smd,group1_development,machine-1-3,tranad_official,0,5,13350,13380,"[5, 2, 1, 19, 29, 18, 0, 3, 34, 21, 23, 20, 25, 30, 35, 22, 6, 27, 32, 24, 13, 9, 31, 14, 7, 33, 15, 4, 10, 37, 16, 11, 12, 36, 17, 26, 28, 8]",1,0.0,0.0,0.0,0.0,0,14,1,0
smd,group1_development,machine-1-3,tranad_official,0,5,13350,13380,"[5, 2, 1, 19, 29, 18, 0, 3, 34, 21, 23, 20, 25, 30, 35, 22, 6, 27, 32, 24, 13, 9, 31, 14, 7, 33, 15, 4, 10, 37, 16, 11, 12, 36, 17, 26, 28, 8]",3,0.0,0.0,0.0,0.0,0,14,3,0
smd,group1_development,machine-1-3,tranad_official,0,5,13350,13380,"[5, 2, 1, 19, 29, 18, 0, 3, 34, 21, 23, 20, 25, 30, 35, 22, 6, 27, 32, 24, 13, 9, 31, 14, 7, 33, 15, 4, 10, 37, 16, 11, 12, 36, 17, 26, 28, 8]",5,0.2,0.07142857142857142,0.10526315789473682,0.14606834984270645,1,14,5,1
smd,group1_development,machine-1-3,tranad_official,0,6,13871,13915,"[5, 11, 14, 29, 15, 12, 8, 13, 6, 32, 1, 23, 27, 31, 2, 25, 33, 17, 24, 20, 0, 3, 19, 26, 21, 35, 9, 22, 4, 7, 18, 30, 16, 28, 36, 10, 34, 37]",1,0.0,0.0,0.0,0.0,0,2,1,0
smd,group1_development,machine-1-3,tranad_official,0,6,13871,13915,"[5, 11, 14, 29, 15, 12, 8, 13, 6, 32, 1, 23, 27, 31, 2, 25, 33, 17, 24, 20, 0, 3, 19, 26, 21, 35, 9, 22, 4, 7, 18, 30, 16, 28, 36, 10, 34, 37]",3,0.6666666666666666,1.0,0.8,0.6934264036172708,1,2,3,2
smd,group1_development,machine-1-3,tranad_official,0,6,13871,13915,"[5, 11, 14, 29, 15, 12, 8, 13, 6, 32, 1, 23, 27, 31, 2, 25, 33, 17, 24, 20, 0, 3, 19, 26, 21, 35, 9, 22, 4, 7, 18, 30, 16, 28, 36, 10, 34, 37]",5,0.4,1.0,0.5714285714285715,0.6934264036172708,1,2,5,2
smd,group1_development,machine-1-3,tranad_official,0,7,16220,16281,"[5, 2, 1, 29, 19, 18, 34, 6, 0, 3, 22, 21, 20, 30, 35, 32, 25, 13, 24, 27, 33, 23, 31, 14, 7, 4, 15, 11, 37, 16, 12, 10, 36, 9, 17, 26, 28, 8]",1,0.0,0.0,0.0,0.0,0,10,1,0
smd,group1_development,machine-1-3,tranad_official,0,7,16220,16281,"[5, 2, 1, 29, 19, 18, 34, 6, 0, 3, 22, 21, 20, 30, 35, 32, 25, 13, 24, 27, 33, 23, 31, 14, 7, 4, 15, 11, 37, 16, 12, 10, 36, 9, 17, 26, 28, 8]",3,0.0,0.0,0.0,0.0,0,10,3,0
smd,group1_development,machine-1-3,tranad_official,0,7,16220,16281,"[5, 2, 1, 29, 19, 18, 34, 6, 0, 3, 22, 21, 20, 30, 35, 32, 25, 13, 24, 27, 33, 23, 31, 14, 7, 4, 15, 11, 37, 16, 12, 10, 36, 9, 17, 26, 28, 8]",5,0.2,0.1,0.13333333333333333,0.13120507751234178,1,10,5,1
smd,group1_development,machine-1-3,tranad_official,0,8,17016,17241,"[5, 29, 6, 11, 14, 15, 12, 13, 8, 34, 22, 25, 32, 30, 35, 18, 21, 19, 20, 23, 2, 1, 0, 33, 31, 24, 27, 3, 17, 26, 4, 7, 9, 16, 10, 36, 28, 37]",1,0.0,0.0,0.0,0.0,0,2,1,0
smd,group1_development,machine-1-3,tranad_official,0,8,17016,17241,"[5, 29, 6, 11, 14, 15, 12, 13, 8, 34, 22, 25, 32, 30, 35, 18, 21, 19, 20, 23, 2, 1, 0, 33, 31, 24, 27, 3, 17, 26, 4, 7, 9, 16, 10, 36, 28, 37]",3,0.0,0.0,0.0,0.0,0,2,3,0
smd,group1_development,machine-1-3,tranad_official,0,8,17016,17241,"[5, 29, 6, 11, 14, 15, 12, 13, 8, 34, 22, 25, 32, 30, 35, 18, 21, 19, 20, 23, 2, 1, 0, 33, 31, 24, 27, 3, 17, 26, 4, 7, 9, 16, 10, 36, 28, 37]",5,0.4,1.0,0.5714285714285715,0.5012658353418871,1,2,5,2
smd,group1_development,machine-1-3,tranad_official,0,9,17660,17716,"[29, 5, 32, 33, 34, 22, 35, 18, 30, 20, 21, 19, 31, 0, 24, 2, 27, 3, 1, 6, 13, 25, 23, 11, 14, 8, 15, 12, 7, 4, 16, 10, 36, 9, 37, 17, 26, 28]",1,1.0,0.125,0.2222222222222222,1.0,1,8,1,1
smd,group1_development,machine-1-3,tranad_official,0,9,17660,17716,"[29, 5, 32, 33, 34, 22, 35, 18, 30, 20, 21, 19, 31, 0, 24, 2, 27, 3, 1, 6, 13, 25, 23, 11, 14, 8, 15, 12, 7, 4, 16, 10, 36, 9, 37, 17, 26, 28]",3,0.6666666666666666,0.25,0.36363636363636365,0.7039180890341347,1,8,3,2
smd,group1_development,machine-1-3,tranad_official,0,9,17660,17716,"[29, 5, 32, 33, 34, 22, 35, 18, 30, 20, 21, 19, 31, 0, 24, 2, 27, 3, 1, 6, 13, 25, 23, 11, 14, 8, 15, 12, 7, 4, 16, 10, 36, 9, 37, 17, 26, 28]",5,0.6,0.375,0.4615384615384615,0.6548086577531307,1,8,5,3
smd,group1_development,machine-1-3,tranad_official,0,10,22923,23019,"[4, 17, 16, 28, 2, 3, 10, 1, 8, 9, 13, 12, 6, 5, 15, 0, 23, 14, 25, 11, 29, 32, 33, 34, 22, 35, 18, 7, 30, 21, 20, 19, 31, 27, 24, 26, 36, 37]",1,1.0,0.029411764705882353,0.05714285714285715,1.0,1,34,1,1
smd,group1_development,machine-1-3,tranad_official,0,10,22923,23019,"[4, 17, 16, 28, 2, 3, 10, 1, 8, 9, 13, 12, 6, 5, 15, 0, 23, 14, 25, 11, 29, 32, 33, 34, 22, 35, 18, 7, 30, 21, 20, 19, 31, 27, 24, 26, 36, 37]",3,1.0,0.08823529411764706,0.1621621621621622,1.0,1,34,3,3
smd,group1_development,machine-1-3,tranad_official,0,10,22923,23019,"[4, 17, 16, 28, 2, 3, 10, 1, 8, 9, 13, 12, 6, 5, 15, 0, 23, 14, 25, 11, 29, 32, 33, 34, 22, 35, 18, 7, 30, 21, 20, 19, 31, 27, 24, 26, 36, 37]",5,1.0,0.14705882352941177,0.25641025641025644,1.0,1,34,5,5
smd,group1_development,machine-1-3,tranad_official,1,0,392,416,"[4, 5, 7, 16, 36, 23, 9, 35, 34, 22, 31, 30, 24, 21, 27, 20, 15, 18, 3, 0, 19, 11, 2, 1, 6, 14, 13, 12, 8, 32, 10, 25, 33, 17, 26, 28, 29, 37]",1,0.0,0.0,0.0,0.0,0,2,1,0
smd,group1_development,machine-1-3,tranad_official,1,0,392,416,"[4, 5, 7, 16, 36, 23, 9, 35, 34, 22, 31, 30, 24, 21, 27, 20, 15, 18, 3, 0, 19, 11, 2, 1, 6, 14, 13, 12, 8, 32, 10, 25, 33, 17, 26, 28, 29, 37]",3,0.0,0.0,0.0,0.0,0,2,3,0
smd,group1_development,machine-1-3,tranad_official,1,0,392,416,"[4, 5, 7, 16, 36, 23, 9, 35, 34, 22, 31, 30, 24, 21, 27, 20, 15, 18, 3, 0, 19, 11, 2, 1, 6, 14, 13, 12, 8, 32, 10, 25, 33, 17, 26, 28, 29, 37]",5,0.0,0.0,0.0,0.0,0,2,5,0
smd,group1_development,machine-1-3,tranad_official,1,1,1257,1268,"[4, 5, 23, 7, 9, 16, 36, 15, 11, 35, 34, 30, 22, 21, 27, 24, 31, 20, 18, 19, 0, 3, 2, 14, 13, 1, 8, 12, 6, 32, 29, 25, 33, 10, 17, 26, 28, 37]",1,0.0,0.0,0.0,0.0,0,2,1,0
smd,group1_development,machine-1-3,tranad_official,1,1,1257,1268,"[4, 5, 23, 7, 9, 16, 36, 15, 11, 35, 34, 30, 22, 21, 27, 24, 31, 20, 18, 19, 0, 3, 2, 14, 13, 1, 8, 12, 6, 32, 29, 25, 33, 10, 17, 26, 28, 37]",3,0.0,0.0,0.0,0.0,0,2,3,0
smd,group1_development,machine-1-3,tranad_official,1,1,1257,1268,"[4, 5, 23, 7, 9, 16, 36, 15, 11, 35, 34, 30, 22, 21, 27, 24, 31, 20, 18, 19, 0, 3, 2, 14, 13, 1, 8, 12, 6, 32, 29, 25, 33, 10, 17, 26, 28, 37]",5,0.0,0.0,0.0,0.0,0,2,5,0
smd,group1_development,machine-1-3,tranad_official,1,2,4872,4875,"[5, 14, 11, 8, 12, 15, 23, 13, 25, 6, 19, 20, 3, 24, 2, 1, 0, 35, 32, 34, 18, 30, 29, 21, 27, 31, 22, 36, 16, 7, 33, 37, 17, 4, 9, 10, 28, 26]",1,0.0,0.0,0.0,0.0,0,2,1,0
smd,group1_development,machine-1-3,tranad_official,1,2,4872,4875,"[5, 14, 11, 8, 12, 15, 23, 13, 25, 6, 19, 20, 3, 24, 2, 1, 0, 35, 32, 34, 18, 30, 29, 21, 27, 31, 22, 36, 16, 7, 33, 37, 17, 4, 9, 10, 28, 26]",3,0.6666666666666666,1.0,0.8,0.6934264036172708,1,2,3,2
smd,group1_development,machine-1-3,tranad_official,1,2,4872,4875,"[5, 14, 11, 8, 12, 15, 23, 13, 25, 6, 19, 20, 3, 24, 2, 1, 0, 35, 32, 34, 18, 30, 29, 21, 27, 31, 22, 36, 16, 7, 33, 37, 17, 4, 9, 10, 28, 26]",5,0.4,1.0,0.5714285714285715,0.6934264036172708,1,2,5,2
smd,group1_development,machine-1-3,tranad_official,1,3,5613,5661,"[5, 6, 23, 25, 11, 14, 13, 15, 8, 12, 19, 20, 24, 3, 9, 2, 30, 35, 18, 31, 1, 29, 21, 10, 0, 27, 34, 32, 22, 33, 16, 36, 7, 37, 4, 17, 28, 26]",1,0.0,0.0,0.0,0.0,0,2,1,0
smd,group1_development,machine-1-3,tranad_official,1,3,5613,5661,"[5, 6, 23, 25, 11, 14, 13, 15, 8, 12, 19, 20, 24, 3, 9, 2, 30, 35, 18, 31, 1, 29, 21, 10, 0, 27, 34, 32, 22, 33, 16, 36, 7, 37, 4, 17, 28, 26]",3,0.0,0.0,0.0,0.0,0,2,3,0
smd,group1_development,machine-1-3,tranad_official,1,3,5613,5661,"[5, 6, 23, 25, 11, 14, 13, 15, 8, 12, 19, 20, 24, 3, 9, 2, 30, 35, 18, 31, 1, 29, 21, 10, 0, 27, 34, 32, 22, 33, 16, 36, 7, 37, 4, 17, 28, 26]",5,0.2,0.5,0.28571428571428575,0.23719771276929622,1,2,5,1
smd,group1_development,machine-1-3,tranad_official,1,4,11310,11517,"[5, 19, 3, 29, 2, 6, 23, 25, 20, 22, 1, 0, 14, 11, 13, 15, 8, 12, 32, 18, 21, 24, 9, 34, 31, 27, 30, 35, 36, 10, 16, 17, 33, 37, 4, 7, 28, 26]",1,0.0,0.0,0.0,0.0,0,2,1,0
smd,group1_development,machine-1-3,tranad_official,1,4,11310,11517,"[5, 19, 3, 29, 2, 6, 23, 25, 20, 22, 1, 0, 14, 11, 13, 15, 8, 12, 32, 18, 21, 24, 9, 34, 31, 27, 30, 35, 36, 10, 16, 17, 33, 37, 4, 7, 28, 26]",3,0.0,0.0,0.0,0.0,0,2,3,0
smd,group1_development,machine-1-3,tranad_official,1,4,11310,11517,"[5, 19, 3, 29, 2, 6, 23, 25, 20, 22, 1, 0, 14, 11, 13, 15, 8, 12, 32, 18, 21, 24, 9, 34, 31, 27, 30, 35, 36, 10, 16, 17, 33, 37, 4, 7, 28, 26]",5,0.0,0.0,0.0,0.0,0,2,5,0
smd,group1_development,machine-1-3,tranad_official,1,5,13350,13380,"[5, 2, 3, 29, 19, 6, 1, 0, 22, 20, 25, 23, 18, 21, 13, 34, 31, 27, 32, 24, 35, 30, 9, 15, 36, 16, 12, 17, 11, 10, 33, 37, 4, 8, 7, 26, 28, 14]",1,0.0,0.0,0.0,0.0,0,14,1,0
smd,group1_development,machine-1-3,tranad_official,1,5,13350,13380,"[5, 2, 3, 29, 19, 6, 1, 0, 22, 20, 25, 23, 18, 21, 13, 34, 31, 27, 32, 24, 35, 30, 9, 15, 36, 16, 12, 17, 11, 10, 33, 37, 4, 8, 7, 26, 28, 14]",3,0.0,0.0,0.0,0.0,0,14,3,0
smd,group1_development,machine-1-3,tranad_official,1,5,13350,13380,"[5, 2, 3, 29, 19, 6, 1, 0, 22, 20, 25, 23, 18, 21, 13, 34, 31, 27, 32, 24, 35, 30, 9, 15, 36, 16, 12, 17, 11, 10, 33, 37, 4, 8, 7, 26, 28, 14]",5,0.2,0.07142857142857142,0.10526315789473682,0.13120507751234178,1,14,5,1
smd,group1_development,machine-1-3,tranad_official,1,6,13871,13915,"[5, 29, 6, 14, 11, 15, 8, 12, 13, 23, 25, 32, 27, 34, 1, 0, 22, 30, 2, 31, 3, 21, 35, 7, 18, 33, 36, 16, 24, 9, 19, 37, 28, 20, 4, 10, 17, 26]",1,0.0,0.0,0.0,0.0,0,2,1,0
smd,group1_development,machine-1-3,tranad_official,1,6,13871,13915,"[5, 29, 6, 14, 11, 15, 8, 12, 13, 23, 25, 32, 27, 34, 1, 0, 22, 30, 2, 31, 3, 21, 35, 7, 18, 33, 36, 16, 24, 9, 19, 37, 28, 20, 4, 10, 17, 26]",3,0.0,0.0,0.0,0.0,0,2,3,0
smd,group1_development,machine-1-3,tranad_official,1,6,13871,13915,"[5, 29, 6, 14, 11, 15, 8, 12, 13, 23, 25, 32, 27, 34, 1, 0, 22, 30, 2, 31, 3, 21, 35, 7, 18, 33, 36, 16, 24, 9, 19, 37, 28, 20, 4, 10, 17, 26]",5,0.4,1.0,0.5714285714285715,0.5012658353418871,1,2,5,2
smd,group1_development,machine-1-3,tranad_official,1,7,16220,16281,"[5, 29, 6, 19, 2, 3, 25, 23, 1, 20, 0, 22, 13, 32, 34, 21, 18, 24, 31, 35, 27, 30, 36, 15, 33, 16, 11, 12, 17, 4, 37, 14, 8, 10, 7, 28, 26, 9]",1,0.0,0.0,0.0,0.0,0,10,1,0
smd,group1_development,machine-1-3,tranad_official,1,7,16220,16281,"[5, 29, 6, 19, 2, 3, 25, 23, 1, 20, 0, 22, 13, 32, 34, 21, 18, 24, 31, 35, 27, 30, 36, 15, 33, 16, 11, 12, 17, 4, 37, 14, 8, 10, 7, 28, 26, 9]",3,0.0,0.0,0.0,0.0,0,10,3,0
smd,group1_development,machine-1-3,tranad_official,1,7,16220,16281,"[5, 29, 6, 19, 2, 3, 25, 23, 1, 20, 0, 22, 13, 32, 34, 21, 18, 24, 31, 35, 27, 30, 36, 15, 33, 16, 11, 12, 17, 4, 37, 14, 8, 10, 7, 28, 26, 9]",5,0.2,0.1,0.13333333333333333,0.14606834984270645,1,10,5,1
smd,group1_development,machine-1-3,tranad_official,1,8,17016,17241,"[5, 29, 6, 23, 25, 14, 11, 13, 15, 8, 12, 19, 20, 32, 3, 2, 24, 35, 22, 21, 18, 31, 1, 30, 34, 0, 27, 33, 36, 16, 7, 9, 37, 28, 4, 17, 10, 26]",1,0.0,0.0,0.0,0.0,0,2,1,0
smd,group1_development,machine-1-3,tranad_official,1,8,17016,17241,"[5, 29, 6, 23, 25, 14, 11, 13, 15, 8, 12, 19, 20, 32, 3, 2, 24, 35, 22, 21, 18, 31, 1, 30, 34, 0, 27, 33, 36, 16, 7, 9, 37, 28, 4, 17, 10, 26]",3,0.0,0.0,0.0,0.0,0,2,3,0
smd,group1_development,machine-1-3,tranad_official,1,8,17016,17241,"[5, 29, 6, 23, 25, 14, 11, 13, 15, 8, 12, 19, 20, 32, 3, 2, 24, 35, 22, 21, 18, 31, 1, 30, 34, 0, 27, 33, 36, 16, 7, 9, 37, 28, 4, 17, 10, 26]",5,0.0,0.0,0.0,0.0,0,2,5,0
smd,group1_development,machine-1-3,tranad_official,1,9,17660,17716,"[29, 5, 32, 33, 6, 19, 20, 22, 34, 31, 18, 35, 3, 21, 27, 30, 24, 0, 23, 2, 25, 13, 1, 11, 14, 8, 15, 12, 36, 16, 17, 4, 37, 7, 28, 10, 26, 9]",1,1.0,0.125,0.2222222222222222,1.0,1,8,1,1
smd,group1_development,machine-1-3,tranad_official,1,9,17660,17716,"[29, 5, 32, 33, 6, 19, 20, 22, 34, 31, 18, 35, 3, 21, 27, 30, 24, 0, 23, 2, 25, 13, 1, 11, 14, 8, 15, 12, 36, 16, 17, 4, 37, 7, 28, 10, 26, 9]",3,0.6666666666666666,0.25,0.36363636363636365,0.7039180890341347,1,8,3,2
smd,group1_development,machine-1-3,tranad_official,1,9,17660,17716,"[29, 5, 32, 33, 6, 19, 20, 22, 34, 31, 18, 35, 3, 21, 27, 30, 24, 0, 23, 2, 25, 13, 1, 11, 14, 8, 15, 12, 36, 16, 17, 4, 37, 7, 28, 10, 26, 9]",5,0.6,0.375,0.4615384615384615,0.6548086577531307,1,8,5,3
smd,group1_development,machine-1-3,tranad_official,1,10,22923,23019,"[4, 17, 16, 28, 2, 3, 10, 1, 8, 9, 13, 12, 6, 15, 5, 23, 0, 25, 14, 11, 29, 7, 36, 32, 33, 34, 31, 18, 19, 20, 24, 22, 35, 21, 30, 27, 37, 26]",1,1.0,0.029411764705882353,0.05714285714285715,1.0,1,34,1,1
smd,group1_development,machine-1-3,tranad_official,1,10,22923,23019,"[4, 17, 16, 28, 2, 3, 10, 1, 8, 9, 13, 12, 6, 15, 5, 23, 0, 25, 14, 11, 29, 7, 36, 32, 33, 34, 31, 18, 19, 20, 24, 22, 35, 21, 30, 27, 37, 26]",3,1.0,0.08823529411764706,0.1621621621621622,1.0,1,34,3,3
smd,group1_development,machine-1-3,tranad_official,1,10,22923,23019,"[4, 17, 16, 28, 2, 3, 10, 1, 8, 9, 13, 12, 6, 15, 5, 23, 0, 25, 14, 11, 29, 7, 36, 32, 33, 34, 31, 18, 19, 20, 24, 22, 35, 21, 30, 27, 37, 26]",5,1.0,0.14705882352941177,0.25641025641025644,1.0,1,34,5,5
smd,group1_development,machine-1-3,tranad_official,2,0,392,416,"[4, 5, 25, 7, 16, 17, 26, 28, 36, 23, 33, 34, 30, 21, 12, 32, 8, 27, 20, 15, 18, 3, 19, 11, 13, 6, 1, 14, 2, 0, 24, 31, 9, 22, 35, 10, 29, 37]",1,0.0,0.0,0.0,0.0,0,2,1,0
smd,group1_development,machine-1-3,tranad_official,2,0,392,416,"[4, 5, 25, 7, 16, 17, 26, 28, 36, 23, 33, 34, 30, 21, 12, 32, 8, 27, 20, 15, 18, 3, 19, 11, 13, 6, 1, 14, 2, 0, 24, 31, 9, 22, 35, 10, 29, 37]",3,0.0,0.0,0.0,0.0,0,2,3,0
smd,group1_development,machine-1-3,tranad_official,2,0,392,416,"[4, 5, 25, 7, 16, 17, 26, 28, 36, 23, 33, 34, 30, 21, 12, 32, 8, 27, 20, 15, 18, 3, 19, 11, 13, 6, 1, 14, 2, 0, 24, 31, 9, 22, 35, 10, 29, 37]",5,0.0,0.0,0.0,0.0,0,2,5,0
smd,group1_development,machine-1-3,tranad_official,2,1,1257,1268,"[4, 5, 25, 23, 7, 16, 17, 26, 28, 36, 33, 12, 8, 15, 32, 11, 6, 13, 1, 2, 34, 30, 21, 27, 20, 18, 19, 0, 31, 24, 22, 3, 35, 14, 29, 9, 10, 37]",1,0.0,0.0,0.0,0.0,0,2,1,0
smd,group1_development,machine-1-3,tranad_official,2,1,1257,1268,"[4, 5, 25, 23, 7, 16, 17, 26, 28, 36, 33, 12, 8, 15, 32, 11, 6, 13, 1, 2, 34, 30, 21, 27, 20, 18, 19, 0, 31, 24, 22, 3, 35, 14, 29, 9, 10, 37]",3,0.0,0.0,0.0,0.0,0,2,3,0
smd,group1_development,machine-1-3,tranad_official,2,1,1257,1268,"[4, 5, 25, 23, 7, 16, 17, 26, 28, 36, 33, 12, 8, 15, 32, 11, 6, 13, 1, 2, 34, 30, 21, 27, 20, 18, 19, 0, 31, 24, 22, 3, 35, 14, 29, 9, 10, 37]",5,0.0,0.0,0.0,0.0,0,2,5,0
smd,group1_development,machine-1-3,tranad_official,2,2,4872,4875,"[5, 14, 11, 8, 12, 15, 13, 25, 35, 21, 6, 23, 31, 30, 3, 20, 0, 24, 2, 29, 34, 32, 27, 1, 22, 18, 19, 10, 33, 17, 9, 37, 7, 16, 36, 28, 26, 4]",1,0.0,0.0,0.0,0.0,0,2,1,0
smd,group1_development,machine-1-3,tranad_official,2,2,4872,4875,"[5, 14, 11, 8, 12, 15, 13, 25, 35, 21, 6, 23, 31, 30, 3, 20, 0, 24, 2, 29, 34, 32, 27, 1, 22, 18, 19, 10, 33, 17, 9, 37, 7, 16, 36, 28, 26, 4]",3,0.6666666666666666,1.0,0.8,0.6934264036172708,1,2,3,2
smd,group1_development,machine-1-3,tranad_official,2,2,4872,4875,"[5, 14, 11, 8, 12, 15, 13, 25, 35, 21, 6, 23, 31, 30, 3, 20, 0, 24, 2, 29, 34, 32, 27, 1, 22, 18, 19, 10, 33, 17, 9, 37, 7, 16, 36, 28, 26, 4]",5,0.4,1.0,0.5714285714285715,0.6934264036172708,1,2,5,2
smd,group1_development,machine-1-3,tranad_official,2,3,5613,5661,"[5, 6, 25, 11, 14, 23, 15, 13, 8, 12, 35, 21, 31, 29, 1, 30, 24, 20, 9, 3, 2, 0, 34, 10, 19, 22, 32, 27, 18, 33, 17, 16, 7, 37, 36, 28, 26, 4]",1,0.0,0.0,0.0,0.0,0,2,1,0
smd,group1_development,machine-1-3,tranad_official,2,3,5613,5661,"[5, 6, 25, 11, 14, 23, 15, 13, 8, 12, 35, 21, 31, 29, 1, 30, 24, 20, 9, 3, 2, 0, 34, 10, 19, 22, 32, 27, 18, 33, 17, 16, 7, 37, 36, 28, 26, 4]",3,0.0,0.0,0.0,0.0,0,2,3,0
smd,group1_development,machine-1-3,tranad_official,2,3,5613,5661,"[5, 6, 25, 11, 14, 23, 15, 13, 8, 12, 35, 21, 31, 29, 1, 30, 24, 20, 9, 3, 2, 0, 34, 10, 19, 22, 32, 27, 18, 33, 17, 16, 7, 37, 36, 28, 26, 4]",5,0.4,1.0,0.5714285714285715,0.5012658353418871,1,2,5,2
smd,group1_development,machine-1-3,tranad_official,2,4,11310,11517,"[5, 29, 6, 2, 3, 22, 25, 21, 11, 0, 14, 19, 15, 13, 12, 32, 8, 1, 24, 18, 35, 23, 27, 34, 20, 9, 30, 31, 10, 16, 7, 37, 17, 33, 36, 28, 4, 26]",1,0.0,0.0,0.0,0.0,0,2,1,0
smd,group1_development,machine-1-3,tranad_official,2,4,11310,11517,"[5, 29, 6, 2, 3, 22, 25, 21, 11, 0, 14, 19, 15, 13, 12, 32, 8, 1, 24, 18, 35, 23, 27, 34, 20, 9, 30, 31, 10, 16, 7, 37, 17, 33, 36, 28, 4, 26]",3,0.0,0.0,0.0,0.0,0,2,3,0
smd,group1_development,machine-1-3,tranad_official,2,4,11310,11517,"[5, 29, 6, 2, 3, 22, 25, 21, 11, 0, 14, 19, 15, 13, 12, 32, 8, 1, 24, 18, 35, 23, 27, 34, 20, 9, 30, 31, 10, 16, 7, 37, 17, 33, 36, 28, 4, 26]",5,0.0,0.0,0.0,0.0,0,2,5,0
smd,group1_development,machine-1-3,tranad_official,2,5,13350,13380,"[5, 2, 29, 3, 1, 6, 19, 0, 22, 21, 23, 25, 27, 18, 34, 24, 13, 35, 20, 31, 32, 30, 9, 10, 16, 7, 11, 14, 37, 15, 17, 36, 33, 28, 12, 4, 8, 26]",1,0.0,0.0,0.0,0.0,0,14,1,0
smd,group1_development,machine-1-3,tranad_official,2,5,13350,13380,"[5, 2, 29, 3, 1, 6, 19, 0, 22, 21, 23, 25, 27, 18, 34, 24, 13, 35, 20, 31, 32, 30, 9, 10, 16, 7, 11, 14, 37, 15, 17, 36, 33, 28, 12, 4, 8, 26]",3,0.0,0.0,0.0,0.0,0,14,3,0
smd,group1_development,machine-1-3,tranad_official,2,5,13350,13380,"[5, 2, 29, 3, 1, 6, 19, 0, 22, 21, 23, 25, 27, 18, 34, 24, 13, 35, 20, 31, 32, 30, 9, 10, 16, 7, 11, 14, 37, 15, 17, 36, 33, 28, 12, 4, 8, 26]",5,0.0,0.0,0.0,0.0,0,14,5,0
smd,group1_development,machine-1-3,tranad_official,2,6,13871,13915,"[5, 29, 6, 14, 11, 15, 12, 8, 13, 25, 22, 23, 32, 1, 27, 10, 2, 34, 19, 18, 3, 0, 31, 30, 33, 7, 9, 20, 24, 37, 17, 35, 16, 26, 21, 28, 36, 4]",1,0.0,0.0,0.0,0.0,0,2,1,0
smd,group1_development,machine-1-3,tranad_official,2,6,13871,13915,"[5, 29, 6, 14, 11, 15, 12, 8, 13, 25, 22, 23, 32, 1, 27, 10, 2, 34, 19, 18, 3, 0, 31, 30, 33, 7, 9, 20, 24, 37, 17, 35, 16, 26, 21, 28, 36, 4]",3,0.0,0.0,0.0,0.0,0,2,3,0
smd,group1_development,machine-1-3,tranad_official,2,6,13871,13915,"[5, 29, 6, 14, 11, 15, 12, 8, 13, 25, 22, 23, 32, 1, 27, 10, 2, 34, 19, 18, 3, 0, 31, 30, 33, 7, 9, 20, 24, 37, 17, 35, 16, 26, 21, 28, 36, 4]",5,0.4,1.0,0.5714285714285715,0.5012658353418871,1,2,5,2
smd,group1_development,machine-1-3,tranad_official,2,7,16220,16281,"[5, 29, 6, 2, 25, 1, 19, 3, 0, 22, 21, 23, 27, 32, 24, 34, 13, 18, 35, 20, 31, 30, 33, 10, 16, 11, 7, 37, 17, 14, 9, 15, 36, 12, 28, 4, 8, 26]",1,0.0,0.0,0.0,0.0,0,10,1,0
smd,group1_development,machine-1-3,tranad_official,2,7,16220,16281,"[5, 29, 6, 2, 25, 1, 19, 3, 0, 22, 21, 23, 27, 32, 24, 34, 13, 18, 35, 20, 31, 30, 33, 10, 16, 11, 7, 37, 17, 14, 9, 15, 36, 12, 28, 4, 8, 26]",3,0.0,0.0,0.0,0.0,0,10,3,0
smd,group1_development,machine-1-3,tranad_official,2,7,16220,16281,"[5, 29, 6, 2, 25, 1, 19, 3, 0, 22, 21, 23, 27, 32, 24, 34, 13, 18, 35, 20, 31, 30, 33, 10, 16, 11, 7, 37, 17, 14, 9, 15, 36, 12, 28, 4, 8, 26]",5,0.2,0.1,0.13333333333333333,0.13120507751234178,1,10,5,1
smd,group1_development,machine-1-3,tranad_official,2,8,17016,17241,"[5, 29, 6, 25, 11, 14, 23, 15, 13, 12, 8, 21, 32, 35, 20, 31, 22, 19, 24, 2, 30, 1, 27, 3, 33, 0, 34, 18, 10, 7, 9, 37, 17, 16, 28, 36, 26, 4]",1,0.0,0.0,0.0,0.0,0,2,1,0
smd,group1_development,machine-1-3,tranad_official,2,8,17016,17241,"[5, 29, 6, 25, 11, 14, 23, 15, 13, 12, 8, 21, 32, 35, 20, 31, 22, 19, 24, 2, 30, 1, 27, 3, 33, 0, 34, 18, 10, 7, 9, 37, 17, 16, 28, 36, 26, 4]",3,0.0,0.0,0.0,0.0,0,2,3,0
smd,group1_development,machine-1-3,tranad_official,2,8,17016,17241,"[5, 29, 6, 25, 11, 14, 23, 15, 13, 12, 8, 21, 32, 35, 20, 31, 22, 19, 24, 2, 30, 1, 27, 3, 33, 0, 34, 18, 10, 7, 9, 37, 17, 16, 28, 36, 26, 4]",5,0.2,0.5,0.28571428571428575,0.23719771276929622,1,2,5,1
smd,group1_development,machine-1-3,tranad_official,2,9,17660,17716,"[29, 5, 32, 33, 35, 6, 21, 34, 31, 20, 18, 0, 24, 3, 30, 2, 13, 25, 19, 23, 1, 22, 27, 11, 14, 8, 15, 12, 10, 16, 7, 37, 17, 9, 36, 28, 4, 26]",1,1.0,0.125,0.2222222222222222,1.0,1,8,1,1
smd,group1_development,machine-1-3,tranad_official,2,9,17660,17716,"[29, 5, 32, 33, 35, 6, 21, 34, 31, 20, 18, 0, 24, 3, 30, 2, 13, 25, 19, 23, 1, 22, 27, 11, 14, 8, 15, 12, 10, 16, 7, 37, 17, 9, 36, 28, 4, 26]",3,0.6666666666666666,0.25,0.36363636363636365,0.7039180890341347,1,8,3,2
smd,group1_development,machine-1-3,tranad_official,2,9,17660,17716,"[29, 5, 32, 33, 35, 6, 21, 34, 31, 20, 18, 0, 24, 3, 30, 2, 13, 25, 19, 23, 1, 22, 27, 11, 14, 8, 15, 12, 10, 16, 7, 37, 17, 9, 36, 28, 4, 26]",5,0.6,0.375,0.4615384615384615,0.6548086577531307,1,8,5,3
smd,group1_development,machine-1-3,tranad_official,2,10,22923,23019,"[4, 17, 16, 28, 2, 3, 10, 1, 8, 9, 13, 12, 6, 5, 15, 23, 0, 25, 14, 26, 7, 35, 33, 24, 22, 29, 32, 36, 11, 37, 31, 21, 20, 34, 19, 18, 30, 27]",1,1.0,0.029411764705882353,0.05714285714285715,1.0,1,34,1,1
smd,group1_development,machine-1-3,tranad_official,2,10,22923,23019,"[4, 17, 16, 28, 2, 3, 10, 1, 8, 9, 13, 12, 6, 5, 15, 23, 0, 25, 14, 26, 7, 35, 33, 24, 22, 29, 32, 36, 11, 37, 31, 21, 20, 34, 19, 18, 30, 27]",3,1.0,0.08823529411764706,0.1621621621621622,1.0,1,34,3,3
smd,group1_development,machine-1-3,tranad_official,2,10,22923,23019,"[4, 17, 16, 28, 2, 3, 10, 1, 8, 9, 13, 12, 6, 5, 15, 23, 0, 25, 14, 26, 7, 35, 33, 24, 22, 29, 32, 36, 11, 37, 31, 21, 20, 34, 19, 18, 30, 27]",5,1.0,0.14705882352941177,0.25641025641025644,1.0,1,34,5,5
smd,group1_development,machine-1-4,tranad_official,0,0,385,417,"[5, 4, 34, 35, 27, 20, 22, 30, 3, 18, 31, 24, 21, 2, 19, 0, 1, 14, 11, 12, 6, 8, 15, 23, 25, 13, 32, 9, 33, 10, 29, 7, 17, 26, 36, 16, 37, 28]",1,0.0,0.0,0.0,0.0,0,3,1,0
smd,group1_development,machine-1-4,tranad_official,0,0,385,417,"[5, 4, 34, 35, 27, 20, 22, 30, 3, 18, 31, 24, 21, 2, 19, 0, 1, 14, 11, 12, 6, 8, 15, 23, 25, 13, 32, 9, 33, 10, 29, 7, 17, 26, 36, 16, 37, 28]",3,0.0,0.0,0.0,0.0,0,3,3,0
smd,group1_development,machine-1-4,tranad_official,0,0,385,417,"[5, 4, 34, 35, 27, 20, 22, 30, 3, 18, 31, 24, 21, 2, 19, 0, 1, 14, 11, 12, 6, 8, 15, 23, 25, 13, 32, 9, 33, 10, 29, 7, 17, 26, 36, 16, 37, 28]",5,0.0,0.0,0.0,0.0,0,3,5,0
smd,group1_development,machine-1-4,tranad_official,0,1,5626,5679,"[5, 4, 6, 14, 12, 11, 8, 15, 34, 35, 22, 30, 27, 20, 18, 21, 13, 24, 2, 31, 3, 19, 1, 23, 0, 32, 25, 29, 9, 33, 10, 7, 17, 26, 16, 36, 37, 28]",1,0.0,0.0,0.0,0.0,0,3,1,0
smd,group1_development,machine-1-4,tranad_official,0,1,5626,5679,"[5, 4, 6, 14, 12, 11, 8, 15, 34, 35, 22, 30, 27, 20, 18, 21, 13, 24, 2, 31, 3, 19, 1, 23, 0, 32, 25, 29, 9, 33, 10, 7, 17, 26, 16, 36, 37, 28]",3,0.0,0.0,0.0,0.0,0,3,3,0
smd,group1_development,machine-1-4,tranad_official,0,1,5626,5679,"[5, 4, 6, 14, 12, 11, 8, 15, 34, 35, 22, 30, 27, 20, 18, 21, 13, 24, 2, 31, 3, 19, 1, 23, 0, 32, 25, 29, 9, 33, 10, 7, 17, 26, 16, 36, 37, 28]",5,0.2,0.3333333333333333,0.25,0.20210734650054757,1,3,5,1
smd,group1_development,machine-1-4,tranad_official,0,2,11314,11519,"[5, 4, 2, 3, 19, 1, 29, 34, 6, 18, 20, 27, 35, 22, 0, 30, 21, 23, 32, 25, 14, 11, 12, 8, 13, 24, 15, 31, 9, 10, 33, 7, 17, 37, 16, 36, 26, 28]",1,0.0,0.0,0.0,0.0,0,2,1,0
smd,group1_development,machine-1-4,tranad_official,0,2,11314,11519,"[5, 4, 2, 3, 19, 1, 29, 34, 6, 18, 20, 27, 35, 22, 0, 30, 21, 23, 32, 25, 14, 11, 12, 8, 13, 24, 15, 31, 9, 10, 33, 7, 17, 37, 16, 36, 26, 28]",3,0.0,0.0,0.0,0.0,0,2,3,0
smd,group1_development,machine-1-4,tranad_official,0,2,11314,11519,"[5, 4, 2, 3, 19, 1, 29, 34, 6, 18, 20, 27, 35, 22, 0, 30, 21, 23, 32, 25, 14, 11, 12, 8, 13, 24, 15, 31, 9, 10, 33, 7, 17, 37, 16, 36, 26, 28]",5,0.0,0.0,0.0,0.0,0,2,5,0
smd,group1_development,machine-1-4,tranad_official,0,3,13872,13925,"[5, 4, 6, 29, 14, 11, 12, 8, 23, 15, 25, 13, 32, 1, 31, 2, 33, 21, 26, 17, 0, 3, 19, 7, 20, 24, 9, 34, 35, 27, 30, 18, 16, 22, 36, 10, 28, 37]",1,0.0,0.0,0.0,0.0,0,14,1,0
smd,group1_development,machine-1-4,tranad_official,0,3,13872,13925,"[5, 4, 6, 29, 14, 11, 12, 8, 23, 15, 25, 13, 32, 1, 31, 2, 33, 21, 26, 17, 0, 3, 19, 7, 20, 24, 9, 34, 35, 27, 30, 18, 16, 22, 36, 10, 28, 37]",3,0.0,0.0,0.0,0.0,0,14,3,0
smd,group1_development,machine-1-4,tranad_official,0,3,13872,13925,"[5, 4, 6, 29, 14, 11, 12, 8, 23, 15, 25, 13, 32, 1, 31, 2, 33, 21, 26, 17, 0, 3, 19, 7, 20, 24, 9, 34, 35, 27, 30, 18, 16, 22, 36, 10, 28, 37]",5,0.0,0.0,0.0,0.0,0,14,5,0
smd,group1_development,machine-1-4,tranad_official,0,4,13355,13376,"[5, 2, 4, 1, 19, 3, 18, 23, 29, 25, 0, 20, 34, 27, 21, 22, 35, 6, 30, 24, 32, 13, 31, 9, 11, 14, 15, 33, 7, 10, 37, 8, 16, 17, 12, 36, 26, 28]",1,0.0,0.0,0.0,0.0,0,3,1,0
smd,group1_development,machine-1-4,tranad_official,0,4,13355,13376,"[5, 2, 4, 1, 19, 3, 18, 23, 29, 25, 0, 20, 34, 27, 21, 22, 35, 6, 30, 24, 32, 13, 31, 9, 11, 14, 15, 33, 7, 10, 37, 8, 16, 17, 12, 36, 26, 28]",3,0.0,0.0,0.0,0.0,0,3,3,0
smd,group1_development,machine-1-4,tranad_official,0,4,13355,13376,"[5, 2, 4, 1, 19, 3, 18, 23, 29, 25, 0, 20, 34, 27, 21, 22, 35, 6, 30, 24, 32, 13, 31, 9, 11, 14, 15, 33, 7, 10, 37, 8, 16, 17, 12, 36, 26, 28]",5,0.0,0.0,0.0,0.0,0,3,5,0
smd,group1_development,machine-1-4,tranad_official,0,5,16240,16261,"[5, 4, 2, 1, 19, 3, 18, 6, 34, 29, 0, 20, 27, 23, 25, 22, 21, 35, 30, 32, 24, 13, 31, 33, 11, 14, 12, 8, 15, 7, 37, 16, 17, 36, 26, 10, 9, 28]",1,0.0,0.0,0.0,0.0,0,14,1,0
smd,group1_development,machine-1-4,tranad_official,0,5,16240,16261,"[5, 4, 2, 1, 19, 3, 18, 6, 34, 29, 0, 20, 27, 23, 25, 22, 21, 35, 30, 32, 24, 13, 31, 33, 11, 14, 12, 8, 15, 7, 37, 16, 17, 36, 26, 10, 9, 28]",3,0.0,0.0,0.0,0.0,0,14,3,0
smd,group1_development,machine-1-4,tranad_official,0,5,16240,16261,"[5, 4, 2, 1, 19, 3, 18, 6, 34, 29, 0, 20, 27, 23, 25, 22, 21, 35, 30, 32, 24, 13, 31, 33, 11, 14, 12, 8, 15, 7, 37, 16, 17, 36, 26, 10, 9, 28]",5,0.2,0.07142857142857142,0.10526315789473682,0.13120507751234178,1,14,5,1
smd,group1_development,machine-1-4,tranad_official,0,6,17060,17197,"[5, 4, 6, 29, 14, 11, 12, 8, 32, 15, 23, 25, 34, 27, 35, 20, 22, 18, 30, 2, 13, 19, 1, 3, 21, 24, 33, 0, 31, 17, 26, 7, 9, 16, 36, 10, 28, 37]",1,0.0,0.0,0.0,0.0,0,2,1,0
smd,group1_development,machine-1-4,tranad_official,0,6,17060,17197,"[5, 4, 6, 29, 14, 11, 12, 8, 32, 15, 23, 25, 34, 27, 35, 20, 22, 18, 30, 2, 13, 19, 1, 3, 21, 24, 33, 0, 31, 17, 26, 7, 9, 16, 36, 10, 28, 37]",3,0.0,0.0,0.0,0.0,0,2,3,0
smd,group1_development,machine-1-4,tranad_official,0,6,17060,17197,"[5, 4, 6, 29, 14, 11, 12, 8, 32, 15, 23, 25, 34, 27, 35, 20, 22, 18, 30, 2, 13, 19, 1, 3, 21, 24, 33, 0, 31, 17, 26, 7, 9, 16, 36, 10, 28, 37]",5,0.2,0.5,0.28571428571428575,0.23719771276929622,1,2,5,1
smd,group1_development,machine-1-4,tranad_official,0,7,17630,17718,"[5, 29, 4, 32, 33, 34, 6, 35, 18, 20, 22, 2, 30, 27, 19, 23, 25, 21, 3, 1, 31, 0, 24, 13, 14, 11, 12, 8, 15, 7, 16, 26, 17, 37, 36, 10, 9, 28]",1,0.0,0.0,0.0,0.0,0,5,1,0
smd,group1_development,machine-1-4,tranad_official,0,7,17630,17718,"[5, 29, 4, 32, 33, 34, 6, 35, 18, 20, 22, 2, 30, 27, 19, 23, 25, 21, 3, 1, 31, 0, 24, 13, 14, 11, 12, 8, 15, 7, 16, 26, 17, 37, 36, 10, 9, 28]",3,0.3333333333333333,0.2,0.25,0.2960819109658652,1,5,3,1
smd,group1_development,machine-1-4,tranad_official,0,7,17630,17718,"[5, 29, 4, 32, 33, 34, 6, 35, 18, 20, 22, 2, 30, 27, 19, 23, 25, 21, 3, 1, 31, 0, 24, 13, 14, 11, 12, 8, 15, 7, 16, 26, 17, 37, 36, 10, 9, 28]",5,0.6,0.6,0.6,0.4912596920895758,1,5,5,3
smd,group1_development,machine-1-4,tranad_official,0,8,18460,18481,"[5, 4, 6, 19, 29, 0, 23, 2, 25, 32, 18, 1, 27, 20, 21, 30, 3, 34, 22, 35, 13, 24, 33, 31, 14, 11, 12, 8, 15, 17, 26, 7, 16, 9, 36, 10, 37, 28]",1,0.0,0.0,0.0,0.0,0,14,1,0
smd,group1_development,machine-1-4,tranad_official,0,8,18460,18481,"[5, 4, 6, 19, 29, 0, 23, 2, 25, 32, 18, 1, 27, 20, 21, 30, 3, 34, 22, 35, 13, 24, 33, 31, 14, 11, 12, 8, 15, 17, 26, 7, 16, 9, 36, 10, 37, 28]",3,0.0,0.0,0.0,0.0,0,14,3,0
smd,group1_development,machine-1-4,tranad_official,0,8,18460,18481,"[5, 4, 6, 19, 29, 0, 23, 2, 25, 32, 18, 1, 27, 20, 21, 30, 3, 34, 22, 35, 13, 24, 33, 31, 14, 11, 12, 8, 15, 17, 26, 7, 16, 9, 36, 10, 37, 28]",5,0.2,0.07142857142857142,0.10526315789473682,0.14606834984270645,1,14,5,1
smd,group1_development,machine-1-4,tranad_official,0,9,20193,20233,"[5, 4, 29, 6, 14, 11, 34, 12, 18, 8, 20, 27, 22, 15, 35, 23, 25, 30, 2, 32, 3, 19, 1, 21, 24, 0, 13, 31, 33, 26, 7, 16, 17, 36, 9, 37, 10, 28]",1,0.0,0.0,0.0,0.0,0,2,1,0
smd,group1_development,machine-1-4,tranad_official,0,9,20193,20233,"[5, 4, 29, 6, 14, 11, 34, 12, 18, 8, 20, 27, 22, 15, 35, 23, 25, 30, 2, 32, 3, 19, 1, 21, 24, 0, 13, 31, 33, 26, 7, 16, 17, 36, 9, 37, 10, 28]",3,0.0,0.0,0.0,0.0,0,2,3,0
smd,group1_development,machine-1-4,tranad_official,0,9,20193,20233,"[5, 4, 29, 6, 14, 11, 34, 12, 18, 8, 20, 27, 22, 15, 35, 23, 25, 30, 2, 32, 3, 19, 1, 21, 24, 0, 13, 31, 33, 26, 7, 16, 17, 36, 9, 37, 10, 28]",5,0.2,0.5,0.28571428571428575,0.23719771276929622,1,2,5,1
smd,group1_development,machine-1-4,tranad_official,0,10,22970,23016,"[16, 28, 17, 4, 2, 3, 1, 10, 8, 12, 9, 13, 6, 15, 5, 0, 23, 14, 25, 11, 21, 20, 7, 29, 30, 33, 31, 32, 18, 26, 36, 37, 35, 19, 34, 27, 22, 24]",1,1.0,0.029411764705882353,0.05714285714285715,1.0,1,34,1,1
smd,group1_development,machine-1-4,tranad_official,0,10,22970,23016,"[16, 28, 17, 4, 2, 3, 1, 10, 8, 12, 9, 13, 6, 15, 5, 0, 23, 14, 25, 11, 21, 20, 7, 29, 30, 33, 31, 32, 18, 26, 36, 37, 35, 19, 34, 27, 22, 24]",3,1.0,0.08823529411764706,0.1621621621621622,1.0,1,34,3,3
smd,group1_development,machine-1-4,tranad_official,0,10,22970,23016,"[16, 28, 17, 4, 2, 3, 1, 10, 8, 12, 9, 13, 6, 15, 5, 0, 23, 14, 25, 11, 21, 20, 7, 29, 30, 33, 31, 32, 18, 26, 36, 37, 35, 19, 34, 27, 22, 24]",5,1.0,0.14705882352941177,0.25641025641025644,1.0,1,34,5,5
smd,group1_development,machine-1-4,tranad_official,0,11,23218,23221,"[16, 4, 5, 10, 6, 9, 21, 20, 23, 33, 31, 22, 30, 7, 28, 2, 14, 29, 35, 19, 12, 17, 37, 11, 1, 0, 13, 18, 32, 25, 34, 27, 24, 3, 8, 15, 26, 36]",1,1.0,0.5,0.6666666666666666,1.0,1,2,1,1
smd,group1_development,machine-1-4,tranad_official,0,11,23218,23221,"[16, 4, 5, 10, 6, 9, 21, 20, 23, 33, 31, 22, 30, 7, 28, 2, 14, 29, 35, 19, 12, 17, 37, 11, 1, 0, 13, 18, 32, 25, 34, 27, 24, 3, 8, 15, 26, 36]",3,0.3333333333333333,0.5,0.4,0.6131471927654584,1,2,3,1
smd,group1_development,machine-1-4,tranad_official,0,11,23218,23221,"[16, 4, 5, 10, 6, 9, 21, 20, 23, 33, 31, 22, 30, 7, 28, 2, 14, 29, 35, 19, 12, 17, 37, 11, 1, 0, 13, 18, 32, 25, 34, 27, 24, 3, 8, 15, 26, 36]",5,0.2,0.5,0.28571428571428575,0.6131471927654584,1,2,5,1
smd,group1_development,machine-1-4,tranad_official,1,0,385,417,"[5, 4, 35, 34, 20, 31, 3, 27, 19, 30, 24, 2, 18, 21, 14, 22, 11, 0, 1, 12, 8, 15, 13, 6, 32, 25, 23, 9, 10, 33, 29, 16, 36, 7, 37, 17, 28, 26]",1,0.0,0.0,0.0,0.0,0,3,1,0
smd,group1_development,machine-1-4,tranad_official,1,0,385,417,"[5, 4, 35, 34, 20, 31, 3, 27, 19, 30, 24, 2, 18, 21, 14, 22, 11, 0, 1, 12, 8, 15, 13, 6, 32, 25, 23, 9, 10, 33, 29, 16, 36, 7, 37, 17, 28, 26]",3,0.0,0.0,0.0,0.0,0,3,3,0
smd,group1_development,machine-1-4,tranad_official,1,0,385,417,"[5, 4, 35, 34, 20, 31, 3, 27, 19, 30, 24, 2, 18, 21, 14, 22, 11, 0, 1, 12, 8, 15, 13, 6, 32, 25, 23, 9, 10, 33, 29, 16, 36, 7, 37, 17, 28, 26]",5,0.0,0.0,0.0,0.0,0,3,5,0
smd,group1_development,machine-1-4,tranad_official,1,1,5626,5679,"[5, 4, 6, 14, 11, 12, 8, 15, 35, 20, 13, 19, 31, 34, 30, 24, 27, 3, 2, 21, 18, 25, 23, 1, 22, 0, 29, 32, 9, 10, 33, 16, 7, 36, 37, 17, 28, 26]",1,0.0,0.0,0.0,0.0,0,3,1,0
smd,group1_development,machine-1-4,tranad_official,1,1,5626,5679,"[5, 4, 6, 14, 11, 12, 8, 15, 35, 20, 13, 19, 31, 34, 30, 24, 27, 3, 2, 21, 18, 25, 23, 1, 22, 0, 29, 32, 9, 10, 33, 16, 7, 36, 37, 17, 28, 26]",3,0.0,0.0,0.0,0.0,0,3,3,0
smd,group1_development,machine-1-4,tranad_official,1,1,5626,5679,"[5, 4, 6, 14, 11, 12, 8, 15, 35, 20, 13, 19, 31, 34, 30, 24, 27, 3, 2, 21, 18, 25, 23, 1, 22, 0, 29, 32, 9, 10, 33, 16, 7, 36, 37, 17, 28, 26]",5,0.4,0.6666666666666666,0.5,0.38364913903790027,1,3,5,2
smd,group1_development,machine-1-4,tranad_official,1,2,11314,11519,"[5, 4, 3, 19, 2, 29, 20, 6, 35, 1, 0, 27, 34, 31, 21, 18, 30, 14, 11, 32, 24, 13, 12, 8, 15, 22, 25, 23, 9, 10, 36, 16, 33, 7, 37, 17, 28, 26]",1,0.0,0.0,0.0,0.0,0,2,1,0
smd,group1_development,machine-1-4,tranad_official,1,2,11314,11519,"[5, 4, 3, 19, 2, 29, 20, 6, 35, 1, 0, 27, 34, 31, 21, 18, 30, 14, 11, 32, 24, 13, 12, 8, 15, 22, 25, 23, 9, 10, 36, 16, 33, 7, 37, 17, 28, 26]",3,0.0,0.0,0.0,0.0,0,2,3,0
smd,group1_development,machine-1-4,tranad_official,1,2,11314,11519,"[5, 4, 3, 19, 2, 29, 20, 6, 35, 1, 0, 27, 34, 31, 21, 18, 30, 14, 11, 32, 24, 13, 12, 8, 15, 22, 25, 23, 9, 10, 36, 16, 33, 7, 37, 17, 28, 26]",5,0.0,0.0,0.0,0.0,0,2,5,0
smd,group1_development,machine-1-4,tranad_official,1,3,13872,13925,"[5, 4, 6, 29, 14, 11, 12, 8, 15, 13, 23, 25, 32, 1, 2, 7, 19, 33, 16, 0, 22, 21, 3, 30, 36, 27, 18, 20, 34, 31, 35, 9, 37, 24, 28, 17, 10, 26]",1,0.0,0.0,0.0,0.0,0,14,1,0
smd,group1_development,machine-1-4,tranad_official,1,3,13872,13925,"[5, 4, 6, 29, 14, 11, 12, 8, 15, 13, 23, 25, 32, 1, 2, 7, 19, 33, 16, 0, 22, 21, 3, 30, 36, 27, 18, 20, 34, 31, 35, 9, 37, 24, 28, 17, 10, 26]",3,0.0,0.0,0.0,0.0,0,14,3,0
smd,group1_development,machine-1-4,tranad_official,1,3,13872,13925,"[5, 4, 6, 29, 14, 11, 12, 8, 15, 13, 23, 25, 32, 1, 2, 7, 19, 33, 16, 0, 22, 21, 3, 30, 36, 27, 18, 20, 34, 31, 35, 9, 37, 24, 28, 17, 10, 26]",5,0.0,0.0,0.0,0.0,0,14,5,0
smd,group1_development,machine-1-4,tranad_official,1,4,13355,13376,"[5, 4, 2, 3, 19, 1, 20, 29, 35, 0, 25, 23, 27, 6, 21, 18, 31, 34, 30, 24, 13, 22, 32, 11, 9, 16, 36, 15, 12, 10, 33, 14, 8, 7, 37, 17, 26, 28]",1,0.0,0.0,0.0,0.0,0,3,1,0
smd,group1_development,machine-1-4,tranad_official,1,4,13355,13376,"[5, 4, 2, 3, 19, 1, 20, 29, 35, 0, 25, 23, 27, 6, 21, 18, 31, 34, 30, 24, 13, 22, 32, 11, 9, 16, 36, 15, 12, 10, 33, 14, 8, 7, 37, 17, 26, 28]",3,0.0,0.0,0.0,0.0,0,3,3,0
smd,group1_development,machine-1-4,tranad_official,1,4,13355,13376,"[5, 4, 2, 3, 19, 1, 20, 29, 35, 0, 25, 23, 27, 6, 21, 18, 31, 34, 30, 24, 13, 22, 32, 11, 9, 16, 36, 15, 12, 10, 33, 14, 8, 7, 37, 17, 26, 28]",5,0.0,0.0,0.0,0.0,0,3,5,0
smd,group1_development,machine-1-4,tranad_official,1,5,16240,16261,"[5, 4, 2, 19, 3, 20, 1, 6, 29, 35, 0, 27, 21, 23, 31, 18, 30, 25, 34, 32, 13, 24, 22, 33, 11, 36, 12, 16, 15, 8, 14, 7, 37, 17, 28, 26, 9, 10]",1,0.0,0.0,0.0,0.0,0,14,1,0
smd,group1_development,machine-1-4,tranad_official,1,5,16240,16261,"[5, 4, 2, 19, 3, 20, 1, 6, 29, 35, 0, 27, 21, 23, 31, 18, 30, 25, 34, 32, 13, 24, 22, 33, 11, 36, 12, 16, 15, 8, 14, 7, 37, 17, 28, 26, 9, 10]",3,0.0,0.0,0.0,0.0,0,14,3,0
smd,group1_development,machine-1-4,tranad_official,1,5,16240,16261,"[5, 4, 2, 19, 3, 20, 1, 6, 29, 35, 0, 27, 21, 23, 31, 18, 30, 25, 34, 32, 13, 24, 22, 33, 11, 36, 12, 16, 15, 8, 14, 7, 37, 17, 28, 26, 9, 10]",5,0.2,0.07142857142857142,0.10526315789473682,0.14606834984270645,1,14,5,1
smd,group1_development,machine-1-4,tranad_official,1,6,17060,17197,"[5, 4, 6, 29, 14, 11, 12, 8, 15, 32, 19, 35, 20, 13, 3, 31, 34, 2, 27, 30, 24, 21, 18, 1, 22, 0, 25, 23, 33, 16, 7, 36, 9, 37, 28, 17, 26, 10]",1,0.0,0.0,0.0,0.0,0,2,1,0
smd,group1_development,machine-1-4,tranad_official,1,6,17060,17197,"[5, 4, 6, 29, 14, 11, 12, 8, 15, 32, 19, 35, 20, 13, 3, 31, 34, 2, 27, 30, 24, 21, 18, 1, 22, 0, 25, 23, 33, 16, 7, 36, 9, 37, 28, 17, 26, 10]",3,0.0,0.0,0.0,0.0,0,2,3,0
smd,group1_development,machine-1-4,tranad_official,1,6,17060,17197,"[5, 4, 6, 29, 14, 11, 12, 8, 15, 32, 19, 35, 20, 13, 3, 31, 34, 2, 27, 30, 24, 21, 18, 1, 22, 0, 25, 23, 33, 16, 7, 36, 9, 37, 28, 17, 26, 10]",5,0.2,0.5,0.28571428571428575,0.23719771276929622,1,2,5,1
smd,group1_development,machine-1-4,tranad_official,1,7,17630,17718,"[5, 29, 4, 32, 6, 33, 35, 20, 19, 3, 31, 34, 27, 2, 30, 18, 24, 21, 22, 0, 1, 25, 23, 13, 11, 14, 12, 8, 15, 16, 36, 7, 37, 9, 28, 17, 26, 10]",1,0.0,0.0,0.0,0.0,0,5,1,0
smd,group1_development,machine-1-4,tranad_official,1,7,17630,17718,"[5, 29, 4, 32, 6, 33, 35, 20, 19, 3, 31, 34, 27, 2, 30, 18, 24, 21, 22, 0, 1, 25, 23, 13, 11, 14, 12, 8, 15, 16, 36, 7, 37, 9, 28, 17, 26, 10]",3,0.3333333333333333,0.2,0.25,0.2960819109658652,1,5,3,1
smd,group1_development,machine-1-4,tranad_official,1,7,17630,17718,"[5, 29, 4, 32, 6, 33, 35, 20, 19, 3, 31, 34, 27, 2, 30, 18, 24, 21, 22, 0, 1, 25, 23, 13, 11, 14, 12, 8, 15, 16, 36, 7, 37, 9, 28, 17, 26, 10]",5,0.4,0.4,0.4000000000000001,0.36005461457723403,1,5,5,2
smd,group1_development,machine-1-4,tranad_official,1,8,18460,18481,"[5, 4, 19, 6, 29, 20, 0, 2, 32, 3, 21, 27, 18, 35, 1, 25, 23, 13, 30, 31, 34, 24, 22, 11, 16, 33, 12, 14, 8, 36, 7, 15, 9, 37, 28, 17, 26, 10]",1,0.0,0.0,0.0,0.0,0,14,1,0
smd,group1_development,machine-1-4,tranad_official,1,8,18460,18481,"[5, 4, 19, 6, 29, 20, 0, 2, 32, 3, 21, 27, 18, 35, 1, 25, 23, 13, 30, 31, 34, 24, 22, 11, 16, 33, 12, 14, 8, 36, 7, 15, 9, 37, 28, 17, 26, 10]",3,0.3333333333333333,0.07142857142857142,0.11764705882352941,0.23463936301137822,1,14,3,1
smd,group1_development,machine-1-4,tranad_official,1,8,18460,18481,"[5, 4, 19, 6, 29, 20, 0, 2, 32, 3, 21, 27, 18, 35, 1, 25, 23, 13, 30, 31, 34, 24, 22, 11, 16, 33, 12, 14, 8, 36, 7, 15, 9, 37, 28, 17, 26, 10]",5,0.2,0.07142857142857142,0.10526315789473682,0.16958010263680806,1,14,5,1
smd,group1_development,machine-1-4,tranad_official,1,9,20193,20233,"[5, 4, 29, 6, 14, 35, 11, 20, 19, 3, 34, 31, 12, 8, 27, 2, 15, 30, 18, 32, 24, 13, 21, 22, 23, 1, 25, 0, 33, 16, 36, 7, 9, 37, 28, 17, 10, 26]",1,0.0,0.0,0.0,0.0,0,2,1,0
smd,group1_development,machine-1-4,tranad_official,1,9,20193,20233,"[5, 4, 29, 6, 14, 35, 11, 20, 19, 3, 34, 31, 12, 8, 27, 2, 15, 30, 18, 32, 24, 13, 21, 22, 23, 1, 25, 0, 33, 16, 36, 7, 9, 37, 28, 17, 10, 26]",3,0.0,0.0,0.0,0.0,0,2,3,0
smd,group1_development,machine-1-4,tranad_official,1,9,20193,20233,"[5, 4, 29, 6, 14, 35, 11, 20, 19, 3, 34, 31, 12, 8, 27, 2, 15, 30, 18, 32, 24, 13, 21, 22, 23, 1, 25, 0, 33, 16, 36, 7, 9, 37, 28, 17, 10, 26]",5,0.2,0.5,0.28571428571428575,0.23719771276929622,1,2,5,1
smd,group1_development,machine-1-4,tranad_official,1,10,22970,23016,"[16, 28, 17, 4, 2, 3, 1, 10, 8, 12, 9, 13, 6, 15, 5, 0, 14, 23, 11, 25, 29, 33, 32, 18, 7, 36, 35, 20, 19, 31, 34, 27, 30, 21, 24, 22, 37, 26]",1,1.0,0.029411764705882353,0.05714285714285715,1.0,1,34,1,1
smd,group1_development,machine-1-4,tranad_official,1,10,22970,23016,"[16, 28, 17, 4, 2, 3, 1, 10, 8, 12, 9, 13, 6, 15, 5, 0, 14, 23, 11, 25, 29, 33, 32, 18, 7, 36, 35, 20, 19, 31, 34, 27, 30, 21, 24, 22, 37, 26]",3,1.0,0.08823529411764706,0.1621621621621622,1.0,1,34,3,3
smd,group1_development,machine-1-4,tranad_official,1,10,22970,23016,"[16, 28, 17, 4, 2, 3, 1, 10, 8, 12, 9, 13, 6, 15, 5, 0, 14, 23, 11, 25, 29, 33, 32, 18, 7, 36, 35, 20, 19, 31, 34, 27, 30, 21, 24, 22, 37, 26]",5,1.0,0.14705882352941177,0.25641025641025644,1.0,1,34,5,5
smd,group1_development,machine-1-4,tranad_official,1,11,23218,23221,"[16, 4, 5, 10, 6, 9, 29, 7, 12, 11, 33, 23, 25, 32, 18, 31, 22, 13, 34, 35, 21, 27, 19, 30, 0, 24, 1, 3, 20, 14, 8, 2, 15, 17, 26, 28, 36, 37]",1,1.0,0.5,0.6666666666666666,1.0,1,2,1,1
smd,group1_development,machine-1-4,tranad_official,1,11,23218,23221,"[16, 4, 5, 10, 6, 9, 29, 7, 12, 11, 33, 23, 25, 32, 18, 31, 22, 13, 34, 35, 21, 27, 19, 30, 0, 24, 1, 3, 20, 14, 8, 2, 15, 17, 26, 28, 36, 37]",3,0.3333333333333333,0.5,0.4,0.6131471927654584,1,2,3,1
smd,group1_development,machine-1-4,tranad_official,1,11,23218,23221,"[16, 4, 5, 10, 6, 9, 29, 7, 12, 11, 33, 23, 25, 32, 18, 31, 22, 13, 34, 35, 21, 27, 19, 30, 0, 24, 1, 3, 20, 14, 8, 2, 15, 17, 26, 28, 36, 37]",5,0.2,0.5,0.28571428571428575,0.6131471927654584,1,2,5,1
smd,group1_development,machine-1-4,tranad_official,2,0,385,417,"[5, 4, 3, 21, 14, 6, 11, 20, 12, 30, 8, 1, 15, 0, 34, 18, 25, 13, 27, 32, 2, 31, 23, 24, 7, 22, 17, 19, 9, 10, 35, 33, 16, 29, 36, 26, 37, 28]",1,0.0,0.0,0.0,0.0,0,3,1,0
smd,group1_development,machine-1-4,tranad_official,2,0,385,417,"[5, 4, 3, 21, 14, 6, 11, 20, 12, 30, 8, 1, 15, 0, 34, 18, 25, 13, 27, 32, 2, 31, 23, 24, 7, 22, 17, 19, 9, 10, 35, 33, 16, 29, 36, 26, 37, 28]",3,0.0,0.0,0.0,0.0,0,3,3,0
smd,group1_development,machine-1-4,tranad_official,2,0,385,417,"[5, 4, 3, 21, 14, 6, 11, 20, 12, 30, 8, 1, 15, 0, 34, 18, 25, 13, 27, 32, 2, 31, 23, 24, 7, 22, 17, 19, 9, 10, 35, 33, 16, 29, 36, 26, 37, 28]",5,0.2,0.3333333333333333,0.25,0.18154179253735267,1,3,5,1
smd,group1_development,machine-1-4,tranad_official,2,1,5626,5679,"[5, 4, 6, 14, 11, 12, 8, 15, 1, 21, 35, 25, 13, 30, 31, 3, 20, 24, 34, 0, 29, 2, 32, 18, 27, 10, 19, 22, 23, 9, 17, 33, 7, 16, 37, 36, 26, 28]",1,0.0,0.0,0.0,0.0,0,3,1,0
smd,group1_development,machine-1-4,tranad_official,2,1,5626,5679,"[5, 4, 6, 14, 11, 12, 8, 15, 1, 21, 35, 25, 13, 30, 31, 3, 20, 24, 34, 0, 29, 2, 32, 18, 27, 10, 19, 22, 23, 9, 17, 33, 7, 16, 37, 36, 26, 28]",3,0.0,0.0,0.0,0.0,0,3,3,0
smd,group1_development,machine-1-4,tranad_official,2,1,5626,5679,"[5, 4, 6, 14, 11, 12, 8, 15, 1, 21, 35, 25, 13, 30, 31, 3, 20, 24, 34, 0, 29, 2, 32, 18, 27, 10, 19, 22, 23, 9, 17, 33, 7, 16, 37, 36, 26, 28]",5,0.4,0.6666666666666666,0.5,0.38364913903790027,1,3,5,2
smd,group1_development,machine-1-4,tranad_official,2,2,11314,11519,"[5, 4, 29, 6, 3, 22, 2, 14, 11, 21, 19, 24, 25, 0, 1, 12, 8, 32, 23, 15, 13, 27, 31, 20, 35, 10, 30, 18, 34, 7, 17, 16, 9, 36, 37, 28, 33, 26]",1,0.0,0.0,0.0,0.0,0,2,1,0
smd,group1_development,machine-1-4,tranad_official,2,2,11314,11519,"[5, 4, 29, 6, 3, 22, 2, 14, 11, 21, 19, 24, 25, 0, 1, 12, 8, 32, 23, 15, 13, 27, 31, 20, 35, 10, 30, 18, 34, 7, 17, 16, 9, 36, 37, 28, 33, 26]",3,0.0,0.0,0.0,0.0,0,2,3,0
smd,group1_development,machine-1-4,tranad_official,2,2,11314,11519,"[5, 4, 29, 6, 3, 22, 2, 14, 11, 21, 19, 24, 25, 0, 1, 12, 8, 32, 23, 15, 13, 27, 31, 20, 35, 10, 30, 18, 34, 7, 17, 16, 9, 36, 37, 28, 33, 26]",5,0.0,0.0,0.0,0.0,0,2,5,0
smd,group1_development,machine-1-4,tranad_official,2,3,13872,13925,"[5, 4, 6, 29, 14, 11, 12, 8, 15, 23, 13, 25, 32, 22, 10, 1, 27, 17, 31, 34, 7, 19, 2, 18, 33, 20, 24, 9, 0, 26, 30, 35, 3, 37, 16, 21, 36, 28]",1,0.0,0.0,0.0,0.0,0,14,1,0
smd,group1_development,machine-1-4,tranad_official,2,3,13872,13925,"[5, 4, 6, 29, 14, 11, 12, 8, 15, 23, 13, 25, 32, 22, 10, 1, 27, 17, 31, 34, 7, 19, 2, 18, 33, 20, 24, 9, 0, 26, 30, 35, 3, 37, 16, 21, 36, 28]",3,0.0,0.0,0.0,0.0,0,14,3,0
smd,group1_development,machine-1-4,tranad_official,2,3,13872,13925,"[5, 4, 6, 29, 14, 11, 12, 8, 15, 23, 13, 25, 32, 22, 10, 1, 27, 17, 31, 34, 7, 19, 2, 18, 33, 20, 24, 9, 0, 26, 30, 35, 3, 37, 16, 21, 36, 28]",5,0.0,0.0,0.0,0.0,0,14,5,0
smd,group1_development,machine-1-4,tranad_official,2,4,13355,13376,"[5, 4, 29, 2, 23, 1, 6, 19, 3, 0, 22, 25, 21, 32, 24, 35, 13, 31, 20, 18, 27, 34, 30, 7, 16, 17, 10, 8, 36, 9, 14, 37, 11, 12, 15, 33, 28, 26]",1,0.0,0.0,0.0,0.0,0,3,1,0
smd,group1_development,machine-1-4,tranad_official,2,4,13355,13376,"[5, 4, 29, 2, 23, 1, 6, 19, 3, 0, 22, 25, 21, 32, 24, 35, 13, 31, 20, 18, 27, 34, 30, 7, 16, 17, 10, 8, 36, 9, 14, 37, 11, 12, 15, 33, 28, 26]",3,0.0,0.0,0.0,0.0,0,3,3,0
smd,group1_development,machine-1-4,tranad_official,2,4,13355,13376,"[5, 4, 29, 2, 23, 1, 6, 19, 3, 0, 22, 25, 21, 32, 24, 35, 13, 31, 20, 18, 27, 34, 30, 7, 16, 17, 10, 8, 36, 9, 14, 37, 11, 12, 15, 33, 28, 26]",5,0.0,0.0,0.0,0.0,0,3,5,0
smd,group1_development,machine-1-4,tranad_official,2,5,16240,16261,"[5, 4, 6, 2, 29, 19, 3, 1, 22, 23, 0, 24, 35, 21, 32, 13, 31, 34, 25, 27, 18, 20, 16, 7, 30, 10, 17, 36, 33, 8, 12, 14, 11, 37, 15, 28, 9, 26]",1,0.0,0.0,0.0,0.0,0,14,1,0
smd,group1_development,machine-1-4,tranad_official,2,5,16240,16261,"[5, 4, 6, 2, 29, 19, 3, 1, 22, 23, 0, 24, 35, 21, 32, 13, 31, 34, 25, 27, 18, 20, 16, 7, 30, 10, 17, 36, 33, 8, 12, 14, 11, 37, 15, 28, 9, 26]",3,0.0,0.0,0.0,0.0,0,14,3,0
smd,group1_development,machine-1-4,tranad_official,2,5,16240,16261,"[5, 4, 6, 2, 29, 19, 3, 1, 22, 23, 0, 24, 35, 21, 32, 13, 31, 34, 25, 27, 18, 20, 16, 7, 30, 10, 17, 36, 33, 8, 12, 14, 11, 37, 15, 28, 9, 26]",5,0.0,0.0,0.0,0.0,0,14,5,0
smd,group1_development,machine-1-4,tranad_official,2,6,17060,17197,"[5, 4, 6, 29, 14, 11, 12, 8, 15, 22, 32, 13, 21, 1, 23, 3, 19, 30, 20, 35, 10, 34, 0, 18, 33, 31, 27, 24, 25, 2, 17, 7, 16, 26, 9, 37, 36, 28]",1,0.0,0.0,0.0,0.0,0,2,1,0
smd,group1_development,machine-1-4,tranad_official,2,6,17060,17197,"[5, 4, 6, 29, 14, 11, 12, 8, 15, 22, 32, 13, 21, 1, 23, 3, 19, 30, 20, 35, 10, 34, 0, 18, 33, 31, 27, 24, 25, 2, 17, 7, 16, 26, 9, 37, 36, 28]",3,0.0,0.0,0.0,0.0,0,2,3,0
smd,group1_development,machine-1-4,tranad_official,2,6,17060,17197,"[5, 4, 6, 29, 14, 11, 12, 8, 15, 22, 32, 13, 21, 1, 23, 3, 19, 30, 20, 35, 10, 34, 0, 18, 33, 31, 27, 24, 25, 2, 17, 7, 16, 26, 9, 37, 36, 28]",5,0.2,0.5,0.28571428571428575,0.23719771276929622,1,2,5,1
smd,group1_development,machine-1-4,tranad_official,2,7,17630,17718,"[5, 29, 4, 32, 6, 33, 35, 23, 21, 34, 20, 31, 3, 22, 18, 30, 1, 0, 25, 24, 2, 19, 14, 13, 11, 27, 12, 8, 15, 10, 7, 17, 16, 36, 37, 28, 9, 26]",1,0.0,0.0,0.0,0.0,0,5,1,0
smd,group1_development,machine-1-4,tranad_official,2,7,17630,17718,"[5, 29, 4, 32, 6, 33, 35, 23, 21, 34, 20, 31, 3, 22, 18, 30, 1, 0, 25, 24, 2, 19, 14, 13, 11, 27, 12, 8, 15, 10, 7, 17, 16, 36, 37, 28, 9, 26]",3,0.3333333333333333,0.2,0.25,0.2960819109658652,1,5,3,1
smd,group1_development,machine-1-4,tranad_official,2,7,17630,17718,"[5, 29, 4, 32, 6, 33, 35, 23, 21, 34, 20, 31, 3, 22, 18, 30, 1, 0, 25, 24, 2, 19, 14, 13, 11, 27, 12, 8, 15, 10, 7, 17, 16, 36, 37, 28, 9, 26]",5,0.4,0.4,0.4000000000000001,0.36005461457723403,1,5,5,2
smd,group1_development,machine-1-4,tranad_official,2,8,18460,18481,"[5, 4, 6, 29, 19, 22, 0, 23, 21, 32, 20, 13, 3, 25, 18, 30, 2, 1, 27, 10, 31, 35, 34, 24, 33, 17, 12, 7, 11, 8, 14, 16, 15, 36, 9, 26, 37, 28]",1,0.0,0.0,0.0,0.0,0,14,1,0
smd,group1_development,machine-1-4,tranad_official,2,8,18460,18481,"[5, 4, 6, 29, 19, 22, 0, 23, 21, 32, 20, 13, 3, 25, 18, 30, 2, 1, 27, 10, 31, 35, 34, 24, 33, 17, 12, 7, 11, 8, 14, 16, 15, 36, 9, 26, 37, 28]",3,0.0,0.0,0.0,0.0,0,14,3,0
smd,group1_development,machine-1-4,tranad_official,2,8,18460,18481,"[5, 4, 6, 29, 19, 22, 0, 23, 21, 32, 20, 13, 3, 25, 18, 30, 2, 1, 27, 10, 31, 35, 34, 24, 33, 17, 12, 7, 11, 8, 14, 16, 15, 36, 9, 26, 37, 28]",5,0.2,0.07142857142857142,0.10526315789473682,0.13120507751234178,1,14,5,1
smd,group1_development,machine-1-4,tranad_official,2,9,20193,20233,"[5, 4, 6, 29, 14, 11, 12, 8, 15, 19, 22, 23, 21, 30, 20, 32, 18, 3, 34, 13, 27, 35, 25, 1, 31, 0, 2, 10, 33, 24, 17, 7, 16, 37, 36, 28, 26, 9]",1,0.0,0.0,0.0,0.0,0,2,1,0
smd,group1_development,machine-1-4,tranad_official,2,9,20193,20233,"[5, 4, 6, 29, 14, 11, 12, 8, 15, 19, 22, 23, 21, 30, 20, 32, 18, 3, 34, 13, 27, 35, 25, 1, 31, 0, 2, 10, 33, 24, 17, 7, 16, 37, 36, 28, 26, 9]",3,0.0,0.0,0.0,0.0,0,2,3,0
smd,group1_development,machine-1-4,tranad_official,2,9,20193,20233,"[5, 4, 6, 29, 14, 11, 12, 8, 15, 19, 22, 23, 21, 30, 20, 32, 18, 3, 34, 13, 27, 35, 25, 1, 31, 0, 2, 10, 33, 24, 17, 7, 16, 37, 36, 28, 26, 9]",5,0.2,0.5,0.28571428571428575,0.23719771276929622,1,2,5,1
smd,group1_development,machine-1-4,tranad_official,2,10,22970,23016,"[16, 28, 17, 4, 2, 3, 1, 10, 8, 12, 9, 13, 6, 15, 5, 0, 14, 25, 23, 11, 35, 29, 34, 24, 18, 32, 33, 22, 26, 20, 31, 19, 21, 27, 30, 7, 37, 36]",1,1.0,0.029411764705882353,0.05714285714285715,1.0,1,34,1,1
smd,group1_development,machine-1-4,tranad_official,2,10,22970,23016,"[16, 28, 17, 4, 2, 3, 1, 10, 8, 12, 9, 13, 6, 15, 5, 0, 14, 25, 23, 11, 35, 29, 34, 24, 18, 32, 33, 22, 26, 20, 31, 19, 21, 27, 30, 7, 37, 36]",3,1.0,0.08823529411764706,0.1621621621621622,1.0,1,34,3,3
smd,group1_development,machine-1-4,tranad_official,2,10,22970,23016,"[16, 28, 17, 4, 2, 3, 1, 10, 8, 12, 9, 13, 6, 15, 5, 0, 14, 25, 23, 11, 35, 29, 34, 24, 18, 32, 33, 22, 26, 20, 31, 19, 21, 27, 30, 7, 37, 36]",5,1.0,0.14705882352941177,0.25641025641025644,1.0,1,34,5,5
smd,group1_development,machine-1-4,tranad_official,2,11,23218,23221,"[16, 4, 5, 10, 6, 9, 23, 29, 35, 12, 11, 25, 32, 33, 18, 31, 22, 13, 34, 21, 27, 19, 30, 0, 24, 1, 3, 20, 14, 8, 2, 15, 7, 17, 26, 28, 36, 37]",1,1.0,0.5,0.6666666666666666,1.0,1,2,1,1
smd,group1_development,machine-1-4,tranad_official,2,11,23218,23221,"[16, 4, 5, 10, 6, 9, 23, 29, 35, 12, 11, 25, 32, 33, 18, 31, 22, 13, 34, 21, 27, 19, 30, 0, 24, 1, 3, 20, 14, 8, 2, 15, 7, 17, 26, 28, 36, 37]",3,0.3333333333333333,0.5,0.4,0.6131471927654584,1,2,3,1
smd,group1_development,machine-1-4,tranad_official,2,11,23218,23221,"[16, 4, 5, 10, 6, 9, 23, 29, 35, 12, 11, 25, 32, 33, 18, 31, 22, 13, 34, 21, 27, 19, 30, 0, 24, 1, 3, 20, 14, 8, 2, 15, 7, 17, 26, 28, 36, 37]",5,0.2,0.5,0.28571428571428575,0.6131471927654584,1,2,5,1
smd,group1_development,machine-1-5,tranad_official,0,0,10620,10637,"[1, 2, 3, 0, 25, 23, 31, 33, 9, 24, 22, 5, 19, 15, 4, 36, 27, 11, 37, 13, 30, 35, 7, 6, 28, 14, 8, 29, 32, 12, 17, 10, 34, 21, 20, 18, 16, 26]",1,1.0,0.125,0.2222222222222222,1.0,1,8,1,1
smd,group1_development,machine-1-5,tranad_official,0,0,10620,10637,"[1, 2, 3, 0, 25, 23, 31, 33, 9, 24, 22, 5, 19, 15, 4, 36, 27, 11, 37, 13, 30, 35, 7, 6, 28, 14, 8, 29, 32, 12, 17, 10, 34, 21, 20, 18, 16, 26]",3,1.0,0.375,0.5454545454545454,1.0,1,8,3,3
smd,group1_development,machine-1-5,tranad_official,0,0,10620,10637,"[1, 2, 3, 0, 25, 23, 31, 33, 9, 24, 22, 5, 19, 15, 4, 36, 27, 11, 37, 13, 30, 35, 7, 6, 28, 14, 8, 29, 32, 12, 17, 10, 34, 21, 20, 18, 16, 26]",5,1.0,0.625,0.7692307692307693,1.0,1,8,5,5
smd,group1_development,machine-1-5,tranad_official,0,1,11785,11816,"[25, 23, 31, 0, 15, 13, 3, 8, 2, 1, 5, 6, 14, 21, 20, 27, 35, 29, 30, 22, 24, 12, 34, 19, 11, 18, 33, 32, 4, 9, 28, 16, 7, 26, 17, 10, 36, 37]",1,1.0,0.1,0.18181818181818182,1.0,1,10,1,1
smd,group1_development,machine-1-5,tranad_official,0,1,11785,11816,"[25, 23, 31, 0, 15, 13, 3, 8, 2, 1, 5, 6, 14, 21, 20, 27, 35, 29, 30, 22, 24, 12, 34, 19, 11, 18, 33, 32, 4, 9, 28, 16, 7, 26, 17, 10, 36, 37]",3,1.0,0.3,0.4615384615384615,1.0,1,10,3,3
smd,group1_development,machine-1-5,tranad_official,0,1,11785,11816,"[25, 23, 31, 0, 15, 13, 3, 8, 2, 1, 5, 6, 14, 21, 20, 27, 35, 29, 30, 22, 24, 12, 34, 19, 11, 18, 33, 32, 4, 9, 28, 16, 7, 26, 17, 10, 36, 37]",5,0.6,0.3,0.4,0.7227265726449519,1,10,5,3
smd,group1_development,machine-1-5,tranad_official,0,2,12765,12786,"[1, 2, 3, 0, 6, 23, 31, 25, 36, 33, 9, 28, 7, 4, 8, 37, 13, 11, 14, 15, 5, 19, 17, 24, 21, 34, 22, 30, 18, 20, 27, 29, 12, 10, 32, 35, 16, 26]",1,1.0,0.07142857142857142,0.13333333333333333,1.0,1,14,1,1
smd,group1_development,machine-1-5,tranad_official,0,2,12765,12786,"[1, 2, 3, 0, 6, 23, 31, 25, 36, 33, 9, 28, 7, 4, 8, 37, 13, 11, 14, 15, 5, 19, 17, 24, 21, 34, 22, 30, 18, 20, 27, 29, 12, 10, 32, 35, 16, 26]",3,1.0,0.21428571428571427,0.35294117647058826,1.0,1,14,3,3
smd,group1_development,machine-1-5,tranad_official,0,2,12765,12786,"[1, 2, 3, 0, 6, 23, 31, 25, 36, 33, 9, 28, 7, 4, 8, 37, 13, 11, 14, 15, 5, 19, 17, 24, 21, 34, 22, 30, 18, 20, 27, 29, 12, 10, 32, 35, 16, 26]",5,1.0,0.35714285714285715,0.5263157894736842,1.0,1,14,5,5
smd,group1_development,machine-1-5,tranad_official,0,3,14068,14072,"[19, 21, 18, 20, 0, 1, 27, 31, 9, 6, 2, 25, 34, 23, 8, 3, 29, 5, 35, 24, 30, 22, 10, 26, 13, 11, 7, 4, 15, 14, 16, 37, 33, 17, 36, 12, 28, 32]",1,1.0,0.16666666666666666,0.2857142857142857,1.0,1,6,1,1
smd,group1_development,machine-1-5,tranad_official,0,3,14068,14072,"[19, 21, 18, 20, 0, 1, 27, 31, 9, 6, 2, 25, 34, 23, 8, 3, 29, 5, 35, 24, 30, 22, 10, 26, 13, 11, 7, 4, 15, 14, 16, 37, 33, 17, 36, 12, 28, 32]",3,1.0,0.5,0.6666666666666666,1.0,1,6,3,3
smd,group1_development,machine-1-5,tranad_official,0,3,14068,14072,"[19, 21, 18, 20, 0, 1, 27, 31, 9, 6, 2, 25, 34, 23, 8, 3, 29, 5, 35, 24, 30, 22, 10, 26, 13, 11, 7, 4, 15, 14, 16, 37, 33, 17, 36, 12, 28, 32]",5,0.8,0.6666666666666666,0.7272727272727272,0.8687949224876582,1,6,5,4
smd,group1_development,machine-1-5,tranad_official,0,4,14520,14531,"[1, 2, 3, 0, 9, 6, 10, 23, 25, 31, 36, 28, 7, 8, 33, 37, 14, 5, 11, 4, 12, 18, 19, 13, 32, 17, 24, 15, 20, 22, 29, 30, 27, 21, 34, 26, 35, 16]",1,1.0,0.05555555555555555,0.10526315789473684,1.0,1,18,1,1
smd,group1_development,machine-1-5,tranad_official,0,4,14520,14531,"[1, 2, 3, 0, 9, 6, 10, 23, 25, 31, 36, 28, 7, 8, 33, 37, 14, 5, 11, 4, 12, 18, 19, 13, 32, 17, 24, 15, 20, 22, 29, 30, 27, 21, 34, 26, 35, 16]",3,1.0,0.16666666666666666,0.2857142857142857,1.0,1,18,3,3
smd,group1_development,machine-1-5,tranad_official,0,4,14520,14531,"[1, 2, 3, 0, 9, 6, 10, 23, 25, 31, 36, 28, 7, 8, 33, 37, 14, 5, 11, 4, 12, 18, 19, 13, 32, 17, 24, 15, 20, 22, 29, 30, 27, 21, 34, 26, 35, 16]",5,1.0,0.2777777777777778,0.4347826086956522,1.0,1,18,5,5
smd,group1_development,machine-1-5,tranad_official,0,5,21287,21298,"[1, 2, 3, 0, 6, 31, 25, 36, 23, 4, 28, 37, 24, 5, 33, 8, 14, 22, 19, 11, 15, 35, 9, 32, 27, 18, 12, 7, 30, 13, 17, 29, 16, 26, 10, 21, 20, 34]",1,1.0,0.125,0.2222222222222222,1.0,1,8,1,1
smd,group1_development,machine-1-5,tranad_official,0,5,21287,21298,"[1, 2, 3, 0, 6, 31, 25, 36, 23, 4, 28, 37, 24, 5, 33, 8, 14, 22, 19, 11, 15, 35, 9, 32, 27, 18, 12, 7, 30, 13, 17, 29, 16, 26, 10, 21, 20, 34]",3,1.0,0.375,0.5454545454545454,1.0,1,8,3,3
smd,group1_development,machine-1-5,tranad_official,0,5,21287,21298,"[1, 2, 3, 0, 6, 31, 25, 36, 23, 4, 28, 37, 24, 5, 33, 8, 14, 22, 19, 11, 15, 35, 9, 32, 27, 18, 12, 7, 30, 13, 17, 29, 16, 26, 10, 21, 20, 34]",5,1.0,0.625,0.7692307692307693,1.0,1,8,5,5
smd,group1_development,machine-1-5,tranad_official,0,6,22072,22077,"[18, 19, 20, 0, 1, 34, 6, 23, 25, 22, 31, 35, 21, 27, 15, 13, 2, 33, 3, 7, 29, 24, 8, 14, 30, 37, 11, 16, 17, 36, 4, 5, 10, 9, 26, 32, 28, 12]",1,1.0,0.125,0.2222222222222222,1.0,1,8,1,1
smd,group1_development,machine-1-5,tranad_official,0,6,22072,22077,"[18, 19, 20, 0, 1, 34, 6, 23, 25, 22, 31, 35, 21, 27, 15, 13, 2, 33, 3, 7, 29, 24, 8, 14, 30, 37, 11, 16, 17, 36, 4, 5, 10, 9, 26, 32, 28, 12]",3,1.0,0.375,0.5454545454545454,1.0,1,8,3,3
smd,group1_development,machine-1-5,tranad_official,0,6,22072,22077,"[18, 19, 20, 0, 1, 34, 6, 23, 25, 22, 31, 35, 21, 27, 15, 13, 2, 33, 3, 7, 29, 24, 8, 14, 30, 37, 11, 16, 17, 36, 4, 5, 10, 9, 26, 32, 28, 12]",5,0.6,0.375,0.4615384615384615,0.7227265726449519,1,8,5,3
smd,group1_development,machine-1-5,tranad_official,1,0,10620,10637,"[1, 2, 3, 0, 23, 25, 31, 5, 20, 6, 21, 15, 26, 18, 13, 34, 35, 37, 29, 27, 30, 19, 22, 14, 8, 24, 11, 33, 12, 28, 9, 7, 16, 36, 10, 32, 17, 4]",1,1.0,0.125,0.2222222222222222,1.0,1,8,1,1
smd,group1_development,machine-1-5,tranad_official,1,0,10620,10637,"[1, 2, 3, 0, 23, 25, 31, 5, 20, 6, 21, 15, 26, 18, 13, 34, 35, 37, 29, 27, 30, 19, 22, 14, 8, 24, 11, 33, 12, 28, 9, 7, 16, 36, 10, 32, 17, 4]",3,1.0,0.375,0.5454545454545454,1.0,1,8,3,3
smd,group1_development,machine-1-5,tranad_official,1,0,10620,10637,"[1, 2, 3, 0, 23, 25, 31, 5, 20, 6, 21, 15, 26, 18, 13, 34, 35, 37, 29, 27, 30, 19, 22, 14, 8, 24, 11, 33, 12, 28, 9, 7, 16, 36, 10, 32, 17, 4]",5,1.0,0.625,0.7692307692307693,1.0,1,8,5,5
smd,group1_development,machine-1-5,tranad_official,1,1,11785,11816,"[25, 23, 31, 0, 27, 6, 5, 13, 15, 3, 2, 8, 1, 29, 21, 14, 34, 30, 18, 20, 35, 22, 19, 24, 12, 11, 33, 32, 28, 16, 36, 9, 7, 10, 37, 26, 4, 17]",1,1.0,0.1,0.18181818181818182,1.0,1,10,1,1
smd,group1_development,machine-1-5,tranad_official,1,1,11785,11816,"[25, 23, 31, 0, 27, 6, 5, 13, 15, 3, 2, 8, 1, 29, 21, 14, 34, 30, 18, 20, 35, 22, 19, 24, 12, 11, 33, 32, 28, 16, 36, 9, 7, 10, 37, 26, 4, 17]",3,1.0,0.3,0.4615384615384615,1.0,1,10,3,3
smd,group1_development,machine-1-5,tranad_official,1,1,11785,11816,"[25, 23, 31, 0, 27, 6, 5, 13, 15, 3, 2, 8, 1, 29, 21, 14, 34, 30, 18, 20, 35, 22, 19, 24, 12, 11, 33, 32, 28, 16, 36, 9, 7, 10, 37, 26, 4, 17]",5,0.8,0.4,0.5333333333333333,0.8539316501572937,1,10,5,4
smd,group1_development,machine-1-5,tranad_official,1,2,12765,12786,"[1, 2, 3, 0, 6, 25, 31, 23, 34, 18, 22, 35, 27, 30, 5, 20, 21, 24, 15, 13, 19, 14, 8, 29, 11, 33, 32, 16, 36, 17, 4, 28, 10, 12, 26, 37, 9, 7]",1,1.0,0.07142857142857142,0.13333333333333333,1.0,1,14,1,1
smd,group1_development,machine-1-5,tranad_official,1,2,12765,12786,"[1, 2, 3, 0, 6, 25, 31, 23, 34, 18, 22, 35, 27, 30, 5, 20, 21, 24, 15, 13, 19, 14, 8, 29, 11, 33, 32, 16, 36, 17, 4, 28, 10, 12, 26, 37, 9, 7]",3,1.0,0.21428571428571427,0.35294117647058826,1.0,1,14,3,3
smd,group1_development,machine-1-5,tranad_official,1,2,12765,12786,"[1, 2, 3, 0, 6, 25, 31, 23, 34, 18, 22, 35, 27, 30, 5, 20, 21, 24, 15, 13, 19, 14, 8, 29, 11, 33, 32, 16, 36, 17, 4, 28, 10, 12, 26, 37, 9, 7]",5,1.0,0.35714285714285715,0.5263157894736842,1.0,1,14,5,5
smd,group1_development,machine-1-5,tranad_official,1,3,14068,14072,"[19, 21, 18, 32, 0, 35, 22, 13, 20, 24, 4, 9, 27, 14, 34, 1, 31, 30, 6, 15, 5, 3, 25, 2, 29, 23, 37, 11, 10, 33, 36, 17, 12, 8, 26, 16, 28, 7]",1,1.0,0.16666666666666666,0.2857142857142857,1.0,1,6,1,1
smd,group1_development,machine-1-5,tranad_official,1,3,14068,14072,"[19, 21, 18, 32, 0, 35, 22, 13, 20, 24, 4, 9, 27, 14, 34, 1, 31, 30, 6, 15, 5, 3, 25, 2, 29, 23, 37, 11, 10, 33, 36, 17, 12, 8, 26, 16, 28, 7]",3,1.0,0.5,0.6666666666666666,1.0,1,6,3,3
smd,group1_development,machine-1-5,tranad_official,1,3,14068,14072,"[19, 21, 18, 32, 0, 35, 22, 13, 20, 24, 4, 9, 27, 14, 34, 1, 31, 30, 6, 15, 5, 3, 25, 2, 29, 23, 37, 11, 10, 33, 36, 17, 12, 8, 26, 16, 28, 7]",5,0.6,0.5,0.5454545454545454,0.7227265726449519,1,6,5,3
smd,group1_development,machine-1-5,tranad_official,1,4,14520,14531,"[1, 2, 3, 0, 9, 6, 23, 25, 10, 31, 5, 12, 34, 18, 35, 20, 27, 21, 30, 22, 15, 26, 24, 8, 19, 14, 13, 29, 11, 33, 32, 16, 4, 36, 17, 28, 37, 7]",1,1.0,0.05555555555555555,0.10526315789473684,1.0,1,18,1,1
smd,group1_development,machine-1-5,tranad_official,1,4,14520,14531,"[1, 2, 3, 0, 9, 6, 23, 25, 10, 31, 5, 12, 34, 18, 35, 20, 27, 21, 30, 22, 15, 26, 24, 8, 19, 14, 13, 29, 11, 33, 32, 16, 4, 36, 17, 28, 37, 7]",3,1.0,0.16666666666666666,0.2857142857142857,1.0,1,18,3,3
smd,group1_development,machine-1-5,tranad_official,1,4,14520,14531,"[1, 2, 3, 0, 9, 6, 23, 25, 10, 31, 5, 12, 34, 18, 35, 20, 27, 21, 30, 22, 15, 26, 24, 8, 19, 14, 13, 29, 11, 33, 32, 16, 4, 36, 17, 28, 37, 7]",5,1.0,0.2777777777777778,0.4347826086956522,1.0,1,18,5,5
smd,group1_development,machine-1-5,tranad_official,1,5,21287,21298,"[1, 2, 3, 0, 6, 25, 23, 31, 5, 18, 21, 20, 26, 13, 15, 8, 29, 27, 30, 19, 11, 34, 35, 22, 33, 24, 32, 14, 9, 12, 10, 28, 7, 36, 16, 37, 17, 4]",1,1.0,0.125,0.2222222222222222,1.0,1,8,1,1
smd,group1_development,machine-1-5,tranad_official,1,5,21287,21298,"[1, 2, 3, 0, 6, 25, 23, 31, 5, 18, 21, 20, 26, 13, 15, 8, 29, 27, 30, 19, 11, 34, 35, 22, 33, 24, 32, 14, 9, 12, 10, 28, 7, 36, 16, 37, 17, 4]",3,1.0,0.375,0.5454545454545454,1.0,1,8,3,3
smd,group1_development,machine-1-5,tranad_official,1,5,21287,21298,"[1, 2, 3, 0, 6, 25, 23, 31, 5, 18, 21, 20, 26, 13, 15, 8, 29, 27, 30, 19, 11, 34, 35, 22, 33, 24, 32, 14, 9, 12, 10, 28, 7, 36, 16, 37, 17, 4]",5,1.0,0.625,0.7692307692307693,1.0,1,8,5,5
smd,group1_development,machine-1-5,tranad_official,1,6,22072,22077,"[18, 0, 19, 20, 21, 25, 27, 23, 35, 2, 31, 34, 15, 30, 5, 13, 1, 24, 22, 3, 6, 8, 14, 29, 11, 4, 32, 36, 33, 26, 10, 17, 16, 9, 12, 37, 28, 7]",1,1.0,0.125,0.2222222222222222,1.0,1,8,1,1
smd,group1_development,machine-1-5,tranad_official,1,6,22072,22077,"[18, 0, 19, 20, 21, 25, 27, 23, 35, 2, 31, 34, 15, 30, 5, 13, 1, 24, 22, 3, 6, 8, 14, 29, 11, 4, 32, 36, 33, 26, 10, 17, 16, 9, 12, 37, 28, 7]",3,0.6666666666666666,0.25,0.36363636363636365,0.7039180890341347,1,8,3,2
smd,group1_development,machine-1-5,tranad_official,1,6,22072,22077,"[18, 0, 19, 20, 21, 25, 27, 23, 35, 2, 31, 34, 15, 30, 5, 13, 1, 24, 22, 3, 6, 8, 14, 29, 11, 4, 32, 36, 33, 26, 10, 17, 16, 9, 12, 37, 28, 7]",5,0.8,0.5,0.6153846153846154,0.7860137352654724,1,8,5,4
smd,group1_development,machine-1-5,tranad_official,2,0,10620,10637,"[1, 2, 3, 0, 23, 25, 31, 37, 28, 30, 6, 15, 21, 27, 18, 9, 13, 7, 35, 22, 16, 33, 17, 32, 8, 4, 20, 12, 29, 34, 11, 19, 5, 14, 24, 10, 26, 36]",1,1.0,0.125,0.2222222222222222,1.0,1,8,1,1
smd,group1_development,machine-1-5,tranad_official,2,0,10620,10637,"[1, 2, 3, 0, 23, 25, 31, 37, 28, 30, 6, 15, 21, 27, 18, 9, 13, 7, 35, 22, 16, 33, 17, 32, 8, 4, 20, 12, 29, 34, 11, 19, 5, 14, 24, 10, 26, 36]",3,1.0,0.375,0.5454545454545454,1.0,1,8,3,3
smd,group1_development,machine-1-5,tranad_official,2,0,10620,10637,"[1, 2, 3, 0, 23, 25, 31, 37, 28, 30, 6, 15, 21, 27, 18, 9, 13, 7, 35, 22, 16, 33, 17, 32, 8, 4, 20, 12, 29, 34, 11, 19, 5, 14, 24, 10, 26, 36]",5,1.0,0.625,0.7692307692307693,1.0,1,8,5,5
smd,group1_development,machine-1-5,tranad_official,2,1,11785,11816,"[25, 23, 31, 35, 20, 11, 17, 15, 13, 24, 34, 1, 2, 8, 3, 0, 6, 22, 18, 27, 14, 30, 29, 19, 21, 32, 12, 5, 33, 10, 37, 28, 7, 36, 4, 9, 16, 26]",1,1.0,0.1,0.18181818181818182,1.0,1,10,1,1
smd,group1_development,machine-1-5,tranad_official,2,1,11785,11816,"[25, 23, 31, 35, 20, 11, 17, 15, 13, 24, 34, 1, 2, 8, 3, 0, 6, 22, 18, 27, 14, 30, 29, 19, 21, 32, 12, 5, 33, 10, 37, 28, 7, 36, 4, 9, 16, 26]",3,1.0,0.3,0.4615384615384615,1.0,1,10,3,3
smd,group1_development,machine-1-5,tranad_official,2,1,11785,11816,"[25, 23, 31, 35, 20, 11, 17, 15, 13, 24, 34, 1, 2, 8, 3, 0, 6, 22, 18, 27, 14, 30, 29, 19, 21, 32, 12, 5, 33, 10, 37, 28, 7, 36, 4, 9, 16, 26]",5,0.8,0.4,0.5333333333333333,0.8687949224876582,1,10,5,4
smd,group1_development,machine-1-5,tranad_official,2,2,12765,12786,"[1, 2, 3, 0, 6, 23, 25, 31, 28, 37, 7, 22, 34, 15, 9, 4, 20, 13, 24, 35, 21, 16, 27, 18, 30, 11, 19, 10, 12, 5, 33, 8, 32, 29, 17, 14, 36, 26]",1,1.0,0.07142857142857142,0.13333333333333333,1.0,1,14,1,1
smd,group1_development,machine-1-5,tranad_official,2,2,12765,12786,"[1, 2, 3, 0, 6, 23, 25, 31, 28, 37, 7, 22, 34, 15, 9, 4, 20, 13, 24, 35, 21, 16, 27, 18, 30, 11, 19, 10, 12, 5, 33, 8, 32, 29, 17, 14, 36, 26]",3,1.0,0.21428571428571427,0.35294117647058826,1.0,1,14,3,3
smd,group1_development,machine-1-5,tranad_official,2,2,12765,12786,"[1, 2, 3, 0, 6, 23, 25, 31, 28, 37, 7, 22, 34, 15, 9, 4, 20, 13, 24, 35, 21, 16, 27, 18, 30, 11, 19, 10, 12, 5, 33, 8, 32, 29, 17, 14, 36, 26]",5,1.0,0.35714285714285715,0.5263157894736842,1.0,1,14,5,5
smd,group1_development,machine-1-5,tranad_official,2,3,14068,14072,"[19, 21, 0, 18, 27, 20, 23, 13, 9, 30, 31, 1, 22, 35, 2, 25, 5, 16, 7, 36, 6, 3, 24, 34, 29, 15, 11, 10, 17, 33, 8, 12, 14, 37, 4, 28, 32, 26]",1,1.0,0.16666666666666666,0.2857142857142857,1.0,1,6,1,1
smd,group1_development,machine-1-5,tranad_official,2,3,14068,14072,"[19, 21, 0, 18, 27, 20, 23, 13, 9, 30, 31, 1, 22, 35, 2, 25, 5, 16, 7, 36, 6, 3, 24, 34, 29, 15, 11, 10, 17, 33, 8, 12, 14, 37, 4, 28, 32, 26]",3,0.6666666666666666,0.3333333333333333,0.4444444444444444,0.7653606369886217,1,6,3,2
smd,group1_development,machine-1-5,tranad_official,2,3,14068,14072,"[19, 21, 0, 18, 27, 20, 23, 13, 9, 30, 31, 1, 22, 35, 2, 25, 5, 16, 7, 36, 6, 3, 24, 34, 29, 15, 11, 10, 17, 33, 8, 12, 14, 37, 4, 28, 32, 26]",5,0.8,0.6666666666666666,0.7272727272727272,0.830419897363192,1,6,5,4
smd,group1_development,machine-1-5,tranad_official,2,4,14520,14531,"[1, 2, 3, 0, 9, 6, 25, 23, 10, 31, 37, 7, 13, 34, 28, 12, 15, 22, 18, 21, 30, 20, 35, 27, 33, 8, 16, 24, 19, 32, 17, 5, 29, 11, 14, 36, 4, 26]",1,1.0,0.05555555555555555,0.10526315789473684,1.0,1,18,1,1
smd,group1_development,machine-1-5,tranad_official,2,4,14520,14531,"[1, 2, 3, 0, 9, 6, 25, 23, 10, 31, 37, 7, 13, 34, 28, 12, 15, 22, 18, 21, 30, 20, 35, 27, 33, 8, 16, 24, 19, 32, 17, 5, 29, 11, 14, 36, 4, 26]",3,1.0,0.16666666666666666,0.2857142857142857,1.0,1,18,3,3
smd,group1_development,machine-1-5,tranad_official,2,4,14520,14531,"[1, 2, 3, 0, 9, 6, 25, 23, 10, 31, 37, 7, 13, 34, 28, 12, 15, 22, 18, 21, 30, 20, 35, 27, 33, 8, 16, 24, 19, 32, 17, 5, 29, 11, 14, 36, 4, 26]",5,1.0,0.2777777777777778,0.4347826086956522,1.0,1,18,5,5
smd,group1_development,machine-1-5,tranad_official,2,5,21287,21298,"[1, 2, 3, 0, 6, 23, 25, 31, 37, 15, 30, 28, 7, 27, 21, 13, 18, 9, 22, 33, 16, 35, 8, 17, 5, 26, 32, 19, 29, 20, 34, 11, 24, 4, 14, 12, 10, 36]",1,1.0,0.125,0.2222222222222222,1.0,1,8,1,1
smd,group1_development,machine-1-5,tranad_official,2,5,21287,21298,"[1, 2, 3, 0, 6, 23, 25, 31, 37, 15, 30, 28, 7, 27, 21, 13, 18, 9, 22, 33, 16, 35, 8, 17, 5, 26, 32, 19, 29, 20, 34, 11, 24, 4, 14, 12, 10, 36]",3,1.0,0.375,0.5454545454545454,1.0,1,8,3,3
smd,group1_development,machine-1-5,tranad_official,2,5,21287,21298,"[1, 2, 3, 0, 6, 23, 25, 31, 37, 15, 30, 28, 7, 27, 21, 13, 18, 9, 22, 33, 16, 35, 8, 17, 5, 26, 32, 19, 29, 20, 34, 11, 24, 4, 14, 12, 10, 36]",5,1.0,0.625,0.7692307692307693,1.0,1,8,5,5
smd,group1_development,machine-1-5,tranad_official,2,6,22072,22077,"[18, 19, 0, 25, 23, 24, 35, 20, 31, 34, 22, 1, 6, 13, 15, 21, 27, 30, 2, 3, 8, 29, 14, 11, 28, 5, 37, 7, 16, 4, 17, 36, 9, 10, 12, 32, 33, 26]",1,1.0,0.125,0.2222222222222222,1.0,1,8,1,1
smd,group1_development,machine-1-5,tranad_official,2,6,22072,22077,"[18, 19, 0, 25, 23, 24, 35, 20, 31, 34, 22, 1, 6, 13, 15, 21, 27, 30, 2, 3, 8, 29, 14, 11, 28, 5, 37, 7, 16, 4, 17, 36, 9, 10, 12, 32, 33, 26]",3,0.6666666666666666,0.25,0.36363636363636365,0.7653606369886217,1,8,3,2
smd,group1_development,machine-1-5,tranad_official,2,6,22072,22077,"[18, 19, 0, 25, 23, 24, 35, 20, 31, 34, 22, 1, 6, 13, 15, 21, 27, 30, 2, 3, 8, 29, 14, 11, 28, 5, 37, 7, 16, 4, 17, 36, 9, 10, 12, 32, 33, 26]",5,0.8,0.5,0.6153846153846154,0.830419897363192,1,8,5,4
smd,group1_development,machine-1-6,tranad_official,0,0,246,252,"[9, 12, 10, 6, 11, 0, 8, 5, 14, 31, 18, 35, 23, 2, 4, 24, 22, 1, 30, 3, 20, 7, 21, 19, 32, 34, 37, 26, 27, 13, 36, 15, 28, 16, 25, 29, 33, 17]",1,1.0,0.09090909090909091,0.16666666666666669,1.0,1,11,1,1
smd,group1_development,machine-1-6,tranad_official,0,0,246,252,"[9, 12, 10, 6, 11, 0, 8, 5, 14, 31, 18, 35, 23, 2, 4, 24, 22, 1, 30, 3, 20, 7, 21, 19, 32, 34, 37, 26, 27, 13, 36, 15, 28, 16, 25, 29, 33, 17]",3,1.0,0.2727272727272727,0.42857142857142855,1.0,1,11,3,3
smd,group1_development,machine-1-6,tranad_official,0,0,246,252,"[9, 12, 10, 6, 11, 0, 8, 5, 14, 31, 18, 35, 23, 2, 4, 24, 22, 1, 30, 3, 20, 7, 21, 19, 32, 34, 37, 26, 27, 13, 36, 15, 28, 16, 25, 29, 33, 17]",5,0.8,0.36363636363636365,0.5000000000000001,0.8539316501572937,1,11,5,4
smd,group1_development,machine-1-6,tranad_official,0,1,653,658,"[12, 8, 0, 11, 14, 9, 10, 1, 6, 2, 3, 25, 29, 31, 22, 20, 35, 23, 4, 5, 13, 30, 15, 27, 24, 21, 18, 19, 34, 17, 33, 16, 32, 26, 28, 7, 36, 37]",1,1.0,0.05,0.09523809523809523,1.0,1,20,1,1
smd,group1_development,machine-1-6,tranad_official,0,1,653,658,"[12, 8, 0, 11, 14, 9, 10, 1, 6, 2, 3, 25, 29, 31, 22, 20, 35, 23, 4, 5, 13, 30, 15, 27, 24, 21, 18, 19, 34, 17, 33, 16, 32, 26, 28, 7, 36, 37]",3,1.0,0.15,0.2608695652173913,1.0,1,20,3,3
smd,group1_development,machine-1-6,tranad_official,0,1,653,658,"[12, 8, 0, 11, 14, 9, 10, 1, 6, 2, 3, 25, 29, 31, 22, 20, 35, 23, 4, 5, 13, 30, 15, 27, 24, 21, 18, 19, 34, 17, 33, 16, 32, 26, 28, 7, 36, 37]",5,1.0,0.25,0.4,1.0,1,20,5,5
smd,group1_development,machine-1-6,tranad_official,0,2,2092,2100,"[12, 8, 14, 11, 0, 9, 1, 2, 3, 10, 6, 25, 29, 4, 22, 31, 35, 24, 13, 23, 30, 34, 15, 20, 5, 27, 19, 21, 18, 17, 33, 32, 26, 16, 28, 7, 36, 37]",1,1.0,0.05,0.09523809523809523,1.0,1,20,1,1
smd,group1_development,machine-1-6,tranad_official,0,2,2092,2100,"[12, 8, 14, 11, 0, 9, 1, 2, 3, 10, 6, 25, 29, 4, 22, 31, 35, 24, 13, 23, 30, 34, 15, 20, 5, 27, 19, 21, 18, 17, 33, 32, 26, 16, 28, 7, 36, 37]",3,1.0,0.15,0.2608695652173913,1.0,1,20,3,3
smd,group1_development,machine-1-6,tranad_official,0,2,2092,2100,"[12, 8, 14, 11, 0, 9, 1, 2, 3, 10, 6, 25, 29, 4, 22, 31, 35, 24, 13, 23, 30, 34, 15, 20, 5, 27, 19, 21, 18, 17, 33, 32, 26, 16, 28, 7, 36, 37]",5,1.0,0.25,0.4,1.0,1,20,5,5
smd,group1_development,machine-1-6,tranad_official,0,3,2884,2888,"[6, 34, 4, 35, 19, 31, 20, 22, 18, 5, 15, 21, 3, 2, 11, 0, 32, 27, 24, 29, 7, 30, 1, 23, 26, 8, 10, 16, 37, 9, 28, 12, 13, 36, 14, 17, 25, 33]",1,0.0,0.0,0.0,0.0,0,1,1,0
smd,group1_development,machine-1-6,tranad_official,0,3,2884,2888,"[6, 34, 4, 35, 19, 31, 20, 22, 18, 5, 15, 21, 3, 2, 11, 0, 32, 27, 24, 29, 7, 30, 1, 23, 26, 8, 10, 16, 37, 9, 28, 12, 13, 36, 14, 17, 25, 33]",3,0.0,0.0,0.0,0.0,0,1,3,0
smd,group1_development,machine-1-6,tranad_official,0,3,2884,2888,"[6, 34, 4, 35, 19, 31, 20, 22, 18, 5, 15, 21, 3, 2, 11, 0, 32, 27, 24, 29, 7, 30, 1, 23, 26, 8, 10, 16, 37, 9, 28, 12, 13, 36, 14, 17, 25, 33]",5,0.0,0.0,0.0,0.0,0,1,5,0
smd,group1_development,machine-1-6,tranad_official,0,4,3534,3539,"[12, 4, 25, 8, 9, 0, 22, 14, 10, 11, 31, 6, 1, 2, 17, 3, 29, 35, 30, 23, 34, 13, 20, 24, 15, 5, 33, 18, 27, 21, 19, 16, 26, 7, 28, 32, 37, 36]",1,1.0,0.06666666666666667,0.125,1.0,1,15,1,1
smd,group1_development,machine-1-6,tranad_official,0,4,3534,3539,"[12, 4, 25, 8, 9, 0, 22, 14, 10, 11, 31, 6, 1, 2, 17, 3, 29, 35, 30, 23, 34, 13, 20, 24, 15, 5, 33, 18, 27, 21, 19, 16, 26, 7, 28, 32, 37, 36]",3,0.3333333333333333,0.06666666666666667,0.1111111111111111,0.46927872602275644,1,15,3,1
smd,group1_development,machine-1-6,tranad_official,0,4,3534,3539,"[12, 4, 25, 8, 9, 0, 22, 14, 10, 11, 31, 6, 1, 2, 17, 3, 29, 35, 30, 23, 34, 13, 20, 24, 15, 5, 33, 18, 27, 21, 19, 16, 26, 7, 28, 32, 37, 36]",5,0.6,0.2,0.3,0.6164336326286644,1,15,5,3
smd,group1_development,machine-1-6,tranad_official,0,5,4647,5045,"[13, 15, 25, 23, 24, 5, 22, 12, 11, 31, 14, 4, 19, 18, 6, 29, 27, 8, 3, 20, 9, 21, 2, 32, 35, 10, 0, 34, 17, 1, 16, 30, 7, 33, 36, 26, 28, 37]",1,0.0,0.0,0.0,0.0,0,9,1,0
smd,group1_development,machine-1-6,tranad_official,0,5,4647,5045,"[13, 15, 25, 23, 24, 5, 22, 12, 11, 31, 14, 4, 19, 18, 6, 29, 27, 8, 3, 20, 9, 21, 2, 32, 35, 10, 0, 34, 17, 1, 16, 30, 7, 33, 36, 26, 28, 37]",3,0.0,0.0,0.0,0.0,0,9,3,0
smd,group1_development,machine-1-6,tranad_official,0,5,4647,5045,"[13, 15, 25, 23, 24, 5, 22, 12, 11, 31, 14, 4, 19, 18, 6, 29, 27, 8, 3, 20, 9, 21, 2, 32, 35, 10, 0, 34, 17, 1, 16, 30, 7, 33, 36, 26, 28, 37]",5,0.0,0.0,0.0,0.0,0,9,5,0
smd,group1_development,machine-1-6,tranad_official,0,6,5167,5172,"[13, 17, 12, 15, 25, 23, 8, 0, 9, 11, 10, 14, 6, 24, 4, 34, 2, 3, 1, 19, 5, 35, 20, 31, 27, 22, 21, 18, 30, 29, 7, 32, 26, 28, 16, 33, 36, 37]",1,0.0,0.0,0.0,0.0,0,5,1,0
smd,group1_development,machine-1-6,tranad_official,0,6,5167,5172,"[13, 17, 12, 15, 25, 23, 8, 0, 9, 11, 10, 14, 6, 24, 4, 34, 2, 3, 1, 19, 5, 35, 20, 31, 27, 22, 21, 18, 30, 29, 7, 32, 26, 28, 16, 33, 36, 37]",3,0.6666666666666666,0.4,0.5,0.5307212739772434,1,5,3,2
smd,group1_development,machine-1-6,tranad_official,0,6,5167,5172,"[13, 17, 12, 15, 25, 23, 8, 0, 9, 11, 10, 14, 6, 24, 4, 34, 2, 3, 1, 19, 5, 35, 20, 31, 27, 22, 21, 18, 30, 29, 7, 32, 26, 28, 16, 33, 36, 37]",5,0.4,0.4,0.4000000000000001,0.38356636737133565,1,5,5,2
smd,group1_development,machine-1-6,tranad_official,0,7,5708,5713,"[13, 25, 9, 15, 12, 10, 23, 24, 8, 29, 2, 11, 3, 14, 0, 31, 18, 4, 22, 1, 19, 30, 6, 7, 27, 21, 36, 5, 20, 35, 34, 32, 37, 28, 33, 26, 17, 16]",1,0.0,0.0,0.0,0.0,0,4,1,0
smd,group1_development,machine-1-6,tranad_official,0,7,5708,5713,"[13, 25, 9, 15, 12, 10, 23, 24, 8, 29, 2, 11, 3, 14, 0, 31, 18, 4, 22, 1, 19, 30, 6, 7, 27, 21, 36, 5, 20, 35, 34, 32, 37, 28, 33, 26, 17, 16]",3,0.3333333333333333,0.25,0.28571428571428575,0.23463936301137822,1,4,3,1
smd,group1_development,machine-1-6,tranad_official,0,7,5708,5713,"[13, 25, 9, 15, 12, 10, 23, 24, 8, 29, 2, 11, 3, 14, 0, 31, 18, 4, 22, 1, 19, 30, 6, 7, 27, 21, 36, 5, 20, 35, 34, 32, 37, 28, 33, 26, 17, 16]",5,0.4,0.5,0.4444444444444445,0.34620964322385606,1,4,5,2
smd,group1_development,machine-1-6,tranad_official,0,8,5873,5885,"[25, 13, 3, 10, 15, 12, 2, 9, 1, 23, 31, 8, 5, 14, 24, 11, 0, 4, 18, 19, 20, 22, 21, 27, 30, 7, 6, 36, 37, 29, 35, 34, 32, 28, 26, 16, 33, 17]",1,0.0,0.0,0.0,0.0,0,14,1,0
smd,group1_development,machine-1-6,tranad_official,0,8,5873,5885,"[25, 13, 3, 10, 15, 12, 2, 9, 1, 23, 31, 8, 5, 14, 24, 11, 0, 4, 18, 19, 20, 22, 21, 27, 30, 7, 6, 36, 37, 29, 35, 34, 32, 28, 26, 16, 33, 17]",3,0.0,0.0,0.0,0.0,0,14,3,0
smd,group1_development,machine-1-6,tranad_official,0,8,5873,5885,"[25, 13, 3, 10, 15, 12, 2, 9, 1, 23, 31, 8, 5, 14, 24, 11, 0, 4, 18, 19, 20, 22, 21, 27, 30, 7, 6, 36, 37, 29, 35, 34, 32, 28, 26, 16, 33, 17]",5,0.2,0.07142857142857142,0.10526315789473682,0.14606834984270645,1,14,5,1
smd,group1_development,machine-1-6,tranad_official,0,9,6022,6027,"[13, 15, 25, 32, 33, 24, 22, 12, 3, 31, 2, 23, 29, 11, 14, 8, 34, 0, 18, 4, 30, 1, 35, 21, 19, 27, 20, 10, 7, 36, 5, 28, 6, 37, 26, 9, 16, 17]",1,0.0,0.0,0.0,0.0,0,2,1,0
smd,group1_development,machine-1-6,tranad_official,0,9,6022,6027,"[13, 15, 25, 32, 33, 24, 22, 12, 3, 31, 2, 23, 29, 11, 14, 8, 34, 0, 18, 4, 30, 1, 35, 21, 19, 27, 20, 10, 7, 36, 5, 28, 6, 37, 26, 9, 16, 17]",3,0.0,0.0,0.0,0.0,0,2,3,0
smd,group1_development,machine-1-6,tranad_official,0,9,6022,6027,"[13, 15, 25, 32, 33, 24, 22, 12, 3, 31, 2, 23, 29, 11, 14, 8, 34, 0, 18, 4, 30, 1, 35, 21, 19, 27, 20, 10, 7, 36, 5, 28, 6, 37, 26, 9, 16, 17]",5,0.4,1.0,0.5714285714285715,0.5012658353418871,1,2,5,2
smd,group1_development,machine-1-6,tranad_official,0,10,6412,6419,"[12, 8, 0, 13, 14, 11, 25, 2, 1, 3, 15, 24, 9, 23, 22, 10, 29, 20, 4, 5, 34, 30, 31, 35, 19, 18, 6, 21, 27, 33, 7, 32, 28, 17, 26, 36, 16, 37]",1,1.0,0.05263157894736842,0.1,1.0,1,19,1,1
smd,group1_development,machine-1-6,tranad_official,0,10,6412,6419,"[12, 8, 0, 13, 14, 11, 25, 2, 1, 3, 15, 24, 9, 23, 22, 10, 29, 20, 4, 5, 34, 30, 31, 35, 19, 18, 6, 21, 27, 33, 7, 32, 28, 17, 26, 36, 16, 37]",3,1.0,0.15789473684210525,0.2727272727272727,1.0,1,19,3,3
smd,group1_development,machine-1-6,tranad_official,0,10,6412,6419,"[12, 8, 0, 13, 14, 11, 25, 2, 1, 3, 15, 24, 9, 23, 22, 10, 29, 20, 4, 5, 34, 30, 31, 35, 19, 18, 6, 21, 27, 33, 7, 32, 28, 17, 26, 36, 16, 37]",5,0.8,0.21052631578947367,0.3333333333333333,0.8539316501572937,1,19,5,4
smd,group1_development,machine-1-6,tranad_official,0,11,7851,7856,"[22, 24, 12, 9, 0, 8, 10, 25, 14, 11, 15, 2, 3, 30, 1, 34, 29, 13, 21, 31, 4, 27, 6, 35, 23, 5, 19, 20, 18, 33, 7, 26, 32, 28, 36, 17, 37, 16]",1,1.0,0.06666666666666667,0.125,1.0,1,15,1,1
smd,group1_development,machine-1-6,tranad_official,0,11,7851,7856,"[22, 24, 12, 9, 0, 8, 10, 25, 14, 11, 15, 2, 3, 30, 1, 34, 29, 13, 21, 31, 4, 27, 6, 35, 23, 5, 19, 20, 18, 33, 7, 26, 32, 28, 36, 17, 37, 16]",3,0.6666666666666666,0.13333333333333333,0.2222222222222222,0.7039180890341347,1,15,3,2
smd,group1_development,machine-1-6,tranad_official,0,11,7851,7856,"[22, 24, 12, 9, 0, 8, 10, 25, 14, 11, 15, 2, 3, 30, 1, 34, 29, 13, 21, 31, 4, 27, 6, 35, 23, 5, 19, 20, 18, 33, 7, 26, 32, 28, 36, 17, 37, 16]",5,0.8,0.26666666666666666,0.4,0.7860137352654724,1,15,5,4
smd,group1_development,machine-1-6,tranad_official,0,12,9291,9298,"[12, 8, 13, 15, 0, 24, 9, 25, 22, 14, 2, 3, 10, 1, 11, 23, 29, 4, 31, 30, 20, 6, 34, 18, 5, 35, 19, 27, 21, 33, 7, 32, 28, 26, 17, 36, 16, 37]",1,1.0,0.0625,0.11764705882352941,1.0,1,16,1,1
smd,group1_development,machine-1-6,tranad_official,0,12,9291,9298,"[12, 8, 13, 15, 0, 24, 9, 25, 22, 14, 2, 3, 10, 1, 11, 23, 29, 4, 31, 30, 20, 6, 34, 18, 5, 35, 19, 27, 21, 33, 7, 32, 28, 26, 17, 36, 16, 37]",3,0.6666666666666666,0.125,0.21052631578947367,0.7653606369886217,1,16,3,2
smd,group1_development,machine-1-6,tranad_official,0,12,9291,9298,"[12, 8, 13, 15, 0, 24, 9, 25, 22, 14, 2, 3, 10, 1, 11, 23, 29, 4, 31, 30, 20, 6, 34, 18, 5, 35, 19, 27, 21, 33, 7, 32, 28, 26, 17, 36, 16, 37]",5,0.6,0.1875,0.2857142857142857,0.6843515475204855,1,16,5,3
smd,group1_development,machine-1-6,tranad_official,0,13,10731,10736,"[12, 13, 15, 9, 10, 25, 8, 0, 24, 2, 23, 3, 1, 14, 11, 22, 4, 29, 6, 30, 31, 5, 20, 35, 34, 19, 18, 21, 27, 7, 32, 33, 17, 28, 26, 36, 16, 37]",1,1.0,0.0625,0.11764705882352941,1.0,1,16,1,1
smd,group1_development,machine-1-6,tranad_official,0,13,10731,10736,"[12, 13, 15, 9, 10, 25, 8, 0, 24, 2, 23, 3, 1, 14, 11, 22, 4, 29, 6, 30, 31, 5, 20, 35, 34, 19, 18, 21, 27, 7, 32, 33, 17, 28, 26, 36, 16, 37]",3,0.3333333333333333,0.0625,0.10526315789473684,0.46927872602275644,1,16,3,1
smd,group1_development,machine-1-6,tranad_official,0,13,10731,10736,"[12, 13, 15, 9, 10, 25, 8, 0, 24, 2, 23, 3, 1, 14, 11, 22, 4, 29, 6, 30, 31, 5, 20, 35, 34, 19, 18, 21, 27, 7, 32, 33, 17, 28, 26, 36, 16, 37]",5,0.6,0.1875,0.2857142857142857,0.6164336326286644,1,16,5,3
smd,group1_development,machine-1-6,tranad_official,0,14,11467,11471,"[12, 15, 0, 24, 13, 1, 8, 3, 2, 29, 6, 25, 9, 11, 14, 10, 22, 4, 5, 30, 34, 18, 20, 23, 19, 35, 31, 21, 27, 33, 7, 32, 36, 28, 26, 17, 37, 16]",1,1.0,0.058823529411764705,0.1111111111111111,1.0,1,17,1,1
smd,group1_development,machine-1-6,tranad_official,0,14,11467,11471,"[12, 15, 0, 24, 13, 1, 8, 3, 2, 29, 6, 25, 9, 11, 14, 10, 22, 4, 5, 30, 34, 18, 20, 23, 19, 35, 31, 21, 27, 33, 7, 32, 36, 28, 26, 17, 37, 16]",3,0.6666666666666666,0.11764705882352941,0.2,0.7039180890341347,1,17,3,2
smd,group1_development,machine-1-6,tranad_official,0,14,11467,11471,"[12, 15, 0, 24, 13, 1, 8, 3, 2, 29, 6, 25, 9, 11, 14, 10, 22, 4, 5, 30, 34, 18, 20, 23, 19, 35, 31, 21, 27, 33, 7, 32, 36, 28, 26, 17, 37, 16]",5,0.4,0.11764705882352941,0.1818181818181818,0.5087403079104241,1,17,5,2
smd,group1_development,machine-1-6,tranad_official,0,15,12171,12176,"[12, 9, 8, 15, 0, 13, 10, 24, 25, 1, 2, 14, 29, 3, 6, 11, 22, 4, 30, 23, 31, 21, 27, 5, 34, 35, 20, 19, 7, 18, 32, 17, 33, 26, 28, 16, 36, 37]",1,1.0,0.058823529411764705,0.1111111111111111,1.0,1,17,1,1
smd,group1_development,machine-1-6,tranad_official,0,15,12171,12176,"[12, 9, 8, 15, 0, 13, 10, 24, 25, 1, 2, 14, 29, 3, 6, 11, 22, 4, 30, 23, 31, 21, 27, 5, 34, 35, 20, 19, 7, 18, 32, 17, 33, 26, 28, 16, 36, 37]",3,1.0,0.17647058823529413,0.3,1.0,1,17,3,3
smd,group1_development,machine-1-6,tranad_official,0,15,12171,12176,"[12, 9, 8, 15, 0, 13, 10, 24, 25, 1, 2, 14, 29, 3, 6, 11, 22, 4, 30, 23, 31, 21, 27, 5, 34, 35, 20, 19, 7, 18, 32, 17, 33, 26, 28, 16, 36, 37]",5,0.8,0.23529411764705882,0.3636363636363636,0.8539316501572937,1,17,5,4
smd,group1_development,machine-1-6,tranad_official,0,16,13069,13073,"[15, 13, 25, 24, 6, 32, 3, 31, 33, 22, 29, 2, 4, 11, 12, 30, 14, 0, 21, 34, 23, 27, 35, 1, 8, 20, 5, 19, 18, 36, 10, 37, 7, 28, 26, 16, 9, 17]",1,0.0,0.0,0.0,0.0,0,2,1,0
smd,group1_development,machine-1-6,tranad_official,0,16,13069,13073,"[15, 13, 25, 24, 6, 32, 3, 31, 33, 22, 29, 2, 4, 11, 12, 30, 14, 0, 21, 34, 23, 27, 35, 1, 8, 20, 5, 19, 18, 36, 10, 37, 7, 28, 26, 16, 9, 17]",3,0.0,0.0,0.0,0.0,0,2,3,0
smd,group1_development,machine-1-6,tranad_official,0,16,13069,13073,"[15, 13, 25, 24, 6, 32, 3, 31, 33, 22, 29, 2, 4, 11, 12, 30, 14, 0, 21, 34, 23, 27, 35, 1, 8, 20, 5, 19, 18, 36, 10, 37, 7, 28, 26, 16, 9, 17]",5,0.0,0.0,0.0,0.0,0,2,5,0
smd,group1_development,machine-1-6,tranad_official,0,17,13277,13280,"[16, 15, 24, 13, 35, 22, 29, 34, 25, 31, 3, 4, 27, 5, 11, 6, 30, 23, 14, 12, 0, 18, 21, 2, 19, 8, 20, 1, 33, 7, 17, 9, 32, 10, 26, 36, 37, 28]",1,1.0,1.0,1.0,1.0,1,1,1,1
smd,group1_development,machine-1-6,tranad_official,0,17,13277,13280,"[16, 15, 24, 13, 35, 22, 29, 34, 25, 31, 3, 4, 27, 5, 11, 6, 30, 23, 14, 12, 0, 18, 21, 2, 19, 8, 20, 1, 33, 7, 17, 9, 32, 10, 26, 36, 37, 28]",3,0.3333333333333333,1.0,0.5,1.0,1,1,3,1
smd,group1_development,machine-1-6,tranad_official,0,17,13277,13280,"[16, 15, 24, 13, 35, 22, 29, 34, 25, 31, 3, 4, 27, 5, 11, 6, 30, 23, 14, 12, 0, 18, 21, 2, 19, 8, 20, 1, 33, 7, 17, 9, 32, 10, 26, 36, 37, 28]",5,0.2,1.0,0.33333333333333337,1.0,1,1,5,1
smd,group1_development,machine-1-6,tranad_official,0,18,13613,13619,"[12, 15, 13, 8, 0, 24, 9, 23, 25, 3, 14, 2, 11, 22, 4, 29, 10, 1, 6, 30, 31, 27, 34, 21, 35, 5, 20, 19, 33, 18, 32, 17, 7, 28, 26, 16, 36, 37]",1,1.0,0.125,0.2222222222222222,1.0,1,8,1,1
smd,group1_development,machine-1-6,tranad_official,0,18,13613,13619,"[12, 15, 13, 8, 0, 24, 9, 23, 25, 3, 14, 2, 11, 22, 4, 29, 10, 1, 6, 30, 31, 27, 34, 21, 35, 5, 20, 19, 33, 18, 32, 17, 7, 28, 26, 16, 36, 37]",3,0.3333333333333333,0.125,0.18181818181818182,0.46927872602275644,1,8,3,1
smd,group1_development,machine-1-6,tranad_official,0,18,13613,13619,"[12, 15, 13, 8, 0, 24, 9, 23, 25, 3, 14, 2, 11, 22, 4, 29, 10, 1, 6, 30, 31, 27, 34, 21, 35, 5, 20, 19, 33, 18, 32, 17, 7, 28, 26, 16, 36, 37]",5,0.6,0.375,0.4615384615384615,0.6164336326286644,1,8,5,3
smd,group1_development,machine-1-6,tranad_official,0,19,14603,14607,"[36, 24, 30, 13, 27, 29, 15, 21, 34, 35, 6, 3, 12, 19, 18, 0, 8, 9, 11, 23, 2, 20, 31, 4, 10, 14, 1, 5, 25, 22, 33, 37, 7, 32, 28, 26, 16, 17]",1,1.0,0.1,0.18181818181818182,1.0,1,10,1,1
smd,group1_development,machine-1-6,tranad_official,0,19,14603,14607,"[36, 24, 30, 13, 27, 29, 15, 21, 34, 35, 6, 3, 12, 19, 18, 0, 8, 9, 11, 23, 2, 20, 31, 4, 10, 14, 1, 5, 25, 22, 33, 37, 7, 32, 28, 26, 16, 17]",3,0.3333333333333333,0.1,0.15384615384615383,0.46927872602275644,1,10,3,1
smd,group1_development,machine-1-6,tranad_official,0,19,14603,14607,"[36, 24, 30, 13, 27, 29, 15, 21, 34, 35, 6, 3, 12, 19, 18, 0, 8, 9, 11, 23, 2, 20, 31, 4, 10, 14, 1, 5, 25, 22, 33, 37, 7, 32, 28, 26, 16, 17]",5,0.2,0.1,0.13333333333333333,0.3391602052736161,1,10,5,1
smd,group1_development,machine-1-6,tranad_official,0,20,15052,15055,"[12, 13, 9, 10, 15, 0, 24, 8, 6, 22, 25, 29, 4, 3, 14, 34, 11, 30, 2, 1, 35, 27, 21, 31, 5, 23, 19, 20, 33, 18, 7, 32, 17, 26, 28, 36, 16, 37]",1,1.0,0.25,0.4,1.0,1,4,1,1
smd,group1_development,machine-1-6,tranad_official,0,20,15052,15055,"[12, 13, 9, 10, 15, 0, 24, 8, 6, 22, 25, 29, 4, 3, 14, 34, 11, 30, 2, 1, 35, 27, 21, 31, 5, 23, 19, 20, 33, 18, 7, 32, 17, 26, 28, 36, 16, 37]",3,0.6666666666666666,0.5,0.5714285714285715,0.7039180890341347,1,4,3,2
smd,group1_development,machine-1-6,tranad_official,0,20,15052,15055,"[12, 13, 9, 10, 15, 0, 24, 8, 6, 22, 25, 29, 4, 3, 14, 34, 11, 30, 2, 1, 35, 27, 21, 31, 5, 23, 19, 20, 33, 18, 7, 32, 17, 26, 28, 36, 16, 37]",5,0.6,0.75,0.6666666666666665,0.75369761125927,1,4,5,3
smd,group1_development,machine-1-6,tranad_official,0,21,15397,15401,"[11, 12, 15, 6, 14, 13, 24, 25, 22, 0, 8, 4, 3, 2, 1, 34, 31, 30, 35, 23, 29, 27, 5, 19, 20, 9, 18, 21, 33, 10, 32, 17, 7, 26, 28, 36, 16, 37]",1,1.0,0.3333333333333333,0.5,1.0,1,3,1,1
smd,group1_development,machine-1-6,tranad_official,0,21,15397,15401,"[11, 12, 15, 6, 14, 13, 24, 25, 22, 0, 8, 4, 3, 2, 1, 34, 31, 30, 35, 23, 29, 27, 5, 19, 20, 9, 18, 21, 33, 10, 32, 17, 7, 26, 28, 36, 16, 37]",3,0.6666666666666666,0.6666666666666666,0.6666666666666666,0.7653606369886217,1,3,3,2
smd,group1_development,machine-1-6,tranad_official,0,21,15397,15401,"[11, 12, 15, 6, 14, 13, 24, 25, 22, 0, 8, 4, 3, 2, 1, 34, 31, 30, 35, 23, 29, 27, 5, 19, 20, 9, 18, 21, 33, 10, 32, 17, 7, 26, 28, 36, 16, 37]",5,0.4,0.6666666666666666,0.5,0.7653606369886217,1,3,5,2
smd,group1_development,machine-1-6,tranad_official,0,22,15802,15805,"[15, 9, 13, 24, 12, 25, 6, 10, 3, 0, 2, 8, 22, 4, 29, 1, 31, 30, 11, 14, 34, 35, 5, 21, 27, 23, 18, 20, 33, 19, 7, 36, 32, 37, 28, 26, 17, 16]",1,0.0,0.0,0.0,0.0,0,4,1,0
smd,group1_development,machine-1-6,tranad_official,0,22,15802,15805,"[15, 9, 13, 24, 12, 25, 6, 10, 3, 0, 2, 8, 22, 4, 29, 1, 31, 30, 11, 14, 34, 35, 5, 21, 27, 23, 18, 20, 33, 19, 7, 36, 32, 37, 28, 26, 17, 16]",3,0.3333333333333333,0.25,0.28571428571428575,0.2960819109658652,1,4,3,1
smd,group1_development,machine-1-6,tranad_official,0,22,15802,15805,"[15, 9, 13, 24, 12, 25, 6, 10, 3, 0, 2, 8, 22, 4, 29, 1, 31, 30, 11, 14, 34, 35, 5, 21, 27, 23, 18, 20, 33, 19, 7, 36, 32, 37, 28, 26, 17, 16]",5,0.4,0.5,0.4444444444444445,0.3973220069685352,1,4,5,2
smd,group1_development,machine-1-6,tranad_official,0,23,16491,16499,"[12, 8, 0, 14, 3, 6, 11, 15, 24, 2, 13, 1, 9, 25, 4, 22, 29, 10, 34, 30, 5, 27, 31, 21, 35, 20, 18, 33, 19, 23, 32, 17, 28, 7, 26, 36, 16, 37]",1,1.0,0.125,0.2222222222222222,1.0,1,8,1,1
smd,group1_development,machine-1-6,tranad_official,0,23,16491,16499,"[12, 8, 0, 14, 3, 6, 11, 15, 24, 2, 13, 1, 9, 25, 4, 22, 29, 10, 34, 30, 5, 27, 31, 21, 35, 20, 18, 33, 19, 23, 32, 17, 28, 7, 26, 36, 16, 37]",3,1.0,0.375,0.5454545454545454,1.0,1,8,3,3
smd,group1_development,machine-1-6,tranad_official,0,23,16491,16499,"[12, 8, 0, 14, 3, 6, 11, 15, 24, 2, 13, 1, 9, 25, 4, 22, 29, 10, 34, 30, 5, 27, 31, 21, 35, 20, 18, 33, 19, 23, 32, 17, 28, 7, 26, 36, 16, 37]",5,0.8,0.5,0.6153846153846154,0.8687949224876582,1,8,5,4
smd,group1_development,machine-1-6,tranad_official,0,24,16718,16721,"[15, 13, 6, 9, 24, 22, 10, 25, 12, 4, 0, 8, 11, 14, 34, 30, 35, 31, 5, 3, 27, 29, 21, 2, 1, 23, 20, 19, 18, 17, 33, 32, 7, 26, 28, 16, 36, 37]",1,0.0,0.0,0.0,0.0,0,4,1,0
smd,group1_development,machine-1-6,tranad_official,0,24,16718,16721,"[15, 13, 6, 9, 24, 22, 10, 25, 12, 4, 0, 8, 11, 14, 34, 30, 35, 31, 5, 3, 27, 29, 21, 2, 1, 23, 20, 19, 18, 17, 33, 32, 7, 26, 28, 16, 36, 37]",3,0.0,0.0,0.0,0.0,0,4,3,0
smd,group1_development,machine-1-6,tranad_official,0,24,16718,16721,"[15, 13, 6, 9, 24, 22, 10, 25, 12, 4, 0, 8, 11, 14, 34, 30, 35, 31, 5, 3, 27, 29, 21, 2, 1, 23, 20, 19, 18, 17, 33, 32, 7, 26, 28, 16, 36, 37]",5,0.2,0.25,0.22222222222222224,0.16812753627111746,1,4,5,1
smd,group1_development,machine-1-6,tranad_official,0,25,16972,16976,"[11, 13, 12, 6, 15, 14, 24, 22, 0, 25, 8, 4, 34, 29, 31, 35, 30, 3, 2, 5, 1, 27, 21, 9, 19, 33, 18, 20, 10, 23, 32, 7, 17, 26, 28, 36, 16, 37]",1,1.0,0.25,0.4,1.0,1,4,1,1
smd,group1_development,machine-1-6,tranad_official,0,25,16972,16976,"[11, 13, 12, 6, 15, 14, 24, 22, 0, 25, 8, 4, 34, 29, 31, 35, 30, 3, 2, 5, 1, 27, 21, 9, 19, 33, 18, 20, 10, 23, 32, 7, 17, 26, 28, 36, 16, 37]",3,0.6666666666666666,0.5,0.5714285714285715,0.7039180890341347,1,4,3,2
smd,group1_development,machine-1-6,tranad_official,0,25,16972,16976,"[11, 13, 12, 6, 15, 14, 24, 22, 0, 25, 8, 4, 34, 29, 31, 35, 30, 3, 2, 5, 1, 27, 21, 9, 19, 33, 18, 20, 10, 23, 32, 7, 17, 26, 28, 36, 16, 37]",5,0.4,0.5,0.4444444444444445,0.5855700749881525,1,4,5,2
smd,group1_development,machine-1-6,tranad_official,0,26,17931,17939,"[12, 6, 8, 0, 14, 3, 11, 24, 2, 15, 1, 5, 9, 23, 22, 29, 13, 4, 25, 10, 34, 30, 27, 21, 35, 31, 20, 19, 18, 33, 17, 32, 28, 7, 26, 16, 36, 37]",1,1.0,0.05263157894736842,0.1,1.0,1,19,1,1
smd,group1_development,machine-1-6,tranad_official,0,26,17931,17939,"[12, 6, 8, 0, 14, 3, 11, 24, 2, 15, 1, 5, 9, 23, 22, 29, 13, 4, 25, 10, 34, 30, 27, 21, 35, 31, 20, 19, 18, 33, 17, 32, 28, 7, 26, 16, 36, 37]",3,0.6666666666666666,0.10526315789473684,0.18181818181818182,0.7039180890341347,1,19,3,2
smd,group1_development,machine-1-6,tranad_official,0,26,17931,17939,"[12, 6, 8, 0, 14, 3, 11, 24, 2, 15, 1, 5, 9, 23, 22, 29, 13, 4, 25, 10, 34, 30, 27, 21, 35, 31, 20, 19, 18, 33, 17, 32, 28, 7, 26, 16, 36, 37]",5,0.8,0.21052631578947367,0.3333333333333333,0.7860137352654724,1,19,5,4
smd,group1_development,machine-1-6,tranad_official,0,27,18600,21761,"[15, 3, 0, 24, 6, 22, 13, 2, 25, 31, 21, 12, 23, 1, 34, 11, 29, 35, 5, 30, 18, 4, 14, 36, 20, 8, 19, 27, 32, 28, 33, 26, 10, 9, 37, 16, 17, 7]",1,1.0,0.047619047619047616,0.0909090909090909,1.0,1,21,1,1
smd,group1_development,machine-1-6,tranad_official,0,27,18600,21761,"[15, 3, 0, 24, 6, 22, 13, 2, 25, 31, 21, 12, 23, 1, 34, 11, 29, 35, 5, 30, 18, 4, 14, 36, 20, 8, 19, 27, 32, 28, 33, 26, 10, 9, 37, 16, 17, 7]",3,1.0,0.14285714285714285,0.25,1.0,1,21,3,3
smd,group1_development,machine-1-6,tranad_official,0,27,18600,21761,"[15, 3, 0, 24, 6, 22, 13, 2, 25, 31, 21, 12, 23, 1, 34, 11, 29, 35, 5, 30, 18, 4, 14, 36, 20, 8, 19, 27, 32, 28, 33, 26, 10, 9, 37, 16, 17, 7]",5,0.8,0.19047619047619047,0.3076923076923077,0.8687949224876582,1,21,5,4
smd,group1_development,machine-1-6,tranad_official,0,28,22252,22260,"[12, 6, 25, 11, 4, 8, 14, 0, 9, 22, 23, 29, 10, 3, 2, 31, 21, 1, 27, 15, 18, 34, 13, 19, 30, 35, 5, 20, 24, 17, 33, 26, 16, 28, 32, 7, 37, 36]",1,1.0,0.3333333333333333,0.5,1.0,1,3,1,1
smd,group1_development,machine-1-6,tranad_official,0,28,22252,22260,"[12, 6, 25, 11, 4, 8, 14, 0, 9, 22, 23, 29, 10, 3, 2, 31, 21, 1, 27, 15, 18, 34, 13, 19, 30, 35, 5, 20, 24, 17, 33, 26, 16, 28, 32, 7, 37, 36]",3,0.3333333333333333,0.3333333333333333,0.3333333333333333,0.46927872602275644,1,3,3,1
smd,group1_development,machine-1-6,tranad_official,0,28,22252,22260,"[12, 6, 25, 11, 4, 8, 14, 0, 9, 22, 23, 29, 10, 3, 2, 31, 21, 1, 27, 15, 18, 34, 13, 19, 30, 35, 5, 20, 24, 17, 33, 26, 16, 28, 32, 7, 37, 36]",5,0.2,0.3333333333333333,0.25,0.46927872602275644,1,3,5,1
smd,group1_development,machine-1-6,tranad_official,0,29,22417,22420,"[6, 10, 25, 4, 22, 15, 12, 9, 23, 0, 11, 31, 24, 30, 5, 3, 2, 34, 29, 14, 18, 27, 19, 21, 13, 35, 17, 1, 20, 33, 8, 16, 26, 7, 28, 32, 37, 36]",1,0.0,0.0,0.0,0.0,0,2,1,0
smd,group1_development,machine-1-6,tranad_official,0,29,22417,22420,"[6, 10, 25, 4, 22, 15, 12, 9, 23, 0, 11, 31, 24, 30, 5, 3, 2, 34, 29, 14, 18, 27, 19, 21, 13, 35, 17, 1, 20, 33, 8, 16, 26, 7, 28, 32, 37, 36]",3,0.3333333333333333,0.5,0.4,0.38685280723454163,1,2,3,1
smd,group1_development,machine-1-6,tranad_official,0,29,22417,22420,"[6, 10, 25, 4, 22, 15, 12, 9, 23, 0, 11, 31, 24, 30, 5, 3, 2, 34, 29, 14, 18, 27, 19, 21, 13, 35, 17, 1, 20, 33, 8, 16, 26, 7, 28, 32, 37, 36]",5,0.2,0.5,0.28571428571428575,0.38685280723454163,1,2,5,1
smd,group1_development,machine-1-6,tranad_official,1,0,246,252,"[9, 12, 10, 6, 0, 11, 8, 14, 5, 20, 31, 18, 22, 2, 24, 35, 21, 1, 19, 23, 3, 34, 13, 4, 27, 30, 32, 15, 17, 36, 29, 16, 33, 25, 7, 26, 28, 37]",1,1.0,0.09090909090909091,0.16666666666666669,1.0,1,11,1,1
smd,group1_development,machine-1-6,tranad_official,1,0,246,252,"[9, 12, 10, 6, 0, 11, 8, 14, 5, 20, 31, 18, 22, 2, 24, 35, 21, 1, 19, 23, 3, 34, 13, 4, 27, 30, 32, 15, 17, 36, 29, 16, 33, 25, 7, 26, 28, 37]",3,1.0,0.2727272727272727,0.42857142857142855,1.0,1,11,3,3
smd,group1_development,machine-1-6,tranad_official,1,0,246,252,"[9, 12, 10, 6, 0, 11, 8, 14, 5, 20, 31, 18, 22, 2, 24, 35, 21, 1, 19, 23, 3, 34, 13, 4, 27, 30, 32, 15, 17, 36, 29, 16, 33, 25, 7, 26, 28, 37]",5,0.8,0.36363636363636365,0.5000000000000001,0.8539316501572937,1,11,5,4
smd,group1_development,machine-1-6,tranad_official,1,1,653,658,"[12, 8, 11, 0, 14, 9, 10, 1, 2, 3, 29, 6, 25, 23, 22, 15, 5, 13, 4, 24, 30, 19, 35, 34, 20, 31, 21, 27, 7, 37, 33, 28, 36, 18, 16, 32, 17, 26]",1,1.0,0.05,0.09523809523809523,1.0,1,20,1,1
smd,group1_development,machine-1-6,tranad_official,1,1,653,658,"[12, 8, 11, 0, 14, 9, 10, 1, 2, 3, 29, 6, 25, 23, 22, 15, 5, 13, 4, 24, 30, 19, 35, 34, 20, 31, 21, 27, 7, 37, 33, 28, 36, 18, 16, 32, 17, 26]",3,1.0,0.15,0.2608695652173913,1.0,1,20,3,3
smd,group1_development,machine-1-6,tranad_official,1,1,653,658,"[12, 8, 11, 0, 14, 9, 10, 1, 2, 3, 29, 6, 25, 23, 22, 15, 5, 13, 4, 24, 30, 19, 35, 34, 20, 31, 21, 27, 7, 37, 33, 28, 36, 18, 16, 32, 17, 26]",5,1.0,0.25,0.4,1.0,1,20,5,5
smd,group1_development,machine-1-6,tranad_official,1,2,2092,2100,"[12, 8, 14, 11, 0, 3, 1, 2, 9, 29, 10, 25, 6, 4, 13, 23, 22, 24, 21, 15, 27, 18, 20, 34, 5, 19, 35, 30, 31, 7, 33, 37, 36, 28, 16, 32, 17, 26]",1,1.0,0.05,0.09523809523809523,1.0,1,20,1,1
smd,group1_development,machine-1-6,tranad_official,1,2,2092,2100,"[12, 8, 14, 11, 0, 3, 1, 2, 9, 29, 10, 25, 6, 4, 13, 23, 22, 24, 21, 15, 27, 18, 20, 34, 5, 19, 35, 30, 31, 7, 33, 37, 36, 28, 16, 32, 17, 26]",3,1.0,0.15,0.2608695652173913,1.0,1,20,3,3
smd,group1_development,machine-1-6,tranad_official,1,2,2092,2100,"[12, 8, 14, 11, 0, 3, 1, 2, 9, 29, 10, 25, 6, 4, 13, 23, 22, 24, 21, 15, 27, 18, 20, 34, 5, 19, 35, 30, 31, 7, 33, 37, 36, 28, 16, 32, 17, 26]",5,1.0,0.25,0.4,1.0,1,20,5,5
smd,group1_development,machine-1-6,tranad_official,1,3,2884,2888,"[18, 4, 19, 21, 31, 20, 35, 6, 27, 29, 0, 3, 2, 15, 22, 30, 34, 5, 8, 24, 23, 1, 36, 32, 16, 17, 28, 7, 11, 26, 12, 37, 25, 33, 10, 14, 13, 9]",1,0.0,0.0,0.0,0.0,0,1,1,0
smd,group1_development,machine-1-6,tranad_official,1,3,2884,2888,"[18, 4, 19, 21, 31, 20, 35, 6, 27, 29, 0, 3, 2, 15, 22, 30, 34, 5, 8, 24, 23, 1, 36, 32, 16, 17, 28, 7, 11, 26, 12, 37, 25, 33, 10, 14, 13, 9]",3,0.0,0.0,0.0,0.0,0,1,3,0
smd,group1_development,machine-1-6,tranad_official,1,3,2884,2888,"[18, 4, 19, 21, 31, 20, 35, 6, 27, 29, 0, 3, 2, 15, 22, 30, 34, 5, 8, 24, 23, 1, 36, 32, 16, 17, 28, 7, 11, 26, 12, 37, 25, 33, 10, 14, 13, 9]",5,0.0,0.0,0.0,0.0,0,1,5,0
smd,group1_development,machine-1-6,tranad_official,1,4,3534,3539,"[12, 4, 25, 8, 9, 0, 14, 22, 11, 10, 1, 3, 29, 17, 2, 31, 13, 6, 15, 5, 19, 30, 24, 20, 21, 35, 7, 34, 37, 16, 33, 18, 23, 36, 28, 32, 26, 27]",1,1.0,0.06666666666666667,0.125,1.0,1,15,1,1
smd,group1_development,machine-1-6,tranad_official,1,4,3534,3539,"[12, 4, 25, 8, 9, 0, 14, 22, 11, 10, 1, 3, 29, 17, 2, 31, 13, 6, 15, 5, 19, 30, 24, 20, 21, 35, 7, 34, 37, 16, 33, 18, 23, 36, 28, 32, 26, 27]",3,0.3333333333333333,0.06666666666666667,0.1111111111111111,0.46927872602275644,1,15,3,1
smd,group1_development,machine-1-6,tranad_official,1,4,3534,3539,"[12, 4, 25, 8, 9, 0, 14, 22, 11, 10, 1, 3, 29, 17, 2, 31, 13, 6, 15, 5, 19, 30, 24, 20, 21, 35, 7, 34, 37, 16, 33, 18, 23, 36, 28, 32, 26, 27]",5,0.6,0.2,0.3,0.6164336326286644,1,15,5,3
smd,group1_development,machine-1-6,tranad_official,1,5,4647,5045,"[13, 25, 15, 22, 23, 24, 5, 12, 4, 14, 31, 34, 29, 0, 3, 11, 6, 9, 27, 35, 32, 8, 30, 18, 19, 21, 10, 2, 16, 1, 17, 20, 28, 36, 33, 37, 7, 26]",1,0.0,0.0,0.0,0.0,0,9,1,0
smd,group1_development,machine-1-6,tranad_official,1,5,4647,5045,"[13, 25, 15, 22, 23, 24, 5, 12, 4, 14, 31, 34, 29, 0, 3, 11, 6, 9, 27, 35, 32, 8, 30, 18, 19, 21, 10, 2, 16, 1, 17, 20, 28, 36, 33, 37, 7, 26]",3,0.0,0.0,0.0,0.0,0,9,3,0
smd,group1_development,machine-1-6,tranad_official,1,5,4647,5045,"[13, 25, 15, 22, 23, 24, 5, 12, 4, 14, 31, 34, 29, 0, 3, 11, 6, 9, 27, 35, 32, 8, 30, 18, 19, 21, 10, 2, 16, 1, 17, 20, 28, 36, 33, 37, 7, 26]",5,0.0,0.0,0.0,0.0,0,9,5,0
smd,group1_development,machine-1-6,tranad_official,1,6,5167,5172,"[13, 17, 12, 15, 25, 23, 8, 9, 0, 10, 11, 14, 4, 34, 3, 30, 27, 22, 2, 1, 6, 21, 35, 19, 24, 29, 5, 31, 20, 18, 28, 7, 16, 37, 32, 36, 26, 33]",1,0.0,0.0,0.0,0.0,0,5,1,0
smd,group1_development,machine-1-6,tranad_official,1,6,5167,5172,"[13, 17, 12, 15, 25, 23, 8, 9, 0, 10, 11, 14, 4, 34, 3, 30, 27, 22, 2, 1, 6, 21, 35, 19, 24, 29, 5, 31, 20, 18, 28, 7, 16, 37, 32, 36, 26, 33]",3,0.6666666666666666,0.4,0.5,0.5307212739772434,1,5,3,2
smd,group1_development,machine-1-6,tranad_official,1,6,5167,5172,"[13, 17, 12, 15, 25, 23, 8, 9, 0, 10, 11, 14, 4, 34, 3, 30, 27, 22, 2, 1, 6, 21, 35, 19, 24, 29, 5, 31, 20, 18, 28, 7, 16, 37, 32, 36, 26, 33]",5,0.4,0.4,0.4000000000000001,0.38356636737133565,1,5,5,2
smd,group1_development,machine-1-6,tranad_official,1,7,5708,5713,"[13, 25, 9, 12, 15, 10, 29, 0, 3, 23, 24, 22, 8, 34, 2, 14, 4, 11, 1, 31, 30, 35, 6, 27, 20, 19, 21, 18, 32, 36, 16, 33, 5, 17, 7, 28, 26, 37]",1,0.0,0.0,0.0,0.0,0,4,1,0
smd,group1_development,machine-1-6,tranad_official,1,7,5708,5713,"[13, 25, 9, 12, 15, 10, 29, 0, 3, 23, 24, 22, 8, 34, 2, 14, 4, 11, 1, 31, 30, 35, 6, 27, 20, 19, 21, 18, 32, 36, 16, 33, 5, 17, 7, 28, 26, 37]",3,0.3333333333333333,0.25,0.28571428571428575,0.23463936301137822,1,4,3,1
smd,group1_development,machine-1-6,tranad_official,1,7,5708,5713,"[13, 25, 9, 12, 15, 10, 29, 0, 3, 23, 24, 22, 8, 34, 2, 14, 4, 11, 1, 31, 30, 35, 6, 27, 20, 19, 21, 18, 32, 36, 16, 33, 5, 17, 7, 28, 26, 37]",5,0.4,0.5,0.4444444444444445,0.36331756126716835,1,4,5,2
smd,group1_development,machine-1-6,tranad_official,1,8,5873,5885,"[3, 13, 25, 10, 12, 2, 15, 9, 1, 0, 23, 5, 34, 31, 14, 8, 24, 22, 11, 4, 29, 18, 20, 19, 21, 27, 30, 6, 35, 32, 16, 33, 36, 17, 7, 26, 37, 28]",1,0.0,0.0,0.0,0.0,0,14,1,0
smd,group1_development,machine-1-6,tranad_official,1,8,5873,5885,"[3, 13, 25, 10, 12, 2, 15, 9, 1, 0, 23, 5, 34, 31, 14, 8, 24, 22, 11, 4, 29, 18, 20, 19, 21, 27, 30, 6, 35, 32, 16, 33, 36, 17, 7, 26, 37, 28]",3,0.0,0.0,0.0,0.0,0,14,3,0
smd,group1_development,machine-1-6,tranad_official,1,8,5873,5885,"[3, 13, 25, 10, 12, 2, 15, 9, 1, 0, 23, 5, 34, 31, 14, 8, 24, 22, 11, 4, 29, 18, 20, 19, 21, 27, 30, 6, 35, 32, 16, 33, 36, 17, 7, 26, 37, 28]",5,0.4,0.14285714285714285,0.21052631578947364,0.27727342735504823,1,14,5,2
smd,group1_development,machine-1-6,tranad_official,1,9,6022,6027,"[13, 15, 25, 22, 32, 33, 24, 3, 0, 29, 34, 12, 35, 2, 23, 14, 31, 4, 30, 8, 1, 20, 11, 21, 18, 27, 19, 16, 36, 6, 5, 28, 17, 37, 7, 26, 10, 9]",1,0.0,0.0,0.0,0.0,0,2,1,0
smd,group1_development,machine-1-6,tranad_official,1,9,6022,6027,"[13, 15, 25, 22, 32, 33, 24, 3, 0, 29, 34, 12, 35, 2, 23, 14, 31, 4, 30, 8, 1, 20, 11, 21, 18, 27, 19, 16, 36, 6, 5, 28, 17, 37, 7, 26, 10, 9]",3,0.0,0.0,0.0,0.0,0,2,3,0
smd,group1_development,machine-1-6,tranad_official,1,9,6022,6027,"[13, 15, 25, 22, 32, 33, 24, 3, 0, 29, 34, 12, 35, 2, 23, 14, 31, 4, 30, 8, 1, 20, 11, 21, 18, 27, 19, 16, 36, 6, 5, 28, 17, 37, 7, 26, 10, 9]",5,0.2,0.5,0.28571428571428575,0.23719771276929622,1,2,5,1
smd,group1_development,machine-1-6,tranad_official,1,10,6412,6419,"[12, 0, 8, 3, 13, 14, 1, 2, 29, 11, 15, 9, 25, 24, 22, 23, 34, 10, 35, 4, 5, 31, 21, 6, 19, 20, 27, 30, 18, 33, 36, 16, 7, 28, 32, 17, 37, 26]",1,1.0,0.05263157894736842,0.1,1.0,1,19,1,1
smd,group1_development,machine-1-6,tranad_official,1,10,6412,6419,"[12, 0, 8, 3, 13, 14, 1, 2, 29, 11, 15, 9, 25, 24, 22, 23, 34, 10, 35, 4, 5, 31, 21, 6, 19, 20, 27, 30, 18, 33, 36, 16, 7, 28, 32, 17, 37, 26]",3,1.0,0.15789473684210525,0.2727272727272727,1.0,1,19,3,3
smd,group1_development,machine-1-6,tranad_official,1,10,6412,6419,"[12, 0, 8, 3, 13, 14, 1, 2, 29, 11, 15, 9, 25, 24, 22, 23, 34, 10, 35, 4, 5, 31, 21, 6, 19, 20, 27, 30, 18, 33, 36, 16, 7, 28, 32, 17, 37, 26]",5,0.6,0.15789473684210525,0.25,0.7227265726449519,1,19,5,3
smd,group1_development,machine-1-6,tranad_official,1,11,7851,7856,"[22, 24, 12, 9, 10, 8, 0, 25, 29, 14, 11, 3, 1, 15, 2, 13, 31, 4, 30, 6, 35, 34, 21, 20, 5, 27, 19, 23, 36, 33, 18, 16, 32, 28, 17, 7, 37, 26]",1,1.0,0.06666666666666667,0.125,1.0,1,15,1,1
smd,group1_development,machine-1-6,tranad_official,1,11,7851,7856,"[22, 24, 12, 9, 10, 8, 0, 25, 29, 14, 11, 3, 1, 15, 2, 13, 31, 4, 30, 6, 35, 34, 21, 20, 5, 27, 19, 23, 36, 33, 18, 16, 32, 28, 17, 7, 37, 26]",3,0.6666666666666666,0.13333333333333333,0.2222222222222222,0.7039180890341347,1,15,3,2
smd,group1_development,machine-1-6,tranad_official,1,11,7851,7856,"[22, 24, 12, 9, 10, 8, 0, 25, 29, 14, 11, 3, 1, 15, 2, 13, 31, 4, 30, 6, 35, 34, 21, 20, 5, 27, 19, 23, 36, 33, 18, 16, 32, 28, 17, 7, 37, 26]",5,0.8,0.26666666666666666,0.4,0.7860137352654724,1,15,5,4
smd,group1_development,machine-1-6,tranad_official,1,12,9291,9298,"[12, 13, 8, 0, 22, 15, 24, 9, 25, 3, 29, 14, 1, 2, 10, 11, 4, 34, 31, 23, 35, 6, 21, 5, 20, 19, 30, 27, 18, 33, 36, 32, 16, 28, 37, 7, 17, 26]",1,1.0,0.0625,0.11764705882352941,1.0,1,16,1,1
smd,group1_development,machine-1-6,tranad_official,1,12,9291,9298,"[12, 13, 8, 0, 22, 15, 24, 9, 25, 3, 29, 14, 1, 2, 10, 11, 4, 34, 31, 23, 35, 6, 21, 5, 20, 19, 30, 27, 18, 33, 36, 32, 16, 28, 37, 7, 17, 26]",3,0.6666666666666666,0.125,0.21052631578947367,0.7039180890341347,1,16,3,2
smd,group1_development,machine-1-6,tranad_official,1,12,9291,9298,"[12, 13, 8, 0, 22, 15, 24, 9, 25, 3, 29, 14, 1, 2, 10, 11, 4, 34, 31, 23, 35, 6, 21, 5, 20, 19, 30, 27, 18, 33, 36, 32, 16, 28, 37, 7, 17, 26]",5,0.8,0.25,0.38095238095238093,0.7860137352654724,1,16,5,4
smd,group1_development,machine-1-6,tranad_official,1,13,10731,10736,"[12, 13, 9, 15, 10, 0, 25, 8, 24, 3, 29, 22, 2, 1, 23, 4, 14, 11, 31, 6, 34, 35, 21, 20, 19, 30, 5, 18, 27, 16, 36, 32, 28, 37, 33, 7, 17, 26]",1,1.0,0.0625,0.11764705882352941,1.0,1,16,1,1
smd,group1_development,machine-1-6,tranad_official,1,13,10731,10736,"[12, 13, 9, 15, 10, 0, 25, 8, 24, 3, 29, 22, 2, 1, 23, 4, 14, 11, 31, 6, 34, 35, 21, 20, 19, 30, 5, 18, 27, 16, 36, 32, 28, 37, 33, 7, 17, 26]",3,0.6666666666666666,0.125,0.21052631578947367,0.7039180890341347,1,16,3,2
smd,group1_development,machine-1-6,tranad_official,1,13,10731,10736,"[12, 13, 9, 15, 10, 0, 25, 8, 24, 3, 29, 22, 2, 1, 23, 4, 14, 11, 31, 6, 34, 35, 21, 20, 19, 30, 5, 18, 27, 16, 36, 32, 28, 37, 33, 7, 17, 26]",5,0.6,0.1875,0.2857142857142857,0.639945385422766,1,16,5,3
smd,group1_development,machine-1-6,tranad_official,1,14,11467,11471,"[29, 12, 3, 24, 0, 13, 15, 1, 2, 8, 25, 22, 6, 9, 10, 14, 11, 34, 4, 35, 5, 30, 23, 27, 19, 20, 21, 31, 18, 33, 32, 16, 36, 28, 37, 17, 7, 26]",1,1.0,0.058823529411764705,0.1111111111111111,1.0,1,17,1,1
smd,group1_development,machine-1-6,tranad_official,1,14,11467,11471,"[29, 12, 3, 24, 0, 13, 15, 1, 2, 8, 25, 22, 6, 9, 10, 14, 11, 34, 4, 35, 5, 30, 23, 27, 19, 20, 21, 31, 18, 33, 32, 16, 36, 28, 37, 17, 7, 26]",3,0.6666666666666666,0.11764705882352941,0.2,0.7653606369886217,1,17,3,2
smd,group1_development,machine-1-6,tranad_official,1,14,11467,11471,"[29, 12, 3, 24, 0, 13, 15, 1, 2, 8, 25, 22, 6, 9, 10, 14, 11, 34, 4, 35, 5, 30, 23, 27, 19, 20, 21, 31, 18, 33, 32, 16, 36, 28, 37, 17, 7, 26]",5,0.6,0.17647058823529413,0.2727272727272727,0.6843515475204855,1,17,5,3
smd,group1_development,machine-1-6,tranad_official,1,15,12171,12176,"[12, 9, 8, 15, 0, 13, 10, 25, 29, 24, 1, 3, 22, 14, 2, 6, 4, 11, 31, 34, 35, 21, 30, 5, 20, 23, 19, 27, 18, 37, 16, 32, 36, 28, 7, 17, 33, 26]",1,1.0,0.058823529411764705,0.1111111111111111,1.0,1,17,1,1
smd,group1_development,machine-1-6,tranad_official,1,15,12171,12176,"[12, 9, 8, 15, 0, 13, 10, 25, 29, 24, 1, 3, 22, 14, 2, 6, 4, 11, 31, 34, 35, 21, 30, 5, 20, 23, 19, 27, 18, 37, 16, 32, 36, 28, 7, 17, 33, 26]",3,1.0,0.17647058823529413,0.3,1.0,1,17,3,3
smd,group1_development,machine-1-6,tranad_official,1,15,12171,12176,"[12, 9, 8, 15, 0, 13, 10, 25, 29, 24, 1, 3, 22, 14, 2, 6, 4, 11, 31, 34, 35, 21, 30, 5, 20, 23, 19, 27, 18, 37, 16, 32, 36, 28, 7, 17, 33, 26]",5,0.8,0.23529411764705882,0.3636363636363636,0.8539316501572937,1,17,5,4
smd,group1_development,machine-1-6,tranad_official,1,16,13069,13073,"[15, 13, 25, 24, 22, 3, 32, 6, 0, 29, 34, 30, 33, 4, 31, 35, 2, 12, 27, 14, 21, 18, 11, 23, 20, 5, 1, 8, 19, 16, 36, 17, 28, 26, 7, 37, 10, 9]",1,0.0,0.0,0.0,0.0,0,2,1,0
smd,group1_development,machine-1-6,tranad_official,1,16,13069,13073,"[15, 13, 25, 24, 22, 3, 32, 6, 0, 29, 34, 30, 33, 4, 31, 35, 2, 12, 27, 14, 21, 18, 11, 23, 20, 5, 1, 8, 19, 16, 36, 17, 28, 26, 7, 37, 10, 9]",3,0.0,0.0,0.0,0.0,0,2,3,0
smd,group1_development,machine-1-6,tranad_official,1,16,13069,13073,"[15, 13, 25, 24, 22, 3, 32, 6, 0, 29, 34, 30, 33, 4, 31, 35, 2, 12, 27, 14, 21, 18, 11, 23, 20, 5, 1, 8, 19, 16, 36, 17, 28, 26, 7, 37, 10, 9]",5,0.0,0.0,0.0,0.0,0,2,5,0
smd,group1_development,machine-1-6,tranad_official,1,17,13277,13280,"[16, 15, 22, 13, 24, 25, 35, 6, 34, 0, 4, 5, 31, 20, 3, 21, 29, 19, 12, 30, 14, 23, 18, 11, 2, 27, 8, 28, 32, 36, 37, 1, 7, 17, 9, 33, 10, 26]",1,1.0,1.0,1.0,1.0,1,1,1,1
smd,group1_development,machine-1-6,tranad_official,1,17,13277,13280,"[16, 15, 22, 13, 24, 25, 35, 6, 34, 0, 4, 5, 31, 20, 3, 21, 29, 19, 12, 30, 14, 23, 18, 11, 2, 27, 8, 28, 32, 36, 37, 1, 7, 17, 9, 33, 10, 26]",3,0.3333333333333333,1.0,0.5,1.0,1,1,3,1
smd,group1_development,machine-1-6,tranad_official,1,17,13277,13280,"[16, 15, 22, 13, 24, 25, 35, 6, 34, 0, 4, 5, 31, 20, 3, 21, 29, 19, 12, 30, 14, 23, 18, 11, 2, 27, 8, 28, 32, 36, 37, 1, 7, 17, 9, 33, 10, 26]",5,0.2,1.0,0.33333333333333337,1.0,1,1,5,1
smd,group1_development,machine-1-6,tranad_official,1,18,13613,13619,"[12, 15, 13, 8, 0, 29, 9, 3, 24, 22, 25, 14, 2, 4, 11, 23, 10, 1, 6, 34, 35, 31, 21, 20, 30, 27, 19, 18, 5, 33, 32, 28, 36, 37, 16, 7, 17, 26]",1,1.0,0.125,0.2222222222222222,1.0,1,8,1,1
smd,group1_development,machine-1-6,tranad_official,1,18,13613,13619,"[12, 15, 13, 8, 0, 29, 9, 3, 24, 22, 25, 14, 2, 4, 11, 23, 10, 1, 6, 34, 35, 31, 21, 20, 30, 27, 19, 18, 5, 33, 32, 28, 36, 37, 16, 7, 17, 26]",3,0.3333333333333333,0.125,0.18181818181818182,0.46927872602275644,1,8,3,1
smd,group1_development,machine-1-6,tranad_official,1,18,13613,13619,"[12, 15, 13, 8, 0, 29, 9, 3, 24, 22, 25, 14, 2, 4, 11, 23, 10, 1, 6, 34, 35, 31, 21, 20, 30, 27, 19, 18, 5, 33, 32, 28, 36, 37, 16, 7, 17, 26]",5,0.6,0.375,0.4615384615384615,0.6164336326286644,1,8,5,3
smd,group1_development,machine-1-6,tranad_official,1,19,14603,14607,"[36, 4, 24, 25, 22, 30, 29, 15, 21, 35, 9, 0, 3, 20, 12, 13, 19, 31, 18, 37, 34, 27, 8, 2, 6, 11, 10, 14, 1, 23, 5, 33, 32, 16, 17, 28, 7, 26]",1,1.0,0.1,0.18181818181818182,1.0,1,10,1,1
smd,group1_development,machine-1-6,tranad_official,1,19,14603,14607,"[36, 4, 24, 25, 22, 30, 29, 15, 21, 35, 9, 0, 3, 20, 12, 13, 19, 31, 18, 37, 34, 27, 8, 2, 6, 11, 10, 14, 1, 23, 5, 33, 32, 16, 17, 28, 7, 26]",3,0.3333333333333333,0.1,0.15384615384615383,0.46927872602275644,1,10,3,1
smd,group1_development,machine-1-6,tranad_official,1,19,14603,14607,"[36, 4, 24, 25, 22, 30, 29, 15, 21, 35, 9, 0, 3, 20, 12, 13, 19, 31, 18, 37, 34, 27, 8, 2, 6, 11, 10, 14, 1, 23, 5, 33, 32, 16, 17, 28, 7, 26]",5,0.2,0.1,0.13333333333333333,0.3391602052736161,1,10,5,1
smd,group1_development,machine-1-6,tranad_official,1,20,15052,15055,"[13, 12, 9, 10, 15, 24, 0, 22, 8, 29, 6, 25, 34, 4, 35, 3, 14, 11, 30, 1, 2, 31, 27, 18, 21, 20, 23, 5, 19, 16, 33, 32, 37, 28, 7, 36, 17, 26]",1,0.0,0.0,0.0,0.0,0,4,1,0
smd,group1_development,machine-1-6,tranad_official,1,20,15052,15055,"[13, 12, 9, 10, 15, 24, 0, 22, 8, 29, 6, 25, 34, 4, 35, 3, 14, 11, 30, 1, 2, 31, 27, 18, 21, 20, 23, 5, 19, 16, 33, 32, 37, 28, 7, 36, 17, 26]",3,0.6666666666666666,0.5,0.5714285714285715,0.5307212739772434,1,4,3,2
smd,group1_development,machine-1-6,tranad_official,1,20,15052,15055,"[13, 12, 9, 10, 15, 24, 0, 22, 8, 29, 6, 25, 34, 4, 35, 3, 14, 11, 30, 1, 2, 31, 27, 18, 21, 20, 23, 5, 19, 16, 33, 32, 37, 28, 7, 36, 17, 26]",5,0.6,0.75,0.6666666666666665,0.6096199500078984,1,4,5,3
smd,group1_development,machine-1-6,tranad_official,1,21,15397,15401,"[11, 12, 15, 6, 22, 13, 14, 24, 25, 0, 4, 3, 8, 34, 35, 29, 1, 2, 31, 30, 5, 27, 21, 20, 9, 18, 23, 19, 10, 28, 16, 37, 33, 36, 7, 32, 17, 26]",1,1.0,0.3333333333333333,0.5,1.0,1,3,1,1
smd,group1_development,machine-1-6,tranad_official,1,21,15397,15401,"[11, 12, 15, 6, 22, 13, 14, 24, 25, 0, 4, 3, 8, 34, 35, 29, 1, 2, 31, 30, 5, 27, 21, 20, 9, 18, 23, 19, 10, 28, 16, 37, 33, 36, 7, 32, 17, 26]",3,0.6666666666666666,0.6666666666666666,0.6666666666666666,0.7653606369886217,1,3,3,2
smd,group1_development,machine-1-6,tranad_official,1,21,15397,15401,"[11, 12, 15, 6, 22, 13, 14, 24, 25, 0, 4, 3, 8, 34, 35, 29, 1, 2, 31, 30, 5, 27, 21, 20, 9, 18, 23, 19, 10, 28, 16, 37, 33, 36, 7, 32, 17, 26]",5,0.4,0.6666666666666666,0.5,0.7653606369886217,1,3,5,2
smd,group1_development,machine-1-6,tranad_official,1,22,15802,15805,"[9, 13, 15, 24, 25, 22, 12, 3, 6, 10, 29, 0, 4, 34, 8, 2, 1, 30, 35, 31, 14, 5, 18, 27, 11, 21, 23, 20, 19, 33, 32, 16, 36, 17, 28, 7, 37, 26]",1,1.0,0.25,0.4,1.0,1,4,1,1
smd,group1_development,machine-1-6,tranad_official,1,22,15802,15805,"[9, 13, 15, 24, 25, 22, 12, 3, 6, 10, 29, 0, 4, 34, 8, 2, 1, 30, 35, 31, 14, 5, 18, 27, 11, 21, 23, 20, 19, 33, 32, 16, 36, 17, 28, 7, 37, 26]",3,0.3333333333333333,0.25,0.28571428571428575,0.46927872602275644,1,4,3,1
smd,group1_development,machine-1-6,tranad_official,1,22,15802,15805,"[9, 13, 15, 24, 25, 22, 12, 3, 6, 10, 29, 0, 4, 34, 8, 2, 1, 30, 35, 31, 14, 5, 18, 27, 11, 21, 23, 20, 19, 33, 32, 16, 36, 17, 28, 7, 37, 26]",5,0.2,0.25,0.22222222222222224,0.3903800499921017,1,4,5,1
smd,group1_development,machine-1-6,tranad_official,1,23,16491,16499,"[12, 8, 3, 0, 14, 6, 11, 24, 29, 15, 2, 13, 22, 1, 9, 25, 4, 34, 35, 10, 30, 31, 27, 5, 21, 20, 18, 19, 33, 23, 16, 37, 28, 7, 36, 32, 17, 26]",1,1.0,0.125,0.2222222222222222,1.0,1,8,1,1
smd,group1_development,machine-1-6,tranad_official,1,23,16491,16499,"[12, 8, 3, 0, 14, 6, 11, 24, 29, 15, 2, 13, 22, 1, 9, 25, 4, 34, 35, 10, 30, 31, 27, 5, 21, 20, 18, 19, 33, 23, 16, 37, 28, 7, 36, 32, 17, 26]",3,0.6666666666666666,0.25,0.36363636363636365,0.7653606369886217,1,8,3,2
smd,group1_development,machine-1-6,tranad_official,1,23,16491,16499,"[12, 8, 3, 0, 14, 6, 11, 24, 29, 15, 2, 13, 22, 1, 9, 25, 4, 34, 35, 10, 30, 31, 27, 5, 21, 20, 18, 19, 33, 23, 16, 37, 28, 7, 36, 32, 17, 26]",5,0.8,0.5,0.6153846153846154,0.830419897363192,1,8,5,4
smd,group1_development,machine-1-6,tranad_official,1,24,16718,16721,"[13, 15, 22, 6, 9, 24, 25, 10, 4, 12, 0, 34, 35, 8, 29, 11, 14, 31, 3, 5, 30, 1, 2, 18, 21, 20, 19, 27, 28, 37, 16, 23, 32, 7, 36, 17, 33, 26]",1,0.0,0.0,0.0,0.0,0,4,1,0
smd,group1_development,machine-1-6,tranad_official,1,24,16718,16721,"[13, 15, 22, 6, 9, 24, 25, 10, 4, 12, 0, 34, 35, 8, 29, 11, 14, 31, 3, 5, 30, 1, 2, 18, 21, 20, 19, 27, 28, 37, 16, 23, 32, 7, 36, 17, 33, 26]",3,0.0,0.0,0.0,0.0,0,4,3,0
smd,group1_development,machine-1-6,tranad_official,1,24,16718,16721,"[13, 15, 22, 6, 9, 24, 25, 10, 4, 12, 0, 34, 35, 8, 29, 11, 14, 31, 3, 5, 30, 1, 2, 18, 21, 20, 19, 27, 28, 37, 16, 23, 32, 7, 36, 17, 33, 26]",5,0.2,0.25,0.22222222222222224,0.15101961822780524,1,4,5,1
smd,group1_development,machine-1-6,tranad_official,1,25,16972,16976,"[11, 13, 22, 12, 6, 24, 15, 14, 0, 29, 25, 4, 35, 34, 8, 3, 31, 30, 1, 27, 2, 21, 5, 20, 18, 19, 9, 23, 10, 33, 28, 16, 36, 37, 7, 32, 17, 26]",1,1.0,0.25,0.4,1.0,1,4,1,1
smd,group1_development,machine-1-6,tranad_official,1,25,16972,16976,"[11, 13, 22, 12, 6, 24, 15, 14, 0, 29, 25, 4, 35, 34, 8, 3, 31, 30, 1, 27, 2, 21, 5, 20, 18, 19, 9, 23, 10, 33, 28, 16, 36, 37, 7, 32, 17, 26]",3,0.3333333333333333,0.25,0.28571428571428575,0.46927872602275644,1,4,3,1
smd,group1_development,machine-1-6,tranad_official,1,25,16972,16976,"[11, 13, 22, 12, 6, 24, 15, 14, 0, 29, 25, 4, 35, 34, 8, 3, 31, 30, 1, 27, 2, 21, 5, 20, 18, 19, 9, 23, 10, 33, 28, 16, 36, 37, 7, 32, 17, 26]",5,0.4,0.5,0.4444444444444445,0.5585075862632192,1,4,5,2
smd,group1_development,machine-1-6,tranad_official,1,26,17931,17939,"[12, 6, 8, 0, 3, 14, 24, 29, 11, 22, 2, 15, 1, 5, 4, 9, 25, 13, 23, 34, 35, 10, 30, 27, 31, 21, 20, 18, 19, 33, 16, 28, 37, 7, 32, 36, 17, 26]",1,1.0,0.05263157894736842,0.1,1.0,1,19,1,1
smd,group1_development,machine-1-6,tranad_official,1,26,17931,17939,"[12, 6, 8, 0, 3, 14, 24, 29, 11, 22, 2, 15, 1, 5, 4, 9, 25, 13, 23, 34, 35, 10, 30, 27, 31, 21, 20, 18, 19, 33, 16, 28, 37, 7, 32, 36, 17, 26]",3,0.6666666666666666,0.10526315789473684,0.18181818181818182,0.7039180890341347,1,19,3,2
smd,group1_development,machine-1-6,tranad_official,1,26,17931,17939,"[12, 6, 8, 0, 3, 14, 24, 29, 11, 22, 2, 15, 1, 5, 4, 9, 25, 13, 23, 34, 35, 10, 30, 27, 31, 21, 20, 18, 19, 33, 16, 28, 37, 7, 32, 36, 17, 26]",5,0.6,0.15789473684210525,0.25,0.6548086577531307,1,19,5,3
smd,group1_development,machine-1-6,tranad_official,1,27,18600,21761,"[15, 0, 3, 22, 6, 13, 23, 24, 2, 21, 30, 35, 29, 31, 34, 1, 11, 12, 5, 19, 4, 14, 18, 20, 37, 27, 28, 25, 8, 32, 33, 36, 9, 10, 17, 16, 26, 7]",1,1.0,0.047619047619047616,0.0909090909090909,1.0,1,21,1,1
smd,group1_development,machine-1-6,tranad_official,1,27,18600,21761,"[15, 0, 3, 22, 6, 13, 23, 24, 2, 21, 30, 35, 29, 31, 34, 1, 11, 12, 5, 19, 4, 14, 18, 20, 37, 27, 28, 25, 8, 32, 33, 36, 9, 10, 17, 16, 26, 7]",3,1.0,0.14285714285714285,0.25,1.0,1,21,3,3
smd,group1_development,machine-1-6,tranad_official,1,27,18600,21761,"[15, 0, 3, 22, 6, 13, 23, 24, 2, 21, 30, 35, 29, 31, 34, 1, 11, 12, 5, 19, 4, 14, 18, 20, 37, 27, 28, 25, 8, 32, 33, 36, 9, 10, 17, 16, 26, 7]",5,0.8,0.19047619047619047,0.3076923076923077,0.8687949224876582,1,21,5,4
smd,group1_development,machine-1-6,tranad_official,1,28,22252,22260,"[12, 6, 11, 25, 4, 8, 0, 14, 23, 9, 29, 22, 3, 10, 2, 1, 18, 27, 13, 35, 34, 15, 19, 5, 21, 20, 24, 31, 30, 37, 16, 7, 33, 28, 26, 32, 36, 17]",1,1.0,0.3333333333333333,0.5,1.0,1,3,1,1
smd,group1_development,machine-1-6,tranad_official,1,28,22252,22260,"[12, 6, 11, 25, 4, 8, 0, 14, 23, 9, 29, 22, 3, 10, 2, 1, 18, 27, 13, 35, 34, 15, 19, 5, 21, 20, 24, 31, 30, 37, 16, 7, 33, 28, 26, 32, 36, 17]",3,0.3333333333333333,0.3333333333333333,0.3333333333333333,0.46927872602275644,1,3,3,1
smd,group1_development,machine-1-6,tranad_official,1,28,22252,22260,"[12, 6, 11, 25, 4, 8, 0, 14, 23, 9, 29, 22, 3, 10, 2, 1, 18, 27, 13, 35, 34, 15, 19, 5, 21, 20, 24, 31, 30, 37, 16, 7, 33, 28, 26, 32, 36, 17]",5,0.2,0.3333333333333333,0.25,0.46927872602275644,1,3,5,1
smd,group1_development,machine-1-6,tranad_official,1,29,22417,22420,"[6, 25, 10, 4, 15, 23, 22, 9, 12, 0, 11, 3, 5, 24, 29, 18, 37, 31, 20, 1, 35, 14, 16, 7, 33, 21, 30, 8, 28, 34, 2, 26, 27, 13, 32, 19, 17, 36]",1,0.0,0.0,0.0,0.0,0,2,1,0
smd,group1_development,machine-1-6,tranad_official,1,29,22417,22420,"[6, 25, 10, 4, 15, 23, 22, 9, 12, 0, 11, 3, 5, 24, 29, 18, 37, 31, 20, 1, 35, 14, 16, 7, 33, 21, 30, 8, 28, 34, 2, 26, 27, 13, 32, 19, 17, 36]",3,0.3333333333333333,0.5,0.4,0.3065735963827292,1,2,3,1
smd,group1_development,machine-1-6,tranad_official,1,29,22417,22420,"[6, 25, 10, 4, 15, 23, 22, 9, 12, 0, 11, 3, 5, 24, 29, 18, 37, 31, 20, 1, 35, 14, 16, 7, 33, 21, 30, 8, 28, 34, 2, 26, 27, 13, 32, 19, 17, 36]",5,0.2,0.5,0.28571428571428575,0.3065735963827292,1,2,5,1
smd,group1_development,machine-1-6,tranad_official,2,0,246,252,"[9, 12, 10, 11, 6, 0, 5, 8, 18, 14, 22, 35, 19, 21, 24, 31, 1, 20, 27, 30, 4, 34, 37, 13, 36, 16, 29, 28, 23, 32, 33, 15, 25, 7, 2, 17, 3, 26]",1,1.0,0.09090909090909091,0.16666666666666669,1.0,1,11,1,1
smd,group1_development,machine-1-6,tranad_official,2,0,246,252,"[9, 12, 10, 11, 6, 0, 5, 8, 18, 14, 22, 35, 19, 21, 24, 31, 1, 20, 27, 30, 4, 34, 37, 13, 36, 16, 29, 28, 23, 32, 33, 15, 25, 7, 2, 17, 3, 26]",3,1.0,0.2727272727272727,0.42857142857142855,1.0,1,11,3,3
smd,group1_development,machine-1-6,tranad_official,2,0,246,252,"[9, 12, 10, 11, 6, 0, 5, 8, 18, 14, 22, 35, 19, 21, 24, 31, 1, 20, 27, 30, 4, 34, 37, 13, 36, 16, 29, 28, 23, 32, 33, 15, 25, 7, 2, 17, 3, 26]",5,0.8,0.36363636363636365,0.5000000000000001,0.8687949224876582,1,11,5,4
smd,group1_development,machine-1-6,tranad_official,2,1,653,658,"[12, 8, 0, 11, 14, 9, 1, 10, 2, 6, 3, 29, 22, 4, 35, 25, 15, 5, 34, 13, 24, 33, 23, 31, 30, 18, 21, 7, 37, 20, 19, 27, 26, 16, 28, 32, 36, 17]",1,1.0,0.05,0.09523809523809523,1.0,1,20,1,1
smd,group1_development,machine-1-6,tranad_official,2,1,653,658,"[12, 8, 0, 11, 14, 9, 1, 10, 2, 6, 3, 29, 22, 4, 35, 25, 15, 5, 34, 13, 24, 33, 23, 31, 30, 18, 21, 7, 37, 20, 19, 27, 26, 16, 28, 32, 36, 17]",3,1.0,0.15,0.2608695652173913,1.0,1,20,3,3
smd,group1_development,machine-1-6,tranad_official,2,1,653,658,"[12, 8, 0, 11, 14, 9, 1, 10, 2, 6, 3, 29, 22, 4, 35, 25, 15, 5, 34, 13, 24, 33, 23, 31, 30, 18, 21, 7, 37, 20, 19, 27, 26, 16, 28, 32, 36, 17]",5,1.0,0.25,0.4,1.0,1,20,5,5
smd,group1_development,machine-1-6,tranad_official,2,2,2092,2100,"[12, 8, 14, 11, 0, 2, 3, 1, 9, 29, 6, 10, 4, 25, 22, 27, 35, 24, 5, 21, 30, 15, 13, 34, 19, 23, 33, 20, 31, 7, 37, 18, 26, 16, 28, 32, 17, 36]",1,1.0,0.05,0.09523809523809523,1.0,1,20,1,1
smd,group1_development,machine-1-6,tranad_official,2,2,2092,2100,"[12, 8, 14, 11, 0, 2, 3, 1, 9, 29, 6, 10, 4, 25, 22, 27, 35, 24, 5, 21, 30, 15, 13, 34, 19, 23, 33, 20, 31, 7, 37, 18, 26, 16, 28, 32, 17, 36]",3,1.0,0.15,0.2608695652173913,1.0,1,20,3,3
smd,group1_development,machine-1-6,tranad_official,2,2,2092,2100,"[12, 8, 14, 11, 0, 2, 3, 1, 9, 29, 6, 10, 4, 25, 22, 27, 35, 24, 5, 21, 30, 15, 13, 34, 19, 23, 33, 20, 31, 7, 37, 18, 26, 16, 28, 32, 17, 36]",5,1.0,0.25,0.4,1.0,1,20,5,5
smd,group1_development,machine-1-6,tranad_official,2,3,2884,2888,"[35, 4, 5, 34, 6, 24, 19, 15, 22, 18, 31, 27, 20, 0, 13, 1, 23, 3, 21, 9, 10, 14, 37, 36, 16, 11, 12, 7, 28, 29, 30, 25, 32, 2, 8, 17, 33, 26]",1,0.0,0.0,0.0,0.0,0,1,1,0
smd,group1_development,machine-1-6,tranad_official,2,3,2884,2888,"[35, 4, 5, 34, 6, 24, 19, 15, 22, 18, 31, 27, 20, 0, 13, 1, 23, 3, 21, 9, 10, 14, 37, 36, 16, 11, 12, 7, 28, 29, 30, 25, 32, 2, 8, 17, 33, 26]",3,0.3333333333333333,1.0,0.5,0.5,1,1,3,1
smd,group1_development,machine-1-6,tranad_official,2,3,2884,2888,"[35, 4, 5, 34, 6, 24, 19, 15, 22, 18, 31, 27, 20, 0, 13, 1, 23, 3, 21, 9, 10, 14, 37, 36, 16, 11, 12, 7, 28, 29, 30, 25, 32, 2, 8, 17, 33, 26]",5,0.2,1.0,0.33333333333333337,0.5,1,1,5,1
smd,group1_development,machine-1-6,tranad_official,2,4,3534,3539,"[12, 4, 8, 25, 0, 9, 14, 11, 10, 22, 35, 1, 2, 31, 17, 29, 24, 3, 6, 33, 5, 34, 7, 26, 37, 15, 19, 27, 13, 28, 18, 21, 16, 30, 32, 23, 20, 36]",1,1.0,0.06666666666666667,0.125,1.0,1,15,1,1
smd,group1_development,machine-1-6,tranad_official,2,4,3534,3539,"[12, 4, 8, 25, 0, 9, 14, 11, 10, 22, 35, 1, 2, 31, 17, 29, 24, 3, 6, 33, 5, 34, 7, 26, 37, 15, 19, 27, 13, 28, 18, 21, 16, 30, 32, 23, 20, 36]",3,0.6666666666666666,0.13333333333333333,0.2222222222222222,0.7039180890341347,1,15,3,2
smd,group1_development,machine-1-6,tranad_official,2,4,3534,3539,"[12, 4, 8, 25, 0, 9, 14, 11, 10, 22, 35, 1, 2, 31, 17, 29, 24, 3, 6, 33, 5, 34, 7, 26, 37, 15, 19, 27, 13, 28, 18, 21, 16, 30, 32, 23, 20, 36]",5,0.6,0.2,0.3,0.639945385422766,1,15,5,3
smd,group1_development,machine-1-6,tranad_official,2,5,4647,5045,"[13, 15, 23, 25, 22, 24, 5, 29, 11, 12, 4, 14, 27, 6, 35, 8, 31, 18, 34, 9, 0, 2, 32, 3, 10, 19, 21, 1, 17, 30, 16, 20, 37, 33, 7, 28, 36, 26]",1,0.0,0.0,0.0,0.0,0,9,1,0
smd,group1_development,machine-1-6,tranad_official,2,5,4647,5045,"[13, 15, 23, 25, 22, 24, 5, 29, 11, 12, 4, 14, 27, 6, 35, 8, 31, 18, 34, 9, 0, 2, 32, 3, 10, 19, 21, 1, 17, 30, 16, 20, 37, 33, 7, 28, 36, 26]",3,0.0,0.0,0.0,0.0,0,9,3,0
smd,group1_development,machine-1-6,tranad_official,2,5,4647,5045,"[13, 15, 23, 25, 22, 24, 5, 29, 11, 12, 4, 14, 27, 6, 35, 8, 31, 18, 34, 9, 0, 2, 32, 3, 10, 19, 21, 1, 17, 30, 16, 20, 37, 33, 7, 28, 36, 26]",5,0.0,0.0,0.0,0.0,0,9,5,0
smd,group1_development,machine-1-6,tranad_official,2,6,5167,5172,"[13, 17, 12, 15, 25, 8, 23, 9, 0, 11, 10, 14, 4, 2, 6, 18, 24, 29, 21, 30, 1, 19, 3, 5, 35, 37, 20, 34, 27, 22, 7, 33, 28, 31, 16, 26, 32, 36]",1,0.0,0.0,0.0,0.0,0,5,1,0
smd,group1_development,machine-1-6,tranad_official,2,6,5167,5172,"[13, 17, 12, 15, 25, 8, 23, 9, 0, 11, 10, 14, 4, 2, 6, 18, 24, 29, 21, 30, 1, 19, 3, 5, 35, 37, 20, 34, 27, 22, 7, 33, 28, 31, 16, 26, 32, 36]",3,0.6666666666666666,0.4,0.5,0.5307212739772434,1,5,3,2
smd,group1_development,machine-1-6,tranad_official,2,6,5167,5172,"[13, 17, 12, 15, 25, 8, 23, 9, 0, 11, 10, 14, 4, 2, 6, 18, 24, 29, 21, 30, 1, 19, 3, 5, 35, 37, 20, 34, 27, 22, 7, 33, 28, 31, 16, 26, 32, 36]",5,0.4,0.4,0.4000000000000001,0.38356636737133565,1,5,5,2
smd,group1_development,machine-1-6,tranad_official,2,7,5708,5713,"[13, 15, 9, 12, 29, 10, 25, 8, 11, 22, 23, 24, 0, 27, 2, 14, 3, 4, 35, 1, 18, 30, 34, 5, 21, 20, 31, 19, 6, 33, 37, 17, 28, 16, 36, 7, 32, 26]",1,0.0,0.0,0.0,0.0,0,4,1,0
smd,group1_development,machine-1-6,tranad_official,2,7,5708,5713,"[13, 15, 9, 12, 29, 10, 25, 8, 11, 22, 23, 24, 0, 27, 2, 14, 3, 4, 35, 1, 18, 30, 34, 5, 21, 20, 31, 19, 6, 33, 37, 17, 28, 16, 36, 7, 32, 26]",3,0.3333333333333333,0.25,0.28571428571428575,0.23463936301137822,1,4,3,1
smd,group1_development,machine-1-6,tranad_official,2,7,5708,5713,"[13, 15, 9, 12, 29, 10, 25, 8, 11, 22, 23, 24, 0, 27, 2, 14, 3, 4, 35, 1, 18, 30, 34, 5, 21, 20, 31, 19, 6, 33, 37, 17, 28, 16, 36, 7, 32, 26]",5,0.4,0.5,0.4444444444444445,0.36331756126716835,1,4,5,2
smd,group1_development,machine-1-6,tranad_official,2,8,5873,5885,"[13, 10, 3, 15, 12, 25, 2, 9, 1, 23, 0, 11, 8, 22, 27, 14, 5, 29, 4, 18, 31, 21, 24, 30, 35, 20, 19, 34, 6, 37, 33, 16, 28, 17, 36, 7, 32, 26]",1,0.0,0.0,0.0,0.0,0,14,1,0
smd,group1_development,machine-1-6,tranad_official,2,8,5873,5885,"[13, 10, 3, 15, 12, 25, 2, 9, 1, 23, 0, 11, 8, 22, 27, 14, 5, 29, 4, 18, 31, 21, 24, 30, 35, 20, 19, 34, 6, 37, 33, 16, 28, 17, 36, 7, 32, 26]",3,0.3333333333333333,0.07142857142857142,0.11764705882352941,0.2960819109658652,1,14,3,1
smd,group1_development,machine-1-6,tranad_official,2,8,5873,5885,"[13, 10, 3, 15, 12, 25, 2, 9, 1, 23, 0, 11, 8, 22, 27, 14, 5, 29, 4, 18, 31, 21, 24, 30, 35, 20, 19, 34, 6, 37, 33, 16, 28, 17, 36, 7, 32, 26]",5,0.4,0.14285714285714285,0.21052631578947364,0.34519134224686937,1,14,5,2
smd,group1_development,machine-1-6,tranad_official,2,9,6022,6027,"[13, 15, 32, 33, 29, 24, 22, 25, 12, 35, 27, 11, 34, 2, 0, 14, 23, 3, 8, 30, 4, 19, 21, 5, 1, 31, 18, 20, 6, 28, 9, 37, 16, 17, 36, 10, 7, 26]",1,0.0,0.0,0.0,0.0,0,2,1,0
smd,group1_development,machine-1-6,tranad_official,2,9,6022,6027,"[13, 15, 32, 33, 29, 24, 22, 25, 12, 35, 27, 11, 34, 2, 0, 14, 23, 3, 8, 30, 4, 19, 21, 5, 1, 31, 18, 20, 6, 28, 9, 37, 16, 17, 36, 10, 7, 26]",3,0.3333333333333333,0.5,0.4,0.3065735963827292,1,2,3,1
smd,group1_development,machine-1-6,tranad_official,2,9,6022,6027,"[13, 15, 32, 33, 29, 24, 22, 25, 12, 35, 27, 11, 34, 2, 0, 14, 23, 3, 8, 30, 4, 19, 21, 5, 1, 31, 18, 20, 6, 28, 9, 37, 16, 17, 36, 10, 7, 26]",5,0.4,1.0,0.5714285714285715,0.5706417189553201,1,2,5,2
smd,group1_development,machine-1-6,tranad_official,2,10,6412,6419,"[12, 0, 8, 13, 14, 3, 11, 29, 2, 1, 24, 15, 9, 22, 23, 27, 25, 10, 34, 35, 4, 30, 21, 5, 31, 18, 19, 20, 6, 37, 33, 17, 7, 28, 16, 26, 36, 32]",1,1.0,0.05263157894736842,0.1,1.0,1,19,1,1
smd,group1_development,machine-1-6,tranad_official,2,10,6412,6419,"[12, 0, 8, 13, 14, 3, 11, 29, 2, 1, 24, 15, 9, 22, 23, 27, 25, 10, 34, 35, 4, 30, 21, 5, 31, 18, 19, 20, 6, 37, 33, 17, 7, 28, 16, 26, 36, 32]",3,1.0,0.15789473684210525,0.2727272727272727,1.0,1,19,3,3
smd,group1_development,machine-1-6,tranad_official,2,10,6412,6419,"[12, 0, 8, 13, 14, 3, 11, 29, 2, 1, 24, 15, 9, 22, 23, 27, 25, 10, 34, 35, 4, 30, 21, 5, 31, 18, 19, 20, 6, 37, 33, 17, 7, 28, 16, 26, 36, 32]",5,0.8,0.21052631578947367,0.3333333333333333,0.8539316501572937,1,19,5,4
smd,group1_development,machine-1-6,tranad_official,2,11,7851,7856,"[22, 12, 24, 9, 0, 8, 10, 29, 14, 11, 15, 1, 27, 21, 31, 2, 3, 13, 25, 4, 18, 34, 30, 35, 20, 5, 19, 6, 23, 33, 37, 28, 17, 16, 7, 36, 32, 26]",1,1.0,0.06666666666666667,0.125,1.0,1,15,1,1
smd,group1_development,machine-1-6,tranad_official,2,11,7851,7856,"[22, 12, 24, 9, 0, 8, 10, 29, 14, 11, 15, 1, 27, 21, 31, 2, 3, 13, 25, 4, 18, 34, 30, 35, 20, 5, 19, 6, 23, 33, 37, 28, 17, 16, 7, 36, 32, 26]",3,0.6666666666666666,0.13333333333333333,0.2222222222222222,0.7653606369886217,1,15,3,2
smd,group1_development,machine-1-6,tranad_official,2,11,7851,7856,"[22, 12, 24, 9, 0, 8, 10, 29, 14, 11, 15, 1, 27, 21, 31, 2, 3, 13, 25, 4, 18, 34, 30, 35, 20, 5, 19, 6, 23, 33, 37, 28, 17, 16, 7, 36, 32, 26]",5,0.8,0.26666666666666666,0.4,0.830419897363192,1,15,5,4
smd,group1_development,machine-1-6,tranad_official,2,12,9291,9298,"[12, 8, 0, 13, 15, 24, 22, 29, 9, 3, 14, 2, 1, 10, 11, 27, 25, 4, 21, 31, 34, 30, 23, 35, 18, 20, 5, 19, 6, 37, 33, 7, 28, 17, 16, 26, 36, 32]",1,1.0,0.0625,0.11764705882352941,1.0,1,16,1,1
smd,group1_development,machine-1-6,tranad_official,2,12,9291,9298,"[12, 8, 0, 13, 15, 24, 22, 29, 9, 3, 14, 2, 1, 10, 11, 27, 25, 4, 21, 31, 34, 30, 23, 35, 18, 20, 5, 19, 6, 37, 33, 7, 28, 17, 16, 26, 36, 32]",3,1.0,0.1875,0.3157894736842105,1.0,1,16,3,3
smd,group1_development,machine-1-6,tranad_official,2,12,9291,9298,"[12, 8, 0, 13, 15, 24, 22, 29, 9, 3, 14, 2, 1, 10, 11, 27, 25, 4, 21, 31, 34, 30, 23, 35, 18, 20, 5, 19, 6, 37, 33, 7, 28, 17, 16, 26, 36, 32]",5,0.6,0.1875,0.2857142857142857,0.7227265726449519,1,16,5,3
smd,group1_development,machine-1-6,tranad_official,2,13,10731,10736,"[12, 13, 15, 9, 0, 10, 8, 24, 29, 3, 22, 2, 25, 1, 11, 23, 14, 4, 27, 21, 31, 30, 6, 34, 35, 20, 5, 19, 18, 37, 7, 33, 28, 17, 16, 26, 36, 32]",1,1.0,0.0625,0.11764705882352941,1.0,1,16,1,1
smd,group1_development,machine-1-6,tranad_official,2,13,10731,10736,"[12, 13, 15, 9, 0, 10, 8, 24, 29, 3, 22, 2, 25, 1, 11, 23, 14, 4, 27, 21, 31, 30, 6, 34, 35, 20, 5, 19, 18, 37, 7, 33, 28, 17, 16, 26, 36, 32]",3,0.3333333333333333,0.0625,0.10526315789473684,0.46927872602275644,1,16,3,1
smd,group1_development,machine-1-6,tranad_official,2,13,10731,10736,"[12, 13, 15, 9, 0, 10, 8, 24, 29, 3, 22, 2, 25, 1, 11, 23, 14, 4, 27, 21, 31, 30, 6, 34, 35, 20, 5, 19, 18, 37, 7, 33, 28, 17, 16, 26, 36, 32]",5,0.6,0.1875,0.2857142857142857,0.6164336326286644,1,16,5,3
smd,group1_development,machine-1-6,tranad_official,2,14,11467,11471,"[29, 12, 0, 24, 15, 13, 3, 1, 8, 2, 27, 11, 22, 9, 6, 14, 10, 30, 21, 34, 4, 35, 25, 5, 23, 20, 19, 31, 18, 33, 37, 7, 28, 17, 16, 32, 36, 26]",1,1.0,0.058823529411764705,0.1111111111111111,1.0,1,17,1,1
smd,group1_development,machine-1-6,tranad_official,2,14,11467,11471,"[29, 12, 0, 24, 15, 13, 3, 1, 8, 2, 27, 11, 22, 9, 6, 14, 10, 30, 21, 34, 4, 35, 25, 5, 23, 20, 19, 31, 18, 33, 37, 7, 28, 17, 16, 32, 36, 26]",3,1.0,0.17647058823529413,0.3,1.0,1,17,3,3
smd,group1_development,machine-1-6,tranad_official,2,14,11467,11471,"[29, 12, 0, 24, 15, 13, 3, 1, 8, 2, 27, 11, 22, 9, 6, 14, 10, 30, 21, 34, 4, 35, 25, 5, 23, 20, 19, 31, 18, 33, 37, 7, 28, 17, 16, 32, 36, 26]",5,0.6,0.17647058823529413,0.2727272727272727,0.7227265726449519,1,17,5,3
smd,group1_development,machine-1-6,tranad_official,2,15,12171,12176,"[12, 9, 8, 0, 15, 13, 29, 10, 24, 1, 22, 3, 2, 14, 25, 11, 4, 6, 27, 21, 30, 31, 34, 35, 20, 19, 5, 23, 37, 18, 33, 7, 26, 28, 17, 36, 16, 32]",1,1.0,0.058823529411764705,0.1111111111111111,1.0,1,17,1,1
smd,group1_development,machine-1-6,tranad_official,2,15,12171,12176,"[12, 9, 8, 0, 15, 13, 29, 10, 24, 1, 22, 3, 2, 14, 25, 11, 4, 6, 27, 21, 30, 31, 34, 35, 20, 19, 5, 23, 37, 18, 33, 7, 26, 28, 17, 36, 16, 32]",3,1.0,0.17647058823529413,0.3,1.0,1,17,3,3
smd,group1_development,machine-1-6,tranad_official,2,15,12171,12176,"[12, 9, 8, 0, 15, 13, 29, 10, 24, 1, 22, 3, 2, 14, 25, 11, 4, 6, 27, 21, 30, 31, 34, 35, 20, 19, 5, 23, 37, 18, 33, 7, 26, 28, 17, 36, 16, 32]",5,0.8,0.23529411764705882,0.3636363636363636,0.8687949224876582,1,17,5,4
smd,group1_development,machine-1-6,tranad_official,2,16,13069,13073,"[15, 13, 29, 24, 22, 32, 6, 27, 0, 3, 33, 25, 30, 21, 11, 35, 4, 34, 2, 31, 12, 14, 19, 1, 23, 20, 8, 18, 5, 9, 37, 28, 16, 36, 17, 10, 7, 26]",1,0.0,0.0,0.0,0.0,0,2,1,0
smd,group1_development,machine-1-6,tranad_official,2,16,13069,13073,"[15, 13, 29, 24, 22, 32, 6, 27, 0, 3, 33, 25, 30, 21, 11, 35, 4, 34, 2, 31, 12, 14, 19, 1, 23, 20, 8, 18, 5, 9, 37, 28, 16, 36, 17, 10, 7, 26]",3,0.0,0.0,0.0,0.0,0,2,3,0
smd,group1_development,machine-1-6,tranad_official,2,16,13069,13073,"[15, 13, 29, 24, 22, 32, 6, 27, 0, 3, 33, 25, 30, 21, 11, 35, 4, 34, 2, 31, 12, 14, 19, 1, 23, 20, 8, 18, 5, 9, 37, 28, 16, 36, 17, 10, 7, 26]",5,0.0,0.0,0.0,0.0,0,2,5,0
smd,group1_development,machine-1-6,tranad_official,2,17,13277,13280,"[16, 15, 22, 13, 35, 24, 34, 27, 4, 29, 21, 25, 23, 0, 11, 6, 14, 12, 30, 3, 5, 31, 20, 19, 2, 8, 1, 18, 33, 37, 36, 28, 7, 9, 10, 17, 32, 26]",1,1.0,1.0,1.0,1.0,1,1,1,1
smd,group1_development,machine-1-6,tranad_official,2,17,13277,13280,"[16, 15, 22, 13, 35, 24, 34, 27, 4, 29, 21, 25, 23, 0, 11, 6, 14, 12, 30, 3, 5, 31, 20, 19, 2, 8, 1, 18, 33, 37, 36, 28, 7, 9, 10, 17, 32, 26]",3,0.3333333333333333,1.0,0.5,1.0,1,1,3,1
smd,group1_development,machine-1-6,tranad_official,2,17,13277,13280,"[16, 15, 22, 13, 35, 24, 34, 27, 4, 29, 21, 25, 23, 0, 11, 6, 14, 12, 30, 3, 5, 31, 20, 19, 2, 8, 1, 18, 33, 37, 36, 28, 7, 9, 10, 17, 32, 26]",5,0.2,1.0,0.33333333333333337,1.0,1,1,5,1
smd,group1_development,machine-1-6,tranad_official,2,18,13613,13619,"[12, 15, 13, 0, 8, 24, 29, 9, 3, 2, 11, 14, 4, 22, 23, 27, 10, 1, 25, 6, 21, 30, 35, 34, 20, 31, 19, 5, 37, 18, 7, 33, 26, 28, 17, 36, 16, 32]",1,1.0,0.125,0.2222222222222222,1.0,1,8,1,1
smd,group1_development,machine-1-6,tranad_official,2,18,13613,13619,"[12, 15, 13, 0, 8, 24, 29, 9, 3, 2, 11, 14, 4, 22, 23, 27, 10, 1, 25, 6, 21, 30, 35, 34, 20, 31, 19, 5, 37, 18, 7, 33, 26, 28, 17, 36, 16, 32]",3,0.3333333333333333,0.125,0.18181818181818182,0.46927872602275644,1,8,3,1
smd,group1_development,machine-1-6,tranad_official,2,18,13613,13619,"[12, 15, 13, 0, 8, 24, 29, 9, 3, 2, 11, 14, 4, 22, 23, 27, 10, 1, 25, 6, 21, 30, 35, 34, 20, 31, 19, 5, 37, 18, 7, 33, 26, 28, 17, 36, 16, 32]",5,0.6,0.375,0.4615384615384615,0.6164336326286644,1,8,5,3
smd,group1_development,machine-1-6,tranad_official,2,19,14603,14607,"[36, 4, 24, 26, 30, 29, 13, 27, 33, 15, 34, 35, 25, 0, 3, 12, 31, 19, 22, 11, 9, 8, 21, 2, 6, 18, 10, 14, 1, 23, 20, 5, 37, 28, 17, 7, 16, 32]",1,1.0,0.1,0.18181818181818182,1.0,1,10,1,1
smd,group1_development,machine-1-6,tranad_official,2,19,14603,14607,"[36, 4, 24, 26, 30, 29, 13, 27, 33, 15, 34, 35, 25, 0, 3, 12, 31, 19, 22, 11, 9, 8, 21, 2, 6, 18, 10, 14, 1, 23, 20, 5, 37, 28, 17, 7, 16, 32]",3,0.3333333333333333,0.1,0.15384615384615383,0.46927872602275644,1,10,3,1
smd,group1_development,machine-1-6,tranad_official,2,19,14603,14607,"[36, 4, 24, 26, 30, 29, 13, 27, 33, 15, 34, 35, 25, 0, 3, 12, 31, 19, 22, 11, 9, 8, 21, 2, 6, 18, 10, 14, 1, 23, 20, 5, 37, 28, 17, 7, 16, 32]",5,0.2,0.1,0.13333333333333333,0.3391602052736161,1,10,5,1
smd,group1_development,machine-1-6,tranad_official,2,20,15052,15055,"[12, 13, 10, 9, 15, 0, 24, 8, 29, 22, 6, 4, 27, 34, 35, 3, 14, 30, 11, 21, 25, 1, 2, 20, 31, 19, 23, 5, 18, 37, 33, 7, 17, 28, 36, 26, 16, 32]",1,1.0,0.25,0.4,1.0,1,4,1,1
smd,group1_development,machine-1-6,tranad_official,2,20,15052,15055,"[12, 13, 10, 9, 15, 0, 24, 8, 29, 22, 6, 4, 27, 34, 35, 3, 14, 30, 11, 21, 25, 1, 2, 20, 31, 19, 23, 5, 18, 37, 33, 7, 17, 28, 36, 26, 16, 32]",3,0.6666666666666666,0.5,0.5714285714285715,0.7039180890341347,1,4,3,2
smd,group1_development,machine-1-6,tranad_official,2,20,15052,15055,"[12, 13, 10, 9, 15, 0, 24, 8, 29, 22, 6, 4, 27, 34, 35, 3, 14, 30, 11, 21, 25, 1, 2, 20, 31, 19, 23, 5, 18, 37, 33, 7, 17, 28, 36, 26, 16, 32]",5,0.6,0.75,0.6666666666666665,0.75369761125927,1,4,5,3
smd,group1_development,machine-1-6,tranad_official,2,21,15397,15401,"[11, 12, 15, 14, 13, 24, 22, 6, 0, 4, 8, 3, 29, 27, 34, 35, 1, 2, 25, 30, 21, 31, 19, 5, 23, 18, 20, 9, 33, 10, 37, 7, 26, 28, 17, 16, 36, 32]",1,1.0,0.3333333333333333,0.5,1.0,1,3,1,1
smd,group1_development,machine-1-6,tranad_official,2,21,15397,15401,"[11, 12, 15, 14, 13, 24, 22, 6, 0, 4, 8, 3, 29, 27, 34, 35, 1, 2, 25, 30, 21, 31, 19, 5, 23, 18, 20, 9, 33, 10, 37, 7, 26, 28, 17, 16, 36, 32]",3,0.6666666666666666,0.6666666666666666,0.6666666666666666,0.7653606369886217,1,3,3,2
smd,group1_development,machine-1-6,tranad_official,2,21,15397,15401,"[11, 12, 15, 14, 13, 24, 22, 6, 0, 4, 8, 3, 29, 27, 34, 35, 1, 2, 25, 30, 21, 31, 19, 5, 23, 18, 20, 9, 33, 10, 37, 7, 26, 28, 17, 16, 36, 32]",5,0.4,0.6666666666666666,0.5,0.7653606369886217,1,3,5,2
smd,group1_development,machine-1-6,tranad_official,2,22,15802,15805,"[15, 13, 9, 29, 24, 0, 12, 22, 10, 6, 3, 27, 8, 4, 2, 35, 34, 1, 21, 30, 25, 11, 14, 31, 20, 5, 18, 19, 33, 37, 23, 28, 17, 7, 36, 16, 32, 26]",1,0.0,0.0,0.0,0.0,0,4,1,0
smd,group1_development,machine-1-6,tranad_official,2,22,15802,15805,"[15, 13, 9, 29, 24, 0, 12, 22, 10, 6, 3, 27, 8, 4, 2, 35, 34, 1, 21, 30, 25, 11, 14, 31, 20, 5, 18, 19, 33, 37, 23, 28, 17, 7, 36, 16, 32, 26]",3,0.3333333333333333,0.25,0.28571428571428575,0.23463936301137822,1,4,3,1
smd,group1_development,machine-1-6,tranad_official,2,22,15802,15805,"[15, 13, 9, 29, 24, 0, 12, 22, 10, 6, 3, 27, 8, 4, 2, 35, 34, 1, 21, 30, 25, 11, 14, 31, 20, 5, 18, 19, 33, 37, 23, 28, 17, 7, 36, 16, 32, 26]",5,0.2,0.25,0.22222222222222224,0.19519002499605084,1,4,5,1
smd,group1_development,machine-1-6,tranad_official,2,23,16491,16499,"[12, 8, 0, 3, 14, 11, 24, 29, 15, 2, 6, 13, 1, 22, 9, 4, 27, 34, 30, 10, 21, 35, 5, 25, 31, 20, 19, 18, 33, 37, 23, 7, 26, 17, 28, 16, 36, 32]",1,1.0,0.125,0.2222222222222222,1.0,1,8,1,1
smd,group1_development,machine-1-6,tranad_official,2,23,16491,16499,"[12, 8, 0, 3, 14, 11, 24, 29, 15, 2, 6, 13, 1, 22, 9, 4, 27, 34, 30, 10, 21, 35, 5, 25, 31, 20, 19, 18, 33, 37, 23, 7, 26, 17, 28, 16, 36, 32]",3,1.0,0.375,0.5454545454545454,1.0,1,8,3,3
smd,group1_development,machine-1-6,tranad_official,2,23,16491,16499,"[12, 8, 0, 3, 14, 11, 24, 29, 15, 2, 6, 13, 1, 22, 9, 4, 27, 34, 30, 10, 21, 35, 5, 25, 31, 20, 19, 18, 33, 37, 23, 7, 26, 17, 28, 16, 36, 32]",5,0.8,0.5,0.6153846153846154,0.8539316501572937,1,8,5,4
smd,group1_development,machine-1-6,tranad_official,2,24,16718,16721,"[15, 13, 24, 9, 22, 6, 10, 12, 4, 0, 29, 35, 34, 27, 8, 25, 11, 30, 21, 14, 31, 3, 5, 20, 2, 19, 1, 18, 37, 7, 23, 26, 33, 28, 17, 36, 16, 32]",1,0.0,0.0,0.0,0.0,0,4,1,0
smd,group1_development,machine-1-6,tranad_official,2,24,16718,16721,"[15, 13, 24, 9, 22, 6, 10, 12, 4, 0, 29, 35, 34, 27, 8, 25, 11, 30, 21, 14, 31, 3, 5, 20, 2, 19, 1, 18, 37, 7, 23, 26, 33, 28, 17, 36, 16, 32]",3,0.0,0.0,0.0,0.0,0,4,3,0
smd,group1_development,machine-1-6,tranad_official,2,24,16718,16721,"[15, 13, 24, 9, 22, 6, 10, 12, 4, 0, 29, 35, 34, 27, 8, 25, 11, 30, 21, 14, 31, 3, 5, 20, 2, 19, 1, 18, 37, 7, 23, 26, 33, 28, 17, 36, 16, 32]",5,0.2,0.25,0.22222222222222224,0.16812753627111746,1,4,5,1
smd,group1_development,machine-1-6,tranad_official,2,25,16972,16976,"[11, 13, 12, 24, 15, 22, 14, 6, 0, 29, 34, 35, 4, 27, 8, 30, 21, 31, 3, 5, 2, 1, 25, 19, 20, 18, 9, 33, 10, 23, 37, 7, 17, 28, 26, 16, 36, 32]",1,1.0,0.25,0.4,1.0,1,4,1,1
smd,group1_development,machine-1-6,tranad_official,2,25,16972,16976,"[11, 13, 12, 24, 15, 22, 14, 6, 0, 29, 34, 35, 4, 27, 8, 30, 21, 31, 3, 5, 2, 1, 25, 19, 20, 18, 9, 33, 10, 23, 37, 7, 17, 28, 26, 16, 36, 32]",3,0.6666666666666666,0.5,0.5714285714285715,0.7039180890341347,1,4,3,2
smd,group1_development,machine-1-6,tranad_official,2,25,16972,16976,"[11, 13, 12, 24, 15, 22, 14, 6, 0, 29, 34, 35, 4, 27, 8, 30, 21, 31, 3, 5, 2, 1, 25, 19, 20, 18, 9, 33, 10, 23, 37, 7, 17, 28, 26, 16, 36, 32]",5,0.4,0.5,0.4444444444444445,0.5855700749881525,1,4,5,2
smd,group1_development,machine-1-6,tranad_official,2,26,17931,17939,"[12, 0, 8, 6, 3, 14, 24, 29, 11, 2, 15, 5, 22, 1, 4, 23, 9, 13, 27, 34, 30, 10, 21, 35, 25, 31, 20, 19, 18, 33, 7, 37, 26, 17, 28, 36, 16, 32]",1,1.0,0.05263157894736842,0.1,1.0,1,19,1,1
smd,group1_development,machine-1-6,tranad_official,2,26,17931,17939,"[12, 0, 8, 6, 3, 14, 24, 29, 11, 2, 15, 5, 22, 1, 4, 23, 9, 13, 27, 34, 30, 10, 21, 35, 25, 31, 20, 19, 18, 33, 7, 37, 26, 17, 28, 36, 16, 32]",3,1.0,0.15789473684210525,0.2727272727272727,1.0,1,19,3,3
smd,group1_development,machine-1-6,tranad_official,2,26,17931,17939,"[12, 0, 8, 6, 3, 14, 24, 29, 11, 2, 15, 5, 22, 1, 4, 23, 9, 13, 27, 34, 30, 10, 21, 35, 25, 31, 20, 19, 18, 33, 7, 37, 26, 17, 28, 36, 16, 32]",5,0.6,0.15789473684210525,0.25,0.7227265726449519,1,19,5,3
smd,group1_development,machine-1-6,tranad_official,2,27,18600,21761,"[15, 0, 3, 6, 22, 13, 24, 2, 35, 36, 1, 23, 12, 21, 5, 29, 31, 11, 27, 37, 4, 19, 25, 34, 26, 14, 32, 18, 30, 33, 8, 9, 20, 7, 17, 10, 16, 28]",1,1.0,0.047619047619047616,0.0909090909090909,1.0,1,21,1,1
smd,group1_development,machine-1-6,tranad_official,2,27,18600,21761,"[15, 0, 3, 6, 22, 13, 24, 2, 35, 36, 1, 23, 12, 21, 5, 29, 31, 11, 27, 37, 4, 19, 25, 34, 26, 14, 32, 18, 30, 33, 8, 9, 20, 7, 17, 10, 16, 28]",3,1.0,0.14285714285714285,0.25,1.0,1,21,3,3
smd,group1_development,machine-1-6,tranad_official,2,27,18600,21761,"[15, 0, 3, 6, 22, 13, 24, 2, 35, 36, 1, 23, 12, 21, 5, 29, 31, 11, 27, 37, 4, 19, 25, 34, 26, 14, 32, 18, 30, 33, 8, 9, 20, 7, 17, 10, 16, 28]",5,0.8,0.19047619047619047,0.3076923076923077,0.8539316501572937,1,21,5,4
smd,group1_development,machine-1-6,tranad_official,2,28,22252,22260,"[12, 6, 11, 8, 25, 0, 4, 14, 23, 9, 29, 3, 22, 27, 2, 10, 1, 20, 21, 33, 18, 30, 19, 15, 35, 34, 7, 13, 5, 24, 31, 26, 37, 17, 28, 16, 36, 32]",1,1.0,0.3333333333333333,0.5,1.0,1,3,1,1
smd,group1_development,machine-1-6,tranad_official,2,28,22252,22260,"[12, 6, 11, 8, 25, 0, 4, 14, 23, 9, 29, 3, 22, 27, 2, 10, 1, 20, 21, 33, 18, 30, 19, 15, 35, 34, 7, 13, 5, 24, 31, 26, 37, 17, 28, 16, 36, 32]",3,0.3333333333333333,0.3333333333333333,0.3333333333333333,0.46927872602275644,1,3,3,1
smd,group1_development,machine-1-6,tranad_official,2,28,22252,22260,"[12, 6, 11, 8, 25, 0, 4, 14, 23, 9, 29, 3, 22, 27, 2, 10, 1, 20, 21, 33, 18, 30, 19, 15, 35, 34, 7, 13, 5, 24, 31, 26, 37, 17, 28, 16, 36, 32]",5,0.4,0.6666666666666666,0.5,0.6713860725233041,1,3,5,2
smd,group1_development,machine-1-6,tranad_official,2,29,22417,22420,"[6, 10, 25, 4, 15, 23, 9, 12, 22, 0, 11, 24, 33, 3, 27, 31, 18, 29, 20, 7, 35, 5, 14, 13, 1, 34, 26, 21, 37, 2, 17, 30, 8, 28, 16, 36, 19, 32]",1,0.0,0.0,0.0,0.0,0,2,1,0
smd,group1_development,machine-1-6,tranad_official,2,29,22417,22420,"[6, 10, 25, 4, 15, 23, 9, 12, 22, 0, 11, 24, 33, 3, 27, 31, 18, 29, 20, 7, 35, 5, 14, 13, 1, 34, 26, 21, 37, 2, 17, 30, 8, 28, 16, 36, 19, 32]",3,0.3333333333333333,0.5,0.4,0.38685280723454163,1,2,3,1
smd,group1_development,machine-1-6,tranad_official,2,29,22417,22420,"[6, 10, 25, 4, 15, 23, 9, 12, 22, 0, 11, 24, 33, 3, 27, 31, 18, 29, 20, 7, 35, 5, 14, 13, 1, 34, 26, 21, 37, 2, 17, 30, 8, 28, 16, 36, 19, 32]",5,0.2,0.5,0.28571428571428575,0.38685280723454163,1,2,5,1
smd,group1_development,machine-1-7,tranad_official,0,0,837,858,"[12, 8, 15, 0, 13, 14, 11, 10, 22, 25, 34, 5, 23, 6, 31, 24, 30, 18, 9, 27, 19, 35, 20, 28, 29, 21, 3, 17, 32, 7, 16, 26, 2, 1, 33, 4, 36, 37]",1,1.0,0.125,0.2222222222222222,1.0,1,8,1,1
smd,group1_development,machine-1-7,tranad_official,0,0,837,858,"[12, 8, 15, 0, 13, 14, 11, 10, 22, 25, 34, 5, 23, 6, 31, 24, 30, 18, 9, 27, 19, 35, 20, 28, 29, 21, 3, 17, 32, 7, 16, 26, 2, 1, 33, 4, 36, 37]",3,1.0,0.375,0.5454545454545454,1.0,1,8,3,3
smd,group1_development,machine-1-7,tranad_official,0,0,837,858,"[12, 8, 15, 0, 13, 14, 11, 10, 22, 25, 34, 5, 23, 6, 31, 24, 30, 18, 9, 27, 19, 35, 20, 28, 29, 21, 3, 17, 32, 7, 16, 26, 2, 1, 33, 4, 36, 37]",5,1.0,0.625,0.7692307692307693,1.0,1,8,5,5
smd,group1_development,machine-1-7,tranad_official,0,1,2959,4174,"[5, 6, 23, 22, 25, 32, 18, 27, 34, 21, 19, 20, 33, 30, 13, 35, 31, 24, 14, 3, 12, 15, 8, 9, 11, 28, 17, 7, 2, 26, 16, 29, 10, 0, 37, 1, 36, 4]",1,1.0,0.1111111111111111,0.19999999999999998,1.0,1,9,1,1
smd,group1_development,machine-1-7,tranad_official,0,1,2959,4174,"[5, 6, 23, 22, 25, 32, 18, 27, 34, 21, 19, 20, 33, 30, 13, 35, 31, 24, 14, 3, 12, 15, 8, 9, 11, 28, 17, 7, 2, 26, 16, 29, 10, 0, 37, 1, 36, 4]",3,0.3333333333333333,0.1111111111111111,0.16666666666666666,0.46927872602275644,1,9,3,1
smd,group1_development,machine-1-7,tranad_official,0,1,2959,4174,"[5, 6, 23, 22, 25, 32, 18, 27, 34, 21, 19, 20, 33, 30, 13, 35, 31, 24, 14, 3, 12, 15, 8, 9, 11, 28, 17, 7, 2, 26, 16, 29, 10, 0, 37, 1, 36, 4]",5,0.2,0.1111111111111111,0.14285714285714285,0.3391602052736161,1,9,5,1
smd,group1_development,machine-1-7,tranad_official,0,2,5849,5940,"[9, 10, 8, 24, 19, 21, 6, 20, 27, 18, 5, 34, 35, 23, 12, 26, 17, 25, 29, 30, 22, 31, 33, 1, 13, 14, 0, 2, 3, 11, 7, 28, 37, 36, 16, 32, 4, 15]",1,1.0,0.04,0.07692307692307693,1.0,1,25,1,1
smd,group1_development,machine-1-7,tranad_official,0,2,5849,5940,"[9, 10, 8, 24, 19, 21, 6, 20, 27, 18, 5, 34, 35, 23, 12, 26, 17, 25, 29, 30, 22, 31, 33, 1, 13, 14, 0, 2, 3, 11, 7, 28, 37, 36, 16, 32, 4, 15]",3,1.0,0.12,0.21428571428571425,1.0,1,25,3,3
smd,group1_development,machine-1-7,tranad_official,0,2,5849,5940,"[9, 10, 8, 24, 19, 21, 6, 20, 27, 18, 5, 34, 35, 23, 12, 26, 17, 25, 29, 30, 22, 31, 33, 1, 13, 14, 0, 2, 3, 11, 7, 28, 37, 36, 16, 32, 4, 15]",5,1.0,0.2,0.33333333333333337,1.0,1,25,5,5
smd,group1_development,machine-1-7,tranad_official,0,3,6031,6034,"[6, 23, 5, 35, 22, 32, 21, 34, 33, 7, 9, 26, 28, 27, 31, 18, 24, 2, 20, 16, 3, 10, 19, 30, 11, 14, 37, 15, 36, 8, 25, 1, 17, 12, 0, 4, 13, 29]",1,0.0,0.0,0.0,0.0,0,2,1,0
smd,group1_development,machine-1-7,tranad_official,0,3,6031,6034,"[6, 23, 5, 35, 22, 32, 21, 34, 33, 7, 9, 26, 28, 27, 31, 18, 24, 2, 20, 16, 3, 10, 19, 30, 11, 14, 37, 15, 36, 8, 25, 1, 17, 12, 0, 4, 13, 29]",3,0.0,0.0,0.0,0.0,0,2,3,0
smd,group1_development,machine-1-7,tranad_official,0,3,6031,6034,"[6, 23, 5, 35, 22, 32, 21, 34, 33, 7, 9, 26, 28, 27, 31, 18, 24, 2, 20, 16, 3, 10, 19, 30, 11, 14, 37, 15, 36, 8, 25, 1, 17, 12, 0, 4, 13, 29]",5,0.0,0.0,0.0,0.0,0,2,5,0
smd,group1_development,machine-1-7,tranad_official,0,4,7099,8000,"[12, 11, 6, 8, 13, 22, 5, 9, 25, 23, 34, 14, 0, 18, 19, 35, 16, 24, 20, 26, 28, 27, 7, 31, 30, 10, 3, 2, 21, 15, 17, 32, 37, 36, 29, 1, 33, 4]",1,1.0,0.125,0.2222222222222222,1.0,1,8,1,1
smd,group1_development,machine-1-7,tranad_official,0,4,7099,8000,"[12, 11, 6, 8, 13, 22, 5, 9, 25, 23, 34, 14, 0, 18, 19, 35, 16, 24, 20, 26, 28, 27, 7, 31, 30, 10, 3, 2, 21, 15, 17, 32, 37, 36, 29, 1, 33, 4]",3,0.6666666666666666,0.25,0.36363636363636365,0.7653606369886217,1,8,3,2
smd,group1_development,machine-1-7,tranad_official,0,4,7099,8000,"[12, 11, 6, 8, 13, 22, 5, 9, 25, 23, 34, 14, 0, 18, 19, 35, 16, 24, 20, 26, 28, 27, 7, 31, 30, 10, 3, 2, 21, 15, 17, 32, 37, 36, 29, 1, 33, 4]",5,0.8,0.5,0.6153846153846154,0.830419897363192,1,8,5,4
smd,group1_development,machine-1-7,tranad_official,0,5,8564,8580,"[9, 10, 8, 25, 5, 17, 26, 12, 33, 21, 19, 24, 18, 20, 27, 30, 35, 34, 29, 31, 1, 6, 22, 23, 0, 13, 14, 2, 37, 3, 11, 7, 4, 28, 32, 36, 16, 15]",1,1.0,0.05555555555555555,0.10526315789473684,1.0,1,18,1,1
smd,group1_development,machine-1-7,tranad_official,0,5,8564,8580,"[9, 10, 8, 25, 5, 17, 26, 12, 33, 21, 19, 24, 18, 20, 27, 30, 35, 34, 29, 31, 1, 6, 22, 23, 0, 13, 14, 2, 37, 3, 11, 7, 4, 28, 32, 36, 16, 15]",3,1.0,0.16666666666666666,0.2857142857142857,1.0,1,18,3,3
smd,group1_development,machine-1-7,tranad_official,0,5,8564,8580,"[9, 10, 8, 25, 5, 17, 26, 12, 33, 21, 19, 24, 18, 20, 27, 30, 35, 34, 29, 31, 1, 6, 22, 23, 0, 13, 14, 2, 37, 3, 11, 7, 4, 28, 32, 36, 16, 15]",5,0.8,0.2222222222222222,0.3478260869565218,0.8687949224876582,1,18,5,4
smd,group1_development,machine-1-7,tranad_official,0,6,12359,12374,"[12, 8, 15, 13, 14, 11, 6, 0, 34, 22, 25, 5, 35, 3, 9, 17, 28, 2, 27, 18, 24, 30, 7, 21, 31, 16, 19, 29, 32, 20, 26, 1, 23, 33, 37, 36, 10, 4]",1,1.0,0.14285714285714285,0.25,1.0,1,7,1,1
smd,group1_development,machine-1-7,tranad_official,0,6,12359,12374,"[12, 8, 15, 13, 14, 11, 6, 0, 34, 22, 25, 5, 35, 3, 9, 17, 28, 2, 27, 18, 24, 30, 7, 21, 31, 16, 19, 29, 32, 20, 26, 1, 23, 33, 37, 36, 10, 4]",3,1.0,0.42857142857142855,0.6,1.0,1,7,3,3
smd,group1_development,machine-1-7,tranad_official,0,6,12359,12374,"[12, 8, 15, 13, 14, 11, 6, 0, 34, 22, 25, 5, 35, 3, 9, 17, 28, 2, 27, 18, 24, 30, 7, 21, 31, 16, 19, 29, 32, 20, 26, 1, 23, 33, 37, 36, 10, 4]",5,1.0,0.7142857142857143,0.8333333333333333,1.0,1,7,5,5
smd,group1_development,machine-1-7,tranad_official,0,7,13799,13825,"[12, 8, 11, 14, 15, 5, 6, 34, 13, 22, 25, 35, 18, 27, 23, 21, 0, 30, 31, 3, 28, 20, 9, 2, 24, 17, 19, 7, 29, 16, 32, 26, 10, 1, 33, 36, 37, 4]",1,1.0,0.16666666666666666,0.2857142857142857,1.0,1,6,1,1
smd,group1_development,machine-1-7,tranad_official,0,7,13799,13825,"[12, 8, 11, 14, 15, 5, 6, 34, 13, 22, 25, 35, 18, 27, 23, 21, 0, 30, 31, 3, 28, 20, 9, 2, 24, 17, 19, 7, 29, 16, 32, 26, 10, 1, 33, 36, 37, 4]",3,1.0,0.5,0.6666666666666666,1.0,1,6,3,3
smd,group1_development,machine-1-7,tranad_official,0,7,13799,13825,"[12, 8, 11, 14, 15, 5, 6, 34, 13, 22, 25, 35, 18, 27, 23, 21, 0, 30, 31, 3, 28, 20, 9, 2, 24, 17, 19, 7, 29, 16, 32, 26, 10, 1, 33, 36, 37, 4]",5,1.0,0.8333333333333334,0.9090909090909091,1.0,1,6,5,5
smd,group1_development,machine-1-7,tranad_official,0,8,15239,15270,"[12, 8, 15, 5, 14, 11, 13, 0, 9, 34, 22, 25, 31, 10, 23, 18, 30, 24, 35, 27, 28, 19, 29, 6, 3, 17, 21, 2, 7, 16, 32, 20, 26, 1, 33, 36, 37, 4]",1,1.0,0.125,0.2222222222222222,1.0,1,8,1,1
smd,group1_development,machine-1-7,tranad_official,0,8,15239,15270,"[12, 8, 15, 5, 14, 11, 13, 0, 9, 34, 22, 25, 31, 10, 23, 18, 30, 24, 35, 27, 28, 19, 29, 6, 3, 17, 21, 2, 7, 16, 32, 20, 26, 1, 33, 36, 37, 4]",3,1.0,0.375,0.5454545454545454,1.0,1,8,3,3
smd,group1_development,machine-1-7,tranad_official,0,8,15239,15270,"[12, 8, 15, 5, 14, 11, 13, 0, 9, 34, 22, 25, 31, 10, 23, 18, 30, 24, 35, 27, 28, 19, 29, 6, 3, 17, 21, 2, 7, 16, 32, 20, 26, 1, 33, 36, 37, 4]",5,1.0,0.625,0.7692307692307693,1.0,1,8,5,5
smd,group1_development,machine-1-7,tranad_official,0,9,15960,15963,"[16, 22, 23, 5, 21, 27, 19, 30, 20, 34, 24, 25, 18, 6, 31, 26, 13, 10, 7, 37, 9, 11, 28, 35, 2, 36, 14, 3, 8, 1, 0, 29, 17, 4, 12, 32, 15, 33]",1,1.0,1.0,1.0,1.0,1,1,1,1
smd,group1_development,machine-1-7,tranad_official,0,9,15960,15963,"[16, 22, 23, 5, 21, 27, 19, 30, 20, 34, 24, 25, 18, 6, 31, 26, 13, 10, 7, 37, 9, 11, 28, 35, 2, 36, 14, 3, 8, 1, 0, 29, 17, 4, 12, 32, 15, 33]",3,0.3333333333333333,1.0,0.5,1.0,1,1,3,1
smd,group1_development,machine-1-7,tranad_official,0,9,15960,15963,"[16, 22, 23, 5, 21, 27, 19, 30, 20, 34, 24, 25, 18, 6, 31, 26, 13, 10, 7, 37, 9, 11, 28, 35, 2, 36, 14, 3, 8, 1, 0, 29, 17, 4, 12, 32, 15, 33]",5,0.2,1.0,0.33333333333333337,1.0,1,1,5,1
smd,group1_development,machine-1-7,tranad_official,0,10,18109,18150,"[12, 8, 0, 3, 13, 2, 15, 14, 11, 1, 28, 6, 5, 34, 31, 25, 22, 35, 18, 23, 24, 30, 27, 19, 21, 16, 10, 29, 20, 9, 17, 32, 7, 26, 33, 4, 36, 37]",1,1.0,0.03571428571428571,0.0689655172413793,1.0,1,28,1,1
smd,group1_development,machine-1-7,tranad_official,0,10,18109,18150,"[12, 8, 0, 3, 13, 2, 15, 14, 11, 1, 28, 6, 5, 34, 31, 25, 22, 35, 18, 23, 24, 30, 27, 19, 21, 16, 10, 29, 20, 9, 17, 32, 7, 26, 33, 4, 36, 37]",3,1.0,0.10714285714285714,0.19354838709677416,1.0,1,28,3,3
smd,group1_development,machine-1-7,tranad_official,0,10,18109,18150,"[12, 8, 0, 3, 13, 2, 15, 14, 11, 1, 28, 6, 5, 34, 31, 25, 22, 35, 18, 23, 24, 30, 27, 19, 21, 16, 10, 29, 20, 9, 17, 32, 7, 26, 33, 4, 36, 37]",5,1.0,0.17857142857142858,0.30303030303030304,1.0,1,28,5,5
smd,group1_development,machine-1-7,tranad_official,0,11,19442,19446,"[32, 6, 34, 23, 11, 33, 35, 14, 24, 31, 25, 21, 27, 9, 5, 3, 28, 22, 18, 30, 19, 2, 7, 20, 26, 16, 15, 29, 17, 1, 12, 10, 37, 8, 36, 13, 4, 0]",1,1.0,0.5,0.6666666666666666,1.0,1,2,1,1
smd,group1_development,machine-1-7,tranad_official,0,11,19442,19446,"[32, 6, 34, 23, 11, 33, 35, 14, 24, 31, 25, 21, 27, 9, 5, 3, 28, 22, 18, 30, 19, 2, 7, 20, 26, 16, 15, 29, 17, 1, 12, 10, 37, 8, 36, 13, 4, 0]",3,0.3333333333333333,0.5,0.4,0.6131471927654584,1,2,3,1
smd,group1_development,machine-1-7,tranad_official,0,11,19442,19446,"[32, 6, 34, 23, 11, 33, 35, 14, 24, 31, 25, 21, 27, 9, 5, 3, 28, 22, 18, 30, 19, 2, 7, 20, 26, 16, 15, 29, 17, 1, 12, 10, 37, 8, 36, 13, 4, 0]",5,0.2,0.5,0.28571428571428575,0.6131471927654584,1,2,5,1
smd,group1_development,machine-1-7,tranad_official,0,12,19559,19590,"[12, 8, 15, 13, 5, 14, 11, 6, 0, 34, 23, 10, 25, 22, 18, 30, 24, 31, 27, 35, 21, 9, 19, 20, 28, 29, 3, 17, 7, 2, 32, 16, 26, 1, 33, 4, 36, 37]",1,1.0,0.125,0.2222222222222222,1.0,1,8,1,1
smd,group1_development,machine-1-7,tranad_official,0,12,19559,19590,"[12, 8, 15, 13, 5, 14, 11, 6, 0, 34, 23, 10, 25, 22, 18, 30, 24, 31, 27, 35, 21, 9, 19, 20, 28, 29, 3, 17, 7, 2, 32, 16, 26, 1, 33, 4, 36, 37]",3,1.0,0.375,0.5454545454545454,1.0,1,8,3,3
smd,group1_development,machine-1-7,tranad_official,0,12,19559,19590,"[12, 8, 15, 13, 5, 14, 11, 6, 0, 34, 23, 10, 25, 22, 18, 30, 24, 31, 27, 35, 21, 9, 19, 20, 28, 29, 3, 17, 7, 2, 32, 16, 26, 1, 33, 4, 36, 37]",5,1.0,0.625,0.7692307692307693,1.0,1,8,5,5
smd,group1_development,machine-1-7,tranad_official,1,0,837,858,"[12, 8, 15, 0, 14, 13, 11, 25, 34, 22, 10, 31, 35, 18, 5, 21, 20, 27, 30, 19, 24, 9, 23, 6, 3, 2, 1, 37, 28, 7, 36, 32, 16, 29, 4, 26, 33, 17]",1,1.0,0.125,0.2222222222222222,1.0,1,8,1,1
smd,group1_development,machine-1-7,tranad_official,1,0,837,858,"[12, 8, 15, 0, 14, 13, 11, 25, 34, 22, 10, 31, 35, 18, 5, 21, 20, 27, 30, 19, 24, 9, 23, 6, 3, 2, 1, 37, 28, 7, 36, 32, 16, 29, 4, 26, 33, 17]",3,1.0,0.375,0.5454545454545454,1.0,1,8,3,3
smd,group1_development,machine-1-7,tranad_official,1,0,837,858,"[12, 8, 15, 0, 14, 13, 11, 25, 34, 22, 10, 31, 35, 18, 5, 21, 20, 27, 30, 19, 24, 9, 23, 6, 3, 2, 1, 37, 28, 7, 36, 32, 16, 29, 4, 26, 33, 17]",5,1.0,0.625,0.7692307692307693,1.0,1,8,5,5
smd,group1_development,machine-1-7,tranad_official,1,1,2959,4174,"[5, 22, 23, 25, 6, 32, 31, 21, 34, 24, 35, 18, 20, 27, 30, 19, 13, 33, 12, 8, 14, 11, 15, 28, 0, 2, 37, 36, 9, 16, 7, 26, 10, 17, 3, 1, 4, 29]",1,1.0,0.1111111111111111,0.19999999999999998,1.0,1,9,1,1
smd,group1_development,machine-1-7,tranad_official,1,1,2959,4174,"[5, 22, 23, 25, 6, 32, 31, 21, 34, 24, 35, 18, 20, 27, 30, 19, 13, 33, 12, 8, 14, 11, 15, 28, 0, 2, 37, 36, 9, 16, 7, 26, 10, 17, 3, 1, 4, 29]",3,0.3333333333333333,0.1111111111111111,0.16666666666666666,0.46927872602275644,1,9,3,1
smd,group1_development,machine-1-7,tranad_official,1,1,2959,4174,"[5, 22, 23, 25, 6, 32, 31, 21, 34, 24, 35, 18, 20, 27, 30, 19, 13, 33, 12, 8, 14, 11, 15, 28, 0, 2, 37, 36, 9, 16, 7, 26, 10, 17, 3, 1, 4, 29]",5,0.2,0.1111111111111111,0.14285714285714285,0.3391602052736161,1,9,5,1
smd,group1_development,machine-1-7,tranad_official,1,2,5849,5940,"[9, 10, 28, 33, 16, 37, 15, 2, 12, 3, 22, 5, 24, 21, 19, 13, 30, 20, 27, 18, 25, 32, 31, 29, 23, 35, 34, 6, 8, 17, 1, 11, 36, 4, 0, 14, 26, 7]",1,1.0,0.04,0.07692307692307693,1.0,1,25,1,1
smd,group1_development,machine-1-7,tranad_official,1,2,5849,5940,"[9, 10, 28, 33, 16, 37, 15, 2, 12, 3, 22, 5, 24, 21, 19, 13, 30, 20, 27, 18, 25, 32, 31, 29, 23, 35, 34, 6, 8, 17, 1, 11, 36, 4, 0, 14, 26, 7]",3,0.6666666666666666,0.08,0.14285714285714285,0.7653606369886217,1,25,3,2
smd,group1_development,machine-1-7,tranad_official,1,2,5849,5940,"[9, 10, 28, 33, 16, 37, 15, 2, 12, 3, 22, 5, 24, 21, 19, 13, 30, 20, 27, 18, 25, 32, 31, 29, 23, 35, 34, 6, 8, 17, 1, 11, 36, 4, 0, 14, 26, 7]",5,0.4,0.08,0.13333333333333333,0.5531464700081437,1,25,5,2
smd,group1_development,machine-1-7,tranad_official,1,3,6031,6034,"[6, 23, 18, 34, 35, 22, 32, 5, 27, 30, 24, 19, 33, 36, 28, 17, 3, 2, 21, 15, 16, 1, 20, 7, 10, 37, 26, 4, 29, 8, 31, 12, 25, 13, 14, 9, 11, 0]",1,0.0,0.0,0.0,0.0,0,2,1,0
smd,group1_development,machine-1-7,tranad_official,1,3,6031,6034,"[6, 23, 18, 34, 35, 22, 32, 5, 27, 30, 24, 19, 33, 36, 28, 17, 3, 2, 21, 15, 16, 1, 20, 7, 10, 37, 26, 4, 29, 8, 31, 12, 25, 13, 14, 9, 11, 0]",3,0.0,0.0,0.0,0.0,0,2,3,0
smd,group1_development,machine-1-7,tranad_official,1,3,6031,6034,"[6, 23, 18, 34, 35, 22, 32, 5, 27, 30, 24, 19, 33, 36, 28, 17, 3, 2, 21, 15, 16, 1, 20, 7, 10, 37, 26, 4, 29, 8, 31, 12, 25, 13, 14, 9, 11, 0]",5,0.0,0.0,0.0,0.0,0,2,5,0
smd,group1_development,machine-1-7,tranad_official,1,4,7099,8000,"[12, 11, 6, 8, 13, 22, 25, 5, 9, 23, 21, 14, 34, 31, 0, 35, 20, 18, 16, 24, 19, 27, 36, 30, 28, 17, 2, 10, 15, 32, 3, 37, 1, 7, 26, 33, 4, 29]",1,1.0,0.125,0.2222222222222222,1.0,1,8,1,1
smd,group1_development,machine-1-7,tranad_official,1,4,7099,8000,"[12, 11, 6, 8, 13, 22, 25, 5, 9, 23, 21, 14, 34, 31, 0, 35, 20, 18, 16, 24, 19, 27, 36, 30, 28, 17, 2, 10, 15, 32, 3, 37, 1, 7, 26, 33, 4, 29]",3,0.6666666666666666,0.25,0.36363636363636365,0.7653606369886217,1,8,3,2
smd,group1_development,machine-1-7,tranad_official,1,4,7099,8000,"[12, 11, 6, 8, 13, 22, 25, 5, 9, 23, 21, 14, 34, 31, 0, 35, 20, 18, 16, 24, 19, 27, 36, 30, 28, 17, 2, 10, 15, 32, 3, 37, 1, 7, 26, 33, 4, 29]",5,0.8,0.5,0.6153846153846154,0.830419897363192,1,8,5,4
smd,group1_development,machine-1-7,tranad_official,1,5,8564,8580,"[9, 10, 33, 16, 28, 37, 15, 12, 2, 3, 5, 32, 13, 29, 22, 17, 24, 19, 21, 30, 25, 27, 18, 20, 34, 35, 31, 8, 11, 23, 4, 6, 1, 0, 14, 36, 26, 7]",1,1.0,0.05555555555555555,0.10526315789473684,1.0,1,18,1,1
smd,group1_development,machine-1-7,tranad_official,1,5,8564,8580,"[9, 10, 33, 16, 28, 37, 15, 12, 2, 3, 5, 32, 13, 29, 22, 17, 24, 19, 21, 30, 25, 27, 18, 20, 34, 35, 31, 8, 11, 23, 4, 6, 1, 0, 14, 36, 26, 7]",3,0.6666666666666666,0.1111111111111111,0.1904761904761905,0.7653606369886217,1,18,3,2
smd,group1_development,machine-1-7,tranad_official,1,5,8564,8580,"[9, 10, 33, 16, 28, 37, 15, 12, 2, 3, 5, 32, 13, 29, 22, 17, 24, 19, 21, 30, 25, 27, 18, 20, 34, 35, 31, 8, 11, 23, 4, 6, 1, 0, 14, 36, 26, 7]",5,0.4,0.1111111111111111,0.1739130434782609,0.5531464700081437,1,18,5,2
smd,group1_development,machine-1-7,tranad_official,1,6,12359,12374,"[12, 8, 15, 14, 13, 11, 34, 0, 25, 5, 22, 35, 6, 31, 21, 23, 28, 18, 2, 19, 37, 20, 27, 7, 24, 30, 9, 26, 36, 33, 16, 3, 32, 17, 10, 1, 4, 29]",1,1.0,0.14285714285714285,0.25,1.0,1,7,1,1
smd,group1_development,machine-1-7,tranad_official,1,6,12359,12374,"[12, 8, 15, 14, 13, 11, 34, 0, 25, 5, 22, 35, 6, 31, 21, 23, 28, 18, 2, 19, 37, 20, 27, 7, 24, 30, 9, 26, 36, 33, 16, 3, 32, 17, 10, 1, 4, 29]",3,1.0,0.42857142857142855,0.6,1.0,1,7,3,3
smd,group1_development,machine-1-7,tranad_official,1,6,12359,12374,"[12, 8, 15, 14, 13, 11, 34, 0, 25, 5, 22, 35, 6, 31, 21, 23, 28, 18, 2, 19, 37, 20, 27, 7, 24, 30, 9, 26, 36, 33, 16, 3, 32, 17, 10, 1, 4, 29]",5,1.0,0.7142857142857143,0.8333333333333333,1.0,1,7,5,5
smd,group1_development,machine-1-7,tranad_official,1,7,13799,13825,"[14, 12, 11, 8, 15, 5, 34, 13, 35, 22, 6, 31, 25, 21, 23, 20, 27, 24, 0, 18, 19, 30, 28, 2, 37, 7, 36, 16, 10, 9, 26, 33, 32, 3, 17, 1, 4, 29]",1,1.0,0.16666666666666666,0.2857142857142857,1.0,1,6,1,1
smd,group1_development,machine-1-7,tranad_official,1,7,13799,13825,"[14, 12, 11, 8, 15, 5, 34, 13, 35, 22, 6, 31, 25, 21, 23, 20, 27, 24, 0, 18, 19, 30, 28, 2, 37, 7, 36, 16, 10, 9, 26, 33, 32, 3, 17, 1, 4, 29]",3,1.0,0.5,0.6666666666666666,1.0,1,6,3,3
smd,group1_development,machine-1-7,tranad_official,1,7,13799,13825,"[14, 12, 11, 8, 15, 5, 34, 13, 35, 22, 6, 31, 25, 21, 23, 20, 27, 24, 0, 18, 19, 30, 28, 2, 37, 7, 36, 16, 10, 9, 26, 33, 32, 3, 17, 1, 4, 29]",5,1.0,0.8333333333333334,0.9090909090909091,1.0,1,6,5,5
smd,group1_development,machine-1-7,tranad_official,1,8,15239,15270,"[12, 8, 15, 5, 14, 11, 13, 0, 34, 25, 31, 22, 9, 21, 35, 18, 20, 27, 10, 30, 24, 19, 23, 6, 28, 37, 16, 2, 7, 36, 33, 32, 26, 17, 1, 3, 29, 4]",1,1.0,0.125,0.2222222222222222,1.0,1,8,1,1
smd,group1_development,machine-1-7,tranad_official,1,8,15239,15270,"[12, 8, 15, 5, 14, 11, 13, 0, 34, 25, 31, 22, 9, 21, 35, 18, 20, 27, 10, 30, 24, 19, 23, 6, 28, 37, 16, 2, 7, 36, 33, 32, 26, 17, 1, 3, 29, 4]",3,1.0,0.375,0.5454545454545454,1.0,1,8,3,3
smd,group1_development,machine-1-7,tranad_official,1,8,15239,15270,"[12, 8, 15, 5, 14, 11, 13, 0, 34, 25, 31, 22, 9, 21, 35, 18, 20, 27, 10, 30, 24, 19, 23, 6, 28, 37, 16, 2, 7, 36, 33, 32, 26, 17, 1, 3, 29, 4]",5,1.0,0.625,0.7692307692307693,1.0,1,8,5,5
smd,group1_development,machine-1-7,tranad_official,1,9,15960,15963,"[16, 22, 21, 23, 20, 31, 27, 19, 24, 34, 35, 30, 6, 25, 13, 0, 12, 5, 36, 1, 17, 15, 11, 10, 18, 3, 37, 28, 7, 2, 26, 32, 29, 14, 4, 33, 8, 9]",1,1.0,1.0,1.0,1.0,1,1,1,1
smd,group1_development,machine-1-7,tranad_official,1,9,15960,15963,"[16, 22, 21, 23, 20, 31, 27, 19, 24, 34, 35, 30, 6, 25, 13, 0, 12, 5, 36, 1, 17, 15, 11, 10, 18, 3, 37, 28, 7, 2, 26, 32, 29, 14, 4, 33, 8, 9]",3,0.3333333333333333,1.0,0.5,1.0,1,1,3,1
smd,group1_development,machine-1-7,tranad_official,1,9,15960,15963,"[16, 22, 21, 23, 20, 31, 27, 19, 24, 34, 35, 30, 6, 25, 13, 0, 12, 5, 36, 1, 17, 15, 11, 10, 18, 3, 37, 28, 7, 2, 26, 32, 29, 14, 4, 33, 8, 9]",5,0.2,1.0,0.33333333333333337,1.0,1,1,5,1
smd,group1_development,machine-1-7,tranad_official,1,10,18109,18150,"[12, 8, 0, 3, 2, 13, 15, 14, 11, 1, 28, 25, 34, 5, 35, 31, 21, 6, 18, 22, 23, 20, 27, 30, 19, 24, 29, 16, 10, 9, 32, 37, 7, 36, 4, 26, 33, 17]",1,1.0,0.03571428571428571,0.0689655172413793,1.0,1,28,1,1
smd,group1_development,machine-1-7,tranad_official,1,10,18109,18150,"[12, 8, 0, 3, 2, 13, 15, 14, 11, 1, 28, 25, 34, 5, 35, 31, 21, 6, 18, 22, 23, 20, 27, 30, 19, 24, 29, 16, 10, 9, 32, 37, 7, 36, 4, 26, 33, 17]",3,1.0,0.10714285714285714,0.19354838709677416,1.0,1,28,3,3
smd,group1_development,machine-1-7,tranad_official,1,10,18109,18150,"[12, 8, 0, 3, 2, 13, 15, 14, 11, 1, 28, 25, 34, 5, 35, 31, 21, 6, 18, 22, 23, 20, 27, 30, 19, 24, 29, 16, 10, 9, 32, 37, 7, 36, 4, 26, 33, 17]",5,1.0,0.17857142857142858,0.30303030303030304,1.0,1,28,5,5
smd,group1_development,machine-1-7,tranad_official,1,11,19442,19446,"[32, 23, 34, 6, 35, 31, 11, 14, 33, 27, 25, 21, 22, 30, 18, 24, 20, 2, 28, 19, 37, 7, 36, 5, 16, 8, 26, 17, 9, 3, 10, 15, 1, 29, 0, 12, 4, 13]",1,1.0,0.5,0.6666666666666666,1.0,1,2,1,1
smd,group1_development,machine-1-7,tranad_official,1,11,19442,19446,"[32, 23, 34, 6, 35, 31, 11, 14, 33, 27, 25, 21, 22, 30, 18, 24, 20, 2, 28, 19, 37, 7, 36, 5, 16, 8, 26, 17, 9, 3, 10, 15, 1, 29, 0, 12, 4, 13]",3,0.3333333333333333,0.5,0.4,0.6131471927654584,1,2,3,1
smd,group1_development,machine-1-7,tranad_official,1,11,19442,19446,"[32, 23, 34, 6, 35, 31, 11, 14, 33, 27, 25, 21, 22, 30, 18, 24, 20, 2, 28, 19, 37, 7, 36, 5, 16, 8, 26, 17, 9, 3, 10, 15, 1, 29, 0, 12, 4, 13]",5,0.2,0.5,0.28571428571428575,0.6131471927654584,1,2,5,1
smd,group1_development,machine-1-7,tranad_official,1,12,19559,19590,"[12, 8, 15, 13, 5, 14, 11, 34, 25, 0, 31, 35, 10, 23, 22, 21, 18, 6, 20, 24, 30, 27, 19, 9, 28, 37, 2, 7, 16, 36, 32, 26, 33, 1, 3, 17, 29, 4]",1,1.0,0.125,0.2222222222222222,1.0,1,8,1,1
smd,group1_development,machine-1-7,tranad_official,1,12,19559,19590,"[12, 8, 15, 13, 5, 14, 11, 34, 25, 0, 31, 35, 10, 23, 22, 21, 18, 6, 20, 24, 30, 27, 19, 9, 28, 37, 2, 7, 16, 36, 32, 26, 33, 1, 3, 17, 29, 4]",3,1.0,0.375,0.5454545454545454,1.0,1,8,3,3
smd,group1_development,machine-1-7,tranad_official,1,12,19559,19590,"[12, 8, 15, 13, 5, 14, 11, 34, 25, 0, 31, 35, 10, 23, 22, 21, 18, 6, 20, 24, 30, 27, 19, 9, 28, 37, 2, 7, 16, 36, 32, 26, 33, 1, 3, 17, 29, 4]",5,1.0,0.625,0.7692307692307693,1.0,1,8,5,5
smd,group1_development,machine-1-7,tranad_official,2,0,837,858,"[12, 8, 15, 0, 14, 13, 11, 25, 22, 27, 19, 10, 5, 31, 34, 30, 21, 20, 35, 24, 18, 9, 23, 6, 33, 37, 7, 28, 26, 2, 17, 3, 1, 4, 16, 36, 29, 32]",1,1.0,0.125,0.2222222222222222,1.0,1,8,1,1
smd,group1_development,machine-1-7,tranad_official,2,0,837,858,"[12, 8, 15, 0, 14, 13, 11, 25, 22, 27, 19, 10, 5, 31, 34, 30, 21, 20, 35, 24, 18, 9, 23, 6, 33, 37, 7, 28, 26, 2, 17, 3, 1, 4, 16, 36, 29, 32]",3,1.0,0.375,0.5454545454545454,1.0,1,8,3,3
smd,group1_development,machine-1-7,tranad_official,2,0,837,858,"[12, 8, 15, 0, 14, 13, 11, 25, 22, 27, 19, 10, 5, 31, 34, 30, 21, 20, 35, 24, 18, 9, 23, 6, 33, 37, 7, 28, 26, 2, 17, 3, 1, 4, 16, 36, 29, 32]",5,1.0,0.625,0.7692307692307693,1.0,1,8,5,5
smd,group1_development,machine-1-7,tranad_official,2,1,2959,4174,"[5, 32, 22, 6, 23, 20, 18, 31, 21, 24, 35, 25, 13, 19, 34, 33, 11, 12, 27, 10, 8, 30, 15, 14, 9, 0, 37, 7, 28, 16, 36, 3, 1, 29, 26, 17, 2, 4]",1,1.0,0.1111111111111111,0.19999999999999998,1.0,1,9,1,1
smd,group1_development,machine-1-7,tranad_official,2,1,2959,4174,"[5, 32, 22, 6, 23, 20, 18, 31, 21, 24, 35, 25, 13, 19, 34, 33, 11, 12, 27, 10, 8, 30, 15, 14, 9, 0, 37, 7, 28, 16, 36, 3, 1, 29, 26, 17, 2, 4]",3,0.6666666666666666,0.2222222222222222,0.3333333333333333,0.7653606369886217,1,9,3,2
smd,group1_development,machine-1-7,tranad_official,2,1,2959,4174,"[5, 32, 22, 6, 23, 20, 18, 31, 21, 24, 35, 25, 13, 19, 34, 33, 11, 12, 27, 10, 8, 30, 15, 14, 9, 0, 37, 7, 28, 16, 36, 3, 1, 29, 26, 17, 2, 4]",5,0.4,0.2222222222222222,0.2857142857142857,0.5531464700081437,1,9,5,2
smd,group1_development,machine-1-7,tranad_official,2,2,5849,5940,"[9, 10, 6, 23, 5, 14, 29, 32, 8, 26, 7, 21, 37, 20, 12, 11, 35, 34, 25, 31, 13, 24, 30, 19, 22, 27, 36, 18, 0, 2, 3, 1, 16, 28, 17, 4, 33, 15]",1,1.0,0.04,0.07692307692307693,1.0,1,25,1,1
smd,group1_development,machine-1-7,tranad_official,2,2,5849,5940,"[9, 10, 6, 23, 5, 14, 29, 32, 8, 26, 7, 21, 37, 20, 12, 11, 35, 34, 25, 31, 13, 24, 30, 19, 22, 27, 36, 18, 0, 2, 3, 1, 16, 28, 17, 4, 33, 15]",3,1.0,0.12,0.21428571428571425,1.0,1,25,3,3
smd,group1_development,machine-1-7,tranad_official,2,2,5849,5940,"[9, 10, 6, 23, 5, 14, 29, 32, 8, 26, 7, 21, 37, 20, 12, 11, 35, 34, 25, 31, 13, 24, 30, 19, 22, 27, 36, 18, 0, 2, 3, 1, 16, 28, 17, 4, 33, 15]",5,1.0,0.2,0.33333333333333337,1.0,1,25,5,5
smd,group1_development,machine-1-7,tranad_official,2,3,6031,6034,"[23, 6, 35, 34, 27, 30, 5, 31, 21, 32, 20, 25, 33, 36, 18, 16, 37, 22, 10, 24, 11, 28, 29, 7, 19, 9, 2, 3, 1, 17, 15, 26, 12, 13, 0, 14, 4, 8]",1,0.0,0.0,0.0,0.0,0,2,1,0
smd,group1_development,machine-1-7,tranad_official,2,3,6031,6034,"[23, 6, 35, 34, 27, 30, 5, 31, 21, 32, 20, 25, 33, 36, 18, 16, 37, 22, 10, 24, 11, 28, 29, 7, 19, 9, 2, 3, 1, 17, 15, 26, 12, 13, 0, 14, 4, 8]",3,0.0,0.0,0.0,0.0,0,2,3,0
smd,group1_development,machine-1-7,tranad_official,2,3,6031,6034,"[23, 6, 35, 34, 27, 30, 5, 31, 21, 32, 20, 25, 33, 36, 18, 16, 37, 22, 10, 24, 11, 28, 29, 7, 19, 9, 2, 3, 1, 17, 15, 26, 12, 13, 0, 14, 4, 8]",5,0.0,0.0,0.0,0.0,0,2,5,0
smd,group1_development,machine-1-7,tranad_official,2,4,7099,8000,"[12, 11, 6, 23, 8, 13, 5, 9, 22, 19, 0, 14, 35, 34, 18, 24, 25, 16, 31, 20, 10, 27, 37, 36, 21, 30, 7, 33, 28, 15, 17, 3, 1, 2, 32, 26, 29, 4]",1,1.0,0.125,0.2222222222222222,1.0,1,8,1,1
smd,group1_development,machine-1-7,tranad_official,2,4,7099,8000,"[12, 11, 6, 23, 8, 13, 5, 9, 22, 19, 0, 14, 35, 34, 18, 24, 25, 16, 31, 20, 10, 27, 37, 36, 21, 30, 7, 33, 28, 15, 17, 3, 1, 2, 32, 26, 29, 4]",3,0.6666666666666666,0.25,0.36363636363636365,0.7653606369886217,1,8,3,2
smd,group1_development,machine-1-7,tranad_official,2,4,7099,8000,"[12, 11, 6, 23, 8, 13, 5, 9, 22, 19, 0, 14, 35, 34, 18, 24, 25, 16, 31, 20, 10, 27, 37, 36, 21, 30, 7, 33, 28, 15, 17, 3, 1, 2, 32, 26, 29, 4]",5,0.6,0.375,0.4615384615384615,0.6843515475204855,1,8,5,3
smd,group1_development,machine-1-7,tranad_official,2,5,8564,8580,"[9, 10, 14, 8, 26, 29, 32, 6, 5, 7, 37, 12, 21, 11, 20, 35, 25, 34, 23, 27, 36, 30, 24, 19, 31, 22, 18, 13, 0, 2, 3, 1, 4, 16, 17, 28, 33, 15]",1,1.0,0.05555555555555555,0.10526315789473684,1.0,1,18,1,1
smd,group1_development,machine-1-7,tranad_official,2,5,8564,8580,"[9, 10, 14, 8, 26, 29, 32, 6, 5, 7, 37, 12, 21, 11, 20, 35, 25, 34, 23, 27, 36, 30, 24, 19, 31, 22, 18, 13, 0, 2, 3, 1, 4, 16, 17, 28, 33, 15]",3,0.6666666666666666,0.1111111111111111,0.1904761904761905,0.7653606369886217,1,18,3,2
smd,group1_development,machine-1-7,tranad_official,2,5,8564,8580,"[9, 10, 14, 8, 26, 29, 32, 6, 5, 7, 37, 12, 21, 11, 20, 35, 25, 34, 23, 27, 36, 30, 24, 19, 31, 22, 18, 13, 0, 2, 3, 1, 4, 16, 17, 28, 33, 15]",5,0.6,0.16666666666666666,0.2608695652173913,0.6992148198508501,1,18,5,3
smd,group1_development,machine-1-7,tranad_official,2,6,12359,12374,"[12, 8, 15, 14, 11, 13, 0, 22, 35, 20, 33, 34, 6, 31, 37, 10, 18, 19, 21, 7, 9, 28, 27, 24, 23, 5, 3, 25, 26, 30, 16, 29, 1, 36, 17, 4, 2, 32]",1,1.0,0.14285714285714285,0.25,1.0,1,7,1,1
smd,group1_development,machine-1-7,tranad_official,2,6,12359,12374,"[12, 8, 15, 14, 11, 13, 0, 22, 35, 20, 33, 34, 6, 31, 37, 10, 18, 19, 21, 7, 9, 28, 27, 24, 23, 5, 3, 25, 26, 30, 16, 29, 1, 36, 17, 4, 2, 32]",3,1.0,0.42857142857142855,0.6,1.0,1,7,3,3
smd,group1_development,machine-1-7,tranad_official,2,6,12359,12374,"[12, 8, 15, 14, 11, 13, 0, 22, 35, 20, 33, 34, 6, 31, 37, 10, 18, 19, 21, 7, 9, 28, 27, 24, 23, 5, 3, 25, 26, 30, 16, 29, 1, 36, 17, 4, 2, 32]",5,1.0,0.7142857142857143,0.8333333333333333,1.0,1,7,5,5
smd,group1_development,machine-1-7,tranad_official,2,7,13799,13825,"[12, 8, 14, 11, 15, 5, 13, 35, 34, 22, 20, 18, 31, 19, 27, 21, 24, 6, 25, 30, 0, 33, 37, 10, 7, 28, 9, 3, 23, 26, 16, 1, 29, 36, 17, 4, 32, 2]",1,1.0,0.16666666666666666,0.2857142857142857,1.0,1,6,1,1
smd,group1_development,machine-1-7,tranad_official,2,7,13799,13825,"[12, 8, 14, 11, 15, 5, 13, 35, 34, 22, 20, 18, 31, 19, 27, 21, 24, 6, 25, 30, 0, 33, 37, 10, 7, 28, 9, 3, 23, 26, 16, 1, 29, 36, 17, 4, 32, 2]",3,1.0,0.5,0.6666666666666666,1.0,1,6,3,3
smd,group1_development,machine-1-7,tranad_official,2,7,13799,13825,"[12, 8, 14, 11, 15, 5, 13, 35, 34, 22, 20, 18, 31, 19, 27, 21, 24, 6, 25, 30, 0, 33, 37, 10, 7, 28, 9, 3, 23, 26, 16, 1, 29, 36, 17, 4, 32, 2]",5,1.0,0.8333333333333334,0.9090909090909091,1.0,1,6,5,5
smd,group1_development,machine-1-7,tranad_official,2,8,15239,15270,"[12, 8, 15, 5, 14, 11, 0, 13, 25, 9, 27, 19, 22, 31, 20, 35, 21, 10, 34, 30, 18, 24, 6, 37, 33, 7, 28, 26, 1, 16, 29, 17, 36, 4, 3, 23, 32, 2]",1,1.0,0.125,0.2222222222222222,1.0,1,8,1,1
smd,group1_development,machine-1-7,tranad_official,2,8,15239,15270,"[12, 8, 15, 5, 14, 11, 0, 13, 25, 9, 27, 19, 22, 31, 20, 35, 21, 10, 34, 30, 18, 24, 6, 37, 33, 7, 28, 26, 1, 16, 29, 17, 36, 4, 3, 23, 32, 2]",3,1.0,0.375,0.5454545454545454,1.0,1,8,3,3
smd,group1_development,machine-1-7,tranad_official,2,8,15239,15270,"[12, 8, 15, 5, 14, 11, 0, 13, 25, 9, 27, 19, 22, 31, 20, 35, 21, 10, 34, 30, 18, 24, 6, 37, 33, 7, 28, 26, 1, 16, 29, 17, 36, 4, 3, 23, 32, 2]",5,1.0,0.625,0.7692307692307693,1.0,1,8,5,5
smd,group1_development,machine-1-7,tranad_official,2,9,15960,15963,"[16, 22, 5, 20, 35, 23, 18, 21, 0, 19, 24, 36, 11, 13, 2, 6, 14, 37, 10, 30, 32, 31, 29, 12, 27, 28, 25, 17, 7, 3, 1, 34, 9, 26, 33, 15, 4, 8]",1,1.0,1.0,1.0,1.0,1,1,1,1
smd,group1_development,machine-1-7,tranad_official,2,9,15960,15963,"[16, 22, 5, 20, 35, 23, 18, 21, 0, 19, 24, 36, 11, 13, 2, 6, 14, 37, 10, 30, 32, 31, 29, 12, 27, 28, 25, 17, 7, 3, 1, 34, 9, 26, 33, 15, 4, 8]",3,0.3333333333333333,1.0,0.5,1.0,1,1,3,1
smd,group1_development,machine-1-7,tranad_official,2,9,15960,15963,"[16, 22, 5, 20, 35, 23, 18, 21, 0, 19, 24, 36, 11, 13, 2, 6, 14, 37, 10, 30, 32, 31, 29, 12, 27, 28, 25, 17, 7, 3, 1, 34, 9, 26, 33, 15, 4, 8]",5,0.2,1.0,0.33333333333333337,1.0,1,1,5,1
smd,group1_development,machine-1-7,tranad_official,2,10,18109,18150,"[12, 8, 0, 3, 2, 13, 15, 14, 11, 1, 28, 25, 5, 31, 35, 6, 27, 34, 19, 21, 20, 30, 22, 24, 18, 23, 29, 16, 10, 9, 33, 37, 7, 26, 32, 17, 36, 4]",1,1.0,0.03571428571428571,0.0689655172413793,1.0,1,28,1,1
smd,group1_development,machine-1-7,tranad_official,2,10,18109,18150,"[12, 8, 0, 3, 2, 13, 15, 14, 11, 1, 28, 25, 5, 31, 35, 6, 27, 34, 19, 21, 20, 30, 22, 24, 18, 23, 29, 16, 10, 9, 33, 37, 7, 26, 32, 17, 36, 4]",3,1.0,0.10714285714285714,0.19354838709677416,1.0,1,28,3,3
smd,group1_development,machine-1-7,tranad_official,2,10,18109,18150,"[12, 8, 0, 3, 2, 13, 15, 14, 11, 1, 28, 25, 5, 31, 35, 6, 27, 34, 19, 21, 20, 30, 22, 24, 18, 23, 29, 16, 10, 9, 33, 37, 7, 26, 32, 17, 36, 4]",5,1.0,0.17857142857142858,0.30303030303030304,1.0,1,28,5,5
smd,group1_development,machine-1-7,tranad_official,2,11,19442,19446,"[32, 6, 35, 31, 11, 20, 23, 34, 14, 21, 18, 22, 33, 19, 24, 10, 30, 37, 27, 9, 28, 25, 29, 7, 16, 3, 36, 26, 15, 1, 17, 12, 2, 13, 8, 0, 5, 4]",1,1.0,0.5,0.6666666666666666,1.0,1,2,1,1
smd,group1_development,machine-1-7,tranad_official,2,11,19442,19446,"[32, 6, 35, 31, 11, 20, 23, 34, 14, 21, 18, 22, 33, 19, 24, 10, 30, 37, 27, 9, 28, 25, 29, 7, 16, 3, 36, 26, 15, 1, 17, 12, 2, 13, 8, 0, 5, 4]",3,0.3333333333333333,0.5,0.4,0.6131471927654584,1,2,3,1
smd,group1_development,machine-1-7,tranad_official,2,11,19442,19446,"[32, 6, 35, 31, 11, 20, 23, 34, 14, 21, 18, 22, 33, 19, 24, 10, 30, 37, 27, 9, 28, 25, 29, 7, 16, 3, 36, 26, 15, 1, 17, 12, 2, 13, 8, 0, 5, 4]",5,0.2,0.5,0.28571428571428575,0.6131471927654584,1,2,5,1
smd,group1_development,machine-1-7,tranad_official,2,12,19559,19590,"[12, 8, 15, 5, 14, 13, 11, 0, 25, 19, 10, 27, 31, 35, 20, 21, 34, 22, 30, 24, 18, 6, 23, 9, 33, 37, 7, 28, 26, 16, 1, 17, 36, 29, 2, 3, 4, 32]",1,1.0,0.125,0.2222222222222222,1.0,1,8,1,1
smd,group1_development,machine-1-7,tranad_official,2,12,19559,19590,"[12, 8, 15, 5, 14, 13, 11, 0, 25, 19, 10, 27, 31, 35, 20, 21, 34, 22, 30, 24, 18, 6, 23, 9, 33, 37, 7, 28, 26, 16, 1, 17, 36, 29, 2, 3, 4, 32]",3,1.0,0.375,0.5454545454545454,1.0,1,8,3,3
smd,group1_development,machine-1-7,tranad_official,2,12,19559,19590,"[12, 8, 15, 5, 14, 13, 11, 0, 25, 19, 10, 27, 31, 35, 20, 21, 34, 22, 30, 24, 18, 6, 23, 9, 33, 37, 7, 28, 26, 16, 1, 17, 36, 29, 2, 3, 4, 32]",5,1.0,0.625,0.7692307692307693,1.0,1,8,5,5
smd,group1_development,machine-1-8,tranad_official,0,0,710,1081,"[0, 23, 11, 1, 2, 3, 25, 10, 5, 20, 14, 6, 32, 31, 21, 19, 12, 18, 30, 27, 17, 29, 13, 8, 4, 35, 28, 15, 7, 9, 26, 16, 34, 33, 24, 22, 37, 36]",1,1.0,0.3333333333333333,0.5,1.0,1,3,1,1
smd,group1_development,machine-1-8,tranad_official,0,0,710,1081,"[0, 23, 11, 1, 2, 3, 25, 10, 5, 20, 14, 6, 32, 31, 21, 19, 12, 18, 30, 27, 17, 29, 13, 8, 4, 35, 28, 15, 7, 9, 26, 16, 34, 33, 24, 22, 37, 36]",3,0.3333333333333333,0.3333333333333333,0.3333333333333333,0.46927872602275644,1,3,3,1
smd,group1_development,machine-1-8,tranad_official,0,0,710,1081,"[0, 23, 11, 1, 2, 3, 25, 10, 5, 20, 14, 6, 32, 31, 21, 19, 12, 18, 30, 27, 17, 29, 13, 8, 4, 35, 28, 15, 7, 9, 26, 16, 34, 33, 24, 22, 37, 36]",5,0.2,0.3333333333333333,0.25,0.46927872602275644,1,3,5,1
smd,group1_development,machine-1-8,tranad_official,0,1,2105,2171,"[11, 12, 25, 3, 21, 0, 23, 1, 2, 6, 27, 35, 9, 5, 24, 32, 10, 14, 8, 20, 31, 30, 19, 18, 29, 26, 34, 4, 13, 16, 15, 28, 17, 7, 22, 33, 36, 37]",1,1.0,0.2,0.33333333333333337,1.0,1,5,1,1
smd,group1_development,machine-1-8,tranad_official,0,1,2105,2171,"[11, 12, 25, 3, 21, 0, 23, 1, 2, 6, 27, 35, 9, 5, 24, 32, 10, 14, 8, 20, 31, 30, 19, 18, 29, 26, 34, 4, 13, 16, 15, 28, 17, 7, 22, 33, 36, 37]",3,0.3333333333333333,0.2,0.25,0.46927872602275644,1,5,3,1
smd,group1_development,machine-1-8,tranad_official,0,1,2105,2171,"[11, 12, 25, 3, 21, 0, 23, 1, 2, 6, 27, 35, 9, 5, 24, 32, 10, 14, 8, 20, 31, 30, 19, 18, 29, 26, 34, 4, 13, 16, 15, 28, 17, 7, 22, 33, 36, 37]",5,0.2,0.2,0.20000000000000004,0.3391602052736161,1,5,5,1
smd,group1_development,machine-1-8,tranad_official,0,2,2725,2728,"[12, 13, 9, 8, 2, 1, 0, 3, 31, 34, 23, 19, 29, 24, 11, 22, 32, 25, 35, 5, 18, 10, 14, 28, 4, 6, 7, 26, 16, 27, 37, 30, 15, 36, 17, 20, 33, 21]",1,1.0,0.25,0.4,1.0,1,4,1,1
smd,group1_development,machine-1-8,tranad_official,0,2,2725,2728,"[12, 13, 9, 8, 2, 1, 0, 3, 31, 34, 23, 19, 29, 24, 11, 22, 32, 25, 35, 5, 18, 10, 14, 28, 4, 6, 7, 26, 16, 27, 37, 30, 15, 36, 17, 20, 33, 21]",3,1.0,0.75,0.8571428571428571,1.0,1,4,3,3
smd,group1_development,machine-1-8,tranad_official,0,2,2725,2728,"[12, 13, 9, 8, 2, 1, 0, 3, 31, 34, 23, 19, 29, 24, 11, 22, 32, 25, 35, 5, 18, 10, 14, 28, 4, 6, 7, 26, 16, 27, 37, 30, 15, 36, 17, 20, 33, 21]",5,0.8,1.0,0.888888888888889,1.0,1,4,5,4
smd,group1_development,machine-1-8,tranad_official,0,3,3068,3071,"[0, 2, 1, 13, 12, 19, 31, 5, 32, 3, 20, 23, 21, 30, 8, 10, 27, 6, 22, 25, 15, 18, 24, 7, 37, 4, 16, 28, 26, 9, 34, 36, 29, 14, 11, 35, 33, 17]",1,0.0,0.0,0.0,0.0,0,4,1,0
smd,group1_development,machine-1-8,tranad_official,0,3,3068,3071,"[0, 2, 1, 13, 12, 19, 31, 5, 32, 3, 20, 23, 21, 30, 8, 10, 27, 6, 22, 25, 15, 18, 24, 7, 37, 4, 16, 28, 26, 9, 34, 36, 29, 14, 11, 35, 33, 17]",3,0.0,0.0,0.0,0.0,0,4,3,0
smd,group1_development,machine-1-8,tranad_official,0,3,3068,3071,"[0, 2, 1, 13, 12, 19, 31, 5, 32, 3, 20, 23, 21, 30, 8, 10, 27, 6, 22, 25, 15, 18, 24, 7, 37, 4, 16, 28, 26, 9, 34, 36, 29, 14, 11, 35, 33, 17]",5,0.4,0.5,0.4444444444444445,0.3191471544989227,1,4,5,2
smd,group1_development,machine-1-8,tranad_official,0,4,3594,3598,"[5, 14, 11, 8, 12, 6, 0, 2, 3, 1, 10, 23, 13, 32, 31, 25, 20, 17, 28, 19, 4, 7, 9, 24, 26, 16, 18, 27, 30, 29, 21, 22, 35, 33, 37, 36, 15, 34]",1,0.0,0.0,0.0,0.0,0,5,1,0
smd,group1_development,machine-1-8,tranad_official,0,4,3594,3598,"[5, 14, 11, 8, 12, 6, 0, 2, 3, 1, 10, 23, 13, 32, 31, 25, 20, 17, 28, 19, 4, 7, 9, 24, 26, 16, 18, 27, 30, 29, 21, 22, 35, 33, 37, 36, 15, 34]",3,0.3333333333333333,0.2,0.25,0.2960819109658652,1,5,3,1
smd,group1_development,machine-1-8,tranad_official,0,4,3594,3598,"[5, 14, 11, 8, 12, 6, 0, 2, 3, 1, 10, 23, 13, 32, 31, 25, 20, 17, 28, 19, 4, 7, 9, 24, 26, 16, 18, 27, 30, 29, 21, 22, 35, 33, 37, 36, 15, 34]",5,0.6,0.6,0.6,0.4912596920895758,1,5,5,3
smd,group1_development,machine-1-8,tranad_official,0,5,4589,4599,"[10, 6, 15, 5, 3, 2, 25, 23, 0, 22, 1, 32, 20, 27, 19, 30, 12, 29, 13, 31, 11, 34, 7, 28, 4, 26, 9, 16, 18, 35, 21, 24, 37, 8, 14, 33, 36, 17]",1,1.0,0.25,0.4,1.0,1,4,1,1
smd,group1_development,machine-1-8,tranad_official,0,5,4589,4599,"[10, 6, 15, 5, 3, 2, 25, 23, 0, 22, 1, 32, 20, 27, 19, 30, 12, 29, 13, 31, 11, 34, 7, 28, 4, 26, 9, 16, 18, 35, 21, 24, 37, 8, 14, 33, 36, 17]",3,1.0,0.75,0.8571428571428571,1.0,1,4,3,3
smd,group1_development,machine-1-8,tranad_official,0,5,4589,4599,"[10, 6, 15, 5, 3, 2, 25, 23, 0, 22, 1, 32, 20, 27, 19, 30, 12, 29, 13, 31, 11, 34, 7, 28, 4, 26, 9, 16, 18, 35, 21, 24, 37, 8, 14, 33, 36, 17]",5,0.8,1.0,0.888888888888889,1.0,1,4,5,4
smd,group1_development,machine-1-8,tranad_official,0,6,7100,7104,"[10, 15, 5, 6, 32, 34, 30, 19, 24, 29, 20, 27, 31, 35, 22, 21, 11, 14, 2, 1, 18, 25, 0, 13, 23, 3, 12, 28, 26, 9, 4, 16, 7, 8, 33, 37, 36, 17]",1,1.0,0.25,0.4,1.0,1,4,1,1
smd,group1_development,machine-1-8,tranad_official,0,6,7100,7104,"[10, 15, 5, 6, 32, 34, 30, 19, 24, 29, 20, 27, 31, 35, 22, 21, 11, 14, 2, 1, 18, 25, 0, 13, 23, 3, 12, 28, 26, 9, 4, 16, 7, 8, 33, 37, 36, 17]",3,1.0,0.75,0.8571428571428571,1.0,1,4,3,3
smd,group1_development,machine-1-8,tranad_official,0,6,7100,7104,"[10, 15, 5, 6, 32, 34, 30, 19, 24, 29, 20, 27, 31, 35, 22, 21, 11, 14, 2, 1, 18, 25, 0, 13, 23, 3, 12, 28, 26, 9, 4, 16, 7, 8, 33, 37, 36, 17]",5,0.8,1.0,0.888888888888889,1.0,1,4,5,4
smd,group1_development,machine-1-8,tranad_official,0,7,7474,7477,"[10, 15, 5, 6, 22, 20, 30, 27, 19, 21, 34, 14, 11, 18, 24, 25, 23, 3, 13, 1, 2, 35, 29, 32, 31, 12, 28, 26, 9, 7, 4, 0, 16, 33, 37, 8, 36, 17]",1,1.0,0.25,0.4,1.0,1,4,1,1
smd,group1_development,machine-1-8,tranad_official,0,7,7474,7477,"[10, 15, 5, 6, 22, 20, 30, 27, 19, 21, 34, 14, 11, 18, 24, 25, 23, 3, 13, 1, 2, 35, 29, 32, 31, 12, 28, 26, 9, 7, 4, 0, 16, 33, 37, 8, 36, 17]",3,1.0,0.75,0.8571428571428571,1.0,1,4,3,3
smd,group1_development,machine-1-8,tranad_official,0,7,7474,7477,"[10, 15, 5, 6, 22, 20, 30, 27, 19, 21, 34, 14, 11, 18, 24, 25, 23, 3, 13, 1, 2, 35, 29, 32, 31, 12, 28, 26, 9, 7, 4, 0, 16, 33, 37, 8, 36, 17]",5,0.8,1.0,0.888888888888889,1.0,1,4,5,4
smd,group1_development,machine-1-8,tranad_official,0,8,8317,8320,"[14, 5, 11, 6, 25, 23, 27, 10, 24, 21, 13, 30, 34, 18, 22, 35, 1, 20, 0, 12, 28, 19, 29, 9, 8, 4, 32, 26, 2, 7, 17, 33, 16, 15, 31, 37, 36, 3]",1,1.0,0.5,0.6666666666666666,1.0,1,2,1,1
smd,group1_development,machine-1-8,tranad_official,0,8,8317,8320,"[14, 5, 11, 6, 25, 23, 27, 10, 24, 21, 13, 30, 34, 18, 22, 35, 1, 20, 0, 12, 28, 19, 29, 9, 8, 4, 32, 26, 2, 7, 17, 33, 16, 15, 31, 37, 36, 3]",3,0.3333333333333333,0.5,0.4,0.6131471927654584,1,2,3,1
smd,group1_development,machine-1-8,tranad_official,0,8,8317,8320,"[14, 5, 11, 6, 25, 23, 27, 10, 24, 21, 13, 30, 34, 18, 22, 35, 1, 20, 0, 12, 28, 19, 29, 9, 8, 4, 32, 26, 2, 7, 17, 33, 16, 15, 31, 37, 36, 3]",5,0.2,0.5,0.28571428571428575,0.6131471927654584,1,2,5,1
smd,group1_development,machine-1-8,tranad_official,0,9,8657,8660,"[11, 2, 14, 35, 24, 21, 27, 8, 32, 12, 5, 34, 0, 10, 25, 19, 23, 29, 6, 20, 31, 26, 16, 30, 22, 9, 18, 15, 3, 1, 36, 4, 7, 13, 33, 28, 17, 37]",1,0.0,0.0,0.0,0.0,0,4,1,0
smd,group1_development,machine-1-8,tranad_official,0,9,8657,8660,"[11, 2, 14, 35, 24, 21, 27, 8, 32, 12, 5, 34, 0, 10, 25, 19, 23, 29, 6, 20, 31, 26, 16, 30, 22, 9, 18, 15, 3, 1, 36, 4, 7, 13, 33, 28, 17, 37]",3,0.0,0.0,0.0,0.0,0,4,3,0
smd,group1_development,machine-1-8,tranad_official,0,9,8657,8660,"[11, 2, 14, 35, 24, 21, 27, 8, 32, 12, 5, 34, 0, 10, 25, 19, 23, 29, 6, 20, 31, 26, 16, 30, 22, 9, 18, 15, 3, 1, 36, 4, 7, 13, 33, 28, 17, 37]",5,0.0,0.0,0.0,0.0,0,4,5,0
smd,group1_development,machine-1-8,tranad_official,0,10,8912,8916,"[5, 6, 9, 11, 13, 12, 34, 21, 27, 20, 30, 24, 19, 29, 35, 22, 25, 18, 31, 14, 3, 23, 10, 2, 1, 8, 0, 28, 4, 26, 15, 7, 16, 32, 33, 37, 17, 36]",1,0.0,0.0,0.0,0.0,0,3,1,0
smd,group1_development,machine-1-8,tranad_official,0,10,8912,8916,"[5, 6, 9, 11, 13, 12, 34, 21, 27, 20, 30, 24, 19, 29, 35, 22, 25, 18, 31, 14, 3, 23, 10, 2, 1, 8, 0, 28, 4, 26, 15, 7, 16, 32, 33, 37, 17, 36]",3,0.3333333333333333,0.3333333333333333,0.3333333333333333,0.23463936301137822,1,3,3,1
smd,group1_development,machine-1-8,tranad_official,0,10,8912,8916,"[5, 6, 9, 11, 13, 12, 34, 21, 27, 20, 30, 24, 19, 29, 35, 22, 25, 18, 31, 14, 3, 23, 10, 2, 1, 8, 0, 28, 4, 26, 15, 7, 16, 32, 33, 37, 17, 36]",5,0.2,0.3333333333333333,0.25,0.23463936301137822,1,3,5,1
smd,group1_development,machine-1-8,tranad_official,0,11,9075,9078,"[5, 13, 27, 6, 21, 20, 18, 30, 12, 19, 1, 25, 11, 10, 32, 14, 2, 23, 24, 15, 22, 29, 3, 35, 34, 0, 8, 28, 4, 9, 26, 7, 16, 31, 17, 33, 37, 36]",1,0.0,0.0,0.0,0.0,0,2,1,0
smd,group1_development,machine-1-8,tranad_official,0,11,9075,9078,"[5, 13, 27, 6, 21, 20, 18, 30, 12, 19, 1, 25, 11, 10, 32, 14, 2, 23, 24, 15, 22, 29, 3, 35, 34, 0, 8, 28, 4, 9, 26, 7, 16, 31, 17, 33, 37, 36]",3,0.3333333333333333,0.5,0.4,0.38685280723454163,1,2,3,1
smd,group1_development,machine-1-8,tranad_official,0,11,9075,9078,"[5, 13, 27, 6, 21, 20, 18, 30, 12, 19, 1, 25, 11, 10, 32, 14, 2, 23, 24, 15, 22, 29, 3, 35, 34, 0, 8, 28, 4, 9, 26, 7, 16, 31, 17, 33, 37, 36]",5,0.2,0.5,0.28571428571428575,0.38685280723454163,1,2,5,1
smd,group1_development,machine-1-8,tranad_official,0,12,12800,12816,"[5, 2, 3, 1, 0, 6, 24, 31, 29, 32, 19, 22, 34, 13, 35, 10, 12, 11, 27, 14, 30, 15, 25, 21, 8, 23, 7, 18, 28, 4, 20, 9, 16, 33, 17, 26, 37, 36]",1,0.0,0.0,0.0,0.0,0,2,1,0
smd,group1_development,machine-1-8,tranad_official,0,12,12800,12816,"[5, 2, 3, 1, 0, 6, 24, 31, 29, 32, 19, 22, 34, 13, 35, 10, 12, 11, 27, 14, 30, 15, 25, 21, 8, 23, 7, 18, 28, 4, 20, 9, 16, 33, 17, 26, 37, 36]",3,0.0,0.0,0.0,0.0,0,2,3,0
smd,group1_development,machine-1-8,tranad_official,0,12,12800,12816,"[5, 2, 3, 1, 0, 6, 24, 31, 29, 32, 19, 22, 34, 13, 35, 10, 12, 11, 27, 14, 30, 15, 25, 21, 8, 23, 7, 18, 28, 4, 20, 9, 16, 33, 17, 26, 37, 36]",5,0.0,0.0,0.0,0.0,0,2,5,0
smd,group1_development,machine-1-8,tranad_official,0,13,15640,15756,"[22, 3, 6, 10, 5, 2, 24, 15, 1, 25, 0, 32, 19, 29, 23, 34, 13, 31, 35, 11, 27, 14, 18, 12, 7, 21, 30, 28, 4, 26, 8, 9, 20, 16, 37, 33, 36, 17]",1,0.0,0.0,0.0,0.0,0,9,1,0
smd,group1_development,machine-1-8,tranad_official,0,13,15640,15756,"[22, 3, 6, 10, 5, 2, 24, 15, 1, 25, 0, 32, 19, 29, 23, 34, 13, 31, 35, 11, 27, 14, 18, 12, 7, 21, 30, 28, 4, 26, 8, 9, 20, 16, 37, 33, 36, 17]",3,0.6666666666666666,0.2222222222222222,0.3333333333333333,0.5307212739772434,1,9,3,2
smd,group1_development,machine-1-8,tranad_official,0,13,15640,15756,"[22, 3, 6, 10, 5, 2, 24, 15, 1, 25, 0, 32, 19, 29, 23, 34, 13, 31, 35, 11, 27, 14, 18, 12, 7, 21, 30, 28, 4, 26, 8, 9, 20, 16, 37, 33, 36, 17]",5,0.8,0.4444444444444444,0.5714285714285714,0.6608397947263839,1,9,5,4
smd,group1_development,machine-1-8,tranad_official,0,14,17117,17121,"[22, 10, 15, 5, 6, 24, 34, 35, 29, 19, 31, 32, 25, 23, 30, 11, 20, 27, 14, 13, 2, 21, 1, 3, 12, 28, 18, 0, 26, 9, 4, 7, 16, 8, 37, 33, 36, 17]",1,0.0,0.0,0.0,0.0,0,4,1,0
smd,group1_development,machine-1-8,tranad_official,0,14,17117,17121,"[22, 10, 15, 5, 6, 24, 34, 35, 29, 19, 31, 32, 25, 23, 30, 11, 20, 27, 14, 13, 2, 21, 1, 3, 12, 28, 18, 0, 26, 9, 4, 7, 16, 8, 37, 33, 36, 17]",3,0.6666666666666666,0.5,0.5714285714285715,0.5307212739772434,1,4,3,2
smd,group1_development,machine-1-8,tranad_official,0,14,17117,17121,"[22, 10, 15, 5, 6, 24, 34, 35, 29, 19, 31, 32, 25, 23, 30, 11, 20, 27, 14, 13, 2, 21, 1, 3, 12, 28, 18, 0, 26, 9, 4, 7, 16, 8, 37, 33, 36, 17]",5,0.8,1.0,0.888888888888889,0.7606395682357036,1,4,5,4
smd,group1_development,machine-1-8,tranad_official,0,15,17168,17172,"[22, 11, 14, 13, 34, 32, 5, 19, 12, 24, 35, 25, 23, 31, 10, 29, 6, 3, 30, 7, 28, 26, 4, 0, 18, 9, 8, 16, 15, 21, 37, 1, 20, 36, 33, 17, 2, 27]",1,0.0,0.0,0.0,0.0,0,2,1,0
smd,group1_development,machine-1-8,tranad_official,0,15,17168,17172,"[22, 11, 14, 13, 34, 32, 5, 19, 12, 24, 35, 25, 23, 31, 10, 29, 6, 3, 30, 7, 28, 26, 4, 0, 18, 9, 8, 16, 15, 21, 37, 1, 20, 36, 33, 17, 2, 27]",3,0.3333333333333333,0.5,0.4,0.3065735963827292,1,2,3,1
smd,group1_development,machine-1-8,tranad_official,0,15,17168,17172,"[22, 11, 14, 13, 34, 32, 5, 19, 12, 24, 35, 25, 23, 31, 10, 29, 6, 3, 30, 7, 28, 26, 4, 0, 18, 9, 8, 16, 15, 21, 37, 1, 20, 36, 33, 17, 2, 27]",5,0.4,1.0,0.5714285714285715,0.5706417189553201,1,2,5,2
smd,group1_development,machine-1-8,tranad_official,0,16,18600,18683,"[22, 19, 23, 2, 25, 3, 21, 24, 7, 27, 18, 6, 30, 1, 20, 29, 31, 5, 0, 34, 35, 32, 13, 37, 4, 10, 15, 11, 17, 14, 12, 33, 8, 9, 28, 26, 16, 36]",1,1.0,0.05,0.09523809523809523,1.0,1,20,1,1
smd,group1_development,machine-1-8,tranad_official,0,16,18600,18683,"[22, 19, 23, 2, 25, 3, 21, 24, 7, 27, 18, 6, 30, 1, 20, 29, 31, 5, 0, 34, 35, 32, 13, 37, 4, 10, 15, 11, 17, 14, 12, 33, 8, 9, 28, 26, 16, 36]",3,1.0,0.15,0.2608695652173913,1.0,1,20,3,3
smd,group1_development,machine-1-8,tranad_official,0,16,18600,18683,"[22, 19, 23, 2, 25, 3, 21, 24, 7, 27, 18, 6, 30, 1, 20, 29, 31, 5, 0, 34, 35, 32, 13, 37, 4, 10, 15, 11, 17, 14, 12, 33, 8, 9, 28, 26, 16, 36]",5,1.0,0.25,0.4,1.0,1,20,5,5
smd,group1_development,machine-1-8,tranad_official,0,17,19579,19583,"[11, 14, 6, 5, 0, 22, 10, 25, 18, 31, 19, 23, 20, 21, 27, 3, 13, 32, 30, 12, 2, 29, 35, 28, 26, 9, 1, 4, 17, 8, 24, 16, 34, 7, 33, 15, 36, 37]",1,0.0,0.0,0.0,0.0,0,21,1,0
smd,group1_development,machine-1-8,tranad_official,0,17,19579,19583,"[11, 14, 6, 5, 0, 22, 10, 25, 18, 31, 19, 23, 20, 21, 27, 3, 13, 32, 30, 12, 2, 29, 35, 28, 26, 9, 1, 4, 17, 8, 24, 16, 34, 7, 33, 15, 36, 37]",3,0.3333333333333333,0.047619047619047616,0.08333333333333333,0.23463936301137822,1,21,3,1
smd,group1_development,machine-1-8,tranad_official,0,17,19579,19583,"[11, 14, 6, 5, 0, 22, 10, 25, 18, 31, 19, 23, 20, 21, 27, 3, 13, 32, 30, 12, 2, 29, 35, 28, 26, 9, 1, 4, 17, 8, 24, 16, 34, 7, 33, 15, 36, 37]",5,0.6,0.14285714285714285,0.23076923076923073,0.4468535299918563,1,21,5,3
smd,group1_development,machine-1-8,tranad_official,0,18,18890,18946,"[22, 19, 21, 30, 24, 27, 18, 20, 7, 25, 13, 2, 23, 3, 37, 4, 35, 34, 6, 12, 1, 10, 29, 33, 17, 0, 32, 26, 8, 5, 31, 15, 9, 11, 14, 28, 16, 36]",1,0.0,0.0,0.0,0.0,0,2,1,0
smd,group1_development,machine-1-8,tranad_official,0,18,18890,18946,"[22, 19, 21, 30, 24, 27, 18, 20, 7, 25, 13, 2, 23, 3, 37, 4, 35, 34, 6, 12, 1, 10, 29, 33, 17, 0, 32, 26, 8, 5, 31, 15, 9, 11, 14, 28, 16, 36]",3,0.0,0.0,0.0,0.0,0,2,3,0
smd,group1_development,machine-1-8,tranad_official,0,18,18890,18946,"[22, 19, 21, 30, 24, 27, 18, 20, 7, 25, 13, 2, 23, 3, 37, 4, 35, 34, 6, 12, 1, 10, 29, 33, 17, 0, 32, 26, 8, 5, 31, 15, 9, 11, 14, 28, 16, 36]",5,0.0,0.0,0.0,0.0,0,2,5,0
smd,group1_development,machine-1-8,tranad_official,0,19,22899,22902,"[22, 32, 13, 24, 34, 2, 12, 35, 0, 19, 1, 3, 23, 25, 31, 6, 15, 29, 11, 14, 8, 30, 27, 5, 10, 21, 7, 28, 4, 9, 26, 18, 20, 16, 37, 33, 36, 17]",1,0.0,0.0,0.0,0.0,0,2,1,0
smd,group1_development,machine-1-8,tranad_official,0,19,22899,22902,"[22, 32, 13, 24, 34, 2, 12, 35, 0, 19, 1, 3, 23, 25, 31, 6, 15, 29, 11, 14, 8, 30, 27, 5, 10, 21, 7, 28, 4, 9, 26, 18, 20, 16, 37, 33, 36, 17]",3,0.3333333333333333,0.5,0.4,0.3065735963827292,1,2,3,1
smd,group1_development,machine-1-8,tranad_official,0,19,22899,22902,"[22, 32, 13, 24, 34, 2, 12, 35, 0, 19, 1, 3, 23, 25, 31, 6, 15, 29, 11, 14, 8, 30, 27, 5, 10, 21, 7, 28, 4, 9, 26, 18, 20, 16, 37, 33, 36, 17]",5,0.2,0.5,0.28571428571428575,0.3065735963827292,1,2,5,1
smd,group1_development,machine-1-8,tranad_official,1,0,710,1081,"[0, 23, 3, 1, 2, 25, 11, 5, 30, 6, 18, 14, 32, 12, 10, 20, 27, 21, 15, 19, 8, 34, 13, 7, 35, 31, 9, 4, 36, 26, 28, 29, 33, 37, 16, 22, 24, 17]",1,1.0,0.3333333333333333,0.5,1.0,1,3,1,1
smd,group1_development,machine-1-8,tranad_official,1,0,710,1081,"[0, 23, 3, 1, 2, 25, 11, 5, 30, 6, 18, 14, 32, 12, 10, 20, 27, 21, 15, 19, 8, 34, 13, 7, 35, 31, 9, 4, 36, 26, 28, 29, 33, 37, 16, 22, 24, 17]",3,0.3333333333333333,0.3333333333333333,0.3333333333333333,0.46927872602275644,1,3,3,1
smd,group1_development,machine-1-8,tranad_official,1,0,710,1081,"[0, 23, 3, 1, 2, 25, 11, 5, 30, 6, 18, 14, 32, 12, 10, 20, 27, 21, 15, 19, 8, 34, 13, 7, 35, 31, 9, 4, 36, 26, 28, 29, 33, 37, 16, 22, 24, 17]",5,0.2,0.3333333333333333,0.25,0.46927872602275644,1,3,5,1
smd,group1_development,machine-1-8,tranad_official,1,1,2105,2171,"[11, 12, 3, 0, 2, 1, 5, 32, 9, 20, 18, 23, 25, 21, 29, 30, 27, 19, 14, 6, 24, 10, 8, 34, 15, 35, 31, 13, 22, 7, 36, 33, 28, 4, 16, 26, 37, 17]",1,1.0,0.2,0.33333333333333337,1.0,1,5,1,1
smd,group1_development,machine-1-8,tranad_official,1,1,2105,2171,"[11, 12, 3, 0, 2, 1, 5, 32, 9, 20, 18, 23, 25, 21, 29, 30, 27, 19, 14, 6, 24, 10, 8, 34, 15, 35, 31, 13, 22, 7, 36, 33, 28, 4, 16, 26, 37, 17]",3,0.3333333333333333,0.2,0.25,0.46927872602275644,1,5,3,1
smd,group1_development,machine-1-8,tranad_official,1,1,2105,2171,"[11, 12, 3, 0, 2, 1, 5, 32, 9, 20, 18, 23, 25, 21, 29, 30, 27, 19, 14, 6, 24, 10, 8, 34, 15, 35, 31, 13, 22, 7, 36, 33, 28, 4, 16, 26, 37, 17]",5,0.4,0.4,0.4000000000000001,0.48522855511632257,1,5,5,2
smd,group1_development,machine-1-8,tranad_official,1,2,2725,2728,"[12, 9, 13, 3, 8, 2, 1, 0, 31, 29, 34, 24, 11, 32, 35, 25, 22, 23, 19, 10, 14, 5, 6, 30, 36, 16, 28, 17, 20, 33, 37, 7, 4, 26, 21, 15, 18, 27]",1,1.0,0.25,0.4,1.0,1,4,1,1
smd,group1_development,machine-1-8,tranad_official,1,2,2725,2728,"[12, 9, 13, 3, 8, 2, 1, 0, 31, 29, 34, 24, 11, 32, 35, 25, 22, 23, 19, 10, 14, 5, 6, 30, 36, 16, 28, 17, 20, 33, 37, 7, 4, 26, 21, 15, 18, 27]",3,1.0,0.75,0.8571428571428571,1.0,1,4,3,3
smd,group1_development,machine-1-8,tranad_official,1,2,2725,2728,"[12, 9, 13, 3, 8, 2, 1, 0, 31, 29, 34, 24, 11, 32, 35, 25, 22, 23, 19, 10, 14, 5, 6, 30, 36, 16, 28, 17, 20, 33, 37, 7, 4, 26, 21, 15, 18, 27]",5,0.8,1.0,0.888888888888889,0.9828920819566879,1,4,5,4
smd,group1_development,machine-1-8,tranad_official,1,3,3068,3071,"[0, 2, 1, 13, 12, 5, 32, 30, 27, 19, 10, 21, 8, 3, 25, 31, 22, 20, 18, 6, 34, 23, 24, 15, 36, 11, 14, 35, 16, 29, 17, 33, 28, 26, 4, 37, 7, 9]",1,0.0,0.0,0.0,0.0,0,4,1,0
smd,group1_development,machine-1-8,tranad_official,1,3,3068,3071,"[0, 2, 1, 13, 12, 5, 32, 30, 27, 19, 10, 21, 8, 3, 25, 31, 22, 20, 18, 6, 34, 23, 24, 15, 36, 11, 14, 35, 16, 29, 17, 33, 28, 26, 4, 37, 7, 9]",3,0.0,0.0,0.0,0.0,0,4,3,0
smd,group1_development,machine-1-8,tranad_official,1,3,3068,3071,"[0, 2, 1, 13, 12, 5, 32, 30, 27, 19, 10, 21, 8, 3, 25, 31, 22, 20, 18, 6, 34, 23, 24, 15, 36, 11, 14, 35, 16, 29, 17, 33, 28, 26, 4, 37, 7, 9]",5,0.4,0.5,0.4444444444444445,0.3191471544989227,1,4,5,2
smd,group1_development,machine-1-8,tranad_official,1,4,3594,3598,"[5, 14, 11, 8, 6, 12, 0, 3, 2, 1, 23, 25, 32, 13, 29, 15, 7, 30, 26, 9, 36, 10, 28, 4, 37, 16, 24, 22, 18, 27, 20, 31, 33, 17, 21, 19, 34, 35]",1,0.0,0.0,0.0,0.0,0,5,1,0
smd,group1_development,machine-1-8,tranad_official,1,4,3594,3598,"[5, 14, 11, 8, 6, 12, 0, 3, 2, 1, 23, 25, 32, 13, 29, 15, 7, 30, 26, 9, 36, 10, 28, 4, 37, 16, 24, 22, 18, 27, 20, 31, 33, 17, 21, 19, 34, 35]",3,0.3333333333333333,0.2,0.25,0.2960819109658652,1,5,3,1
smd,group1_development,machine-1-8,tranad_official,1,4,3594,3598,"[5, 14, 11, 8, 6, 12, 0, 3, 2, 1, 23, 25, 32, 13, 29, 15, 7, 30, 26, 9, 36, 10, 28, 4, 37, 16, 24, 22, 18, 27, 20, 31, 33, 17, 21, 19, 34, 35]",5,0.6,0.6,0.6,0.4912596920895758,1,5,5,3
smd,group1_development,machine-1-8,tranad_official,1,5,4589,4599,"[10, 15, 6, 5, 3, 25, 2, 1, 0, 23, 32, 22, 30, 29, 20, 18, 19, 36, 24, 16, 12, 13, 28, 11, 27, 31, 35, 34, 17, 33, 21, 8, 4, 7, 14, 26, 37, 9]",1,1.0,0.25,0.4,1.0,1,4,1,1
smd,group1_development,machine-1-8,tranad_official,1,5,4589,4599,"[10, 15, 6, 5, 3, 25, 2, 1, 0, 23, 32, 22, 30, 29, 20, 18, 19, 36, 24, 16, 12, 13, 28, 11, 27, 31, 35, 34, 17, 33, 21, 8, 4, 7, 14, 26, 37, 9]",3,1.0,0.75,0.8571428571428571,1.0,1,4,3,3
smd,group1_development,machine-1-8,tranad_official,1,5,4589,4599,"[10, 15, 6, 5, 3, 25, 2, 1, 0, 23, 32, 22, 30, 29, 20, 18, 19, 36, 24, 16, 12, 13, 28, 11, 27, 31, 35, 34, 17, 33, 21, 8, 4, 7, 14, 26, 37, 9]",5,0.8,1.0,0.888888888888889,1.0,1,4,5,4
smd,group1_development,machine-1-8,tranad_official,1,6,7100,7104,"[10, 15, 5, 6, 32, 29, 24, 35, 34, 19, 31, 30, 11, 18, 14, 22, 1, 25, 20, 2, 23, 21, 0, 27, 13, 12, 33, 16, 36, 28, 3, 17, 8, 7, 4, 26, 37, 9]",1,1.0,0.25,0.4,1.0,1,4,1,1
smd,group1_development,machine-1-8,tranad_official,1,6,7100,7104,"[10, 15, 5, 6, 32, 29, 24, 35, 34, 19, 31, 30, 11, 18, 14, 22, 1, 25, 20, 2, 23, 21, 0, 27, 13, 12, 33, 16, 36, 28, 3, 17, 8, 7, 4, 26, 37, 9]",3,1.0,0.75,0.8571428571428571,1.0,1,4,3,3
smd,group1_development,machine-1-8,tranad_official,1,6,7100,7104,"[10, 15, 5, 6, 32, 29, 24, 35, 34, 19, 31, 30, 11, 18, 14, 22, 1, 25, 20, 2, 23, 21, 0, 27, 13, 12, 33, 16, 36, 28, 3, 17, 8, 7, 4, 26, 37, 9]",5,0.8,1.0,0.888888888888889,1.0,1,4,5,4
smd,group1_development,machine-1-8,tranad_official,1,7,7474,7477,"[10, 15, 5, 6, 22, 25, 18, 30, 14, 11, 23, 20, 29, 19, 1, 24, 13, 2, 35, 32, 27, 21, 34, 3, 33, 12, 16, 36, 28, 17, 31, 0, 7, 8, 4, 26, 37, 9]",1,1.0,0.25,0.4,1.0,1,4,1,1
smd,group1_development,machine-1-8,tranad_official,1,7,7474,7477,"[10, 15, 5, 6, 22, 25, 18, 30, 14, 11, 23, 20, 29, 19, 1, 24, 13, 2, 35, 32, 27, 21, 34, 3, 33, 12, 16, 36, 28, 17, 31, 0, 7, 8, 4, 26, 37, 9]",3,1.0,0.75,0.8571428571428571,1.0,1,4,3,3
smd,group1_development,machine-1-8,tranad_official,1,7,7474,7477,"[10, 15, 5, 6, 22, 25, 18, 30, 14, 11, 23, 20, 29, 19, 1, 24, 13, 2, 35, 32, 27, 21, 34, 3, 33, 12, 16, 36, 28, 17, 31, 0, 7, 8, 4, 26, 37, 9]",5,0.8,1.0,0.888888888888889,1.0,1,4,5,4
smd,group1_development,machine-1-8,tranad_official,1,8,8317,8320,"[14, 5, 11, 6, 23, 25, 13, 29, 20, 12, 24, 1, 35, 19, 27, 21, 22, 34, 33, 0, 15, 18, 31, 7, 28, 8, 26, 30, 9, 2, 10, 16, 36, 4, 37, 17, 3, 32]",1,1.0,0.5,0.6666666666666666,1.0,1,2,1,1
smd,group1_development,machine-1-8,tranad_official,1,8,8317,8320,"[14, 5, 11, 6, 23, 25, 13, 29, 20, 12, 24, 1, 35, 19, 27, 21, 22, 34, 33, 0, 15, 18, 31, 7, 28, 8, 26, 30, 9, 2, 10, 16, 36, 4, 37, 17, 3, 32]",3,0.3333333333333333,0.5,0.4,0.6131471927654584,1,2,3,1
smd,group1_development,machine-1-8,tranad_official,1,8,8317,8320,"[14, 5, 11, 6, 23, 25, 13, 29, 20, 12, 24, 1, 35, 19, 27, 21, 22, 34, 33, 0, 15, 18, 31, 7, 28, 8, 26, 30, 9, 2, 10, 16, 36, 4, 37, 17, 3, 32]",5,0.2,0.5,0.28571428571428575,0.6131471927654584,1,2,5,1
smd,group1_development,machine-1-8,tranad_official,1,9,8657,8660,"[11, 14, 5, 6, 23, 25, 20, 21, 29, 18, 19, 34, 35, 31, 27, 24, 0, 3, 30, 2, 33, 10, 32, 1, 9, 22, 15, 13, 8, 7, 12, 36, 26, 37, 28, 4, 16, 17]",1,0.0,0.0,0.0,0.0,0,4,1,0
smd,group1_development,machine-1-8,tranad_official,1,9,8657,8660,"[11, 14, 5, 6, 23, 25, 20, 21, 29, 18, 19, 34, 35, 31, 27, 24, 0, 3, 30, 2, 33, 10, 32, 1, 9, 22, 15, 13, 8, 7, 12, 36, 26, 37, 28, 4, 16, 17]",3,0.0,0.0,0.0,0.0,0,4,3,0
smd,group1_development,machine-1-8,tranad_official,1,9,8657,8660,"[11, 14, 5, 6, 23, 25, 20, 21, 29, 18, 19, 34, 35, 31, 27, 24, 0, 3, 30, 2, 33, 10, 32, 1, 9, 22, 15, 13, 8, 7, 12, 36, 26, 37, 28, 4, 16, 17]",5,0.0,0.0,0.0,0.0,0,4,5,0
smd,group1_development,machine-1-8,tranad_official,1,10,8912,8916,"[5, 9, 6, 11, 13, 12, 29, 35, 27, 30, 18, 24, 20, 34, 14, 22, 23, 19, 3, 1, 21, 31, 8, 2, 0, 25, 10, 33, 16, 36, 28, 15, 17, 26, 32, 7, 37, 4]",1,0.0,0.0,0.0,0.0,0,3,1,0
smd,group1_development,machine-1-8,tranad_official,1,10,8912,8916,"[5, 9, 6, 11, 13, 12, 29, 35, 27, 30, 18, 24, 20, 34, 14, 22, 23, 19, 3, 1, 21, 31, 8, 2, 0, 25, 10, 33, 16, 36, 28, 15, 17, 26, 32, 7, 37, 4]",3,0.3333333333333333,0.3333333333333333,0.3333333333333333,0.2960819109658652,1,3,3,1
smd,group1_development,machine-1-8,tranad_official,1,10,8912,8916,"[5, 9, 6, 11, 13, 12, 29, 35, 27, 30, 18, 24, 20, 34, 14, 22, 23, 19, 3, 1, 21, 31, 8, 2, 0, 25, 10, 33, 16, 36, 28, 15, 17, 26, 32, 7, 37, 4]",5,0.2,0.3333333333333333,0.25,0.2960819109658652,1,3,5,1
smd,group1_development,machine-1-8,tranad_official,1,11,9075,9078,"[5, 13, 18, 20, 6, 27, 21, 30, 12, 1, 19, 23, 29, 32, 25, 11, 14, 2, 15, 24, 0, 22, 35, 3, 10, 34, 8, 31, 33, 36, 16, 28, 26, 7, 17, 4, 37, 9]",1,0.0,0.0,0.0,0.0,0,2,1,0
smd,group1_development,machine-1-8,tranad_official,1,11,9075,9078,"[5, 13, 18, 20, 6, 27, 21, 30, 12, 1, 19, 23, 29, 32, 25, 11, 14, 2, 15, 24, 0, 22, 35, 3, 10, 34, 8, 31, 33, 36, 16, 28, 26, 7, 17, 4, 37, 9]",3,0.3333333333333333,0.5,0.4,0.38685280723454163,1,2,3,1
smd,group1_development,machine-1-8,tranad_official,1,11,9075,9078,"[5, 13, 18, 20, 6, 27, 21, 30, 12, 1, 19, 23, 29, 32, 25, 11, 14, 2, 15, 24, 0, 22, 35, 3, 10, 34, 8, 31, 33, 36, 16, 28, 26, 7, 17, 4, 37, 9]",5,0.2,0.5,0.28571428571428575,0.38685280723454163,1,2,5,1
smd,group1_development,machine-1-8,tranad_official,1,12,12800,12816,"[5, 3, 2, 1, 0, 6, 29, 31, 34, 35, 24, 13, 22, 32, 10, 11, 12, 27, 19, 14, 15, 25, 30, 8, 23, 20, 18, 36, 21, 33, 17, 16, 28, 26, 37, 7, 4, 9]",1,0.0,0.0,0.0,0.0,0,2,1,0
smd,group1_development,machine-1-8,tranad_official,1,12,12800,12816,"[5, 3, 2, 1, 0, 6, 29, 31, 34, 35, 24, 13, 22, 32, 10, 11, 12, 27, 19, 14, 15, 25, 30, 8, 23, 20, 18, 36, 21, 33, 17, 16, 28, 26, 37, 7, 4, 9]",3,0.0,0.0,0.0,0.0,0,2,3,0
smd,group1_development,machine-1-8,tranad_official,1,12,12800,12816,"[5, 3, 2, 1, 0, 6, 29, 31, 34, 35, 24, 13, 22, 32, 10, 11, 12, 27, 19, 14, 15, 25, 30, 8, 23, 20, 18, 36, 21, 33, 17, 16, 28, 26, 37, 7, 4, 9]",5,0.0,0.0,0.0,0.0,0,2,5,0
smd,group1_development,machine-1-8,tranad_official,1,13,15640,15756,"[22, 3, 25, 2, 10, 5, 6, 1, 18, 0, 15, 32, 27, 24, 23, 13, 29, 31, 21, 14, 19, 35, 11, 34, 30, 33, 36, 16, 20, 28, 12, 17, 8, 4, 7, 9, 26, 37]",1,0.0,0.0,0.0,0.0,0,9,1,0
smd,group1_development,machine-1-8,tranad_official,1,13,15640,15756,"[22, 3, 25, 2, 10, 5, 6, 1, 18, 0, 15, 32, 27, 24, 23, 13, 29, 31, 21, 14, 19, 35, 11, 34, 30, 33, 36, 16, 20, 28, 12, 17, 8, 4, 7, 9, 26, 37]",3,0.3333333333333333,0.1111111111111111,0.16666666666666666,0.2960819109658652,1,9,3,1
smd,group1_development,machine-1-8,tranad_official,1,13,15640,15756,"[22, 3, 25, 2, 10, 5, 6, 1, 18, 0, 15, 32, 27, 24, 23, 13, 29, 31, 21, 14, 19, 35, 11, 34, 30, 33, 36, 16, 20, 28, 12, 17, 8, 4, 7, 9, 26, 37]",5,0.6,0.3333333333333333,0.42857142857142855,0.4912596920895758,1,9,5,3
smd,group1_development,machine-1-8,tranad_official,1,14,17117,17121,"[22, 10, 15, 5, 6, 25, 24, 23, 18, 29, 27, 35, 34, 32, 21, 31, 30, 14, 11, 13, 19, 0, 3, 20, 33, 16, 1, 28, 36, 12, 2, 17, 8, 4, 7, 26, 37, 9]",1,0.0,0.0,0.0,0.0,0,4,1,0
smd,group1_development,machine-1-8,tranad_official,1,14,17117,17121,"[22, 10, 15, 5, 6, 25, 24, 23, 18, 29, 27, 35, 34, 32, 21, 31, 30, 14, 11, 13, 19, 0, 3, 20, 33, 16, 1, 28, 36, 12, 2, 17, 8, 4, 7, 26, 37, 9]",3,0.6666666666666666,0.5,0.5714285714285715,0.5307212739772434,1,4,3,2
smd,group1_development,machine-1-8,tranad_official,1,14,17117,17121,"[22, 10, 15, 5, 6, 25, 24, 23, 18, 29, 27, 35, 34, 32, 21, 31, 30, 14, 11, 13, 19, 0, 3, 20, 33, 16, 1, 28, 36, 12, 2, 17, 8, 4, 7, 26, 37, 9]",5,0.8,1.0,0.888888888888889,0.7606395682357036,1,4,5,4
smd,group1_development,machine-1-8,tranad_official,1,15,17168,17172,"[22, 11, 14, 13, 25, 32, 12, 18, 24, 23, 19, 27, 35, 5, 3, 10, 34, 6, 0, 33, 31, 36, 16, 21, 28, 30, 2, 1, 8, 17, 7, 9, 4, 29, 26, 37, 20, 15]",1,0.0,0.0,0.0,0.0,0,2,1,0
smd,group1_development,machine-1-8,tranad_official,1,15,17168,17172,"[22, 11, 14, 13, 25, 32, 12, 18, 24, 23, 19, 27, 35, 5, 3, 10, 34, 6, 0, 33, 31, 36, 16, 21, 28, 30, 2, 1, 8, 17, 7, 9, 4, 29, 26, 37, 20, 15]",3,0.3333333333333333,0.5,0.4,0.3065735963827292,1,2,3,1
smd,group1_development,machine-1-8,tranad_official,1,15,17168,17172,"[22, 11, 14, 13, 25, 32, 12, 18, 24, 23, 19, 27, 35, 5, 3, 10, 34, 6, 0, 33, 31, 36, 16, 21, 28, 30, 2, 1, 8, 17, 7, 9, 4, 29, 26, 37, 20, 15]",5,0.4,1.0,0.5714285714285715,0.5706417189553201,1,2,5,2
smd,group1_development,machine-1-8,tranad_official,1,16,18600,18683,"[22, 6, 0, 19, 24, 1, 36, 3, 2, 10, 25, 31, 34, 30, 21, 33, 5, 15, 23, 35, 29, 13, 28, 14, 32, 17, 9, 16, 20, 18, 27, 11, 8, 4, 12, 37, 26, 7]",1,1.0,0.05,0.09523809523809523,1.0,1,20,1,1
smd,group1_development,machine-1-8,tranad_official,1,16,18600,18683,"[22, 6, 0, 19, 24, 1, 36, 3, 2, 10, 25, 31, 34, 30, 21, 33, 5, 15, 23, 35, 29, 13, 28, 14, 32, 17, 9, 16, 20, 18, 27, 11, 8, 4, 12, 37, 26, 7]",3,1.0,0.15,0.2608695652173913,1.0,1,20,3,3
smd,group1_development,machine-1-8,tranad_official,1,16,18600,18683,"[22, 6, 0, 19, 24, 1, 36, 3, 2, 10, 25, 31, 34, 30, 21, 33, 5, 15, 23, 35, 29, 13, 28, 14, 32, 17, 9, 16, 20, 18, 27, 11, 8, 4, 12, 37, 26, 7]",5,1.0,0.25,0.4,1.0,1,20,5,5
smd,group1_development,machine-1-8,tranad_official,1,17,19579,19583,"[11, 14, 6, 5, 23, 25, 22, 0, 18, 30, 27, 13, 12, 32, 20, 33, 21, 3, 15, 31, 10, 19, 7, 9, 2, 8, 34, 1, 24, 26, 28, 16, 37, 4, 35, 29, 36, 17]",1,0.0,0.0,0.0,0.0,0,21,1,0
smd,group1_development,machine-1-8,tranad_official,1,17,19579,19583,"[11, 14, 6, 5, 23, 25, 22, 0, 18, 30, 27, 13, 12, 32, 20, 33, 21, 3, 15, 31, 10, 19, 7, 9, 2, 8, 34, 1, 24, 26, 28, 16, 37, 4, 35, 29, 36, 17]",3,0.3333333333333333,0.047619047619047616,0.08333333333333333,0.23463936301137822,1,21,3,1
smd,group1_development,machine-1-8,tranad_official,1,17,19579,19583,"[11, 14, 6, 5, 23, 25, 22, 0, 18, 30, 27, 13, 12, 32, 20, 33, 21, 3, 15, 31, 10, 19, 7, 9, 2, 8, 34, 1, 24, 26, 28, 16, 37, 4, 35, 29, 36, 17]",5,0.6,0.14285714285714285,0.23076923076923073,0.4468535299918563,1,21,5,3
smd,group1_development,machine-1-8,tranad_official,1,18,18890,18946,"[22, 19, 30, 21, 36, 24, 28, 13, 16, 14, 6, 4, 0, 15, 9, 17, 20, 11, 29, 12, 10, 33, 27, 18, 3, 32, 1, 37, 8, 5, 2, 34, 35, 31, 25, 23, 26, 7]",1,0.0,0.0,0.0,0.0,0,2,1,0
smd,group1_development,machine-1-8,tranad_official,1,18,18890,18946,"[22, 19, 30, 21, 36, 24, 28, 13, 16, 14, 6, 4, 0, 15, 9, 17, 20, 11, 29, 12, 10, 33, 27, 18, 3, 32, 1, 37, 8, 5, 2, 34, 35, 31, 25, 23, 26, 7]",3,0.0,0.0,0.0,0.0,0,2,3,0
smd,group1_development,machine-1-8,tranad_official,1,18,18890,18946,"[22, 19, 30, 21, 36, 24, 28, 13, 16, 14, 6, 4, 0, 15, 9, 17, 20, 11, 29, 12, 10, 33, 27, 18, 3, 32, 1, 37, 8, 5, 2, 34, 35, 31, 25, 23, 26, 7]",5,0.0,0.0,0.0,0.0,0,2,5,0
smd,group1_development,machine-1-8,tranad_official,1,19,22899,22902,"[22, 13, 12, 32, 24, 3, 1, 2, 0, 27, 18, 15, 23, 35, 6, 20, 14, 11, 21, 34, 8, 31, 25, 30, 10, 33, 36, 16, 5, 19, 28, 17, 29, 26, 37, 4, 9, 7]",1,0.0,0.0,0.0,0.0,0,2,1,0
smd,group1_development,machine-1-8,tranad_official,1,19,22899,22902,"[22, 13, 12, 32, 24, 3, 1, 2, 0, 27, 18, 15, 23, 35, 6, 20, 14, 11, 21, 34, 8, 31, 25, 30, 10, 33, 36, 16, 5, 19, 28, 17, 29, 26, 37, 4, 9, 7]",3,0.3333333333333333,0.5,0.4,0.38685280723454163,1,2,3,1
smd,group1_development,machine-1-8,tranad_official,1,19,22899,22902,"[22, 13, 12, 32, 24, 3, 1, 2, 0, 27, 18, 15, 23, 35, 6, 20, 14, 11, 21, 34, 8, 31, 25, 30, 10, 33, 36, 16, 5, 19, 28, 17, 29, 26, 37, 4, 9, 7]",5,0.2,0.5,0.28571428571428575,0.38685280723454163,1,2,5,1
smd,group1_development,machine-1-8,tranad_official,2,0,710,1081,"[0, 23, 2, 3, 25, 1, 11, 5, 6, 14, 32, 30, 27, 35, 18, 10, 12, 7, 21, 20, 37, 19, 34, 31, 33, 13, 26, 22, 8, 28, 15, 9, 17, 24, 16, 4, 29, 36]",1,1.0,0.3333333333333333,0.5,1.0,1,3,1,1
smd,group1_development,machine-1-8,tranad_official,2,0,710,1081,"[0, 23, 2, 3, 25, 1, 11, 5, 6, 14, 32, 30, 27, 35, 18, 10, 12, 7, 21, 20, 37, 19, 34, 31, 33, 13, 26, 22, 8, 28, 15, 9, 17, 24, 16, 4, 29, 36]",3,0.3333333333333333,0.3333333333333333,0.3333333333333333,0.46927872602275644,1,3,3,1
smd,group1_development,machine-1-8,tranad_official,2,0,710,1081,"[0, 23, 2, 3, 25, 1, 11, 5, 6, 14, 32, 30, 27, 35, 18, 10, 12, 7, 21, 20, 37, 19, 34, 31, 33, 13, 26, 22, 8, 28, 15, 9, 17, 24, 16, 4, 29, 36]",5,0.2,0.3333333333333333,0.25,0.46927872602275644,1,3,5,1
smd,group1_development,machine-1-8,tranad_official,2,1,2105,2171,"[11, 12, 3, 2, 0, 1, 23, 9, 25, 18, 27, 21, 32, 20, 6, 30, 29, 24, 19, 14, 35, 5, 10, 31, 8, 34, 22, 13, 15, 37, 7, 33, 26, 28, 17, 16, 4, 36]",1,1.0,0.2,0.33333333333333337,1.0,1,5,1,1
smd,group1_development,machine-1-8,tranad_official,2,1,2105,2171,"[11, 12, 3, 2, 0, 1, 23, 9, 25, 18, 27, 21, 32, 20, 6, 30, 29, 24, 19, 14, 35, 5, 10, 31, 8, 34, 22, 13, 15, 37, 7, 33, 26, 28, 17, 16, 4, 36]",3,0.3333333333333333,0.2,0.25,0.46927872602275644,1,5,3,1
smd,group1_development,machine-1-8,tranad_official,2,1,2105,2171,"[11, 12, 3, 2, 0, 1, 23, 9, 25, 18, 27, 21, 32, 20, 6, 30, 29, 24, 19, 14, 35, 5, 10, 31, 8, 34, 22, 13, 15, 37, 7, 33, 26, 28, 17, 16, 4, 36]",5,0.4,0.4,0.4000000000000001,0.4703652827859579,1,5,5,2
smd,group1_development,machine-1-8,tranad_official,2,2,2725,2728,"[12, 9, 8, 13, 2, 3, 1, 0, 32, 11, 29, 24, 31, 23, 34, 35, 22, 18, 19, 10, 25, 14, 20, 5, 16, 37, 36, 6, 28, 27, 17, 4, 33, 7, 21, 15, 26, 30]",1,1.0,0.25,0.4,1.0,1,4,1,1
smd,group1_development,machine-1-8,tranad_official,2,2,2725,2728,"[12, 9, 8, 13, 2, 3, 1, 0, 32, 11, 29, 24, 31, 23, 34, 35, 22, 18, 19, 10, 25, 14, 20, 5, 16, 37, 36, 6, 28, 27, 17, 4, 33, 7, 21, 15, 26, 30]",3,1.0,0.75,0.8571428571428571,1.0,1,4,3,3
smd,group1_development,machine-1-8,tranad_official,2,2,2725,2728,"[12, 9, 8, 13, 2, 3, 1, 0, 32, 11, 29, 24, 31, 23, 34, 35, 22, 18, 19, 10, 25, 14, 20, 5, 16, 37, 36, 6, 28, 27, 17, 4, 33, 7, 21, 15, 26, 30]",5,0.8,1.0,0.888888888888889,1.0,1,4,5,4
smd,group1_development,machine-1-8,tranad_official,2,3,3068,3071,"[0, 12, 13, 1, 2, 5, 23, 10, 30, 8, 32, 27, 6, 24, 22, 19, 25, 21, 15, 34, 29, 11, 20, 3, 18, 16, 36, 37, 35, 14, 33, 31, 17, 4, 9, 28, 7, 26]",1,0.0,0.0,0.0,0.0,0,4,1,0
smd,group1_development,machine-1-8,tranad_official,2,3,3068,3071,"[0, 12, 13, 1, 2, 5, 23, 10, 30, 8, 32, 27, 6, 24, 22, 19, 25, 21, 15, 34, 29, 11, 20, 3, 18, 16, 36, 37, 35, 14, 33, 31, 17, 4, 9, 28, 7, 26]",3,0.6666666666666666,0.5,0.5714285714285715,0.5307212739772434,1,4,3,2
smd,group1_development,machine-1-8,tranad_official,2,3,3068,3071,"[0, 12, 13, 1, 2, 5, 23, 10, 30, 8, 32, 27, 6, 24, 22, 19, 25, 21, 15, 34, 29, 11, 20, 3, 18, 16, 36, 37, 35, 14, 33, 31, 17, 4, 9, 28, 7, 26]",5,0.4,0.5,0.4444444444444445,0.44149241373678083,1,4,5,2
smd,group1_development,machine-1-8,tranad_official,2,4,3594,3598,"[14, 5, 8, 11, 0, 12, 6, 2, 3, 1, 23, 25, 32, 13, 24, 35, 7, 37, 33, 26, 22, 31, 28, 9, 20, 34, 17, 4, 18, 16, 21, 27, 29, 19, 10, 36, 30, 15]",1,1.0,0.2,0.33333333333333337,1.0,1,5,1,1
smd,group1_development,machine-1-8,tranad_official,2,4,3594,3598,"[14, 5, 8, 11, 0, 12, 6, 2, 3, 1, 23, 25, 32, 13, 24, 35, 7, 37, 33, 26, 22, 31, 28, 9, 20, 34, 17, 4, 18, 16, 21, 27, 29, 19, 10, 36, 30, 15]",3,0.6666666666666666,0.4,0.5,0.7039180890341347,1,5,3,2
smd,group1_development,machine-1-8,tranad_official,2,4,3594,3598,"[14, 5, 8, 11, 0, 12, 6, 2, 3, 1, 23, 25, 32, 13, 24, 35, 7, 37, 33, 26, 22, 31, 28, 9, 20, 34, 17, 4, 18, 16, 21, 27, 29, 19, 10, 36, 30, 15]",5,0.4,0.4,0.4000000000000001,0.5087403079104241,1,5,5,2
smd,group1_development,machine-1-8,tranad_official,2,5,4589,4599,"[10, 15, 6, 5, 3, 23, 2, 25, 32, 0, 22, 1, 27, 13, 11, 20, 31, 18, 19, 30, 12, 37, 16, 34, 9, 21, 29, 24, 36, 28, 17, 8, 4, 7, 14, 35, 33, 26]",1,1.0,0.25,0.4,1.0,1,4,1,1
smd,group1_development,machine-1-8,tranad_official,2,5,4589,4599,"[10, 15, 6, 5, 3, 23, 2, 25, 32, 0, 22, 1, 27, 13, 11, 20, 31, 18, 19, 30, 12, 37, 16, 34, 9, 21, 29, 24, 36, 28, 17, 8, 4, 7, 14, 35, 33, 26]",3,1.0,0.75,0.8571428571428571,1.0,1,4,3,3
smd,group1_development,machine-1-8,tranad_official,2,5,4589,4599,"[10, 15, 6, 5, 3, 23, 2, 25, 32, 0, 22, 1, 27, 13, 11, 20, 31, 18, 19, 30, 12, 37, 16, 34, 9, 21, 29, 24, 36, 28, 17, 8, 4, 7, 14, 35, 33, 26]",5,0.8,1.0,0.888888888888889,1.0,1,4,5,4
smd,group1_development,machine-1-8,tranad_official,2,6,7100,7104,"[10, 15, 5, 6, 32, 24, 29, 35, 34, 31, 11, 20, 18, 22, 30, 19, 21, 14, 1, 27, 3, 23, 13, 25, 2, 0, 12, 37, 9, 36, 28, 16, 33, 17, 4, 8, 7, 26]",1,1.0,0.25,0.4,1.0,1,4,1,1
smd,group1_development,machine-1-8,tranad_official,2,6,7100,7104,"[10, 15, 5, 6, 32, 24, 29, 35, 34, 31, 11, 20, 18, 22, 30, 19, 21, 14, 1, 27, 3, 23, 13, 25, 2, 0, 12, 37, 9, 36, 28, 16, 33, 17, 4, 8, 7, 26]",3,1.0,0.75,0.8571428571428571,1.0,1,4,3,3
smd,group1_development,machine-1-8,tranad_official,2,6,7100,7104,"[10, 15, 5, 6, 32, 24, 29, 35, 34, 31, 11, 20, 18, 22, 30, 19, 21, 14, 1, 27, 3, 23, 13, 25, 2, 0, 12, 37, 9, 36, 28, 16, 33, 17, 4, 8, 7, 26]",5,0.8,1.0,0.888888888888889,1.0,1,4,5,4
smd,group1_development,machine-1-8,tranad_official,2,7,7474,7477,"[10, 15, 5, 6, 22, 18, 20, 11, 23, 24, 14, 25, 30, 13, 3, 29, 32, 27, 1, 19, 21, 12, 34, 2, 37, 9, 35, 28, 16, 31, 33, 4, 36, 17, 8, 7, 0, 26]",1,1.0,0.25,0.4,1.0,1,4,1,1
smd,group1_development,machine-1-8,tranad_official,2,7,7474,7477,"[10, 15, 5, 6, 22, 18, 20, 11, 23, 24, 14, 25, 30, 13, 3, 29, 32, 27, 1, 19, 21, 12, 34, 2, 37, 9, 35, 28, 16, 31, 33, 4, 36, 17, 8, 7, 0, 26]",3,1.0,0.75,0.8571428571428571,1.0,1,4,3,3
smd,group1_development,machine-1-8,tranad_official,2,7,7474,7477,"[10, 15, 5, 6, 22, 18, 20, 11, 23, 24, 14, 25, 30, 13, 3, 29, 32, 27, 1, 19, 21, 12, 34, 2, 37, 9, 35, 28, 16, 31, 33, 4, 36, 17, 8, 7, 0, 26]",5,0.8,1.0,0.888888888888889,1.0,1,4,5,4
smd,group1_development,machine-1-8,tranad_official,2,8,8317,8320,"[14, 11, 5, 6, 25, 23, 24, 18, 13, 20, 29, 12, 30, 1, 33, 19, 27, 21, 2, 34, 7, 31, 37, 32, 3, 26, 22, 8, 28, 9, 15, 17, 4, 16, 36, 0, 10, 35]",1,1.0,0.5,0.6666666666666666,1.0,1,2,1,1
smd,group1_development,machine-1-8,tranad_official,2,8,8317,8320,"[14, 11, 5, 6, 25, 23, 24, 18, 13, 20, 29, 12, 30, 1, 33, 19, 27, 21, 2, 34, 7, 31, 37, 32, 3, 26, 22, 8, 28, 9, 15, 17, 4, 16, 36, 0, 10, 35]",3,0.3333333333333333,0.5,0.4,0.6131471927654584,1,2,3,1
smd,group1_development,machine-1-8,tranad_official,2,8,8317,8320,"[14, 11, 5, 6, 25, 23, 24, 18, 13, 20, 29, 12, 30, 1, 33, 19, 27, 21, 2, 34, 7, 31, 37, 32, 3, 26, 22, 8, 28, 9, 15, 17, 4, 16, 36, 0, 10, 35]",5,0.2,0.5,0.28571428571428575,0.6131471927654584,1,2,5,1
smd,group1_development,machine-1-8,tranad_official,2,9,8657,8660,"[11, 14, 25, 18, 27, 21, 29, 32, 24, 23, 5, 12, 20, 19, 35, 34, 30, 31, 6, 3, 2, 1, 10, 9, 22, 0, 15, 8, 37, 33, 7, 13, 16, 26, 36, 4, 17, 28]",1,0.0,0.0,0.0,0.0,0,4,1,0
smd,group1_development,machine-1-8,tranad_official,2,9,8657,8660,"[11, 14, 25, 18, 27, 21, 29, 32, 24, 23, 5, 12, 20, 19, 35, 34, 30, 31, 6, 3, 2, 1, 10, 9, 22, 0, 15, 8, 37, 33, 7, 13, 16, 26, 36, 4, 17, 28]",3,0.0,0.0,0.0,0.0,0,4,3,0
smd,group1_development,machine-1-8,tranad_official,2,9,8657,8660,"[11, 14, 25, 18, 27, 21, 29, 32, 24, 23, 5, 12, 20, 19, 35, 34, 30, 31, 6, 3, 2, 1, 10, 9, 22, 0, 15, 8, 37, 33, 7, 13, 16, 26, 36, 4, 17, 28]",5,0.0,0.0,0.0,0.0,0,4,5,0
smd,group1_development,machine-1-8,tranad_official,2,10,8912,8916,"[5, 6, 9, 11, 13, 24, 12, 30, 18, 3, 20, 29, 34, 25, 27, 22, 21, 14, 35, 31, 1, 19, 23, 2, 0, 8, 10, 15, 37, 33, 28, 16, 36, 17, 4, 7, 26, 32]",1,0.0,0.0,0.0,0.0,0,3,1,0
smd,group1_development,machine-1-8,tranad_official,2,10,8912,8916,"[5, 6, 9, 11, 13, 24, 12, 30, 18, 3, 20, 29, 34, 25, 27, 22, 21, 14, 35, 31, 1, 19, 23, 2, 0, 8, 10, 15, 37, 33, 28, 16, 36, 17, 4, 7, 26, 32]",3,0.3333333333333333,0.3333333333333333,0.3333333333333333,0.23463936301137822,1,3,3,1
smd,group1_development,machine-1-8,tranad_official,2,10,8912,8916,"[5, 6, 9, 11, 13, 24, 12, 30, 18, 3, 20, 29, 34, 25, 27, 22, 21, 14, 35, 31, 1, 19, 23, 2, 0, 8, 10, 15, 37, 33, 28, 16, 36, 17, 4, 7, 26, 32]",5,0.2,0.3333333333333333,0.25,0.23463936301137822,1,3,5,1
smd,group1_development,machine-1-8,tranad_official,2,11,9075,9078,"[5, 6, 13, 18, 30, 20, 27, 12, 1, 21, 24, 11, 19, 32, 25, 23, 2, 0, 14, 15, 3, 29, 10, 22, 34, 8, 37, 9, 33, 35, 28, 17, 7, 31, 4, 16, 36, 26]",1,0.0,0.0,0.0,0.0,0,2,1,0
smd,group1_development,machine-1-8,tranad_official,2,11,9075,9078,"[5, 6, 13, 18, 30, 20, 27, 12, 1, 21, 24, 11, 19, 32, 25, 23, 2, 0, 14, 15, 3, 29, 10, 22, 34, 8, 37, 9, 33, 35, 28, 17, 7, 31, 4, 16, 36, 26]",3,0.3333333333333333,0.5,0.4,0.3065735963827292,1,2,3,1
smd,group1_development,machine-1-8,tranad_official,2,11,9075,9078,"[5, 6, 13, 18, 30, 20, 27, 12, 1, 21, 24, 11, 19, 32, 25, 23, 2, 0, 14, 15, 3, 29, 10, 22, 34, 8, 37, 9, 33, 35, 28, 17, 7, 31, 4, 16, 36, 26]",5,0.2,0.5,0.28571428571428575,0.3065735963827292,1,2,5,1
smd,group1_development,machine-1-8,tranad_official,2,12,12800,12816,"[3, 2, 0, 1, 5, 6, 32, 24, 13, 29, 31, 22, 11, 35, 34, 12, 10, 14, 15, 21, 23, 8, 25, 19, 30, 16, 37, 28, 36, 27, 20, 4, 18, 33, 9, 7, 17, 26]",1,0.0,0.0,0.0,0.0,0,2,1,0
smd,group1_development,machine-1-8,tranad_official,2,12,12800,12816,"[3, 2, 0, 1, 5, 6, 32, 24, 13, 29, 31, 22, 11, 35, 34, 12, 10, 14, 15, 21, 23, 8, 25, 19, 30, 16, 37, 28, 36, 27, 20, 4, 18, 33, 9, 7, 17, 26]",3,0.0,0.0,0.0,0.0,0,2,3,0
smd,group1_development,machine-1-8,tranad_official,2,12,12800,12816,"[3, 2, 0, 1, 5, 6, 32, 24, 13, 29, 31, 22, 11, 35, 34, 12, 10, 14, 15, 21, 23, 8, 25, 19, 30, 16, 37, 28, 36, 27, 20, 4, 18, 33, 9, 7, 17, 26]",5,0.0,0.0,0.0,0.0,0,2,5,0
smd,group1_development,machine-1-8,tranad_official,2,13,15640,15756,"[22, 3, 2, 6, 10, 0, 1, 15, 23, 5, 32, 27, 29, 25, 20, 13, 24, 18, 30, 11, 14, 21, 35, 34, 31, 19, 12, 16, 36, 37, 8, 28, 4, 17, 9, 33, 7, 26]",1,0.0,0.0,0.0,0.0,0,9,1,0
smd,group1_development,machine-1-8,tranad_official,2,13,15640,15756,"[22, 3, 2, 6, 10, 0, 1, 15, 23, 5, 32, 27, 29, 25, 20, 13, 24, 18, 30, 11, 14, 21, 35, 34, 31, 19, 12, 16, 36, 37, 8, 28, 4, 17, 9, 33, 7, 26]",3,0.6666666666666666,0.2222222222222222,0.3333333333333333,0.5307212739772434,1,9,3,2
smd,group1_development,machine-1-8,tranad_official,2,13,15640,15756,"[22, 3, 2, 6, 10, 0, 1, 15, 23, 5, 32, 27, 29, 25, 20, 13, 24, 18, 30, 11, 14, 21, 35, 34, 31, 19, 12, 16, 36, 37, 8, 28, 4, 17, 9, 33, 7, 26]",5,0.8,0.4444444444444444,0.5714285714285714,0.6608397947263839,1,9,5,4
smd,group1_development,machine-1-8,tranad_official,2,14,17117,17121,"[22, 10, 15, 5, 6, 24, 29, 35, 34, 23, 31, 25, 32, 11, 27, 19, 20, 13, 14, 30, 18, 21, 0, 3, 1, 12, 36, 37, 16, 28, 8, 9, 17, 4, 33, 7, 2, 26]",1,0.0,0.0,0.0,0.0,0,4,1,0
smd,group1_development,machine-1-8,tranad_official,2,14,17117,17121,"[22, 10, 15, 5, 6, 24, 29, 35, 34, 23, 31, 25, 32, 11, 27, 19, 20, 13, 14, 30, 18, 21, 0, 3, 1, 12, 36, 37, 16, 28, 8, 9, 17, 4, 33, 7, 2, 26]",3,0.6666666666666666,0.5,0.5714285714285715,0.5307212739772434,1,4,3,2
smd,group1_development,machine-1-8,tranad_official,2,14,17117,17121,"[22, 10, 15, 5, 6, 24, 29, 35, 34, 23, 31, 25, 32, 11, 27, 19, 20, 13, 14, 30, 18, 21, 0, 3, 1, 12, 36, 37, 16, 28, 8, 9, 17, 4, 33, 7, 2, 26]",5,0.8,1.0,0.888888888888889,0.7606395682357036,1,4,5,4
smd,group1_development,machine-1-8,tranad_official,2,15,17168,17172,"[22, 11, 14, 13, 32, 12, 24, 29, 34, 23, 19, 35, 10, 25, 6, 31, 5, 3, 20, 27, 30, 18, 0, 2, 1, 37, 16, 36, 28, 17, 8, 21, 9, 4, 15, 7, 33, 26]",1,0.0,0.0,0.0,0.0,0,2,1,0
smd,group1_development,machine-1-8,tranad_official,2,15,17168,17172,"[22, 11, 14, 13, 32, 12, 24, 29, 34, 23, 19, 35, 10, 25, 6, 31, 5, 3, 20, 27, 30, 18, 0, 2, 1, 37, 16, 36, 28, 17, 8, 21, 9, 4, 15, 7, 33, 26]",3,0.3333333333333333,0.5,0.4,0.3065735963827292,1,2,3,1
smd,group1_development,machine-1-8,tranad_official,2,15,17168,17172,"[22, 11, 14, 13, 32, 12, 24, 29, 34, 23, 19, 35, 10, 25, 6, 31, 5, 3, 20, 27, 30, 18, 0, 2, 1, 37, 16, 36, 28, 17, 8, 21, 9, 4, 15, 7, 33, 26]",5,0.4,1.0,0.5714285714285715,0.5706417189553201,1,2,5,2
smd,group1_development,machine-1-8,tranad_official,2,16,18600,18683,"[22, 19, 17, 9, 28, 37, 13, 5, 14, 25, 16, 0, 35, 31, 34, 23, 29, 1, 21, 32, 10, 2, 27, 6, 24, 3, 15, 20, 18, 30, 11, 12, 4, 8, 33, 36, 7, 26]",1,1.0,0.05,0.09523809523809523,1.0,1,20,1,1
smd,group1_development,machine-1-8,tranad_official,2,16,18600,18683,"[22, 19, 17, 9, 28, 37, 13, 5, 14, 25, 16, 0, 35, 31, 34, 23, 29, 1, 21, 32, 10, 2, 27, 6, 24, 3, 15, 20, 18, 30, 11, 12, 4, 8, 33, 36, 7, 26]",3,0.6666666666666666,0.1,0.1739130434782609,0.7653606369886217,1,20,3,2
smd,group1_development,machine-1-8,tranad_official,2,16,18600,18683,"[22, 19, 17, 9, 28, 37, 13, 5, 14, 25, 16, 0, 35, 31, 34, 23, 29, 1, 21, 32, 10, 2, 27, 6, 24, 3, 15, 20, 18, 30, 11, 12, 4, 8, 33, 36, 7, 26]",5,0.4,0.1,0.16000000000000003,0.5531464700081437,1,20,5,2
smd,group1_development,machine-1-8,tranad_official,2,17,19579,19583,"[11, 14, 6, 25, 23, 22, 5, 12, 0, 32, 13, 24, 30, 27, 21, 7, 20, 29, 33, 10, 37, 1, 15, 8, 19, 26, 31, 18, 34, 35, 17, 9, 28, 3, 16, 4, 2, 36]",1,0.0,0.0,0.0,0.0,0,21,1,0
smd,group1_development,machine-1-8,tranad_official,2,17,19579,19583,"[11, 14, 6, 25, 23, 22, 5, 12, 0, 32, 13, 24, 30, 27, 21, 7, 20, 29, 33, 10, 37, 1, 15, 8, 19, 26, 31, 18, 34, 35, 17, 9, 28, 3, 16, 4, 2, 36]",3,0.3333333333333333,0.047619047619047616,0.08333333333333333,0.23463936301137822,1,21,3,1
smd,group1_development,machine-1-8,tranad_official,2,17,19579,19583,"[11, 14, 6, 25, 23, 22, 5, 12, 0, 32, 13, 24, 30, 27, 21, 7, 20, 29, 33, 10, 37, 1, 15, 8, 19, 26, 31, 18, 34, 35, 17, 9, 28, 3, 16, 4, 2, 36]",5,0.6,0.14285714285714285,0.23076923076923073,0.4468535299918563,1,21,5,3
smd,group1_development,machine-1-8,tranad_official,2,18,18890,18946,"[22, 19, 21, 17, 13, 28, 9, 16, 37, 30, 27, 14, 12, 4, 24, 26, 29, 10, 0, 11, 20, 5, 18, 32, 3, 2, 35, 8, 6, 31, 34, 33, 23, 1, 15, 25, 36, 7]",1,0.0,0.0,0.0,0.0,0,2,1,0
smd,group1_development,machine-1-8,tranad_official,2,18,18890,18946,"[22, 19, 21, 17, 13, 28, 9, 16, 37, 30, 27, 14, 12, 4, 24, 26, 29, 10, 0, 11, 20, 5, 18, 32, 3, 2, 35, 8, 6, 31, 34, 33, 23, 1, 15, 25, 36, 7]",3,0.0,0.0,0.0,0.0,0,2,3,0
smd,group1_development,machine-1-8,tranad_official,2,18,18890,18946,"[22, 19, 21, 17, 13, 28, 9, 16, 37, 30, 27, 14, 12, 4, 24, 26, 29, 10, 0, 11, 20, 5, 18, 32, 3, 2, 35, 8, 6, 31, 34, 33, 23, 1, 15, 25, 36, 7]",5,0.0,0.0,0.0,0.0,0,2,5,0
smd,group1_development,machine-1-8,tranad_official,2,19,22899,22902,"[22, 32, 13, 12, 0, 1, 24, 23, 35, 2, 3, 34, 25, 29, 31, 15, 6, 11, 20, 27, 18, 30, 14, 8, 5, 10, 36, 16, 19, 37, 28, 9, 17, 21, 4, 33, 7, 26]",1,0.0,0.0,0.0,0.0,0,2,1,0
smd,group1_development,machine-1-8,tranad_official,2,19,22899,22902,"[22, 32, 13, 12, 0, 1, 24, 23, 35, 2, 3, 34, 25, 29, 31, 15, 6, 11, 20, 27, 18, 30, 14, 8, 5, 10, 36, 16, 19, 37, 28, 9, 17, 21, 4, 33, 7, 26]",3,0.3333333333333333,0.5,0.4,0.3065735963827292,1,2,3,1
smd,group1_development,machine-1-8,tranad_official,2,19,22899,22902,"[22, 32, 13, 12, 0, 1, 24, 23, 35, 2, 3, 34, 25, 29, 31, 15, 6, 11, 20, 27, 18, 30, 14, 8, 5, 10, 36, 16, 19, 37, 28, 9, 17, 21, 4, 33, 7, 26]",5,0.2,0.5,0.28571428571428575,0.3065735963827292,1,2,5,1
smd,group23_evaluation,machine-2-1,tranad_official,0,0,6506,6528,"[31, 13, 6, 4, 22, 3, 2, 24, 35, 34, 19, 15, 14, 1, 20, 27, 33, 21, 18, 30, 5, 0, 9, 23, 25, 28, 26, 32, 8, 11, 7, 17, 16, 12, 29, 10, 36, 37]",1,1.0,0.2,0.33333333333333337,1.0,1,5,1,1
smd,group23_evaluation,machine-2-1,tranad_official,0,0,6506,6528,"[31, 13, 6, 4, 22, 3, 2, 24, 35, 34, 19, 15, 14, 1, 20, 27, 33, 21, 18, 30, 5, 0, 9, 23, 25, 28, 26, 32, 8, 11, 7, 17, 16, 12, 29, 10, 36, 37]",3,0.3333333333333333,0.2,0.25,0.46927872602275644,1,5,3,1
smd,group23_evaluation,machine-2-1,tranad_official,0,0,6506,6528,"[31, 13, 6, 4, 22, 3, 2, 24, 35, 34, 19, 15, 14, 1, 20, 27, 33, 21, 18, 30, 5, 0, 9, 23, 25, 28, 26, 32, 8, 11, 7, 17, 16, 12, 29, 10, 36, 37]",5,0.4,0.4,0.4000000000000001,0.4703652827859579,1,5,5,2
smd,group23_evaluation,machine-2-1,tranad_official,0,1,7907,7961,"[13, 6, 31, 4, 2, 3, 24, 22, 19, 5, 33, 27, 20, 35, 34, 1, 21, 30, 18, 15, 0, 8, 9, 12, 14, 10, 23, 25, 11, 28, 32, 26, 7, 29, 17, 16, 36, 37]",1,0.0,0.0,0.0,0.0,0,5,1,0
smd,group23_evaluation,machine-2-1,tranad_official,0,1,7907,7961,"[13, 6, 31, 4, 2, 3, 24, 22, 19, 5, 33, 27, 20, 35, 34, 1, 21, 30, 18, 15, 0, 8, 9, 12, 14, 10, 23, 25, 11, 28, 32, 26, 7, 29, 17, 16, 36, 37]",3,0.3333333333333333,0.2,0.25,0.23463936301137822,1,5,3,1
smd,group23_evaluation,machine-2-1,tranad_official,0,1,7907,7961,"[13, 6, 31, 4, 2, 3, 24, 22, 19, 5, 33, 27, 20, 35, 34, 1, 21, 30, 18, 15, 0, 8, 9, 12, 14, 10, 23, 25, 11, 28, 32, 26, 7, 29, 17, 16, 36, 37]",5,0.2,0.2,0.20000000000000004,0.16958010263680806,1,5,5,1
smd,group23_evaluation,machine-2-1,tranad_official,0,2,9340,9386,"[33, 13, 6, 31, 4, 2, 12, 35, 3, 10, 5, 9, 24, 22, 27, 8, 20, 19, 21, 34, 1, 30, 15, 0, 18, 32, 23, 14, 25, 28, 11, 26, 7, 17, 16, 29, 36, 37]",1,1.0,0.14285714285714285,0.25,1.0,1,7,1,1
smd,group23_evaluation,machine-2-1,tranad_official,0,2,9340,9386,"[33, 13, 6, 31, 4, 2, 12, 35, 3, 10, 5, 9, 24, 22, 27, 8, 20, 19, 21, 34, 1, 30, 15, 0, 18, 32, 23, 14, 25, 28, 11, 26, 7, 17, 16, 29, 36, 37]",3,0.3333333333333333,0.14285714285714285,0.2,0.46927872602275644,1,7,3,1
smd,group23_evaluation,machine-2-1,tranad_official,0,2,9340,9386,"[33, 13, 6, 31, 4, 2, 12, 35, 3, 10, 5, 9, 24, 22, 27, 8, 20, 19, 21, 34, 1, 30, 15, 0, 18, 32, 23, 14, 25, 28, 11, 26, 7, 17, 16, 29, 36, 37]",5,0.4,0.2857142857142857,0.3333333333333333,0.48522855511632257,1,7,5,2
smd,group23_evaluation,machine-2-1,tranad_official,0,3,9779,9805,"[33, 1, 35, 13, 4, 5, 28, 36, 14, 6, 9, 2, 22, 31, 24, 0, 3, 34, 30, 29, 32, 21, 20, 15, 19, 18, 27, 23, 25, 11, 17, 7, 26, 16, 8, 12, 10, 37]",1,1.0,0.3333333333333333,0.5,1.0,1,3,1,1
smd,group23_evaluation,machine-2-1,tranad_official,0,3,9779,9805,"[33, 1, 35, 13, 4, 5, 28, 36, 14, 6, 9, 2, 22, 31, 24, 0, 3, 34, 30, 29, 32, 21, 20, 15, 19, 18, 27, 23, 25, 11, 17, 7, 26, 16, 8, 12, 10, 37]",3,0.3333333333333333,0.3333333333333333,0.3333333333333333,0.46927872602275644,1,3,3,1
smd,group23_evaluation,machine-2-1,tranad_official,0,3,9779,9805,"[33, 1, 35, 13, 4, 5, 28, 36, 14, 6, 9, 2, 22, 31, 24, 0, 3, 34, 30, 29, 32, 21, 20, 15, 19, 18, 27, 23, 25, 11, 17, 7, 26, 16, 8, 12, 10, 37]",5,0.4,0.6666666666666666,0.5,0.6508205185601091,1,3,5,2
smd,group23_evaluation,machine-2-1,tranad_official,0,4,12173,12181,"[13, 20, 6, 27, 18, 19, 21, 25, 23, 4, 33, 5, 3, 15, 30, 0, 29, 24, 34, 2, 35, 1, 22, 31, 9, 28, 17, 7, 26, 11, 32, 16, 8, 12, 14, 10, 36, 37]",1,0.0,0.0,0.0,0.0,0,5,1,0
smd,group23_evaluation,machine-2-1,tranad_official,0,4,12173,12181,"[13, 20, 6, 27, 18, 19, 21, 25, 23, 4, 33, 5, 3, 15, 30, 0, 29, 24, 34, 2, 35, 1, 22, 31, 9, 28, 17, 7, 26, 11, 32, 16, 8, 12, 14, 10, 36, 37]",3,0.3333333333333333,0.2,0.25,0.2960819109658652,1,5,3,1
smd,group23_evaluation,machine-2-1,tranad_official,0,4,12173,12181,"[13, 20, 6, 27, 18, 19, 21, 25, 23, 4, 33, 5, 3, 15, 30, 0, 29, 24, 34, 2, 35, 1, 22, 31, 9, 28, 17, 7, 26, 11, 32, 16, 8, 12, 14, 10, 36, 37]",5,0.6,0.6,0.6,0.4912596920895758,1,5,5,3
smd,group23_evaluation,machine-2-1,tranad_official,0,5,16136,16588,"[13, 25, 23, 4, 5, 31, 15, 21, 20, 2, 27, 22, 19, 30, 0, 6, 18, 3, 33, 1, 24, 34, 35, 9, 12, 14, 8, 17, 10, 28, 32, 11, 7, 26, 16, 29, 36, 37]",1,0.0,0.0,0.0,0.0,0,4,1,0
smd,group23_evaluation,machine-2-1,tranad_official,0,5,16136,16588,"[13, 25, 23, 4, 5, 31, 15, 21, 20, 2, 27, 22, 19, 30, 0, 6, 18, 3, 33, 1, 24, 34, 35, 9, 12, 14, 8, 17, 10, 28, 32, 11, 7, 26, 16, 29, 36, 37]",3,0.6666666666666666,0.5,0.5714285714285715,0.5307212739772434,1,4,3,2
smd,group23_evaluation,machine-2-1,tranad_official,0,5,16136,16588,"[13, 25, 23, 4, 5, 31, 15, 21, 20, 2, 27, 22, 19, 30, 0, 6, 18, 3, 33, 1, 24, 34, 35, 9, 12, 14, 8, 17, 10, 28, 32, 11, 7, 26, 16, 29, 36, 37]",5,0.4,0.5,0.4444444444444445,0.44149241373678083,1,4,5,2
smd,group23_evaluation,machine-2-1,tranad_official,0,6,17365,17382,"[17, 13, 2, 1, 3, 33, 15, 0, 5, 27, 23, 31, 24, 25, 6, 30, 21, 20, 35, 22, 18, 19, 34, 4, 26, 14, 9, 7, 28, 16, 11, 32, 37, 36, 10, 12, 29, 8]",1,1.0,0.09090909090909091,0.16666666666666669,1.0,1,11,1,1
smd,group23_evaluation,machine-2-1,tranad_official,0,6,17365,17382,"[17, 13, 2, 1, 3, 33, 15, 0, 5, 27, 23, 31, 24, 25, 6, 30, 21, 20, 35, 22, 18, 19, 34, 4, 26, 14, 9, 7, 28, 16, 11, 32, 37, 36, 10, 12, 29, 8]",3,1.0,0.2727272727272727,0.42857142857142855,1.0,1,11,3,3
smd,group23_evaluation,machine-2-1,tranad_official,0,6,17365,17382,"[17, 13, 2, 1, 3, 33, 15, 0, 5, 27, 23, 31, 24, 25, 6, 30, 21, 20, 35, 22, 18, 19, 34, 4, 26, 14, 9, 7, 28, 16, 11, 32, 37, 36, 10, 12, 29, 8]",5,1.0,0.45454545454545453,0.625,1.0,1,11,5,5
smd,group23_evaluation,machine-2-1,tranad_official,0,7,17995,18028,"[10, 18, 4, 5, 21, 20, 13, 31, 19, 12, 6, 9, 8, 30, 33, 27, 14, 22, 24, 15, 3, 2, 35, 34, 0, 11, 32, 1, 26, 28, 7, 16, 23, 17, 25, 36, 37, 29]",1,1.0,0.2,0.33333333333333337,1.0,1,5,1,1
smd,group23_evaluation,machine-2-1,tranad_official,0,7,17995,18028,"[10, 18, 4, 5, 21, 20, 13, 31, 19, 12, 6, 9, 8, 30, 33, 27, 14, 22, 24, 15, 3, 2, 35, 34, 0, 11, 32, 1, 26, 28, 7, 16, 23, 17, 25, 36, 37, 29]",3,0.3333333333333333,0.2,0.25,0.46927872602275644,1,5,3,1
smd,group23_evaluation,machine-2-1,tranad_official,0,7,17995,18028,"[10, 18, 4, 5, 21, 20, 13, 31, 19, 12, 6, 9, 8, 30, 33, 27, 14, 22, 24, 15, 3, 2, 35, 34, 0, 11, 32, 1, 26, 28, 7, 16, 23, 17, 25, 36, 37, 29]",5,0.2,0.2,0.20000000000000004,0.3391602052736161,1,5,5,1
smd,group23_evaluation,machine-2-1,tranad_official,0,8,18575,18650,"[2, 3, 33, 0, 1, 5, 27, 24, 22, 31, 6, 34, 30, 13, 20, 21, 19, 18, 35, 4, 25, 23, 29, 17, 9, 32, 15, 28, 7, 11, 16, 12, 14, 26, 8, 10, 37, 36]",1,0.0,0.0,0.0,0.0,0,5,1,0
smd,group23_evaluation,machine-2-1,tranad_official,0,8,18575,18650,"[2, 3, 33, 0, 1, 5, 27, 24, 22, 31, 6, 34, 30, 13, 20, 21, 19, 18, 35, 4, 25, 23, 29, 17, 9, 32, 15, 28, 7, 11, 16, 12, 14, 26, 8, 10, 37, 36]",3,0.0,0.0,0.0,0.0,0,5,3,0
smd,group23_evaluation,machine-2-1,tranad_official,0,8,18575,18650,"[2, 3, 33, 0, 1, 5, 27, 24, 22, 31, 6, 34, 30, 13, 20, 21, 19, 18, 35, 4, 25, 23, 29, 17, 9, 32, 15, 28, 7, 11, 16, 12, 14, 26, 8, 10, 37, 36]",5,0.2,0.2,0.20000000000000004,0.14606834984270645,1,5,5,1
smd,group23_evaluation,machine-2-1,tranad_official,0,9,20020,20036,"[17, 3, 13, 33, 5, 1, 0, 6, 2, 23, 22, 31, 24, 4, 27, 30, 35, 34, 21, 15, 20, 19, 25, 18, 11, 14, 29, 9, 12, 28, 32, 8, 7, 26, 16, 10, 36, 37]",1,0.0,0.0,0.0,0.0,0,3,1,0
smd,group23_evaluation,machine-2-1,tranad_official,0,9,20020,20036,"[17, 3, 13, 33, 5, 1, 0, 6, 2, 23, 22, 31, 24, 4, 27, 30, 35, 34, 21, 15, 20, 19, 25, 18, 11, 14, 29, 9, 12, 28, 32, 8, 7, 26, 16, 10, 36, 37]",3,0.0,0.0,0.0,0.0,0,3,3,0
smd,group23_evaluation,machine-2-1,tranad_official,0,9,20020,20036,"[17, 3, 13, 33, 5, 1, 0, 6, 2, 23, 22, 31, 24, 4, 27, 30, 35, 34, 21, 15, 20, 19, 25, 18, 11, 14, 29, 9, 12, 28, 32, 8, 7, 26, 16, 10, 36, 37]",5,0.2,0.3333333333333333,0.25,0.18154179253735267,1,3,5,1
smd,group23_evaluation,machine-2-1,tranad_official,0,10,20891,20912,"[5, 6, 10, 13, 31, 12, 9, 4, 2, 3, 24, 27, 19, 22, 33, 8, 35, 15, 1, 20, 34, 21, 18, 30, 0, 14, 25, 23, 26, 32, 7, 29, 28, 17, 16, 11, 36, 37]",1,0.0,0.0,0.0,0.0,0,2,1,0
smd,group23_evaluation,machine-2-1,tranad_official,0,10,20891,20912,"[5, 6, 10, 13, 31, 12, 9, 4, 2, 3, 24, 27, 19, 22, 33, 8, 35, 15, 1, 20, 34, 21, 18, 30, 0, 14, 25, 23, 26, 32, 7, 29, 28, 17, 16, 11, 36, 37]",3,0.0,0.0,0.0,0.0,0,2,3,0
smd,group23_evaluation,machine-2-1,tranad_official,0,10,20891,20912,"[5, 6, 10, 13, 31, 12, 9, 4, 2, 3, 24, 27, 19, 22, 33, 8, 35, 15, 1, 20, 34, 21, 18, 30, 0, 14, 25, 23, 26, 32, 7, 29, 28, 17, 16, 11, 36, 37]",5,0.0,0.0,0.0,0.0,0,2,5,0
smd,group23_evaluation,machine-2-1,tranad_official,0,11,20340,20352,"[13, 2, 1, 0, 5, 3, 4, 22, 15, 6, 34, 27, 24, 25, 30, 23, 31, 21, 33, 20, 35, 19, 18, 14, 9, 17, 32, 28, 7, 26, 11, 12, 16, 8, 10, 36, 29, 37]",1,0.0,0.0,0.0,0.0,0,5,1,0
smd,group23_evaluation,machine-2-1,tranad_official,0,11,20340,20352,"[13, 2, 1, 0, 5, 3, 4, 22, 15, 6, 34, 27, 24, 25, 30, 23, 31, 21, 33, 20, 35, 19, 18, 14, 9, 17, 32, 28, 7, 26, 11, 12, 16, 8, 10, 36, 29, 37]",3,0.0,0.0,0.0,0.0,0,5,3,0
smd,group23_evaluation,machine-2-1,tranad_official,0,11,20340,20352,"[13, 2, 1, 0, 5, 3, 4, 22, 15, 6, 34, 27, 24, 25, 30, 23, 31, 21, 33, 20, 35, 19, 18, 14, 9, 17, 32, 28, 7, 26, 11, 12, 16, 8, 10, 36, 29, 37]",5,0.0,0.0,0.0,0.0,0,5,5,0
smd,group23_evaluation,machine-2-1,tranad_official,0,12,22907,23295,"[5, 2, 3, 1, 13, 6, 4, 31, 22, 34, 0, 30, 15, 25, 27, 33, 17, 14, 28, 24, 35, 9, 11, 19, 36, 32, 20, 23, 21, 12, 7, 29, 18, 37, 26, 10, 16, 8]",1,1.0,0.03571428571428571,0.0689655172413793,1.0,1,28,1,1
smd,group23_evaluation,machine-2-1,tranad_official,0,12,22907,23295,"[5, 2, 3, 1, 13, 6, 4, 31, 22, 34, 0, 30, 15, 25, 27, 33, 17, 14, 28, 24, 35, 9, 11, 19, 36, 32, 20, 23, 21, 12, 7, 29, 18, 37, 26, 10, 16, 8]",3,1.0,0.10714285714285714,0.19354838709677416,1.0,1,28,3,3
smd,group23_evaluation,machine-2-1,tranad_official,0,12,22907,23295,"[5, 2, 3, 1, 13, 6, 4, 31, 22, 34, 0, 30, 15, 25, 27, 33, 17, 14, 28, 24, 35, 9, 11, 19, 36, 32, 20, 23, 21, 12, 7, 29, 18, 37, 26, 10, 16, 8]",5,1.0,0.17857142857142858,0.30303030303030304,1.0,1,28,5,5
smd,group23_evaluation,machine-2-1,tranad_official,1,0,6506,6528,"[31, 13, 6, 3, 22, 4, 2, 24, 35, 34, 15, 0, 33, 20, 21, 14, 19, 27, 30, 1, 5, 23, 28, 18, 25, 9, 16, 12, 11, 37, 10, 36, 7, 32, 8, 26, 17, 29]",1,1.0,0.2,0.33333333333333337,1.0,1,5,1,1
smd,group23_evaluation,machine-2-1,tranad_official,1,0,6506,6528,"[31, 13, 6, 3, 22, 4, 2, 24, 35, 34, 15, 0, 33, 20, 21, 14, 19, 27, 30, 1, 5, 23, 28, 18, 25, 9, 16, 12, 11, 37, 10, 36, 7, 32, 8, 26, 17, 29]",3,0.3333333333333333,0.2,0.25,0.46927872602275644,1,5,3,1
smd,group23_evaluation,machine-2-1,tranad_official,1,0,6506,6528,"[31, 13, 6, 3, 22, 4, 2, 24, 35, 34, 15, 0, 33, 20, 21, 14, 19, 27, 30, 1, 5, 23, 28, 18, 25, 9, 16, 12, 11, 37, 10, 36, 7, 32, 8, 26, 17, 29]",5,0.4,0.4,0.4000000000000001,0.4703652827859579,1,5,5,2
smd,group23_evaluation,machine-2-1,tranad_official,1,1,7907,7961,"[13, 6, 31, 3, 2, 4, 22, 5, 33, 24, 20, 30, 21, 0, 27, 35, 19, 34, 15, 1, 8, 12, 18, 23, 9, 14, 10, 28, 25, 11, 7, 37, 16, 36, 32, 26, 17, 29]",1,0.0,0.0,0.0,0.0,0,5,1,0
smd,group23_evaluation,machine-2-1,tranad_official,1,1,7907,7961,"[13, 6, 31, 3, 2, 4, 22, 5, 33, 24, 20, 30, 21, 0, 27, 35, 19, 34, 15, 1, 8, 12, 18, 23, 9, 14, 10, 28, 25, 11, 7, 37, 16, 36, 32, 26, 17, 29]",3,0.3333333333333333,0.2,0.25,0.23463936301137822,1,5,3,1
smd,group23_evaluation,machine-2-1,tranad_official,1,1,7907,7961,"[13, 6, 31, 3, 2, 4, 22, 5, 33, 24, 20, 30, 21, 0, 27, 35, 19, 34, 15, 1, 8, 12, 18, 23, 9, 14, 10, 28, 25, 11, 7, 37, 16, 36, 32, 26, 17, 29]",5,0.2,0.2,0.20000000000000004,0.16958010263680806,1,5,5,1
smd,group23_evaluation,machine-2-1,tranad_official,1,2,9340,9386,"[33, 13, 31, 6, 4, 34, 2, 3, 12, 5, 9, 10, 22, 8, 25, 30, 24, 23, 21, 27, 20, 35, 15, 0, 19, 37, 36, 32, 29, 18, 1, 28, 14, 16, 7, 11, 26, 17]",1,1.0,0.14285714285714285,0.25,1.0,1,7,1,1
smd,group23_evaluation,machine-2-1,tranad_official,1,2,9340,9386,"[33, 13, 31, 6, 4, 34, 2, 3, 12, 5, 9, 10, 22, 8, 25, 30, 24, 23, 21, 27, 20, 35, 15, 0, 19, 37, 36, 32, 29, 18, 1, 28, 14, 16, 7, 11, 26, 17]",3,0.6666666666666666,0.2857142857142857,0.4,0.7039180890341347,1,7,3,2
smd,group23_evaluation,machine-2-1,tranad_official,1,2,9340,9386,"[33, 13, 31, 6, 4, 34, 2, 3, 12, 5, 9, 10, 22, 8, 25, 30, 24, 23, 21, 27, 20, 35, 15, 0, 19, 37, 36, 32, 29, 18, 1, 28, 14, 16, 7, 11, 26, 17]",5,0.4,0.2857142857142857,0.3333333333333333,0.5087403079104241,1,7,5,2
smd,group23_evaluation,machine-2-1,tranad_official,1,3,9779,9805,"[33, 37, 32, 13, 34, 25, 31, 6, 15, 2, 36, 29, 5, 23, 28, 9, 4, 3, 24, 22, 0, 18, 35, 1, 30, 27, 12, 21, 20, 19, 14, 11, 7, 16, 17, 8, 10, 26]",1,1.0,0.3333333333333333,0.5,1.0,1,3,1,1
smd,group23_evaluation,machine-2-1,tranad_official,1,3,9779,9805,"[33, 37, 32, 13, 34, 25, 31, 6, 15, 2, 36, 29, 5, 23, 28, 9, 4, 3, 24, 22, 0, 18, 35, 1, 30, 27, 12, 21, 20, 19, 14, 11, 7, 16, 17, 8, 10, 26]",3,0.6666666666666666,0.6666666666666666,0.6666666666666666,0.7039180890341347,1,3,3,2
smd,group23_evaluation,machine-2-1,tranad_official,1,3,9779,9805,"[33, 37, 32, 13, 34, 25, 31, 6, 15, 2, 36, 29, 5, 23, 28, 9, 4, 3, 24, 22, 0, 18, 35, 1, 30, 27, 12, 21, 20, 19, 14, 11, 7, 16, 17, 8, 10, 26]",5,0.4,0.6666666666666666,0.5,0.7039180890341347,1,3,5,2
smd,group23_evaluation,machine-2-1,tranad_official,1,4,12173,12181,"[13, 20, 18, 21, 27, 6, 19, 25, 23, 33, 15, 4, 5, 30, 0, 29, 3, 1, 2, 22, 24, 31, 34, 11, 28, 35, 9, 12, 16, 37, 7, 32, 36, 26, 10, 14, 8, 17]",1,0.0,0.0,0.0,0.0,0,5,1,0
smd,group23_evaluation,machine-2-1,tranad_official,1,4,12173,12181,"[13, 20, 18, 21, 27, 6, 19, 25, 23, 33, 15, 4, 5, 30, 0, 29, 3, 1, 2, 22, 24, 31, 34, 11, 28, 35, 9, 12, 16, 37, 7, 32, 36, 26, 10, 14, 8, 17]",3,0.6666666666666666,0.4,0.5,0.5307212739772434,1,5,3,2
smd,group23_evaluation,machine-2-1,tranad_official,1,4,12173,12181,"[13, 20, 18, 21, 27, 6, 19, 25, 23, 33, 15, 4, 5, 30, 0, 29, 3, 1, 2, 22, 24, 31, 34, 11, 28, 35, 9, 12, 16, 37, 7, 32, 36, 26, 10, 14, 8, 17]",5,0.8,0.8,0.8000000000000002,0.6608397947263839,1,5,5,4
smd,group23_evaluation,machine-2-1,tranad_official,1,5,16136,16588,"[13, 25, 23, 4, 5, 31, 15, 18, 3, 21, 20, 27, 34, 19, 24, 30, 2, 22, 35, 6, 0, 33, 1, 12, 14, 9, 8, 28, 10, 17, 11, 16, 37, 32, 36, 7, 26, 29]",1,0.0,0.0,0.0,0.0,0,4,1,0
smd,group23_evaluation,machine-2-1,tranad_official,1,5,16136,16588,"[13, 25, 23, 4, 5, 31, 15, 18, 3, 21, 20, 27, 34, 19, 24, 30, 2, 22, 35, 6, 0, 33, 1, 12, 14, 9, 8, 28, 10, 17, 11, 16, 37, 32, 36, 7, 26, 29]",3,0.6666666666666666,0.5,0.5714285714285715,0.5307212739772434,1,4,3,2
smd,group23_evaluation,machine-2-1,tranad_official,1,5,16136,16588,"[13, 25, 23, 4, 5, 31, 15, 18, 3, 21, 20, 27, 34, 19, 24, 30, 2, 22, 35, 6, 0, 33, 1, 12, 14, 9, 8, 28, 10, 17, 11, 16, 37, 32, 36, 7, 26, 29]",5,0.4,0.5,0.4444444444444445,0.44149241373678083,1,4,5,2
smd,group23_evaluation,machine-2-1,tranad_official,1,6,17365,17382,"[17, 2, 13, 1, 3, 28, 5, 0, 15, 33, 34, 6, 30, 27, 24, 21, 20, 23, 25, 22, 19, 31, 35, 4, 18, 8, 9, 37, 14, 12, 11, 29, 32, 10, 16, 36, 26, 7]",1,1.0,0.09090909090909091,0.16666666666666669,1.0,1,11,1,1
smd,group23_evaluation,machine-2-1,tranad_official,1,6,17365,17382,"[17, 2, 13, 1, 3, 28, 5, 0, 15, 33, 34, 6, 30, 27, 24, 21, 20, 23, 25, 22, 19, 31, 35, 4, 18, 8, 9, 37, 14, 12, 11, 29, 32, 10, 16, 36, 26, 7]",3,1.0,0.2727272727272727,0.42857142857142855,1.0,1,11,3,3
smd,group23_evaluation,machine-2-1,tranad_official,1,6,17365,17382,"[17, 2, 13, 1, 3, 28, 5, 0, 15, 33, 34, 6, 30, 27, 24, 21, 20, 23, 25, 22, 19, 31, 35, 4, 18, 8, 9, 37, 14, 12, 11, 29, 32, 10, 16, 36, 26, 7]",5,1.0,0.45454545454545453,0.625,1.0,1,11,5,5
smd,group23_evaluation,machine-2-1,tranad_official,1,7,17995,18028,"[18, 10, 5, 19, 13, 21, 20, 31, 12, 4, 9, 8, 6, 30, 27, 33, 14, 22, 15, 24, 2, 34, 35, 1, 3, 0, 11, 32, 28, 16, 23, 36, 37, 7, 25, 26, 17, 29]",1,0.0,0.0,0.0,0.0,0,5,1,0
smd,group23_evaluation,machine-2-1,tranad_official,1,7,17995,18028,"[18, 10, 5, 19, 13, 21, 20, 31, 12, 4, 9, 8, 6, 30, 27, 33, 14, 22, 15, 24, 2, 34, 35, 1, 3, 0, 11, 32, 28, 16, 23, 36, 37, 7, 25, 26, 17, 29]",3,0.3333333333333333,0.2,0.25,0.2960819109658652,1,5,3,1
smd,group23_evaluation,machine-2-1,tranad_official,1,7,17995,18028,"[18, 10, 5, 19, 13, 21, 20, 31, 12, 4, 9, 8, 6, 30, 27, 33, 14, 22, 15, 24, 2, 34, 35, 1, 3, 0, 11, 32, 28, 16, 23, 36, 37, 7, 25, 26, 17, 29]",5,0.2,0.2,0.20000000000000004,0.21398626473452756,1,5,5,1
smd,group23_evaluation,machine-2-1,tranad_official,1,8,18575,18650,"[2, 3, 33, 1, 0, 24, 31, 27, 5, 6, 34, 30, 20, 21, 13, 35, 19, 18, 4, 23, 22, 25, 32, 29, 12, 28, 15, 16, 37, 36, 8, 26, 11, 10, 9, 17, 14, 7]",1,0.0,0.0,0.0,0.0,0,5,1,0
smd,group23_evaluation,machine-2-1,tranad_official,1,8,18575,18650,"[2, 3, 33, 1, 0, 24, 31, 27, 5, 6, 34, 30, 20, 21, 13, 35, 19, 18, 4, 23, 22, 25, 32, 29, 12, 28, 15, 16, 37, 36, 8, 26, 11, 10, 9, 17, 14, 7]",3,0.0,0.0,0.0,0.0,0,5,3,0
smd,group23_evaluation,machine-2-1,tranad_official,1,8,18575,18650,"[2, 3, 33, 1, 0, 24, 31, 27, 5, 6, 34, 30, 20, 21, 13, 35, 19, 18, 4, 23, 22, 25, 32, 29, 12, 28, 15, 16, 37, 36, 8, 26, 11, 10, 9, 17, 14, 7]",5,0.2,0.2,0.20000000000000004,0.13120507751234178,1,5,5,1
smd,group23_evaluation,machine-2-1,tranad_official,1,9,20020,20036,"[17, 2, 13, 5, 1, 6, 3, 0, 34, 24, 4, 31, 27, 35, 30, 28, 22, 21, 15, 20, 19, 23, 25, 18, 33, 9, 11, 14, 12, 29, 32, 8, 37, 16, 36, 10, 26, 7]",1,0.0,0.0,0.0,0.0,0,3,1,0
smd,group23_evaluation,machine-2-1,tranad_official,1,9,20020,20036,"[17, 2, 13, 5, 1, 6, 3, 0, 34, 24, 4, 31, 27, 35, 30, 28, 22, 21, 15, 20, 19, 23, 25, 18, 33, 9, 11, 14, 12, 29, 32, 8, 37, 16, 36, 10, 26, 7]",3,0.0,0.0,0.0,0.0,0,3,3,0
smd,group23_evaluation,machine-2-1,tranad_official,1,9,20020,20036,"[17, 2, 13, 5, 1, 6, 3, 0, 34, 24, 4, 31, 27, 35, 30, 28, 22, 21, 15, 20, 19, 23, 25, 18, 33, 9, 11, 14, 12, 29, 32, 8, 37, 16, 36, 10, 26, 7]",5,0.2,0.3333333333333333,0.25,0.20210734650054757,1,3,5,1
smd,group23_evaluation,machine-2-1,tranad_official,1,10,20891,20912,"[5, 10, 6, 31, 13, 12, 9, 3, 0, 22, 33, 4, 2, 24, 35, 27, 8, 34, 15, 23, 21, 20, 30, 1, 19, 25, 14, 18, 28, 16, 37, 36, 7, 11, 32, 17, 26, 29]",1,0.0,0.0,0.0,0.0,0,2,1,0
smd,group23_evaluation,machine-2-1,tranad_official,1,10,20891,20912,"[5, 10, 6, 31, 13, 12, 9, 3, 0, 22, 33, 4, 2, 24, 35, 27, 8, 34, 15, 23, 21, 20, 30, 1, 19, 25, 14, 18, 28, 16, 37, 36, 7, 11, 32, 17, 26, 29]",3,0.0,0.0,0.0,0.0,0,2,3,0
smd,group23_evaluation,machine-2-1,tranad_official,1,10,20891,20912,"[5, 10, 6, 31, 13, 12, 9, 3, 0, 22, 33, 4, 2, 24, 35, 27, 8, 34, 15, 23, 21, 20, 30, 1, 19, 25, 14, 18, 28, 16, 37, 36, 7, 11, 32, 17, 26, 29]",5,0.0,0.0,0.0,0.0,0,2,5,0
smd,group23_evaluation,machine-2-1,tranad_official,1,11,20340,20352,"[13, 2, 1, 0, 3, 5, 6, 4, 15, 31, 24, 33, 34, 25, 23, 27, 22, 30, 35, 20, 21, 19, 18, 14, 12, 32, 28, 37, 16, 36, 8, 9, 10, 26, 17, 11, 7, 29]",1,0.0,0.0,0.0,0.0,0,5,1,0
smd,group23_evaluation,machine-2-1,tranad_official,1,11,20340,20352,"[13, 2, 1, 0, 3, 5, 6, 4, 15, 31, 24, 33, 34, 25, 23, 27, 22, 30, 35, 20, 21, 19, 18, 14, 12, 32, 28, 37, 16, 36, 8, 9, 10, 26, 17, 11, 7, 29]",3,0.0,0.0,0.0,0.0,0,5,3,0
smd,group23_evaluation,machine-2-1,tranad_official,1,11,20340,20352,"[13, 2, 1, 0, 3, 5, 6, 4, 15, 31, 24, 33, 34, 25, 23, 27, 22, 30, 35, 20, 21, 19, 18, 14, 12, 32, 28, 37, 16, 36, 8, 9, 10, 26, 17, 11, 7, 29]",5,0.0,0.0,0.0,0.0,0,5,5,0
smd,group23_evaluation,machine-2-1,tranad_official,1,12,22907,23295,"[2, 5, 1, 3, 13, 6, 31, 0, 4, 24, 15, 22, 23, 34, 25, 33, 12, 27, 30, 21, 20, 19, 35, 18, 32, 16, 11, 28, 10, 36, 37, 8, 14, 17, 9, 29, 7, 26]",1,1.0,0.03571428571428571,0.0689655172413793,1.0,1,28,1,1
smd,group23_evaluation,machine-2-1,tranad_official,1,12,22907,23295,"[2, 5, 1, 3, 13, 6, 31, 0, 4, 24, 15, 22, 23, 34, 25, 33, 12, 27, 30, 21, 20, 19, 35, 18, 32, 16, 11, 28, 10, 36, 37, 8, 14, 17, 9, 29, 7, 26]",3,1.0,0.10714285714285714,0.19354838709677416,1.0,1,28,3,3
smd,group23_evaluation,machine-2-1,tranad_official,1,12,22907,23295,"[2, 5, 1, 3, 13, 6, 31, 0, 4, 24, 15, 22, 23, 34, 25, 33, 12, 27, 30, 21, 20, 19, 35, 18, 32, 16, 11, 28, 10, 36, 37, 8, 14, 17, 9, 29, 7, 26]",5,1.0,0.17857142857142858,0.30303030303030304,1.0,1,28,5,5
smd,group23_evaluation,machine-2-1,tranad_official,2,0,6506,6528,"[31, 13, 6, 4, 22, 3, 35, 24, 34, 15, 2, 30, 27, 14, 21, 33, 0, 1, 18, 20, 19, 5, 23, 37, 7, 28, 10, 12, 25, 11, 9, 32, 26, 16, 17, 36, 8, 29]",1,1.0,0.2,0.33333333333333337,1.0,1,5,1,1
smd,group23_evaluation,machine-2-1,tranad_official,2,0,6506,6528,"[31, 13, 6, 4, 22, 3, 35, 24, 34, 15, 2, 30, 27, 14, 21, 33, 0, 1, 18, 20, 19, 5, 23, 37, 7, 28, 10, 12, 25, 11, 9, 32, 26, 16, 17, 36, 8, 29]",3,0.3333333333333333,0.2,0.25,0.46927872602275644,1,5,3,1
smd,group23_evaluation,machine-2-1,tranad_official,2,0,6506,6528,"[31, 13, 6, 4, 22, 3, 35, 24, 34, 15, 2, 30, 27, 14, 21, 33, 0, 1, 18, 20, 19, 5, 23, 37, 7, 28, 10, 12, 25, 11, 9, 32, 26, 16, 17, 36, 8, 29]",5,0.4,0.4,0.4000000000000001,0.4703652827859579,1,5,5,2
smd,group23_evaluation,machine-2-1,tranad_official,2,1,7907,7961,"[13, 6, 31, 4, 3, 2, 22, 33, 30, 27, 21, 5, 34, 35, 24, 20, 15, 1, 18, 0, 19, 12, 8, 10, 23, 9, 14, 7, 28, 37, 11, 25, 26, 32, 16, 17, 29, 36]",1,0.0,0.0,0.0,0.0,0,5,1,0
smd,group23_evaluation,machine-2-1,tranad_official,2,1,7907,7961,"[13, 6, 31, 4, 3, 2, 22, 33, 30, 27, 21, 5, 34, 35, 24, 20, 15, 1, 18, 0, 19, 12, 8, 10, 23, 9, 14, 7, 28, 37, 11, 25, 26, 32, 16, 17, 29, 36]",3,0.3333333333333333,0.2,0.25,0.23463936301137822,1,5,3,1
smd,group23_evaluation,machine-2-1,tranad_official,2,1,7907,7961,"[13, 6, 31, 4, 3, 2, 22, 33, 30, 27, 21, 5, 34, 35, 24, 20, 15, 1, 18, 0, 19, 12, 8, 10, 23, 9, 14, 7, 28, 37, 11, 25, 26, 32, 16, 17, 29, 36]",5,0.2,0.2,0.20000000000000004,0.16958010263680806,1,5,5,1
smd,group23_evaluation,machine-2-1,tranad_official,2,2,9340,9386,"[33, 9, 13, 25, 6, 5, 4, 31, 17, 1, 12, 10, 30, 18, 27, 19, 3, 11, 35, 2, 34, 22, 28, 8, 24, 21, 0, 20, 32, 15, 16, 7, 23, 37, 36, 14, 26, 29]",1,1.0,0.14285714285714285,0.25,1.0,1,7,1,1
smd,group23_evaluation,machine-2-1,tranad_official,2,2,9340,9386,"[33, 9, 13, 25, 6, 5, 4, 31, 17, 1, 12, 10, 30, 18, 27, 19, 3, 11, 35, 2, 34, 22, 28, 8, 24, 21, 0, 20, 32, 15, 16, 7, 23, 37, 36, 14, 26, 29]",3,0.6666666666666666,0.2857142857142857,0.4,0.7653606369886217,1,7,3,2
smd,group23_evaluation,machine-2-1,tranad_official,2,2,9340,9386,"[33, 9, 13, 25, 6, 5, 4, 31, 17, 1, 12, 10, 30, 18, 27, 19, 3, 11, 35, 2, 34, 22, 28, 8, 24, 21, 0, 20, 32, 15, 16, 7, 23, 37, 36, 14, 26, 29]",5,0.4,0.2857142857142857,0.3333333333333333,0.5531464700081437,1,7,5,2
smd,group23_evaluation,machine-2-1,tranad_official,2,3,9779,9805,"[33, 10, 9, 16, 25, 23, 19, 27, 18, 11, 30, 5, 2, 36, 17, 6, 12, 35, 13, 15, 7, 3, 1, 24, 31, 22, 4, 0, 37, 32, 34, 21, 20, 14, 8, 28, 29, 26]",1,1.0,0.3333333333333333,0.5,1.0,1,3,1,1
smd,group23_evaluation,machine-2-1,tranad_official,2,3,9779,9805,"[33, 10, 9, 16, 25, 23, 19, 27, 18, 11, 30, 5, 2, 36, 17, 6, 12, 35, 13, 15, 7, 3, 1, 24, 31, 22, 4, 0, 37, 32, 34, 21, 20, 14, 8, 28, 29, 26]",3,0.3333333333333333,0.3333333333333333,0.3333333333333333,0.46927872602275644,1,3,3,1
smd,group23_evaluation,machine-2-1,tranad_official,2,3,9779,9805,"[33, 10, 9, 16, 25, 23, 19, 27, 18, 11, 30, 5, 2, 36, 17, 6, 12, 35, 13, 15, 7, 3, 1, 24, 31, 22, 4, 0, 37, 32, 34, 21, 20, 14, 8, 28, 29, 26]",5,0.2,0.3333333333333333,0.25,0.46927872602275644,1,3,5,1
smd,group23_evaluation,machine-2-1,tranad_official,2,4,12173,12181,"[13, 20, 27, 19, 18, 6, 21, 23, 25, 33, 5, 4, 15, 30, 3, 29, 0, 24, 1, 35, 22, 31, 34, 2, 10, 37, 11, 7, 28, 12, 26, 9, 32, 17, 14, 16, 8, 36]",1,0.0,0.0,0.0,0.0,0,5,1,0
smd,group23_evaluation,machine-2-1,tranad_official,2,4,12173,12181,"[13, 20, 27, 19, 18, 6, 21, 23, 25, 33, 5, 4, 15, 30, 3, 29, 0, 24, 1, 35, 22, 31, 34, 2, 10, 37, 11, 7, 28, 12, 26, 9, 32, 17, 14, 16, 8, 36]",3,0.6666666666666666,0.4,0.5,0.5307212739772434,1,5,3,2
smd,group23_evaluation,machine-2-1,tranad_official,2,4,12173,12181,"[13, 20, 27, 19, 18, 6, 21, 23, 25, 33, 5, 4, 15, 30, 3, 29, 0, 24, 1, 35, 22, 31, 34, 2, 10, 37, 11, 7, 28, 12, 26, 9, 32, 17, 14, 16, 8, 36]",5,0.8,0.8,0.8000000000000002,0.6608397947263839,1,5,5,4
smd,group23_evaluation,machine-2-1,tranad_official,2,5,16136,16588,"[13, 25, 23, 4, 5, 15, 19, 30, 2, 31, 27, 21, 20, 6, 35, 18, 24, 22, 34, 33, 1, 0, 3, 12, 10, 14, 9, 8, 37, 7, 17, 11, 28, 26, 32, 16, 36, 29]",1,0.0,0.0,0.0,0.0,0,4,1,0
smd,group23_evaluation,machine-2-1,tranad_official,2,5,16136,16588,"[13, 25, 23, 4, 5, 15, 19, 30, 2, 31, 27, 21, 20, 6, 35, 18, 24, 22, 34, 33, 1, 0, 3, 12, 10, 14, 9, 8, 37, 7, 17, 11, 28, 26, 32, 16, 36, 29]",3,0.6666666666666666,0.5,0.5714285714285715,0.5307212739772434,1,4,3,2
smd,group23_evaluation,machine-2-1,tranad_official,2,5,16136,16588,"[13, 25, 23, 4, 5, 15, 19, 30, 2, 31, 27, 21, 20, 6, 35, 18, 24, 22, 34, 33, 1, 0, 3, 12, 10, 14, 9, 8, 37, 7, 17, 11, 28, 26, 32, 16, 36, 29]",5,0.4,0.5,0.4444444444444445,0.44149241373678083,1,4,5,2
smd,group23_evaluation,machine-2-1,tranad_official,2,6,17365,17382,"[17, 2, 13, 1, 3, 33, 5, 0, 15, 4, 6, 22, 24, 30, 35, 27, 20, 23, 25, 10, 31, 19, 21, 34, 8, 18, 14, 12, 11, 28, 29, 16, 9, 37, 7, 26, 36, 32]",1,1.0,0.09090909090909091,0.16666666666666669,1.0,1,11,1,1
smd,group23_evaluation,machine-2-1,tranad_official,2,6,17365,17382,"[17, 2, 13, 1, 3, 33, 5, 0, 15, 4, 6, 22, 24, 30, 35, 27, 20, 23, 25, 10, 31, 19, 21, 34, 8, 18, 14, 12, 11, 28, 29, 16, 9, 37, 7, 26, 36, 32]",3,1.0,0.2727272727272727,0.42857142857142855,1.0,1,11,3,3
smd,group23_evaluation,machine-2-1,tranad_official,2,6,17365,17382,"[17, 2, 13, 1, 3, 33, 5, 0, 15, 4, 6, 22, 24, 30, 35, 27, 20, 23, 25, 10, 31, 19, 21, 34, 8, 18, 14, 12, 11, 28, 29, 16, 9, 37, 7, 26, 36, 32]",5,1.0,0.45454545454545453,0.625,1.0,1,11,5,5
smd,group23_evaluation,machine-2-1,tranad_official,2,7,17995,18028,"[10, 4, 5, 19, 18, 20, 13, 21, 31, 12, 8, 6, 9, 30, 27, 33, 14, 15, 35, 3, 34, 22, 24, 2, 1, 11, 0, 32, 37, 7, 23, 28, 25, 17, 16, 26, 36, 29]",1,1.0,0.2,0.33333333333333337,1.0,1,5,1,1
smd,group23_evaluation,machine-2-1,tranad_official,2,7,17995,18028,"[10, 4, 5, 19, 18, 20, 13, 21, 31, 12, 8, 6, 9, 30, 27, 33, 14, 15, 35, 3, 34, 22, 24, 2, 1, 11, 0, 32, 37, 7, 23, 28, 25, 17, 16, 26, 36, 29]",3,0.3333333333333333,0.2,0.25,0.46927872602275644,1,5,3,1
smd,group23_evaluation,machine-2-1,tranad_official,2,7,17995,18028,"[10, 4, 5, 19, 18, 20, 13, 21, 31, 12, 8, 6, 9, 30, 27, 33, 14, 15, 35, 3, 34, 22, 24, 2, 1, 11, 0, 32, 37, 7, 23, 28, 25, 17, 16, 26, 36, 29]",5,0.2,0.2,0.20000000000000004,0.3391602052736161,1,5,5,1
smd,group23_evaluation,machine-2-1,tranad_official,2,8,18575,18650,"[2, 33, 3, 1, 0, 5, 6, 30, 13, 34, 27, 22, 35, 21, 20, 19, 18, 25, 24, 4, 23, 31, 16, 29, 10, 37, 28, 15, 14, 32, 7, 8, 9, 11, 36, 17, 26, 12]",1,0.0,0.0,0.0,0.0,0,5,1,0
smd,group23_evaluation,machine-2-1,tranad_official,2,8,18575,18650,"[2, 33, 3, 1, 0, 5, 6, 30, 13, 34, 27, 22, 35, 21, 20, 19, 18, 25, 24, 4, 23, 31, 16, 29, 10, 37, 28, 15, 14, 32, 7, 8, 9, 11, 36, 17, 26, 12]",3,0.0,0.0,0.0,0.0,0,5,3,0
smd,group23_evaluation,machine-2-1,tranad_official,2,8,18575,18650,"[2, 33, 3, 1, 0, 5, 6, 30, 13, 34, 27, 22, 35, 21, 20, 19, 18, 25, 24, 4, 23, 31, 16, 29, 10, 37, 28, 15, 14, 32, 7, 8, 9, 11, 36, 17, 26, 12]",5,0.2,0.2,0.20000000000000004,0.13120507751234178,1,5,5,1
smd,group23_evaluation,machine-2-1,tranad_official,2,9,20020,20036,"[17, 2, 13, 3, 1, 5, 4, 0, 6, 33, 31, 22, 24, 30, 26, 27, 34, 15, 20, 35, 21, 19, 23, 25, 18, 8, 11, 14, 29, 10, 37, 12, 7, 28, 16, 9, 36, 32]",1,0.0,0.0,0.0,0.0,0,3,1,0
smd,group23_evaluation,machine-2-1,tranad_official,2,9,20020,20036,"[17, 2, 13, 3, 1, 5, 4, 0, 6, 33, 31, 22, 24, 30, 26, 27, 34, 15, 20, 35, 21, 19, 23, 25, 18, 8, 11, 14, 29, 10, 37, 12, 7, 28, 16, 9, 36, 32]",3,0.0,0.0,0.0,0.0,0,3,3,0
smd,group23_evaluation,machine-2-1,tranad_official,2,9,20020,20036,"[17, 2, 13, 3, 1, 5, 4, 0, 6, 33, 31, 22, 24, 30, 26, 27, 34, 15, 20, 35, 21, 19, 23, 25, 18, 8, 11, 14, 29, 10, 37, 12, 7, 28, 16, 9, 36, 32]",5,0.0,0.0,0.0,0.0,0,3,5,0
smd,group23_evaluation,machine-2-1,tranad_official,2,10,20891,20912,"[5, 6, 10, 13, 31, 12, 4, 9, 3, 27, 2, 30, 1, 22, 0, 33, 8, 35, 15, 18, 24, 34, 21, 20, 19, 23, 14, 7, 37, 28, 25, 32, 16, 17, 26, 11, 36, 29]",1,0.0,0.0,0.0,0.0,0,2,1,0
smd,group23_evaluation,machine-2-1,tranad_official,2,10,20891,20912,"[5, 6, 10, 13, 31, 12, 4, 9, 3, 27, 2, 30, 1, 22, 0, 33, 8, 35, 15, 18, 24, 34, 21, 20, 19, 23, 14, 7, 37, 28, 25, 32, 16, 17, 26, 11, 36, 29]",3,0.0,0.0,0.0,0.0,0,2,3,0
smd,group23_evaluation,machine-2-1,tranad_official,2,10,20891,20912,"[5, 6, 10, 13, 31, 12, 4, 9, 3, 27, 2, 30, 1, 22, 0, 33, 8, 35, 15, 18, 24, 34, 21, 20, 19, 23, 14, 7, 37, 28, 25, 32, 16, 17, 26, 11, 36, 29]",5,0.0,0.0,0.0,0.0,0,2,5,0
smd,group23_evaluation,machine-2-1,tranad_official,2,11,20340,20352,"[2, 13, 1, 0, 5, 4, 3, 6, 15, 25, 33, 23, 34, 22, 27, 35, 30, 24, 21, 19, 20, 14, 18, 31, 37, 16, 7, 10, 28, 9, 12, 36, 8, 32, 17, 26, 11, 29]",1,0.0,0.0,0.0,0.0,0,5,1,0
smd,group23_evaluation,machine-2-1,tranad_official,2,11,20340,20352,"[2, 13, 1, 0, 5, 4, 3, 6, 15, 25, 33, 23, 34, 22, 27, 35, 30, 24, 21, 19, 20, 14, 18, 31, 37, 16, 7, 10, 28, 9, 12, 36, 8, 32, 17, 26, 11, 29]",3,0.0,0.0,0.0,0.0,0,5,3,0
smd,group23_evaluation,machine-2-1,tranad_official,2,11,20340,20352,"[2, 13, 1, 0, 5, 4, 3, 6, 15, 25, 33, 23, 34, 22, 27, 35, 30, 24, 21, 19, 20, 14, 18, 31, 37, 16, 7, 10, 28, 9, 12, 36, 8, 32, 17, 26, 11, 29]",5,0.0,0.0,0.0,0.0,0,5,5,0
smd,group23_evaluation,machine-2-1,tranad_official,2,12,22907,23295,"[2, 5, 1, 3, 13, 6, 4, 0, 18, 31, 15, 27, 30, 35, 24, 23, 19, 34, 22, 25, 21, 12, 20, 33, 10, 28, 16, 11, 37, 14, 7, 9, 32, 17, 36, 8, 29, 26]",1,1.0,0.03571428571428571,0.0689655172413793,1.0,1,28,1,1
smd,group23_evaluation,machine-2-1,tranad_official,2,12,22907,23295,"[2, 5, 1, 3, 13, 6, 4, 0, 18, 31, 15, 27, 30, 35, 24, 23, 19, 34, 22, 25, 21, 12, 20, 33, 10, 28, 16, 11, 37, 14, 7, 9, 32, 17, 36, 8, 29, 26]",3,1.0,0.10714285714285714,0.19354838709677416,1.0,1,28,3,3
smd,group23_evaluation,machine-2-1,tranad_official,2,12,22907,23295,"[2, 5, 1, 3, 13, 6, 4, 0, 18, 31, 15, 27, 30, 35, 24, 23, 19, 34, 22, 25, 21, 12, 20, 33, 10, 28, 16, 11, 37, 14, 7, 9, 32, 17, 36, 8, 29, 26]",5,1.0,0.17857142857142858,0.30303030303030304,1.0,1,28,5,5
smd,group23_evaluation,machine-2-2,tranad_official,0,0,12760,12771,"[2, 3, 1, 0, 31, 6, 23, 25, 32, 33, 22, 9, 14, 13, 20, 15, 5, 28, 36, 17, 19, 29, 24, 18, 11, 30, 7, 4, 8, 21, 27, 34, 26, 35, 37, 10, 16, 12]",1,1.0,0.0625,0.11764705882352941,1.0,1,16,1,1
smd,group23_evaluation,machine-2-2,tranad_official,0,0,12760,12771,"[2, 3, 1, 0, 31, 6, 23, 25, 32, 33, 22, 9, 14, 13, 20, 15, 5, 28, 36, 17, 19, 29, 24, 18, 11, 30, 7, 4, 8, 21, 27, 34, 26, 35, 37, 10, 16, 12]",3,1.0,0.1875,0.3157894736842105,1.0,1,16,3,3
smd,group23_evaluation,machine-2-2,tranad_official,0,0,12760,12771,"[2, 3, 1, 0, 31, 6, 23, 25, 32, 33, 22, 9, 14, 13, 20, 15, 5, 28, 36, 17, 19, 29, 24, 18, 11, 30, 7, 4, 8, 21, 27, 34, 26, 35, 37, 10, 16, 12]",5,1.0,0.3125,0.47619047619047616,1.0,1,16,5,5
smd,group23_evaluation,machine-2-2,tranad_official,0,1,14511,14521,"[2, 3, 1, 0, 31, 23, 25, 6, 22, 28, 36, 17, 4, 9, 19, 5, 14, 32, 13, 24, 15, 33, 8, 34, 29, 18, 7, 11, 27, 30, 20, 12, 21, 26, 35, 10, 16, 37]",1,1.0,0.07142857142857142,0.13333333333333333,1.0,1,14,1,1
smd,group23_evaluation,machine-2-2,tranad_official,0,1,14511,14521,"[2, 3, 1, 0, 31, 23, 25, 6, 22, 28, 36, 17, 4, 9, 19, 5, 14, 32, 13, 24, 15, 33, 8, 34, 29, 18, 7, 11, 27, 30, 20, 12, 21, 26, 35, 10, 16, 37]",3,1.0,0.21428571428571427,0.35294117647058826,1.0,1,14,3,3
smd,group23_evaluation,machine-2-2,tranad_official,0,1,14511,14521,"[2, 3, 1, 0, 31, 23, 25, 6, 22, 28, 36, 17, 4, 9, 19, 5, 14, 32, 13, 24, 15, 33, 8, 34, 29, 18, 7, 11, 27, 30, 20, 12, 21, 26, 35, 10, 16, 37]",5,1.0,0.35714285714285715,0.5263157894736842,1.0,1,14,5,5
smd,group23_evaluation,machine-2-2,tranad_official,0,2,15630,16502,"[31, 15, 8, 32, 14, 13, 5, 3, 6, 24, 18, 22, 21, 9, 27, 20, 30, 0, 35, 33, 12, 34, 2, 11, 1, 10, 19, 29, 23, 25, 28, 7, 4, 16, 17, 36, 26, 37]",1,0.0,0.0,0.0,0.0,0,4,1,0
smd,group23_evaluation,machine-2-2,tranad_official,0,2,15630,16502,"[31, 15, 8, 32, 14, 13, 5, 3, 6, 24, 18, 22, 21, 9, 27, 20, 30, 0, 35, 33, 12, 34, 2, 11, 1, 10, 19, 29, 23, 25, 28, 7, 4, 16, 17, 36, 26, 37]",3,0.0,0.0,0.0,0.0,0,4,3,0
smd,group23_evaluation,machine-2-2,tranad_official,0,2,15630,16502,"[31, 15, 8, 32, 14, 13, 5, 3, 6, 24, 18, 22, 21, 9, 27, 20, 30, 0, 35, 33, 12, 34, 2, 11, 1, 10, 19, 29, 23, 25, 28, 7, 4, 16, 17, 36, 26, 37]",5,0.0,0.0,0.0,0.0,0,4,5,0
smd,group23_evaluation,machine-2-2,tranad_official,0,3,17090,17942,"[31, 15, 8, 14, 32, 13, 5, 6, 3, 21, 24, 22, 9, 27, 12, 30, 20, 2, 33, 18, 35, 34, 0, 1, 10, 11, 19, 29, 28, 7, 4, 16, 23, 25, 17, 26, 36, 37]",1,0.0,0.0,0.0,0.0,0,4,1,0
smd,group23_evaluation,machine-2-2,tranad_official,0,3,17090,17942,"[31, 15, 8, 14, 32, 13, 5, 6, 3, 21, 24, 22, 9, 27, 12, 30, 20, 2, 33, 18, 35, 34, 0, 1, 10, 11, 19, 29, 28, 7, 4, 16, 23, 25, 17, 26, 36, 37]",3,0.0,0.0,0.0,0.0,0,4,3,0
smd,group23_evaluation,machine-2-2,tranad_official,0,3,17090,17942,"[31, 15, 8, 14, 32, 13, 5, 6, 3, 21, 24, 22, 9, 27, 12, 30, 20, 2, 33, 18, 35, 34, 0, 1, 10, 11, 19, 29, 28, 7, 4, 16, 23, 25, 17, 26, 36, 37]",5,0.0,0.0,0.0,0.0,0,4,5,0
smd,group23_evaluation,machine-2-2,tranad_official,0,4,18541,19382,"[31, 15, 32, 5, 8, 14, 13, 6, 21, 24, 3, 22, 2, 27, 0, 33, 20, 1, 30, 9, 12, 18, 34, 35, 11, 19, 10, 29, 28, 7, 4, 16, 17, 23, 25, 26, 36, 37]",1,0.0,0.0,0.0,0.0,0,4,1,0
smd,group23_evaluation,machine-2-2,tranad_official,0,4,18541,19382,"[31, 15, 32, 5, 8, 14, 13, 6, 21, 24, 3, 22, 2, 27, 0, 33, 20, 1, 30, 9, 12, 18, 34, 35, 11, 19, 10, 29, 28, 7, 4, 16, 17, 23, 25, 26, 36, 37]",3,0.0,0.0,0.0,0.0,0,4,3,0
smd,group23_evaluation,machine-2-2,tranad_official,0,4,18541,19382,"[31, 15, 32, 5, 8, 14, 13, 6, 21, 24, 3, 22, 2, 27, 0, 33, 20, 1, 30, 9, 12, 18, 34, 35, 11, 19, 10, 29, 28, 7, 4, 16, 17, 23, 25, 26, 36, 37]",5,0.0,0.0,0.0,0.0,0,4,5,0
smd,group23_evaluation,machine-2-2,tranad_official,0,5,20820,20823,"[12, 9, 10, 11, 5, 3, 0, 6, 27, 30, 21, 34, 24, 2, 8, 18, 31, 19, 23, 1, 35, 13, 25, 29, 15, 26, 33, 20, 22, 36, 14, 28, 16, 32, 7, 4, 17, 37]",1,1.0,0.25,0.4,1.0,1,4,1,1
smd,group23_evaluation,machine-2-2,tranad_official,0,5,20820,20823,"[12, 9, 10, 11, 5, 3, 0, 6, 27, 30, 21, 34, 24, 2, 8, 18, 31, 19, 23, 1, 35, 13, 25, 29, 15, 26, 33, 20, 22, 36, 14, 28, 16, 32, 7, 4, 17, 37]",3,1.0,0.75,0.8571428571428571,1.0,1,4,3,3
smd,group23_evaluation,machine-2-2,tranad_official,0,5,20820,20823,"[12, 9, 10, 11, 5, 3, 0, 6, 27, 30, 21, 34, 24, 2, 8, 18, 31, 19, 23, 1, 35, 13, 25, 29, 15, 26, 33, 20, 22, 36, 14, 28, 16, 32, 7, 4, 17, 37]",5,0.8,1.0,0.888888888888889,1.0,1,4,5,4
smd,group23_evaluation,machine-2-2,tranad_official,0,6,21024,21027,"[10, 5, 30, 21, 27, 24, 20, 31, 3, 18, 9, 19, 0, 13, 2, 1, 34, 15, 22, 11, 6, 25, 35, 14, 8, 32, 23, 26, 28, 33, 4, 7, 16, 12, 17, 37, 29, 36]",1,1.0,1.0,1.0,1.0,1,1,1,1
smd,group23_evaluation,machine-2-2,tranad_official,0,6,21024,21027,"[10, 5, 30, 21, 27, 24, 20, 31, 3, 18, 9, 19, 0, 13, 2, 1, 34, 15, 22, 11, 6, 25, 35, 14, 8, 32, 23, 26, 28, 33, 4, 7, 16, 12, 17, 37, 29, 36]",3,0.3333333333333333,1.0,0.5,1.0,1,1,3,1
smd,group23_evaluation,machine-2-2,tranad_official,0,6,21024,21027,"[10, 5, 30, 21, 27, 24, 20, 31, 3, 18, 9, 19, 0, 13, 2, 1, 34, 15, 22, 11, 6, 25, 35, 14, 8, 32, 23, 26, 28, 33, 4, 7, 16, 12, 17, 37, 29, 36]",5,0.2,1.0,0.33333333333333337,1.0,1,1,5,1
smd,group23_evaluation,machine-2-2,tranad_official,0,7,21280,21295,"[2, 3, 1, 0, 6, 31, 23, 25, 15, 9, 13, 14, 33, 27, 35, 17, 19, 28, 5, 7, 34, 36, 32, 22, 24, 21, 30, 4, 20, 29, 11, 18, 26, 12, 8, 10, 16, 37]",1,1.0,0.14285714285714285,0.25,1.0,1,7,1,1
smd,group23_evaluation,machine-2-2,tranad_official,0,7,21280,21295,"[2, 3, 1, 0, 6, 31, 23, 25, 15, 9, 13, 14, 33, 27, 35, 17, 19, 28, 5, 7, 34, 36, 32, 22, 24, 21, 30, 4, 20, 29, 11, 18, 26, 12, 8, 10, 16, 37]",3,1.0,0.42857142857142855,0.6,1.0,1,7,3,3
smd,group23_evaluation,machine-2-2,tranad_official,0,7,21280,21295,"[2, 3, 1, 0, 6, 31, 23, 25, 15, 9, 13, 14, 33, 27, 35, 17, 19, 28, 5, 7, 34, 36, 32, 22, 24, 21, 30, 4, 20, 29, 11, 18, 26, 12, 8, 10, 16, 37]",5,1.0,0.7142857142857143,0.8333333333333333,1.0,1,7,5,5
smd,group23_evaluation,machine-2-2,tranad_official,0,8,21405,21428,"[19, 21, 0, 18, 20, 25, 3, 23, 2, 27, 34, 31, 35, 1, 6, 29, 15, 22, 30, 8, 5, 24, 13, 9, 14, 7, 10, 33, 16, 11, 37, 26, 36, 4, 12, 17, 32, 28]",1,1.0,0.16666666666666666,0.2857142857142857,1.0,1,6,1,1
smd,group23_evaluation,machine-2-2,tranad_official,0,8,21405,21428,"[19, 21, 0, 18, 20, 25, 3, 23, 2, 27, 34, 31, 35, 1, 6, 29, 15, 22, 30, 8, 5, 24, 13, 9, 14, 7, 10, 33, 16, 11, 37, 26, 36, 4, 12, 17, 32, 28]",3,0.6666666666666666,0.3333333333333333,0.4444444444444444,0.7653606369886217,1,6,3,2
smd,group23_evaluation,machine-2-2,tranad_official,0,8,21405,21428,"[19, 21, 0, 18, 20, 25, 3, 23, 2, 27, 34, 31, 35, 1, 6, 29, 15, 22, 30, 8, 5, 24, 13, 9, 14, 7, 10, 33, 16, 11, 37, 26, 36, 4, 12, 17, 32, 28]",5,0.8,0.6666666666666666,0.7272727272727272,0.830419897363192,1,6,5,4
smd,group23_evaluation,machine-2-2,tranad_official,0,9,22260,22263,"[12, 9, 10, 11, 31, 23, 25, 6, 29, 0, 2, 27, 21, 22, 30, 34, 5, 3, 20, 8, 1, 24, 18, 35, 19, 13, 33, 14, 26, 28, 15, 32, 4, 16, 17, 7, 36, 37]",1,1.0,0.2,0.33333333333333337,1.0,1,5,1,1
smd,group23_evaluation,machine-2-2,tranad_official,0,9,22260,22263,"[12, 9, 10, 11, 31, 23, 25, 6, 29, 0, 2, 27, 21, 22, 30, 34, 5, 3, 20, 8, 1, 24, 18, 35, 19, 13, 33, 14, 26, 28, 15, 32, 4, 16, 17, 7, 36, 37]",3,1.0,0.6,0.7499999999999999,1.0,1,5,3,3
smd,group23_evaluation,machine-2-2,tranad_official,0,9,22260,22263,"[12, 9, 10, 11, 31, 23, 25, 6, 29, 0, 2, 27, 21, 22, 30, 34, 5, 3, 20, 8, 1, 24, 18, 35, 19, 13, 33, 14, 26, 28, 15, 32, 4, 16, 17, 7, 36, 37]",5,0.8,0.8,0.8000000000000002,0.8687949224876582,1,5,5,4
smd,group23_evaluation,machine-2-2,tranad_official,0,10,23099,23299,"[31, 15, 32, 13, 5, 22, 3, 8, 6, 18, 14, 24, 21, 35, 9, 10, 20, 34, 27, 33, 0, 30, 12, 2, 11, 1, 28, 19, 7, 16, 4, 17, 36, 29, 25, 26, 23, 37]",1,0.0,0.0,0.0,0.0,0,2,1,0
smd,group23_evaluation,machine-2-2,tranad_official,0,10,23099,23299,"[31, 15, 32, 13, 5, 22, 3, 8, 6, 18, 14, 24, 21, 35, 9, 10, 20, 34, 27, 33, 0, 30, 12, 2, 11, 1, 28, 19, 7, 16, 4, 17, 36, 29, 25, 26, 23, 37]",3,0.0,0.0,0.0,0.0,0,2,3,0
smd,group23_evaluation,machine-2-2,tranad_official,0,10,23099,23299,"[31, 15, 32, 13, 5, 22, 3, 8, 6, 18, 14, 24, 21, 35, 9, 10, 20, 34, 27, 33, 0, 30, 12, 2, 11, 1, 28, 19, 7, 16, 4, 17, 36, 29, 25, 26, 23, 37]",5,0.0,0.0,0.0,0.0,0,2,5,0
smd,group23_evaluation,machine-2-2,tranad_official,1,0,12760,12771,"[2, 3, 1, 0, 31, 23, 25, 6, 32, 33, 22, 18, 34, 27, 37, 30, 15, 24, 21, 20, 5, 29, 13, 4, 8, 35, 19, 14, 11, 26, 12, 36, 16, 17, 28, 10, 7, 9]",1,1.0,0.0625,0.11764705882352941,1.0,1,16,1,1
smd,group23_evaluation,machine-2-2,tranad_official,1,0,12760,12771,"[2, 3, 1, 0, 31, 23, 25, 6, 32, 33, 22, 18, 34, 27, 37, 30, 15, 24, 21, 20, 5, 29, 13, 4, 8, 35, 19, 14, 11, 26, 12, 36, 16, 17, 28, 10, 7, 9]",3,1.0,0.1875,0.3157894736842105,1.0,1,16,3,3
smd,group23_evaluation,machine-2-2,tranad_official,1,0,12760,12771,"[2, 3, 1, 0, 31, 23, 25, 6, 32, 33, 22, 18, 34, 27, 37, 30, 15, 24, 21, 20, 5, 29, 13, 4, 8, 35, 19, 14, 11, 26, 12, 36, 16, 17, 28, 10, 7, 9]",5,1.0,0.3125,0.47619047619047616,1.0,1,16,5,5
smd,group23_evaluation,machine-2-2,tranad_official,1,1,14511,14521,"[2, 3, 1, 0, 31, 23, 25, 6, 22, 32, 34, 37, 18, 21, 33, 8, 27, 14, 29, 20, 30, 15, 9, 24, 35, 13, 10, 12, 5, 11, 19, 16, 17, 36, 4, 26, 28, 7]",1,1.0,0.07142857142857142,0.13333333333333333,1.0,1,14,1,1
smd,group23_evaluation,machine-2-2,tranad_official,1,1,14511,14521,"[2, 3, 1, 0, 31, 23, 25, 6, 22, 32, 34, 37, 18, 21, 33, 8, 27, 14, 29, 20, 30, 15, 9, 24, 35, 13, 10, 12, 5, 11, 19, 16, 17, 36, 4, 26, 28, 7]",3,1.0,0.21428571428571427,0.35294117647058826,1.0,1,14,3,3
smd,group23_evaluation,machine-2-2,tranad_official,1,1,14511,14521,"[2, 3, 1, 0, 31, 23, 25, 6, 22, 32, 34, 37, 18, 21, 33, 8, 27, 14, 29, 20, 30, 15, 9, 24, 35, 13, 10, 12, 5, 11, 19, 16, 17, 36, 4, 26, 28, 7]",5,1.0,0.35714285714285715,0.5263157894736842,1.0,1,14,5,5
smd,group23_evaluation,machine-2-2,tranad_official,1,2,15630,16502,"[15, 8, 0, 14, 31, 32, 5, 13, 34, 27, 20, 30, 2, 21, 3, 9, 35, 24, 22, 18, 6, 12, 33, 11, 1, 10, 29, 19, 23, 25, 36, 17, 16, 28, 4, 26, 7, 37]",1,0.0,0.0,0.0,0.0,0,4,1,0
smd,group23_evaluation,machine-2-2,tranad_official,1,2,15630,16502,"[15, 8, 0, 14, 31, 32, 5, 13, 34, 27, 20, 30, 2, 21, 3, 9, 35, 24, 22, 18, 6, 12, 33, 11, 1, 10, 29, 19, 23, 25, 36, 17, 16, 28, 4, 26, 7, 37]",3,0.0,0.0,0.0,0.0,0,4,3,0
smd,group23_evaluation,machine-2-2,tranad_official,1,2,15630,16502,"[15, 8, 0, 14, 31, 32, 5, 13, 34, 27, 20, 30, 2, 21, 3, 9, 35, 24, 22, 18, 6, 12, 33, 11, 1, 10, 29, 19, 23, 25, 36, 17, 16, 28, 4, 26, 7, 37]",5,0.0,0.0,0.0,0.0,0,4,5,0
smd,group23_evaluation,machine-2-2,tranad_official,1,3,17090,17942,"[8, 15, 14, 32, 13, 0, 5, 31, 34, 27, 2, 6, 3, 21, 20, 30, 9, 35, 12, 22, 24, 33, 1, 18, 10, 11, 29, 19, 23, 25, 36, 16, 28, 17, 4, 26, 7, 37]",1,0.0,0.0,0.0,0.0,0,4,1,0
smd,group23_evaluation,machine-2-2,tranad_official,1,3,17090,17942,"[8, 15, 14, 32, 13, 0, 5, 31, 34, 27, 2, 6, 3, 21, 20, 30, 9, 35, 12, 22, 24, 33, 1, 18, 10, 11, 29, 19, 23, 25, 36, 16, 28, 17, 4, 26, 7, 37]",3,0.0,0.0,0.0,0.0,0,4,3,0
smd,group23_evaluation,machine-2-2,tranad_official,1,3,17090,17942,"[8, 15, 14, 32, 13, 0, 5, 31, 34, 27, 2, 6, 3, 21, 20, 30, 9, 35, 12, 22, 24, 33, 1, 18, 10, 11, 29, 19, 23, 25, 36, 16, 28, 17, 4, 26, 7, 37]",5,0.0,0.0,0.0,0.0,0,4,5,0
smd,group23_evaluation,machine-2-2,tranad_official,1,4,18541,19382,"[15, 32, 5, 0, 8, 14, 31, 13, 2, 27, 6, 34, 21, 30, 20, 3, 24, 22, 35, 33, 1, 12, 9, 18, 11, 19, 10, 29, 36, 16, 23, 28, 25, 17, 4, 26, 7, 37]",1,0.0,0.0,0.0,0.0,0,4,1,0
smd,group23_evaluation,machine-2-2,tranad_official,1,4,18541,19382,"[15, 32, 5, 0, 8, 14, 31, 13, 2, 27, 6, 34, 21, 30, 20, 3, 24, 22, 35, 33, 1, 12, 9, 18, 11, 19, 10, 29, 36, 16, 23, 28, 25, 17, 4, 26, 7, 37]",3,0.0,0.0,0.0,0.0,0,4,3,0
smd,group23_evaluation,machine-2-2,tranad_official,1,4,18541,19382,"[15, 32, 5, 0, 8, 14, 31, 13, 2, 27, 6, 34, 21, 30, 20, 3, 24, 22, 35, 33, 1, 12, 9, 18, 11, 19, 10, 29, 36, 16, 23, 28, 25, 17, 4, 26, 7, 37]",5,0.0,0.0,0.0,0.0,0,4,5,0
smd,group23_evaluation,machine-2-2,tranad_official,1,5,20820,20823,"[12, 9, 10, 11, 6, 0, 3, 5, 21, 23, 29, 30, 24, 27, 20, 18, 2, 31, 19, 8, 1, 35, 17, 13, 14, 33, 34, 25, 16, 37, 15, 32, 36, 26, 28, 4, 22, 7]",1,1.0,0.25,0.4,1.0,1,4,1,1
smd,group23_evaluation,machine-2-2,tranad_official,1,5,20820,20823,"[12, 9, 10, 11, 6, 0, 3, 5, 21, 23, 29, 30, 24, 27, 20, 18, 2, 31, 19, 8, 1, 35, 17, 13, 14, 33, 34, 25, 16, 37, 15, 32, 36, 26, 28, 4, 22, 7]",3,1.0,0.75,0.8571428571428571,1.0,1,4,3,3
smd,group23_evaluation,machine-2-2,tranad_official,1,5,20820,20823,"[12, 9, 10, 11, 6, 0, 3, 5, 21, 23, 29, 30, 24, 27, 20, 18, 2, 31, 19, 8, 1, 35, 17, 13, 14, 33, 34, 25, 16, 37, 15, 32, 36, 26, 28, 4, 22, 7]",5,0.8,1.0,0.888888888888889,1.0,1,4,5,4
smd,group23_evaluation,machine-2-2,tranad_official,1,6,21024,21027,"[10, 21, 5, 30, 24, 27, 20, 31, 18, 0, 3, 9, 6, 19, 29, 13, 2, 1, 11, 22, 34, 35, 8, 33, 32, 36, 7, 12, 28, 14, 23, 15, 16, 26, 4, 17, 37, 25]",1,1.0,1.0,1.0,1.0,1,1,1,1
smd,group23_evaluation,machine-2-2,tranad_official,1,6,21024,21027,"[10, 21, 5, 30, 24, 27, 20, 31, 18, 0, 3, 9, 6, 19, 29, 13, 2, 1, 11, 22, 34, 35, 8, 33, 32, 36, 7, 12, 28, 14, 23, 15, 16, 26, 4, 17, 37, 25]",3,0.3333333333333333,1.0,0.5,1.0,1,1,3,1
smd,group23_evaluation,machine-2-2,tranad_official,1,6,21024,21027,"[10, 21, 5, 30, 24, 27, 20, 31, 18, 0, 3, 9, 6, 19, 29, 13, 2, 1, 11, 22, 34, 35, 8, 33, 32, 36, 7, 12, 28, 14, 23, 15, 16, 26, 4, 17, 37, 25]",5,0.2,1.0,0.33333333333333337,1.0,1,1,5,1
smd,group23_evaluation,machine-2-2,tranad_official,1,7,21280,21295,"[2, 3, 1, 0, 6, 31, 23, 25, 35, 21, 22, 20, 37, 29, 18, 5, 27, 34, 7, 32, 15, 33, 30, 11, 13, 24, 14, 19, 8, 9, 10, 36, 12, 28, 16, 26, 4, 17]",1,1.0,0.14285714285714285,0.25,1.0,1,7,1,1
smd,group23_evaluation,machine-2-2,tranad_official,1,7,21280,21295,"[2, 3, 1, 0, 6, 31, 23, 25, 35, 21, 22, 20, 37, 29, 18, 5, 27, 34, 7, 32, 15, 33, 30, 11, 13, 24, 14, 19, 8, 9, 10, 36, 12, 28, 16, 26, 4, 17]",3,1.0,0.42857142857142855,0.6,1.0,1,7,3,3
smd,group23_evaluation,machine-2-2,tranad_official,1,7,21280,21295,"[2, 3, 1, 0, 6, 31, 23, 25, 35, 21, 22, 20, 37, 29, 18, 5, 27, 34, 7, 32, 15, 33, 30, 11, 13, 24, 14, 19, 8, 9, 10, 36, 12, 28, 16, 26, 4, 17]",5,1.0,0.7142857142857143,0.8333333333333333,1.0,1,7,5,5
smd,group23_evaluation,machine-2-2,tranad_official,1,8,21405,21428,"[19, 21, 0, 18, 23, 25, 20, 32, 35, 24, 22, 13, 31, 34, 14, 27, 30, 29, 2, 15, 6, 1, 3, 5, 36, 4, 8, 9, 33, 26, 10, 17, 12, 11, 37, 16, 28, 7]",1,1.0,0.16666666666666666,0.2857142857142857,1.0,1,6,1,1
smd,group23_evaluation,machine-2-2,tranad_official,1,8,21405,21428,"[19, 21, 0, 18, 23, 25, 20, 32, 35, 24, 22, 13, 31, 34, 14, 27, 30, 29, 2, 15, 6, 1, 3, 5, 36, 4, 8, 9, 33, 26, 10, 17, 12, 11, 37, 16, 28, 7]",3,0.6666666666666666,0.3333333333333333,0.4444444444444444,0.7653606369886217,1,6,3,2
smd,group23_evaluation,machine-2-2,tranad_official,1,8,21405,21428,"[19, 21, 0, 18, 23, 25, 20, 32, 35, 24, 22, 13, 31, 34, 14, 27, 30, 29, 2, 15, 6, 1, 3, 5, 36, 4, 8, 9, 33, 26, 10, 17, 12, 11, 37, 16, 28, 7]",5,0.6,0.5,0.5454545454545454,0.6992148198508501,1,6,5,3
smd,group23_evaluation,machine-2-2,tranad_official,1,9,22260,22263,"[12, 9, 10, 11, 31, 25, 23, 29, 0, 3, 2, 21, 27, 22, 6, 30, 20, 18, 35, 1, 24, 34, 8, 19, 13, 14, 33, 15, 17, 5, 37, 16, 36, 32, 28, 26, 7, 4]",1,1.0,0.2,0.33333333333333337,1.0,1,5,1,1
smd,group23_evaluation,machine-2-2,tranad_official,1,9,22260,22263,"[12, 9, 10, 11, 31, 25, 23, 29, 0, 3, 2, 21, 27, 22, 6, 30, 20, 18, 35, 1, 24, 34, 8, 19, 13, 14, 33, 15, 17, 5, 37, 16, 36, 32, 28, 26, 7, 4]",3,1.0,0.6,0.7499999999999999,1.0,1,5,3,3
smd,group23_evaluation,machine-2-2,tranad_official,1,9,22260,22263,"[12, 9, 10, 11, 31, 25, 23, 29, 0, 3, 2, 21, 27, 22, 6, 30, 20, 18, 35, 1, 24, 34, 8, 19, 13, 14, 33, 15, 17, 5, 37, 16, 36, 32, 28, 26, 7, 4]",5,0.8,0.8,0.8000000000000002,0.8687949224876582,1,5,5,4
smd,group23_evaluation,machine-2-2,tranad_official,1,10,23099,23299,"[15, 0, 32, 6, 5, 31, 13, 34, 27, 20, 8, 2, 21, 22, 14, 35, 30, 9, 10, 18, 33, 3, 24, 12, 11, 1, 19, 36, 25, 16, 4, 17, 28, 29, 26, 23, 37, 7]",1,0.0,0.0,0.0,0.0,0,2,1,0
smd,group23_evaluation,machine-2-2,tranad_official,1,10,23099,23299,"[15, 0, 32, 6, 5, 31, 13, 34, 27, 20, 8, 2, 21, 22, 14, 35, 30, 9, 10, 18, 33, 3, 24, 12, 11, 1, 19, 36, 25, 16, 4, 17, 28, 29, 26, 23, 37, 7]",3,0.0,0.0,0.0,0.0,0,2,3,0
smd,group23_evaluation,machine-2-2,tranad_official,1,10,23099,23299,"[15, 0, 32, 6, 5, 31, 13, 34, 27, 20, 8, 2, 21, 22, 14, 35, 30, 9, 10, 18, 33, 3, 24, 12, 11, 1, 19, 36, 25, 16, 4, 17, 28, 29, 26, 23, 37, 7]",5,0.0,0.0,0.0,0.0,0,2,5,0
smd,group23_evaluation,machine-2-2,tranad_official,2,0,12760,12771,"[2, 3, 1, 0, 31, 6, 25, 23, 32, 33, 22, 37, 28, 13, 34, 27, 18, 5, 21, 15, 30, 16, 7, 17, 29, 19, 20, 24, 8, 36, 4, 26, 12, 35, 14, 11, 10, 9]",1,1.0,0.0625,0.11764705882352941,1.0,1,16,1,1
smd,group23_evaluation,machine-2-2,tranad_official,2,0,12760,12771,"[2, 3, 1, 0, 31, 6, 25, 23, 32, 33, 22, 37, 28, 13, 34, 27, 18, 5, 21, 15, 30, 16, 7, 17, 29, 19, 20, 24, 8, 36, 4, 26, 12, 35, 14, 11, 10, 9]",3,1.0,0.1875,0.3157894736842105,1.0,1,16,3,3
smd,group23_evaluation,machine-2-2,tranad_official,2,0,12760,12771,"[2, 3, 1, 0, 31, 6, 25, 23, 32, 33, 22, 37, 28, 13, 34, 27, 18, 5, 21, 15, 30, 16, 7, 17, 29, 19, 20, 24, 8, 36, 4, 26, 12, 35, 14, 11, 10, 9]",5,1.0,0.3125,0.47619047619047616,1.0,1,16,5,5
smd,group23_evaluation,machine-2-2,tranad_official,2,1,14511,14521,"[2, 3, 1, 0, 31, 25, 23, 6, 22, 37, 32, 28, 33, 34, 13, 8, 18, 15, 21, 30, 20, 17, 27, 14, 35, 29, 9, 7, 24, 19, 10, 12, 11, 5, 36, 16, 4, 26]",1,1.0,0.07142857142857142,0.13333333333333333,1.0,1,14,1,1
smd,group23_evaluation,machine-2-2,tranad_official,2,1,14511,14521,"[2, 3, 1, 0, 31, 25, 23, 6, 22, 37, 32, 28, 33, 34, 13, 8, 18, 15, 21, 30, 20, 17, 27, 14, 35, 29, 9, 7, 24, 19, 10, 12, 11, 5, 36, 16, 4, 26]",3,1.0,0.21428571428571427,0.35294117647058826,1.0,1,14,3,3
smd,group23_evaluation,machine-2-2,tranad_official,2,1,14511,14521,"[2, 3, 1, 0, 31, 25, 23, 6, 22, 37, 32, 28, 33, 34, 13, 8, 18, 15, 21, 30, 20, 17, 27, 14, 35, 29, 9, 7, 24, 19, 10, 12, 11, 5, 36, 16, 4, 26]",5,1.0,0.35714285714285715,0.5263157894736842,1.0,1,14,5,5
smd,group23_evaluation,machine-2-2,tranad_official,2,2,15630,16502,"[15, 31, 8, 14, 32, 13, 0, 5, 22, 21, 30, 6, 34, 27, 9, 35, 2, 33, 3, 12, 18, 20, 11, 24, 10, 1, 19, 29, 23, 25, 28, 37, 36, 16, 7, 17, 4, 26]",1,0.0,0.0,0.0,0.0,0,4,1,0
smd,group23_evaluation,machine-2-2,tranad_official,2,2,15630,16502,"[15, 31, 8, 14, 32, 13, 0, 5, 22, 21, 30, 6, 34, 27, 9, 35, 2, 33, 3, 12, 18, 20, 11, 24, 10, 1, 19, 29, 23, 25, 28, 37, 36, 16, 7, 17, 4, 26]",3,0.0,0.0,0.0,0.0,0,4,3,0
smd,group23_evaluation,machine-2-2,tranad_official,2,2,15630,16502,"[15, 31, 8, 14, 32, 13, 0, 5, 22, 21, 30, 6, 34, 27, 9, 35, 2, 33, 3, 12, 18, 20, 11, 24, 10, 1, 19, 29, 23, 25, 28, 37, 36, 16, 7, 17, 4, 26]",5,0.0,0.0,0.0,0.0,0,4,5,0
smd,group23_evaluation,machine-2-2,tranad_official,2,3,17090,17942,"[15, 8, 14, 31, 32, 13, 5, 0, 6, 22, 2, 9, 21, 12, 30, 27, 35, 33, 34, 3, 24, 10, 20, 11, 1, 18, 19, 29, 28, 23, 37, 25, 36, 16, 7, 4, 17, 26]",1,0.0,0.0,0.0,0.0,0,4,1,0
smd,group23_evaluation,machine-2-2,tranad_official,2,3,17090,17942,"[15, 8, 14, 31, 32, 13, 5, 0, 6, 22, 2, 9, 21, 12, 30, 27, 35, 33, 34, 3, 24, 10, 20, 11, 1, 18, 19, 29, 28, 23, 37, 25, 36, 16, 7, 4, 17, 26]",3,0.0,0.0,0.0,0.0,0,4,3,0
smd,group23_evaluation,machine-2-2,tranad_official,2,3,17090,17942,"[15, 8, 14, 31, 32, 13, 5, 0, 6, 22, 2, 9, 21, 12, 30, 27, 35, 33, 34, 3, 24, 10, 20, 11, 1, 18, 19, 29, 28, 23, 37, 25, 36, 16, 7, 4, 17, 26]",5,0.0,0.0,0.0,0.0,0,4,5,0
smd,group23_evaluation,machine-2-2,tranad_official,2,4,18541,19382,"[15, 32, 31, 5, 14, 8, 13, 0, 6, 22, 2, 21, 33, 30, 27, 12, 9, 35, 3, 34, 1, 24, 20, 11, 18, 10, 19, 29, 28, 37, 23, 36, 16, 25, 7, 4, 26, 17]",1,0.0,0.0,0.0,0.0,0,4,1,0
smd,group23_evaluation,machine-2-2,tranad_official,2,4,18541,19382,"[15, 32, 31, 5, 14, 8, 13, 0, 6, 22, 2, 21, 33, 30, 27, 12, 9, 35, 3, 34, 1, 24, 20, 11, 18, 10, 19, 29, 28, 37, 23, 36, 16, 25, 7, 4, 26, 17]",3,0.0,0.0,0.0,0.0,0,4,3,0
smd,group23_evaluation,machine-2-2,tranad_official,2,4,18541,19382,"[15, 32, 31, 5, 14, 8, 13, 0, 6, 22, 2, 21, 33, 30, 27, 12, 9, 35, 3, 34, 1, 24, 20, 11, 18, 10, 19, 29, 28, 37, 23, 36, 16, 25, 7, 4, 26, 17]",5,0.0,0.0,0.0,0.0,0,4,5,0
smd,group23_evaluation,machine-2-2,tranad_official,2,5,20820,20823,"[12, 9, 10, 11, 3, 0, 5, 30, 27, 2, 6, 20, 8, 35, 24, 21, 31, 19, 29, 13, 1, 23, 25, 34, 18, 14, 33, 15, 32, 37, 16, 22, 7, 17, 28, 26, 36, 4]",1,1.0,0.25,0.4,1.0,1,4,1,1
smd,group23_evaluation,machine-2-2,tranad_official,2,5,20820,20823,"[12, 9, 10, 11, 3, 0, 5, 30, 27, 2, 6, 20, 8, 35, 24, 21, 31, 19, 29, 13, 1, 23, 25, 34, 18, 14, 33, 15, 32, 37, 16, 22, 7, 17, 28, 26, 36, 4]",3,1.0,0.75,0.8571428571428571,1.0,1,4,3,3
smd,group23_evaluation,machine-2-2,tranad_official,2,5,20820,20823,"[12, 9, 10, 11, 3, 0, 5, 30, 27, 2, 6, 20, 8, 35, 24, 21, 31, 19, 29, 13, 1, 23, 25, 34, 18, 14, 33, 15, 32, 37, 16, 22, 7, 17, 28, 26, 36, 4]",5,0.8,1.0,0.888888888888889,1.0,1,4,5,4
smd,group23_evaluation,machine-2-2,tranad_official,2,6,21024,21027,"[10, 21, 30, 5, 24, 27, 20, 31, 3, 9, 0, 2, 19, 34, 13, 15, 6, 18, 14, 35, 1, 33, 8, 22, 11, 25, 23, 12, 32, 37, 28, 7, 26, 36, 17, 16, 4, 29]",1,1.0,1.0,1.0,1.0,1,1,1,1
smd,group23_evaluation,machine-2-2,tranad_official,2,6,21024,21027,"[10, 21, 30, 5, 24, 27, 20, 31, 3, 9, 0, 2, 19, 34, 13, 15, 6, 18, 14, 35, 1, 33, 8, 22, 11, 25, 23, 12, 32, 37, 28, 7, 26, 36, 17, 16, 4, 29]",3,0.3333333333333333,1.0,0.5,1.0,1,1,3,1
smd,group23_evaluation,machine-2-2,tranad_official,2,6,21024,21027,"[10, 21, 30, 5, 24, 27, 20, 31, 3, 9, 0, 2, 19, 34, 13, 15, 6, 18, 14, 35, 1, 33, 8, 22, 11, 25, 23, 12, 32, 37, 28, 7, 26, 36, 17, 16, 4, 29]",5,0.2,1.0,0.33333333333333337,1.0,1,1,5,1
smd,group23_evaluation,machine-2-2,tranad_official,2,7,21280,21295,"[2, 3, 1, 0, 6, 31, 25, 23, 37, 15, 28, 16, 30, 21, 18, 4, 32, 27, 35, 19, 13, 20, 5, 22, 29, 24, 17, 10, 33, 7, 26, 11, 34, 14, 8, 9, 12, 36]",1,1.0,0.14285714285714285,0.25,1.0,1,7,1,1
smd,group23_evaluation,machine-2-2,tranad_official,2,7,21280,21295,"[2, 3, 1, 0, 6, 31, 25, 23, 37, 15, 28, 16, 30, 21, 18, 4, 32, 27, 35, 19, 13, 20, 5, 22, 29, 24, 17, 10, 33, 7, 26, 11, 34, 14, 8, 9, 12, 36]",3,1.0,0.42857142857142855,0.6,1.0,1,7,3,3
smd,group23_evaluation,machine-2-2,tranad_official,2,7,21280,21295,"[2, 3, 1, 0, 6, 31, 25, 23, 37, 15, 28, 16, 30, 21, 18, 4, 32, 27, 35, 19, 13, 20, 5, 22, 29, 24, 17, 10, 33, 7, 26, 11, 34, 14, 8, 9, 12, 36]",5,1.0,0.7142857142857143,0.8333333333333333,1.0,1,7,5,5
smd,group23_evaluation,machine-2-2,tranad_official,2,8,21405,21428,"[19, 0, 21, 18, 20, 27, 25, 23, 13, 35, 31, 24, 34, 36, 16, 6, 1, 22, 2, 15, 3, 8, 30, 17, 9, 14, 5, 29, 10, 11, 33, 7, 28, 37, 12, 32, 4, 26]",1,1.0,0.16666666666666666,0.2857142857142857,1.0,1,6,1,1
smd,group23_evaluation,machine-2-2,tranad_official,2,8,21405,21428,"[19, 0, 21, 18, 20, 27, 25, 23, 13, 35, 31, 24, 34, 36, 16, 6, 1, 22, 2, 15, 3, 8, 30, 17, 9, 14, 5, 29, 10, 11, 33, 7, 28, 37, 12, 32, 4, 26]",3,0.6666666666666666,0.3333333333333333,0.4444444444444444,0.7039180890341347,1,6,3,2
smd,group23_evaluation,machine-2-2,tranad_official,2,8,21405,21428,"[19, 0, 21, 18, 20, 27, 25, 23, 13, 35, 31, 24, 34, 36, 16, 6, 1, 22, 2, 15, 3, 8, 30, 17, 9, 14, 5, 29, 10, 11, 33, 7, 28, 37, 12, 32, 4, 26]",5,0.8,0.6666666666666666,0.7272727272727272,0.7860137352654724,1,6,5,4
smd,group23_evaluation,machine-2-2,tranad_official,2,9,22260,22263,"[12, 9, 10, 11, 31, 25, 23, 29, 3, 0, 6, 2, 27, 21, 30, 22, 20, 35, 34, 8, 24, 1, 19, 18, 5, 13, 14, 33, 15, 37, 32, 7, 17, 26, 16, 28, 36, 4]",1,1.0,0.2,0.33333333333333337,1.0,1,5,1,1
smd,group23_evaluation,machine-2-2,tranad_official,2,9,22260,22263,"[12, 9, 10, 11, 31, 25, 23, 29, 3, 0, 6, 2, 27, 21, 30, 22, 20, 35, 34, 8, 24, 1, 19, 18, 5, 13, 14, 33, 15, 37, 32, 7, 17, 26, 16, 28, 36, 4]",3,1.0,0.6,0.7499999999999999,1.0,1,5,3,3
smd,group23_evaluation,machine-2-2,tranad_official,2,9,22260,22263,"[12, 9, 10, 11, 31, 25, 23, 29, 3, 0, 6, 2, 27, 21, 30, 22, 20, 35, 34, 8, 24, 1, 19, 18, 5, 13, 14, 33, 15, 37, 32, 7, 17, 26, 16, 28, 36, 4]",5,0.8,0.8,0.8000000000000002,0.8687949224876582,1,5,5,4
smd,group23_evaluation,machine-2-2,tranad_official,2,10,23099,23299,"[15, 32, 31, 5, 13, 22, 0, 6, 8, 14, 35, 33, 9, 10, 34, 30, 2, 21, 27, 12, 11, 18, 20, 3, 24, 1, 28, 19, 37, 36, 23, 16, 25, 4, 7, 29, 17, 26]",1,0.0,0.0,0.0,0.0,0,2,1,0
smd,group23_evaluation,machine-2-2,tranad_official,2,10,23099,23299,"[15, 32, 31, 5, 13, 22, 0, 6, 8, 14, 35, 33, 9, 10, 34, 30, 2, 21, 27, 12, 11, 18, 20, 3, 24, 1, 28, 19, 37, 36, 23, 16, 25, 4, 7, 29, 17, 26]",3,0.0,0.0,0.0,0.0,0,2,3,0
smd,group23_evaluation,machine-2-2,tranad_official,2,10,23099,23299,"[15, 32, 31, 5, 13, 22, 0, 6, 8, 14, 35, 33, 9, 10, 34, 30, 2, 21, 27, 12, 11, 18, 20, 3, 24, 1, 28, 19, 37, 36, 23, 16, 25, 4, 7, 29, 17, 26]",5,0.0,0.0,0.0,0.0,0,2,5,0
smd,group23_evaluation,machine-2-3,tranad_official,0,0,857,860,"[12, 9, 11, 13, 5, 8, 35, 14, 20, 34, 18, 31, 30, 21, 27, 6, 28, 19, 4, 24, 16, 26, 0, 32, 3, 17, 7, 29, 10, 25, 36, 37, 22, 23, 33, 15, 2, 1]",1,1.0,0.5,0.6666666666666666,1.0,1,2,1,1
smd,group23_evaluation,machine-2-3,tranad_official,0,0,857,860,"[12, 9, 11, 13, 5, 8, 35, 14, 20, 34, 18, 31, 30, 21, 27, 6, 28, 19, 4, 24, 16, 26, 0, 32, 3, 17, 7, 29, 10, 25, 36, 37, 22, 23, 33, 15, 2, 1]",3,0.6666666666666666,1.0,0.8,0.9197207891481876,1,2,3,2
smd,group23_evaluation,machine-2-3,tranad_official,0,0,857,860,"[12, 9, 11, 13, 5, 8, 35, 14, 20, 34, 18, 31, 30, 21, 27, 6, 28, 19, 4, 24, 16, 26, 0, 32, 3, 17, 7, 29, 10, 25, 36, 37, 22, 23, 33, 15, 2, 1]",5,0.4,1.0,0.5714285714285715,0.9197207891481876,1,2,5,2
smd,group23_evaluation,machine-2-3,tranad_official,0,1,5739,5745,"[9, 12, 23, 31, 1, 8, 10, 5, 20, 4, 26, 22, 18, 17, 29, 33, 2, 0, 24, 13, 21, 19, 35, 34, 27, 30, 11, 15, 6, 14, 28, 16, 32, 7, 36, 25, 37, 3]",1,1.0,0.3333333333333333,0.5,1.0,1,3,1,1
smd,group23_evaluation,machine-2-3,tranad_official,0,1,5739,5745,"[9, 12, 23, 31, 1, 8, 10, 5, 20, 4, 26, 22, 18, 17, 29, 33, 2, 0, 24, 13, 21, 19, 35, 34, 27, 30, 11, 15, 6, 14, 28, 16, 32, 7, 36, 25, 37, 3]",3,0.6666666666666666,0.6666666666666666,0.6666666666666666,0.7653606369886217,1,3,3,2
smd,group23_evaluation,machine-2-3,tranad_official,0,1,5739,5745,"[9, 12, 23, 31, 1, 8, 10, 5, 20, 4, 26, 22, 18, 17, 29, 33, 2, 0, 24, 13, 21, 19, 35, 34, 27, 30, 11, 15, 6, 14, 28, 16, 32, 7, 36, 25, 37, 3]",5,0.4,0.6666666666666666,0.5,0.7653606369886217,1,3,5,2
smd,group23_evaluation,machine-2-3,tranad_official,0,2,6008,6012,"[9, 12, 17, 23, 31, 26, 4, 33, 1, 10, 8, 37, 2, 3, 22, 5, 6, 24, 30, 20, 35, 18, 7, 32, 14, 19, 27, 21, 34, 13, 25, 11, 15, 0, 29, 36, 28, 16]",1,1.0,0.3333333333333333,0.5,1.0,1,3,1,1
smd,group23_evaluation,machine-2-3,tranad_official,0,2,6008,6012,"[9, 12, 17, 23, 31, 26, 4, 33, 1, 10, 8, 37, 2, 3, 22, 5, 6, 24, 30, 20, 35, 18, 7, 32, 14, 19, 27, 21, 34, 13, 25, 11, 15, 0, 29, 36, 28, 16]",3,0.6666666666666666,0.6666666666666666,0.6666666666666666,0.7653606369886217,1,3,3,2
smd,group23_evaluation,machine-2-3,tranad_official,0,2,6008,6012,"[9, 12, 17, 23, 31, 26, 4, 33, 1, 10, 8, 37, 2, 3, 22, 5, 6, 24, 30, 20, 35, 18, 7, 32, 14, 19, 27, 21, 34, 13, 25, 11, 15, 0, 29, 36, 28, 16]",5,0.4,0.6666666666666666,0.5,0.7653606369886217,1,3,5,2
smd,group23_evaluation,machine-2-3,tranad_official,0,3,7910,8010,"[5, 31, 20, 21, 27, 18, 6, 30, 0, 22, 13, 19, 24, 3, 1, 2, 15, 10, 25, 23, 35, 34, 14, 8, 29, 11, 9, 28, 4, 26, 16, 17, 12, 33, 32, 36, 7, 37]",1,1.0,0.05555555555555555,0.10526315789473684,1.0,1,18,1,1
smd,group23_evaluation,machine-2-3,tranad_official,0,3,7910,8010,"[5, 31, 20, 21, 27, 18, 6, 30, 0, 22, 13, 19, 24, 3, 1, 2, 15, 10, 25, 23, 35, 34, 14, 8, 29, 11, 9, 28, 4, 26, 16, 17, 12, 33, 32, 36, 7, 37]",3,1.0,0.16666666666666666,0.2857142857142857,1.0,1,18,3,3
smd,group23_evaluation,machine-2-3,tranad_official,0,3,7910,8010,"[5, 31, 20, 21, 27, 18, 6, 30, 0, 22, 13, 19, 24, 3, 1, 2, 15, 10, 25, 23, 35, 34, 14, 8, 29, 11, 9, 28, 4, 26, 16, 17, 12, 33, 32, 36, 7, 37]",5,1.0,0.2777777777777778,0.4347826086956522,1.0,1,18,5,5
smd,group23_evaluation,machine-2-3,tranad_official,0,4,10953,10957,"[8, 14, 12, 9, 11, 5, 13, 35, 20, 34, 21, 18, 30, 31, 10, 27, 28, 15, 19, 4, 24, 32, 16, 29, 33, 3, 26, 7, 17, 25, 22, 2, 6, 0, 23, 37, 36, 1]",1,1.0,0.3333333333333333,0.5,1.0,1,3,1,1
smd,group23_evaluation,machine-2-3,tranad_official,0,4,10953,10957,"[8, 14, 12, 9, 11, 5, 13, 35, 20, 34, 21, 18, 30, 31, 10, 27, 28, 15, 19, 4, 24, 32, 16, 29, 33, 3, 26, 7, 17, 25, 22, 2, 6, 0, 23, 37, 36, 1]",3,0.6666666666666666,0.6666666666666666,0.6666666666666666,0.7653606369886217,1,3,3,2
smd,group23_evaluation,machine-2-3,tranad_official,0,4,10953,10957,"[8, 14, 12, 9, 11, 5, 13, 35, 20, 34, 21, 18, 30, 31, 10, 27, 28, 15, 19, 4, 24, 32, 16, 29, 33, 3, 26, 7, 17, 25, 22, 2, 6, 0, 23, 37, 36, 1]",5,0.6,1.0,0.7499999999999999,0.9469024295259745,1,3,5,3
smd,group23_evaluation,machine-2-3,tranad_official,0,5,12200,12226,"[31, 30, 27, 22, 21, 0, 19, 20, 24, 6, 5, 13, 15, 10, 18, 35, 34, 14, 8, 28, 9, 26, 11, 4, 16, 25, 32, 17, 33, 12, 7, 36, 2, 3, 23, 29, 37, 1]",1,1.0,0.07692307692307693,0.14285714285714288,1.0,1,13,1,1
smd,group23_evaluation,machine-2-3,tranad_official,0,5,12200,12226,"[31, 30, 27, 22, 21, 0, 19, 20, 24, 6, 5, 13, 15, 10, 18, 35, 34, 14, 8, 28, 9, 26, 11, 4, 16, 25, 32, 17, 33, 12, 7, 36, 2, 3, 23, 29, 37, 1]",3,1.0,0.23076923076923078,0.375,1.0,1,13,3,3
smd,group23_evaluation,machine-2-3,tranad_official,0,5,12200,12226,"[31, 30, 27, 22, 21, 0, 19, 20, 24, 6, 5, 13, 15, 10, 18, 35, 34, 14, 8, 28, 9, 26, 11, 4, 16, 25, 32, 17, 33, 12, 7, 36, 2, 3, 23, 29, 37, 1]",5,1.0,0.38461538461538464,0.5555555555555556,1.0,1,13,5,5
smd,group23_evaluation,machine-2-3,tranad_official,0,6,15070,15151,"[21, 20, 31, 19, 5, 27, 18, 30, 13, 6, 22, 0, 24, 15, 10, 34, 35, 8, 14, 29, 11, 9, 26, 28, 4, 16, 12, 36, 25, 17, 37, 32, 33, 23, 7, 2, 3, 1]",1,1.0,0.09090909090909091,0.16666666666666669,1.0,1,11,1,1
smd,group23_evaluation,machine-2-3,tranad_official,0,6,15070,15151,"[21, 20, 31, 19, 5, 27, 18, 30, 13, 6, 22, 0, 24, 15, 10, 34, 35, 8, 14, 29, 11, 9, 26, 28, 4, 16, 12, 36, 25, 17, 37, 32, 33, 23, 7, 2, 3, 1]",3,1.0,0.2727272727272727,0.42857142857142855,1.0,1,11,3,3
smd,group23_evaluation,machine-2-3,tranad_official,0,6,15070,15151,"[21, 20, 31, 19, 5, 27, 18, 30, 13, 6, 22, 0, 24, 15, 10, 34, 35, 8, 14, 29, 11, 9, 26, 28, 4, 16, 12, 36, 25, 17, 37, 32, 33, 23, 7, 2, 3, 1]",5,1.0,0.45454545454545453,0.625,1.0,1,11,5,5
smd,group23_evaluation,machine-2-3,tranad_official,0,7,19375,19416,"[26, 3, 18, 30, 0, 27, 20, 21, 2, 22, 31, 25, 1, 24, 23, 13, 15, 34, 33, 35, 8, 32, 28, 5, 19, 6, 29, 11, 10, 14, 9, 4, 16, 17, 12, 7, 36, 37]",1,1.0,0.04,0.07692307692307693,1.0,1,25,1,1
smd,group23_evaluation,machine-2-3,tranad_official,0,7,19375,19416,"[26, 3, 18, 30, 0, 27, 20, 21, 2, 22, 31, 25, 1, 24, 23, 13, 15, 34, 33, 35, 8, 32, 28, 5, 19, 6, 29, 11, 10, 14, 9, 4, 16, 17, 12, 7, 36, 37]",3,1.0,0.12,0.21428571428571425,1.0,1,25,3,3
smd,group23_evaluation,machine-2-3,tranad_official,0,7,19375,19416,"[26, 3, 18, 30, 0, 27, 20, 21, 2, 22, 31, 25, 1, 24, 23, 13, 15, 34, 33, 35, 8, 32, 28, 5, 19, 6, 29, 11, 10, 14, 9, 4, 16, 17, 12, 7, 36, 37]",5,1.0,0.2,0.33333333333333337,1.0,1,25,5,5
smd,group23_evaluation,machine-2-3,tranad_official,0,8,19545,19553,"[12, 11, 5, 13, 14, 8, 34, 35, 6, 20, 30, 21, 29, 10, 31, 19, 28, 24, 18, 9, 27, 4, 15, 16, 32, 17, 7, 3, 33, 26, 25, 22, 23, 36, 2, 37, 0, 1]",1,0.0,0.0,0.0,0.0,0,1,1,0
smd,group23_evaluation,machine-2-3,tranad_official,0,8,19545,19553,"[12, 11, 5, 13, 14, 8, 34, 35, 6, 20, 30, 21, 29, 10, 31, 19, 28, 24, 18, 9, 27, 4, 15, 16, 32, 17, 7, 3, 33, 26, 25, 22, 23, 36, 2, 37, 0, 1]",3,0.3333333333333333,1.0,0.5,0.6309297535714575,1,1,3,1
smd,group23_evaluation,machine-2-3,tranad_official,0,8,19545,19553,"[12, 11, 5, 13, 14, 8, 34, 35, 6, 20, 30, 21, 29, 10, 31, 19, 28, 24, 18, 9, 27, 4, 15, 16, 32, 17, 7, 3, 33, 26, 25, 22, 23, 36, 2, 37, 0, 1]",5,0.2,1.0,0.33333333333333337,0.6309297535714575,1,1,5,1
smd,group23_evaluation,machine-2-3,tranad_official,0,9,20253,20258,"[29, 13, 35, 18, 34, 33, 6, 32, 21, 24, 20, 27, 10, 15, 19, 30, 31, 0, 8, 28, 22, 14, 5, 9, 4, 16, 26, 11, 12, 17, 7, 3, 36, 37, 2, 25, 23, 1]",1,1.0,1.0,1.0,1.0,1,1,1,1
smd,group23_evaluation,machine-2-3,tranad_official,0,9,20253,20258,"[29, 13, 35, 18, 34, 33, 6, 32, 21, 24, 20, 27, 10, 15, 19, 30, 31, 0, 8, 28, 22, 14, 5, 9, 4, 16, 26, 11, 12, 17, 7, 3, 36, 37, 2, 25, 23, 1]",3,0.3333333333333333,1.0,0.5,1.0,1,1,3,1
smd,group23_evaluation,machine-2-3,tranad_official,0,9,20253,20258,"[29, 13, 35, 18, 34, 33, 6, 32, 21, 24, 20, 27, 10, 15, 19, 30, 31, 0, 8, 28, 22, 14, 5, 9, 4, 16, 26, 11, 12, 17, 7, 3, 36, 37, 2, 25, 23, 1]",5,0.2,1.0,0.33333333333333337,1.0,1,1,5,1
smd,group23_evaluation,machine-2-3,tranad_official,1,0,857,860,"[12, 9, 11, 13, 5, 35, 34, 8, 14, 18, 27, 21, 20, 30, 19, 31, 24, 10, 22, 37, 6, 33, 36, 0, 32, 29, 23, 16, 17, 28, 15, 25, 26, 4, 3, 7, 2, 1]",1,1.0,0.5,0.6666666666666666,1.0,1,2,1,1
smd,group23_evaluation,machine-2-3,tranad_official,1,0,857,860,"[12, 9, 11, 13, 5, 35, 34, 8, 14, 18, 27, 21, 20, 30, 19, 31, 24, 10, 22, 37, 6, 33, 36, 0, 32, 29, 23, 16, 17, 28, 15, 25, 26, 4, 3, 7, 2, 1]",3,0.6666666666666666,1.0,0.8,0.9197207891481876,1,2,3,2
smd,group23_evaluation,machine-2-3,tranad_official,1,0,857,860,"[12, 9, 11, 13, 5, 35, 34, 8, 14, 18, 27, 21, 20, 30, 19, 31, 24, 10, 22, 37, 6, 33, 36, 0, 32, 29, 23, 16, 17, 28, 15, 25, 26, 4, 3, 7, 2, 1]",5,0.4,1.0,0.5714285714285715,0.9197207891481876,1,2,5,2
smd,group23_evaluation,machine-2-3,tranad_official,1,1,5739,5745,"[9, 12, 16, 4, 17, 33, 25, 2, 23, 0, 10, 36, 29, 28, 37, 3, 22, 15, 27, 13, 31, 34, 35, 5, 32, 20, 1, 6, 8, 26, 14, 21, 18, 19, 30, 11, 24, 7]",1,1.0,0.3333333333333333,0.5,1.0,1,3,1,1
smd,group23_evaluation,machine-2-3,tranad_official,1,1,5739,5745,"[9, 12, 16, 4, 17, 33, 25, 2, 23, 0, 10, 36, 29, 28, 37, 3, 22, 15, 27, 13, 31, 34, 35, 5, 32, 20, 1, 6, 8, 26, 14, 21, 18, 19, 30, 11, 24, 7]",3,0.6666666666666666,0.6666666666666666,0.6666666666666666,0.7653606369886217,1,3,3,2
smd,group23_evaluation,machine-2-3,tranad_official,1,1,5739,5745,"[9, 12, 16, 4, 17, 33, 25, 2, 23, 0, 10, 36, 29, 28, 37, 3, 22, 15, 27, 13, 31, 34, 35, 5, 32, 20, 1, 6, 8, 26, 14, 21, 18, 19, 30, 11, 24, 7]",5,0.4,0.6666666666666666,0.5,0.7653606369886217,1,3,5,2
smd,group23_evaluation,machine-2-3,tranad_official,1,2,6008,6012,"[9, 12, 25, 23, 33, 2, 10, 34, 35, 20, 13, 5, 4, 16, 17, 29, 36, 37, 3, 27, 26, 32, 28, 1, 0, 22, 14, 31, 6, 8, 18, 11, 21, 30, 19, 24, 15, 7]",1,1.0,0.3333333333333333,0.5,1.0,1,3,1,1
smd,group23_evaluation,machine-2-3,tranad_official,1,2,6008,6012,"[9, 12, 25, 23, 33, 2, 10, 34, 35, 20, 13, 5, 4, 16, 17, 29, 36, 37, 3, 27, 26, 32, 28, 1, 0, 22, 14, 31, 6, 8, 18, 11, 21, 30, 19, 24, 15, 7]",3,0.6666666666666666,0.6666666666666666,0.6666666666666666,0.7653606369886217,1,3,3,2
smd,group23_evaluation,machine-2-3,tranad_official,1,2,6008,6012,"[9, 12, 25, 23, 33, 2, 10, 34, 35, 20, 13, 5, 4, 16, 17, 29, 36, 37, 3, 27, 26, 32, 28, 1, 0, 22, 14, 31, 6, 8, 18, 11, 21, 30, 19, 24, 15, 7]",5,0.4,0.6666666666666666,0.5,0.7653606369886217,1,3,5,2
smd,group23_evaluation,machine-2-3,tranad_official,1,3,7910,8010,"[5, 20, 31, 21, 27, 6, 30, 18, 0, 22, 19, 24, 3, 1, 13, 2, 15, 10, 25, 23, 34, 35, 14, 8, 29, 11, 36, 32, 28, 16, 33, 4, 12, 7, 9, 26, 17, 37]",1,1.0,0.05555555555555555,0.10526315789473684,1.0,1,18,1,1
smd,group23_evaluation,machine-2-3,tranad_official,1,3,7910,8010,"[5, 20, 31, 21, 27, 6, 30, 18, 0, 22, 19, 24, 3, 1, 13, 2, 15, 10, 25, 23, 34, 35, 14, 8, 29, 11, 36, 32, 28, 16, 33, 4, 12, 7, 9, 26, 17, 37]",3,1.0,0.16666666666666666,0.2857142857142857,1.0,1,18,3,3
smd,group23_evaluation,machine-2-3,tranad_official,1,3,7910,8010,"[5, 20, 31, 21, 27, 6, 30, 18, 0, 22, 19, 24, 3, 1, 13, 2, 15, 10, 25, 23, 34, 35, 14, 8, 29, 11, 36, 32, 28, 16, 33, 4, 12, 7, 9, 26, 17, 37]",5,1.0,0.2777777777777778,0.4347826086956522,1.0,1,18,5,5
smd,group23_evaluation,machine-2-3,tranad_official,1,4,10953,10957,"[8, 14, 12, 9, 11, 5, 13, 35, 18, 34, 21, 20, 27, 30, 19, 10, 31, 15, 33, 24, 36, 29, 32, 0, 7, 23, 22, 28, 16, 37, 25, 3, 4, 26, 2, 6, 17, 1]",1,1.0,0.3333333333333333,0.5,1.0,1,3,1,1
smd,group23_evaluation,machine-2-3,tranad_official,1,4,10953,10957,"[8, 14, 12, 9, 11, 5, 13, 35, 18, 34, 21, 20, 27, 30, 19, 10, 31, 15, 33, 24, 36, 29, 32, 0, 7, 23, 22, 28, 16, 37, 25, 3, 4, 26, 2, 6, 17, 1]",3,0.6666666666666666,0.6666666666666666,0.6666666666666666,0.7653606369886217,1,3,3,2
smd,group23_evaluation,machine-2-3,tranad_official,1,4,10953,10957,"[8, 14, 12, 9, 11, 5, 13, 35, 18, 34, 21, 20, 27, 30, 19, 10, 31, 15, 33, 24, 36, 29, 32, 0, 7, 23, 22, 28, 16, 37, 25, 3, 4, 26, 2, 6, 17, 1]",5,0.6,1.0,0.7499999999999999,0.9469024295259745,1,3,5,3
smd,group23_evaluation,machine-2-3,tranad_official,1,5,12200,12226,"[31, 30, 27, 22, 21, 20, 0, 19, 24, 6, 5, 13, 15, 10, 18, 35, 34, 8, 36, 11, 14, 32, 29, 28, 4, 33, 16, 25, 26, 3, 12, 7, 2, 9, 37, 17, 1, 23]",1,1.0,0.07692307692307693,0.14285714285714288,1.0,1,13,1,1
smd,group23_evaluation,machine-2-3,tranad_official,1,5,12200,12226,"[31, 30, 27, 22, 21, 20, 0, 19, 24, 6, 5, 13, 15, 10, 18, 35, 34, 8, 36, 11, 14, 32, 29, 28, 4, 33, 16, 25, 26, 3, 12, 7, 2, 9, 37, 17, 1, 23]",3,1.0,0.23076923076923078,0.375,1.0,1,13,3,3
smd,group23_evaluation,machine-2-3,tranad_official,1,5,12200,12226,"[31, 30, 27, 22, 21, 20, 0, 19, 24, 6, 5, 13, 15, 10, 18, 35, 34, 8, 36, 11, 14, 32, 29, 28, 4, 33, 16, 25, 26, 3, 12, 7, 2, 9, 37, 17, 1, 23]",5,1.0,0.38461538461538464,0.5555555555555556,1.0,1,13,5,5
smd,group23_evaluation,machine-2-3,tranad_official,1,6,15070,15151,"[20, 21, 31, 19, 5, 27, 30, 18, 13, 6, 22, 0, 24, 15, 10, 35, 34, 29, 36, 8, 11, 14, 32, 16, 28, 4, 26, 25, 12, 7, 33, 2, 17, 9, 1, 37, 3, 23]",1,1.0,0.09090909090909091,0.16666666666666669,1.0,1,11,1,1
smd,group23_evaluation,machine-2-3,tranad_official,1,6,15070,15151,"[20, 21, 31, 19, 5, 27, 30, 18, 13, 6, 22, 0, 24, 15, 10, 35, 34, 29, 36, 8, 11, 14, 32, 16, 28, 4, 26, 25, 12, 7, 33, 2, 17, 9, 1, 37, 3, 23]",3,1.0,0.2727272727272727,0.42857142857142855,1.0,1,11,3,3
smd,group23_evaluation,machine-2-3,tranad_official,1,6,15070,15151,"[20, 21, 31, 19, 5, 27, 30, 18, 13, 6, 22, 0, 24, 15, 10, 35, 34, 29, 36, 8, 11, 14, 32, 16, 28, 4, 26, 25, 12, 7, 33, 2, 17, 9, 1, 37, 3, 23]",5,1.0,0.45454545454545453,0.625,1.0,1,11,5,5
smd,group23_evaluation,machine-2-3,tranad_official,1,7,19375,19416,"[26, 3, 20, 27, 0, 18, 30, 21, 2, 22, 31, 23, 24, 1, 5, 25, 35, 13, 34, 16, 6, 32, 28, 33, 19, 7, 15, 14, 29, 10, 11, 8, 36, 4, 12, 9, 37, 17]",1,1.0,0.04,0.07692307692307693,1.0,1,25,1,1
smd,group23_evaluation,machine-2-3,tranad_official,1,7,19375,19416,"[26, 3, 20, 27, 0, 18, 30, 21, 2, 22, 31, 23, 24, 1, 5, 25, 35, 13, 34, 16, 6, 32, 28, 33, 19, 7, 15, 14, 29, 10, 11, 8, 36, 4, 12, 9, 37, 17]",3,1.0,0.12,0.21428571428571425,1.0,1,25,3,3
smd,group23_evaluation,machine-2-3,tranad_official,1,7,19375,19416,"[26, 3, 20, 27, 0, 18, 30, 21, 2, 22, 31, 23, 24, 1, 5, 25, 35, 13, 34, 16, 6, 32, 28, 33, 19, 7, 15, 14, 29, 10, 11, 8, 36, 4, 12, 9, 37, 17]",5,1.0,0.2,0.33333333333333337,1.0,1,25,5,5
smd,group23_evaluation,machine-2-3,tranad_official,1,8,19545,19553,"[12, 11, 5, 13, 14, 8, 34, 35, 6, 18, 21, 27, 30, 19, 29, 20, 31, 15, 10, 33, 32, 24, 36, 16, 7, 37, 9, 28, 23, 25, 26, 22, 4, 17, 3, 2, 0, 1]",1,0.0,0.0,0.0,0.0,0,1,1,0
smd,group23_evaluation,machine-2-3,tranad_official,1,8,19545,19553,"[12, 11, 5, 13, 14, 8, 34, 35, 6, 18, 21, 27, 30, 19, 29, 20, 31, 15, 10, 33, 32, 24, 36, 16, 7, 37, 9, 28, 23, 25, 26, 22, 4, 17, 3, 2, 0, 1]",3,0.3333333333333333,1.0,0.5,0.6309297535714575,1,1,3,1
smd,group23_evaluation,machine-2-3,tranad_official,1,8,19545,19553,"[12, 11, 5, 13, 14, 8, 34, 35, 6, 18, 21, 27, 30, 19, 29, 20, 31, 15, 10, 33, 32, 24, 36, 16, 7, 37, 9, 28, 23, 25, 26, 22, 4, 17, 3, 2, 0, 1]",5,0.2,1.0,0.33333333333333337,0.6309297535714575,1,1,5,1
smd,group23_evaluation,machine-2-3,tranad_official,1,9,20253,20258,"[29, 35, 13, 34, 18, 33, 20, 32, 6, 21, 24, 27, 15, 10, 30, 19, 5, 31, 8, 0, 22, 14, 36, 12, 26, 28, 16, 37, 7, 4, 9, 11, 17, 2, 3, 25, 1, 23]",1,1.0,1.0,1.0,1.0,1,1,1,1
smd,group23_evaluation,machine-2-3,tranad_official,1,9,20253,20258,"[29, 35, 13, 34, 18, 33, 20, 32, 6, 21, 24, 27, 15, 10, 30, 19, 5, 31, 8, 0, 22, 14, 36, 12, 26, 28, 16, 37, 7, 4, 9, 11, 17, 2, 3, 25, 1, 23]",3,0.3333333333333333,1.0,0.5,1.0,1,1,3,1
smd,group23_evaluation,machine-2-3,tranad_official,1,9,20253,20258,"[29, 35, 13, 34, 18, 33, 20, 32, 6, 21, 24, 27, 15, 10, 30, 19, 5, 31, 8, 0, 22, 14, 36, 12, 26, 28, 16, 37, 7, 4, 9, 11, 17, 2, 3, 25, 1, 23]",5,0.2,1.0,0.33333333333333337,1.0,1,1,5,1
smd,group23_evaluation,machine-2-3,tranad_official,2,0,857,860,"[12, 9, 11, 13, 5, 34, 35, 8, 14, 18, 20, 21, 30, 24, 0, 28, 27, 7, 37, 29, 19, 33, 31, 22, 32, 23, 17, 16, 15, 25, 26, 3, 6, 36, 4, 10, 1, 2]",1,1.0,0.5,0.6666666666666666,1.0,1,2,1,1
smd,group23_evaluation,machine-2-3,tranad_official,2,0,857,860,"[12, 9, 11, 13, 5, 34, 35, 8, 14, 18, 20, 21, 30, 24, 0, 28, 27, 7, 37, 29, 19, 33, 31, 22, 32, 23, 17, 16, 15, 25, 26, 3, 6, 36, 4, 10, 1, 2]",3,0.6666666666666666,1.0,0.8,0.9197207891481876,1,2,3,2
smd,group23_evaluation,machine-2-3,tranad_official,2,0,857,860,"[12, 9, 11, 13, 5, 34, 35, 8, 14, 18, 20, 21, 30, 24, 0, 28, 27, 7, 37, 29, 19, 33, 31, 22, 32, 23, 17, 16, 15, 25, 26, 3, 6, 36, 4, 10, 1, 2]",5,0.4,1.0,0.5714285714285715,0.9197207891481876,1,2,5,2
smd,group23_evaluation,machine-2-3,tranad_official,2,1,5739,5745,"[9, 12, 37, 29, 32, 36, 26, 4, 1, 14, 6, 24, 7, 0, 22, 27, 34, 35, 19, 16, 31, 5, 21, 15, 11, 10, 13, 18, 20, 30, 8, 28, 23, 33, 3, 17, 25, 2]",1,1.0,0.3333333333333333,0.5,1.0,1,3,1,1
smd,group23_evaluation,machine-2-3,tranad_official,2,1,5739,5745,"[9, 12, 37, 29, 32, 36, 26, 4, 1, 14, 6, 24, 7, 0, 22, 27, 34, 35, 19, 16, 31, 5, 21, 15, 11, 10, 13, 18, 20, 30, 8, 28, 23, 33, 3, 17, 25, 2]",3,0.6666666666666666,0.6666666666666666,0.6666666666666666,0.7653606369886217,1,3,3,2
smd,group23_evaluation,machine-2-3,tranad_official,2,1,5739,5745,"[9, 12, 37, 29, 32, 36, 26, 4, 1, 14, 6, 24, 7, 0, 22, 27, 34, 35, 19, 16, 31, 5, 21, 15, 11, 10, 13, 18, 20, 30, 8, 28, 23, 33, 3, 17, 25, 2]",5,0.4,0.6666666666666666,0.5,0.7653606369886217,1,3,5,2
smd,group23_evaluation,machine-2-3,tranad_official,2,2,6008,6012,"[9, 12, 4, 26, 29, 36, 37, 14, 22, 6, 24, 19, 27, 32, 1, 34, 35, 13, 7, 16, 8, 11, 25, 23, 31, 10, 15, 5, 18, 21, 20, 30, 0, 3, 2, 33, 28, 17]",1,1.0,0.3333333333333333,0.5,1.0,1,3,1,1
smd,group23_evaluation,machine-2-3,tranad_official,2,2,6008,6012,"[9, 12, 4, 26, 29, 36, 37, 14, 22, 6, 24, 19, 27, 32, 1, 34, 35, 13, 7, 16, 8, 11, 25, 23, 31, 10, 15, 5, 18, 21, 20, 30, 0, 3, 2, 33, 28, 17]",3,0.6666666666666666,0.6666666666666666,0.6666666666666666,0.7653606369886217,1,3,3,2
smd,group23_evaluation,machine-2-3,tranad_official,2,2,6008,6012,"[9, 12, 4, 26, 29, 36, 37, 14, 22, 6, 24, 19, 27, 32, 1, 34, 35, 13, 7, 16, 8, 11, 25, 23, 31, 10, 15, 5, 18, 21, 20, 30, 0, 3, 2, 33, 28, 17]",5,0.4,0.6666666666666666,0.5,0.7653606369886217,1,3,5,2
smd,group23_evaluation,machine-2-3,tranad_official,2,3,7910,8010,"[5, 31, 21, 20, 27, 30, 6, 18, 0, 22, 19, 24, 13, 3, 1, 2, 15, 25, 10, 23, 34, 35, 8, 14, 11, 29, 37, 28, 7, 12, 33, 32, 9, 36, 16, 17, 4, 26]",1,1.0,0.05555555555555555,0.10526315789473684,1.0,1,18,1,1
smd,group23_evaluation,machine-2-3,tranad_official,2,3,7910,8010,"[5, 31, 21, 20, 27, 30, 6, 18, 0, 22, 19, 24, 13, 3, 1, 2, 15, 25, 10, 23, 34, 35, 8, 14, 11, 29, 37, 28, 7, 12, 33, 32, 9, 36, 16, 17, 4, 26]",3,1.0,0.16666666666666666,0.2857142857142857,1.0,1,18,3,3
smd,group23_evaluation,machine-2-3,tranad_official,2,3,7910,8010,"[5, 31, 21, 20, 27, 30, 6, 18, 0, 22, 19, 24, 13, 3, 1, 2, 15, 25, 10, 23, 34, 35, 8, 14, 11, 29, 37, 28, 7, 12, 33, 32, 9, 36, 16, 17, 4, 26]",5,1.0,0.2777777777777778,0.4347826086956522,1.0,1,18,5,5
smd,group23_evaluation,machine-2-3,tranad_official,2,4,10953,10957,"[8, 14, 12, 9, 11, 5, 13, 35, 34, 18, 20, 21, 30, 19, 27, 24, 28, 10, 7, 15, 33, 23, 37, 32, 0, 22, 31, 29, 3, 25, 17, 26, 36, 6, 16, 4, 1, 2]",1,1.0,0.3333333333333333,0.5,1.0,1,3,1,1
smd,group23_evaluation,machine-2-3,tranad_official,2,4,10953,10957,"[8, 14, 12, 9, 11, 5, 13, 35, 34, 18, 20, 21, 30, 19, 27, 24, 28, 10, 7, 15, 33, 23, 37, 32, 0, 22, 31, 29, 3, 25, 17, 26, 36, 6, 16, 4, 1, 2]",3,0.6666666666666666,0.6666666666666666,0.6666666666666666,0.7653606369886217,1,3,3,2
smd,group23_evaluation,machine-2-3,tranad_official,2,4,10953,10957,"[8, 14, 12, 9, 11, 5, 13, 35, 34, 18, 20, 21, 30, 19, 27, 24, 28, 10, 7, 15, 33, 23, 37, 32, 0, 22, 31, 29, 3, 25, 17, 26, 36, 6, 16, 4, 1, 2]",5,0.6,1.0,0.7499999999999999,0.9469024295259745,1,3,5,3
smd,group23_evaluation,machine-2-3,tranad_official,2,5,12200,12226,"[31, 30, 27, 22, 21, 0, 19, 20, 24, 6, 5, 13, 15, 10, 18, 14, 34, 8, 35, 11, 37, 23, 29, 28, 12, 7, 33, 9, 32, 36, 17, 25, 3, 16, 1, 2, 26, 4]",1,1.0,0.07692307692307693,0.14285714285714288,1.0,1,13,1,1
smd,group23_evaluation,machine-2-3,tranad_official,2,5,12200,12226,"[31, 30, 27, 22, 21, 0, 19, 20, 24, 6, 5, 13, 15, 10, 18, 14, 34, 8, 35, 11, 37, 23, 29, 28, 12, 7, 33, 9, 32, 36, 17, 25, 3, 16, 1, 2, 26, 4]",3,1.0,0.23076923076923078,0.375,1.0,1,13,3,3
smd,group23_evaluation,machine-2-3,tranad_official,2,5,12200,12226,"[31, 30, 27, 22, 21, 0, 19, 20, 24, 6, 5, 13, 15, 10, 18, 14, 34, 8, 35, 11, 37, 23, 29, 28, 12, 7, 33, 9, 32, 36, 17, 25, 3, 16, 1, 2, 26, 4]",5,1.0,0.38461538461538464,0.5555555555555556,1.0,1,13,5,5
smd,group23_evaluation,machine-2-3,tranad_official,2,6,15070,15151,"[20, 21, 31, 19, 27, 30, 5, 18, 13, 6, 22, 0, 24, 15, 10, 35, 8, 34, 11, 29, 14, 23, 37, 28, 7, 33, 32, 36, 12, 9, 3, 17, 25, 16, 1, 4, 2, 26]",1,1.0,0.09090909090909091,0.16666666666666669,1.0,1,11,1,1
smd,group23_evaluation,machine-2-3,tranad_official,2,6,15070,15151,"[20, 21, 31, 19, 27, 30, 5, 18, 13, 6, 22, 0, 24, 15, 10, 35, 8, 34, 11, 29, 14, 23, 37, 28, 7, 33, 32, 36, 12, 9, 3, 17, 25, 16, 1, 4, 2, 26]",3,1.0,0.2727272727272727,0.42857142857142855,1.0,1,11,3,3
smd,group23_evaluation,machine-2-3,tranad_official,2,6,15070,15151,"[20, 21, 31, 19, 27, 30, 5, 18, 13, 6, 22, 0, 24, 15, 10, 35, 8, 34, 11, 29, 14, 23, 37, 28, 7, 33, 32, 36, 12, 9, 3, 17, 25, 16, 1, 4, 2, 26]",5,1.0,0.45454545454545453,0.625,1.0,1,11,5,5
smd,group23_evaluation,machine-2-3,tranad_official,2,7,19375,19416,"[26, 3, 18, 27, 0, 21, 2, 30, 20, 22, 31, 1, 24, 34, 6, 35, 19, 25, 23, 32, 28, 33, 5, 29, 13, 9, 15, 10, 11, 8, 14, 37, 7, 12, 36, 17, 16, 4]",1,1.0,0.04,0.07692307692307693,1.0,1,25,1,1
smd,group23_evaluation,machine-2-3,tranad_official,2,7,19375,19416,"[26, 3, 18, 27, 0, 21, 2, 30, 20, 22, 31, 1, 24, 34, 6, 35, 19, 25, 23, 32, 28, 33, 5, 29, 13, 9, 15, 10, 11, 8, 14, 37, 7, 12, 36, 17, 16, 4]",3,1.0,0.12,0.21428571428571425,1.0,1,25,3,3
smd,group23_evaluation,machine-2-3,tranad_official,2,7,19375,19416,"[26, 3, 18, 27, 0, 21, 2, 30, 20, 22, 31, 1, 24, 34, 6, 35, 19, 25, 23, 32, 28, 33, 5, 29, 13, 9, 15, 10, 11, 8, 14, 37, 7, 12, 36, 17, 16, 4]",5,1.0,0.2,0.33333333333333337,1.0,1,25,5,5
smd,group23_evaluation,machine-2-3,tranad_official,2,8,19545,19553,"[12, 11, 5, 13, 14, 8, 35, 34, 6, 20, 29, 19, 15, 30, 10, 18, 28, 24, 21, 7, 33, 23, 37, 27, 32, 22, 9, 25, 3, 36, 31, 17, 26, 0, 16, 4, 1, 2]",1,0.0,0.0,0.0,0.0,0,1,1,0
smd,group23_evaluation,machine-2-3,tranad_official,2,8,19545,19553,"[12, 11, 5, 13, 14, 8, 35, 34, 6, 20, 29, 19, 15, 30, 10, 18, 28, 24, 21, 7, 33, 23, 37, 27, 32, 22, 9, 25, 3, 36, 31, 17, 26, 0, 16, 4, 1, 2]",3,0.3333333333333333,1.0,0.5,0.6309297535714575,1,1,3,1
smd,group23_evaluation,machine-2-3,tranad_official,2,8,19545,19553,"[12, 11, 5, 13, 14, 8, 35, 34, 6, 20, 29, 19, 15, 30, 10, 18, 28, 24, 21, 7, 33, 23, 37, 27, 32, 22, 9, 25, 3, 36, 31, 17, 26, 0, 16, 4, 1, 2]",5,0.2,1.0,0.33333333333333337,0.6309297535714575,1,1,5,1
smd,group23_evaluation,machine-2-3,tranad_official,2,9,20253,20258,"[29, 34, 35, 18, 13, 6, 21, 33, 32, 20, 27, 15, 24, 30, 10, 31, 19, 8, 5, 0, 22, 14, 11, 28, 7, 37, 12, 3, 36, 9, 26, 23, 17, 16, 4, 25, 1, 2]",1,1.0,1.0,1.0,1.0,1,1,1,1
smd,group23_evaluation,machine-2-3,tranad_official,2,9,20253,20258,"[29, 34, 35, 18, 13, 6, 21, 33, 32, 20, 27, 15, 24, 30, 10, 31, 19, 8, 5, 0, 22, 14, 11, 28, 7, 37, 12, 3, 36, 9, 26, 23, 17, 16, 4, 25, 1, 2]",3,0.3333333333333333,1.0,0.5,1.0,1,1,3,1
smd,group23_evaluation,machine-2-3,tranad_official,2,9,20253,20258,"[29, 34, 35, 18, 13, 6, 21, 33, 32, 20, 27, 15, 24, 30, 10, 31, 19, 8, 5, 0, 22, 14, 11, 28, 7, 37, 12, 3, 36, 9, 26, 23, 17, 16, 4, 25, 1, 2]",5,0.2,1.0,0.33333333333333337,1.0,1,1,5,1
smd,group23_evaluation,machine-2-4,tranad_official,0,0,1012,1016,"[14, 13, 11, 8, 24, 32, 23, 0, 12, 6, 5, 29, 10, 25, 1, 20, 18, 3, 31, 27, 19, 33, 30, 22, 35, 21, 2, 9, 15, 26, 4, 34, 28, 7, 17, 16, 36, 37]",1,1.0,0.2,0.33333333333333337,1.0,1,5,1,1
smd,group23_evaluation,machine-2-4,tranad_official,0,0,1012,1016,"[14, 13, 11, 8, 24, 32, 23, 0, 12, 6, 5, 29, 10, 25, 1, 20, 18, 3, 31, 27, 19, 33, 30, 22, 35, 21, 2, 9, 15, 26, 4, 34, 28, 7, 17, 16, 36, 37]",3,1.0,0.6,0.7499999999999999,1.0,1,5,3,3
smd,group23_evaluation,machine-2-4,tranad_official,0,0,1012,1016,"[14, 13, 11, 8, 24, 32, 23, 0, 12, 6, 5, 29, 10, 25, 1, 20, 18, 3, 31, 27, 19, 33, 30, 22, 35, 21, 2, 9, 15, 26, 4, 34, 28, 7, 17, 16, 36, 37]",5,0.8,0.8,0.8000000000000002,0.8687949224876582,1,5,5,4
smd,group23_evaluation,machine-2-4,tranad_official,0,1,2098,2102,"[13, 5, 32, 6, 14, 0, 18, 27, 11, 30, 10, 22, 31, 21, 1, 24, 23, 25, 26, 12, 7, 28, 20, 9, 4, 29, 8, 35, 2, 34, 33, 16, 15, 19, 36, 17, 37, 3]",1,1.0,0.5,0.6666666666666666,1.0,1,2,1,1
smd,group23_evaluation,machine-2-4,tranad_official,0,1,2098,2102,"[13, 5, 32, 6, 14, 0, 18, 27, 11, 30, 10, 22, 31, 21, 1, 24, 23, 25, 26, 12, 7, 28, 20, 9, 4, 29, 8, 35, 2, 34, 33, 16, 15, 19, 36, 17, 37, 3]",3,0.3333333333333333,0.5,0.4,0.6131471927654584,1,2,3,1
smd,group23_evaluation,machine-2-4,tranad_official,0,1,2098,2102,"[13, 5, 32, 6, 14, 0, 18, 27, 11, 30, 10, 22, 31, 21, 1, 24, 23, 25, 26, 12, 7, 28, 20, 9, 4, 29, 8, 35, 2, 34, 33, 16, 15, 19, 36, 17, 37, 3]",5,0.2,0.5,0.28571428571428575,0.6131471927654584,1,2,5,1
smd,group23_evaluation,machine-2-4,tranad_official,0,2,3538,3542,"[5, 13, 14, 6, 27, 18, 23, 21, 25, 30, 0, 20, 8, 29, 11, 35, 10, 19, 12, 24, 34, 22, 31, 1, 3, 26, 9, 28, 7, 4, 2, 16, 17, 15, 32, 33, 36, 37]",1,0.0,0.0,0.0,0.0,0,3,1,0
smd,group23_evaluation,machine-2-4,tranad_official,0,2,3538,3542,"[5, 13, 14, 6, 27, 18, 23, 21, 25, 30, 0, 20, 8, 29, 11, 35, 10, 19, 12, 24, 34, 22, 31, 1, 3, 26, 9, 28, 7, 4, 2, 16, 17, 15, 32, 33, 36, 37]",3,0.3333333333333333,0.3333333333333333,0.3333333333333333,0.2960819109658652,1,3,3,1
smd,group23_evaluation,machine-2-4,tranad_official,0,2,3538,3542,"[5, 13, 14, 6, 27, 18, 23, 21, 25, 30, 0, 20, 8, 29, 11, 35, 10, 19, 12, 24, 34, 22, 31, 1, 3, 26, 9, 28, 7, 4, 2, 16, 17, 15, 32, 33, 36, 37]",5,0.2,0.3333333333333333,0.25,0.2960819109658652,1,3,5,1
smd,group23_evaluation,machine-2-4,tranad_official,0,3,4576,4579,"[10, 15, 6, 22, 5, 30, 29, 20, 24, 27, 3, 18, 21, 25, 23, 19, 1, 32, 2, 35, 31, 26, 34, 0, 28, 7, 14, 9, 8, 4, 36, 16, 37, 12, 33, 11, 13, 17]",1,1.0,0.5,0.6666666666666666,1.0,1,2,1,1
smd,group23_evaluation,machine-2-4,tranad_official,0,3,4576,4579,"[10, 15, 6, 22, 5, 30, 29, 20, 24, 27, 3, 18, 21, 25, 23, 19, 1, 32, 2, 35, 31, 26, 34, 0, 28, 7, 14, 9, 8, 4, 36, 16, 37, 12, 33, 11, 13, 17]",3,0.6666666666666666,1.0,0.8,1.0,1,2,3,2
smd,group23_evaluation,machine-2-4,tranad_official,0,3,4576,4579,"[10, 15, 6, 22, 5, 30, 29, 20, 24, 27, 3, 18, 21, 25, 23, 19, 1, 32, 2, 35, 31, 26, 34, 0, 28, 7, 14, 9, 8, 4, 36, 16, 37, 12, 33, 11, 13, 17]",5,0.4,1.0,0.5714285714285715,1.0,1,2,5,2
smd,group23_evaluation,machine-2-4,tranad_official,0,4,4976,4980,"[14, 13, 32, 0, 5, 23, 25, 10, 31, 8, 6, 11, 19, 21, 30, 18, 12, 27, 26, 1, 7, 28, 34, 4, 35, 9, 29, 24, 20, 22, 16, 2, 33, 36, 17, 37, 15, 3]",1,0.0,0.0,0.0,0.0,0,3,1,0
smd,group23_evaluation,machine-2-4,tranad_official,0,4,4976,4980,"[14, 13, 32, 0, 5, 23, 25, 10, 31, 8, 6, 11, 19, 21, 30, 18, 12, 27, 26, 1, 7, 28, 34, 4, 35, 9, 29, 24, 20, 22, 16, 2, 33, 36, 17, 37, 15, 3]",3,0.3333333333333333,0.3333333333333333,0.3333333333333333,0.2960819109658652,1,3,3,1
smd,group23_evaluation,machine-2-4,tranad_official,0,4,4976,4980,"[14, 13, 32, 0, 5, 23, 25, 10, 31, 8, 6, 11, 19, 21, 30, 18, 12, 27, 26, 1, 7, 28, 34, 4, 35, 9, 29, 24, 20, 22, 16, 2, 33, 36, 17, 37, 15, 3]",5,0.2,0.3333333333333333,0.25,0.2960819109658652,1,3,5,1
smd,group23_evaluation,machine-2-4,tranad_official,0,5,5099,5380,"[0, 14, 23, 6, 5, 25, 32, 20, 10, 11, 31, 19, 3, 24, 21, 27, 18, 1, 2, 30, 15, 29, 34, 35, 9, 26, 13, 4, 22, 28, 7, 17, 16, 12, 33, 8, 36, 37]",1,1.0,0.2,0.33333333333333337,1.0,1,5,1,1
smd,group23_evaluation,machine-2-4,tranad_official,0,5,5099,5380,"[0, 14, 23, 6, 5, 25, 32, 20, 10, 11, 31, 19, 3, 24, 21, 27, 18, 1, 2, 30, 15, 29, 34, 35, 9, 26, 13, 4, 22, 28, 7, 17, 16, 12, 33, 8, 36, 37]",3,0.3333333333333333,0.2,0.25,0.46927872602275644,1,5,3,1
smd,group23_evaluation,machine-2-4,tranad_official,0,5,5099,5380,"[0, 14, 23, 6, 5, 25, 32, 20, 10, 11, 31, 19, 3, 24, 21, 27, 18, 1, 2, 30, 15, 29, 34, 35, 9, 26, 13, 4, 22, 28, 7, 17, 16, 12, 33, 8, 36, 37]",5,0.2,0.2,0.20000000000000004,0.3391602052736161,1,5,5,1
smd,group23_evaluation,machine-2-4,tranad_official,0,6,6416,6419,"[14, 13, 5, 6, 35, 32, 34, 19, 25, 27, 10, 8, 21, 30, 23, 31, 11, 18, 29, 12, 0, 20, 1, 22, 24, 26, 3, 28, 9, 2, 7, 4, 16, 36, 33, 17, 37, 15]",1,0.0,0.0,0.0,0.0,0,3,1,0
smd,group23_evaluation,machine-2-4,tranad_official,0,6,6416,6419,"[14, 13, 5, 6, 35, 32, 34, 19, 25, 27, 10, 8, 21, 30, 23, 31, 11, 18, 29, 12, 0, 20, 1, 22, 24, 26, 3, 28, 9, 2, 7, 4, 16, 36, 33, 17, 37, 15]",3,0.3333333333333333,0.3333333333333333,0.3333333333333333,0.2960819109658652,1,3,3,1
smd,group23_evaluation,machine-2-4,tranad_official,0,6,6416,6419,"[14, 13, 5, 6, 35, 32, 34, 19, 25, 27, 10, 8, 21, 30, 23, 31, 11, 18, 29, 12, 0, 20, 1, 22, 24, 26, 3, 28, 9, 2, 7, 4, 16, 36, 33, 17, 37, 15]",5,0.2,0.3333333333333333,0.25,0.2960819109658652,1,3,5,1
smd,group23_evaluation,machine-2-4,tranad_official,0,7,7856,7859,"[13, 14, 23, 5, 25, 32, 10, 8, 35, 34, 11, 0, 12, 31, 6, 27, 30, 22, 26, 21, 18, 7, 28, 19, 1, 4, 9, 24, 29, 2, 16, 33, 36, 37, 17, 20, 3, 15]",1,1.0,0.3333333333333333,0.5,1.0,1,3,1,1
smd,group23_evaluation,machine-2-4,tranad_official,0,7,7856,7859,"[13, 14, 23, 5, 25, 32, 10, 8, 35, 34, 11, 0, 12, 31, 6, 27, 30, 22, 26, 21, 18, 7, 28, 19, 1, 4, 9, 24, 29, 2, 16, 33, 36, 37, 17, 20, 3, 15]",3,0.3333333333333333,0.3333333333333333,0.3333333333333333,0.46927872602275644,1,3,3,1
smd,group23_evaluation,machine-2-4,tranad_official,0,7,7856,7859,"[13, 14, 23, 5, 25, 32, 10, 8, 35, 34, 11, 0, 12, 31, 6, 27, 30, 22, 26, 21, 18, 7, 28, 19, 1, 4, 9, 24, 29, 2, 16, 33, 36, 37, 17, 20, 3, 15]",5,0.2,0.3333333333333333,0.25,0.46927872602275644,1,3,5,1
smd,group23_evaluation,machine-2-4,tranad_official,0,8,9296,9300,"[32, 5, 13, 14, 35, 6, 34, 22, 19, 23, 25, 27, 21, 31, 30, 18, 11, 20, 10, 1, 3, 0, 2, 26, 28, 7, 9, 4, 24, 29, 12, 16, 8, 36, 33, 37, 17, 15]",1,0.0,0.0,0.0,0.0,0,1,1,0
smd,group23_evaluation,machine-2-4,tranad_official,0,8,9296,9300,"[32, 5, 13, 14, 35, 6, 34, 22, 19, 23, 25, 27, 21, 31, 30, 18, 11, 20, 10, 1, 3, 0, 2, 26, 28, 7, 9, 4, 24, 29, 12, 16, 8, 36, 33, 37, 17, 15]",3,0.3333333333333333,1.0,0.5,0.5,1,1,3,1
smd,group23_evaluation,machine-2-4,tranad_official,0,8,9296,9300,"[32, 5, 13, 14, 35, 6, 34, 22, 19, 23, 25, 27, 21, 31, 30, 18, 11, 20, 10, 1, 3, 0, 2, 26, 28, 7, 9, 4, 24, 29, 12, 16, 8, 36, 33, 37, 17, 15]",5,0.2,1.0,0.33333333333333337,0.5,1,1,5,1
smd,group23_evaluation,machine-2-4,tranad_official,0,9,9473,9505,"[5, 32, 11, 6, 0, 35, 34, 20, 10, 25, 23, 31, 18, 19, 3, 2, 21, 27, 1, 30, 22, 29, 14, 15, 26, 9, 28, 4, 7, 8, 16, 17, 12, 33, 24, 13, 36, 37]",1,0.0,0.0,0.0,0.0,0,1,1,0
smd,group23_evaluation,machine-2-4,tranad_official,0,9,9473,9505,"[5, 32, 11, 6, 0, 35, 34, 20, 10, 25, 23, 31, 18, 19, 3, 2, 21, 27, 1, 30, 22, 29, 14, 15, 26, 9, 28, 4, 7, 8, 16, 17, 12, 33, 24, 13, 36, 37]",3,0.3333333333333333,1.0,0.5,0.5,1,1,3,1
smd,group23_evaluation,machine-2-4,tranad_official,0,9,9473,9505,"[5, 32, 11, 6, 0, 35, 34, 20, 10, 25, 23, 31, 18, 19, 3, 2, 21, 27, 1, 30, 22, 29, 14, 15, 26, 9, 28, 4, 7, 8, 16, 17, 12, 33, 24, 13, 36, 37]",5,0.2,1.0,0.33333333333333337,0.5,1,1,5,1
smd,group23_evaluation,machine-2-4,tranad_official,0,10,10736,10739,"[5, 14, 13, 6, 32, 27, 21, 35, 18, 30, 20, 8, 34, 19, 25, 23, 22, 31, 12, 29, 11, 24, 2, 3, 1, 10, 26, 28, 0, 9, 7, 4, 16, 33, 36, 37, 17, 15]",1,0.0,0.0,0.0,0.0,0,3,1,0
smd,group23_evaluation,machine-2-4,tranad_official,0,10,10736,10739,"[5, 14, 13, 6, 32, 27, 21, 35, 18, 30, 20, 8, 34, 19, 25, 23, 22, 31, 12, 29, 11, 24, 2, 3, 1, 10, 26, 28, 0, 9, 7, 4, 16, 33, 36, 37, 17, 15]",3,0.3333333333333333,0.3333333333333333,0.3333333333333333,0.23463936301137822,1,3,3,1
smd,group23_evaluation,machine-2-4,tranad_official,0,10,10736,10739,"[5, 14, 13, 6, 32, 27, 21, 35, 18, 30, 20, 8, 34, 19, 25, 23, 22, 31, 12, 29, 11, 24, 2, 3, 1, 10, 26, 28, 0, 9, 7, 4, 16, 33, 36, 37, 17, 15]",5,0.2,0.3333333333333333,0.25,0.23463936301137822,1,3,5,1
smd,group23_evaluation,machine-2-4,tranad_official,0,11,12176,12179,"[14, 13, 3, 2, 1, 10, 35, 5, 22, 34, 0, 27, 8, 19, 21, 32, 31, 25, 18, 30, 6, 23, 11, 12, 20, 29, 24, 7, 26, 28, 9, 4, 16, 33, 17, 36, 37, 15]",1,0.0,0.0,0.0,0.0,0,3,1,0
smd,group23_evaluation,machine-2-4,tranad_official,0,11,12176,12179,"[14, 13, 3, 2, 1, 10, 35, 5, 22, 34, 0, 27, 8, 19, 21, 32, 31, 25, 18, 30, 6, 23, 11, 12, 20, 29, 24, 7, 26, 28, 9, 4, 16, 33, 17, 36, 37, 15]",3,0.3333333333333333,0.3333333333333333,0.3333333333333333,0.2960819109658652,1,3,3,1
smd,group23_evaluation,machine-2-4,tranad_official,0,11,12176,12179,"[14, 13, 3, 2, 1, 10, 35, 5, 22, 34, 0, 27, 8, 19, 21, 32, 31, 25, 18, 30, 6, 23, 11, 12, 20, 29, 24, 7, 26, 28, 9, 4, 16, 33, 17, 36, 37, 15]",5,0.2,0.3333333333333333,0.25,0.2960819109658652,1,3,5,1
smd,group23_evaluation,machine-2-4,tranad_official,0,12,13611,13640,"[5, 3, 2, 1, 6, 32, 35, 25, 23, 34, 27, 0, 14, 18, 10, 19, 31, 21, 22, 30, 13, 29, 20, 15, 11, 8, 24, 28, 12, 7, 9, 26, 4, 33, 17, 16, 37, 36]",1,0.0,0.0,0.0,0.0,0,3,1,0
smd,group23_evaluation,machine-2-4,tranad_official,0,12,13611,13640,"[5, 3, 2, 1, 6, 32, 35, 25, 23, 34, 27, 0, 14, 18, 10, 19, 31, 21, 22, 30, 13, 29, 20, 15, 11, 8, 24, 28, 12, 7, 9, 26, 4, 33, 17, 16, 37, 36]",3,0.0,0.0,0.0,0.0,0,3,3,0
smd,group23_evaluation,machine-2-4,tranad_official,0,12,13611,13640,"[5, 3, 2, 1, 6, 32, 35, 25, 23, 34, 27, 0, 14, 18, 10, 19, 31, 21, 22, 30, 13, 29, 20, 15, 11, 8, 24, 28, 12, 7, 9, 26, 4, 33, 17, 16, 37, 36]",5,0.0,0.0,0.0,0.0,0,3,5,0
smd,group23_evaluation,machine-2-4,tranad_official,0,13,15056,15059,"[3, 5, 13, 14, 2, 1, 6, 10, 25, 23, 27, 0, 35, 32, 18, 21, 8, 30, 34, 19, 12, 31, 11, 20, 22, 15, 29, 24, 7, 28, 9, 26, 4, 33, 17, 16, 37, 36]",1,0.0,0.0,0.0,0.0,0,3,1,0
smd,group23_evaluation,machine-2-4,tranad_official,0,13,15056,15059,"[3, 5, 13, 14, 2, 1, 6, 10, 25, 23, 27, 0, 35, 32, 18, 21, 8, 30, 34, 19, 12, 31, 11, 20, 22, 15, 29, 24, 7, 28, 9, 26, 4, 33, 17, 16, 37, 36]",3,0.3333333333333333,0.3333333333333333,0.3333333333333333,0.23463936301137822,1,3,3,1
smd,group23_evaluation,machine-2-4,tranad_official,0,13,15056,15059,"[3, 5, 13, 14, 2, 1, 6, 10, 25, 23, 27, 0, 35, 32, 18, 21, 8, 30, 34, 19, 12, 31, 11, 20, 22, 15, 29, 24, 7, 28, 9, 26, 4, 33, 17, 16, 37, 36]",5,0.2,0.3333333333333333,0.25,0.23463936301137822,1,3,5,1
smd,group23_evaluation,machine-2-4,tranad_official,0,14,16525,16696,"[0, 5, 32, 6, 14, 25, 23, 20, 35, 10, 34, 11, 19, 13, 22, 24, 18, 15, 31, 21, 1, 3, 29, 27, 30, 2, 9, 26, 28, 4, 7, 8, 12, 17, 16, 33, 36, 37]",1,1.0,0.16666666666666666,0.2857142857142857,1.0,1,6,1,1
smd,group23_evaluation,machine-2-4,tranad_official,0,14,16525,16696,"[0, 5, 32, 6, 14, 25, 23, 20, 35, 10, 34, 11, 19, 13, 22, 24, 18, 15, 31, 21, 1, 3, 29, 27, 30, 2, 9, 26, 28, 4, 7, 8, 12, 17, 16, 33, 36, 37]",3,0.3333333333333333,0.16666666666666666,0.2222222222222222,0.46927872602275644,1,6,3,1
smd,group23_evaluation,machine-2-4,tranad_official,0,14,16525,16696,"[0, 5, 32, 6, 14, 25, 23, 20, 35, 10, 34, 11, 19, 13, 22, 24, 18, 15, 31, 21, 1, 3, 29, 27, 30, 2, 9, 26, 28, 4, 7, 8, 12, 17, 16, 33, 36, 37]",5,0.2,0.16666666666666666,0.1818181818181818,0.3391602052736161,1,6,5,1
smd,group23_evaluation,machine-2-4,tranad_official,0,15,17965,18350,"[5, 0, 6, 22, 32, 14, 10, 20, 23, 11, 35, 25, 34, 24, 19, 3, 31, 15, 21, 29, 1, 2, 13, 18, 30, 27, 9, 26, 4, 28, 7, 8, 12, 17, 16, 33, 36, 37]",1,0.0,0.0,0.0,0.0,0,6,1,0
smd,group23_evaluation,machine-2-4,tranad_official,0,15,17965,18350,"[5, 0, 6, 22, 32, 14, 10, 20, 23, 11, 35, 25, 34, 24, 19, 3, 31, 15, 21, 29, 1, 2, 13, 18, 30, 27, 9, 26, 4, 28, 7, 8, 12, 17, 16, 33, 36, 37]",3,0.3333333333333333,0.16666666666666666,0.2222222222222222,0.2960819109658652,1,6,3,1
smd,group23_evaluation,machine-2-4,tranad_official,0,15,17965,18350,"[5, 0, 6, 22, 32, 14, 10, 20, 23, 11, 35, 25, 34, 24, 19, 3, 31, 15, 21, 29, 1, 2, 13, 18, 30, 27, 9, 26, 4, 28, 7, 8, 12, 17, 16, 33, 36, 37]",5,0.2,0.16666666666666666,0.1818181818181818,0.21398626473452756,1,6,5,1
smd,group23_evaluation,machine-2-4,tranad_official,0,16,18579,18980,"[22, 19, 21, 30, 24, 25, 29, 23, 27, 18, 20, 2, 3, 6, 7, 35, 34, 31, 0, 32, 5, 1, 37, 13, 10, 26, 15, 4, 17, 33, 12, 11, 9, 14, 8, 28, 36, 16]",1,1.0,0.047619047619047616,0.0909090909090909,1.0,1,21,1,1
smd,group23_evaluation,machine-2-4,tranad_official,0,16,18579,18980,"[22, 19, 21, 30, 24, 25, 29, 23, 27, 18, 20, 2, 3, 6, 7, 35, 34, 31, 0, 32, 5, 1, 37, 13, 10, 26, 15, 4, 17, 33, 12, 11, 9, 14, 8, 28, 36, 16]",3,1.0,0.14285714285714285,0.25,1.0,1,21,3,3
smd,group23_evaluation,machine-2-4,tranad_official,0,16,18579,18980,"[22, 19, 21, 30, 24, 25, 29, 23, 27, 18, 20, 2, 3, 6, 7, 35, 34, 31, 0, 32, 5, 1, 37, 13, 10, 26, 15, 4, 17, 33, 12, 11, 9, 14, 8, 28, 36, 16]",5,1.0,0.23809523809523808,0.3846153846153846,1.0,1,21,5,5
smd,group23_evaluation,machine-2-4,tranad_official,0,17,19404,19741,"[6, 23, 25, 0, 22, 32, 5, 14, 10, 35, 34, 11, 19, 24, 20, 31, 3, 15, 21, 13, 27, 1, 30, 18, 2, 29, 9, 26, 4, 28, 8, 17, 7, 12, 33, 16, 36, 37]",1,0.0,0.0,0.0,0.0,0,6,1,0
smd,group23_evaluation,machine-2-4,tranad_official,0,17,19404,19741,"[6, 23, 25, 0, 22, 32, 5, 14, 10, 35, 34, 11, 19, 24, 20, 31, 3, 15, 21, 13, 27, 1, 30, 18, 2, 29, 9, 26, 4, 28, 8, 17, 7, 12, 33, 16, 36, 37]",3,0.0,0.0,0.0,0.0,0,6,3,0
smd,group23_evaluation,machine-2-4,tranad_official,0,17,19404,19741,"[6, 23, 25, 0, 22, 32, 5, 14, 10, 35, 34, 11, 19, 24, 20, 31, 3, 15, 21, 13, 27, 1, 30, 18, 2, 29, 9, 26, 4, 28, 8, 17, 7, 12, 33, 16, 36, 37]",5,0.2,0.16666666666666666,0.1818181818181818,0.14606834984270645,1,6,5,1
smd,group23_evaluation,machine-2-4,tranad_official,0,18,20844,20854,"[6, 23, 25, 14, 32, 22, 0, 13, 35, 27, 21, 34, 5, 18, 30, 24, 19, 11, 20, 31, 15, 8, 10, 12, 29, 2, 1, 3, 9, 26, 28, 4, 7, 17, 33, 16, 36, 37]",1,0.0,0.0,0.0,0.0,0,5,1,0
smd,group23_evaluation,machine-2-4,tranad_official,0,18,20844,20854,"[6, 23, 25, 14, 32, 22, 0, 13, 35, 27, 21, 34, 5, 18, 30, 24, 19, 11, 20, 31, 15, 8, 10, 12, 29, 2, 1, 3, 9, 26, 28, 4, 7, 17, 33, 16, 36, 37]",3,0.0,0.0,0.0,0.0,0,5,3,0
smd,group23_evaluation,machine-2-4,tranad_official,0,18,20844,20854,"[6, 23, 25, 14, 32, 22, 0, 13, 35, 27, 21, 34, 5, 18, 30, 24, 19, 11, 20, 31, 15, 8, 10, 12, 29, 2, 1, 3, 9, 26, 28, 4, 7, 17, 33, 16, 36, 37]",5,0.2,0.2,0.20000000000000004,0.13120507751234178,1,5,5,1
smd,group23_evaluation,machine-2-4,tranad_official,0,19,22284,22294,"[6, 23, 3, 2, 25, 1, 14, 13, 22, 32, 0, 35, 34, 27, 24, 21, 18, 19, 11, 31, 30, 5, 10, 8, 12, 15, 20, 29, 9, 4, 28, 26, 7, 17, 33, 16, 36, 37]",1,0.0,0.0,0.0,0.0,0,4,1,0
smd,group23_evaluation,machine-2-4,tranad_official,0,19,22284,22294,"[6, 23, 3, 2, 25, 1, 14, 13, 22, 32, 0, 35, 34, 27, 24, 21, 18, 19, 11, 31, 30, 5, 10, 8, 12, 15, 20, 29, 9, 4, 28, 26, 7, 17, 33, 16, 36, 37]",3,0.0,0.0,0.0,0.0,0,4,3,0
smd,group23_evaluation,machine-2-4,tranad_official,0,19,22284,22294,"[6, 23, 3, 2, 25, 1, 14, 13, 22, 32, 0, 35, 34, 27, 24, 21, 18, 19, 11, 31, 30, 5, 10, 8, 12, 15, 20, 29, 9, 4, 28, 26, 7, 17, 33, 16, 36, 37]",5,0.0,0.0,0.0,0.0,0,4,5,0
smd,group23_evaluation,machine-2-4,tranad_official,1,0,1012,1016,"[14, 13, 11, 8, 29, 6, 32, 5, 24, 1, 23, 0, 30, 12, 18, 7, 10, 25, 20, 19, 27, 21, 2, 35, 3, 15, 22, 34, 33, 9, 36, 31, 28, 4, 16, 37, 26, 17]",1,1.0,0.2,0.33333333333333337,1.0,1,5,1,1
smd,group23_evaluation,machine-2-4,tranad_official,1,0,1012,1016,"[14, 13, 11, 8, 29, 6, 32, 5, 24, 1, 23, 0, 30, 12, 18, 7, 10, 25, 20, 19, 27, 21, 2, 35, 3, 15, 22, 34, 33, 9, 36, 31, 28, 4, 16, 37, 26, 17]",3,1.0,0.6,0.7499999999999999,1.0,1,5,3,3
smd,group23_evaluation,machine-2-4,tranad_official,1,0,1012,1016,"[14, 13, 11, 8, 29, 6, 32, 5, 24, 1, 23, 0, 30, 12, 18, 7, 10, 25, 20, 19, 27, 21, 2, 35, 3, 15, 22, 34, 33, 9, 36, 31, 28, 4, 16, 37, 26, 17]",5,0.8,0.8,0.8000000000000002,0.8687949224876582,1,5,5,4
smd,group23_evaluation,machine-2-4,tranad_official,1,1,2098,2102,"[13, 5, 32, 14, 6, 18, 0, 21, 1, 11, 29, 22, 20, 7, 19, 25, 30, 23, 36, 24, 27, 16, 35, 28, 12, 9, 10, 8, 34, 33, 4, 31, 37, 17, 26, 15, 2, 3]",1,1.0,0.5,0.6666666666666666,1.0,1,2,1,1
smd,group23_evaluation,machine-2-4,tranad_official,1,1,2098,2102,"[13, 5, 32, 14, 6, 18, 0, 21, 1, 11, 29, 22, 20, 7, 19, 25, 30, 23, 36, 24, 27, 16, 35, 28, 12, 9, 10, 8, 34, 33, 4, 31, 37, 17, 26, 15, 2, 3]",3,0.3333333333333333,0.5,0.4,0.6131471927654584,1,2,3,1
smd,group23_evaluation,machine-2-4,tranad_official,1,1,2098,2102,"[13, 5, 32, 14, 6, 18, 0, 21, 1, 11, 29, 22, 20, 7, 19, 25, 30, 23, 36, 24, 27, 16, 35, 28, 12, 9, 10, 8, 34, 33, 4, 31, 37, 17, 26, 15, 2, 3]",5,0.2,0.5,0.28571428571428575,0.6131471927654584,1,2,5,1
smd,group23_evaluation,machine-2-4,tranad_official,1,2,3538,3542,"[5, 13, 14, 6, 18, 23, 21, 25, 20, 29, 27, 19, 35, 30, 8, 34, 11, 0, 7, 12, 24, 2, 22, 33, 31, 36, 10, 9, 3, 16, 1, 28, 4, 37, 26, 17, 32, 15]",1,0.0,0.0,0.0,0.0,0,3,1,0
smd,group23_evaluation,machine-2-4,tranad_official,1,2,3538,3542,"[5, 13, 14, 6, 18, 23, 21, 25, 20, 29, 27, 19, 35, 30, 8, 34, 11, 0, 7, 12, 24, 2, 22, 33, 31, 36, 10, 9, 3, 16, 1, 28, 4, 37, 26, 17, 32, 15]",3,0.3333333333333333,0.3333333333333333,0.3333333333333333,0.2960819109658652,1,3,3,1
smd,group23_evaluation,machine-2-4,tranad_official,1,2,3538,3542,"[5, 13, 14, 6, 18, 23, 21, 25, 20, 29, 27, 19, 35, 30, 8, 34, 11, 0, 7, 12, 24, 2, 22, 33, 31, 36, 10, 9, 3, 16, 1, 28, 4, 37, 26, 17, 32, 15]",5,0.2,0.3333333333333333,0.25,0.2960819109658652,1,3,5,1
smd,group23_evaluation,machine-2-4,tranad_official,1,3,4576,4579,"[10, 15, 6, 22, 5, 18, 25, 29, 24, 23, 20, 3, 21, 30, 32, 1, 27, 2, 19, 34, 0, 36, 31, 16, 35, 28, 33, 8, 7, 14, 11, 17, 4, 12, 9, 37, 26, 13]",1,1.0,0.5,0.6666666666666666,1.0,1,2,1,1
smd,group23_evaluation,machine-2-4,tranad_official,1,3,4576,4579,"[10, 15, 6, 22, 5, 18, 25, 29, 24, 23, 20, 3, 21, 30, 32, 1, 27, 2, 19, 34, 0, 36, 31, 16, 35, 28, 33, 8, 7, 14, 11, 17, 4, 12, 9, 37, 26, 13]",3,0.6666666666666666,1.0,0.8,1.0,1,2,3,2
smd,group23_evaluation,machine-2-4,tranad_official,1,3,4576,4579,"[10, 15, 6, 22, 5, 18, 25, 29, 24, 23, 20, 3, 21, 30, 32, 1, 27, 2, 19, 34, 0, 36, 31, 16, 35, 28, 33, 8, 7, 14, 11, 17, 4, 12, 9, 37, 26, 13]",5,0.4,1.0,0.5714285714285715,1.0,1,2,5,2
smd,group23_evaluation,machine-2-4,tranad_official,1,4,4976,4980,"[14, 13, 32, 5, 0, 25, 23, 8, 29, 20, 21, 10, 33, 18, 11, 7, 19, 6, 36, 12, 24, 16, 30, 28, 9, 31, 34, 27, 35, 22, 4, 2, 37, 26, 17, 1, 3, 15]",1,0.0,0.0,0.0,0.0,0,3,1,0
smd,group23_evaluation,machine-2-4,tranad_official,1,4,4976,4980,"[14, 13, 32, 5, 0, 25, 23, 8, 29, 20, 21, 10, 33, 18, 11, 7, 19, 6, 36, 12, 24, 16, 30, 28, 9, 31, 34, 27, 35, 22, 4, 2, 37, 26, 17, 1, 3, 15]",3,0.3333333333333333,0.3333333333333333,0.3333333333333333,0.2960819109658652,1,3,3,1
smd,group23_evaluation,machine-2-4,tranad_official,1,4,4976,4980,"[14, 13, 32, 5, 0, 25, 23, 8, 29, 20, 21, 10, 33, 18, 11, 7, 19, 6, 36, 12, 24, 16, 30, 28, 9, 31, 34, 27, 35, 22, 4, 2, 37, 26, 17, 1, 3, 15]",5,0.2,0.3333333333333333,0.25,0.2960819109658652,1,3,5,1
smd,group23_evaluation,machine-2-4,tranad_official,1,5,5099,5380,"[0, 5, 23, 14, 6, 25, 32, 30, 18, 27, 11, 20, 10, 29, 2, 7, 33, 3, 21, 15, 34, 1, 12, 9, 19, 31, 36, 13, 28, 4, 24, 8, 35, 22, 16, 37, 26, 17]",1,1.0,0.2,0.33333333333333337,1.0,1,5,1,1
smd,group23_evaluation,machine-2-4,tranad_official,1,5,5099,5380,"[0, 5, 23, 14, 6, 25, 32, 30, 18, 27, 11, 20, 10, 29, 2, 7, 33, 3, 21, 15, 34, 1, 12, 9, 19, 31, 36, 13, 28, 4, 24, 8, 35, 22, 16, 37, 26, 17]",3,0.3333333333333333,0.2,0.25,0.46927872602275644,1,5,3,1
smd,group23_evaluation,machine-2-4,tranad_official,1,5,5099,5380,"[0, 5, 23, 14, 6, 25, 32, 30, 18, 27, 11, 20, 10, 29, 2, 7, 33, 3, 21, 15, 34, 1, 12, 9, 19, 31, 36, 13, 28, 4, 24, 8, 35, 22, 16, 37, 26, 17]",5,0.2,0.2,0.20000000000000004,0.3391602052736161,1,5,5,1
smd,group23_evaluation,machine-2-4,tranad_official,1,6,6416,6419,"[14, 13, 5, 35, 34, 19, 32, 6, 25, 18, 31, 21, 8, 30, 23, 10, 27, 29, 20, 11, 1, 12, 33, 24, 0, 7, 22, 3, 36, 16, 9, 28, 37, 4, 26, 17, 15, 2]",1,0.0,0.0,0.0,0.0,0,3,1,0
smd,group23_evaluation,machine-2-4,tranad_official,1,6,6416,6419,"[14, 13, 5, 35, 34, 19, 32, 6, 25, 18, 31, 21, 8, 30, 23, 10, 27, 29, 20, 11, 1, 12, 33, 24, 0, 7, 22, 3, 36, 16, 9, 28, 37, 4, 26, 17, 15, 2]",3,0.3333333333333333,0.3333333333333333,0.3333333333333333,0.2960819109658652,1,3,3,1
smd,group23_evaluation,machine-2-4,tranad_official,1,6,6416,6419,"[14, 13, 5, 35, 34, 19, 32, 6, 25, 18, 31, 21, 8, 30, 23, 10, 27, 29, 20, 11, 1, 12, 33, 24, 0, 7, 22, 3, 36, 16, 9, 28, 37, 4, 26, 17, 15, 2]",5,0.2,0.3333333333333333,0.25,0.2960819109658652,1,3,5,1
smd,group23_evaluation,machine-2-4,tranad_official,1,7,7856,7859,"[13, 14, 32, 5, 23, 25, 34, 35, 8, 10, 11, 31, 18, 12, 33, 0, 21, 7, 22, 19, 20, 36, 27, 16, 28, 2, 29, 6, 9, 30, 4, 24, 37, 17, 3, 26, 1, 15]",1,1.0,0.3333333333333333,0.5,1.0,1,3,1,1
smd,group23_evaluation,machine-2-4,tranad_official,1,7,7856,7859,"[13, 14, 32, 5, 23, 25, 34, 35, 8, 10, 11, 31, 18, 12, 33, 0, 21, 7, 22, 19, 20, 36, 27, 16, 28, 2, 29, 6, 9, 30, 4, 24, 37, 17, 3, 26, 1, 15]",3,0.3333333333333333,0.3333333333333333,0.3333333333333333,0.46927872602275644,1,3,3,1
smd,group23_evaluation,machine-2-4,tranad_official,1,7,7856,7859,"[13, 14, 32, 5, 23, 25, 34, 35, 8, 10, 11, 31, 18, 12, 33, 0, 21, 7, 22, 19, 20, 36, 27, 16, 28, 2, 29, 6, 9, 30, 4, 24, 37, 17, 3, 26, 1, 15]",5,0.2,0.3333333333333333,0.25,0.46927872602275644,1,3,5,1
smd,group23_evaluation,machine-2-4,tranad_official,1,8,9296,9300,"[32, 5, 13, 34, 14, 19, 35, 22, 25, 18, 23, 31, 21, 6, 20, 27, 30, 11, 1, 10, 33, 3, 0, 29, 7, 36, 16, 28, 9, 4, 8, 12, 17, 2, 37, 26, 24, 15]",1,0.0,0.0,0.0,0.0,0,1,1,0
smd,group23_evaluation,machine-2-4,tranad_official,1,8,9296,9300,"[32, 5, 13, 34, 14, 19, 35, 22, 25, 18, 23, 31, 21, 6, 20, 27, 30, 11, 1, 10, 33, 3, 0, 29, 7, 36, 16, 28, 9, 4, 8, 12, 17, 2, 37, 26, 24, 15]",3,0.3333333333333333,1.0,0.5,0.5,1,1,3,1
smd,group23_evaluation,machine-2-4,tranad_official,1,8,9296,9300,"[32, 5, 13, 34, 14, 19, 35, 22, 25, 18, 23, 31, 21, 6, 20, 27, 30, 11, 1, 10, 33, 3, 0, 29, 7, 36, 16, 28, 9, 4, 8, 12, 17, 2, 37, 26, 24, 15]",5,0.2,1.0,0.33333333333333337,0.5,1,1,5,1
smd,group23_evaluation,machine-2-4,tranad_official,1,9,9473,9505,"[5, 32, 11, 0, 6, 35, 20, 34, 18, 27, 2, 19, 30, 25, 31, 3, 10, 23, 21, 33, 7, 15, 9, 1, 12, 22, 14, 8, 28, 4, 36, 29, 16, 37, 26, 24, 17, 13]",1,0.0,0.0,0.0,0.0,0,1,1,0
smd,group23_evaluation,machine-2-4,tranad_official,1,9,9473,9505,"[5, 32, 11, 0, 6, 35, 20, 34, 18, 27, 2, 19, 30, 25, 31, 3, 10, 23, 21, 33, 7, 15, 9, 1, 12, 22, 14, 8, 28, 4, 36, 29, 16, 37, 26, 24, 17, 13]",3,0.3333333333333333,1.0,0.5,0.5,1,1,3,1
smd,group23_evaluation,machine-2-4,tranad_official,1,9,9473,9505,"[5, 32, 11, 0, 6, 35, 20, 34, 18, 27, 2, 19, 30, 25, 31, 3, 10, 23, 21, 33, 7, 15, 9, 1, 12, 22, 14, 8, 28, 4, 36, 29, 16, 37, 26, 24, 17, 13]",5,0.2,1.0,0.33333333333333337,0.5,1,1,5,1
smd,group23_evaluation,machine-2-4,tranad_official,1,10,10736,10739,"[5, 14, 13, 32, 6, 18, 34, 35, 27, 19, 20, 21, 25, 30, 8, 23, 22, 31, 29, 11, 3, 24, 12, 1, 2, 33, 7, 36, 10, 16, 9, 28, 4, 17, 26, 37, 0, 15]",1,0.0,0.0,0.0,0.0,0,3,1,0
smd,group23_evaluation,machine-2-4,tranad_official,1,10,10736,10739,"[5, 14, 13, 32, 6, 18, 34, 35, 27, 19, 20, 21, 25, 30, 8, 23, 22, 31, 29, 11, 3, 24, 12, 1, 2, 33, 7, 36, 10, 16, 9, 28, 4, 17, 26, 37, 0, 15]",3,0.3333333333333333,0.3333333333333333,0.3333333333333333,0.23463936301137822,1,3,3,1
smd,group23_evaluation,machine-2-4,tranad_official,1,10,10736,10739,"[5, 14, 13, 32, 6, 18, 34, 35, 27, 19, 20, 21, 25, 30, 8, 23, 22, 31, 29, 11, 3, 24, 12, 1, 2, 33, 7, 36, 10, 16, 9, 28, 4, 17, 26, 37, 0, 15]",5,0.2,0.3333333333333333,0.25,0.23463936301137822,1,3,5,1
smd,group23_evaluation,machine-2-4,tranad_official,1,11,12176,12179,"[14, 13, 3, 2, 1, 5, 34, 35, 0, 19, 10, 22, 21, 31, 20, 8, 18, 27, 25, 32, 30, 11, 6, 23, 12, 29, 33, 24, 36, 7, 16, 28, 9, 4, 37, 26, 17, 15]",1,0.0,0.0,0.0,0.0,0,3,1,0
smd,group23_evaluation,machine-2-4,tranad_official,1,11,12176,12179,"[14, 13, 3, 2, 1, 5, 34, 35, 0, 19, 10, 22, 21, 31, 20, 8, 18, 27, 25, 32, 30, 11, 6, 23, 12, 29, 33, 24, 36, 7, 16, 28, 9, 4, 37, 26, 17, 15]",3,0.3333333333333333,0.3333333333333333,0.3333333333333333,0.2960819109658652,1,3,3,1
smd,group23_evaluation,machine-2-4,tranad_official,1,11,12176,12179,"[14, 13, 3, 2, 1, 5, 34, 35, 0, 19, 10, 22, 21, 31, 20, 8, 18, 27, 25, 32, 30, 11, 6, 23, 12, 29, 33, 24, 36, 7, 16, 28, 9, 4, 37, 26, 17, 15]",5,0.2,0.3333333333333333,0.25,0.2960819109658652,1,3,5,1
smd,group23_evaluation,machine-2-4,tranad_official,1,12,13611,13640,"[5, 3, 1, 2, 6, 32, 35, 34, 0, 19, 25, 14, 31, 21, 18, 23, 27, 10, 22, 13, 20, 30, 15, 11, 33, 24, 8, 12, 29, 7, 36, 9, 16, 37, 28, 4, 26, 17]",1,0.0,0.0,0.0,0.0,0,3,1,0
smd,group23_evaluation,machine-2-4,tranad_official,1,12,13611,13640,"[5, 3, 1, 2, 6, 32, 35, 34, 0, 19, 25, 14, 31, 21, 18, 23, 27, 10, 22, 13, 20, 30, 15, 11, 33, 24, 8, 12, 29, 7, 36, 9, 16, 37, 28, 4, 26, 17]",3,0.0,0.0,0.0,0.0,0,3,3,0
smd,group23_evaluation,machine-2-4,tranad_official,1,12,13611,13640,"[5, 3, 1, 2, 6, 32, 35, 34, 0, 19, 25, 14, 31, 21, 18, 23, 27, 10, 22, 13, 20, 30, 15, 11, 33, 24, 8, 12, 29, 7, 36, 9, 16, 37, 28, 4, 26, 17]",5,0.0,0.0,0.0,0.0,0,3,5,0
smd,group23_evaluation,machine-2-4,tranad_official,1,13,15056,15059,"[3, 5, 13, 14, 1, 2, 10, 0, 35, 25, 34, 6, 18, 21, 19, 27, 32, 8, 23, 20, 31, 30, 11, 12, 22, 15, 29, 33, 7, 36, 24, 16, 9, 37, 28, 26, 4, 17]",1,0.0,0.0,0.0,0.0,0,3,1,0
smd,group23_evaluation,machine-2-4,tranad_official,1,13,15056,15059,"[3, 5, 13, 14, 1, 2, 10, 0, 35, 25, 34, 6, 18, 21, 19, 27, 32, 8, 23, 20, 31, 30, 11, 12, 22, 15, 29, 33, 7, 36, 24, 16, 9, 37, 28, 26, 4, 17]",3,0.3333333333333333,0.3333333333333333,0.3333333333333333,0.23463936301137822,1,3,3,1
smd,group23_evaluation,machine-2-4,tranad_official,1,13,15056,15059,"[3, 5, 13, 14, 1, 2, 10, 0, 35, 25, 34, 6, 18, 21, 19, 27, 32, 8, 23, 20, 31, 30, 11, 12, 22, 15, 29, 33, 7, 36, 24, 16, 9, 37, 28, 26, 4, 17]",5,0.2,0.3333333333333333,0.25,0.23463936301137822,1,3,5,1
smd,group23_evaluation,machine-2-4,tranad_official,1,14,16525,16696,"[5, 0, 32, 14, 6, 25, 35, 23, 34, 20, 19, 11, 10, 30, 31, 18, 13, 27, 29, 15, 33, 22, 2, 1, 7, 21, 3, 12, 9, 8, 36, 28, 4, 24, 16, 37, 26, 17]",1,0.0,0.0,0.0,0.0,0,6,1,0
smd,group23_evaluation,machine-2-4,tranad_official,1,14,16525,16696,"[5, 0, 32, 14, 6, 25, 35, 23, 34, 20, 19, 11, 10, 30, 31, 18, 13, 27, 29, 15, 33, 22, 2, 1, 7, 21, 3, 12, 9, 8, 36, 28, 4, 24, 16, 37, 26, 17]",3,0.3333333333333333,0.16666666666666666,0.2222222222222222,0.2960819109658652,1,6,3,1
smd,group23_evaluation,machine-2-4,tranad_official,1,14,16525,16696,"[5, 0, 32, 14, 6, 25, 35, 23, 34, 20, 19, 11, 10, 30, 31, 18, 13, 27, 29, 15, 33, 22, 2, 1, 7, 21, 3, 12, 9, 8, 36, 28, 4, 24, 16, 37, 26, 17]",5,0.2,0.16666666666666666,0.1818181818181818,0.21398626473452756,1,6,5,1
smd,group23_evaluation,machine-2-4,tranad_official,1,15,17965,18350,"[5, 0, 22, 6, 32, 14, 30, 23, 10, 11, 18, 20, 35, 2, 34, 25, 19, 27, 3, 15, 33, 21, 31, 7, 13, 12, 1, 9, 8, 36, 29, 4, 24, 28, 16, 37, 26, 17]",1,0.0,0.0,0.0,0.0,0,6,1,0
smd,group23_evaluation,machine-2-4,tranad_official,1,15,17965,18350,"[5, 0, 22, 6, 32, 14, 30, 23, 10, 11, 18, 20, 35, 2, 34, 25, 19, 27, 3, 15, 33, 21, 31, 7, 13, 12, 1, 9, 8, 36, 29, 4, 24, 28, 16, 37, 26, 17]",3,0.3333333333333333,0.16666666666666666,0.2222222222222222,0.2960819109658652,1,6,3,1
smd,group23_evaluation,machine-2-4,tranad_official,1,15,17965,18350,"[5, 0, 22, 6, 32, 14, 30, 23, 10, 11, 18, 20, 35, 2, 34, 25, 19, 27, 3, 15, 33, 21, 31, 7, 13, 12, 1, 9, 8, 36, 29, 4, 24, 28, 16, 37, 26, 17]",5,0.2,0.16666666666666666,0.1818181818181818,0.21398626473452756,1,6,5,1
smd,group23_evaluation,machine-2-4,tranad_official,1,16,18579,18980,"[22, 19, 6, 30, 24, 21, 25, 36, 23, 1, 29, 5, 3, 10, 2, 15, 14, 33, 31, 34, 35, 32, 28, 0, 13, 16, 9, 27, 18, 20, 11, 17, 4, 12, 8, 26, 7, 37]",1,1.0,0.047619047619047616,0.0909090909090909,1.0,1,21,1,1
smd,group23_evaluation,machine-2-4,tranad_official,1,16,18579,18980,"[22, 19, 6, 30, 24, 21, 25, 36, 23, 1, 29, 5, 3, 10, 2, 15, 14, 33, 31, 34, 35, 32, 28, 0, 13, 16, 9, 27, 18, 20, 11, 17, 4, 12, 8, 26, 7, 37]",3,1.0,0.14285714285714285,0.25,1.0,1,21,3,3
smd,group23_evaluation,machine-2-4,tranad_official,1,16,18579,18980,"[22, 19, 6, 30, 24, 21, 25, 36, 23, 1, 29, 5, 3, 10, 2, 15, 14, 33, 31, 34, 35, 32, 28, 0, 13, 16, 9, 27, 18, 20, 11, 17, 4, 12, 8, 26, 7, 37]",5,1.0,0.23809523809523808,0.3846153846153846,1.0,1,21,5,5
smd,group23_evaluation,machine-2-4,tranad_official,1,17,19404,19741,"[6, 25, 23, 0, 22, 32, 5, 14, 35, 20, 27, 2, 10, 11, 34, 19, 30, 3, 33, 24, 31, 15, 18, 21, 13, 1, 9, 7, 12, 29, 16, 8, 28, 37, 36, 4, 26, 17]",1,0.0,0.0,0.0,0.0,0,6,1,0
smd,group23_evaluation,machine-2-4,tranad_official,1,17,19404,19741,"[6, 25, 23, 0, 22, 32, 5, 14, 35, 20, 27, 2, 10, 11, 34, 19, 30, 3, 33, 24, 31, 15, 18, 21, 13, 1, 9, 7, 12, 29, 16, 8, 28, 37, 36, 4, 26, 17]",3,0.0,0.0,0.0,0.0,0,6,3,0
smd,group23_evaluation,machine-2-4,tranad_official,1,17,19404,19741,"[6, 25, 23, 0, 22, 32, 5, 14, 35, 20, 27, 2, 10, 11, 34, 19, 30, 3, 33, 24, 31, 15, 18, 21, 13, 1, 9, 7, 12, 29, 16, 8, 28, 37, 36, 4, 26, 17]",5,0.2,0.16666666666666666,0.1818181818181818,0.14606834984270645,1,6,5,1
smd,group23_evaluation,machine-2-4,tranad_official,1,18,20844,20854,"[6, 25, 23, 14, 22, 32, 0, 13, 35, 5, 34, 18, 24, 19, 11, 31, 21, 15, 20, 27, 30, 33, 8, 12, 1, 7, 29, 9, 3, 10, 16, 28, 36, 2, 37, 26, 4, 17]",1,0.0,0.0,0.0,0.0,0,5,1,0
smd,group23_evaluation,machine-2-4,tranad_official,1,18,20844,20854,"[6, 25, 23, 14, 22, 32, 0, 13, 35, 5, 34, 18, 24, 19, 11, 31, 21, 15, 20, 27, 30, 33, 8, 12, 1, 7, 29, 9, 3, 10, 16, 28, 36, 2, 37, 26, 4, 17]",3,0.0,0.0,0.0,0.0,0,5,3,0
smd,group23_evaluation,machine-2-4,tranad_official,1,18,20844,20854,"[6, 25, 23, 14, 22, 32, 0, 13, 35, 5, 34, 18, 24, 19, 11, 31, 21, 15, 20, 27, 30, 33, 8, 12, 1, 7, 29, 9, 3, 10, 16, 28, 36, 2, 37, 26, 4, 17]",5,0.0,0.0,0.0,0.0,0,5,5,0
smd,group23_evaluation,machine-2-4,tranad_official,1,19,22284,22294,"[6, 3, 25, 2, 1, 23, 14, 13, 22, 32, 0, 35, 34, 19, 24, 31, 11, 5, 21, 18, 15, 8, 20, 12, 29, 33, 10, 30, 27, 7, 9, 16, 28, 36, 37, 26, 4, 17]",1,0.0,0.0,0.0,0.0,0,4,1,0
smd,group23_evaluation,machine-2-4,tranad_official,1,19,22284,22294,"[6, 3, 25, 2, 1, 23, 14, 13, 22, 32, 0, 35, 34, 19, 24, 31, 11, 5, 21, 18, 15, 8, 20, 12, 29, 33, 10, 30, 27, 7, 9, 16, 28, 36, 37, 26, 4, 17]",3,0.0,0.0,0.0,0.0,0,4,3,0
smd,group23_evaluation,machine-2-4,tranad_official,1,19,22284,22294,"[6, 3, 25, 2, 1, 23, 14, 13, 22, 32, 0, 35, 34, 19, 24, 31, 11, 5, 21, 18, 15, 8, 20, 12, 29, 33, 10, 30, 27, 7, 9, 16, 28, 36, 37, 26, 4, 17]",5,0.0,0.0,0.0,0.0,0,4,5,0
smd,group23_evaluation,machine-2-4,tranad_official,2,0,1012,1016,"[14, 13, 11, 8, 24, 5, 29, 23, 32, 1, 12, 18, 25, 6, 19, 27, 0, 20, 7, 21, 26, 10, 37, 34, 33, 22, 15, 3, 30, 35, 2, 31, 17, 9, 28, 36, 16, 4]",1,1.0,0.2,0.33333333333333337,1.0,1,5,1,1
smd,group23_evaluation,machine-2-4,tranad_official,2,0,1012,1016,"[14, 13, 11, 8, 24, 5, 29, 23, 32, 1, 12, 18, 25, 6, 19, 27, 0, 20, 7, 21, 26, 10, 37, 34, 33, 22, 15, 3, 30, 35, 2, 31, 17, 9, 28, 36, 16, 4]",3,1.0,0.6,0.7499999999999999,1.0,1,5,3,3
smd,group23_evaluation,machine-2-4,tranad_official,2,0,1012,1016,"[14, 13, 11, 8, 24, 5, 29, 23, 32, 1, 12, 18, 25, 6, 19, 27, 0, 20, 7, 21, 26, 10, 37, 34, 33, 22, 15, 3, 30, 35, 2, 31, 17, 9, 28, 36, 16, 4]",5,0.8,0.8,0.8000000000000002,0.8687949224876582,1,5,5,4
smd,group23_evaluation,machine-2-4,tranad_official,2,1,2098,2102,"[13, 5, 32, 6, 14, 20, 24, 18, 27, 30, 11, 1, 21, 19, 23, 22, 37, 25, 12, 7, 26, 34, 8, 17, 35, 10, 2, 0, 9, 36, 28, 15, 29, 3, 16, 31, 4, 33]",1,1.0,0.5,0.6666666666666666,1.0,1,2,1,1
smd,group23_evaluation,machine-2-4,tranad_official,2,1,2098,2102,"[13, 5, 32, 6, 14, 20, 24, 18, 27, 30, 11, 1, 21, 19, 23, 22, 37, 25, 12, 7, 26, 34, 8, 17, 35, 10, 2, 0, 9, 36, 28, 15, 29, 3, 16, 31, 4, 33]",3,0.3333333333333333,0.5,0.4,0.6131471927654584,1,2,3,1
smd,group23_evaluation,machine-2-4,tranad_official,2,1,2098,2102,"[13, 5, 32, 6, 14, 20, 24, 18, 27, 30, 11, 1, 21, 19, 23, 22, 37, 25, 12, 7, 26, 34, 8, 17, 35, 10, 2, 0, 9, 36, 28, 15, 29, 3, 16, 31, 4, 33]",5,0.2,0.5,0.28571428571428575,0.6131471927654584,1,2,5,1
smd,group23_evaluation,machine-2-4,tranad_official,2,2,3538,3542,"[5, 13, 6, 14, 20, 18, 27, 30, 23, 24, 19, 21, 25, 8, 11, 35, 12, 3, 29, 34, 37, 22, 31, 7, 10, 26, 1, 33, 17, 9, 28, 0, 32, 36, 2, 16, 4, 15]",1,0.0,0.0,0.0,0.0,0,3,1,0
smd,group23_evaluation,machine-2-4,tranad_official,2,2,3538,3542,"[5, 13, 6, 14, 20, 18, 27, 30, 23, 24, 19, 21, 25, 8, 11, 35, 12, 3, 29, 34, 37, 22, 31, 7, 10, 26, 1, 33, 17, 9, 28, 0, 32, 36, 2, 16, 4, 15]",3,0.3333333333333333,0.3333333333333333,0.3333333333333333,0.2960819109658652,1,3,3,1
smd,group23_evaluation,machine-2-4,tranad_official,2,2,3538,3542,"[5, 13, 6, 14, 20, 18, 27, 30, 23, 24, 19, 21, 25, 8, 11, 35, 12, 3, 29, 34, 37, 22, 31, 7, 10, 26, 1, 33, 17, 9, 28, 0, 32, 36, 2, 16, 4, 15]",5,0.2,0.3333333333333333,0.25,0.2960819109658652,1,3,5,1
smd,group23_evaluation,machine-2-4,tranad_official,2,3,4576,4579,"[10, 15, 6, 22, 5, 24, 29, 3, 18, 20, 23, 30, 27, 21, 25, 32, 1, 35, 2, 19, 0, 37, 36, 31, 13, 14, 9, 12, 11, 17, 8, 7, 16, 4, 28, 33, 26, 34]",1,1.0,0.5,0.6666666666666666,1.0,1,2,1,1
smd,group23_evaluation,machine-2-4,tranad_official,2,3,4576,4579,"[10, 15, 6, 22, 5, 24, 29, 3, 18, 20, 23, 30, 27, 21, 25, 32, 1, 35, 2, 19, 0, 37, 36, 31, 13, 14, 9, 12, 11, 17, 8, 7, 16, 4, 28, 33, 26, 34]",3,0.6666666666666666,1.0,0.8,1.0,1,2,3,2
smd,group23_evaluation,machine-2-4,tranad_official,2,3,4576,4579,"[10, 15, 6, 22, 5, 24, 29, 3, 18, 20, 23, 30, 27, 21, 25, 32, 1, 35, 2, 19, 0, 37, 36, 31, 13, 14, 9, 12, 11, 17, 8, 7, 16, 4, 28, 33, 26, 34]",5,0.4,1.0,0.5714285714285715,1.0,1,2,5,2
smd,group23_evaluation,machine-2-4,tranad_official,2,4,4976,4980,"[14, 13, 32, 5, 23, 20, 24, 8, 27, 25, 30, 11, 18, 19, 10, 6, 21, 33, 0, 37, 12, 34, 22, 7, 31, 35, 26, 29, 17, 9, 28, 36, 1, 16, 4, 2, 3, 15]",1,0.0,0.0,0.0,0.0,0,3,1,0
smd,group23_evaluation,machine-2-4,tranad_official,2,4,4976,4980,"[14, 13, 32, 5, 23, 20, 24, 8, 27, 25, 30, 11, 18, 19, 10, 6, 21, 33, 0, 37, 12, 34, 22, 7, 31, 35, 26, 29, 17, 9, 28, 36, 1, 16, 4, 2, 3, 15]",3,0.3333333333333333,0.3333333333333333,0.3333333333333333,0.2960819109658652,1,3,3,1
smd,group23_evaluation,machine-2-4,tranad_official,2,4,4976,4980,"[14, 13, 32, 5, 23, 20, 24, 8, 27, 25, 30, 11, 18, 19, 10, 6, 21, 33, 0, 37, 12, 34, 22, 7, 31, 35, 26, 29, 17, 9, 28, 36, 1, 16, 4, 2, 3, 15]",5,0.2,0.3333333333333333,0.25,0.2960819109658652,1,3,5,1
smd,group23_evaluation,machine-2-4,tranad_official,2,5,5099,5380,"[0, 23, 14, 6, 5, 25, 32, 24, 11, 10, 33, 18, 30, 27, 7, 29, 3, 21, 20, 37, 34, 12, 1, 26, 15, 35, 2, 19, 31, 22, 13, 17, 28, 9, 36, 16, 8, 4]",1,1.0,0.2,0.33333333333333337,1.0,1,5,1,1
smd,group23_evaluation,machine-2-4,tranad_official,2,5,5099,5380,"[0, 23, 14, 6, 5, 25, 32, 24, 11, 10, 33, 18, 30, 27, 7, 29, 3, 21, 20, 37, 34, 12, 1, 26, 15, 35, 2, 19, 31, 22, 13, 17, 28, 9, 36, 16, 8, 4]",3,0.3333333333333333,0.2,0.25,0.46927872602275644,1,5,3,1
smd,group23_evaluation,machine-2-4,tranad_official,2,5,5099,5380,"[0, 23, 14, 6, 5, 25, 32, 24, 11, 10, 33, 18, 30, 27, 7, 29, 3, 21, 20, 37, 34, 12, 1, 26, 15, 35, 2, 19, 31, 22, 13, 17, 28, 9, 36, 16, 8, 4]",5,0.2,0.2,0.20000000000000004,0.3391602052736161,1,5,5,1
smd,group23_evaluation,machine-2-4,tranad_official,2,6,6416,6419,"[14, 13, 5, 6, 32, 35, 19, 34, 20, 30, 27, 31, 25, 23, 18, 8, 24, 21, 10, 11, 1, 12, 29, 3, 2, 33, 37, 22, 7, 26, 17, 9, 36, 28, 15, 16, 4, 0]",1,0.0,0.0,0.0,0.0,0,3,1,0
smd,group23_evaluation,machine-2-4,tranad_official,2,6,6416,6419,"[14, 13, 5, 6, 32, 35, 19, 34, 20, 30, 27, 31, 25, 23, 18, 8, 24, 21, 10, 11, 1, 12, 29, 3, 2, 33, 37, 22, 7, 26, 17, 9, 36, 28, 15, 16, 4, 0]",3,0.3333333333333333,0.3333333333333333,0.3333333333333333,0.2960819109658652,1,3,3,1
smd,group23_evaluation,machine-2-4,tranad_official,2,6,6416,6419,"[14, 13, 5, 6, 32, 35, 19, 34, 20, 30, 27, 31, 25, 23, 18, 8, 24, 21, 10, 11, 1, 12, 29, 3, 2, 33, 37, 22, 7, 26, 17, 9, 36, 28, 15, 16, 4, 0]",5,0.2,0.3333333333333333,0.25,0.2960819109658652,1,3,5,1
smd,group23_evaluation,machine-2-4,tranad_official,2,7,7856,7859,"[13, 14, 5, 23, 32, 25, 35, 20, 8, 34, 10, 11, 27, 12, 18, 24, 30, 31, 19, 6, 37, 33, 21, 7, 17, 3, 26, 22, 1, 9, 0, 36, 29, 28, 16, 4, 2, 15]",1,1.0,0.3333333333333333,0.5,1.0,1,3,1,1
smd,group23_evaluation,machine-2-4,tranad_official,2,7,7856,7859,"[13, 14, 5, 23, 32, 25, 35, 20, 8, 34, 10, 11, 27, 12, 18, 24, 30, 31, 19, 6, 37, 33, 21, 7, 17, 3, 26, 22, 1, 9, 0, 36, 29, 28, 16, 4, 2, 15]",3,0.3333333333333333,0.3333333333333333,0.3333333333333333,0.46927872602275644,1,3,3,1
smd,group23_evaluation,machine-2-4,tranad_official,2,7,7856,7859,"[13, 14, 5, 23, 32, 25, 35, 20, 8, 34, 10, 11, 27, 12, 18, 24, 30, 31, 19, 6, 37, 33, 21, 7, 17, 3, 26, 22, 1, 9, 0, 36, 29, 28, 16, 4, 2, 15]",5,0.2,0.3333333333333333,0.25,0.46927872602275644,1,3,5,1
smd,group23_evaluation,machine-2-4,tranad_official,2,8,9296,9300,"[32, 5, 13, 14, 35, 19, 6, 34, 30, 23, 20, 27, 22, 18, 25, 31, 21, 11, 24, 1, 3, 10, 2, 37, 29, 33, 0, 17, 7, 12, 26, 36, 9, 8, 16, 28, 4, 15]",1,0.0,0.0,0.0,0.0,0,1,1,0
smd,group23_evaluation,machine-2-4,tranad_official,2,8,9296,9300,"[32, 5, 13, 14, 35, 19, 6, 34, 30, 23, 20, 27, 22, 18, 25, 31, 21, 11, 24, 1, 3, 10, 2, 37, 29, 33, 0, 17, 7, 12, 26, 36, 9, 8, 16, 28, 4, 15]",3,0.3333333333333333,1.0,0.5,0.5,1,1,3,1
smd,group23_evaluation,machine-2-4,tranad_official,2,8,9296,9300,"[32, 5, 13, 14, 35, 19, 6, 34, 30, 23, 20, 27, 22, 18, 25, 31, 21, 11, 24, 1, 3, 10, 2, 37, 29, 33, 0, 17, 7, 12, 26, 36, 9, 8, 16, 28, 4, 15]",5,0.2,1.0,0.33333333333333337,0.5,1,1,5,1
smd,group23_evaluation,machine-2-4,tranad_official,2,9,9473,9505,"[5, 32, 11, 6, 35, 34, 23, 19, 31, 0, 25, 10, 27, 18, 30, 3, 33, 20, 21, 2, 7, 24, 26, 12, 1, 37, 15, 14, 29, 22, 17, 9, 28, 36, 13, 16, 8, 4]",1,0.0,0.0,0.0,0.0,0,1,1,0
smd,group23_evaluation,machine-2-4,tranad_official,2,9,9473,9505,"[5, 32, 11, 6, 35, 34, 23, 19, 31, 0, 25, 10, 27, 18, 30, 3, 33, 20, 21, 2, 7, 24, 26, 12, 1, 37, 15, 14, 29, 22, 17, 9, 28, 36, 13, 16, 8, 4]",3,0.3333333333333333,1.0,0.5,0.5,1,1,3,1
smd,group23_evaluation,machine-2-4,tranad_official,2,9,9473,9505,"[5, 32, 11, 6, 35, 34, 23, 19, 31, 0, 25, 10, 27, 18, 30, 3, 33, 20, 21, 2, 7, 24, 26, 12, 1, 37, 15, 14, 29, 22, 17, 9, 28, 36, 13, 16, 8, 4]",5,0.2,1.0,0.33333333333333337,0.5,1,1,5,1
smd,group23_evaluation,machine-2-4,tranad_official,2,10,10736,10739,"[5, 14, 13, 6, 32, 20, 18, 27, 30, 35, 19, 21, 34, 23, 24, 8, 31, 25, 22, 3, 2, 11, 12, 1, 29, 0, 33, 37, 10, 7, 26, 17, 36, 9, 28, 16, 4, 15]",1,0.0,0.0,0.0,0.0,0,3,1,0
smd,group23_evaluation,machine-2-4,tranad_official,2,10,10736,10739,"[5, 14, 13, 6, 32, 20, 18, 27, 30, 35, 19, 21, 34, 23, 24, 8, 31, 25, 22, 3, 2, 11, 12, 1, 29, 0, 33, 37, 10, 7, 26, 17, 36, 9, 28, 16, 4, 15]",3,0.3333333333333333,0.3333333333333333,0.3333333333333333,0.23463936301137822,1,3,3,1
smd,group23_evaluation,machine-2-4,tranad_official,2,10,10736,10739,"[5, 14, 13, 6, 32, 20, 18, 27, 30, 35, 19, 21, 34, 23, 24, 8, 31, 25, 22, 3, 2, 11, 12, 1, 29, 0, 33, 37, 10, 7, 26, 17, 36, 9, 28, 16, 4, 15]",5,0.2,0.3333333333333333,0.25,0.23463936301137822,1,3,5,1
smd,group23_evaluation,machine-2-4,tranad_official,2,11,12176,12179,"[14, 13, 3, 2, 1, 0, 5, 35, 10, 34, 19, 32, 22, 8, 30, 31, 27, 20, 29, 11, 21, 25, 18, 12, 23, 6, 24, 37, 33, 7, 26, 17, 9, 36, 16, 28, 4, 15]",1,0.0,0.0,0.0,0.0,0,3,1,0
smd,group23_evaluation,machine-2-4,tranad_official,2,11,12176,12179,"[14, 13, 3, 2, 1, 0, 5, 35, 10, 34, 19, 32, 22, 8, 30, 31, 27, 20, 29, 11, 21, 25, 18, 12, 23, 6, 24, 37, 33, 7, 26, 17, 9, 36, 16, 28, 4, 15]",3,0.3333333333333333,0.3333333333333333,0.3333333333333333,0.2960819109658652,1,3,3,1
smd,group23_evaluation,machine-2-4,tranad_official,2,11,12176,12179,"[14, 13, 3, 2, 1, 0, 5, 35, 10, 34, 19, 32, 22, 8, 30, 31, 27, 20, 29, 11, 21, 25, 18, 12, 23, 6, 24, 37, 33, 7, 26, 17, 9, 36, 16, 28, 4, 15]",5,0.2,0.3333333333333333,0.25,0.2960819109658652,1,3,5,1
smd,group23_evaluation,machine-2-4,tranad_official,2,12,13611,13640,"[5, 3, 2, 1, 6, 32, 0, 35, 29, 34, 14, 31, 23, 30, 25, 27, 13, 19, 10, 18, 20, 22, 21, 15, 11, 24, 33, 8, 37, 12, 7, 26, 17, 9, 36, 16, 28, 4]",1,0.0,0.0,0.0,0.0,0,3,1,0
smd,group23_evaluation,machine-2-4,tranad_official,2,12,13611,13640,"[5, 3, 2, 1, 6, 32, 0, 35, 29, 34, 14, 31, 23, 30, 25, 27, 13, 19, 10, 18, 20, 22, 21, 15, 11, 24, 33, 8, 37, 12, 7, 26, 17, 9, 36, 16, 28, 4]",3,0.0,0.0,0.0,0.0,0,3,3,0
smd,group23_evaluation,machine-2-4,tranad_official,2,12,13611,13640,"[5, 3, 2, 1, 6, 32, 0, 35, 29, 34, 14, 31, 23, 30, 25, 27, 13, 19, 10, 18, 20, 22, 21, 15, 11, 24, 33, 8, 37, 12, 7, 26, 17, 9, 36, 16, 28, 4]",5,0.0,0.0,0.0,0.0,0,3,5,0
smd,group23_evaluation,machine-2-4,tranad_official,2,13,15056,15059,"[3, 2, 13, 5, 14, 1, 6, 0, 10, 32, 30, 23, 27, 8, 35, 25, 20, 18, 31, 21, 29, 34, 19, 11, 12, 22, 15, 24, 33, 37, 7, 26, 17, 9, 36, 16, 28, 4]",1,0.0,0.0,0.0,0.0,0,3,1,0
smd,group23_evaluation,machine-2-4,tranad_official,2,13,15056,15059,"[3, 2, 13, 5, 14, 1, 6, 0, 10, 32, 30, 23, 27, 8, 35, 25, 20, 18, 31, 21, 29, 34, 19, 11, 12, 22, 15, 24, 33, 37, 7, 26, 17, 9, 36, 16, 28, 4]",3,0.3333333333333333,0.3333333333333333,0.3333333333333333,0.23463936301137822,1,3,3,1
smd,group23_evaluation,machine-2-4,tranad_official,2,13,15056,15059,"[3, 2, 13, 5, 14, 1, 6, 0, 10, 32, 30, 23, 27, 8, 35, 25, 20, 18, 31, 21, 29, 34, 19, 11, 12, 22, 15, 24, 33, 37, 7, 26, 17, 9, 36, 16, 28, 4]",5,0.2,0.3333333333333333,0.25,0.23463936301137822,1,3,5,1
smd,group23_evaluation,machine-2-4,tranad_official,2,14,16525,16696,"[0, 32, 5, 6, 14, 23, 25, 35, 31, 19, 34, 24, 11, 10, 13, 18, 27, 15, 30, 33, 20, 1, 22, 21, 7, 37, 12, 29, 26, 3, 2, 17, 8, 28, 9, 36, 16, 4]",1,1.0,0.16666666666666666,0.2857142857142857,1.0,1,6,1,1
smd,group23_evaluation,machine-2-4,tranad_official,2,14,16525,16696,"[0, 32, 5, 6, 14, 23, 25, 35, 31, 19, 34, 24, 11, 10, 13, 18, 27, 15, 30, 33, 20, 1, 22, 21, 7, 37, 12, 29, 26, 3, 2, 17, 8, 28, 9, 36, 16, 4]",3,0.3333333333333333,0.16666666666666666,0.2222222222222222,0.46927872602275644,1,6,3,1
smd,group23_evaluation,machine-2-4,tranad_official,2,14,16525,16696,"[0, 32, 5, 6, 14, 23, 25, 35, 31, 19, 34, 24, 11, 10, 13, 18, 27, 15, 30, 33, 20, 1, 22, 21, 7, 37, 12, 29, 26, 3, 2, 17, 8, 28, 9, 36, 16, 4]",5,0.2,0.16666666666666666,0.1818181818181818,0.3391602052736161,1,6,5,1
smd,group23_evaluation,machine-2-4,tranad_official,2,15,17965,18350,"[5, 0, 6, 32, 22, 14, 23, 24, 11, 10, 25, 19, 35, 34, 15, 31, 33, 30, 3, 27, 18, 21, 7, 13, 20, 37, 1, 12, 26, 2, 29, 17, 28, 9, 8, 36, 16, 4]",1,0.0,0.0,0.0,0.0,0,6,1,0
smd,group23_evaluation,machine-2-4,tranad_official,2,15,17965,18350,"[5, 0, 6, 32, 22, 14, 23, 24, 11, 10, 25, 19, 35, 34, 15, 31, 33, 30, 3, 27, 18, 21, 7, 13, 20, 37, 1, 12, 26, 2, 29, 17, 28, 9, 8, 36, 16, 4]",3,0.3333333333333333,0.16666666666666666,0.2222222222222222,0.2960819109658652,1,6,3,1
smd,group23_evaluation,machine-2-4,tranad_official,2,15,17965,18350,"[5, 0, 6, 32, 22, 14, 23, 24, 11, 10, 25, 19, 35, 34, 15, 31, 33, 30, 3, 27, 18, 21, 7, 13, 20, 37, 1, 12, 26, 2, 29, 17, 28, 9, 8, 36, 16, 4]",5,0.2,0.16666666666666666,0.1818181818181818,0.21398626473452756,1,6,5,1
smd,group23_evaluation,machine-2-4,tranad_official,2,16,18579,18980,"[22, 19, 17, 25, 9, 13, 28, 37, 23, 5, 29, 16, 21, 14, 30, 2, 4, 3, 12, 24, 31, 35, 27, 0, 34, 1, 32, 20, 18, 6, 10, 11, 26, 15, 8, 33, 36, 7]",1,1.0,0.047619047619047616,0.0909090909090909,1.0,1,21,1,1
smd,group23_evaluation,machine-2-4,tranad_official,2,16,18579,18980,"[22, 19, 17, 25, 9, 13, 28, 37, 23, 5, 29, 16, 21, 14, 30, 2, 4, 3, 12, 24, 31, 35, 27, 0, 34, 1, 32, 20, 18, 6, 10, 11, 26, 15, 8, 33, 36, 7]",3,0.6666666666666666,0.09523809523809523,0.16666666666666666,0.7653606369886217,1,21,3,2
smd,group23_evaluation,machine-2-4,tranad_official,2,16,18579,18980,"[22, 19, 17, 25, 9, 13, 28, 37, 23, 5, 29, 16, 21, 14, 30, 2, 4, 3, 12, 24, 31, 35, 27, 0, 34, 1, 32, 20, 18, 6, 10, 11, 26, 15, 8, 33, 36, 7]",5,0.8,0.19047619047619047,0.3076923076923077,0.830419897363192,1,21,5,4
smd,group23_evaluation,machine-2-4,tranad_official,2,17,19404,19741,"[6, 23, 25, 0, 22, 32, 5, 14, 24, 35, 34, 11, 19, 31, 10, 15, 33, 21, 30, 13, 27, 18, 20, 3, 1, 12, 7, 26, 2, 29, 37, 17, 8, 9, 36, 28, 16, 4]",1,0.0,0.0,0.0,0.0,0,6,1,0
smd,group23_evaluation,machine-2-4,tranad_official,2,17,19404,19741,"[6, 23, 25, 0, 22, 32, 5, 14, 24, 35, 34, 11, 19, 31, 10, 15, 33, 21, 30, 13, 27, 18, 20, 3, 1, 12, 7, 26, 2, 29, 37, 17, 8, 9, 36, 28, 16, 4]",3,0.0,0.0,0.0,0.0,0,6,3,0
smd,group23_evaluation,machine-2-4,tranad_official,2,17,19404,19741,"[6, 23, 25, 0, 22, 32, 5, 14, 24, 35, 34, 11, 19, 31, 10, 15, 33, 21, 30, 13, 27, 18, 20, 3, 1, 12, 7, 26, 2, 29, 37, 17, 8, 9, 36, 28, 16, 4]",5,0.2,0.16666666666666666,0.1818181818181818,0.14606834984270645,1,6,5,1
smd,group23_evaluation,machine-2-4,tranad_official,2,18,20844,20854,"[6, 23, 25, 14, 0, 32, 22, 13, 24, 5, 35, 34, 20, 27, 18, 21, 19, 30, 31, 11, 15, 3, 29, 1, 8, 12, 2, 33, 7, 26, 37, 10, 17, 9, 36, 28, 16, 4]",1,0.0,0.0,0.0,0.0,0,5,1,0
smd,group23_evaluation,machine-2-4,tranad_official,2,18,20844,20854,"[6, 23, 25, 14, 0, 32, 22, 13, 24, 5, 35, 34, 20, 27, 18, 21, 19, 30, 31, 11, 15, 3, 29, 1, 8, 12, 2, 33, 7, 26, 37, 10, 17, 9, 36, 28, 16, 4]",3,0.0,0.0,0.0,0.0,0,5,3,0
smd,group23_evaluation,machine-2-4,tranad_official,2,18,20844,20854,"[6, 23, 25, 14, 0, 32, 22, 13, 24, 5, 35, 34, 20, 27, 18, 21, 19, 30, 31, 11, 15, 3, 29, 1, 8, 12, 2, 33, 7, 26, 37, 10, 17, 9, 36, 28, 16, 4]",5,0.2,0.2,0.20000000000000004,0.13120507751234178,1,5,5,1
smd,group23_evaluation,machine-2-4,tranad_official,2,19,22284,22294,"[6, 3, 2, 23, 25, 1, 14, 0, 13, 32, 22, 24, 35, 34, 31, 19, 27, 30, 21, 11, 20, 18, 5, 8, 15, 12, 33, 29, 7, 37, 26, 10, 17, 9, 36, 28, 16, 4]",1,0.0,0.0,0.0,0.0,0,4,1,0
smd,group23_evaluation,machine-2-4,tranad_official,2,19,22284,22294,"[6, 3, 2, 23, 25, 1, 14, 0, 13, 32, 22, 24, 35, 34, 31, 19, 27, 30, 21, 11, 20, 18, 5, 8, 15, 12, 33, 29, 7, 37, 26, 10, 17, 9, 36, 28, 16, 4]",3,0.0,0.0,0.0,0.0,0,4,3,0
smd,group23_evaluation,machine-2-4,tranad_official,2,19,22284,22294,"[6, 3, 2, 23, 25, 1, 14, 0, 13, 32, 22, 24, 35, 34, 31, 19, 27, 30, 21, 11, 20, 18, 5, 8, 15, 12, 33, 29, 7, 37, 26, 10, 17, 9, 36, 28, 16, 4]",5,0.0,0.0,0.0,0.0,0,4,5,0
smd,group23_evaluation,machine-2-5,tranad_official,0,0,2585,2588,"[31, 6, 15, 12, 9, 29, 10, 11, 18, 25, 13, 27, 5, 20, 23, 21, 30, 8, 35, 34, 0, 4, 28, 2, 16, 7, 22, 37, 14, 36, 26, 32, 24, 33, 17, 3, 1, 19]",1,0.0,0.0,0.0,0.0,0,2,1,0
smd,group23_evaluation,machine-2-5,tranad_official,0,0,2585,2588,"[31, 6, 15, 12, 9, 29, 10, 11, 18, 25, 13, 27, 5, 20, 23, 21, 30, 8, 35, 34, 0, 4, 28, 2, 16, 7, 22, 37, 14, 36, 26, 32, 24, 33, 17, 3, 1, 19]",3,0.0,0.0,0.0,0.0,0,2,3,0
smd,group23_evaluation,machine-2-5,tranad_official,0,0,2585,2588,"[31, 6, 15, 12, 9, 29, 10, 11, 18, 25, 13, 27, 5, 20, 23, 21, 30, 8, 35, 34, 0, 4, 28, 2, 16, 7, 22, 37, 14, 36, 26, 32, 24, 33, 17, 3, 1, 19]",5,0.4,1.0,0.5714285714285715,0.5012658353418871,1,2,5,2
smd,group23_evaluation,machine-2-5,tranad_official,0,1,4978,4983,"[13, 8, 14, 11, 5, 12, 6, 31, 25, 29, 9, 10, 30, 3, 18, 20, 23, 17, 28, 21, 4, 32, 2, 26, 27, 16, 15, 34, 35, 33, 22, 24, 0, 7, 1, 19, 36, 37]",1,1.0,0.5,0.6666666666666666,1.0,1,2,1,1
smd,group23_evaluation,machine-2-5,tranad_official,0,1,4978,4983,"[13, 8, 14, 11, 5, 12, 6, 31, 25, 29, 9, 10, 30, 3, 18, 20, 23, 17, 28, 21, 4, 32, 2, 26, 27, 16, 15, 34, 35, 33, 22, 24, 0, 7, 1, 19, 36, 37]",3,0.3333333333333333,0.5,0.4,0.6131471927654584,1,2,3,1
smd,group23_evaluation,machine-2-5,tranad_official,0,1,4978,4983,"[13, 8, 14, 11, 5, 12, 6, 31, 25, 29, 9, 10, 30, 3, 18, 20, 23, 17, 28, 21, 4, 32, 2, 26, 27, 16, 15, 34, 35, 33, 22, 24, 0, 7, 1, 19, 36, 37]",5,0.2,0.5,0.28571428571428575,0.6131471927654584,1,2,5,1
smd,group23_evaluation,machine-2-5,tranad_official,0,2,5100,5391,"[0, 6, 11, 25, 5, 14, 31, 13, 8, 23, 10, 15, 12, 9, 22, 30, 20, 24, 3, 18, 34, 17, 35, 28, 21, 29, 26, 32, 4, 16, 2, 27, 33, 1, 19, 7, 36, 37]",1,1.0,0.16666666666666666,0.2857142857142857,1.0,1,6,1,1
smd,group23_evaluation,machine-2-5,tranad_official,0,2,5100,5391,"[0, 6, 11, 25, 5, 14, 31, 13, 8, 23, 10, 15, 12, 9, 22, 30, 20, 24, 3, 18, 34, 17, 35, 28, 21, 29, 26, 32, 4, 16, 2, 27, 33, 1, 19, 7, 36, 37]",3,0.6666666666666666,0.3333333333333333,0.4444444444444444,0.7039180890341347,1,6,3,2
smd,group23_evaluation,machine-2-5,tranad_official,0,2,5100,5391,"[0, 6, 11, 25, 5, 14, 31, 13, 8, 23, 10, 15, 12, 9, 22, 30, 20, 24, 3, 18, 34, 17, 35, 28, 21, 29, 26, 32, 4, 16, 2, 27, 33, 1, 19, 7, 36, 37]",5,0.4,0.3333333333333333,0.3636363636363636,0.5087403079104241,1,6,5,2
smd,group23_evaluation,machine-2-5,tranad_official,0,3,6023,6026,"[33, 25, 23, 6, 20, 31, 27, 5, 10, 15, 11, 28, 22, 24, 4, 7, 13, 2, 29, 9, 32, 16, 18, 12, 35, 36, 14, 8, 37, 3, 19, 26, 30, 17, 0, 34, 21, 1]",1,1.0,0.5,0.6666666666666666,1.0,1,2,1,1
smd,group23_evaluation,machine-2-5,tranad_official,0,3,6023,6026,"[33, 25, 23, 6, 20, 31, 27, 5, 10, 15, 11, 28, 22, 24, 4, 7, 13, 2, 29, 9, 32, 16, 18, 12, 35, 36, 14, 8, 37, 3, 19, 26, 30, 17, 0, 34, 21, 1]",3,0.3333333333333333,0.5,0.4,0.6131471927654584,1,2,3,1
smd,group23_evaluation,machine-2-5,tranad_official,0,3,6023,6026,"[33, 25, 23, 6, 20, 31, 27, 5, 10, 15, 11, 28, 22, 24, 4, 7, 13, 2, 29, 9, 32, 16, 18, 12, 35, 36, 14, 8, 37, 3, 19, 26, 30, 17, 0, 34, 21, 1]",5,0.2,0.5,0.28571428571428575,0.6131471927654584,1,2,5,1
smd,group23_evaluation,machine-2-5,tranad_official,0,4,6417,6420,"[8, 13, 14, 12, 11, 5, 6, 29, 30, 9, 10, 21, 3, 20, 18, 25, 28, 31, 17, 23, 32, 26, 2, 4, 35, 27, 16, 22, 15, 33, 24, 34, 1, 7, 19, 36, 0, 37]",1,1.0,0.25,0.4,1.0,1,4,1,1
smd,group23_evaluation,machine-2-5,tranad_official,0,4,6417,6420,"[8, 13, 14, 12, 11, 5, 6, 29, 30, 9, 10, 21, 3, 20, 18, 25, 28, 31, 17, 23, 32, 26, 2, 4, 35, 27, 16, 22, 15, 33, 24, 34, 1, 7, 19, 36, 0, 37]",3,1.0,0.75,0.8571428571428571,1.0,1,4,3,3
smd,group23_evaluation,machine-2-5,tranad_official,0,4,6417,6420,"[8, 13, 14, 12, 11, 5, 6, 29, 30, 9, 10, 21, 3, 20, 18, 25, 28, 31, 17, 23, 32, 26, 2, 4, 35, 27, 16, 22, 15, 33, 24, 34, 1, 7, 19, 36, 0, 37]",5,0.8,1.0,0.888888888888889,1.0,1,4,5,4
smd,group23_evaluation,machine-2-5,tranad_official,0,5,7255,7258,"[12, 9, 13, 8, 22, 6, 23, 25, 24, 31, 34, 35, 10, 15, 21, 4, 11, 28, 29, 7, 2, 16, 30, 3, 18, 26, 33, 17, 32, 5, 36, 37, 0, 20, 1, 14, 19, 27]",1,1.0,0.5,0.6666666666666666,1.0,1,2,1,1
smd,group23_evaluation,machine-2-5,tranad_official,0,5,7255,7258,"[12, 9, 13, 8, 22, 6, 23, 25, 24, 31, 34, 35, 10, 15, 21, 4, 11, 28, 29, 7, 2, 16, 30, 3, 18, 26, 33, 17, 32, 5, 36, 37, 0, 20, 1, 14, 19, 27]",3,0.6666666666666666,1.0,0.8,1.0,1,2,3,2
smd,group23_evaluation,machine-2-5,tranad_official,0,5,7255,7258,"[12, 9, 13, 8, 22, 6, 23, 25, 24, 31, 34, 35, 10, 15, 21, 4, 11, 28, 29, 7, 2, 16, 30, 3, 18, 26, 33, 17, 32, 5, 36, 37, 0, 20, 1, 14, 19, 27]",5,0.4,1.0,0.5714285714285715,1.0,1,2,5,2
smd,group23_evaluation,machine-2-5,tranad_official,0,6,7857,7860,"[13, 29, 8, 23, 25, 12, 6, 14, 11, 5, 15, 31, 30, 27, 3, 21, 20, 9, 18, 4, 17, 10, 28, 32, 16, 2, 33, 26, 34, 7, 0, 24, 19, 22, 1, 36, 37, 35]",1,1.0,0.5,0.6666666666666666,1.0,1,2,1,1
smd,group23_evaluation,machine-2-5,tranad_official,0,6,7857,7860,"[13, 29, 8, 23, 25, 12, 6, 14, 11, 5, 15, 31, 30, 27, 3, 21, 20, 9, 18, 4, 17, 10, 28, 32, 16, 2, 33, 26, 34, 7, 0, 24, 19, 22, 1, 36, 37, 35]",3,0.3333333333333333,0.5,0.4,0.6131471927654584,1,2,3,1
smd,group23_evaluation,machine-2-5,tranad_official,0,6,7857,7860,"[13, 29, 8, 23, 25, 12, 6, 14, 11, 5, 15, 31, 30, 27, 3, 21, 20, 9, 18, 4, 17, 10, 28, 32, 16, 2, 33, 26, 34, 7, 0, 24, 19, 22, 1, 36, 37, 35]",5,0.2,0.5,0.28571428571428575,0.6131471927654584,1,2,5,1
smd,group23_evaluation,machine-2-5,tranad_official,0,7,9297,9300,"[13, 29, 8, 25, 5, 12, 23, 11, 6, 14, 10, 22, 24, 15, 3, 9, 35, 0, 34, 31, 17, 30, 18, 32, 28, 26, 4, 16, 33, 2, 21, 20, 27, 7, 1, 36, 37, 19]",1,1.0,0.5,0.6666666666666666,1.0,1,2,1,1
smd,group23_evaluation,machine-2-5,tranad_official,0,7,9297,9300,"[13, 29, 8, 25, 5, 12, 23, 11, 6, 14, 10, 22, 24, 15, 3, 9, 35, 0, 34, 31, 17, 30, 18, 32, 28, 26, 4, 16, 33, 2, 21, 20, 27, 7, 1, 36, 37, 19]",3,0.3333333333333333,0.5,0.4,0.6131471927654584,1,2,3,1
smd,group23_evaluation,machine-2-5,tranad_official,0,7,9297,9300,"[13, 29, 8, 25, 5, 12, 23, 11, 6, 14, 10, 22, 24, 15, 3, 9, 35, 0, 34, 31, 17, 30, 18, 32, 28, 26, 4, 16, 33, 2, 21, 20, 27, 7, 1, 36, 37, 19]",5,0.2,0.5,0.28571428571428575,0.6131471927654584,1,2,5,1
smd,group23_evaluation,machine-2-5,tranad_official,0,8,10737,10740,"[8, 13, 29, 14, 12, 11, 6, 31, 18, 5, 20, 27, 23, 25, 10, 22, 24, 3, 9, 0, 15, 17, 28, 4, 19, 30, 16, 26, 2, 32, 34, 33, 35, 1, 7, 21, 36, 37]",1,1.0,0.25,0.4,1.0,1,4,1,1
smd,group23_evaluation,machine-2-5,tranad_official,0,8,10737,10740,"[8, 13, 29, 14, 12, 11, 6, 31, 18, 5, 20, 27, 23, 25, 10, 22, 24, 3, 9, 0, 15, 17, 28, 4, 19, 30, 16, 26, 2, 32, 34, 33, 35, 1, 7, 21, 36, 37]",3,0.6666666666666666,0.5,0.5714285714285715,0.7653606369886217,1,4,3,2
smd,group23_evaluation,machine-2-5,tranad_official,0,8,10737,10740,"[8, 13, 29, 14, 12, 11, 6, 31, 18, 5, 20, 27, 23, 25, 10, 22, 24, 3, 9, 0, 15, 17, 28, 4, 19, 30, 16, 26, 2, 32, 34, 33, 35, 1, 7, 21, 36, 37]",5,0.8,1.0,0.888888888888889,0.9558295932317544,1,4,5,4
smd,group23_evaluation,machine-2-5,tranad_official,0,9,12094,12120,"[29, 0, 3, 1, 2, 6, 25, 23, 31, 22, 5, 24, 11, 10, 35, 13, 34, 27, 9, 15, 21, 20, 17, 30, 14, 18, 4, 28, 16, 19, 32, 26, 7, 12, 33, 8, 37, 36]",1,0.0,0.0,0.0,0.0,0,6,1,0
smd,group23_evaluation,machine-2-5,tranad_official,0,9,12094,12120,"[29, 0, 3, 1, 2, 6, 25, 23, 31, 22, 5, 24, 11, 10, 35, 13, 34, 27, 9, 15, 21, 20, 17, 30, 14, 18, 4, 28, 16, 19, 32, 26, 7, 12, 33, 8, 37, 36]",3,0.6666666666666666,0.3333333333333333,0.4444444444444444,0.5307212739772434,1,6,3,2
smd,group23_evaluation,machine-2-5,tranad_official,0,9,12094,12120,"[29, 0, 3, 1, 2, 6, 25, 23, 31, 22, 5, 24, 11, 10, 35, 13, 34, 27, 9, 15, 21, 20, 17, 30, 14, 18, 4, 28, 16, 19, 32, 26, 7, 12, 33, 8, 37, 36]",5,0.8,0.6666666666666666,0.7272727272727272,0.6608397947263839,1,6,5,4
smd,group23_evaluation,machine-2-5,tranad_official,0,10,12176,12183,"[29, 13, 8, 6, 12, 11, 14, 22, 25, 5, 23, 24, 10, 20, 27, 9, 3, 31, 19, 21, 18, 17, 30, 0, 28, 4, 26, 16, 34, 15, 2, 35, 32, 33, 1, 7, 36, 37]",1,0.0,0.0,0.0,0.0,0,3,1,0
smd,group23_evaluation,machine-2-5,tranad_official,0,10,12176,12183,"[29, 13, 8, 6, 12, 11, 14, 22, 25, 5, 23, 24, 10, 20, 27, 9, 3, 31, 19, 21, 18, 17, 30, 0, 28, 4, 26, 16, 34, 15, 2, 35, 32, 33, 1, 7, 36, 37]",3,0.6666666666666666,0.6666666666666666,0.6666666666666666,0.5307212739772434,1,3,3,2
smd,group23_evaluation,machine-2-5,tranad_official,0,10,12176,12183,"[29, 13, 8, 6, 12, 11, 14, 22, 25, 5, 23, 24, 10, 20, 27, 9, 3, 31, 19, 21, 18, 17, 30, 0, 28, 4, 26, 16, 34, 15, 2, 35, 32, 33, 1, 7, 36, 37]",5,0.6,1.0,0.7499999999999999,0.7122630665145961,1,3,5,3
smd,group23_evaluation,machine-2-5,tranad_official,0,11,13616,13619,"[13, 8, 29, 12, 14, 11, 6, 5, 31, 10, 3, 23, 9, 30, 22, 24, 21, 0, 17, 15, 32, 27, 28, 35, 4, 18, 20, 34, 26, 16, 2, 33, 1, 7, 25, 19, 36, 37]",1,1.0,0.25,0.4,1.0,1,4,1,1
smd,group23_evaluation,machine-2-5,tranad_official,0,11,13616,13619,"[13, 8, 29, 12, 14, 11, 6, 5, 31, 10, 3, 23, 9, 30, 22, 24, 21, 0, 17, 15, 32, 27, 28, 35, 4, 18, 20, 34, 26, 16, 2, 33, 1, 7, 25, 19, 36, 37]",3,0.6666666666666666,0.5,0.5714285714285715,0.7653606369886217,1,4,3,2
smd,group23_evaluation,machine-2-5,tranad_official,0,11,13616,13619,"[13, 8, 29, 12, 14, 11, 6, 5, 31, 10, 3, 23, 9, 30, 22, 24, 21, 0, 17, 15, 32, 27, 28, 35, 4, 18, 20, 34, 26, 16, 2, 33, 1, 7, 25, 19, 36, 37]",5,0.8,1.0,0.888888888888889,0.9558295932317544,1,4,5,4
smd,group23_evaluation,machine-2-5,tranad_official,0,12,15056,15059,"[13, 8, 29, 12, 14, 6, 11, 25, 23, 31, 34, 35, 5, 24, 22, 10, 9, 3, 0, 15, 30, 28, 17, 32, 4, 18, 26, 16, 2, 27, 33, 20, 19, 1, 7, 36, 21, 37]",1,1.0,0.25,0.4,1.0,1,4,1,1
smd,group23_evaluation,machine-2-5,tranad_official,0,12,15056,15059,"[13, 8, 29, 12, 14, 6, 11, 25, 23, 31, 34, 35, 5, 24, 22, 10, 9, 3, 0, 15, 30, 28, 17, 32, 4, 18, 26, 16, 2, 27, 33, 20, 19, 1, 7, 36, 21, 37]",3,0.6666666666666666,0.5,0.5714285714285715,0.7653606369886217,1,4,3,2
smd,group23_evaluation,machine-2-5,tranad_official,0,12,15056,15059,"[13, 8, 29, 12, 14, 6, 11, 25, 23, 31, 34, 35, 5, 24, 22, 10, 9, 3, 0, 15, 30, 28, 17, 32, 4, 18, 26, 16, 2, 27, 33, 20, 19, 1, 7, 36, 21, 37]",5,0.8,1.0,0.888888888888889,0.9558295932317544,1,4,5,4
smd,group23_evaluation,machine-2-5,tranad_official,0,13,16524,16549,"[29, 13, 5, 6, 8, 14, 0, 11, 12, 31, 23, 10, 25, 3, 9, 22, 24, 30, 17, 27, 20, 35, 21, 28, 34, 18, 19, 4, 16, 32, 26, 2, 15, 33, 7, 1, 36, 37]",1,0.0,0.0,0.0,0.0,0,5,1,0
smd,group23_evaluation,machine-2-5,tranad_official,0,13,16524,16549,"[29, 13, 5, 6, 8, 14, 0, 11, 12, 31, 23, 10, 25, 3, 9, 22, 24, 30, 17, 27, 20, 35, 21, 28, 34, 18, 19, 4, 16, 32, 26, 2, 15, 33, 7, 1, 36, 37]",3,0.3333333333333333,0.2,0.25,0.2960819109658652,1,5,3,1
smd,group23_evaluation,machine-2-5,tranad_official,0,13,16524,16549,"[29, 13, 5, 6, 8, 14, 0, 11, 12, 31, 23, 10, 25, 3, 9, 22, 24, 30, 17, 27, 20, 35, 21, 28, 34, 18, 19, 4, 16, 32, 26, 2, 15, 33, 7, 1, 36, 37]",5,0.4,0.4,0.4000000000000001,0.34519134224686937,1,5,5,2
smd,group23_evaluation,machine-2-5,tranad_official,0,14,17960,18331,"[29, 0, 6, 11, 25, 14, 13, 23, 5, 10, 31, 8, 15, 12, 9, 3, 22, 35, 24, 30, 34, 17, 20, 21, 18, 28, 27, 4, 32, 16, 26, 33, 2, 1, 7, 19, 36, 37]",1,0.0,0.0,0.0,0.0,0,6,1,0
smd,group23_evaluation,machine-2-5,tranad_official,0,14,17960,18331,"[29, 0, 6, 11, 25, 14, 13, 23, 5, 10, 31, 8, 15, 12, 9, 3, 22, 35, 24, 30, 34, 17, 20, 21, 18, 28, 27, 4, 32, 16, 26, 33, 2, 1, 7, 19, 36, 37]",3,0.3333333333333333,0.16666666666666666,0.2222222222222222,0.2960819109658652,1,6,3,1
smd,group23_evaluation,machine-2-5,tranad_official,0,14,17960,18331,"[29, 0, 6, 11, 25, 14, 13, 23, 5, 10, 31, 8, 15, 12, 9, 3, 22, 35, 24, 30, 34, 17, 20, 21, 18, 28, 27, 4, 32, 16, 26, 33, 2, 1, 7, 19, 36, 37]",5,0.4,0.3333333333333333,0.3636363636363636,0.36005461457723403,1,6,5,2
smd,group23_evaluation,machine-2-5,tranad_official,0,15,18592,18701,"[15, 10, 18, 20, 27, 30, 21, 29, 34, 35, 11, 31, 22, 24, 25, 5, 0, 23, 6, 37, 19, 36, 14, 13, 8, 3, 16, 12, 7, 2, 33, 1, 4, 32, 9, 28, 26, 17]",1,1.0,0.1,0.18181818181818182,1.0,1,10,1,1
smd,group23_evaluation,machine-2-5,tranad_official,0,15,18592,18701,"[15, 10, 18, 20, 27, 30, 21, 29, 34, 35, 11, 31, 22, 24, 25, 5, 0, 23, 6, 37, 19, 36, 14, 13, 8, 3, 16, 12, 7, 2, 33, 1, 4, 32, 9, 28, 26, 17]",3,1.0,0.3,0.4615384615384615,1.0,1,10,3,3
smd,group23_evaluation,machine-2-5,tranad_official,0,15,18592,18701,"[15, 10, 18, 20, 27, 30, 21, 29, 34, 35, 11, 31, 22, 24, 25, 5, 0, 23, 6, 37, 19, 36, 14, 13, 8, 3, 16, 12, 7, 2, 33, 1, 4, 32, 9, 28, 26, 17]",5,1.0,0.5,0.6666666666666666,1.0,1,10,5,5
smd,group23_evaluation,machine-2-5,tranad_official,0,16,18880,18951,"[28, 18, 20, 27, 15, 10, 31, 21, 30, 34, 35, 13, 22, 0, 24, 25, 23, 6, 29, 3, 26, 2, 5, 11, 19, 1, 33, 37, 8, 14, 7, 16, 4, 36, 12, 32, 9, 17]",1,1.0,0.045454545454545456,0.08695652173913045,1.0,1,22,1,1
smd,group23_evaluation,machine-2-5,tranad_official,0,16,18880,18951,"[28, 18, 20, 27, 15, 10, 31, 21, 30, 34, 35, 13, 22, 0, 24, 25, 23, 6, 29, 3, 26, 2, 5, 11, 19, 1, 33, 37, 8, 14, 7, 16, 4, 36, 12, 32, 9, 17]",3,1.0,0.13636363636363635,0.24000000000000002,1.0,1,22,3,3
smd,group23_evaluation,machine-2-5,tranad_official,0,16,18880,18951,"[28, 18, 20, 27, 15, 10, 31, 21, 30, 34, 35, 13, 22, 0, 24, 25, 23, 6, 29, 3, 26, 2, 5, 11, 19, 1, 33, 37, 8, 14, 7, 16, 4, 36, 12, 32, 9, 17]",5,1.0,0.22727272727272727,0.37037037037037035,1.0,1,22,5,5
smd,group23_evaluation,machine-2-5,tranad_official,0,17,19405,19413,"[29, 13, 8, 14, 11, 6, 12, 5, 31, 0, 10, 3, 9, 30, 25, 23, 21, 27, 17, 20, 15, 18, 34, 35, 32, 28, 4, 24, 16, 26, 2, 33, 1, 7, 19, 22, 36, 37]",1,0.0,0.0,0.0,0.0,0,4,1,0
smd,group23_evaluation,machine-2-5,tranad_official,0,17,19405,19413,"[29, 13, 8, 14, 11, 6, 12, 5, 31, 0, 10, 3, 9, 30, 25, 23, 21, 27, 17, 20, 15, 18, 34, 35, 32, 28, 4, 24, 16, 26, 2, 33, 1, 7, 19, 22, 36, 37]",3,0.6666666666666666,0.5,0.5714285714285715,0.5307212739772434,1,4,3,2
smd,group23_evaluation,machine-2-5,tranad_official,0,17,19405,19413,"[29, 13, 8, 14, 11, 6, 12, 5, 31, 0, 10, 3, 9, 30, 25, 23, 21, 27, 17, 20, 15, 18, 34, 35, 32, 28, 4, 24, 16, 26, 2, 33, 1, 7, 19, 22, 36, 37]",5,0.6,0.75,0.6666666666666665,0.6096199500078984,1,4,5,3
smd,group23_evaluation,machine-2-5,tranad_official,0,18,20846,20854,"[13, 29, 8, 14, 12, 11, 25, 23, 0, 6, 10, 5, 31, 22, 24, 15, 3, 9, 34, 30, 35, 17, 32, 28, 4, 21, 26, 18, 16, 2, 27, 33, 20, 1, 7, 36, 19, 37]",1,1.0,0.25,0.4,1.0,1,4,1,1
smd,group23_evaluation,machine-2-5,tranad_official,0,18,20846,20854,"[13, 29, 8, 14, 12, 11, 25, 23, 0, 6, 10, 5, 31, 22, 24, 15, 3, 9, 34, 30, 35, 17, 32, 28, 4, 21, 26, 18, 16, 2, 27, 33, 20, 1, 7, 36, 19, 37]",3,0.6666666666666666,0.5,0.5714285714285715,0.7039180890341347,1,4,3,2
smd,group23_evaluation,machine-2-5,tranad_official,0,18,20846,20854,"[13, 29, 8, 14, 12, 11, 25, 23, 0, 6, 10, 5, 31, 22, 24, 15, 3, 9, 34, 30, 35, 17, 32, 28, 4, 21, 26, 18, 16, 2, 27, 33, 20, 1, 7, 36, 19, 37]",5,0.8,1.0,0.888888888888889,0.9047172294870751,1,4,5,4
smd,group23_evaluation,machine-2-5,tranad_official,0,19,22283,22294,"[29, 13, 8, 14, 11, 5, 25, 12, 23, 0, 31, 22, 24, 10, 6, 3, 9, 15, 33, 17, 32, 30, 28, 4, 26, 18, 16, 27, 2, 20, 21, 35, 34, 1, 7, 19, 36, 37]",1,0.0,0.0,0.0,0.0,0,4,1,0
smd,group23_evaluation,machine-2-5,tranad_official,0,19,22283,22294,"[29, 13, 8, 14, 11, 5, 25, 12, 23, 0, 31, 22, 24, 10, 6, 3, 9, 15, 33, 17, 32, 30, 28, 4, 26, 18, 16, 27, 2, 20, 21, 35, 34, 1, 7, 19, 36, 37]",3,0.6666666666666666,0.5,0.5714285714285715,0.5307212739772434,1,4,3,2
smd,group23_evaluation,machine-2-5,tranad_official,0,19,22283,22294,"[29, 13, 8, 14, 11, 5, 25, 12, 23, 0, 31, 22, 24, 10, 6, 3, 9, 15, 33, 17, 32, 30, 28, 4, 26, 18, 16, 27, 2, 20, 21, 35, 34, 1, 7, 19, 36, 37]",5,0.6,0.75,0.6666666666666665,0.6096199500078984,1,4,5,3
smd,group23_evaluation,machine-2-5,tranad_official,0,20,23120,23141,"[29, 0, 22, 24, 6, 35, 25, 34, 23, 27, 21, 5, 20, 30, 31, 18, 11, 10, 15, 1, 13, 19, 2, 9, 3, 33, 4, 14, 28, 16, 17, 7, 26, 32, 12, 37, 36, 8]",1,0.0,0.0,0.0,0.0,0,3,1,0
smd,group23_evaluation,machine-2-5,tranad_official,0,20,23120,23141,"[29, 0, 22, 24, 6, 35, 25, 34, 23, 27, 21, 5, 20, 30, 31, 18, 11, 10, 15, 1, 13, 19, 2, 9, 3, 33, 4, 14, 28, 16, 17, 7, 26, 32, 12, 37, 36, 8]",3,0.6666666666666666,0.6666666666666666,0.6666666666666666,0.5307212739772434,1,3,3,2
smd,group23_evaluation,machine-2-5,tranad_official,0,20,23120,23141,"[29, 0, 22, 24, 6, 35, 25, 34, 23, 27, 21, 5, 20, 30, 31, 18, 11, 10, 15, 1, 13, 19, 2, 9, 3, 33, 4, 14, 28, 16, 17, 7, 26, 32, 12, 37, 36, 8]",5,0.6,1.0,0.7499999999999999,0.7328286204777911,1,3,5,3
smd,group23_evaluation,machine-2-5,tranad_official,1,0,2585,2588,"[18, 9, 12, 27, 31, 34, 20, 29, 6, 11, 15, 13, 25, 0, 30, 10, 23, 21, 35, 22, 8, 5, 32, 4, 36, 33, 24, 3, 17, 37, 16, 14, 7, 26, 28, 1, 2, 19]",1,0.0,0.0,0.0,0.0,0,2,1,0
smd,group23_evaluation,machine-2-5,tranad_official,1,0,2585,2588,"[18, 9, 12, 27, 31, 34, 20, 29, 6, 11, 15, 13, 25, 0, 30, 10, 23, 21, 35, 22, 8, 5, 32, 4, 36, 33, 24, 3, 17, 37, 16, 14, 7, 26, 28, 1, 2, 19]",3,0.6666666666666666,1.0,0.8,0.6934264036172708,1,2,3,2
smd,group23_evaluation,machine-2-5,tranad_official,1,0,2585,2588,"[18, 9, 12, 27, 31, 34, 20, 29, 6, 11, 15, 13, 25, 0, 30, 10, 23, 21, 35, 22, 8, 5, 32, 4, 36, 33, 24, 3, 17, 37, 16, 14, 7, 26, 28, 1, 2, 19]",5,0.4,1.0,0.5714285714285715,0.6934264036172708,1,2,5,2
smd,group23_evaluation,machine-2-5,tranad_official,1,1,4978,4983,"[13, 8, 5, 14, 11, 12, 6, 25, 29, 31, 30, 27, 33, 34, 35, 21, 7, 28, 23, 19, 9, 16, 20, 15, 26, 37, 22, 2, 32, 24, 36, 17, 4, 18, 10, 3, 0, 1]",1,1.0,0.5,0.6666666666666666,1.0,1,2,1,1
smd,group23_evaluation,machine-2-5,tranad_official,1,1,4978,4983,"[13, 8, 5, 14, 11, 12, 6, 25, 29, 31, 30, 27, 33, 34, 35, 21, 7, 28, 23, 19, 9, 16, 20, 15, 26, 37, 22, 2, 32, 24, 36, 17, 4, 18, 10, 3, 0, 1]",3,0.3333333333333333,0.5,0.4,0.6131471927654584,1,2,3,1
smd,group23_evaluation,machine-2-5,tranad_official,1,1,4978,4983,"[13, 8, 5, 14, 11, 12, 6, 25, 29, 31, 30, 27, 33, 34, 35, 21, 7, 28, 23, 19, 9, 16, 20, 15, 26, 37, 22, 2, 32, 24, 36, 17, 4, 18, 10, 3, 0, 1]",5,0.2,0.5,0.28571428571428575,0.6131471927654584,1,2,5,1
smd,group23_evaluation,machine-2-5,tranad_official,1,2,5100,5391,"[0, 11, 25, 6, 5, 14, 13, 23, 8, 31, 15, 10, 29, 22, 12, 30, 35, 24, 34, 27, 21, 33, 20, 28, 7, 19, 9, 16, 18, 26, 37, 32, 2, 36, 17, 4, 1, 3]",1,1.0,0.16666666666666666,0.2857142857142857,1.0,1,6,1,1
smd,group23_evaluation,machine-2-5,tranad_official,1,2,5100,5391,"[0, 11, 25, 6, 5, 14, 13, 23, 8, 31, 15, 10, 29, 22, 12, 30, 35, 24, 34, 27, 21, 33, 20, 28, 7, 19, 9, 16, 18, 26, 37, 32, 2, 36, 17, 4, 1, 3]",3,0.6666666666666666,0.3333333333333333,0.4444444444444444,0.7653606369886217,1,6,3,2
smd,group23_evaluation,machine-2-5,tranad_official,1,2,5100,5391,"[0, 11, 25, 6, 5, 14, 13, 23, 8, 31, 15, 10, 29, 22, 12, 30, 35, 24, 34, 27, 21, 33, 20, 28, 7, 19, 9, 16, 18, 26, 37, 32, 2, 36, 17, 4, 1, 3]",5,0.4,0.3333333333333333,0.3636363636363636,0.5531464700081437,1,6,5,2
smd,group23_evaluation,machine-2-5,tranad_official,1,3,6023,6026,"[33, 25, 23, 31, 5, 18, 10, 22, 27, 15, 24, 35, 32, 29, 11, 36, 0, 19, 4, 12, 3, 30, 37, 28, 7, 34, 26, 16, 17, 6, 9, 8, 2, 14, 1, 21, 13, 20]",1,1.0,0.5,0.6666666666666666,1.0,1,2,1,1
smd,group23_evaluation,machine-2-5,tranad_official,1,3,6023,6026,"[33, 25, 23, 31, 5, 18, 10, 22, 27, 15, 24, 35, 32, 29, 11, 36, 0, 19, 4, 12, 3, 30, 37, 28, 7, 34, 26, 16, 17, 6, 9, 8, 2, 14, 1, 21, 13, 20]",3,0.3333333333333333,0.5,0.4,0.6131471927654584,1,2,3,1
smd,group23_evaluation,machine-2-5,tranad_official,1,3,6023,6026,"[33, 25, 23, 31, 5, 18, 10, 22, 27, 15, 24, 35, 32, 29, 11, 36, 0, 19, 4, 12, 3, 30, 37, 28, 7, 34, 26, 16, 17, 6, 9, 8, 2, 14, 1, 21, 13, 20]",5,0.2,0.5,0.28571428571428575,0.6131471927654584,1,2,5,1
smd,group23_evaluation,machine-2-5,tranad_official,1,4,6417,6420,"[8, 13, 14, 12, 11, 5, 25, 23, 29, 30, 15, 35, 33, 34, 7, 28, 9, 27, 31, 22, 21, 16, 19, 36, 37, 2, 26, 4, 32, 17, 10, 0, 18, 20, 24, 6, 1, 3]",1,1.0,0.25,0.4,1.0,1,4,1,1
smd,group23_evaluation,machine-2-5,tranad_official,1,4,6417,6420,"[8, 13, 14, 12, 11, 5, 25, 23, 29, 30, 15, 35, 33, 34, 7, 28, 9, 27, 31, 22, 21, 16, 19, 36, 37, 2, 26, 4, 32, 17, 10, 0, 18, 20, 24, 6, 1, 3]",3,1.0,0.75,0.8571428571428571,1.0,1,4,3,3
smd,group23_evaluation,machine-2-5,tranad_official,1,4,6417,6420,"[8, 13, 14, 12, 11, 5, 25, 23, 29, 30, 15, 35, 33, 34, 7, 28, 9, 27, 31, 22, 21, 16, 19, 36, 37, 2, 26, 4, 32, 17, 10, 0, 18, 20, 24, 6, 1, 3]",5,0.8,1.0,0.888888888888889,1.0,1,4,5,4
smd,group23_evaluation,machine-2-5,tranad_official,1,5,7255,7258,"[12, 9, 13, 8, 23, 25, 22, 34, 10, 35, 24, 6, 15, 31, 0, 29, 11, 33, 21, 32, 36, 16, 4, 28, 7, 37, 17, 20, 3, 26, 30, 14, 2, 1, 5, 18, 27, 19]",1,1.0,0.5,0.6666666666666666,1.0,1,2,1,1
smd,group23_evaluation,machine-2-5,tranad_official,1,5,7255,7258,"[12, 9, 13, 8, 23, 25, 22, 34, 10, 35, 24, 6, 15, 31, 0, 29, 11, 33, 21, 32, 36, 16, 4, 28, 7, 37, 17, 20, 3, 26, 30, 14, 2, 1, 5, 18, 27, 19]",3,0.6666666666666666,1.0,0.8,1.0,1,2,3,2
smd,group23_evaluation,machine-2-5,tranad_official,1,5,7255,7258,"[12, 9, 13, 8, 23, 25, 22, 34, 10, 35, 24, 6, 15, 31, 0, 29, 11, 33, 21, 32, 36, 16, 4, 28, 7, 37, 17, 20, 3, 26, 30, 14, 2, 1, 5, 18, 27, 19]",5,0.4,1.0,0.5714285714285715,1.0,1,2,5,2
smd,group23_evaluation,machine-2-5,tranad_official,1,6,7857,7860,"[13, 29, 8, 23, 25, 12, 14, 11, 5, 30, 6, 31, 10, 27, 15, 21, 33, 28, 7, 35, 19, 18, 34, 9, 20, 36, 16, 32, 37, 17, 2, 0, 22, 26, 4, 3, 1, 24]",1,1.0,0.5,0.6666666666666666,1.0,1,2,1,1
smd,group23_evaluation,machine-2-5,tranad_official,1,6,7857,7860,"[13, 29, 8, 23, 25, 12, 14, 11, 5, 30, 6, 31, 10, 27, 15, 21, 33, 28, 7, 35, 19, 18, 34, 9, 20, 36, 16, 32, 37, 17, 2, 0, 22, 26, 4, 3, 1, 24]",3,0.3333333333333333,0.5,0.4,0.6131471927654584,1,2,3,1
smd,group23_evaluation,machine-2-5,tranad_official,1,6,7857,7860,"[13, 29, 8, 23, 25, 12, 14, 11, 5, 30, 6, 31, 10, 27, 15, 21, 33, 28, 7, 35, 19, 18, 34, 9, 20, 36, 16, 32, 37, 17, 2, 0, 22, 26, 4, 3, 1, 24]",5,0.2,0.5,0.28571428571428575,0.6131471927654584,1,2,5,1
smd,group23_evaluation,machine-2-5,tranad_official,1,7,9297,9300,"[13, 29, 8, 25, 5, 12, 23, 11, 14, 22, 15, 35, 24, 10, 6, 30, 34, 28, 33, 7, 27, 31, 9, 19, 16, 37, 32, 36, 26, 17, 2, 4, 0, 21, 1, 18, 20, 3]",1,1.0,0.5,0.6666666666666666,1.0,1,2,1,1
smd,group23_evaluation,machine-2-5,tranad_official,1,7,9297,9300,"[13, 29, 8, 25, 5, 12, 23, 11, 14, 22, 15, 35, 24, 10, 6, 30, 34, 28, 33, 7, 27, 31, 9, 19, 16, 37, 32, 36, 26, 17, 2, 4, 0, 21, 1, 18, 20, 3]",3,0.3333333333333333,0.5,0.4,0.6131471927654584,1,2,3,1
smd,group23_evaluation,machine-2-5,tranad_official,1,7,9297,9300,"[13, 29, 8, 25, 5, 12, 23, 11, 14, 22, 15, 35, 24, 10, 6, 30, 34, 28, 33, 7, 27, 31, 9, 19, 16, 37, 32, 36, 26, 17, 2, 4, 0, 21, 1, 18, 20, 3]",5,0.2,0.5,0.28571428571428575,0.6131471927654584,1,2,5,1
smd,group23_evaluation,machine-2-5,tranad_official,1,8,10737,10740,"[8, 13, 29, 14, 12, 11, 23, 25, 5, 18, 20, 31, 6, 27, 22, 24, 15, 35, 10, 7, 34, 28, 9, 21, 16, 36, 0, 37, 17, 2, 4, 26, 30, 33, 1, 32, 3, 19]",1,1.0,0.25,0.4,1.0,1,4,1,1
smd,group23_evaluation,machine-2-5,tranad_official,1,8,10737,10740,"[8, 13, 29, 14, 12, 11, 23, 25, 5, 18, 20, 31, 6, 27, 22, 24, 15, 35, 10, 7, 34, 28, 9, 21, 16, 36, 0, 37, 17, 2, 4, 26, 30, 33, 1, 32, 3, 19]",3,0.6666666666666666,0.5,0.5714285714285715,0.7653606369886217,1,4,3,2
smd,group23_evaluation,machine-2-5,tranad_official,1,8,10737,10740,"[8, 13, 29, 14, 12, 11, 23, 25, 5, 18, 20, 31, 6, 27, 22, 24, 15, 35, 10, 7, 34, 28, 9, 21, 16, 36, 0, 37, 17, 2, 4, 26, 30, 33, 1, 32, 3, 19]",5,0.8,1.0,0.888888888888889,0.9558295932317544,1,4,5,4
smd,group23_evaluation,machine-2-5,tranad_official,1,9,12094,12120,"[29, 0, 3, 1, 2, 25, 31, 23, 5, 22, 6, 24, 11, 35, 34, 15, 10, 13, 20, 21, 14, 27, 18, 30, 28, 7, 12, 16, 9, 36, 19, 37, 32, 17, 26, 4, 33, 8]",1,0.0,0.0,0.0,0.0,0,6,1,0
smd,group23_evaluation,machine-2-5,tranad_official,1,9,12094,12120,"[29, 0, 3, 1, 2, 25, 31, 23, 5, 22, 6, 24, 11, 35, 34, 15, 10, 13, 20, 21, 14, 27, 18, 30, 28, 7, 12, 16, 9, 36, 19, 37, 32, 17, 26, 4, 33, 8]",3,0.6666666666666666,0.3333333333333333,0.4444444444444444,0.5307212739772434,1,6,3,2
smd,group23_evaluation,machine-2-5,tranad_official,1,9,12094,12120,"[29, 0, 3, 1, 2, 25, 31, 23, 5, 22, 6, 24, 11, 35, 34, 15, 10, 13, 20, 21, 14, 27, 18, 30, 28, 7, 12, 16, 9, 36, 19, 37, 32, 17, 26, 4, 33, 8]",5,0.8,0.6666666666666666,0.7272727272727272,0.6608397947263839,1,6,5,4
smd,group23_evaluation,machine-2-5,tranad_official,1,10,12176,12183,"[29, 13, 8, 12, 11, 6, 14, 22, 24, 25, 23, 5, 20, 35, 31, 15, 18, 10, 34, 21, 28, 7, 27, 9, 16, 36, 19, 37, 2, 30, 17, 26, 4, 33, 1, 32, 0, 3]",1,0.0,0.0,0.0,0.0,0,3,1,0
smd,group23_evaluation,machine-2-5,tranad_official,1,10,12176,12183,"[29, 13, 8, 12, 11, 6, 14, 22, 24, 25, 23, 5, 20, 35, 31, 15, 18, 10, 34, 21, 28, 7, 27, 9, 16, 36, 19, 37, 2, 30, 17, 26, 4, 33, 1, 32, 0, 3]",3,0.6666666666666666,0.6666666666666666,0.6666666666666666,0.5307212739772434,1,3,3,2
smd,group23_evaluation,machine-2-5,tranad_official,1,10,12176,12183,"[29, 13, 8, 12, 11, 6, 14, 22, 24, 25, 23, 5, 20, 35, 31, 15, 18, 10, 34, 21, 28, 7, 27, 9, 16, 36, 19, 37, 2, 30, 17, 26, 4, 33, 1, 32, 0, 3]",5,0.6,1.0,0.7499999999999999,0.7328286204777911,1,3,5,3
smd,group23_evaluation,machine-2-5,tranad_official,1,11,13616,13619,"[13, 8, 29, 12, 14, 11, 23, 6, 25, 31, 30, 5, 22, 15, 27, 24, 7, 10, 28, 9, 19, 16, 21, 35, 36, 37, 2, 17, 32, 26, 33, 4, 34, 0, 1, 18, 20, 3]",1,1.0,0.25,0.4,1.0,1,4,1,1
smd,group23_evaluation,machine-2-5,tranad_official,1,11,13616,13619,"[13, 8, 29, 12, 14, 11, 23, 6, 25, 31, 30, 5, 22, 15, 27, 24, 7, 10, 28, 9, 19, 16, 21, 35, 36, 37, 2, 17, 32, 26, 33, 4, 34, 0, 1, 18, 20, 3]",3,0.6666666666666666,0.5,0.5714285714285715,0.7653606369886217,1,4,3,2
smd,group23_evaluation,machine-2-5,tranad_official,1,11,13616,13619,"[13, 8, 29, 12, 14, 11, 23, 6, 25, 31, 30, 5, 22, 15, 27, 24, 7, 10, 28, 9, 19, 16, 21, 35, 36, 37, 2, 17, 32, 26, 33, 4, 34, 0, 1, 18, 20, 3]",5,0.8,1.0,0.888888888888889,0.9558295932317544,1,4,5,4
smd,group23_evaluation,machine-2-5,tranad_official,1,12,15056,15059,"[13, 8, 29, 14, 12, 11, 6, 35, 31, 34, 25, 5, 22, 24, 23, 15, 33, 7, 10, 28, 20, 9, 0, 16, 36, 21, 37, 17, 2, 32, 26, 4, 30, 18, 1, 19, 3, 27]",1,1.0,0.25,0.4,1.0,1,4,1,1
smd,group23_evaluation,machine-2-5,tranad_official,1,12,15056,15059,"[13, 8, 29, 14, 12, 11, 6, 35, 31, 34, 25, 5, 22, 24, 23, 15, 33, 7, 10, 28, 20, 9, 0, 16, 36, 21, 37, 17, 2, 32, 26, 4, 30, 18, 1, 19, 3, 27]",3,0.6666666666666666,0.5,0.5714285714285715,0.7653606369886217,1,4,3,2
smd,group23_evaluation,machine-2-5,tranad_official,1,12,15056,15059,"[13, 8, 29, 14, 12, 11, 6, 35, 31, 34, 25, 5, 22, 24, 23, 15, 33, 7, 10, 28, 20, 9, 0, 16, 36, 21, 37, 17, 2, 32, 26, 4, 30, 18, 1, 19, 3, 27]",5,0.8,1.0,0.888888888888889,0.9558295932317544,1,4,5,4
smd,group23_evaluation,machine-2-5,tranad_official,1,13,16524,16549,"[29, 13, 5, 8, 14, 0, 6, 11, 12, 23, 31, 25, 30, 35, 34, 15, 22, 27, 7, 33, 28, 21, 10, 20, 24, 9, 19, 16, 18, 36, 37, 17, 2, 26, 32, 4, 1, 3]",1,0.0,0.0,0.0,0.0,0,5,1,0
smd,group23_evaluation,machine-2-5,tranad_official,1,13,16524,16549,"[29, 13, 5, 8, 14, 0, 6, 11, 12, 23, 31, 25, 30, 35, 34, 15, 22, 27, 7, 33, 28, 21, 10, 20, 24, 9, 19, 16, 18, 36, 37, 17, 2, 26, 32, 4, 1, 3]",3,0.3333333333333333,0.2,0.25,0.2960819109658652,1,5,3,1
smd,group23_evaluation,machine-2-5,tranad_official,1,13,16524,16549,"[29, 13, 5, 8, 14, 0, 6, 11, 12, 23, 31, 25, 30, 35, 34, 15, 22, 27, 7, 33, 28, 21, 10, 20, 24, 9, 19, 16, 18, 36, 37, 17, 2, 26, 32, 4, 1, 3]",5,0.6,0.6,0.6,0.4912596920895758,1,5,5,3
smd,group23_evaluation,machine-2-5,tranad_official,1,14,17960,18331,"[29, 0, 11, 25, 6, 14, 23, 13, 5, 15, 31, 10, 8, 12, 30, 35, 22, 34, 27, 28, 7, 24, 21, 19, 20, 9, 16, 18, 37, 2, 36, 17, 26, 32, 4, 1, 33, 3]",1,0.0,0.0,0.0,0.0,0,6,1,0
smd,group23_evaluation,machine-2-5,tranad_official,1,14,17960,18331,"[29, 0, 11, 25, 6, 14, 23, 13, 5, 15, 31, 10, 8, 12, 30, 35, 22, 34, 27, 28, 7, 24, 21, 19, 20, 9, 16, 18, 37, 2, 36, 17, 26, 32, 4, 1, 33, 3]",3,0.6666666666666666,0.3333333333333333,0.4444444444444444,0.5307212739772434,1,6,3,2
smd,group23_evaluation,machine-2-5,tranad_official,1,14,17960,18331,"[29, 0, 11, 25, 6, 14, 23, 13, 5, 15, 31, 10, 8, 12, 30, 35, 22, 34, 27, 28, 7, 24, 21, 19, 20, 9, 16, 18, 37, 2, 36, 17, 26, 32, 4, 1, 33, 3]",5,0.4,0.3333333333333333,0.3636363636363636,0.38356636737133565,1,6,5,2
smd,group23_evaluation,machine-2-5,tranad_official,1,15,18592,18701,"[15, 10, 18, 20, 27, 21, 30, 29, 1, 34, 33, 5, 35, 36, 31, 0, 22, 23, 14, 6, 24, 4, 25, 3, 19, 11, 13, 32, 2, 8, 17, 26, 37, 28, 12, 7, 16, 9]",1,1.0,0.1,0.18181818181818182,1.0,1,10,1,1
smd,group23_evaluation,machine-2-5,tranad_official,1,15,18592,18701,"[15, 10, 18, 20, 27, 21, 30, 29, 1, 34, 33, 5, 35, 36, 31, 0, 22, 23, 14, 6, 24, 4, 25, 3, 19, 11, 13, 32, 2, 8, 17, 26, 37, 28, 12, 7, 16, 9]",3,1.0,0.3,0.4615384615384615,1.0,1,10,3,3
smd,group23_evaluation,machine-2-5,tranad_official,1,15,18592,18701,"[15, 10, 18, 20, 27, 21, 30, 29, 1, 34, 33, 5, 35, 36, 31, 0, 22, 23, 14, 6, 24, 4, 25, 3, 19, 11, 13, 32, 2, 8, 17, 26, 37, 28, 12, 7, 16, 9]",5,1.0,0.5,0.6666666666666666,1.0,1,10,5,5
smd,group23_evaluation,machine-2-5,tranad_official,1,16,18880,18951,"[28, 20, 27, 18, 15, 10, 31, 30, 21, 6, 34, 35, 36, 14, 13, 0, 22, 24, 23, 29, 3, 19, 25, 1, 33, 2, 4, 32, 5, 11, 9, 17, 26, 37, 8, 12, 7, 16]",1,1.0,0.045454545454545456,0.08695652173913045,1.0,1,22,1,1
smd,group23_evaluation,machine-2-5,tranad_official,1,16,18880,18951,"[28, 20, 27, 18, 15, 10, 31, 30, 21, 6, 34, 35, 36, 14, 13, 0, 22, 24, 23, 29, 3, 19, 25, 1, 33, 2, 4, 32, 5, 11, 9, 17, 26, 37, 8, 12, 7, 16]",3,1.0,0.13636363636363635,0.24000000000000002,1.0,1,22,3,3
smd,group23_evaluation,machine-2-5,tranad_official,1,16,18880,18951,"[28, 20, 27, 18, 15, 10, 31, 30, 21, 6, 34, 35, 36, 14, 13, 0, 22, 24, 23, 29, 3, 19, 25, 1, 33, 2, 4, 32, 5, 11, 9, 17, 26, 37, 8, 12, 7, 16]",5,1.0,0.22727272727272727,0.37037037037037035,1.0,1,22,5,5
smd,group23_evaluation,machine-2-5,tranad_official,1,17,19405,19413,"[29, 13, 8, 14, 11, 12, 5, 6, 31, 23, 0, 30, 25, 15, 27, 35, 10, 28, 34, 7, 21, 19, 9, 16, 20, 37, 2, 36, 32, 17, 26, 24, 18, 4, 22, 1, 3, 33]",1,0.0,0.0,0.0,0.0,0,4,1,0
smd,group23_evaluation,machine-2-5,tranad_official,1,17,19405,19413,"[29, 13, 8, 14, 11, 12, 5, 6, 31, 23, 0, 30, 25, 15, 27, 35, 10, 28, 34, 7, 21, 19, 9, 16, 20, 37, 2, 36, 32, 17, 26, 24, 18, 4, 22, 1, 3, 33]",3,0.6666666666666666,0.5,0.5714285714285715,0.5307212739772434,1,4,3,2
smd,group23_evaluation,machine-2-5,tranad_official,1,17,19405,19413,"[29, 13, 8, 14, 11, 12, 5, 6, 31, 23, 0, 30, 25, 15, 27, 35, 10, 28, 34, 7, 21, 19, 9, 16, 20, 37, 2, 36, 32, 17, 26, 24, 18, 4, 22, 1, 3, 33]",5,0.6,0.75,0.6666666666666665,0.6096199500078984,1,4,5,3
smd,group23_evaluation,machine-2-5,tranad_official,1,18,20846,20854,"[29, 13, 8, 14, 12, 11, 25, 0, 23, 5, 31, 22, 35, 15, 24, 10, 34, 30, 6, 28, 7, 33, 9, 27, 16, 19, 37, 36, 2, 32, 17, 26, 21, 20, 4, 1, 18, 3]",1,0.0,0.0,0.0,0.0,0,4,1,0
smd,group23_evaluation,machine-2-5,tranad_official,1,18,20846,20854,"[29, 13, 8, 14, 12, 11, 25, 0, 23, 5, 31, 22, 35, 15, 24, 10, 34, 30, 6, 28, 7, 33, 9, 27, 16, 19, 37, 36, 2, 32, 17, 26, 21, 20, 4, 1, 18, 3]",3,0.6666666666666666,0.5,0.5714285714285715,0.5307212739772434,1,4,3,2
smd,group23_evaluation,machine-2-5,tranad_official,1,18,20846,20854,"[29, 13, 8, 14, 12, 11, 25, 0, 23, 5, 31, 22, 35, 15, 24, 10, 34, 30, 6, 28, 7, 33, 9, 27, 16, 19, 37, 36, 2, 32, 17, 26, 21, 20, 4, 1, 18, 3]",5,0.8,1.0,0.888888888888889,0.7606395682357036,1,4,5,4
smd,group23_evaluation,machine-2-5,tranad_official,1,19,22283,22294,"[29, 13, 8, 14, 11, 25, 5, 12, 0, 31, 23, 22, 24, 10, 33, 15, 30, 6, 28, 7, 27, 35, 16, 9, 19, 20, 37, 34, 2, 36, 32, 17, 21, 26, 18, 1, 4, 3]",1,0.0,0.0,0.0,0.0,0,4,1,0
smd,group23_evaluation,machine-2-5,tranad_official,1,19,22283,22294,"[29, 13, 8, 14, 11, 25, 5, 12, 0, 31, 23, 22, 24, 10, 33, 15, 30, 6, 28, 7, 27, 35, 16, 9, 19, 20, 37, 34, 2, 36, 32, 17, 21, 26, 18, 1, 4, 3]",3,0.6666666666666666,0.5,0.5714285714285715,0.5307212739772434,1,4,3,2
smd,group23_evaluation,machine-2-5,tranad_official,1,19,22283,22294,"[29, 13, 8, 14, 11, 25, 5, 12, 0, 31, 23, 22, 24, 10, 33, 15, 30, 6, 28, 7, 27, 35, 16, 9, 19, 20, 37, 34, 2, 36, 32, 17, 21, 26, 18, 1, 4, 3]",5,0.6,0.75,0.6666666666666665,0.6096199500078984,1,4,5,3
smd,group23_evaluation,machine-2-5,tranad_official,1,20,23120,23141,"[29, 0, 22, 24, 35, 25, 34, 6, 23, 5, 20, 21, 27, 30, 11, 18, 31, 15, 10, 33, 1, 3, 2, 13, 36, 32, 14, 19, 28, 12, 7, 16, 4, 17, 37, 9, 8, 26]",1,0.0,0.0,0.0,0.0,0,3,1,0
smd,group23_evaluation,machine-2-5,tranad_official,1,20,23120,23141,"[29, 0, 22, 24, 35, 25, 34, 6, 23, 5, 20, 21, 27, 30, 11, 18, 31, 15, 10, 33, 1, 3, 2, 13, 36, 32, 14, 19, 28, 12, 7, 16, 4, 17, 37, 9, 8, 26]",3,0.6666666666666666,0.6666666666666666,0.6666666666666666,0.5307212739772434,1,3,3,2
smd,group23_evaluation,machine-2-5,tranad_official,1,20,23120,23141,"[29, 0, 22, 24, 35, 25, 34, 6, 23, 5, 20, 21, 27, 30, 11, 18, 31, 15, 10, 33, 1, 3, 2, 13, 36, 32, 14, 19, 28, 12, 7, 16, 4, 17, 37, 9, 8, 26]",5,0.6,1.0,0.7499999999999999,0.7328286204777911,1,3,5,3
smd,group23_evaluation,machine-2-5,tranad_official,2,0,2585,2588,"[31, 10, 15, 12, 9, 27, 25, 20, 18, 6, 29, 11, 23, 35, 34, 13, 21, 30, 0, 8, 5, 24, 37, 28, 7, 16, 36, 32, 3, 14, 17, 1, 4, 22, 33, 26, 2, 19]",1,0.0,0.0,0.0,0.0,0,2,1,0
smd,group23_evaluation,machine-2-5,tranad_official,2,0,2585,2588,"[31, 10, 15, 12, 9, 27, 25, 20, 18, 6, 29, 11, 23, 35, 34, 13, 21, 30, 0, 8, 5, 24, 37, 28, 7, 16, 36, 32, 3, 14, 17, 1, 4, 22, 33, 26, 2, 19]",3,0.0,0.0,0.0,0.0,0,2,3,0
smd,group23_evaluation,machine-2-5,tranad_official,2,0,2585,2588,"[31, 10, 15, 12, 9, 27, 25, 20, 18, 6, 29, 11, 23, 35, 34, 13, 21, 30, 0, 8, 5, 24, 37, 28, 7, 16, 36, 32, 3, 14, 17, 1, 4, 22, 33, 26, 2, 19]",5,0.4,1.0,0.5714285714285715,0.5012658353418871,1,2,5,2
smd,group23_evaluation,machine-2-5,tranad_official,2,1,4978,4983,"[13, 8, 14, 11, 12, 6, 5, 25, 31, 33, 23, 18, 26, 30, 37, 29, 9, 3, 7, 35, 28, 32, 34, 16, 17, 36, 22, 10, 15, 1, 2, 0, 20, 4, 27, 24, 21, 19]",1,1.0,0.5,0.6666666666666666,1.0,1,2,1,1
smd,group23_evaluation,machine-2-5,tranad_official,2,1,4978,4983,"[13, 8, 14, 11, 12, 6, 5, 25, 31, 33, 23, 18, 26, 30, 37, 29, 9, 3, 7, 35, 28, 32, 34, 16, 17, 36, 22, 10, 15, 1, 2, 0, 20, 4, 27, 24, 21, 19]",3,0.3333333333333333,0.5,0.4,0.6131471927654584,1,2,3,1
smd,group23_evaluation,machine-2-5,tranad_official,2,1,4978,4983,"[13, 8, 14, 11, 12, 6, 5, 25, 31, 33, 23, 18, 26, 30, 37, 29, 9, 3, 7, 35, 28, 32, 34, 16, 17, 36, 22, 10, 15, 1, 2, 0, 20, 4, 27, 24, 21, 19]",5,0.4,1.0,0.5714285714285715,0.8503449055347546,1,2,5,2
smd,group23_evaluation,machine-2-5,tranad_official,2,2,5100,5391,"[0, 11, 6, 25, 14, 31, 13, 23, 8, 5, 15, 10, 22, 12, 33, 18, 30, 35, 34, 26, 24, 29, 9, 37, 7, 3, 20, 27, 32, 36, 28, 16, 17, 21, 2, 1, 19, 4]",1,1.0,0.16666666666666666,0.2857142857142857,1.0,1,6,1,1
smd,group23_evaluation,machine-2-5,tranad_official,2,2,5100,5391,"[0, 11, 6, 25, 14, 31, 13, 23, 8, 5, 15, 10, 22, 12, 33, 18, 30, 35, 34, 26, 24, 29, 9, 37, 7, 3, 20, 27, 32, 36, 28, 16, 17, 21, 2, 1, 19, 4]",3,0.6666666666666666,0.3333333333333333,0.4444444444444444,0.7653606369886217,1,6,3,2
smd,group23_evaluation,machine-2-5,tranad_official,2,2,5100,5391,"[0, 11, 6, 25, 14, 31, 13, 23, 8, 5, 15, 10, 22, 12, 33, 18, 30, 35, 34, 26, 24, 29, 9, 37, 7, 3, 20, 27, 32, 36, 28, 16, 17, 21, 2, 1, 19, 4]",5,0.6,0.5,0.5454545454545454,0.6843515475204855,1,6,5,3
smd,group23_evaluation,machine-2-5,tranad_official,2,3,6023,6026,"[33, 25, 23, 27, 5, 28, 35, 31, 20, 30, 18, 3, 10, 22, 37, 7, 1, 16, 36, 4, 12, 0, 15, 9, 11, 8, 24, 32, 17, 6, 34, 2, 26, 29, 14, 19, 21, 13]",1,1.0,0.5,0.6666666666666666,1.0,1,2,1,1
smd,group23_evaluation,machine-2-5,tranad_official,2,3,6023,6026,"[33, 25, 23, 27, 5, 28, 35, 31, 20, 30, 18, 3, 10, 22, 37, 7, 1, 16, 36, 4, 12, 0, 15, 9, 11, 8, 24, 32, 17, 6, 34, 2, 26, 29, 14, 19, 21, 13]",3,0.3333333333333333,0.5,0.4,0.6131471927654584,1,2,3,1
smd,group23_evaluation,machine-2-5,tranad_official,2,3,6023,6026,"[33, 25, 23, 27, 5, 28, 35, 31, 20, 30, 18, 3, 10, 22, 37, 7, 1, 16, 36, 4, 12, 0, 15, 9, 11, 8, 24, 32, 17, 6, 34, 2, 26, 29, 14, 19, 21, 13]",5,0.2,0.5,0.28571428571428575,0.6131471927654584,1,2,5,1
smd,group23_evaluation,machine-2-5,tranad_official,2,4,6417,6420,"[8, 13, 14, 12, 11, 6, 25, 23, 33, 5, 18, 29, 26, 31, 30, 37, 22, 9, 3, 34, 7, 32, 0, 17, 35, 10, 20, 16, 28, 36, 27, 15, 1, 21, 2, 4, 19, 24]",1,1.0,0.25,0.4,1.0,1,4,1,1
smd,group23_evaluation,machine-2-5,tranad_official,2,4,6417,6420,"[8, 13, 14, 12, 11, 6, 25, 23, 33, 5, 18, 29, 26, 31, 30, 37, 22, 9, 3, 34, 7, 32, 0, 17, 35, 10, 20, 16, 28, 36, 27, 15, 1, 21, 2, 4, 19, 24]",3,1.0,0.75,0.8571428571428571,1.0,1,4,3,3
smd,group23_evaluation,machine-2-5,tranad_official,2,4,6417,6420,"[8, 13, 14, 12, 11, 6, 25, 23, 33, 5, 18, 29, 26, 31, 30, 37, 22, 9, 3, 34, 7, 32, 0, 17, 35, 10, 20, 16, 28, 36, 27, 15, 1, 21, 2, 4, 19, 24]",5,0.8,1.0,0.888888888888889,1.0,1,4,5,4
smd,group23_evaluation,machine-2-5,tranad_official,2,5,7255,7258,"[12, 9, 13, 8, 22, 31, 24, 23, 6, 25, 34, 21, 29, 10, 35, 11, 20, 37, 28, 30, 15, 5, 7, 33, 16, 3, 27, 36, 26, 32, 17, 1, 4, 0, 14, 19, 2, 18]",1,1.0,0.5,0.6666666666666666,1.0,1,2,1,1
smd,group23_evaluation,machine-2-5,tranad_official,2,5,7255,7258,"[12, 9, 13, 8, 22, 31, 24, 23, 6, 25, 34, 21, 29, 10, 35, 11, 20, 37, 28, 30, 15, 5, 7, 33, 16, 3, 27, 36, 26, 32, 17, 1, 4, 0, 14, 19, 2, 18]",3,0.6666666666666666,1.0,0.8,1.0,1,2,3,2
smd,group23_evaluation,machine-2-5,tranad_official,2,5,7255,7258,"[12, 9, 13, 8, 22, 31, 24, 23, 6, 25, 34, 21, 29, 10, 35, 11, 20, 37, 28, 30, 15, 5, 7, 33, 16, 3, 27, 36, 26, 32, 17, 1, 4, 0, 14, 19, 2, 18]",5,0.4,1.0,0.5714285714285715,1.0,1,2,5,2
smd,group23_evaluation,machine-2-5,tranad_official,2,6,7857,7860,"[13, 29, 8, 23, 12, 25, 6, 14, 11, 22, 10, 33, 15, 31, 30, 0, 18, 5, 35, 27, 26, 37, 7, 24, 3, 34, 21, 28, 32, 9, 20, 16, 17, 36, 1, 4, 2, 19]",1,1.0,0.5,0.6666666666666666,1.0,1,2,1,1
smd,group23_evaluation,machine-2-5,tranad_official,2,6,7857,7860,"[13, 29, 8, 23, 12, 25, 6, 14, 11, 22, 10, 33, 15, 31, 30, 0, 18, 5, 35, 27, 26, 37, 7, 24, 3, 34, 21, 28, 32, 9, 20, 16, 17, 36, 1, 4, 2, 19]",3,0.3333333333333333,0.5,0.4,0.6131471927654584,1,2,3,1
smd,group23_evaluation,machine-2-5,tranad_official,2,6,7857,7860,"[13, 29, 8, 23, 12, 25, 6, 14, 11, 22, 10, 33, 15, 31, 30, 0, 18, 5, 35, 27, 26, 37, 7, 24, 3, 34, 21, 28, 32, 9, 20, 16, 17, 36, 1, 4, 2, 19]",5,0.4,1.0,0.5714285714285715,0.8503449055347546,1,2,5,2
smd,group23_evaluation,machine-2-5,tranad_official,2,7,9297,9300,"[13, 29, 8, 23, 25, 12, 5, 6, 11, 14, 31, 24, 33, 15, 10, 35, 26, 18, 9, 37, 3, 7, 34, 32, 28, 30, 22, 17, 16, 20, 36, 0, 1, 27, 21, 2, 4, 19]",1,1.0,0.5,0.6666666666666666,1.0,1,2,1,1
smd,group23_evaluation,machine-2-5,tranad_official,2,7,9297,9300,"[13, 29, 8, 23, 25, 12, 5, 6, 11, 14, 31, 24, 33, 15, 10, 35, 26, 18, 9, 37, 3, 7, 34, 32, 28, 30, 22, 17, 16, 20, 36, 0, 1, 27, 21, 2, 4, 19]",3,0.3333333333333333,0.5,0.4,0.6131471927654584,1,2,3,1
smd,group23_evaluation,machine-2-5,tranad_official,2,7,9297,9300,"[13, 29, 8, 23, 25, 12, 5, 6, 11, 14, 31, 24, 33, 15, 10, 35, 26, 18, 9, 37, 3, 7, 34, 32, 28, 30, 22, 17, 16, 20, 36, 0, 1, 27, 21, 2, 4, 19]",5,0.2,0.5,0.28571428571428575,0.6131471927654584,1,2,5,1
smd,group23_evaluation,machine-2-5,tranad_official,2,8,10737,10740,"[8, 13, 29, 14, 12, 11, 6, 31, 20, 27, 18, 22, 24, 33, 21, 26, 15, 37, 7, 34, 23, 3, 9, 25, 10, 35, 5, 19, 0, 28, 30, 17, 32, 16, 36, 1, 2, 4]",1,1.0,0.25,0.4,1.0,1,4,1,1
smd,group23_evaluation,machine-2-5,tranad_official,2,8,10737,10740,"[8, 13, 29, 14, 12, 11, 6, 31, 20, 27, 18, 22, 24, 33, 21, 26, 15, 37, 7, 34, 23, 3, 9, 25, 10, 35, 5, 19, 0, 28, 30, 17, 32, 16, 36, 1, 2, 4]",3,0.6666666666666666,0.5,0.5714285714285715,0.7653606369886217,1,4,3,2
smd,group23_evaluation,machine-2-5,tranad_official,2,8,10737,10740,"[8, 13, 29, 14, 12, 11, 6, 31, 20, 27, 18, 22, 24, 33, 21, 26, 15, 37, 7, 34, 23, 3, 9, 25, 10, 35, 5, 19, 0, 28, 30, 17, 32, 16, 36, 1, 2, 4]",5,0.8,1.0,0.888888888888889,0.9558295932317544,1,4,5,4
smd,group23_evaluation,machine-2-5,tranad_official,2,9,12094,12120,"[29, 0, 3, 1, 2, 23, 6, 25, 5, 31, 24, 11, 21, 35, 20, 22, 15, 14, 34, 33, 27, 10, 13, 7, 26, 30, 37, 9, 12, 32, 36, 18, 28, 16, 19, 17, 4, 8]",1,0.0,0.0,0.0,0.0,0,6,1,0
smd,group23_evaluation,machine-2-5,tranad_official,2,9,12094,12120,"[29, 0, 3, 1, 2, 23, 6, 25, 5, 31, 24, 11, 21, 35, 20, 22, 15, 14, 34, 33, 27, 10, 13, 7, 26, 30, 37, 9, 12, 32, 36, 18, 28, 16, 19, 17, 4, 8]",3,0.6666666666666666,0.3333333333333333,0.4444444444444444,0.5307212739772434,1,6,3,2
smd,group23_evaluation,machine-2-5,tranad_official,2,9,12094,12120,"[29, 0, 3, 1, 2, 23, 6, 25, 5, 31, 24, 11, 21, 35, 20, 22, 15, 14, 34, 33, 27, 10, 13, 7, 26, 30, 37, 9, 12, 32, 36, 18, 28, 16, 19, 17, 4, 8]",5,0.8,0.6666666666666666,0.7272727272727272,0.6608397947263839,1,6,5,4
smd,group23_evaluation,machine-2-5,tranad_official,2,10,12176,12183,"[29, 13, 8, 6, 12, 11, 14, 5, 25, 24, 23, 20, 21, 27, 33, 31, 19, 26, 30, 7, 37, 9, 15, 18, 35, 3, 0, 28, 36, 17, 16, 1, 2, 22, 32, 10, 34, 4]",1,0.0,0.0,0.0,0.0,0,3,1,0
smd,group23_evaluation,machine-2-5,tranad_official,2,10,12176,12183,"[29, 13, 8, 6, 12, 11, 14, 5, 25, 24, 23, 20, 21, 27, 33, 31, 19, 26, 30, 7, 37, 9, 15, 18, 35, 3, 0, 28, 36, 17, 16, 1, 2, 22, 32, 10, 34, 4]",3,0.6666666666666666,0.6666666666666666,0.6666666666666666,0.5307212739772434,1,3,3,2
smd,group23_evaluation,machine-2-5,tranad_official,2,10,12176,12183,"[29, 13, 8, 6, 12, 11, 14, 5, 25, 24, 23, 20, 21, 27, 33, 31, 19, 26, 30, 7, 37, 9, 15, 18, 35, 3, 0, 28, 36, 17, 16, 1, 2, 22, 32, 10, 34, 4]",5,0.6,1.0,0.7499999999999999,0.7122630665145961,1,3,5,3
smd,group23_evaluation,machine-2-5,tranad_official,2,11,13616,13619,"[13, 8, 29, 12, 14, 11, 6, 31, 5, 22, 24, 33, 25, 23, 18, 26, 34, 30, 37, 7, 35, 15, 9, 3, 32, 10, 27, 28, 17, 0, 16, 36, 1, 20, 2, 21, 4, 19]",1,1.0,0.25,0.4,1.0,1,4,1,1
smd,group23_evaluation,machine-2-5,tranad_official,2,11,13616,13619,"[13, 8, 29, 12, 14, 11, 6, 31, 5, 22, 24, 33, 25, 23, 18, 26, 34, 30, 37, 7, 35, 15, 9, 3, 32, 10, 27, 28, 17, 0, 16, 36, 1, 20, 2, 21, 4, 19]",3,0.6666666666666666,0.5,0.5714285714285715,0.7653606369886217,1,4,3,2
smd,group23_evaluation,machine-2-5,tranad_official,2,11,13616,13619,"[13, 8, 29, 12, 14, 11, 6, 31, 5, 22, 24, 33, 25, 23, 18, 26, 34, 30, 37, 7, 35, 15, 9, 3, 32, 10, 27, 28, 17, 0, 16, 36, 1, 20, 2, 21, 4, 19]",5,0.8,1.0,0.888888888888889,0.9558295932317544,1,4,5,4
smd,group23_evaluation,machine-2-5,tranad_official,2,12,15056,15059,"[13, 8, 29, 12, 14, 6, 23, 25, 11, 35, 24, 34, 31, 33, 26, 5, 18, 37, 20, 15, 7, 10, 21, 3, 9, 32, 22, 17, 28, 16, 36, 27, 1, 2, 0, 4, 19, 30]",1,1.0,0.25,0.4,1.0,1,4,1,1
smd,group23_evaluation,machine-2-5,tranad_official,2,12,15056,15059,"[13, 8, 29, 12, 14, 6, 23, 25, 11, 35, 24, 34, 31, 33, 26, 5, 18, 37, 20, 15, 7, 10, 21, 3, 9, 32, 22, 17, 28, 16, 36, 27, 1, 2, 0, 4, 19, 30]",3,0.6666666666666666,0.5,0.5714285714285715,0.7653606369886217,1,4,3,2
smd,group23_evaluation,machine-2-5,tranad_official,2,12,15056,15059,"[13, 8, 29, 12, 14, 6, 23, 25, 11, 35, 24, 34, 31, 33, 26, 5, 18, 37, 20, 15, 7, 10, 21, 3, 9, 32, 22, 17, 28, 16, 36, 27, 1, 2, 0, 4, 19, 30]",5,0.8,1.0,0.888888888888889,0.9558295932317544,1,4,5,4
smd,group23_evaluation,machine-2-5,tranad_official,2,13,16524,16549,"[29, 13, 8, 6, 14, 11, 0, 5, 12, 31, 23, 33, 22, 24, 25, 26, 15, 18, 30, 20, 7, 27, 37, 9, 21, 35, 34, 3, 19, 28, 10, 32, 36, 16, 17, 1, 2, 4]",1,0.0,0.0,0.0,0.0,0,5,1,0
smd,group23_evaluation,machine-2-5,tranad_official,2,13,16524,16549,"[29, 13, 8, 6, 14, 11, 0, 5, 12, 31, 23, 33, 22, 24, 25, 26, 15, 18, 30, 20, 7, 27, 37, 9, 21, 35, 34, 3, 19, 28, 10, 32, 36, 16, 17, 1, 2, 4]",3,0.6666666666666666,0.4,0.5,0.5307212739772434,1,5,3,2
smd,group23_evaluation,machine-2-5,tranad_official,2,13,16524,16549,"[29, 13, 8, 6, 14, 11, 0, 5, 12, 31, 23, 33, 22, 24, 25, 26, 15, 18, 30, 20, 7, 27, 37, 9, 21, 35, 34, 3, 19, 28, 10, 32, 36, 16, 17, 1, 2, 4]",5,0.6,0.6,0.6,0.5147714448836774,1,5,5,3
smd,group23_evaluation,machine-2-5,tranad_official,2,14,17960,18331,"[29, 0, 11, 6, 25, 14, 23, 13, 8, 31, 15, 10, 22, 12, 5, 24, 33, 35, 18, 34, 30, 26, 7, 9, 37, 3, 27, 32, 28, 36, 20, 21, 16, 2, 17, 1, 4, 19]",1,0.0,0.0,0.0,0.0,0,6,1,0
smd,group23_evaluation,machine-2-5,tranad_official,2,14,17960,18331,"[29, 0, 11, 6, 25, 14, 23, 13, 8, 31, 15, 10, 22, 12, 5, 24, 33, 35, 18, 34, 30, 26, 7, 9, 37, 3, 27, 32, 28, 36, 20, 21, 16, 2, 17, 1, 4, 19]",3,0.6666666666666666,0.3333333333333333,0.4444444444444444,0.5307212739772434,1,6,3,2
smd,group23_evaluation,machine-2-5,tranad_official,2,14,17960,18331,"[29, 0, 11, 6, 25, 14, 23, 13, 8, 31, 15, 10, 22, 12, 5, 24, 33, 35, 18, 34, 30, 26, 7, 9, 37, 3, 27, 32, 28, 36, 20, 21, 16, 2, 17, 1, 4, 19]",5,0.4,0.3333333333333333,0.3636363636363636,0.38356636737133565,1,6,5,2
smd,group23_evaluation,machine-2-5,tranad_official,2,15,18592,18701,"[10, 15, 18, 20, 27, 14, 8, 28, 36, 9, 1, 3, 24, 34, 32, 29, 35, 13, 17, 4, 11, 2, 30, 31, 0, 7, 23, 22, 21, 37, 25, 6, 19, 5, 12, 16, 33, 26]",1,1.0,0.1,0.18181818181818182,1.0,1,10,1,1
smd,group23_evaluation,machine-2-5,tranad_official,2,15,18592,18701,"[10, 15, 18, 20, 27, 14, 8, 28, 36, 9, 1, 3, 24, 34, 32, 29, 35, 13, 17, 4, 11, 2, 30, 31, 0, 7, 23, 22, 21, 37, 25, 6, 19, 5, 12, 16, 33, 26]",3,1.0,0.3,0.4615384615384615,1.0,1,10,3,3
smd,group23_evaluation,machine-2-5,tranad_official,2,15,18592,18701,"[10, 15, 18, 20, 27, 14, 8, 28, 36, 9, 1, 3, 24, 34, 32, 29, 35, 13, 17, 4, 11, 2, 30, 31, 0, 7, 23, 22, 21, 37, 25, 6, 19, 5, 12, 16, 33, 26]",5,1.0,0.5,0.6666666666666666,1.0,1,10,5,5
smd,group23_evaluation,machine-2-5,tranad_official,2,16,18880,18951,"[28, 18, 20, 27, 10, 15, 31, 30, 21, 5, 34, 35, 29, 22, 0, 24, 23, 6, 3, 25, 19, 2, 17, 8, 36, 1, 14, 26, 33, 32, 7, 11, 4, 13, 37, 9, 12, 16]",1,1.0,0.045454545454545456,0.08695652173913045,1.0,1,22,1,1
smd,group23_evaluation,machine-2-5,tranad_official,2,16,18880,18951,"[28, 18, 20, 27, 10, 15, 31, 30, 21, 5, 34, 35, 29, 22, 0, 24, 23, 6, 3, 25, 19, 2, 17, 8, 36, 1, 14, 26, 33, 32, 7, 11, 4, 13, 37, 9, 12, 16]",3,1.0,0.13636363636363635,0.24000000000000002,1.0,1,22,3,3
smd,group23_evaluation,machine-2-5,tranad_official,2,16,18880,18951,"[28, 18, 20, 27, 10, 15, 31, 30, 21, 5, 34, 35, 29, 22, 0, 24, 23, 6, 3, 25, 19, 2, 17, 8, 36, 1, 14, 26, 33, 32, 7, 11, 4, 13, 37, 9, 12, 16]",5,1.0,0.22727272727272727,0.37037037037037035,1.0,1,22,5,5
smd,group23_evaluation,machine-2-5,tranad_official,2,17,19405,19413,"[29, 13, 8, 14, 11, 12, 6, 31, 0, 22, 5, 33, 15, 24, 26, 23, 18, 30, 25, 9, 7, 35, 37, 34, 3, 10, 32, 28, 27, 17, 36, 16, 1, 2, 21, 20, 4, 19]",1,0.0,0.0,0.0,0.0,0,4,1,0
smd,group23_evaluation,machine-2-5,tranad_official,2,17,19405,19413,"[29, 13, 8, 14, 11, 12, 6, 31, 0, 22, 5, 33, 15, 24, 26, 23, 18, 30, 25, 9, 7, 35, 37, 34, 3, 10, 32, 28, 27, 17, 36, 16, 1, 2, 21, 20, 4, 19]",3,0.6666666666666666,0.5,0.5714285714285715,0.5307212739772434,1,4,3,2
smd,group23_evaluation,machine-2-5,tranad_official,2,17,19405,19413,"[29, 13, 8, 14, 11, 12, 6, 31, 0, 22, 5, 33, 15, 24, 26, 23, 18, 30, 25, 9, 7, 35, 37, 34, 3, 10, 32, 28, 27, 17, 36, 16, 1, 2, 21, 20, 4, 19]",5,0.6,0.75,0.6666666666666665,0.6096199500078984,1,4,5,3
smd,group23_evaluation,machine-2-5,tranad_official,2,18,20846,20854,"[29, 13, 8, 14, 12, 11, 23, 25, 0, 6, 5, 31, 24, 33, 15, 35, 26, 22, 18, 10, 9, 37, 7, 3, 34, 32, 30, 20, 17, 28, 16, 36, 1, 21, 2, 27, 4, 19]",1,0.0,0.0,0.0,0.0,0,4,1,0
smd,group23_evaluation,machine-2-5,tranad_official,2,18,20846,20854,"[29, 13, 8, 14, 12, 11, 23, 25, 0, 6, 5, 31, 24, 33, 15, 35, 26, 22, 18, 10, 9, 37, 7, 3, 34, 32, 30, 20, 17, 28, 16, 36, 1, 21, 2, 27, 4, 19]",3,0.6666666666666666,0.5,0.5714285714285715,0.5307212739772434,1,4,3,2
smd,group23_evaluation,machine-2-5,tranad_official,2,18,20846,20854,"[29, 13, 8, 14, 12, 11, 23, 25, 0, 6, 5, 31, 24, 33, 15, 35, 26, 22, 18, 10, 9, 37, 7, 3, 34, 32, 30, 20, 17, 28, 16, 36, 1, 21, 2, 27, 4, 19]",5,0.8,1.0,0.888888888888889,0.7606395682357036,1,4,5,4
smd,group23_evaluation,machine-2-5,tranad_official,2,19,22283,22294,"[29, 13, 8, 14, 5, 11, 23, 25, 12, 31, 0, 24, 33, 22, 15, 26, 9, 18, 7, 6, 37, 3, 20, 32, 21, 27, 10, 17, 28, 30, 16, 34, 1, 36, 2, 35, 4, 19]",1,0.0,0.0,0.0,0.0,0,4,1,0
smd,group23_evaluation,machine-2-5,tranad_official,2,19,22283,22294,"[29, 13, 8, 14, 5, 11, 23, 25, 12, 31, 0, 24, 33, 22, 15, 26, 9, 18, 7, 6, 37, 3, 20, 32, 21, 27, 10, 17, 28, 30, 16, 34, 1, 36, 2, 35, 4, 19]",3,0.6666666666666666,0.5,0.5714285714285715,0.5307212739772434,1,4,3,2
smd,group23_evaluation,machine-2-5,tranad_official,2,19,22283,22294,"[29, 13, 8, 14, 5, 11, 23, 25, 12, 31, 0, 24, 33, 22, 15, 26, 9, 18, 7, 6, 37, 3, 20, 32, 21, 27, 10, 17, 28, 30, 16, 34, 1, 36, 2, 35, 4, 19]",5,0.6,0.75,0.6666666666666665,0.6096199500078984,1,4,5,3
smd,group23_evaluation,machine-2-5,tranad_official,2,20,23120,23141,"[29, 0, 22, 24, 25, 23, 6, 35, 34, 5, 21, 20, 30, 31, 27, 11, 18, 33, 15, 1, 2, 19, 3, 10, 7, 37, 14, 28, 13, 26, 36, 12, 32, 9, 16, 17, 4, 8]",1,0.0,0.0,0.0,0.0,0,3,1,0
smd,group23_evaluation,machine-2-5,tranad_official,2,20,23120,23141,"[29, 0, 22, 24, 25, 23, 6, 35, 34, 5, 21, 20, 30, 31, 27, 11, 18, 33, 15, 1, 2, 19, 3, 10, 7, 37, 14, 28, 13, 26, 36, 12, 32, 9, 16, 17, 4, 8]",3,0.6666666666666666,0.6666666666666666,0.6666666666666666,0.5307212739772434,1,3,3,2
smd,group23_evaluation,machine-2-5,tranad_official,2,20,23120,23141,"[29, 0, 22, 24, 25, 23, 6, 35, 34, 5, 21, 20, 30, 31, 27, 11, 18, 33, 15, 1, 2, 19, 3, 10, 7, 37, 14, 28, 13, 26, 36, 12, 32, 9, 16, 17, 4, 8]",5,0.6,1.0,0.7499999999999999,0.7328286204777911,1,3,5,3
smd,group23_evaluation,machine-2-6,tranad_official,0,0,1170,1205,"[6, 25, 23, 35, 34, 31, 29, 24, 18, 27, 20, 0, 3, 21, 30, 2, 22, 1, 19, 10, 11, 15, 14, 17, 5, 12, 13, 8, 32, 33, 37, 4, 26, 28, 7, 36, 16, 9]",1,1.0,0.05,0.09523809523809523,1.0,1,20,1,1
smd,group23_evaluation,machine-2-6,tranad_official,0,0,1170,1205,"[6, 25, 23, 35, 34, 31, 29, 24, 18, 27, 20, 0, 3, 21, 30, 2, 22, 1, 19, 10, 11, 15, 14, 17, 5, 12, 13, 8, 32, 33, 37, 4, 26, 28, 7, 36, 16, 9]",3,1.0,0.15,0.2608695652173913,1.0,1,20,3,3
smd,group23_evaluation,machine-2-6,tranad_official,0,0,1170,1205,"[6, 25, 23, 35, 34, 31, 29, 24, 18, 27, 20, 0, 3, 21, 30, 2, 22, 1, 19, 10, 11, 15, 14, 17, 5, 12, 13, 8, 32, 33, 37, 4, 26, 28, 7, 36, 16, 9]",5,1.0,0.25,0.4,1.0,1,20,5,5
smd,group23_evaluation,machine-2-6,tranad_official,0,1,8188,8214,"[6, 25, 23, 29, 0, 24, 35, 20, 32, 34, 21, 30, 27, 2, 18, 31, 33, 19, 1, 3, 22, 15, 10, 11, 14, 8, 13, 12, 37, 4, 16, 5, 7, 28, 26, 36, 9, 17]",1,0.0,0.0,0.0,0.0,0,15,1,0
smd,group23_evaluation,machine-2-6,tranad_official,0,1,8188,8214,"[6, 25, 23, 29, 0, 24, 35, 20, 32, 34, 21, 30, 27, 2, 18, 31, 33, 19, 1, 3, 22, 15, 10, 11, 14, 8, 13, 12, 37, 4, 16, 5, 7, 28, 26, 36, 9, 17]",3,0.0,0.0,0.0,0.0,0,15,3,0
smd,group23_evaluation,machine-2-6,tranad_official,0,1,8188,8214,"[6, 25, 23, 29, 0, 24, 35, 20, 32, 34, 21, 30, 27, 2, 18, 31, 33, 19, 1, 3, 22, 15, 10, 11, 14, 8, 13, 12, 37, 4, 16, 5, 7, 28, 26, 36, 9, 17]",5,0.4,0.13333333333333333,0.2,0.27727342735504823,1,15,5,2
smd,group23_evaluation,machine-2-6,tranad_official,0,2,8218,8235,"[6, 27, 22, 30, 24, 21, 19, 35, 34, 31, 18, 20, 3, 29, 0, 23, 25, 2, 1, 10, 11, 14, 15, 13, 8, 12, 32, 5, 33, 4, 28, 37, 16, 7, 9, 26, 36, 17]",1,0.0,0.0,0.0,0.0,0,15,1,0
smd,group23_evaluation,machine-2-6,tranad_official,0,2,8218,8235,"[6, 27, 22, 30, 24, 21, 19, 35, 34, 31, 18, 20, 3, 29, 0, 23, 25, 2, 1, 10, 11, 14, 15, 13, 8, 12, 32, 5, 33, 4, 28, 37, 16, 7, 9, 26, 36, 17]",3,0.6666666666666666,0.13333333333333333,0.2222222222222222,0.5307212739772434,1,15,3,2
smd,group23_evaluation,machine-2-6,tranad_official,0,2,8218,8235,"[6, 27, 22, 30, 24, 21, 19, 35, 34, 31, 18, 20, 3, 29, 0, 23, 25, 2, 1, 10, 11, 14, 15, 13, 8, 12, 32, 5, 33, 4, 28, 37, 16, 7, 9, 26, 36, 17]",5,0.8,0.26666666666666666,0.4,0.6608397947263839,1,15,5,4
smd,group23_evaluation,machine-2-6,tranad_official,0,3,13890,13995,"[6, 11, 12, 18, 13, 2, 29, 21, 10, 27, 8, 23, 25, 3, 35, 20, 30, 19, 0, 24, 1, 15, 14, 32, 26, 34, 33, 22, 31, 16, 4, 9, 36, 5, 28, 7, 37, 17]",1,0.0,0.0,0.0,0.0,0,4,1,0
smd,group23_evaluation,machine-2-6,tranad_official,0,3,13890,13995,"[6, 11, 12, 18, 13, 2, 29, 21, 10, 27, 8, 23, 25, 3, 35, 20, 30, 19, 0, 24, 1, 15, 14, 32, 26, 34, 33, 22, 31, 16, 4, 9, 36, 5, 28, 7, 37, 17]",3,0.6666666666666666,0.5,0.5714285714285715,0.5307212739772434,1,4,3,2
smd,group23_evaluation,machine-2-6,tranad_official,0,3,13890,13995,"[6, 11, 12, 18, 13, 2, 29, 21, 10, 27, 8, 23, 25, 3, 35, 20, 30, 19, 0, 24, 1, 15, 14, 32, 26, 34, 33, 22, 31, 16, 4, 9, 36, 5, 28, 7, 37, 17]",5,0.4,0.5,0.4444444444444445,0.44149241373678083,1,4,5,2
smd,group23_evaluation,machine-2-6,tranad_official,0,4,16720,16743,"[8, 13, 12, 0, 14, 11, 6, 10, 15, 29, 19, 9, 28, 17, 25, 4, 3, 30, 32, 23, 22, 31, 1, 26, 16, 2, 34, 35, 21, 7, 20, 24, 5, 33, 18, 36, 27, 37]",1,1.0,0.3333333333333333,0.5,1.0,1,3,1,1
smd,group23_evaluation,machine-2-6,tranad_official,0,4,16720,16743,"[8, 13, 12, 0, 14, 11, 6, 10, 15, 29, 19, 9, 28, 17, 25, 4, 3, 30, 32, 23, 22, 31, 1, 26, 16, 2, 34, 35, 21, 7, 20, 24, 5, 33, 18, 36, 27, 37]",3,0.6666666666666666,0.6666666666666666,0.6666666666666666,0.7653606369886217,1,3,3,2
smd,group23_evaluation,machine-2-6,tranad_official,0,4,16720,16743,"[8, 13, 12, 0, 14, 11, 6, 10, 15, 29, 19, 9, 28, 17, 25, 4, 3, 30, 32, 23, 22, 31, 1, 26, 16, 2, 34, 35, 21, 7, 20, 24, 5, 33, 18, 36, 27, 37]",5,0.6,1.0,0.7499999999999999,0.9674679834891693,1,3,5,3
smd,group23_evaluation,machine-2-6,tranad_official,0,5,18122,18125,"[12, 11, 0, 1, 2, 15, 34, 22, 9, 27, 3, 21, 18, 25, 10, 23, 6, 8, 30, 13, 19, 14, 26, 32, 35, 5, 20, 16, 4, 28, 36, 31, 7, 17, 29, 24, 37, 33]",1,1.0,0.5,0.6666666666666666,1.0,1,2,1,1
smd,group23_evaluation,machine-2-6,tranad_official,0,5,18122,18125,"[12, 11, 0, 1, 2, 15, 34, 22, 9, 27, 3, 21, 18, 25, 10, 23, 6, 8, 30, 13, 19, 14, 26, 32, 35, 5, 20, 16, 4, 28, 36, 31, 7, 17, 29, 24, 37, 33]",3,0.3333333333333333,0.5,0.4,0.6131471927654584,1,2,3,1
smd,group23_evaluation,machine-2-6,tranad_official,0,5,18122,18125,"[12, 11, 0, 1, 2, 15, 34, 22, 9, 27, 3, 21, 18, 25, 10, 23, 6, 8, 30, 13, 19, 14, 26, 32, 35, 5, 20, 16, 4, 28, 36, 31, 7, 17, 29, 24, 37, 33]",5,0.2,0.5,0.28571428571428575,0.6131471927654584,1,2,5,1
smd,group23_evaluation,machine-2-6,tranad_official,0,6,20620,20738,"[0, 11, 12, 23, 6, 14, 8, 13, 35, 21, 34, 20, 29, 19, 30, 10, 9, 24, 15, 32, 17, 31, 25, 28, 1, 27, 3, 22, 16, 4, 26, 18, 2, 7, 33, 36, 5, 37]",1,0.0,0.0,0.0,0.0,0,3,1,0
smd,group23_evaluation,machine-2-6,tranad_official,0,6,20620,20738,"[0, 11, 12, 23, 6, 14, 8, 13, 35, 21, 34, 20, 29, 19, 30, 10, 9, 24, 15, 32, 17, 31, 25, 28, 1, 27, 3, 22, 16, 4, 26, 18, 2, 7, 33, 36, 5, 37]",3,0.6666666666666666,0.6666666666666666,0.6666666666666666,0.5307212739772434,1,3,3,2
smd,group23_evaluation,machine-2-6,tranad_official,0,6,20620,20738,"[0, 11, 12, 23, 6, 14, 8, 13, 35, 21, 34, 20, 29, 19, 30, 10, 9, 24, 15, 32, 17, 31, 25, 28, 1, 27, 3, 22, 16, 4, 26, 18, 2, 7, 33, 36, 5, 37]",5,0.4,0.6666666666666666,0.5,0.5307212739772434,1,3,5,2
smd,group23_evaluation,machine-2-6,tranad_official,0,7,27883,27980,"[6, 25, 23, 29, 31, 35, 34, 24, 32, 18, 20, 27, 0, 3, 5, 21, 30, 22, 2, 1, 10, 19, 15, 11, 14, 13, 17, 33, 8, 12, 37, 7, 9, 4, 16, 26, 36, 28]",1,1.0,0.047619047619047616,0.0909090909090909,1.0,1,21,1,1
smd,group23_evaluation,machine-2-6,tranad_official,0,7,27883,27980,"[6, 25, 23, 29, 31, 35, 34, 24, 32, 18, 20, 27, 0, 3, 5, 21, 30, 22, 2, 1, 10, 19, 15, 11, 14, 13, 17, 33, 8, 12, 37, 7, 9, 4, 16, 26, 36, 28]",3,1.0,0.14285714285714285,0.25,1.0,1,21,3,3
smd,group23_evaluation,machine-2-6,tranad_official,0,7,27883,27980,"[6, 25, 23, 29, 31, 35, 34, 24, 32, 18, 20, 27, 0, 3, 5, 21, 30, 22, 2, 1, 10, 19, 15, 11, 14, 13, 17, 33, 8, 12, 37, 7, 9, 4, 16, 26, 36, 28]",5,1.0,0.23809523809523808,0.3846153846153846,1.0,1,21,5,5
smd,group23_evaluation,machine-2-6,tranad_official,1,0,1170,1205,"[6, 25, 23, 31, 34, 24, 29, 35, 18, 0, 20, 30, 2, 21, 3, 22, 1, 27, 19, 9, 28, 10, 11, 14, 13, 17, 15, 16, 5, 12, 8, 32, 33, 37, 26, 36, 7, 4]",1,1.0,0.05,0.09523809523809523,1.0,1,20,1,1
smd,group23_evaluation,machine-2-6,tranad_official,1,0,1170,1205,"[6, 25, 23, 31, 34, 24, 29, 35, 18, 0, 20, 30, 2, 21, 3, 22, 1, 27, 19, 9, 28, 10, 11, 14, 13, 17, 15, 16, 5, 12, 8, 32, 33, 37, 26, 36, 7, 4]",3,1.0,0.15,0.2608695652173913,1.0,1,20,3,3
smd,group23_evaluation,machine-2-6,tranad_official,1,0,1170,1205,"[6, 25, 23, 31, 34, 24, 29, 35, 18, 0, 20, 30, 2, 21, 3, 22, 1, 27, 19, 9, 28, 10, 11, 14, 13, 17, 15, 16, 5, 12, 8, 32, 33, 37, 26, 36, 7, 4]",5,1.0,0.25,0.4,1.0,1,20,5,5
smd,group23_evaluation,machine-2-6,tranad_official,1,1,8188,8214,"[6, 23, 25, 29, 31, 0, 24, 21, 32, 18, 34, 35, 33, 30, 3, 20, 2, 10, 1, 27, 19, 15, 22, 14, 11, 8, 13, 12, 17, 36, 16, 37, 5, 26, 7, 28, 4, 9]",1,0.0,0.0,0.0,0.0,0,15,1,0
smd,group23_evaluation,machine-2-6,tranad_official,1,1,8188,8214,"[6, 23, 25, 29, 31, 0, 24, 21, 32, 18, 34, 35, 33, 30, 3, 20, 2, 10, 1, 27, 19, 15, 22, 14, 11, 8, 13, 12, 17, 36, 16, 37, 5, 26, 7, 28, 4, 9]",3,0.0,0.0,0.0,0.0,0,15,3,0
smd,group23_evaluation,machine-2-6,tranad_official,1,1,8188,8214,"[6, 23, 25, 29, 31, 0, 24, 21, 32, 18, 34, 35, 33, 30, 3, 20, 2, 10, 1, 27, 19, 15, 22, 14, 11, 8, 13, 12, 17, 36, 16, 37, 5, 26, 7, 28, 4, 9]",5,0.4,0.13333333333333333,0.2,0.27727342735504823,1,15,5,2
smd,group23_evaluation,machine-2-6,tranad_official,1,2,8218,8235,"[6, 31, 30, 20, 24, 34, 35, 14, 23, 27, 25, 13, 1, 29, 22, 0, 3, 19, 2, 18, 10, 21, 15, 5, 11, 33, 8, 12, 26, 9, 32, 17, 16, 37, 36, 7, 28, 4]",1,0.0,0.0,0.0,0.0,0,15,1,0
smd,group23_evaluation,machine-2-6,tranad_official,1,2,8218,8235,"[6, 31, 30, 20, 24, 34, 35, 14, 23, 27, 25, 13, 1, 29, 22, 0, 3, 19, 2, 18, 10, 21, 15, 5, 11, 33, 8, 12, 26, 9, 32, 17, 16, 37, 36, 7, 28, 4]",3,0.6666666666666666,0.13333333333333333,0.2222222222222222,0.5307212739772434,1,15,3,2
smd,group23_evaluation,machine-2-6,tranad_official,1,2,8218,8235,"[6, 31, 30, 20, 24, 34, 35, 14, 23, 27, 25, 13, 1, 29, 22, 0, 3, 19, 2, 18, 10, 21, 15, 5, 11, 33, 8, 12, 26, 9, 32, 17, 16, 37, 36, 7, 28, 4]",5,0.8,0.26666666666666666,0.4,0.6608397947263839,1,15,5,4
smd,group23_evaluation,machine-2-6,tranad_official,1,3,13890,13995,"[6, 11, 12, 18, 22, 13, 20, 29, 0, 30, 25, 10, 1, 19, 27, 3, 23, 34, 21, 8, 24, 14, 35, 33, 32, 2, 15, 31, 9, 16, 37, 17, 26, 28, 36, 5, 7, 4]",1,0.0,0.0,0.0,0.0,0,4,1,0
smd,group23_evaluation,machine-2-6,tranad_official,1,3,13890,13995,"[6, 11, 12, 18, 22, 13, 20, 29, 0, 30, 25, 10, 1, 19, 27, 3, 23, 34, 21, 8, 24, 14, 35, 33, 32, 2, 15, 31, 9, 16, 37, 17, 26, 28, 36, 5, 7, 4]",3,0.6666666666666666,0.5,0.5714285714285715,0.5307212739772434,1,4,3,2
smd,group23_evaluation,machine-2-6,tranad_official,1,3,13890,13995,"[6, 11, 12, 18, 22, 13, 20, 29, 0, 30, 25, 10, 1, 19, 27, 3, 23, 34, 21, 8, 24, 14, 35, 33, 32, 2, 15, 31, 9, 16, 37, 17, 26, 28, 36, 5, 7, 4]",5,0.4,0.5,0.4444444444444445,0.44149241373678083,1,4,5,2
smd,group23_evaluation,machine-2-6,tranad_official,1,4,16720,16743,"[8, 13, 12, 0, 14, 11, 6, 29, 10, 15, 23, 5, 7, 28, 19, 9, 2, 1, 37, 25, 33, 36, 4, 21, 31, 30, 26, 16, 22, 18, 34, 3, 27, 20, 24, 32, 35, 17]",1,1.0,0.3333333333333333,0.5,1.0,1,3,1,1
smd,group23_evaluation,machine-2-6,tranad_official,1,4,16720,16743,"[8, 13, 12, 0, 14, 11, 6, 29, 10, 15, 23, 5, 7, 28, 19, 9, 2, 1, 37, 25, 33, 36, 4, 21, 31, 30, 26, 16, 22, 18, 34, 3, 27, 20, 24, 32, 35, 17]",3,0.6666666666666666,0.6666666666666666,0.6666666666666666,0.7653606369886217,1,3,3,2
smd,group23_evaluation,machine-2-6,tranad_official,1,4,16720,16743,"[8, 13, 12, 0, 14, 11, 6, 29, 10, 15, 23, 5, 7, 28, 19, 9, 2, 1, 37, 25, 33, 36, 4, 21, 31, 30, 26, 16, 22, 18, 34, 3, 27, 20, 24, 32, 35, 17]",5,0.6,1.0,0.7499999999999999,0.9674679834891693,1,3,5,3
smd,group23_evaluation,machine-2-6,tranad_official,1,5,18122,18125,"[12, 11, 0, 1, 3, 2, 18, 24, 27, 9, 6, 31, 30, 19, 21, 25, 15, 20, 14, 8, 13, 29, 22, 34, 10, 23, 35, 37, 16, 4, 17, 5, 36, 33, 26, 28, 32, 7]",1,1.0,0.5,0.6666666666666666,1.0,1,2,1,1
smd,group23_evaluation,machine-2-6,tranad_official,1,5,18122,18125,"[12, 11, 0, 1, 3, 2, 18, 24, 27, 9, 6, 31, 30, 19, 21, 25, 15, 20, 14, 8, 13, 29, 22, 34, 10, 23, 35, 37, 16, 4, 17, 5, 36, 33, 26, 28, 32, 7]",3,0.3333333333333333,0.5,0.4,0.6131471927654584,1,2,3,1
smd,group23_evaluation,machine-2-6,tranad_official,1,5,18122,18125,"[12, 11, 0, 1, 3, 2, 18, 24, 27, 9, 6, 31, 30, 19, 21, 25, 15, 20, 14, 8, 13, 29, 22, 34, 10, 23, 35, 37, 16, 4, 17, 5, 36, 33, 26, 28, 32, 7]",5,0.2,0.5,0.28571428571428575,0.6131471927654584,1,2,5,1
smd,group23_evaluation,machine-2-6,tranad_official,1,6,20620,20738,"[0, 11, 12, 23, 6, 14, 8, 13, 29, 22, 10, 15, 19, 24, 34, 31, 35, 30, 1, 20, 21, 9, 3, 2, 25, 18, 27, 36, 5, 7, 4, 33, 28, 37, 32, 26, 16, 17]",1,0.0,0.0,0.0,0.0,0,3,1,0
smd,group23_evaluation,machine-2-6,tranad_official,1,6,20620,20738,"[0, 11, 12, 23, 6, 14, 8, 13, 29, 22, 10, 15, 19, 24, 34, 31, 35, 30, 1, 20, 21, 9, 3, 2, 25, 18, 27, 36, 5, 7, 4, 33, 28, 37, 32, 26, 16, 17]",3,0.6666666666666666,0.6666666666666666,0.6666666666666666,0.5307212739772434,1,3,3,2
smd,group23_evaluation,machine-2-6,tranad_official,1,6,20620,20738,"[0, 11, 12, 23, 6, 14, 8, 13, 29, 22, 10, 15, 19, 24, 34, 31, 35, 30, 1, 20, 21, 9, 3, 2, 25, 18, 27, 36, 5, 7, 4, 33, 28, 37, 32, 26, 16, 17]",5,0.4,0.6666666666666666,0.5,0.5307212739772434,1,3,5,2
smd,group23_evaluation,machine-2-6,tranad_official,1,7,27883,27980,"[6, 25, 23, 29, 31, 34, 35, 24, 32, 18, 20, 0, 5, 30, 21, 27, 3, 22, 9, 2, 1, 10, 14, 19, 28, 15, 13, 17, 16, 11, 8, 12, 33, 36, 37, 26, 7, 4]",1,1.0,0.047619047619047616,0.0909090909090909,1.0,1,21,1,1
smd,group23_evaluation,machine-2-6,tranad_official,1,7,27883,27980,"[6, 25, 23, 29, 31, 34, 35, 24, 32, 18, 20, 0, 5, 30, 21, 27, 3, 22, 9, 2, 1, 10, 14, 19, 28, 15, 13, 17, 16, 11, 8, 12, 33, 36, 37, 26, 7, 4]",3,1.0,0.14285714285714285,0.25,1.0,1,21,3,3
smd,group23_evaluation,machine-2-6,tranad_official,1,7,27883,27980,"[6, 25, 23, 29, 31, 34, 35, 24, 32, 18, 20, 0, 5, 30, 21, 27, 3, 22, 9, 2, 1, 10, 14, 19, 28, 15, 13, 17, 16, 11, 8, 12, 33, 36, 37, 26, 7, 4]",5,1.0,0.23809523809523808,0.3846153846153846,1.0,1,21,5,5
smd,group23_evaluation,machine-2-6,tranad_official,2,0,1170,1205,"[6, 25, 23, 35, 31, 34, 29, 24, 18, 27, 20, 0, 3, 30, 21, 2, 22, 1, 19, 10, 11, 15, 14, 17, 5, 12, 13, 8, 32, 33, 7, 36, 9, 37, 16, 4, 28, 26]",1,1.0,0.05,0.09523809523809523,1.0,1,20,1,1
smd,group23_evaluation,machine-2-6,tranad_official,2,0,1170,1205,"[6, 25, 23, 35, 31, 34, 29, 24, 18, 27, 20, 0, 3, 30, 21, 2, 22, 1, 19, 10, 11, 15, 14, 17, 5, 12, 13, 8, 32, 33, 7, 36, 9, 37, 16, 4, 28, 26]",3,1.0,0.15,0.2608695652173913,1.0,1,20,3,3
smd,group23_evaluation,machine-2-6,tranad_official,2,0,1170,1205,"[6, 25, 23, 35, 31, 34, 29, 24, 18, 27, 20, 0, 3, 30, 21, 2, 22, 1, 19, 10, 11, 15, 14, 17, 5, 12, 13, 8, 32, 33, 7, 36, 9, 37, 16, 4, 28, 26]",5,1.0,0.25,0.4,1.0,1,20,5,5
smd,group23_evaluation,machine-2-6,tranad_official,2,1,8188,8214,"[6, 23, 25, 29, 31, 24, 32, 18, 30, 21, 33, 27, 0, 19, 35, 34, 3, 20, 1, 2, 15, 11, 14, 22, 10, 8, 12, 13, 5, 7, 9, 36, 17, 4, 37, 16, 28, 26]",1,0.0,0.0,0.0,0.0,0,15,1,0
smd,group23_evaluation,machine-2-6,tranad_official,2,1,8188,8214,"[6, 23, 25, 29, 31, 24, 32, 18, 30, 21, 33, 27, 0, 19, 35, 34, 3, 20, 1, 2, 15, 11, 14, 22, 10, 8, 12, 13, 5, 7, 9, 36, 17, 4, 37, 16, 28, 26]",3,0.0,0.0,0.0,0.0,0,15,3,0
smd,group23_evaluation,machine-2-6,tranad_official,2,1,8188,8214,"[6, 23, 25, 29, 31, 24, 32, 18, 30, 21, 33, 27, 0, 19, 35, 34, 3, 20, 1, 2, 15, 11, 14, 22, 10, 8, 12, 13, 5, 7, 9, 36, 17, 4, 37, 16, 28, 26]",5,0.4,0.13333333333333333,0.2,0.27727342735504823,1,15,5,2
smd,group23_evaluation,machine-2-6,tranad_official,2,2,8218,8235,"[6, 21, 31, 27, 24, 25, 3, 0, 22, 29, 19, 1, 10, 30, 18, 34, 35, 2, 11, 23, 14, 15, 13, 4, 8, 20, 12, 32, 5, 33, 36, 7, 9, 17, 16, 37, 28, 26]",1,0.0,0.0,0.0,0.0,0,15,1,0
smd,group23_evaluation,machine-2-6,tranad_official,2,2,8218,8235,"[6, 21, 31, 27, 24, 25, 3, 0, 22, 29, 19, 1, 10, 30, 18, 34, 35, 2, 11, 23, 14, 15, 13, 4, 8, 20, 12, 32, 5, 33, 36, 7, 9, 17, 16, 37, 28, 26]",3,0.6666666666666666,0.13333333333333333,0.2222222222222222,0.5307212739772434,1,15,3,2
smd,group23_evaluation,machine-2-6,tranad_official,2,2,8218,8235,"[6, 21, 31, 27, 24, 25, 3, 0, 22, 29, 19, 1, 10, 30, 18, 34, 35, 2, 11, 23, 14, 15, 13, 4, 8, 20, 12, 32, 5, 33, 36, 7, 9, 17, 16, 37, 28, 26]",5,0.8,0.26666666666666666,0.4,0.6608397947263839,1,15,5,4
smd,group23_evaluation,machine-2-6,tranad_official,2,3,13890,13995,"[6, 11, 12, 18, 27, 20, 22, 21, 13, 29, 24, 25, 34, 31, 30, 35, 0, 19, 1, 23, 3, 10, 8, 14, 2, 33, 15, 32, 9, 5, 7, 36, 37, 17, 4, 28, 16, 26]",1,0.0,0.0,0.0,0.0,0,4,1,0
smd,group23_evaluation,machine-2-6,tranad_official,2,3,13890,13995,"[6, 11, 12, 18, 27, 20, 22, 21, 13, 29, 24, 25, 34, 31, 30, 35, 0, 19, 1, 23, 3, 10, 8, 14, 2, 33, 15, 32, 9, 5, 7, 36, 37, 17, 4, 28, 16, 26]",3,0.6666666666666666,0.5,0.5714285714285715,0.5307212739772434,1,4,3,2
smd,group23_evaluation,machine-2-6,tranad_official,2,3,13890,13995,"[6, 11, 12, 18, 27, 20, 22, 21, 13, 29, 24, 25, 34, 31, 30, 35, 0, 19, 1, 23, 3, 10, 8, 14, 2, 33, 15, 32, 9, 5, 7, 36, 37, 17, 4, 28, 16, 26]",5,0.4,0.5,0.4444444444444445,0.44149241373678083,1,4,5,2
smd,group23_evaluation,machine-2-6,tranad_official,2,4,16720,16743,"[8, 13, 12, 0, 14, 11, 6, 10, 15, 33, 37, 29, 32, 19, 7, 28, 9, 23, 25, 26, 1, 17, 20, 31, 30, 2, 16, 3, 35, 22, 34, 18, 36, 27, 5, 21, 24, 4]",1,1.0,0.3333333333333333,0.5,1.0,1,3,1,1
smd,group23_evaluation,machine-2-6,tranad_official,2,4,16720,16743,"[8, 13, 12, 0, 14, 11, 6, 10, 15, 33, 37, 29, 32, 19, 7, 28, 9, 23, 25, 26, 1, 17, 20, 31, 30, 2, 16, 3, 35, 22, 34, 18, 36, 27, 5, 21, 24, 4]",3,0.6666666666666666,0.6666666666666666,0.6666666666666666,0.7653606369886217,1,3,3,2
smd,group23_evaluation,machine-2-6,tranad_official,2,4,16720,16743,"[8, 13, 12, 0, 14, 11, 6, 10, 15, 33, 37, 29, 32, 19, 7, 28, 9, 23, 25, 26, 1, 17, 20, 31, 30, 2, 16, 3, 35, 22, 34, 18, 36, 27, 5, 21, 24, 4]",5,0.6,1.0,0.7499999999999999,0.9674679834891693,1,3,5,3
smd,group23_evaluation,machine-2-6,tranad_official,2,5,18122,18125,"[11, 12, 0, 1, 2, 3, 27, 10, 31, 22, 35, 18, 6, 30, 25, 19, 21, 9, 34, 14, 23, 15, 20, 24, 8, 13, 29, 32, 37, 7, 17, 33, 16, 28, 5, 36, 26, 4]",1,0.0,0.0,0.0,0.0,0,2,1,0
smd,group23_evaluation,machine-2-6,tranad_official,2,5,18122,18125,"[11, 12, 0, 1, 2, 3, 27, 10, 31, 22, 35, 18, 6, 30, 25, 19, 21, 9, 34, 14, 23, 15, 20, 24, 8, 13, 29, 32, 37, 7, 17, 33, 16, 28, 5, 36, 26, 4]",3,0.3333333333333333,0.5,0.4,0.38685280723454163,1,2,3,1
smd,group23_evaluation,machine-2-6,tranad_official,2,5,18122,18125,"[11, 12, 0, 1, 2, 3, 27, 10, 31, 22, 35, 18, 6, 30, 25, 19, 21, 9, 34, 14, 23, 15, 20, 24, 8, 13, 29, 32, 37, 7, 17, 33, 16, 28, 5, 36, 26, 4]",5,0.2,0.5,0.28571428571428575,0.38685280723454163,1,2,5,1
smd,group23_evaluation,machine-2-6,tranad_official,2,6,20620,20738,"[0, 11, 12, 23, 6, 14, 8, 13, 19, 29, 22, 15, 10, 1, 35, 24, 30, 34, 9, 37, 21, 31, 33, 2, 25, 27, 20, 18, 3, 32, 28, 7, 17, 26, 16, 36, 4, 5]",1,0.0,0.0,0.0,0.0,0,3,1,0
smd,group23_evaluation,machine-2-6,tranad_official,2,6,20620,20738,"[0, 11, 12, 23, 6, 14, 8, 13, 19, 29, 22, 15, 10, 1, 35, 24, 30, 34, 9, 37, 21, 31, 33, 2, 25, 27, 20, 18, 3, 32, 28, 7, 17, 26, 16, 36, 4, 5]",3,0.6666666666666666,0.6666666666666666,0.6666666666666666,0.5307212739772434,1,3,3,2
smd,group23_evaluation,machine-2-6,tranad_official,2,6,20620,20738,"[0, 11, 12, 23, 6, 14, 8, 13, 19, 29, 22, 15, 10, 1, 35, 24, 30, 34, 9, 37, 21, 31, 33, 2, 25, 27, 20, 18, 3, 32, 28, 7, 17, 26, 16, 36, 4, 5]",5,0.4,0.6666666666666666,0.5,0.5307212739772434,1,3,5,2
smd,group23_evaluation,machine-2-6,tranad_official,2,7,27883,27980,"[6, 25, 23, 29, 31, 35, 34, 24, 32, 18, 27, 0, 20, 3, 5, 30, 21, 22, 10, 2, 1, 19, 15, 11, 14, 12, 13, 9, 17, 8, 33, 7, 36, 4, 37, 16, 28, 26]",1,1.0,0.047619047619047616,0.0909090909090909,1.0,1,21,1,1
smd,group23_evaluation,machine-2-6,tranad_official,2,7,27883,27980,"[6, 25, 23, 29, 31, 35, 34, 24, 32, 18, 27, 0, 20, 3, 5, 30, 21, 22, 10, 2, 1, 19, 15, 11, 14, 12, 13, 9, 17, 8, 33, 7, 36, 4, 37, 16, 28, 26]",3,1.0,0.14285714285714285,0.25,1.0,1,21,3,3
smd,group23_evaluation,machine-2-6,tranad_official,2,7,27883,27980,"[6, 25, 23, 29, 31, 35, 34, 24, 32, 18, 27, 0, 20, 3, 5, 30, 21, 22, 10, 2, 1, 19, 15, 11, 14, 12, 13, 9, 17, 8, 33, 7, 36, 4, 37, 16, 28, 26]",5,1.0,0.23809523809523808,0.3846153846153846,1.0,1,21,5,5
smd,group23_evaluation,machine-2-7,tranad_official,0,0,664,667,"[12, 13, 29, 8, 11, 25, 14, 5, 31, 23, 6, 18, 9, 3, 35, 20, 21, 24, 30, 17, 26, 2, 27, 32, 28, 4, 16, 10, 34, 19, 1, 7, 15, 0, 37, 36, 22, 33]",1,1.0,0.3333333333333333,0.5,1.0,1,3,1,1
smd,group23_evaluation,machine-2-7,tranad_official,0,0,664,667,"[12, 13, 29, 8, 11, 25, 14, 5, 31, 23, 6, 18, 9, 3, 35, 20, 21, 24, 30, 17, 26, 2, 27, 32, 28, 4, 16, 10, 34, 19, 1, 7, 15, 0, 37, 36, 22, 33]",3,0.6666666666666666,0.6666666666666666,0.6666666666666666,0.7653606369886217,1,3,3,2
smd,group23_evaluation,machine-2-7,tranad_official,0,0,664,667,"[12, 13, 29, 8, 11, 25, 14, 5, 31, 23, 6, 18, 9, 3, 35, 20, 21, 24, 30, 17, 26, 2, 27, 32, 28, 4, 16, 10, 34, 19, 1, 7, 15, 0, 37, 36, 22, 33]",5,0.6,1.0,0.7499999999999999,0.9674679834891693,1,3,5,3
smd,group23_evaluation,machine-2-7,tranad_official,0,1,2104,2107,"[13, 12, 29, 11, 18, 9, 20, 6, 3, 24, 21, 31, 30, 23, 17, 35, 2, 27, 26, 5, 8, 4, 19, 32, 16, 28, 1, 22, 15, 7, 0, 14, 34, 10, 36, 37, 25, 33]",1,1.0,0.5,0.6666666666666666,1.0,1,2,1,1
smd,group23_evaluation,machine-2-7,tranad_official,0,1,2104,2107,"[13, 12, 29, 11, 18, 9, 20, 6, 3, 24, 21, 31, 30, 23, 17, 35, 2, 27, 26, 5, 8, 4, 19, 32, 16, 28, 1, 22, 15, 7, 0, 14, 34, 10, 36, 37, 25, 33]",3,0.6666666666666666,1.0,0.8,1.0,1,2,3,2
smd,group23_evaluation,machine-2-7,tranad_official,0,1,2104,2107,"[13, 12, 29, 11, 18, 9, 20, 6, 3, 24, 21, 31, 30, 23, 17, 35, 2, 27, 26, 5, 8, 4, 19, 32, 16, 28, 1, 22, 15, 7, 0, 14, 34, 10, 36, 37, 25, 33]",5,0.4,1.0,0.5714285714285715,1.0,1,2,5,2
smd,group23_evaluation,machine-2-7,tranad_official,0,2,3544,3547,"[13, 12, 8, 14, 31, 11, 3, 18, 9, 29, 20, 21, 23, 30, 17, 35, 26, 24, 2, 27, 4, 6, 32, 16, 28, 10, 19, 1, 5, 34, 22, 7, 15, 25, 0, 37, 36, 33]",1,1.0,0.25,0.4,1.0,1,4,1,1
smd,group23_evaluation,machine-2-7,tranad_official,0,2,3544,3547,"[13, 12, 8, 14, 31, 11, 3, 18, 9, 29, 20, 21, 23, 30, 17, 35, 26, 24, 2, 27, 4, 6, 32, 16, 28, 10, 19, 1, 5, 34, 22, 7, 15, 25, 0, 37, 36, 33]",3,1.0,0.75,0.8571428571428571,1.0,1,4,3,3
smd,group23_evaluation,machine-2-7,tranad_official,0,2,3544,3547,"[13, 12, 8, 14, 31, 11, 3, 18, 9, 29, 20, 21, 23, 30, 17, 35, 26, 24, 2, 27, 4, 6, 32, 16, 28, 10, 19, 1, 5, 34, 22, 7, 15, 25, 0, 37, 36, 33]",5,0.8,1.0,0.888888888888889,1.0,1,4,5,4
smd,group23_evaluation,machine-2-7,tranad_official,0,3,4984,4987,"[13, 12, 8, 14, 5, 6, 11, 29, 31, 18, 25, 3, 9, 20, 30, 17, 21, 10, 26, 2, 28, 4, 23, 16, 32, 24, 19, 35, 27, 22, 33, 1, 7, 34, 15, 0, 37, 36]",1,1.0,0.25,0.4,1.0,1,4,1,1
smd,group23_evaluation,machine-2-7,tranad_official,0,3,4984,4987,"[13, 12, 8, 14, 5, 6, 11, 29, 31, 18, 25, 3, 9, 20, 30, 17, 21, 10, 26, 2, 28, 4, 23, 16, 32, 24, 19, 35, 27, 22, 33, 1, 7, 34, 15, 0, 37, 36]",3,1.0,0.75,0.8571428571428571,1.0,1,4,3,3
smd,group23_evaluation,machine-2-7,tranad_official,0,3,4984,4987,"[13, 12, 8, 14, 5, 6, 11, 29, 31, 18, 25, 3, 9, 20, 30, 17, 21, 10, 26, 2, 28, 4, 23, 16, 32, 24, 19, 35, 27, 22, 33, 1, 7, 34, 15, 0, 37, 36]",5,0.8,1.0,0.888888888888889,1.0,1,4,5,4
smd,group23_evaluation,machine-2-7,tranad_official,0,4,6030,6034,"[33, 5, 6, 25, 23, 35, 20, 31, 18, 27, 22, 13, 34, 10, 15, 28, 2, 24, 4, 32, 9, 16, 29, 8, 36, 19, 11, 7, 12, 3, 21, 37, 26, 17, 14, 1, 30, 0]",1,1.0,0.5,0.6666666666666666,1.0,1,2,1,1
smd,group23_evaluation,machine-2-7,tranad_official,0,4,6030,6034,"[33, 5, 6, 25, 23, 35, 20, 31, 18, 27, 22, 13, 34, 10, 15, 28, 2, 24, 4, 32, 9, 16, 29, 8, 36, 19, 11, 7, 12, 3, 21, 37, 26, 17, 14, 1, 30, 0]",3,0.3333333333333333,0.5,0.4,0.6131471927654584,1,2,3,1
smd,group23_evaluation,machine-2-7,tranad_official,0,4,6030,6034,"[33, 5, 6, 25, 23, 35, 20, 31, 18, 27, 22, 13, 34, 10, 15, 28, 2, 24, 4, 32, 9, 16, 29, 8, 36, 19, 11, 7, 12, 3, 21, 37, 26, 17, 14, 1, 30, 0]",5,0.2,0.5,0.28571428571428575,0.6131471927654584,1,2,5,1
smd,group23_evaluation,machine-2-7,tranad_official,0,5,7665,7669,"[5, 29, 23, 25, 6, 11, 9, 3, 24, 2, 4, 18, 13, 16, 31, 28, 12, 34, 20, 35, 7, 19, 17, 32, 26, 33, 10, 21, 8, 30, 37, 0, 14, 22, 15, 36, 1, 27]",1,0.0,0.0,0.0,0.0,0,1,1,0
smd,group23_evaluation,machine-2-7,tranad_official,0,5,7665,7669,"[5, 29, 23, 25, 6, 11, 9, 3, 24, 2, 4, 18, 13, 16, 31, 28, 12, 34, 20, 35, 7, 19, 17, 32, 26, 33, 10, 21, 8, 30, 37, 0, 14, 22, 15, 36, 1, 27]",3,0.3333333333333333,1.0,0.5,0.6309297535714575,1,1,3,1
smd,group23_evaluation,machine-2-7,tranad_official,0,5,7665,7669,"[5, 29, 23, 25, 6, 11, 9, 3, 24, 2, 4, 18, 13, 16, 31, 28, 12, 34, 20, 35, 7, 19, 17, 32, 26, 33, 10, 21, 8, 30, 37, 0, 14, 22, 15, 36, 1, 27]",5,0.2,1.0,0.33333333333333337,0.6309297535714575,1,1,5,1
smd,group23_evaluation,machine-2-7,tranad_official,0,6,7863,7867,"[29, 5, 12, 13, 14, 8, 23, 11, 6, 25, 3, 18, 10, 30, 9, 21, 31, 20, 27, 17, 4, 16, 32, 28, 2, 19, 26, 24, 33, 34, 7, 0, 1, 35, 37, 22, 36, 15]",1,0.0,0.0,0.0,0.0,0,4,1,0
smd,group23_evaluation,machine-2-7,tranad_official,0,6,7863,7867,"[29, 5, 12, 13, 14, 8, 23, 11, 6, 25, 3, 18, 10, 30, 9, 21, 31, 20, 27, 17, 4, 16, 32, 28, 2, 19, 26, 24, 33, 34, 7, 0, 1, 35, 37, 22, 36, 15]",3,0.3333333333333333,0.25,0.28571428571428575,0.23463936301137822,1,4,3,1
smd,group23_evaluation,machine-2-7,tranad_official,0,6,7863,7867,"[29, 5, 12, 13, 14, 8, 23, 11, 6, 25, 3, 18, 10, 30, 9, 21, 31, 20, 27, 17, 4, 16, 32, 28, 2, 19, 26, 24, 33, 34, 7, 0, 1, 35, 37, 22, 36, 15]",5,0.6,0.75,0.6666666666666665,0.5143371794949736,1,4,5,3
smd,group23_evaluation,machine-2-7,tranad_official,0,7,9304,9307,"[29, 12, 13, 5, 8, 25, 11, 14, 23, 6, 10, 22, 15, 24, 3, 9, 34, 31, 35, 18, 17, 0, 26, 32, 33, 16, 28, 2, 4, 30, 1, 27, 7, 21, 19, 37, 36, 20]",1,0.0,0.0,0.0,0.0,0,4,1,0
smd,group23_evaluation,machine-2-7,tranad_official,0,7,9304,9307,"[29, 12, 13, 5, 8, 25, 11, 14, 23, 6, 10, 22, 15, 24, 3, 9, 34, 31, 35, 18, 17, 0, 26, 32, 33, 16, 28, 2, 4, 30, 1, 27, 7, 21, 19, 37, 36, 20]",3,0.6666666666666666,0.5,0.5714285714285715,0.5307212739772434,1,4,3,2
smd,group23_evaluation,machine-2-7,tranad_official,0,7,9304,9307,"[29, 12, 13, 5, 8, 25, 11, 14, 23, 6, 10, 22, 15, 24, 3, 9, 34, 31, 35, 18, 17, 0, 26, 32, 33, 16, 28, 2, 4, 30, 1, 27, 7, 21, 19, 37, 36, 20]",5,0.6,0.75,0.6666666666666665,0.592512031964586,1,4,5,3
smd,group23_evaluation,machine-2-7,tranad_official,0,8,10744,10747,"[29, 12, 13, 8, 5, 14, 11, 6, 31, 23, 27, 20, 10, 18, 3, 9, 22, 15, 24, 17, 33, 16, 26, 28, 4, 2, 30, 25, 21, 34, 19, 35, 1, 7, 32, 0, 37, 36]",1,0.0,0.0,0.0,0.0,0,4,1,0
smd,group23_evaluation,machine-2-7,tranad_official,0,8,10744,10747,"[29, 12, 13, 8, 5, 14, 11, 6, 31, 23, 27, 20, 10, 18, 3, 9, 22, 15, 24, 17, 33, 16, 26, 28, 4, 2, 30, 25, 21, 34, 19, 35, 1, 7, 32, 0, 37, 36]",3,0.6666666666666666,0.5,0.5714285714285715,0.5307212739772434,1,4,3,2
smd,group23_evaluation,machine-2-7,tranad_official,0,8,10744,10747,"[29, 12, 13, 8, 5, 14, 11, 6, 31, 23, 27, 20, 10, 18, 3, 9, 22, 15, 24, 17, 33, 16, 26, 28, 4, 2, 30, 25, 21, 34, 19, 35, 1, 7, 32, 0, 37, 36]",5,0.6,0.75,0.6666666666666665,0.6096199500078984,1,4,5,3
smd,group23_evaluation,machine-2-7,tranad_official,0,9,12099,12127,"[29, 0, 3, 2, 1, 6, 5, 25, 22, 31, 23, 24, 10, 13, 35, 34, 11, 15, 9, 27, 17, 21, 20, 30, 33, 16, 4, 28, 32, 14, 26, 18, 19, 12, 7, 37, 8, 36]",1,0.0,0.0,0.0,0.0,0,6,1,0
smd,group23_evaluation,machine-2-7,tranad_official,0,9,12099,12127,"[29, 0, 3, 2, 1, 6, 5, 25, 22, 31, 23, 24, 10, 13, 35, 34, 11, 15, 9, 27, 17, 21, 20, 30, 33, 16, 4, 28, 32, 14, 26, 18, 19, 12, 7, 37, 8, 36]",3,0.6666666666666666,0.3333333333333333,0.4444444444444444,0.5307212739772434,1,6,3,2
smd,group23_evaluation,machine-2-7,tranad_official,0,9,12099,12127,"[29, 0, 3, 2, 1, 6, 5, 25, 22, 31, 23, 24, 10, 13, 35, 34, 11, 15, 9, 27, 17, 21, 20, 30, 33, 16, 4, 28, 32, 14, 26, 18, 19, 12, 7, 37, 8, 36]",5,0.8,0.6666666666666666,0.7272727272727272,0.6608397947263839,1,6,5,4
smd,group23_evaluation,machine-2-7,tranad_official,0,10,13623,13625,"[29, 12, 13, 8, 14, 11, 31, 23, 3, 10, 5, 6, 9, 15, 18, 17, 30, 21, 35, 33, 27, 20, 32, 26, 16, 4, 28, 2, 34, 19, 1, 0, 7, 25, 22, 24, 37, 36]",1,0.0,0.0,0.0,0.0,0,4,1,0
smd,group23_evaluation,machine-2-7,tranad_official,0,10,13623,13625,"[29, 12, 13, 8, 14, 11, 31, 23, 3, 10, 5, 6, 9, 15, 18, 17, 30, 21, 35, 33, 27, 20, 32, 26, 16, 4, 28, 2, 34, 19, 1, 0, 7, 25, 22, 24, 37, 36]",3,0.6666666666666666,0.5,0.5714285714285715,0.5307212739772434,1,4,3,2
smd,group23_evaluation,machine-2-7,tranad_official,0,10,13623,13625,"[29, 12, 13, 8, 14, 11, 31, 23, 3, 10, 5, 6, 9, 15, 18, 17, 30, 21, 35, 33, 27, 20, 32, 26, 16, 4, 28, 2, 34, 19, 1, 0, 7, 25, 22, 24, 37, 36]",5,0.8,1.0,0.888888888888889,0.7606395682357036,1,4,5,4
smd,group23_evaluation,machine-2-7,tranad_official,0,11,14934,14938,"[29, 33, 5, 31, 22, 25, 34, 10, 13, 11, 6, 35, 24, 15, 3, 9, 27, 20, 0, 16, 17, 4, 32, 2, 28, 23, 26, 12, 21, 14, 18, 7, 30, 1, 37, 8, 36, 19]",1,0.0,0.0,0.0,0.0,0,2,1,0
smd,group23_evaluation,machine-2-7,tranad_official,0,11,14934,14938,"[29, 33, 5, 31, 22, 25, 34, 10, 13, 11, 6, 35, 24, 15, 3, 9, 27, 20, 0, 16, 17, 4, 32, 2, 28, 23, 26, 12, 21, 14, 18, 7, 30, 1, 37, 8, 36, 19]",3,0.3333333333333333,0.5,0.4,0.38685280723454163,1,2,3,1
smd,group23_evaluation,machine-2-7,tranad_official,0,11,14934,14938,"[29, 33, 5, 31, 22, 25, 34, 10, 13, 11, 6, 35, 24, 15, 3, 9, 27, 20, 0, 16, 17, 4, 32, 2, 28, 23, 26, 12, 21, 14, 18, 7, 30, 1, 37, 8, 36, 19]",5,0.2,0.5,0.28571428571428575,0.38685280723454163,1,2,5,1
smd,group23_evaluation,machine-2-7,tranad_official,0,12,15063,15066,"[29, 12, 13, 8, 14, 5, 11, 25, 6, 34, 23, 35, 3, 31, 10, 9, 24, 18, 22, 17, 4, 15, 16, 26, 28, 2, 32, 0, 7, 30, 1, 20, 37, 36, 21, 27, 19, 33]",1,0.0,0.0,0.0,0.0,0,4,1,0
smd,group23_evaluation,machine-2-7,tranad_official,0,12,15063,15066,"[29, 12, 13, 8, 14, 5, 11, 25, 6, 34, 23, 35, 3, 31, 10, 9, 24, 18, 22, 17, 4, 15, 16, 26, 28, 2, 32, 0, 7, 30, 1, 20, 37, 36, 21, 27, 19, 33]",3,0.6666666666666666,0.5,0.5714285714285715,0.5307212739772434,1,4,3,2
smd,group23_evaluation,machine-2-7,tranad_official,0,12,15063,15066,"[29, 12, 13, 8, 14, 5, 11, 25, 6, 34, 23, 35, 3, 31, 10, 9, 24, 18, 22, 17, 4, 15, 16, 26, 28, 2, 32, 0, 7, 30, 1, 20, 37, 36, 21, 27, 19, 33]",5,0.8,1.0,0.888888888888889,0.7606395682357036,1,4,5,4
smd,group23_evaluation,machine-2-7,tranad_official,0,13,16534,16557,"[29, 5, 12, 13, 14, 11, 6, 8, 0, 23, 31, 10, 3, 25, 9, 18, 30, 21, 20, 17, 22, 24, 27, 34, 15, 16, 35, 28, 2, 4, 26, 19, 32, 7, 1, 37, 36, 33]",1,0.0,0.0,0.0,0.0,0,4,1,0
smd,group23_evaluation,machine-2-7,tranad_official,0,13,16534,16557,"[29, 5, 12, 13, 14, 11, 6, 8, 0, 23, 31, 10, 3, 25, 9, 18, 30, 21, 20, 17, 22, 24, 27, 34, 15, 16, 35, 28, 2, 4, 26, 19, 32, 7, 1, 37, 36, 33]",3,0.3333333333333333,0.25,0.28571428571428575,0.23463936301137822,1,4,3,1
smd,group23_evaluation,machine-2-7,tranad_official,0,13,16534,16557,"[29, 5, 12, 13, 14, 11, 6, 8, 0, 23, 31, 10, 3, 25, 9, 18, 30, 21, 20, 17, 22, 24, 27, 34, 15, 16, 35, 28, 2, 4, 26, 19, 32, 7, 1, 37, 36, 33]",5,0.6,0.75,0.6666666666666665,0.5143371794949736,1,4,5,3
smd,group23_evaluation,machine-2-7,tranad_official,0,14,17978,17981,"[29, 12, 8, 13, 5, 14, 11, 31, 6, 25, 0, 10, 23, 34, 3, 15, 35, 9, 33, 18, 24, 21, 17, 30, 20, 32, 28, 2, 26, 16, 4, 22, 1, 27, 7, 19, 37, 36]",1,0.0,0.0,0.0,0.0,0,4,1,0
smd,group23_evaluation,machine-2-7,tranad_official,0,14,17978,17981,"[29, 12, 8, 13, 5, 14, 11, 31, 6, 25, 0, 10, 23, 34, 3, 15, 35, 9, 33, 18, 24, 21, 17, 30, 20, 32, 28, 2, 26, 16, 4, 22, 1, 27, 7, 19, 37, 36]",3,0.6666666666666666,0.5,0.5714285714285715,0.5307212739772434,1,4,3,2
smd,group23_evaluation,machine-2-7,tranad_official,0,14,17978,17981,"[29, 12, 8, 13, 5, 14, 11, 31, 6, 25, 0, 10, 23, 34, 3, 15, 35, 9, 33, 18, 24, 21, 17, 30, 20, 32, 28, 2, 26, 16, 4, 22, 1, 27, 7, 19, 37, 36]",5,0.6,0.75,0.6666666666666665,0.6096199500078984,1,4,5,3
smd,group23_evaluation,machine-2-7,tranad_official,0,15,18639,18944,"[28, 18, 15, 20, 27, 10, 31, 21, 30, 29, 5, 34, 35, 11, 22, 6, 24, 25, 23, 13, 0, 37, 3, 26, 8, 2, 33, 19, 1, 36, 12, 16, 14, 7, 32, 4, 9, 17]",1,1.0,0.047619047619047616,0.0909090909090909,1.0,1,21,1,1
smd,group23_evaluation,machine-2-7,tranad_official,0,15,18639,18944,"[28, 18, 15, 20, 27, 10, 31, 21, 30, 29, 5, 34, 35, 11, 22, 6, 24, 25, 23, 13, 0, 37, 3, 26, 8, 2, 33, 19, 1, 36, 12, 16, 14, 7, 32, 4, 9, 17]",3,1.0,0.14285714285714285,0.25,1.0,1,21,3,3
smd,group23_evaluation,machine-2-7,tranad_official,0,15,18639,18944,"[28, 18, 15, 20, 27, 10, 31, 21, 30, 29, 5, 34, 35, 11, 22, 6, 24, 25, 23, 13, 0, 37, 3, 26, 8, 2, 33, 19, 1, 36, 12, 16, 14, 7, 32, 4, 9, 17]",5,1.0,0.23809523809523808,0.3846153846153846,1.0,1,21,5,5
smd,group23_evaluation,machine-2-7,tranad_official,0,16,19411,19418,"[29, 12, 11, 13, 14, 8, 6, 31, 5, 23, 3, 10, 9, 0, 18, 15, 17, 21, 30, 34, 33, 20, 35, 26, 27, 4, 32, 16, 28, 2, 25, 19, 1, 7, 24, 37, 36, 22]",1,0.0,0.0,0.0,0.0,0,4,1,0
smd,group23_evaluation,machine-2-7,tranad_official,0,16,19411,19418,"[29, 12, 11, 13, 14, 8, 6, 31, 5, 23, 3, 10, 9, 0, 18, 15, 17, 21, 30, 34, 33, 20, 35, 26, 27, 4, 32, 16, 28, 2, 25, 19, 1, 7, 24, 37, 36, 22]",3,0.3333333333333333,0.25,0.28571428571428575,0.2960819109658652,1,4,3,1
smd,group23_evaluation,machine-2-7,tranad_official,0,16,19411,19418,"[29, 12, 11, 13, 14, 8, 6, 31, 5, 23, 3, 10, 9, 0, 18, 15, 17, 21, 30, 34, 33, 20, 35, 26, 27, 4, 32, 16, 28, 2, 25, 19, 1, 7, 24, 37, 36, 22]",5,0.6,0.75,0.6666666666666665,0.5654495432396527,1,4,5,3
smd,group23_evaluation,machine-2-7,tranad_official,0,17,20853,20857,"[29, 12, 13, 14, 8, 11, 25, 23, 31, 3, 22, 9, 10, 6, 0, 24, 17, 18, 33, 34, 15, 26, 30, 5, 32, 16, 4, 2, 28, 21, 1, 19, 35, 20, 7, 27, 37, 36]",1,0.0,0.0,0.0,0.0,0,4,1,0
smd,group23_evaluation,machine-2-7,tranad_official,0,17,20853,20857,"[29, 12, 13, 14, 8, 11, 25, 23, 31, 3, 22, 9, 10, 6, 0, 24, 17, 18, 33, 34, 15, 26, 30, 5, 32, 16, 4, 2, 28, 21, 1, 19, 35, 20, 7, 27, 37, 36]",3,0.6666666666666666,0.5,0.5714285714285715,0.5307212739772434,1,4,3,2
smd,group23_evaluation,machine-2-7,tranad_official,0,17,20853,20857,"[29, 12, 13, 14, 8, 11, 25, 23, 31, 3, 22, 9, 10, 6, 0, 24, 17, 18, 33, 34, 15, 26, 30, 5, 32, 16, 4, 2, 28, 21, 1, 19, 35, 20, 7, 27, 37, 36]",5,0.8,1.0,0.888888888888889,0.7606395682357036,1,4,5,4
smd,group23_evaluation,machine-2-7,tranad_official,0,18,22291,22296,"[29, 12, 13, 14, 8, 11, 25, 31, 5, 23, 10, 22, 15, 3, 24, 9, 0, 17, 18, 26, 6, 32, 16, 4, 2, 28, 35, 30, 1, 34, 21, 19, 27, 20, 7, 33, 37, 36]",1,0.0,0.0,0.0,0.0,0,4,1,0
smd,group23_evaluation,machine-2-7,tranad_official,0,18,22291,22296,"[29, 12, 13, 14, 8, 11, 25, 31, 5, 23, 10, 22, 15, 3, 24, 9, 0, 17, 18, 26, 6, 32, 16, 4, 2, 28, 35, 30, 1, 34, 21, 19, 27, 20, 7, 33, 37, 36]",3,0.6666666666666666,0.5,0.5714285714285715,0.5307212739772434,1,4,3,2
smd,group23_evaluation,machine-2-7,tranad_official,0,18,22291,22296,"[29, 12, 13, 14, 8, 11, 25, 31, 5, 23, 10, 22, 15, 3, 24, 9, 0, 17, 18, 26, 6, 32, 16, 4, 2, 28, 35, 30, 1, 34, 21, 19, 27, 20, 7, 33, 37, 36]",5,0.8,1.0,0.888888888888889,0.7606395682357036,1,4,5,4
smd,group23_evaluation,machine-2-7,tranad_official,0,19,22924,22927,"[9, 29, 22, 25, 34, 35, 12, 24, 23, 15, 20, 27, 21, 10, 30, 18, 0, 31, 5, 6, 11, 4, 16, 3, 13, 26, 28, 2, 7, 37, 17, 8, 19, 14, 36, 32, 1, 33]",1,1.0,1.0,1.0,1.0,1,1,1,1
smd,group23_evaluation,machine-2-7,tranad_official,0,19,22924,22927,"[9, 29, 22, 25, 34, 35, 12, 24, 23, 15, 20, 27, 21, 10, 30, 18, 0, 31, 5, 6, 11, 4, 16, 3, 13, 26, 28, 2, 7, 37, 17, 8, 19, 14, 36, 32, 1, 33]",3,0.3333333333333333,1.0,0.5,1.0,1,1,3,1
smd,group23_evaluation,machine-2-7,tranad_official,0,19,22924,22927,"[9, 29, 22, 25, 34, 35, 12, 24, 23, 15, 20, 27, 21, 10, 30, 18, 0, 31, 5, 6, 11, 4, 16, 3, 13, 26, 28, 2, 7, 37, 17, 8, 19, 14, 36, 32, 1, 33]",5,0.2,1.0,0.33333333333333337,1.0,1,1,5,1
smd,group23_evaluation,machine-2-7,tranad_official,1,0,664,667,"[12, 13, 11, 8, 29, 25, 5, 14, 23, 30, 0, 31, 27, 20, 24, 21, 19, 28, 16, 2, 6, 9, 35, 34, 7, 37, 4, 26, 22, 33, 3, 36, 1, 17, 32, 18, 10, 15]",1,1.0,0.3333333333333333,0.5,1.0,1,3,1,1
smd,group23_evaluation,machine-2-7,tranad_official,1,0,664,667,"[12, 13, 11, 8, 29, 25, 5, 14, 23, 30, 0, 31, 27, 20, 24, 21, 19, 28, 16, 2, 6, 9, 35, 34, 7, 37, 4, 26, 22, 33, 3, 36, 1, 17, 32, 18, 10, 15]",3,0.6666666666666666,0.6666666666666666,0.6666666666666666,0.7653606369886217,1,3,3,2
smd,group23_evaluation,machine-2-7,tranad_official,1,0,664,667,"[12, 13, 11, 8, 29, 25, 5, 14, 23, 30, 0, 31, 27, 20, 24, 21, 19, 28, 16, 2, 6, 9, 35, 34, 7, 37, 4, 26, 22, 33, 3, 36, 1, 17, 32, 18, 10, 15]",5,0.6,1.0,0.7499999999999999,0.9674679834891693,1,3,5,3
smd,group23_evaluation,machine-2-7,tranad_official,1,1,2104,2107,"[13, 12, 29, 11, 23, 31, 6, 0, 30, 20, 27, 25, 21, 24, 28, 19, 16, 8, 2, 22, 9, 33, 7, 37, 3, 4, 36, 26, 1, 32, 17, 18, 15, 14, 35, 10, 34, 5]",1,1.0,0.5,0.6666666666666666,1.0,1,2,1,1
smd,group23_evaluation,machine-2-7,tranad_official,1,1,2104,2107,"[13, 12, 29, 11, 23, 31, 6, 0, 30, 20, 27, 25, 21, 24, 28, 19, 16, 8, 2, 22, 9, 33, 7, 37, 3, 4, 36, 26, 1, 32, 17, 18, 15, 14, 35, 10, 34, 5]",3,0.6666666666666666,1.0,0.8,1.0,1,2,3,2
smd,group23_evaluation,machine-2-7,tranad_official,1,1,2104,2107,"[13, 12, 29, 11, 23, 31, 6, 0, 30, 20, 27, 25, 21, 24, 28, 19, 16, 8, 2, 22, 9, 33, 7, 37, 3, 4, 36, 26, 1, 32, 17, 18, 15, 14, 35, 10, 34, 5]",5,0.4,1.0,0.5714285714285715,1.0,1,2,5,2
smd,group23_evaluation,machine-2-7,tranad_official,1,2,3544,3547,"[13, 12, 8, 14, 11, 31, 23, 30, 27, 0, 25, 20, 29, 21, 28, 19, 16, 33, 2, 7, 9, 22, 24, 37, 4, 36, 26, 3, 1, 34, 5, 17, 32, 18, 35, 6, 15, 10]",1,1.0,0.25,0.4,1.0,1,4,1,1
smd,group23_evaluation,machine-2-7,tranad_official,1,2,3544,3547,"[13, 12, 8, 14, 11, 31, 23, 30, 27, 0, 25, 20, 29, 21, 28, 19, 16, 33, 2, 7, 9, 22, 24, 37, 4, 36, 26, 3, 1, 34, 5, 17, 32, 18, 35, 6, 15, 10]",3,1.0,0.75,0.8571428571428571,1.0,1,4,3,3
smd,group23_evaluation,machine-2-7,tranad_official,1,2,3544,3547,"[13, 12, 8, 14, 11, 31, 23, 30, 27, 0, 25, 20, 29, 21, 28, 19, 16, 33, 2, 7, 9, 22, 24, 37, 4, 36, 26, 3, 1, 34, 5, 17, 32, 18, 35, 6, 15, 10]",5,0.8,1.0,0.888888888888889,1.0,1,4,5,4
smd,group23_evaluation,machine-2-7,tranad_official,1,3,4984,4987,"[13, 12, 8, 5, 14, 11, 6, 31, 25, 29, 23, 30, 0, 20, 33, 27, 21, 28, 19, 16, 2, 7, 9, 37, 24, 34, 26, 3, 36, 35, 4, 17, 1, 32, 18, 22, 10, 15]",1,1.0,0.25,0.4,1.0,1,4,1,1
smd,group23_evaluation,machine-2-7,tranad_official,1,3,4984,4987,"[13, 12, 8, 5, 14, 11, 6, 31, 25, 29, 23, 30, 0, 20, 33, 27, 21, 28, 19, 16, 2, 7, 9, 37, 24, 34, 26, 3, 36, 35, 4, 17, 1, 32, 18, 22, 10, 15]",3,1.0,0.75,0.8571428571428571,1.0,1,4,3,3
smd,group23_evaluation,machine-2-7,tranad_official,1,3,4984,4987,"[13, 12, 8, 5, 14, 11, 6, 31, 25, 29, 23, 30, 0, 20, 33, 27, 21, 28, 19, 16, 2, 7, 9, 37, 24, 34, 26, 3, 36, 35, 4, 17, 1, 32, 18, 22, 10, 15]",5,0.8,1.0,0.888888888888889,0.9828920819566879,1,4,5,4
smd,group23_evaluation,machine-2-7,tranad_official,1,4,6030,6034,"[33, 5, 25, 23, 29, 35, 24, 31, 22, 18, 34, 15, 32, 20, 12, 10, 21, 0, 4, 14, 11, 3, 36, 13, 6, 19, 37, 27, 26, 2, 8, 28, 30, 7, 1, 17, 16, 9]",1,1.0,0.5,0.6666666666666666,1.0,1,2,1,1
smd,group23_evaluation,machine-2-7,tranad_official,1,4,6030,6034,"[33, 5, 25, 23, 29, 35, 24, 31, 22, 18, 34, 15, 32, 20, 12, 10, 21, 0, 4, 14, 11, 3, 36, 13, 6, 19, 37, 27, 26, 2, 8, 28, 30, 7, 1, 17, 16, 9]",3,0.3333333333333333,0.5,0.4,0.6131471927654584,1,2,3,1
smd,group23_evaluation,machine-2-7,tranad_official,1,4,6030,6034,"[33, 5, 25, 23, 29, 35, 24, 31, 22, 18, 34, 15, 32, 20, 12, 10, 21, 0, 4, 14, 11, 3, 36, 13, 6, 19, 37, 27, 26, 2, 8, 28, 30, 7, 1, 17, 16, 9]",5,0.2,0.5,0.28571428571428575,0.6131471927654584,1,2,5,1
smd,group23_evaluation,machine-2-7,tranad_official,1,5,7665,7669,"[5, 29, 25, 23, 31, 11, 34, 33, 6, 12, 35, 28, 3, 30, 19, 36, 14, 32, 7, 4, 2, 20, 13, 37, 26, 27, 21, 8, 16, 17, 24, 9, 1, 18, 0, 10, 22, 15]",1,0.0,0.0,0.0,0.0,0,1,1,0
smd,group23_evaluation,machine-2-7,tranad_official,1,5,7665,7669,"[5, 29, 25, 23, 31, 11, 34, 33, 6, 12, 35, 28, 3, 30, 19, 36, 14, 32, 7, 4, 2, 20, 13, 37, 26, 27, 21, 8, 16, 17, 24, 9, 1, 18, 0, 10, 22, 15]",3,0.3333333333333333,1.0,0.5,0.6309297535714575,1,1,3,1
smd,group23_evaluation,machine-2-7,tranad_official,1,5,7665,7669,"[5, 29, 25, 23, 31, 11, 34, 33, 6, 12, 35, 28, 3, 30, 19, 36, 14, 32, 7, 4, 2, 20, 13, 37, 26, 27, 21, 8, 16, 17, 24, 9, 1, 18, 0, 10, 22, 15]",5,0.2,1.0,0.33333333333333337,0.6309297535714575,1,1,5,1
smd,group23_evaluation,machine-2-7,tranad_official,1,6,7863,7867,"[29, 12, 13, 5, 14, 8, 23, 25, 11, 6, 31, 30, 27, 20, 33, 21, 28, 19, 34, 35, 0, 7, 18, 2, 36, 37, 16, 9, 17, 15, 32, 26, 3, 4, 10, 1, 22, 24]",1,0.0,0.0,0.0,0.0,0,4,1,0
smd,group23_evaluation,machine-2-7,tranad_official,1,6,7863,7867,"[29, 12, 13, 5, 14, 8, 23, 25, 11, 6, 31, 30, 27, 20, 33, 21, 28, 19, 34, 35, 0, 7, 18, 2, 36, 37, 16, 9, 17, 15, 32, 26, 3, 4, 10, 1, 22, 24]",3,0.6666666666666666,0.5,0.5714285714285715,0.5307212739772434,1,4,3,2
smd,group23_evaluation,machine-2-7,tranad_official,1,6,7863,7867,"[29, 12, 13, 5, 14, 8, 23, 25, 11, 6, 31, 30, 27, 20, 33, 21, 28, 19, 34, 35, 0, 7, 18, 2, 36, 37, 16, 9, 17, 15, 32, 26, 3, 4, 10, 1, 22, 24]",5,0.6,0.75,0.6666666666666665,0.592512031964586,1,4,5,3
smd,group23_evaluation,machine-2-7,tranad_official,1,7,9304,9307,"[29, 12, 13, 5, 8, 25, 11, 14, 23, 6, 10, 15, 35, 31, 24, 22, 34, 30, 28, 7, 19, 2, 0, 16, 27, 37, 9, 36, 17, 26, 32, 1, 20, 4, 3, 21, 33, 18]",1,0.0,0.0,0.0,0.0,0,4,1,0
smd,group23_evaluation,machine-2-7,tranad_official,1,7,9304,9307,"[29, 12, 13, 5, 8, 25, 11, 14, 23, 6, 10, 15, 35, 31, 24, 22, 34, 30, 28, 7, 19, 2, 0, 16, 27, 37, 9, 36, 17, 26, 32, 1, 20, 4, 3, 21, 33, 18]",3,0.6666666666666666,0.5,0.5714285714285715,0.5307212739772434,1,4,3,2
smd,group23_evaluation,machine-2-7,tranad_official,1,7,9304,9307,"[29, 12, 13, 5, 8, 25, 11, 14, 23, 6, 10, 15, 35, 31, 24, 22, 34, 30, 28, 7, 19, 2, 0, 16, 27, 37, 9, 36, 17, 26, 32, 1, 20, 4, 3, 21, 33, 18]",5,0.6,0.75,0.6666666666666665,0.592512031964586,1,4,5,3
smd,group23_evaluation,machine-2-7,tranad_official,1,8,10744,10747,"[29, 12, 13, 8, 5, 14, 11, 23, 6, 25, 18, 31, 20, 27, 10, 15, 22, 28, 0, 7, 16, 2, 36, 35, 37, 9, 24, 17, 34, 30, 26, 21, 4, 3, 1, 19, 32, 33]",1,0.0,0.0,0.0,0.0,0,4,1,0
smd,group23_evaluation,machine-2-7,tranad_official,1,8,10744,10747,"[29, 12, 13, 8, 5, 14, 11, 23, 6, 25, 18, 31, 20, 27, 10, 15, 22, 28, 0, 7, 16, 2, 36, 35, 37, 9, 24, 17, 34, 30, 26, 21, 4, 3, 1, 19, 32, 33]",3,0.6666666666666666,0.5,0.5714285714285715,0.5307212739772434,1,4,3,2
smd,group23_evaluation,machine-2-7,tranad_official,1,8,10744,10747,"[29, 12, 13, 8, 5, 14, 11, 23, 6, 25, 18, 31, 20, 27, 10, 15, 22, 28, 0, 7, 16, 2, 36, 35, 37, 9, 24, 17, 34, 30, 26, 21, 4, 3, 1, 19, 32, 33]",5,0.6,0.75,0.6666666666666665,0.6096199500078984,1,4,5,3
smd,group23_evaluation,machine-2-7,tranad_official,1,9,12099,12127,"[29, 0, 3, 2, 1, 5, 6, 31, 25, 23, 22, 24, 35, 13, 34, 11, 10, 15, 21, 27, 20, 12, 18, 30, 28, 7, 36, 19, 16, 37, 14, 9, 33, 8, 32, 17, 4, 26]",1,0.0,0.0,0.0,0.0,0,6,1,0
smd,group23_evaluation,machine-2-7,tranad_official,1,9,12099,12127,"[29, 0, 3, 2, 1, 5, 6, 31, 25, 23, 22, 24, 35, 13, 34, 11, 10, 15, 21, 27, 20, 12, 18, 30, 28, 7, 36, 19, 16, 37, 14, 9, 33, 8, 32, 17, 4, 26]",3,0.6666666666666666,0.3333333333333333,0.4444444444444444,0.5307212739772434,1,6,3,2
smd,group23_evaluation,machine-2-7,tranad_official,1,9,12099,12127,"[29, 0, 3, 2, 1, 5, 6, 31, 25, 23, 22, 24, 35, 13, 34, 11, 10, 15, 21, 27, 20, 12, 18, 30, 28, 7, 36, 19, 16, 37, 14, 9, 33, 8, 32, 17, 4, 26]",5,0.8,0.6666666666666666,0.7272727272727272,0.6608397947263839,1,6,5,4
smd,group23_evaluation,machine-2-7,tranad_official,1,10,13623,13625,"[29, 12, 13, 8, 14, 11, 23, 25, 31, 30, 0, 6, 27, 10, 5, 28, 15, 19, 7, 21, 20, 16, 2, 36, 37, 9, 17, 34, 32, 26, 1, 4, 3, 22, 24, 18, 33, 35]",1,0.0,0.0,0.0,0.0,0,4,1,0
smd,group23_evaluation,machine-2-7,tranad_official,1,10,13623,13625,"[29, 12, 13, 8, 14, 11, 23, 25, 31, 30, 0, 6, 27, 10, 5, 28, 15, 19, 7, 21, 20, 16, 2, 36, 37, 9, 17, 34, 32, 26, 1, 4, 3, 22, 24, 18, 33, 35]",3,0.6666666666666666,0.5,0.5714285714285715,0.5307212739772434,1,4,3,2
smd,group23_evaluation,machine-2-7,tranad_official,1,10,13623,13625,"[29, 12, 13, 8, 14, 11, 23, 25, 31, 30, 0, 6, 27, 10, 5, 28, 15, 19, 7, 21, 20, 16, 2, 36, 37, 9, 17, 34, 32, 26, 1, 4, 3, 22, 24, 18, 33, 35]",5,0.8,1.0,0.888888888888889,0.7606395682357036,1,4,5,4
smd,group23_evaluation,machine-2-7,tranad_official,1,11,14934,14938,"[29, 33, 5, 31, 35, 11, 34, 22, 13, 24, 10, 15, 12, 18, 28, 6, 20, 7, 2, 36, 32, 37, 16, 19, 9, 3, 4, 27, 1, 23, 26, 17, 8, 14, 21, 30, 25, 0]",1,0.0,0.0,0.0,0.0,0,2,1,0
smd,group23_evaluation,machine-2-7,tranad_official,1,11,14934,14938,"[29, 33, 5, 31, 35, 11, 34, 22, 13, 24, 10, 15, 12, 18, 28, 6, 20, 7, 2, 36, 32, 37, 16, 19, 9, 3, 4, 27, 1, 23, 26, 17, 8, 14, 21, 30, 25, 0]",3,0.3333333333333333,0.5,0.4,0.38685280723454163,1,2,3,1
smd,group23_evaluation,machine-2-7,tranad_official,1,11,14934,14938,"[29, 33, 5, 31, 35, 11, 34, 22, 13, 24, 10, 15, 12, 18, 28, 6, 20, 7, 2, 36, 32, 37, 16, 19, 9, 3, 4, 27, 1, 23, 26, 17, 8, 14, 21, 30, 25, 0]",5,0.2,0.5,0.28571428571428575,0.38685280723454163,1,2,5,1
smd,group23_evaluation,machine-2-7,tranad_official,1,12,15063,15066,"[29, 13, 12, 8, 14, 5, 11, 31, 35, 34, 25, 6, 24, 23, 22, 28, 7, 30, 10, 33, 16, 2, 0, 36, 37, 9, 17, 15, 3, 1, 26, 27, 4, 19, 32, 20, 18, 21]",1,0.0,0.0,0.0,0.0,0,4,1,0
smd,group23_evaluation,machine-2-7,tranad_official,1,12,15063,15066,"[29, 13, 12, 8, 14, 5, 11, 31, 35, 34, 25, 6, 24, 23, 22, 28, 7, 30, 10, 33, 16, 2, 0, 36, 37, 9, 17, 15, 3, 1, 26, 27, 4, 19, 32, 20, 18, 21]",3,0.6666666666666666,0.5,0.5714285714285715,0.5307212739772434,1,4,3,2
smd,group23_evaluation,machine-2-7,tranad_official,1,12,15063,15066,"[29, 13, 12, 8, 14, 5, 11, 31, 35, 34, 25, 6, 24, 23, 22, 28, 7, 30, 10, 33, 16, 2, 0, 36, 37, 9, 17, 15, 3, 1, 26, 27, 4, 19, 32, 20, 18, 21]",5,0.8,1.0,0.888888888888889,0.7606395682357036,1,4,5,4
smd,group23_evaluation,machine-2-7,tranad_official,1,13,16534,16557,"[29, 5, 12, 13, 11, 14, 8, 6, 0, 23, 31, 25, 30, 35, 27, 20, 34, 21, 15, 28, 22, 10, 7, 19, 2, 33, 36, 18, 37, 9, 16, 17, 26, 24, 3, 4, 32, 1]",1,0.0,0.0,0.0,0.0,0,4,1,0
smd,group23_evaluation,machine-2-7,tranad_official,1,13,16534,16557,"[29, 5, 12, 13, 11, 14, 8, 6, 0, 23, 31, 25, 30, 35, 27, 20, 34, 21, 15, 28, 22, 10, 7, 19, 2, 33, 36, 18, 37, 9, 16, 17, 26, 24, 3, 4, 32, 1]",3,0.3333333333333333,0.25,0.28571428571428575,0.23463936301137822,1,4,3,1
smd,group23_evaluation,machine-2-7,tranad_official,1,13,16534,16557,"[29, 5, 12, 13, 11, 14, 8, 6, 0, 23, 31, 25, 30, 35, 27, 20, 34, 21, 15, 28, 22, 10, 7, 19, 2, 33, 36, 18, 37, 9, 16, 17, 26, 24, 3, 4, 32, 1]",5,0.4,0.5,0.4444444444444445,0.36331756126716835,1,4,5,2
smd,group23_evaluation,machine-2-7,tranad_official,1,14,17978,17981,"[29, 12, 13, 8, 5, 14, 11, 31, 6, 0, 25, 35, 34, 23, 15, 10, 30, 28, 7, 21, 24, 2, 33, 19, 16, 27, 36, 9, 37, 17, 26, 20, 32, 4, 18, 3, 1, 22]",1,0.0,0.0,0.0,0.0,0,4,1,0
smd,group23_evaluation,machine-2-7,tranad_official,1,14,17978,17981,"[29, 12, 13, 8, 5, 14, 11, 31, 6, 0, 25, 35, 34, 23, 15, 10, 30, 28, 7, 21, 24, 2, 33, 19, 16, 27, 36, 9, 37, 17, 26, 20, 32, 4, 18, 3, 1, 22]",3,0.6666666666666666,0.5,0.5714285714285715,0.5307212739772434,1,4,3,2
smd,group23_evaluation,machine-2-7,tranad_official,1,14,17978,17981,"[29, 12, 13, 8, 5, 14, 11, 31, 6, 0, 25, 35, 34, 23, 15, 10, 30, 28, 7, 21, 24, 2, 33, 19, 16, 27, 36, 9, 37, 17, 26, 20, 32, 4, 18, 3, 1, 22]",5,0.6,0.75,0.6666666666666665,0.6096199500078984,1,4,5,3
smd,group23_evaluation,machine-2-7,tranad_official,1,15,18639,18944,"[28, 10, 15, 18, 20, 27, 30, 21, 31, 5, 29, 6, 34, 1, 35, 0, 22, 36, 14, 33, 13, 23, 24, 19, 25, 3, 2, 37, 32, 11, 4, 12, 8, 17, 26, 9, 7, 16]",1,1.0,0.047619047619047616,0.0909090909090909,1.0,1,21,1,1
smd,group23_evaluation,machine-2-7,tranad_official,1,15,18639,18944,"[28, 10, 15, 18, 20, 27, 30, 21, 31, 5, 29, 6, 34, 1, 35, 0, 22, 36, 14, 33, 13, 23, 24, 19, 25, 3, 2, 37, 32, 11, 4, 12, 8, 17, 26, 9, 7, 16]",3,1.0,0.14285714285714285,0.25,1.0,1,21,3,3
smd,group23_evaluation,machine-2-7,tranad_official,1,15,18639,18944,"[28, 10, 15, 18, 20, 27, 30, 21, 31, 5, 29, 6, 34, 1, 35, 0, 22, 36, 14, 33, 13, 23, 24, 19, 25, 3, 2, 37, 32, 11, 4, 12, 8, 17, 26, 9, 7, 16]",5,1.0,0.23809523809523808,0.3846153846153846,1.0,1,21,5,5
smd,group23_evaluation,machine-2-7,tranad_official,1,16,19411,19418,"[29, 12, 11, 13, 14, 8, 6, 5, 23, 25, 31, 30, 27, 10, 28, 21, 35, 20, 0, 7, 34, 19, 16, 2, 15, 9, 37, 36, 17, 26, 1, 4, 3, 32, 18, 22, 24, 33]",1,0.0,0.0,0.0,0.0,0,4,1,0
smd,group23_evaluation,machine-2-7,tranad_official,1,16,19411,19418,"[29, 12, 11, 13, 14, 8, 6, 5, 23, 25, 31, 30, 27, 10, 28, 21, 35, 20, 0, 7, 34, 19, 16, 2, 15, 9, 37, 36, 17, 26, 1, 4, 3, 32, 18, 22, 24, 33]",3,0.3333333333333333,0.25,0.28571428571428575,0.2960819109658652,1,4,3,1
smd,group23_evaluation,machine-2-7,tranad_official,1,16,19411,19418,"[29, 12, 11, 13, 14, 8, 6, 5, 23, 25, 31, 30, 27, 10, 28, 21, 35, 20, 0, 7, 34, 19, 16, 2, 15, 9, 37, 36, 17, 26, 1, 4, 3, 32, 18, 22, 24, 33]",5,0.6,0.75,0.6666666666666665,0.5654495432396527,1,4,5,3
smd,group23_evaluation,machine-2-7,tranad_official,1,17,20853,20857,"[29, 13, 12, 14, 8, 11, 25, 23, 22, 30, 31, 24, 0, 10, 28, 35, 15, 5, 7, 27, 19, 16, 2, 9, 34, 37, 36, 21, 1, 17, 3, 20, 26, 32, 4, 6, 18, 33]",1,0.0,0.0,0.0,0.0,0,4,1,0
smd,group23_evaluation,machine-2-7,tranad_official,1,17,20853,20857,"[29, 13, 12, 14, 8, 11, 25, 23, 22, 30, 31, 24, 0, 10, 28, 35, 15, 5, 7, 27, 19, 16, 2, 9, 34, 37, 36, 21, 1, 17, 3, 20, 26, 32, 4, 6, 18, 33]",3,0.6666666666666666,0.5,0.5714285714285715,0.5307212739772434,1,4,3,2
smd,group23_evaluation,machine-2-7,tranad_official,1,17,20853,20857,"[29, 13, 12, 14, 8, 11, 25, 23, 22, 30, 31, 24, 0, 10, 28, 35, 15, 5, 7, 27, 19, 16, 2, 9, 34, 37, 36, 21, 1, 17, 3, 20, 26, 32, 4, 6, 18, 33]",5,0.8,1.0,0.888888888888889,0.7606395682357036,1,4,5,4
smd,group23_evaluation,machine-2-7,tranad_official,1,18,22291,22296,"[29, 13, 12, 14, 11, 8, 25, 5, 31, 23, 10, 22, 15, 24, 30, 0, 28, 27, 7, 16, 19, 6, 2, 33, 9, 36, 37, 1, 34, 17, 4, 20, 26, 32, 3, 35, 18, 21]",1,0.0,0.0,0.0,0.0,0,4,1,0
smd,group23_evaluation,machine-2-7,tranad_official,1,18,22291,22296,"[29, 13, 12, 14, 11, 8, 25, 5, 31, 23, 10, 22, 15, 24, 30, 0, 28, 27, 7, 16, 19, 6, 2, 33, 9, 36, 37, 1, 34, 17, 4, 20, 26, 32, 3, 35, 18, 21]",3,0.6666666666666666,0.5,0.5714285714285715,0.5307212739772434,1,4,3,2
smd,group23_evaluation,machine-2-7,tranad_official,1,18,22291,22296,"[29, 13, 12, 14, 11, 8, 25, 5, 31, 23, 10, 22, 15, 24, 30, 0, 28, 27, 7, 16, 19, 6, 2, 33, 9, 36, 37, 1, 34, 17, 4, 20, 26, 32, 3, 35, 18, 21]",5,0.6,0.75,0.6666666666666665,0.6096199500078984,1,4,5,3
smd,group23_evaluation,machine-2-7,tranad_official,1,19,22924,22927,"[9, 29, 35, 22, 24, 34, 31, 12, 25, 18, 27, 23, 20, 10, 21, 30, 15, 5, 0, 6, 11, 13, 14, 33, 36, 1, 28, 4, 16, 3, 17, 37, 32, 2, 7, 8, 26, 19]",1,1.0,1.0,1.0,1.0,1,1,1,1
smd,group23_evaluation,machine-2-7,tranad_official,1,19,22924,22927,"[9, 29, 35, 22, 24, 34, 31, 12, 25, 18, 27, 23, 20, 10, 21, 30, 15, 5, 0, 6, 11, 13, 14, 33, 36, 1, 28, 4, 16, 3, 17, 37, 32, 2, 7, 8, 26, 19]",3,0.3333333333333333,1.0,0.5,1.0,1,1,3,1
smd,group23_evaluation,machine-2-7,tranad_official,1,19,22924,22927,"[9, 29, 35, 22, 24, 34, 31, 12, 25, 18, 27, 23, 20, 10, 21, 30, 15, 5, 0, 6, 11, 13, 14, 33, 36, 1, 28, 4, 16, 3, 17, 37, 32, 2, 7, 8, 26, 19]",5,0.2,1.0,0.33333333333333337,1.0,1,1,5,1
smd,group23_evaluation,machine-2-7,tranad_official,2,0,664,667,"[12, 13, 29, 8, 11, 31, 14, 25, 6, 5, 23, 18, 35, 9, 34, 22, 30, 37, 26, 15, 32, 3, 16, 10, 27, 21, 20, 7, 33, 17, 0, 2, 36, 1, 24, 28, 4, 19]",1,1.0,0.3333333333333333,0.5,1.0,1,3,1,1
smd,group23_evaluation,machine-2-7,tranad_official,2,0,664,667,"[12, 13, 29, 8, 11, 31, 14, 25, 6, 5, 23, 18, 35, 9, 34, 22, 30, 37, 26, 15, 32, 3, 16, 10, 27, 21, 20, 7, 33, 17, 0, 2, 36, 1, 24, 28, 4, 19]",3,0.6666666666666666,0.6666666666666666,0.6666666666666666,0.7653606369886217,1,3,3,2
smd,group23_evaluation,machine-2-7,tranad_official,2,0,664,667,"[12, 13, 29, 8, 11, 31, 14, 25, 6, 5, 23, 18, 35, 9, 34, 22, 30, 37, 26, 15, 32, 3, 16, 10, 27, 21, 20, 7, 33, 17, 0, 2, 36, 1, 24, 28, 4, 19]",5,0.6,1.0,0.7499999999999999,0.9674679834891693,1,3,5,3
smd,group23_evaluation,machine-2-7,tranad_official,2,1,2104,2107,"[13, 12, 29, 11, 23, 18, 5, 30, 22, 10, 35, 37, 15, 8, 9, 27, 26, 16, 31, 7, 32, 3, 0, 21, 33, 34, 20, 17, 2, 36, 1, 28, 6, 24, 14, 4, 19, 25]",1,1.0,0.5,0.6666666666666666,1.0,1,2,1,1
smd,group23_evaluation,machine-2-7,tranad_official,2,1,2104,2107,"[13, 12, 29, 11, 23, 18, 5, 30, 22, 10, 35, 37, 15, 8, 9, 27, 26, 16, 31, 7, 32, 3, 0, 21, 33, 34, 20, 17, 2, 36, 1, 28, 6, 24, 14, 4, 19, 25]",3,0.6666666666666666,1.0,0.8,1.0,1,2,3,2
smd,group23_evaluation,machine-2-7,tranad_official,2,1,2104,2107,"[13, 12, 29, 11, 23, 18, 5, 30, 22, 10, 35, 37, 15, 8, 9, 27, 26, 16, 31, 7, 32, 3, 0, 21, 33, 34, 20, 17, 2, 36, 1, 28, 6, 24, 14, 4, 19, 25]",5,0.4,1.0,0.5714285714285715,1.0,1,2,5,2
smd,group23_evaluation,machine-2-7,tranad_official,2,2,3544,3547,"[13, 12, 8, 31, 14, 11, 18, 6, 23, 35, 22, 9, 26, 37, 30, 33, 34, 5, 32, 3, 29, 7, 10, 27, 0, 16, 15, 21, 17, 20, 2, 36, 1, 24, 28, 4, 19, 25]",1,1.0,0.25,0.4,1.0,1,4,1,1
smd,group23_evaluation,machine-2-7,tranad_official,2,2,3544,3547,"[13, 12, 8, 31, 14, 11, 18, 6, 23, 35, 22, 9, 26, 37, 30, 33, 34, 5, 32, 3, 29, 7, 10, 27, 0, 16, 15, 21, 17, 20, 2, 36, 1, 24, 28, 4, 19, 25]",3,1.0,0.75,0.8571428571428571,1.0,1,4,3,3
smd,group23_evaluation,machine-2-7,tranad_official,2,2,3544,3547,"[13, 12, 8, 31, 14, 11, 18, 6, 23, 35, 22, 9, 26, 37, 30, 33, 34, 5, 32, 3, 29, 7, 10, 27, 0, 16, 15, 21, 17, 20, 2, 36, 1, 24, 28, 4, 19, 25]",5,0.8,1.0,0.888888888888889,0.9828920819566879,1,4,5,4
smd,group23_evaluation,machine-2-7,tranad_official,2,3,4984,4987,"[13, 12, 8, 14, 5, 11, 6, 18, 25, 33, 26, 29, 35, 31, 23, 37, 30, 9, 10, 3, 7, 27, 16, 32, 22, 15, 0, 17, 21, 36, 2, 1, 24, 20, 28, 34, 4, 19]",1,1.0,0.25,0.4,1.0,1,4,1,1
smd,group23_evaluation,machine-2-7,tranad_official,2,3,4984,4987,"[13, 12, 8, 14, 5, 11, 6, 18, 25, 33, 26, 29, 35, 31, 23, 37, 30, 9, 10, 3, 7, 27, 16, 32, 22, 15, 0, 17, 21, 36, 2, 1, 24, 20, 28, 34, 4, 19]",3,1.0,0.75,0.8571428571428571,1.0,1,4,3,3
smd,group23_evaluation,machine-2-7,tranad_official,2,3,4984,4987,"[13, 12, 8, 14, 5, 11, 6, 18, 25, 33, 26, 29, 35, 31, 23, 37, 30, 9, 10, 3, 7, 27, 16, 32, 22, 15, 0, 17, 21, 36, 2, 1, 24, 20, 28, 34, 4, 19]",5,0.8,1.0,0.888888888888889,1.0,1,4,5,4
smd,group23_evaluation,machine-2-7,tranad_official,2,4,6030,6034,"[33, 5, 25, 27, 9, 28, 23, 30, 18, 3, 16, 1, 11, 21, 24, 4, 36, 31, 0, 14, 35, 37, 7, 10, 12, 15, 2, 17, 32, 8, 20, 26, 19, 6, 22, 13, 29, 34]",1,1.0,0.5,0.6666666666666666,1.0,1,2,1,1
smd,group23_evaluation,machine-2-7,tranad_official,2,4,6030,6034,"[33, 5, 25, 27, 9, 28, 23, 30, 18, 3, 16, 1, 11, 21, 24, 4, 36, 31, 0, 14, 35, 37, 7, 10, 12, 15, 2, 17, 32, 8, 20, 26, 19, 6, 22, 13, 29, 34]",3,0.3333333333333333,0.5,0.4,0.6131471927654584,1,2,3,1
smd,group23_evaluation,machine-2-7,tranad_official,2,4,6030,6034,"[33, 5, 25, 27, 9, 28, 23, 30, 18, 3, 16, 1, 11, 21, 24, 4, 36, 31, 0, 14, 35, 37, 7, 10, 12, 15, 2, 17, 32, 8, 20, 26, 19, 6, 22, 13, 29, 34]",5,0.2,0.5,0.28571428571428575,0.6131471927654584,1,2,5,1
smd,group23_evaluation,machine-2-7,tranad_official,2,5,7665,7669,"[5, 29, 23, 25, 24, 11, 33, 35, 37, 7, 0, 26, 32, 27, 18, 12, 3, 16, 31, 10, 28, 9, 36, 6, 1, 22, 34, 17, 30, 2, 4, 13, 14, 21, 8, 15, 20, 19]",1,0.0,0.0,0.0,0.0,0,1,1,0
smd,group23_evaluation,machine-2-7,tranad_official,2,5,7665,7669,"[5, 29, 23, 25, 24, 11, 33, 35, 37, 7, 0, 26, 32, 27, 18, 12, 3, 16, 31, 10, 28, 9, 36, 6, 1, 22, 34, 17, 30, 2, 4, 13, 14, 21, 8, 15, 20, 19]",3,0.3333333333333333,1.0,0.5,0.6309297535714575,1,1,3,1
smd,group23_evaluation,machine-2-7,tranad_official,2,5,7665,7669,"[5, 29, 23, 25, 24, 11, 33, 35, 37, 7, 0, 26, 32, 27, 18, 12, 3, 16, 31, 10, 28, 9, 36, 6, 1, 22, 34, 17, 30, 2, 4, 13, 14, 21, 8, 15, 20, 19]",5,0.2,1.0,0.33333333333333337,0.6309297535714575,1,1,5,1
smd,group23_evaluation,machine-2-7,tranad_official,2,6,7863,7867,"[29, 12, 13, 5, 14, 23, 8, 11, 25, 6, 22, 33, 24, 18, 0, 27, 30, 31, 35, 26, 37, 7, 21, 9, 3, 10, 32, 28, 16, 36, 2, 1, 17, 34, 4, 20, 15, 19]",1,0.0,0.0,0.0,0.0,0,4,1,0
smd,group23_evaluation,machine-2-7,tranad_official,2,6,7863,7867,"[29, 12, 13, 5, 14, 23, 8, 11, 25, 6, 22, 33, 24, 18, 0, 27, 30, 31, 35, 26, 37, 7, 21, 9, 3, 10, 32, 28, 16, 36, 2, 1, 17, 34, 4, 20, 15, 19]",3,0.6666666666666666,0.5,0.5714285714285715,0.5307212739772434,1,4,3,2
smd,group23_evaluation,machine-2-7,tranad_official,2,6,7863,7867,"[29, 12, 13, 5, 14, 23, 8, 11, 25, 6, 22, 33, 24, 18, 0, 27, 30, 31, 35, 26, 37, 7, 21, 9, 3, 10, 32, 28, 16, 36, 2, 1, 17, 34, 4, 20, 15, 19]",5,0.6,0.75,0.6666666666666665,0.592512031964586,1,4,5,3
smd,group23_evaluation,machine-2-7,tranad_official,2,7,9304,9307,"[29, 12, 13, 5, 8, 23, 25, 14, 11, 6, 31, 24, 33, 26, 18, 9, 15, 37, 10, 32, 35, 7, 34, 3, 0, 16, 22, 20, 27, 17, 2, 36, 1, 28, 30, 4, 21, 19]",1,0.0,0.0,0.0,0.0,0,4,1,0
smd,group23_evaluation,machine-2-7,tranad_official,2,7,9304,9307,"[29, 12, 13, 5, 8, 23, 25, 14, 11, 6, 31, 24, 33, 26, 18, 9, 15, 37, 10, 32, 35, 7, 34, 3, 0, 16, 22, 20, 27, 17, 2, 36, 1, 28, 30, 4, 21, 19]",3,0.6666666666666666,0.5,0.5714285714285715,0.5307212739772434,1,4,3,2
smd,group23_evaluation,machine-2-7,tranad_official,2,7,9304,9307,"[29, 12, 13, 5, 8, 23, 25, 14, 11, 6, 31, 24, 33, 26, 18, 9, 15, 37, 10, 32, 35, 7, 34, 3, 0, 16, 22, 20, 27, 17, 2, 36, 1, 28, 30, 4, 21, 19]",5,0.6,0.75,0.6666666666666665,0.592512031964586,1,4,5,3
smd,group23_evaluation,machine-2-7,tranad_official,2,8,10744,10747,"[29, 12, 13, 8, 14, 5, 11, 31, 6, 20, 23, 27, 24, 18, 22, 35, 37, 26, 0, 9, 7, 33, 3, 21, 19, 34, 15, 25, 30, 16, 17, 10, 2, 28, 1, 36, 32, 4]",1,0.0,0.0,0.0,0.0,0,4,1,0
smd,group23_evaluation,machine-2-7,tranad_official,2,8,10744,10747,"[29, 12, 13, 8, 14, 5, 11, 31, 6, 20, 23, 27, 24, 18, 22, 35, 37, 26, 0, 9, 7, 33, 3, 21, 19, 34, 15, 25, 30, 16, 17, 10, 2, 28, 1, 36, 32, 4]",3,0.6666666666666666,0.5,0.5714285714285715,0.5307212739772434,1,4,3,2
smd,group23_evaluation,machine-2-7,tranad_official,2,8,10744,10747,"[29, 12, 13, 8, 14, 5, 11, 31, 6, 20, 23, 27, 24, 18, 22, 35, 37, 26, 0, 9, 7, 33, 3, 21, 19, 34, 15, 25, 30, 16, 17, 10, 2, 28, 1, 36, 32, 4]",5,0.8,1.0,0.888888888888889,0.7606395682357036,1,4,5,4
smd,group23_evaluation,machine-2-7,tranad_official,2,9,12099,12127,"[29, 0, 3, 2, 1, 6, 5, 23, 25, 24, 31, 11, 13, 20, 10, 22, 21, 35, 26, 37, 7, 18, 34, 15, 30, 9, 27, 12, 32, 16, 36, 33, 19, 14, 28, 17, 4, 8]",1,0.0,0.0,0.0,0.0,0,6,1,0
smd,group23_evaluation,machine-2-7,tranad_official,2,9,12099,12127,"[29, 0, 3, 2, 1, 6, 5, 23, 25, 24, 31, 11, 13, 20, 10, 22, 21, 35, 26, 37, 7, 18, 34, 15, 30, 9, 27, 12, 32, 16, 36, 33, 19, 14, 28, 17, 4, 8]",3,0.6666666666666666,0.3333333333333333,0.4444444444444444,0.5307212739772434,1,6,3,2
smd,group23_evaluation,machine-2-7,tranad_official,2,9,12099,12127,"[29, 0, 3, 2, 1, 6, 5, 23, 25, 24, 31, 11, 13, 20, 10, 22, 21, 35, 26, 37, 7, 18, 34, 15, 30, 9, 27, 12, 32, 16, 36, 33, 19, 14, 28, 17, 4, 8]",5,0.8,0.6666666666666666,0.7272727272727272,0.6608397947263839,1,6,5,4
smd,group23_evaluation,machine-2-7,tranad_official,2,10,13623,13625,"[29, 12, 13, 8, 14, 11, 31, 23, 22, 6, 0, 18, 35, 24, 37, 25, 26, 34, 9, 30, 7, 32, 27, 33, 3, 5, 10, 21, 16, 17, 15, 2, 36, 1, 28, 4, 20, 19]",1,0.0,0.0,0.0,0.0,0,4,1,0
smd,group23_evaluation,machine-2-7,tranad_official,2,10,13623,13625,"[29, 12, 13, 8, 14, 11, 31, 23, 22, 6, 0, 18, 35, 24, 37, 25, 26, 34, 9, 30, 7, 32, 27, 33, 3, 5, 10, 21, 16, 17, 15, 2, 36, 1, 28, 4, 20, 19]",3,0.6666666666666666,0.5,0.5714285714285715,0.5307212739772434,1,4,3,2
smd,group23_evaluation,machine-2-7,tranad_official,2,10,13623,13625,"[29, 12, 13, 8, 14, 11, 31, 23, 22, 6, 0, 18, 35, 24, 37, 25, 26, 34, 9, 30, 7, 32, 27, 33, 3, 5, 10, 21, 16, 17, 15, 2, 36, 1, 28, 4, 20, 19]",5,0.8,1.0,0.888888888888889,0.7606395682357036,1,4,5,4
smd,group23_evaluation,machine-2-7,tranad_official,2,11,14934,14938,"[29, 33, 5, 11, 24, 31, 13, 34, 20, 25, 7, 37, 26, 3, 9, 35, 12, 32, 16, 15, 36, 1, 6, 2, 22, 14, 28, 21, 0, 17, 10, 23, 27, 4, 18, 8, 30, 19]",1,0.0,0.0,0.0,0.0,0,2,1,0
smd,group23_evaluation,machine-2-7,tranad_official,2,11,14934,14938,"[29, 33, 5, 11, 24, 31, 13, 34, 20, 25, 7, 37, 26, 3, 9, 35, 12, 32, 16, 15, 36, 1, 6, 2, 22, 14, 28, 21, 0, 17, 10, 23, 27, 4, 18, 8, 30, 19]",3,0.3333333333333333,0.5,0.4,0.38685280723454163,1,2,3,1
smd,group23_evaluation,machine-2-7,tranad_official,2,11,14934,14938,"[29, 33, 5, 11, 24, 31, 13, 34, 20, 25, 7, 37, 26, 3, 9, 35, 12, 32, 16, 15, 36, 1, 6, 2, 22, 14, 28, 21, 0, 17, 10, 23, 27, 4, 18, 8, 30, 19]",5,0.2,0.5,0.28571428571428575,0.38685280723454163,1,2,5,1
smd,group23_evaluation,machine-2-7,tranad_official,2,12,15063,15066,"[29, 12, 13, 8, 14, 11, 5, 25, 24, 34, 23, 6, 22, 35, 33, 18, 26, 37, 7, 9, 3, 32, 0, 10, 16, 20, 31, 36, 17, 2, 1, 28, 27, 19, 4, 15, 30, 21]",1,0.0,0.0,0.0,0.0,0,4,1,0
smd,group23_evaluation,machine-2-7,tranad_official,2,12,15063,15066,"[29, 12, 13, 8, 14, 11, 5, 25, 24, 34, 23, 6, 22, 35, 33, 18, 26, 37, 7, 9, 3, 32, 0, 10, 16, 20, 31, 36, 17, 2, 1, 28, 27, 19, 4, 15, 30, 21]",3,0.6666666666666666,0.5,0.5714285714285715,0.5307212739772434,1,4,3,2
smd,group23_evaluation,machine-2-7,tranad_official,2,12,15063,15066,"[29, 12, 13, 8, 14, 11, 5, 25, 24, 34, 23, 6, 22, 35, 33, 18, 26, 37, 7, 9, 3, 32, 0, 10, 16, 20, 31, 36, 17, 2, 1, 28, 27, 19, 4, 15, 30, 21]",5,0.8,1.0,0.888888888888889,0.7606395682357036,1,4,5,4
smd,group23_evaluation,machine-2-7,tranad_official,2,13,16534,16557,"[29, 5, 12, 13, 14, 11, 8, 23, 6, 0, 25, 22, 31, 35, 33, 24, 18, 27, 26, 30, 37, 10, 7, 9, 21, 3, 20, 15, 34, 19, 32, 16, 28, 36, 2, 1, 17, 4]",1,0.0,0.0,0.0,0.0,0,4,1,0
smd,group23_evaluation,machine-2-7,tranad_official,2,13,16534,16557,"[29, 5, 12, 13, 14, 11, 8, 23, 6, 0, 25, 22, 31, 35, 33, 24, 18, 27, 26, 30, 37, 10, 7, 9, 21, 3, 20, 15, 34, 19, 32, 16, 28, 36, 2, 1, 17, 4]",3,0.3333333333333333,0.25,0.28571428571428575,0.23463936301137822,1,4,3,1
smd,group23_evaluation,machine-2-7,tranad_official,2,13,16534,16557,"[29, 5, 12, 13, 14, 11, 8, 23, 6, 0, 25, 22, 31, 35, 33, 24, 18, 27, 26, 30, 37, 10, 7, 9, 21, 3, 20, 15, 34, 19, 32, 16, 28, 36, 2, 1, 17, 4]",5,0.6,0.75,0.6666666666666665,0.5143371794949736,1,4,5,3
smd,group23_evaluation,machine-2-7,tranad_official,2,14,17978,17981,"[29, 12, 8, 13, 5, 14, 11, 31, 25, 0, 6, 22, 24, 15, 18, 34, 10, 26, 37, 35, 9, 7, 30, 32, 3, 16, 27, 33, 17, 20, 23, 28, 2, 1, 36, 21, 4, 19]",1,0.0,0.0,0.0,0.0,0,4,1,0
smd,group23_evaluation,machine-2-7,tranad_official,2,14,17978,17981,"[29, 12, 8, 13, 5, 14, 11, 31, 25, 0, 6, 22, 24, 15, 18, 34, 10, 26, 37, 35, 9, 7, 30, 32, 3, 16, 27, 33, 17, 20, 23, 28, 2, 1, 36, 21, 4, 19]",3,0.6666666666666666,0.5,0.5714285714285715,0.5307212739772434,1,4,3,2
smd,group23_evaluation,machine-2-7,tranad_official,2,14,17978,17981,"[29, 12, 8, 13, 5, 14, 11, 31, 25, 0, 6, 22, 24, 15, 18, 34, 10, 26, 37, 35, 9, 7, 30, 32, 3, 16, 27, 33, 17, 20, 23, 28, 2, 1, 36, 21, 4, 19]",5,0.6,0.75,0.6666666666666665,0.6096199500078984,1,4,5,3
smd,group23_evaluation,machine-2-7,tranad_official,2,15,18639,18944,"[28, 18, 10, 15, 20, 27, 31, 30, 21, 14, 5, 34, 35, 29, 8, 24, 9, 0, 6, 22, 36, 3, 23, 25, 1, 2, 13, 4, 32, 19, 11, 17, 7, 37, 33, 12, 16, 26]",1,1.0,0.047619047619047616,0.0909090909090909,1.0,1,21,1,1
smd,group23_evaluation,machine-2-7,tranad_official,2,15,18639,18944,"[28, 18, 10, 15, 20, 27, 31, 30, 21, 14, 5, 34, 35, 29, 8, 24, 9, 0, 6, 22, 36, 3, 23, 25, 1, 2, 13, 4, 32, 19, 11, 17, 7, 37, 33, 12, 16, 26]",3,1.0,0.14285714285714285,0.25,1.0,1,21,3,3
smd,group23_evaluation,machine-2-7,tranad_official,2,15,18639,18944,"[28, 18, 10, 15, 20, 27, 31, 30, 21, 14, 5, 34, 35, 29, 8, 24, 9, 0, 6, 22, 36, 3, 23, 25, 1, 2, 13, 4, 32, 19, 11, 17, 7, 37, 33, 12, 16, 26]",5,1.0,0.23809523809523808,0.3846153846153846,1.0,1,21,5,5
smd,group23_evaluation,machine-2-7,tranad_official,2,16,19411,19418,"[29, 12, 11, 14, 13, 8, 5, 31, 23, 6, 22, 18, 24, 26, 30, 35, 37, 7, 9, 25, 0, 34, 27, 32, 3, 10, 21, 33, 16, 2, 17, 36, 15, 1, 28, 4, 20, 19]",1,0.0,0.0,0.0,0.0,0,4,1,0
smd,group23_evaluation,machine-2-7,tranad_official,2,16,19411,19418,"[29, 12, 11, 14, 13, 8, 5, 31, 23, 6, 22, 18, 24, 26, 30, 35, 37, 7, 9, 25, 0, 34, 27, 32, 3, 10, 21, 33, 16, 2, 17, 36, 15, 1, 28, 4, 20, 19]",3,0.3333333333333333,0.25,0.28571428571428575,0.2960819109658652,1,4,3,1
smd,group23_evaluation,machine-2-7,tranad_official,2,16,19411,19418,"[29, 12, 11, 14, 13, 8, 5, 31, 23, 6, 22, 18, 24, 26, 30, 35, 37, 7, 9, 25, 0, 34, 27, 32, 3, 10, 21, 33, 16, 2, 17, 36, 15, 1, 28, 4, 20, 19]",5,0.6,0.75,0.6666666666666665,0.5654495432396527,1,4,5,3
smd,group23_evaluation,machine-2-7,tranad_official,2,17,20853,20857,"[29, 12, 13, 14, 8, 11, 25, 31, 23, 6, 5, 24, 22, 10, 18, 15, 26, 9, 0, 37, 32, 7, 3, 30, 16, 33, 2, 17, 1, 36, 27, 35, 20, 21, 34, 28, 4, 19]",1,0.0,0.0,0.0,0.0,0,4,1,0
smd,group23_evaluation,machine-2-7,tranad_official,2,17,20853,20857,"[29, 12, 13, 14, 8, 11, 25, 31, 23, 6, 5, 24, 22, 10, 18, 15, 26, 9, 0, 37, 32, 7, 3, 30, 16, 33, 2, 17, 1, 36, 27, 35, 20, 21, 34, 28, 4, 19]",3,0.6666666666666666,0.5,0.5714285714285715,0.5307212739772434,1,4,3,2
smd,group23_evaluation,machine-2-7,tranad_official,2,17,20853,20857,"[29, 12, 13, 14, 8, 11, 25, 31, 23, 6, 5, 24, 22, 10, 18, 15, 26, 9, 0, 37, 32, 7, 3, 30, 16, 33, 2, 17, 1, 36, 27, 35, 20, 21, 34, 28, 4, 19]",5,0.8,1.0,0.888888888888889,0.7606395682357036,1,4,5,4
smd,group23_evaluation,machine-2-7,tranad_official,2,18,22291,22296,"[29, 12, 13, 14, 8, 11, 31, 5, 25, 6, 23, 24, 33, 18, 0, 15, 9, 26, 37, 32, 10, 35, 7, 22, 3, 20, 16, 34, 2, 17, 1, 36, 27, 30, 28, 21, 4, 19]",1,0.0,0.0,0.0,0.0,0,4,1,0
smd,group23_evaluation,machine-2-7,tranad_official,2,18,22291,22296,"[29, 12, 13, 14, 8, 11, 31, 5, 25, 6, 23, 24, 33, 18, 0, 15, 9, 26, 37, 32, 10, 35, 7, 22, 3, 20, 16, 34, 2, 17, 1, 36, 27, 30, 28, 21, 4, 19]",3,0.6666666666666666,0.5,0.5714285714285715,0.5307212739772434,1,4,3,2
smd,group23_evaluation,machine-2-7,tranad_official,2,18,22291,22296,"[29, 12, 13, 14, 8, 11, 31, 5, 25, 6, 23, 24, 33, 18, 0, 15, 9, 26, 37, 32, 10, 35, 7, 22, 3, 20, 16, 34, 2, 17, 1, 36, 27, 30, 28, 21, 4, 19]",5,0.8,1.0,0.888888888888889,0.7606395682357036,1,4,5,4
smd,group23_evaluation,machine-2-7,tranad_official,2,19,22924,22927,"[9, 29, 23, 25, 34, 24, 35, 20, 12, 22, 30, 21, 15, 18, 10, 27, 5, 0, 31, 6, 11, 37, 7, 32, 19, 16, 3, 36, 26, 13, 1, 28, 17, 2, 14, 33, 8, 4]",1,1.0,1.0,1.0,1.0,1,1,1,1
smd,group23_evaluation,machine-2-7,tranad_official,2,19,22924,22927,"[9, 29, 23, 25, 34, 24, 35, 20, 12, 22, 30, 21, 15, 18, 10, 27, 5, 0, 31, 6, 11, 37, 7, 32, 19, 16, 3, 36, 26, 13, 1, 28, 17, 2, 14, 33, 8, 4]",3,0.3333333333333333,1.0,0.5,1.0,1,1,3,1
smd,group23_evaluation,machine-2-7,tranad_official,2,19,22924,22927,"[9, 29, 23, 25, 34, 24, 35, 20, 12, 22, 30, 21, 15, 18, 10, 27, 5, 0, 31, 6, 11, 37, 7, 32, 19, 16, 3, 36, 26, 13, 1, 28, 17, 2, 14, 33, 8, 4]",5,0.2,1.0,0.33333333333333337,1.0,1,1,5,1
smd,group23_evaluation,machine-2-8,tranad_official,0,0,17580,17741,"[16, 28, 17, 29, 33, 6, 32, 31, 4, 3, 8, 2, 1, 24, 10, 9, 22, 0, 12, 5, 23, 13, 25, 14, 27, 20, 30, 15, 35, 34, 21, 18, 19, 7, 37, 11, 36, 26]",1,1.0,0.029411764705882353,0.05714285714285715,1.0,1,34,1,1
smd,group23_evaluation,machine-2-8,tranad_official,0,0,17580,17741,"[16, 28, 17, 29, 33, 6, 32, 31, 4, 3, 8, 2, 1, 24, 10, 9, 22, 0, 12, 5, 23, 13, 25, 14, 27, 20, 30, 15, 35, 34, 21, 18, 19, 7, 37, 11, 36, 26]",3,1.0,0.08823529411764706,0.1621621621621622,1.0,1,34,3,3
smd,group23_evaluation,machine-2-8,tranad_official,0,0,17580,17741,"[16, 28, 17, 29, 33, 6, 32, 31, 4, 3, 8, 2, 1, 24, 10, 9, 22, 0, 12, 5, 23, 13, 25, 14, 27, 20, 30, 15, 35, 34, 21, 18, 19, 7, 37, 11, 36, 26]",5,1.0,0.14705882352941177,0.25641025641025644,1.0,1,34,5,5
smd,group23_evaluation,machine-2-8,tranad_official,1,0,17580,17741,"[16, 28, 17, 29, 33, 6, 32, 31, 4, 3, 8, 2, 1, 24, 10, 9, 0, 22, 12, 5, 23, 13, 14, 25, 30, 27, 20, 21, 15, 18, 35, 34, 19, 7, 11, 37, 36, 26]",1,1.0,0.029411764705882353,0.05714285714285715,1.0,1,34,1,1
smd,group23_evaluation,machine-2-8,tranad_official,1,0,17580,17741,"[16, 28, 17, 29, 33, 6, 32, 31, 4, 3, 8, 2, 1, 24, 10, 9, 0, 22, 12, 5, 23, 13, 14, 25, 30, 27, 20, 21, 15, 18, 35, 34, 19, 7, 11, 37, 36, 26]",3,1.0,0.08823529411764706,0.1621621621621622,1.0,1,34,3,3
smd,group23_evaluation,machine-2-8,tranad_official,1,0,17580,17741,"[16, 28, 17, 29, 33, 6, 32, 31, 4, 3, 8, 2, 1, 24, 10, 9, 0, 22, 12, 5, 23, 13, 14, 25, 30, 27, 20, 21, 15, 18, 35, 34, 19, 7, 11, 37, 36, 26]",5,1.0,0.14705882352941177,0.25641025641025644,1.0,1,34,5,5
smd,group23_evaluation,machine-2-8,tranad_official,2,0,17580,17741,"[16, 28, 17, 29, 33, 6, 32, 31, 4, 3, 8, 2, 1, 24, 10, 9, 22, 0, 12, 5, 23, 13, 25, 14, 30, 27, 20, 21, 15, 18, 34, 19, 35, 26, 11, 37, 36, 7]",1,1.0,0.029411764705882353,0.05714285714285715,1.0,1,34,1,1
smd,group23_evaluation,machine-2-8,tranad_official,2,0,17580,17741,"[16, 28, 17, 29, 33, 6, 32, 31, 4, 3, 8, 2, 1, 24, 10, 9, 22, 0, 12, 5, 23, 13, 25, 14, 30, 27, 20, 21, 15, 18, 34, 19, 35, 26, 11, 37, 36, 7]",3,1.0,0.08823529411764706,0.1621621621621622,1.0,1,34,3,3
smd,group23_evaluation,machine-2-8,tranad_official,2,0,17580,17741,"[16, 28, 17, 29, 33, 6, 32, 31, 4, 3, 8, 2, 1, 24, 10, 9, 22, 0, 12, 5, 23, 13, 25, 14, 30, 27, 20, 21, 15, 18, 34, 19, 35, 26, 11, 37, 36, 7]",5,1.0,0.14705882352941177,0.25641025641025644,1.0,1,34,5,5
smd,group23_evaluation,machine-2-9,tranad_official,0,0,15131,15253,"[3, 21, 30, 20, 18, 19, 27, 0, 2, 31, 1, 5, 12, 16, 23, 11, 35, 22, 34, 8, 25, 15, 6, 17, 24, 10, 37, 14, 33, 13, 26, 9, 7, 36, 28, 4, 32, 29]",1,1.0,0.08333333333333333,0.15384615384615385,1.0,1,12,1,1
smd,group23_evaluation,machine-2-9,tranad_official,0,0,15131,15253,"[3, 21, 30, 20, 18, 19, 27, 0, 2, 31, 1, 5, 12, 16, 23, 11, 35, 22, 34, 8, 25, 15, 6, 17, 24, 10, 37, 14, 33, 13, 26, 9, 7, 36, 28, 4, 32, 29]",3,1.0,0.25,0.4,1.0,1,12,3,3
smd,group23_evaluation,machine-2-9,tranad_official,0,0,15131,15253,"[3, 21, 30, 20, 18, 19, 27, 0, 2, 31, 1, 5, 12, 16, 23, 11, 35, 22, 34, 8, 25, 15, 6, 17, 24, 10, 37, 14, 33, 13, 26, 9, 7, 36, 28, 4, 32, 29]",5,1.0,0.4166666666666667,0.5882352941176471,1.0,1,12,5,5
smd,group23_evaluation,machine-2-9,tranad_official,0,1,15598,16012,"[9, 31, 3, 18, 30, 20, 27, 21, 8, 1, 5, 19, 6, 0, 29, 2, 26, 22, 4, 13, 34, 25, 10, 16, 15, 12, 35, 37, 28, 33, 36, 11, 17, 24, 7, 14, 23, 32]",1,1.0,0.05555555555555555,0.10526315789473684,1.0,1,18,1,1
smd,group23_evaluation,machine-2-9,tranad_official,0,1,15598,16012,"[9, 31, 3, 18, 30, 20, 27, 21, 8, 1, 5, 19, 6, 0, 29, 2, 26, 22, 4, 13, 34, 25, 10, 16, 15, 12, 35, 37, 28, 33, 36, 11, 17, 24, 7, 14, 23, 32]",3,0.6666666666666666,0.1111111111111111,0.1904761904761905,0.7039180890341347,1,18,3,2
smd,group23_evaluation,machine-2-9,tranad_official,0,1,15598,16012,"[9, 31, 3, 18, 30, 20, 27, 21, 8, 1, 5, 19, 6, 0, 29, 2, 26, 22, 4, 13, 34, 25, 10, 16, 15, 12, 35, 37, 28, 33, 36, 11, 17, 24, 7, 14, 23, 32]",5,0.8,0.2222222222222222,0.3478260869565218,0.7860137352654724,1,18,5,4
smd,group23_evaluation,machine-2-9,tranad_official,0,2,16729,16982,"[9, 8, 22, 26, 31, 34, 29, 5, 4, 1, 25, 37, 6, 28, 10, 17, 33, 36, 35, 24, 2, 13, 27, 11, 12, 7, 19, 30, 15, 14, 18, 32, 20, 0, 16, 3, 23, 21]",1,1.0,0.125,0.2222222222222222,1.0,1,8,1,1
smd,group23_evaluation,machine-2-9,tranad_official,0,2,16729,16982,"[9, 8, 22, 26, 31, 34, 29, 5, 4, 1, 25, 37, 6, 28, 10, 17, 33, 36, 35, 24, 2, 13, 27, 11, 12, 7, 19, 30, 15, 14, 18, 32, 20, 0, 16, 3, 23, 21]",3,0.6666666666666666,0.25,0.36363636363636365,0.7653606369886217,1,8,3,2
smd,group23_evaluation,machine-2-9,tranad_official,0,2,16729,16982,"[9, 8, 22, 26, 31, 34, 29, 5, 4, 1, 25, 37, 6, 28, 10, 17, 33, 36, 35, 24, 2, 13, 27, 11, 12, 7, 19, 30, 15, 14, 18, 32, 20, 0, 16, 3, 23, 21]",5,0.4,0.25,0.3076923076923077,0.5531464700081437,1,8,5,2
smd,group23_evaluation,machine-2-9,tranad_official,0,3,17083,17286,"[31, 3, 18, 30, 20, 27, 0, 2, 21, 19, 1, 16, 8, 15, 23, 13, 5, 12, 25, 9, 28, 22, 24, 4, 36, 33, 17, 14, 29, 11, 6, 26, 10, 35, 32, 34, 37, 7]",1,1.0,0.05,0.09523809523809523,1.0,1,20,1,1
smd,group23_evaluation,machine-2-9,tranad_official,0,3,17083,17286,"[31, 3, 18, 30, 20, 27, 0, 2, 21, 19, 1, 16, 8, 15, 23, 13, 5, 12, 25, 9, 28, 22, 24, 4, 36, 33, 17, 14, 29, 11, 6, 26, 10, 35, 32, 34, 37, 7]",3,1.0,0.15,0.2608695652173913,1.0,1,20,3,3
smd,group23_evaluation,machine-2-9,tranad_official,0,3,17083,17286,"[31, 3, 18, 30, 20, 27, 0, 2, 21, 19, 1, 16, 8, 15, 23, 13, 5, 12, 25, 9, 28, 22, 24, 4, 36, 33, 17, 14, 29, 11, 6, 26, 10, 35, 32, 34, 37, 7]",5,1.0,0.25,0.4,1.0,1,20,5,5
smd,group23_evaluation,machine-2-9,tranad_official,0,4,17914,18096,"[9, 5, 6, 22, 34, 31, 8, 29, 25, 35, 26, 4, 1, 37, 10, 20, 36, 11, 27, 33, 12, 13, 28, 24, 17, 0, 2, 19, 7, 23, 15, 32, 30, 14, 18, 16, 3, 21]",1,0.0,0.0,0.0,0.0,0,5,1,0
smd,group23_evaluation,machine-2-9,tranad_official,0,4,17914,18096,"[9, 5, 6, 22, 34, 31, 8, 29, 25, 35, 26, 4, 1, 37, 10, 20, 36, 11, 27, 33, 12, 13, 28, 24, 17, 0, 2, 19, 7, 23, 15, 32, 30, 14, 18, 16, 3, 21]",3,0.0,0.0,0.0,0.0,0,5,3,0
smd,group23_evaluation,machine-2-9,tranad_official,0,4,17914,18096,"[9, 5, 6, 22, 34, 31, 8, 29, 25, 35, 26, 4, 1, 37, 10, 20, 36, 11, 27, 33, 12, 13, 28, 24, 17, 0, 2, 19, 7, 23, 15, 32, 30, 14, 18, 16, 3, 21]",5,0.0,0.0,0.0,0.0,0,5,5,0
smd,group23_evaluation,machine-2-9,tranad_official,0,5,19157,19501,"[9, 5, 6, 4, 31, 37, 8, 24, 10, 22, 36, 26, 27, 7, 23, 17, 12, 1, 20, 29, 19, 33, 35, 11, 34, 2, 16, 18, 0, 30, 32, 15, 25, 14, 13, 28, 3, 21]",1,1.0,0.1111111111111111,0.19999999999999998,1.0,1,9,1,1
smd,group23_evaluation,machine-2-9,tranad_official,0,5,19157,19501,"[9, 5, 6, 4, 31, 37, 8, 24, 10, 22, 36, 26, 27, 7, 23, 17, 12, 1, 20, 29, 19, 33, 35, 11, 34, 2, 16, 18, 0, 30, 32, 15, 25, 14, 13, 28, 3, 21]",3,0.3333333333333333,0.1111111111111111,0.16666666666666666,0.46927872602275644,1,9,3,1
smd,group23_evaluation,machine-2-9,tranad_official,0,5,19157,19501,"[9, 5, 6, 4, 31, 37, 8, 24, 10, 22, 36, 26, 27, 7, 23, 17, 12, 1, 20, 29, 19, 33, 35, 11, 34, 2, 16, 18, 0, 30, 32, 15, 25, 14, 13, 28, 3, 21]",5,0.2,0.1111111111111111,0.14285714285714285,0.3391602052736161,1,9,5,1
smd,group23_evaluation,machine-2-9,tranad_official,0,6,20615,20845,"[9, 5, 6, 31, 8, 4, 10, 26, 37, 22, 1, 20, 34, 29, 25, 27, 11, 35, 36, 17, 12, 7, 24, 33, 19, 23, 2, 0, 32, 28, 30, 15, 14, 13, 18, 16, 3, 21]",1,1.0,0.125,0.2222222222222222,1.0,1,8,1,1
smd,group23_evaluation,machine-2-9,tranad_official,0,6,20615,20845,"[9, 5, 6, 31, 8, 4, 10, 26, 37, 22, 1, 20, 34, 29, 25, 27, 11, 35, 36, 17, 12, 7, 24, 33, 19, 23, 2, 0, 32, 28, 30, 15, 14, 13, 18, 16, 3, 21]",3,0.3333333333333333,0.125,0.18181818181818182,0.46927872602275644,1,8,3,1
smd,group23_evaluation,machine-2-9,tranad_official,0,6,20615,20845,"[9, 5, 6, 31, 8, 4, 10, 26, 37, 22, 1, 20, 34, 29, 25, 27, 11, 35, 36, 17, 12, 7, 24, 33, 19, 23, 2, 0, 32, 28, 30, 15, 14, 13, 18, 16, 3, 21]",5,0.4,0.25,0.3076923076923077,0.4703652827859579,1,8,5,2
smd,group23_evaluation,machine-2-9,tranad_official,0,7,24475,24478,"[5, 6, 8, 12, 14, 13, 11, 23, 35, 34, 10, 15, 0, 33, 2, 1, 22, 3, 21, 9, 28, 20, 30, 31, 27, 25, 29, 24, 16, 32, 17, 19, 4, 7, 18, 26, 37, 36]",1,0.0,0.0,0.0,0.0,0,4,1,0
smd,group23_evaluation,machine-2-9,tranad_official,0,7,24475,24478,"[5, 6, 8, 12, 14, 13, 11, 23, 35, 34, 10, 15, 0, 33, 2, 1, 22, 3, 21, 9, 28, 20, 30, 31, 27, 25, 29, 24, 16, 32, 17, 19, 4, 7, 18, 26, 37, 36]",3,0.3333333333333333,0.25,0.28571428571428575,0.23463936301137822,1,4,3,1
smd,group23_evaluation,machine-2-9,tranad_official,0,7,24475,24478,"[5, 6, 8, 12, 14, 13, 11, 23, 35, 34, 10, 15, 0, 33, 2, 1, 22, 3, 21, 9, 28, 20, 30, 31, 27, 25, 29, 24, 16, 32, 17, 19, 4, 7, 18, 26, 37, 36]",5,0.6,0.75,0.6666666666666665,0.5143371794949736,1,4,5,3
smd,group23_evaluation,machine-2-9,tranad_official,0,8,25904,25906,"[5, 6, 13, 12, 8, 1, 14, 35, 2, 11, 34, 10, 15, 0, 23, 3, 33, 27, 30, 20, 22, 31, 18, 25, 21, 19, 28, 9, 16, 32, 29, 17, 24, 7, 4, 26, 37, 36]",1,0.0,0.0,0.0,0.0,0,4,1,0
smd,group23_evaluation,machine-2-9,tranad_official,0,8,25904,25906,"[5, 6, 13, 12, 8, 1, 14, 35, 2, 11, 34, 10, 15, 0, 23, 3, 33, 27, 30, 20, 22, 31, 18, 25, 21, 19, 28, 9, 16, 32, 29, 17, 24, 7, 4, 26, 37, 36]",3,0.3333333333333333,0.25,0.28571428571428575,0.23463936301137822,1,4,3,1
smd,group23_evaluation,machine-2-9,tranad_official,0,8,25904,25906,"[5, 6, 13, 12, 8, 1, 14, 35, 2, 11, 34, 10, 15, 0, 23, 3, 33, 27, 30, 20, 22, 31, 18, 25, 21, 19, 28, 9, 16, 32, 29, 17, 24, 7, 4, 26, 37, 36]",5,0.6,0.75,0.6666666666666665,0.5143371794949736,1,4,5,3
smd,group23_evaluation,machine-2-9,tranad_official,0,9,27356,27358,"[5, 6, 8, 12, 13, 14, 11, 35, 31, 34, 2, 27, 30, 15, 1, 10, 0, 20, 21, 23, 3, 33, 22, 19, 18, 28, 9, 25, 17, 32, 26, 16, 4, 29, 24, 36, 7, 37]",1,0.0,0.0,0.0,0.0,0,4,1,0
smd,group23_evaluation,machine-2-9,tranad_official,0,9,27356,27358,"[5, 6, 8, 12, 13, 14, 11, 35, 31, 34, 2, 27, 30, 15, 1, 10, 0, 20, 21, 23, 3, 33, 22, 19, 18, 28, 9, 25, 17, 32, 26, 16, 4, 29, 24, 36, 7, 37]",3,0.3333333333333333,0.25,0.28571428571428575,0.23463936301137822,1,4,3,1
smd,group23_evaluation,machine-2-9,tranad_official,0,9,27356,27358,"[5, 6, 8, 12, 13, 14, 11, 35, 31, 34, 2, 27, 30, 15, 1, 10, 0, 20, 21, 23, 3, 33, 22, 19, 18, 28, 9, 25, 17, 32, 26, 16, 4, 29, 24, 36, 7, 37]",5,0.6,0.75,0.6666666666666665,0.5143371794949736,1,4,5,3
smd,group23_evaluation,machine-2-9,tranad_official,1,0,15131,15253,"[3, 19, 18, 27, 20, 21, 30, 2, 0, 31, 1, 5, 25, 6, 23, 34, 22, 24, 10, 15, 11, 35, 13, 33, 36, 12, 14, 32, 8, 4, 26, 16, 17, 29, 7, 28, 9, 37]",1,1.0,0.08333333333333333,0.15384615384615385,1.0,1,12,1,1
smd,group23_evaluation,machine-2-9,tranad_official,1,0,15131,15253,"[3, 19, 18, 27, 20, 21, 30, 2, 0, 31, 1, 5, 25, 6, 23, 34, 22, 24, 10, 15, 11, 35, 13, 33, 36, 12, 14, 32, 8, 4, 26, 16, 17, 29, 7, 28, 9, 37]",3,1.0,0.25,0.4,1.0,1,12,3,3
smd,group23_evaluation,machine-2-9,tranad_official,1,0,15131,15253,"[3, 19, 18, 27, 20, 21, 30, 2, 0, 31, 1, 5, 25, 6, 23, 34, 22, 24, 10, 15, 11, 35, 13, 33, 36, 12, 14, 32, 8, 4, 26, 16, 17, 29, 7, 28, 9, 37]",5,1.0,0.4166666666666667,0.5882352941176471,1.0,1,12,5,5
smd,group23_evaluation,machine-2-9,tranad_official,1,1,15598,16012,"[9, 31, 27, 30, 18, 21, 19, 3, 20, 5, 2, 0, 4, 1, 6, 13, 8, 17, 10, 16, 33, 34, 11, 28, 35, 36, 12, 25, 26, 23, 15, 14, 29, 22, 24, 7, 37, 32]",1,1.0,0.05555555555555555,0.10526315789473684,1.0,1,18,1,1
smd,group23_evaluation,machine-2-9,tranad_official,1,1,15598,16012,"[9, 31, 27, 30, 18, 21, 19, 3, 20, 5, 2, 0, 4, 1, 6, 13, 8, 17, 10, 16, 33, 34, 11, 28, 35, 36, 12, 25, 26, 23, 15, 14, 29, 22, 24, 7, 37, 32]",3,0.6666666666666666,0.1111111111111111,0.1904761904761905,0.7039180890341347,1,18,3,2
smd,group23_evaluation,machine-2-9,tranad_official,1,1,15598,16012,"[9, 31, 27, 30, 18, 21, 19, 3, 20, 5, 2, 0, 4, 1, 6, 13, 8, 17, 10, 16, 33, 34, 11, 28, 35, 36, 12, 25, 26, 23, 15, 14, 29, 22, 24, 7, 37, 32]",5,0.8,0.2222222222222222,0.3478260869565218,0.7860137352654724,1,18,5,4
smd,group23_evaluation,machine-2-9,tranad_official,1,2,16729,16982,"[9, 5, 4, 20, 2, 16, 10, 8, 17, 33, 13, 11, 28, 36, 0, 12, 15, 3, 26, 6, 29, 14, 1, 34, 27, 23, 25, 35, 18, 31, 30, 21, 22, 24, 19, 32, 37, 7]",1,1.0,0.125,0.2222222222222222,1.0,1,8,1,1
smd,group23_evaluation,machine-2-9,tranad_official,1,2,16729,16982,"[9, 5, 4, 20, 2, 16, 10, 8, 17, 33, 13, 11, 28, 36, 0, 12, 15, 3, 26, 6, 29, 14, 1, 34, 27, 23, 25, 35, 18, 31, 30, 21, 22, 24, 19, 32, 37, 7]",3,0.3333333333333333,0.125,0.18181818181818182,0.46927872602275644,1,8,3,1
smd,group23_evaluation,machine-2-9,tranad_official,1,2,16729,16982,"[9, 5, 4, 20, 2, 16, 10, 8, 17, 33, 13, 11, 28, 36, 0, 12, 15, 3, 26, 6, 29, 14, 1, 34, 27, 23, 25, 35, 18, 31, 30, 21, 22, 24, 19, 32, 37, 7]",5,0.2,0.125,0.15384615384615385,0.3391602052736161,1,8,5,1
smd,group23_evaluation,machine-2-9,tranad_official,1,3,17083,17286,"[31, 3, 27, 18, 19, 21, 30, 20, 0, 2, 1, 5, 25, 4, 13, 23, 26, 6, 22, 12, 34, 16, 24, 36, 14, 37, 29, 9, 8, 10, 17, 11, 15, 32, 7, 33, 28, 35]",1,1.0,0.05,0.09523809523809523,1.0,1,20,1,1
smd,group23_evaluation,machine-2-9,tranad_official,1,3,17083,17286,"[31, 3, 27, 18, 19, 21, 30, 20, 0, 2, 1, 5, 25, 4, 13, 23, 26, 6, 22, 12, 34, 16, 24, 36, 14, 37, 29, 9, 8, 10, 17, 11, 15, 32, 7, 33, 28, 35]",3,1.0,0.15,0.2608695652173913,1.0,1,20,3,3
smd,group23_evaluation,machine-2-9,tranad_official,1,3,17083,17286,"[31, 3, 27, 18, 19, 21, 30, 20, 0, 2, 1, 5, 25, 4, 13, 23, 26, 6, 22, 12, 34, 16, 24, 36, 14, 37, 29, 9, 8, 10, 17, 11, 15, 32, 7, 33, 28, 35]",5,1.0,0.25,0.4,1.0,1,20,5,5
smd,group23_evaluation,machine-2-9,tranad_official,1,4,17914,18096,"[9, 5, 4, 16, 34, 20, 17, 8, 2, 10, 27, 6, 11, 13, 0, 33, 36, 3, 28, 12, 26, 35, 23, 25, 29, 14, 15, 31, 37, 1, 22, 19, 30, 18, 21, 24, 32, 7]",1,0.0,0.0,0.0,0.0,0,5,1,0
smd,group23_evaluation,machine-2-9,tranad_official,1,4,17914,18096,"[9, 5, 4, 16, 34, 20, 17, 8, 2, 10, 27, 6, 11, 13, 0, 33, 36, 3, 28, 12, 26, 35, 23, 25, 29, 14, 15, 31, 37, 1, 22, 19, 30, 18, 21, 24, 32, 7]",3,0.0,0.0,0.0,0.0,0,5,3,0
smd,group23_evaluation,machine-2-9,tranad_official,1,4,17914,18096,"[9, 5, 4, 16, 34, 20, 17, 8, 2, 10, 27, 6, 11, 13, 0, 33, 36, 3, 28, 12, 26, 35, 23, 25, 29, 14, 15, 31, 37, 1, 22, 19, 30, 18, 21, 24, 32, 7]",5,0.0,0.0,0.0,0.0,0,5,5,0
smd,group23_evaluation,machine-2-9,tranad_official,1,5,19157,19501,"[9, 5, 4, 13, 25, 20, 23, 2, 36, 10, 37, 16, 35, 8, 27, 34, 33, 3, 11, 6, 26, 29, 0, 12, 17, 18, 22, 15, 14, 28, 31, 19, 1, 32, 30, 21, 24, 7]",1,1.0,0.1111111111111111,0.19999999999999998,1.0,1,9,1,1
smd,group23_evaluation,machine-2-9,tranad_official,1,5,19157,19501,"[9, 5, 4, 13, 25, 20, 23, 2, 36, 10, 37, 16, 35, 8, 27, 34, 33, 3, 11, 6, 26, 29, 0, 12, 17, 18, 22, 15, 14, 28, 31, 19, 1, 32, 30, 21, 24, 7]",3,0.3333333333333333,0.1111111111111111,0.16666666666666666,0.46927872602275644,1,9,3,1
smd,group23_evaluation,machine-2-9,tranad_official,1,5,19157,19501,"[9, 5, 4, 13, 25, 20, 23, 2, 36, 10, 37, 16, 35, 8, 27, 34, 33, 3, 11, 6, 26, 29, 0, 12, 17, 18, 22, 15, 14, 28, 31, 19, 1, 32, 30, 21, 24, 7]",5,0.4,0.2222222222222222,0.2857142857142857,0.48522855511632257,1,9,5,2
smd,group23_evaluation,machine-2-9,tranad_official,1,6,20615,20845,"[9, 5, 4, 20, 2, 13, 10, 8, 16, 11, 27, 36, 34, 37, 26, 33, 23, 12, 35, 25, 17, 6, 3, 0, 22, 28, 29, 18, 14, 15, 1, 19, 31, 7, 21, 30, 32, 24]",1,1.0,0.125,0.2222222222222222,1.0,1,8,1,1
smd,group23_evaluation,machine-2-9,tranad_official,1,6,20615,20845,"[9, 5, 4, 20, 2, 13, 10, 8, 16, 11, 27, 36, 34, 37, 26, 33, 23, 12, 35, 25, 17, 6, 3, 0, 22, 28, 29, 18, 14, 15, 1, 19, 31, 7, 21, 30, 32, 24]",3,0.3333333333333333,0.125,0.18181818181818182,0.46927872602275644,1,8,3,1
smd,group23_evaluation,machine-2-9,tranad_official,1,6,20615,20845,"[9, 5, 4, 20, 2, 13, 10, 8, 16, 11, 27, 36, 34, 37, 26, 33, 23, 12, 35, 25, 17, 6, 3, 0, 22, 28, 29, 18, 14, 15, 1, 19, 31, 7, 21, 30, 32, 24]",5,0.2,0.125,0.15384615384615385,0.3391602052736161,1,8,5,1
smd,group23_evaluation,machine-2-9,tranad_official,1,7,24475,24478,"[5, 6, 8, 12, 14, 13, 11, 34, 0, 2, 15, 10, 3, 33, 1, 22, 35, 27, 23, 30, 21, 25, 9, 20, 18, 17, 26, 32, 37, 7, 16, 36, 24, 4, 31, 28, 29, 19]",1,0.0,0.0,0.0,0.0,0,4,1,0
smd,group23_evaluation,machine-2-9,tranad_official,1,7,24475,24478,"[5, 6, 8, 12, 14, 13, 11, 34, 0, 2, 15, 10, 3, 33, 1, 22, 35, 27, 23, 30, 21, 25, 9, 20, 18, 17, 26, 32, 37, 7, 16, 36, 24, 4, 31, 28, 29, 19]",3,0.3333333333333333,0.25,0.28571428571428575,0.23463936301137822,1,4,3,1
smd,group23_evaluation,machine-2-9,tranad_official,1,7,24475,24478,"[5, 6, 8, 12, 14, 13, 11, 34, 0, 2, 15, 10, 3, 33, 1, 22, 35, 27, 23, 30, 21, 25, 9, 20, 18, 17, 26, 32, 37, 7, 16, 36, 24, 4, 31, 28, 29, 19]",5,0.6,0.75,0.6666666666666665,0.5143371794949736,1,4,5,3
smd,group23_evaluation,machine-2-9,tranad_official,1,8,25904,25906,"[5, 6, 13, 12, 8, 1, 14, 2, 34, 0, 11, 35, 3, 15, 10, 22, 27, 33, 30, 20, 18, 23, 21, 19, 25, 17, 31, 26, 32, 37, 7, 36, 16, 24, 4, 9, 29, 28]",1,0.0,0.0,0.0,0.0,0,4,1,0
smd,group23_evaluation,machine-2-9,tranad_official,1,8,25904,25906,"[5, 6, 13, 12, 8, 1, 14, 2, 34, 0, 11, 35, 3, 15, 10, 22, 27, 33, 30, 20, 18, 23, 21, 19, 25, 17, 31, 26, 32, 37, 7, 36, 16, 24, 4, 9, 29, 28]",3,0.3333333333333333,0.25,0.28571428571428575,0.23463936301137822,1,4,3,1
smd,group23_evaluation,machine-2-9,tranad_official,1,8,25904,25906,"[5, 6, 13, 12, 8, 1, 14, 2, 34, 0, 11, 35, 3, 15, 10, 22, 27, 33, 30, 20, 18, 23, 21, 19, 25, 17, 31, 26, 32, 37, 7, 36, 16, 24, 4, 9, 29, 28]",5,0.6,0.75,0.6666666666666665,0.5143371794949736,1,4,5,3
smd,group23_evaluation,machine-2-9,tranad_official,1,9,27356,27358,"[5, 8, 6, 12, 13, 14, 34, 11, 35, 31, 2, 0, 30, 27, 3, 20, 1, 21, 18, 10, 15, 19, 22, 33, 25, 23, 17, 16, 26, 32, 37, 7, 36, 9, 24, 28, 29, 4]",1,0.0,0.0,0.0,0.0,0,4,1,0
smd,group23_evaluation,machine-2-9,tranad_official,1,9,27356,27358,"[5, 8, 6, 12, 13, 14, 34, 11, 35, 31, 2, 0, 30, 27, 3, 20, 1, 21, 18, 10, 15, 19, 22, 33, 25, 23, 17, 16, 26, 32, 37, 7, 36, 9, 24, 28, 29, 4]",3,0.3333333333333333,0.25,0.28571428571428575,0.2960819109658652,1,4,3,1
smd,group23_evaluation,machine-2-9,tranad_official,1,9,27356,27358,"[5, 8, 6, 12, 13, 14, 34, 11, 35, 31, 2, 0, 30, 27, 3, 20, 1, 21, 18, 10, 15, 19, 22, 33, 25, 23, 17, 16, 26, 32, 37, 7, 36, 9, 24, 28, 29, 4]",5,0.6,0.75,0.6666666666666665,0.5654495432396527,1,4,5,3
smd,group23_evaluation,machine-2-9,tranad_official,2,0,15131,15253,"[19, 30, 27, 3, 18, 20, 21, 0, 2, 5, 6, 1, 31, 34, 25, 16, 24, 15, 10, 11, 35, 13, 9, 33, 28, 23, 12, 14, 29, 22, 36, 8, 37, 4, 17, 7, 32, 26]",1,1.0,0.08333333333333333,0.15384615384615385,1.0,1,12,1,1
smd,group23_evaluation,machine-2-9,tranad_official,2,0,15131,15253,"[19, 30, 27, 3, 18, 20, 21, 0, 2, 5, 6, 1, 31, 34, 25, 16, 24, 15, 10, 11, 35, 13, 9, 33, 28, 23, 12, 14, 29, 22, 36, 8, 37, 4, 17, 7, 32, 26]",3,1.0,0.25,0.4,1.0,1,12,3,3
smd,group23_evaluation,machine-2-9,tranad_official,2,0,15131,15253,"[19, 30, 27, 3, 18, 20, 21, 0, 2, 5, 6, 1, 31, 34, 25, 16, 24, 15, 10, 11, 35, 13, 9, 33, 28, 23, 12, 14, 29, 22, 36, 8, 37, 4, 17, 7, 32, 26]",5,1.0,0.4166666666666667,0.5882352941176471,1.0,1,12,5,5
smd,group23_evaluation,machine-2-9,tranad_official,2,1,15598,16012,"[9, 31, 20, 18, 19, 0, 5, 3, 27, 6, 30, 21, 1, 37, 2, 4, 11, 22, 25, 26, 34, 29, 35, 16, 14, 13, 23, 36, 12, 28, 8, 15, 24, 10, 33, 7, 32, 17]",1,1.0,0.05555555555555555,0.10526315789473684,1.0,1,18,1,1
smd,group23_evaluation,machine-2-9,tranad_official,2,1,15598,16012,"[9, 31, 20, 18, 19, 0, 5, 3, 27, 6, 30, 21, 1, 37, 2, 4, 11, 22, 25, 26, 34, 29, 35, 16, 14, 13, 23, 36, 12, 28, 8, 15, 24, 10, 33, 7, 32, 17]",3,0.6666666666666666,0.1111111111111111,0.1904761904761905,0.7039180890341347,1,18,3,2
smd,group23_evaluation,machine-2-9,tranad_official,2,1,15598,16012,"[9, 31, 20, 18, 19, 0, 5, 3, 27, 6, 30, 21, 1, 37, 2, 4, 11, 22, 25, 26, 34, 29, 35, 16, 14, 13, 23, 36, 12, 28, 8, 15, 24, 10, 33, 7, 32, 17]",5,0.8,0.2222222222222222,0.3478260869565218,0.7860137352654724,1,18,5,4
smd,group23_evaluation,machine-2-9,tranad_official,2,2,16729,16982,"[9, 5, 37, 1, 18, 4, 6, 25, 16, 11, 27, 29, 0, 22, 12, 14, 36, 28, 8, 7, 26, 2, 3, 13, 34, 23, 15, 10, 31, 35, 24, 20, 21, 30, 32, 33, 19, 17]",1,1.0,0.125,0.2222222222222222,1.0,1,8,1,1
smd,group23_evaluation,machine-2-9,tranad_official,2,2,16729,16982,"[9, 5, 37, 1, 18, 4, 6, 25, 16, 11, 27, 29, 0, 22, 12, 14, 36, 28, 8, 7, 26, 2, 3, 13, 34, 23, 15, 10, 31, 35, 24, 20, 21, 30, 32, 33, 19, 17]",3,0.3333333333333333,0.125,0.18181818181818182,0.46927872602275644,1,8,3,1
smd,group23_evaluation,machine-2-9,tranad_official,2,2,16729,16982,"[9, 5, 37, 1, 18, 4, 6, 25, 16, 11, 27, 29, 0, 22, 12, 14, 36, 28, 8, 7, 26, 2, 3, 13, 34, 23, 15, 10, 31, 35, 24, 20, 21, 30, 32, 33, 19, 17]",5,0.2,0.125,0.15384615384615385,0.3391602052736161,1,8,5,1
smd,group23_evaluation,machine-2-9,tranad_official,2,3,17083,17286,"[31, 3, 20, 0, 18, 19, 27, 2, 21, 30, 5, 1, 6, 25, 4, 34, 23, 22, 28, 13, 16, 37, 11, 36, 24, 35, 8, 15, 9, 32, 10, 14, 33, 12, 29, 17, 7, 26]",1,1.0,0.05,0.09523809523809523,1.0,1,20,1,1
smd,group23_evaluation,machine-2-9,tranad_official,2,3,17083,17286,"[31, 3, 20, 0, 18, 19, 27, 2, 21, 30, 5, 1, 6, 25, 4, 34, 23, 22, 28, 13, 16, 37, 11, 36, 24, 35, 8, 15, 9, 32, 10, 14, 33, 12, 29, 17, 7, 26]",3,1.0,0.15,0.2608695652173913,1.0,1,20,3,3
smd,group23_evaluation,machine-2-9,tranad_official,2,3,17083,17286,"[31, 3, 20, 0, 18, 19, 27, 2, 21, 30, 5, 1, 6, 25, 4, 34, 23, 22, 28, 13, 16, 37, 11, 36, 24, 35, 8, 15, 9, 32, 10, 14, 33, 12, 29, 17, 7, 26]",5,1.0,0.25,0.4,1.0,1,20,5,5
smd,group23_evaluation,machine-2-9,tranad_official,2,4,17914,18096,"[9, 5, 6, 1, 37, 11, 18, 0, 4, 25, 26, 22, 29, 14, 34, 27, 12, 36, 8, 35, 23, 31, 13, 15, 10, 16, 2, 3, 33, 24, 20, 30, 21, 28, 19, 17, 7, 32]",1,0.0,0.0,0.0,0.0,0,5,1,0
smd,group23_evaluation,machine-2-9,tranad_official,2,4,17914,18096,"[9, 5, 6, 1, 37, 11, 18, 0, 4, 25, 26, 22, 29, 14, 34, 27, 12, 36, 8, 35, 23, 31, 13, 15, 10, 16, 2, 3, 33, 24, 20, 30, 21, 28, 19, 17, 7, 32]",3,0.0,0.0,0.0,0.0,0,5,3,0
smd,group23_evaluation,machine-2-9,tranad_official,2,4,17914,18096,"[9, 5, 6, 1, 37, 11, 18, 0, 4, 25, 26, 22, 29, 14, 34, 27, 12, 36, 8, 35, 23, 31, 13, 15, 10, 16, 2, 3, 33, 24, 20, 30, 21, 28, 19, 17, 7, 32]",5,0.0,0.0,0.0,0.0,0,5,5,0
smd,group23_evaluation,machine-2-9,tranad_official,2,5,19157,19501,"[9, 5, 6, 23, 25, 14, 36, 37, 4, 34, 1, 26, 35, 29, 22, 27, 11, 18, 31, 8, 0, 12, 15, 13, 21, 3, 24, 16, 10, 2, 33, 19, 30, 20, 7, 32, 17, 28]",1,1.0,0.1111111111111111,0.19999999999999998,1.0,1,9,1,1
smd,group23_evaluation,machine-2-9,tranad_official,2,5,19157,19501,"[9, 5, 6, 23, 25, 14, 36, 37, 4, 34, 1, 26, 35, 29, 22, 27, 11, 18, 31, 8, 0, 12, 15, 13, 21, 3, 24, 16, 10, 2, 33, 19, 30, 20, 7, 32, 17, 28]",3,0.3333333333333333,0.1111111111111111,0.16666666666666666,0.46927872602275644,1,9,3,1
smd,group23_evaluation,machine-2-9,tranad_official,2,5,19157,19501,"[9, 5, 6, 23, 25, 14, 36, 37, 4, 34, 1, 26, 35, 29, 22, 27, 11, 18, 31, 8, 0, 12, 15, 13, 21, 3, 24, 16, 10, 2, 33, 19, 30, 20, 7, 32, 17, 28]",5,0.2,0.1111111111111111,0.14285714285714285,0.3391602052736161,1,9,5,1
smd,group23_evaluation,machine-2-9,tranad_official,2,6,20615,20845,"[9, 5, 6, 1, 37, 11, 29, 14, 26, 4, 36, 18, 25, 12, 23, 35, 34, 0, 27, 22, 13, 31, 8, 15, 10, 2, 3, 33, 7, 24, 19, 20, 21, 30, 32, 17, 16, 28]",1,1.0,0.125,0.2222222222222222,1.0,1,8,1,1
smd,group23_evaluation,machine-2-9,tranad_official,2,6,20615,20845,"[9, 5, 6, 1, 37, 11, 29, 14, 26, 4, 36, 18, 25, 12, 23, 35, 34, 0, 27, 22, 13, 31, 8, 15, 10, 2, 3, 33, 7, 24, 19, 20, 21, 30, 32, 17, 16, 28]",3,0.3333333333333333,0.125,0.18181818181818182,0.46927872602275644,1,8,3,1
smd,group23_evaluation,machine-2-9,tranad_official,2,6,20615,20845,"[9, 5, 6, 1, 37, 11, 29, 14, 26, 4, 36, 18, 25, 12, 23, 35, 34, 0, 27, 22, 13, 31, 8, 15, 10, 2, 3, 33, 7, 24, 19, 20, 21, 30, 32, 17, 16, 28]",5,0.2,0.125,0.15384615384615385,0.3391602052736161,1,8,5,1
smd,group23_evaluation,machine-2-9,tranad_official,2,7,24475,24478,"[5, 6, 8, 12, 14, 13, 11, 23, 34, 2, 3, 15, 0, 10, 33, 1, 35, 19, 25, 27, 9, 22, 37, 26, 17, 21, 4, 36, 29, 18, 32, 20, 7, 30, 31, 16, 28, 24]",1,0.0,0.0,0.0,0.0,0,4,1,0
smd,group23_evaluation,machine-2-9,tranad_official,2,7,24475,24478,"[5, 6, 8, 12, 14, 13, 11, 23, 34, 2, 3, 15, 0, 10, 33, 1, 35, 19, 25, 27, 9, 22, 37, 26, 17, 21, 4, 36, 29, 18, 32, 20, 7, 30, 31, 16, 28, 24]",3,0.3333333333333333,0.25,0.28571428571428575,0.23463936301137822,1,4,3,1
smd,group23_evaluation,machine-2-9,tranad_official,2,7,24475,24478,"[5, 6, 8, 12, 14, 13, 11, 23, 34, 2, 3, 15, 0, 10, 33, 1, 35, 19, 25, 27, 9, 22, 37, 26, 17, 21, 4, 36, 29, 18, 32, 20, 7, 30, 31, 16, 28, 24]",5,0.6,0.75,0.6666666666666665,0.5143371794949736,1,4,5,3
smd,group23_evaluation,machine-2-9,tranad_official,2,8,25904,25906,"[5, 6, 13, 12, 8, 1, 14, 2, 23, 0, 11, 15, 3, 35, 10, 22, 33, 19, 20, 30, 21, 27, 25, 9, 37, 34, 18, 26, 4, 17, 29, 36, 32, 16, 7, 24, 28, 31]",1,0.0,0.0,0.0,0.0,0,4,1,0
smd,group23_evaluation,machine-2-9,tranad_official,2,8,25904,25906,"[5, 6, 13, 12, 8, 1, 14, 2, 23, 0, 11, 15, 3, 35, 10, 22, 33, 19, 20, 30, 21, 27, 25, 9, 37, 34, 18, 26, 4, 17, 29, 36, 32, 16, 7, 24, 28, 31]",3,0.3333333333333333,0.25,0.28571428571428575,0.23463936301137822,1,4,3,1
smd,group23_evaluation,machine-2-9,tranad_official,2,8,25904,25906,"[5, 6, 13, 12, 8, 1, 14, 2, 23, 0, 11, 15, 3, 35, 10, 22, 33, 19, 20, 30, 21, 27, 25, 9, 37, 34, 18, 26, 4, 17, 29, 36, 32, 16, 7, 24, 28, 31]",5,0.6,0.75,0.6666666666666665,0.5143371794949736,1,4,5,3
smd,group23_evaluation,machine-2-9,tranad_official,2,9,27356,27358,"[5, 6, 8, 12, 13, 14, 11, 35, 31, 2, 0, 34, 3, 23, 30, 20, 27, 1, 15, 21, 22, 10, 19, 18, 33, 25, 37, 9, 17, 26, 36, 29, 4, 32, 16, 7, 24, 28]",1,0.0,0.0,0.0,0.0,0,4,1,0
smd,group23_evaluation,machine-2-9,tranad_official,2,9,27356,27358,"[5, 6, 8, 12, 13, 14, 11, 35, 31, 2, 0, 34, 3, 23, 30, 20, 27, 1, 15, 21, 22, 10, 19, 18, 33, 25, 37, 9, 17, 26, 36, 29, 4, 32, 16, 7, 24, 28]",3,0.3333333333333333,0.25,0.28571428571428575,0.23463936301137822,1,4,3,1
smd,group23_evaluation,machine-2-9,tranad_official,2,9,27356,27358,"[5, 6, 8, 12, 13, 14, 11, 35, 31, 2, 0, 34, 3, 23, 30, 20, 27, 1, 15, 21, 22, 10, 19, 18, 33, 25, 37, 9, 17, 26, 36, 29, 4, 32, 16, 7, 24, 28]",5,0.6,0.75,0.6666666666666665,0.5143371794949736,1,4,5,3
smd,group23_evaluation,machine-3-1,tranad_official,0,0,1209,1240,"[25, 23, 22, 31, 18, 21, 27, 30, 20, 0, 34, 35, 3, 19, 10, 13, 1, 5, 15, 2, 7, 8, 6, 11, 32, 29, 4, 12, 24, 14, 37, 33, 26, 36, 28, 9, 17, 16]",1,1.0,0.08333333333333333,0.15384615384615385,1.0,1,12,1,1
smd,group23_evaluation,machine-3-1,tranad_official,0,0,1209,1240,"[25, 23, 22, 31, 18, 21, 27, 30, 20, 0, 34, 35, 3, 19, 10, 13, 1, 5, 15, 2, 7, 8, 6, 11, 32, 29, 4, 12, 24, 14, 37, 33, 26, 36, 28, 9, 17, 16]",3,1.0,0.25,0.4,1.0,1,12,3,3
smd,group23_evaluation,machine-3-1,tranad_official,0,0,1209,1240,"[25, 23, 22, 31, 18, 21, 27, 30, 20, 0, 34, 35, 3, 19, 10, 13, 1, 5, 15, 2, 7, 8, 6, 11, 32, 29, 4, 12, 24, 14, 37, 33, 26, 36, 28, 9, 17, 16]",5,1.0,0.4166666666666667,0.5882352941176471,1.0,1,12,5,5
smd,group23_evaluation,machine-3-1,tranad_official,0,1,5399,5530,"[26, 32, 2, 21, 31, 3, 30, 18, 20, 22, 0, 33, 19, 1, 25, 6, 23, 27, 10, 11, 35, 15, 34, 13, 5, 12, 8, 24, 14, 28, 9, 7, 17, 16, 4, 29, 37, 36]",1,1.0,0.3333333333333333,0.5,1.0,1,3,1,1
smd,group23_evaluation,machine-3-1,tranad_official,0,1,5399,5530,"[26, 32, 2, 21, 31, 3, 30, 18, 20, 22, 0, 33, 19, 1, 25, 6, 23, 27, 10, 11, 35, 15, 34, 13, 5, 12, 8, 24, 14, 28, 9, 7, 17, 16, 4, 29, 37, 36]",3,0.6666666666666666,0.6666666666666666,0.6666666666666666,0.7653606369886217,1,3,3,2
smd,group23_evaluation,machine-3-1,tranad_official,0,1,5399,5530,"[26, 32, 2, 21, 31, 3, 30, 18, 20, 22, 0, 33, 19, 1, 25, 6, 23, 27, 10, 11, 35, 15, 34, 13, 5, 12, 8, 24, 14, 28, 9, 7, 17, 16, 4, 29, 37, 36]",5,0.4,0.6666666666666666,0.5,0.7653606369886217,1,3,5,2
smd,group23_evaluation,machine-3-1,tranad_official,0,2,10696,10717,"[35, 34, 1, 3, 27, 18, 21, 2, 25, 0, 17, 37, 33, 10, 22, 23, 6, 20, 11, 30, 15, 7, 4, 19, 31, 13, 32, 12, 5, 8, 14, 24, 16, 28, 26, 9, 29, 36]",1,0.0,0.0,0.0,0.0,0,8,1,0
smd,group23_evaluation,machine-3-1,tranad_official,0,2,10696,10717,"[35, 34, 1, 3, 27, 18, 21, 2, 25, 0, 17, 37, 33, 10, 22, 23, 6, 20, 11, 30, 15, 7, 4, 19, 31, 13, 32, 12, 5, 8, 14, 24, 16, 28, 26, 9, 29, 36]",3,0.3333333333333333,0.125,0.18181818181818182,0.23463936301137822,1,8,3,1
smd,group23_evaluation,machine-3-1,tranad_official,0,2,10696,10717,"[35, 34, 1, 3, 27, 18, 21, 2, 25, 0, 17, 37, 33, 10, 22, 23, 6, 20, 11, 30, 15, 7, 4, 19, 31, 13, 32, 12, 5, 8, 14, 24, 16, 28, 26, 9, 29, 36]",5,0.4,0.25,0.3076923076923077,0.30078518014914984,1,8,5,2
smd,group23_evaluation,machine-3-1,tranad_official,0,3,27839,27964,"[35, 34, 3, 2, 1, 27, 20, 18, 30, 21, 0, 19, 23, 17, 37, 33, 7, 22, 10, 5, 31, 25, 11, 6, 13, 12, 15, 32, 8, 9, 14, 24, 29, 4, 16, 26, 28, 36]",1,1.0,0.06666666666666667,0.125,1.0,1,15,1,1
smd,group23_evaluation,machine-3-1,tranad_official,0,3,27839,27964,"[35, 34, 3, 2, 1, 27, 20, 18, 30, 21, 0, 19, 23, 17, 37, 33, 7, 22, 10, 5, 31, 25, 11, 6, 13, 12, 15, 32, 8, 9, 14, 24, 29, 4, 16, 26, 28, 36]",3,1.0,0.2,0.33333333333333337,1.0,1,15,3,3
smd,group23_evaluation,machine-3-1,tranad_official,0,3,27839,27964,"[35, 34, 3, 2, 1, 27, 20, 18, 30, 21, 0, 19, 23, 17, 37, 33, 7, 22, 10, 5, 31, 25, 11, 6, 13, 12, 15, 32, 8, 9, 14, 24, 29, 4, 16, 26, 28, 36]",5,1.0,0.3333333333333333,0.5,1.0,1,15,5,5
smd,group23_evaluation,machine-3-1,tranad_official,1,0,1209,1240,"[23, 25, 22, 31, 27, 21, 30, 18, 0, 20, 34, 35, 19, 3, 10, 13, 6, 1, 15, 8, 2, 5, 32, 11, 33, 12, 36, 14, 24, 9, 7, 28, 37, 16, 26, 4, 17, 29]",1,1.0,0.08333333333333333,0.15384615384615385,1.0,1,12,1,1
smd,group23_evaluation,machine-3-1,tranad_official,1,0,1209,1240,"[23, 25, 22, 31, 27, 21, 30, 18, 0, 20, 34, 35, 19, 3, 10, 13, 6, 1, 15, 8, 2, 5, 32, 11, 33, 12, 36, 14, 24, 9, 7, 28, 37, 16, 26, 4, 17, 29]",3,1.0,0.25,0.4,1.0,1,12,3,3
smd,group23_evaluation,machine-3-1,tranad_official,1,0,1209,1240,"[23, 25, 22, 31, 27, 21, 30, 18, 0, 20, 34, 35, 19, 3, 10, 13, 6, 1, 15, 8, 2, 5, 32, 11, 33, 12, 36, 14, 24, 9, 7, 28, 37, 16, 26, 4, 17, 29]",5,1.0,0.4166666666666667,0.5882352941176471,1.0,1,12,5,5
smd,group23_evaluation,machine-3-1,tranad_official,1,1,5399,5530,"[26, 5, 32, 3, 18, 30, 2, 20, 27, 21, 22, 33, 1, 19, 0, 6, 31, 10, 25, 13, 23, 35, 34, 15, 8, 12, 11, 24, 14, 36, 16, 9, 28, 29, 4, 17, 7, 37]",1,1.0,0.3333333333333333,0.5,1.0,1,3,1,1
smd,group23_evaluation,machine-3-1,tranad_official,1,1,5399,5530,"[26, 5, 32, 3, 18, 30, 2, 20, 27, 21, 22, 33, 1, 19, 0, 6, 31, 10, 25, 13, 23, 35, 34, 15, 8, 12, 11, 24, 14, 36, 16, 9, 28, 29, 4, 17, 7, 37]",3,0.6666666666666666,0.6666666666666666,0.6666666666666666,0.7039180890341347,1,3,3,2
smd,group23_evaluation,machine-3-1,tranad_official,1,1,5399,5530,"[26, 5, 32, 3, 18, 30, 2, 20, 27, 21, 22, 33, 1, 19, 0, 6, 31, 10, 25, 13, 23, 35, 34, 15, 8, 12, 11, 24, 14, 36, 16, 9, 28, 29, 4, 17, 7, 37]",5,0.4,0.6666666666666666,0.5,0.7039180890341347,1,3,5,2
smd,group23_evaluation,machine-3-1,tranad_official,1,2,10696,10717,"[34, 35, 3, 23, 2, 16, 4, 26, 29, 7, 1, 14, 8, 0, 37, 11, 10, 20, 32, 13, 5, 27, 6, 18, 33, 30, 21, 9, 19, 25, 28, 24, 31, 15, 22, 12, 36, 17]",1,0.0,0.0,0.0,0.0,0,8,1,0
smd,group23_evaluation,machine-3-1,tranad_official,1,2,10696,10717,"[34, 35, 3, 23, 2, 16, 4, 26, 29, 7, 1, 14, 8, 0, 37, 11, 10, 20, 32, 13, 5, 27, 6, 18, 33, 30, 21, 9, 19, 25, 28, 24, 31, 15, 22, 12, 36, 17]",3,0.0,0.0,0.0,0.0,0,8,3,0
smd,group23_evaluation,machine-3-1,tranad_official,1,2,10696,10717,"[34, 35, 3, 23, 2, 16, 4, 26, 29, 7, 1, 14, 8, 0, 37, 11, 10, 20, 32, 13, 5, 27, 6, 18, 33, 30, 21, 9, 19, 25, 28, 24, 31, 15, 22, 12, 36, 17]",5,0.0,0.0,0.0,0.0,0,8,5,0
smd,group23_evaluation,machine-3-1,tranad_official,1,3,27839,27964,"[34, 35, 3, 2, 1, 27, 20, 19, 18, 30, 0, 21, 23, 26, 4, 7, 29, 16, 25, 8, 37, 28, 11, 9, 24, 33, 32, 13, 12, 6, 10, 15, 14, 31, 22, 5, 17, 36]",1,1.0,0.06666666666666667,0.125,1.0,1,15,1,1
smd,group23_evaluation,machine-3-1,tranad_official,1,3,27839,27964,"[34, 35, 3, 2, 1, 27, 20, 19, 18, 30, 0, 21, 23, 26, 4, 7, 29, 16, 25, 8, 37, 28, 11, 9, 24, 33, 32, 13, 12, 6, 10, 15, 14, 31, 22, 5, 17, 36]",3,1.0,0.2,0.33333333333333337,1.0,1,15,3,3
smd,group23_evaluation,machine-3-1,tranad_official,1,3,27839,27964,"[34, 35, 3, 2, 1, 27, 20, 19, 18, 30, 0, 21, 23, 26, 4, 7, 29, 16, 25, 8, 37, 28, 11, 9, 24, 33, 32, 13, 12, 6, 10, 15, 14, 31, 22, 5, 17, 36]",5,1.0,0.3333333333333333,0.5,1.0,1,15,5,5
smd,group23_evaluation,machine-3-1,tranad_official,2,0,1209,1240,"[23, 25, 22, 21, 35, 31, 18, 30, 27, 34, 0, 20, 19, 10, 13, 3, 6, 15, 8, 5, 1, 2, 7, 24, 11, 32, 14, 33, 12, 37, 26, 17, 28, 36, 29, 16, 4, 9]",1,1.0,0.08333333333333333,0.15384615384615385,1.0,1,12,1,1
smd,group23_evaluation,machine-3-1,tranad_official,2,0,1209,1240,"[23, 25, 22, 21, 35, 31, 18, 30, 27, 34, 0, 20, 19, 10, 13, 3, 6, 15, 8, 5, 1, 2, 7, 24, 11, 32, 14, 33, 12, 37, 26, 17, 28, 36, 29, 16, 4, 9]",3,1.0,0.25,0.4,1.0,1,12,3,3
smd,group23_evaluation,machine-3-1,tranad_official,2,0,1209,1240,"[23, 25, 22, 21, 35, 31, 18, 30, 27, 34, 0, 20, 19, 10, 13, 3, 6, 15, 8, 5, 1, 2, 7, 24, 11, 32, 14, 33, 12, 37, 26, 17, 28, 36, 29, 16, 4, 9]",5,0.8,0.3333333333333333,0.47058823529411764,0.8687949224876582,1,12,5,4
smd,group23_evaluation,machine-3-1,tranad_official,2,1,5399,5530,"[26, 25, 14, 10, 7, 33, 35, 31, 32, 23, 37, 2, 30, 29, 18, 21, 0, 27, 20, 3, 34, 1, 19, 22, 17, 6, 28, 4, 9, 13, 15, 5, 8, 36, 12, 11, 24, 16]",1,1.0,0.3333333333333333,0.5,1.0,1,3,1,1
smd,group23_evaluation,machine-3-1,tranad_official,2,1,5399,5530,"[26, 25, 14, 10, 7, 33, 35, 31, 32, 23, 37, 2, 30, 29, 18, 21, 0, 27, 20, 3, 34, 1, 19, 22, 17, 6, 28, 4, 9, 13, 15, 5, 8, 36, 12, 11, 24, 16]",3,0.3333333333333333,0.3333333333333333,0.3333333333333333,0.46927872602275644,1,3,3,1
smd,group23_evaluation,machine-3-1,tranad_official,2,1,5399,5530,"[26, 25, 14, 10, 7, 33, 35, 31, 32, 23, 37, 2, 30, 29, 18, 21, 0, 27, 20, 3, 34, 1, 19, 22, 17, 6, 28, 4, 9, 13, 15, 5, 8, 36, 12, 11, 24, 16]",5,0.2,0.3333333333333333,0.25,0.46927872602275644,1,3,5,1
smd,group23_evaluation,machine-3-1,tranad_official,2,2,10696,10717,"[34, 35, 2, 0, 1, 3, 20, 27, 30, 21, 19, 23, 22, 6, 25, 18, 10, 31, 13, 32, 15, 11, 12, 5, 8, 14, 33, 24, 16, 9, 29, 36, 4, 37, 28, 17, 7, 26]",1,0.0,0.0,0.0,0.0,0,8,1,0
smd,group23_evaluation,machine-3-1,tranad_official,2,2,10696,10717,"[34, 35, 2, 0, 1, 3, 20, 27, 30, 21, 19, 23, 22, 6, 25, 18, 10, 31, 13, 32, 15, 11, 12, 5, 8, 14, 33, 24, 16, 9, 29, 36, 4, 37, 28, 17, 7, 26]",3,0.0,0.0,0.0,0.0,0,8,3,0
smd,group23_evaluation,machine-3-1,tranad_official,2,2,10696,10717,"[34, 35, 2, 0, 1, 3, 20, 27, 30, 21, 19, 23, 22, 6, 25, 18, 10, 31, 13, 32, 15, 11, 12, 5, 8, 14, 33, 24, 16, 9, 29, 36, 4, 37, 28, 17, 7, 26]",5,0.4,0.25,0.3076923076923077,0.27727342735504823,1,8,5,2
smd,group23_evaluation,machine-3-1,tranad_official,2,3,27839,27964,"[34, 35, 3, 2, 1, 27, 30, 0, 21, 19, 18, 20, 25, 23, 22, 6, 13, 10, 31, 12, 5, 32, 11, 8, 15, 9, 14, 24, 33, 29, 28, 16, 4, 36, 37, 17, 7, 26]",1,1.0,0.06666666666666667,0.125,1.0,1,15,1,1
smd,group23_evaluation,machine-3-1,tranad_official,2,3,27839,27964,"[34, 35, 3, 2, 1, 27, 30, 0, 21, 19, 18, 20, 25, 23, 22, 6, 13, 10, 31, 12, 5, 32, 11, 8, 15, 9, 14, 24, 33, 29, 28, 16, 4, 36, 37, 17, 7, 26]",3,1.0,0.2,0.33333333333333337,1.0,1,15,3,3
smd,group23_evaluation,machine-3-1,tranad_official,2,3,27839,27964,"[34, 35, 3, 2, 1, 27, 30, 0, 21, 19, 18, 20, 25, 23, 22, 6, 13, 10, 31, 12, 5, 32, 11, 8, 15, 9, 14, 24, 33, 29, 28, 16, 4, 36, 37, 17, 7, 26]",5,1.0,0.3333333333333333,0.5,1.0,1,15,5,5
smd,group23_evaluation,machine-3-10,tranad_official,0,0,326,329,"[33, 32, 5, 15, 0, 23, 34, 22, 25, 10, 30, 9, 11, 26, 17, 31, 4, 14, 21, 16, 28, 7, 6, 36, 29, 13, 37, 8, 1, 3, 20, 12, 24, 27, 35, 19, 18, 2]",1,1.0,0.5,0.6666666666666666,1.0,1,2,1,1
smd,group23_evaluation,machine-3-10,tranad_official,0,0,326,329,"[33, 32, 5, 15, 0, 23, 34, 22, 25, 10, 30, 9, 11, 26, 17, 31, 4, 14, 21, 16, 28, 7, 6, 36, 29, 13, 37, 8, 1, 3, 20, 12, 24, 27, 35, 19, 18, 2]",3,0.6666666666666666,1.0,0.8,1.0,1,2,3,2
smd,group23_evaluation,machine-3-10,tranad_official,0,0,326,329,"[33, 32, 5, 15, 0, 23, 34, 22, 25, 10, 30, 9, 11, 26, 17, 31, 4, 14, 21, 16, 28, 7, 6, 36, 29, 13, 37, 8, 1, 3, 20, 12, 24, 27, 35, 19, 18, 2]",5,0.4,1.0,0.5714285714285715,1.0,1,2,5,2
smd,group23_evaluation,machine-3-10,tranad_official,0,1,2155,2228,"[5, 12, 34, 13, 14, 23, 11, 24, 3, 9, 26, 25, 31, 33, 15, 4, 17, 2, 7, 32, 16, 28, 29, 10, 8, 30, 36, 37, 6, 18, 0, 1, 22, 19, 21, 27, 35, 20]",1,0.0,0.0,0.0,0.0,0,5,1,0
smd,group23_evaluation,machine-3-10,tranad_official,0,1,2155,2228,"[5, 12, 34, 13, 14, 23, 11, 24, 3, 9, 26, 25, 31, 33, 15, 4, 17, 2, 7, 32, 16, 28, 29, 10, 8, 30, 36, 37, 6, 18, 0, 1, 22, 19, 21, 27, 35, 20]",3,0.3333333333333333,0.2,0.25,0.2960819109658652,1,5,3,1
smd,group23_evaluation,machine-3-10,tranad_official,0,1,2155,2228,"[5, 12, 34, 13, 14, 23, 11, 24, 3, 9, 26, 25, 31, 33, 15, 4, 17, 2, 7, 32, 16, 28, 29, 10, 8, 30, 36, 37, 6, 18, 0, 1, 22, 19, 21, 27, 35, 20]",5,0.6,0.6,0.6,0.4912596920895758,1,5,5,3
smd,group23_evaluation,machine-3-10,tranad_official,0,2,2875,2951,"[5, 15, 34, 0, 23, 10, 30, 33, 9, 25, 26, 11, 22, 17, 31, 4, 21, 16, 7, 32, 28, 24, 12, 36, 6, 1, 37, 14, 35, 8, 20, 29, 27, 3, 19, 2, 13, 18]",1,0.0,0.0,0.0,0.0,0,8,1,0
smd,group23_evaluation,machine-3-10,tranad_official,0,2,2875,2951,"[5, 15, 34, 0, 23, 10, 30, 33, 9, 25, 26, 11, 22, 17, 31, 4, 21, 16, 7, 32, 28, 24, 12, 36, 6, 1, 37, 14, 35, 8, 20, 29, 27, 3, 19, 2, 13, 18]",3,0.3333333333333333,0.125,0.18181818181818182,0.23463936301137822,1,8,3,1
smd,group23_evaluation,machine-3-10,tranad_official,0,2,2875,2951,"[5, 15, 34, 0, 23, 10, 30, 33, 9, 25, 26, 11, 22, 17, 31, 4, 21, 16, 7, 32, 28, 24, 12, 36, 6, 1, 37, 14, 35, 8, 20, 29, 27, 3, 19, 2, 13, 18]",5,0.2,0.125,0.15384615384615385,0.16958010263680806,1,8,5,1
smd,group23_evaluation,machine-3-10,tranad_official,0,3,3596,3599,"[5, 12, 13, 14, 34, 15, 23, 11, 3, 9, 8, 26, 17, 31, 4, 30, 25, 24, 7, 29, 32, 16, 28, 22, 2, 36, 1, 0, 6, 37, 21, 18, 33, 35, 10, 27, 19, 20]",1,0.0,0.0,0.0,0.0,0,5,1,0
smd,group23_evaluation,machine-3-10,tranad_official,0,3,3596,3599,"[5, 12, 13, 14, 34, 15, 23, 11, 3, 9, 8, 26, 17, 31, 4, 30, 25, 24, 7, 29, 32, 16, 28, 22, 2, 36, 1, 0, 6, 37, 21, 18, 33, 35, 10, 27, 19, 20]",3,0.6666666666666666,0.4,0.5,0.5307212739772434,1,5,3,2
smd,group23_evaluation,machine-3-10,tranad_official,0,3,3596,3599,"[5, 12, 13, 14, 34, 15, 23, 11, 3, 9, 8, 26, 17, 31, 4, 30, 25, 24, 7, 29, 32, 16, 28, 22, 2, 36, 1, 0, 6, 37, 21, 18, 33, 35, 10, 27, 19, 20]",5,0.6,0.6,0.6,0.5296347172140421,1,5,5,3
smd,group23_evaluation,machine-3-10,tranad_official,0,4,6486,6498,"[5, 12, 13, 0, 34, 23, 9, 15, 26, 3, 33, 24, 31, 17, 4, 14, 25, 2, 7, 32, 6, 16, 28, 30, 11, 8, 36, 37, 29, 18, 10, 35, 1, 22, 27, 21, 19, 20]",1,0.0,0.0,0.0,0.0,0,4,1,0
smd,group23_evaluation,machine-3-10,tranad_official,0,4,6486,6498,"[5, 12, 13, 0, 34, 23, 9, 15, 26, 3, 33, 24, 31, 17, 4, 14, 25, 2, 7, 32, 6, 16, 28, 30, 11, 8, 36, 37, 29, 18, 10, 35, 1, 22, 27, 21, 19, 20]",3,0.6666666666666666,0.5,0.5714285714285715,0.5307212739772434,1,4,3,2
smd,group23_evaluation,machine-3-10,tranad_official,0,4,6486,6498,"[5, 12, 13, 0, 34, 23, 9, 15, 26, 3, 33, 24, 31, 17, 4, 14, 25, 2, 7, 32, 6, 16, 28, 30, 11, 8, 36, 37, 29, 18, 10, 35, 1, 22, 27, 21, 19, 20]",5,0.4,0.5,0.4444444444444445,0.44149241373678083,1,4,5,2
smd,group23_evaluation,machine-3-10,tranad_official,0,5,7891,7901,"[5, 12, 13, 15, 34, 0, 23, 14, 9, 25, 30, 26, 33, 17, 4, 31, 10, 11, 8, 7, 32, 22, 6, 16, 28, 36, 3, 21, 37, 29, 1, 18, 35, 24, 20, 2, 27, 19]",1,0.0,0.0,0.0,0.0,0,4,1,0
smd,group23_evaluation,machine-3-10,tranad_official,0,5,7891,7901,"[5, 12, 13, 15, 34, 0, 23, 14, 9, 25, 30, 26, 33, 17, 4, 31, 10, 11, 8, 7, 32, 22, 6, 16, 28, 36, 3, 21, 37, 29, 1, 18, 35, 24, 20, 2, 27, 19]",3,0.6666666666666666,0.5,0.5714285714285715,0.5307212739772434,1,4,3,2
smd,group23_evaluation,machine-3-10,tranad_official,0,5,7891,7901,"[5, 12, 13, 15, 34, 0, 23, 14, 9, 25, 30, 26, 33, 17, 4, 31, 10, 11, 8, 7, 32, 22, 6, 16, 28, 36, 3, 21, 37, 29, 1, 18, 35, 24, 20, 2, 27, 19]",5,0.4,0.5,0.4444444444444445,0.44149241373678083,1,4,5,2
smd,group23_evaluation,machine-3-10,tranad_official,0,6,9336,9347,"[5, 12, 13, 15, 34, 0, 14, 23, 9, 25, 30, 26, 33, 17, 4, 22, 31, 10, 11, 6, 7, 32, 16, 28, 36, 8, 37, 21, 29, 1, 3, 24, 18, 35, 20, 2, 19, 27]",1,0.0,0.0,0.0,0.0,0,4,1,0
smd,group23_evaluation,machine-3-10,tranad_official,0,6,9336,9347,"[5, 12, 13, 15, 34, 0, 14, 23, 9, 25, 30, 26, 33, 17, 4, 22, 31, 10, 11, 6, 7, 32, 16, 28, 36, 8, 37, 21, 29, 1, 3, 24, 18, 35, 20, 2, 19, 27]",3,0.6666666666666666,0.5,0.5714285714285715,0.5307212739772434,1,4,3,2
smd,group23_evaluation,machine-3-10,tranad_official,0,6,9336,9347,"[5, 12, 13, 15, 34, 0, 14, 23, 9, 25, 30, 26, 33, 17, 4, 22, 31, 10, 11, 6, 7, 32, 16, 28, 36, 8, 37, 21, 29, 1, 3, 24, 18, 35, 20, 2, 19, 27]",5,0.4,0.5,0.4444444444444445,0.44149241373678083,1,4,5,2
smd,group23_evaluation,machine-3-10,tranad_official,0,7,10772,10782,"[5, 12, 13, 15, 34, 0, 23, 14, 9, 25, 30, 26, 33, 22, 10, 17, 11, 4, 31, 6, 7, 32, 8, 16, 28, 36, 37, 3, 29, 21, 18, 24, 1, 2, 35, 20, 27, 19]",1,0.0,0.0,0.0,0.0,0,4,1,0
smd,group23_evaluation,machine-3-10,tranad_official,0,7,10772,10782,"[5, 12, 13, 15, 34, 0, 23, 14, 9, 25, 30, 26, 33, 22, 10, 17, 11, 4, 31, 6, 7, 32, 8, 16, 28, 36, 37, 3, 29, 21, 18, 24, 1, 2, 35, 20, 27, 19]",3,0.6666666666666666,0.5,0.5714285714285715,0.5307212739772434,1,4,3,2
smd,group23_evaluation,machine-3-10,tranad_official,0,7,10772,10782,"[5, 12, 13, 15, 34, 0, 23, 14, 9, 25, 30, 26, 33, 22, 10, 17, 11, 4, 31, 6, 7, 32, 8, 16, 28, 36, 37, 3, 29, 21, 18, 24, 1, 2, 35, 20, 27, 19]",5,0.4,0.5,0.4444444444444445,0.44149241373678083,1,4,5,2
smd,group23_evaluation,machine-3-10,tranad_official,0,8,12219,12228,"[5, 12, 13, 34, 14, 15, 0, 23, 9, 26, 33, 30, 25, 17, 11, 4, 31, 6, 7, 32, 3, 8, 16, 28, 22, 36, 10, 29, 37, 21, 2, 18, 35, 24, 1, 20, 19, 27]",1,0.0,0.0,0.0,0.0,0,4,1,0
smd,group23_evaluation,machine-3-10,tranad_official,0,8,12219,12228,"[5, 12, 13, 34, 14, 15, 0, 23, 9, 26, 33, 30, 25, 17, 11, 4, 31, 6, 7, 32, 3, 8, 16, 28, 22, 36, 10, 29, 37, 21, 2, 18, 35, 24, 1, 20, 19, 27]",3,0.6666666666666666,0.5,0.5714285714285715,0.5307212739772434,1,4,3,2
smd,group23_evaluation,machine-3-10,tranad_official,0,8,12219,12228,"[5, 12, 13, 34, 14, 15, 0, 23, 9, 26, 33, 30, 25, 17, 11, 4, 31, 6, 7, 32, 3, 8, 16, 28, 22, 36, 10, 29, 37, 21, 2, 18, 35, 24, 1, 20, 19, 27]",5,0.4,0.5,0.4444444444444445,0.44149241373678083,1,4,5,2
smd,group23_evaluation,machine-3-10,tranad_official,0,9,13148,13441,"[2, 1, 3, 15, 10, 0, 24, 23, 22, 5, 34, 30, 25, 33, 17, 11, 6, 7, 9, 13, 4, 20, 32, 21, 37, 26, 16, 31, 12, 36, 27, 28, 19, 29, 14, 35, 8, 18]",1,1.0,0.05263157894736842,0.1,1.0,1,19,1,1
smd,group23_evaluation,machine-3-10,tranad_official,0,9,13148,13441,"[2, 1, 3, 15, 10, 0, 24, 23, 22, 5, 34, 30, 25, 33, 17, 11, 6, 7, 9, 13, 4, 20, 32, 21, 37, 26, 16, 31, 12, 36, 27, 28, 19, 29, 14, 35, 8, 18]",3,1.0,0.15789473684210525,0.2727272727272727,1.0,1,19,3,3
smd,group23_evaluation,machine-3-10,tranad_official,0,9,13148,13441,"[2, 1, 3, 15, 10, 0, 24, 23, 22, 5, 34, 30, 25, 33, 17, 11, 6, 7, 9, 13, 4, 20, 32, 21, 37, 26, 16, 31, 12, 36, 27, 28, 19, 29, 14, 35, 8, 18]",5,1.0,0.2631578947368421,0.4166666666666667,1.0,1,19,5,5
smd,group23_evaluation,machine-3-10,tranad_official,0,10,14655,14673,"[6, 5, 29, 25, 15, 34, 23, 10, 13, 12, 11, 2, 26, 21, 0, 3, 35, 31, 33, 9, 27, 16, 24, 4, 7, 17, 8, 30, 20, 36, 28, 22, 19, 32, 37, 18, 14, 1]",1,1.0,0.08333333333333333,0.15384615384615385,1.0,1,12,1,1
smd,group23_evaluation,machine-3-10,tranad_official,0,10,14655,14673,"[6, 5, 29, 25, 15, 34, 23, 10, 13, 12, 11, 2, 26, 21, 0, 3, 35, 31, 33, 9, 27, 16, 24, 4, 7, 17, 8, 30, 20, 36, 28, 22, 19, 32, 37, 18, 14, 1]",3,1.0,0.25,0.4,1.0,1,12,3,3
smd,group23_evaluation,machine-3-10,tranad_official,0,10,14655,14673,"[6, 5, 29, 25, 15, 34, 23, 10, 13, 12, 11, 2, 26, 21, 0, 3, 35, 31, 33, 9, 27, 16, 24, 4, 7, 17, 8, 30, 20, 36, 28, 22, 19, 32, 37, 18, 14, 1]",5,0.8,0.3333333333333333,0.47058823529411764,0.8687949224876582,1,12,5,4
smd,group23_evaluation,machine-3-10,tranad_official,0,11,21500,21601,"[24, 10, 15, 6, 22, 1, 3, 25, 0, 2, 11, 30, 5, 35, 26, 21, 33, 36, 13, 12, 23, 16, 27, 34, 7, 29, 4, 31, 37, 8, 17, 20, 9, 28, 32, 19, 18, 14]",1,1.0,0.07142857142857142,0.13333333333333333,1.0,1,14,1,1
smd,group23_evaluation,machine-3-10,tranad_official,0,11,21500,21601,"[24, 10, 15, 6, 22, 1, 3, 25, 0, 2, 11, 30, 5, 35, 26, 21, 33, 36, 13, 12, 23, 16, 27, 34, 7, 29, 4, 31, 37, 8, 17, 20, 9, 28, 32, 19, 18, 14]",3,1.0,0.21428571428571427,0.35294117647058826,1.0,1,14,3,3
smd,group23_evaluation,machine-3-10,tranad_official,0,11,21500,21601,"[24, 10, 15, 6, 22, 1, 3, 25, 0, 2, 11, 30, 5, 35, 26, 21, 33, 36, 13, 12, 23, 16, 27, 34, 7, 29, 4, 31, 37, 8, 17, 20, 9, 28, 32, 19, 18, 14]",5,0.8,0.2857142857142857,0.4210526315789473,0.8539316501572937,1,14,5,4
smd,group23_evaluation,machine-3-10,tranad_official,0,12,21785,22213,"[24, 10, 15, 6, 25, 22, 1, 3, 0, 2, 11, 23, 30, 21, 35, 5, 12, 26, 36, 33, 13, 27, 16, 19, 7, 29, 34, 4, 18, 37, 8, 31, 20, 17, 28, 9, 32, 14]",1,1.0,0.07142857142857142,0.13333333333333333,1.0,1,14,1,1
smd,group23_evaluation,machine-3-10,tranad_official,0,12,21785,22213,"[24, 10, 15, 6, 25, 22, 1, 3, 0, 2, 11, 23, 30, 21, 35, 5, 12, 26, 36, 33, 13, 27, 16, 19, 7, 29, 34, 4, 18, 37, 8, 31, 20, 17, 28, 9, 32, 14]",3,1.0,0.21428571428571427,0.35294117647058826,1.0,1,14,3,3
smd,group23_evaluation,machine-3-10,tranad_official,0,12,21785,22213,"[24, 10, 15, 6, 25, 22, 1, 3, 0, 2, 11, 23, 30, 21, 35, 5, 12, 26, 36, 33, 13, 27, 16, 19, 7, 29, 34, 4, 18, 37, 8, 31, 20, 17, 28, 9, 32, 14]",5,0.6,0.21428571428571427,0.3157894736842105,0.7227265726449519,1,14,5,3
smd,group23_evaluation,machine-3-10,tranad_official,1,0,326,329,"[33, 32, 5, 24, 10, 14, 12, 22, 6, 36, 2, 30, 8, 3, 21, 16, 4, 37, 13, 11, 17, 28, 29, 31, 7, 9, 27, 20, 19, 1, 26, 23, 25, 15, 0, 34, 35, 18]",1,1.0,0.5,0.6666666666666666,1.0,1,2,1,1
smd,group23_evaluation,machine-3-10,tranad_official,1,0,326,329,"[33, 32, 5, 24, 10, 14, 12, 22, 6, 36, 2, 30, 8, 3, 21, 16, 4, 37, 13, 11, 17, 28, 29, 31, 7, 9, 27, 20, 19, 1, 26, 23, 25, 15, 0, 34, 35, 18]",3,0.6666666666666666,1.0,0.8,1.0,1,2,3,2
smd,group23_evaluation,machine-3-10,tranad_official,1,0,326,329,"[33, 32, 5, 24, 10, 14, 12, 22, 6, 36, 2, 30, 8, 3, 21, 16, 4, 37, 13, 11, 17, 28, 29, 31, 7, 9, 27, 20, 19, 1, 26, 23, 25, 15, 0, 34, 35, 18]",5,0.4,1.0,0.5714285714285715,1.0,1,2,5,2
smd,group23_evaluation,machine-3-10,tranad_official,1,1,2155,2228,"[5, 12, 13, 0, 15, 11, 14, 33, 6, 1, 16, 32, 36, 29, 37, 8, 23, 4, 17, 28, 22, 7, 31, 34, 9, 26, 20, 10, 24, 3, 2, 25, 30, 18, 21, 27, 19, 35]",1,0.0,0.0,0.0,0.0,0,5,1,0
smd,group23_evaluation,machine-3-10,tranad_official,1,1,2155,2228,"[5, 12, 13, 0, 15, 11, 14, 33, 6, 1, 16, 32, 36, 29, 37, 8, 23, 4, 17, 28, 22, 7, 31, 34, 9, 26, 20, 10, 24, 3, 2, 25, 30, 18, 21, 27, 19, 35]",3,0.6666666666666666,0.4,0.5,0.5307212739772434,1,5,3,2
smd,group23_evaluation,machine-3-10,tranad_official,1,1,2155,2228,"[5, 12, 13, 0, 15, 11, 14, 33, 6, 1, 16, 32, 36, 29, 37, 8, 23, 4, 17, 28, 22, 7, 31, 34, 9, 26, 20, 10, 24, 3, 2, 25, 30, 18, 21, 27, 19, 35]",5,0.4,0.4,0.4000000000000001,0.38356636737133565,1,5,5,2
smd,group23_evaluation,machine-3-10,tranad_official,1,2,2875,2951,"[5, 34, 10, 6, 24, 33, 32, 12, 2, 14, 36, 21, 8, 16, 4, 30, 37, 0, 27, 13, 17, 28, 11, 3, 19, 7, 29, 1, 31, 9, 35, 26, 20, 15, 22, 18, 23, 25]",1,0.0,0.0,0.0,0.0,0,8,1,0
smd,group23_evaluation,machine-3-10,tranad_official,1,2,2875,2951,"[5, 34, 10, 6, 24, 33, 32, 12, 2, 14, 36, 21, 8, 16, 4, 30, 37, 0, 27, 13, 17, 28, 11, 3, 19, 7, 29, 1, 31, 9, 35, 26, 20, 15, 22, 18, 23, 25]",3,0.3333333333333333,0.125,0.18181818181818182,0.2960819109658652,1,8,3,1
smd,group23_evaluation,machine-3-10,tranad_official,1,2,2875,2951,"[5, 34, 10, 6, 24, 33, 32, 12, 2, 14, 36, 21, 8, 16, 4, 30, 37, 0, 27, 13, 17, 28, 11, 3, 19, 7, 29, 1, 31, 9, 35, 26, 20, 15, 22, 18, 23, 25]",5,0.2,0.125,0.15384615384615385,0.21398626473452756,1,8,5,1
smd,group23_evaluation,machine-3-10,tranad_official,1,3,3596,3599,"[5, 12, 13, 14, 0, 11, 15, 6, 8, 16, 32, 36, 23, 34, 29, 37, 33, 17, 4, 28, 7, 1, 24, 31, 9, 26, 22, 2, 10, 21, 25, 20, 27, 30, 19, 3, 18, 35]",1,0.0,0.0,0.0,0.0,0,5,1,0
smd,group23_evaluation,machine-3-10,tranad_official,1,3,3596,3599,"[5, 12, 13, 14, 0, 11, 15, 6, 8, 16, 32, 36, 23, 34, 29, 37, 33, 17, 4, 28, 7, 1, 24, 31, 9, 26, 22, 2, 10, 21, 25, 20, 27, 30, 19, 3, 18, 35]",3,0.6666666666666666,0.4,0.5,0.5307212739772434,1,5,3,2
smd,group23_evaluation,machine-3-10,tranad_official,1,3,3596,3599,"[5, 12, 13, 14, 0, 11, 15, 6, 8, 16, 32, 36, 23, 34, 29, 37, 33, 17, 4, 28, 7, 1, 24, 31, 9, 26, 22, 2, 10, 21, 25, 20, 27, 30, 19, 3, 18, 35]",5,0.6,0.6,0.6,0.5296347172140421,1,5,5,3
smd,group23_evaluation,machine-3-10,tranad_official,1,4,6486,6498,"[5, 12, 13, 33, 15, 0, 6, 14, 1, 32, 16, 36, 23, 8, 37, 29, 17, 4, 28, 7, 11, 31, 22, 9, 26, 20, 25, 24, 34, 2, 10, 35, 18, 27, 3, 21, 30, 19]",1,0.0,0.0,0.0,0.0,0,4,1,0
smd,group23_evaluation,machine-3-10,tranad_official,1,4,6486,6498,"[5, 12, 13, 33, 15, 0, 6, 14, 1, 32, 16, 36, 23, 8, 37, 29, 17, 4, 28, 7, 11, 31, 22, 9, 26, 20, 25, 24, 34, 2, 10, 35, 18, 27, 3, 21, 30, 19]",3,0.6666666666666666,0.5,0.5714285714285715,0.5307212739772434,1,4,3,2
smd,group23_evaluation,machine-3-10,tranad_official,1,4,6486,6498,"[5, 12, 13, 33, 15, 0, 6, 14, 1, 32, 16, 36, 23, 8, 37, 29, 17, 4, 28, 7, 11, 31, 22, 9, 26, 20, 25, 24, 34, 2, 10, 35, 18, 27, 3, 21, 30, 19]",5,0.4,0.5,0.4444444444444445,0.44149241373678083,1,4,5,2
smd,group23_evaluation,machine-3-10,tranad_official,1,5,7891,7901,"[5, 12, 13, 33, 14, 6, 10, 32, 24, 0, 11, 36, 8, 16, 2, 34, 37, 17, 4, 29, 28, 7, 15, 1, 31, 21, 9, 27, 3, 26, 30, 23, 19, 25, 22, 35, 18, 20]",1,0.0,0.0,0.0,0.0,0,4,1,0
smd,group23_evaluation,machine-3-10,tranad_official,1,5,7891,7901,"[5, 12, 13, 33, 14, 6, 10, 32, 24, 0, 11, 36, 8, 16, 2, 34, 37, 17, 4, 29, 28, 7, 15, 1, 31, 21, 9, 27, 3, 26, 30, 23, 19, 25, 22, 35, 18, 20]",3,0.6666666666666666,0.5,0.5714285714285715,0.5307212739772434,1,4,3,2
smd,group23_evaluation,machine-3-10,tranad_official,1,5,7891,7901,"[5, 12, 13, 33, 14, 6, 10, 32, 24, 0, 11, 36, 8, 16, 2, 34, 37, 17, 4, 29, 28, 7, 15, 1, 31, 21, 9, 27, 3, 26, 30, 23, 19, 25, 22, 35, 18, 20]",5,0.4,0.5,0.4444444444444445,0.44149241373678083,1,4,5,2
smd,group23_evaluation,machine-3-10,tranad_official,1,6,9336,9347,"[5, 12, 13, 14, 33, 10, 6, 32, 24, 0, 11, 2, 36, 16, 34, 29, 37, 17, 4, 8, 3, 28, 7, 15, 31, 21, 9, 27, 1, 23, 26, 30, 19, 25, 22, 20, 35, 18]",1,0.0,0.0,0.0,0.0,0,4,1,0
smd,group23_evaluation,machine-3-10,tranad_official,1,6,9336,9347,"[5, 12, 13, 14, 33, 10, 6, 32, 24, 0, 11, 2, 36, 16, 34, 29, 37, 17, 4, 8, 3, 28, 7, 15, 31, 21, 9, 27, 1, 23, 26, 30, 19, 25, 22, 20, 35, 18]",3,0.6666666666666666,0.5,0.5714285714285715,0.5307212739772434,1,4,3,2
smd,group23_evaluation,machine-3-10,tranad_official,1,6,9336,9347,"[5, 12, 13, 14, 33, 10, 6, 32, 24, 0, 11, 2, 36, 16, 34, 29, 37, 17, 4, 8, 3, 28, 7, 15, 31, 21, 9, 27, 1, 23, 26, 30, 19, 25, 22, 20, 35, 18]",5,0.4,0.5,0.4444444444444445,0.44149241373678083,1,4,5,2
smd,group23_evaluation,machine-3-10,tranad_official,1,7,10772,10782,"[5, 12, 13, 33, 14, 10, 6, 24, 32, 11, 36, 16, 34, 8, 2, 37, 17, 4, 0, 29, 1, 28, 7, 31, 21, 3, 9, 27, 26, 15, 30, 25, 19, 22, 23, 18, 35, 20]",1,0.0,0.0,0.0,0.0,0,4,1,0
smd,group23_evaluation,machine-3-10,tranad_official,1,7,10772,10782,"[5, 12, 13, 33, 14, 10, 6, 24, 32, 11, 36, 16, 34, 8, 2, 37, 17, 4, 0, 29, 1, 28, 7, 31, 21, 3, 9, 27, 26, 15, 30, 25, 19, 22, 23, 18, 35, 20]",3,0.6666666666666666,0.5,0.5714285714285715,0.5307212739772434,1,4,3,2
smd,group23_evaluation,machine-3-10,tranad_official,1,7,10772,10782,"[5, 12, 13, 33, 14, 10, 6, 24, 32, 11, 36, 16, 34, 8, 2, 37, 17, 4, 0, 29, 1, 28, 7, 31, 21, 3, 9, 27, 26, 15, 30, 25, 19, 22, 23, 18, 35, 20]",5,0.4,0.5,0.4444444444444445,0.44149241373678083,1,4,5,2
smd,group23_evaluation,machine-3-10,tranad_official,1,8,12219,12228,"[5, 12, 13, 14, 33, 6, 11, 32, 0, 36, 16, 10, 34, 15, 8, 24, 37, 17, 1, 4, 29, 28, 7, 31, 23, 2, 9, 26, 21, 27, 22, 30, 3, 19, 25, 20, 18, 35]",1,0.0,0.0,0.0,0.0,0,4,1,0
smd,group23_evaluation,machine-3-10,tranad_official,1,8,12219,12228,"[5, 12, 13, 14, 33, 6, 11, 32, 0, 36, 16, 10, 34, 15, 8, 24, 37, 17, 1, 4, 29, 28, 7, 31, 23, 2, 9, 26, 21, 27, 22, 30, 3, 19, 25, 20, 18, 35]",3,0.6666666666666666,0.5,0.5714285714285715,0.5307212739772434,1,4,3,2
smd,group23_evaluation,machine-3-10,tranad_official,1,8,12219,12228,"[5, 12, 13, 14, 33, 6, 11, 32, 0, 36, 16, 10, 34, 15, 8, 24, 37, 17, 1, 4, 29, 28, 7, 31, 23, 2, 9, 26, 21, 27, 22, 30, 3, 19, 25, 20, 18, 35]",5,0.4,0.5,0.4444444444444445,0.44149241373678083,1,4,5,2
smd,group23_evaluation,machine-3-10,tranad_official,1,9,13148,13441,"[2, 3, 1, 10, 5, 15, 24, 0, 34, 12, 21, 22, 13, 23, 25, 27, 33, 32, 6, 8, 20, 11, 30, 29, 19, 36, 4, 37, 14, 7, 17, 28, 16, 18, 26, 35, 31, 9]",1,1.0,0.05263157894736842,0.1,1.0,1,19,1,1
smd,group23_evaluation,machine-3-10,tranad_official,1,9,13148,13441,"[2, 3, 1, 10, 5, 15, 24, 0, 34, 12, 21, 22, 13, 23, 25, 27, 33, 32, 6, 8, 20, 11, 30, 29, 19, 36, 4, 37, 14, 7, 17, 28, 16, 18, 26, 35, 31, 9]",3,1.0,0.15789473684210525,0.2727272727272727,1.0,1,19,3,3
smd,group23_evaluation,machine-3-10,tranad_official,1,9,13148,13441,"[2, 3, 1, 10, 5, 15, 24, 0, 34, 12, 21, 22, 13, 23, 25, 27, 33, 32, 6, 8, 20, 11, 30, 29, 19, 36, 4, 37, 14, 7, 17, 28, 16, 18, 26, 35, 31, 9]",5,0.8,0.21052631578947367,0.3333333333333333,0.8687949224876582,1,19,5,4
smd,group23_evaluation,machine-3-10,tranad_official,1,10,14655,14673,"[6, 5, 25, 29, 0, 34, 10, 23, 33, 24, 12, 15, 1, 13, 14, 36, 35, 30, 3, 8, 28, 32, 4, 18, 21, 27, 11, 16, 7, 17, 37, 20, 9, 31, 19, 2, 26, 22]",1,1.0,0.08333333333333333,0.15384615384615385,1.0,1,12,1,1
smd,group23_evaluation,machine-3-10,tranad_official,1,10,14655,14673,"[6, 5, 25, 29, 0, 34, 10, 23, 33, 24, 12, 15, 1, 13, 14, 36, 35, 30, 3, 8, 28, 32, 4, 18, 21, 27, 11, 16, 7, 17, 37, 20, 9, 31, 19, 2, 26, 22]",3,1.0,0.25,0.4,1.0,1,12,3,3
smd,group23_evaluation,machine-3-10,tranad_official,1,10,14655,14673,"[6, 5, 25, 29, 0, 34, 10, 23, 33, 24, 12, 15, 1, 13, 14, 36, 35, 30, 3, 8, 28, 32, 4, 18, 21, 27, 11, 16, 7, 17, 37, 20, 9, 31, 19, 2, 26, 22]",5,0.8,0.3333333333333333,0.47058823529411764,0.8687949224876582,1,12,5,4
smd,group23_evaluation,machine-3-10,tranad_official,1,11,21500,21601,"[10, 15, 24, 22, 2, 6, 1, 25, 0, 5, 3, 34, 18, 21, 8, 11, 32, 23, 4, 36, 20, 35, 30, 28, 27, 13, 12, 19, 29, 14, 33, 7, 16, 37, 26, 9, 17, 31]",1,1.0,0.07142857142857142,0.13333333333333333,1.0,1,14,1,1
smd,group23_evaluation,machine-3-10,tranad_official,1,11,21500,21601,"[10, 15, 24, 22, 2, 6, 1, 25, 0, 5, 3, 34, 18, 21, 8, 11, 32, 23, 4, 36, 20, 35, 30, 28, 27, 13, 12, 19, 29, 14, 33, 7, 16, 37, 26, 9, 17, 31]",3,1.0,0.21428571428571427,0.35294117647058826,1.0,1,14,3,3
smd,group23_evaluation,machine-3-10,tranad_official,1,11,21500,21601,"[10, 15, 24, 22, 2, 6, 1, 25, 0, 5, 3, 34, 18, 21, 8, 11, 32, 23, 4, 36, 20, 35, 30, 28, 27, 13, 12, 19, 29, 14, 33, 7, 16, 37, 26, 9, 17, 31]",5,1.0,0.35714285714285715,0.5263157894736842,1.0,1,14,5,5
smd,group23_evaluation,machine-3-10,tranad_official,1,12,21785,22213,"[10, 15, 24, 22, 2, 25, 1, 6, 18, 3, 5, 0, 34, 11, 8, 21, 32, 30, 35, 23, 4, 27, 36, 20, 28, 13, 29, 19, 12, 14, 33, 7, 37, 26, 16, 9, 17, 31]",1,1.0,0.07142857142857142,0.13333333333333333,1.0,1,14,1,1
smd,group23_evaluation,machine-3-10,tranad_official,1,12,21785,22213,"[10, 15, 24, 22, 2, 25, 1, 6, 18, 3, 5, 0, 34, 11, 8, 21, 32, 30, 35, 23, 4, 27, 36, 20, 28, 13, 29, 19, 12, 14, 33, 7, 37, 26, 16, 9, 17, 31]",3,1.0,0.21428571428571427,0.35294117647058826,1.0,1,14,3,3
smd,group23_evaluation,machine-3-10,tranad_official,1,12,21785,22213,"[10, 15, 24, 22, 2, 25, 1, 6, 18, 3, 5, 0, 34, 11, 8, 21, 32, 30, 35, 23, 4, 27, 36, 20, 28, 13, 29, 19, 12, 14, 33, 7, 37, 26, 16, 9, 17, 31]",5,1.0,0.35714285714285715,0.5263157894736842,1.0,1,14,5,5
smd,group23_evaluation,machine-3-10,tranad_official,2,0,326,329,"[33, 32, 5, 21, 14, 22, 34, 36, 7, 37, 13, 9, 16, 8, 1, 25, 23, 30, 31, 10, 17, 12, 11, 3, 29, 20, 28, 24, 26, 6, 4, 18, 35, 27, 2, 15, 0, 19]",1,1.0,0.5,0.6666666666666666,1.0,1,2,1,1
smd,group23_evaluation,machine-3-10,tranad_official,2,0,326,329,"[33, 32, 5, 21, 14, 22, 34, 36, 7, 37, 13, 9, 16, 8, 1, 25, 23, 30, 31, 10, 17, 12, 11, 3, 29, 20, 28, 24, 26, 6, 4, 18, 35, 27, 2, 15, 0, 19]",3,0.6666666666666666,1.0,0.8,1.0,1,2,3,2
smd,group23_evaluation,machine-3-10,tranad_official,2,0,326,329,"[33, 32, 5, 21, 14, 22, 34, 36, 7, 37, 13, 9, 16, 8, 1, 25, 23, 30, 31, 10, 17, 12, 11, 3, 29, 20, 28, 24, 26, 6, 4, 18, 35, 27, 2, 15, 0, 19]",5,0.4,1.0,0.5714285714285715,1.0,1,2,5,2
smd,group23_evaluation,machine-3-10,tranad_official,2,1,2155,2228,"[5, 12, 13, 11, 14, 10, 34, 0, 32, 21, 33, 1, 24, 37, 2, 29, 7, 15, 3, 36, 9, 8, 16, 17, 31, 26, 28, 30, 18, 35, 23, 22, 27, 20, 25, 4, 19, 6]",1,0.0,0.0,0.0,0.0,0,5,1,0
smd,group23_evaluation,machine-3-10,tranad_official,2,1,2155,2228,"[5, 12, 13, 11, 14, 10, 34, 0, 32, 21, 33, 1, 24, 37, 2, 29, 7, 15, 3, 36, 9, 8, 16, 17, 31, 26, 28, 30, 18, 35, 23, 22, 27, 20, 25, 4, 19, 6]",3,0.6666666666666666,0.4,0.5,0.5307212739772434,1,5,3,2
smd,group23_evaluation,machine-3-10,tranad_official,2,1,2155,2228,"[5, 12, 13, 11, 14, 10, 34, 0, 32, 21, 33, 1, 24, 37, 2, 29, 7, 15, 3, 36, 9, 8, 16, 17, 31, 26, 28, 30, 18, 35, 23, 22, 27, 20, 25, 4, 19, 6]",5,0.8,0.8,0.8000000000000002,0.6608397947263839,1,5,5,4
smd,group23_evaluation,machine-3-10,tranad_official,2,2,2875,2951,"[5, 34, 21, 33, 32, 30, 37, 14, 27, 20, 7, 36, 15, 9, 16, 31, 19, 17, 8, 35, 1, 12, 22, 26, 11, 28, 24, 25, 29, 13, 0, 2, 10, 3, 4, 18, 6, 23]",1,0.0,0.0,0.0,0.0,0,8,1,0
smd,group23_evaluation,machine-3-10,tranad_official,2,2,2875,2951,"[5, 34, 21, 33, 32, 30, 37, 14, 27, 20, 7, 36, 15, 9, 16, 31, 19, 17, 8, 35, 1, 12, 22, 26, 11, 28, 24, 25, 29, 13, 0, 2, 10, 3, 4, 18, 6, 23]",3,0.6666666666666666,0.25,0.36363636363636365,0.5307212739772434,1,8,3,2
smd,group23_evaluation,machine-3-10,tranad_official,2,2,2875,2951,"[5, 34, 21, 33, 32, 30, 37, 14, 27, 20, 7, 36, 15, 9, 16, 31, 19, 17, 8, 35, 1, 12, 22, 26, 11, 28, 24, 25, 29, 13, 0, 2, 10, 3, 4, 18, 6, 23]",5,0.4,0.25,0.3076923076923077,0.38356636737133565,1,8,5,2
smd,group23_evaluation,machine-3-10,tranad_official,2,3,3596,3599,"[5, 12, 13, 14, 11, 34, 21, 8, 32, 29, 37, 0, 7, 9, 36, 3, 17, 30, 16, 10, 31, 2, 1, 27, 26, 23, 20, 28, 33, 35, 18, 24, 19, 4, 22, 15, 25, 6]",1,0.0,0.0,0.0,0.0,0,5,1,0
smd,group23_evaluation,machine-3-10,tranad_official,2,3,3596,3599,"[5, 12, 13, 14, 11, 34, 21, 8, 32, 29, 37, 0, 7, 9, 36, 3, 17, 30, 16, 10, 31, 2, 1, 27, 26, 23, 20, 28, 33, 35, 18, 24, 19, 4, 22, 15, 25, 6]",3,0.6666666666666666,0.4,0.5,0.5307212739772434,1,5,3,2
smd,group23_evaluation,machine-3-10,tranad_official,2,3,3596,3599,"[5, 12, 13, 14, 11, 34, 21, 8, 32, 29, 37, 0, 7, 9, 36, 3, 17, 30, 16, 10, 31, 2, 1, 27, 26, 23, 20, 28, 33, 35, 18, 24, 19, 4, 22, 15, 25, 6]",5,0.8,0.8,0.8000000000000002,0.6608397947263839,1,5,5,4
smd,group23_evaluation,machine-3-10,tranad_official,2,4,6486,6498,"[5, 12, 13, 33, 10, 0, 21, 32, 34, 14, 1, 37, 2, 7, 29, 9, 3, 24, 36, 11, 8, 17, 16, 15, 31, 28, 26, 18, 23, 30, 27, 20, 35, 4, 22, 19, 6, 25]",1,0.0,0.0,0.0,0.0,0,4,1,0
smd,group23_evaluation,machine-3-10,tranad_official,2,4,6486,6498,"[5, 12, 13, 33, 10, 0, 21, 32, 34, 14, 1, 37, 2, 7, 29, 9, 3, 24, 36, 11, 8, 17, 16, 15, 31, 28, 26, 18, 23, 30, 27, 20, 35, 4, 22, 19, 6, 25]",3,0.6666666666666666,0.5,0.5714285714285715,0.5307212739772434,1,4,3,2
smd,group23_evaluation,machine-3-10,tranad_official,2,4,6486,6498,"[5, 12, 13, 33, 10, 0, 21, 32, 34, 14, 1, 37, 2, 7, 29, 9, 3, 24, 36, 11, 8, 17, 16, 15, 31, 28, 26, 18, 23, 30, 27, 20, 35, 4, 22, 19, 6, 25]",5,0.4,0.5,0.4444444444444445,0.44149241373678083,1,4,5,2
smd,group23_evaluation,machine-3-10,tranad_official,2,5,7891,7901,"[5, 12, 13, 14, 21, 34, 33, 11, 32, 37, 8, 30, 0, 7, 9, 27, 36, 29, 24, 20, 16, 17, 15, 31, 10, 1, 25, 28, 26, 35, 19, 18, 22, 4, 3, 6, 2, 23]",1,0.0,0.0,0.0,0.0,0,4,1,0
smd,group23_evaluation,machine-3-10,tranad_official,2,5,7891,7901,"[5, 12, 13, 14, 21, 34, 33, 11, 32, 37, 8, 30, 0, 7, 9, 27, 36, 29, 24, 20, 16, 17, 15, 31, 10, 1, 25, 28, 26, 35, 19, 18, 22, 4, 3, 6, 2, 23]",3,0.6666666666666666,0.5,0.5714285714285715,0.5307212739772434,1,4,3,2
smd,group23_evaluation,machine-3-10,tranad_official,2,5,7891,7901,"[5, 12, 13, 14, 21, 34, 33, 11, 32, 37, 8, 30, 0, 7, 9, 27, 36, 29, 24, 20, 16, 17, 15, 31, 10, 1, 25, 28, 26, 35, 19, 18, 22, 4, 3, 6, 2, 23]",5,0.4,0.5,0.4444444444444445,0.44149241373678083,1,4,5,2
smd,group23_evaluation,machine-3-10,tranad_official,2,6,9336,9347,"[5, 12, 13, 14, 34, 21, 33, 11, 0, 32, 37, 30, 27, 15, 29, 7, 9, 24, 8, 36, 20, 16, 17, 31, 22, 35, 28, 25, 26, 19, 10, 1, 18, 4, 23, 6, 2, 3]",1,0.0,0.0,0.0,0.0,0,4,1,0
smd,group23_evaluation,machine-3-10,tranad_official,2,6,9336,9347,"[5, 12, 13, 14, 34, 21, 33, 11, 0, 32, 37, 30, 27, 15, 29, 7, 9, 24, 8, 36, 20, 16, 17, 31, 22, 35, 28, 25, 26, 19, 10, 1, 18, 4, 23, 6, 2, 3]",3,0.6666666666666666,0.5,0.5714285714285715,0.5307212739772434,1,4,3,2
smd,group23_evaluation,machine-3-10,tranad_official,2,6,9336,9347,"[5, 12, 13, 14, 34, 21, 33, 11, 0, 32, 37, 30, 27, 15, 29, 7, 9, 24, 8, 36, 20, 16, 17, 31, 22, 35, 28, 25, 26, 19, 10, 1, 18, 4, 23, 6, 2, 3]",5,0.4,0.5,0.4444444444444445,0.44149241373678083,1,4,5,2
smd,group23_evaluation,machine-3-10,tranad_official,2,7,10772,10782,"[5, 12, 13, 14, 34, 21, 33, 11, 32, 37, 30, 8, 0, 24, 7, 15, 9, 27, 36, 29, 22, 20, 16, 17, 31, 1, 25, 35, 28, 26, 19, 10, 18, 4, 23, 6, 2, 3]",1,0.0,0.0,0.0,0.0,0,4,1,0
smd,group23_evaluation,machine-3-10,tranad_official,2,7,10772,10782,"[5, 12, 13, 14, 34, 21, 33, 11, 32, 37, 30, 8, 0, 24, 7, 15, 9, 27, 36, 29, 22, 20, 16, 17, 31, 1, 25, 35, 28, 26, 19, 10, 18, 4, 23, 6, 2, 3]",3,0.6666666666666666,0.5,0.5714285714285715,0.5307212739772434,1,4,3,2
smd,group23_evaluation,machine-3-10,tranad_official,2,7,10772,10782,"[5, 12, 13, 14, 34, 21, 33, 11, 32, 37, 30, 8, 0, 24, 7, 15, 9, 27, 36, 29, 22, 20, 16, 17, 31, 1, 25, 35, 28, 26, 19, 10, 18, 4, 23, 6, 2, 3]",5,0.4,0.5,0.4444444444444445,0.44149241373678083,1,4,5,2
smd,group23_evaluation,machine-3-10,tranad_official,2,8,12219,12228,"[5, 12, 13, 14, 34, 21, 33, 11, 32, 0, 37, 8, 30, 29, 7, 9, 36, 1, 27, 16, 17, 31, 10, 20, 24, 35, 28, 26, 18, 2, 19, 15, 3, 25, 4, 6, 23, 22]",1,0.0,0.0,0.0,0.0,0,4,1,0
smd,group23_evaluation,machine-3-10,tranad_official,2,8,12219,12228,"[5, 12, 13, 14, 34, 21, 33, 11, 32, 0, 37, 8, 30, 29, 7, 9, 36, 1, 27, 16, 17, 31, 10, 20, 24, 35, 28, 26, 18, 2, 19, 15, 3, 25, 4, 6, 23, 22]",3,0.6666666666666666,0.5,0.5714285714285715,0.5307212739772434,1,4,3,2
smd,group23_evaluation,machine-3-10,tranad_official,2,8,12219,12228,"[5, 12, 13, 14, 34, 21, 33, 11, 32, 0, 37, 8, 30, 29, 7, 9, 36, 1, 27, 16, 17, 31, 10, 20, 24, 35, 28, 26, 18, 2, 19, 15, 3, 25, 4, 6, 23, 22]",5,0.4,0.5,0.4444444444444445,0.44149241373678083,1,4,5,2
smd,group23_evaluation,machine-3-10,tranad_official,2,9,13148,13441,"[2, 3, 1, 5, 10, 0, 24, 15, 21, 14, 22, 23, 25, 34, 33, 32, 37, 30, 27, 16, 20, 29, 7, 36, 31, 6, 13, 35, 12, 19, 9, 26, 8, 18, 28, 4, 17, 11]",1,1.0,0.05263157894736842,0.1,1.0,1,19,1,1
smd,group23_evaluation,machine-3-10,tranad_official,2,9,13148,13441,"[2, 3, 1, 5, 10, 0, 24, 15, 21, 14, 22, 23, 25, 34, 33, 32, 37, 30, 27, 16, 20, 29, 7, 36, 31, 6, 13, 35, 12, 19, 9, 26, 8, 18, 28, 4, 17, 11]",3,1.0,0.15789473684210525,0.2727272727272727,1.0,1,19,3,3
smd,group23_evaluation,machine-3-10,tranad_official,2,9,13148,13441,"[2, 3, 1, 5, 10, 0, 24, 15, 21, 14, 22, 23, 25, 34, 33, 32, 37, 30, 27, 16, 20, 29, 7, 36, 31, 6, 13, 35, 12, 19, 9, 26, 8, 18, 28, 4, 17, 11]",5,0.8,0.21052631578947367,0.3333333333333333,0.8539316501572937,1,19,5,4
smd,group23_evaluation,machine-3-10,tranad_official,2,10,14655,14673,"[6, 5, 23, 29, 25, 34, 0, 13, 32, 33, 2, 12, 21, 37, 1, 27, 24, 15, 30, 7, 14, 31, 16, 20, 9, 36, 18, 3, 10, 35, 8, 17, 28, 26, 22, 4, 19, 11]",1,1.0,0.08333333333333333,0.15384615384615385,1.0,1,12,1,1
smd,group23_evaluation,machine-3-10,tranad_official,2,10,14655,14673,"[6, 5, 23, 29, 25, 34, 0, 13, 32, 33, 2, 12, 21, 37, 1, 27, 24, 15, 30, 7, 14, 31, 16, 20, 9, 36, 18, 3, 10, 35, 8, 17, 28, 26, 22, 4, 19, 11]",3,1.0,0.25,0.4,1.0,1,12,3,3
smd,group23_evaluation,machine-3-10,tranad_official,2,10,14655,14673,"[6, 5, 23, 29, 25, 34, 0, 13, 32, 33, 2, 12, 21, 37, 1, 27, 24, 15, 30, 7, 14, 31, 16, 20, 9, 36, 18, 3, 10, 35, 8, 17, 28, 26, 22, 4, 19, 11]",5,1.0,0.4166666666666667,0.5882352941176471,1.0,1,12,5,5
smd,group23_evaluation,machine-3-10,tranad_official,2,11,21500,21601,"[10, 6, 24, 15, 2, 22, 3, 14, 0, 23, 34, 1, 37, 32, 21, 5, 25, 13, 29, 31, 16, 7, 9, 33, 18, 27, 30, 28, 36, 8, 26, 19, 12, 11, 4, 20, 35, 17]",1,1.0,0.07142857142857142,0.13333333333333333,1.0,1,14,1,1
smd,group23_evaluation,machine-3-10,tranad_official,2,11,21500,21601,"[10, 6, 24, 15, 2, 22, 3, 14, 0, 23, 34, 1, 37, 32, 21, 5, 25, 13, 29, 31, 16, 7, 9, 33, 18, 27, 30, 28, 36, 8, 26, 19, 12, 11, 4, 20, 35, 17]",3,0.6666666666666666,0.14285714285714285,0.23529411764705882,0.7039180890341347,1,14,3,2
smd,group23_evaluation,machine-3-10,tranad_official,2,11,21500,21601,"[10, 6, 24, 15, 2, 22, 3, 14, 0, 23, 34, 1, 37, 32, 21, 5, 25, 13, 29, 31, 16, 7, 9, 33, 18, 27, 30, 28, 36, 8, 26, 19, 12, 11, 4, 20, 35, 17]",5,0.8,0.2857142857142857,0.4210526315789473,0.7860137352654724,1,14,5,4
smd,group23_evaluation,machine-3-10,tranad_official,2,12,21785,22213,"[10, 24, 6, 15, 23, 2, 22, 3, 25, 34, 14, 0, 37, 1, 32, 13, 5, 21, 29, 31, 18, 16, 7, 30, 33, 27, 9, 26, 28, 8, 36, 35, 11, 20, 12, 4, 19, 17]",1,1.0,0.07142857142857142,0.13333333333333333,1.0,1,14,1,1
smd,group23_evaluation,machine-3-10,tranad_official,2,12,21785,22213,"[10, 24, 6, 15, 23, 2, 22, 3, 25, 34, 14, 0, 37, 1, 32, 13, 5, 21, 29, 31, 18, 16, 7, 30, 33, 27, 9, 26, 28, 8, 36, 35, 11, 20, 12, 4, 19, 17]",3,0.6666666666666666,0.14285714285714285,0.23529411764705882,0.7653606369886217,1,14,3,2
smd,group23_evaluation,machine-3-10,tranad_official,2,12,21785,22213,"[10, 24, 6, 15, 23, 2, 22, 3, 25, 34, 14, 0, 37, 1, 32, 13, 5, 21, 29, 31, 18, 16, 7, 30, 33, 27, 9, 26, 28, 8, 36, 35, 11, 20, 12, 4, 19, 17]",5,0.6,0.21428571428571427,0.3157894736842105,0.6992148198508501,1,14,5,3
smd,group23_evaluation,machine-3-11,tranad_official,0,0,21230,21296,"[31, 10, 9, 5, 4, 6, 25, 23, 0, 1, 2, 20, 27, 29, 35, 21, 34, 19, 18, 28, 16, 8, 15, 30, 3, 26, 24, 32, 36, 12, 13, 22, 33, 11, 7, 14, 37, 17]",1,1.0,0.043478260869565216,0.08333333333333333,1.0,1,23,1,1
smd,group23_evaluation,machine-3-11,tranad_official,0,0,21230,21296,"[31, 10, 9, 5, 4, 6, 25, 23, 0, 1, 2, 20, 27, 29, 35, 21, 34, 19, 18, 28, 16, 8, 15, 30, 3, 26, 24, 32, 36, 12, 13, 22, 33, 11, 7, 14, 37, 17]",3,1.0,0.13043478260869565,0.23076923076923078,1.0,1,23,3,3
smd,group23_evaluation,machine-3-11,tranad_official,0,0,21230,21296,"[31, 10, 9, 5, 4, 6, 25, 23, 0, 1, 2, 20, 27, 29, 35, 21, 34, 19, 18, 28, 16, 8, 15, 30, 3, 26, 24, 32, 36, 12, 13, 22, 33, 11, 7, 14, 37, 17]",5,1.0,0.21739130434782608,0.3571428571428571,1.0,1,23,5,5
smd,group23_evaluation,machine-3-11,tranad_official,0,1,27825,27951,"[31, 10, 5, 4, 9, 6, 25, 23, 0, 2, 3, 1, 27, 20, 19, 35, 34, 15, 21, 8, 16, 28, 24, 29, 30, 12, 7, 18, 11, 13, 32, 26, 36, 33, 22, 37, 14, 17]",1,1.0,0.05,0.09523809523809523,1.0,1,20,1,1
smd,group23_evaluation,machine-3-11,tranad_official,0,1,27825,27951,"[31, 10, 5, 4, 9, 6, 25, 23, 0, 2, 3, 1, 27, 20, 19, 35, 34, 15, 21, 8, 16, 28, 24, 29, 30, 12, 7, 18, 11, 13, 32, 26, 36, 33, 22, 37, 14, 17]",3,0.3333333333333333,0.05,0.08695652173913045,0.46927872602275644,1,20,3,1
smd,group23_evaluation,machine-3-11,tranad_official,0,1,27825,27951,"[31, 10, 5, 4, 9, 6, 25, 23, 0, 2, 3, 1, 27, 20, 19, 35, 34, 15, 21, 8, 16, 28, 24, 29, 30, 12, 7, 18, 11, 13, 32, 26, 36, 33, 22, 37, 14, 17]",5,0.2,0.05,0.08000000000000002,0.3391602052736161,1,20,5,1
smd,group23_evaluation,machine-3-11,tranad_official,0,2,27995,28001,"[10, 9, 5, 4, 6, 21, 30, 19, 27, 18, 20, 26, 35, 34, 22, 0, 15, 3, 2, 33, 36, 13, 1, 32, 11, 25, 23, 14, 7, 8, 12, 16, 17, 24, 28, 29, 31, 37]",1,1.0,0.5,0.6666666666666666,1.0,1,2,1,1
smd,group23_evaluation,machine-3-11,tranad_official,0,2,27995,28001,"[10, 9, 5, 4, 6, 21, 30, 19, 27, 18, 20, 26, 35, 34, 22, 0, 15, 3, 2, 33, 36, 13, 1, 32, 11, 25, 23, 14, 7, 8, 12, 16, 17, 24, 28, 29, 31, 37]",3,0.6666666666666666,1.0,0.8,1.0,1,2,3,2
smd,group23_evaluation,machine-3-11,tranad_official,0,2,27995,28001,"[10, 9, 5, 4, 6, 21, 30, 19, 27, 18, 20, 26, 35, 34, 22, 0, 15, 3, 2, 33, 36, 13, 1, 32, 11, 25, 23, 14, 7, 8, 12, 16, 17, 24, 28, 29, 31, 37]",5,0.4,1.0,0.5714285714285715,1.0,1,2,5,2
smd,group23_evaluation,machine-3-11,tranad_official,1,0,21230,21296,"[31, 10, 9, 5, 4, 6, 25, 23, 0, 1, 2, 3, 16, 33, 22, 32, 20, 29, 35, 21, 27, 34, 19, 18, 30, 13, 36, 37, 15, 26, 12, 8, 7, 11, 17, 24, 14, 28]",1,1.0,0.043478260869565216,0.08333333333333333,1.0,1,23,1,1
smd,group23_evaluation,machine-3-11,tranad_official,1,0,21230,21296,"[31, 10, 9, 5, 4, 6, 25, 23, 0, 1, 2, 3, 16, 33, 22, 32, 20, 29, 35, 21, 27, 34, 19, 18, 30, 13, 36, 37, 15, 26, 12, 8, 7, 11, 17, 24, 14, 28]",3,1.0,0.13043478260869565,0.23076923076923078,1.0,1,23,3,3
smd,group23_evaluation,machine-3-11,tranad_official,1,0,21230,21296,"[31, 10, 9, 5, 4, 6, 25, 23, 0, 1, 2, 3, 16, 33, 22, 32, 20, 29, 35, 21, 27, 34, 19, 18, 30, 13, 36, 37, 15, 26, 12, 8, 7, 11, 17, 24, 14, 28]",5,1.0,0.21739130434782608,0.3571428571428571,1.0,1,23,5,5
smd,group23_evaluation,machine-3-11,tranad_official,1,1,27825,27951,"[31, 10, 5, 4, 9, 6, 25, 23, 0, 2, 1, 3, 33, 22, 32, 16, 27, 13, 34, 21, 12, 20, 30, 15, 19, 29, 35, 18, 37, 36, 26, 7, 11, 14, 8, 17, 24, 28]",1,1.0,0.05,0.09523809523809523,1.0,1,20,1,1
smd,group23_evaluation,machine-3-11,tranad_official,1,1,27825,27951,"[31, 10, 5, 4, 9, 6, 25, 23, 0, 2, 1, 3, 33, 22, 32, 16, 27, 13, 34, 21, 12, 20, 30, 15, 19, 29, 35, 18, 37, 36, 26, 7, 11, 14, 8, 17, 24, 28]",3,0.3333333333333333,0.05,0.08695652173913045,0.46927872602275644,1,20,3,1
smd,group23_evaluation,machine-3-11,tranad_official,1,1,27825,27951,"[31, 10, 5, 4, 9, 6, 25, 23, 0, 2, 1, 3, 33, 22, 32, 16, 27, 13, 34, 21, 12, 20, 30, 15, 19, 29, 35, 18, 37, 36, 26, 7, 11, 14, 8, 17, 24, 28]",5,0.2,0.05,0.08000000000000002,0.3391602052736161,1,20,5,1
smd,group23_evaluation,machine-3-11,tranad_official,1,2,27995,28001,"[10, 9, 5, 4, 6, 23, 31, 19, 20, 16, 35, 15, 33, 30, 27, 18, 34, 22, 0, 32, 3, 2, 36, 13, 7, 21, 1, 11, 25, 14, 12, 8, 17, 24, 26, 28, 29, 37]",1,1.0,0.5,0.6666666666666666,1.0,1,2,1,1
smd,group23_evaluation,machine-3-11,tranad_official,1,2,27995,28001,"[10, 9, 5, 4, 6, 23, 31, 19, 20, 16, 35, 15, 33, 30, 27, 18, 34, 22, 0, 32, 3, 2, 36, 13, 7, 21, 1, 11, 25, 14, 12, 8, 17, 24, 26, 28, 29, 37]",3,0.6666666666666666,1.0,0.8,1.0,1,2,3,2
smd,group23_evaluation,machine-3-11,tranad_official,1,2,27995,28001,"[10, 9, 5, 4, 6, 23, 31, 19, 20, 16, 35, 15, 33, 30, 27, 18, 34, 22, 0, 32, 3, 2, 36, 13, 7, 21, 1, 11, 25, 14, 12, 8, 17, 24, 26, 28, 29, 37]",5,0.4,1.0,0.5714285714285715,1.0,1,2,5,2
smd,group23_evaluation,machine-3-11,tranad_official,2,0,21230,21296,"[31, 10, 9, 5, 4, 6, 25, 23, 0, 1, 2, 29, 14, 3, 22, 21, 27, 15, 18, 32, 36, 30, 20, 7, 13, 35, 19, 34, 28, 8, 16, 33, 12, 37, 17, 24, 26, 11]",1,1.0,0.043478260869565216,0.08333333333333333,1.0,1,23,1,1
smd,group23_evaluation,machine-3-11,tranad_official,2,0,21230,21296,"[31, 10, 9, 5, 4, 6, 25, 23, 0, 1, 2, 29, 14, 3, 22, 21, 27, 15, 18, 32, 36, 30, 20, 7, 13, 35, 19, 34, 28, 8, 16, 33, 12, 37, 17, 24, 26, 11]",3,1.0,0.13043478260869565,0.23076923076923078,1.0,1,23,3,3
smd,group23_evaluation,machine-3-11,tranad_official,2,0,21230,21296,"[31, 10, 9, 5, 4, 6, 25, 23, 0, 1, 2, 29, 14, 3, 22, 21, 27, 15, 18, 32, 36, 30, 20, 7, 13, 35, 19, 34, 28, 8, 16, 33, 12, 37, 17, 24, 26, 11]",5,1.0,0.21739130434782608,0.3571428571428571,1.0,1,23,5,5
smd,group23_evaluation,machine-3-11,tranad_official,2,1,27825,27951,"[31, 10, 5, 4, 9, 6, 25, 23, 0, 3, 2, 1, 29, 14, 18, 15, 22, 21, 32, 13, 34, 27, 19, 30, 20, 35, 36, 33, 16, 7, 8, 12, 17, 24, 26, 28, 37, 11]",1,1.0,0.05,0.09523809523809523,1.0,1,20,1,1
smd,group23_evaluation,machine-3-11,tranad_official,2,1,27825,27951,"[31, 10, 5, 4, 9, 6, 25, 23, 0, 3, 2, 1, 29, 14, 18, 15, 22, 21, 32, 13, 34, 27, 19, 30, 20, 35, 36, 33, 16, 7, 8, 12, 17, 24, 26, 28, 37, 11]",3,0.3333333333333333,0.05,0.08695652173913045,0.46927872602275644,1,20,3,1
smd,group23_evaluation,machine-3-11,tranad_official,2,1,27825,27951,"[31, 10, 5, 4, 9, 6, 25, 23, 0, 3, 2, 1, 29, 14, 18, 15, 22, 21, 32, 13, 34, 27, 19, 30, 20, 35, 36, 33, 16, 7, 8, 12, 17, 24, 26, 28, 37, 11]",5,0.2,0.05,0.08000000000000002,0.3391602052736161,1,20,5,1
smd,group23_evaluation,machine-3-11,tranad_official,2,2,27995,28001,"[10, 9, 5, 4, 6, 25, 29, 14, 32, 21, 7, 8, 12, 17, 24, 26, 28, 31, 37, 18, 20, 35, 22, 0, 1, 30, 2, 15, 36, 3, 34, 33, 13, 27, 19, 11, 23, 16]",1,1.0,0.5,0.6666666666666666,1.0,1,2,1,1
smd,group23_evaluation,machine-3-11,tranad_official,2,2,27995,28001,"[10, 9, 5, 4, 6, 25, 29, 14, 32, 21, 7, 8, 12, 17, 24, 26, 28, 31, 37, 18, 20, 35, 22, 0, 1, 30, 2, 15, 36, 3, 34, 33, 13, 27, 19, 11, 23, 16]",3,0.6666666666666666,1.0,0.8,1.0,1,2,3,2
smd,group23_evaluation,machine-3-11,tranad_official,2,2,27995,28001,"[10, 9, 5, 4, 6, 25, 29, 14, 32, 21, 7, 8, 12, 17, 24, 26, 28, 31, 37, 18, 20, 35, 22, 0, 1, 30, 2, 15, 36, 3, 34, 33, 13, 27, 19, 11, 23, 16]",5,0.4,1.0,0.5714285714285715,1.0,1,2,5,2
smd,group23_evaluation,machine-3-2,tranad_official,0,0,135,161,"[25, 6, 23, 18, 5, 11, 20, 29, 19, 34, 3, 35, 12, 15, 2, 27, 1, 21, 30, 32, 24, 0, 7, 36, 4, 31, 8, 33, 16, 28, 37, 10, 17, 14, 26, 22, 9, 13]",1,0.0,0.0,0.0,0.0,0,4,1,0
smd,group23_evaluation,machine-3-2,tranad_official,0,0,135,161,"[25, 6, 23, 18, 5, 11, 20, 29, 19, 34, 3, 35, 12, 15, 2, 27, 1, 21, 30, 32, 24, 0, 7, 36, 4, 31, 8, 33, 16, 28, 37, 10, 17, 14, 26, 22, 9, 13]",3,0.0,0.0,0.0,0.0,0,4,3,0
smd,group23_evaluation,machine-3-2,tranad_official,0,0,135,161,"[25, 6, 23, 18, 5, 11, 20, 29, 19, 34, 3, 35, 12, 15, 2, 27, 1, 21, 30, 32, 24, 0, 7, 36, 4, 31, 8, 33, 16, 28, 37, 10, 17, 14, 26, 22, 9, 13]",5,0.0,0.0,0.0,0.0,0,4,5,0
smd,group23_evaluation,machine-3-2,tranad_official,0,1,3080,3917,"[25, 23, 6, 5, 18, 20, 3, 2, 27, 21, 16, 35, 34, 30, 19, 1, 29, 15, 11, 0, 7, 32, 4, 36, 31, 24, 13, 12, 8, 22, 33, 17, 37, 14, 10, 28, 26, 9]",1,0.0,0.0,0.0,0.0,0,4,1,0
smd,group23_evaluation,machine-3-2,tranad_official,0,1,3080,3917,"[25, 23, 6, 5, 18, 20, 3, 2, 27, 21, 16, 35, 34, 30, 19, 1, 29, 15, 11, 0, 7, 32, 4, 36, 31, 24, 13, 12, 8, 22, 33, 17, 37, 14, 10, 28, 26, 9]",3,0.0,0.0,0.0,0.0,0,4,3,0
smd,group23_evaluation,machine-3-2,tranad_official,0,1,3080,3917,"[25, 23, 6, 5, 18, 20, 3, 2, 27, 21, 16, 35, 34, 30, 19, 1, 29, 15, 11, 0, 7, 32, 4, 36, 31, 24, 13, 12, 8, 22, 33, 17, 37, 14, 10, 28, 26, 9]",5,0.0,0.0,0.0,0.0,0,4,5,0
smd,group23_evaluation,machine-3-2,tranad_official,0,2,9139,9144,"[17, 25, 23, 20, 21, 27, 30, 29, 19, 15, 0, 1, 33, 5, 18, 32, 3, 2, 24, 34, 8, 6, 12, 31, 22, 14, 11, 13, 35, 9, 10, 4, 28, 16, 7, 37, 26, 36]",1,1.0,0.25,0.4,1.0,1,4,1,1
smd,group23_evaluation,machine-3-2,tranad_official,0,2,9139,9144,"[17, 25, 23, 20, 21, 27, 30, 29, 19, 15, 0, 1, 33, 5, 18, 32, 3, 2, 24, 34, 8, 6, 12, 31, 22, 14, 11, 13, 35, 9, 10, 4, 28, 16, 7, 37, 26, 36]",3,0.3333333333333333,0.25,0.28571428571428575,0.46927872602275644,1,4,3,1
smd,group23_evaluation,machine-3-2,tranad_official,0,2,9139,9144,"[17, 25, 23, 20, 21, 27, 30, 29, 19, 15, 0, 1, 33, 5, 18, 32, 3, 2, 24, 34, 8, 6, 12, 31, 22, 14, 11, 13, 35, 9, 10, 4, 28, 16, 7, 37, 26, 36]",5,0.2,0.25,0.22222222222222224,0.3903800499921017,1,4,5,1
smd,group23_evaluation,machine-3-2,tranad_official,0,3,9199,9204,"[25, 23, 29, 13, 19, 15, 32, 6, 20, 3, 30, 5, 1, 21, 35, 34, 27, 24, 2, 0, 8, 12, 18, 22, 31, 7, 11, 28, 17, 4, 16, 33, 10, 36, 26, 9, 37, 14]",1,0.0,0.0,0.0,0.0,0,3,1,0
smd,group23_evaluation,machine-3-2,tranad_official,0,3,9199,9204,"[25, 23, 29, 13, 19, 15, 32, 6, 20, 3, 30, 5, 1, 21, 35, 34, 27, 24, 2, 0, 8, 12, 18, 22, 31, 7, 11, 28, 17, 4, 16, 33, 10, 36, 26, 9, 37, 14]",3,0.0,0.0,0.0,0.0,0,3,3,0
smd,group23_evaluation,machine-3-2,tranad_official,0,3,9199,9204,"[25, 23, 29, 13, 19, 15, 32, 6, 20, 3, 30, 5, 1, 21, 35, 34, 27, 24, 2, 0, 8, 12, 18, 22, 31, 7, 11, 28, 17, 4, 16, 33, 10, 36, 26, 9, 37, 14]",5,0.2,0.3333333333333333,0.25,0.20210734650054757,1,3,5,1
smd,group23_evaluation,machine-3-2,tranad_official,0,4,15577,15582,"[25, 23, 6, 18, 35, 34, 21, 2, 15, 7, 11, 4, 28, 27, 33, 32, 17, 8, 26, 16, 31, 1, 10, 9, 12, 0, 36, 14, 30, 37, 13, 5, 24, 22, 19, 29, 20, 3]",1,0.0,0.0,0.0,0.0,0,5,1,0
smd,group23_evaluation,machine-3-2,tranad_official,0,4,15577,15582,"[25, 23, 6, 18, 35, 34, 21, 2, 15, 7, 11, 4, 28, 27, 33, 32, 17, 8, 26, 16, 31, 1, 10, 9, 12, 0, 36, 14, 30, 37, 13, 5, 24, 22, 19, 29, 20, 3]",3,0.0,0.0,0.0,0.0,0,5,3,0
smd,group23_evaluation,machine-3-2,tranad_official,0,4,15577,15582,"[25, 23, 6, 18, 35, 34, 21, 2, 15, 7, 11, 4, 28, 27, 33, 32, 17, 8, 26, 16, 31, 1, 10, 9, 12, 0, 36, 14, 30, 37, 13, 5, 24, 22, 19, 29, 20, 3]",5,0.2,0.2,0.20000000000000004,0.13120507751234178,1,5,5,1
smd,group23_evaluation,machine-3-2,tranad_official,0,5,11900,12023,"[25, 23, 6, 35, 34, 20, 13, 19, 29, 3, 18, 30, 15, 1, 27, 2, 21, 32, 5, 8, 11, 12, 24, 7, 0, 17, 4, 28, 16, 33, 26, 10, 31, 9, 36, 37, 14, 22]",1,0.0,0.0,0.0,0.0,0,3,1,0
smd,group23_evaluation,machine-3-2,tranad_official,0,5,11900,12023,"[25, 23, 6, 35, 34, 20, 13, 19, 29, 3, 18, 30, 15, 1, 27, 2, 21, 32, 5, 8, 11, 12, 24, 7, 0, 17, 4, 28, 16, 33, 26, 10, 31, 9, 36, 37, 14, 22]",3,0.0,0.0,0.0,0.0,0,3,3,0
smd,group23_evaluation,machine-3-2,tranad_official,0,5,11900,12023,"[25, 23, 6, 35, 34, 20, 13, 19, 29, 3, 18, 30, 15, 1, 27, 2, 21, 32, 5, 8, 11, 12, 24, 7, 0, 17, 4, 28, 16, 33, 26, 10, 31, 9, 36, 37, 14, 22]",5,0.0,0.0,0.0,0.0,0,3,5,0
smd,group23_evaluation,machine-3-2,tranad_official,0,6,15644,15739,"[25, 23, 6, 18, 35, 34, 14, 15, 2, 29, 19, 11, 13, 1, 21, 32, 20, 27, 3, 5, 30, 8, 0, 31, 7, 4, 28, 12, 17, 33, 26, 16, 24, 10, 9, 36, 22, 37]",1,0.0,0.0,0.0,0.0,0,4,1,0
smd,group23_evaluation,machine-3-2,tranad_official,0,6,15644,15739,"[25, 23, 6, 18, 35, 34, 14, 15, 2, 29, 19, 11, 13, 1, 21, 32, 20, 27, 3, 5, 30, 8, 0, 31, 7, 4, 28, 12, 17, 33, 26, 16, 24, 10, 9, 36, 22, 37]",3,0.0,0.0,0.0,0.0,0,4,3,0
smd,group23_evaluation,machine-3-2,tranad_official,0,6,15644,15739,"[25, 23, 6, 18, 35, 34, 14, 15, 2, 29, 19, 11, 13, 1, 21, 32, 20, 27, 3, 5, 30, 8, 0, 31, 7, 4, 28, 12, 17, 33, 26, 16, 24, 10, 9, 36, 22, 37]",5,0.0,0.0,0.0,0.0,0,4,5,0
smd,group23_evaluation,machine-3-2,tranad_official,0,7,20717,20723,"[3, 2, 1, 25, 29, 23, 10, 0, 20, 6, 15, 19, 5, 24, 34, 27, 30, 35, 21, 17, 32, 31, 14, 33, 8, 11, 12, 7, 18, 22, 4, 16, 9, 28, 13, 37, 36, 26]",1,0.0,0.0,0.0,0.0,0,2,1,0
smd,group23_evaluation,machine-3-2,tranad_official,0,7,20717,20723,"[3, 2, 1, 25, 29, 23, 10, 0, 20, 6, 15, 19, 5, 24, 34, 27, 30, 35, 21, 17, 32, 31, 14, 33, 8, 11, 12, 7, 18, 22, 4, 16, 9, 28, 13, 37, 36, 26]",3,0.0,0.0,0.0,0.0,0,2,3,0
smd,group23_evaluation,machine-3-2,tranad_official,0,7,20717,20723,"[3, 2, 1, 25, 29, 23, 10, 0, 20, 6, 15, 19, 5, 24, 34, 27, 30, 35, 21, 17, 32, 31, 14, 33, 8, 11, 12, 7, 18, 22, 4, 16, 9, 28, 13, 37, 36, 26]",5,0.0,0.0,0.0,0.0,0,2,5,0
smd,group23_evaluation,machine-3-2,tranad_official,0,8,23059,23062,"[3, 2, 1, 25, 15, 0, 20, 19, 8, 29, 12, 21, 32, 18, 5, 30, 27, 6, 24, 14, 34, 11, 31, 17, 23, 13, 35, 33, 9, 4, 7, 22, 16, 28, 37, 36, 10, 26]",1,0.0,0.0,0.0,0.0,0,3,1,0
smd,group23_evaluation,machine-3-2,tranad_official,0,8,23059,23062,"[3, 2, 1, 25, 15, 0, 20, 19, 8, 29, 12, 21, 32, 18, 5, 30, 27, 6, 24, 14, 34, 11, 31, 17, 23, 13, 35, 33, 9, 4, 7, 22, 16, 28, 37, 36, 10, 26]",3,0.0,0.0,0.0,0.0,0,3,3,0
smd,group23_evaluation,machine-3-2,tranad_official,0,8,23059,23062,"[3, 2, 1, 25, 15, 0, 20, 19, 8, 29, 12, 21, 32, 18, 5, 30, 27, 6, 24, 14, 34, 11, 31, 17, 23, 13, 35, 33, 9, 4, 7, 22, 16, 28, 37, 36, 10, 26]",5,0.2,0.3333333333333333,0.25,0.18154179253735267,1,3,5,1
smd,group23_evaluation,machine-3-2,tranad_official,1,0,135,161,"[25, 6, 23, 18, 34, 5, 35, 11, 29, 19, 24, 15, 27, 12, 0, 3, 20, 21, 1, 30, 2, 7, 28, 32, 36, 8, 14, 4, 22, 9, 26, 31, 16, 13, 10, 17, 37, 33]",1,0.0,0.0,0.0,0.0,0,4,1,0
smd,group23_evaluation,machine-3-2,tranad_official,1,0,135,161,"[25, 6, 23, 18, 34, 5, 35, 11, 29, 19, 24, 15, 27, 12, 0, 3, 20, 21, 1, 30, 2, 7, 28, 32, 36, 8, 14, 4, 22, 9, 26, 31, 16, 13, 10, 17, 37, 33]",3,0.0,0.0,0.0,0.0,0,4,3,0
smd,group23_evaluation,machine-3-2,tranad_official,1,0,135,161,"[25, 6, 23, 18, 34, 5, 35, 11, 29, 19, 24, 15, 27, 12, 0, 3, 20, 21, 1, 30, 2, 7, 28, 32, 36, 8, 14, 4, 22, 9, 26, 31, 16, 13, 10, 17, 37, 33]",5,0.0,0.0,0.0,0.0,0,4,5,0
smd,group23_evaluation,machine-3-2,tranad_official,1,1,3080,3917,"[25, 23, 5, 6, 18, 34, 35, 27, 20, 30, 3, 21, 24, 2, 29, 16, 19, 11, 0, 1, 7, 15, 32, 28, 36, 8, 13, 14, 4, 9, 26, 22, 31, 12, 33, 10, 17, 37]",1,0.0,0.0,0.0,0.0,0,4,1,0
smd,group23_evaluation,machine-3-2,tranad_official,1,1,3080,3917,"[25, 23, 5, 6, 18, 34, 35, 27, 20, 30, 3, 21, 24, 2, 29, 16, 19, 11, 0, 1, 7, 15, 32, 28, 36, 8, 13, 14, 4, 9, 26, 22, 31, 12, 33, 10, 17, 37]",3,0.0,0.0,0.0,0.0,0,4,3,0
smd,group23_evaluation,machine-3-2,tranad_official,1,1,3080,3917,"[25, 23, 5, 6, 18, 34, 35, 27, 20, 30, 3, 21, 24, 2, 29, 16, 19, 11, 0, 1, 7, 15, 32, 28, 36, 8, 13, 14, 4, 9, 26, 22, 31, 12, 33, 10, 17, 37]",5,0.0,0.0,0.0,0.0,0,4,5,0
smd,group23_evaluation,machine-3-2,tranad_official,1,2,9139,9144,"[17, 25, 23, 20, 21, 0, 24, 19, 30, 33, 29, 15, 2, 1, 27, 18, 34, 5, 3, 4, 9, 28, 32, 8, 6, 12, 14, 35, 22, 11, 31, 13, 7, 10, 37, 16, 26, 36]",1,1.0,0.25,0.4,1.0,1,4,1,1
smd,group23_evaluation,machine-3-2,tranad_official,1,2,9139,9144,"[17, 25, 23, 20, 21, 0, 24, 19, 30, 33, 29, 15, 2, 1, 27, 18, 34, 5, 3, 4, 9, 28, 32, 8, 6, 12, 14, 35, 22, 11, 31, 13, 7, 10, 37, 16, 26, 36]",3,0.3333333333333333,0.25,0.28571428571428575,0.46927872602275644,1,4,3,1
smd,group23_evaluation,machine-3-2,tranad_official,1,2,9139,9144,"[17, 25, 23, 20, 21, 0, 24, 19, 30, 33, 29, 15, 2, 1, 27, 18, 34, 5, 3, 4, 9, 28, 32, 8, 6, 12, 14, 35, 22, 11, 31, 13, 7, 10, 37, 16, 26, 36]",5,0.2,0.25,0.22222222222222224,0.3903800499921017,1,4,5,1
smd,group23_evaluation,machine-3-2,tranad_official,1,3,9199,9204,"[25, 29, 13, 19, 23, 15, 21, 32, 3, 20, 35, 0, 2, 18, 1, 34, 30, 27, 5, 6, 24, 8, 12, 22, 31, 36, 7, 28, 16, 11, 26, 4, 17, 9, 10, 33, 37, 14]",1,0.0,0.0,0.0,0.0,0,3,1,0
smd,group23_evaluation,machine-3-2,tranad_official,1,3,9199,9204,"[25, 29, 13, 19, 23, 15, 21, 32, 3, 20, 35, 0, 2, 18, 1, 34, 30, 27, 5, 6, 24, 8, 12, 22, 31, 36, 7, 28, 16, 11, 26, 4, 17, 9, 10, 33, 37, 14]",3,0.3333333333333333,0.3333333333333333,0.3333333333333333,0.23463936301137822,1,3,3,1
smd,group23_evaluation,machine-3-2,tranad_official,1,3,9199,9204,"[25, 29, 13, 19, 23, 15, 21, 32, 3, 20, 35, 0, 2, 18, 1, 34, 30, 27, 5, 6, 24, 8, 12, 22, 31, 36, 7, 28, 16, 11, 26, 4, 17, 9, 10, 33, 37, 14]",5,0.2,0.3333333333333333,0.25,0.23463936301137822,1,3,5,1
smd,group23_evaluation,machine-3-2,tranad_official,1,4,15577,15582,"[25, 23, 6, 18, 35, 34, 27, 21, 30, 5, 36, 28, 7, 32, 16, 2, 31, 8, 33, 4, 20, 9, 26, 24, 15, 11, 17, 29, 1, 12, 14, 10, 37, 13, 22, 0, 19, 3]",1,0.0,0.0,0.0,0.0,0,5,1,0
smd,group23_evaluation,machine-3-2,tranad_official,1,4,15577,15582,"[25, 23, 6, 18, 35, 34, 27, 21, 30, 5, 36, 28, 7, 32, 16, 2, 31, 8, 33, 4, 20, 9, 26, 24, 15, 11, 17, 29, 1, 12, 14, 10, 37, 13, 22, 0, 19, 3]",3,0.0,0.0,0.0,0.0,0,5,3,0
smd,group23_evaluation,machine-3-2,tranad_official,1,4,15577,15582,"[25, 23, 6, 18, 35, 34, 27, 21, 30, 5, 36, 28, 7, 32, 16, 2, 31, 8, 33, 4, 20, 9, 26, 24, 15, 11, 17, 29, 1, 12, 14, 10, 37, 13, 22, 0, 19, 3]",5,0.2,0.2,0.20000000000000004,0.13120507751234178,1,5,5,1
smd,group23_evaluation,machine-3-2,tranad_official,1,5,11900,12023,"[25, 23, 6, 35, 34, 19, 18, 13, 20, 3, 29, 21, 2, 15, 27, 30, 0, 1, 5, 8, 32, 36, 12, 24, 7, 28, 16, 31, 4, 11, 26, 17, 9, 10, 33, 37, 14, 22]",1,0.0,0.0,0.0,0.0,0,3,1,0
smd,group23_evaluation,machine-3-2,tranad_official,1,5,11900,12023,"[25, 23, 6, 35, 34, 19, 18, 13, 20, 3, 29, 21, 2, 15, 27, 30, 0, 1, 5, 8, 32, 36, 12, 24, 7, 28, 16, 31, 4, 11, 26, 17, 9, 10, 33, 37, 14, 22]",3,0.0,0.0,0.0,0.0,0,3,3,0
smd,group23_evaluation,machine-3-2,tranad_official,1,5,11900,12023,"[25, 23, 6, 35, 34, 19, 18, 13, 20, 3, 29, 21, 2, 15, 27, 30, 0, 1, 5, 8, 32, 36, 12, 24, 7, 28, 16, 31, 4, 11, 26, 17, 9, 10, 33, 37, 14, 22]",5,0.0,0.0,0.0,0.0,0,3,5,0
smd,group23_evaluation,machine-3-2,tranad_official,1,6,15644,15739,"[25, 23, 18, 6, 35, 34, 14, 15, 29, 2, 21, 19, 27, 5, 1, 13, 11, 32, 30, 20, 3, 31, 36, 8, 7, 28, 24, 16, 0, 12, 4, 33, 9, 26, 17, 10, 22, 37]",1,0.0,0.0,0.0,0.0,0,4,1,0
smd,group23_evaluation,machine-3-2,tranad_official,1,6,15644,15739,"[25, 23, 18, 6, 35, 34, 14, 15, 29, 2, 21, 19, 27, 5, 1, 13, 11, 32, 30, 20, 3, 31, 36, 8, 7, 28, 24, 16, 0, 12, 4, 33, 9, 26, 17, 10, 22, 37]",3,0.0,0.0,0.0,0.0,0,4,3,0
smd,group23_evaluation,machine-3-2,tranad_official,1,6,15644,15739,"[25, 23, 18, 6, 35, 34, 14, 15, 29, 2, 21, 19, 27, 5, 1, 13, 11, 32, 30, 20, 3, 31, 36, 8, 7, 28, 24, 16, 0, 12, 4, 33, 9, 26, 17, 10, 22, 37]",5,0.0,0.0,0.0,0.0,0,4,5,0
smd,group23_evaluation,machine-3-2,tranad_official,1,7,20717,20723,"[2, 3, 1, 25, 29, 0, 6, 19, 10, 23, 15, 27, 18, 21, 24, 30, 35, 5, 20, 32, 14, 34, 11, 31, 8, 12, 22, 13, 9, 37, 33, 26, 36, 7, 16, 28, 4, 17]",1,0.0,0.0,0.0,0.0,0,2,1,0
smd,group23_evaluation,machine-3-2,tranad_official,1,7,20717,20723,"[2, 3, 1, 25, 29, 0, 6, 19, 10, 23, 15, 27, 18, 21, 24, 30, 35, 5, 20, 32, 14, 34, 11, 31, 8, 12, 22, 13, 9, 37, 33, 26, 36, 7, 16, 28, 4, 17]",3,0.0,0.0,0.0,0.0,0,2,3,0
smd,group23_evaluation,machine-3-2,tranad_official,1,7,20717,20723,"[2, 3, 1, 25, 29, 0, 6, 19, 10, 23, 15, 27, 18, 21, 24, 30, 35, 5, 20, 32, 14, 34, 11, 31, 8, 12, 22, 13, 9, 37, 33, 26, 36, 7, 16, 28, 4, 17]",5,0.0,0.0,0.0,0.0,0,2,5,0
smd,group23_evaluation,machine-3-2,tranad_official,1,8,23059,23062,"[3, 2, 1, 0, 15, 6, 19, 25, 18, 27, 21, 8, 29, 23, 12, 30, 32, 20, 24, 14, 5, 11, 31, 35, 13, 34, 22, 33, 37, 7, 26, 16, 36, 4, 28, 17, 9, 10]",1,0.0,0.0,0.0,0.0,0,3,1,0
smd,group23_evaluation,machine-3-2,tranad_official,1,8,23059,23062,"[3, 2, 1, 0, 15, 6, 19, 25, 18, 27, 21, 8, 29, 23, 12, 30, 32, 20, 24, 14, 5, 11, 31, 35, 13, 34, 22, 33, 37, 7, 26, 16, 36, 4, 28, 17, 9, 10]",3,0.0,0.0,0.0,0.0,0,3,3,0
smd,group23_evaluation,machine-3-2,tranad_official,1,8,23059,23062,"[3, 2, 1, 0, 15, 6, 19, 25, 18, 27, 21, 8, 29, 23, 12, 30, 32, 20, 24, 14, 5, 11, 31, 35, 13, 34, 22, 33, 37, 7, 26, 16, 36, 4, 28, 17, 9, 10]",5,0.2,0.3333333333333333,0.25,0.18154179253735267,1,3,5,1
smd,group23_evaluation,machine-3-2,tranad_official,2,0,135,161,"[23, 6, 25, 18, 27, 35, 19, 11, 5, 30, 34, 20, 29, 24, 22, 0, 12, 15, 21, 1, 37, 32, 17, 2, 13, 16, 7, 28, 10, 31, 9, 33, 26, 8, 14, 3, 4, 36]",1,0.0,0.0,0.0,0.0,0,4,1,0
smd,group23_evaluation,machine-3-2,tranad_official,2,0,135,161,"[23, 6, 25, 18, 27, 35, 19, 11, 5, 30, 34, 20, 29, 24, 22, 0, 12, 15, 21, 1, 37, 32, 17, 2, 13, 16, 7, 28, 10, 31, 9, 33, 26, 8, 14, 3, 4, 36]",3,0.0,0.0,0.0,0.0,0,4,3,0
smd,group23_evaluation,machine-3-2,tranad_official,2,0,135,161,"[23, 6, 25, 18, 27, 35, 19, 11, 5, 30, 34, 20, 29, 24, 22, 0, 12, 15, 21, 1, 37, 32, 17, 2, 13, 16, 7, 28, 10, 31, 9, 33, 26, 8, 14, 3, 4, 36]",5,0.0,0.0,0.0,0.0,0,4,5,0
smd,group23_evaluation,machine-3-2,tranad_official,2,1,3080,3917,"[23, 25, 6, 5, 18, 35, 27, 20, 0, 34, 22, 30, 19, 16, 24, 2, 21, 1, 29, 3, 32, 13, 37, 15, 17, 7, 28, 12, 10, 33, 8, 26, 9, 14, 31, 11, 4, 36]",1,0.0,0.0,0.0,0.0,0,4,1,0
smd,group23_evaluation,machine-3-2,tranad_official,2,1,3080,3917,"[23, 25, 6, 5, 18, 35, 27, 20, 0, 34, 22, 30, 19, 16, 24, 2, 21, 1, 29, 3, 32, 13, 37, 15, 17, 7, 28, 12, 10, 33, 8, 26, 9, 14, 31, 11, 4, 36]",3,0.0,0.0,0.0,0.0,0,4,3,0
smd,group23_evaluation,machine-3-2,tranad_official,2,1,3080,3917,"[23, 25, 6, 5, 18, 35, 27, 20, 0, 34, 22, 30, 19, 16, 24, 2, 21, 1, 29, 3, 32, 13, 37, 15, 17, 7, 28, 12, 10, 33, 8, 26, 9, 14, 31, 11, 4, 36]",5,0.0,0.0,0.0,0.0,0,4,5,0
smd,group23_evaluation,machine-3-2,tranad_official,2,2,9139,9144,"[17, 23, 35, 26, 13, 36, 7, 1, 20, 10, 5, 6, 30, 29, 33, 11, 25, 4, 31, 15, 21, 3, 2, 32, 19, 0, 18, 24, 27, 8, 12, 34, 22, 14, 9, 37, 16, 28]",1,1.0,0.25,0.4,1.0,1,4,1,1
smd,group23_evaluation,machine-3-2,tranad_official,2,2,9139,9144,"[17, 23, 35, 26, 13, 36, 7, 1, 20, 10, 5, 6, 30, 29, 33, 11, 25, 4, 31, 15, 21, 3, 2, 32, 19, 0, 18, 24, 27, 8, 12, 34, 22, 14, 9, 37, 16, 28]",3,0.3333333333333333,0.25,0.28571428571428575,0.46927872602275644,1,4,3,1
smd,group23_evaluation,machine-3-2,tranad_official,2,2,9139,9144,"[17, 23, 35, 26, 13, 36, 7, 1, 20, 10, 5, 6, 30, 29, 33, 11, 25, 4, 31, 15, 21, 3, 2, 32, 19, 0, 18, 24, 27, 8, 12, 34, 22, 14, 9, 37, 16, 28]",5,0.4,0.5,0.4444444444444445,0.5413996682199069,1,4,5,2
smd,group23_evaluation,machine-3-2,tranad_official,2,3,9199,9204,"[25, 23, 29, 19, 13, 27, 15, 32, 5, 30, 21, 35, 1, 20, 2, 34, 18, 0, 24, 8, 6, 12, 3, 33, 31, 37, 22, 17, 28, 9, 16, 10, 7, 26, 14, 4, 11, 36]",1,0.0,0.0,0.0,0.0,0,3,1,0
smd,group23_evaluation,machine-3-2,tranad_official,2,3,9199,9204,"[25, 23, 29, 19, 13, 27, 15, 32, 5, 30, 21, 35, 1, 20, 2, 34, 18, 0, 24, 8, 6, 12, 3, 33, 31, 37, 22, 17, 28, 9, 16, 10, 7, 26, 14, 4, 11, 36]",3,0.0,0.0,0.0,0.0,0,3,3,0
smd,group23_evaluation,machine-3-2,tranad_official,2,3,9199,9204,"[25, 23, 29, 19, 13, 27, 15, 32, 5, 30, 21, 35, 1, 20, 2, 34, 18, 0, 24, 8, 6, 12, 3, 33, 31, 37, 22, 17, 28, 9, 16, 10, 7, 26, 14, 4, 11, 36]",5,0.2,0.3333333333333333,0.25,0.18154179253735267,1,3,5,1
smd,group23_evaluation,machine-3-2,tranad_official,2,4,15577,15582,"[23, 25, 6, 35, 18, 34, 3, 2, 27, 33, 13, 37, 0, 24, 28, 17, 20, 15, 7, 22, 8, 9, 12, 10, 32, 14, 16, 26, 31, 1, 21, 4, 11, 19, 36, 29, 30, 5]",1,0.0,0.0,0.0,0.0,0,5,1,0
smd,group23_evaluation,machine-3-2,tranad_official,2,4,15577,15582,"[23, 25, 6, 35, 18, 34, 3, 2, 27, 33, 13, 37, 0, 24, 28, 17, 20, 15, 7, 22, 8, 9, 12, 10, 32, 14, 16, 26, 31, 1, 21, 4, 11, 19, 36, 29, 30, 5]",3,0.0,0.0,0.0,0.0,0,5,3,0
smd,group23_evaluation,machine-3-2,tranad_official,2,4,15577,15582,"[23, 25, 6, 35, 18, 34, 3, 2, 27, 33, 13, 37, 0, 24, 28, 17, 20, 15, 7, 22, 8, 9, 12, 10, 32, 14, 16, 26, 31, 1, 21, 4, 11, 19, 36, 29, 30, 5]",5,0.2,0.2,0.20000000000000004,0.14606834984270645,1,5,5,1
smd,group23_evaluation,machine-3-2,tranad_official,2,5,11900,12023,"[23, 25, 6, 27, 35, 19, 18, 30, 13, 34, 29, 21, 15, 20, 1, 2, 5, 32, 8, 24, 0, 12, 33, 37, 3, 9, 17, 28, 16, 10, 14, 31, 22, 7, 26, 4, 36, 11]",1,0.0,0.0,0.0,0.0,0,3,1,0
smd,group23_evaluation,machine-3-2,tranad_official,2,5,11900,12023,"[23, 25, 6, 27, 35, 19, 18, 30, 13, 34, 29, 21, 15, 20, 1, 2, 5, 32, 8, 24, 0, 12, 33, 37, 3, 9, 17, 28, 16, 10, 14, 31, 22, 7, 26, 4, 36, 11]",3,0.0,0.0,0.0,0.0,0,3,3,0
smd,group23_evaluation,machine-3-2,tranad_official,2,5,11900,12023,"[23, 25, 6, 27, 35, 19, 18, 30, 13, 34, 29, 21, 15, 20, 1, 2, 5, 32, 8, 24, 0, 12, 33, 37, 3, 9, 17, 28, 16, 10, 14, 31, 22, 7, 26, 4, 36, 11]",5,0.0,0.0,0.0,0.0,0,3,5,0
smd,group23_evaluation,machine-3-2,tranad_official,2,6,15644,15739,"[23, 25, 6, 18, 35, 34, 27, 14, 3, 13, 2, 19, 15, 29, 0, 1, 32, 11, 33, 30, 20, 5, 21, 37, 22, 24, 8, 31, 12, 28, 17, 7, 9, 16, 10, 26, 4, 36]",1,0.0,0.0,0.0,0.0,0,4,1,0
smd,group23_evaluation,machine-3-2,tranad_official,2,6,15644,15739,"[23, 25, 6, 18, 35, 34, 27, 14, 3, 13, 2, 19, 15, 29, 0, 1, 32, 11, 33, 30, 20, 5, 21, 37, 22, 24, 8, 31, 12, 28, 17, 7, 9, 16, 10, 26, 4, 36]",3,0.0,0.0,0.0,0.0,0,4,3,0
smd,group23_evaluation,machine-3-2,tranad_official,2,6,15644,15739,"[23, 25, 6, 18, 35, 34, 27, 14, 3, 13, 2, 19, 15, 29, 0, 1, 32, 11, 33, 30, 20, 5, 21, 37, 22, 24, 8, 31, 12, 28, 17, 7, 9, 16, 10, 26, 4, 36]",5,0.0,0.0,0.0,0.0,0,4,5,0
smd,group23_evaluation,machine-3-2,tranad_official,2,7,20717,20723,"[2, 1, 3, 29, 25, 23, 0, 18, 10, 27, 15, 19, 5, 21, 35, 24, 30, 20, 32, 6, 34, 16, 11, 31, 14, 12, 8, 28, 22, 37, 33, 9, 4, 13, 7, 36, 17, 26]",1,0.0,0.0,0.0,0.0,0,2,1,0
smd,group23_evaluation,machine-3-2,tranad_official,2,7,20717,20723,"[2, 1, 3, 29, 25, 23, 0, 18, 10, 27, 15, 19, 5, 21, 35, 24, 30, 20, 32, 6, 34, 16, 11, 31, 14, 12, 8, 28, 22, 37, 33, 9, 4, 13, 7, 36, 17, 26]",3,0.0,0.0,0.0,0.0,0,2,3,0
smd,group23_evaluation,machine-3-2,tranad_official,2,7,20717,20723,"[2, 1, 3, 29, 25, 23, 0, 18, 10, 27, 15, 19, 5, 21, 35, 24, 30, 20, 32, 6, 34, 16, 11, 31, 14, 12, 8, 28, 22, 37, 33, 9, 4, 13, 7, 36, 17, 26]",5,0.0,0.0,0.0,0.0,0,2,5,0
smd,group23_evaluation,machine-3-2,tranad_official,2,8,23059,23062,"[3, 2, 1, 15, 19, 18, 0, 30, 23, 8, 29, 27, 12, 28, 25, 21, 32, 20, 24, 14, 31, 16, 11, 35, 13, 34, 5, 6, 22, 37, 4, 7, 10, 9, 33, 36, 26, 17]",1,0.0,0.0,0.0,0.0,0,3,1,0
smd,group23_evaluation,machine-3-2,tranad_official,2,8,23059,23062,"[3, 2, 1, 15, 19, 18, 0, 30, 23, 8, 29, 27, 12, 28, 25, 21, 32, 20, 24, 14, 31, 16, 11, 35, 13, 34, 5, 6, 22, 37, 4, 7, 10, 9, 33, 36, 26, 17]",3,0.0,0.0,0.0,0.0,0,3,3,0
smd,group23_evaluation,machine-3-2,tranad_official,2,8,23059,23062,"[3, 2, 1, 15, 19, 18, 0, 30, 23, 8, 29, 27, 12, 28, 25, 21, 32, 20, 24, 14, 31, 16, 11, 35, 13, 34, 5, 6, 22, 37, 4, 7, 10, 9, 33, 36, 26, 17]",5,0.2,0.3333333333333333,0.25,0.20210734650054757,1,3,5,1
smd,group23_evaluation,machine-3-3,tranad_official,0,0,739,742,"[9, 12, 10, 15, 11, 25, 14, 5, 30, 34, 29, 18, 6, 37, 28, 0, 8, 3, 13, 26, 22, 4, 36, 32, 16, 17, 7, 19, 35, 1, 21, 2, 27, 33, 23, 31, 24, 20]",1,1.0,0.25,0.4,1.0,1,4,1,1
smd,group23_evaluation,machine-3-3,tranad_official,0,0,739,742,"[9, 12, 10, 15, 11, 25, 14, 5, 30, 34, 29, 18, 6, 37, 28, 0, 8, 3, 13, 26, 22, 4, 36, 32, 16, 17, 7, 19, 35, 1, 21, 2, 27, 33, 23, 31, 24, 20]",3,1.0,0.75,0.8571428571428571,1.0,1,4,3,3
smd,group23_evaluation,machine-3-3,tranad_official,0,0,739,742,"[9, 12, 10, 15, 11, 25, 14, 5, 30, 34, 29, 18, 6, 37, 28, 0, 8, 3, 13, 26, 22, 4, 36, 32, 16, 17, 7, 19, 35, 1, 21, 2, 27, 33, 23, 31, 24, 20]",5,0.8,1.0,0.888888888888889,0.9828920819566879,1,4,5,4
smd,group23_evaluation,machine-3-3,tranad_official,0,1,1808,1814,"[17, 33, 28, 9, 1, 15, 11, 36, 35, 7, 5, 13, 21, 22, 37, 31, 24, 27, 20, 19, 18, 34, 30, 0, 25, 6, 23, 12, 14, 32, 3, 8, 2, 29, 10, 4, 16, 26]",1,1.0,1.0,1.0,1.0,1,1,1,1
smd,group23_evaluation,machine-3-3,tranad_official,0,1,1808,1814,"[17, 33, 28, 9, 1, 15, 11, 36, 35, 7, 5, 13, 21, 22, 37, 31, 24, 27, 20, 19, 18, 34, 30, 0, 25, 6, 23, 12, 14, 32, 3, 8, 2, 29, 10, 4, 16, 26]",3,0.3333333333333333,1.0,0.5,1.0,1,1,3,1
smd,group23_evaluation,machine-3-3,tranad_official,0,1,1808,1814,"[17, 33, 28, 9, 1, 15, 11, 36, 35, 7, 5, 13, 21, 22, 37, 31, 24, 27, 20, 19, 18, 34, 30, 0, 25, 6, 23, 12, 14, 32, 3, 8, 2, 29, 10, 4, 16, 26]",5,0.2,1.0,0.33333333333333337,1.0,1,1,5,1
smd,group23_evaluation,machine-3-3,tranad_official,0,2,2179,2182,"[9, 12, 10, 11, 25, 5, 18, 30, 29, 14, 0, 6, 19, 13, 28, 21, 26, 15, 3, 4, 17, 27, 31, 7, 16, 2, 24, 8, 20, 32, 34, 22, 23, 37, 35, 33, 1, 36]",1,1.0,0.25,0.4,1.0,1,4,1,1
smd,group23_evaluation,machine-3-3,tranad_official,0,2,2179,2182,"[9, 12, 10, 11, 25, 5, 18, 30, 29, 14, 0, 6, 19, 13, 28, 21, 26, 15, 3, 4, 17, 27, 31, 7, 16, 2, 24, 8, 20, 32, 34, 22, 23, 37, 35, 33, 1, 36]",3,1.0,0.75,0.8571428571428571,1.0,1,4,3,3
smd,group23_evaluation,machine-3-3,tranad_official,0,2,2179,2182,"[9, 12, 10, 11, 25, 5, 18, 30, 29, 14, 0, 6, 19, 13, 28, 21, 26, 15, 3, 4, 17, 27, 31, 7, 16, 2, 24, 8, 20, 32, 34, 22, 23, 37, 35, 33, 1, 36]",5,0.8,1.0,0.888888888888889,1.0,1,4,5,4
smd,group23_evaluation,machine-3-3,tranad_official,0,3,3619,3622,"[9, 12, 10, 11, 25, 5, 13, 29, 18, 30, 6, 31, 28, 26, 3, 4, 14, 0, 19, 17, 15, 2, 7, 16, 34, 22, 32, 20, 37, 23, 8, 24, 1, 33, 21, 27, 36, 35]",1,1.0,0.25,0.4,1.0,1,4,1,1
smd,group23_evaluation,machine-3-3,tranad_official,0,3,3619,3622,"[9, 12, 10, 11, 25, 5, 13, 29, 18, 30, 6, 31, 28, 26, 3, 4, 14, 0, 19, 17, 15, 2, 7, 16, 34, 22, 32, 20, 37, 23, 8, 24, 1, 33, 21, 27, 36, 35]",3,1.0,0.75,0.8571428571428571,1.0,1,4,3,3
smd,group23_evaluation,machine-3-3,tranad_official,0,3,3619,3622,"[9, 12, 10, 11, 25, 5, 13, 29, 18, 30, 6, 31, 28, 26, 3, 4, 14, 0, 19, 17, 15, 2, 7, 16, 34, 22, 32, 20, 37, 23, 8, 24, 1, 33, 21, 27, 36, 35]",5,0.8,1.0,0.888888888888889,1.0,1,4,5,4
smd,group23_evaluation,machine-3-3,tranad_official,0,4,4561,4578,"[23, 6, 8, 13, 9, 12, 10, 5, 25, 29, 11, 14, 21, 0, 30, 24, 20, 28, 37, 27, 35, 15, 7, 36, 26, 16, 1, 22, 18, 31, 4, 17, 34, 19, 2, 32, 3, 33]",1,1.0,0.041666666666666664,0.07999999999999999,1.0,1,24,1,1
smd,group23_evaluation,machine-3-3,tranad_official,0,4,4561,4578,"[23, 6, 8, 13, 9, 12, 10, 5, 25, 29, 11, 14, 21, 0, 30, 24, 20, 28, 37, 27, 35, 15, 7, 36, 26, 16, 1, 22, 18, 31, 4, 17, 34, 19, 2, 32, 3, 33]",3,1.0,0.125,0.2222222222222222,1.0,1,24,3,3
smd,group23_evaluation,machine-3-3,tranad_official,0,4,4561,4578,"[23, 6, 8, 13, 9, 12, 10, 5, 25, 29, 11, 14, 21, 0, 30, 24, 20, 28, 37, 27, 35, 15, 7, 36, 26, 16, 1, 22, 18, 31, 4, 17, 34, 19, 2, 32, 3, 33]",5,1.0,0.20833333333333334,0.3448275862068966,1.0,1,24,5,5
smd,group23_evaluation,machine-3-3,tranad_official,0,5,4564,4567,"[8, 23, 9, 13, 12, 10, 6, 25, 5, 29, 11, 14, 0, 15, 1, 24, 21, 35, 37, 36, 30, 27, 28, 7, 26, 31, 20, 22, 17, 16, 18, 4, 34, 2, 19, 32, 33, 3]",1,1.0,0.041666666666666664,0.07999999999999999,1.0,1,24,1,1
smd,group23_evaluation,machine-3-3,tranad_official,0,5,4564,4567,"[8, 23, 9, 13, 12, 10, 6, 25, 5, 29, 11, 14, 0, 15, 1, 24, 21, 35, 37, 36, 30, 27, 28, 7, 26, 31, 20, 22, 17, 16, 18, 4, 34, 2, 19, 32, 33, 3]",3,1.0,0.125,0.2222222222222222,1.0,1,24,3,3
smd,group23_evaluation,machine-3-3,tranad_official,0,5,4564,4567,"[8, 23, 9, 13, 12, 10, 6, 25, 5, 29, 11, 14, 0, 15, 1, 24, 21, 35, 37, 36, 30, 27, 28, 7, 26, 31, 20, 22, 17, 16, 18, 4, 34, 2, 19, 32, 33, 3]",5,1.0,0.20833333333333334,0.3448275862068966,1.0,1,24,5,5
smd,group23_evaluation,machine-3-3,tranad_official,0,6,5059,5062,"[9, 12, 10, 11, 6, 5, 25, 29, 31, 28, 26, 18, 13, 14, 3, 15, 4, 30, 17, 16, 7, 2, 23, 0, 35, 32, 22, 8, 20, 19, 34, 36, 24, 1, 21, 33, 37, 27]",1,1.0,0.25,0.4,1.0,1,4,1,1
smd,group23_evaluation,machine-3-3,tranad_official,0,6,5059,5062,"[9, 12, 10, 11, 6, 5, 25, 29, 31, 28, 26, 18, 13, 14, 3, 15, 4, 30, 17, 16, 7, 2, 23, 0, 35, 32, 22, 8, 20, 19, 34, 36, 24, 1, 21, 33, 37, 27]",3,1.0,0.75,0.8571428571428571,1.0,1,4,3,3
smd,group23_evaluation,machine-3-3,tranad_official,0,6,5059,5062,"[9, 12, 10, 11, 6, 5, 25, 29, 31, 28, 26, 18, 13, 14, 3, 15, 4, 30, 17, 16, 7, 2, 23, 0, 35, 32, 22, 8, 20, 19, 34, 36, 24, 1, 21, 33, 37, 27]",5,0.8,1.0,0.888888888888889,1.0,1,4,5,4
smd,group23_evaluation,machine-3-3,tranad_official,0,7,5449,5453,"[16, 9, 30, 4, 17, 33, 32, 15, 0, 20, 21, 2, 13, 18, 23, 7, 5, 3, 31, 6, 11, 12, 25, 14, 24, 8, 19, 34, 36, 37, 35, 10, 22, 27, 1, 26, 28, 29]",1,1.0,0.2,0.33333333333333337,1.0,1,5,1,1
smd,group23_evaluation,machine-3-3,tranad_official,0,7,5449,5453,"[16, 9, 30, 4, 17, 33, 32, 15, 0, 20, 21, 2, 13, 18, 23, 7, 5, 3, 31, 6, 11, 12, 25, 14, 24, 8, 19, 34, 36, 37, 35, 10, 22, 27, 1, 26, 28, 29]",3,0.3333333333333333,0.2,0.25,0.46927872602275644,1,5,3,1
smd,group23_evaluation,machine-3-3,tranad_official,0,7,5449,5453,"[16, 9, 30, 4, 17, 33, 32, 15, 0, 20, 21, 2, 13, 18, 23, 7, 5, 3, 31, 6, 11, 12, 25, 14, 24, 8, 19, 34, 36, 37, 35, 10, 22, 27, 1, 26, 28, 29]",5,0.2,0.2,0.20000000000000004,0.3391602052736161,1,5,5,1
smd,group23_evaluation,machine-3-3,tranad_official,0,8,6499,6502,"[9, 12, 10, 11, 5, 25, 13, 18, 29, 30, 28, 31, 14, 26, 3, 0, 4, 17, 15, 2, 16, 19, 7, 24, 35, 37, 20, 8, 32, 21, 23, 27, 1, 22, 34, 6, 36, 33]",1,1.0,0.25,0.4,1.0,1,4,1,1
smd,group23_evaluation,machine-3-3,tranad_official,0,8,6499,6502,"[9, 12, 10, 11, 5, 25, 13, 18, 29, 30, 28, 31, 14, 26, 3, 0, 4, 17, 15, 2, 16, 19, 7, 24, 35, 37, 20, 8, 32, 21, 23, 27, 1, 22, 34, 6, 36, 33]",3,1.0,0.75,0.8571428571428571,1.0,1,4,3,3
smd,group23_evaluation,machine-3-3,tranad_official,0,8,6499,6502,"[9, 12, 10, 11, 5, 25, 13, 18, 29, 30, 28, 31, 14, 26, 3, 0, 4, 17, 15, 2, 16, 19, 7, 24, 35, 37, 20, 8, 32, 21, 23, 27, 1, 22, 34, 6, 36, 33]",5,0.8,1.0,0.888888888888889,1.0,1,4,5,4
smd,group23_evaluation,machine-3-3,tranad_official,0,9,7939,7942,"[9, 12, 10, 11, 5, 13, 25, 29, 18, 30, 6, 31, 28, 14, 4, 26, 17, 0, 15, 23, 7, 16, 3, 19, 34, 2, 21, 37, 20, 8, 32, 35, 1, 27, 33, 36, 24, 22]",1,1.0,0.25,0.4,1.0,1,4,1,1
smd,group23_evaluation,machine-3-3,tranad_official,0,9,7939,7942,"[9, 12, 10, 11, 5, 13, 25, 29, 18, 30, 6, 31, 28, 14, 4, 26, 17, 0, 15, 23, 7, 16, 3, 19, 34, 2, 21, 37, 20, 8, 32, 35, 1, 27, 33, 36, 24, 22]",3,1.0,0.75,0.8571428571428571,1.0,1,4,3,3
smd,group23_evaluation,machine-3-3,tranad_official,0,9,7939,7942,"[9, 12, 10, 11, 5, 13, 25, 29, 18, 30, 6, 31, 28, 14, 4, 26, 17, 0, 15, 23, 7, 16, 3, 19, 34, 2, 21, 37, 20, 8, 32, 35, 1, 27, 33, 36, 24, 22]",5,0.8,1.0,0.888888888888889,1.0,1,4,5,4
smd,group23_evaluation,machine-3-3,tranad_official,0,10,8407,8414,"[16, 4, 17, 32, 23, 0, 18, 30, 2, 15, 21, 9, 26, 20, 33, 14, 19, 11, 28, 7, 25, 5, 1, 22, 6, 31, 27, 24, 12, 34, 36, 37, 35, 13, 8, 10, 3, 29]",1,1.0,0.2,0.33333333333333337,1.0,1,5,1,1
smd,group23_evaluation,machine-3-3,tranad_official,0,10,8407,8414,"[16, 4, 17, 32, 23, 0, 18, 30, 2, 15, 21, 9, 26, 20, 33, 14, 19, 11, 28, 7, 25, 5, 1, 22, 6, 31, 27, 24, 12, 34, 36, 37, 35, 13, 8, 10, 3, 29]",3,0.3333333333333333,0.2,0.25,0.46927872602275644,1,5,3,1
smd,group23_evaluation,machine-3-3,tranad_official,0,10,8407,8414,"[16, 4, 17, 32, 23, 0, 18, 30, 2, 15, 21, 9, 26, 20, 33, 14, 19, 11, 28, 7, 25, 5, 1, 22, 6, 31, 27, 24, 12, 34, 36, 37, 35, 13, 8, 10, 3, 29]",5,0.2,0.2,0.20000000000000004,0.3391602052736161,1,5,5,1
smd,group23_evaluation,machine-3-3,tranad_official,0,11,9737,9740,"[16, 20, 15, 30, 9, 4, 17, 33, 32, 23, 0, 18, 21, 7, 26, 28, 1, 2, 5, 31, 6, 11, 25, 12, 13, 14, 24, 34, 36, 37, 35, 19, 22, 10, 27, 8, 29, 3]",1,1.0,0.3333333333333333,0.5,1.0,1,3,1,1
smd,group23_evaluation,machine-3-3,tranad_official,0,11,9737,9740,"[16, 20, 15, 30, 9, 4, 17, 33, 32, 23, 0, 18, 21, 7, 26, 28, 1, 2, 5, 31, 6, 11, 25, 12, 13, 14, 24, 34, 36, 37, 35, 19, 22, 10, 27, 8, 29, 3]",3,0.6666666666666666,0.6666666666666666,0.6666666666666666,0.7039180890341347,1,3,3,2
smd,group23_evaluation,machine-3-3,tranad_official,0,11,9737,9740,"[16, 20, 15, 30, 9, 4, 17, 33, 32, 23, 0, 18, 21, 7, 26, 28, 1, 2, 5, 31, 6, 11, 25, 12, 13, 14, 24, 34, 36, 37, 35, 19, 22, 10, 27, 8, 29, 3]",5,0.4,0.6666666666666666,0.5,0.7039180890341347,1,3,5,2
smd,group23_evaluation,machine-3-3,tranad_official,0,12,10819,10822,"[9, 12, 10, 11, 25, 6, 5, 13, 30, 18, 0, 29, 34, 14, 28, 26, 21, 37, 4, 27, 3, 19, 7, 16, 17, 2, 36, 23, 15, 32, 35, 24, 22, 1, 31, 33, 20, 8]",1,1.0,0.25,0.4,1.0,1,4,1,1
smd,group23_evaluation,machine-3-3,tranad_official,0,12,10819,10822,"[9, 12, 10, 11, 25, 6, 5, 13, 30, 18, 0, 29, 34, 14, 28, 26, 21, 37, 4, 27, 3, 19, 7, 16, 17, 2, 36, 23, 15, 32, 35, 24, 22, 1, 31, 33, 20, 8]",3,1.0,0.75,0.8571428571428571,1.0,1,4,3,3
smd,group23_evaluation,machine-3-3,tranad_official,0,12,10819,10822,"[9, 12, 10, 11, 25, 6, 5, 13, 30, 18, 0, 29, 34, 14, 28, 26, 21, 37, 4, 27, 3, 19, 7, 16, 17, 2, 36, 23, 15, 32, 35, 24, 22, 1, 31, 33, 20, 8]",5,0.8,1.0,0.888888888888889,1.0,1,4,5,4
smd,group23_evaluation,machine-3-3,tranad_official,0,13,12259,12262,"[9, 12, 10, 11, 6, 25, 5, 13, 30, 18, 29, 19, 0, 14, 28, 34, 26, 4, 17, 21, 15, 37, 3, 7, 16, 24, 27, 36, 2, 31, 32, 23, 8, 35, 22, 20, 33, 1]",1,1.0,0.25,0.4,1.0,1,4,1,1
smd,group23_evaluation,machine-3-3,tranad_official,0,13,12259,12262,"[9, 12, 10, 11, 6, 25, 5, 13, 30, 18, 29, 19, 0, 14, 28, 34, 26, 4, 17, 21, 15, 37, 3, 7, 16, 24, 27, 36, 2, 31, 32, 23, 8, 35, 22, 20, 33, 1]",3,1.0,0.75,0.8571428571428571,1.0,1,4,3,3
smd,group23_evaluation,machine-3-3,tranad_official,0,13,12259,12262,"[9, 12, 10, 11, 6, 25, 5, 13, 30, 18, 29, 19, 0, 14, 28, 34, 26, 4, 17, 21, 15, 37, 3, 7, 16, 24, 27, 36, 2, 31, 32, 23, 8, 35, 22, 20, 33, 1]",5,0.8,1.0,0.888888888888889,1.0,1,4,5,4
smd,group23_evaluation,machine-3-3,tranad_official,0,14,13699,13702,"[9, 12, 10, 11, 6, 25, 5, 13, 18, 30, 29, 34, 3, 37, 19, 28, 0, 21, 4, 26, 27, 15, 2, 17, 7, 35, 36, 16, 14, 31, 20, 8, 24, 32, 23, 1, 33, 22]",1,1.0,0.25,0.4,1.0,1,4,1,1
smd,group23_evaluation,machine-3-3,tranad_official,0,14,13699,13702,"[9, 12, 10, 11, 6, 25, 5, 13, 18, 30, 29, 34, 3, 37, 19, 28, 0, 21, 4, 26, 27, 15, 2, 17, 7, 35, 36, 16, 14, 31, 20, 8, 24, 32, 23, 1, 33, 22]",3,1.0,0.75,0.8571428571428571,1.0,1,4,3,3
smd,group23_evaluation,machine-3-3,tranad_official,0,14,13699,13702,"[9, 12, 10, 11, 6, 25, 5, 13, 18, 30, 29, 34, 3, 37, 19, 28, 0, 21, 4, 26, 27, 15, 2, 17, 7, 35, 36, 16, 14, 31, 20, 8, 24, 32, 23, 1, 33, 22]",5,0.8,1.0,0.888888888888889,1.0,1,4,5,4
smd,group23_evaluation,machine-3-3,tranad_official,0,15,13827,13830,"[16, 2, 20, 30, 15, 9, 4, 17, 28, 33, 32, 0, 13, 18, 21, 34, 23, 14, 7, 3, 1, 31, 5, 6, 11, 12, 25, 10, 8, 24, 29, 36, 37, 35, 27, 19, 22, 26]",1,1.0,1.0,1.0,1.0,1,1,1,1
smd,group23_evaluation,machine-3-3,tranad_official,0,15,13827,13830,"[16, 2, 20, 30, 15, 9, 4, 17, 28, 33, 32, 0, 13, 18, 21, 34, 23, 14, 7, 3, 1, 31, 5, 6, 11, 12, 25, 10, 8, 24, 29, 36, 37, 35, 27, 19, 22, 26]",3,0.3333333333333333,1.0,0.5,1.0,1,1,3,1
smd,group23_evaluation,machine-3-3,tranad_official,0,15,13827,13830,"[16, 2, 20, 30, 15, 9, 4, 17, 28, 33, 32, 0, 13, 18, 21, 34, 23, 14, 7, 3, 1, 31, 5, 6, 11, 12, 25, 10, 8, 24, 29, 36, 37, 35, 27, 19, 22, 26]",5,0.2,1.0,0.33333333333333337,1.0,1,1,5,1
smd,group23_evaluation,machine-3-3,tranad_official,0,16,14476,14486,"[13, 11, 12, 15, 8, 14, 6, 5, 25, 37, 0, 18, 30, 22, 28, 9, 29, 7, 26, 4, 34, 23, 17, 16, 31, 21, 20, 27, 3, 10, 19, 2, 36, 24, 35, 32, 33, 1]",1,1.0,1.0,1.0,1.0,1,1,1,1
smd,group23_evaluation,machine-3-3,tranad_official,0,16,14476,14486,"[13, 11, 12, 15, 8, 14, 6, 5, 25, 37, 0, 18, 30, 22, 28, 9, 29, 7, 26, 4, 34, 23, 17, 16, 31, 21, 20, 27, 3, 10, 19, 2, 36, 24, 35, 32, 33, 1]",3,0.3333333333333333,1.0,0.5,1.0,1,1,3,1
smd,group23_evaluation,machine-3-3,tranad_official,0,16,14476,14486,"[13, 11, 12, 15, 8, 14, 6, 5, 25, 37, 0, 18, 30, 22, 28, 9, 29, 7, 26, 4, 34, 23, 17, 16, 31, 21, 20, 27, 3, 10, 19, 2, 36, 24, 35, 32, 33, 1]",5,0.2,1.0,0.33333333333333337,1.0,1,1,5,1
smd,group23_evaluation,machine-3-3,tranad_official,0,17,15139,15142,"[9, 12, 10, 11, 6, 25, 5, 31, 29, 13, 14, 18, 3, 28, 4, 26, 30, 17, 24, 15, 2, 7, 16, 0, 35, 36, 32, 20, 1, 8, 34, 33, 23, 37, 22, 21, 27, 19]",1,1.0,0.25,0.4,1.0,1,4,1,1
smd,group23_evaluation,machine-3-3,tranad_official,0,17,15139,15142,"[9, 12, 10, 11, 6, 25, 5, 31, 29, 13, 14, 18, 3, 28, 4, 26, 30, 17, 24, 15, 2, 7, 16, 0, 35, 36, 32, 20, 1, 8, 34, 33, 23, 37, 22, 21, 27, 19]",3,1.0,0.75,0.8571428571428571,1.0,1,4,3,3
smd,group23_evaluation,machine-3-3,tranad_official,0,17,15139,15142,"[9, 12, 10, 11, 6, 25, 5, 31, 29, 13, 14, 18, 3, 28, 4, 26, 30, 17, 24, 15, 2, 7, 16, 0, 35, 36, 32, 20, 1, 8, 34, 33, 23, 37, 22, 21, 27, 19]",5,0.8,1.0,0.888888888888889,1.0,1,4,5,4
smd,group23_evaluation,machine-3-3,tranad_official,0,18,16199,16212,"[13, 0, 1, 18, 12, 14, 6, 20, 27, 11, 24, 5, 2, 31, 19, 21, 30, 3, 28, 10, 7, 8, 9, 26, 22, 16, 25, 4, 29, 15, 32, 23, 34, 37, 36, 35, 17, 33]",1,0.0,0.0,0.0,0.0,0,4,1,0
smd,group23_evaluation,machine-3-3,tranad_official,0,18,16199,16212,"[13, 0, 1, 18, 12, 14, 6, 20, 27, 11, 24, 5, 2, 31, 19, 21, 30, 3, 28, 10, 7, 8, 9, 26, 22, 16, 25, 4, 29, 15, 32, 23, 34, 37, 36, 35, 17, 33]",3,0.0,0.0,0.0,0.0,0,4,3,0
smd,group23_evaluation,machine-3-3,tranad_official,0,18,16199,16212,"[13, 0, 1, 18, 12, 14, 6, 20, 27, 11, 24, 5, 2, 31, 19, 21, 30, 3, 28, 10, 7, 8, 9, 26, 22, 16, 25, 4, 29, 15, 32, 23, 34, 37, 36, 35, 17, 33]",5,0.2,0.25,0.22222222222222224,0.15101961822780524,1,4,5,1
smd,group23_evaluation,machine-3-3,tranad_official,0,19,16579,16582,"[9, 12, 10, 11, 25, 6, 5, 31, 29, 3, 14, 13, 28, 18, 26, 4, 24, 15, 17, 30, 2, 7, 16, 0, 32, 20, 35, 23, 8, 36, 34, 1, 19, 37, 33, 27, 22, 21]",1,0.0,0.0,0.0,0.0,0,10,1,0
smd,group23_evaluation,machine-3-3,tranad_official,0,19,16579,16582,"[9, 12, 10, 11, 25, 6, 5, 31, 29, 3, 14, 13, 28, 18, 26, 4, 24, 15, 17, 30, 2, 7, 16, 0, 32, 20, 35, 23, 8, 36, 34, 1, 19, 37, 33, 27, 22, 21]",3,0.0,0.0,0.0,0.0,0,10,3,0
smd,group23_evaluation,machine-3-3,tranad_official,0,19,16579,16582,"[9, 12, 10, 11, 25, 6, 5, 31, 29, 3, 14, 13, 28, 18, 26, 4, 24, 15, 17, 30, 2, 7, 16, 0, 32, 20, 35, 23, 8, 36, 34, 1, 19, 37, 33, 27, 22, 21]",5,0.0,0.0,0.0,0.0,0,10,5,0
smd,group23_evaluation,machine-3-3,tranad_official,0,20,18019,18022,"[9, 12, 10, 11, 6, 25, 18, 29, 5, 30, 31, 3, 14, 13, 28, 0, 4, 26, 2, 15, 17, 7, 16, 35, 19, 21, 32, 27, 24, 23, 36, 1, 34, 20, 22, 8, 37, 33]",1,1.0,0.25,0.4,1.0,1,4,1,1
smd,group23_evaluation,machine-3-3,tranad_official,0,20,18019,18022,"[9, 12, 10, 11, 6, 25, 18, 29, 5, 30, 31, 3, 14, 13, 28, 0, 4, 26, 2, 15, 17, 7, 16, 35, 19, 21, 32, 27, 24, 23, 36, 1, 34, 20, 22, 8, 37, 33]",3,1.0,0.75,0.8571428571428571,1.0,1,4,3,3
smd,group23_evaluation,machine-3-3,tranad_official,0,20,18019,18022,"[9, 12, 10, 11, 6, 25, 18, 29, 5, 30, 31, 3, 14, 13, 28, 0, 4, 26, 2, 15, 17, 7, 16, 35, 19, 21, 32, 27, 24, 23, 36, 1, 34, 20, 22, 8, 37, 33]",5,0.8,1.0,0.888888888888889,1.0,1,4,5,4
smd,group23_evaluation,machine-3-3,tranad_official,0,21,19081,19088,"[6, 0, 32, 1, 13, 19, 18, 24, 20, 27, 12, 5, 31, 30, 11, 21, 2, 33, 3, 10, 28, 7, 14, 25, 26, 22, 15, 16, 9, 29, 4, 23, 8, 37, 34, 17, 35, 36]",1,0.0,0.0,0.0,0.0,0,4,1,0
smd,group23_evaluation,machine-3-3,tranad_official,0,21,19081,19088,"[6, 0, 32, 1, 13, 19, 18, 24, 20, 27, 12, 5, 31, 30, 11, 21, 2, 33, 3, 10, 28, 7, 14, 25, 26, 22, 15, 16, 9, 29, 4, 23, 8, 37, 34, 17, 35, 36]",3,0.0,0.0,0.0,0.0,0,4,3,0
smd,group23_evaluation,machine-3-3,tranad_official,0,21,19081,19088,"[6, 0, 32, 1, 13, 19, 18, 24, 20, 27, 12, 5, 31, 30, 11, 21, 2, 33, 3, 10, 28, 7, 14, 25, 26, 22, 15, 16, 9, 29, 4, 23, 8, 37, 34, 17, 35, 36]",5,0.0,0.0,0.0,0.0,0,4,5,0
smd,group23_evaluation,machine-3-3,tranad_official,0,22,19349,19830,"[0, 18, 5, 6, 27, 20, 19, 21, 15, 1, 3, 30, 2, 25, 14, 11, 24, 13, 34, 12, 37, 35, 36, 29, 22, 9, 8, 23, 31, 28, 4, 7, 17, 26, 32, 10, 16, 33]",1,1.0,0.3333333333333333,0.5,1.0,1,3,1,1
smd,group23_evaluation,machine-3-3,tranad_official,0,22,19349,19830,"[0, 18, 5, 6, 27, 20, 19, 21, 15, 1, 3, 30, 2, 25, 14, 11, 24, 13, 34, 12, 37, 35, 36, 29, 22, 9, 8, 23, 31, 28, 4, 7, 17, 26, 32, 10, 16, 33]",3,0.3333333333333333,0.3333333333333333,0.3333333333333333,0.46927872602275644,1,3,3,1
smd,group23_evaluation,machine-3-3,tranad_official,0,22,19349,19830,"[0, 18, 5, 6, 27, 20, 19, 21, 15, 1, 3, 30, 2, 25, 14, 11, 24, 13, 34, 12, 37, 35, 36, 29, 22, 9, 8, 23, 31, 28, 4, 7, 17, 26, 32, 10, 16, 33]",5,0.2,0.3333333333333333,0.25,0.46927872602275644,1,3,5,1
smd,group23_evaluation,machine-3-3,tranad_official,0,23,19459,19462,"[9, 12, 10, 15, 11, 14, 6, 13, 25, 5, 34, 22, 37, 30, 8, 36, 35, 29, 18, 31, 21, 28, 24, 0, 4, 26, 19, 17, 7, 3, 27, 16, 2, 32, 23, 33, 1, 20]",1,1.0,0.05263157894736842,0.1,1.0,1,19,1,1
smd,group23_evaluation,machine-3-3,tranad_official,0,23,19459,19462,"[9, 12, 10, 15, 11, 14, 6, 13, 25, 5, 34, 22, 37, 30, 8, 36, 35, 29, 18, 31, 21, 28, 24, 0, 4, 26, 19, 17, 7, 3, 27, 16, 2, 32, 23, 33, 1, 20]",3,0.6666666666666666,0.10526315789473684,0.18181818181818182,0.7039180890341347,1,19,3,2
smd,group23_evaluation,machine-3-3,tranad_official,0,23,19459,19462,"[9, 12, 10, 15, 11, 14, 6, 13, 25, 5, 34, 22, 37, 30, 8, 36, 35, 29, 18, 31, 21, 28, 24, 0, 4, 26, 19, 17, 7, 3, 27, 16, 2, 32, 23, 33, 1, 20]",5,0.6,0.15789473684210525,0.25,0.639945385422766,1,19,5,3
smd,group23_evaluation,machine-3-3,tranad_official,0,24,20897,20903,"[9, 12, 15, 10, 13, 11, 6, 37, 34, 14, 36, 35, 22, 30, 5, 25, 18, 21, 24, 8, 0, 31, 27, 19, 23, 29, 28, 20, 26, 3, 33, 4, 32, 7, 2, 16, 17, 1]",1,1.0,0.25,0.4,1.0,1,4,1,1
smd,group23_evaluation,machine-3-3,tranad_official,0,24,20897,20903,"[9, 12, 15, 10, 13, 11, 6, 37, 34, 14, 36, 35, 22, 30, 5, 25, 18, 21, 24, 8, 0, 31, 27, 19, 23, 29, 28, 20, 26, 3, 33, 4, 32, 7, 2, 16, 17, 1]",3,0.6666666666666666,0.5,0.5714285714285715,0.7653606369886217,1,4,3,2
smd,group23_evaluation,machine-3-3,tranad_official,0,24,20897,20903,"[9, 12, 15, 10, 13, 11, 6, 37, 34, 14, 36, 35, 22, 30, 5, 25, 18, 21, 24, 8, 0, 31, 27, 19, 23, 29, 28, 20, 26, 3, 33, 4, 32, 7, 2, 16, 17, 1]",5,0.6,0.75,0.6666666666666665,0.8048099750039491,1,4,5,3
smd,group23_evaluation,machine-3-3,tranad_official,0,25,21878,21893,"[17, 28, 33, 9, 1, 15, 7, 11, 13, 36, 35, 22, 21, 37, 24, 20, 18, 27, 19, 34, 30, 6, 31, 0, 25, 16, 4, 32, 14, 12, 23, 8, 29, 3, 5, 2, 10, 26]",1,1.0,1.0,1.0,1.0,1,1,1,1
smd,group23_evaluation,machine-3-3,tranad_official,0,25,21878,21893,"[17, 28, 33, 9, 1, 15, 7, 11, 13, 36, 35, 22, 21, 37, 24, 20, 18, 27, 19, 34, 30, 6, 31, 0, 25, 16, 4, 32, 14, 12, 23, 8, 29, 3, 5, 2, 10, 26]",3,0.3333333333333333,1.0,0.5,1.0,1,1,3,1
smd,group23_evaluation,machine-3-3,tranad_official,0,25,21878,21893,"[17, 28, 33, 9, 1, 15, 7, 11, 13, 36, 35, 22, 21, 37, 24, 20, 18, 27, 19, 34, 30, 6, 31, 0, 25, 16, 4, 32, 14, 12, 23, 8, 29, 3, 5, 2, 10, 26]",5,0.2,1.0,0.33333333333333337,1.0,1,1,5,1
smd,group23_evaluation,machine-3-3,tranad_official,0,26,22339,22342,"[9, 12, 10, 5, 11, 6, 25, 23, 29, 34, 14, 30, 3, 4, 18, 26, 24, 28, 31, 17, 2, 0, 7, 33, 16, 15, 37, 21, 32, 35, 20, 8, 1, 13, 19, 36, 22, 27]",1,1.0,0.25,0.4,1.0,1,4,1,1
smd,group23_evaluation,machine-3-3,tranad_official,0,26,22339,22342,"[9, 12, 10, 5, 11, 6, 25, 23, 29, 34, 14, 30, 3, 4, 18, 26, 24, 28, 31, 17, 2, 0, 7, 33, 16, 15, 37, 21, 32, 35, 20, 8, 1, 13, 19, 36, 22, 27]",3,1.0,0.75,0.8571428571428571,1.0,1,4,3,3
smd,group23_evaluation,machine-3-3,tranad_official,0,26,22339,22342,"[9, 12, 10, 5, 11, 6, 25, 23, 29, 34, 14, 30, 3, 4, 18, 26, 24, 28, 31, 17, 2, 0, 7, 33, 16, 15, 37, 21, 32, 35, 20, 8, 1, 13, 19, 36, 22, 27]",5,0.8,1.0,0.888888888888889,0.9828920819566879,1,4,5,4
smd,group23_evaluation,machine-3-3,tranad_official,0,27,23159,23180,"[0, 1, 2, 6, 18, 3, 13, 27, 20, 11, 30, 21, 5, 37, 12, 35, 22, 36, 31, 25, 19, 32, 34, 14, 24, 7, 28, 9, 33, 16, 29, 4, 17, 26, 15, 8, 23, 10]",1,1.0,0.1111111111111111,0.19999999999999998,1.0,1,9,1,1
smd,group23_evaluation,machine-3-3,tranad_official,0,27,23159,23180,"[0, 1, 2, 6, 18, 3, 13, 27, 20, 11, 30, 21, 5, 37, 12, 35, 22, 36, 31, 25, 19, 32, 34, 14, 24, 7, 28, 9, 33, 16, 29, 4, 17, 26, 15, 8, 23, 10]",3,1.0,0.3333333333333333,0.5,1.0,1,9,3,3
smd,group23_evaluation,machine-3-3,tranad_official,0,27,23159,23180,"[0, 1, 2, 6, 18, 3, 13, 27, 20, 11, 30, 21, 5, 37, 12, 35, 22, 36, 31, 25, 19, 32, 34, 14, 24, 7, 28, 9, 33, 16, 29, 4, 17, 26, 15, 8, 23, 10]",5,0.8,0.4444444444444444,0.5714285714285714,0.8539316501572937,1,9,5,4
smd,group23_evaluation,machine-3-3,tranad_official,1,0,739,742,"[9, 12, 10, 15, 11, 25, 14, 5, 36, 6, 13, 18, 0, 8, 34, 32, 30, 35, 28, 1, 16, 29, 31, 3, 7, 37, 20, 4, 22, 21, 2, 23, 26, 17, 24, 33, 19, 27]",1,1.0,0.25,0.4,1.0,1,4,1,1
smd,group23_evaluation,machine-3-3,tranad_official,1,0,739,742,"[9, 12, 10, 15, 11, 25, 14, 5, 36, 6, 13, 18, 0, 8, 34, 32, 30, 35, 28, 1, 16, 29, 31, 3, 7, 37, 20, 4, 22, 21, 2, 23, 26, 17, 24, 33, 19, 27]",3,1.0,0.75,0.8571428571428571,1.0,1,4,3,3
smd,group23_evaluation,machine-3-3,tranad_official,1,0,739,742,"[9, 12, 10, 15, 11, 25, 14, 5, 36, 6, 13, 18, 0, 8, 34, 32, 30, 35, 28, 1, 16, 29, 31, 3, 7, 37, 20, 4, 22, 21, 2, 23, 26, 17, 24, 33, 19, 27]",5,0.8,1.0,0.888888888888889,0.9828920819566879,1,4,5,4
smd,group23_evaluation,machine-3-3,tranad_official,1,1,1808,1814,"[17, 25, 4, 28, 1, 15, 32, 14, 23, 21, 34, 36, 37, 10, 6, 30, 35, 33, 3, 22, 0, 20, 27, 19, 18, 13, 5, 24, 31, 12, 11, 8, 2, 29, 9, 7, 16, 26]",1,1.0,1.0,1.0,1.0,1,1,1,1
smd,group23_evaluation,machine-3-3,tranad_official,1,1,1808,1814,"[17, 25, 4, 28, 1, 15, 32, 14, 23, 21, 34, 36, 37, 10, 6, 30, 35, 33, 3, 22, 0, 20, 27, 19, 18, 13, 5, 24, 31, 12, 11, 8, 2, 29, 9, 7, 16, 26]",3,0.3333333333333333,1.0,0.5,1.0,1,1,3,1
smd,group23_evaluation,machine-3-3,tranad_official,1,1,1808,1814,"[17, 25, 4, 28, 1, 15, 32, 14, 23, 21, 34, 36, 37, 10, 6, 30, 35, 33, 3, 22, 0, 20, 27, 19, 18, 13, 5, 24, 31, 12, 11, 8, 2, 29, 9, 7, 16, 26]",5,0.2,1.0,0.33333333333333337,1.0,1,1,5,1
smd,group23_evaluation,machine-3-3,tranad_official,1,2,2179,2182,"[9, 12, 10, 11, 25, 5, 18, 14, 0, 6, 13, 30, 21, 33, 28, 8, 27, 16, 7, 29, 4, 15, 3, 19, 2, 23, 26, 17, 32, 22, 34, 20, 37, 36, 31, 24, 1, 35]",1,1.0,0.25,0.4,1.0,1,4,1,1
smd,group23_evaluation,machine-3-3,tranad_official,1,2,2179,2182,"[9, 12, 10, 11, 25, 5, 18, 14, 0, 6, 13, 30, 21, 33, 28, 8, 27, 16, 7, 29, 4, 15, 3, 19, 2, 23, 26, 17, 32, 22, 34, 20, 37, 36, 31, 24, 1, 35]",3,1.0,0.75,0.8571428571428571,1.0,1,4,3,3
smd,group23_evaluation,machine-3-3,tranad_official,1,2,2179,2182,"[9, 12, 10, 11, 25, 5, 18, 14, 0, 6, 13, 30, 21, 33, 28, 8, 27, 16, 7, 29, 4, 15, 3, 19, 2, 23, 26, 17, 32, 22, 34, 20, 37, 36, 31, 24, 1, 35]",5,0.8,1.0,0.888888888888889,1.0,1,4,5,4
smd,group23_evaluation,machine-3-3,tranad_official,1,3,3619,3622,"[9, 12, 10, 11, 25, 5, 13, 6, 14, 18, 33, 28, 0, 16, 20, 7, 29, 2, 22, 4, 8, 3, 19, 23, 15, 26, 30, 17, 32, 36, 34, 24, 37, 21, 31, 1, 35, 27]",1,1.0,0.25,0.4,1.0,1,4,1,1
smd,group23_evaluation,machine-3-3,tranad_official,1,3,3619,3622,"[9, 12, 10, 11, 25, 5, 13, 6, 14, 18, 33, 28, 0, 16, 20, 7, 29, 2, 22, 4, 8, 3, 19, 23, 15, 26, 30, 17, 32, 36, 34, 24, 37, 21, 31, 1, 35, 27]",3,1.0,0.75,0.8571428571428571,1.0,1,4,3,3
smd,group23_evaluation,machine-3-3,tranad_official,1,3,3619,3622,"[9, 12, 10, 11, 25, 5, 13, 6, 14, 18, 33, 28, 0, 16, 20, 7, 29, 2, 22, 4, 8, 3, 19, 23, 15, 26, 30, 17, 32, 36, 34, 24, 37, 21, 31, 1, 35, 27]",5,0.8,1.0,0.888888888888889,1.0,1,4,5,4
smd,group23_evaluation,machine-3-3,tranad_official,1,4,4561,4578,"[23, 6, 8, 13, 9, 12, 10, 11, 5, 29, 25, 24, 37, 0, 35, 14, 22, 34, 18, 20, 30, 19, 36, 31, 27, 21, 15, 16, 1, 28, 4, 7, 32, 3, 17, 33, 26, 2]",1,1.0,0.041666666666666664,0.07999999999999999,1.0,1,24,1,1
smd,group23_evaluation,machine-3-3,tranad_official,1,4,4561,4578,"[23, 6, 8, 13, 9, 12, 10, 11, 5, 29, 25, 24, 37, 0, 35, 14, 22, 34, 18, 20, 30, 19, 36, 31, 27, 21, 15, 16, 1, 28, 4, 7, 32, 3, 17, 33, 26, 2]",3,1.0,0.125,0.2222222222222222,1.0,1,24,3,3
smd,group23_evaluation,machine-3-3,tranad_official,1,4,4561,4578,"[23, 6, 8, 13, 9, 12, 10, 11, 5, 29, 25, 24, 37, 0, 35, 14, 22, 34, 18, 20, 30, 19, 36, 31, 27, 21, 15, 16, 1, 28, 4, 7, 32, 3, 17, 33, 26, 2]",5,1.0,0.20833333333333334,0.3448275862068966,1.0,1,24,5,5
smd,group23_evaluation,machine-3-3,tranad_official,1,5,4564,4567,"[23, 8, 9, 13, 12, 10, 6, 5, 29, 25, 11, 0, 14, 24, 18, 35, 37, 1, 15, 22, 30, 20, 34, 31, 19, 36, 2, 16, 27, 3, 32, 21, 28, 4, 7, 33, 17, 26]",1,1.0,0.041666666666666664,0.07999999999999999,1.0,1,24,1,1
smd,group23_evaluation,machine-3-3,tranad_official,1,5,4564,4567,"[23, 8, 9, 13, 12, 10, 6, 5, 29, 25, 11, 0, 14, 24, 18, 35, 37, 1, 15, 22, 30, 20, 34, 31, 19, 36, 2, 16, 27, 3, 32, 21, 28, 4, 7, 33, 17, 26]",3,1.0,0.125,0.2222222222222222,1.0,1,24,3,3
smd,group23_evaluation,machine-3-3,tranad_official,1,5,4564,4567,"[23, 8, 9, 13, 12, 10, 6, 5, 29, 25, 11, 0, 14, 24, 18, 35, 37, 1, 15, 22, 30, 20, 34, 31, 19, 36, 2, 16, 27, 3, 32, 21, 28, 4, 7, 33, 17, 26]",5,1.0,0.20833333333333334,0.3448275862068966,1.0,1,24,5,5
smd,group23_evaluation,machine-3-3,tranad_official,1,6,5059,5062,"[9, 12, 10, 11, 5, 6, 25, 14, 13, 23, 33, 28, 18, 34, 8, 3, 16, 7, 29, 4, 0, 2, 15, 20, 35, 22, 26, 17, 32, 37, 30, 1, 24, 36, 31, 19, 21, 27]",1,1.0,0.25,0.4,1.0,1,4,1,1
smd,group23_evaluation,machine-3-3,tranad_official,1,6,5059,5062,"[9, 12, 10, 11, 5, 6, 25, 14, 13, 23, 33, 28, 18, 34, 8, 3, 16, 7, 29, 4, 0, 2, 15, 20, 35, 22, 26, 17, 32, 37, 30, 1, 24, 36, 31, 19, 21, 27]",3,1.0,0.75,0.8571428571428571,1.0,1,4,3,3
smd,group23_evaluation,machine-3-3,tranad_official,1,6,5059,5062,"[9, 12, 10, 11, 5, 6, 25, 14, 13, 23, 33, 28, 18, 34, 8, 3, 16, 7, 29, 4, 0, 2, 15, 20, 35, 22, 26, 17, 32, 37, 30, 1, 24, 36, 31, 19, 21, 27]",5,0.8,1.0,0.888888888888889,1.0,1,4,5,4
smd,group23_evaluation,machine-3-3,tranad_official,1,7,5449,5453,"[16, 33, 9, 7, 29, 31, 18, 15, 14, 6, 10, 28, 32, 24, 36, 11, 23, 12, 25, 13, 8, 19, 34, 37, 35, 21, 30, 22, 27, 20, 0, 1, 5, 3, 2, 4, 17, 26]",1,1.0,0.2,0.33333333333333337,1.0,1,5,1,1
smd,group23_evaluation,machine-3-3,tranad_official,1,7,5449,5453,"[16, 33, 9, 7, 29, 31, 18, 15, 14, 6, 10, 28, 32, 24, 36, 11, 23, 12, 25, 13, 8, 19, 34, 37, 35, 21, 30, 22, 27, 20, 0, 1, 5, 3, 2, 4, 17, 26]",3,0.3333333333333333,0.2,0.25,0.46927872602275644,1,5,3,1
smd,group23_evaluation,machine-3-3,tranad_official,1,7,5449,5453,"[16, 33, 9, 7, 29, 31, 18, 15, 14, 6, 10, 28, 32, 24, 36, 11, 23, 12, 25, 13, 8, 19, 34, 37, 35, 21, 30, 22, 27, 20, 0, 1, 5, 3, 2, 4, 17, 26]",5,0.2,0.2,0.20000000000000004,0.3391602052736161,1,5,5,1
smd,group23_evaluation,machine-3-3,tranad_official,1,8,6499,6502,"[9, 12, 10, 11, 25, 5, 13, 18, 14, 22, 0, 23, 28, 20, 16, 34, 33, 7, 8, 29, 4, 2, 3, 30, 6, 15, 26, 37, 17, 19, 24, 35, 32, 21, 27, 31, 1, 36]",1,1.0,0.25,0.4,1.0,1,4,1,1
smd,group23_evaluation,machine-3-3,tranad_official,1,8,6499,6502,"[9, 12, 10, 11, 25, 5, 13, 18, 14, 22, 0, 23, 28, 20, 16, 34, 33, 7, 8, 29, 4, 2, 3, 30, 6, 15, 26, 37, 17, 19, 24, 35, 32, 21, 27, 31, 1, 36]",3,1.0,0.75,0.8571428571428571,1.0,1,4,3,3
smd,group23_evaluation,machine-3-3,tranad_official,1,8,6499,6502,"[9, 12, 10, 11, 25, 5, 13, 18, 14, 22, 0, 23, 28, 20, 16, 34, 33, 7, 8, 29, 4, 2, 3, 30, 6, 15, 26, 37, 17, 19, 24, 35, 32, 21, 27, 31, 1, 36]",5,0.8,1.0,0.888888888888889,1.0,1,4,5,4
smd,group23_evaluation,machine-3-3,tranad_official,1,9,7939,7942,"[9, 12, 10, 11, 5, 25, 13, 6, 23, 18, 14, 0, 28, 16, 7, 4, 24, 29, 8, 30, 22, 33, 20, 26, 15, 32, 17, 2, 1, 19, 36, 3, 34, 21, 31, 37, 27, 35]",1,1.0,0.25,0.4,1.0,1,4,1,1
smd,group23_evaluation,machine-3-3,tranad_official,1,9,7939,7942,"[9, 12, 10, 11, 5, 25, 13, 6, 23, 18, 14, 0, 28, 16, 7, 4, 24, 29, 8, 30, 22, 33, 20, 26, 15, 32, 17, 2, 1, 19, 36, 3, 34, 21, 31, 37, 27, 35]",3,1.0,0.75,0.8571428571428571,1.0,1,4,3,3
smd,group23_evaluation,machine-3-3,tranad_official,1,9,7939,7942,"[9, 12, 10, 11, 5, 25, 13, 6, 23, 18, 14, 0, 28, 16, 7, 4, 24, 29, 8, 30, 22, 33, 20, 26, 15, 32, 17, 2, 1, 19, 36, 3, 34, 21, 31, 37, 27, 35]",5,0.8,1.0,0.888888888888889,1.0,1,4,5,4
smd,group23_evaluation,machine-3-3,tranad_official,1,10,8407,8414,"[16, 9, 33, 10, 28, 18, 6, 31, 29, 32, 36, 14, 7, 23, 15, 20, 34, 11, 25, 24, 12, 37, 35, 21, 19, 30, 22, 13, 27, 0, 8, 1, 5, 2, 3, 4, 26, 17]",1,1.0,0.2,0.33333333333333337,1.0,1,5,1,1
smd,group23_evaluation,machine-3-3,tranad_official,1,10,8407,8414,"[16, 9, 33, 10, 28, 18, 6, 31, 29, 32, 36, 14, 7, 23, 15, 20, 34, 11, 25, 24, 12, 37, 35, 21, 19, 30, 22, 13, 27, 0, 8, 1, 5, 2, 3, 4, 26, 17]",3,0.3333333333333333,0.2,0.25,0.46927872602275644,1,5,3,1
smd,group23_evaluation,machine-3-3,tranad_official,1,10,8407,8414,"[16, 9, 33, 10, 28, 18, 6, 31, 29, 32, 36, 14, 7, 23, 15, 20, 34, 11, 25, 24, 12, 37, 35, 21, 19, 30, 22, 13, 27, 0, 8, 1, 5, 2, 3, 4, 26, 17]",5,0.2,0.2,0.20000000000000004,0.3391602052736161,1,5,5,1
smd,group23_evaluation,machine-3-3,tranad_official,1,11,9737,9740,"[16, 33, 9, 31, 18, 36, 24, 6, 23, 10, 14, 7, 29, 27, 21, 11, 25, 15, 12, 13, 34, 37, 35, 30, 19, 22, 20, 8, 0, 5, 32, 1, 3, 2, 4, 17, 26, 28]",1,1.0,0.3333333333333333,0.5,1.0,1,3,1,1
smd,group23_evaluation,machine-3-3,tranad_official,1,11,9737,9740,"[16, 33, 9, 31, 18, 36, 24, 6, 23, 10, 14, 7, 29, 27, 21, 11, 25, 15, 12, 13, 34, 37, 35, 30, 19, 22, 20, 8, 0, 5, 32, 1, 3, 2, 4, 17, 26, 28]",3,0.3333333333333333,0.3333333333333333,0.3333333333333333,0.46927872602275644,1,3,3,1
smd,group23_evaluation,machine-3-3,tranad_official,1,11,9737,9740,"[16, 33, 9, 31, 18, 36, 24, 6, 23, 10, 14, 7, 29, 27, 21, 11, 25, 15, 12, 13, 34, 37, 35, 30, 19, 22, 20, 8, 0, 5, 32, 1, 3, 2, 4, 17, 26, 28]",5,0.2,0.3333333333333333,0.25,0.46927872602275644,1,3,5,1
smd,group23_evaluation,machine-3-3,tranad_official,1,12,10819,10822,"[9, 12, 10, 11, 25, 5, 13, 6, 18, 0, 14, 30, 36, 31, 20, 21, 35, 34, 28, 16, 22, 27, 29, 7, 33, 4, 15, 37, 2, 23, 19, 32, 17, 26, 3, 24, 8, 1]",1,1.0,0.25,0.4,1.0,1,4,1,1
smd,group23_evaluation,machine-3-3,tranad_official,1,12,10819,10822,"[9, 12, 10, 11, 25, 5, 13, 6, 18, 0, 14, 30, 36, 31, 20, 21, 35, 34, 28, 16, 22, 27, 29, 7, 33, 4, 15, 37, 2, 23, 19, 32, 17, 26, 3, 24, 8, 1]",3,1.0,0.75,0.8571428571428571,1.0,1,4,3,3
smd,group23_evaluation,machine-3-3,tranad_official,1,12,10819,10822,"[9, 12, 10, 11, 25, 5, 13, 6, 18, 0, 14, 30, 36, 31, 20, 21, 35, 34, 28, 16, 22, 27, 29, 7, 33, 4, 15, 37, 2, 23, 19, 32, 17, 26, 3, 24, 8, 1]",5,0.8,1.0,0.888888888888889,1.0,1,4,5,4
smd,group23_evaluation,machine-3-3,tranad_official,1,13,12259,12262,"[9, 12, 10, 11, 25, 6, 5, 13, 18, 0, 14, 30, 19, 36, 28, 22, 16, 23, 33, 21, 35, 7, 29, 20, 8, 34, 4, 15, 26, 31, 17, 27, 2, 32, 1, 3, 37, 24]",1,1.0,0.25,0.4,1.0,1,4,1,1
smd,group23_evaluation,machine-3-3,tranad_official,1,13,12259,12262,"[9, 12, 10, 11, 25, 6, 5, 13, 18, 0, 14, 30, 19, 36, 28, 22, 16, 23, 33, 21, 35, 7, 29, 20, 8, 34, 4, 15, 26, 31, 17, 27, 2, 32, 1, 3, 37, 24]",3,1.0,0.75,0.8571428571428571,1.0,1,4,3,3
smd,group23_evaluation,machine-3-3,tranad_official,1,13,12259,12262,"[9, 12, 10, 11, 25, 6, 5, 13, 18, 0, 14, 30, 19, 36, 28, 22, 16, 23, 33, 21, 35, 7, 29, 20, 8, 34, 4, 15, 26, 31, 17, 27, 2, 32, 1, 3, 37, 24]",5,0.8,1.0,0.888888888888889,1.0,1,4,5,4
smd,group23_evaluation,machine-3-3,tranad_official,1,14,13699,13702,"[9, 12, 10, 11, 25, 6, 5, 13, 18, 23, 20, 36, 0, 24, 14, 34, 19, 30, 28, 33, 35, 2, 16, 3, 21, 22, 7, 37, 8, 27, 4, 15, 29, 26, 17, 32, 31, 1]",1,1.0,0.25,0.4,1.0,1,4,1,1
smd,group23_evaluation,machine-3-3,tranad_official,1,14,13699,13702,"[9, 12, 10, 11, 25, 6, 5, 13, 18, 23, 20, 36, 0, 24, 14, 34, 19, 30, 28, 33, 35, 2, 16, 3, 21, 22, 7, 37, 8, 27, 4, 15, 29, 26, 17, 32, 31, 1]",3,1.0,0.75,0.8571428571428571,1.0,1,4,3,3
smd,group23_evaluation,machine-3-3,tranad_official,1,14,13699,13702,"[9, 12, 10, 11, 25, 6, 5, 13, 18, 23, 20, 36, 0, 24, 14, 34, 19, 30, 28, 33, 35, 2, 16, 3, 21, 22, 7, 37, 8, 27, 4, 15, 29, 26, 17, 32, 31, 1]",5,0.8,1.0,0.888888888888889,1.0,1,4,5,4
smd,group23_evaluation,machine-3-3,tranad_official,1,15,13827,13830,"[16, 33, 9, 7, 27, 18, 21, 29, 6, 23, 11, 15, 12, 13, 14, 25, 10, 8, 24, 34, 36, 37, 35, 30, 20, 19, 0, 22, 32, 31, 5, 1, 2, 3, 4, 17, 26, 28]",1,1.0,1.0,1.0,1.0,1,1,1,1
smd,group23_evaluation,machine-3-3,tranad_official,1,15,13827,13830,"[16, 33, 9, 7, 27, 18, 21, 29, 6, 23, 11, 15, 12, 13, 14, 25, 10, 8, 24, 34, 36, 37, 35, 30, 20, 19, 0, 22, 32, 31, 5, 1, 2, 3, 4, 17, 26, 28]",3,0.3333333333333333,1.0,0.5,1.0,1,1,3,1
smd,group23_evaluation,machine-3-3,tranad_official,1,15,13827,13830,"[16, 33, 9, 7, 27, 18, 21, 29, 6, 23, 11, 15, 12, 13, 14, 25, 10, 8, 24, 34, 36, 37, 35, 30, 20, 19, 0, 22, 32, 31, 5, 1, 2, 3, 4, 17, 26, 28]",5,0.2,1.0,0.33333333333333337,1.0,1,1,5,1
smd,group23_evaluation,machine-3-3,tranad_official,1,16,14476,14486,"[13, 11, 12, 15, 8, 14, 25, 18, 34, 0, 5, 6, 35, 20, 22, 36, 16, 19, 29, 28, 23, 31, 10, 7, 4, 9, 26, 21, 37, 30, 17, 24, 32, 27, 33, 3, 1, 2]",1,1.0,1.0,1.0,1.0,1,1,1,1
smd,group23_evaluation,machine-3-3,tranad_official,1,16,14476,14486,"[13, 11, 12, 15, 8, 14, 25, 18, 34, 0, 5, 6, 35, 20, 22, 36, 16, 19, 29, 28, 23, 31, 10, 7, 4, 9, 26, 21, 37, 30, 17, 24, 32, 27, 33, 3, 1, 2]",3,0.3333333333333333,1.0,0.5,1.0,1,1,3,1
smd,group23_evaluation,machine-3-3,tranad_official,1,16,14476,14486,"[13, 11, 12, 15, 8, 14, 25, 18, 34, 0, 5, 6, 35, 20, 22, 36, 16, 19, 29, 28, 23, 31, 10, 7, 4, 9, 26, 21, 37, 30, 17, 24, 32, 27, 33, 3, 1, 2]",5,0.2,1.0,0.33333333333333337,1.0,1,1,5,1
smd,group23_evaluation,machine-3-3,tranad_official,1,17,15139,15142,"[9, 12, 10, 11, 6, 25, 5, 13, 14, 18, 33, 23, 34, 28, 16, 37, 0, 22, 2, 8, 7, 29, 15, 4, 3, 20, 31, 32, 17, 35, 26, 36, 30, 24, 27, 1, 21, 19]",1,1.0,0.25,0.4,1.0,1,4,1,1
smd,group23_evaluation,machine-3-3,tranad_official,1,17,15139,15142,"[9, 12, 10, 11, 6, 25, 5, 13, 14, 18, 33, 23, 34, 28, 16, 37, 0, 22, 2, 8, 7, 29, 15, 4, 3, 20, 31, 32, 17, 35, 26, 36, 30, 24, 27, 1, 21, 19]",3,1.0,0.75,0.8571428571428571,1.0,1,4,3,3
smd,group23_evaluation,machine-3-3,tranad_official,1,17,15139,15142,"[9, 12, 10, 11, 6, 25, 5, 13, 14, 18, 33, 23, 34, 28, 16, 37, 0, 22, 2, 8, 7, 29, 15, 4, 3, 20, 31, 32, 17, 35, 26, 36, 30, 24, 27, 1, 21, 19]",5,0.8,1.0,0.888888888888889,1.0,1,4,5,4
smd,group23_evaluation,machine-3-3,tranad_official,1,18,16199,16212,"[13, 0, 1, 18, 12, 20, 11, 2, 14, 27, 5, 8, 34, 19, 21, 30, 29, 3, 16, 15, 24, 10, 17, 26, 22, 4, 25, 6, 7, 28, 37, 36, 31, 35, 9, 32, 33, 23]",1,0.0,0.0,0.0,0.0,0,4,1,0
smd,group23_evaluation,machine-3-3,tranad_official,1,18,16199,16212,"[13, 0, 1, 18, 12, 20, 11, 2, 14, 27, 5, 8, 34, 19, 21, 30, 29, 3, 16, 15, 24, 10, 17, 26, 22, 4, 25, 6, 7, 28, 37, 36, 31, 35, 9, 32, 33, 23]",3,0.0,0.0,0.0,0.0,0,4,3,0
smd,group23_evaluation,machine-3-3,tranad_official,1,18,16199,16212,"[13, 0, 1, 18, 12, 20, 11, 2, 14, 27, 5, 8, 34, 19, 21, 30, 29, 3, 16, 15, 24, 10, 17, 26, 22, 4, 25, 6, 7, 28, 37, 36, 31, 35, 9, 32, 33, 23]",5,0.2,0.25,0.22222222222222224,0.15101961822780524,1,4,5,1
smd,group23_evaluation,machine-3-3,tranad_official,1,19,16579,16582,"[9, 12, 10, 11, 25, 6, 5, 13, 14, 33, 18, 28, 22, 16, 34, 23, 7, 37, 2, 20, 15, 0, 4, 8, 3, 26, 17, 32, 29, 35, 19, 27, 30, 31, 36, 24, 1, 21]",1,0.0,0.0,0.0,0.0,0,10,1,0
smd,group23_evaluation,machine-3-3,tranad_official,1,19,16579,16582,"[9, 12, 10, 11, 25, 6, 5, 13, 14, 33, 18, 28, 22, 16, 34, 23, 7, 37, 2, 20, 15, 0, 4, 8, 3, 26, 17, 32, 29, 35, 19, 27, 30, 31, 36, 24, 1, 21]",3,0.0,0.0,0.0,0.0,0,10,3,0
smd,group23_evaluation,machine-3-3,tranad_official,1,19,16579,16582,"[9, 12, 10, 11, 25, 6, 5, 13, 14, 33, 18, 28, 22, 16, 34, 23, 7, 37, 2, 20, 15, 0, 4, 8, 3, 26, 17, 32, 29, 35, 19, 27, 30, 31, 36, 24, 1, 21]",5,0.0,0.0,0.0,0.0,0,10,5,0
smd,group23_evaluation,machine-3-3,tranad_official,1,20,18019,18022,"[9, 12, 10, 11, 6, 25, 5, 14, 13, 18, 0, 33, 34, 28, 2, 3, 16, 23, 7, 20, 29, 4, 37, 15, 30, 8, 22, 26, 32, 17, 35, 24, 19, 31, 36, 21, 27, 1]",1,1.0,0.25,0.4,1.0,1,4,1,1
smd,group23_evaluation,machine-3-3,tranad_official,1,20,18019,18022,"[9, 12, 10, 11, 6, 25, 5, 14, 13, 18, 0, 33, 34, 28, 2, 3, 16, 23, 7, 20, 29, 4, 37, 15, 30, 8, 22, 26, 32, 17, 35, 24, 19, 31, 36, 21, 27, 1]",3,1.0,0.75,0.8571428571428571,1.0,1,4,3,3
smd,group23_evaluation,machine-3-3,tranad_official,1,20,18019,18022,"[9, 12, 10, 11, 6, 25, 5, 14, 13, 18, 0, 33, 34, 28, 2, 3, 16, 23, 7, 20, 29, 4, 37, 15, 30, 8, 22, 26, 32, 17, 35, 24, 19, 31, 36, 21, 27, 1]",5,0.8,1.0,0.888888888888889,1.0,1,4,5,4
smd,group23_evaluation,machine-3-3,tranad_official,1,21,19081,19088,"[0, 32, 20, 6, 1, 12, 19, 18, 34, 13, 11, 25, 30, 2, 5, 27, 21, 33, 22, 29, 24, 3, 15, 16, 10, 37, 23, 14, 17, 26, 4, 8, 7, 36, 28, 31, 35, 9]",1,0.0,0.0,0.0,0.0,0,4,1,0
smd,group23_evaluation,machine-3-3,tranad_official,1,21,19081,19088,"[0, 32, 20, 6, 1, 12, 19, 18, 34, 13, 11, 25, 30, 2, 5, 27, 21, 33, 22, 29, 24, 3, 15, 16, 10, 37, 23, 14, 17, 26, 4, 8, 7, 36, 28, 31, 35, 9]",3,0.0,0.0,0.0,0.0,0,4,3,0
smd,group23_evaluation,machine-3-3,tranad_official,1,21,19081,19088,"[0, 32, 20, 6, 1, 12, 19, 18, 34, 13, 11, 25, 30, 2, 5, 27, 21, 33, 22, 29, 24, 3, 15, 16, 10, 37, 23, 14, 17, 26, 4, 8, 7, 36, 28, 31, 35, 9]",5,0.0,0.0,0.0,0.0,0,4,5,0
smd,group23_evaluation,machine-3-3,tranad_official,1,22,19349,19830,"[0, 18, 6, 5, 20, 27, 3, 21, 1, 15, 30, 19, 2, 25, 14, 11, 24, 34, 13, 36, 12, 37, 35, 29, 9, 22, 23, 31, 8, 10, 28, 32, 16, 7, 4, 26, 33, 17]",1,1.0,0.3333333333333333,0.5,1.0,1,3,1,1
smd,group23_evaluation,machine-3-3,tranad_official,1,22,19349,19830,"[0, 18, 6, 5, 20, 27, 3, 21, 1, 15, 30, 19, 2, 25, 14, 11, 24, 34, 13, 36, 12, 37, 35, 29, 9, 22, 23, 31, 8, 10, 28, 32, 16, 7, 4, 26, 33, 17]",3,0.3333333333333333,0.3333333333333333,0.3333333333333333,0.46927872602275644,1,3,3,1
smd,group23_evaluation,machine-3-3,tranad_official,1,22,19349,19830,"[0, 18, 6, 5, 20, 27, 3, 21, 1, 15, 30, 19, 2, 25, 14, 11, 24, 34, 13, 36, 12, 37, 35, 29, 9, 22, 23, 31, 8, 10, 28, 32, 16, 7, 4, 26, 33, 17]",5,0.2,0.3333333333333333,0.25,0.46927872602275644,1,3,5,1
smd,group23_evaluation,machine-3-3,tranad_official,1,23,19459,19462,"[9, 12, 10, 15, 11, 14, 13, 6, 5, 25, 31, 36, 8, 35, 22, 34, 37, 18, 20, 30, 0, 32, 28, 21, 23, 19, 16, 24, 29, 7, 4, 2, 27, 17, 26, 3, 33, 1]",1,1.0,0.05263157894736842,0.1,1.0,1,19,1,1
smd,group23_evaluation,machine-3-3,tranad_official,1,23,19459,19462,"[9, 12, 10, 15, 11, 14, 13, 6, 5, 25, 31, 36, 8, 35, 22, 34, 37, 18, 20, 30, 0, 32, 28, 21, 23, 19, 16, 24, 29, 7, 4, 2, 27, 17, 26, 3, 33, 1]",3,0.6666666666666666,0.10526315789473684,0.18181818181818182,0.7039180890341347,1,19,3,2
smd,group23_evaluation,machine-3-3,tranad_official,1,23,19459,19462,"[9, 12, 10, 15, 11, 14, 13, 6, 5, 25, 31, 36, 8, 35, 22, 34, 37, 18, 20, 30, 0, 32, 28, 21, 23, 19, 16, 24, 29, 7, 4, 2, 27, 17, 26, 3, 33, 1]",5,0.6,0.15789473684210525,0.25,0.639945385422766,1,19,5,3
smd,group23_evaluation,machine-3-3,tranad_official,1,24,20897,20903,"[9, 12, 15, 10, 13, 11, 34, 36, 6, 35, 14, 37, 25, 5, 18, 22, 31, 24, 0, 30, 8, 20, 21, 19, 27, 32, 16, 28, 29, 7, 4, 2, 3, 26, 17, 23, 33, 1]",1,1.0,0.25,0.4,1.0,1,4,1,1
smd,group23_evaluation,machine-3-3,tranad_official,1,24,20897,20903,"[9, 12, 15, 10, 13, 11, 34, 36, 6, 35, 14, 37, 25, 5, 18, 22, 31, 24, 0, 30, 8, 20, 21, 19, 27, 32, 16, 28, 29, 7, 4, 2, 3, 26, 17, 23, 33, 1]",3,0.6666666666666666,0.5,0.5714285714285715,0.7653606369886217,1,4,3,2
smd,group23_evaluation,machine-3-3,tranad_official,1,24,20897,20903,"[9, 12, 15, 10, 13, 11, 34, 36, 6, 35, 14, 37, 25, 5, 18, 22, 31, 24, 0, 30, 8, 20, 21, 19, 27, 32, 16, 28, 29, 7, 4, 2, 3, 26, 17, 23, 33, 1]",5,0.6,0.75,0.6666666666666665,0.8048099750039491,1,4,5,3
smd,group23_evaluation,machine-3-3,tranad_official,1,25,21878,21893,"[17, 28, 4, 10, 1, 6, 15, 25, 14, 32, 23, 33, 3, 21, 30, 0, 37, 36, 34, 35, 22, 20, 27, 19, 13, 18, 24, 5, 31, 12, 11, 8, 29, 2, 16, 26, 7, 9]",1,1.0,1.0,1.0,1.0,1,1,1,1
smd,group23_evaluation,machine-3-3,tranad_official,1,25,21878,21893,"[17, 28, 4, 10, 1, 6, 15, 25, 14, 32, 23, 33, 3, 21, 30, 0, 37, 36, 34, 35, 22, 20, 27, 19, 13, 18, 24, 5, 31, 12, 11, 8, 29, 2, 16, 26, 7, 9]",3,0.3333333333333333,1.0,0.5,1.0,1,1,3,1
smd,group23_evaluation,machine-3-3,tranad_official,1,25,21878,21893,"[17, 28, 4, 10, 1, 6, 15, 25, 14, 32, 23, 33, 3, 21, 30, 0, 37, 36, 34, 35, 22, 20, 27, 19, 13, 18, 24, 5, 31, 12, 11, 8, 29, 2, 16, 26, 7, 9]",5,0.2,1.0,0.33333333333333337,1.0,1,1,5,1
smd,group23_evaluation,machine-3-3,tranad_official,1,26,22339,22342,"[9, 12, 5, 10, 11, 6, 25, 14, 22, 16, 18, 28, 13, 36, 32, 15, 7, 8, 0, 2, 29, 4, 30, 33, 3, 27, 34, 17, 20, 26, 35, 24, 23, 21, 37, 31, 1, 19]",1,1.0,0.25,0.4,1.0,1,4,1,1
smd,group23_evaluation,machine-3-3,tranad_official,1,26,22339,22342,"[9, 12, 5, 10, 11, 6, 25, 14, 22, 16, 18, 28, 13, 36, 32, 15, 7, 8, 0, 2, 29, 4, 30, 33, 3, 27, 34, 17, 20, 26, 35, 24, 23, 21, 37, 31, 1, 19]",3,0.6666666666666666,0.5,0.5714285714285715,0.7653606369886217,1,4,3,2
smd,group23_evaluation,machine-3-3,tranad_official,1,26,22339,22342,"[9, 12, 5, 10, 11, 6, 25, 14, 22, 16, 18, 28, 13, 36, 32, 15, 7, 8, 0, 2, 29, 4, 30, 33, 3, 27, 34, 17, 20, 26, 35, 24, 23, 21, 37, 31, 1, 19]",5,0.8,1.0,0.888888888888889,0.9558295932317544,1,4,5,4
smd,group23_evaluation,machine-3-3,tranad_official,1,27,23159,23180,"[0, 1, 2, 18, 3, 13, 27, 6, 20, 11, 34, 30, 21, 31, 35, 37, 25, 36, 24, 5, 22, 12, 32, 14, 19, 33, 16, 15, 23, 10, 8, 29, 4, 7, 26, 28, 17, 9]",1,1.0,0.1111111111111111,0.19999999999999998,1.0,1,9,1,1
smd,group23_evaluation,machine-3-3,tranad_official,1,27,23159,23180,"[0, 1, 2, 18, 3, 13, 27, 6, 20, 11, 34, 30, 21, 31, 35, 37, 25, 36, 24, 5, 22, 12, 32, 14, 19, 33, 16, 15, 23, 10, 8, 29, 4, 7, 26, 28, 17, 9]",3,1.0,0.3333333333333333,0.5,1.0,1,9,3,3
smd,group23_evaluation,machine-3-3,tranad_official,1,27,23159,23180,"[0, 1, 2, 18, 3, 13, 27, 6, 20, 11, 34, 30, 21, 31, 35, 37, 25, 36, 24, 5, 22, 12, 32, 14, 19, 33, 16, 15, 23, 10, 8, 29, 4, 7, 26, 28, 17, 9]",5,1.0,0.5555555555555556,0.7142857142857143,1.0,1,9,5,5
smd,group23_evaluation,machine-3-3,tranad_official,2,0,739,742,"[9, 12, 10, 11, 15, 14, 25, 29, 7, 8, 5, 23, 26, 28, 17, 33, 27, 16, 19, 6, 4, 3, 20, 35, 0, 1, 13, 24, 32, 36, 2, 37, 34, 18, 21, 30, 22, 31]",1,1.0,0.25,0.4,1.0,1,4,1,1
smd,group23_evaluation,machine-3-3,tranad_official,2,0,739,742,"[9, 12, 10, 11, 15, 14, 25, 29, 7, 8, 5, 23, 26, 28, 17, 33, 27, 16, 19, 6, 4, 3, 20, 35, 0, 1, 13, 24, 32, 36, 2, 37, 34, 18, 21, 30, 22, 31]",3,1.0,0.75,0.8571428571428571,1.0,1,4,3,3
smd,group23_evaluation,machine-3-3,tranad_official,2,0,739,742,"[9, 12, 10, 11, 15, 14, 25, 29, 7, 8, 5, 23, 26, 28, 17, 33, 27, 16, 19, 6, 4, 3, 20, 35, 0, 1, 13, 24, 32, 36, 2, 37, 34, 18, 21, 30, 22, 31]",5,0.8,1.0,0.888888888888889,1.0,1,4,5,4
smd,group23_evaluation,machine-3-3,tranad_official,2,1,1808,1814,"[17, 23, 10, 25, 24, 4, 9, 15, 12, 21, 11, 30, 34, 36, 37, 35, 1, 20, 27, 19, 22, 18, 13, 0, 31, 6, 14, 32, 3, 33, 8, 2, 5, 29, 7, 16, 26, 28]",1,1.0,1.0,1.0,1.0,1,1,1,1
smd,group23_evaluation,machine-3-3,tranad_official,2,1,1808,1814,"[17, 23, 10, 25, 24, 4, 9, 15, 12, 21, 11, 30, 34, 36, 37, 35, 1, 20, 27, 19, 22, 18, 13, 0, 31, 6, 14, 32, 3, 33, 8, 2, 5, 29, 7, 16, 26, 28]",3,0.3333333333333333,1.0,0.5,1.0,1,1,3,1
smd,group23_evaluation,machine-3-3,tranad_official,2,1,1808,1814,"[17, 23, 10, 25, 24, 4, 9, 15, 12, 21, 11, 30, 34, 36, 37, 35, 1, 20, 27, 19, 22, 18, 13, 0, 31, 6, 14, 32, 3, 33, 8, 2, 5, 29, 7, 16, 26, 28]",5,0.2,1.0,0.33333333333333337,1.0,1,1,5,1
smd,group23_evaluation,machine-3-3,tranad_official,2,2,2179,2182,"[9, 12, 10, 11, 5, 14, 33, 35, 29, 15, 13, 37, 34, 7, 0, 26, 8, 25, 28, 17, 36, 20, 23, 32, 16, 27, 4, 21, 18, 3, 22, 6, 30, 1, 31, 19, 2, 24]",1,1.0,0.25,0.4,1.0,1,4,1,1
smd,group23_evaluation,machine-3-3,tranad_official,2,2,2179,2182,"[9, 12, 10, 11, 5, 14, 33, 35, 29, 15, 13, 37, 34, 7, 0, 26, 8, 25, 28, 17, 36, 20, 23, 32, 16, 27, 4, 21, 18, 3, 22, 6, 30, 1, 31, 19, 2, 24]",3,1.0,0.75,0.8571428571428571,1.0,1,4,3,3
smd,group23_evaluation,machine-3-3,tranad_official,2,2,2179,2182,"[9, 12, 10, 11, 5, 14, 33, 35, 29, 15, 13, 37, 34, 7, 0, 26, 8, 25, 28, 17, 36, 20, 23, 32, 16, 27, 4, 21, 18, 3, 22, 6, 30, 1, 31, 19, 2, 24]",5,0.8,1.0,0.888888888888889,1.0,1,4,5,4
smd,group23_evaluation,machine-3-3,tranad_official,2,3,3619,3622,"[9, 12, 10, 11, 33, 5, 25, 29, 14, 35, 13, 15, 7, 26, 34, 37, 28, 17, 27, 23, 32, 19, 8, 16, 36, 4, 31, 20, 3, 0, 1, 21, 6, 18, 24, 2, 22, 30]",1,1.0,0.25,0.4,1.0,1,4,1,1
smd,group23_evaluation,machine-3-3,tranad_official,2,3,3619,3622,"[9, 12, 10, 11, 33, 5, 25, 29, 14, 35, 13, 15, 7, 26, 34, 37, 28, 17, 27, 23, 32, 19, 8, 16, 36, 4, 31, 20, 3, 0, 1, 21, 6, 18, 24, 2, 22, 30]",3,1.0,0.75,0.8571428571428571,1.0,1,4,3,3
smd,group23_evaluation,machine-3-3,tranad_official,2,3,3619,3622,"[9, 12, 10, 11, 33, 5, 25, 29, 14, 35, 13, 15, 7, 26, 34, 37, 28, 17, 27, 23, 32, 19, 8, 16, 36, 4, 31, 20, 3, 0, 1, 21, 6, 18, 24, 2, 22, 30]",5,0.8,1.0,0.888888888888889,1.0,1,4,5,4
smd,group23_evaluation,machine-3-3,tranad_official,2,4,4561,4578,"[23, 6, 8, 9, 13, 12, 10, 5, 25, 29, 11, 0, 14, 20, 37, 35, 21, 30, 24, 34, 22, 36, 7, 18, 15, 1, 19, 16, 27, 28, 17, 31, 4, 3, 26, 32, 2, 33]",1,1.0,0.041666666666666664,0.07999999999999999,1.0,1,24,1,1
smd,group23_evaluation,machine-3-3,tranad_official,2,4,4561,4578,"[23, 6, 8, 9, 13, 12, 10, 5, 25, 29, 11, 0, 14, 20, 37, 35, 21, 30, 24, 34, 22, 36, 7, 18, 15, 1, 19, 16, 27, 28, 17, 31, 4, 3, 26, 32, 2, 33]",3,1.0,0.125,0.2222222222222222,1.0,1,24,3,3
smd,group23_evaluation,machine-3-3,tranad_official,2,4,4561,4578,"[23, 6, 8, 9, 13, 12, 10, 5, 25, 29, 11, 0, 14, 20, 37, 35, 21, 30, 24, 34, 22, 36, 7, 18, 15, 1, 19, 16, 27, 28, 17, 31, 4, 3, 26, 32, 2, 33]",5,1.0,0.20833333333333334,0.3448275862068966,1.0,1,24,5,5
smd,group23_evaluation,machine-3-3,tranad_official,2,5,4564,4567,"[8, 23, 9, 12, 13, 10, 6, 25, 5, 29, 11, 14, 0, 37, 1, 15, 21, 24, 18, 20, 19, 36, 31, 7, 30, 17, 35, 28, 2, 32, 26, 16, 22, 27, 33, 4, 34, 3]",1,1.0,0.041666666666666664,0.07999999999999999,1.0,1,24,1,1
smd,group23_evaluation,machine-3-3,tranad_official,2,5,4564,4567,"[8, 23, 9, 12, 13, 10, 6, 25, 5, 29, 11, 14, 0, 37, 1, 15, 21, 24, 18, 20, 19, 36, 31, 7, 30, 17, 35, 28, 2, 32, 26, 16, 22, 27, 33, 4, 34, 3]",3,1.0,0.125,0.2222222222222222,1.0,1,24,3,3
smd,group23_evaluation,machine-3-3,tranad_official,2,5,4564,4567,"[8, 23, 9, 12, 13, 10, 6, 25, 5, 29, 11, 14, 0, 37, 1, 15, 21, 24, 18, 20, 19, 36, 31, 7, 30, 17, 35, 28, 2, 32, 26, 16, 22, 27, 33, 4, 34, 3]",5,1.0,0.20833333333333334,0.3448275862068966,1.0,1,24,5,5
smd,group23_evaluation,machine-3-3,tranad_official,2,6,5059,5062,"[9, 12, 10, 11, 6, 5, 35, 34, 14, 29, 33, 15, 37, 7, 13, 36, 26, 27, 28, 32, 17, 8, 16, 31, 21, 4, 19, 23, 3, 0, 1, 22, 2, 18, 30, 20, 25, 24]",1,1.0,0.25,0.4,1.0,1,4,1,1
smd,group23_evaluation,machine-3-3,tranad_official,2,6,5059,5062,"[9, 12, 10, 11, 6, 5, 35, 34, 14, 29, 33, 15, 37, 7, 13, 36, 26, 27, 28, 32, 17, 8, 16, 31, 21, 4, 19, 23, 3, 0, 1, 22, 2, 18, 30, 20, 25, 24]",3,1.0,0.75,0.8571428571428571,1.0,1,4,3,3
smd,group23_evaluation,machine-3-3,tranad_official,2,6,5059,5062,"[9, 12, 10, 11, 6, 5, 35, 34, 14, 29, 33, 15, 37, 7, 13, 36, 26, 27, 28, 32, 17, 8, 16, 31, 21, 4, 19, 23, 3, 0, 1, 22, 2, 18, 30, 20, 25, 24]",5,0.8,1.0,0.888888888888889,1.0,1,4,5,4
smd,group23_evaluation,machine-3-3,tranad_official,2,7,5449,5453,"[16, 35, 22, 14, 12, 10, 19, 6, 1, 0, 15, 11, 25, 23, 13, 24, 8, 34, 36, 37, 21, 30, 27, 20, 18, 31, 9, 32, 33, 5, 3, 2, 4, 7, 17, 26, 28, 29]",1,1.0,0.2,0.33333333333333337,1.0,1,5,1,1
smd,group23_evaluation,machine-3-3,tranad_official,2,7,5449,5453,"[16, 35, 22, 14, 12, 10, 19, 6, 1, 0, 15, 11, 25, 23, 13, 24, 8, 34, 36, 37, 21, 30, 27, 20, 18, 31, 9, 32, 33, 5, 3, 2, 4, 7, 17, 26, 28, 29]",3,0.3333333333333333,0.2,0.25,0.46927872602275644,1,5,3,1
smd,group23_evaluation,machine-3-3,tranad_official,2,7,5449,5453,"[16, 35, 22, 14, 12, 10, 19, 6, 1, 0, 15, 11, 25, 23, 13, 24, 8, 34, 36, 37, 21, 30, 27, 20, 18, 31, 9, 32, 33, 5, 3, 2, 4, 7, 17, 26, 28, 29]",5,0.6,0.6,0.6,0.6164336326286644,1,5,5,3
smd,group23_evaluation,machine-3-3,tranad_official,2,8,6499,6502,"[9, 12, 10, 11, 5, 35, 14, 29, 33, 15, 34, 37, 7, 26, 36, 28, 17, 22, 27, 8, 16, 13, 19, 31, 0, 4, 3, 21, 20, 1, 32, 25, 23, 6, 24, 18, 30, 2]",1,1.0,0.25,0.4,1.0,1,4,1,1
smd,group23_evaluation,machine-3-3,tranad_official,2,8,6499,6502,"[9, 12, 10, 11, 5, 35, 14, 29, 33, 15, 34, 37, 7, 26, 36, 28, 17, 22, 27, 8, 16, 13, 19, 31, 0, 4, 3, 21, 20, 1, 32, 25, 23, 6, 24, 18, 30, 2]",3,1.0,0.75,0.8571428571428571,1.0,1,4,3,3
smd,group23_evaluation,machine-3-3,tranad_official,2,8,6499,6502,"[9, 12, 10, 11, 5, 35, 14, 29, 33, 15, 34, 37, 7, 26, 36, 28, 17, 22, 27, 8, 16, 13, 19, 31, 0, 4, 3, 21, 20, 1, 32, 25, 23, 6, 24, 18, 30, 2]",5,0.8,1.0,0.888888888888889,1.0,1,4,5,4
smd,group23_evaluation,machine-3-3,tranad_official,2,9,7939,7942,"[9, 12, 10, 11, 5, 14, 29, 35, 33, 15, 7, 13, 26, 34, 28, 17, 37, 16, 22, 8, 20, 4, 24, 31, 19, 36, 0, 23, 27, 25, 6, 21, 3, 1, 18, 30, 2, 32]",1,1.0,0.25,0.4,1.0,1,4,1,1
smd,group23_evaluation,machine-3-3,tranad_official,2,9,7939,7942,"[9, 12, 10, 11, 5, 14, 29, 35, 33, 15, 7, 13, 26, 34, 28, 17, 37, 16, 22, 8, 20, 4, 24, 31, 19, 36, 0, 23, 27, 25, 6, 21, 3, 1, 18, 30, 2, 32]",3,1.0,0.75,0.8571428571428571,1.0,1,4,3,3
smd,group23_evaluation,machine-3-3,tranad_official,2,9,7939,7942,"[9, 12, 10, 11, 5, 14, 29, 35, 33, 15, 7, 13, 26, 34, 28, 17, 37, 16, 22, 8, 20, 4, 24, 31, 19, 36, 0, 23, 27, 25, 6, 21, 3, 1, 18, 30, 2, 32]",5,0.8,1.0,0.888888888888889,1.0,1,4,5,4
smd,group23_evaluation,machine-3-3,tranad_official,2,10,8407,8414,"[16, 6, 33, 35, 10, 22, 14, 7, 19, 11, 24, 29, 25, 1, 0, 15, 12, 37, 36, 34, 21, 30, 23, 13, 27, 20, 18, 31, 8, 32, 2, 3, 5, 9, 28, 26, 17, 4]",1,1.0,0.2,0.33333333333333337,1.0,1,5,1,1
smd,group23_evaluation,machine-3-3,tranad_official,2,10,8407,8414,"[16, 6, 33, 35, 10, 22, 14, 7, 19, 11, 24, 29, 25, 1, 0, 15, 12, 37, 36, 34, 21, 30, 23, 13, 27, 20, 18, 31, 8, 32, 2, 3, 5, 9, 28, 26, 17, 4]",3,0.3333333333333333,0.2,0.25,0.46927872602275644,1,5,3,1
smd,group23_evaluation,machine-3-3,tranad_official,2,10,8407,8414,"[16, 6, 33, 35, 10, 22, 14, 7, 19, 11, 24, 29, 25, 1, 0, 15, 12, 37, 36, 34, 21, 30, 23, 13, 27, 20, 18, 31, 8, 32, 2, 3, 5, 9, 28, 26, 17, 4]",5,0.2,0.2,0.20000000000000004,0.3391602052736161,1,5,5,1
smd,group23_evaluation,machine-3-3,tranad_official,2,11,9737,9740,"[16, 35, 6, 33, 22, 19, 11, 25, 15, 23, 12, 13, 14, 24, 34, 36, 37, 21, 30, 10, 27, 20, 8, 18, 0, 31, 5, 32, 9, 29, 1, 3, 2, 4, 7, 17, 26, 28]",1,1.0,0.3333333333333333,0.5,1.0,1,3,1,1
smd,group23_evaluation,machine-3-3,tranad_official,2,11,9737,9740,"[16, 35, 6, 33, 22, 19, 11, 25, 15, 23, 12, 13, 14, 24, 34, 36, 37, 21, 30, 10, 27, 20, 8, 18, 0, 31, 5, 32, 9, 29, 1, 3, 2, 4, 7, 17, 26, 28]",3,0.3333333333333333,0.3333333333333333,0.3333333333333333,0.46927872602275644,1,3,3,1
smd,group23_evaluation,machine-3-3,tranad_official,2,11,9737,9740,"[16, 35, 6, 33, 22, 19, 11, 25, 15, 23, 12, 13, 14, 24, 34, 36, 37, 21, 30, 10, 27, 20, 8, 18, 0, 31, 5, 32, 9, 29, 1, 3, 2, 4, 7, 17, 26, 28]",5,0.2,0.3333333333333333,0.25,0.46927872602275644,1,3,5,1
smd,group23_evaluation,machine-3-3,tranad_official,2,12,10819,10822,"[9, 12, 10, 11, 25, 6, 5, 13, 29, 14, 33, 20, 15, 23, 7, 35, 0, 26, 28, 17, 32, 16, 19, 4, 22, 18, 3, 34, 8, 37, 30, 36, 1, 27, 2, 31, 24, 21]",1,1.0,0.25,0.4,1.0,1,4,1,1
smd,group23_evaluation,machine-3-3,tranad_official,2,12,10819,10822,"[9, 12, 10, 11, 25, 6, 5, 13, 29, 14, 33, 20, 15, 23, 7, 35, 0, 26, 28, 17, 32, 16, 19, 4, 22, 18, 3, 34, 8, 37, 30, 36, 1, 27, 2, 31, 24, 21]",3,1.0,0.75,0.8571428571428571,1.0,1,4,3,3
smd,group23_evaluation,machine-3-3,tranad_official,2,12,10819,10822,"[9, 12, 10, 11, 25, 6, 5, 13, 29, 14, 33, 20, 15, 23, 7, 35, 0, 26, 28, 17, 32, 16, 19, 4, 22, 18, 3, 34, 8, 37, 30, 36, 1, 27, 2, 31, 24, 21]",5,0.8,1.0,0.888888888888889,1.0,1,4,5,4
smd,group23_evaluation,machine-3-3,tranad_official,2,13,12259,12262,"[9, 12, 10, 11, 6, 5, 14, 13, 29, 33, 15, 25, 7, 26, 35, 22, 17, 28, 20, 23, 0, 8, 16, 19, 4, 34, 37, 27, 36, 32, 30, 3, 24, 18, 2, 1, 21, 31]",1,1.0,0.25,0.4,1.0,1,4,1,1
smd,group23_evaluation,machine-3-3,tranad_official,2,13,12259,12262,"[9, 12, 10, 11, 6, 5, 14, 13, 29, 33, 15, 25, 7, 26, 35, 22, 17, 28, 20, 23, 0, 8, 16, 19, 4, 34, 37, 27, 36, 32, 30, 3, 24, 18, 2, 1, 21, 31]",3,1.0,0.75,0.8571428571428571,1.0,1,4,3,3
smd,group23_evaluation,machine-3-3,tranad_official,2,13,12259,12262,"[9, 12, 10, 11, 6, 5, 14, 13, 29, 33, 15, 25, 7, 26, 35, 22, 17, 28, 20, 23, 0, 8, 16, 19, 4, 34, 37, 27, 36, 32, 30, 3, 24, 18, 2, 1, 21, 31]",5,0.8,1.0,0.888888888888889,1.0,1,4,5,4
smd,group23_evaluation,machine-3-3,tranad_official,2,14,13699,13702,"[9, 12, 10, 11, 6, 25, 13, 33, 5, 15, 29, 14, 20, 19, 7, 24, 26, 17, 28, 35, 18, 30, 16, 27, 8, 32, 22, 4, 21, 3, 23, 0, 36, 37, 1, 34, 2, 31]",1,1.0,0.25,0.4,1.0,1,4,1,1
smd,group23_evaluation,machine-3-3,tranad_official,2,14,13699,13702,"[9, 12, 10, 11, 6, 25, 13, 33, 5, 15, 29, 14, 20, 19, 7, 24, 26, 17, 28, 35, 18, 30, 16, 27, 8, 32, 22, 4, 21, 3, 23, 0, 36, 37, 1, 34, 2, 31]",3,1.0,0.75,0.8571428571428571,1.0,1,4,3,3
smd,group23_evaluation,machine-3-3,tranad_official,2,14,13699,13702,"[9, 12, 10, 11, 6, 25, 13, 33, 5, 15, 29, 14, 20, 19, 7, 24, 26, 17, 28, 35, 18, 30, 16, 27, 8, 32, 22, 4, 21, 3, 23, 0, 36, 37, 1, 34, 2, 31]",5,0.8,1.0,0.888888888888889,1.0,1,4,5,4
smd,group23_evaluation,machine-3-3,tranad_official,2,15,13827,13830,"[16, 6, 33, 12, 22, 35, 34, 25, 11, 15, 23, 13, 14, 10, 8, 24, 29, 36, 37, 21, 30, 9, 18, 27, 20, 19, 0, 32, 31, 5, 1, 2, 3, 4, 7, 17, 26, 28]",1,1.0,1.0,1.0,1.0,1,1,1,1
smd,group23_evaluation,machine-3-3,tranad_official,2,15,13827,13830,"[16, 6, 33, 12, 22, 35, 34, 25, 11, 15, 23, 13, 14, 10, 8, 24, 29, 36, 37, 21, 30, 9, 18, 27, 20, 19, 0, 32, 31, 5, 1, 2, 3, 4, 7, 17, 26, 28]",3,0.3333333333333333,1.0,0.5,1.0,1,1,3,1
smd,group23_evaluation,machine-3-3,tranad_official,2,15,13827,13830,"[16, 6, 33, 12, 22, 35, 34, 25, 11, 15, 23, 13, 14, 10, 8, 24, 29, 36, 37, 21, 30, 9, 18, 27, 20, 19, 0, 32, 31, 5, 1, 2, 3, 4, 7, 17, 26, 28]",5,0.2,1.0,0.33333333333333337,1.0,1,1,5,1
smd,group23_evaluation,machine-3-3,tranad_official,2,16,14476,14486,"[13, 11, 12, 15, 14, 8, 24, 6, 20, 5, 19, 27, 29, 36, 0, 30, 35, 17, 22, 28, 31, 23, 7, 18, 21, 26, 25, 9, 16, 10, 33, 37, 4, 3, 34, 32, 1, 2]",1,1.0,1.0,1.0,1.0,1,1,1,1
smd,group23_evaluation,machine-3-3,tranad_official,2,16,14476,14486,"[13, 11, 12, 15, 14, 8, 24, 6, 20, 5, 19, 27, 29, 36, 0, 30, 35, 17, 22, 28, 31, 23, 7, 18, 21, 26, 25, 9, 16, 10, 33, 37, 4, 3, 34, 32, 1, 2]",3,0.3333333333333333,1.0,0.5,1.0,1,1,3,1
smd,group23_evaluation,machine-3-3,tranad_official,2,16,14476,14486,"[13, 11, 12, 15, 14, 8, 24, 6, 20, 5, 19, 27, 29, 36, 0, 30, 35, 17, 22, 28, 31, 23, 7, 18, 21, 26, 25, 9, 16, 10, 33, 37, 4, 3, 34, 32, 1, 2]",5,0.2,1.0,0.33333333333333337,1.0,1,1,5,1
smd,group23_evaluation,machine-3-3,tranad_official,2,17,15139,15142,"[9, 12, 10, 11, 5, 33, 14, 35, 29, 37, 15, 34, 13, 7, 36, 26, 22, 17, 28, 8, 6, 32, 16, 31, 27, 19, 23, 20, 4, 3, 1, 0, 25, 2, 18, 21, 24, 30]",1,1.0,0.25,0.4,1.0,1,4,1,1
smd,group23_evaluation,machine-3-3,tranad_official,2,17,15139,15142,"[9, 12, 10, 11, 5, 33, 14, 35, 29, 37, 15, 34, 13, 7, 36, 26, 22, 17, 28, 8, 6, 32, 16, 31, 27, 19, 23, 20, 4, 3, 1, 0, 25, 2, 18, 21, 24, 30]",3,1.0,0.75,0.8571428571428571,1.0,1,4,3,3
smd,group23_evaluation,machine-3-3,tranad_official,2,17,15139,15142,"[9, 12, 10, 11, 5, 33, 14, 35, 29, 37, 15, 34, 13, 7, 36, 26, 22, 17, 28, 8, 6, 32, 16, 31, 27, 19, 23, 20, 4, 3, 1, 0, 25, 2, 18, 21, 24, 30]",5,0.8,1.0,0.888888888888889,1.0,1,4,5,4
smd,group23_evaluation,machine-3-3,tranad_official,2,18,16199,16212,"[13, 0, 1, 12, 27, 11, 18, 14, 5, 20, 24, 2, 6, 22, 8, 29, 30, 21, 4, 25, 19, 16, 23, 7, 28, 17, 31, 3, 10, 35, 36, 37, 9, 34, 26, 15, 32, 33]",1,0.0,0.0,0.0,0.0,0,4,1,0
smd,group23_evaluation,machine-3-3,tranad_official,2,18,16199,16212,"[13, 0, 1, 12, 27, 11, 18, 14, 5, 20, 24, 2, 6, 22, 8, 29, 30, 21, 4, 25, 19, 16, 23, 7, 28, 17, 31, 3, 10, 35, 36, 37, 9, 34, 26, 15, 32, 33]",3,0.0,0.0,0.0,0.0,0,4,3,0
smd,group23_evaluation,machine-3-3,tranad_official,2,18,16199,16212,"[13, 0, 1, 12, 27, 11, 18, 14, 5, 20, 24, 2, 6, 22, 8, 29, 30, 21, 4, 25, 19, 16, 23, 7, 28, 17, 31, 3, 10, 35, 36, 37, 9, 34, 26, 15, 32, 33]",5,0.2,0.25,0.22222222222222224,0.16812753627111746,1,4,5,1
smd,group23_evaluation,machine-3-3,tranad_official,2,19,16579,16582,"[9, 12, 10, 11, 5, 33, 14, 15, 35, 37, 29, 25, 7, 36, 34, 26, 17, 22, 28, 27, 32, 13, 23, 8, 16, 19, 6, 4, 31, 3, 20, 1, 21, 18, 0, 2, 30, 24]",1,0.0,0.0,0.0,0.0,0,10,1,0
smd,group23_evaluation,machine-3-3,tranad_official,2,19,16579,16582,"[9, 12, 10, 11, 5, 33, 14, 15, 35, 37, 29, 25, 7, 36, 34, 26, 17, 22, 28, 27, 32, 13, 23, 8, 16, 19, 6, 4, 31, 3, 20, 1, 21, 18, 0, 2, 30, 24]",3,0.0,0.0,0.0,0.0,0,10,3,0
smd,group23_evaluation,machine-3-3,tranad_official,2,19,16579,16582,"[9, 12, 10, 11, 5, 33, 14, 15, 35, 37, 29, 25, 7, 36, 34, 26, 17, 22, 28, 27, 32, 13, 23, 8, 16, 19, 6, 4, 31, 3, 20, 1, 21, 18, 0, 2, 30, 24]",5,0.0,0.0,0.0,0.0,0,10,5,0
smd,group23_evaluation,machine-3-3,tranad_official,2,20,18019,18022,"[9, 12, 10, 11, 6, 35, 33, 13, 29, 14, 34, 15, 37, 36, 7, 26, 17, 28, 16, 19, 20, 0, 8, 22, 25, 4, 3, 27, 5, 23, 31, 18, 32, 1, 2, 24, 30, 21]",1,1.0,0.25,0.4,1.0,1,4,1,1
smd,group23_evaluation,machine-3-3,tranad_official,2,20,18019,18022,"[9, 12, 10, 11, 6, 35, 33, 13, 29, 14, 34, 15, 37, 36, 7, 26, 17, 28, 16, 19, 20, 0, 8, 22, 25, 4, 3, 27, 5, 23, 31, 18, 32, 1, 2, 24, 30, 21]",3,1.0,0.75,0.8571428571428571,1.0,1,4,3,3
smd,group23_evaluation,machine-3-3,tranad_official,2,20,18019,18022,"[9, 12, 10, 11, 6, 35, 33, 13, 29, 14, 34, 15, 37, 36, 7, 26, 17, 28, 16, 19, 20, 0, 8, 22, 25, 4, 3, 27, 5, 23, 31, 18, 32, 1, 2, 24, 30, 21]",5,0.8,1.0,0.888888888888889,1.0,1,4,5,4
smd,group23_evaluation,machine-3-3,tranad_official,2,21,19081,19088,"[6, 0, 32, 1, 12, 25, 5, 13, 11, 27, 33, 18, 24, 22, 29, 2, 4, 20, 30, 21, 16, 31, 7, 36, 15, 28, 14, 19, 37, 35, 17, 10, 34, 8, 3, 26, 9, 23]",1,0.0,0.0,0.0,0.0,0,4,1,0
smd,group23_evaluation,machine-3-3,tranad_official,2,21,19081,19088,"[6, 0, 32, 1, 12, 25, 5, 13, 11, 27, 33, 18, 24, 22, 29, 2, 4, 20, 30, 21, 16, 31, 7, 36, 15, 28, 14, 19, 37, 35, 17, 10, 34, 8, 3, 26, 9, 23]",3,0.0,0.0,0.0,0.0,0,4,3,0
smd,group23_evaluation,machine-3-3,tranad_official,2,21,19081,19088,"[6, 0, 32, 1, 12, 25, 5, 13, 11, 27, 33, 18, 24, 22, 29, 2, 4, 20, 30, 21, 16, 31, 7, 36, 15, 28, 14, 19, 37, 35, 17, 10, 34, 8, 3, 26, 9, 23]",5,0.2,0.25,0.22222222222222224,0.15101961822780524,1,4,5,1
smd,group23_evaluation,machine-3-3,tranad_official,2,22,19349,19830,"[0, 5, 18, 20, 27, 30, 15, 3, 19, 1, 6, 2, 11, 21, 25, 14, 37, 24, 35, 34, 13, 12, 23, 36, 29, 22, 9, 10, 7, 31, 8, 33, 28, 17, 26, 16, 32, 4]",1,1.0,0.3333333333333333,0.5,1.0,1,3,1,1
smd,group23_evaluation,machine-3-3,tranad_official,2,22,19349,19830,"[0, 5, 18, 20, 27, 30, 15, 3, 19, 1, 6, 2, 11, 21, 25, 14, 37, 24, 35, 34, 13, 12, 23, 36, 29, 22, 9, 10, 7, 31, 8, 33, 28, 17, 26, 16, 32, 4]",3,0.3333333333333333,0.3333333333333333,0.3333333333333333,0.46927872602275644,1,3,3,1
smd,group23_evaluation,machine-3-3,tranad_official,2,22,19349,19830,"[0, 5, 18, 20, 27, 30, 15, 3, 19, 1, 6, 2, 11, 21, 25, 14, 37, 24, 35, 34, 13, 12, 23, 36, 29, 22, 9, 10, 7, 31, 8, 33, 28, 17, 26, 16, 32, 4]",5,0.2,0.3333333333333333,0.25,0.46927872602275644,1,3,5,1
smd,group23_evaluation,machine-3-3,tranad_official,2,23,19459,19462,"[9, 12, 10, 11, 15, 14, 13, 6, 8, 31, 34, 5, 37, 20, 35, 29, 36, 22, 7, 19, 23, 17, 25, 28, 26, 18, 16, 0, 33, 30, 4, 27, 32, 21, 24, 3, 1, 2]",1,1.0,0.05263157894736842,0.1,1.0,1,19,1,1
smd,group23_evaluation,machine-3-3,tranad_official,2,23,19459,19462,"[9, 12, 10, 11, 15, 14, 13, 6, 8, 31, 34, 5, 37, 20, 35, 29, 36, 22, 7, 19, 23, 17, 25, 28, 26, 18, 16, 0, 33, 30, 4, 27, 32, 21, 24, 3, 1, 2]",3,0.6666666666666666,0.10526315789473684,0.18181818181818182,0.7039180890341347,1,19,3,2
smd,group23_evaluation,machine-3-3,tranad_official,2,23,19459,19462,"[9, 12, 10, 11, 15, 14, 13, 6, 8, 31, 34, 5, 37, 20, 35, 29, 36, 22, 7, 19, 23, 17, 25, 28, 26, 18, 16, 0, 33, 30, 4, 27, 32, 21, 24, 3, 1, 2]",5,0.6,0.15789473684210525,0.25,0.6548086577531307,1,19,5,3
smd,group23_evaluation,machine-3-3,tranad_official,2,24,20897,20903,"[9, 12, 11, 10, 15, 13, 6, 14, 36, 37, 34, 35, 20, 24, 31, 22, 5, 8, 30, 23, 0, 29, 18, 19, 21, 7, 27, 17, 28, 26, 25, 3, 16, 32, 4, 1, 33, 2]",1,1.0,0.25,0.4,1.0,1,4,1,1
smd,group23_evaluation,machine-3-3,tranad_official,2,24,20897,20903,"[9, 12, 11, 10, 15, 13, 6, 14, 36, 37, 34, 35, 20, 24, 31, 22, 5, 8, 30, 23, 0, 29, 18, 19, 21, 7, 27, 17, 28, 26, 25, 3, 16, 32, 4, 1, 33, 2]",3,1.0,0.75,0.8571428571428571,1.0,1,4,3,3
smd,group23_evaluation,machine-3-3,tranad_official,2,24,20897,20903,"[9, 12, 11, 10, 15, 13, 6, 14, 36, 37, 34, 35, 20, 24, 31, 22, 5, 8, 30, 23, 0, 29, 18, 19, 21, 7, 27, 17, 28, 26, 25, 3, 16, 32, 4, 1, 33, 2]",5,0.8,1.0,0.888888888888889,1.0,1,4,5,4
smd,group23_evaluation,machine-3-3,tranad_official,2,25,21878,21893,"[17, 10, 4, 9, 23, 1, 15, 12, 24, 25, 21, 30, 37, 34, 36, 11, 35, 27, 20, 33, 22, 19, 13, 18, 0, 31, 6, 5, 26, 2, 14, 32, 8, 29, 3, 16, 7, 28]",1,1.0,1.0,1.0,1.0,1,1,1,1
smd,group23_evaluation,machine-3-3,tranad_official,2,25,21878,21893,"[17, 10, 4, 9, 23, 1, 15, 12, 24, 25, 21, 30, 37, 34, 36, 11, 35, 27, 20, 33, 22, 19, 13, 18, 0, 31, 6, 5, 26, 2, 14, 32, 8, 29, 3, 16, 7, 28]",3,0.3333333333333333,1.0,0.5,1.0,1,1,3,1
smd,group23_evaluation,machine-3-3,tranad_official,2,25,21878,21893,"[17, 10, 4, 9, 23, 1, 15, 12, 24, 25, 21, 30, 37, 34, 36, 11, 35, 27, 20, 33, 22, 19, 13, 18, 0, 31, 6, 5, 26, 2, 14, 32, 8, 29, 3, 16, 7, 28]",5,0.2,1.0,0.33333333333333337,1.0,1,1,5,1
smd,group23_evaluation,machine-3-3,tranad_official,2,26,22339,22342,"[9, 12, 5, 10, 11, 6, 23, 14, 15, 22, 29, 7, 17, 19, 26, 8, 27, 33, 28, 16, 25, 0, 1, 4, 3, 20, 36, 18, 13, 34, 2, 32, 37, 35, 30, 21, 24, 31]",1,1.0,0.25,0.4,1.0,1,4,1,1
smd,group23_evaluation,machine-3-3,tranad_official,2,26,22339,22342,"[9, 12, 5, 10, 11, 6, 23, 14, 15, 22, 29, 7, 17, 19, 26, 8, 27, 33, 28, 16, 25, 0, 1, 4, 3, 20, 36, 18, 13, 34, 2, 32, 37, 35, 30, 21, 24, 31]",3,0.6666666666666666,0.5,0.5714285714285715,0.7653606369886217,1,4,3,2
smd,group23_evaluation,machine-3-3,tranad_official,2,26,22339,22342,"[9, 12, 5, 10, 11, 6, 23, 14, 15, 22, 29, 7, 17, 19, 26, 8, 27, 33, 28, 16, 25, 0, 1, 4, 3, 20, 36, 18, 13, 34, 2, 32, 37, 35, 30, 21, 24, 31]",5,0.8,1.0,0.888888888888889,0.9558295932317544,1,4,5,4
smd,group23_evaluation,machine-3-3,tranad_official,2,27,23159,23180,"[0, 1, 2, 6, 18, 3, 27, 13, 20, 11, 25, 31, 30, 19, 12, 21, 22, 37, 35, 32, 34, 24, 5, 36, 29, 7, 14, 4, 16, 10, 28, 17, 15, 26, 9, 8, 23, 33]",1,1.0,0.1111111111111111,0.19999999999999998,1.0,1,9,1,1
smd,group23_evaluation,machine-3-3,tranad_official,2,27,23159,23180,"[0, 1, 2, 6, 18, 3, 27, 13, 20, 11, 25, 31, 30, 19, 12, 21, 22, 37, 35, 32, 34, 24, 5, 36, 29, 7, 14, 4, 16, 10, 28, 17, 15, 26, 9, 8, 23, 33]",3,1.0,0.3333333333333333,0.5,1.0,1,9,3,3
smd,group23_evaluation,machine-3-3,tranad_official,2,27,23159,23180,"[0, 1, 2, 6, 18, 3, 27, 13, 20, 11, 25, 31, 30, 19, 12, 21, 22, 37, 35, 32, 34, 24, 5, 36, 29, 7, 14, 4, 16, 10, 28, 17, 15, 26, 9, 8, 23, 33]",5,0.8,0.4444444444444444,0.5714285714285714,0.8539316501572937,1,9,5,4
smd,group23_evaluation,machine-3-4,tranad_official,0,0,2734,3520,"[6, 5, 3, 2, 1, 0, 22, 13, 19, 25, 23, 31, 24, 29, 30, 21, 27, 20, 18, 15, 14, 35, 34, 8, 11, 10, 12, 9, 33, 7, 4, 37, 28, 17, 16, 26, 32, 36]",1,1.0,0.125,0.2222222222222222,1.0,1,8,1,1
smd,group23_evaluation,machine-3-4,tranad_official,0,0,2734,3520,"[6, 5, 3, 2, 1, 0, 22, 13, 19, 25, 23, 31, 24, 29, 30, 21, 27, 20, 18, 15, 14, 35, 34, 8, 11, 10, 12, 9, 33, 7, 4, 37, 28, 17, 16, 26, 32, 36]",3,1.0,0.375,0.5454545454545454,1.0,1,8,3,3
smd,group23_evaluation,machine-3-4,tranad_official,0,0,2734,3520,"[6, 5, 3, 2, 1, 0, 22, 13, 19, 25, 23, 31, 24, 29, 30, 21, 27, 20, 18, 15, 14, 35, 34, 8, 11, 10, 12, 9, 33, 7, 4, 37, 28, 17, 16, 26, 32, 36]",5,1.0,0.625,0.7692307692307693,1.0,1,8,5,5
smd,group23_evaluation,machine-3-4,tranad_official,0,1,4474,4550,"[6, 5, 1, 2, 3, 13, 15, 10, 23, 31, 25, 29, 14, 0, 8, 22, 11, 12, 19, 18, 27, 20, 30, 21, 33, 32, 24, 35, 34, 9, 4, 7, 16, 17, 26, 28, 36, 37]",1,0.0,0.0,0.0,0.0,0,2,1,0
smd,group23_evaluation,machine-3-4,tranad_official,0,1,4474,4550,"[6, 5, 1, 2, 3, 13, 15, 10, 23, 31, 25, 29, 14, 0, 8, 22, 11, 12, 19, 18, 27, 20, 30, 21, 33, 32, 24, 35, 34, 9, 4, 7, 16, 17, 26, 28, 36, 37]",3,0.3333333333333333,0.5,0.4,0.3065735963827292,1,2,3,1
smd,group23_evaluation,machine-3-4,tranad_official,0,1,4474,4550,"[6, 5, 1, 2, 3, 13, 15, 10, 23, 31, 25, 29, 14, 0, 8, 22, 11, 12, 19, 18, 27, 20, 30, 21, 33, 32, 24, 35, 34, 9, 4, 7, 16, 17, 26, 28, 36, 37]",5,0.2,0.5,0.28571428571428575,0.3065735963827292,1,2,5,1
smd,group23_evaluation,machine-3-4,tranad_official,0,2,6013,6016,"[6, 9, 12, 11, 13, 22, 5, 3, 8, 19, 2, 29, 24, 30, 21, 31, 27, 20, 0, 14, 1, 18, 34, 35, 15, 10, 23, 25, 4, 7, 16, 17, 26, 28, 32, 33, 36, 37]",1,0.0,0.0,0.0,0.0,0,4,1,0
smd,group23_evaluation,machine-3-4,tranad_official,0,2,6013,6016,"[6, 9, 12, 11, 13, 22, 5, 3, 8, 19, 2, 29, 24, 30, 21, 31, 27, 20, 0, 14, 1, 18, 34, 35, 15, 10, 23, 25, 4, 7, 16, 17, 26, 28, 32, 33, 36, 37]",3,0.6666666666666666,0.5,0.5714285714285715,0.5307212739772434,1,4,3,2
smd,group23_evaluation,machine-3-4,tranad_official,0,2,6013,6016,"[6, 9, 12, 11, 13, 22, 5, 3, 8, 19, 2, 29, 24, 30, 21, 31, 27, 20, 0, 14, 1, 18, 34, 35, 15, 10, 23, 25, 4, 7, 16, 17, 26, 28, 32, 33, 36, 37]",5,0.8,1.0,0.888888888888889,0.7606395682357036,1,4,5,4
smd,group23_evaluation,machine-3-4,tranad_official,0,3,10963,10969,"[6, 33, 32, 23, 22, 5, 25, 13, 24, 19, 29, 30, 21, 3, 27, 2, 20, 1, 15, 10, 34, 35, 0, 18, 14, 8, 11, 12, 31, 9, 4, 7, 16, 17, 26, 28, 36, 37]",1,0.0,0.0,0.0,0.0,0,3,1,0
smd,group23_evaluation,machine-3-4,tranad_official,0,3,10963,10969,"[6, 33, 32, 23, 22, 5, 25, 13, 24, 19, 29, 30, 21, 3, 27, 2, 20, 1, 15, 10, 34, 35, 0, 18, 14, 8, 11, 12, 31, 9, 4, 7, 16, 17, 26, 28, 36, 37]",3,0.6666666666666666,0.6666666666666666,0.6666666666666666,0.5307212739772434,1,3,3,2
smd,group23_evaluation,machine-3-4,tranad_official,0,3,10963,10969,"[6, 33, 32, 23, 22, 5, 25, 13, 24, 19, 29, 30, 21, 3, 27, 2, 20, 1, 15, 10, 34, 35, 0, 18, 14, 8, 11, 12, 31, 9, 4, 7, 16, 17, 26, 28, 36, 37]",5,0.4,0.6666666666666666,0.5,0.5307212739772434,1,3,5,2
smd,group23_evaluation,machine-3-4,tranad_official,0,4,11565,11569,"[6, 5, 33, 32, 23, 3, 22, 31, 25, 13, 29, 19, 2, 11, 14, 24, 30, 21, 27, 20, 0, 1, 12, 15, 10, 34, 35, 18, 8, 9, 4, 7, 16, 17, 26, 28, 36, 37]",1,0.0,0.0,0.0,0.0,0,3,1,0
smd,group23_evaluation,machine-3-4,tranad_official,0,4,11565,11569,"[6, 5, 33, 32, 23, 3, 22, 31, 25, 13, 29, 19, 2, 11, 14, 24, 30, 21, 27, 20, 0, 1, 12, 15, 10, 34, 35, 18, 8, 9, 4, 7, 16, 17, 26, 28, 36, 37]",3,0.3333333333333333,0.3333333333333333,0.3333333333333333,0.23463936301137822,1,3,3,1
smd,group23_evaluation,machine-3-4,tranad_official,0,4,11565,11569,"[6, 5, 33, 32, 23, 3, 22, 31, 25, 13, 29, 19, 2, 11, 14, 24, 30, 21, 27, 20, 0, 1, 12, 15, 10, 34, 35, 18, 8, 9, 4, 7, 16, 17, 26, 28, 36, 37]",5,0.6,1.0,0.7499999999999999,0.6182885020492784,1,3,5,3
smd,group23_evaluation,machine-3-4,tranad_official,0,5,13699,13709,"[6, 22, 5, 3, 33, 23, 32, 13, 19, 24, 2, 30, 21, 27, 20, 18, 25, 35, 34, 29, 1, 0, 31, 15, 10, 14, 12, 8, 11, 9, 4, 7, 16, 17, 26, 28, 36, 37]",1,0.0,0.0,0.0,0.0,0,3,1,0
smd,group23_evaluation,machine-3-4,tranad_official,0,5,13699,13709,"[6, 22, 5, 3, 33, 23, 32, 13, 19, 24, 2, 30, 21, 27, 20, 18, 25, 35, 34, 29, 1, 0, 31, 15, 10, 14, 12, 8, 11, 9, 4, 7, 16, 17, 26, 28, 36, 37]",3,0.0,0.0,0.0,0.0,0,3,3,0
smd,group23_evaluation,machine-3-4,tranad_official,0,5,13699,13709,"[6, 22, 5, 3, 33, 23, 32, 13, 19, 24, 2, 30, 21, 27, 20, 18, 25, 35, 34, 29, 1, 0, 31, 15, 10, 14, 12, 8, 11, 9, 4, 7, 16, 17, 26, 28, 36, 37]",5,0.2,0.3333333333333333,0.25,0.18154179253735267,1,3,5,1
smd,group23_evaluation,machine-3-4,tranad_official,0,6,18589,18640,"[6, 3, 2, 1, 0, 5, 29, 31, 13, 23, 15, 10, 25, 11, 14, 12, 22, 8, 19, 27, 20, 18, 30, 21, 24, 35, 34, 33, 9, 4, 7, 16, 17, 26, 28, 32, 36, 37]",1,0.0,0.0,0.0,0.0,0,4,1,0
smd,group23_evaluation,machine-3-4,tranad_official,0,6,18589,18640,"[6, 3, 2, 1, 0, 5, 29, 31, 13, 23, 15, 10, 25, 11, 14, 12, 22, 8, 19, 27, 20, 18, 30, 21, 24, 35, 34, 33, 9, 4, 7, 16, 17, 26, 28, 32, 36, 37]",3,0.6666666666666666,0.5,0.5714285714285715,0.5307212739772434,1,4,3,2
smd,group23_evaluation,machine-3-4,tranad_official,0,6,18589,18640,"[6, 3, 2, 1, 0, 5, 29, 31, 13, 23, 15, 10, 25, 11, 14, 12, 22, 8, 19, 27, 20, 18, 30, 21, 24, 35, 34, 33, 9, 4, 7, 16, 17, 26, 28, 32, 36, 37]",5,0.8,1.0,0.888888888888889,0.7606395682357036,1,4,5,4
smd,group23_evaluation,machine-3-4,tranad_official,0,7,18784,18825,"[6, 1, 2, 3, 0, 5, 31, 29, 13, 15, 23, 10, 25, 11, 14, 12, 8, 19, 22, 27, 20, 18, 30, 21, 24, 35, 34, 33, 9, 4, 7, 16, 17, 26, 28, 32, 36, 37]",1,0.0,0.0,0.0,0.0,0,3,1,0
smd,group23_evaluation,machine-3-4,tranad_official,0,7,18784,18825,"[6, 1, 2, 3, 0, 5, 31, 29, 13, 15, 23, 10, 25, 11, 14, 12, 8, 19, 22, 27, 20, 18, 30, 21, 24, 35, 34, 33, 9, 4, 7, 16, 17, 26, 28, 32, 36, 37]",3,0.6666666666666666,0.6666666666666666,0.6666666666666666,0.5307212739772434,1,3,3,2
smd,group23_evaluation,machine-3-4,tranad_official,0,7,18784,18825,"[6, 1, 2, 3, 0, 5, 31, 29, 13, 15, 23, 10, 25, 11, 14, 12, 8, 19, 22, 27, 20, 18, 30, 21, 24, 35, 34, 33, 9, 4, 7, 16, 17, 26, 28, 32, 36, 37]",5,0.6,1.0,0.7499999999999999,0.7122630665145961,1,3,5,3
smd,group23_evaluation,machine-3-4,tranad_official,1,0,2734,3520,"[6, 5, 3, 2, 1, 34, 21, 29, 25, 0, 18, 13, 14, 28, 22, 9, 19, 23, 24, 31, 30, 20, 27, 15, 35, 8, 11, 10, 12, 33, 32, 16, 36, 37, 17, 26, 4, 7]",1,1.0,0.125,0.2222222222222222,1.0,1,8,1,1
smd,group23_evaluation,machine-3-4,tranad_official,1,0,2734,3520,"[6, 5, 3, 2, 1, 34, 21, 29, 25, 0, 18, 13, 14, 28, 22, 9, 19, 23, 24, 31, 30, 20, 27, 15, 35, 8, 11, 10, 12, 33, 32, 16, 36, 37, 17, 26, 4, 7]",3,1.0,0.375,0.5454545454545454,1.0,1,8,3,3
smd,group23_evaluation,machine-3-4,tranad_official,1,0,2734,3520,"[6, 5, 3, 2, 1, 34, 21, 29, 25, 0, 18, 13, 14, 28, 22, 9, 19, 23, 24, 31, 30, 20, 27, 15, 35, 8, 11, 10, 12, 33, 32, 16, 36, 37, 17, 26, 4, 7]",5,1.0,0.625,0.7692307692307693,1.0,1,8,5,5
smd,group23_evaluation,machine-3-4,tranad_official,1,1,4474,4550,"[6, 1, 5, 28, 9, 34, 21, 18, 19, 14, 2, 29, 13, 3, 15, 10, 23, 31, 25, 0, 8, 22, 11, 12, 27, 20, 30, 33, 32, 24, 35, 16, 4, 7, 17, 26, 36, 37]",1,0.0,0.0,0.0,0.0,0,2,1,0
smd,group23_evaluation,machine-3-4,tranad_official,1,1,4474,4550,"[6, 1, 5, 28, 9, 34, 21, 18, 19, 14, 2, 29, 13, 3, 15, 10, 23, 31, 25, 0, 8, 22, 11, 12, 27, 20, 30, 33, 32, 24, 35, 16, 4, 7, 17, 26, 36, 37]",3,0.3333333333333333,0.5,0.4,0.38685280723454163,1,2,3,1
smd,group23_evaluation,machine-3-4,tranad_official,1,1,4474,4550,"[6, 1, 5, 28, 9, 34, 21, 18, 19, 14, 2, 29, 13, 3, 15, 10, 23, 31, 25, 0, 8, 22, 11, 12, 27, 20, 30, 33, 32, 24, 35, 16, 4, 7, 17, 26, 36, 37]",5,0.2,0.5,0.28571428571428575,0.38685280723454163,1,2,5,1
smd,group23_evaluation,machine-3-4,tranad_official,1,2,6013,6016,"[6, 9, 12, 11, 28, 34, 18, 14, 21, 29, 2, 19, 22, 3, 5, 8, 13, 24, 30, 31, 27, 20, 0, 1, 35, 15, 10, 23, 25, 16, 4, 7, 17, 26, 32, 33, 36, 37]",1,0.0,0.0,0.0,0.0,0,4,1,0
smd,group23_evaluation,machine-3-4,tranad_official,1,2,6013,6016,"[6, 9, 12, 11, 28, 34, 18, 14, 21, 29, 2, 19, 22, 3, 5, 8, 13, 24, 30, 31, 27, 20, 0, 1, 35, 15, 10, 23, 25, 16, 4, 7, 17, 26, 32, 33, 36, 37]",3,0.6666666666666666,0.5,0.5714285714285715,0.5307212739772434,1,4,3,2
smd,group23_evaluation,machine-3-4,tranad_official,1,2,6013,6016,"[6, 9, 12, 11, 28, 34, 18, 14, 21, 29, 2, 19, 22, 3, 5, 8, 13, 24, 30, 31, 27, 20, 0, 1, 35, 15, 10, 23, 25, 16, 4, 7, 17, 26, 32, 33, 36, 37]",5,0.6,0.75,0.6666666666666665,0.6096199500078984,1,4,5,3
smd,group23_evaluation,machine-3-4,tranad_official,1,3,10963,10969,"[6, 28, 9, 33, 18, 14, 34, 32, 21, 2, 3, 19, 23, 29, 13, 22, 5, 25, 24, 30, 27, 20, 1, 15, 10, 35, 0, 8, 11, 12, 31, 16, 4, 7, 17, 26, 36, 37]",1,0.0,0.0,0.0,0.0,0,3,1,0
smd,group23_evaluation,machine-3-4,tranad_official,1,3,10963,10969,"[6, 28, 9, 33, 18, 14, 34, 32, 21, 2, 3, 19, 23, 29, 13, 22, 5, 25, 24, 30, 27, 20, 1, 15, 10, 35, 0, 8, 11, 12, 31, 16, 4, 7, 17, 26, 36, 37]",3,0.0,0.0,0.0,0.0,0,3,3,0
smd,group23_evaluation,machine-3-4,tranad_official,1,3,10963,10969,"[6, 28, 9, 33, 18, 14, 34, 32, 21, 2, 3, 19, 23, 29, 13, 22, 5, 25, 24, 30, 27, 20, 1, 15, 10, 35, 0, 8, 11, 12, 31, 16, 4, 7, 17, 26, 36, 37]",5,0.2,0.3333333333333333,0.25,0.20210734650054757,1,3,5,1
smd,group23_evaluation,machine-3-4,tranad_official,1,4,11565,11569,"[6, 5, 28, 9, 18, 34, 21, 14, 19, 2, 29, 33, 13, 32, 3, 23, 22, 31, 25, 11, 24, 30, 27, 20, 0, 1, 12, 15, 10, 35, 8, 16, 4, 7, 17, 26, 36, 37]",1,0.0,0.0,0.0,0.0,0,3,1,0
smd,group23_evaluation,machine-3-4,tranad_official,1,4,11565,11569,"[6, 5, 28, 9, 18, 34, 21, 14, 19, 2, 29, 33, 13, 32, 3, 23, 22, 31, 25, 11, 24, 30, 27, 20, 0, 1, 12, 15, 10, 35, 8, 16, 4, 7, 17, 26, 36, 37]",3,0.0,0.0,0.0,0.0,0,3,3,0
smd,group23_evaluation,machine-3-4,tranad_official,1,4,11565,11569,"[6, 5, 28, 9, 18, 34, 21, 14, 19, 2, 29, 33, 13, 32, 3, 23, 22, 31, 25, 11, 24, 30, 27, 20, 0, 1, 12, 15, 10, 35, 8, 16, 4, 7, 17, 26, 36, 37]",5,0.0,0.0,0.0,0.0,0,3,5,0
smd,group23_evaluation,machine-3-4,tranad_official,1,5,13699,13709,"[6, 28, 9, 14, 22, 29, 34, 18, 21, 19, 2, 13, 3, 33, 5, 23, 32, 24, 30, 27, 20, 25, 35, 1, 0, 31, 15, 10, 12, 8, 11, 16, 4, 7, 17, 26, 36, 37]",1,0.0,0.0,0.0,0.0,0,3,1,0
smd,group23_evaluation,machine-3-4,tranad_official,1,5,13699,13709,"[6, 28, 9, 14, 22, 29, 34, 18, 21, 19, 2, 13, 3, 33, 5, 23, 32, 24, 30, 27, 20, 25, 35, 1, 0, 31, 15, 10, 12, 8, 11, 16, 4, 7, 17, 26, 36, 37]",3,0.0,0.0,0.0,0.0,0,3,3,0
smd,group23_evaluation,machine-3-4,tranad_official,1,5,13699,13709,"[6, 28, 9, 14, 22, 29, 34, 18, 21, 19, 2, 13, 3, 33, 5, 23, 32, 24, 30, 27, 20, 25, 35, 1, 0, 31, 15, 10, 12, 8, 11, 16, 4, 7, 17, 26, 36, 37]",5,0.0,0.0,0.0,0.0,0,3,5,0
smd,group23_evaluation,machine-3-4,tranad_official,1,6,18589,18640,"[6, 1, 2, 3, 28, 9, 34, 21, 18, 19, 14, 0, 13, 29, 5, 31, 23, 15, 10, 25, 11, 12, 22, 8, 27, 20, 30, 24, 35, 33, 16, 4, 7, 17, 26, 32, 36, 37]",1,0.0,0.0,0.0,0.0,0,4,1,0
smd,group23_evaluation,machine-3-4,tranad_official,1,6,18589,18640,"[6, 1, 2, 3, 28, 9, 34, 21, 18, 19, 14, 0, 13, 29, 5, 31, 23, 15, 10, 25, 11, 12, 22, 8, 27, 20, 30, 24, 35, 33, 16, 4, 7, 17, 26, 32, 36, 37]",3,0.6666666666666666,0.5,0.5714285714285715,0.5307212739772434,1,4,3,2
smd,group23_evaluation,machine-3-4,tranad_official,1,6,18589,18640,"[6, 1, 2, 3, 28, 9, 34, 21, 18, 19, 14, 0, 13, 29, 5, 31, 23, 15, 10, 25, 11, 12, 22, 8, 27, 20, 30, 24, 35, 33, 16, 4, 7, 17, 26, 32, 36, 37]",5,0.6,0.75,0.6666666666666665,0.6096199500078984,1,4,5,3
smd,group23_evaluation,machine-3-4,tranad_official,1,7,18784,18825,"[6, 1, 28, 9, 34, 21, 18, 19, 14, 13, 29, 2, 0, 3, 5, 31, 15, 23, 10, 25, 11, 12, 8, 22, 27, 20, 30, 24, 35, 33, 16, 4, 7, 17, 26, 32, 36, 37]",1,0.0,0.0,0.0,0.0,0,3,1,0
smd,group23_evaluation,machine-3-4,tranad_official,1,7,18784,18825,"[6, 1, 28, 9, 34, 21, 18, 19, 14, 13, 29, 2, 0, 3, 5, 31, 15, 23, 10, 25, 11, 12, 8, 22, 27, 20, 30, 24, 35, 33, 16, 4, 7, 17, 26, 32, 36, 37]",3,0.3333333333333333,0.3333333333333333,0.3333333333333333,0.2960819109658652,1,3,3,1
smd,group23_evaluation,machine-3-4,tranad_official,1,7,18784,18825,"[6, 1, 28, 9, 34, 21, 18, 19, 14, 13, 29, 2, 0, 3, 5, 31, 15, 23, 10, 25, 11, 12, 8, 22, 27, 20, 30, 24, 35, 33, 16, 4, 7, 17, 26, 32, 36, 37]",5,0.2,0.3333333333333333,0.25,0.2960819109658652,1,3,5,1
smd,group23_evaluation,machine-3-4,tranad_official,2,0,2734,3520,"[6, 5, 3, 2, 1, 10, 20, 0, 22, 14, 12, 27, 19, 34, 13, 23, 25, 24, 31, 29, 30, 21, 18, 35, 15, 8, 11, 9, 33, 37, 36, 7, 16, 32, 28, 17, 4, 26]",1,1.0,0.125,0.2222222222222222,1.0,1,8,1,1
smd,group23_evaluation,machine-3-4,tranad_official,2,0,2734,3520,"[6, 5, 3, 2, 1, 10, 20, 0, 22, 14, 12, 27, 19, 34, 13, 23, 25, 24, 31, 29, 30, 21, 18, 35, 15, 8, 11, 9, 33, 37, 36, 7, 16, 32, 28, 17, 4, 26]",3,1.0,0.375,0.5454545454545454,1.0,1,8,3,3
smd,group23_evaluation,machine-3-4,tranad_official,2,0,2734,3520,"[6, 5, 3, 2, 1, 10, 20, 0, 22, 14, 12, 27, 19, 34, 13, 23, 25, 24, 31, 29, 30, 21, 18, 35, 15, 8, 11, 9, 33, 37, 36, 7, 16, 32, 28, 17, 4, 26]",5,1.0,0.625,0.7692307692307693,1.0,1,8,5,5
smd,group23_evaluation,machine-3-4,tranad_official,2,1,4474,4550,"[6, 5, 1, 2, 20, 3, 12, 10, 13, 15, 23, 31, 25, 29, 14, 0, 8, 22, 11, 19, 18, 27, 30, 21, 33, 32, 24, 35, 34, 9, 4, 7, 16, 17, 26, 28, 36, 37]",1,0.0,0.0,0.0,0.0,0,2,1,0
smd,group23_evaluation,machine-3-4,tranad_official,2,1,4474,4550,"[6, 5, 1, 2, 20, 3, 12, 10, 13, 15, 23, 31, 25, 29, 14, 0, 8, 22, 11, 19, 18, 27, 30, 21, 33, 32, 24, 35, 34, 9, 4, 7, 16, 17, 26, 28, 36, 37]",3,0.3333333333333333,0.5,0.4,0.3065735963827292,1,2,3,1
smd,group23_evaluation,machine-3-4,tranad_official,2,1,4474,4550,"[6, 5, 1, 2, 20, 3, 12, 10, 13, 15, 23, 31, 25, 29, 14, 0, 8, 22, 11, 19, 18, 27, 30, 21, 33, 32, 24, 35, 34, 9, 4, 7, 16, 17, 26, 28, 36, 37]",5,0.2,0.5,0.28571428571428575,0.3065735963827292,1,2,5,1
smd,group23_evaluation,machine-3-4,tranad_official,2,2,6013,6016,"[6, 9, 12, 11, 10, 13, 20, 22, 5, 3, 8, 19, 2, 29, 24, 30, 21, 31, 27, 0, 14, 1, 18, 34, 35, 15, 23, 25, 4, 7, 16, 17, 26, 28, 32, 33, 36, 37]",1,0.0,0.0,0.0,0.0,0,4,1,0
smd,group23_evaluation,machine-3-4,tranad_official,2,2,6013,6016,"[6, 9, 12, 11, 10, 13, 20, 22, 5, 3, 8, 19, 2, 29, 24, 30, 21, 31, 27, 0, 14, 1, 18, 34, 35, 15, 23, 25, 4, 7, 16, 17, 26, 28, 32, 33, 36, 37]",3,0.6666666666666666,0.5,0.5714285714285715,0.5307212739772434,1,4,3,2
smd,group23_evaluation,machine-3-4,tranad_official,2,2,6013,6016,"[6, 9, 12, 11, 10, 13, 20, 22, 5, 3, 8, 19, 2, 29, 24, 30, 21, 31, 27, 0, 14, 1, 18, 34, 35, 15, 23, 25, 4, 7, 16, 17, 26, 28, 32, 33, 36, 37]",5,0.6,0.75,0.6666666666666665,0.6096199500078984,1,4,5,3
smd,group23_evaluation,machine-3-4,tranad_official,2,3,10963,10969,"[6, 33, 12, 32, 10, 20, 23, 22, 5, 25, 13, 24, 19, 29, 30, 21, 3, 27, 2, 1, 15, 34, 35, 0, 18, 14, 8, 11, 31, 9, 4, 7, 16, 17, 26, 28, 36, 37]",1,0.0,0.0,0.0,0.0,0,3,1,0
smd,group23_evaluation,machine-3-4,tranad_official,2,3,10963,10969,"[6, 33, 12, 32, 10, 20, 23, 22, 5, 25, 13, 24, 19, 29, 30, 21, 3, 27, 2, 1, 15, 34, 35, 0, 18, 14, 8, 11, 31, 9, 4, 7, 16, 17, 26, 28, 36, 37]",3,0.3333333333333333,0.3333333333333333,0.3333333333333333,0.2960819109658652,1,3,3,1
smd,group23_evaluation,machine-3-4,tranad_official,2,3,10963,10969,"[6, 33, 12, 32, 10, 20, 23, 22, 5, 25, 13, 24, 19, 29, 30, 21, 3, 27, 2, 1, 15, 34, 35, 0, 18, 14, 8, 11, 31, 9, 4, 7, 16, 17, 26, 28, 36, 37]",5,0.4,0.6666666666666666,0.5,0.49818925746641285,1,3,5,2
smd,group23_evaluation,machine-3-4,tranad_official,2,4,11565,11569,"[6, 5, 20, 10, 12, 33, 32, 23, 3, 22, 31, 25, 13, 29, 19, 2, 11, 14, 24, 30, 21, 27, 0, 1, 15, 34, 35, 18, 8, 9, 4, 7, 16, 17, 26, 28, 36, 37]",1,0.0,0.0,0.0,0.0,0,3,1,0
smd,group23_evaluation,machine-3-4,tranad_official,2,4,11565,11569,"[6, 5, 20, 10, 12, 33, 32, 23, 3, 22, 31, 25, 13, 29, 19, 2, 11, 14, 24, 30, 21, 27, 0, 1, 15, 34, 35, 18, 8, 9, 4, 7, 16, 17, 26, 28, 36, 37]",3,0.0,0.0,0.0,0.0,0,3,3,0
smd,group23_evaluation,machine-3-4,tranad_official,2,4,11565,11569,"[6, 5, 20, 10, 12, 33, 32, 23, 3, 22, 31, 25, 13, 29, 19, 2, 11, 14, 24, 30, 21, 27, 0, 1, 15, 34, 35, 18, 8, 9, 4, 7, 16, 17, 26, 28, 36, 37]",5,0.0,0.0,0.0,0.0,0,3,5,0
smd,group23_evaluation,machine-3-4,tranad_official,2,5,13699,13709,"[6, 12, 10, 22, 20, 5, 3, 33, 23, 32, 13, 19, 24, 2, 30, 21, 27, 18, 25, 35, 34, 29, 1, 0, 31, 15, 14, 8, 11, 9, 4, 7, 16, 17, 26, 28, 36, 37]",1,0.0,0.0,0.0,0.0,0,3,1,0
smd,group23_evaluation,machine-3-4,tranad_official,2,5,13699,13709,"[6, 12, 10, 22, 20, 5, 3, 33, 23, 32, 13, 19, 24, 2, 30, 21, 27, 18, 25, 35, 34, 29, 1, 0, 31, 15, 14, 8, 11, 9, 4, 7, 16, 17, 26, 28, 36, 37]",3,0.0,0.0,0.0,0.0,0,3,3,0
smd,group23_evaluation,machine-3-4,tranad_official,2,5,13699,13709,"[6, 12, 10, 22, 20, 5, 3, 33, 23, 32, 13, 19, 24, 2, 30, 21, 27, 18, 25, 35, 34, 29, 1, 0, 31, 15, 14, 8, 11, 9, 4, 7, 16, 17, 26, 28, 36, 37]",5,0.0,0.0,0.0,0.0,0,3,5,0
smd,group23_evaluation,machine-3-4,tranad_official,2,6,18589,18640,"[6, 3, 2, 1, 20, 12, 0, 10, 5, 29, 31, 13, 23, 15, 25, 11, 14, 22, 8, 19, 27, 18, 30, 21, 24, 35, 34, 33, 9, 4, 7, 16, 17, 26, 28, 32, 36, 37]",1,0.0,0.0,0.0,0.0,0,4,1,0
smd,group23_evaluation,machine-3-4,tranad_official,2,6,18589,18640,"[6, 3, 2, 1, 20, 12, 0, 10, 5, 29, 31, 13, 23, 15, 25, 11, 14, 22, 8, 19, 27, 18, 30, 21, 24, 35, 34, 33, 9, 4, 7, 16, 17, 26, 28, 32, 36, 37]",3,0.6666666666666666,0.5,0.5714285714285715,0.5307212739772434,1,4,3,2
smd,group23_evaluation,machine-3-4,tranad_official,2,6,18589,18640,"[6, 3, 2, 1, 20, 12, 0, 10, 5, 29, 31, 13, 23, 15, 25, 11, 14, 22, 8, 19, 27, 18, 30, 21, 24, 35, 34, 33, 9, 4, 7, 16, 17, 26, 28, 32, 36, 37]",5,0.6,0.75,0.6666666666666665,0.6096199500078984,1,4,5,3
smd,group23_evaluation,machine-3-4,tranad_official,2,7,18784,18825,"[6, 1, 2, 3, 20, 12, 10, 0, 5, 31, 29, 13, 15, 23, 25, 11, 14, 8, 19, 22, 27, 18, 30, 21, 24, 35, 34, 33, 9, 4, 7, 16, 17, 26, 28, 32, 36, 37]",1,0.0,0.0,0.0,0.0,0,3,1,0
smd,group23_evaluation,machine-3-4,tranad_official,2,7,18784,18825,"[6, 1, 2, 3, 20, 12, 10, 0, 5, 31, 29, 13, 15, 23, 25, 11, 14, 8, 19, 22, 27, 18, 30, 21, 24, 35, 34, 33, 9, 4, 7, 16, 17, 26, 28, 32, 36, 37]",3,0.6666666666666666,0.6666666666666666,0.6666666666666666,0.5307212739772434,1,3,3,2
smd,group23_evaluation,machine-3-4,tranad_official,2,7,18784,18825,"[6, 1, 2, 3, 20, 12, 10, 0, 5, 31, 29, 13, 15, 23, 25, 11, 14, 8, 19, 22, 27, 18, 30, 21, 24, 35, 34, 33, 9, 4, 7, 16, 17, 26, 28, 32, 36, 37]",5,0.4,0.6666666666666666,0.5,0.5307212739772434,1,3,5,2
smd,group23_evaluation,machine-3-5,tranad_official,0,0,1288,1439,"[20, 18, 6, 25, 30, 21, 14, 23, 19, 0, 27, 15, 10, 3, 8, 1, 12, 33, 11, 9, 2, 5, 37, 4, 7, 22, 13, 16, 26, 31, 24, 17, 28, 35, 34, 32, 36, 29]",1,1.0,0.09090909090909091,0.16666666666666669,1.0,1,11,1,1
smd,group23_evaluation,machine-3-5,tranad_official,0,0,1288,1439,"[20, 18, 6, 25, 30, 21, 14, 23, 19, 0, 27, 15, 10, 3, 8, 1, 12, 33, 11, 9, 2, 5, 37, 4, 7, 22, 13, 16, 26, 31, 24, 17, 28, 35, 34, 32, 36, 29]",3,0.6666666666666666,0.18181818181818182,0.28571428571428575,0.7653606369886217,1,11,3,2
smd,group23_evaluation,machine-3-5,tranad_official,0,0,1288,1439,"[20, 18, 6, 25, 30, 21, 14, 23, 19, 0, 27, 15, 10, 3, 8, 1, 12, 33, 11, 9, 2, 5, 37, 4, 7, 22, 13, 16, 26, 31, 24, 17, 28, 35, 34, 32, 36, 29]",5,0.6,0.2727272727272727,0.37499999999999994,0.6843515475204855,1,11,5,3
smd,group23_evaluation,machine-3-5,tranad_official,0,1,8975,8979,"[17, 16, 12, 8, 3, 23, 18, 1, 25, 33, 2, 15, 20, 0, 9, 30, 11, 27, 14, 31, 13, 10, 6, 5, 21, 19, 4, 22, 32, 28, 26, 7, 37, 24, 35, 34, 36, 29]",1,0.0,0.0,0.0,0.0,0,1,1,0
smd,group23_evaluation,machine-3-5,tranad_official,0,1,8975,8979,"[17, 16, 12, 8, 3, 23, 18, 1, 25, 33, 2, 15, 20, 0, 9, 30, 11, 27, 14, 31, 13, 10, 6, 5, 21, 19, 4, 22, 32, 28, 26, 7, 37, 24, 35, 34, 36, 29]",3,0.3333333333333333,1.0,0.5,0.6309297535714575,1,1,3,1
smd,group23_evaluation,machine-3-5,tranad_official,0,1,8975,8979,"[17, 16, 12, 8, 3, 23, 18, 1, 25, 33, 2, 15, 20, 0, 9, 30, 11, 27, 14, 31, 13, 10, 6, 5, 21, 19, 4, 22, 32, 28, 26, 7, 37, 24, 35, 34, 36, 29]",5,0.2,1.0,0.33333333333333337,0.6309297535714575,1,1,5,1
smd,group23_evaluation,machine-3-5,tranad_official,0,2,13517,13520,"[29, 27, 1, 4, 25, 26, 32, 21, 13, 14, 6, 33, 23, 11, 3, 12, 2, 15, 22, 8, 30, 18, 20, 0, 9, 5, 19, 10, 7, 16, 17, 24, 28, 31, 34, 35, 36, 37]",1,1.0,1.0,1.0,1.0,1,1,1,1
smd,group23_evaluation,machine-3-5,tranad_official,0,2,13517,13520,"[29, 27, 1, 4, 25, 26, 32, 21, 13, 14, 6, 33, 23, 11, 3, 12, 2, 15, 22, 8, 30, 18, 20, 0, 9, 5, 19, 10, 7, 16, 17, 24, 28, 31, 34, 35, 36, 37]",3,0.3333333333333333,1.0,0.5,1.0,1,1,3,1
smd,group23_evaluation,machine-3-5,tranad_official,0,2,13517,13520,"[29, 27, 1, 4, 25, 26, 32, 21, 13, 14, 6, 33, 23, 11, 3, 12, 2, 15, 22, 8, 30, 18, 20, 0, 9, 5, 19, 10, 7, 16, 17, 24, 28, 31, 34, 35, 36, 37]",5,0.2,1.0,0.33333333333333337,1.0,1,1,5,1
smd,group23_evaluation,machine-3-5,tranad_official,0,3,14392,14395,"[29, 27, 1, 25, 4, 26, 13, 15, 6, 11, 33, 12, 9, 23, 14, 3, 2, 10, 18, 22, 20, 30, 8, 5, 21, 19, 0, 7, 16, 17, 24, 28, 31, 32, 34, 35, 36, 37]",1,1.0,1.0,1.0,1.0,1,1,1,1
smd,group23_evaluation,machine-3-5,tranad_official,0,3,14392,14395,"[29, 27, 1, 25, 4, 26, 13, 15, 6, 11, 33, 12, 9, 23, 14, 3, 2, 10, 18, 22, 20, 30, 8, 5, 21, 19, 0, 7, 16, 17, 24, 28, 31, 32, 34, 35, 36, 37]",3,0.3333333333333333,1.0,0.5,1.0,1,1,3,1
smd,group23_evaluation,machine-3-5,tranad_official,0,3,14392,14395,"[29, 27, 1, 25, 4, 26, 13, 15, 6, 11, 33, 12, 9, 23, 14, 3, 2, 10, 18, 22, 20, 30, 8, 5, 21, 19, 0, 7, 16, 17, 24, 28, 31, 32, 34, 35, 36, 37]",5,0.2,1.0,0.33333333333333337,1.0,1,1,5,1
smd,group23_evaluation,machine-3-5,tranad_official,0,4,14755,14758,"[29, 23, 25, 27, 5, 1, 4, 26, 13, 18, 6, 11, 33, 3, 12, 2, 30, 15, 20, 14, 9, 22, 8, 10, 0, 21, 19, 7, 16, 17, 24, 28, 31, 32, 34, 35, 36, 37]",1,1.0,1.0,1.0,1.0,1,1,1,1
smd,group23_evaluation,machine-3-5,tranad_official,0,4,14755,14758,"[29, 23, 25, 27, 5, 1, 4, 26, 13, 18, 6, 11, 33, 3, 12, 2, 30, 15, 20, 14, 9, 22, 8, 10, 0, 21, 19, 7, 16, 17, 24, 28, 31, 32, 34, 35, 36, 37]",3,0.3333333333333333,1.0,0.5,1.0,1,1,3,1
smd,group23_evaluation,machine-3-5,tranad_official,0,4,14755,14758,"[29, 23, 25, 27, 5, 1, 4, 26, 13, 18, 6, 11, 33, 3, 12, 2, 30, 15, 20, 14, 9, 22, 8, 10, 0, 21, 19, 7, 16, 17, 24, 28, 31, 32, 34, 35, 36, 37]",5,0.2,1.0,0.33333333333333337,1.0,1,1,5,1
smd,group23_evaluation,machine-3-5,tranad_official,0,5,14909,14912,"[29, 27, 32, 21, 1, 25, 4, 26, 5, 15, 14, 6, 33, 11, 23, 12, 18, 20, 30, 3, 8, 2, 22, 13, 9, 0, 19, 10, 7, 16, 17, 24, 28, 31, 34, 35, 36, 37]",1,1.0,1.0,1.0,1.0,1,1,1,1
smd,group23_evaluation,machine-3-5,tranad_official,0,5,14909,14912,"[29, 27, 32, 21, 1, 25, 4, 26, 5, 15, 14, 6, 33, 11, 23, 12, 18, 20, 30, 3, 8, 2, 22, 13, 9, 0, 19, 10, 7, 16, 17, 24, 28, 31, 34, 35, 36, 37]",3,0.3333333333333333,1.0,0.5,1.0,1,1,3,1
smd,group23_evaluation,machine-3-5,tranad_official,0,5,14909,14912,"[29, 27, 32, 21, 1, 25, 4, 26, 5, 15, 14, 6, 33, 11, 23, 12, 18, 20, 30, 3, 8, 2, 22, 13, 9, 0, 19, 10, 7, 16, 17, 24, 28, 31, 34, 35, 36, 37]",5,0.2,1.0,0.33333333333333337,1.0,1,1,5,1
smd,group23_evaluation,machine-3-5,tranad_official,0,6,15953,16057,"[29, 24, 31, 6, 25, 23, 5, 22, 1, 27, 21, 32, 33, 10, 4, 15, 30, 3, 8, 26, 16, 13, 12, 20, 9, 14, 18, 35, 2, 28, 11, 0, 36, 19, 7, 37, 34, 17]",1,1.0,0.125,0.2222222222222222,1.0,1,8,1,1
smd,group23_evaluation,machine-3-5,tranad_official,0,6,15953,16057,"[29, 24, 31, 6, 25, 23, 5, 22, 1, 27, 21, 32, 33, 10, 4, 15, 30, 3, 8, 26, 16, 13, 12, 20, 9, 14, 18, 35, 2, 28, 11, 0, 36, 19, 7, 37, 34, 17]",3,1.0,0.375,0.5454545454545454,1.0,1,8,3,3
smd,group23_evaluation,machine-3-5,tranad_official,0,6,15953,16057,"[29, 24, 31, 6, 25, 23, 5, 22, 1, 27, 21, 32, 33, 10, 4, 15, 30, 3, 8, 26, 16, 13, 12, 20, 9, 14, 18, 35, 2, 28, 11, 0, 36, 19, 7, 37, 34, 17]",5,1.0,0.625,0.7692307692307693,1.0,1,8,5,5
smd,group23_evaluation,machine-3-5,tranad_official,0,7,16163,16308,"[31, 24, 29, 6, 17, 20, 18, 3, 25, 23, 2, 16, 30, 22, 1, 0, 27, 8, 15, 12, 13, 4, 14, 33, 36, 21, 19, 35, 28, 9, 11, 5, 26, 10, 32, 34, 37, 7]",1,1.0,0.058823529411764705,0.1111111111111111,1.0,1,17,1,1
smd,group23_evaluation,machine-3-5,tranad_official,0,7,16163,16308,"[31, 24, 29, 6, 17, 20, 18, 3, 25, 23, 2, 16, 30, 22, 1, 0, 27, 8, 15, 12, 13, 4, 14, 33, 36, 21, 19, 35, 28, 9, 11, 5, 26, 10, 32, 34, 37, 7]",3,0.6666666666666666,0.11764705882352941,0.2,0.7039180890341347,1,17,3,2
smd,group23_evaluation,machine-3-5,tranad_official,0,7,16163,16308,"[31, 24, 29, 6, 17, 20, 18, 3, 25, 23, 2, 16, 30, 22, 1, 0, 27, 8, 15, 12, 13, 4, 14, 33, 36, 21, 19, 35, 28, 9, 11, 5, 26, 10, 32, 34, 37, 7]",5,0.6,0.17647058823529413,0.2727272727272727,0.639945385422766,1,17,5,3
smd,group23_evaluation,machine-3-5,tranad_official,0,8,18426,18430,"[17, 6, 16, 25, 23, 8, 3, 33, 2, 1, 12, 15, 14, 0, 20, 11, 30, 18, 9, 27, 21, 19, 13, 10, 22, 4, 5, 31, 7, 32, 34, 28, 35, 24, 37, 26, 36, 29]",1,0.0,0.0,0.0,0.0,0,1,1,0
smd,group23_evaluation,machine-3-5,tranad_official,0,8,18426,18430,"[17, 6, 16, 25, 23, 8, 3, 33, 2, 1, 12, 15, 14, 0, 20, 11, 30, 18, 9, 27, 21, 19, 13, 10, 22, 4, 5, 31, 7, 32, 34, 28, 35, 24, 37, 26, 36, 29]",3,0.3333333333333333,1.0,0.5,0.5,1,1,3,1
smd,group23_evaluation,machine-3-5,tranad_official,0,8,18426,18430,"[17, 6, 16, 25, 23, 8, 3, 33, 2, 1, 12, 15, 14, 0, 20, 11, 30, 18, 9, 27, 21, 19, 13, 10, 22, 4, 5, 31, 7, 32, 34, 28, 35, 24, 37, 26, 36, 29]",5,0.2,1.0,0.33333333333333337,0.5,1,1,5,1
smd,group23_evaluation,machine-3-5,tranad_official,0,9,18842,18845,"[17, 25, 6, 16, 23, 3, 2, 12, 33, 8, 18, 0, 20, 15, 30, 11, 9, 4, 27, 1, 14, 10, 13, 21, 19, 22, 31, 5, 7, 24, 32, 35, 28, 26, 34, 36, 29, 37]",1,0.0,0.0,0.0,0.0,0,1,1,0
smd,group23_evaluation,machine-3-5,tranad_official,0,9,18842,18845,"[17, 25, 6, 16, 23, 3, 2, 12, 33, 8, 18, 0, 20, 15, 30, 11, 9, 4, 27, 1, 14, 10, 13, 21, 19, 22, 31, 5, 7, 24, 32, 35, 28, 26, 34, 36, 29, 37]",3,0.0,0.0,0.0,0.0,0,1,3,0
smd,group23_evaluation,machine-3-5,tranad_official,0,9,18842,18845,"[17, 25, 6, 16, 23, 3, 2, 12, 33, 8, 18, 0, 20, 15, 30, 11, 9, 4, 27, 1, 14, 10, 13, 21, 19, 22, 31, 5, 7, 24, 32, 35, 28, 26, 34, 36, 29, 37]",5,0.2,1.0,0.33333333333333337,0.43067655807339306,1,1,5,1
smd,group23_evaluation,machine-3-5,tranad_official,0,10,19498,19501,"[17, 3, 6, 2, 16, 1, 25, 23, 12, 8, 20, 18, 11, 0, 9, 14, 33, 27, 30, 10, 13, 21, 19, 15, 4, 5, 31, 22, 7, 37, 32, 34, 24, 35, 28, 36, 26, 29]",1,0.0,0.0,0.0,0.0,0,1,1,0
smd,group23_evaluation,machine-3-5,tranad_official,0,10,19498,19501,"[17, 3, 6, 2, 16, 1, 25, 23, 12, 8, 20, 18, 11, 0, 9, 14, 33, 27, 30, 10, 13, 21, 19, 15, 4, 5, 31, 22, 7, 37, 32, 34, 24, 35, 28, 36, 26, 29]",3,0.0,0.0,0.0,0.0,0,1,3,0
smd,group23_evaluation,machine-3-5,tranad_official,0,10,19498,19501,"[17, 3, 6, 2, 16, 1, 25, 23, 12, 8, 20, 18, 11, 0, 9, 14, 33, 27, 30, 10, 13, 21, 19, 15, 4, 5, 31, 22, 7, 37, 32, 34, 24, 35, 28, 36, 26, 29]",5,0.2,1.0,0.33333333333333337,0.38685280723454163,1,1,5,1
smd,group23_evaluation,machine-3-5,tranad_official,1,0,1288,1439,"[18, 20, 25, 30, 23, 27, 1, 21, 3, 15, 19, 8, 10, 6, 2, 11, 33, 12, 14, 9, 5, 22, 4, 26, 0, 35, 13, 24, 29, 34, 31, 32, 16, 28, 7, 37, 17, 36]",1,1.0,0.09090909090909091,0.16666666666666669,1.0,1,11,1,1
smd,group23_evaluation,machine-3-5,tranad_official,1,0,1288,1439,"[18, 20, 25, 30, 23, 27, 1, 21, 3, 15, 19, 8, 10, 6, 2, 11, 33, 12, 14, 9, 5, 22, 4, 26, 0, 35, 13, 24, 29, 34, 31, 32, 16, 28, 7, 37, 17, 36]",3,0.6666666666666666,0.18181818181818182,0.28571428571428575,0.7653606369886217,1,11,3,2
smd,group23_evaluation,machine-3-5,tranad_official,1,0,1288,1439,"[18, 20, 25, 30, 23, 27, 1, 21, 3, 15, 19, 8, 10, 6, 2, 11, 33, 12, 14, 9, 5, 22, 4, 26, 0, 35, 13, 24, 29, 34, 31, 32, 16, 28, 7, 37, 17, 36]",5,0.6,0.2727272727272727,0.37499999999999994,0.6992148198508501,1,11,5,3
smd,group23_evaluation,machine-3-5,tranad_official,1,1,8975,8979,"[17, 16, 2, 3, 6, 12, 8, 25, 23, 1, 20, 14, 33, 30, 0, 15, 18, 9, 11, 27, 13, 10, 21, 19, 22, 5, 28, 31, 7, 37, 24, 34, 32, 36, 29, 4, 26, 35]",1,0.0,0.0,0.0,0.0,0,1,1,0
smd,group23_evaluation,machine-3-5,tranad_official,1,1,8975,8979,"[17, 16, 2, 3, 6, 12, 8, 25, 23, 1, 20, 14, 33, 30, 0, 15, 18, 9, 11, 27, 13, 10, 21, 19, 22, 5, 28, 31, 7, 37, 24, 34, 32, 36, 29, 4, 26, 35]",3,0.3333333333333333,1.0,0.5,0.6309297535714575,1,1,3,1
smd,group23_evaluation,machine-3-5,tranad_official,1,1,8975,8979,"[17, 16, 2, 3, 6, 12, 8, 25, 23, 1, 20, 14, 33, 30, 0, 15, 18, 9, 11, 27, 13, 10, 21, 19, 22, 5, 28, 31, 7, 37, 24, 34, 32, 36, 29, 4, 26, 35]",5,0.2,1.0,0.33333333333333337,0.6309297535714575,1,1,5,1
smd,group23_evaluation,machine-3-5,tranad_official,1,2,13517,13520,"[29, 26, 1, 4, 16, 24, 32, 35, 36, 37, 9, 13, 20, 8, 2, 23, 14, 33, 11, 7, 17, 25, 19, 10, 5, 30, 22, 6, 3, 12, 15, 18, 27, 0, 21, 28, 31, 34]",1,1.0,1.0,1.0,1.0,1,1,1,1
smd,group23_evaluation,machine-3-5,tranad_official,1,2,13517,13520,"[29, 26, 1, 4, 16, 24, 32, 35, 36, 37, 9, 13, 20, 8, 2, 23, 14, 33, 11, 7, 17, 25, 19, 10, 5, 30, 22, 6, 3, 12, 15, 18, 27, 0, 21, 28, 31, 34]",3,0.3333333333333333,1.0,0.5,1.0,1,1,3,1
smd,group23_evaluation,machine-3-5,tranad_official,1,2,13517,13520,"[29, 26, 1, 4, 16, 24, 32, 35, 36, 37, 9, 13, 20, 8, 2, 23, 14, 33, 11, 7, 17, 25, 19, 10, 5, 30, 22, 6, 3, 12, 15, 18, 27, 0, 21, 28, 31, 34]",5,0.2,1.0,0.33333333333333337,1.0,1,1,5,1
smd,group23_evaluation,machine-3-5,tranad_official,1,3,14392,14395,"[29, 26, 35, 30, 1, 0, 4, 16, 17, 24, 32, 34, 36, 37, 19, 27, 13, 8, 20, 22, 33, 10, 2, 14, 23, 9, 25, 7, 5, 6, 11, 12, 3, 15, 18, 21, 28, 31]",1,1.0,1.0,1.0,1.0,1,1,1,1
smd,group23_evaluation,machine-3-5,tranad_official,1,3,14392,14395,"[29, 26, 35, 30, 1, 0, 4, 16, 17, 24, 32, 34, 36, 37, 19, 27, 13, 8, 20, 22, 33, 10, 2, 14, 23, 9, 25, 7, 5, 6, 11, 12, 3, 15, 18, 21, 28, 31]",3,0.3333333333333333,1.0,0.5,1.0,1,1,3,1
smd,group23_evaluation,machine-3-5,tranad_official,1,3,14392,14395,"[29, 26, 35, 30, 1, 0, 4, 16, 17, 24, 32, 34, 36, 37, 19, 27, 13, 8, 20, 22, 33, 10, 2, 14, 23, 9, 25, 7, 5, 6, 11, 12, 3, 15, 18, 21, 28, 31]",5,0.2,1.0,0.33333333333333337,1.0,1,1,5,1
smd,group23_evaluation,machine-3-5,tranad_official,1,4,14755,14758,"[29, 26, 25, 30, 1, 23, 4, 16, 24, 32, 35, 36, 37, 19, 8, 14, 13, 20, 33, 2, 11, 7, 17, 31, 5, 6, 3, 12, 15, 18, 27, 9, 22, 10, 0, 21, 28, 34]",1,1.0,1.0,1.0,1.0,1,1,1,1
smd,group23_evaluation,machine-3-5,tranad_official,1,4,14755,14758,"[29, 26, 25, 30, 1, 23, 4, 16, 24, 32, 35, 36, 37, 19, 8, 14, 13, 20, 33, 2, 11, 7, 17, 31, 5, 6, 3, 12, 15, 18, 27, 9, 22, 10, 0, 21, 28, 34]",3,0.3333333333333333,1.0,0.5,1.0,1,1,3,1
smd,group23_evaluation,machine-3-5,tranad_official,1,4,14755,14758,"[29, 26, 25, 30, 1, 23, 4, 16, 24, 32, 35, 36, 37, 19, 8, 14, 13, 20, 33, 2, 11, 7, 17, 31, 5, 6, 3, 12, 15, 18, 27, 9, 22, 10, 0, 21, 28, 34]",5,0.2,1.0,0.33333333333333337,1.0,1,1,5,1
smd,group23_evaluation,machine-3-5,tranad_official,1,5,14909,14912,"[29, 26, 1, 4, 16, 17, 24, 32, 35, 36, 37, 8, 13, 22, 2, 20, 30, 14, 33, 11, 25, 23, 0, 7, 34, 10, 19, 9, 5, 6, 12, 18, 15, 3, 27, 21, 28, 31]",1,1.0,1.0,1.0,1.0,1,1,1,1
smd,group23_evaluation,machine-3-5,tranad_official,1,5,14909,14912,"[29, 26, 1, 4, 16, 17, 24, 32, 35, 36, 37, 8, 13, 22, 2, 20, 30, 14, 33, 11, 25, 23, 0, 7, 34, 10, 19, 9, 5, 6, 12, 18, 15, 3, 27, 21, 28, 31]",3,0.3333333333333333,1.0,0.5,1.0,1,1,3,1
smd,group23_evaluation,machine-3-5,tranad_official,1,5,14909,14912,"[29, 26, 1, 4, 16, 17, 24, 32, 35, 36, 37, 8, 13, 22, 2, 20, 30, 14, 33, 11, 25, 23, 0, 7, 34, 10, 19, 9, 5, 6, 12, 18, 15, 3, 27, 21, 28, 31]",5,0.2,1.0,0.33333333333333337,1.0,1,1,5,1
smd,group23_evaluation,machine-3-5,tranad_official,1,6,15953,16057,"[29, 24, 31, 6, 25, 23, 5, 22, 16, 35, 4, 26, 36, 1, 32, 8, 33, 13, 11, 0, 37, 2, 9, 14, 20, 17, 27, 30, 7, 28, 19, 21, 18, 3, 15, 34, 12, 10]",1,1.0,0.125,0.2222222222222222,1.0,1,8,1,1
smd,group23_evaluation,machine-3-5,tranad_official,1,6,15953,16057,"[29, 24, 31, 6, 25, 23, 5, 22, 16, 35, 4, 26, 36, 1, 32, 8, 33, 13, 11, 0, 37, 2, 9, 14, 20, 17, 27, 30, 7, 28, 19, 21, 18, 3, 15, 34, 12, 10]",3,1.0,0.375,0.5454545454545454,1.0,1,8,3,3
smd,group23_evaluation,machine-3-5,tranad_official,1,6,15953,16057,"[29, 24, 31, 6, 25, 23, 5, 22, 16, 35, 4, 26, 36, 1, 32, 8, 33, 13, 11, 0, 37, 2, 9, 14, 20, 17, 27, 30, 7, 28, 19, 21, 18, 3, 15, 34, 12, 10]",5,1.0,0.625,0.7692307692307693,1.0,1,8,5,5
smd,group23_evaluation,machine-3-5,tranad_official,1,7,16163,16308,"[31, 24, 29, 6, 17, 18, 20, 3, 2, 25, 23, 30, 16, 1, 22, 0, 27, 15, 8, 14, 4, 13, 12, 33, 9, 21, 28, 19, 11, 34, 32, 26, 5, 35, 37, 10, 36, 7]",1,1.0,0.058823529411764705,0.1111111111111111,1.0,1,17,1,1
smd,group23_evaluation,machine-3-5,tranad_official,1,7,16163,16308,"[31, 24, 29, 6, 17, 18, 20, 3, 2, 25, 23, 30, 16, 1, 22, 0, 27, 15, 8, 14, 4, 13, 12, 33, 9, 21, 28, 19, 11, 34, 32, 26, 5, 35, 37, 10, 36, 7]",3,0.6666666666666666,0.11764705882352941,0.2,0.7039180890341347,1,17,3,2
smd,group23_evaluation,machine-3-5,tranad_official,1,7,16163,16308,"[31, 24, 29, 6, 17, 18, 20, 3, 2, 25, 23, 30, 16, 1, 22, 0, 27, 15, 8, 14, 4, 13, 12, 33, 9, 21, 28, 19, 11, 34, 32, 26, 5, 35, 37, 10, 36, 7]",5,0.6,0.17647058823529413,0.2727272727272727,0.639945385422766,1,17,5,3
smd,group23_evaluation,machine-3-5,tranad_official,1,8,18426,18430,"[17, 6, 16, 25, 23, 8, 2, 12, 1, 33, 14, 27, 0, 3, 30, 15, 11, 18, 9, 20, 21, 19, 13, 10, 22, 5, 7, 34, 28, 4, 29, 32, 24, 37, 26, 35, 31, 36]",1,0.0,0.0,0.0,0.0,0,1,1,0
smd,group23_evaluation,machine-3-5,tranad_official,1,8,18426,18430,"[17, 6, 16, 25, 23, 8, 2, 12, 1, 33, 14, 27, 0, 3, 30, 15, 11, 18, 9, 20, 21, 19, 13, 10, 22, 5, 7, 34, 28, 4, 29, 32, 24, 37, 26, 35, 31, 36]",3,0.3333333333333333,1.0,0.5,0.5,1,1,3,1
smd,group23_evaluation,machine-3-5,tranad_official,1,8,18426,18430,"[17, 6, 16, 25, 23, 8, 2, 12, 1, 33, 14, 27, 0, 3, 30, 15, 11, 18, 9, 20, 21, 19, 13, 10, 22, 5, 7, 34, 28, 4, 29, 32, 24, 37, 26, 35, 31, 36]",5,0.2,1.0,0.33333333333333337,0.5,1,1,5,1
smd,group23_evaluation,machine-3-5,tranad_official,1,9,18842,18845,"[17, 6, 16, 2, 25, 3, 23, 1, 12, 15, 27, 8, 0, 33, 18, 20, 30, 11, 14, 9, 10, 13, 21, 19, 22, 5, 28, 4, 7, 24, 37, 34, 35, 32, 26, 31, 29, 36]",1,0.0,0.0,0.0,0.0,0,1,1,0
smd,group23_evaluation,machine-3-5,tranad_official,1,9,18842,18845,"[17, 6, 16, 2, 25, 3, 23, 1, 12, 15, 27, 8, 0, 33, 18, 20, 30, 11, 14, 9, 10, 13, 21, 19, 22, 5, 28, 4, 7, 24, 37, 34, 35, 32, 26, 31, 29, 36]",3,0.3333333333333333,1.0,0.5,0.5,1,1,3,1
smd,group23_evaluation,machine-3-5,tranad_official,1,9,18842,18845,"[17, 6, 16, 2, 25, 3, 23, 1, 12, 15, 27, 8, 0, 33, 18, 20, 30, 11, 14, 9, 10, 13, 21, 19, 22, 5, 28, 4, 7, 24, 37, 34, 35, 32, 26, 31, 29, 36]",5,0.2,1.0,0.33333333333333337,0.5,1,1,5,1
smd,group23_evaluation,machine-3-5,tranad_official,1,10,19498,19501,"[17, 2, 3, 6, 16, 1, 25, 23, 12, 8, 15, 0, 18, 11, 9, 30, 33, 20, 27, 14, 10, 21, 13, 19, 5, 22, 28, 32, 37, 34, 26, 29, 7, 24, 35, 31, 4, 36]",1,0.0,0.0,0.0,0.0,0,1,1,0
smd,group23_evaluation,machine-3-5,tranad_official,1,10,19498,19501,"[17, 2, 3, 6, 16, 1, 25, 23, 12, 8, 15, 0, 18, 11, 9, 30, 33, 20, 27, 14, 10, 21, 13, 19, 5, 22, 28, 32, 37, 34, 26, 29, 7, 24, 35, 31, 4, 36]",3,0.0,0.0,0.0,0.0,0,1,3,0
smd,group23_evaluation,machine-3-5,tranad_official,1,10,19498,19501,"[17, 2, 3, 6, 16, 1, 25, 23, 12, 8, 15, 0, 18, 11, 9, 30, 33, 20, 27, 14, 10, 21, 13, 19, 5, 22, 28, 32, 37, 34, 26, 29, 7, 24, 35, 31, 4, 36]",5,0.2,1.0,0.33333333333333337,0.38685280723454163,1,1,5,1
smd,group23_evaluation,machine-3-5,tranad_official,2,0,1288,1439,"[20, 18, 30, 6, 27, 25, 23, 21, 19, 14, 10, 8, 33, 11, 15, 12, 1, 3, 9, 2, 0, 22, 5, 13, 26, 32, 37, 7, 24, 29, 35, 34, 17, 16, 28, 36, 4, 31]",1,1.0,0.09090909090909091,0.16666666666666669,1.0,1,11,1,1
smd,group23_evaluation,machine-3-5,tranad_official,2,0,1288,1439,"[20, 18, 30, 6, 27, 25, 23, 21, 19, 14, 10, 8, 33, 11, 15, 12, 1, 3, 9, 2, 0, 22, 5, 13, 26, 32, 37, 7, 24, 29, 35, 34, 17, 16, 28, 36, 4, 31]",3,1.0,0.2727272727272727,0.42857142857142855,1.0,1,11,3,3
smd,group23_evaluation,machine-3-5,tranad_official,2,0,1288,1439,"[20, 18, 30, 6, 27, 25, 23, 21, 19, 14, 10, 8, 33, 11, 15, 12, 1, 3, 9, 2, 0, 22, 5, 13, 26, 32, 37, 7, 24, 29, 35, 34, 17, 16, 28, 36, 4, 31]",5,0.8,0.36363636363636365,0.5000000000000001,0.8539316501572937,1,11,5,4
smd,group23_evaluation,machine-3-5,tranad_official,2,1,8975,8979,"[17, 16, 2, 26, 3, 35, 1, 12, 8, 15, 19, 25, 23, 7, 20, 6, 11, 33, 5, 18, 36, 0, 30, 9, 27, 14, 10, 4, 21, 31, 13, 24, 28, 34, 22, 37, 29, 32]",1,0.0,0.0,0.0,0.0,0,1,1,0
smd,group23_evaluation,machine-3-5,tranad_official,2,1,8975,8979,"[17, 16, 2, 26, 3, 35, 1, 12, 8, 15, 19, 25, 23, 7, 20, 6, 11, 33, 5, 18, 36, 0, 30, 9, 27, 14, 10, 4, 21, 31, 13, 24, 28, 34, 22, 37, 29, 32]",3,0.3333333333333333,1.0,0.5,0.6309297535714575,1,1,3,1
smd,group23_evaluation,machine-3-5,tranad_official,2,1,8975,8979,"[17, 16, 2, 26, 3, 35, 1, 12, 8, 15, 19, 25, 23, 7, 20, 6, 11, 33, 5, 18, 36, 0, 30, 9, 27, 14, 10, 4, 21, 31, 13, 24, 28, 34, 22, 37, 29, 32]",5,0.2,1.0,0.33333333333333337,0.6309297535714575,1,1,5,1
smd,group23_evaluation,machine-3-5,tranad_official,2,2,13517,13520,"[29, 20, 2, 10, 4, 22, 27, 30, 6, 33, 23, 11, 3, 14, 12, 15, 8, 1, 18, 13, 0, 9, 21, 5, 19, 7, 16, 17, 24, 25, 26, 28, 31, 32, 34, 35, 36, 37]",1,1.0,1.0,1.0,1.0,1,1,1,1
smd,group23_evaluation,machine-3-5,tranad_official,2,2,13517,13520,"[29, 20, 2, 10, 4, 22, 27, 30, 6, 33, 23, 11, 3, 14, 12, 15, 8, 1, 18, 13, 0, 9, 21, 5, 19, 7, 16, 17, 24, 25, 26, 28, 31, 32, 34, 35, 36, 37]",3,0.3333333333333333,1.0,0.5,1.0,1,1,3,1
smd,group23_evaluation,machine-3-5,tranad_official,2,2,13517,13520,"[29, 20, 2, 10, 4, 22, 27, 30, 6, 33, 23, 11, 3, 14, 12, 15, 8, 1, 18, 13, 0, 9, 21, 5, 19, 7, 16, 17, 24, 25, 26, 28, 31, 32, 34, 35, 36, 37]",5,0.2,1.0,0.33333333333333337,1.0,1,1,5,1
smd,group23_evaluation,machine-3-5,tranad_official,2,3,14392,14395,"[29, 2, 20, 10, 28, 5, 27, 18, 22, 14, 23, 6, 33, 11, 12, 9, 25, 3, 1, 15, 30, 8, 13, 21, 19, 0, 4, 7, 16, 17, 24, 26, 31, 32, 34, 35, 36, 37]",1,1.0,1.0,1.0,1.0,1,1,1,1
smd,group23_evaluation,machine-3-5,tranad_official,2,3,14392,14395,"[29, 2, 20, 10, 28, 5, 27, 18, 22, 14, 23, 6, 33, 11, 12, 9, 25, 3, 1, 15, 30, 8, 13, 21, 19, 0, 4, 7, 16, 17, 24, 26, 31, 32, 34, 35, 36, 37]",3,0.3333333333333333,1.0,0.5,1.0,1,1,3,1
smd,group23_evaluation,machine-3-5,tranad_official,2,3,14392,14395,"[29, 2, 20, 10, 28, 5, 27, 18, 22, 14, 23, 6, 33, 11, 12, 9, 25, 3, 1, 15, 30, 8, 13, 21, 19, 0, 4, 7, 16, 17, 24, 26, 31, 32, 34, 35, 36, 37]",5,0.2,1.0,0.33333333333333337,1.0,1,1,5,1
smd,group23_evaluation,machine-3-5,tranad_official,2,4,14755,14758,"[29, 25, 22, 20, 2, 5, 10, 23, 7, 17, 28, 19, 8, 13, 14, 27, 18, 6, 33, 11, 3, 12, 1, 30, 15, 9, 0, 21, 4, 16, 24, 26, 31, 32, 34, 35, 36, 37]",1,1.0,1.0,1.0,1.0,1,1,1,1
smd,group23_evaluation,machine-3-5,tranad_official,2,4,14755,14758,"[29, 25, 22, 20, 2, 5, 10, 23, 7, 17, 28, 19, 8, 13, 14, 27, 18, 6, 33, 11, 3, 12, 1, 30, 15, 9, 0, 21, 4, 16, 24, 26, 31, 32, 34, 35, 36, 37]",3,0.3333333333333333,1.0,0.5,1.0,1,1,3,1
smd,group23_evaluation,machine-3-5,tranad_official,2,4,14755,14758,"[29, 25, 22, 20, 2, 5, 10, 23, 7, 17, 28, 19, 8, 13, 14, 27, 18, 6, 33, 11, 3, 12, 1, 30, 15, 9, 0, 21, 4, 16, 24, 26, 31, 32, 34, 35, 36, 37]",5,0.2,1.0,0.33333333333333337,1.0,1,1,5,1
smd,group23_evaluation,machine-3-5,tranad_official,2,5,14909,14912,"[29, 2, 20, 10, 27, 22, 30, 4, 19, 5, 23, 6, 33, 11, 14, 12, 18, 15, 25, 3, 8, 1, 13, 9, 0, 21, 7, 16, 17, 24, 26, 28, 31, 32, 34, 35, 36, 37]",1,1.0,1.0,1.0,1.0,1,1,1,1
smd,group23_evaluation,machine-3-5,tranad_official,2,5,14909,14912,"[29, 2, 20, 10, 27, 22, 30, 4, 19, 5, 23, 6, 33, 11, 14, 12, 18, 15, 25, 3, 8, 1, 13, 9, 0, 21, 7, 16, 17, 24, 26, 28, 31, 32, 34, 35, 36, 37]",3,0.3333333333333333,1.0,0.5,1.0,1,1,3,1
smd,group23_evaluation,machine-3-5,tranad_official,2,5,14909,14912,"[29, 2, 20, 10, 27, 22, 30, 4, 19, 5, 23, 6, 33, 11, 14, 12, 18, 15, 25, 3, 8, 1, 13, 9, 0, 21, 7, 16, 17, 24, 26, 28, 31, 32, 34, 35, 36, 37]",5,0.2,1.0,0.33333333333333337,1.0,1,1,5,1
smd,group23_evaluation,machine-3-5,tranad_official,2,6,15953,16057,"[29, 24, 31, 6, 23, 25, 5, 22, 10, 2, 20, 30, 12, 33, 15, 19, 18, 1, 7, 28, 11, 21, 27, 17, 0, 35, 9, 8, 4, 3, 14, 13, 16, 36, 26, 34, 32, 37]",1,1.0,0.125,0.2222222222222222,1.0,1,8,1,1
smd,group23_evaluation,machine-3-5,tranad_official,2,6,15953,16057,"[29, 24, 31, 6, 23, 25, 5, 22, 10, 2, 20, 30, 12, 33, 15, 19, 18, 1, 7, 28, 11, 21, 27, 17, 0, 35, 9, 8, 4, 3, 14, 13, 16, 36, 26, 34, 32, 37]",3,1.0,0.375,0.5454545454545454,1.0,1,8,3,3
smd,group23_evaluation,machine-3-5,tranad_official,2,6,15953,16057,"[29, 24, 31, 6, 23, 25, 5, 22, 10, 2, 20, 30, 12, 33, 15, 19, 18, 1, 7, 28, 11, 21, 27, 17, 0, 35, 9, 8, 4, 3, 14, 13, 16, 36, 26, 34, 32, 37]",5,1.0,0.625,0.7692307692307693,1.0,1,8,5,5
smd,group23_evaluation,machine-3-5,tranad_official,2,7,16163,16308,"[31, 24, 29, 6, 17, 20, 18, 3, 2, 23, 25, 16, 30, 1, 22, 27, 13, 0, 15, 7, 8, 35, 26, 10, 37, 33, 32, 14, 19, 12, 28, 11, 21, 34, 5, 9, 4, 36]",1,1.0,0.058823529411764705,0.1111111111111111,1.0,1,17,1,1
smd,group23_evaluation,machine-3-5,tranad_official,2,7,16163,16308,"[31, 24, 29, 6, 17, 20, 18, 3, 2, 23, 25, 16, 30, 1, 22, 27, 13, 0, 15, 7, 8, 35, 26, 10, 37, 33, 32, 14, 19, 12, 28, 11, 21, 34, 5, 9, 4, 36]",3,0.6666666666666666,0.11764705882352941,0.2,0.7039180890341347,1,17,3,2
smd,group23_evaluation,machine-3-5,tranad_official,2,7,16163,16308,"[31, 24, 29, 6, 17, 20, 18, 3, 2, 23, 25, 16, 30, 1, 22, 27, 13, 0, 15, 7, 8, 35, 26, 10, 37, 33, 32, 14, 19, 12, 28, 11, 21, 34, 5, 9, 4, 36]",5,0.6,0.17647058823529413,0.2727272727272727,0.639945385422766,1,17,5,3
smd,group23_evaluation,machine-3-5,tranad_official,2,8,18426,18430,"[17, 6, 16, 23, 25, 26, 35, 3, 8, 2, 1, 14, 12, 7, 33, 0, 15, 20, 18, 30, 11, 9, 5, 27, 13, 21, 10, 37, 19, 22, 31, 24, 34, 36, 32, 4, 29, 28]",1,0.0,0.0,0.0,0.0,0,1,1,0
smd,group23_evaluation,machine-3-5,tranad_official,2,8,18426,18430,"[17, 6, 16, 23, 25, 26, 35, 3, 8, 2, 1, 14, 12, 7, 33, 0, 15, 20, 18, 30, 11, 9, 5, 27, 13, 21, 10, 37, 19, 22, 31, 24, 34, 36, 32, 4, 29, 28]",3,0.3333333333333333,1.0,0.5,0.5,1,1,3,1
smd,group23_evaluation,machine-3-5,tranad_official,2,8,18426,18430,"[17, 6, 16, 23, 25, 26, 35, 3, 8, 2, 1, 14, 12, 7, 33, 0, 15, 20, 18, 30, 11, 9, 5, 27, 13, 21, 10, 37, 19, 22, 31, 24, 34, 36, 32, 4, 29, 28]",5,0.2,1.0,0.33333333333333337,0.5,1,1,5,1
smd,group23_evaluation,machine-3-5,tranad_official,2,9,18842,18845,"[17, 6, 16, 3, 2, 25, 23, 35, 1, 12, 24, 15, 19, 8, 5, 33, 20, 18, 10, 30, 13, 11, 14, 9, 0, 26, 27, 37, 7, 21, 22, 32, 34, 31, 4, 36, 28, 29]",1,0.0,0.0,0.0,0.0,0,1,1,0
smd,group23_evaluation,machine-3-5,tranad_official,2,9,18842,18845,"[17, 6, 16, 3, 2, 25, 23, 35, 1, 12, 24, 15, 19, 8, 5, 33, 20, 18, 10, 30, 13, 11, 14, 9, 0, 26, 27, 37, 7, 21, 22, 32, 34, 31, 4, 36, 28, 29]",3,0.3333333333333333,1.0,0.5,0.5,1,1,3,1
smd,group23_evaluation,machine-3-5,tranad_official,2,9,18842,18845,"[17, 6, 16, 3, 2, 25, 23, 35, 1, 12, 24, 15, 19, 8, 5, 33, 20, 18, 10, 30, 13, 11, 14, 9, 0, 26, 27, 37, 7, 21, 22, 32, 34, 31, 4, 36, 28, 29]",5,0.2,1.0,0.33333333333333337,0.5,1,1,5,1
smd,group23_evaluation,machine-3-5,tranad_official,2,10,19498,19501,"[17, 3, 2, 6, 16, 1, 25, 23, 12, 8, 18, 11, 9, 14, 20, 0, 27, 30, 15, 33, 35, 10, 21, 13, 19, 7, 28, 24, 5, 26, 37, 22, 32, 34, 36, 31, 4, 29]",1,0.0,0.0,0.0,0.0,0,1,1,0
smd,group23_evaluation,machine-3-5,tranad_official,2,10,19498,19501,"[17, 3, 2, 6, 16, 1, 25, 23, 12, 8, 18, 11, 9, 14, 20, 0, 27, 30, 15, 33, 35, 10, 21, 13, 19, 7, 28, 24, 5, 26, 37, 22, 32, 34, 36, 31, 4, 29]",3,0.0,0.0,0.0,0.0,0,1,3,0
smd,group23_evaluation,machine-3-5,tranad_official,2,10,19498,19501,"[17, 3, 2, 6, 16, 1, 25, 23, 12, 8, 18, 11, 9, 14, 20, 0, 27, 30, 15, 33, 35, 10, 21, 13, 19, 7, 28, 24, 5, 26, 37, 22, 32, 34, 36, 31, 4, 29]",5,0.2,1.0,0.33333333333333337,0.38685280723454163,1,1,5,1
smd,group23_evaluation,machine-3-6,tranad_official,0,0,1187,1221,"[28, 23, 25, 30, 13, 29, 18, 20, 34, 35, 27, 31, 22, 24, 21, 19, 6, 0, 1, 3, 10, 2, 14, 4, 8, 11, 12, 15, 33, 32, 5, 9, 37, 26, 7, 36, 16, 17]",1,1.0,0.05555555555555555,0.10526315789473684,1.0,1,18,1,1
smd,group23_evaluation,machine-3-6,tranad_official,0,0,1187,1221,"[28, 23, 25, 30, 13, 29, 18, 20, 34, 35, 27, 31, 22, 24, 21, 19, 6, 0, 1, 3, 10, 2, 14, 4, 8, 11, 12, 15, 33, 32, 5, 9, 37, 26, 7, 36, 16, 17]",3,0.6666666666666666,0.1111111111111111,0.1904761904761905,0.7653606369886217,1,18,3,2
smd,group23_evaluation,machine-3-6,tranad_official,0,0,1187,1221,"[28, 23, 25, 30, 13, 29, 18, 20, 34, 35, 27, 31, 22, 24, 21, 19, 6, 0, 1, 3, 10, 2, 14, 4, 8, 11, 12, 15, 33, 32, 5, 9, 37, 26, 7, 36, 16, 17]",5,0.6,0.16666666666666666,0.2608695652173913,0.6992148198508501,1,18,5,3
smd,group23_evaluation,machine-3-6,tranad_official,0,1,8177,8211,"[29, 25, 23, 6, 32, 20, 0, 2, 21, 19, 33, 34, 30, 35, 18, 27, 1, 24, 31, 13, 8, 3, 12, 15, 10, 14, 11, 22, 28, 5, 4, 37, 16, 26, 7, 36, 9, 17]",1,0.0,0.0,0.0,0.0,0,6,1,0
smd,group23_evaluation,machine-3-6,tranad_official,0,1,8177,8211,"[29, 25, 23, 6, 32, 20, 0, 2, 21, 19, 33, 34, 30, 35, 18, 27, 1, 24, 31, 13, 8, 3, 12, 15, 10, 14, 11, 22, 28, 5, 4, 37, 16, 26, 7, 36, 9, 17]",3,0.0,0.0,0.0,0.0,0,6,3,0
smd,group23_evaluation,machine-3-6,tranad_official,0,1,8177,8211,"[29, 25, 23, 6, 32, 20, 0, 2, 21, 19, 33, 34, 30, 35, 18, 27, 1, 24, 31, 13, 8, 3, 12, 15, 10, 14, 11, 22, 28, 5, 4, 37, 16, 26, 7, 36, 9, 17]",5,0.2,0.16666666666666666,0.1818181818181818,0.13120507751234178,1,6,5,1
smd,group23_evaluation,machine-3-6,tranad_official,0,2,10637,10743,"[9, 6, 12, 32, 11, 25, 29, 18, 23, 34, 27, 35, 21, 20, 24, 30, 19, 1, 0, 13, 8, 22, 2, 3, 33, 14, 10, 31, 4, 15, 37, 26, 36, 5, 28, 16, 7, 17]",1,0.0,0.0,0.0,0.0,0,3,1,0
smd,group23_evaluation,machine-3-6,tranad_official,0,2,10637,10743,"[9, 6, 12, 32, 11, 25, 29, 18, 23, 34, 27, 35, 21, 20, 24, 30, 19, 1, 0, 13, 8, 22, 2, 3, 33, 14, 10, 31, 4, 15, 37, 26, 36, 5, 28, 16, 7, 17]",3,0.0,0.0,0.0,0.0,0,3,3,0
smd,group23_evaluation,machine-3-6,tranad_official,0,2,10637,10743,"[9, 6, 12, 32, 11, 25, 29, 18, 23, 34, 27, 35, 21, 20, 24, 30, 19, 1, 0, 13, 8, 22, 2, 3, 33, 14, 10, 31, 4, 15, 37, 26, 36, 5, 28, 16, 7, 17]",5,0.2,0.3333333333333333,0.25,0.20210734650054757,1,3,5,1
smd,group23_evaluation,machine-3-6,tranad_official,0,3,15633,15863,"[9, 12, 13, 0, 11, 8, 26, 17, 36, 28, 5, 33, 14, 23, 10, 4, 35, 32, 6, 31, 7, 1, 37, 18, 22, 3, 25, 16, 2, 29, 19, 20, 27, 34, 24, 21, 15, 30]",1,1.0,0.125,0.2222222222222222,1.0,1,8,1,1
smd,group23_evaluation,machine-3-6,tranad_official,0,3,15633,15863,"[9, 12, 13, 0, 11, 8, 26, 17, 36, 28, 5, 33, 14, 23, 10, 4, 35, 32, 6, 31, 7, 1, 37, 18, 22, 3, 25, 16, 2, 29, 19, 20, 27, 34, 24, 21, 15, 30]",3,1.0,0.375,0.5454545454545454,1.0,1,8,3,3
smd,group23_evaluation,machine-3-6,tranad_official,0,3,15633,15863,"[9, 12, 13, 0, 11, 8, 26, 17, 36, 28, 5, 33, 14, 23, 10, 4, 35, 32, 6, 31, 7, 1, 37, 18, 22, 3, 25, 16, 2, 29, 19, 20, 27, 34, 24, 21, 15, 30]",5,1.0,0.625,0.7692307692307693,1.0,1,8,5,5
smd,group23_evaluation,machine-3-6,tranad_official,0,4,16788,16995,"[9, 12, 0, 13, 11, 8, 22, 14, 5, 36, 26, 10, 1, 33, 2, 17, 6, 34, 28, 3, 27, 20, 35, 23, 24, 30, 18, 21, 31, 37, 19, 7, 25, 4, 29, 15, 32, 16]",1,1.0,0.16666666666666666,0.2857142857142857,1.0,1,6,1,1
smd,group23_evaluation,machine-3-6,tranad_official,0,4,16788,16995,"[9, 12, 0, 13, 11, 8, 22, 14, 5, 36, 26, 10, 1, 33, 2, 17, 6, 34, 28, 3, 27, 20, 35, 23, 24, 30, 18, 21, 31, 37, 19, 7, 25, 4, 29, 15, 32, 16]",3,1.0,0.5,0.6666666666666666,1.0,1,6,3,3
smd,group23_evaluation,machine-3-6,tranad_official,0,4,16788,16995,"[9, 12, 0, 13, 11, 8, 22, 14, 5, 36, 26, 10, 1, 33, 2, 17, 6, 34, 28, 3, 27, 20, 35, 23, 24, 30, 18, 21, 31, 37, 19, 7, 25, 4, 29, 15, 32, 16]",5,1.0,0.8333333333333334,0.9090909090909091,1.0,1,6,5,5
smd,group23_evaluation,machine-3-6,tranad_official,0,5,18054,18134,"[9, 12, 0, 11, 13, 8, 26, 36, 23, 5, 4, 10, 33, 2, 31, 22, 18, 1, 3, 14, 17, 6, 30, 28, 34, 27, 37, 35, 20, 24, 21, 19, 25, 7, 29, 32, 15, 16]",1,1.0,0.16666666666666666,0.2857142857142857,1.0,1,6,1,1
smd,group23_evaluation,machine-3-6,tranad_official,0,5,18054,18134,"[9, 12, 0, 11, 13, 8, 26, 36, 23, 5, 4, 10, 33, 2, 31, 22, 18, 1, 3, 14, 17, 6, 30, 28, 34, 27, 37, 35, 20, 24, 21, 19, 25, 7, 29, 32, 15, 16]",3,1.0,0.5,0.6666666666666666,1.0,1,6,3,3
smd,group23_evaluation,machine-3-6,tranad_official,0,5,18054,18134,"[9, 12, 0, 11, 13, 8, 26, 36, 23, 5, 4, 10, 33, 2, 31, 22, 18, 1, 3, 14, 17, 6, 30, 28, 34, 27, 37, 35, 20, 24, 21, 19, 25, 7, 29, 32, 15, 16]",5,1.0,0.8333333333333334,0.9090909090909091,1.0,1,6,5,5
smd,group23_evaluation,machine-3-6,tranad_official,0,6,19276,19500,"[9, 12, 0, 13, 11, 8, 36, 5, 26, 28, 17, 4, 23, 10, 33, 14, 31, 18, 1, 37, 6, 7, 32, 16, 29, 22, 35, 2, 20, 27, 3, 34, 30, 21, 24, 25, 19, 15]",1,1.0,0.16666666666666666,0.2857142857142857,1.0,1,6,1,1
smd,group23_evaluation,machine-3-6,tranad_official,0,6,19276,19500,"[9, 12, 0, 13, 11, 8, 36, 5, 26, 28, 17, 4, 23, 10, 33, 14, 31, 18, 1, 37, 6, 7, 32, 16, 29, 22, 35, 2, 20, 27, 3, 34, 30, 21, 24, 25, 19, 15]",3,1.0,0.5,0.6666666666666666,1.0,1,6,3,3
smd,group23_evaluation,machine-3-6,tranad_official,0,6,19276,19500,"[9, 12, 0, 13, 11, 8, 36, 5, 26, 28, 17, 4, 23, 10, 33, 14, 31, 18, 1, 37, 6, 7, 32, 16, 29, 22, 35, 2, 20, 27, 3, 34, 30, 21, 24, 25, 19, 15]",5,1.0,0.8333333333333334,0.9090909090909091,1.0,1,6,5,5
smd,group23_evaluation,machine-3-6,tranad_official,0,7,20681,20865,"[9, 12, 0, 13, 11, 8, 26, 36, 5, 17, 28, 33, 10, 23, 31, 6, 4, 14, 37, 1, 32, 18, 25, 7, 35, 19, 3, 2, 29, 16, 22, 34, 24, 15, 27, 20, 30, 21]",1,1.0,0.14285714285714285,0.25,1.0,1,7,1,1
smd,group23_evaluation,machine-3-6,tranad_official,0,7,20681,20865,"[9, 12, 0, 13, 11, 8, 26, 36, 5, 17, 28, 33, 10, 23, 31, 6, 4, 14, 37, 1, 32, 18, 25, 7, 35, 19, 3, 2, 29, 16, 22, 34, 24, 15, 27, 20, 30, 21]",3,1.0,0.42857142857142855,0.6,1.0,1,7,3,3
smd,group23_evaluation,machine-3-6,tranad_official,0,7,20681,20865,"[9, 12, 0, 13, 11, 8, 26, 36, 5, 17, 28, 33, 10, 23, 31, 6, 4, 14, 37, 1, 32, 18, 25, 7, 35, 19, 3, 2, 29, 16, 22, 34, 24, 15, 27, 20, 30, 21]",5,1.0,0.7142857142857143,0.8333333333333333,1.0,1,7,5,5
smd,group23_evaluation,machine-3-6,tranad_official,0,8,24503,24506,"[13, 8, 12, 35, 28, 9, 36, 32, 29, 14, 3, 30, 21, 20, 11, 26, 6, 0, 22, 1, 18, 10, 25, 15, 27, 34, 24, 31, 23, 2, 19, 5, 17, 33, 4, 7, 16, 37]",1,1.0,0.14285714285714285,0.25,1.0,1,7,1,1
smd,group23_evaluation,machine-3-6,tranad_official,0,8,24503,24506,"[13, 8, 12, 35, 28, 9, 36, 32, 29, 14, 3, 30, 21, 20, 11, 26, 6, 0, 22, 1, 18, 10, 25, 15, 27, 34, 24, 31, 23, 2, 19, 5, 17, 33, 4, 7, 16, 37]",3,1.0,0.42857142857142855,0.6,1.0,1,7,3,3
smd,group23_evaluation,machine-3-6,tranad_official,0,8,24503,24506,"[13, 8, 12, 35, 28, 9, 36, 32, 29, 14, 3, 30, 21, 20, 11, 26, 6, 0, 22, 1, 18, 10, 25, 15, 27, 34, 24, 31, 23, 2, 19, 5, 17, 33, 4, 7, 16, 37]",5,0.6,0.42857142857142855,0.5,0.7227265726449519,1,7,5,3
smd,group23_evaluation,machine-3-6,tranad_official,0,9,26138,26149,"[9, 12, 11, 13, 8, 0, 14, 6, 15, 10, 29, 3, 31, 28, 22, 26, 1, 20, 2, 25, 23, 24, 35, 18, 5, 34, 4, 32, 36, 17, 27, 19, 21, 16, 30, 33, 7, 37]",1,0.0,0.0,0.0,0.0,0,2,1,0
smd,group23_evaluation,machine-3-6,tranad_official,0,9,26138,26149,"[9, 12, 11, 13, 8, 0, 14, 6, 15, 10, 29, 3, 31, 28, 22, 26, 1, 20, 2, 25, 23, 24, 35, 18, 5, 34, 4, 32, 36, 17, 27, 19, 21, 16, 30, 33, 7, 37]",3,0.3333333333333333,0.5,0.4,0.3065735963827292,1,2,3,1
smd,group23_evaluation,machine-3-6,tranad_official,0,9,26138,26149,"[9, 12, 11, 13, 8, 0, 14, 6, 15, 10, 29, 3, 31, 28, 22, 26, 1, 20, 2, 25, 23, 24, 35, 18, 5, 34, 4, 32, 36, 17, 27, 19, 21, 16, 30, 33, 7, 37]",5,0.2,0.5,0.28571428571428575,0.3065735963827292,1,2,5,1
smd,group23_evaluation,machine-3-6,tranad_official,0,10,27877,27958,"[6, 25, 23, 29, 34, 35, 31, 24, 32, 18, 20, 27, 0, 3, 2, 1, 21, 30, 22, 13, 19, 8, 14, 12, 10, 11, 15, 5, 17, 33, 9, 37, 7, 4, 16, 26, 36, 28]",1,1.0,0.043478260869565216,0.08333333333333333,1.0,1,23,1,1
smd,group23_evaluation,machine-3-6,tranad_official,0,10,27877,27958,"[6, 25, 23, 29, 34, 35, 31, 24, 32, 18, 20, 27, 0, 3, 2, 1, 21, 30, 22, 13, 19, 8, 14, 12, 10, 11, 15, 5, 17, 33, 9, 37, 7, 4, 16, 26, 36, 28]",3,1.0,0.13043478260869565,0.23076923076923078,1.0,1,23,3,3
smd,group23_evaluation,machine-3-6,tranad_official,0,10,27877,27958,"[6, 25, 23, 29, 34, 35, 31, 24, 32, 18, 20, 27, 0, 3, 2, 1, 21, 30, 22, 13, 19, 8, 14, 12, 10, 11, 15, 5, 17, 33, 9, 37, 7, 4, 16, 26, 36, 28]",5,1.0,0.21739130434782608,0.3571428571428571,1.0,1,23,5,5
smd,group23_evaluation,machine-3-6,tranad_official,1,0,1187,1221,"[28, 23, 25, 19, 29, 2, 32, 13, 20, 27, 18, 31, 34, 35, 22, 24, 21, 30, 6, 11, 1, 14, 3, 0, 10, 8, 33, 12, 15, 36, 5, 9, 17, 26, 37, 16, 7, 4]",1,1.0,0.05555555555555555,0.10526315789473684,1.0,1,18,1,1
smd,group23_evaluation,machine-3-6,tranad_official,1,0,1187,1221,"[28, 23, 25, 19, 29, 2, 32, 13, 20, 27, 18, 31, 34, 35, 22, 24, 21, 30, 6, 11, 1, 14, 3, 0, 10, 8, 33, 12, 15, 36, 5, 9, 17, 26, 37, 16, 7, 4]",3,0.6666666666666666,0.1111111111111111,0.1904761904761905,0.7653606369886217,1,18,3,2
smd,group23_evaluation,machine-3-6,tranad_official,1,0,1187,1221,"[28, 23, 25, 19, 29, 2, 32, 13, 20, 27, 18, 31, 34, 35, 22, 24, 21, 30, 6, 11, 1, 14, 3, 0, 10, 8, 33, 12, 15, 36, 5, 9, 17, 26, 37, 16, 7, 4]",5,0.6,0.16666666666666666,0.2608695652173913,0.6992148198508501,1,18,5,3
smd,group23_evaluation,machine-3-6,tranad_official,1,1,8177,8211,"[29, 25, 23, 6, 32, 21, 33, 31, 18, 0, 30, 3, 34, 35, 24, 20, 2, 19, 13, 27, 10, 12, 14, 8, 15, 1, 11, 22, 17, 37, 16, 36, 26, 5, 28, 7, 4, 9]",1,0.0,0.0,0.0,0.0,0,6,1,0
smd,group23_evaluation,machine-3-6,tranad_official,1,1,8177,8211,"[29, 25, 23, 6, 32, 21, 33, 31, 18, 0, 30, 3, 34, 35, 24, 20, 2, 19, 13, 27, 10, 12, 14, 8, 15, 1, 11, 22, 17, 37, 16, 36, 26, 5, 28, 7, 4, 9]",3,0.0,0.0,0.0,0.0,0,6,3,0
smd,group23_evaluation,machine-3-6,tranad_official,1,1,8177,8211,"[29, 25, 23, 6, 32, 21, 33, 31, 18, 0, 30, 3, 34, 35, 24, 20, 2, 19, 13, 27, 10, 12, 14, 8, 15, 1, 11, 22, 17, 37, 16, 36, 26, 5, 28, 7, 4, 9]",5,0.2,0.16666666666666666,0.1818181818181818,0.13120507751234178,1,6,5,1
smd,group23_evaluation,machine-3-6,tranad_official,1,2,10637,10743,"[9, 6, 12, 32, 18, 11, 29, 30, 25, 27, 31, 21, 20, 22, 24, 19, 35, 0, 23, 34, 1, 3, 2, 13, 10, 8, 14, 15, 33, 4, 16, 28, 17, 37, 5, 36, 26, 7]",1,0.0,0.0,0.0,0.0,0,3,1,0
smd,group23_evaluation,machine-3-6,tranad_official,1,2,10637,10743,"[9, 6, 12, 32, 18, 11, 29, 30, 25, 27, 31, 21, 20, 22, 24, 19, 35, 0, 23, 34, 1, 3, 2, 13, 10, 8, 14, 15, 33, 4, 16, 28, 17, 37, 5, 36, 26, 7]",3,0.0,0.0,0.0,0.0,0,3,3,0
smd,group23_evaluation,machine-3-6,tranad_official,1,2,10637,10743,"[9, 6, 12, 32, 18, 11, 29, 30, 25, 27, 31, 21, 20, 22, 24, 19, 35, 0, 23, 34, 1, 3, 2, 13, 10, 8, 14, 15, 33, 4, 16, 28, 17, 37, 5, 36, 26, 7]",5,0.2,0.3333333333333333,0.25,0.20210734650054757,1,3,5,1
smd,group23_evaluation,machine-3-6,tranad_official,1,3,15633,15863,"[9, 12, 13, 0, 11, 8, 23, 14, 25, 10, 28, 6, 4, 34, 16, 33, 3, 37, 2, 26, 22, 1, 15, 17, 18, 20, 27, 31, 24, 29, 35, 30, 21, 19, 5, 36, 7, 32]",1,1.0,0.125,0.2222222222222222,1.0,1,8,1,1
smd,group23_evaluation,machine-3-6,tranad_official,1,3,15633,15863,"[9, 12, 13, 0, 11, 8, 23, 14, 25, 10, 28, 6, 4, 34, 16, 33, 3, 37, 2, 26, 22, 1, 15, 17, 18, 20, 27, 31, 24, 29, 35, 30, 21, 19, 5, 36, 7, 32]",3,1.0,0.375,0.5454545454545454,1.0,1,8,3,3
smd,group23_evaluation,machine-3-6,tranad_official,1,3,15633,15863,"[9, 12, 13, 0, 11, 8, 23, 14, 25, 10, 28, 6, 4, 34, 16, 33, 3, 37, 2, 26, 22, 1, 15, 17, 18, 20, 27, 31, 24, 29, 35, 30, 21, 19, 5, 36, 7, 32]",5,1.0,0.625,0.7692307692307693,1.0,1,8,5,5
smd,group23_evaluation,machine-3-6,tranad_official,1,4,16788,16995,"[9, 12, 0, 13, 11, 8, 28, 14, 22, 4, 10, 18, 23, 1, 3, 27, 6, 2, 25, 31, 24, 34, 33, 21, 20, 30, 35, 16, 19, 15, 29, 17, 37, 5, 36, 7, 32, 26]",1,1.0,0.16666666666666666,0.2857142857142857,1.0,1,6,1,1
smd,group23_evaluation,machine-3-6,tranad_official,1,4,16788,16995,"[9, 12, 0, 13, 11, 8, 28, 14, 22, 4, 10, 18, 23, 1, 3, 27, 6, 2, 25, 31, 24, 34, 33, 21, 20, 30, 35, 16, 19, 15, 29, 17, 37, 5, 36, 7, 32, 26]",3,1.0,0.5,0.6666666666666666,1.0,1,6,3,3
smd,group23_evaluation,machine-3-6,tranad_official,1,4,16788,16995,"[9, 12, 0, 13, 11, 8, 28, 14, 22, 4, 10, 18, 23, 1, 3, 27, 6, 2, 25, 31, 24, 34, 33, 21, 20, 30, 35, 16, 19, 15, 29, 17, 37, 5, 36, 7, 32, 26]",5,1.0,0.8333333333333334,0.9090909090909091,1.0,1,6,5,5
smd,group23_evaluation,machine-3-6,tranad_official,1,5,18054,18134,"[9, 12, 0, 11, 13, 4, 8, 23, 25, 10, 18, 1, 28, 16, 22, 2, 3, 27, 6, 37, 14, 34, 31, 21, 24, 30, 35, 17, 20, 19, 26, 15, 33, 29, 5, 36, 32, 7]",1,1.0,0.16666666666666666,0.2857142857142857,1.0,1,6,1,1
smd,group23_evaluation,machine-3-6,tranad_official,1,5,18054,18134,"[9, 12, 0, 11, 13, 4, 8, 23, 25, 10, 18, 1, 28, 16, 22, 2, 3, 27, 6, 37, 14, 34, 31, 21, 24, 30, 35, 17, 20, 19, 26, 15, 33, 29, 5, 36, 32, 7]",3,1.0,0.5,0.6666666666666666,1.0,1,6,3,3
smd,group23_evaluation,machine-3-6,tranad_official,1,5,18054,18134,"[9, 12, 0, 11, 13, 4, 8, 23, 25, 10, 18, 1, 28, 16, 22, 2, 3, 27, 6, 37, 14, 34, 31, 21, 24, 30, 35, 17, 20, 19, 26, 15, 33, 29, 5, 36, 32, 7]",5,1.0,0.8333333333333334,0.9090909090909091,1.0,1,6,5,5
smd,group23_evaluation,machine-3-6,tranad_official,1,6,19276,19500,"[9, 12, 0, 13, 11, 8, 23, 10, 4, 28, 14, 6, 2, 25, 34, 3, 1, 20, 18, 22, 16, 29, 27, 17, 31, 35, 24, 5, 30, 21, 19, 33, 15, 36, 7, 37, 32, 26]",1,1.0,0.16666666666666666,0.2857142857142857,1.0,1,6,1,1
smd,group23_evaluation,machine-3-6,tranad_official,1,6,19276,19500,"[9, 12, 0, 13, 11, 8, 23, 10, 4, 28, 14, 6, 2, 25, 34, 3, 1, 20, 18, 22, 16, 29, 27, 17, 31, 35, 24, 5, 30, 21, 19, 33, 15, 36, 7, 37, 32, 26]",3,1.0,0.5,0.6666666666666666,1.0,1,6,3,3
smd,group23_evaluation,machine-3-6,tranad_official,1,6,19276,19500,"[9, 12, 0, 13, 11, 8, 23, 10, 4, 28, 14, 6, 2, 25, 34, 3, 1, 20, 18, 22, 16, 29, 27, 17, 31, 35, 24, 5, 30, 21, 19, 33, 15, 36, 7, 37, 32, 26]",5,1.0,0.8333333333333334,0.9090909090909091,1.0,1,6,5,5
smd,group23_evaluation,machine-3-6,tranad_official,1,7,20681,20865,"[9, 12, 0, 11, 13, 8, 23, 6, 25, 34, 28, 14, 4, 3, 10, 16, 37, 2, 18, 26, 17, 1, 33, 22, 20, 27, 29, 31, 35, 24, 15, 30, 21, 5, 19, 36, 7, 32]",1,1.0,0.14285714285714285,0.25,1.0,1,7,1,1
smd,group23_evaluation,machine-3-6,tranad_official,1,7,20681,20865,"[9, 12, 0, 11, 13, 8, 23, 6, 25, 34, 28, 14, 4, 3, 10, 16, 37, 2, 18, 26, 17, 1, 33, 22, 20, 27, 29, 31, 35, 24, 15, 30, 21, 5, 19, 36, 7, 32]",3,1.0,0.42857142857142855,0.6,1.0,1,7,3,3
smd,group23_evaluation,machine-3-6,tranad_official,1,7,20681,20865,"[9, 12, 0, 11, 13, 8, 23, 6, 25, 34, 28, 14, 4, 3, 10, 16, 37, 2, 18, 26, 17, 1, 33, 22, 20, 27, 29, 31, 35, 24, 15, 30, 21, 5, 19, 36, 7, 32]",5,1.0,0.7142857142857143,0.8333333333333333,1.0,1,7,5,5
smd,group23_evaluation,machine-3-6,tranad_official,1,8,24503,24506,"[13, 8, 12, 25, 14, 10, 28, 23, 21, 6, 11, 0, 22, 1, 18, 15, 27, 20, 2, 7, 34, 24, 35, 31, 3, 29, 30, 19, 9, 36, 16, 33, 5, 4, 26, 37, 17, 32]",1,1.0,0.14285714285714285,0.25,1.0,1,7,1,1
smd,group23_evaluation,machine-3-6,tranad_official,1,8,24503,24506,"[13, 8, 12, 25, 14, 10, 28, 23, 21, 6, 11, 0, 22, 1, 18, 15, 27, 20, 2, 7, 34, 24, 35, 31, 3, 29, 30, 19, 9, 36, 16, 33, 5, 4, 26, 37, 17, 32]",3,1.0,0.42857142857142855,0.6,1.0,1,7,3,3
smd,group23_evaluation,machine-3-6,tranad_official,1,8,24503,24506,"[13, 8, 12, 25, 14, 10, 28, 23, 21, 6, 11, 0, 22, 1, 18, 15, 27, 20, 2, 7, 34, 24, 35, 31, 3, 29, 30, 19, 9, 36, 16, 33, 5, 4, 26, 37, 17, 32]",5,0.8,0.5714285714285714,0.6666666666666666,0.8539316501572937,1,7,5,4
smd,group23_evaluation,machine-3-6,tranad_official,1,9,26138,26149,"[12, 9, 11, 13, 8, 0, 14, 6, 10, 29, 23, 15, 18, 1, 34, 2, 22, 25, 20, 27, 5, 3, 31, 37, 35, 30, 28, 21, 24, 19, 16, 33, 36, 4, 26, 17, 7, 32]",1,0.0,0.0,0.0,0.0,0,2,1,0
smd,group23_evaluation,machine-3-6,tranad_official,1,9,26138,26149,"[12, 9, 11, 13, 8, 0, 14, 6, 10, 29, 23, 15, 18, 1, 34, 2, 22, 25, 20, 27, 5, 3, 31, 37, 35, 30, 28, 21, 24, 19, 16, 33, 36, 4, 26, 17, 7, 32]",3,0.3333333333333333,0.5,0.4,0.3065735963827292,1,2,3,1
smd,group23_evaluation,machine-3-6,tranad_official,1,9,26138,26149,"[12, 9, 11, 13, 8, 0, 14, 6, 10, 29, 23, 15, 18, 1, 34, 2, 22, 25, 20, 27, 5, 3, 31, 37, 35, 30, 28, 21, 24, 19, 16, 33, 36, 4, 26, 17, 7, 32]",5,0.2,0.5,0.28571428571428575,0.3065735963827292,1,2,5,1
smd,group23_evaluation,machine-3-6,tranad_official,1,10,27877,27958,"[6, 25, 23, 29, 34, 31, 24, 35, 32, 18, 20, 0, 3, 2, 30, 22, 1, 21, 27, 19, 8, 14, 9, 13, 12, 10, 11, 28, 15, 17, 16, 5, 33, 37, 26, 36, 4, 7]",1,1.0,0.043478260869565216,0.08333333333333333,1.0,1,23,1,1
smd,group23_evaluation,machine-3-6,tranad_official,1,10,27877,27958,"[6, 25, 23, 29, 34, 31, 24, 35, 32, 18, 20, 0, 3, 2, 30, 22, 1, 21, 27, 19, 8, 14, 9, 13, 12, 10, 11, 28, 15, 17, 16, 5, 33, 37, 26, 36, 4, 7]",3,1.0,0.13043478260869565,0.23076923076923078,1.0,1,23,3,3
smd,group23_evaluation,machine-3-6,tranad_official,1,10,27877,27958,"[6, 25, 23, 29, 34, 31, 24, 35, 32, 18, 20, 0, 3, 2, 30, 22, 1, 21, 27, 19, 8, 14, 9, 13, 12, 10, 11, 28, 15, 17, 16, 5, 33, 37, 26, 36, 4, 7]",5,1.0,0.21739130434782608,0.3571428571428571,1.0,1,23,5,5
smd,group23_evaluation,machine-3-6,tranad_official,2,0,1187,1221,"[28, 23, 25, 6, 19, 9, 29, 18, 16, 20, 27, 35, 34, 31, 22, 32, 24, 17, 21, 30, 13, 10, 0, 1, 3, 8, 2, 14, 36, 4, 11, 12, 15, 33, 5, 7, 37, 26]",1,1.0,0.05555555555555555,0.10526315789473684,1.0,1,18,1,1
smd,group23_evaluation,machine-3-6,tranad_official,2,0,1187,1221,"[28, 23, 25, 6, 19, 9, 29, 18, 16, 20, 27, 35, 34, 31, 22, 32, 24, 17, 21, 30, 13, 10, 0, 1, 3, 8, 2, 14, 36, 4, 11, 12, 15, 33, 5, 7, 37, 26]",3,0.6666666666666666,0.1111111111111111,0.1904761904761905,0.7653606369886217,1,18,3,2
smd,group23_evaluation,machine-3-6,tranad_official,2,0,1187,1221,"[28, 23, 25, 6, 19, 9, 29, 18, 16, 20, 27, 35, 34, 31, 22, 32, 24, 17, 21, 30, 13, 10, 0, 1, 3, 8, 2, 14, 36, 4, 11, 12, 15, 33, 5, 7, 37, 26]",5,0.6,0.16666666666666666,0.2608695652173913,0.6843515475204855,1,18,5,3
smd,group23_evaluation,machine-3-6,tranad_official,2,1,8177,8211,"[29, 25, 23, 6, 32, 33, 21, 31, 30, 18, 35, 1, 34, 24, 0, 19, 27, 20, 3, 2, 13, 14, 12, 15, 11, 8, 10, 22, 5, 7, 36, 9, 17, 16, 4, 37, 28, 26]",1,0.0,0.0,0.0,0.0,0,6,1,0
smd,group23_evaluation,machine-3-6,tranad_official,2,1,8177,8211,"[29, 25, 23, 6, 32, 33, 21, 31, 30, 18, 35, 1, 34, 24, 0, 19, 27, 20, 3, 2, 13, 14, 12, 15, 11, 8, 10, 22, 5, 7, 36, 9, 17, 16, 4, 37, 28, 26]",3,0.0,0.0,0.0,0.0,0,6,3,0
smd,group23_evaluation,machine-3-6,tranad_official,2,1,8177,8211,"[29, 25, 23, 6, 32, 33, 21, 31, 30, 18, 35, 1, 34, 24, 0, 19, 27, 20, 3, 2, 13, 14, 12, 15, 11, 8, 10, 22, 5, 7, 36, 9, 17, 16, 4, 37, 28, 26]",5,0.2,0.16666666666666666,0.1818181818181818,0.13120507751234178,1,6,5,1
smd,group23_evaluation,machine-3-6,tranad_official,2,2,10637,10743,"[9, 6, 12, 32, 11, 25, 27, 29, 20, 23, 30, 21, 31, 18, 34, 24, 35, 19, 1, 0, 22, 3, 2, 13, 10, 14, 8, 15, 4, 36, 5, 37, 33, 16, 7, 17, 28, 26]",1,0.0,0.0,0.0,0.0,0,3,1,0
smd,group23_evaluation,machine-3-6,tranad_official,2,2,10637,10743,"[9, 6, 12, 32, 11, 25, 27, 29, 20, 23, 30, 21, 31, 18, 34, 24, 35, 19, 1, 0, 22, 3, 2, 13, 10, 14, 8, 15, 4, 36, 5, 37, 33, 16, 7, 17, 28, 26]",3,0.0,0.0,0.0,0.0,0,3,3,0
smd,group23_evaluation,machine-3-6,tranad_official,2,2,10637,10743,"[9, 6, 12, 32, 11, 25, 27, 29, 20, 23, 30, 21, 31, 18, 34, 24, 35, 19, 1, 0, 22, 3, 2, 13, 10, 14, 8, 15, 4, 36, 5, 37, 33, 16, 7, 17, 28, 26]",5,0.2,0.3333333333333333,0.25,0.20210734650054757,1,3,5,1
smd,group23_evaluation,machine-3-6,tranad_official,2,3,15633,15863,"[9, 12, 0, 13, 11, 8, 14, 36, 29, 18, 4, 22, 32, 5, 19, 34, 24, 25, 35, 26, 37, 1, 7, 17, 23, 27, 20, 16, 33, 2, 21, 31, 15, 6, 10, 3, 30, 28]",1,1.0,0.125,0.2222222222222222,1.0,1,8,1,1
smd,group23_evaluation,machine-3-6,tranad_official,2,3,15633,15863,"[9, 12, 0, 13, 11, 8, 14, 36, 29, 18, 4, 22, 32, 5, 19, 34, 24, 25, 35, 26, 37, 1, 7, 17, 23, 27, 20, 16, 33, 2, 21, 31, 15, 6, 10, 3, 30, 28]",3,1.0,0.375,0.5454545454545454,1.0,1,8,3,3
smd,group23_evaluation,machine-3-6,tranad_official,2,3,15633,15863,"[9, 12, 0, 13, 11, 8, 14, 36, 29, 18, 4, 22, 32, 5, 19, 34, 24, 25, 35, 26, 37, 1, 7, 17, 23, 27, 20, 16, 33, 2, 21, 31, 15, 6, 10, 3, 30, 28]",5,1.0,0.625,0.7692307692307693,1.0,1,8,5,5
smd,group23_evaluation,machine-3-6,tranad_official,2,4,16788,16995,"[9, 12, 0, 13, 11, 8, 29, 14, 18, 22, 4, 34, 1, 36, 25, 2, 19, 32, 20, 26, 3, 35, 27, 6, 5, 33, 37, 24, 16, 21, 30, 7, 17, 10, 15, 31, 23, 28]",1,1.0,0.16666666666666666,0.2857142857142857,1.0,1,6,1,1
smd,group23_evaluation,machine-3-6,tranad_official,2,4,16788,16995,"[9, 12, 0, 13, 11, 8, 29, 14, 18, 22, 4, 34, 1, 36, 25, 2, 19, 32, 20, 26, 3, 35, 27, 6, 5, 33, 37, 24, 16, 21, 30, 7, 17, 10, 15, 31, 23, 28]",3,1.0,0.5,0.6666666666666666,1.0,1,6,3,3
smd,group23_evaluation,machine-3-6,tranad_official,2,4,16788,16995,"[9, 12, 0, 13, 11, 8, 29, 14, 18, 22, 4, 34, 1, 36, 25, 2, 19, 32, 20, 26, 3, 35, 27, 6, 5, 33, 37, 24, 16, 21, 30, 7, 17, 10, 15, 31, 23, 28]",5,1.0,0.8333333333333334,0.9090909090909091,1.0,1,6,5,5
smd,group23_evaluation,machine-3-6,tranad_official,2,5,18054,18134,"[9, 12, 0, 11, 13, 4, 8, 36, 26, 29, 14, 7, 25, 18, 2, 5, 24, 1, 34, 22, 37, 19, 3, 20, 16, 27, 31, 21, 32, 33, 6, 30, 15, 35, 23, 10, 17, 28]",1,1.0,0.16666666666666666,0.2857142857142857,1.0,1,6,1,1
smd,group23_evaluation,machine-3-6,tranad_official,2,5,18054,18134,"[9, 12, 0, 11, 13, 4, 8, 36, 26, 29, 14, 7, 25, 18, 2, 5, 24, 1, 34, 22, 37, 19, 3, 20, 16, 27, 31, 21, 32, 33, 6, 30, 15, 35, 23, 10, 17, 28]",3,1.0,0.5,0.6666666666666666,1.0,1,6,3,3
smd,group23_evaluation,machine-3-6,tranad_official,2,5,18054,18134,"[9, 12, 0, 11, 13, 4, 8, 36, 26, 29, 14, 7, 25, 18, 2, 5, 24, 1, 34, 22, 37, 19, 3, 20, 16, 27, 31, 21, 32, 33, 6, 30, 15, 35, 23, 10, 17, 28]",5,1.0,0.8333333333333334,0.9090909090909091,1.0,1,6,5,5
smd,group23_evaluation,machine-3-6,tranad_official,2,6,19276,19500,"[9, 12, 0, 11, 13, 8, 29, 36, 22, 4, 26, 14, 18, 25, 34, 19, 37, 32, 7, 5, 27, 24, 6, 1, 31, 33, 16, 35, 2, 17, 15, 21, 20, 23, 3, 10, 30, 28]",1,1.0,0.16666666666666666,0.2857142857142857,1.0,1,6,1,1
smd,group23_evaluation,machine-3-6,tranad_official,2,6,19276,19500,"[9, 12, 0, 11, 13, 8, 29, 36, 22, 4, 26, 14, 18, 25, 34, 19, 37, 32, 7, 5, 27, 24, 6, 1, 31, 33, 16, 35, 2, 17, 15, 21, 20, 23, 3, 10, 30, 28]",3,1.0,0.5,0.6666666666666666,1.0,1,6,3,3
smd,group23_evaluation,machine-3-6,tranad_official,2,6,19276,19500,"[9, 12, 0, 11, 13, 8, 29, 36, 22, 4, 26, 14, 18, 25, 34, 19, 37, 32, 7, 5, 27, 24, 6, 1, 31, 33, 16, 35, 2, 17, 15, 21, 20, 23, 3, 10, 30, 28]",5,1.0,0.8333333333333334,0.9090909090909091,1.0,1,6,5,5
smd,group23_evaluation,machine-3-6,tranad_official,2,7,20681,20865,"[9, 12, 0, 11, 13, 8, 22, 18, 29, 36, 4, 14, 19, 25, 34, 24, 32, 5, 26, 27, 6, 17, 35, 33, 37, 1, 7, 20, 2, 15, 16, 23, 3, 21, 31, 10, 30, 28]",1,1.0,0.14285714285714285,0.25,1.0,1,7,1,1
smd,group23_evaluation,machine-3-6,tranad_official,2,7,20681,20865,"[9, 12, 0, 11, 13, 8, 22, 18, 29, 36, 4, 14, 19, 25, 34, 24, 32, 5, 26, 27, 6, 17, 35, 33, 37, 1, 7, 20, 2, 15, 16, 23, 3, 21, 31, 10, 30, 28]",3,1.0,0.42857142857142855,0.6,1.0,1,7,3,3
smd,group23_evaluation,machine-3-6,tranad_official,2,7,20681,20865,"[9, 12, 0, 11, 13, 8, 22, 18, 29, 36, 4, 14, 19, 25, 34, 24, 32, 5, 26, 27, 6, 17, 35, 33, 37, 1, 7, 20, 2, 15, 16, 23, 3, 21, 31, 10, 30, 28]",5,1.0,0.7142857142857143,0.8333333333333333,1.0,1,7,5,5
smd,group23_evaluation,machine-3-6,tranad_official,2,8,24503,24506,"[13, 8, 12, 14, 17, 10, 22, 6, 11, 0, 1, 18, 25, 27, 20, 2, 34, 24, 35, 15, 31, 3, 23, 29, 30, 21, 19, 9, 33, 5, 32, 16, 37, 7, 28, 26, 4, 36]",1,1.0,0.14285714285714285,0.25,1.0,1,7,1,1
smd,group23_evaluation,machine-3-6,tranad_official,2,8,24503,24506,"[13, 8, 12, 14, 17, 10, 22, 6, 11, 0, 1, 18, 25, 27, 20, 2, 34, 24, 35, 15, 31, 3, 23, 29, 30, 21, 19, 9, 33, 5, 32, 16, 37, 7, 28, 26, 4, 36]",3,1.0,0.42857142857142855,0.6,1.0,1,7,3,3
smd,group23_evaluation,machine-3-6,tranad_official,2,8,24503,24506,"[13, 8, 12, 14, 17, 10, 22, 6, 11, 0, 1, 18, 25, 27, 20, 2, 34, 24, 35, 15, 31, 3, 23, 29, 30, 21, 19, 9, 33, 5, 32, 16, 37, 7, 28, 26, 4, 36]",5,0.8,0.5714285714285714,0.6666666666666666,0.8687949224876582,1,7,5,4
smd,group23_evaluation,machine-3-6,tranad_official,2,9,26138,26149,"[9, 12, 11, 8, 14, 0, 6, 13, 10, 15, 29, 24, 22, 1, 34, 35, 25, 23, 2, 27, 17, 37, 18, 19, 7, 3, 33, 21, 32, 20, 28, 31, 26, 30, 16, 36, 5, 4]",1,0.0,0.0,0.0,0.0,0,2,1,0
smd,group23_evaluation,machine-3-6,tranad_official,2,9,26138,26149,"[9, 12, 11, 8, 14, 0, 6, 13, 10, 15, 29, 24, 22, 1, 34, 35, 25, 23, 2, 27, 17, 37, 18, 19, 7, 3, 33, 21, 32, 20, 28, 31, 26, 30, 16, 36, 5, 4]",3,0.3333333333333333,0.5,0.4,0.3065735963827292,1,2,3,1
smd,group23_evaluation,machine-3-6,tranad_official,2,9,26138,26149,"[9, 12, 11, 8, 14, 0, 6, 13, 10, 15, 29, 24, 22, 1, 34, 35, 25, 23, 2, 27, 17, 37, 18, 19, 7, 3, 33, 21, 32, 20, 28, 31, 26, 30, 16, 36, 5, 4]",5,0.2,0.5,0.28571428571428575,0.3065735963827292,1,2,5,1
smd,group23_evaluation,machine-3-6,tranad_official,2,10,27877,27958,"[6, 25, 23, 29, 34, 35, 31, 24, 32, 18, 27, 0, 3, 2, 1, 21, 30, 20, 22, 13, 19, 8, 14, 10, 12, 11, 15, 17, 33, 5, 9, 7, 37, 26, 28, 16, 36, 4]",1,1.0,0.043478260869565216,0.08333333333333333,1.0,1,23,1,1
smd,group23_evaluation,machine-3-6,tranad_official,2,10,27877,27958,"[6, 25, 23, 29, 34, 35, 31, 24, 32, 18, 27, 0, 3, 2, 1, 21, 30, 20, 22, 13, 19, 8, 14, 10, 12, 11, 15, 17, 33, 5, 9, 7, 37, 26, 28, 16, 36, 4]",3,1.0,0.13043478260869565,0.23076923076923078,1.0,1,23,3,3
smd,group23_evaluation,machine-3-6,tranad_official,2,10,27877,27958,"[6, 25, 23, 29, 34, 35, 31, 24, 32, 18, 27, 0, 3, 2, 1, 21, 30, 20, 22, 13, 19, 8, 14, 10, 12, 11, 15, 17, 33, 5, 9, 7, 37, 26, 28, 16, 36, 4]",5,1.0,0.21739130434782608,0.3571428571428571,1.0,1,23,5,5
smd,group23_evaluation,machine-3-7,tranad_official,0,0,10609,10644,"[31, 22, 14, 24, 29, 13, 4, 25, 23, 8, 33, 1, 0, 34, 35, 2, 26, 28, 9, 3, 18, 21, 17, 27, 20, 15, 30, 16, 7, 6, 19, 10, 5, 11, 32, 36, 12, 37]",1,1.0,0.09090909090909091,0.16666666666666669,1.0,1,11,1,1
smd,group23_evaluation,machine-3-7,tranad_official,0,0,10609,10644,"[31, 22, 14, 24, 29, 13, 4, 25, 23, 8, 33, 1, 0, 34, 35, 2, 26, 28, 9, 3, 18, 21, 17, 27, 20, 15, 30, 16, 7, 6, 19, 10, 5, 11, 32, 36, 12, 37]",3,0.3333333333333333,0.09090909090909091,0.14285714285714288,0.46927872602275644,1,11,3,1
smd,group23_evaluation,machine-3-7,tranad_official,0,0,10609,10644,"[31, 22, 14, 24, 29, 13, 4, 25, 23, 8, 33, 1, 0, 34, 35, 2, 26, 28, 9, 3, 18, 21, 17, 27, 20, 15, 30, 16, 7, 6, 19, 10, 5, 11, 32, 36, 12, 37]",5,0.4,0.18181818181818182,0.25000000000000006,0.4703652827859579,1,11,5,2
smd,group23_evaluation,machine-3-7,tranad_official,0,1,11491,11554,"[32, 33, 25, 16, 5, 20, 23, 31, 29, 35, 4, 14, 13, 3, 21, 19, 34, 30, 22, 27, 18, 8, 24, 1, 0, 2, 6, 28, 26, 17, 9, 11, 15, 7, 10, 36, 37, 12]",1,1.0,0.06666666666666667,0.125,1.0,1,15,1,1
smd,group23_evaluation,machine-3-7,tranad_official,0,1,11491,11554,"[32, 33, 25, 16, 5, 20, 23, 31, 29, 35, 4, 14, 13, 3, 21, 19, 34, 30, 22, 27, 18, 8, 24, 1, 0, 2, 6, 28, 26, 17, 9, 11, 15, 7, 10, 36, 37, 12]",3,1.0,0.2,0.33333333333333337,1.0,1,15,3,3
smd,group23_evaluation,machine-3-7,tranad_official,0,1,11491,11554,"[32, 33, 25, 16, 5, 20, 23, 31, 29, 35, 4, 14, 13, 3, 21, 19, 34, 30, 22, 27, 18, 8, 24, 1, 0, 2, 6, 28, 26, 17, 9, 11, 15, 7, 10, 36, 37, 12]",5,0.6,0.2,0.3,0.7227265726449519,1,15,5,3
smd,group23_evaluation,machine-3-7,tranad_official,0,2,14775,14793,"[31, 29, 22, 14, 13, 24, 5, 4, 8, 34, 6, 0, 35, 33, 26, 1, 9, 2, 30, 28, 11, 23, 15, 18, 17, 21, 16, 10, 27, 7, 19, 25, 20, 3, 36, 32, 12, 37]",1,1.0,0.09090909090909091,0.16666666666666669,1.0,1,11,1,1
smd,group23_evaluation,machine-3-7,tranad_official,0,2,14775,14793,"[31, 29, 22, 14, 13, 24, 5, 4, 8, 34, 6, 0, 35, 33, 26, 1, 9, 2, 30, 28, 11, 23, 15, 18, 17, 21, 16, 10, 27, 7, 19, 25, 20, 3, 36, 32, 12, 37]",3,0.6666666666666666,0.18181818181818182,0.28571428571428575,0.7653606369886217,1,11,3,2
smd,group23_evaluation,machine-3-7,tranad_official,0,2,14775,14793,"[31, 29, 22, 14, 13, 24, 5, 4, 8, 34, 6, 0, 35, 33, 26, 1, 9, 2, 30, 28, 11, 23, 15, 18, 17, 21, 16, 10, 27, 7, 19, 25, 20, 3, 36, 32, 12, 37]",5,0.4,0.18181818181818182,0.25000000000000006,0.5531464700081437,1,11,5,2
smd,group23_evaluation,machine-3-7,tranad_official,0,3,21201,21512,"[16, 4, 8, 17, 5, 12, 13, 19, 34, 35, 30, 21, 3, 32, 9, 27, 18, 20, 14, 1, 2, 0, 11, 6, 33, 28, 7, 15, 26, 24, 37, 23, 10, 25, 36, 22, 29, 31]",1,1.0,0.03571428571428571,0.0689655172413793,1.0,1,28,1,1
smd,group23_evaluation,machine-3-7,tranad_official,0,3,21201,21512,"[16, 4, 8, 17, 5, 12, 13, 19, 34, 35, 30, 21, 3, 32, 9, 27, 18, 20, 14, 1, 2, 0, 11, 6, 33, 28, 7, 15, 26, 24, 37, 23, 10, 25, 36, 22, 29, 31]",3,1.0,0.10714285714285714,0.19354838709677416,1.0,1,28,3,3
smd,group23_evaluation,machine-3-7,tranad_official,0,3,21201,21512,"[16, 4, 8, 17, 5, 12, 13, 19, 34, 35, 30, 21, 3, 32, 9, 27, 18, 20, 14, 1, 2, 0, 11, 6, 33, 28, 7, 15, 26, 24, 37, 23, 10, 25, 36, 22, 29, 31]",5,1.0,0.17857142857142858,0.30303030303030304,1.0,1,28,5,5
smd,group23_evaluation,machine-3-7,tranad_official,0,4,24579,24586,"[4, 5, 23, 25, 8, 13, 9, 10, 12, 31, 24, 11, 33, 14, 22, 1, 15, 21, 30, 19, 2, 20, 18, 27, 34, 35, 3, 0, 6, 29, 7, 16, 17, 26, 28, 32, 36, 37]",1,0.0,0.0,0.0,0.0,0,1,1,0
smd,group23_evaluation,machine-3-7,tranad_official,0,4,24579,24586,"[4, 5, 23, 25, 8, 13, 9, 10, 12, 31, 24, 11, 33, 14, 22, 1, 15, 21, 30, 19, 2, 20, 18, 27, 34, 35, 3, 0, 6, 29, 7, 16, 17, 26, 28, 32, 36, 37]",3,0.0,0.0,0.0,0.0,0,1,3,0
smd,group23_evaluation,machine-3-7,tranad_official,0,4,24579,24586,"[4, 5, 23, 25, 8, 13, 9, 10, 12, 31, 24, 11, 33, 14, 22, 1, 15, 21, 30, 19, 2, 20, 18, 27, 34, 35, 3, 0, 6, 29, 7, 16, 17, 26, 28, 32, 36, 37]",5,0.0,0.0,0.0,0.0,0,1,5,0
smd,group23_evaluation,machine-3-7,tranad_official,1,0,10609,10644,"[31, 22, 14, 24, 29, 13, 25, 23, 8, 4, 1, 33, 0, 35, 11, 34, 2, 16, 19, 32, 21, 3, 6, 30, 27, 20, 15, 18, 28, 9, 5, 36, 10, 7, 12, 37, 26, 17]",1,1.0,0.09090909090909091,0.16666666666666669,1.0,1,11,1,1
smd,group23_evaluation,machine-3-7,tranad_official,1,0,10609,10644,"[31, 22, 14, 24, 29, 13, 25, 23, 8, 4, 1, 33, 0, 35, 11, 34, 2, 16, 19, 32, 21, 3, 6, 30, 27, 20, 15, 18, 28, 9, 5, 36, 10, 7, 12, 37, 26, 17]",3,0.3333333333333333,0.09090909090909091,0.14285714285714288,0.46927872602275644,1,11,3,1
smd,group23_evaluation,machine-3-7,tranad_official,1,0,10609,10644,"[31, 22, 14, 24, 29, 13, 25, 23, 8, 4, 1, 33, 0, 35, 11, 34, 2, 16, 19, 32, 21, 3, 6, 30, 27, 20, 15, 18, 28, 9, 5, 36, 10, 7, 12, 37, 26, 17]",5,0.4,0.18181818181818182,0.25000000000000006,0.4703652827859579,1,11,5,2
smd,group23_evaluation,machine-3-7,tranad_official,1,1,11491,11554,"[32, 33, 8, 4, 6, 5, 13, 29, 14, 25, 23, 31, 10, 2, 21, 30, 35, 34, 19, 27, 22, 18, 3, 24, 20, 1, 0, 37, 16, 11, 15, 36, 28, 9, 26, 17, 12, 7]",1,1.0,0.06666666666666667,0.125,1.0,1,15,1,1
smd,group23_evaluation,machine-3-7,tranad_official,1,1,11491,11554,"[32, 33, 8, 4, 6, 5, 13, 29, 14, 25, 23, 31, 10, 2, 21, 30, 35, 34, 19, 27, 22, 18, 3, 24, 20, 1, 0, 37, 16, 11, 15, 36, 28, 9, 26, 17, 12, 7]",3,0.6666666666666666,0.13333333333333333,0.2222222222222222,0.7653606369886217,1,15,3,2
smd,group23_evaluation,machine-3-7,tranad_official,1,1,11491,11554,"[32, 33, 8, 4, 6, 5, 13, 29, 14, 25, 23, 31, 10, 2, 21, 30, 35, 34, 19, 27, 22, 18, 3, 24, 20, 1, 0, 37, 16, 11, 15, 36, 28, 9, 26, 17, 12, 7]",5,0.4,0.13333333333333333,0.2,0.5531464700081437,1,15,5,2
smd,group23_evaluation,machine-3-7,tranad_official,1,2,14775,14793,"[31, 29, 22, 14, 24, 13, 5, 8, 6, 4, 0, 35, 1, 11, 33, 34, 16, 30, 2, 15, 32, 20, 28, 36, 9, 19, 21, 27, 23, 10, 7, 25, 18, 12, 3, 37, 26, 17]",1,1.0,0.09090909090909091,0.16666666666666669,1.0,1,11,1,1
smd,group23_evaluation,machine-3-7,tranad_official,1,2,14775,14793,"[31, 29, 22, 14, 24, 13, 5, 8, 6, 4, 0, 35, 1, 11, 33, 34, 16, 30, 2, 15, 32, 20, 28, 36, 9, 19, 21, 27, 23, 10, 7, 25, 18, 12, 3, 37, 26, 17]",3,0.6666666666666666,0.18181818181818182,0.28571428571428575,0.7653606369886217,1,11,3,2
smd,group23_evaluation,machine-3-7,tranad_official,1,2,14775,14793,"[31, 29, 22, 14, 24, 13, 5, 8, 6, 4, 0, 35, 1, 11, 33, 34, 16, 30, 2, 15, 32, 20, 28, 36, 9, 19, 21, 27, 23, 10, 7, 25, 18, 12, 3, 37, 26, 17]",5,0.4,0.18181818181818182,0.25000000000000006,0.5531464700081437,1,11,5,2
smd,group23_evaluation,machine-3-7,tranad_official,1,3,21201,21512,"[4, 16, 8, 17, 12, 5, 13, 9, 15, 7, 36, 11, 19, 24, 34, 35, 21, 30, 2, 3, 27, 32, 20, 18, 1, 0, 14, 6, 33, 25, 22, 23, 31, 10, 29, 28, 26, 37]",1,1.0,0.03571428571428571,0.0689655172413793,1.0,1,28,1,1
smd,group23_evaluation,machine-3-7,tranad_official,1,3,21201,21512,"[4, 16, 8, 17, 12, 5, 13, 9, 15, 7, 36, 11, 19, 24, 34, 35, 21, 30, 2, 3, 27, 32, 20, 18, 1, 0, 14, 6, 33, 25, 22, 23, 31, 10, 29, 28, 26, 37]",3,1.0,0.10714285714285714,0.19354838709677416,1.0,1,28,3,3
smd,group23_evaluation,machine-3-7,tranad_official,1,3,21201,21512,"[4, 16, 8, 17, 12, 5, 13, 9, 15, 7, 36, 11, 19, 24, 34, 35, 21, 30, 2, 3, 27, 32, 20, 18, 1, 0, 14, 6, 33, 25, 22, 23, 31, 10, 29, 28, 26, 37]",5,1.0,0.17857142857142858,0.30303030303030304,1.0,1,28,5,5
smd,group23_evaluation,machine-3-7,tranad_official,1,4,24579,24586,"[4, 7, 16, 36, 15, 9, 8, 11, 24, 23, 25, 5, 13, 10, 12, 31, 33, 14, 22, 1, 28, 21, 30, 19, 2, 20, 18, 27, 34, 35, 3, 0, 6, 29, 37, 17, 26, 32]",1,0.0,0.0,0.0,0.0,0,1,1,0
smd,group23_evaluation,machine-3-7,tranad_official,1,4,24579,24586,"[4, 7, 16, 36, 15, 9, 8, 11, 24, 23, 25, 5, 13, 10, 12, 31, 33, 14, 22, 1, 28, 21, 30, 19, 2, 20, 18, 27, 34, 35, 3, 0, 6, 29, 37, 17, 26, 32]",3,0.0,0.0,0.0,0.0,0,1,3,0
smd,group23_evaluation,machine-3-7,tranad_official,1,4,24579,24586,"[4, 7, 16, 36, 15, 9, 8, 11, 24, 23, 25, 5, 13, 10, 12, 31, 33, 14, 22, 1, 28, 21, 30, 19, 2, 20, 18, 27, 34, 35, 3, 0, 6, 29, 37, 17, 26, 32]",5,0.0,0.0,0.0,0.0,0,1,5,0
smd,group23_evaluation,machine-3-7,tranad_official,2,0,10609,10644,"[31, 22, 14, 29, 24, 13, 25, 23, 8, 33, 4, 1, 0, 35, 34, 6, 30, 18, 2, 21, 10, 32, 3, 15, 19, 11, 20, 37, 17, 5, 27, 36, 12, 7, 9, 26, 28, 16]",1,1.0,0.09090909090909091,0.16666666666666669,1.0,1,11,1,1
smd,group23_evaluation,machine-3-7,tranad_official,2,0,10609,10644,"[31, 22, 14, 29, 24, 13, 25, 23, 8, 33, 4, 1, 0, 35, 34, 6, 30, 18, 2, 21, 10, 32, 3, 15, 19, 11, 20, 37, 17, 5, 27, 36, 12, 7, 9, 26, 28, 16]",3,0.3333333333333333,0.09090909090909091,0.14285714285714288,0.46927872602275644,1,11,3,1
smd,group23_evaluation,machine-3-7,tranad_official,2,0,10609,10644,"[31, 22, 14, 29, 24, 13, 25, 23, 8, 33, 4, 1, 0, 35, 34, 6, 30, 18, 2, 21, 10, 32, 3, 15, 19, 11, 20, 37, 17, 5, 27, 36, 12, 7, 9, 26, 28, 16]",5,0.4,0.18181818181818182,0.25000000000000006,0.48522855511632257,1,11,5,2
smd,group23_evaluation,machine-3-7,tranad_official,2,1,11491,11554,"[32, 33, 23, 9, 36, 10, 37, 5, 29, 19, 18, 14, 8, 17, 26, 15, 27, 7, 25, 13, 31, 6, 1, 21, 30, 35, 34, 16, 22, 20, 3, 24, 0, 2, 12, 4, 11, 28]",1,1.0,0.06666666666666667,0.125,1.0,1,15,1,1
smd,group23_evaluation,machine-3-7,tranad_official,2,1,11491,11554,"[32, 33, 23, 9, 36, 10, 37, 5, 29, 19, 18, 14, 8, 17, 26, 15, 27, 7, 25, 13, 31, 6, 1, 21, 30, 35, 34, 16, 22, 20, 3, 24, 0, 2, 12, 4, 11, 28]",3,1.0,0.2,0.33333333333333337,1.0,1,15,3,3
smd,group23_evaluation,machine-3-7,tranad_official,2,1,11491,11554,"[32, 33, 23, 9, 36, 10, 37, 5, 29, 19, 18, 14, 8, 17, 26, 15, 27, 7, 25, 13, 31, 6, 1, 21, 30, 35, 34, 16, 22, 20, 3, 24, 0, 2, 12, 4, 11, 28]",5,0.6,0.2,0.3,0.7227265726449519,1,15,5,3
smd,group23_evaluation,machine-3-7,tranad_official,2,2,14775,14793,"[31, 29, 14, 22, 5, 24, 13, 6, 8, 35, 0, 34, 4, 33, 1, 11, 21, 30, 10, 32, 15, 2, 18, 37, 27, 17, 23, 19, 20, 12, 25, 36, 3, 7, 26, 9, 28, 16]",1,1.0,0.09090909090909091,0.16666666666666669,1.0,1,11,1,1
smd,group23_evaluation,machine-3-7,tranad_official,2,2,14775,14793,"[31, 29, 14, 22, 5, 24, 13, 6, 8, 35, 0, 34, 4, 33, 1, 11, 21, 30, 10, 32, 15, 2, 18, 37, 27, 17, 23, 19, 20, 12, 25, 36, 3, 7, 26, 9, 28, 16]",3,0.6666666666666666,0.18181818181818182,0.28571428571428575,0.7653606369886217,1,11,3,2
smd,group23_evaluation,machine-3-7,tranad_official,2,2,14775,14793,"[31, 29, 14, 22, 5, 24, 13, 6, 8, 35, 0, 34, 4, 33, 1, 11, 21, 30, 10, 32, 15, 2, 18, 37, 27, 17, 23, 19, 20, 12, 25, 36, 3, 7, 26, 9, 28, 16]",5,0.4,0.18181818181818182,0.25000000000000006,0.5531464700081437,1,11,5,2
smd,group23_evaluation,machine-3-7,tranad_official,2,3,21201,21512,"[4, 16, 8, 17, 12, 13, 5, 32, 6, 26, 15, 7, 36, 31, 28, 33, 25, 22, 11, 9, 23, 19, 24, 34, 21, 30, 2, 3, 27, 18, 20, 0, 1, 14, 35, 10, 37, 29]",1,1.0,0.03571428571428571,0.0689655172413793,1.0,1,28,1,1
smd,group23_evaluation,machine-3-7,tranad_official,2,3,21201,21512,"[4, 16, 8, 17, 12, 13, 5, 32, 6, 26, 15, 7, 36, 31, 28, 33, 25, 22, 11, 9, 23, 19, 24, 34, 21, 30, 2, 3, 27, 18, 20, 0, 1, 14, 35, 10, 37, 29]",3,1.0,0.10714285714285714,0.19354838709677416,1.0,1,28,3,3
smd,group23_evaluation,machine-3-7,tranad_official,2,3,21201,21512,"[4, 16, 8, 17, 12, 13, 5, 32, 6, 26, 15, 7, 36, 31, 28, 33, 25, 22, 11, 9, 23, 19, 24, 34, 21, 30, 2, 3, 27, 18, 20, 0, 1, 14, 35, 10, 37, 29]",5,1.0,0.17857142857142858,0.30303030303030304,1.0,1,28,5,5
smd,group23_evaluation,machine-3-7,tranad_official,2,4,24579,24586,"[4, 6, 7, 16, 26, 28, 32, 36, 15, 35, 31, 12, 22, 8, 11, 33, 13, 24, 25, 23, 5, 9, 10, 14, 1, 21, 30, 19, 2, 20, 18, 27, 34, 3, 0, 29, 37, 17]",1,0.0,0.0,0.0,0.0,0,1,1,0
smd,group23_evaluation,machine-3-7,tranad_official,2,4,24579,24586,"[4, 6, 7, 16, 26, 28, 32, 36, 15, 35, 31, 12, 22, 8, 11, 33, 13, 24, 25, 23, 5, 9, 10, 14, 1, 21, 30, 19, 2, 20, 18, 27, 34, 3, 0, 29, 37, 17]",3,0.0,0.0,0.0,0.0,0,1,3,0
smd,group23_evaluation,machine-3-7,tranad_official,2,4,24579,24586,"[4, 6, 7, 16, 26, 28, 32, 36, 15, 35, 31, 12, 22, 8, 11, 33, 13, 24, 25, 23, 5, 9, 10, 14, 1, 21, 30, 19, 2, 20, 18, 27, 34, 3, 0, 29, 37, 17]",5,0.0,0.0,0.0,0.0,0,1,5,0
smd,group23_evaluation,machine-3-8,tranad_official,0,0,15144,15266,"[3, 20, 18, 21, 30, 19, 27, 2, 1, 35, 31, 5, 34, 22, 23, 8, 25, 12, 13, 6, 0, 11, 37, 24, 10, 15, 16, 33, 17, 14, 9, 26, 7, 36, 4, 28, 32, 29]",1,1.0,0.08333333333333333,0.15384615384615385,1.0,1,12,1,1
smd,group23_evaluation,machine-3-8,tranad_official,0,0,15144,15266,"[3, 20, 18, 21, 30, 19, 27, 2, 1, 35, 31, 5, 34, 22, 23, 8, 25, 12, 13, 6, 0, 11, 37, 24, 10, 15, 16, 33, 17, 14, 9, 26, 7, 36, 4, 28, 32, 29]",3,1.0,0.25,0.4,1.0,1,12,3,3
smd,group23_evaluation,machine-3-8,tranad_official,0,0,15144,15266,"[3, 20, 18, 21, 30, 19, 27, 2, 1, 35, 31, 5, 34, 22, 23, 8, 25, 12, 13, 6, 0, 11, 37, 24, 10, 15, 16, 33, 17, 14, 9, 26, 7, 36, 4, 28, 32, 29]",5,1.0,0.4166666666666667,0.5882352941176471,1.0,1,12,5,5
smd,group23_evaluation,machine-3-8,tranad_official,0,1,15941,16514,"[31, 3, 20, 18, 21, 30, 27, 5, 19, 2, 1, 6, 15, 8, 13, 16, 9, 35, 22, 12, 0, 24, 10, 23, 34, 11, 28, 14, 37, 25, 33, 17, 26, 4, 36, 7, 32, 29]",1,0.0,0.0,0.0,0.0,0,11,1,0
smd,group23_evaluation,machine-3-8,tranad_official,0,1,15941,16514,"[31, 3, 20, 18, 21, 30, 27, 5, 19, 2, 1, 6, 15, 8, 13, 16, 9, 35, 22, 12, 0, 24, 10, 23, 34, 11, 28, 14, 37, 25, 33, 17, 26, 4, 36, 7, 32, 29]",3,0.6666666666666666,0.18181818181818182,0.28571428571428575,0.5307212739772434,1,11,3,2
smd,group23_evaluation,machine-3-8,tranad_official,0,1,15941,16514,"[31, 3, 20, 18, 21, 30, 27, 5, 19, 2, 1, 6, 15, 8, 13, 16, 9, 35, 22, 12, 0, 24, 10, 23, 34, 11, 28, 14, 37, 25, 33, 17, 26, 4, 36, 7, 32, 29]",5,0.8,0.36363636363636365,0.5000000000000001,0.6608397947263839,1,11,5,4
smd,group23_evaluation,machine-3-8,tranad_official,0,2,17063,17276,"[28, 31, 3, 20, 18, 30, 21, 27, 2, 19, 1, 5, 23, 8, 15, 0, 22, 25, 34, 16, 13, 35, 9, 4, 12, 33, 29, 24, 6, 7, 10, 37, 11, 32, 14, 26, 36, 17]",1,1.0,0.047619047619047616,0.0909090909090909,1.0,1,21,1,1
smd,group23_evaluation,machine-3-8,tranad_official,0,2,17063,17276,"[28, 31, 3, 20, 18, 30, 21, 27, 2, 19, 1, 5, 23, 8, 15, 0, 22, 25, 34, 16, 13, 35, 9, 4, 12, 33, 29, 24, 6, 7, 10, 37, 11, 32, 14, 26, 36, 17]",3,1.0,0.14285714285714285,0.25,1.0,1,21,3,3
smd,group23_evaluation,machine-3-8,tranad_official,0,2,17063,17276,"[28, 31, 3, 20, 18, 30, 21, 27, 2, 19, 1, 5, 23, 8, 15, 0, 22, 25, 34, 16, 13, 35, 9, 4, 12, 33, 29, 24, 6, 7, 10, 37, 11, 32, 14, 26, 36, 17]",5,1.0,0.23809523809523808,0.3846153846153846,1.0,1,21,5,5
smd,group23_evaluation,machine-3-8,tranad_official,0,3,21405,21548,"[5, 6, 31, 13, 35, 9, 3, 27, 30, 20, 21, 2, 34, 18, 19, 12, 1, 10, 15, 23, 0, 33, 8, 22, 25, 28, 17, 14, 11, 16, 32, 24, 7, 37, 26, 4, 36, 29]",1,0.0,0.0,0.0,0.0,0,4,1,0
smd,group23_evaluation,machine-3-8,tranad_official,0,3,21405,21548,"[5, 6, 31, 13, 35, 9, 3, 27, 30, 20, 21, 2, 34, 18, 19, 12, 1, 10, 15, 23, 0, 33, 8, 22, 25, 28, 17, 14, 11, 16, 32, 24, 7, 37, 26, 4, 36, 29]",3,0.0,0.0,0.0,0.0,0,4,3,0
smd,group23_evaluation,machine-3-8,tranad_official,0,3,21405,21548,"[5, 6, 31, 13, 35, 9, 3, 27, 30, 20, 21, 2, 34, 18, 19, 12, 1, 10, 15, 23, 0, 33, 8, 22, 25, 28, 17, 14, 11, 16, 32, 24, 7, 37, 26, 4, 36, 29]",5,0.0,0.0,0.0,0.0,0,4,5,0
smd,group23_evaluation,machine-3-8,tranad_official,0,4,23478,23781,"[5, 31, 6, 20, 3, 18, 21, 30, 27, 19, 13, 2, 9, 1, 35, 34, 12, 23, 10, 24, 15, 0, 22, 33, 8, 25, 11, 16, 14, 37, 29, 17, 28, 4, 7, 26, 32, 36]",1,0.0,0.0,0.0,0.0,0,5,1,0
smd,group23_evaluation,machine-3-8,tranad_official,0,4,23478,23781,"[5, 31, 6, 20, 3, 18, 21, 30, 27, 19, 13, 2, 9, 1, 35, 34, 12, 23, 10, 24, 15, 0, 22, 33, 8, 25, 11, 16, 14, 37, 29, 17, 28, 4, 7, 26, 32, 36]",3,0.0,0.0,0.0,0.0,0,5,3,0
smd,group23_evaluation,machine-3-8,tranad_official,0,4,23478,23781,"[5, 31, 6, 20, 3, 18, 21, 30, 27, 19, 13, 2, 9, 1, 35, 34, 12, 23, 10, 24, 15, 0, 22, 33, 8, 25, 11, 16, 14, 37, 29, 17, 28, 4, 7, 26, 32, 36]",5,0.0,0.0,0.0,0.0,0,5,5,0
smd,group23_evaluation,machine-3-8,tranad_official,0,5,28253,28270,"[5, 6, 9, 13, 12, 22, 34, 35, 25, 10, 15, 23, 3, 33, 31, 8, 1, 2, 20, 0, 30, 21, 4, 27, 7, 19, 24, 16, 17, 29, 28, 18, 26, 32, 37, 11, 36, 14]",1,0.0,0.0,0.0,0.0,0,3,1,0
smd,group23_evaluation,machine-3-8,tranad_official,0,5,28253,28270,"[5, 6, 9, 13, 12, 22, 34, 35, 25, 10, 15, 23, 3, 33, 31, 8, 1, 2, 20, 0, 30, 21, 4, 27, 7, 19, 24, 16, 17, 29, 28, 18, 26, 32, 37, 11, 36, 14]",3,0.3333333333333333,0.3333333333333333,0.3333333333333333,0.23463936301137822,1,3,3,1
smd,group23_evaluation,machine-3-8,tranad_official,0,5,28253,28270,"[5, 6, 9, 13, 12, 22, 34, 35, 25, 10, 15, 23, 3, 33, 31, 8, 1, 2, 20, 0, 30, 21, 4, 27, 7, 19, 24, 16, 17, 29, 28, 18, 26, 32, 37, 11, 36, 14]",5,0.4,0.6666666666666666,0.5,0.41618115554873086,1,3,5,2
smd,group23_evaluation,machine-3-8,tranad_official,1,0,15144,15266,"[3, 19, 27, 20, 21, 30, 2, 18, 31, 1, 5, 25, 23, 34, 6, 0, 13, 32, 24, 35, 10, 15, 14, 22, 12, 33, 36, 8, 9, 26, 4, 16, 17, 29, 11, 37, 28, 7]",1,1.0,0.08333333333333333,0.15384615384615385,1.0,1,12,1,1
smd,group23_evaluation,machine-3-8,tranad_official,1,0,15144,15266,"[3, 19, 27, 20, 21, 30, 2, 18, 31, 1, 5, 25, 23, 34, 6, 0, 13, 32, 24, 35, 10, 15, 14, 22, 12, 33, 36, 8, 9, 26, 4, 16, 17, 29, 11, 37, 28, 7]",3,1.0,0.25,0.4,1.0,1,12,3,3
smd,group23_evaluation,machine-3-8,tranad_official,1,0,15144,15266,"[3, 19, 27, 20, 21, 30, 2, 18, 31, 1, 5, 25, 23, 34, 6, 0, 13, 32, 24, 35, 10, 15, 14, 22, 12, 33, 36, 8, 9, 26, 4, 16, 17, 29, 11, 37, 28, 7]",5,1.0,0.4166666666666667,0.5882352941176471,1.0,1,12,5,5
smd,group23_evaluation,machine-3-8,tranad_official,1,1,15941,16514,"[31, 27, 18, 30, 21, 19, 3, 20, 5, 2, 6, 1, 13, 16, 0, 26, 4, 12, 34, 24, 25, 15, 10, 37, 22, 36, 35, 33, 14, 23, 8, 17, 9, 32, 29, 28, 11, 7]",1,0.0,0.0,0.0,0.0,0,11,1,0
smd,group23_evaluation,machine-3-8,tranad_official,1,1,15941,16514,"[31, 27, 18, 30, 21, 19, 3, 20, 5, 2, 6, 1, 13, 16, 0, 26, 4, 12, 34, 24, 25, 15, 10, 37, 22, 36, 35, 33, 14, 23, 8, 17, 9, 32, 29, 28, 11, 7]",3,0.6666666666666666,0.18181818181818182,0.28571428571428575,0.5307212739772434,1,11,3,2
smd,group23_evaluation,machine-3-8,tranad_official,1,1,15941,16514,"[31, 27, 18, 30, 21, 19, 3, 20, 5, 2, 6, 1, 13, 16, 0, 26, 4, 12, 34, 24, 25, 15, 10, 37, 22, 36, 35, 33, 14, 23, 8, 17, 9, 32, 29, 28, 11, 7]",5,0.8,0.36363636363636365,0.5000000000000001,0.6608397947263839,1,11,5,4
smd,group23_evaluation,machine-3-8,tranad_official,1,2,17063,17276,"[28, 31, 3, 27, 18, 19, 21, 30, 20, 2, 1, 5, 25, 23, 22, 13, 6, 0, 4, 26, 34, 12, 16, 37, 14, 10, 24, 36, 33, 17, 11, 9, 15, 32, 8, 35, 29, 7]",1,1.0,0.047619047619047616,0.0909090909090909,1.0,1,21,1,1
smd,group23_evaluation,machine-3-8,tranad_official,1,2,17063,17276,"[28, 31, 3, 27, 18, 19, 21, 30, 20, 2, 1, 5, 25, 23, 22, 13, 6, 0, 4, 26, 34, 12, 16, 37, 14, 10, 24, 36, 33, 17, 11, 9, 15, 32, 8, 35, 29, 7]",3,1.0,0.14285714285714285,0.25,1.0,1,21,3,3
smd,group23_evaluation,machine-3-8,tranad_official,1,2,17063,17276,"[28, 31, 3, 27, 18, 19, 21, 30, 20, 2, 1, 5, 25, 23, 22, 13, 6, 0, 4, 26, 34, 12, 16, 37, 14, 10, 24, 36, 33, 17, 11, 9, 15, 32, 8, 35, 29, 7]",5,1.0,0.23809523809523808,0.3846153846153846,1.0,1,21,5,5
smd,group23_evaluation,machine-3-8,tranad_official,1,3,21405,21548,"[5, 6, 13, 31, 3, 30, 27, 9, 20, 2, 21, 19, 18, 34, 35, 12, 1, 15, 10, 0, 25, 33, 22, 8, 23, 17, 26, 36, 32, 16, 37, 4, 7, 29, 11, 28, 24, 14]",1,0.0,0.0,0.0,0.0,0,4,1,0
smd,group23_evaluation,machine-3-8,tranad_official,1,3,21405,21548,"[5, 6, 13, 31, 3, 30, 27, 9, 20, 2, 21, 19, 18, 34, 35, 12, 1, 15, 10, 0, 25, 33, 22, 8, 23, 17, 26, 36, 32, 16, 37, 4, 7, 29, 11, 28, 24, 14]",3,0.0,0.0,0.0,0.0,0,4,3,0
smd,group23_evaluation,machine-3-8,tranad_official,1,3,21405,21548,"[5, 6, 13, 31, 3, 30, 27, 9, 20, 2, 21, 19, 18, 34, 35, 12, 1, 15, 10, 0, 25, 33, 22, 8, 23, 17, 26, 36, 32, 16, 37, 4, 7, 29, 11, 28, 24, 14]",5,0.0,0.0,0.0,0.0,0,4,5,0
smd,group23_evaluation,machine-3-8,tranad_official,1,4,23478,23781,"[5, 31, 6, 3, 27, 20, 18, 30, 19, 21, 2, 13, 9, 1, 12, 0, 34, 15, 10, 24, 35, 25, 33, 22, 23, 8, 29, 17, 26, 36, 32, 16, 37, 4, 7, 14, 11, 28]",1,0.0,0.0,0.0,0.0,0,5,1,0
smd,group23_evaluation,machine-3-8,tranad_official,1,4,23478,23781,"[5, 31, 6, 3, 27, 20, 18, 30, 19, 21, 2, 13, 9, 1, 12, 0, 34, 15, 10, 24, 35, 25, 33, 22, 23, 8, 29, 17, 26, 36, 32, 16, 37, 4, 7, 14, 11, 28]",3,0.0,0.0,0.0,0.0,0,5,3,0
smd,group23_evaluation,machine-3-8,tranad_official,1,4,23478,23781,"[5, 31, 6, 3, 27, 20, 18, 30, 19, 21, 2, 13, 9, 1, 12, 0, 34, 15, 10, 24, 35, 25, 33, 22, 23, 8, 29, 17, 26, 36, 32, 16, 37, 4, 7, 14, 11, 28]",5,0.0,0.0,0.0,0.0,0,5,5,0
smd,group23_evaluation,machine-3-8,tranad_official,1,5,28253,28270,"[5, 6, 9, 13, 12, 22, 25, 34, 23, 35, 31, 15, 10, 33, 3, 1, 8, 2, 0, 21, 26, 19, 20, 37, 27, 32, 30, 17, 7, 18, 36, 24, 4, 28, 16, 11, 29, 14]",1,0.0,0.0,0.0,0.0,0,3,1,0
smd,group23_evaluation,machine-3-8,tranad_official,1,5,28253,28270,"[5, 6, 9, 13, 12, 22, 25, 34, 23, 35, 31, 15, 10, 33, 3, 1, 8, 2, 0, 21, 26, 19, 20, 37, 27, 32, 30, 17, 7, 18, 36, 24, 4, 28, 16, 11, 29, 14]",3,0.3333333333333333,0.3333333333333333,0.3333333333333333,0.23463936301137822,1,3,3,1
smd,group23_evaluation,machine-3-8,tranad_official,1,5,28253,28270,"[5, 6, 9, 13, 12, 22, 25, 34, 23, 35, 31, 15, 10, 33, 3, 1, 8, 2, 0, 21, 26, 19, 20, 37, 27, 32, 30, 17, 7, 18, 36, 24, 4, 28, 16, 11, 29, 14]",5,0.4,0.6666666666666666,0.5,0.41618115554873086,1,3,5,2
smd,group23_evaluation,machine-3-8,tranad_official,2,0,15144,15266,"[3, 19, 18, 27, 30, 21, 20, 2, 1, 5, 6, 31, 0, 34, 13, 25, 24, 15, 10, 35, 12, 33, 16, 23, 8, 9, 22, 28, 29, 36, 14, 37, 17, 4, 11, 7, 32, 26]",1,1.0,0.08333333333333333,0.15384615384615385,1.0,1,12,1,1
smd,group23_evaluation,machine-3-8,tranad_official,2,0,15144,15266,"[3, 19, 18, 27, 30, 21, 20, 2, 1, 5, 6, 31, 0, 34, 13, 25, 24, 15, 10, 35, 12, 33, 16, 23, 8, 9, 22, 28, 29, 36, 14, 37, 17, 4, 11, 7, 32, 26]",3,1.0,0.25,0.4,1.0,1,12,3,3
smd,group23_evaluation,machine-3-8,tranad_official,2,0,15144,15266,"[3, 19, 18, 27, 30, 21, 20, 2, 1, 5, 6, 31, 0, 34, 13, 25, 24, 15, 10, 35, 12, 33, 16, 23, 8, 9, 22, 28, 29, 36, 14, 37, 17, 4, 11, 7, 32, 26]",5,1.0,0.4166666666666667,0.5882352941176471,1.0,1,12,5,5
smd,group23_evaluation,machine-3-8,tranad_official,2,1,15941,16514,"[31, 3, 18, 19, 20, 30, 27, 5, 21, 6, 2, 1, 34, 0, 13, 4, 36, 24, 15, 10, 35, 28, 16, 12, 25, 33, 23, 8, 29, 9, 14, 22, 37, 17, 11, 7, 32, 26]",1,0.0,0.0,0.0,0.0,0,11,1,0
smd,group23_evaluation,machine-3-8,tranad_official,2,1,15941,16514,"[31, 3, 18, 19, 20, 30, 27, 5, 21, 6, 2, 1, 34, 0, 13, 4, 36, 24, 15, 10, 35, 28, 16, 12, 25, 33, 23, 8, 29, 9, 14, 22, 37, 17, 11, 7, 32, 26]",3,0.6666666666666666,0.18181818181818182,0.28571428571428575,0.5307212739772434,1,11,3,2
smd,group23_evaluation,machine-3-8,tranad_official,2,1,15941,16514,"[31, 3, 18, 19, 20, 30, 27, 5, 21, 6, 2, 1, 34, 0, 13, 4, 36, 24, 15, 10, 35, 28, 16, 12, 25, 33, 23, 8, 29, 9, 14, 22, 37, 17, 11, 7, 32, 26]",5,0.8,0.36363636363636365,0.5000000000000001,0.6608397947263839,1,11,5,4
smd,group23_evaluation,machine-3-8,tranad_official,2,2,17063,17276,"[28, 31, 3, 20, 18, 19, 27, 30, 2, 21, 5, 1, 6, 25, 0, 34, 23, 4, 22, 35, 13, 36, 8, 16, 24, 11, 33, 37, 32, 15, 10, 14, 12, 9, 29, 17, 7, 26]",1,1.0,0.047619047619047616,0.0909090909090909,1.0,1,21,1,1
smd,group23_evaluation,machine-3-8,tranad_official,2,2,17063,17276,"[28, 31, 3, 20, 18, 19, 27, 30, 2, 21, 5, 1, 6, 25, 0, 34, 23, 4, 22, 35, 13, 36, 8, 16, 24, 11, 33, 37, 32, 15, 10, 14, 12, 9, 29, 17, 7, 26]",3,1.0,0.14285714285714285,0.25,1.0,1,21,3,3
smd,group23_evaluation,machine-3-8,tranad_official,2,2,17063,17276,"[28, 31, 3, 20, 18, 19, 27, 30, 2, 21, 5, 1, 6, 25, 0, 34, 23, 4, 22, 35, 13, 36, 8, 16, 24, 11, 33, 37, 32, 15, 10, 14, 12, 9, 29, 17, 7, 26]",5,1.0,0.23809523809523808,0.3846153846153846,1.0,1,21,5,5
smd,group23_evaluation,machine-3-8,tranad_official,2,3,21405,21548,"[5, 6, 13, 3, 31, 9, 35, 30, 2, 21, 20, 27, 18, 19, 34, 12, 1, 15, 10, 0, 23, 22, 33, 8, 14, 36, 29, 37, 4, 25, 16, 24, 26, 17, 7, 32, 28, 11]",1,0.0,0.0,0.0,0.0,0,4,1,0
smd,group23_evaluation,machine-3-8,tranad_official,2,3,21405,21548,"[5, 6, 13, 3, 31, 9, 35, 30, 2, 21, 20, 27, 18, 19, 34, 12, 1, 15, 10, 0, 23, 22, 33, 8, 14, 36, 29, 37, 4, 25, 16, 24, 26, 17, 7, 32, 28, 11]",3,0.0,0.0,0.0,0.0,0,4,3,0
smd,group23_evaluation,machine-3-8,tranad_official,2,3,21405,21548,"[5, 6, 13, 3, 31, 9, 35, 30, 2, 21, 20, 27, 18, 19, 34, 12, 1, 15, 10, 0, 23, 22, 33, 8, 14, 36, 29, 37, 4, 25, 16, 24, 26, 17, 7, 32, 28, 11]",5,0.0,0.0,0.0,0.0,0,4,5,0
smd,group23_evaluation,machine-3-8,tranad_official,2,4,23478,23781,"[5, 6, 31, 3, 30, 18, 19, 20, 21, 27, 2, 13, 9, 1, 35, 12, 0, 34, 15, 24, 23, 10, 33, 22, 8, 25, 14, 4, 36, 29, 16, 37, 26, 7, 32, 28, 17, 11]",1,0.0,0.0,0.0,0.0,0,5,1,0
smd,group23_evaluation,machine-3-8,tranad_official,2,4,23478,23781,"[5, 6, 31, 3, 30, 18, 19, 20, 21, 27, 2, 13, 9, 1, 35, 12, 0, 34, 15, 24, 23, 10, 33, 22, 8, 25, 14, 4, 36, 29, 16, 37, 26, 7, 32, 28, 17, 11]",3,0.0,0.0,0.0,0.0,0,5,3,0
smd,group23_evaluation,machine-3-8,tranad_official,2,4,23478,23781,"[5, 6, 31, 3, 30, 18, 19, 20, 21, 27, 2, 13, 9, 1, 35, 12, 0, 34, 15, 24, 23, 10, 33, 22, 8, 25, 14, 4, 36, 29, 16, 37, 26, 7, 32, 28, 17, 11]",5,0.0,0.0,0.0,0.0,0,5,5,0
smd,group23_evaluation,machine-3-8,tranad_official,2,5,28253,28270,"[5, 6, 9, 13, 12, 25, 22, 35, 34, 23, 31, 15, 10, 27, 2, 33, 8, 1, 19, 14, 37, 0, 3, 21, 7, 18, 26, 4, 30, 32, 36, 20, 29, 17, 28, 24, 11, 16]",1,0.0,0.0,0.0,0.0,0,3,1,0
smd,group23_evaluation,machine-3-8,tranad_official,2,5,28253,28270,"[5, 6, 9, 13, 12, 25, 22, 35, 34, 23, 31, 15, 10, 27, 2, 33, 8, 1, 19, 14, 37, 0, 3, 21, 7, 18, 26, 4, 30, 32, 36, 20, 29, 17, 28, 24, 11, 16]",3,0.3333333333333333,0.3333333333333333,0.3333333333333333,0.23463936301137822,1,3,3,1
smd,group23_evaluation,machine-3-8,tranad_official,2,5,28253,28270,"[5, 6, 9, 13, 12, 25, 22, 35, 34, 23, 31, 15, 10, 27, 2, 33, 8, 1, 19, 14, 37, 0, 3, 21, 7, 18, 26, 4, 30, 32, 36, 20, 29, 17, 28, 24, 11, 16]",5,0.4,0.6666666666666666,0.5,0.41618115554873086,1,3,5,2
smd,group23_evaluation,machine-3-9,tranad_official,0,0,1199,1230,"[25, 23, 5, 22, 31, 27, 21, 30, 18, 0, 20, 19, 1, 10, 11, 3, 35, 34, 14, 2, 32, 12, 8, 7, 15, 13, 6, 24, 29, 9, 4, 37, 33, 17, 36, 28, 26, 16]",1,1.0,0.08333333333333333,0.15384615384615385,1.0,1,12,1,1
smd,group23_evaluation,machine-3-9,tranad_official,0,0,1199,1230,"[25, 23, 5, 22, 31, 27, 21, 30, 18, 0, 20, 19, 1, 10, 11, 3, 35, 34, 14, 2, 32, 12, 8, 7, 15, 13, 6, 24, 29, 9, 4, 37, 33, 17, 36, 28, 26, 16]",3,0.6666666666666666,0.16666666666666666,0.26666666666666666,0.7653606369886217,1,12,3,2
smd,group23_evaluation,machine-3-9,tranad_official,0,0,1199,1230,"[25, 23, 5, 22, 31, 27, 21, 30, 18, 0, 20, 19, 1, 10, 11, 3, 35, 34, 14, 2, 32, 12, 8, 7, 15, 13, 6, 24, 29, 9, 4, 37, 33, 17, 36, 28, 26, 16]",5,0.8,0.3333333333333333,0.47058823529411764,0.830419897363192,1,12,5,4
smd,group23_evaluation,machine-3-9,tranad_official,0,1,5361,5487,"[26, 32, 33, 3, 2, 21, 13, 18, 25, 22, 0, 19, 20, 30, 6, 23, 1, 27, 11, 31, 15, 10, 14, 34, 35, 8, 12, 5, 24, 9, 28, 7, 17, 16, 4, 29, 37, 36]",1,1.0,0.3333333333333333,0.5,1.0,1,3,1,1
smd,group23_evaluation,machine-3-9,tranad_official,0,1,5361,5487,"[26, 32, 33, 3, 2, 21, 13, 18, 25, 22, 0, 19, 20, 30, 6, 23, 1, 27, 11, 31, 15, 10, 14, 34, 35, 8, 12, 5, 24, 9, 28, 7, 17, 16, 4, 29, 37, 36]",3,1.0,1.0,1.0,1.0,1,3,3,3
smd,group23_evaluation,machine-3-9,tranad_official,0,1,5361,5487,"[26, 32, 33, 3, 2, 21, 13, 18, 25, 22, 0, 19, 20, 30, 6, 23, 1, 27, 11, 31, 15, 10, 14, 34, 35, 8, 12, 5, 24, 9, 28, 7, 17, 16, 4, 29, 37, 36]",5,0.6,1.0,0.7499999999999999,1.0,1,3,5,3
smd,group23_evaluation,machine-3-9,tranad_official,0,2,10662,10707,"[35, 34, 2, 1, 3, 0, 27, 21, 20, 18, 23, 25, 33, 37, 5, 6, 10, 22, 30, 17, 11, 19, 31, 14, 8, 13, 12, 32, 15, 9, 28, 7, 26, 16, 24, 36, 4, 29]",1,1.0,0.07692307692307693,0.14285714285714288,1.0,1,13,1,1
smd,group23_evaluation,machine-3-9,tranad_official,0,2,10662,10707,"[35, 34, 2, 1, 3, 0, 27, 21, 20, 18, 23, 25, 33, 37, 5, 6, 10, 22, 30, 17, 11, 19, 31, 14, 8, 13, 12, 32, 15, 9, 28, 7, 26, 16, 24, 36, 4, 29]",3,1.0,0.23076923076923078,0.375,1.0,1,13,3,3
smd,group23_evaluation,machine-3-9,tranad_official,0,2,10662,10707,"[35, 34, 2, 1, 3, 0, 27, 21, 20, 18, 23, 25, 33, 37, 5, 6, 10, 22, 30, 17, 11, 19, 31, 14, 8, 13, 12, 32, 15, 9, 28, 7, 26, 16, 24, 36, 4, 29]",5,1.0,0.38461538461538464,0.5555555555555556,1.0,1,13,5,5
smd,group23_evaluation,machine-3-9,tranad_official,0,3,27849,27950,"[35, 34, 3, 1, 2, 27, 20, 0, 21, 18, 30, 19, 23, 17, 22, 33, 25, 10, 11, 5, 7, 37, 14, 13, 6, 31, 9, 12, 8, 32, 15, 24, 29, 26, 16, 28, 4, 36]",1,1.0,0.0625,0.11764705882352941,1.0,1,16,1,1
smd,group23_evaluation,machine-3-9,tranad_official,0,3,27849,27950,"[35, 34, 3, 1, 2, 27, 20, 0, 21, 18, 30, 19, 23, 17, 22, 33, 25, 10, 11, 5, 7, 37, 14, 13, 6, 31, 9, 12, 8, 32, 15, 24, 29, 26, 16, 28, 4, 36]",3,1.0,0.1875,0.3157894736842105,1.0,1,16,3,3
smd,group23_evaluation,machine-3-9,tranad_official,0,3,27849,27950,"[35, 34, 3, 1, 2, 27, 20, 0, 21, 18, 30, 19, 23, 17, 22, 33, 25, 10, 11, 5, 7, 37, 14, 13, 6, 31, 9, 12, 8, 32, 15, 24, 29, 26, 16, 28, 4, 36]",5,1.0,0.3125,0.47619047619047616,1.0,1,16,5,5
smd,group23_evaluation,machine-3-9,tranad_official,1,0,1199,1230,"[25, 23, 22, 31, 5, 27, 30, 18, 21, 20, 0, 34, 19, 35, 1, 6, 3, 10, 11, 8, 13, 32, 12, 2, 14, 15, 33, 9, 36, 24, 7, 28, 37, 26, 16, 4, 17, 29]",1,1.0,0.08333333333333333,0.15384615384615385,1.0,1,12,1,1
smd,group23_evaluation,machine-3-9,tranad_official,1,0,1199,1230,"[25, 23, 22, 31, 5, 27, 30, 18, 21, 20, 0, 34, 19, 35, 1, 6, 3, 10, 11, 8, 13, 32, 12, 2, 14, 15, 33, 9, 36, 24, 7, 28, 37, 26, 16, 4, 17, 29]",3,1.0,0.25,0.4,1.0,1,12,3,3
smd,group23_evaluation,machine-3-9,tranad_official,1,0,1199,1230,"[25, 23, 22, 31, 5, 27, 30, 18, 21, 20, 0, 34, 19, 35, 1, 6, 3, 10, 11, 8, 13, 32, 12, 2, 14, 15, 33, 9, 36, 24, 7, 28, 37, 26, 16, 4, 17, 29]",5,0.8,0.3333333333333333,0.47058823529411764,0.8687949224876582,1,12,5,4
smd,group23_evaluation,machine-3-9,tranad_official,1,1,5361,5487,"[26, 32, 33, 5, 3, 2, 18, 30, 20, 22, 1, 21, 27, 0, 19, 6, 31, 23, 10, 25, 35, 11, 34, 14, 13, 8, 12, 15, 24, 9, 36, 16, 28, 29, 4, 7, 17, 37]",1,1.0,0.3333333333333333,0.5,1.0,1,3,1,1
smd,group23_evaluation,machine-3-9,tranad_official,1,1,5361,5487,"[26, 32, 33, 5, 3, 2, 18, 30, 20, 22, 1, 21, 27, 0, 19, 6, 31, 23, 10, 25, 35, 11, 34, 14, 13, 8, 12, 15, 24, 9, 36, 16, 28, 29, 4, 7, 17, 37]",3,1.0,1.0,1.0,1.0,1,3,3,3
smd,group23_evaluation,machine-3-9,tranad_official,1,1,5361,5487,"[26, 32, 33, 5, 3, 2, 18, 30, 20, 22, 1, 21, 27, 0, 19, 6, 31, 23, 10, 25, 35, 11, 34, 14, 13, 8, 12, 15, 24, 9, 36, 16, 28, 29, 4, 7, 17, 37]",5,0.6,1.0,0.7499999999999999,1.0,1,3,5,3
smd,group23_evaluation,machine-3-9,tranad_official,1,2,10662,10707,"[34, 35, 3, 1, 2, 0, 27, 23, 20, 30, 33, 26, 8, 6, 18, 13, 16, 19, 21, 11, 14, 5, 29, 25, 22, 31, 7, 24, 10, 32, 15, 12, 9, 28, 17, 4, 36, 37]",1,1.0,0.07692307692307693,0.14285714285714288,1.0,1,13,1,1
smd,group23_evaluation,machine-3-9,tranad_official,1,2,10662,10707,"[34, 35, 3, 1, 2, 0, 27, 23, 20, 30, 33, 26, 8, 6, 18, 13, 16, 19, 21, 11, 14, 5, 29, 25, 22, 31, 7, 24, 10, 32, 15, 12, 9, 28, 17, 4, 36, 37]",3,1.0,0.23076923076923078,0.375,1.0,1,13,3,3
smd,group23_evaluation,machine-3-9,tranad_official,1,2,10662,10707,"[34, 35, 3, 1, 2, 0, 27, 23, 20, 30, 33, 26, 8, 6, 18, 13, 16, 19, 21, 11, 14, 5, 29, 25, 22, 31, 7, 24, 10, 32, 15, 12, 9, 28, 17, 4, 36, 37]",5,1.0,0.38461538461538464,0.5555555555555556,1.0,1,13,5,5
smd,group23_evaluation,machine-3-9,tranad_official,1,3,27849,27950,"[34, 35, 3, 2, 1, 27, 20, 0, 19, 30, 18, 21, 23, 7, 26, 29, 33, 25, 24, 9, 8, 4, 15, 14, 28, 16, 32, 37, 13, 12, 6, 11, 31, 10, 22, 5, 17, 36]",1,1.0,0.0625,0.11764705882352941,1.0,1,16,1,1
smd,group23_evaluation,machine-3-9,tranad_official,1,3,27849,27950,"[34, 35, 3, 2, 1, 27, 20, 0, 19, 30, 18, 21, 23, 7, 26, 29, 33, 25, 24, 9, 8, 4, 15, 14, 28, 16, 32, 37, 13, 12, 6, 11, 31, 10, 22, 5, 17, 36]",3,1.0,0.1875,0.3157894736842105,1.0,1,16,3,3
smd,group23_evaluation,machine-3-9,tranad_official,1,3,27849,27950,"[34, 35, 3, 2, 1, 27, 20, 0, 19, 30, 18, 21, 23, 7, 26, 29, 33, 25, 24, 9, 8, 4, 15, 14, 28, 16, 32, 37, 13, 12, 6, 11, 31, 10, 22, 5, 17, 36]",5,1.0,0.3125,0.47619047619047616,1.0,1,16,5,5
smd,group23_evaluation,machine-3-9,tranad_official,2,0,1199,1230,"[23, 25, 22, 5, 21, 18, 31, 27, 0, 30, 35, 20, 19, 14, 11, 34, 10, 1, 6, 13, 3, 8, 2, 32, 12, 15, 24, 7, 33, 37, 9, 26, 17, 28, 36, 29, 16, 4]",1,1.0,0.08333333333333333,0.15384615384615385,1.0,1,12,1,1
smd,group23_evaluation,machine-3-9,tranad_official,2,0,1199,1230,"[23, 25, 22, 5, 21, 18, 31, 27, 0, 30, 35, 20, 19, 14, 11, 34, 10, 1, 6, 13, 3, 8, 2, 32, 12, 15, 24, 7, 33, 37, 9, 26, 17, 28, 36, 29, 16, 4]",3,1.0,0.25,0.4,1.0,1,12,3,3
smd,group23_evaluation,machine-3-9,tranad_official,2,0,1199,1230,"[23, 25, 22, 5, 21, 18, 31, 27, 0, 30, 35, 20, 19, 14, 11, 34, 10, 1, 6, 13, 3, 8, 2, 32, 12, 15, 24, 7, 33, 37, 9, 26, 17, 28, 36, 29, 16, 4]",5,0.8,0.3333333333333333,0.47058823529411764,0.8539316501572937,1,12,5,4
smd,group23_evaluation,machine-3-9,tranad_official,2,1,5361,5487,"[26, 32, 25, 33, 14, 17, 10, 35, 7, 31, 23, 28, 34, 6, 2, 3, 22, 1, 21, 18, 27, 30, 0, 20, 19, 4, 29, 12, 9, 36, 37, 11, 13, 5, 16, 8, 15, 24]",1,1.0,0.3333333333333333,0.5,1.0,1,3,1,1
smd,group23_evaluation,machine-3-9,tranad_official,2,1,5361,5487,"[26, 32, 25, 33, 14, 17, 10, 35, 7, 31, 23, 28, 34, 6, 2, 3, 22, 1, 21, 18, 27, 30, 0, 20, 19, 4, 29, 12, 9, 36, 37, 11, 13, 5, 16, 8, 15, 24]",3,0.6666666666666666,0.6666666666666666,0.6666666666666666,0.7653606369886217,1,3,3,2
smd,group23_evaluation,machine-3-9,tranad_official,2,1,5361,5487,"[26, 32, 25, 33, 14, 17, 10, 35, 7, 31, 23, 28, 34, 6, 2, 3, 22, 1, 21, 18, 27, 30, 0, 20, 19, 4, 29, 12, 9, 36, 37, 11, 13, 5, 16, 8, 15, 24]",5,0.6,1.0,0.7499999999999999,0.9674679834891693,1,3,5,3
smd,group23_evaluation,machine-3-9,tranad_official,2,2,10662,10707,"[35, 34, 2, 1, 3, 0, 27, 30, 21, 20, 18, 25, 5, 6, 22, 19, 31, 23, 8, 33, 11, 14, 10, 13, 32, 26, 12, 15, 9, 16, 24, 36, 29, 4, 28, 17, 37, 7]",1,1.0,0.07692307692307693,0.14285714285714288,1.0,1,13,1,1
smd,group23_evaluation,machine-3-9,tranad_official,2,2,10662,10707,"[35, 34, 2, 1, 3, 0, 27, 30, 21, 20, 18, 25, 5, 6, 22, 19, 31, 23, 8, 33, 11, 14, 10, 13, 32, 26, 12, 15, 9, 16, 24, 36, 29, 4, 28, 17, 37, 7]",3,1.0,0.23076923076923078,0.375,1.0,1,13,3,3
smd,group23_evaluation,machine-3-9,tranad_official,2,2,10662,10707,"[35, 34, 2, 1, 3, 0, 27, 30, 21, 20, 18, 25, 5, 6, 22, 19, 31, 23, 8, 33, 11, 14, 10, 13, 32, 26, 12, 15, 9, 16, 24, 36, 29, 4, 28, 17, 37, 7]",5,1.0,0.38461538461538464,0.5555555555555556,1.0,1,13,5,5
smd,group23_evaluation,machine-3-9,tranad_official,2,3,27849,27950,"[35, 34, 3, 2, 1, 27, 0, 30, 20, 21, 19, 18, 25, 22, 5, 11, 14, 6, 23, 13, 31, 9, 12, 8, 10, 32, 15, 33, 24, 29, 16, 36, 28, 17, 4, 37, 7, 26]",1,1.0,0.0625,0.11764705882352941,1.0,1,16,1,1
smd,group23_evaluation,machine-3-9,tranad_official,2,3,27849,27950,"[35, 34, 3, 2, 1, 27, 0, 30, 20, 21, 19, 18, 25, 22, 5, 11, 14, 6, 23, 13, 31, 9, 12, 8, 10, 32, 15, 33, 24, 29, 16, 36, 28, 17, 4, 37, 7, 26]",3,1.0,0.1875,0.3157894736842105,1.0,1,16,3,3
smd,group23_evaluation,machine-3-9,tranad_official,2,3,27849,27950,"[35, 34, 3, 2, 1, 27, 0, 30, 20, 21, 19, 18, 25, 22, 5, 11, 14, 6, 23, 13, 31, 9, 12, 8, 10, 32, 15, 33, 24, 29, 16, 36, 28, 17, 4, 37, 7, 26]",5,1.0,0.3125,0.47619047619047616,1.0,1,16,5,5
