method,item,class,start,score,threshold,reject,unknown_truth
aec_prototype_strict,d00,0,0,1.0,1.0,False,False
aec_prototype_strict,d00,0,64,0.5714285714285714,1.0,False,False
aec_prototype_strict,d00,0,128,1.0,1.0,False,False
aec_prototype_strict,d00,0,192,0.5714285714285714,1.0,False,False
aec_prototype_strict,d00,0,256,1.0,1.0,False,False
aec_prototype_strict,d00,0,320,1.0,1.0,False,False
aec_prototype_strict,d00,0,384,1.0,1.0,False,False
aec_prototype_strict,d00,0,448,0.2222222222222222,1.0,False,False
aec_prototype_strict,d00,0,512,0.6666666666666666,1.0,False,False
aec_prototype_strict,d00,0,576,0.125,1.0,False,False
aec_prototype_strict,d00,0,640,1.0,1.0,False,False
aec_prototype_strict,d00,0,704,1.0,1.0,False,False
aec_prototype_strict,d00,0,768,0.39285714285714285,1.0,False,False
aec_prototype_strict,d00,0,832,0.4,1.0,False,False
aec_prototype_strict,d00,0,896,0.0,1.0,False,False
aec_prototype_strict,d01,1,160,0.4,1.0,False,False
aec_prototype_strict,d01,1,224,0.4095238095238095,1.0,False,False
aec_prototype_strict,d01,1,288,0.41379310344827586,1.0,False,False
aec_prototype_strict,d01,1,352,0.3541666666666667,1.0,False,False
aec_prototype_strict,d01,1,416,0.2698412698412698,1.0,False,False
aec_prototype_strict,d01,1,480,0.45,1.0,False,False
aec_prototype_strict,d01,1,544,0.6,1.0,False,False
aec_prototype_strict,d01,1,608,0.782608695652174,1.0,False,False
aec_prototype_strict,d01,1,672,0.575,1.0,False,False
aec_prototype_strict,d01,1,736,0.8,1.0,False,False
aec_prototype_strict,d01,1,800,0.5588235294117647,1.0,False,False
aec_prototype_strict,d01,1,864,0.2553191489361702,1.0,False,False
aec_prototype_strict,d02,2,160,1.0,1.0,False,False
aec_prototype_strict,d02,2,224,0.34444444444444444,1.0,False,False
aec_prototype_strict,d02,2,288,0.9166666666666666,1.0,False,False
aec_prototype_strict,d02,2,352,0.7288135593220338,1.0,False,False
aec_prototype_strict,d02,2,416,0.8780487804878049,1.0,False,False
aec_prototype_strict,d02,2,480,0.9696969696969697,1.0,False,False
aec_prototype_strict,d02,2,544,0.9696969696969697,1.0,False,False
aec_prototype_strict,d02,2,608,0.9705882352941176,1.0,False,False
aec_prototype_strict,d02,2,672,0.8918918918918919,1.0,False,False
aec_prototype_strict,d02,2,736,0.8947368421052632,1.0,False,False
aec_prototype_strict,d02,2,800,0.6136363636363636,1.0,False,False
aec_prototype_strict,d02,2,864,0.972972972972973,1.0,False,False
aec_prototype_strict,d03,3,160,0.5806451612903226,1.0,False,False
aec_prototype_strict,d03,3,224,1.0,1.0,False,False
aec_prototype_strict,d03,3,288,1.0,1.0,False,False
aec_prototype_strict,d03,3,352,1.0,1.0,False,False
aec_prototype_strict,d03,3,416,1.0,1.0,False,False
aec_prototype_strict,d03,3,480,0.375,1.0,False,False
aec_prototype_strict,d03,3,544,0.36363636363636365,1.0,False,False
aec_prototype_strict,d03,3,608,0.375,1.0,False,False
aec_prototype_strict,d03,3,672,1.0,1.0,False,False
aec_prototype_strict,d03,3,736,1.0,1.0,False,False
aec_prototype_strict,d03,3,800,0.6923076923076923,1.0,False,False
aec_prototype_strict,d03,3,864,0.7857142857142857,1.0,False,False
aec_prototype_strict,d04,4,160,0.6923076923076923,1.0,False,False
aec_prototype_strict,d04,4,224,0.38235294117647056,1.0,False,False
aec_prototype_strict,d04,4,288,0.0,1.0,False,False
aec_prototype_strict,d04,4,352,0.9,1.0,False,False
aec_prototype_strict,d04,4,416,0.625,1.0,False,False
aec_prototype_strict,d04,4,480,0.9545454545454546,1.0,False,False
aec_prototype_strict,d04,4,544,0.6363636363636364,1.0,False,False
aec_prototype_strict,d04,4,608,0.7272727272727273,1.0,False,False
aec_prototype_strict,d04,4,672,0.5333333333333333,1.0,False,False
aec_prototype_strict,d04,4,736,0.3333333333333333,1.0,False,False
aec_prototype_strict,d04,4,800,0.3333333333333333,1.0,False,False
aec_prototype_strict,d04,4,864,0.2727272727272727,1.0,False,False
aec_prototype_strict,d05,5,160,0.3902439024390244,1.0,False,False
aec_prototype_strict,d05,5,224,0.05454545454545454,1.0,False,False
aec_prototype_strict,d05,5,288,0.045454545454545456,1.0,False,False
aec_prototype_strict,d05,5,352,1.0,1.0,False,False
aec_prototype_strict,d05,5,416,1.0,1.0,False,False
aec_prototype_strict,d05,5,480,1.0,1.0,False,False
aec_prototype_strict,d05,5,544,1.0,1.0,False,False
aec_prototype_strict,d05,5,608,1.0,1.0,False,False
aec_prototype_strict,d05,5,672,1.0,1.0,False,False
aec_prototype_strict,d05,5,736,1.0,1.0,False,False
aec_prototype_strict,d05,5,800,1.0,1.0,False,False
aec_prototype_strict,d05,5,864,0.5,1.0,False,False
aec_prototype_strict,d06,6,160,0.6555555555555556,1.0,False,False
aec_prototype_strict,d06,6,224,0.3333333333333333,1.0,False,False
aec_prototype_strict,d06,6,288,0.9404761904761905,1.0,False,False
aec_prototype_strict,d06,6,352,0.9418604651162791,1.0,False,False
aec_prototype_strict,d06,6,416,0.9411764705882353,1.0,False,False
aec_prototype_strict,d06,6,480,0.9186046511627907,1.0,False,False
aec_prototype_strict,d06,6,544,0.927710843373494,1.0,False,False
aec_prototype_strict,d06,6,608,0.9382716049382716,1.0,False,False
aec_prototype_strict,d06,6,672,0.9397590361445783,1.0,False,False
aec_prototype_strict,d06,6,736,0.927710843373494,1.0,False,False
aec_prototype_strict,d06,6,800,0.9404761904761905,1.0,False,False
aec_prototype_strict,d06,6,864,0.926829268292683,1.0,False,False
aec_prototype_strict,d07,7,160,0.4380952380952381,1.0,False,False
aec_prototype_strict,d07,7,224,0.42857142857142855,1.0,False,False
aec_prototype_strict,d07,7,288,0.3655913978494624,1.0,False,False
aec_prototype_strict,d07,7,352,0.3253012048192771,1.0,False,False
aec_prototype_strict,d07,7,416,0.3076923076923077,1.0,False,False
aec_prototype_strict,d07,7,480,0.2619047619047619,1.0,False,False
aec_prototype_strict,d07,7,544,0.23529411764705882,1.0,False,False
aec_prototype_strict,d07,7,608,0.4642857142857143,1.0,False,False
aec_prototype_strict,d07,7,672,1.0,1.0,False,False
aec_prototype_strict,d07,7,736,1.0,1.0,False,False
aec_prototype_strict,d07,7,800,1.0,1.0,False,False
aec_prototype_strict,d07,7,864,1.0,1.0,False,False
aec_prototype_strict,d08,8,160,1.0,1.0,False,False
aec_prototype_strict,d08,8,224,0.46236559139784944,1.0,False,False
aec_prototype_strict,d08,8,288,0.3925233644859813,1.0,False,False
aec_prototype_strict,d08,8,352,0.4583333333333333,1.0,False,False
aec_prototype_strict,d08,8,416,0.46601941747572817,1.0,False,False
aec_prototype_strict,d08,8,480,0.391304347826087,1.0,False,False
aec_prototype_strict,d08,8,544,0.3655913978494624,1.0,False,False
aec_prototype_strict,d08,8,608,0.32978723404255317,1.0,False,False
aec_prototype_strict,d08,8,672,0.3924050632911392,1.0,False,False
aec_prototype_strict,d08,8,736,0.3,1.0,False,False
aec_prototype_strict,d08,8,800,0.3855421686746988,1.0,False,False
aec_prototype_strict,d08,8,864,0.3979591836734694,1.0,False,False
aec_prototype_strict,d09,9,160,0.32,1.0,False,False
aec_prototype_strict,d09,9,224,0.3,1.0,False,False
aec_prototype_strict,d09,9,288,1.0,1.0,False,False
aec_prototype_strict,d09,9,352,0.3333333333333333,1.0,False,False
aec_prototype_strict,d09,9,416,0.45,1.0,False,False
aec_prototype_strict,d09,9,480,0.5,1.0,False,False
aec_prototype_strict,d09,9,544,0.38461538461538464,1.0,False,False
aec_prototype_strict,d09,9,608,1.0,1.0,False,False
aec_prototype_strict,d09,9,672,0.4375,1.0,False,False
aec_prototype_strict,d09,9,736,1.0,1.0,False,False
aec_prototype_strict,d09,9,800,0.3793103448275862,1.0,False,False
aec_prototype_strict,d09,9,864,0.6285714285714286,1.0,False,False
aec_prototype_strict,d10,10,160,0.4878048780487805,1.0,False,False
aec_prototype_strict,d10,10,224,0.07547169811320754,1.0,False,False
aec_prototype_strict,d10,10,288,0.5161290322580645,1.0,False,False
aec_prototype_strict,d10,10,352,0.0,1.0,False,False
aec_prototype_strict,d10,10,416,0.25,1.0,False,False
aec_prototype_strict,d10,10,480,1.0,1.0,False,False
aec_prototype_strict,d10,10,544,1.0,1.0,False,False
aec_prototype_strict,d10,10,608,0.2857142857142857,1.0,False,False
aec_prototype_strict,d10,10,672,0.8717948717948718,1.0,False,False
aec_prototype_strict,d10,10,736,0.19718309859154928,1.0,False,False
aec_prototype_strict,d10,10,800,0.22,1.0,False,False
aec_prototype_strict,d10,10,864,1.0,1.0,False,False
aec_prototype_strict,d11,11,160,1.0,1.0,False,False
aec_prototype_strict,d11,11,224,0.4666666666666667,1.0,False,False
aec_prototype_strict,d11,11,288,0.6,1.0,False,False
aec_prototype_strict,d11,11,352,0.10714285714285714,1.0,False,False
aec_prototype_strict,d11,11,416,0.6086956521739131,1.0,False,False
aec_prototype_strict,d11,11,480,0.16279069767441862,1.0,False,False
aec_prototype_strict,d11,11,544,0.6521739130434783,1.0,False,False
aec_prototype_strict,d11,11,608,0.4838709677419355,1.0,False,False
aec_prototype_strict,d11,11,672,1.0,1.0,False,False
aec_prototype_strict,d11,11,736,0.6666666666666666,1.0,False,False
aec_prototype_strict,d11,11,800,0.8181818181818182,1.0,False,False
aec_prototype_strict,d11,11,864,0.7142857142857143,1.0,False,False
aec_prototype_strict,d12,12,160,0.6417910447761194,1.0,False,False
aec_prototype_strict,d12,12,224,0.28378378378378377,1.0,False,False
aec_prototype_strict,d12,12,288,0.44329896907216493,1.0,False,False
aec_prototype_strict,d12,12,352,0.4430379746835443,1.0,False,False
aec_prototype_strict,d12,12,416,0.3394495412844037,1.0,False,False
aec_prototype_strict,d12,12,480,0.3875,1.0,False,False
aec_prototype_strict,d12,12,544,0.4230769230769231,1.0,False,False
aec_prototype_strict,d12,12,608,0.2976190476190476,1.0,False,False
aec_prototype_strict,d12,12,672,0.11016949152542373,1.0,False,False
aec_prototype_strict,d12,12,736,0.4017094017094017,1.0,False,False
aec_prototype_strict,d12,12,800,0.0975609756097561,1.0,False,False
aec_prototype_strict,d12,12,864,0.36538461538461536,1.0,False,False
aec_prototype_strict,d13,13,160,0.45614035087719296,1.0,False,False
aec_prototype_strict,d13,13,224,0.24390243902439024,1.0,False,False
aec_prototype_strict,d13,13,288,0.3466666666666667,1.0,False,False
aec_prototype_strict,d13,13,352,0.4117647058823529,1.0,False,False
aec_prototype_strict,d13,13,416,0.39622641509433965,1.0,False,False
aec_prototype_strict,d13,13,480,0.3958333333333333,1.0,False,False
aec_prototype_strict,d13,13,544,0.4056603773584906,1.0,False,False
aec_prototype_strict,d13,13,608,0.44881889763779526,1.0,False,False
aec_prototype_strict,d13,13,672,0.4112903225806452,1.0,False,False
aec_prototype_strict,d13,13,736,0.10833333333333334,1.0,False,False
aec_prototype_strict,d13,13,800,0.37398373983739835,1.0,False,False
aec_prototype_strict,d13,13,864,0.10317460317460317,1.0,False,False
aec_prototype_strict,d14,14,160,0.4375,1.0,False,False
aec_prototype_strict,d14,14,224,0.2222222222222222,1.0,False,False
aec_prototype_strict,d14,14,288,1.0,1.0,False,False
aec_prototype_strict,d14,14,352,0.16666666666666666,1.0,False,False
aec_prototype_strict,d14,14,416,1.0,1.0,False,False
aec_prototype_strict,d14,14,480,0.13043478260869565,1.0,False,False
aec_prototype_strict,d14,14,544,1.0,1.0,False,False
aec_prototype_strict,d14,14,608,0.0,1.0,False,False
aec_prototype_strict,d14,14,672,0.25,1.0,False,False
aec_prototype_strict,d14,14,736,1.0,1.0,False,False
aec_prototype_strict,d14,14,800,0.16666666666666666,1.0,False,False
aec_prototype_strict,d14,14,864,0.3333333333333333,1.0,False,False
aec_prototype_strict,d15,15,160,1.0,1.0,False,False
aec_prototype_strict,d15,15,224,0.375,1.0,False,False
aec_prototype_strict,d15,15,288,1.0,1.0,False,False
aec_prototype_strict,d15,15,352,1.0,1.0,False,False
aec_prototype_strict,d15,15,416,1.0,1.0,False,False
aec_prototype_strict,d15,15,480,1.0,1.0,False,False
aec_prototype_strict,d15,15,544,1.0,1.0,False,False
aec_prototype_strict,d15,15,608,1.0,1.0,False,False
aec_prototype_strict,d15,15,672,0.8571428571428571,1.0,False,False
aec_prototype_strict,d15,15,736,0.3958333333333333,1.0,False,False
aec_prototype_strict,d15,15,800,0.3,1.0,False,False
aec_prototype_strict,d15,15,864,0.5714285714285714,1.0,False,False
aec_prototype_strict,d16,16,160,0.4117647058823529,1.0,False,False
aec_prototype_strict,d16,16,224,0.125,1.0,False,False
aec_prototype_strict,d16,16,288,0.22727272727272727,1.0,False,False
aec_prototype_strict,d16,16,352,0.5405405405405406,1.0,False,False
aec_prototype_strict,d16,16,416,0.5217391304347826,1.0,False,False
aec_prototype_strict,d16,16,480,0.06451612903225806,1.0,False,False
aec_prototype_strict,d16,16,544,0.42857142857142855,1.0,False,False
aec_prototype_strict,d16,16,608,0.2692307692307692,1.0,False,False
aec_prototype_strict,d16,16,672,0.46153846153846156,1.0,False,False
aec_prototype_strict,d16,16,736,0.27586206896551724,1.0,False,False
aec_prototype_strict,d16,16,800,0.29411764705882354,1.0,False,False
aec_prototype_strict,d16,16,864,0.23636363636363636,1.0,False,False
aec_prototype_strict,d17,17,160,0.07142857142857142,1.0,False,False
aec_prototype_strict,d17,17,224,0.6666666666666666,1.0,False,False
aec_prototype_strict,d17,17,288,0.0,1.0,False,False
aec_prototype_strict,d17,17,352,0.2558139534883721,1.0,False,False
aec_prototype_strict,d17,17,416,0.3018867924528302,1.0,False,False
aec_prototype_strict,d17,17,480,0.3090909090909091,1.0,False,False
aec_prototype_strict,d17,17,544,0.4772727272727273,1.0,False,False
aec_prototype_strict,d17,17,608,0.3333333333333333,1.0,False,False
aec_prototype_strict,d17,17,672,0.2777777777777778,1.0,False,False
aec_prototype_strict,d17,17,736,0.18181818181818182,1.0,False,False
aec_prototype_strict,d17,17,800,0.35294117647058826,1.0,False,False
aec_prototype_strict,d17,17,864,0.7,1.0,False,False
aec_prototype_strict,d18,18,160,1.0,1.0,False,False
aec_prototype_strict,d18,18,224,0.49056603773584906,1.0,False,False
aec_prototype_strict,d18,18,288,0.11570247933884298,1.0,False,False
aec_prototype_strict,d18,18,352,0.18705035971223022,1.0,False,False
aec_prototype_strict,d18,18,416,1.0,1.0,False,False
aec_prototype_strict,d18,18,480,1.0,1.0,False,False
aec_prototype_strict,d18,18,544,1.0,1.0,False,False
aec_prototype_strict,d18,18,608,1.0,1.0,False,False
aec_prototype_strict,d18,18,672,1.0,1.0,False,False
aec_prototype_strict,d18,18,736,1.0,1.0,False,False
aec_prototype_strict,d18,18,800,1.0,1.0,False,False
aec_prototype_strict,d18,18,864,1.0,1.0,False,False
aec_prototype_strict,d19,19,160,0.0,1.0,False,False
aec_prototype_strict,d19,19,224,0.07692307692307693,1.0,False,False
aec_prototype_strict,d19,19,288,1.0,1.0,False,False
aec_prototype_strict,d19,19,352,0.25,1.0,False,False
aec_prototype_strict,d19,19,416,1.0,1.0,False,False
aec_prototype_strict,d19,19,480,1.0,1.0,False,False
aec_prototype_strict,d19,19,544,0.3076923076923077,1.0,False,False
aec_prototype_strict,d19,19,608,0.1,1.0,False,False
aec_prototype_strict,d19,19,672,1.0,1.0,False,False
aec_prototype_strict,d19,19,736,0.5,1.0,False,False
aec_prototype_strict,d19,19,800,1.0,1.0,False,False
aec_prototype_strict,d19,19,864,1.0,1.0,False,False
aec_prototype_strict,d20,20,160,1.0,1.0,False,False
aec_prototype_strict,d20,20,224,0.24324324324324326,1.0,False,False
aec_prototype_strict,d20,20,288,0.25,1.0,False,False
aec_prototype_strict,d20,20,352,0.7941176470588235,1.0,False,False
aec_prototype_strict,d20,20,416,0.41379310344827586,1.0,False,False
aec_prototype_strict,d20,20,480,0.5961538461538461,1.0,False,False
aec_prototype_strict,d20,20,544,0.20930232558139536,1.0,False,False
aec_prototype_strict,d20,20,608,0.39285714285714285,1.0,False,False
aec_prototype_strict,d20,20,672,1.0,1.0,False,False
aec_prototype_strict,d20,20,736,0.3103448275862069,1.0,False,False
aec_prototype_strict,d20,20,800,0.41025641025641024,1.0,False,False
aec_prototype_strict,d20,20,864,0.3958333333333333,1.0,False,False
aec_prototype_strict,d21,21,160,0.6,1.0,False,True
aec_prototype_strict,d21,21,224,0.4,1.0,False,True
aec_prototype_strict,d21,21,288,1.0,1.0,False,True
aec_prototype_strict,d21,21,352,1.0,1.0,False,True
aec_prototype_strict,d21,21,416,1.0,1.0,False,True
aec_prototype_strict,d21,21,480,0.5384615384615384,1.0,False,True
aec_prototype_strict,d21,21,544,0.5714285714285714,1.0,False,True
aec_prototype_strict,d21,21,608,0.4,1.0,False,True
aec_prototype_strict,d21,21,672,0.45,1.0,False,True
aec_prototype_strict,d21,21,736,0.625,1.0,False,True
aec_prototype_strict,d21,21,800,0.5,1.0,False,True
aec_prototype_strict,d21,21,864,0.5,1.0,False,True
aec_prototype_relaxed,d00,0,0,1.0,1.0,False,False
aec_prototype_relaxed,d00,0,64,0.5714285714285714,1.0,False,False
aec_prototype_relaxed,d00,0,128,1.0,1.0,False,False
aec_prototype_relaxed,d00,0,192,0.5714285714285714,1.0,False,False
aec_prototype_relaxed,d00,0,256,1.0,1.0,False,False
aec_prototype_relaxed,d00,0,320,0.6666666666666666,1.0,False,False
aec_prototype_relaxed,d00,0,384,0.3333333333333333,1.0,False,False
aec_prototype_relaxed,d00,0,448,0.2222222222222222,1.0,False,False
aec_prototype_relaxed,d00,0,512,0.3333333333333333,1.0,False,False
aec_prototype_relaxed,d00,0,576,0.125,1.0,False,False
aec_prototype_relaxed,d00,0,640,0.5,1.0,False,False
aec_prototype_relaxed,d00,0,704,0.8,1.0,False,False
aec_prototype_relaxed,d00,0,768,0.14285714285714285,1.0,False,False
aec_prototype_relaxed,d00,0,832,0.2,1.0,False,False
aec_prototype_relaxed,d00,0,896,0.0,1.0,False,False
aec_prototype_relaxed,d01,1,160,0.0,1.0,False,False
aec_prototype_relaxed,d01,1,224,0.0,1.0,False,False
aec_prototype_relaxed,d01,1,288,0.0,1.0,False,False
aec_prototype_relaxed,d01,1,352,0.0,1.0,False,False
aec_prototype_relaxed,d01,1,416,0.0,1.0,False,False
aec_prototype_relaxed,d01,1,480,0.05,1.0,False,False
aec_prototype_relaxed,d01,1,544,0.6,1.0,False,False
aec_prototype_relaxed,d01,1,608,0.7391304347826086,1.0,False,False
aec_prototype_relaxed,d01,1,672,0.175,1.0,False,False
aec_prototype_relaxed,d01,1,736,0.8,1.0,False,False
aec_prototype_relaxed,d01,1,800,0.5588235294117647,1.0,False,False
aec_prototype_relaxed,d01,1,864,0.0,1.0,False,False
aec_prototype_relaxed,d02,2,160,0.02857142857142857,1.0,False,False
aec_prototype_relaxed,d02,2,224,0.0,1.0,False,False
aec_prototype_relaxed,d02,2,288,0.0625,1.0,False,False
aec_prototype_relaxed,d02,2,352,0.1016949152542373,1.0,False,False
aec_prototype_relaxed,d02,2,416,0.0,1.0,False,False
aec_prototype_relaxed,d02,2,480,0.030303030303030304,1.0,False,False
aec_prototype_relaxed,d02,2,544,0.09090909090909091,1.0,False,False
aec_prototype_relaxed,d02,2,608,0.029411764705882353,1.0,False,False
aec_prototype_relaxed,d02,2,672,0.02702702702702703,1.0,False,False
aec_prototype_relaxed,d02,2,736,0.05263157894736842,1.0,False,False
aec_prototype_relaxed,d02,2,800,0.0,1.0,False,False
aec_prototype_relaxed,d02,2,864,0.0,1.0,False,False
aec_prototype_relaxed,d03,3,160,0.0,1.0,False,False
aec_prototype_relaxed,d03,3,224,0.0,1.0,False,False
aec_prototype_relaxed,d03,3,288,0.5625,1.0,False,False
aec_prototype_relaxed,d03,3,352,1.0,1.0,False,False
aec_prototype_relaxed,d03,3,416,0.42857142857142855,1.0,False,False
aec_prototype_relaxed,d03,3,480,0.08333333333333333,1.0,False,False
aec_prototype_relaxed,d03,3,544,0.0,1.0,False,False
aec_prototype_relaxed,d03,3,608,0.375,1.0,False,False
aec_prototype_relaxed,d03,3,672,0.5714285714285714,1.0,False,False
aec_prototype_relaxed,d03,3,736,1.0,1.0,False,False
aec_prototype_relaxed,d03,3,800,0.3076923076923077,1.0,False,False
aec_prototype_relaxed,d03,3,864,0.5714285714285714,1.0,False,False
aec_prototype_relaxed,d04,4,160,0.07692307692307693,1.0,False,False
aec_prototype_relaxed,d04,4,224,0.029411764705882353,1.0,False,False
aec_prototype_relaxed,d04,4,288,0.0,1.0,False,False
aec_prototype_relaxed,d04,4,352,0.9,1.0,False,False
aec_prototype_relaxed,d04,4,416,0.3125,1.0,False,False
aec_prototype_relaxed,d04,4,480,0.9545454545454546,1.0,False,False
aec_prototype_relaxed,d04,4,544,0.2727272727272727,1.0,False,False
aec_prototype_relaxed,d04,4,608,0.7272727272727273,1.0,False,False
aec_prototype_relaxed,d04,4,672,0.3333333333333333,1.0,False,False
aec_prototype_relaxed,d04,4,736,0.1111111111111111,1.0,False,False
aec_prototype_relaxed,d04,4,800,0.2222222222222222,1.0,False,False
aec_prototype_relaxed,d04,4,864,0.0,1.0,False,False
aec_prototype_relaxed,d05,5,160,0.0,1.0,False,False
aec_prototype_relaxed,d05,5,224,0.01818181818181818,1.0,False,False
aec_prototype_relaxed,d05,5,288,0.0,1.0,False,False
aec_prototype_relaxed,d05,5,352,0.0,1.0,False,False
aec_prototype_relaxed,d05,5,416,0.1891891891891892,1.0,False,False
aec_prototype_relaxed,d05,5,480,1.0,1.0,False,False
aec_prototype_relaxed,d05,5,544,0.375,1.0,False,False
aec_prototype_relaxed,d05,5,608,1.0,1.0,False,False
aec_prototype_relaxed,d05,5,672,0.75,1.0,False,False
aec_prototype_relaxed,d05,5,736,0.42857142857142855,1.0,False,False
aec_prototype_relaxed,d05,5,800,0.7,1.0,False,False
aec_prototype_relaxed,d05,5,864,0.2,1.0,False,False
aec_prototype_relaxed,d06,6,160,0.0,1.0,False,False
aec_prototype_relaxed,d06,6,224,0.0,1.0,False,False
aec_prototype_relaxed,d06,6,288,0.011904761904761904,1.0,False,False
aec_prototype_relaxed,d06,6,352,0.023255813953488372,1.0,False,False
aec_prototype_relaxed,d06,6,416,0.03529411764705882,1.0,False,False
aec_prototype_relaxed,d06,6,480,0.05813953488372093,1.0,False,False
aec_prototype_relaxed,d06,6,544,0.03614457831325301,1.0,False,False
aec_prototype_relaxed,d06,6,608,0.037037037037037035,1.0,False,False
aec_prototype_relaxed,d06,6,672,0.04819277108433735,1.0,False,False
aec_prototype_relaxed,d06,6,736,0.03614457831325301,1.0,False,False
aec_prototype_relaxed,d06,6,800,0.03571428571428571,1.0,False,False
aec_prototype_relaxed,d06,6,864,0.036585365853658534,1.0,False,False
aec_prototype_relaxed,d07,7,160,0.0,1.0,False,False
aec_prototype_relaxed,d07,7,224,0.0,1.0,False,False
aec_prototype_relaxed,d07,7,288,0.0,1.0,False,False
aec_prototype_relaxed,d07,7,352,0.0,1.0,False,False
aec_prototype_relaxed,d07,7,416,0.015384615384615385,1.0,False,False
aec_prototype_relaxed,d07,7,480,0.0,1.0,False,False
aec_prototype_relaxed,d07,7,544,0.17647058823529413,1.0,False,False
aec_prototype_relaxed,d07,7,608,0.10714285714285714,1.0,False,False
aec_prototype_relaxed,d07,7,672,1.0,1.0,False,False
aec_prototype_relaxed,d07,7,736,0.4,1.0,False,False
aec_prototype_relaxed,d07,7,800,0.25,1.0,False,False
aec_prototype_relaxed,d07,7,864,0.6666666666666666,1.0,False,False
aec_prototype_relaxed,d08,8,160,0.0,1.0,False,False
aec_prototype_relaxed,d08,8,224,0.0,1.0,False,False
aec_prototype_relaxed,d08,8,288,0.0,1.0,False,False
aec_prototype_relaxed,d08,8,352,0.0,1.0,False,False
aec_prototype_relaxed,d08,8,416,0.0,1.0,False,False
aec_prototype_relaxed,d08,8,480,0.0,1.0,False,False
aec_prototype_relaxed,d08,8,544,0.0,1.0,False,False
aec_prototype_relaxed,d08,8,608,0.0,1.0,False,False
aec_prototype_relaxed,d08,8,672,0.0,1.0,False,False
aec_prototype_relaxed,d08,8,736,0.0,1.0,False,False
aec_prototype_relaxed,d08,8,800,0.0,1.0,False,False
aec_prototype_relaxed,d08,8,864,0.0,1.0,False,False
aec_prototype_relaxed,d09,9,160,0.0,1.0,False,False
aec_prototype_relaxed,d09,9,224,0.2,1.0,False,False
aec_prototype_relaxed,d09,9,288,0.0,1.0,False,False
aec_prototype_relaxed,d09,9,352,0.3333333333333333,1.0,False,False
aec_prototype_relaxed,d09,9,416,0.2,1.0,False,False
aec_prototype_relaxed,d09,9,480,0.2857142857142857,1.0,False,False
aec_prototype_relaxed,d09,9,544,0.38461538461538464,1.0,False,False
aec_prototype_relaxed,d09,9,608,0.35,1.0,False,False
aec_prototype_relaxed,d09,9,672,0.4375,1.0,False,False
aec_prototype_relaxed,d09,9,736,0.7222222222222222,1.0,False,False
aec_prototype_relaxed,d09,9,800,0.034482758620689655,1.0,False,False
aec_prototype_relaxed,d09,9,864,0.02857142857142857,1.0,False,False
aec_prototype_relaxed,d10,10,160,0.0,1.0,False,False
aec_prototype_relaxed,d10,10,224,0.0,1.0,False,False
aec_prototype_relaxed,d10,10,288,0.16129032258064516,1.0,False,False
aec_prototype_relaxed,d10,10,352,0.0,1.0,False,False
aec_prototype_relaxed,d10,10,416,0.25,1.0,False,False
aec_prototype_relaxed,d10,10,480,0.5,1.0,False,False
aec_prototype_relaxed,d10,10,544,0.17391304347826086,1.0,False,False
aec_prototype_relaxed,d10,10,608,0.0,1.0,False,False
aec_prototype_relaxed,d10,10,672,0.0,1.0,False,False
aec_prototype_relaxed,d10,10,736,0.0,1.0,False,False
aec_prototype_relaxed,d10,10,800,0.0,1.0,False,False
aec_prototype_relaxed,d10,10,864,0.6666666666666666,1.0,False,False
aec_prototype_relaxed,d11,11,160,0.14285714285714285,1.0,False,False
aec_prototype_relaxed,d11,11,224,0.2,1.0,False,False
aec_prototype_relaxed,d11,11,288,0.08571428571428572,1.0,False,False
aec_prototype_relaxed,d11,11,352,0.03571428571428571,1.0,False,False
aec_prototype_relaxed,d11,11,416,0.2391304347826087,1.0,False,False
aec_prototype_relaxed,d11,11,480,0.13953488372093023,1.0,False,False
aec_prototype_relaxed,d11,11,544,0.043478260869565216,1.0,False,False
aec_prototype_relaxed,d11,11,608,0.1935483870967742,1.0,False,False
aec_prototype_relaxed,d11,11,672,0.0,1.0,False,False
aec_prototype_relaxed,d11,11,736,0.0,1.0,False,False
aec_prototype_relaxed,d11,11,800,0.36363636363636365,1.0,False,False
aec_prototype_relaxed,d11,11,864,0.14285714285714285,1.0,False,False
aec_prototype_relaxed,d12,12,160,0.0,1.0,False,False
aec_prototype_relaxed,d12,12,224,0.0,1.0,False,False
aec_prototype_relaxed,d12,12,288,0.0,1.0,False,False
aec_prototype_relaxed,d12,12,352,0.0,1.0,False,False
aec_prototype_relaxed,d12,12,416,0.0,1.0,False,False
aec_prototype_relaxed,d12,12,480,0.0,1.0,False,False
aec_prototype_relaxed,d12,12,544,0.02564102564102564,1.0,False,False
aec_prototype_relaxed,d12,12,608,0.0,1.0,False,False
aec_prototype_relaxed,d12,12,672,0.0,1.0,False,False
aec_prototype_relaxed,d12,12,736,0.0,1.0,False,False
aec_prototype_relaxed,d12,12,800,0.016260162601626018,1.0,False,False
aec_prototype_relaxed,d12,12,864,0.0,1.0,False,False
aec_prototype_relaxed,d13,13,160,0.07017543859649122,1.0,False,False
aec_prototype_relaxed,d13,13,224,0.012195121951219513,1.0,False,False
aec_prototype_relaxed,d13,13,288,0.0,1.0,False,False
aec_prototype_relaxed,d13,13,352,0.0,1.0,False,False
aec_prototype_relaxed,d13,13,416,0.0,1.0,False,False
aec_prototype_relaxed,d13,13,480,0.0,1.0,False,False
aec_prototype_relaxed,d13,13,544,0.0,1.0,False,False
aec_prototype_relaxed,d13,13,608,0.0,1.0,False,False
aec_prototype_relaxed,d13,13,672,0.016129032258064516,1.0,False,False
aec_prototype_relaxed,d13,13,736,0.0,1.0,False,False
aec_prototype_relaxed,d13,13,800,0.024390243902439025,1.0,False,False
aec_prototype_relaxed,d13,13,864,0.015873015873015872,1.0,False,False
aec_prototype_relaxed,d14,14,160,0.125,1.0,False,False
aec_prototype_relaxed,d14,14,224,0.1111111111111111,1.0,False,False
aec_prototype_relaxed,d14,14,288,0.0,1.0,False,False
aec_prototype_relaxed,d14,14,352,0.0,1.0,False,False
aec_prototype_relaxed,d14,14,416,0.09090909090909091,1.0,False,False
aec_prototype_relaxed,d14,14,480,0.0,1.0,False,False
aec_prototype_relaxed,d14,14,544,0.1,1.0,False,False
aec_prototype_relaxed,d14,14,608,0.0,1.0,False,False
aec_prototype_relaxed,d14,14,672,0.0,1.0,False,False
aec_prototype_relaxed,d14,14,736,0.2222222222222222,1.0,False,False
aec_prototype_relaxed,d14,14,800,0.1111111111111111,1.0,False,False
aec_prototype_relaxed,d14,14,864,0.05555555555555555,1.0,False,False
aec_prototype_relaxed,d15,15,160,1.0,1.0,False,False
aec_prototype_relaxed,d15,15,224,0.375,1.0,False,False
aec_prototype_relaxed,d15,15,288,1.0,1.0,False,False
aec_prototype_relaxed,d15,15,352,1.0,1.0,False,False
aec_prototype_relaxed,d15,15,416,0.0,1.0,False,False
aec_prototype_relaxed,d15,15,480,0.3333333333333333,1.0,False,False
aec_prototype_relaxed,d15,15,544,0.06666666666666667,1.0,False,False
aec_prototype_relaxed,d15,15,608,0.5625,1.0,False,False
aec_prototype_relaxed,d15,15,672,0.0,1.0,False,False
aec_prototype_relaxed,d15,15,736,0.0,1.0,False,False
aec_prototype_relaxed,d15,15,800,0.0,1.0,False,False
aec_prototype_relaxed,d15,15,864,0.35714285714285715,1.0,False,False
aec_prototype_relaxed,d16,16,160,0.11764705882352941,1.0,False,False
aec_prototype_relaxed,d16,16,224,0.125,1.0,False,False
aec_prototype_relaxed,d16,16,288,0.045454545454545456,1.0,False,False
aec_prototype_relaxed,d16,16,352,0.02702702702702703,1.0,False,False
aec_prototype_relaxed,d16,16,416,0.34782608695652173,1.0,False,False
aec_prototype_relaxed,d16,16,480,0.06451612903225806,1.0,False,False
aec_prototype_relaxed,d16,16,544,0.0,1.0,False,False
aec_prototype_relaxed,d16,16,608,0.11538461538461539,1.0,False,False
aec_prototype_relaxed,d16,16,672,0.46153846153846156,1.0,False,False
aec_prototype_relaxed,d16,16,736,0.0,1.0,False,False
aec_prototype_relaxed,d16,16,800,0.0,1.0,False,False
aec_prototype_relaxed,d16,16,864,0.0,1.0,False,False
aec_prototype_relaxed,d17,17,160,0.0,1.0,False,False
aec_prototype_relaxed,d17,17,224,0.16666666666666666,1.0,False,False
aec_prototype_relaxed,d17,17,288,0.0,1.0,False,False
aec_prototype_relaxed,d17,17,352,0.0,1.0,False,False
aec_prototype_relaxed,d17,17,416,0.0,1.0,False,False
aec_prototype_relaxed,d17,17,480,0.0,1.0,False,False
aec_prototype_relaxed,d17,17,544,0.22727272727272727,1.0,False,False
aec_prototype_relaxed,d17,17,608,0.06060606060606061,1.0,False,False
aec_prototype_relaxed,d17,17,672,0.05555555555555555,1.0,False,False
aec_prototype_relaxed,d17,17,736,0.0,1.0,False,False
aec_prototype_relaxed,d17,17,800,0.0,1.0,False,False
aec_prototype_relaxed,d17,17,864,0.0,1.0,False,False
aec_prototype_relaxed,d18,18,160,0.5333333333333333,1.0,False,False
aec_prototype_relaxed,d18,18,224,0.0,1.0,False,False
aec_prototype_relaxed,d18,18,288,0.008264462809917356,1.0,False,False
aec_prototype_relaxed,d18,18,352,0.02158273381294964,1.0,False,False
aec_prototype_relaxed,d18,18,416,0.24719101123595505,1.0,False,False
aec_prototype_relaxed,d18,18,480,0.27380952380952384,1.0,False,False
aec_prototype_relaxed,d18,18,544,0.2857142857142857,1.0,False,False
aec_prototype_relaxed,d18,18,608,0.2857142857142857,1.0,False,False
aec_prototype_relaxed,d18,18,672,0.27710843373493976,1.0,False,False
aec_prototype_relaxed,d18,18,736,0.2823529411764706,1.0,False,False
aec_prototype_relaxed,d18,18,800,0.29411764705882354,1.0,False,False
aec_prototype_relaxed,d18,18,864,0.27058823529411763,1.0,False,False
aec_prototype_relaxed,d19,19,160,0.0,1.0,False,False
aec_prototype_relaxed,d19,19,224,0.0,1.0,False,False
aec_prototype_relaxed,d19,19,288,0.24,1.0,False,False
aec_prototype_relaxed,d19,19,352,0.0,1.0,False,False
aec_prototype_relaxed,d19,19,416,0.1111111111111111,1.0,False,False
aec_prototype_relaxed,d19,19,480,0.0,1.0,False,False
aec_prototype_relaxed,d19,19,544,0.0,1.0,False,False
aec_prototype_relaxed,d19,19,608,0.0,1.0,False,False
aec_prototype_relaxed,d19,19,672,0.25,1.0,False,False
aec_prototype_relaxed,d19,19,736,0.1,1.0,False,False
aec_prototype_relaxed,d19,19,800,0.06666666666666667,1.0,False,False
aec_prototype_relaxed,d19,19,864,0.09523809523809523,1.0,False,False
aec_prototype_relaxed,d20,20,160,0.0,1.0,False,False
aec_prototype_relaxed,d20,20,224,0.0,1.0,False,False
aec_prototype_relaxed,d20,20,288,0.0,1.0,False,False
aec_prototype_relaxed,d20,20,352,0.0,1.0,False,False
aec_prototype_relaxed,d20,20,416,0.20689655172413793,1.0,False,False
aec_prototype_relaxed,d20,20,480,0.0,1.0,False,False
aec_prototype_relaxed,d20,20,544,0.0,1.0,False,False
aec_prototype_relaxed,d20,20,608,0.0,1.0,False,False
aec_prototype_relaxed,d20,20,672,0.23076923076923078,1.0,False,False
aec_prototype_relaxed,d20,20,736,0.1724137931034483,1.0,False,False
aec_prototype_relaxed,d20,20,800,0.1794871794871795,1.0,False,False
aec_prototype_relaxed,d20,20,864,0.0,1.0,False,False
aec_prototype_relaxed,d21,21,160,0.6,1.0,False,True
aec_prototype_relaxed,d21,21,224,0.4,1.0,False,True
aec_prototype_relaxed,d21,21,288,0.6666666666666666,1.0,False,True
aec_prototype_relaxed,d21,21,352,0.4,1.0,False,True
aec_prototype_relaxed,d21,21,416,1.0,1.0,False,True
aec_prototype_relaxed,d21,21,480,0.5384615384615384,1.0,False,True
aec_prototype_relaxed,d21,21,544,0.5714285714285714,1.0,False,True
aec_prototype_relaxed,d21,21,608,0.35,1.0,False,True
aec_prototype_relaxed,d21,21,672,0.45,1.0,False,True
aec_prototype_relaxed,d21,21,736,0.625,1.0,False,True
aec_prototype_relaxed,d21,21,800,0.5,1.0,False,True
aec_prototype_relaxed,d21,21,864,0.39285714285714285,1.0,False,True
aec_adapted_interval,d00,0,0,1.0,1.0,False,False
aec_adapted_interval,d00,0,64,0.5714285714285714,1.0,False,False
aec_adapted_interval,d00,0,128,1.0,1.0,False,False
aec_adapted_interval,d00,0,192,0.5714285714285714,1.0,False,False
aec_adapted_interval,d00,0,256,1.0,1.0,False,False
aec_adapted_interval,d00,0,320,0.6666666666666666,1.0,False,False
aec_adapted_interval,d00,0,384,0.3333333333333333,1.0,False,False
aec_adapted_interval,d00,0,448,0.2222222222222222,1.0,False,False
aec_adapted_interval,d00,0,512,0.3333333333333333,1.0,False,False
aec_adapted_interval,d00,0,576,0.125,1.0,False,False
aec_adapted_interval,d00,0,640,0.5,1.0,False,False
aec_adapted_interval,d00,0,704,0.8,1.0,False,False
aec_adapted_interval,d00,0,768,0.14285714285714285,1.0,False,False
aec_adapted_interval,d00,0,832,0.2,1.0,False,False
aec_adapted_interval,d00,0,896,0.0,1.0,False,False
aec_adapted_interval,d01,1,160,0.0,1.0,False,False
aec_adapted_interval,d01,1,224,0.0,1.0,False,False
aec_adapted_interval,d01,1,288,0.0,1.0,False,False
aec_adapted_interval,d01,1,352,0.0,1.0,False,False
aec_adapted_interval,d01,1,416,0.0,1.0,False,False
aec_adapted_interval,d01,1,480,0.05,1.0,False,False
aec_adapted_interval,d01,1,544,0.6,1.0,False,False
aec_adapted_interval,d01,1,608,0.7391304347826086,1.0,False,False
aec_adapted_interval,d01,1,672,0.175,1.0,False,False
aec_adapted_interval,d01,1,736,0.8,1.0,False,False
aec_adapted_interval,d01,1,800,0.5588235294117647,1.0,False,False
aec_adapted_interval,d01,1,864,0.0,1.0,False,False
aec_adapted_interval,d02,2,160,0.02857142857142857,1.0,False,False
aec_adapted_interval,d02,2,224,0.0,1.0,False,False
aec_adapted_interval,d02,2,288,0.0625,1.0,False,False
aec_adapted_interval,d02,2,352,0.1016949152542373,1.0,False,False
aec_adapted_interval,d02,2,416,0.0,1.0,False,False
aec_adapted_interval,d02,2,480,0.030303030303030304,1.0,False,False
aec_adapted_interval,d02,2,544,0.09090909090909091,1.0,False,False
aec_adapted_interval,d02,2,608,0.029411764705882353,1.0,False,False
aec_adapted_interval,d02,2,672,0.02702702702702703,1.0,False,False
aec_adapted_interval,d02,2,736,0.05263157894736842,1.0,False,False
aec_adapted_interval,d02,2,800,0.0,1.0,False,False
aec_adapted_interval,d02,2,864,0.0,1.0,False,False
aec_adapted_interval,d03,3,160,0.0,1.0,False,False
aec_adapted_interval,d03,3,224,0.0,1.0,False,False
aec_adapted_interval,d03,3,288,0.5625,1.0,False,False
aec_adapted_interval,d03,3,352,1.0,1.0,False,False
aec_adapted_interval,d03,3,416,0.42857142857142855,1.0,False,False
aec_adapted_interval,d03,3,480,0.08333333333333333,1.0,False,False
aec_adapted_interval,d03,3,544,0.0,1.0,False,False
aec_adapted_interval,d03,3,608,0.375,1.0,False,False
aec_adapted_interval,d03,3,672,0.5714285714285714,1.0,False,False
aec_adapted_interval,d03,3,736,1.0,1.0,False,False
aec_adapted_interval,d03,3,800,0.3076923076923077,1.0,False,False
aec_adapted_interval,d03,3,864,0.5714285714285714,1.0,False,False
aec_adapted_interval,d04,4,160,0.07692307692307693,1.0,False,False
aec_adapted_interval,d04,4,224,0.029411764705882353,1.0,False,False
aec_adapted_interval,d04,4,288,0.0,1.0,False,False
aec_adapted_interval,d04,4,352,0.9,1.0,False,False
aec_adapted_interval,d04,4,416,0.3125,1.0,False,False
aec_adapted_interval,d04,4,480,0.9545454545454546,1.0,False,False
aec_adapted_interval,d04,4,544,0.2727272727272727,1.0,False,False
aec_adapted_interval,d04,4,608,0.7272727272727273,1.0,False,False
aec_adapted_interval,d04,4,672,0.3333333333333333,1.0,False,False
aec_adapted_interval,d04,4,736,0.1111111111111111,1.0,False,False
aec_adapted_interval,d04,4,800,0.2222222222222222,1.0,False,False
aec_adapted_interval,d04,4,864,0.0,1.0,False,False
aec_adapted_interval,d05,5,160,0.0,1.0,False,False
aec_adapted_interval,d05,5,224,0.01818181818181818,1.0,False,False
aec_adapted_interval,d05,5,288,0.0,1.0,False,False
aec_adapted_interval,d05,5,352,0.0,1.0,False,False
aec_adapted_interval,d05,5,416,0.1891891891891892,1.0,False,False
aec_adapted_interval,d05,5,480,1.0,1.0,False,False
aec_adapted_interval,d05,5,544,0.375,1.0,False,False
aec_adapted_interval,d05,5,608,1.0,1.0,False,False
aec_adapted_interval,d05,5,672,0.75,1.0,False,False
aec_adapted_interval,d05,5,736,0.42857142857142855,1.0,False,False
aec_adapted_interval,d05,5,800,0.7,1.0,False,False
aec_adapted_interval,d05,5,864,0.2,1.0,False,False
aec_adapted_interval,d06,6,160,0.0,1.0,False,False
aec_adapted_interval,d06,6,224,0.0,1.0,False,False
aec_adapted_interval,d06,6,288,0.011904761904761904,1.0,False,False
aec_adapted_interval,d06,6,352,0.023255813953488372,1.0,False,False
aec_adapted_interval,d06,6,416,0.03529411764705882,1.0,False,False
aec_adapted_interval,d06,6,480,0.05813953488372093,1.0,False,False
aec_adapted_interval,d06,6,544,0.03614457831325301,1.0,False,False
aec_adapted_interval,d06,6,608,0.037037037037037035,1.0,False,False
aec_adapted_interval,d06,6,672,0.04819277108433735,1.0,False,False
aec_adapted_interval,d06,6,736,0.03614457831325301,1.0,False,False
aec_adapted_interval,d06,6,800,0.03571428571428571,1.0,False,False
aec_adapted_interval,d06,6,864,0.036585365853658534,1.0,False,False
aec_adapted_interval,d07,7,160,0.0,1.0,False,False
aec_adapted_interval,d07,7,224,0.0,1.0,False,False
aec_adapted_interval,d07,7,288,0.0,1.0,False,False
aec_adapted_interval,d07,7,352,0.0,1.0,False,False
aec_adapted_interval,d07,7,416,0.015384615384615385,1.0,False,False
aec_adapted_interval,d07,7,480,0.0,1.0,False,False
aec_adapted_interval,d07,7,544,0.17647058823529413,1.0,False,False
aec_adapted_interval,d07,7,608,0.10714285714285714,1.0,False,False
aec_adapted_interval,d07,7,672,1.0,1.0,False,False
aec_adapted_interval,d07,7,736,0.4,1.0,False,False
aec_adapted_interval,d07,7,800,0.25,1.0,False,False
aec_adapted_interval,d07,7,864,0.6666666666666666,1.0,False,False
aec_adapted_interval,d08,8,160,0.0,1.0,False,False
aec_adapted_interval,d08,8,224,0.0,1.0,False,False
aec_adapted_interval,d08,8,288,0.0,1.0,False,False
aec_adapted_interval,d08,8,352,0.0,1.0,False,False
aec_adapted_interval,d08,8,416,0.0,1.0,False,False
aec_adapted_interval,d08,8,480,0.0,1.0,False,False
aec_adapted_interval,d08,8,544,0.0,1.0,False,False
aec_adapted_interval,d08,8,608,0.0,1.0,False,False
aec_adapted_interval,d08,8,672,0.0,1.0,False,False
aec_adapted_interval,d08,8,736,0.0,1.0,False,False
aec_adapted_interval,d08,8,800,0.0,1.0,False,False
aec_adapted_interval,d08,8,864,0.0,1.0,False,False
aec_adapted_interval,d09,9,160,0.0,1.0,False,False
aec_adapted_interval,d09,9,224,0.2,1.0,False,False
aec_adapted_interval,d09,9,288,0.0,1.0,False,False
aec_adapted_interval,d09,9,352,0.3333333333333333,1.0,False,False
aec_adapted_interval,d09,9,416,0.2,1.0,False,False
aec_adapted_interval,d09,9,480,0.2857142857142857,1.0,False,False
aec_adapted_interval,d09,9,544,0.38461538461538464,1.0,False,False
aec_adapted_interval,d09,9,608,0.35,1.0,False,False
aec_adapted_interval,d09,9,672,0.4375,1.0,False,False
aec_adapted_interval,d09,9,736,0.7222222222222222,1.0,False,False
aec_adapted_interval,d09,9,800,0.034482758620689655,1.0,False,False
aec_adapted_interval,d09,9,864,0.02857142857142857,1.0,False,False
aec_adapted_interval,d10,10,160,0.0,1.0,False,False
aec_adapted_interval,d10,10,224,0.0,1.0,False,False
aec_adapted_interval,d10,10,288,0.16129032258064516,1.0,False,False
aec_adapted_interval,d10,10,352,0.0,1.0,False,False
aec_adapted_interval,d10,10,416,0.25,1.0,False,False
aec_adapted_interval,d10,10,480,0.5,1.0,False,False
aec_adapted_interval,d10,10,544,0.17391304347826086,1.0,False,False
aec_adapted_interval,d10,10,608,0.0,1.0,False,False
aec_adapted_interval,d10,10,672,0.0,1.0,False,False
aec_adapted_interval,d10,10,736,0.0,1.0,False,False
aec_adapted_interval,d10,10,800,0.0,1.0,False,False
aec_adapted_interval,d10,10,864,0.6666666666666666,1.0,False,False
aec_adapted_interval,d11,11,160,0.14285714285714285,1.0,False,False
aec_adapted_interval,d11,11,224,0.2,1.0,False,False
aec_adapted_interval,d11,11,288,0.08571428571428572,1.0,False,False
aec_adapted_interval,d11,11,352,0.03571428571428571,1.0,False,False
aec_adapted_interval,d11,11,416,0.2391304347826087,1.0,False,False
aec_adapted_interval,d11,11,480,0.13953488372093023,1.0,False,False
aec_adapted_interval,d11,11,544,0.043478260869565216,1.0,False,False
aec_adapted_interval,d11,11,608,0.1935483870967742,1.0,False,False
aec_adapted_interval,d11,11,672,0.0,1.0,False,False
aec_adapted_interval,d11,11,736,0.0,1.0,False,False
aec_adapted_interval,d11,11,800,0.36363636363636365,1.0,False,False
aec_adapted_interval,d11,11,864,0.14285714285714285,1.0,False,False
aec_adapted_interval,d12,12,160,0.0,1.0,False,False
aec_adapted_interval,d12,12,224,0.0,1.0,False,False
aec_adapted_interval,d12,12,288,0.0,1.0,False,False
aec_adapted_interval,d12,12,352,0.0,1.0,False,False
aec_adapted_interval,d12,12,416,0.0,1.0,False,False
aec_adapted_interval,d12,12,480,0.0,1.0,False,False
aec_adapted_interval,d12,12,544,0.02564102564102564,1.0,False,False
aec_adapted_interval,d12,12,608,0.0,1.0,False,False
aec_adapted_interval,d12,12,672,0.0,1.0,False,False
aec_adapted_interval,d12,12,736,0.0,1.0,False,False
aec_adapted_interval,d12,12,800,0.016260162601626018,1.0,False,False
aec_adapted_interval,d12,12,864,0.0,1.0,False,False
aec_adapted_interval,d13,13,160,0.07017543859649122,1.0,False,False
aec_adapted_interval,d13,13,224,0.012195121951219513,1.0,False,False
aec_adapted_interval,d13,13,288,0.0,1.0,False,False
aec_adapted_interval,d13,13,352,0.0,1.0,False,False
aec_adapted_interval,d13,13,416,0.0,1.0,False,False
aec_adapted_interval,d13,13,480,0.0,1.0,False,False
aec_adapted_interval,d13,13,544,0.0,1.0,False,False
aec_adapted_interval,d13,13,608,0.0,1.0,False,False
aec_adapted_interval,d13,13,672,0.016129032258064516,1.0,False,False
aec_adapted_interval,d13,13,736,0.0,1.0,False,False
aec_adapted_interval,d13,13,800,0.024390243902439025,1.0,False,False
aec_adapted_interval,d13,13,864,0.015873015873015872,1.0,False,False
aec_adapted_interval,d14,14,160,0.125,1.0,False,False
aec_adapted_interval,d14,14,224,0.1111111111111111,1.0,False,False
aec_adapted_interval,d14,14,288,0.0,1.0,False,False
aec_adapted_interval,d14,14,352,0.0,1.0,False,False
aec_adapted_interval,d14,14,416,0.09090909090909091,1.0,False,False
aec_adapted_interval,d14,14,480,0.0,1.0,False,False
aec_adapted_interval,d14,14,544,0.1,1.0,False,False
aec_adapted_interval,d14,14,608,0.0,1.0,False,False
aec_adapted_interval,d14,14,672,0.0,1.0,False,False
aec_adapted_interval,d14,14,736,0.2222222222222222,1.0,False,False
aec_adapted_interval,d14,14,800,0.1111111111111111,1.0,False,False
aec_adapted_interval,d14,14,864,0.05555555555555555,1.0,False,False
aec_adapted_interval,d15,15,160,1.0,1.0,False,False
aec_adapted_interval,d15,15,224,0.375,1.0,False,False
aec_adapted_interval,d15,15,288,1.0,1.0,False,False
aec_adapted_interval,d15,15,352,1.0,1.0,False,False
aec_adapted_interval,d15,15,416,0.0,1.0,False,False
aec_adapted_interval,d15,15,480,0.3333333333333333,1.0,False,False
aec_adapted_interval,d15,15,544,0.06666666666666667,1.0,False,False
aec_adapted_interval,d15,15,608,0.5625,1.0,False,False
aec_adapted_interval,d15,15,672,0.0,1.0,False,False
aec_adapted_interval,d15,15,736,0.0,1.0,False,False
aec_adapted_interval,d15,15,800,0.0,1.0,False,False
aec_adapted_interval,d15,15,864,0.35714285714285715,1.0,False,False
aec_adapted_interval,d16,16,160,0.11764705882352941,1.0,False,False
aec_adapted_interval,d16,16,224,0.125,1.0,False,False
aec_adapted_interval,d16,16,288,0.045454545454545456,1.0,False,False
aec_adapted_interval,d16,16,352,0.02702702702702703,1.0,False,False
aec_adapted_interval,d16,16,416,0.34782608695652173,1.0,False,False
aec_adapted_interval,d16,16,480,0.06451612903225806,1.0,False,False
aec_adapted_interval,d16,16,544,0.0,1.0,False,False
aec_adapted_interval,d16,16,608,0.11538461538461539,1.0,False,False
aec_adapted_interval,d16,16,672,0.46153846153846156,1.0,False,False
aec_adapted_interval,d16,16,736,0.0,1.0,False,False
aec_adapted_interval,d16,16,800,0.0,1.0,False,False
aec_adapted_interval,d16,16,864,0.0,1.0,False,False
aec_adapted_interval,d17,17,160,0.0,1.0,False,False
aec_adapted_interval,d17,17,224,0.16666666666666666,1.0,False,False
aec_adapted_interval,d17,17,288,0.0,1.0,False,False
aec_adapted_interval,d17,17,352,0.0,1.0,False,False
aec_adapted_interval,d17,17,416,0.0,1.0,False,False
aec_adapted_interval,d17,17,480,0.0,1.0,False,False
aec_adapted_interval,d17,17,544,0.22727272727272727,1.0,False,False
aec_adapted_interval,d17,17,608,0.06060606060606061,1.0,False,False
aec_adapted_interval,d17,17,672,0.05555555555555555,1.0,False,False
aec_adapted_interval,d17,17,736,0.0,1.0,False,False
aec_adapted_interval,d17,17,800,0.0,1.0,False,False
aec_adapted_interval,d17,17,864,0.0,1.0,False,False
aec_adapted_interval,d18,18,160,0.5333333333333333,1.0,False,False
aec_adapted_interval,d18,18,224,0.0,1.0,False,False
aec_adapted_interval,d18,18,288,0.008264462809917356,1.0,False,False
aec_adapted_interval,d18,18,352,0.02158273381294964,1.0,False,False
aec_adapted_interval,d18,18,416,0.24719101123595505,1.0,False,False
aec_adapted_interval,d18,18,480,0.27380952380952384,1.0,False,False
aec_adapted_interval,d18,18,544,0.2857142857142857,1.0,False,False
aec_adapted_interval,d18,18,608,0.2857142857142857,1.0,False,False
aec_adapted_interval,d18,18,672,0.27710843373493976,1.0,False,False
aec_adapted_interval,d18,18,736,0.2823529411764706,1.0,False,False
aec_adapted_interval,d18,18,800,0.29411764705882354,1.0,False,False
aec_adapted_interval,d18,18,864,0.27058823529411763,1.0,False,False
aec_adapted_interval,d19,19,160,0.0,1.0,False,False
aec_adapted_interval,d19,19,224,0.0,1.0,False,False
aec_adapted_interval,d19,19,288,0.24,1.0,False,False
aec_adapted_interval,d19,19,352,0.0,1.0,False,False
aec_adapted_interval,d19,19,416,0.1111111111111111,1.0,False,False
aec_adapted_interval,d19,19,480,0.0,1.0,False,False
aec_adapted_interval,d19,19,544,0.0,1.0,False,False
aec_adapted_interval,d19,19,608,0.0,1.0,False,False
aec_adapted_interval,d19,19,672,0.25,1.0,False,False
aec_adapted_interval,d19,19,736,0.1,1.0,False,False
aec_adapted_interval,d19,19,800,0.06666666666666667,1.0,False,False
aec_adapted_interval,d19,19,864,0.09523809523809523,1.0,False,False
aec_adapted_interval,d20,20,160,0.0,1.0,False,False
aec_adapted_interval,d20,20,224,0.0,1.0,False,False
aec_adapted_interval,d20,20,288,0.0,1.0,False,False
aec_adapted_interval,d20,20,352,0.0,1.0,False,False
aec_adapted_interval,d20,20,416,0.20689655172413793,1.0,False,False
aec_adapted_interval,d20,20,480,0.0,1.0,False,False
aec_adapted_interval,d20,20,544,0.0,1.0,False,False
aec_adapted_interval,d20,20,608,0.0,1.0,False,False
aec_adapted_interval,d20,20,672,0.23076923076923078,1.0,False,False
aec_adapted_interval,d20,20,736,0.1724137931034483,1.0,False,False
aec_adapted_interval,d20,20,800,0.1794871794871795,1.0,False,False
aec_adapted_interval,d20,20,864,0.0,1.0,False,False
aec_adapted_interval,d21,21,160,0.6,1.0,False,True
aec_adapted_interval,d21,21,224,0.4,1.0,False,True
aec_adapted_interval,d21,21,288,0.6666666666666666,1.0,False,True
aec_adapted_interval,d21,21,352,0.4,1.0,False,True
aec_adapted_interval,d21,21,416,1.0,1.0,False,True
aec_adapted_interval,d21,21,480,0.5384615384615384,1.0,False,True
aec_adapted_interval,d21,21,544,0.5714285714285714,1.0,False,True
aec_adapted_interval,d21,21,608,0.35,1.0,False,True
aec_adapted_interval,d21,21,672,0.45,1.0,False,True
aec_adapted_interval,d21,21,736,0.625,1.0,False,True
aec_adapted_interval,d21,21,800,0.5,1.0,False,True
aec_adapted_interval,d21,21,864,0.39285714285714285,1.0,False,True
minexplain_interval,d00,0,0,1.0,1.0,False,False
minexplain_interval,d00,0,64,0.5714285714285714,1.0,False,False
minexplain_interval,d00,0,128,1.0,1.0,False,False
minexplain_interval,d00,0,192,0.5714285714285714,1.0,False,False
minexplain_interval,d00,0,256,1.0,1.0,False,False
minexplain_interval,d00,0,320,0.6666666666666666,1.0,False,False
minexplain_interval,d00,0,384,0.3333333333333333,1.0,False,False
minexplain_interval,d00,0,448,0.2222222222222222,1.0,False,False
minexplain_interval,d00,0,512,0.3333333333333333,1.0,False,False
minexplain_interval,d00,0,576,0.125,1.0,False,False
minexplain_interval,d00,0,640,0.5,1.0,False,False
minexplain_interval,d00,0,704,0.8,1.0,False,False
minexplain_interval,d00,0,768,0.14285714285714285,1.0,False,False
minexplain_interval,d00,0,832,0.2,1.0,False,False
minexplain_interval,d00,0,896,0.0,1.0,False,False
minexplain_interval,d01,1,160,0.0,1.0,False,False
minexplain_interval,d01,1,224,0.0,1.0,False,False
minexplain_interval,d01,1,288,0.0,1.0,False,False
minexplain_interval,d01,1,352,0.0,1.0,False,False
minexplain_interval,d01,1,416,0.0,1.0,False,False
minexplain_interval,d01,1,480,0.05,1.0,False,False
minexplain_interval,d01,1,544,0.6,1.0,False,False
minexplain_interval,d01,1,608,0.7391304347826086,1.0,False,False
minexplain_interval,d01,1,672,0.175,1.0,False,False
minexplain_interval,d01,1,736,0.8,1.0,False,False
minexplain_interval,d01,1,800,0.5588235294117647,1.0,False,False
minexplain_interval,d01,1,864,0.0,1.0,False,False
minexplain_interval,d02,2,160,0.02857142857142857,1.0,False,False
minexplain_interval,d02,2,224,0.0,1.0,False,False
minexplain_interval,d02,2,288,0.0625,1.0,False,False
minexplain_interval,d02,2,352,0.1016949152542373,1.0,False,False
minexplain_interval,d02,2,416,0.0,1.0,False,False
minexplain_interval,d02,2,480,0.030303030303030304,1.0,False,False
minexplain_interval,d02,2,544,0.09090909090909091,1.0,False,False
minexplain_interval,d02,2,608,0.029411764705882353,1.0,False,False
minexplain_interval,d02,2,672,0.02702702702702703,1.0,False,False
minexplain_interval,d02,2,736,0.05263157894736842,1.0,False,False
minexplain_interval,d02,2,800,0.0,1.0,False,False
minexplain_interval,d02,2,864,0.0,1.0,False,False
minexplain_interval,d03,3,160,0.0,1.0,False,False
minexplain_interval,d03,3,224,0.0,1.0,False,False
minexplain_interval,d03,3,288,0.5625,1.0,False,False
minexplain_interval,d03,3,352,1.0,1.0,False,False
minexplain_interval,d03,3,416,0.42857142857142855,1.0,False,False
minexplain_interval,d03,3,480,0.08333333333333333,1.0,False,False
minexplain_interval,d03,3,544,0.0,1.0,False,False
minexplain_interval,d03,3,608,0.375,1.0,False,False
minexplain_interval,d03,3,672,0.5714285714285714,1.0,False,False
minexplain_interval,d03,3,736,1.0,1.0,False,False
minexplain_interval,d03,3,800,0.3076923076923077,1.0,False,False
minexplain_interval,d03,3,864,0.5714285714285714,1.0,False,False
minexplain_interval,d04,4,160,0.07692307692307693,1.0,False,False
minexplain_interval,d04,4,224,0.029411764705882353,1.0,False,False
minexplain_interval,d04,4,288,0.0,1.0,False,False
minexplain_interval,d04,4,352,0.9,1.0,False,False
minexplain_interval,d04,4,416,0.3125,1.0,False,False
minexplain_interval,d04,4,480,0.9545454545454546,1.0,False,False
minexplain_interval,d04,4,544,0.2727272727272727,1.0,False,False
minexplain_interval,d04,4,608,0.7272727272727273,1.0,False,False
minexplain_interval,d04,4,672,0.3333333333333333,1.0,False,False
minexplain_interval,d04,4,736,0.1111111111111111,1.0,False,False
minexplain_interval,d04,4,800,0.2222222222222222,1.0,False,False
minexplain_interval,d04,4,864,0.0,1.0,False,False
minexplain_interval,d05,5,160,0.0,1.0,False,False
minexplain_interval,d05,5,224,0.01818181818181818,1.0,False,False
minexplain_interval,d05,5,288,0.0,1.0,False,False
minexplain_interval,d05,5,352,0.0,1.0,False,False
minexplain_interval,d05,5,416,0.1891891891891892,1.0,False,False
minexplain_interval,d05,5,480,1.0,1.0,False,False
minexplain_interval,d05,5,544,0.375,1.0,False,False
minexplain_interval,d05,5,608,1.0,1.0,False,False
minexplain_interval,d05,5,672,0.75,1.0,False,False
minexplain_interval,d05,5,736,0.42857142857142855,1.0,False,False
minexplain_interval,d05,5,800,0.7,1.0,False,False
minexplain_interval,d05,5,864,0.2,1.0,False,False
minexplain_interval,d06,6,160,0.0,1.0,False,False
minexplain_interval,d06,6,224,0.0,1.0,False,False
minexplain_interval,d06,6,288,0.011904761904761904,1.0,False,False
minexplain_interval,d06,6,352,0.023255813953488372,1.0,False,False
minexplain_interval,d06,6,416,0.03529411764705882,1.0,False,False
minexplain_interval,d06,6,480,0.05813953488372093,1.0,False,False
minexplain_interval,d06,6,544,0.03614457831325301,1.0,False,False
minexplain_interval,d06,6,608,0.037037037037037035,1.0,False,False
minexplain_interval,d06,6,672,0.04819277108433735,1.0,False,False
minexplain_interval,d06,6,736,0.03614457831325301,1.0,False,False
minexplain_interval,d06,6,800,0.03571428571428571,1.0,False,False
minexplain_interval,d06,6,864,0.036585365853658534,1.0,False,False
minexplain_interval,d07,7,160,0.0,1.0,False,False
minexplain_interval,d07,7,224,0.0,1.0,False,False
minexplain_interval,d07,7,288,0.0,1.0,False,False
minexplain_interval,d07,7,352,0.0,1.0,False,False
minexplain_interval,d07,7,416,0.015384615384615385,1.0,False,False
minexplain_interval,d07,7,480,0.0,1.0,False,False
minexplain_interval,d07,7,544,0.17647058823529413,1.0,False,False
minexplain_interval,d07,7,608,0.10714285714285714,1.0,False,False
minexplain_interval,d07,7,672,1.0,1.0,False,False
minexplain_interval,d07,7,736,0.4,1.0,False,False
minexplain_interval,d07,7,800,0.25,1.0,False,False
minexplain_interval,d07,7,864,0.6666666666666666,1.0,False,False
minexplain_interval,d08,8,160,0.0,1.0,False,False
minexplain_interval,d08,8,224,0.0,1.0,False,False
minexplain_interval,d08,8,288,0.0,1.0,False,False
minexplain_interval,d08,8,352,0.0,1.0,False,False
minexplain_interval,d08,8,416,0.0,1.0,False,False
minexplain_interval,d08,8,480,0.0,1.0,False,False
minexplain_interval,d08,8,544,0.0,1.0,False,False
minexplain_interval,d08,8,608,0.0,1.0,False,False
minexplain_interval,d08,8,672,0.0,1.0,False,False
minexplain_interval,d08,8,736,0.0,1.0,False,False
minexplain_interval,d08,8,800,0.0,1.0,False,False
minexplain_interval,d08,8,864,0.0,1.0,False,False
minexplain_interval,d09,9,160,0.0,1.0,False,False
minexplain_interval,d09,9,224,0.2,1.0,False,False
minexplain_interval,d09,9,288,0.0,1.0,False,False
minexplain_interval,d09,9,352,0.3333333333333333,1.0,False,False
minexplain_interval,d09,9,416,0.2,1.0,False,False
minexplain_interval,d09,9,480,0.2857142857142857,1.0,False,False
minexplain_interval,d09,9,544,0.38461538461538464,1.0,False,False
minexplain_interval,d09,9,608,0.35,1.0,False,False
minexplain_interval,d09,9,672,0.4375,1.0,False,False
minexplain_interval,d09,9,736,0.7222222222222222,1.0,False,False
minexplain_interval,d09,9,800,0.034482758620689655,1.0,False,False
minexplain_interval,d09,9,864,0.02857142857142857,1.0,False,False
minexplain_interval,d10,10,160,0.0,1.0,False,False
minexplain_interval,d10,10,224,0.0,1.0,False,False
minexplain_interval,d10,10,288,0.16129032258064516,1.0,False,False
minexplain_interval,d10,10,352,0.0,1.0,False,False
minexplain_interval,d10,10,416,0.25,1.0,False,False
minexplain_interval,d10,10,480,0.5,1.0,False,False
minexplain_interval,d10,10,544,0.17391304347826086,1.0,False,False
minexplain_interval,d10,10,608,0.0,1.0,False,False
minexplain_interval,d10,10,672,0.0,1.0,False,False
minexplain_interval,d10,10,736,0.0,1.0,False,False
minexplain_interval,d10,10,800,0.0,1.0,False,False
minexplain_interval,d10,10,864,0.6666666666666666,1.0,False,False
minexplain_interval,d11,11,160,0.14285714285714285,1.0,False,False
minexplain_interval,d11,11,224,0.2,1.0,False,False
minexplain_interval,d11,11,288,0.08571428571428572,1.0,False,False
minexplain_interval,d11,11,352,0.03571428571428571,1.0,False,False
minexplain_interval,d11,11,416,0.2391304347826087,1.0,False,False
minexplain_interval,d11,11,480,0.13953488372093023,1.0,False,False
minexplain_interval,d11,11,544,0.043478260869565216,1.0,False,False
minexplain_interval,d11,11,608,0.1935483870967742,1.0,False,False
minexplain_interval,d11,11,672,0.0,1.0,False,False
minexplain_interval,d11,11,736,0.0,1.0,False,False
minexplain_interval,d11,11,800,0.36363636363636365,1.0,False,False
minexplain_interval,d11,11,864,0.14285714285714285,1.0,False,False
minexplain_interval,d12,12,160,0.0,1.0,False,False
minexplain_interval,d12,12,224,0.0,1.0,False,False
minexplain_interval,d12,12,288,0.0,1.0,False,False
minexplain_interval,d12,12,352,0.0,1.0,False,False
minexplain_interval,d12,12,416,0.0,1.0,False,False
minexplain_interval,d12,12,480,0.0,1.0,False,False
minexplain_interval,d12,12,544,0.02564102564102564,1.0,False,False
minexplain_interval,d12,12,608,0.0,1.0,False,False
minexplain_interval,d12,12,672,0.0,1.0,False,False
minexplain_interval,d12,12,736,0.0,1.0,False,False
minexplain_interval,d12,12,800,0.016260162601626018,1.0,False,False
minexplain_interval,d12,12,864,0.0,1.0,False,False
minexplain_interval,d13,13,160,0.07017543859649122,1.0,False,False
minexplain_interval,d13,13,224,0.012195121951219513,1.0,False,False
minexplain_interval,d13,13,288,0.0,1.0,False,False
minexplain_interval,d13,13,352,0.0,1.0,False,False
minexplain_interval,d13,13,416,0.0,1.0,False,False
minexplain_interval,d13,13,480,0.0,1.0,False,False
minexplain_interval,d13,13,544,0.0,1.0,False,False
minexplain_interval,d13,13,608,0.0,1.0,False,False
minexplain_interval,d13,13,672,0.016129032258064516,1.0,False,False
minexplain_interval,d13,13,736,0.0,1.0,False,False
minexplain_interval,d13,13,800,0.024390243902439025,1.0,False,False
minexplain_interval,d13,13,864,0.015873015873015872,1.0,False,False
minexplain_interval,d14,14,160,0.125,1.0,False,False
minexplain_interval,d14,14,224,0.1111111111111111,1.0,False,False
minexplain_interval,d14,14,288,0.0,1.0,False,False
minexplain_interval,d14,14,352,0.0,1.0,False,False
minexplain_interval,d14,14,416,0.09090909090909091,1.0,False,False
minexplain_interval,d14,14,480,0.0,1.0,False,False
minexplain_interval,d14,14,544,0.1,1.0,False,False
minexplain_interval,d14,14,608,0.0,1.0,False,False
minexplain_interval,d14,14,672,0.0,1.0,False,False
minexplain_interval,d14,14,736,0.2222222222222222,1.0,False,False
minexplain_interval,d14,14,800,0.1111111111111111,1.0,False,False
minexplain_interval,d14,14,864,0.05555555555555555,1.0,False,False
minexplain_interval,d15,15,160,1.0,1.0,False,False
minexplain_interval,d15,15,224,0.375,1.0,False,False
minexplain_interval,d15,15,288,1.0,1.0,False,False
minexplain_interval,d15,15,352,1.0,1.0,False,False
minexplain_interval,d15,15,416,0.0,1.0,False,False
minexplain_interval,d15,15,480,0.3333333333333333,1.0,False,False
minexplain_interval,d15,15,544,0.06666666666666667,1.0,False,False
minexplain_interval,d15,15,608,0.5625,1.0,False,False
minexplain_interval,d15,15,672,0.0,1.0,False,False
minexplain_interval,d15,15,736,0.0,1.0,False,False
minexplain_interval,d15,15,800,0.0,1.0,False,False
minexplain_interval,d15,15,864,0.35714285714285715,1.0,False,False
minexplain_interval,d16,16,160,0.11764705882352941,1.0,False,False
minexplain_interval,d16,16,224,0.125,1.0,False,False
minexplain_interval,d16,16,288,0.045454545454545456,1.0,False,False
minexplain_interval,d16,16,352,0.02702702702702703,1.0,False,False
minexplain_interval,d16,16,416,0.34782608695652173,1.0,False,False
minexplain_interval,d16,16,480,0.06451612903225806,1.0,False,False
minexplain_interval,d16,16,544,0.0,1.0,False,False
minexplain_interval,d16,16,608,0.11538461538461539,1.0,False,False
minexplain_interval,d16,16,672,0.46153846153846156,1.0,False,False
minexplain_interval,d16,16,736,0.0,1.0,False,False
minexplain_interval,d16,16,800,0.0,1.0,False,False
minexplain_interval,d16,16,864,0.0,1.0,False,False
minexplain_interval,d17,17,160,0.0,1.0,False,False
minexplain_interval,d17,17,224,0.16666666666666666,1.0,False,False
minexplain_interval,d17,17,288,0.0,1.0,False,False
minexplain_interval,d17,17,352,0.0,1.0,False,False
minexplain_interval,d17,17,416,0.0,1.0,False,False
minexplain_interval,d17,17,480,0.0,1.0,False,False
minexplain_interval,d17,17,544,0.22727272727272727,1.0,False,False
minexplain_interval,d17,17,608,0.06060606060606061,1.0,False,False
minexplain_interval,d17,17,672,0.05555555555555555,1.0,False,False
minexplain_interval,d17,17,736,0.0,1.0,False,False
minexplain_interval,d17,17,800,0.0,1.0,False,False
minexplain_interval,d17,17,864,0.0,1.0,False,False
minexplain_interval,d18,18,160,0.5333333333333333,1.0,False,False
minexplain_interval,d18,18,224,0.0,1.0,False,False
minexplain_interval,d18,18,288,0.008264462809917356,1.0,False,False
minexplain_interval,d18,18,352,0.02158273381294964,1.0,False,False
minexplain_interval,d18,18,416,0.24719101123595505,1.0,False,False
minexplain_interval,d18,18,480,0.27380952380952384,1.0,False,False
minexplain_interval,d18,18,544,0.2857142857142857,1.0,False,False
minexplain_interval,d18,18,608,0.2857142857142857,1.0,False,False
minexplain_interval,d18,18,672,0.27710843373493976,1.0,False,False
minexplain_interval,d18,18,736,0.2823529411764706,1.0,False,False
minexplain_interval,d18,18,800,0.29411764705882354,1.0,False,False
minexplain_interval,d18,18,864,0.27058823529411763,1.0,False,False
minexplain_interval,d19,19,160,0.0,1.0,False,False
minexplain_interval,d19,19,224,0.0,1.0,False,False
minexplain_interval,d19,19,288,0.24,1.0,False,False
minexplain_interval,d19,19,352,0.0,1.0,False,False
minexplain_interval,d19,19,416,0.1111111111111111,1.0,False,False
minexplain_interval,d19,19,480,0.0,1.0,False,False
minexplain_interval,d19,19,544,0.0,1.0,False,False
minexplain_interval,d19,19,608,0.0,1.0,False,False
minexplain_interval,d19,19,672,0.25,1.0,False,False
minexplain_interval,d19,19,736,0.1,1.0,False,False
minexplain_interval,d19,19,800,0.06666666666666667,1.0,False,False
minexplain_interval,d19,19,864,0.09523809523809523,1.0,False,False
minexplain_interval,d20,20,160,0.0,1.0,False,False
minexplain_interval,d20,20,224,0.0,1.0,False,False
minexplain_interval,d20,20,288,0.0,1.0,False,False
minexplain_interval,d20,20,352,0.0,1.0,False,False
minexplain_interval,d20,20,416,0.20689655172413793,1.0,False,False
minexplain_interval,d20,20,480,0.0,1.0,False,False
minexplain_interval,d20,20,544,0.0,1.0,False,False
minexplain_interval,d20,20,608,0.0,1.0,False,False
minexplain_interval,d20,20,672,0.23076923076923078,1.0,False,False
minexplain_interval,d20,20,736,0.1724137931034483,1.0,False,False
minexplain_interval,d20,20,800,0.1794871794871795,1.0,False,False
minexplain_interval,d20,20,864,0.0,1.0,False,False
minexplain_interval,d21,21,160,0.6,1.0,False,True
minexplain_interval,d21,21,224,0.4,1.0,False,True
minexplain_interval,d21,21,288,0.6666666666666666,1.0,False,True
minexplain_interval,d21,21,352,0.4,1.0,False,True
minexplain_interval,d21,21,416,1.0,1.0,False,True
minexplain_interval,d21,21,480,0.5384615384615384,1.0,False,True
minexplain_interval,d21,21,544,0.5714285714285714,1.0,False,True
minexplain_interval,d21,21,608,0.35,1.0,False,True
minexplain_interval,d21,21,672,0.45,1.0,False,True
minexplain_interval,d21,21,736,0.625,1.0,False,True
minexplain_interval,d21,21,800,0.5,1.0,False,True
minexplain_interval,d21,21,864,0.39285714285714285,1.0,False,True
aec_adapted_raw_temporal,d00,0,0,1.0,1.0,False,False
aec_adapted_raw_temporal,d00,0,64,0.5714285714285714,1.0,False,False
aec_adapted_raw_temporal,d00,0,128,1.0,1.0,False,False
aec_adapted_raw_temporal,d00,0,192,0.5714285714285714,1.0,False,False
aec_adapted_raw_temporal,d00,0,256,1.0,1.0,False,False
aec_adapted_raw_temporal,d00,0,320,0.6666666666666666,1.0,False,False
aec_adapted_raw_temporal,d00,0,384,0.3333333333333333,1.0,False,False
aec_adapted_raw_temporal,d00,0,448,0.2222222222222222,1.0,False,False
aec_adapted_raw_temporal,d00,0,512,0.3333333333333333,1.0,False,False
aec_adapted_raw_temporal,d00,0,576,0.125,1.0,False,False
aec_adapted_raw_temporal,d00,0,640,0.5,1.0,False,False
aec_adapted_raw_temporal,d00,0,704,0.8,1.0,False,False
aec_adapted_raw_temporal,d00,0,768,0.14285714285714285,1.0,False,False
aec_adapted_raw_temporal,d00,0,832,0.2,1.0,False,False
aec_adapted_raw_temporal,d00,0,896,0.0,1.0,False,False
aec_adapted_raw_temporal,d01,1,160,0.0,1.0,False,False
aec_adapted_raw_temporal,d01,1,224,0.0,1.0,False,False
aec_adapted_raw_temporal,d01,1,288,0.0,1.0,False,False
aec_adapted_raw_temporal,d01,1,352,0.0,1.0,False,False
aec_adapted_raw_temporal,d01,1,416,0.0,1.0,False,False
aec_adapted_raw_temporal,d01,1,480,0.05,1.0,False,False
aec_adapted_raw_temporal,d01,1,544,0.6,1.0,False,False
aec_adapted_raw_temporal,d01,1,608,0.7391304347826086,1.0,False,False
aec_adapted_raw_temporal,d01,1,672,0.175,1.0,False,False
aec_adapted_raw_temporal,d01,1,736,0.8,1.0,False,False
aec_adapted_raw_temporal,d01,1,800,0.5588235294117647,1.0,False,False
aec_adapted_raw_temporal,d01,1,864,0.0,1.0,False,False
aec_adapted_raw_temporal,d02,2,160,0.02857142857142857,1.0,False,False
aec_adapted_raw_temporal,d02,2,224,0.0,1.0,False,False
aec_adapted_raw_temporal,d02,2,288,0.0625,1.0,False,False
aec_adapted_raw_temporal,d02,2,352,0.1016949152542373,1.0,False,False
aec_adapted_raw_temporal,d02,2,416,0.0,1.0,False,False
aec_adapted_raw_temporal,d02,2,480,0.030303030303030304,1.0,False,False
aec_adapted_raw_temporal,d02,2,544,0.09090909090909091,1.0,False,False
aec_adapted_raw_temporal,d02,2,608,0.029411764705882353,1.0,False,False
aec_adapted_raw_temporal,d02,2,672,0.02702702702702703,1.0,False,False
aec_adapted_raw_temporal,d02,2,736,0.05263157894736842,1.0,False,False
aec_adapted_raw_temporal,d02,2,800,0.0,1.0,False,False
aec_adapted_raw_temporal,d02,2,864,0.0,1.0,False,False
aec_adapted_raw_temporal,d03,3,160,0.0,1.0,False,False
aec_adapted_raw_temporal,d03,3,224,0.0,1.0,False,False
aec_adapted_raw_temporal,d03,3,288,0.5625,1.0,False,False
aec_adapted_raw_temporal,d03,3,352,1.0,1.0,False,False
aec_adapted_raw_temporal,d03,3,416,0.42857142857142855,1.0,False,False
aec_adapted_raw_temporal,d03,3,480,0.08333333333333333,1.0,False,False
aec_adapted_raw_temporal,d03,3,544,0.0,1.0,False,False
aec_adapted_raw_temporal,d03,3,608,0.375,1.0,False,False
aec_adapted_raw_temporal,d03,3,672,0.5714285714285714,1.0,False,False
aec_adapted_raw_temporal,d03,3,736,1.0,1.0,False,False
aec_adapted_raw_temporal,d03,3,800,0.3076923076923077,1.0,False,False
aec_adapted_raw_temporal,d03,3,864,0.5714285714285714,1.0,False,False
aec_adapted_raw_temporal,d04,4,160,0.07692307692307693,1.0,False,False
aec_adapted_raw_temporal,d04,4,224,0.029411764705882353,1.0,False,False
aec_adapted_raw_temporal,d04,4,288,0.0,1.0,False,False
aec_adapted_raw_temporal,d04,4,352,0.9,1.0,False,False
aec_adapted_raw_temporal,d04,4,416,0.3125,1.0,False,False
aec_adapted_raw_temporal,d04,4,480,0.9545454545454546,1.0,False,False
aec_adapted_raw_temporal,d04,4,544,0.2727272727272727,1.0,False,False
aec_adapted_raw_temporal,d04,4,608,0.7272727272727273,1.0,False,False
aec_adapted_raw_temporal,d04,4,672,0.3333333333333333,1.0,False,False
aec_adapted_raw_temporal,d04,4,736,0.1111111111111111,1.0,False,False
aec_adapted_raw_temporal,d04,4,800,0.2222222222222222,1.0,False,False
aec_adapted_raw_temporal,d04,4,864,0.0,1.0,False,False
aec_adapted_raw_temporal,d05,5,160,0.0,1.0,False,False
aec_adapted_raw_temporal,d05,5,224,0.01818181818181818,1.0,False,False
aec_adapted_raw_temporal,d05,5,288,0.0,1.0,False,False
aec_adapted_raw_temporal,d05,5,352,0.0,1.0,False,False
aec_adapted_raw_temporal,d05,5,416,0.1891891891891892,1.0,False,False
aec_adapted_raw_temporal,d05,5,480,1.0,1.0,False,False
aec_adapted_raw_temporal,d05,5,544,0.375,1.0,False,False
aec_adapted_raw_temporal,d05,5,608,1.0,1.0,False,False
aec_adapted_raw_temporal,d05,5,672,0.75,1.0,False,False
aec_adapted_raw_temporal,d05,5,736,0.42857142857142855,1.0,False,False
aec_adapted_raw_temporal,d05,5,800,0.7,1.0,False,False
aec_adapted_raw_temporal,d05,5,864,0.2,1.0,False,False
aec_adapted_raw_temporal,d06,6,160,0.0,1.0,False,False
aec_adapted_raw_temporal,d06,6,224,0.0,1.0,False,False
aec_adapted_raw_temporal,d06,6,288,0.011904761904761904,1.0,False,False
aec_adapted_raw_temporal,d06,6,352,0.023255813953488372,1.0,False,False
aec_adapted_raw_temporal,d06,6,416,0.03529411764705882,1.0,False,False
aec_adapted_raw_temporal,d06,6,480,0.05813953488372093,1.0,False,False
aec_adapted_raw_temporal,d06,6,544,0.03614457831325301,1.0,False,False
aec_adapted_raw_temporal,d06,6,608,0.037037037037037035,1.0,False,False
aec_adapted_raw_temporal,d06,6,672,0.04819277108433735,1.0,False,False
aec_adapted_raw_temporal,d06,6,736,0.03614457831325301,1.0,False,False
aec_adapted_raw_temporal,d06,6,800,0.03571428571428571,1.0,False,False
aec_adapted_raw_temporal,d06,6,864,0.036585365853658534,1.0,False,False
aec_adapted_raw_temporal,d07,7,160,0.0,1.0,False,False
aec_adapted_raw_temporal,d07,7,224,0.0,1.0,False,False
aec_adapted_raw_temporal,d07,7,288,0.0,1.0,False,False
aec_adapted_raw_temporal,d07,7,352,0.0,1.0,False,False
aec_adapted_raw_temporal,d07,7,416,0.015384615384615385,1.0,False,False
aec_adapted_raw_temporal,d07,7,480,0.0,1.0,False,False
aec_adapted_raw_temporal,d07,7,544,0.17647058823529413,1.0,False,False
aec_adapted_raw_temporal,d07,7,608,0.10714285714285714,1.0,False,False
aec_adapted_raw_temporal,d07,7,672,1.0,1.0,False,False
aec_adapted_raw_temporal,d07,7,736,0.4,1.0,False,False
aec_adapted_raw_temporal,d07,7,800,0.25,1.0,False,False
aec_adapted_raw_temporal,d07,7,864,0.6666666666666666,1.0,False,False
aec_adapted_raw_temporal,d08,8,160,0.0,1.0,False,False
aec_adapted_raw_temporal,d08,8,224,0.0,1.0,False,False
aec_adapted_raw_temporal,d08,8,288,0.0,1.0,False,False
aec_adapted_raw_temporal,d08,8,352,0.0,1.0,False,False
aec_adapted_raw_temporal,d08,8,416,0.0,1.0,False,False
aec_adapted_raw_temporal,d08,8,480,0.0,1.0,False,False
aec_adapted_raw_temporal,d08,8,544,0.0,1.0,False,False
aec_adapted_raw_temporal,d08,8,608,0.0,1.0,False,False
aec_adapted_raw_temporal,d08,8,672,0.0,1.0,False,False
aec_adapted_raw_temporal,d08,8,736,0.0,1.0,False,False
aec_adapted_raw_temporal,d08,8,800,0.0,1.0,False,False
aec_adapted_raw_temporal,d08,8,864,0.0,1.0,False,False
aec_adapted_raw_temporal,d09,9,160,0.0,1.0,False,False
aec_adapted_raw_temporal,d09,9,224,0.2,1.0,False,False
aec_adapted_raw_temporal,d09,9,288,0.0,1.0,False,False
aec_adapted_raw_temporal,d09,9,352,0.3333333333333333,1.0,False,False
aec_adapted_raw_temporal,d09,9,416,0.2,1.0,False,False
aec_adapted_raw_temporal,d09,9,480,0.2857142857142857,1.0,False,False
aec_adapted_raw_temporal,d09,9,544,0.38461538461538464,1.0,False,False
aec_adapted_raw_temporal,d09,9,608,0.35,1.0,False,False
aec_adapted_raw_temporal,d09,9,672,0.4375,1.0,False,False
aec_adapted_raw_temporal,d09,9,736,0.7222222222222222,1.0,False,False
aec_adapted_raw_temporal,d09,9,800,0.034482758620689655,1.0,False,False
aec_adapted_raw_temporal,d09,9,864,0.02857142857142857,1.0,False,False
aec_adapted_raw_temporal,d10,10,160,0.0,1.0,False,False
aec_adapted_raw_temporal,d10,10,224,0.0,1.0,False,False
aec_adapted_raw_temporal,d10,10,288,0.16129032258064516,1.0,False,False
aec_adapted_raw_temporal,d10,10,352,0.0,1.0,False,False
aec_adapted_raw_temporal,d10,10,416,0.25,1.0,False,False
aec_adapted_raw_temporal,d10,10,480,0.5,1.0,False,False
aec_adapted_raw_temporal,d10,10,544,0.17391304347826086,1.0,False,False
aec_adapted_raw_temporal,d10,10,608,0.0,1.0,False,False
aec_adapted_raw_temporal,d10,10,672,0.0,1.0,False,False
aec_adapted_raw_temporal,d10,10,736,0.0,1.0,False,False
aec_adapted_raw_temporal,d10,10,800,0.0,1.0,False,False
aec_adapted_raw_temporal,d10,10,864,0.6666666666666666,1.0,False,False
aec_adapted_raw_temporal,d11,11,160,0.14285714285714285,1.0,False,False
aec_adapted_raw_temporal,d11,11,224,0.2,1.0,False,False
aec_adapted_raw_temporal,d11,11,288,0.08571428571428572,1.0,False,False
aec_adapted_raw_temporal,d11,11,352,0.03571428571428571,1.0,False,False
aec_adapted_raw_temporal,d11,11,416,0.2391304347826087,1.0,False,False
aec_adapted_raw_temporal,d11,11,480,0.13953488372093023,1.0,False,False
aec_adapted_raw_temporal,d11,11,544,0.043478260869565216,1.0,False,False
aec_adapted_raw_temporal,d11,11,608,0.1935483870967742,1.0,False,False
aec_adapted_raw_temporal,d11,11,672,0.0,1.0,False,False
aec_adapted_raw_temporal,d11,11,736,0.0,1.0,False,False
aec_adapted_raw_temporal,d11,11,800,0.36363636363636365,1.0,False,False
aec_adapted_raw_temporal,d11,11,864,0.14285714285714285,1.0,False,False
aec_adapted_raw_temporal,d12,12,160,0.0,1.0,False,False
aec_adapted_raw_temporal,d12,12,224,0.0,1.0,False,False
aec_adapted_raw_temporal,d12,12,288,0.0,1.0,False,False
aec_adapted_raw_temporal,d12,12,352,0.0,1.0,False,False
aec_adapted_raw_temporal,d12,12,416,0.0,1.0,False,False
aec_adapted_raw_temporal,d12,12,480,0.0,1.0,False,False
aec_adapted_raw_temporal,d12,12,544,0.02564102564102564,1.0,False,False
aec_adapted_raw_temporal,d12,12,608,0.0,1.0,False,False
aec_adapted_raw_temporal,d12,12,672,0.0,1.0,False,False
aec_adapted_raw_temporal,d12,12,736,0.0,1.0,False,False
aec_adapted_raw_temporal,d12,12,800,0.016260162601626018,1.0,False,False
aec_adapted_raw_temporal,d12,12,864,0.0,1.0,False,False
aec_adapted_raw_temporal,d13,13,160,0.07017543859649122,1.0,False,False
aec_adapted_raw_temporal,d13,13,224,0.012195121951219513,1.0,False,False
aec_adapted_raw_temporal,d13,13,288,0.0,1.0,False,False
aec_adapted_raw_temporal,d13,13,352,0.0,1.0,False,False
aec_adapted_raw_temporal,d13,13,416,0.0,1.0,False,False
aec_adapted_raw_temporal,d13,13,480,0.0,1.0,False,False
aec_adapted_raw_temporal,d13,13,544,0.0,1.0,False,False
aec_adapted_raw_temporal,d13,13,608,0.0,1.0,False,False
aec_adapted_raw_temporal,d13,13,672,0.016129032258064516,1.0,False,False
aec_adapted_raw_temporal,d13,13,736,0.0,1.0,False,False
aec_adapted_raw_temporal,d13,13,800,0.024390243902439025,1.0,False,False
aec_adapted_raw_temporal,d13,13,864,0.015873015873015872,1.0,False,False
aec_adapted_raw_temporal,d14,14,160,0.125,1.0,False,False
aec_adapted_raw_temporal,d14,14,224,0.1111111111111111,1.0,False,False
aec_adapted_raw_temporal,d14,14,288,0.0,1.0,False,False
aec_adapted_raw_temporal,d14,14,352,0.0,1.0,False,False
aec_adapted_raw_temporal,d14,14,416,0.09090909090909091,1.0,False,False
aec_adapted_raw_temporal,d14,14,480,0.0,1.0,False,False
aec_adapted_raw_temporal,d14,14,544,0.1,1.0,False,False
aec_adapted_raw_temporal,d14,14,608,0.0,1.0,False,False
aec_adapted_raw_temporal,d14,14,672,0.0,1.0,False,False
aec_adapted_raw_temporal,d14,14,736,0.2222222222222222,1.0,False,False
aec_adapted_raw_temporal,d14,14,800,0.1111111111111111,1.0,False,False
aec_adapted_raw_temporal,d14,14,864,0.05555555555555555,1.0,False,False
aec_adapted_raw_temporal,d15,15,160,1.0,1.0,False,False
aec_adapted_raw_temporal,d15,15,224,0.375,1.0,False,False
aec_adapted_raw_temporal,d15,15,288,1.0,1.0,False,False
aec_adapted_raw_temporal,d15,15,352,1.0,1.0,False,False
aec_adapted_raw_temporal,d15,15,416,0.0,1.0,False,False
aec_adapted_raw_temporal,d15,15,480,0.3333333333333333,1.0,False,False
aec_adapted_raw_temporal,d15,15,544,0.06666666666666667,1.0,False,False
aec_adapted_raw_temporal,d15,15,608,0.5625,1.0,False,False
aec_adapted_raw_temporal,d15,15,672,0.0,1.0,False,False
aec_adapted_raw_temporal,d15,15,736,0.0,1.0,False,False
aec_adapted_raw_temporal,d15,15,800,0.0,1.0,False,False
aec_adapted_raw_temporal,d15,15,864,0.35714285714285715,1.0,False,False
aec_adapted_raw_temporal,d16,16,160,0.11764705882352941,1.0,False,False
aec_adapted_raw_temporal,d16,16,224,0.125,1.0,False,False
aec_adapted_raw_temporal,d16,16,288,0.045454545454545456,1.0,False,False
aec_adapted_raw_temporal,d16,16,352,0.02702702702702703,1.0,False,False
aec_adapted_raw_temporal,d16,16,416,0.34782608695652173,1.0,False,False
aec_adapted_raw_temporal,d16,16,480,0.06451612903225806,1.0,False,False
aec_adapted_raw_temporal,d16,16,544,0.0,1.0,False,False
aec_adapted_raw_temporal,d16,16,608,0.11538461538461539,1.0,False,False
aec_adapted_raw_temporal,d16,16,672,0.46153846153846156,1.0,False,False
aec_adapted_raw_temporal,d16,16,736,0.0,1.0,False,False
aec_adapted_raw_temporal,d16,16,800,0.0,1.0,False,False
aec_adapted_raw_temporal,d16,16,864,0.0,1.0,False,False
aec_adapted_raw_temporal,d17,17,160,0.0,1.0,False,False
aec_adapted_raw_temporal,d17,17,224,0.16666666666666666,1.0,False,False
aec_adapted_raw_temporal,d17,17,288,0.0,1.0,False,False
aec_adapted_raw_temporal,d17,17,352,0.0,1.0,False,False
aec_adapted_raw_temporal,d17,17,416,0.0,1.0,False,False
aec_adapted_raw_temporal,d17,17,480,0.0,1.0,False,False
aec_adapted_raw_temporal,d17,17,544,0.22727272727272727,1.0,False,False
aec_adapted_raw_temporal,d17,17,608,0.06060606060606061,1.0,False,False
aec_adapted_raw_temporal,d17,17,672,0.05555555555555555,1.0,False,False
aec_adapted_raw_temporal,d17,17,736,0.0,1.0,False,False
aec_adapted_raw_temporal,d17,17,800,0.0,1.0,False,False
aec_adapted_raw_temporal,d17,17,864,0.0,1.0,False,False
aec_adapted_raw_temporal,d18,18,160,0.5333333333333333,1.0,False,False
aec_adapted_raw_temporal,d18,18,224,0.0,1.0,False,False
aec_adapted_raw_temporal,d18,18,288,0.008264462809917356,1.0,False,False
aec_adapted_raw_temporal,d18,18,352,0.02158273381294964,1.0,False,False
aec_adapted_raw_temporal,d18,18,416,0.24719101123595505,1.0,False,False
aec_adapted_raw_temporal,d18,18,480,0.27380952380952384,1.0,False,False
aec_adapted_raw_temporal,d18,18,544,0.2857142857142857,1.0,False,False
aec_adapted_raw_temporal,d18,18,608,0.2857142857142857,1.0,False,False
aec_adapted_raw_temporal,d18,18,672,0.27710843373493976,1.0,False,False
aec_adapted_raw_temporal,d18,18,736,0.2823529411764706,1.0,False,False
aec_adapted_raw_temporal,d18,18,800,0.29411764705882354,1.0,False,False
aec_adapted_raw_temporal,d18,18,864,0.27058823529411763,1.0,False,False
aec_adapted_raw_temporal,d19,19,160,0.0,1.0,False,False
aec_adapted_raw_temporal,d19,19,224,0.0,1.0,False,False
aec_adapted_raw_temporal,d19,19,288,0.24,1.0,False,False
aec_adapted_raw_temporal,d19,19,352,0.0,1.0,False,False
aec_adapted_raw_temporal,d19,19,416,0.1111111111111111,1.0,False,False
aec_adapted_raw_temporal,d19,19,480,0.0,1.0,False,False
aec_adapted_raw_temporal,d19,19,544,0.0,1.0,False,False
aec_adapted_raw_temporal,d19,19,608,0.0,1.0,False,False
aec_adapted_raw_temporal,d19,19,672,0.25,1.0,False,False
aec_adapted_raw_temporal,d19,19,736,0.1,1.0,False,False
aec_adapted_raw_temporal,d19,19,800,0.06666666666666667,1.0,False,False
aec_adapted_raw_temporal,d19,19,864,0.09523809523809523,1.0,False,False
aec_adapted_raw_temporal,d20,20,160,0.0,1.0,False,False
aec_adapted_raw_temporal,d20,20,224,0.0,1.0,False,False
aec_adapted_raw_temporal,d20,20,288,0.0,1.0,False,False
aec_adapted_raw_temporal,d20,20,352,0.0,1.0,False,False
aec_adapted_raw_temporal,d20,20,416,0.20689655172413793,1.0,False,False
aec_adapted_raw_temporal,d20,20,480,0.0,1.0,False,False
aec_adapted_raw_temporal,d20,20,544,0.0,1.0,False,False
aec_adapted_raw_temporal,d20,20,608,0.0,1.0,False,False
aec_adapted_raw_temporal,d20,20,672,0.23076923076923078,1.0,False,False
aec_adapted_raw_temporal,d20,20,736,0.1724137931034483,1.0,False,False
aec_adapted_raw_temporal,d20,20,800,0.1794871794871795,1.0,False,False
aec_adapted_raw_temporal,d20,20,864,0.0,1.0,False,False
aec_adapted_raw_temporal,d21,21,160,0.6,1.0,False,True
aec_adapted_raw_temporal,d21,21,224,0.4,1.0,False,True
aec_adapted_raw_temporal,d21,21,288,0.6666666666666666,1.0,False,True
aec_adapted_raw_temporal,d21,21,352,0.4,1.0,False,True
aec_adapted_raw_temporal,d21,21,416,1.0,1.0,False,True
aec_adapted_raw_temporal,d21,21,480,0.5384615384615384,1.0,False,True
aec_adapted_raw_temporal,d21,21,544,0.5714285714285714,1.0,False,True
aec_adapted_raw_temporal,d21,21,608,0.35,1.0,False,True
aec_adapted_raw_temporal,d21,21,672,0.45,1.0,False,True
aec_adapted_raw_temporal,d21,21,736,0.625,1.0,False,True
aec_adapted_raw_temporal,d21,21,800,0.5,1.0,False,True
aec_adapted_raw_temporal,d21,21,864,0.39285714285714285,1.0,False,True
minexplain_raw_temporal,d00,0,0,1.0,1.0,False,False
minexplain_raw_temporal,d00,0,64,0.5714285714285714,1.0,False,False
minexplain_raw_temporal,d00,0,128,1.0,1.0,False,False
minexplain_raw_temporal,d00,0,192,0.5714285714285714,1.0,False,False
minexplain_raw_temporal,d00,0,256,1.0,1.0,False,False
minexplain_raw_temporal,d00,0,320,0.6666666666666666,1.0,False,False
minexplain_raw_temporal,d00,0,384,0.3333333333333333,1.0,False,False
minexplain_raw_temporal,d00,0,448,0.2222222222222222,1.0,False,False
minexplain_raw_temporal,d00,0,512,0.3333333333333333,1.0,False,False
minexplain_raw_temporal,d00,0,576,0.125,1.0,False,False
minexplain_raw_temporal,d00,0,640,0.5,1.0,False,False
minexplain_raw_temporal,d00,0,704,0.8,1.0,False,False
minexplain_raw_temporal,d00,0,768,0.14285714285714285,1.0,False,False
minexplain_raw_temporal,d00,0,832,0.2,1.0,False,False
minexplain_raw_temporal,d00,0,896,0.0,1.0,False,False
minexplain_raw_temporal,d01,1,160,0.0,1.0,False,False
minexplain_raw_temporal,d01,1,224,0.0,1.0,False,False
minexplain_raw_temporal,d01,1,288,0.0,1.0,False,False
minexplain_raw_temporal,d01,1,352,0.0,1.0,False,False
minexplain_raw_temporal,d01,1,416,0.0,1.0,False,False
minexplain_raw_temporal,d01,1,480,0.05,1.0,False,False
minexplain_raw_temporal,d01,1,544,0.6,1.0,False,False
minexplain_raw_temporal,d01,1,608,0.7391304347826086,1.0,False,False
minexplain_raw_temporal,d01,1,672,0.175,1.0,False,False
minexplain_raw_temporal,d01,1,736,0.8,1.0,False,False
minexplain_raw_temporal,d01,1,800,0.5588235294117647,1.0,False,False
minexplain_raw_temporal,d01,1,864,0.0,1.0,False,False
minexplain_raw_temporal,d02,2,160,0.02857142857142857,1.0,False,False
minexplain_raw_temporal,d02,2,224,0.0,1.0,False,False
minexplain_raw_temporal,d02,2,288,0.0625,1.0,False,False
minexplain_raw_temporal,d02,2,352,0.1016949152542373,1.0,False,False
minexplain_raw_temporal,d02,2,416,0.0,1.0,False,False
minexplain_raw_temporal,d02,2,480,0.030303030303030304,1.0,False,False
minexplain_raw_temporal,d02,2,544,0.09090909090909091,1.0,False,False
minexplain_raw_temporal,d02,2,608,0.029411764705882353,1.0,False,False
minexplain_raw_temporal,d02,2,672,0.02702702702702703,1.0,False,False
minexplain_raw_temporal,d02,2,736,0.05263157894736842,1.0,False,False
minexplain_raw_temporal,d02,2,800,0.0,1.0,False,False
minexplain_raw_temporal,d02,2,864,0.0,1.0,False,False
minexplain_raw_temporal,d03,3,160,0.0,1.0,False,False
minexplain_raw_temporal,d03,3,224,0.0,1.0,False,False
minexplain_raw_temporal,d03,3,288,0.5625,1.0,False,False
minexplain_raw_temporal,d03,3,352,1.0,1.0,False,False
minexplain_raw_temporal,d03,3,416,0.42857142857142855,1.0,False,False
minexplain_raw_temporal,d03,3,480,0.08333333333333333,1.0,False,False
minexplain_raw_temporal,d03,3,544,0.0,1.0,False,False
minexplain_raw_temporal,d03,3,608,0.375,1.0,False,False
minexplain_raw_temporal,d03,3,672,0.5714285714285714,1.0,False,False
minexplain_raw_temporal,d03,3,736,1.0,1.0,False,False
minexplain_raw_temporal,d03,3,800,0.3076923076923077,1.0,False,False
minexplain_raw_temporal,d03,3,864,0.5714285714285714,1.0,False,False
minexplain_raw_temporal,d04,4,160,0.07692307692307693,1.0,False,False
minexplain_raw_temporal,d04,4,224,0.029411764705882353,1.0,False,False
minexplain_raw_temporal,d04,4,288,0.0,1.0,False,False
minexplain_raw_temporal,d04,4,352,0.9,1.0,False,False
minexplain_raw_temporal,d04,4,416,0.3125,1.0,False,False
minexplain_raw_temporal,d04,4,480,0.9545454545454546,1.0,False,False
minexplain_raw_temporal,d04,4,544,0.2727272727272727,1.0,False,False
minexplain_raw_temporal,d04,4,608,0.7272727272727273,1.0,False,False
minexplain_raw_temporal,d04,4,672,0.3333333333333333,1.0,False,False
minexplain_raw_temporal,d04,4,736,0.1111111111111111,1.0,False,False
minexplain_raw_temporal,d04,4,800,0.2222222222222222,1.0,False,False
minexplain_raw_temporal,d04,4,864,0.0,1.0,False,False
minexplain_raw_temporal,d05,5,160,0.0,1.0,False,False
minexplain_raw_temporal,d05,5,224,0.01818181818181818,1.0,False,False
minexplain_raw_temporal,d05,5,288,0.0,1.0,False,False
minexplain_raw_temporal,d05,5,352,0.0,1.0,False,False
minexplain_raw_temporal,d05,5,416,0.1891891891891892,1.0,False,False
minexplain_raw_temporal,d05,5,480,1.0,1.0,False,False
minexplain_raw_temporal,d05,5,544,0.375,1.0,False,False
minexplain_raw_temporal,d05,5,608,1.0,1.0,False,False
minexplain_raw_temporal,d05,5,672,0.75,1.0,False,False
minexplain_raw_temporal,d05,5,736,0.42857142857142855,1.0,False,False
minexplain_raw_temporal,d05,5,800,0.7,1.0,False,False
minexplain_raw_temporal,d05,5,864,0.2,1.0,False,False
minexplain_raw_temporal,d06,6,160,0.0,1.0,False,False
minexplain_raw_temporal,d06,6,224,0.0,1.0,False,False
minexplain_raw_temporal,d06,6,288,0.011904761904761904,1.0,False,False
minexplain_raw_temporal,d06,6,352,0.023255813953488372,1.0,False,False
minexplain_raw_temporal,d06,6,416,0.03529411764705882,1.0,False,False
minexplain_raw_temporal,d06,6,480,0.05813953488372093,1.0,False,False
minexplain_raw_temporal,d06,6,544,0.03614457831325301,1.0,False,False
minexplain_raw_temporal,d06,6,608,0.037037037037037035,1.0,False,False
minexplain_raw_temporal,d06,6,672,0.04819277108433735,1.0,False,False
minexplain_raw_temporal,d06,6,736,0.03614457831325301,1.0,False,False
minexplain_raw_temporal,d06,6,800,0.03571428571428571,1.0,False,False
minexplain_raw_temporal,d06,6,864,0.036585365853658534,1.0,False,False
minexplain_raw_temporal,d07,7,160,0.0,1.0,False,False
minexplain_raw_temporal,d07,7,224,0.0,1.0,False,False
minexplain_raw_temporal,d07,7,288,0.0,1.0,False,False
minexplain_raw_temporal,d07,7,352,0.0,1.0,False,False
minexplain_raw_temporal,d07,7,416,0.015384615384615385,1.0,False,False
minexplain_raw_temporal,d07,7,480,0.0,1.0,False,False
minexplain_raw_temporal,d07,7,544,0.17647058823529413,1.0,False,False
minexplain_raw_temporal,d07,7,608,0.10714285714285714,1.0,False,False
minexplain_raw_temporal,d07,7,672,1.0,1.0,False,False
minexplain_raw_temporal,d07,7,736,0.4,1.0,False,False
minexplain_raw_temporal,d07,7,800,0.25,1.0,False,False
minexplain_raw_temporal,d07,7,864,0.6666666666666666,1.0,False,False
minexplain_raw_temporal,d08,8,160,0.0,1.0,False,False
minexplain_raw_temporal,d08,8,224,0.0,1.0,False,False
minexplain_raw_temporal,d08,8,288,0.0,1.0,False,False
minexplain_raw_temporal,d08,8,352,0.0,1.0,False,False
minexplain_raw_temporal,d08,8,416,0.0,1.0,False,False
minexplain_raw_temporal,d08,8,480,0.0,1.0,False,False
minexplain_raw_temporal,d08,8,544,0.0,1.0,False,False
minexplain_raw_temporal,d08,8,608,0.0,1.0,False,False
minexplain_raw_temporal,d08,8,672,0.0,1.0,False,False
minexplain_raw_temporal,d08,8,736,0.0,1.0,False,False
minexplain_raw_temporal,d08,8,800,0.0,1.0,False,False
minexplain_raw_temporal,d08,8,864,0.0,1.0,False,False
minexplain_raw_temporal,d09,9,160,0.0,1.0,False,False
minexplain_raw_temporal,d09,9,224,0.2,1.0,False,False
minexplain_raw_temporal,d09,9,288,0.0,1.0,False,False
minexplain_raw_temporal,d09,9,352,0.3333333333333333,1.0,False,False
minexplain_raw_temporal,d09,9,416,0.2,1.0,False,False
minexplain_raw_temporal,d09,9,480,0.2857142857142857,1.0,False,False
minexplain_raw_temporal,d09,9,544,0.38461538461538464,1.0,False,False
minexplain_raw_temporal,d09,9,608,0.35,1.0,False,False
minexplain_raw_temporal,d09,9,672,0.4375,1.0,False,False
minexplain_raw_temporal,d09,9,736,0.7222222222222222,1.0,False,False
minexplain_raw_temporal,d09,9,800,0.034482758620689655,1.0,False,False
minexplain_raw_temporal,d09,9,864,0.02857142857142857,1.0,False,False
minexplain_raw_temporal,d10,10,160,0.0,1.0,False,False
minexplain_raw_temporal,d10,10,224,0.0,1.0,False,False
minexplain_raw_temporal,d10,10,288,0.16129032258064516,1.0,False,False
minexplain_raw_temporal,d10,10,352,0.0,1.0,False,False
minexplain_raw_temporal,d10,10,416,0.25,1.0,False,False
minexplain_raw_temporal,d10,10,480,0.5,1.0,False,False
minexplain_raw_temporal,d10,10,544,0.17391304347826086,1.0,False,False
minexplain_raw_temporal,d10,10,608,0.0,1.0,False,False
minexplain_raw_temporal,d10,10,672,0.0,1.0,False,False
minexplain_raw_temporal,d10,10,736,0.0,1.0,False,False
minexplain_raw_temporal,d10,10,800,0.0,1.0,False,False
minexplain_raw_temporal,d10,10,864,0.6666666666666666,1.0,False,False
minexplain_raw_temporal,d11,11,160,0.14285714285714285,1.0,False,False
minexplain_raw_temporal,d11,11,224,0.2,1.0,False,False
minexplain_raw_temporal,d11,11,288,0.08571428571428572,1.0,False,False
minexplain_raw_temporal,d11,11,352,0.03571428571428571,1.0,False,False
minexplain_raw_temporal,d11,11,416,0.2391304347826087,1.0,False,False
minexplain_raw_temporal,d11,11,480,0.13953488372093023,1.0,False,False
minexplain_raw_temporal,d11,11,544,0.043478260869565216,1.0,False,False
minexplain_raw_temporal,d11,11,608,0.1935483870967742,1.0,False,False
minexplain_raw_temporal,d11,11,672,0.0,1.0,False,False
minexplain_raw_temporal,d11,11,736,0.0,1.0,False,False
minexplain_raw_temporal,d11,11,800,0.36363636363636365,1.0,False,False
minexplain_raw_temporal,d11,11,864,0.14285714285714285,1.0,False,False
minexplain_raw_temporal,d12,12,160,0.0,1.0,False,False
minexplain_raw_temporal,d12,12,224,0.0,1.0,False,False
minexplain_raw_temporal,d12,12,288,0.0,1.0,False,False
minexplain_raw_temporal,d12,12,352,0.0,1.0,False,False
minexplain_raw_temporal,d12,12,416,0.0,1.0,False,False
minexplain_raw_temporal,d12,12,480,0.0,1.0,False,False
minexplain_raw_temporal,d12,12,544,0.02564102564102564,1.0,False,False
minexplain_raw_temporal,d12,12,608,0.0,1.0,False,False
minexplain_raw_temporal,d12,12,672,0.0,1.0,False,False
minexplain_raw_temporal,d12,12,736,0.0,1.0,False,False
minexplain_raw_temporal,d12,12,800,0.016260162601626018,1.0,False,False
minexplain_raw_temporal,d12,12,864,0.0,1.0,False,False
minexplain_raw_temporal,d13,13,160,0.07017543859649122,1.0,False,False
minexplain_raw_temporal,d13,13,224,0.012195121951219513,1.0,False,False
minexplain_raw_temporal,d13,13,288,0.0,1.0,False,False
minexplain_raw_temporal,d13,13,352,0.0,1.0,False,False
minexplain_raw_temporal,d13,13,416,0.0,1.0,False,False
minexplain_raw_temporal,d13,13,480,0.0,1.0,False,False
minexplain_raw_temporal,d13,13,544,0.0,1.0,False,False
minexplain_raw_temporal,d13,13,608,0.0,1.0,False,False
minexplain_raw_temporal,d13,13,672,0.016129032258064516,1.0,False,False
minexplain_raw_temporal,d13,13,736,0.0,1.0,False,False
minexplain_raw_temporal,d13,13,800,0.024390243902439025,1.0,False,False
minexplain_raw_temporal,d13,13,864,0.015873015873015872,1.0,False,False
minexplain_raw_temporal,d14,14,160,0.125,1.0,False,False
minexplain_raw_temporal,d14,14,224,0.1111111111111111,1.0,False,False
minexplain_raw_temporal,d14,14,288,0.0,1.0,False,False
minexplain_raw_temporal,d14,14,352,0.0,1.0,False,False
minexplain_raw_temporal,d14,14,416,0.09090909090909091,1.0,False,False
minexplain_raw_temporal,d14,14,480,0.0,1.0,False,False
minexplain_raw_temporal,d14,14,544,0.1,1.0,False,False
minexplain_raw_temporal,d14,14,608,0.0,1.0,False,False
minexplain_raw_temporal,d14,14,672,0.0,1.0,False,False
minexplain_raw_temporal,d14,14,736,0.2222222222222222,1.0,False,False
minexplain_raw_temporal,d14,14,800,0.1111111111111111,1.0,False,False
minexplain_raw_temporal,d14,14,864,0.05555555555555555,1.0,False,False
minexplain_raw_temporal,d15,15,160,1.0,1.0,False,False
minexplain_raw_temporal,d15,15,224,0.375,1.0,False,False
minexplain_raw_temporal,d15,15,288,1.0,1.0,False,False
minexplain_raw_temporal,d15,15,352,1.0,1.0,False,False
minexplain_raw_temporal,d15,15,416,0.0,1.0,False,False
minexplain_raw_temporal,d15,15,480,0.3333333333333333,1.0,False,False
minexplain_raw_temporal,d15,15,544,0.06666666666666667,1.0,False,False
minexplain_raw_temporal,d15,15,608,0.5625,1.0,False,False
minexplain_raw_temporal,d15,15,672,0.0,1.0,False,False
minexplain_raw_temporal,d15,15,736,0.0,1.0,False,False
minexplain_raw_temporal,d15,15,800,0.0,1.0,False,False
minexplain_raw_temporal,d15,15,864,0.35714285714285715,1.0,False,False
minexplain_raw_temporal,d16,16,160,0.11764705882352941,1.0,False,False
minexplain_raw_temporal,d16,16,224,0.125,1.0,False,False
minexplain_raw_temporal,d16,16,288,0.045454545454545456,1.0,False,False
minexplain_raw_temporal,d16,16,352,0.02702702702702703,1.0,False,False
minexplain_raw_temporal,d16,16,416,0.34782608695652173,1.0,False,False
minexplain_raw_temporal,d16,16,480,0.06451612903225806,1.0,False,False
minexplain_raw_temporal,d16,16,544,0.0,1.0,False,False
minexplain_raw_temporal,d16,16,608,0.11538461538461539,1.0,False,False
minexplain_raw_temporal,d16,16,672,0.46153846153846156,1.0,False,False
minexplain_raw_temporal,d16,16,736,0.0,1.0,False,False
minexplain_raw_temporal,d16,16,800,0.0,1.0,False,False
minexplain_raw_temporal,d16,16,864,0.0,1.0,False,False
minexplain_raw_temporal,d17,17,160,0.0,1.0,False,False
minexplain_raw_temporal,d17,17,224,0.16666666666666666,1.0,False,False
minexplain_raw_temporal,d17,17,288,0.0,1.0,False,False
minexplain_raw_temporal,d17,17,352,0.0,1.0,False,False
minexplain_raw_temporal,d17,17,416,0.0,1.0,False,False
minexplain_raw_temporal,d17,17,480,0.0,1.0,False,False
minexplain_raw_temporal,d17,17,544,0.22727272727272727,1.0,False,False
minexplain_raw_temporal,d17,17,608,0.06060606060606061,1.0,False,False
minexplain_raw_temporal,d17,17,672,0.05555555555555555,1.0,False,False
minexplain_raw_temporal,d17,17,736,0.0,1.0,False,False
minexplain_raw_temporal,d17,17,800,0.0,1.0,False,False
minexplain_raw_temporal,d17,17,864,0.0,1.0,False,False
minexplain_raw_temporal,d18,18,160,0.5333333333333333,1.0,False,False
minexplain_raw_temporal,d18,18,224,0.0,1.0,False,False
minexplain_raw_temporal,d18,18,288,0.008264462809917356,1.0,False,False
minexplain_raw_temporal,d18,18,352,0.02158273381294964,1.0,False,False
minexplain_raw_temporal,d18,18,416,0.24719101123595505,1.0,False,False
minexplain_raw_temporal,d18,18,480,0.27380952380952384,1.0,False,False
minexplain_raw_temporal,d18,18,544,0.2857142857142857,1.0,False,False
minexplain_raw_temporal,d18,18,608,0.2857142857142857,1.0,False,False
minexplain_raw_temporal,d18,18,672,0.27710843373493976,1.0,False,False
minexplain_raw_temporal,d18,18,736,0.2823529411764706,1.0,False,False
minexplain_raw_temporal,d18,18,800,0.29411764705882354,1.0,False,False
minexplain_raw_temporal,d18,18,864,0.27058823529411763,1.0,False,False
minexplain_raw_temporal,d19,19,160,0.0,1.0,False,False
minexplain_raw_temporal,d19,19,224,0.0,1.0,False,False
minexplain_raw_temporal,d19,19,288,0.24,1.0,False,False
minexplain_raw_temporal,d19,19,352,0.0,1.0,False,False
minexplain_raw_temporal,d19,19,416,0.1111111111111111,1.0,False,False
minexplain_raw_temporal,d19,19,480,0.0,1.0,False,False
minexplain_raw_temporal,d19,19,544,0.0,1.0,False,False
minexplain_raw_temporal,d19,19,608,0.0,1.0,False,False
minexplain_raw_temporal,d19,19,672,0.25,1.0,False,False
minexplain_raw_temporal,d19,19,736,0.1,1.0,False,False
minexplain_raw_temporal,d19,19,800,0.06666666666666667,1.0,False,False
minexplain_raw_temporal,d19,19,864,0.09523809523809523,1.0,False,False
minexplain_raw_temporal,d20,20,160,0.0,1.0,False,False
minexplain_raw_temporal,d20,20,224,0.0,1.0,False,False
minexplain_raw_temporal,d20,20,288,0.0,1.0,False,False
minexplain_raw_temporal,d20,20,352,0.0,1.0,False,False
minexplain_raw_temporal,d20,20,416,0.20689655172413793,1.0,False,False
minexplain_raw_temporal,d20,20,480,0.0,1.0,False,False
minexplain_raw_temporal,d20,20,544,0.0,1.0,False,False
minexplain_raw_temporal,d20,20,608,0.0,1.0,False,False
minexplain_raw_temporal,d20,20,672,0.23076923076923078,1.0,False,False
minexplain_raw_temporal,d20,20,736,0.1724137931034483,1.0,False,False
minexplain_raw_temporal,d20,20,800,0.1794871794871795,1.0,False,False
minexplain_raw_temporal,d20,20,864,0.0,1.0,False,False
minexplain_raw_temporal,d21,21,160,0.6,1.0,False,True
minexplain_raw_temporal,d21,21,224,0.4,1.0,False,True
minexplain_raw_temporal,d21,21,288,0.6666666666666666,1.0,False,True
minexplain_raw_temporal,d21,21,352,0.4,1.0,False,True
minexplain_raw_temporal,d21,21,416,1.0,1.0,False,True
minexplain_raw_temporal,d21,21,480,0.5384615384615384,1.0,False,True
minexplain_raw_temporal,d21,21,544,0.5714285714285714,1.0,False,True
minexplain_raw_temporal,d21,21,608,0.35,1.0,False,True
minexplain_raw_temporal,d21,21,672,0.45,1.0,False,True
minexplain_raw_temporal,d21,21,736,0.625,1.0,False,True
minexplain_raw_temporal,d21,21,800,0.5,1.0,False,True
minexplain_raw_temporal,d21,21,864,0.39285714285714285,1.0,False,True
aec_adapted_frozen_chronos2,d00,0,0,1.0,1.0,False,False
aec_adapted_frozen_chronos2,d00,0,64,0.5714285714285714,1.0,False,False
aec_adapted_frozen_chronos2,d00,0,128,1.0,1.0,False,False
aec_adapted_frozen_chronos2,d00,0,192,0.5714285714285714,1.0,False,False
aec_adapted_frozen_chronos2,d00,0,256,1.0,1.0,False,False
aec_adapted_frozen_chronos2,d00,0,320,0.6666666666666666,1.0,False,False
aec_adapted_frozen_chronos2,d00,0,384,0.3333333333333333,1.0,False,False
aec_adapted_frozen_chronos2,d00,0,448,0.2222222222222222,1.0,False,False
aec_adapted_frozen_chronos2,d00,0,512,0.3333333333333333,1.0,False,False
aec_adapted_frozen_chronos2,d00,0,576,0.125,1.0,False,False
aec_adapted_frozen_chronos2,d00,0,640,0.5,1.0,False,False
aec_adapted_frozen_chronos2,d00,0,704,0.8,1.0,False,False
aec_adapted_frozen_chronos2,d00,0,768,0.14285714285714285,1.0,False,False
aec_adapted_frozen_chronos2,d00,0,832,0.2,1.0,False,False
aec_adapted_frozen_chronos2,d00,0,896,0.0,1.0,False,False
aec_adapted_frozen_chronos2,d01,1,160,0.0,1.0,False,False
aec_adapted_frozen_chronos2,d01,1,224,0.0,1.0,False,False
aec_adapted_frozen_chronos2,d01,1,288,0.0,1.0,False,False
aec_adapted_frozen_chronos2,d01,1,352,0.0,1.0,False,False
aec_adapted_frozen_chronos2,d01,1,416,0.0,1.0,False,False
aec_adapted_frozen_chronos2,d01,1,480,0.05,1.0,False,False
aec_adapted_frozen_chronos2,d01,1,544,0.6,1.0,False,False
aec_adapted_frozen_chronos2,d01,1,608,0.7391304347826086,1.0,False,False
aec_adapted_frozen_chronos2,d01,1,672,0.175,1.0,False,False
aec_adapted_frozen_chronos2,d01,1,736,0.8,1.0,False,False
aec_adapted_frozen_chronos2,d01,1,800,0.5588235294117647,1.0,False,False
aec_adapted_frozen_chronos2,d01,1,864,0.0,1.0,False,False
aec_adapted_frozen_chronos2,d02,2,160,0.02857142857142857,1.0,False,False
aec_adapted_frozen_chronos2,d02,2,224,0.0,1.0,False,False
aec_adapted_frozen_chronos2,d02,2,288,0.0625,1.0,False,False
aec_adapted_frozen_chronos2,d02,2,352,0.1016949152542373,1.0,False,False
aec_adapted_frozen_chronos2,d02,2,416,0.0,1.0,False,False
aec_adapted_frozen_chronos2,d02,2,480,0.030303030303030304,1.0,False,False
aec_adapted_frozen_chronos2,d02,2,544,0.09090909090909091,1.0,False,False
aec_adapted_frozen_chronos2,d02,2,608,0.029411764705882353,1.0,False,False
aec_adapted_frozen_chronos2,d02,2,672,0.02702702702702703,1.0,False,False
aec_adapted_frozen_chronos2,d02,2,736,0.05263157894736842,1.0,False,False
aec_adapted_frozen_chronos2,d02,2,800,0.0,1.0,False,False
aec_adapted_frozen_chronos2,d02,2,864,0.0,1.0,False,False
aec_adapted_frozen_chronos2,d03,3,160,0.0,1.0,False,False
aec_adapted_frozen_chronos2,d03,3,224,0.0,1.0,False,False
aec_adapted_frozen_chronos2,d03,3,288,0.5625,1.0,False,False
aec_adapted_frozen_chronos2,d03,3,352,1.0,1.0,False,False
aec_adapted_frozen_chronos2,d03,3,416,0.42857142857142855,1.0,False,False
aec_adapted_frozen_chronos2,d03,3,480,0.08333333333333333,1.0,False,False
aec_adapted_frozen_chronos2,d03,3,544,0.0,1.0,False,False
aec_adapted_frozen_chronos2,d03,3,608,0.375,1.0,False,False
aec_adapted_frozen_chronos2,d03,3,672,0.5714285714285714,1.0,False,False
aec_adapted_frozen_chronos2,d03,3,736,1.0,1.0,False,False
aec_adapted_frozen_chronos2,d03,3,800,0.3076923076923077,1.0,False,False
aec_adapted_frozen_chronos2,d03,3,864,0.5714285714285714,1.0,False,False
aec_adapted_frozen_chronos2,d04,4,160,0.07692307692307693,1.0,False,False
aec_adapted_frozen_chronos2,d04,4,224,0.029411764705882353,1.0,False,False
aec_adapted_frozen_chronos2,d04,4,288,0.0,1.0,False,False
aec_adapted_frozen_chronos2,d04,4,352,0.9,1.0,False,False
aec_adapted_frozen_chronos2,d04,4,416,0.3125,1.0,False,False
aec_adapted_frozen_chronos2,d04,4,480,0.9545454545454546,1.0,False,False
aec_adapted_frozen_chronos2,d04,4,544,0.2727272727272727,1.0,False,False
aec_adapted_frozen_chronos2,d04,4,608,0.7272727272727273,1.0,False,False
aec_adapted_frozen_chronos2,d04,4,672,0.3333333333333333,1.0,False,False
aec_adapted_frozen_chronos2,d04,4,736,0.1111111111111111,1.0,False,False
aec_adapted_frozen_chronos2,d04,4,800,0.2222222222222222,1.0,False,False
aec_adapted_frozen_chronos2,d04,4,864,0.0,1.0,False,False
aec_adapted_frozen_chronos2,d05,5,160,0.0,1.0,False,False
aec_adapted_frozen_chronos2,d05,5,224,0.01818181818181818,1.0,False,False
aec_adapted_frozen_chronos2,d05,5,288,0.0,1.0,False,False
aec_adapted_frozen_chronos2,d05,5,352,0.0,1.0,False,False
aec_adapted_frozen_chronos2,d05,5,416,0.1891891891891892,1.0,False,False
aec_adapted_frozen_chronos2,d05,5,480,1.0,1.0,False,False
aec_adapted_frozen_chronos2,d05,5,544,0.375,1.0,False,False
aec_adapted_frozen_chronos2,d05,5,608,1.0,1.0,False,False
aec_adapted_frozen_chronos2,d05,5,672,0.75,1.0,False,False
aec_adapted_frozen_chronos2,d05,5,736,0.42857142857142855,1.0,False,False
aec_adapted_frozen_chronos2,d05,5,800,0.7,1.0,False,False
aec_adapted_frozen_chronos2,d05,5,864,0.2,1.0,False,False
aec_adapted_frozen_chronos2,d06,6,160,0.0,1.0,False,False
aec_adapted_frozen_chronos2,d06,6,224,0.0,1.0,False,False
aec_adapted_frozen_chronos2,d06,6,288,0.011904761904761904,1.0,False,False
aec_adapted_frozen_chronos2,d06,6,352,0.023255813953488372,1.0,False,False
aec_adapted_frozen_chronos2,d06,6,416,0.03529411764705882,1.0,False,False
aec_adapted_frozen_chronos2,d06,6,480,0.05813953488372093,1.0,False,False
aec_adapted_frozen_chronos2,d06,6,544,0.03614457831325301,1.0,False,False
aec_adapted_frozen_chronos2,d06,6,608,0.037037037037037035,1.0,False,False
aec_adapted_frozen_chronos2,d06,6,672,0.04819277108433735,1.0,False,False
aec_adapted_frozen_chronos2,d06,6,736,0.03614457831325301,1.0,False,False
aec_adapted_frozen_chronos2,d06,6,800,0.03571428571428571,1.0,False,False
aec_adapted_frozen_chronos2,d06,6,864,0.036585365853658534,1.0,False,False
aec_adapted_frozen_chronos2,d07,7,160,0.0,1.0,False,False
aec_adapted_frozen_chronos2,d07,7,224,0.0,1.0,False,False
aec_adapted_frozen_chronos2,d07,7,288,0.0,1.0,False,False
aec_adapted_frozen_chronos2,d07,7,352,0.0,1.0,False,False
aec_adapted_frozen_chronos2,d07,7,416,0.015384615384615385,1.0,False,False
aec_adapted_frozen_chronos2,d07,7,480,0.0,1.0,False,False
aec_adapted_frozen_chronos2,d07,7,544,0.17647058823529413,1.0,False,False
aec_adapted_frozen_chronos2,d07,7,608,0.10714285714285714,1.0,False,False
aec_adapted_frozen_chronos2,d07,7,672,1.0,1.0,False,False
aec_adapted_frozen_chronos2,d07,7,736,0.4,1.0,False,False
aec_adapted_frozen_chronos2,d07,7,800,0.25,1.0,False,False
aec_adapted_frozen_chronos2,d07,7,864,0.6666666666666666,1.0,False,False
aec_adapted_frozen_chronos2,d08,8,160,0.0,1.0,False,False
aec_adapted_frozen_chronos2,d08,8,224,0.0,1.0,False,False
aec_adapted_frozen_chronos2,d08,8,288,0.0,1.0,False,False
aec_adapted_frozen_chronos2,d08,8,352,0.0,1.0,False,False
aec_adapted_frozen_chronos2,d08,8,416,0.0,1.0,False,False
aec_adapted_frozen_chronos2,d08,8,480,0.0,1.0,False,False
aec_adapted_frozen_chronos2,d08,8,544,0.0,1.0,False,False
aec_adapted_frozen_chronos2,d08,8,608,0.0,1.0,False,False
aec_adapted_frozen_chronos2,d08,8,672,0.0,1.0,False,False
aec_adapted_frozen_chronos2,d08,8,736,0.0,1.0,False,False
aec_adapted_frozen_chronos2,d08,8,800,0.0,1.0,False,False
aec_adapted_frozen_chronos2,d08,8,864,0.0,1.0,False,False
aec_adapted_frozen_chronos2,d09,9,160,0.0,1.0,False,False
aec_adapted_frozen_chronos2,d09,9,224,0.2,1.0,False,False
aec_adapted_frozen_chronos2,d09,9,288,0.0,1.0,False,False
aec_adapted_frozen_chronos2,d09,9,352,0.3333333333333333,1.0,False,False
aec_adapted_frozen_chronos2,d09,9,416,0.2,1.0,False,False
aec_adapted_frozen_chronos2,d09,9,480,0.2857142857142857,1.0,False,False
aec_adapted_frozen_chronos2,d09,9,544,0.38461538461538464,1.0,False,False
aec_adapted_frozen_chronos2,d09,9,608,0.35,1.0,False,False
aec_adapted_frozen_chronos2,d09,9,672,0.4375,1.0,False,False
aec_adapted_frozen_chronos2,d09,9,736,0.7222222222222222,1.0,False,False
aec_adapted_frozen_chronos2,d09,9,800,0.034482758620689655,1.0,False,False
aec_adapted_frozen_chronos2,d09,9,864,0.02857142857142857,1.0,False,False
aec_adapted_frozen_chronos2,d10,10,160,0.0,1.0,False,False
aec_adapted_frozen_chronos2,d10,10,224,0.0,1.0,False,False
aec_adapted_frozen_chronos2,d10,10,288,0.16129032258064516,1.0,False,False
aec_adapted_frozen_chronos2,d10,10,352,0.0,1.0,False,False
aec_adapted_frozen_chronos2,d10,10,416,0.25,1.0,False,False
aec_adapted_frozen_chronos2,d10,10,480,0.5,1.0,False,False
aec_adapted_frozen_chronos2,d10,10,544,0.17391304347826086,1.0,False,False
aec_adapted_frozen_chronos2,d10,10,608,0.0,1.0,False,False
aec_adapted_frozen_chronos2,d10,10,672,0.0,1.0,False,False
aec_adapted_frozen_chronos2,d10,10,736,0.0,1.0,False,False
aec_adapted_frozen_chronos2,d10,10,800,0.0,1.0,False,False
aec_adapted_frozen_chronos2,d10,10,864,0.6666666666666666,1.0,False,False
aec_adapted_frozen_chronos2,d11,11,160,0.14285714285714285,1.0,False,False
aec_adapted_frozen_chronos2,d11,11,224,0.2,1.0,False,False
aec_adapted_frozen_chronos2,d11,11,288,0.08571428571428572,1.0,False,False
aec_adapted_frozen_chronos2,d11,11,352,0.03571428571428571,1.0,False,False
aec_adapted_frozen_chronos2,d11,11,416,0.2391304347826087,1.0,False,False
aec_adapted_frozen_chronos2,d11,11,480,0.13953488372093023,1.0,False,False
aec_adapted_frozen_chronos2,d11,11,544,0.043478260869565216,1.0,False,False
aec_adapted_frozen_chronos2,d11,11,608,0.1935483870967742,1.0,False,False
aec_adapted_frozen_chronos2,d11,11,672,0.0,1.0,False,False
aec_adapted_frozen_chronos2,d11,11,736,0.0,1.0,False,False
aec_adapted_frozen_chronos2,d11,11,800,0.36363636363636365,1.0,False,False
aec_adapted_frozen_chronos2,d11,11,864,0.14285714285714285,1.0,False,False
aec_adapted_frozen_chronos2,d12,12,160,0.0,1.0,False,False
aec_adapted_frozen_chronos2,d12,12,224,0.0,1.0,False,False
aec_adapted_frozen_chronos2,d12,12,288,0.0,1.0,False,False
aec_adapted_frozen_chronos2,d12,12,352,0.0,1.0,False,False
aec_adapted_frozen_chronos2,d12,12,416,0.0,1.0,False,False
aec_adapted_frozen_chronos2,d12,12,480,0.0,1.0,False,False
aec_adapted_frozen_chronos2,d12,12,544,0.02564102564102564,1.0,False,False
aec_adapted_frozen_chronos2,d12,12,608,0.0,1.0,False,False
aec_adapted_frozen_chronos2,d12,12,672,0.0,1.0,False,False
aec_adapted_frozen_chronos2,d12,12,736,0.0,1.0,False,False
aec_adapted_frozen_chronos2,d12,12,800,0.016260162601626018,1.0,False,False
aec_adapted_frozen_chronos2,d12,12,864,0.0,1.0,False,False
aec_adapted_frozen_chronos2,d13,13,160,0.07017543859649122,1.0,False,False
aec_adapted_frozen_chronos2,d13,13,224,0.012195121951219513,1.0,False,False
aec_adapted_frozen_chronos2,d13,13,288,0.0,1.0,False,False
aec_adapted_frozen_chronos2,d13,13,352,0.0,1.0,False,False
aec_adapted_frozen_chronos2,d13,13,416,0.0,1.0,False,False
aec_adapted_frozen_chronos2,d13,13,480,0.0,1.0,False,False
aec_adapted_frozen_chronos2,d13,13,544,0.0,1.0,False,False
aec_adapted_frozen_chronos2,d13,13,608,0.0,1.0,False,False
aec_adapted_frozen_chronos2,d13,13,672,0.016129032258064516,1.0,False,False
aec_adapted_frozen_chronos2,d13,13,736,0.0,1.0,False,False
aec_adapted_frozen_chronos2,d13,13,800,0.024390243902439025,1.0,False,False
aec_adapted_frozen_chronos2,d13,13,864,0.015873015873015872,1.0,False,False
aec_adapted_frozen_chronos2,d14,14,160,0.125,1.0,False,False
aec_adapted_frozen_chronos2,d14,14,224,0.1111111111111111,1.0,False,False
aec_adapted_frozen_chronos2,d14,14,288,0.0,1.0,False,False
aec_adapted_frozen_chronos2,d14,14,352,0.0,1.0,False,False
aec_adapted_frozen_chronos2,d14,14,416,0.09090909090909091,1.0,False,False
aec_adapted_frozen_chronos2,d14,14,480,0.0,1.0,False,False
aec_adapted_frozen_chronos2,d14,14,544,0.1,1.0,False,False
aec_adapted_frozen_chronos2,d14,14,608,0.0,1.0,False,False
aec_adapted_frozen_chronos2,d14,14,672,0.0,1.0,False,False
aec_adapted_frozen_chronos2,d14,14,736,0.2222222222222222,1.0,False,False
aec_adapted_frozen_chronos2,d14,14,800,0.1111111111111111,1.0,False,False
aec_adapted_frozen_chronos2,d14,14,864,0.05555555555555555,1.0,False,False
aec_adapted_frozen_chronos2,d15,15,160,1.0,1.0,False,False
aec_adapted_frozen_chronos2,d15,15,224,0.375,1.0,False,False
aec_adapted_frozen_chronos2,d15,15,288,1.0,1.0,False,False
aec_adapted_frozen_chronos2,d15,15,352,1.0,1.0,False,False
aec_adapted_frozen_chronos2,d15,15,416,0.0,1.0,False,False
aec_adapted_frozen_chronos2,d15,15,480,0.3333333333333333,1.0,False,False
aec_adapted_frozen_chronos2,d15,15,544,0.06666666666666667,1.0,False,False
aec_adapted_frozen_chronos2,d15,15,608,0.5625,1.0,False,False
aec_adapted_frozen_chronos2,d15,15,672,0.0,1.0,False,False
aec_adapted_frozen_chronos2,d15,15,736,0.0,1.0,False,False
aec_adapted_frozen_chronos2,d15,15,800,0.0,1.0,False,False
aec_adapted_frozen_chronos2,d15,15,864,0.35714285714285715,1.0,False,False
aec_adapted_frozen_chronos2,d16,16,160,0.11764705882352941,1.0,False,False
aec_adapted_frozen_chronos2,d16,16,224,0.125,1.0,False,False
aec_adapted_frozen_chronos2,d16,16,288,0.045454545454545456,1.0,False,False
aec_adapted_frozen_chronos2,d16,16,352,0.02702702702702703,1.0,False,False
aec_adapted_frozen_chronos2,d16,16,416,0.34782608695652173,1.0,False,False
aec_adapted_frozen_chronos2,d16,16,480,0.06451612903225806,1.0,False,False
aec_adapted_frozen_chronos2,d16,16,544,0.0,1.0,False,False
aec_adapted_frozen_chronos2,d16,16,608,0.11538461538461539,1.0,False,False
aec_adapted_frozen_chronos2,d16,16,672,0.46153846153846156,1.0,False,False
aec_adapted_frozen_chronos2,d16,16,736,0.0,1.0,False,False
aec_adapted_frozen_chronos2,d16,16,800,0.0,1.0,False,False
aec_adapted_frozen_chronos2,d16,16,864,0.0,1.0,False,False
aec_adapted_frozen_chronos2,d17,17,160,0.0,1.0,False,False
aec_adapted_frozen_chronos2,d17,17,224,0.16666666666666666,1.0,False,False
aec_adapted_frozen_chronos2,d17,17,288,0.0,1.0,False,False
aec_adapted_frozen_chronos2,d17,17,352,0.0,1.0,False,False
aec_adapted_frozen_chronos2,d17,17,416,0.0,1.0,False,False
aec_adapted_frozen_chronos2,d17,17,480,0.0,1.0,False,False
aec_adapted_frozen_chronos2,d17,17,544,0.22727272727272727,1.0,False,False
aec_adapted_frozen_chronos2,d17,17,608,0.06060606060606061,1.0,False,False
aec_adapted_frozen_chronos2,d17,17,672,0.05555555555555555,1.0,False,False
aec_adapted_frozen_chronos2,d17,17,736,0.0,1.0,False,False
aec_adapted_frozen_chronos2,d17,17,800,0.0,1.0,False,False
aec_adapted_frozen_chronos2,d17,17,864,0.0,1.0,False,False
aec_adapted_frozen_chronos2,d18,18,160,0.5333333333333333,1.0,False,False
aec_adapted_frozen_chronos2,d18,18,224,0.0,1.0,False,False
aec_adapted_frozen_chronos2,d18,18,288,0.008264462809917356,1.0,False,False
aec_adapted_frozen_chronos2,d18,18,352,0.02158273381294964,1.0,False,False
aec_adapted_frozen_chronos2,d18,18,416,0.24719101123595505,1.0,False,False
aec_adapted_frozen_chronos2,d18,18,480,0.27380952380952384,1.0,False,False
aec_adapted_frozen_chronos2,d18,18,544,0.2857142857142857,1.0,False,False
aec_adapted_frozen_chronos2,d18,18,608,0.2857142857142857,1.0,False,False
aec_adapted_frozen_chronos2,d18,18,672,0.27710843373493976,1.0,False,False
aec_adapted_frozen_chronos2,d18,18,736,0.2823529411764706,1.0,False,False
aec_adapted_frozen_chronos2,d18,18,800,0.29411764705882354,1.0,False,False
aec_adapted_frozen_chronos2,d18,18,864,0.27058823529411763,1.0,False,False
aec_adapted_frozen_chronos2,d19,19,160,0.0,1.0,False,False
aec_adapted_frozen_chronos2,d19,19,224,0.0,1.0,False,False
aec_adapted_frozen_chronos2,d19,19,288,0.24,1.0,False,False
aec_adapted_frozen_chronos2,d19,19,352,0.0,1.0,False,False
aec_adapted_frozen_chronos2,d19,19,416,0.1111111111111111,1.0,False,False
aec_adapted_frozen_chronos2,d19,19,480,0.0,1.0,False,False
aec_adapted_frozen_chronos2,d19,19,544,0.0,1.0,False,False
aec_adapted_frozen_chronos2,d19,19,608,0.0,1.0,False,False
aec_adapted_frozen_chronos2,d19,19,672,0.25,1.0,False,False
aec_adapted_frozen_chronos2,d19,19,736,0.1,1.0,False,False
aec_adapted_frozen_chronos2,d19,19,800,0.06666666666666667,1.0,False,False
aec_adapted_frozen_chronos2,d19,19,864,0.09523809523809523,1.0,False,False
aec_adapted_frozen_chronos2,d20,20,160,0.0,1.0,False,False
aec_adapted_frozen_chronos2,d20,20,224,0.0,1.0,False,False
aec_adapted_frozen_chronos2,d20,20,288,0.0,1.0,False,False
aec_adapted_frozen_chronos2,d20,20,352,0.0,1.0,False,False
aec_adapted_frozen_chronos2,d20,20,416,0.20689655172413793,1.0,False,False
aec_adapted_frozen_chronos2,d20,20,480,0.0,1.0,False,False
aec_adapted_frozen_chronos2,d20,20,544,0.0,1.0,False,False
aec_adapted_frozen_chronos2,d20,20,608,0.0,1.0,False,False
aec_adapted_frozen_chronos2,d20,20,672,0.23076923076923078,1.0,False,False
aec_adapted_frozen_chronos2,d20,20,736,0.1724137931034483,1.0,False,False
aec_adapted_frozen_chronos2,d20,20,800,0.1794871794871795,1.0,False,False
aec_adapted_frozen_chronos2,d20,20,864,0.0,1.0,False,False
aec_adapted_frozen_chronos2,d21,21,160,0.6,1.0,False,True
aec_adapted_frozen_chronos2,d21,21,224,0.4,1.0,False,True
aec_adapted_frozen_chronos2,d21,21,288,0.6666666666666666,1.0,False,True
aec_adapted_frozen_chronos2,d21,21,352,0.4,1.0,False,True
aec_adapted_frozen_chronos2,d21,21,416,1.0,1.0,False,True
aec_adapted_frozen_chronos2,d21,21,480,0.5384615384615384,1.0,False,True
aec_adapted_frozen_chronos2,d21,21,544,0.5714285714285714,1.0,False,True
aec_adapted_frozen_chronos2,d21,21,608,0.35,1.0,False,True
aec_adapted_frozen_chronos2,d21,21,672,0.45,1.0,False,True
aec_adapted_frozen_chronos2,d21,21,736,0.625,1.0,False,True
aec_adapted_frozen_chronos2,d21,21,800,0.5,1.0,False,True
aec_adapted_frozen_chronos2,d21,21,864,0.39285714285714285,1.0,False,True
minexplain_frozen_chronos2,d00,0,0,1.0,1.0,False,False
minexplain_frozen_chronos2,d00,0,64,0.5714285714285714,1.0,False,False
minexplain_frozen_chronos2,d00,0,128,1.0,1.0,False,False
minexplain_frozen_chronos2,d00,0,192,0.5714285714285714,1.0,False,False
minexplain_frozen_chronos2,d00,0,256,1.0,1.0,False,False
minexplain_frozen_chronos2,d00,0,320,0.6666666666666666,1.0,False,False
minexplain_frozen_chronos2,d00,0,384,0.3333333333333333,1.0,False,False
minexplain_frozen_chronos2,d00,0,448,0.2222222222222222,1.0,False,False
minexplain_frozen_chronos2,d00,0,512,0.3333333333333333,1.0,False,False
minexplain_frozen_chronos2,d00,0,576,0.125,1.0,False,False
minexplain_frozen_chronos2,d00,0,640,0.5,1.0,False,False
minexplain_frozen_chronos2,d00,0,704,0.8,1.0,False,False
minexplain_frozen_chronos2,d00,0,768,0.14285714285714285,1.0,False,False
minexplain_frozen_chronos2,d00,0,832,0.2,1.0,False,False
minexplain_frozen_chronos2,d00,0,896,0.0,1.0,False,False
minexplain_frozen_chronos2,d01,1,160,0.0,1.0,False,False
minexplain_frozen_chronos2,d01,1,224,0.0,1.0,False,False
minexplain_frozen_chronos2,d01,1,288,0.0,1.0,False,False
minexplain_frozen_chronos2,d01,1,352,0.0,1.0,False,False
minexplain_frozen_chronos2,d01,1,416,0.0,1.0,False,False
minexplain_frozen_chronos2,d01,1,480,0.05,1.0,False,False
minexplain_frozen_chronos2,d01,1,544,0.6,1.0,False,False
minexplain_frozen_chronos2,d01,1,608,0.7391304347826086,1.0,False,False
minexplain_frozen_chronos2,d01,1,672,0.175,1.0,False,False
minexplain_frozen_chronos2,d01,1,736,0.8,1.0,False,False
minexplain_frozen_chronos2,d01,1,800,0.5588235294117647,1.0,False,False
minexplain_frozen_chronos2,d01,1,864,0.0,1.0,False,False
minexplain_frozen_chronos2,d02,2,160,0.02857142857142857,1.0,False,False
minexplain_frozen_chronos2,d02,2,224,0.0,1.0,False,False
minexplain_frozen_chronos2,d02,2,288,0.0625,1.0,False,False
minexplain_frozen_chronos2,d02,2,352,0.1016949152542373,1.0,False,False
minexplain_frozen_chronos2,d02,2,416,0.0,1.0,False,False
minexplain_frozen_chronos2,d02,2,480,0.030303030303030304,1.0,False,False
minexplain_frozen_chronos2,d02,2,544,0.09090909090909091,1.0,False,False
minexplain_frozen_chronos2,d02,2,608,0.029411764705882353,1.0,False,False
minexplain_frozen_chronos2,d02,2,672,0.02702702702702703,1.0,False,False
minexplain_frozen_chronos2,d02,2,736,0.05263157894736842,1.0,False,False
minexplain_frozen_chronos2,d02,2,800,0.0,1.0,False,False
minexplain_frozen_chronos2,d02,2,864,0.0,1.0,False,False
minexplain_frozen_chronos2,d03,3,160,0.0,1.0,False,False
minexplain_frozen_chronos2,d03,3,224,0.0,1.0,False,False
minexplain_frozen_chronos2,d03,3,288,0.5625,1.0,False,False
minexplain_frozen_chronos2,d03,3,352,1.0,1.0,False,False
minexplain_frozen_chronos2,d03,3,416,0.42857142857142855,1.0,False,False
minexplain_frozen_chronos2,d03,3,480,0.08333333333333333,1.0,False,False
minexplain_frozen_chronos2,d03,3,544,0.0,1.0,False,False
minexplain_frozen_chronos2,d03,3,608,0.375,1.0,False,False
minexplain_frozen_chronos2,d03,3,672,0.5714285714285714,1.0,False,False
minexplain_frozen_chronos2,d03,3,736,1.0,1.0,False,False
minexplain_frozen_chronos2,d03,3,800,0.3076923076923077,1.0,False,False
minexplain_frozen_chronos2,d03,3,864,0.5714285714285714,1.0,False,False
minexplain_frozen_chronos2,d04,4,160,0.07692307692307693,1.0,False,False
minexplain_frozen_chronos2,d04,4,224,0.029411764705882353,1.0,False,False
minexplain_frozen_chronos2,d04,4,288,0.0,1.0,False,False
minexplain_frozen_chronos2,d04,4,352,0.9,1.0,False,False
minexplain_frozen_chronos2,d04,4,416,0.3125,1.0,False,False
minexplain_frozen_chronos2,d04,4,480,0.9545454545454546,1.0,False,False
minexplain_frozen_chronos2,d04,4,544,0.2727272727272727,1.0,False,False
minexplain_frozen_chronos2,d04,4,608,0.7272727272727273,1.0,False,False
minexplain_frozen_chronos2,d04,4,672,0.3333333333333333,1.0,False,False
minexplain_frozen_chronos2,d04,4,736,0.1111111111111111,1.0,False,False
minexplain_frozen_chronos2,d04,4,800,0.2222222222222222,1.0,False,False
minexplain_frozen_chronos2,d04,4,864,0.0,1.0,False,False
minexplain_frozen_chronos2,d05,5,160,0.0,1.0,False,False
minexplain_frozen_chronos2,d05,5,224,0.01818181818181818,1.0,False,False
minexplain_frozen_chronos2,d05,5,288,0.0,1.0,False,False
minexplain_frozen_chronos2,d05,5,352,0.0,1.0,False,False
minexplain_frozen_chronos2,d05,5,416,0.1891891891891892,1.0,False,False
minexplain_frozen_chronos2,d05,5,480,1.0,1.0,False,False
minexplain_frozen_chronos2,d05,5,544,0.375,1.0,False,False
minexplain_frozen_chronos2,d05,5,608,1.0,1.0,False,False
minexplain_frozen_chronos2,d05,5,672,0.75,1.0,False,False
minexplain_frozen_chronos2,d05,5,736,0.42857142857142855,1.0,False,False
minexplain_frozen_chronos2,d05,5,800,0.7,1.0,False,False
minexplain_frozen_chronos2,d05,5,864,0.2,1.0,False,False
minexplain_frozen_chronos2,d06,6,160,0.0,1.0,False,False
minexplain_frozen_chronos2,d06,6,224,0.0,1.0,False,False
minexplain_frozen_chronos2,d06,6,288,0.011904761904761904,1.0,False,False
minexplain_frozen_chronos2,d06,6,352,0.023255813953488372,1.0,False,False
minexplain_frozen_chronos2,d06,6,416,0.03529411764705882,1.0,False,False
minexplain_frozen_chronos2,d06,6,480,0.05813953488372093,1.0,False,False
minexplain_frozen_chronos2,d06,6,544,0.03614457831325301,1.0,False,False
minexplain_frozen_chronos2,d06,6,608,0.037037037037037035,1.0,False,False
minexplain_frozen_chronos2,d06,6,672,0.04819277108433735,1.0,False,False
minexplain_frozen_chronos2,d06,6,736,0.03614457831325301,1.0,False,False
minexplain_frozen_chronos2,d06,6,800,0.03571428571428571,1.0,False,False
minexplain_frozen_chronos2,d06,6,864,0.036585365853658534,1.0,False,False
minexplain_frozen_chronos2,d07,7,160,0.0,1.0,False,False
minexplain_frozen_chronos2,d07,7,224,0.0,1.0,False,False
minexplain_frozen_chronos2,d07,7,288,0.0,1.0,False,False
minexplain_frozen_chronos2,d07,7,352,0.0,1.0,False,False
minexplain_frozen_chronos2,d07,7,416,0.015384615384615385,1.0,False,False
minexplain_frozen_chronos2,d07,7,480,0.0,1.0,False,False
minexplain_frozen_chronos2,d07,7,544,0.17647058823529413,1.0,False,False
minexplain_frozen_chronos2,d07,7,608,0.10714285714285714,1.0,False,False
minexplain_frozen_chronos2,d07,7,672,1.0,1.0,False,False
minexplain_frozen_chronos2,d07,7,736,0.4,1.0,False,False
minexplain_frozen_chronos2,d07,7,800,0.25,1.0,False,False
minexplain_frozen_chronos2,d07,7,864,0.6666666666666666,1.0,False,False
minexplain_frozen_chronos2,d08,8,160,0.0,1.0,False,False
minexplain_frozen_chronos2,d08,8,224,0.0,1.0,False,False
minexplain_frozen_chronos2,d08,8,288,0.0,1.0,False,False
minexplain_frozen_chronos2,d08,8,352,0.0,1.0,False,False
minexplain_frozen_chronos2,d08,8,416,0.0,1.0,False,False
minexplain_frozen_chronos2,d08,8,480,0.0,1.0,False,False
minexplain_frozen_chronos2,d08,8,544,0.0,1.0,False,False
minexplain_frozen_chronos2,d08,8,608,0.0,1.0,False,False
minexplain_frozen_chronos2,d08,8,672,0.0,1.0,False,False
minexplain_frozen_chronos2,d08,8,736,0.0,1.0,False,False
minexplain_frozen_chronos2,d08,8,800,0.0,1.0,False,False
minexplain_frozen_chronos2,d08,8,864,0.0,1.0,False,False
minexplain_frozen_chronos2,d09,9,160,0.0,1.0,False,False
minexplain_frozen_chronos2,d09,9,224,0.2,1.0,False,False
minexplain_frozen_chronos2,d09,9,288,0.0,1.0,False,False
minexplain_frozen_chronos2,d09,9,352,0.3333333333333333,1.0,False,False
minexplain_frozen_chronos2,d09,9,416,0.2,1.0,False,False
minexplain_frozen_chronos2,d09,9,480,0.2857142857142857,1.0,False,False
minexplain_frozen_chronos2,d09,9,544,0.38461538461538464,1.0,False,False
minexplain_frozen_chronos2,d09,9,608,0.35,1.0,False,False
minexplain_frozen_chronos2,d09,9,672,0.4375,1.0,False,False
minexplain_frozen_chronos2,d09,9,736,0.7222222222222222,1.0,False,False
minexplain_frozen_chronos2,d09,9,800,0.034482758620689655,1.0,False,False
minexplain_frozen_chronos2,d09,9,864,0.02857142857142857,1.0,False,False
minexplain_frozen_chronos2,d10,10,160,0.0,1.0,False,False
minexplain_frozen_chronos2,d10,10,224,0.0,1.0,False,False
minexplain_frozen_chronos2,d10,10,288,0.16129032258064516,1.0,False,False
minexplain_frozen_chronos2,d10,10,352,0.0,1.0,False,False
minexplain_frozen_chronos2,d10,10,416,0.25,1.0,False,False
minexplain_frozen_chronos2,d10,10,480,0.5,1.0,False,False
minexplain_frozen_chronos2,d10,10,544,0.17391304347826086,1.0,False,False
minexplain_frozen_chronos2,d10,10,608,0.0,1.0,False,False
minexplain_frozen_chronos2,d10,10,672,0.0,1.0,False,False
minexplain_frozen_chronos2,d10,10,736,0.0,1.0,False,False
minexplain_frozen_chronos2,d10,10,800,0.0,1.0,False,False
minexplain_frozen_chronos2,d10,10,864,0.6666666666666666,1.0,False,False
minexplain_frozen_chronos2,d11,11,160,0.14285714285714285,1.0,False,False
minexplain_frozen_chronos2,d11,11,224,0.2,1.0,False,False
minexplain_frozen_chronos2,d11,11,288,0.08571428571428572,1.0,False,False
minexplain_frozen_chronos2,d11,11,352,0.03571428571428571,1.0,False,False
minexplain_frozen_chronos2,d11,11,416,0.2391304347826087,1.0,False,False
minexplain_frozen_chronos2,d11,11,480,0.13953488372093023,1.0,False,False
minexplain_frozen_chronos2,d11,11,544,0.043478260869565216,1.0,False,False
minexplain_frozen_chronos2,d11,11,608,0.1935483870967742,1.0,False,False
minexplain_frozen_chronos2,d11,11,672,0.0,1.0,False,False
minexplain_frozen_chronos2,d11,11,736,0.0,1.0,False,False
minexplain_frozen_chronos2,d11,11,800,0.36363636363636365,1.0,False,False
minexplain_frozen_chronos2,d11,11,864,0.14285714285714285,1.0,False,False
minexplain_frozen_chronos2,d12,12,160,0.0,1.0,False,False
minexplain_frozen_chronos2,d12,12,224,0.0,1.0,False,False
minexplain_frozen_chronos2,d12,12,288,0.0,1.0,False,False
minexplain_frozen_chronos2,d12,12,352,0.0,1.0,False,False
minexplain_frozen_chronos2,d12,12,416,0.0,1.0,False,False
minexplain_frozen_chronos2,d12,12,480,0.0,1.0,False,False
minexplain_frozen_chronos2,d12,12,544,0.02564102564102564,1.0,False,False
minexplain_frozen_chronos2,d12,12,608,0.0,1.0,False,False
minexplain_frozen_chronos2,d12,12,672,0.0,1.0,False,False
minexplain_frozen_chronos2,d12,12,736,0.0,1.0,False,False
minexplain_frozen_chronos2,d12,12,800,0.016260162601626018,1.0,False,False
minexplain_frozen_chronos2,d12,12,864,0.0,1.0,False,False
minexplain_frozen_chronos2,d13,13,160,0.07017543859649122,1.0,False,False
minexplain_frozen_chronos2,d13,13,224,0.012195121951219513,1.0,False,False
minexplain_frozen_chronos2,d13,13,288,0.0,1.0,False,False
minexplain_frozen_chronos2,d13,13,352,0.0,1.0,False,False
minexplain_frozen_chronos2,d13,13,416,0.0,1.0,False,False
minexplain_frozen_chronos2,d13,13,480,0.0,1.0,False,False
minexplain_frozen_chronos2,d13,13,544,0.0,1.0,False,False
minexplain_frozen_chronos2,d13,13,608,0.0,1.0,False,False
minexplain_frozen_chronos2,d13,13,672,0.016129032258064516,1.0,False,False
minexplain_frozen_chronos2,d13,13,736,0.0,1.0,False,False
minexplain_frozen_chronos2,d13,13,800,0.024390243902439025,1.0,False,False
minexplain_frozen_chronos2,d13,13,864,0.015873015873015872,1.0,False,False
minexplain_frozen_chronos2,d14,14,160,0.125,1.0,False,False
minexplain_frozen_chronos2,d14,14,224,0.1111111111111111,1.0,False,False
minexplain_frozen_chronos2,d14,14,288,0.0,1.0,False,False
minexplain_frozen_chronos2,d14,14,352,0.0,1.0,False,False
minexplain_frozen_chronos2,d14,14,416,0.09090909090909091,1.0,False,False
minexplain_frozen_chronos2,d14,14,480,0.0,1.0,False,False
minexplain_frozen_chronos2,d14,14,544,0.1,1.0,False,False
minexplain_frozen_chronos2,d14,14,608,0.0,1.0,False,False
minexplain_frozen_chronos2,d14,14,672,0.0,1.0,False,False
minexplain_frozen_chronos2,d14,14,736,0.2222222222222222,1.0,False,False
minexplain_frozen_chronos2,d14,14,800,0.1111111111111111,1.0,False,False
minexplain_frozen_chronos2,d14,14,864,0.05555555555555555,1.0,False,False
minexplain_frozen_chronos2,d15,15,160,1.0,1.0,False,False
minexplain_frozen_chronos2,d15,15,224,0.375,1.0,False,False
minexplain_frozen_chronos2,d15,15,288,1.0,1.0,False,False
minexplain_frozen_chronos2,d15,15,352,1.0,1.0,False,False
minexplain_frozen_chronos2,d15,15,416,0.0,1.0,False,False
minexplain_frozen_chronos2,d15,15,480,0.3333333333333333,1.0,False,False
minexplain_frozen_chronos2,d15,15,544,0.06666666666666667,1.0,False,False
minexplain_frozen_chronos2,d15,15,608,0.5625,1.0,False,False
minexplain_frozen_chronos2,d15,15,672,0.0,1.0,False,False
minexplain_frozen_chronos2,d15,15,736,0.0,1.0,False,False
minexplain_frozen_chronos2,d15,15,800,0.0,1.0,False,False
minexplain_frozen_chronos2,d15,15,864,0.35714285714285715,1.0,False,False
minexplain_frozen_chronos2,d16,16,160,0.11764705882352941,1.0,False,False
minexplain_frozen_chronos2,d16,16,224,0.125,1.0,False,False
minexplain_frozen_chronos2,d16,16,288,0.045454545454545456,1.0,False,False
minexplain_frozen_chronos2,d16,16,352,0.02702702702702703,1.0,False,False
minexplain_frozen_chronos2,d16,16,416,0.34782608695652173,1.0,False,False
minexplain_frozen_chronos2,d16,16,480,0.06451612903225806,1.0,False,False
minexplain_frozen_chronos2,d16,16,544,0.0,1.0,False,False
minexplain_frozen_chronos2,d16,16,608,0.11538461538461539,1.0,False,False
minexplain_frozen_chronos2,d16,16,672,0.46153846153846156,1.0,False,False
minexplain_frozen_chronos2,d16,16,736,0.0,1.0,False,False
minexplain_frozen_chronos2,d16,16,800,0.0,1.0,False,False
minexplain_frozen_chronos2,d16,16,864,0.0,1.0,False,False
minexplain_frozen_chronos2,d17,17,160,0.0,1.0,False,False
minexplain_frozen_chronos2,d17,17,224,0.16666666666666666,1.0,False,False
minexplain_frozen_chronos2,d17,17,288,0.0,1.0,False,False
minexplain_frozen_chronos2,d17,17,352,0.0,1.0,False,False
minexplain_frozen_chronos2,d17,17,416,0.0,1.0,False,False
minexplain_frozen_chronos2,d17,17,480,0.0,1.0,False,False
minexplain_frozen_chronos2,d17,17,544,0.22727272727272727,1.0,False,False
minexplain_frozen_chronos2,d17,17,608,0.06060606060606061,1.0,False,False
minexplain_frozen_chronos2,d17,17,672,0.05555555555555555,1.0,False,False
minexplain_frozen_chronos2,d17,17,736,0.0,1.0,False,False
minexplain_frozen_chronos2,d17,17,800,0.0,1.0,False,False
minexplain_frozen_chronos2,d17,17,864,0.0,1.0,False,False
minexplain_frozen_chronos2,d18,18,160,0.5333333333333333,1.0,False,False
minexplain_frozen_chronos2,d18,18,224,0.0,1.0,False,False
minexplain_frozen_chronos2,d18,18,288,0.008264462809917356,1.0,False,False
minexplain_frozen_chronos2,d18,18,352,0.02158273381294964,1.0,False,False
minexplain_frozen_chronos2,d18,18,416,0.24719101123595505,1.0,False,False
minexplain_frozen_chronos2,d18,18,480,0.27380952380952384,1.0,False,False
minexplain_frozen_chronos2,d18,18,544,0.2857142857142857,1.0,False,False
minexplain_frozen_chronos2,d18,18,608,0.2857142857142857,1.0,False,False
minexplain_frozen_chronos2,d18,18,672,0.27710843373493976,1.0,False,False
minexplain_frozen_chronos2,d18,18,736,0.2823529411764706,1.0,False,False
minexplain_frozen_chronos2,d18,18,800,0.29411764705882354,1.0,False,False
minexplain_frozen_chronos2,d18,18,864,0.27058823529411763,1.0,False,False
minexplain_frozen_chronos2,d19,19,160,0.0,1.0,False,False
minexplain_frozen_chronos2,d19,19,224,0.0,1.0,False,False
minexplain_frozen_chronos2,d19,19,288,0.24,1.0,False,False
minexplain_frozen_chronos2,d19,19,352,0.0,1.0,False,False
minexplain_frozen_chronos2,d19,19,416,0.1111111111111111,1.0,False,False
minexplain_frozen_chronos2,d19,19,480,0.0,1.0,False,False
minexplain_frozen_chronos2,d19,19,544,0.0,1.0,False,False
minexplain_frozen_chronos2,d19,19,608,0.0,1.0,False,False
minexplain_frozen_chronos2,d19,19,672,0.25,1.0,False,False
minexplain_frozen_chronos2,d19,19,736,0.1,1.0,False,False
minexplain_frozen_chronos2,d19,19,800,0.06666666666666667,1.0,False,False
minexplain_frozen_chronos2,d19,19,864,0.09523809523809523,1.0,False,False
minexplain_frozen_chronos2,d20,20,160,0.0,1.0,False,False
minexplain_frozen_chronos2,d20,20,224,0.0,1.0,False,False
minexplain_frozen_chronos2,d20,20,288,0.0,1.0,False,False
minexplain_frozen_chronos2,d20,20,352,0.0,1.0,False,False
minexplain_frozen_chronos2,d20,20,416,0.20689655172413793,1.0,False,False
minexplain_frozen_chronos2,d20,20,480,0.0,1.0,False,False
minexplain_frozen_chronos2,d20,20,544,0.0,1.0,False,False
minexplain_frozen_chronos2,d20,20,608,0.0,1.0,False,False
minexplain_frozen_chronos2,d20,20,672,0.23076923076923078,1.0,False,False
minexplain_frozen_chronos2,d20,20,736,0.1724137931034483,1.0,False,False
minexplain_frozen_chronos2,d20,20,800,0.1794871794871795,1.0,False,False
minexplain_frozen_chronos2,d20,20,864,0.0,1.0,False,False
minexplain_frozen_chronos2,d21,21,160,0.6,1.0,False,True
minexplain_frozen_chronos2,d21,21,224,0.4,1.0,False,True
minexplain_frozen_chronos2,d21,21,288,0.6666666666666666,1.0,False,True
minexplain_frozen_chronos2,d21,21,352,0.4,1.0,False,True
minexplain_frozen_chronos2,d21,21,416,1.0,1.0,False,True
minexplain_frozen_chronos2,d21,21,480,0.5384615384615384,1.0,False,True
minexplain_frozen_chronos2,d21,21,544,0.5714285714285714,1.0,False,True
minexplain_frozen_chronos2,d21,21,608,0.35,1.0,False,True
minexplain_frozen_chronos2,d21,21,672,0.45,1.0,False,True
minexplain_frozen_chronos2,d21,21,736,0.625,1.0,False,True
minexplain_frozen_chronos2,d21,21,800,0.5,1.0,False,True
minexplain_frozen_chronos2,d21,21,864,0.39285714285714285,1.0,False,True
