class,item,start,end,split,selected,rank,n_evidence,n_unexplained,n_candidates,cost,missing_mean,candidate_events,predicted_class,method
0,d00,0,64,test,[],[-1],5,5,0,0.0,0.0,[],-1,aec_prototype_strict
0,d00,64,128,test,[15],[15],7,4,1,2.142436760071355,0.0,[15],15,aec_prototype_strict
0,d00,128,192,test,[],[-1],10,10,0,0.0,0.0,[],-1,aec_prototype_strict
0,d00,192,256,test,[15],[15],7,4,1,2.0223355024137666,0.0,[15],15,aec_prototype_strict
0,d00,256,320,test,[],[-1],15,15,0,0.0,0.0,[],-1,aec_prototype_strict
0,d00,320,384,test,[],[-1],3,3,0,0.0,0.0,[],-1,aec_prototype_strict
0,d00,384,448,test,[],[-1],9,9,0,0.0,0.0,[],-1,aec_prototype_strict
0,d00,448,512,test,[15],[15],9,2,1,4.519464690792654,0.0,[15],15,aec_prototype_strict
0,d00,512,576,test,[3],[3],21,14,1,5.150417641634778,0.0,[3],3,aec_prototype_strict
0,d00,576,640,test,[15],[15],8,1,1,6.2226683877853315,0.0,[15],15,aec_prototype_strict
0,d00,640,704,test,[],[-1],8,8,0,0.0,0.0,[],-1,aec_prototype_strict
0,d00,704,768,test,[],[-1],20,20,0,0.0,0.0,[],-1,aec_prototype_strict
0,d00,768,832,test,"[16, 9]","[16, 9]",28,11,2,20.389678665742295,0.0,"[9, 16]",16,aec_prototype_strict
0,d00,832,896,test,"[9, 16]","[9, 16]",25,10,2,13.12535686876639,0.0,"[9, 16]",9,aec_prototype_strict
0,d00,896,960,test,[9],[9],5,0,1,3.161854594931792,0.0,[9],9,aec_prototype_strict
1,d01,160,224,test,"[9, 3, 16, 10]","[9, 3, 16, 10]",100,40,4,97.42596510667505,0.0,"[3, 9, 10, 16]",9,aec_prototype_strict
1,d01,224,288,test,"[4, 9, 16, 15, 10]","[4, 9, 16, 15, 10]",105,43,5,103.89195101660772,0.0,"[4, 9, 10, 15, 16]",4,aec_prototype_strict
1,d01,288,352,test,"[9, 16, 15, 10]","[9, 16, 15, 10]",87,36,4,79.91226407299352,0.0,"[9, 10, 15, 16]",9,aec_prototype_strict
1,d01,352,416,test,"[9, 3, 16, 15, 10]","[9, 3, 16, 15, 10]",96,34,5,97.98105756350478,0.0,"[3, 9, 10, 15, 16]",9,aec_prototype_strict
1,d01,416,480,test,"[9, 3, 16, 15, 10]","[9, 3, 16, 15, 10]",63,17,5,57.48949626175072,0.0,"[3, 9, 10, 15, 16]",9,aec_prototype_strict
1,d01,480,544,test,"[9, 16, 15]","[9, 16, 15]",40,18,3,19.74452347600569,0.0,"[9, 15, 16]",9,aec_prototype_strict
1,d01,544,608,test,[15],[15],30,18,1,10.930829899152492,0.0,[15],15,aec_prototype_strict
1,d01,608,672,test,[15],[15],23,18,1,3.6304301603317866,0.0,[15],15,aec_prototype_strict
1,d01,672,736,test,"[9, 15]","[9, 15]",40,23,2,13.648576699438166,0.0,"[9, 15]",9,aec_prototype_strict
1,d01,736,800,test,[15],[15],15,12,1,3.2998478764667696,0.0,[15],15,aec_prototype_strict
1,d01,800,864,test,[15],[15],34,19,1,12.800681794006735,0.0,[15],15,aec_prototype_strict
1,d01,864,928,test,"[9, 15, 16, 10]","[9, 15, 16, 10]",47,12,4,32.436467730658116,0.0,"[9, 10, 15, 16]",9,aec_prototype_strict
2,d02,160,224,test,[],[-1],70,70,0,0.0,0.0,[],-1,aec_prototype_strict
2,d02,224,288,test,"[4, 9, 16, 10]","[4, 9, 16, 10]",90,31,4,81.21273064498675,0.0,"[4, 9, 10, 16]",4,aec_prototype_strict
2,d02,288,352,test,[4],[4],48,44,1,5.366870080717678,0.0,[4],4,aec_prototype_strict
2,d02,352,416,test,"[4, 3]","[4, 3]",59,43,2,19.748323175666375,0.0,"[3, 4]",4,aec_prototype_strict
2,d02,416,480,test,[4],[4],41,36,1,3.0930191694812526,0.0,[4],4,aec_prototype_strict
2,d02,480,544,test,[4],[4],33,32,1,1.8890069178679727,0.0,[4],4,aec_prototype_strict
2,d02,544,608,test,[4],[4],33,32,1,1.8889097046262076,0.0,[4],4,aec_prototype_strict
2,d02,608,672,test,[4],[4],34,33,1,1.8914746789157337,0.0,[4],4,aec_prototype_strict
2,d02,672,736,test,[4],[4],37,33,1,4.0147247359408285,0.0,[4],4,aec_prototype_strict
2,d02,736,800,test,[4],[4],38,34,1,4.573208044267346,0.0,[4],4,aec_prototype_strict
2,d02,800,864,test,"[4, 3]","[4, 3]",44,27,2,18.493692156135097,0.0,"[3, 4]",4,aec_prototype_strict
2,d02,864,928,test,[4],[4],37,36,1,1.8912191858450162,0.0,[4],4,aec_prototype_strict
3,d03,160,224,test,"[9, 16]","[9, 16]",31,18,2,11.309325771503412,0.0,"[9, 16]",9,aec_prototype_strict
3,d03,224,288,test,[],[-1],19,19,0,0.0,0.0,[],-1,aec_prototype_strict
3,d03,288,352,test,[],[-1],16,16,0,0.0,0.0,[],-1,aec_prototype_strict
3,d03,352,416,test,[],[-1],7,7,0,0.0,0.0,[],-1,aec_prototype_strict
3,d03,416,480,test,[],[-1],7,7,0,0.0,0.0,[],-1,aec_prototype_strict
3,d03,480,544,test,[3],[3],24,9,1,15.300226805190869,0.0,[3],3,aec_prototype_strict
3,d03,544,608,test,"[9, 15]","[9, 15]",33,12,2,19.95928937662912,0.0,"[9, 15]",9,aec_prototype_strict
3,d03,608,672,test,[15],[15],24,9,1,14.879220190769365,0.0,[15],15,aec_prototype_strict
3,d03,672,736,test,[],[-1],7,7,0,0.0,0.0,[],-1,aec_prototype_strict
3,d03,736,800,test,[],[-1],16,16,0,0.0,0.0,[],-1,aec_prototype_strict
3,d03,800,864,test,[3],[3],13,9,1,3.1838860467095764,0.0,[3],3,aec_prototype_strict
3,d03,864,928,test,[9],[9],14,11,1,1.6155040097261733,0.0,[9],9,aec_prototype_strict
4,d04,160,224,test,[4],[4],13,9,1,2.8047910638944398,0.0,[4],4,aec_prototype_strict
4,d04,224,288,test,"[4, 3]","[4, 3]",34,13,2,18.61270552162623,0.0,"[3, 4]",4,aec_prototype_strict
4,d04,288,352,test,"[3, 9, 4, 16, 10]","[3, 9, 4, 16, 10]",32,0,5,23.268601984151722,0.0,"[3, 4, 9, 10, 16]",3,aec_prototype_strict
4,d04,352,416,test,[4],[4],10,9,1,0.7290047073333072,0.0,[4],4,aec_prototype_strict
4,d04,416,480,test,[4],[4],16,10,1,4.001386844337362,0.0,[4],4,aec_prototype_strict
4,d04,480,544,test,[4],[4],22,21,1,0.9715508450300913,0.0,[4],4,aec_prototype_strict
4,d04,544,608,test,[4],[4],11,7,1,2.3698808887602834,0.0,[4],4,aec_prototype_strict
4,d04,608,672,test,[4],[4],11,8,1,1.108515369160087,0.0,[4],4,aec_prototype_strict
4,d04,672,736,test,[4],[4],15,8,1,5.992603515848768,0.0,[4],4,aec_prototype_strict
4,d04,736,800,test,"[4, 9]","[4, 9]",9,3,2,4.6963117215184536,0.0,"[4, 9]",4,aec_prototype_strict
4,d04,800,864,test,[4],[4],9,3,1,3.939817115800624,0.0,[4],4,aec_prototype_strict
4,d04,864,928,test,"[4, 9]","[4, 9]",11,3,2,4.3879319496969025,0.0,"[4, 9]",4,aec_prototype_strict
5,d05,160,224,test,"[9, 3, 11, 15, 14]","[9, 3, 11, 15, 14]",82,32,5,81.26534355015238,0.0,"[3, 9, 11, 14, 15]",9,aec_prototype_strict
5,d05,224,288,test,"[9, 3, 16, 10, 5]","[9, 3, 16, 10, 5]",110,6,5,162.36884339142557,0.0,"[3, 5, 9, 10, 16]",9,aec_prototype_strict
5,d05,288,352,test,"[9, 16, 10, 5]","[9, 16, 10, 5]",66,3,4,85.94999920249725,0.0,"[5, 9, 10, 16]",9,aec_prototype_strict
5,d05,352,416,test,[],[-1],50,50,0,0.0,0.0,[],-1,aec_prototype_strict
5,d05,416,480,test,[],[-1],37,37,0,0.0,0.0,[],-1,aec_prototype_strict
5,d05,480,544,test,[],[-1],22,22,0,0.0,0.0,[],-1,aec_prototype_strict
5,d05,544,608,test,[],[-1],8,8,0,0.0,0.0,[],-1,aec_prototype_strict
5,d05,608,672,test,[],[-1],12,12,0,0.0,0.0,[],-1,aec_prototype_strict
5,d05,672,736,test,[],[-1],12,12,0,0.0,0.0,[],-1,aec_prototype_strict
5,d05,736,800,test,[],[-1],7,7,0,0.0,0.0,[],-1,aec_prototype_strict
5,d05,800,864,test,[],[-1],10,10,0,0.0,0.0,[],-1,aec_prototype_strict
5,d05,864,928,test,[9],[9],10,5,1,3.297118868661085,0.0,[9],9,aec_prototype_strict
6,d06,160,224,test,"[9, 16]","[9, 16]",90,59,2,46.39561990839944,0.0,"[9, 16]",9,aec_prototype_strict
6,d06,224,288,test,"[9, 3, 16, 11, 14, 10]","[9, 3, 16, 11, 14, 10]",108,36,6,124.02459846430506,0.0,"[3, 9, 10, 11, 14, 16]",9,aec_prototype_strict
6,d06,288,352,test,[4],[4],84,79,1,9.540370862663876,0.0,[4],4,aec_prototype_strict
6,d06,352,416,test,[4],[4],86,81,1,9.581701177431476,0.0,[4],4,aec_prototype_strict
6,d06,416,480,test,[4],[4],85,80,1,9.5099492445265,0.0,[4],4,aec_prototype_strict
6,d06,480,544,test,"[4, 21]","[4, 21]",86,72,2,22.040824460454473,0.0,"[4, 21]",4,aec_prototype_strict
6,d06,544,608,test,"[4, 21]","[4, 21]",83,70,2,21.60943561077706,0.0,"[4, 21]",4,aec_prototype_strict
6,d06,608,672,test,"[4, 21]","[4, 21]",81,69,2,20.913274657708683,0.0,"[4, 21]",4,aec_prototype_strict
6,d06,672,736,test,"[4, 21]","[4, 21]",83,70,2,21.299187270285323,0.0,"[4, 21]",4,aec_prototype_strict
6,d06,736,800,test,"[4, 21]","[4, 21]",83,70,2,21.849873740283527,0.0,"[4, 21]",4,aec_prototype_strict
6,d06,800,864,test,"[4, 21]","[4, 21]",84,72,2,20.881681308473503,0.0,"[4, 21]",4,aec_prototype_strict
6,d06,864,928,test,"[4, 21]","[4, 21]",82,69,2,22.190294971050868,0.0,"[4, 21]",4,aec_prototype_strict
7,d07,160,224,test,"[4, 9, 16, 15, 10]","[4, 9, 16, 15, 10]",105,46,5,103.89523006205225,0.0,"[4, 9, 10, 15, 16]",4,aec_prototype_strict
7,d07,224,288,test,"[9, 16, 20, 10]","[9, 16, 20, 10]",112,48,4,107.15168790448976,0.0,"[9, 10, 16, 20]",9,aec_prototype_strict
7,d07,288,352,test,"[9, 16, 10]","[9, 16, 10]",93,34,3,99.65741876356765,0.0,"[9, 10, 16]",9,aec_prototype_strict
7,d07,352,416,test,"[9, 16, 15, 10]","[9, 16, 15, 10]",83,27,4,84.34754865768016,0.0,"[9, 10, 15, 16]",9,aec_prototype_strict
7,d07,416,480,test,"[9, 16, 15, 10]","[9, 16, 15, 10]",65,20,4,50.86246338316593,0.0,"[9, 10, 15, 16]",9,aec_prototype_strict
7,d07,480,544,test,"[9, 16, 15]","[9, 16, 15]",42,11,3,27.903390439394887,0.0,"[9, 15, 16]",9,aec_prototype_strict
7,d07,544,608,test,"[9, 16, 15, 10]","[9, 16, 15, 10]",34,8,4,22.87713720662088,0.0,"[9, 10, 15, 16]",9,aec_prototype_strict
7,d07,608,672,test,"[16, 9]","[16, 9]",28,13,2,16.520259370353596,0.0,"[9, 16]",16,aec_prototype_strict
7,d07,672,736,test,[],[-1],7,7,0,0.0,0.0,[],-1,aec_prototype_strict
7,d07,736,800,test,[],[-1],10,10,0,0.0,0.0,[],-1,aec_prototype_strict
7,d07,800,864,test,[],[-1],4,4,0,0.0,0.0,[],-1,aec_prototype_strict
7,d07,864,928,test,[],[-1],3,3,0,0.0,0.0,[],-1,aec_prototype_strict
8,d08,160,224,test,[],[-1],66,66,0,0.0,0.0,[],-1,aec_prototype_strict
8,d08,224,288,test,"[9, 16, 10]","[9, 16, 10]",93,43,3,85.98762171858016,0.0,"[9, 10, 16]",9,aec_prototype_strict
8,d08,288,352,test,"[4, 9, 3, 16, 10]","[4, 9, 3, 16, 10]",107,42,5,103.83685239868996,0.0,"[3, 4, 9, 10, 16]",4,aec_prototype_strict
8,d08,352,416,test,"[9, 16, 10]","[9, 16, 10]",96,44,3,91.11437942228643,0.0,"[9, 10, 16]",9,aec_prototype_strict
8,d08,416,480,test,"[9, 16, 10]","[9, 16, 10]",103,48,3,85.30309934187349,0.0,"[9, 10, 16]",9,aec_prototype_strict
8,d08,480,544,test,"[9, 3, 16, 14, 10]","[9, 3, 16, 14, 10]",115,45,5,115.52098795526378,0.0,"[3, 9, 10, 14, 16]",9,aec_prototype_strict
8,d08,544,608,test,"[3, 9, 16, 15, 10]","[3, 9, 16, 15, 10]",93,34,5,95.85293471436265,0.0,"[3, 9, 10, 15, 16]",3,aec_prototype_strict
8,d08,608,672,test,"[9, 16, 3, 15, 14, 10]","[9, 16, 3, 15, 14, 10]",94,31,6,95.96534247456144,0.0,"[3, 9, 10, 14, 15, 16]",9,aec_prototype_strict
8,d08,672,736,test,"[9, 16, 15, 10]","[9, 16, 15, 10]",79,31,4,76.09034146983622,0.0,"[9, 10, 15, 16]",9,aec_prototype_strict
8,d08,736,800,test,"[3, 9, 16, 15, 10]","[3, 9, 16, 15, 10]",80,24,5,87.38868053139092,0.0,"[3, 9, 10, 15, 16]",3,aec_prototype_strict
8,d08,800,864,test,"[9, 16, 10]","[9, 16, 10]",83,32,3,65.99380539372771,0.0,"[9, 10, 16]",9,aec_prototype_strict
8,d08,864,928,test,"[9, 16, 15, 10]","[9, 16, 15, 10]",98,39,4,94.55356551616848,0.0,"[9, 10, 15, 16]",9,aec_prototype_strict
9,d09,160,224,test,"[9, 3]","[9, 3]",25,8,2,14.770830467017765,0.0,"[3, 9]",9,aec_prototype_strict
9,d09,224,288,test,[15],[15],10,3,1,5.984074632992201,0.0,[15],15,aec_prototype_strict
9,d09,288,352,test,[],[-1],8,8,0,0.0,0.0,[],-1,aec_prototype_strict
9,d09,352,416,test,[15],[15],18,6,1,13.796148976221604,0.0,[15],15,aec_prototype_strict
9,d09,416,480,test,"[3, 15]","[3, 15]",20,9,2,8.794026071016503,0.0,"[3, 15]",3,aec_prototype_strict
9,d09,480,544,test,[15],[15],14,7,1,5.045980157296168,0.0,[15],15,aec_prototype_strict
9,d09,544,608,test,[15],[15],13,5,1,7.555211090638338,0.0,[15],15,aec_prototype_strict
9,d09,608,672,test,[],[-1],20,20,0,0.0,0.0,[],-1,aec_prototype_strict
9,d09,672,736,test,[15],[15],16,7,1,7.96557930290554,0.0,[15],15,aec_prototype_strict
9,d09,736,800,test,[],[-1],18,18,0,0.0,0.0,[],-1,aec_prototype_strict
9,d09,800,864,test,[15],[15],29,11,1,15.909344764995142,0.0,[15],15,aec_prototype_strict
9,d09,864,928,test,"[9, 16]","[9, 16]",35,22,2,11.392632153258855,0.0,"[9, 16]",9,aec_prototype_strict
10,d10,160,224,test,[15],[15],41,20,1,22.07777635613247,0.0,[15],15,aec_prototype_strict
10,d10,224,288,test,"[9, 3, 16, 10]","[9, 3, 16, 10]",53,4,4,47.85997302908455,0.0,"[3, 9, 10, 16]",9,aec_prototype_strict
10,d10,288,352,test,"[9, 16]","[9, 16]",31,16,2,18.846009056869473,0.0,"[9, 16]",9,aec_prototype_strict
10,d10,352,416,test,"[3, 9, 16, 10]","[3, 9, 16, 10]",33,0,4,32.54572568027382,0.0,"[3, 9, 10, 16]",3,aec_prototype_strict
10,d10,416,480,test,[16],[16],4,1,1,3.0446352405690558,0.0,[16],16,aec_prototype_strict
10,d10,480,544,test,[],[-1],10,10,0,0.0,0.0,[],-1,aec_prototype_strict
10,d10,544,608,test,[],[-1],23,23,0,0.0,0.0,[],-1,aec_prototype_strict
10,d10,608,672,test,"[9, 16, 3, 15, 10]","[9, 16, 3, 15, 10]",63,18,5,54.14845459200533,0.0,"[3, 9, 10, 15, 16]",9,aec_prototype_strict
10,d10,672,736,test,[9],[9],78,68,1,14.635086147423397,0.0,[9],9,aec_prototype_strict
10,d10,736,800,test,"[9, 3, 16, 10]","[9, 3, 16, 10]",71,14,4,80.61979604583523,0.0,"[3, 9, 10, 16]",9,aec_prototype_strict
10,d10,800,864,test,"[9, 16, 10]","[9, 16, 10]",50,11,3,44.518912185066924,0.0,"[9, 10, 16]",9,aec_prototype_strict
10,d10,864,928,test,[],[-1],9,9,0,0.0,0.0,[],-1,aec_prototype_strict
11,d11,160,224,test,[],[-1],14,14,0,0.0,0.0,[],-1,aec_prototype_strict
11,d11,224,288,test,"[4, 3]","[4, 3]",15,7,2,7.78506799458457,0.0,"[3, 4]",4,aec_prototype_strict
11,d11,288,352,test,"[9, 16]","[9, 16]",35,21,2,11.08514273799016,0.0,"[9, 16]",9,aec_prototype_strict
11,d11,352,416,test,"[3, 16, 4, 9, 14]","[3, 16, 4, 9, 14]",28,3,5,21.704205678153652,0.0,"[3, 4, 9, 14, 16]",3,aec_prototype_strict
11,d11,416,480,test,"[9, 16, 4]","[9, 16, 4]",46,28,3,21.06612823582872,0.0,"[4, 9, 16]",9,aec_prototype_strict
11,d11,480,544,test,"[3, 4, 16, 9, 14, 11]","[3, 4, 16, 9, 14, 11]",43,7,6,39.478807948626965,0.0,"[3, 4, 9, 11, 14, 16]",3,aec_prototype_strict
11,d11,544,608,test,"[4, 9]","[4, 9]",23,15,2,7.713205363302548,0.0,"[4, 9]",4,aec_prototype_strict
11,d11,608,672,test,[15],[15],31,15,1,20.19859317074334,0.0,[15],15,aec_prototype_strict
11,d11,672,736,test,[],[-1],13,13,0,0.0,0.0,[],-1,aec_prototype_strict
11,d11,736,800,test,[4],[4],9,6,1,3.1476827716473226,0.0,[4],4,aec_prototype_strict
11,d11,800,864,test,[9],[9],11,9,1,1.370317373656528,0.0,[9],9,aec_prototype_strict
11,d11,864,928,test,[4],[4],7,5,1,2.230073887318107,0.0,[4],4,aec_prototype_strict
12,d12,160,224,test,[16],[16],67,43,1,31.6119477297096,0.0,[16],16,aec_prototype_strict
12,d12,224,288,test,"[9, 16, 15, 10]","[9, 16, 15, 10]",74,21,4,81.3424362019143,0.0,"[9, 10, 15, 16]",9,aec_prototype_strict
12,d12,288,352,test,"[9, 16, 10]","[9, 16, 10]",97,43,3,82.59196776747305,0.0,"[9, 10, 16]",9,aec_prototype_strict
12,d12,352,416,test,"[9, 16, 10]","[9, 16, 10]",79,35,3,63.21330921150419,0.0,"[9, 10, 16]",9,aec_prototype_strict
12,d12,416,480,test,"[9, 3, 16, 15, 14, 10]","[9, 3, 16, 15, 14, 10]",109,37,6,125.84091362236296,0.0,"[3, 9, 10, 14, 15, 16]",9,aec_prototype_strict
12,d12,480,544,test,"[9, 16, 10]","[9, 16, 10]",80,31,3,72.13291808718981,0.0,"[9, 10, 16]",9,aec_prototype_strict
12,d12,544,608,test,"[9, 16, 15, 10]","[9, 16, 15, 10]",78,33,4,65.21898647900936,0.0,"[9, 10, 15, 16]",9,aec_prototype_strict
12,d12,608,672,test,"[9, 3, 16, 14, 10]","[9, 3, 16, 14, 10]",84,25,5,96.59810198320098,0.0,"[3, 9, 10, 14, 16]",9,aec_prototype_strict
12,d12,672,736,test,"[4, 9, 16, 10, 5]","[4, 9, 16, 10, 5]",118,13,5,178.97135517803582,0.0,"[4, 5, 9, 10, 16]",4,aec_prototype_strict
12,d12,736,800,test,"[9, 11, 16, 15, 20, 10]","[9, 11, 16, 15, 20, 10]",117,47,6,117.81726238582343,0.0,"[9, 10, 11, 15, 16, 20]",9,aec_prototype_strict
12,d12,800,864,test,"[9, 3, 16, 15, 11, 14, 10, 5]","[9, 3, 16, 15, 11, 14, 10, 5]",123,12,8,174.00860861121882,0.0,"[3, 5, 9, 10, 11, 14, 15, 16]",9,aec_prototype_strict
12,d12,864,928,test,"[4, 9, 3, 16, 14, 10]","[4, 9, 3, 16, 14, 10]",104,38,6,118.74470150719262,0.0,"[3, 4, 9, 10, 14, 16]",4,aec_prototype_strict
13,d13,160,224,test,"[9, 15]","[9, 15]",57,26,2,36.28916218998198,0.0,"[9, 15]",9,aec_prototype_strict
13,d13,224,288,test,"[9, 3, 16, 10]","[9, 3, 16, 10]",82,20,4,86.61996143637771,0.0,"[3, 9, 10, 16]",9,aec_prototype_strict
13,d13,288,352,test,"[9, 16, 10]","[9, 16, 10]",75,26,3,72.73844124040329,0.0,"[9, 10, 16]",9,aec_prototype_strict
13,d13,352,416,test,"[4, 9, 3, 16, 10]","[4, 9, 3, 16, 10]",102,42,5,102.61256564435311,0.0,"[3, 4, 9, 10, 16]",4,aec_prototype_strict
13,d13,416,480,test,"[9, 16, 20, 10]","[9, 16, 20, 10]",106,42,4,104.24991562158885,0.0,"[9, 10, 16, 20]",9,aec_prototype_strict
13,d13,480,544,test,"[4, 9, 3, 16, 10]","[4, 9, 3, 16, 10]",96,38,5,102.83210550290408,0.0,"[3, 4, 9, 10, 16]",4,aec_prototype_strict
13,d13,544,608,test,"[9, 16, 10]","[9, 16, 10]",106,43,3,97.209023210152,0.0,"[9, 10, 16]",9,aec_prototype_strict
13,d13,608,672,test,"[9, 16, 20, 10]","[9, 16, 20, 10]",127,57,4,121.42880598198828,0.0,"[9, 10, 16, 20]",9,aec_prototype_strict
13,d13,672,736,test,"[9, 3, 16, 14, 11, 10]","[9, 3, 16, 14, 11, 10]",124,51,6,132.29642021702972,0.0,"[3, 9, 10, 11, 14, 16]",9,aec_prototype_strict
13,d13,736,800,test,"[9, 16, 10, 5]","[9, 16, 10, 5]",120,13,4,171.62240944774658,0.0,"[5, 9, 10, 16]",9,aec_prototype_strict
13,d13,800,864,test,"[9, 16, 11, 20, 15, 10]","[9, 16, 11, 20, 15, 10]",123,46,6,128.1997047833879,0.0,"[9, 10, 11, 15, 16, 20]",9,aec_prototype_strict
13,d13,864,928,test,"[9, 3, 16, 11, 14, 10, 5]","[9, 3, 16, 11, 14, 10, 5]",126,13,7,195.99439135937973,0.0,"[3, 5, 9, 10, 11, 14, 16]",9,aec_prototype_strict
14,d14,160,224,test,[11],[11],16,7,1,10.43908024302501,0.0,[11],11,aec_prototype_strict
14,d14,224,288,test,[11],[11],9,2,1,7.8296857111283735,0.0,[11],11,aec_prototype_strict
14,d14,288,352,test,[],[-1],4,4,0,0.0,0.0,[],-1,aec_prototype_strict
14,d14,352,416,test,"[9, 15]","[9, 15]",12,2,2,7.632127431339594,0.0,"[9, 15]",9,aec_prototype_strict
14,d14,416,480,test,[],[-1],11,11,0,0.0,0.0,[],-1,aec_prototype_strict
14,d14,480,544,test,"[9, 15, 11]","[9, 15, 11]",23,3,3,17.612919879589814,0.0,"[9, 11, 15]",9,aec_prototype_strict
14,d14,544,608,test,[],[-1],10,10,0,0.0,0.0,[],-1,aec_prototype_strict
14,d14,608,672,test,[11],[11],5,0,1,6.9018809538736665,0.0,[11],11,aec_prototype_strict
14,d14,672,736,test,[11],[11],8,2,1,8.659635791241733,0.0,[11],11,aec_prototype_strict
14,d14,736,800,test,[],[-1],9,9,0,0.0,0.0,[],-1,aec_prototype_strict
14,d14,800,864,test,"[3, 14]","[3, 14]",18,3,2,13.963338255247773,0.0,"[3, 14]",3,aec_prototype_strict
14,d14,864,928,test,[11],[11],18,6,1,10.643603932292715,0.0,[11],11,aec_prototype_strict
15,d15,160,224,test,[],[-1],2,2,0,0.0,0.0,[],-1,aec_prototype_strict
15,d15,224,288,test,[15],[15],16,6,1,8.054390461662583,0.0,[15],15,aec_prototype_strict
15,d15,288,352,test,[],[-1],9,9,0,0.0,0.0,[],-1,aec_prototype_strict
15,d15,352,416,test,[],[-1],2,2,0,0.0,0.0,[],-1,aec_prototype_strict
15,d15,416,480,test,[],[-1],3,3,0,0.0,0.0,[],-1,aec_prototype_strict
15,d15,480,544,test,[],[-1],3,3,0,0.0,0.0,[],-1,aec_prototype_strict
15,d15,544,608,test,[],[-1],15,15,0,0.0,0.0,[],-1,aec_prototype_strict
15,d15,608,672,test,[],[-1],16,16,0,0.0,0.0,[],-1,aec_prototype_strict
15,d15,672,736,test,[9],[9],21,18,1,2.286244070071574,0.0,[9],9,aec_prototype_strict
15,d15,736,800,test,"[3, 15, 14]","[3, 15, 14]",48,19,3,31.30347160005172,0.0,"[3, 14, 15]",3,aec_prototype_strict
15,d15,800,864,test,"[9, 16, 10]","[9, 16, 10]",60,18,3,44.670862678380445,0.0,"[9, 10, 16]",9,aec_prototype_strict
15,d15,864,928,test,"[9, 16]","[9, 16]",28,16,2,12.682492345110848,0.0,"[9, 16]",9,aec_prototype_strict
16,d16,160,224,test,"[9, 16]","[9, 16]",17,7,2,7.807328583877331,0.0,"[9, 16]",9,aec_prototype_strict
16,d16,224,288,test,"[16, 15]","[16, 15]",16,2,2,11.405679839674244,0.0,"[15, 16]",16,aec_prototype_strict
16,d16,288,352,test,"[3, 9, 16]","[3, 9, 16]",22,5,3,14.06396393446408,0.0,"[3, 9, 16]",3,aec_prototype_strict
16,d16,352,416,test,"[9, 16]","[9, 16]",37,20,2,17.591619224873323,0.0,"[9, 16]",9,aec_prototype_strict
16,d16,416,480,test,"[9, 16]","[9, 16]",23,12,2,11.787457893946637,0.0,"[9, 16]",9,aec_prototype_strict
16,d16,480,544,test,"[9, 16, 15, 10]","[9, 16, 15, 10]",31,2,4,29.123337669315795,0.0,"[9, 10, 15, 16]",9,aec_prototype_strict
16,d16,544,608,test,"[9, 16, 3, 15]","[9, 16, 3, 15]",42,18,4,28.19681525395412,0.0,"[3, 9, 15, 16]",9,aec_prototype_strict
16,d16,608,672,test,"[3, 16, 15, 9]","[3, 16, 15, 9]",26,7,4,18.72041560293183,0.0,"[3, 9, 15, 16]",3,aec_prototype_strict
16,d16,672,736,test,"[9, 16]","[9, 16]",13,6,2,5.637461772282737,0.0,"[9, 16]",9,aec_prototype_strict
16,d16,736,800,test,"[9, 16, 3, 10]","[9, 16, 3, 10]",58,16,4,52.36433899627291,0.0,"[3, 9, 10, 16]",9,aec_prototype_strict
16,d16,800,864,test,"[9, 3, 16, 10]","[9, 3, 16, 10]",68,20,4,65.01358909920191,0.0,"[3, 9, 10, 16]",9,aec_prototype_strict
16,d16,864,928,test,"[9, 16, 15, 10]","[9, 16, 15, 10]",55,13,4,48.676571120833906,0.0,"[9, 10, 15, 16]",9,aec_prototype_strict
17,d17,160,224,test,"[4, 3, 14, 11]","[4, 3, 14, 11]",14,1,4,19.814652589372475,0.0,"[3, 4, 11, 14]",4,aec_prototype_strict
17,d17,224,288,test,[4],[4],36,24,1,11.634887966903301,0.0,[4],4,aec_prototype_strict
17,d17,288,352,test,"[4, 9, 16, 11, 17]","[4, 9, 16, 11, 17]",25,0,5,22.920347863828226,0.0,"[4, 9, 11, 16, 17]",4,aec_prototype_strict
17,d17,352,416,test,"[4, 9, 16, 11]","[4, 9, 16, 11]",43,11,4,31.79182215270273,0.0,"[4, 9, 11, 16]",4,aec_prototype_strict
17,d17,416,480,test,"[9, 4, 3, 11, 14]","[9, 4, 3, 11, 14]",53,16,5,47.23966897810857,0.0,"[3, 4, 9, 11, 14]",9,aec_prototype_strict
17,d17,480,544,test,"[4, 9, 16, 10]","[4, 9, 16, 10]",55,17,4,45.37314574549552,0.0,"[4, 9, 10, 16]",4,aec_prototype_strict
17,d17,544,608,test,"[9, 4, 16, 11]","[9, 4, 16, 11, 15]",44,21,5,30.09032900615445,0.0,"[4, 9, 11, 15, 16]",9,aec_prototype_strict
17,d17,608,672,test,"[4, 16, 9]","[4, 16, 9]",33,11,3,20.461829784922365,0.0,"[4, 9, 16]",4,aec_prototype_strict
17,d17,672,736,test,"[4, 17]","[4, 17]",18,5,2,11.701080658389339,0.0,"[4, 17]",4,aec_prototype_strict
17,d17,736,800,test,"[4, 11]","[4, 11]",11,2,2,11.037224292211393,0.0,"[4, 11]",4,aec_prototype_strict
17,d17,800,864,test,"[4, 11]","[4, 11]",34,12,2,23.689196997276873,0.0,"[4, 11]",4,aec_prototype_strict
17,d17,864,928,test,[4],[4],10,7,1,4.081742135227148,0.0,[4],4,aec_prototype_strict
18,d18,160,224,test,[],[-1],15,15,0,0.0,0.0,[],-1,aec_prototype_strict
18,d18,224,288,test,"[9, 16, 15, 10]","[9, 16, 15, 10]",106,52,4,81.78582330549462,0.0,"[9, 10, 15, 16]",9,aec_prototype_strict
18,d18,288,352,test,"[3, 9, 16, 14, 10, 5]","[3, 9, 16, 14, 10, 5]",121,14,6,175.2845945388708,0.0,"[3, 5, 9, 10, 14, 16]",3,aec_prototype_strict
18,d18,352,416,test,"[4, 9, 16, 10, 5]","[4, 9, 16, 10, 5]",139,26,5,202.99811750919304,0.0,"[4, 5, 9, 10, 16]",4,aec_prototype_strict
18,d18,416,480,test,[],[-1],89,89,0,0.0,0.0,[],-1,aec_prototype_strict
18,d18,480,544,test,[21],[21],84,76,1,12.407458812813324,0.0,[21],21,aec_prototype_strict
18,d18,544,608,test,[21],[21],84,76,1,11.760731370102318,0.0,[21],21,aec_prototype_strict
18,d18,608,672,test,[21],[21],84,76,1,12.644499140404553,0.0,[21],21,aec_prototype_strict
18,d18,672,736,test,[21],[21],83,74,1,13.316512848894977,0.0,[21],21,aec_prototype_strict
18,d18,736,800,test,[21],[21],85,77,1,12.536351401854391,0.0,[21],21,aec_prototype_strict
18,d18,800,864,test,[21],[21],85,77,1,11.79233323465516,0.0,[21],21,aec_prototype_strict
18,d18,864,928,test,[21],[21],85,76,1,12.384098952871554,0.0,[21],21,aec_prototype_strict
19,d19,160,224,test,"[9, 16, 19]","[9, 16, 19]",16,0,3,10.358395147813756,0.0,"[9, 16, 19]",9,aec_prototype_strict
19,d19,224,288,test,"[9, 19]","[9, 19]",13,1,2,8.352073147309833,0.0,"[9, 19]",9,aec_prototype_strict
19,d19,288,352,test,[],[-1],25,25,0,0.0,0.0,[],-1,aec_prototype_strict
19,d19,352,416,test,[11],[11],8,2,1,6.72650886018121,0.0,[11],11,aec_prototype_strict
19,d19,416,480,test,[],[-1],9,9,0,0.0,0.0,[],-1,aec_prototype_strict
19,d19,480,544,test,[],[-1],7,7,0,0.0,0.0,[],-1,aec_prototype_strict
19,d19,544,608,test,[19],[19],13,4,1,5.392254435785306,0.0,[19],19,aec_prototype_strict
19,d19,608,672,test,"[3, 14]","[3, 14]",20,2,2,16.199274762701183,0.0,"[3, 14]",3,aec_prototype_strict
19,d19,672,736,test,[],[-1],16,16,0,0.0,0.0,[],-1,aec_prototype_strict
19,d19,736,800,test,"[9, 11]","[9, 11]",20,10,2,9.330778883588717,0.0,"[9, 11]",9,aec_prototype_strict
19,d19,800,864,test,[],[-1],15,15,0,0.0,0.0,[],-1,aec_prototype_strict
19,d19,864,928,test,[],[-1],21,21,0,0.0,0.0,[],-1,aec_prototype_strict
20,d20,160,224,test,[],[-1],2,2,0,0.0,0.0,[],-1,aec_prototype_strict
20,d20,224,288,test,"[9, 16, 15]","[9, 16, 15]",37,9,3,33.13709228171389,0.0,"[9, 15, 16]",9,aec_prototype_strict
20,d20,288,352,test,"[9, 16, 3, 10]","[9, 16, 3, 10]",60,15,4,53.11215436635959,0.0,"[3, 9, 10, 16]",9,aec_prototype_strict
20,d20,352,416,test,[9],[9],34,27,1,4.2350382594439555,0.0,[9],9,aec_prototype_strict
20,d20,416,480,test,[15],[15],29,12,1,20.691111203845438,0.0,[15],15,aec_prototype_strict
20,d20,480,544,test,"[9, 16]","[9, 16]",52,31,2,22.136367975260313,0.0,"[9, 16]",9,aec_prototype_strict
20,d20,544,608,test,"[9, 16, 20, 10]","[9, 16, 20, 10]",43,9,4,34.178965667404896,0.0,"[9, 10, 16, 20]",9,aec_prototype_strict
20,d20,608,672,test,"[9, 15]","[9, 15]",28,11,2,17.72690375217163,0.0,"[9, 15]",9,aec_prototype_strict
20,d20,672,736,test,[],[-1],13,13,0,0.0,0.0,[],-1,aec_prototype_strict
20,d20,736,800,test,[20],[20],29,9,1,16.998843768287642,0.0,[20],20,aec_prototype_strict
20,d20,800,864,test,"[9, 16, 15]","[9, 16, 15]",39,16,3,25.642216225917863,0.0,"[9, 15, 16]",9,aec_prototype_strict
20,d20,864,928,test,"[3, 16, 9]","[3, 16, 9]",48,19,3,27.597839233644866,0.0,"[3, 9, 16]",3,aec_prototype_strict
21,d21,160,224,test,[15],[15],5,3,1,1.4619318473847935,0.0,[15],15,aec_prototype_strict
21,d21,224,288,test,"[21, 15]","[21, 15]",5,0,2,2.1391099656769073,0.0,"[15, 21]",21,aec_prototype_strict
21,d21,288,352,test,[],[-1],12,12,0,0.0,0.0,[],-1,aec_prototype_strict
21,d21,352,416,test,[],[-1],15,15,0,0.0,0.0,[],-1,aec_prototype_strict
21,d21,416,480,test,[],[-1],27,27,0,0.0,0.0,[],-1,aec_prototype_strict
21,d21,480,544,test,[15],[15],13,7,1,8.25496563025943,0.0,[15],15,aec_prototype_strict
21,d21,544,608,test,[15],[15],14,8,1,9.058783803939079,0.0,[15],15,aec_prototype_strict
21,d21,608,672,test,[15],[15],20,8,1,12.987639813414546,0.0,[15],15,aec_prototype_strict
21,d21,672,736,test,[15],[15],20,9,1,12.721627366317662,0.0,[15],15,aec_prototype_strict
21,d21,736,800,test,[15],[15],24,15,1,12.118251673608283,0.0,[15],15,aec_prototype_strict
21,d21,800,864,test,[15],[15],22,11,1,15.382023533725295,0.0,[15],15,aec_prototype_strict
21,d21,864,928,test,[15],[15],28,14,1,18.672314826793066,0.0,[15],15,aec_prototype_strict
0,d00,0,64,test,[],[-1],5,5,0,0.0,0.0,[],-1,aec_prototype_relaxed
0,d00,64,128,test,[15],[15],7,4,1,2.142436760071355,0.0,[15],15,aec_prototype_relaxed
0,d00,128,192,test,[],[-1],10,10,0,0.0,0.0,[],-1,aec_prototype_relaxed
0,d00,192,256,test,[15],[15],7,4,1,2.0223355024137666,0.0,[15],15,aec_prototype_relaxed
0,d00,256,320,test,[],[-1],15,15,0,0.0,0.0,[],-1,aec_prototype_relaxed
0,d00,320,384,test,[3],[3],3,2,1,0.7024080539024096,0.5,[3],3,aec_prototype_relaxed
0,d00,384,448,test,[3],[3],9,3,1,4.156289713500454,0.5,[3],3,aec_prototype_relaxed
0,d00,448,512,test,[15],[15],9,2,1,4.519464690792654,0.0,[15],15,aec_prototype_relaxed
0,d00,512,576,test,"[3, 14]","[3, 14]",21,7,2,11.067335467409393,0.25,"[3, 14]",3,aec_prototype_relaxed
0,d00,576,640,test,[15],[15],8,1,1,6.2226683877853315,0.0,[15],15,aec_prototype_relaxed
0,d00,640,704,test,[3],[3],8,4,1,2.334053212630107,0.5,[3],3,aec_prototype_relaxed
0,d00,704,768,test,[3],[3],20,16,1,3.304967884176956,0.5,[3],3,aec_prototype_relaxed
0,d00,768,832,test,"[3, 11, 16, 9, 10]","[3, 11, 16, 9, 10]",28,4,5,25.165196714917297,0.2857142857142857,"[3, 9, 10, 11, 16]",3,aec_prototype_relaxed
0,d00,832,896,test,"[3, 9, 16, 10]","[3, 9, 16, 10]",25,5,4,15.191882998967138,0.19642857142857142,"[3, 9, 10, 16]",3,aec_prototype_relaxed
0,d00,896,960,test,[9],"[9, 16]",5,0,2,3.161854594931792,0.25,"[9, 16]",9,aec_prototype_relaxed
1,d01,160,224,test,"[9, 3, 16, 14, 11, 20, 10, 6, 1]","[9, 3, 16, 14, 11, 20, 10, 6, 1, 13, 5, 12, 7, 8, 18]",100,0,15,147.77293953814814,0.16203404340935038,"[1, 3, 5, 6, 7, 8, 9, 10, 11, 12, 13, 14, 16, 18, 20]",9,aec_prototype_relaxed
1,d01,224,288,test,"[4, 9, 3, 16, 11, 15, 17, 20, 14, 10, 1, 18]","[4, 9, 3, 16, 11, 15, 17, 20, 14, 10, 1, 18, 12, 5, 7, 13, 8]",105,0,17,154.92585692563094,0.20155903863216454,"[1, 3, 4, 5, 7, 8, 9, 10, 11, 12, 13, 14, 15, 16, 17, 18, 20]",4,aec_prototype_relaxed
1,d01,288,352,test,"[9, 19, 15, 3, 16, 11, 17, 20, 14, 10, 1]","[9, 19, 15, 3, 16, 11, 17, 20, 14, 10, 1, 5, 8, 7, 18, 13, 12]",87,0,17,116.96550386597087,0.2448175568196417,"[1, 3, 5, 7, 8, 9, 10, 11, 12, 13, 14, 15, 16, 17, 18, 19, 20]",9,aec_prototype_relaxed
1,d01,352,416,test,"[9, 3, 20, 16, 15, 11, 14, 10, 7, 1]","[9, 3, 20, 16, 15, 11, 14, 10, 7, 1, 5, 13, 12, 8, 18]",96,0,15,129.7662575684173,0.1587125401140027,"[1, 3, 5, 7, 8, 9, 10, 11, 12, 13, 14, 15, 16, 18, 20]",9,aec_prototype_relaxed
1,d01,416,480,test,"[9, 3, 16, 11, 15, 14, 10, 1]","[9, 3, 16, 11, 15, 14, 10, 1, 5, 7, 12, 18]",63,0,12,73.33729263669343,0.21388596331547652,"[1, 3, 5, 7, 9, 10, 11, 12, 14, 15, 16, 18]",9,aec_prototype_relaxed
1,d01,480,544,test,"[9, 16, 3, 15, 10, 1]","[9, 16, 3, 15, 10, 1, 5]",40,2,7,36.1733290551109,0.24617346938775508,"[1, 3, 5, 9, 10, 15, 16]",9,aec_prototype_relaxed
1,d01,544,608,test,[15],[15],30,18,1,10.930829899152492,0.0,[15],15,aec_prototype_relaxed
1,d01,608,672,test,"[15, 3]","[15, 3]",23,17,2,4.229287940250643,0.25,"[3, 15]",15,aec_prototype_relaxed
1,d01,672,736,test,"[3, 9, 15, 16, 10]","[3, 9, 15, 16, 10]",40,7,5,28.684214670865995,0.22857142857142856,"[3, 9, 10, 15, 16]",3,aec_prototype_relaxed
1,d01,736,800,test,[15],[15],15,12,1,3.2998478764667696,0.0,[15],15,aec_prototype_relaxed
1,d01,800,864,test,"[3, 15]","[3, 15]",34,19,2,13.15056560917659,0.25,"[3, 15]",3,aec_prototype_relaxed
1,d01,864,928,test,"[9, 3, 15, 16, 10, 1]","[9, 3, 15, 16, 10, 1, 5, 18]",47,0,8,46.62447052817109,0.23697916666666669,"[1, 3, 5, 9, 10, 15, 16, 18]",9,aec_prototype_relaxed
2,d02,160,224,test,"[3, 20, 11, 14, 10, 1, 5, 12, 2]","[3, 20, 11, 14, 10, 1, 5, 12, 2, 8, 7, 18]",70,2,12,82.64293558085937,0.43563757841775086,"[1, 2, 3, 5, 7, 8, 10, 11, 12, 14, 18, 20]",3,aec_prototype_relaxed
2,d02,224,288,test,"[4, 3, 9, 16, 10, 2, 13]","[4, 3, 9, 16, 10, 2, 13, 5, 12, 7, 1, 8, 18]",90,0,13,111.88122247408104,0.2517322274865122,"[1, 2, 3, 4, 5, 7, 8, 9, 10, 12, 13, 16, 18]",4,aec_prototype_relaxed
2,d02,288,352,test,"[4, 3, 2]","[4, 3, 2]",48,3,3,49.334443706143276,0.20476190476190478,"[2, 3, 4]",4,aec_prototype_relaxed
2,d02,352,416,test,"[9, 4, 3, 16, 2]","[9, 4, 3, 16, 2]",59,6,5,53.6681665546597,0.24,"[2, 3, 4, 9, 16]",9,aec_prototype_relaxed
2,d02,416,480,test,"[4, 2]","[4, 2]",41,0,2,36.771278371295125,0.17142857142857143,"[2, 4]",4,aec_prototype_relaxed
2,d02,480,544,test,"[4, 2]","[4, 2]",33,1,2,31.610834753370614,0.17142857142857143,"[2, 4]",4,aec_prototype_relaxed
2,d02,544,608,test,"[4, 2]","[4, 2]",33,3,2,27.822831658747155,0.17142857142857143,"[2, 4]",4,aec_prototype_relaxed
2,d02,608,672,test,"[4, 2]","[4, 2]",34,1,2,34.2838813413103,0.17142857142857143,"[2, 4]",4,aec_prototype_relaxed
2,d02,672,736,test,"[4, 3, 2]","[4, 3, 2]",37,1,3,36.47984724155869,0.2523809523809524,"[2, 3, 4]",4,aec_prototype_relaxed
2,d02,736,800,test,"[4, 3, 2]","[4, 3, 2]",38,2,3,37.89706515514557,0.28095238095238095,"[2, 3, 4]",4,aec_prototype_relaxed
2,d02,800,864,test,"[4, 3, 14, 17, 2]","[4, 3, 14, 17, 2]",44,0,5,46.75501655251008,0.24285714285714283,"[2, 3, 4, 14, 17]",4,aec_prototype_relaxed
2,d02,864,928,test,"[4, 19, 17, 11, 14, 2]","[4, 19, 17, 11, 14, 2]",37,0,6,39.881837682289685,0.29642857142857143,"[2, 4, 11, 14, 17, 19]",4,aec_prototype_relaxed
3,d03,160,224,test,"[9, 16, 3, 10, 5]","[9, 16, 3, 10, 5]",31,0,5,27.879840231479093,0.2202380952380952,"[3, 5, 9, 10, 16]",9,aec_prototype_relaxed
3,d03,224,288,test,"[3, 11, 14]","[3, 11, 14]",19,0,3,15.058179323354198,0.5,"[3, 11, 14]",3,aec_prototype_relaxed
3,d03,288,352,test,[3],[3],16,9,1,6.0606955823935795,0.5,[3],3,aec_prototype_relaxed
3,d03,352,416,test,[],[-1],7,7,0,0.0,0.0,[],-1,aec_prototype_relaxed
3,d03,416,480,test,[3],[3],7,3,1,3.237750849933387,0.5,[3],3,aec_prototype_relaxed
3,d03,480,544,test,"[3, 14, 5]","[3, 14, 5]",24,2,3,23.196471923190277,0.27777777777777773,"[3, 5, 14]",3,aec_prototype_relaxed
3,d03,544,608,test,"[9, 16, 11, 3, 20, 14, 10, 5]","[9, 16, 11, 3, 20, 14, 10, 5, 15]",33,0,9,26.68472426699218,0.3492063492063492,"[3, 5, 9, 10, 11, 14, 15, 16, 20]",9,aec_prototype_relaxed
3,d03,608,672,test,[15],[15],24,9,1,14.879220190769365,0.0,[15],15,aec_prototype_relaxed
3,d03,672,736,test,[3],[3],7,4,1,1.696115231916857,0.5,[3],3,aec_prototype_relaxed
3,d03,736,800,test,[],[-1],16,16,0,0.0,0.0,[],-1,aec_prototype_relaxed
3,d03,800,864,test,"[3, 11, 14]","[3, 11, 14]",13,4,3,6.32721942183815,0.19444444444444442,"[3, 11, 14]",3,aec_prototype_relaxed
3,d03,864,928,test,"[9, 16]","[9, 16]",14,8,2,4.207149954305277,0.25,"[9, 16]",9,aec_prototype_relaxed
4,d04,160,224,test,"[3, 4, 14, 11]","[3, 4, 14, 11]",13,1,4,10.059489515840154,0.3125,"[3, 4, 11, 14]",3,aec_prototype_relaxed
4,d04,224,288,test,"[4, 3, 14, 10]","[4, 3, 14, 10]",34,1,4,28.609118414614528,0.23214285714285715,"[3, 4, 10, 14]",4,aec_prototype_relaxed
4,d04,288,352,test,"[3, 9, 4, 16, 14, 10]","[3, 9, 4, 16, 14, 10]",32,0,6,22.333695902971524,0.08333333333333333,"[3, 4, 9, 10, 14, 16]",3,aec_prototype_relaxed
4,d04,352,416,test,[4],[4],10,9,1,0.7290047073333072,0.0,[4],4,aec_prototype_relaxed
4,d04,416,480,test,"[4, 3]","[4, 3]",16,5,2,6.860778459127225,0.25,"[3, 4]",4,aec_prototype_relaxed
4,d04,480,544,test,[4],[4],22,21,1,0.9715508450300913,0.0,[4],4,aec_prototype_relaxed
4,d04,544,608,test,"[4, 3]","[4, 3]",11,3,2,4.242453502136705,0.25,"[3, 4]",4,aec_prototype_relaxed
4,d04,608,672,test,[4],[4],11,8,1,1.108515369160087,0.0,[4],4,aec_prototype_relaxed
4,d04,672,736,test,"[3, 4]","[3, 4]",15,5,2,8.995523820428076,0.25,"[3, 4]",3,aec_prototype_relaxed
4,d04,736,800,test,"[4, 3, 9]","[4, 3, 9, 16]",9,1,4,6.370004999477724,0.25,"[3, 4, 9, 16]",4,aec_prototype_relaxed
4,d04,800,864,test,"[3, 4]","[3, 4]",9,2,2,5.455669706520584,0.25,"[3, 4]",3,aec_prototype_relaxed
4,d04,864,928,test,"[4, 3, 9, 16]","[4, 3, 9, 16]",11,0,4,7.547603191289138,0.25,"[3, 4, 9, 16]",4,aec_prototype_relaxed
5,d05,160,224,test,"[9, 19, 3, 16, 11, 17, 20, 14, 10, 1, 18]","[9, 19, 3, 16, 11, 17, 20, 14, 10, 1, 18, 8, 15, 5, 13, 12, 7]",82,0,17,119.55499648778782,0.20444792599517572,"[1, 3, 5, 7, 8, 9, 10, 11, 12, 13, 14, 15, 16, 17, 18, 19, 20]",9,aec_prototype_relaxed
5,d05,224,288,test,"[9, 3, 20, 16, 11, 14, 10, 7, 12, 1]","[9, 3, 20, 16, 11, 14, 10, 7, 12, 1, 8, 13, 5, 18]",110,2,14,154.71078916611586,0.13907838718343685,"[1, 3, 5, 7, 8, 9, 10, 11, 12, 13, 14, 16, 18, 20]",9,aec_prototype_relaxed
5,d05,288,352,test,"[9, 3, 16, 11, 14, 17, 10, 5, 1, 18]","[9, 3, 16, 11, 14, 17, 10, 5, 1, 18, 7, 13, 12, 8]",66,0,14,87.02107823425347,0.30062572111072544,"[1, 3, 5, 7, 8, 9, 10, 11, 12, 13, 14, 16, 17, 18]",9,aec_prototype_relaxed
5,d05,352,416,test,"[19, 3, 11, 20, 14, 10, 1]","[19, 3, 11, 20, 14, 10, 1, 5, 18]",50,0,9,48.23634617275932,0.4189153439153439,"[1, 3, 5, 10, 11, 14, 18, 19, 20]",19,aec_prototype_relaxed
5,d05,416,480,test,"[3, 11, 14, 20]","[3, 11, 14, 20]",37,7,4,29.96601424995214,0.45,"[3, 11, 14, 20]",3,aec_prototype_relaxed
5,d05,480,544,test,[],[-1],22,22,0,0.0,0.0,[],-1,aec_prototype_relaxed
5,d05,544,608,test,[3],[3],8,3,1,4.236541142712873,0.5,[3],3,aec_prototype_relaxed
5,d05,608,672,test,[],[-1],12,12,0,0.0,0.0,[],-1,aec_prototype_relaxed
5,d05,672,736,test,[3],[3],12,9,1,3.0593154995133647,0.5,[3],3,aec_prototype_relaxed
5,d05,736,800,test,[3],[3],7,3,1,3.0076041811096643,0.5,[3],3,aec_prototype_relaxed
5,d05,800,864,test,[3],[3],10,7,1,2.727160484090496,0.5,[3],3,aec_prototype_relaxed
5,d05,864,928,test,"[3, 9, 16]","[3, 9, 16]",10,2,3,6.09727314468517,0.3333333333333333,"[3, 9, 16]",3,aec_prototype_relaxed
6,d06,160,224,test,"[9, 3, 16, 14, 20, 10, 2, 8, 12, 6]","[9, 3, 16, 14, 20, 10, 2, 8, 12, 6, 1, 13, 7, 5, 18]",90,0,15,128.77495870054506,0.2865705279738588,"[1, 2, 3, 5, 6, 7, 8, 9, 10, 12, 13, 14, 16, 18, 20]",9,aec_prototype_relaxed
6,d06,224,288,test,"[9, 3, 19, 16, 11, 20, 17, 14, 10, 6, 13]","[9, 3, 19, 16, 11, 20, 17, 14, 10, 6, 13, 1, 5, 12, 18, 7, 8]",108,0,17,160.44750833620265,0.16983213393593388,"[1, 3, 5, 6, 7, 8, 9, 10, 11, 12, 13, 14, 16, 17, 18, 19, 20]",9,aec_prototype_relaxed
6,d06,288,352,test,"[4, 21, 6]","[4, 21, 6]",84,1,3,72.1304298024709,0.12280701754385964,"[4, 6, 21]",4,aec_prototype_relaxed
6,d06,352,416,test,"[4, 21, 6]","[4, 21, 6]",86,2,3,70.1738749953725,0.12280701754385964,"[4, 6, 21]",4,aec_prototype_relaxed
6,d06,416,480,test,"[4, 21, 6]","[4, 21, 6]",85,3,3,68.92268654384829,0.13450292397660818,"[4, 6, 21]",4,aec_prototype_relaxed
6,d06,480,544,test,"[3, 4, 21, 6]","[3, 4, 21, 6]",86,4,4,69.40251348866033,0.1557017543859649,"[3, 4, 6, 21]",3,aec_prototype_relaxed
6,d06,544,608,test,"[4, 21, 6]","[4, 21, 6]",83,2,3,68.0056047727792,0.04093567251461988,"[4, 6, 21]",4,aec_prototype_relaxed
6,d06,608,672,test,"[4, 21, 6]","[4, 21, 6]",81,2,3,67.41863706618459,0.04093567251461988,"[4, 6, 21]",4,aec_prototype_relaxed
6,d06,672,736,test,"[4, 21, 6]","[4, 21, 6]",83,3,3,66.83693397599869,0.03508771929824561,"[4, 6, 21]",4,aec_prototype_relaxed
6,d06,736,800,test,"[3, 4, 21, 6]","[3, 4, 21, 6]",83,2,4,69.63525898826097,0.1513157894736842,"[3, 4, 6, 21]",3,aec_prototype_relaxed
6,d06,800,864,test,"[4, 21, 6]","[4, 21, 6]",84,2,3,69.16260948813553,0.03508771929824561,"[4, 6, 21]",4,aec_prototype_relaxed
6,d06,864,928,test,"[3, 4, 21, 6]","[3, 4, 21, 6]",82,2,4,67.26491720748774,0.1557017543859649,"[3, 4, 6, 21]",3,aec_prototype_relaxed
7,d07,160,224,test,"[4, 9, 19, 3, 11, 16, 15, 20, 17, 14, 10, 12, 8, 13, 5]","[4, 9, 19, 3, 11, 16, 15, 20, 17, 14, 10, 12, 8, 13, 5, 7, 1, 18]",105,0,18,165.42832393085888,0.1767032420643502,"[1, 3, 4, 5, 7, 8, 9, 10, 11, 12, 13, 14, 15, 16, 17, 18, 19, 20]",4,aec_prototype_relaxed
7,d07,224,288,test,"[9, 3, 19, 16, 11, 20, 17, 14, 10, 1, 13]","[9, 3, 19, 16, 11, 20, 17, 14, 10, 1, 13, 8, 12, 7, 5, 18]",112,0,16,170.985297333499,0.19501304666428904,"[1, 3, 5, 7, 8, 9, 10, 11, 12, 13, 14, 16, 17, 18, 19, 20]",9,aec_prototype_relaxed
7,d07,288,352,test,"[3, 9, 16, 20, 11, 14, 17, 10, 2, 12]","[3, 9, 16, 20, 11, 14, 17, 10, 2, 12, 7, 1, 5, 8, 13, 18]",93,0,16,138.420682202497,0.24476748883100635,"[1, 2, 3, 5, 7, 8, 9, 10, 11, 12, 13, 14, 16, 17, 18, 20]",3,aec_prototype_relaxed
7,d07,352,416,test,"[9, 19, 16, 3, 11, 15, 20, 14, 10, 1, 7]","[9, 19, 16, 3, 11, 15, 20, 14, 10, 1, 7, 5, 12, 8, 18]",83,0,15,116.25072272038727,0.2545684454153014,"[1, 3, 5, 7, 8, 9, 10, 11, 12, 14, 15, 16, 18, 19, 20]",9,aec_prototype_relaxed
7,d07,416,480,test,"[9, 16, 3, 15, 20, 14, 10, 1, 8, 18]","[9, 16, 3, 15, 20, 14, 10, 1, 8, 18, 5, 12]",65,1,12,76.84740169984481,0.2638480392156863,"[1, 3, 5, 8, 9, 10, 12, 14, 15, 16, 18, 20]",9,aec_prototype_relaxed
7,d07,480,544,test,"[9, 16, 15, 11, 10, 5]","[9, 16, 15, 11, 10, 5]",42,0,6,38.44980934685053,0.21428571428571427,"[5, 9, 10, 11, 15, 16]",9,aec_prototype_relaxed
7,d07,544,608,test,"[9, 3, 16, 20, 15, 10]","[9, 3, 16, 20, 15, 10]",34,6,6,21.95189837676744,0.16666666666666666,"[3, 9, 10, 15, 16, 20]",9,aec_prototype_relaxed
7,d07,608,672,test,"[16, 9, 10]","[16, 9, 10]",28,3,3,22.881430825892252,0.14285714285714285,"[9, 10, 16]",16,aec_prototype_relaxed
7,d07,672,736,test,[],[-1],7,7,0,0.0,0.0,[],-1,aec_prototype_relaxed
7,d07,736,800,test,[3],[3],10,4,1,4.01999512645118,0.5,[3],3,aec_prototype_relaxed
7,d07,800,864,test,[3],[3],4,1,1,2.3071815793969828,0.5,[3],3,aec_prototype_relaxed
7,d07,864,928,test,[3],[3],3,2,1,0.5608929862712196,0.5,[3],3,aec_prototype_relaxed
8,d08,160,224,test,"[9, 16, 3, 19, 20, 11, 14, 10, 1, 5, 12, 7]","[9, 16, 3, 19, 20, 11, 14, 10, 1, 5, 12, 7, 8, 18]",66,0,14,78.24313696497774,0.389676493939751,"[1, 3, 5, 7, 8, 9, 10, 11, 12, 14, 16, 18, 19, 20]",9,aec_prototype_relaxed
8,d08,224,288,test,"[9, 3, 20, 16, 14, 11, 10, 1, 12, 13]","[9, 3, 20, 16, 14, 11, 10, 1, 12, 13, 8, 5, 7, 18]",93,0,14,135.2931228091034,0.21467805885442268,"[1, 3, 5, 7, 8, 9, 10, 11, 12, 13, 14, 16, 18, 20]",9,aec_prototype_relaxed
8,d08,288,352,test,"[4, 9, 3, 19, 11, 16, 20, 17, 14, 10, 2, 12, 13]","[4, 9, 3, 19, 11, 16, 20, 17, 14, 10, 2, 12, 13, 7, 1, 8, 5, 18]",107,0,18,164.72909654758865,0.1972696891280749,"[1, 2, 3, 4, 5, 7, 8, 9, 10, 11, 12, 13, 14, 16, 17, 18, 19, 20]",4,aec_prototype_relaxed
8,d08,352,416,test,"[9, 19, 3, 16, 11, 20, 17, 14, 10, 13, 5]","[9, 19, 3, 16, 11, 20, 17, 14, 10, 13, 5, 1, 12, 7, 8, 18]",96,0,16,147.7967440543423,0.22335054362384352,"[1, 3, 5, 7, 8, 9, 10, 11, 12, 13, 14, 16, 17, 18, 19, 20]",9,aec_prototype_relaxed
8,d08,416,480,test,"[9, 19, 3, 16, 11, 20, 17, 14, 10, 12, 5, 13]","[9, 19, 3, 16, 11, 20, 17, 14, 10, 12, 5, 13, 8, 1, 7, 18]",103,0,16,146.92995656171408,0.2229528602502707,"[1, 3, 5, 7, 8, 9, 10, 11, 12, 13, 14, 16, 17, 18, 19, 20]",9,aec_prototype_relaxed
8,d08,480,544,test,"[9, 3, 16, 19, 11, 20, 14, 17, 10, 2, 5, 7, 1, 12]","[9, 3, 16, 19, 11, 20, 14, 17, 10, 2, 5, 7, 1, 12, 8, 13, 18]",115,0,17,178.54415122014726,0.18563779467162117,"[1, 2, 3, 5, 7, 8, 9, 10, 11, 12, 13, 14, 16, 17, 18, 19, 20]",9,aec_prototype_relaxed
8,d08,544,608,test,"[3, 9, 16, 11, 15, 20, 17, 10, 1, 5, 12]","[3, 9, 16, 11, 15, 20, 17, 10, 1, 5, 12, 7, 8, 13, 18, 14]",93,0,16,137.97427926479565,0.17959286185505893,"[1, 3, 5, 7, 8, 9, 10, 11, 12, 13, 14, 15, 16, 17, 18, 20]",3,aec_prototype_relaxed
8,d08,608,672,test,"[9, 19, 16, 3, 11, 15, 17, 20, 14, 10, 13, 1]","[9, 19, 16, 3, 11, 15, 17, 20, 14, 10, 13, 1, 7, 5, 12, 8, 18]",94,0,17,129.89667889652236,0.17698146992493854,"[1, 3, 5, 7, 8, 9, 10, 11, 12, 13, 14, 15, 16, 17, 18, 19, 20]",9,aec_prototype_relaxed
8,d08,672,736,test,"[9, 19, 3, 16, 11, 20, 14, 17, 10, 1, 5, 7]","[9, 19, 3, 16, 11, 20, 14, 17, 10, 1, 5, 7, 12, 8, 13, 15, 18]",79,0,17,108.23451480464637,0.23142328943797177,"[1, 3, 5, 7, 8, 9, 10, 11, 12, 13, 14, 15, 16, 17, 18, 19, 20]",9,aec_prototype_relaxed
8,d08,736,800,test,"[3, 9, 16, 15, 11, 14, 10, 2, 8]","[3, 9, 16, 15, 11, 14, 10, 2, 8, 5, 12, 7, 1, 13, 18]",80,0,15,111.3259586337863,0.2379536709746489,"[1, 2, 3, 5, 7, 8, 9, 10, 11, 12, 13, 14, 15, 16, 18]",3,aec_prototype_relaxed
8,d08,800,864,test,"[9, 19, 3, 11, 16, 20, 14, 17, 10, 2, 13, 1]","[9, 19, 3, 11, 16, 20, 14, 17, 10, 2, 13, 1, 5, 12, 7, 18, 8]",83,0,17,106.53676694314754,0.23618542911987042,"[1, 2, 3, 5, 7, 8, 9, 10, 11, 12, 13, 14, 16, 17, 18, 19, 20]",9,aec_prototype_relaxed
8,d08,864,928,test,"[9, 3, 16, 11, 19, 15, 20, 14, 10, 5, 1, 12]","[9, 3, 16, 11, 19, 15, 20, 14, 10, 5, 1, 12, 13, 7, 8, 18]",98,0,16,149.23200486977447,0.22144413018767467,"[1, 3, 5, 7, 8, 9, 10, 11, 12, 13, 14, 15, 16, 18, 19, 20]",9,aec_prototype_relaxed
9,d09,160,224,test,"[9, 16, 3, 14, 10]","[9, 16, 3, 14, 10, 20, 5]",25,0,7,19.91320595139376,0.32653061224489793,"[3, 5, 9, 10, 14, 16, 20]",9,aec_prototype_relaxed
9,d09,224,288,test,"[3, 15]","[3, 15]",10,2,2,5.654513940201237,0.25,"[3, 15]",3,aec_prototype_relaxed
9,d09,288,352,test,[3],[3],8,0,1,7.907144642704582,0.5,[3],3,aec_prototype_relaxed
9,d09,352,416,test,[15],[15],18,6,1,13.796148976221604,0.0,[15],15,aec_prototype_relaxed
9,d09,416,480,test,"[3, 15, 14]","[3, 15, 14]",20,4,3,11.863319405602937,0.16666666666666666,"[3, 14, 15]",3,aec_prototype_relaxed
9,d09,480,544,test,"[15, 11]","[15, 11]",14,4,2,6.933828389467252,0.25,"[11, 15]",15,aec_prototype_relaxed
9,d09,544,608,test,"[3, 15]","[3, 15]",13,5,2,5.243297194831834,0.25,"[3, 15]",3,aec_prototype_relaxed
9,d09,608,672,test,[11],[11],20,7,1,13.820614739303544,0.5,[11],11,aec_prototype_relaxed
9,d09,672,736,test,[15],[15],16,7,1,7.96557930290554,0.0,[15],15,aec_prototype_relaxed
9,d09,736,800,test,[3],[3],18,13,1,3.739157742983755,0.5,[3],3,aec_prototype_relaxed
9,d09,800,864,test,"[3, 20, 14, 10, 5]","[3, 20, 14, 10, 5, 15]",29,1,6,21.162472749774437,0.4047619047619048,"[3, 5, 10, 14, 15, 20]",3,aec_prototype_relaxed
9,d09,864,928,test,"[9, 16, 3, 20, 10, 5]","[9, 16, 3, 20, 10, 5]",35,1,6,35.04602256199913,0.2501984126984127,"[3, 5, 9, 10, 16, 20]",9,aec_prototype_relaxed
10,d10,160,224,test,"[3, 16, 14, 20, 15, 10, 5]","[3, 16, 14, 20, 15, 10, 5, 19]",41,0,8,41.8636656915229,0.37217261904761906,"[3, 5, 10, 14, 15, 16, 19, 20]",3,aec_prototype_relaxed
10,d10,224,288,test,"[9, 3, 16, 14, 11, 10, 5]","[9, 3, 16, 14, 11, 10, 5]",53,0,7,55.27218194499595,0.10119047619047619,"[3, 5, 9, 10, 11, 14, 16]",9,aec_prototype_relaxed
10,d10,288,352,test,"[9, 3, 16, 10]","[9, 3, 16, 10]",31,5,4,28.543564405536053,0.1607142857142857,"[3, 9, 10, 16]",9,aec_prototype_relaxed
10,d10,352,416,test,"[3, 9, 11, 14]","[3, 9, 11, 14, 16, 10, 5]",33,0,7,28.160229847420098,0.19047619047619047,"[3, 5, 9, 10, 11, 14, 16]",3,aec_prototype_relaxed
10,d10,416,480,test,"[9, 16]","[9, 16]",4,1,2,3.4028188080114123,0.25,"[9, 16]",9,aec_prototype_relaxed
10,d10,480,544,test,"[16, 3]","[16, 3]",10,5,2,3.975682667909882,0.5,"[3, 16]",16,aec_prototype_relaxed
10,d10,544,608,test,"[3, 10, 16, 14]","[3, 10, 16, 14]",23,4,4,18.58774652986029,0.48214285714285715,"[3, 10, 14, 16]",3,aec_prototype_relaxed
10,d10,608,672,test,"[9, 16, 19, 3, 11, 20, 15, 14, 10, 1, 5]","[9, 16, 19, 3, 11, 20, 15, 14, 10, 1, 5, 7, 12, 8, 18]",63,0,15,75.88272164044236,0.2502383367139959,"[1, 3, 5, 7, 8, 9, 10, 11, 12, 14, 15, 16, 18, 19, 20]",9,aec_prototype_relaxed
10,d10,672,736,test,"[9, 16, 19, 3, 11, 20, 14, 10, 18, 1]","[9, 16, 19, 3, 11, 20, 14, 10, 18, 1, 8, 5, 13, 12]",78,0,14,104.6971943381901,0.2969641095304519,"[1, 3, 5, 8, 9, 10, 11, 12, 13, 14, 16, 18, 19, 20]",9,aec_prototype_relaxed
10,d10,736,800,test,"[9, 3, 16, 14, 11, 10, 5]","[9, 3, 16, 14, 11, 10, 5, 12, 7, 13, 1, 8, 18]",71,0,13,94.09709756009887,0.23782118137260166,"[1, 3, 5, 7, 8, 9, 10, 11, 12, 13, 14, 16, 18]",9,aec_prototype_relaxed
10,d10,800,864,test,"[9, 16, 3, 11, 20, 14, 10, 1]","[9, 16, 3, 11, 20, 14, 10, 1, 5]",50,0,9,55.90285802738916,0.2916666666666667,"[1, 3, 5, 9, 10, 11, 14, 16, 20]",9,aec_prototype_relaxed
10,d10,864,928,test,[16],[16],9,6,1,3.063588970369726,0.5,[16],16,aec_prototype_relaxed
11,d11,160,224,test,[11],[11],14,2,1,10.385058790303113,0.5,[11],11,aec_prototype_relaxed
11,d11,224,288,test,"[4, 3, 11, 17, 14]","[4, 3, 11, 17, 14]",15,3,5,10.97151675091841,0.21904761904761902,"[3, 4, 11, 14, 17]",4,aec_prototype_relaxed
11,d11,288,352,test,"[9, 16, 3, 11, 14, 10]","[9, 16, 3, 11, 14, 10]",35,3,6,28.486643206140787,0.20436507936507933,"[3, 9, 10, 11, 14, 16]",9,aec_prototype_relaxed
11,d11,352,416,test,"[3, 16, 10, 9, 14, 4, 11]","[3, 16, 10, 9, 14, 4, 11, 17]",28,1,8,22.799722754354555,0.10267857142857142,"[3, 4, 9, 10, 11, 14, 16, 17]",3,aec_prototype_relaxed
11,d11,416,480,test,"[9, 3, 16, 4, 17, 14, 11, 10]","[9, 3, 16, 4, 17, 14, 11, 10]",46,11,8,35.053554732915224,0.23809523809523808,"[3, 4, 9, 10, 11, 14, 16, 17]",9,aec_prototype_relaxed
11,d11,480,544,test,"[3, 4, 11, 10, 9, 14]","[3, 4, 11, 10, 9, 14, 16, 17]",43,6,8,36.12847637197451,0.05357142857142857,"[3, 4, 9, 10, 11, 14, 16, 17]",3,aec_prototype_relaxed
11,d11,544,608,test,"[4, 9, 16, 11, 17]","[4, 9, 16, 11, 17]",23,1,5,20.527884172737195,0.2857142857142857,"[4, 9, 11, 16, 17]",4,aec_prototype_relaxed
11,d11,608,672,test,"[3, 19, 14, 11]","[3, 19, 14, 11, 15]",31,6,5,25.25497374051111,0.32999999999999996,"[3, 11, 14, 15, 19]",3,aec_prototype_relaxed
11,d11,672,736,test,"[3, 14, 11]","[3, 14, 11]",13,0,3,12.673895571067444,0.4166666666666667,"[3, 11, 14]",3,aec_prototype_relaxed
11,d11,736,800,test,"[4, 11, 14]","[4, 11, 14, 17]",9,0,4,8.455796813375954,0.29464285714285715,"[4, 11, 14, 17]",4,aec_prototype_relaxed
11,d11,800,864,test,"[9, 11]","[9, 11, 16]",11,4,3,6.774448501839445,0.3333333333333333,"[9, 11, 16]",9,aec_prototype_relaxed
11,d11,864,928,test,"[4, 11]","[4, 11]",7,1,2,5.711626613827547,0.25,"[4, 11]",4,aec_prototype_relaxed
12,d12,160,224,test,"[9, 3, 19, 20, 16, 14, 11, 17, 10, 7, 12]","[9, 3, 19, 20, 16, 14, 11, 17, 10, 7, 12, 8, 5, 1, 13, 18]",67,0,16,79.62188209477648,0.3103440916101887,"[1, 3, 5, 7, 8, 9, 10, 11, 12, 13, 14, 16, 17, 18, 19, 20]",9,aec_prototype_relaxed
12,d12,224,288,test,"[9, 16, 19, 3, 11, 20, 17, 15, 14, 10, 13, 8]","[9, 16, 19, 3, 11, 20, 17, 15, 14, 10, 13, 8, 1, 5, 12, 7, 18]",74,0,17,102.62385316307552,0.22754549672806193,"[1, 3, 5, 7, 8, 9, 10, 11, 12, 13, 14, 15, 16, 17, 18, 19, 20]",9,aec_prototype_relaxed
12,d12,288,352,test,"[9, 19, 3, 16, 11, 20, 17, 14, 10, 13, 1, 12]","[9, 19, 3, 16, 11, 20, 17, 14, 10, 13, 1, 12, 5, 7, 8, 18]",97,0,16,133.537503543465,0.22329003258604851,"[1, 3, 5, 7, 8, 9, 10, 11, 12, 13, 14, 16, 17, 18, 19, 20]",9,aec_prototype_relaxed
12,d12,352,416,test,"[9, 3, 19, 16, 11, 20, 14, 17, 10, 12]","[9, 3, 19, 16, 11, 20, 14, 17, 10, 12, 13, 1, 8, 5, 18, 7]",79,0,16,106.65079279999688,0.25324758781950585,"[1, 3, 5, 7, 8, 9, 10, 11, 12, 13, 14, 16, 17, 18, 19, 20]",9,aec_prototype_relaxed
12,d12,416,480,test,"[9, 3, 16, 19, 11, 17, 15, 20, 14, 10, 2, 13, 8, 5, 18]","[9, 3, 16, 19, 11, 17, 15, 20, 14, 10, 2, 13, 8, 5, 18, 1, 12, 7]",109,0,18,170.29340005944022,0.1714211424871188,"[1, 2, 3, 5, 7, 8, 9, 10, 11, 12, 13, 14, 15, 16, 17, 18, 19, 20]",9,aec_prototype_relaxed
12,d12,480,544,test,"[9, 19, 3, 16, 20, 14, 11, 17, 10, 7, 12, 1]","[9, 19, 3, 16, 20, 14, 11, 17, 10, 7, 12, 1, 5, 18, 13, 8]",80,0,16,111.37885014732262,0.22540307350428657,"[1, 3, 5, 7, 8, 9, 10, 11, 12, 13, 14, 16, 17, 18, 19, 20]",9,aec_prototype_relaxed
12,d12,544,608,test,"[9, 3, 16, 17, 19, 11, 20, 14, 10, 5, 8, 18]","[9, 3, 16, 17, 19, 11, 20, 14, 10, 5, 8, 18, 1, 12, 15]",78,2,15,103.59101449149881,0.2120304532069238,"[1, 3, 5, 8, 9, 10, 11, 12, 14, 15, 16, 17, 18, 19, 20]",9,aec_prototype_relaxed
12,d12,608,672,test,"[9, 3, 19, 20, 16, 11, 14, 17, 10, 13]","[9, 3, 19, 20, 16, 11, 14, 17, 10, 13, 12, 7, 5, 8, 1, 18]",84,0,16,123.8522220615697,0.18624815428579639,"[1, 3, 5, 7, 8, 9, 10, 11, 12, 13, 14, 16, 17, 18, 19, 20]",9,aec_prototype_relaxed
12,d12,672,736,test,"[4, 9, 19, 3, 11, 16, 20, 17, 14, 10, 2, 13, 12, 7]","[4, 9, 19, 3, 11, 16, 20, 17, 14, 10, 2, 13, 12, 7, 8, 18, 5, 1]",118,0,18,186.55805251293498,0.19702259725612986,"[1, 2, 3, 4, 5, 7, 8, 9, 10, 11, 12, 13, 14, 16, 17, 18, 19, 20]",4,aec_prototype_relaxed
12,d12,736,800,test,"[9, 3, 19, 11, 16, 17, 20, 14, 10, 13, 8, 12, 7]","[9, 3, 19, 11, 16, 17, 20, 14, 10, 13, 8, 12, 7, 1, 5, 18, 15]",117,0,17,175.17813486996423,0.16143776712301067,"[1, 3, 5, 7, 8, 9, 10, 11, 12, 13, 14, 15, 16, 17, 18, 19, 20]",9,aec_prototype_relaxed
12,d12,800,864,test,"[9, 3, 16, 15, 19, 11, 20, 17, 14, 10, 8, 1, 18, 12]","[9, 3, 16, 15, 19, 11, 20, 17, 14, 10, 8, 1, 18, 12, 13, 5, 7]",123,2,17,176.05452473179284,0.11432378282631674,"[1, 3, 5, 7, 8, 9, 10, 11, 12, 13, 14, 15, 16, 17, 18, 19, 20]",9,aec_prototype_relaxed
12,d12,864,928,test,"[4, 9, 3, 19, 20, 16, 11, 14, 17, 10, 2, 7, 12]","[4, 9, 3, 19, 20, 16, 11, 14, 17, 10, 2, 7, 12, 1, 13, 5, 18, 8]",104,0,18,163.64927215185824,0.16300231196609438,"[1, 2, 3, 4, 5, 7, 8, 9, 10, 11, 12, 13, 14, 16, 17, 18, 19, 20]",4,aec_prototype_relaxed
13,d13,160,224,test,"[9, 3, 16, 11, 15, 14, 10, 5]","[9, 3, 16, 11, 15, 14, 10, 5]",57,4,8,62.63266373818692,0.32217261904761907,"[3, 5, 9, 10, 11, 14, 15, 16]",9,aec_prototype_relaxed
13,d13,224,288,test,"[9, 3, 16, 19, 11, 20, 14, 10, 2, 1, 12]","[9, 3, 16, 19, 11, 20, 14, 10, 2, 1, 12, 5, 18, 8, 7]",82,1,15,105.82213494488684,0.26023315426966537,"[1, 2, 3, 5, 7, 8, 9, 10, 11, 12, 14, 16, 18, 19, 20]",9,aec_prototype_relaxed
13,d13,288,352,test,"[9, 3, 16, 20, 10, 2, 1]","[9, 3, 16, 20, 10, 2, 1, 8, 12, 5]",75,0,10,99.65986139406087,0.279684065934066,"[1, 2, 3, 5, 8, 9, 10, 12, 16, 20]",9,aec_prototype_relaxed
13,d13,352,416,test,"[4, 9, 3, 16, 20, 17, 14, 10, 2, 12]","[4, 9, 3, 16, 20, 17, 14, 10, 2, 12, 5, 7, 8, 1, 18]",102,0,15,157.57417555298028,0.17358243739582482,"[1, 2, 3, 4, 5, 7, 8, 9, 10, 12, 14, 16, 17, 18, 20]",4,aec_prototype_relaxed
13,d13,416,480,test,"[9, 3, 16, 19, 11, 20, 17, 14, 10, 2, 1]","[9, 3, 16, 19, 11, 20, 17, 14, 10, 2, 1, 13, 8, 18, 5, 12, 7]",106,0,17,162.61449455228296,0.21921007930645958,"[1, 2, 3, 5, 7, 8, 9, 10, 11, 12, 13, 14, 16, 17, 18, 19, 20]",9,aec_prototype_relaxed
13,d13,480,544,test,"[4, 9, 3, 19, 16, 11, 20, 17, 14, 10, 13, 5, 12]","[4, 9, 3, 19, 16, 11, 20, 17, 14, 10, 13, 5, 12, 7, 1, 8, 2, 18]",96,0,18,149.40599267622537,0.2079315184665083,"[1, 2, 3, 4, 5, 7, 8, 9, 10, 11, 12, 13, 14, 16, 17, 18, 19, 20]",4,aec_prototype_relaxed
13,d13,544,608,test,"[9, 19, 3, 16, 11, 20, 14, 10, 2, 13, 8, 7, 12]","[9, 19, 3, 16, 11, 20, 14, 10, 2, 13, 8, 7, 12, 5, 1, 18]",106,0,16,156.55804607924586,0.26558214597091107,"[1, 2, 3, 5, 7, 8, 9, 10, 11, 12, 13, 14, 16, 18, 19, 20]",9,aec_prototype_relaxed
13,d13,608,672,test,"[9, 3, 11, 16, 14, 20, 10, 6, 7, 8, 18, 12, 13]","[9, 3, 11, 16, 14, 20, 10, 6, 7, 8, 18, 12, 13, 1, 5]",127,0,15,201.79411450298306,0.20900281402523316,"[1, 3, 5, 6, 7, 8, 9, 10, 11, 12, 13, 14, 16, 18, 20]",9,aec_prototype_relaxed
13,d13,672,736,test,"[9, 3, 19, 20, 16, 14, 11, 17, 10, 2, 5, 13, 1, 12]","[9, 3, 19, 20, 16, 14, 11, 17, 10, 2, 5, 13, 1, 12, 7, 8, 18]",124,2,17,193.8229909746392,0.16423891661270695,"[1, 2, 3, 5, 7, 8, 9, 10, 11, 12, 13, 14, 16, 17, 18, 19, 20]",9,aec_prototype_relaxed
13,d13,736,800,test,"[9, 19, 3, 16, 11, 20, 17, 14, 10, 2, 13, 6, 1]","[9, 19, 3, 16, 11, 20, 17, 14, 10, 2, 13, 6, 1, 12, 5, 7, 18, 8]",120,0,18,191.1614286854322,0.20758666768862133,"[1, 2, 3, 5, 6, 7, 8, 9, 10, 11, 12, 13, 14, 16, 17, 18, 19, 20]",9,aec_prototype_relaxed
13,d13,800,864,test,"[9, 19, 3, 16, 11, 20, 15, 17, 14, 10, 8, 5, 13, 1]","[9, 19, 3, 16, 11, 20, 15, 17, 14, 10, 8, 5, 13, 1, 18, 12, 7]",123,3,17,179.3314378486817,0.14432290099934333,"[1, 3, 5, 7, 8, 9, 10, 11, 12, 13, 14, 15, 16, 17, 18, 19, 20]",9,aec_prototype_relaxed
13,d13,864,928,test,"[9, 3, 19, 20, 16, 11, 14, 17, 10, 6, 2, 12, 1, 13]","[9, 3, 19, 20, 16, 11, 14, 17, 10, 6, 2, 12, 1, 13, 8, 7, 18, 5]",126,2,18,197.8942460674653,0.17680580984934033,"[1, 2, 3, 5, 6, 7, 8, 9, 10, 11, 12, 13, 14, 16, 17, 18, 19, 20]",9,aec_prototype_relaxed
14,d14,160,224,test,"[3, 11, 14]","[3, 11, 14]",16,2,3,13.738157271100391,0.27777777777777773,"[3, 11, 14]",3,aec_prototype_relaxed
14,d14,224,288,test,"[3, 14, 11]","[3, 14, 11]",9,1,3,6.7425309705759116,0.27777777777777773,"[3, 11, 14]",3,aec_prototype_relaxed
14,d14,288,352,test,"[14, 11]","[14, 11]",4,0,2,4.277219355164602,0.375,"[11, 14]",14,aec_prototype_relaxed
14,d14,352,416,test,"[9, 16, 14, 15]","[9, 16, 14, 15, 11]",12,0,5,8.829912870525668,0.25,"[9, 11, 14, 15, 16]",9,aec_prototype_relaxed
14,d14,416,480,test,"[3, 14]","[3, 14, 11]",11,1,3,8.277014538032338,0.3611111111111111,"[3, 11, 14]",3,aec_prototype_relaxed
14,d14,480,544,test,"[9, 3, 16, 11, 14, 15]","[9, 3, 16, 11, 14, 15]",23,0,6,19.2583684286113,0.2222222222222222,"[3, 9, 11, 14, 15, 16]",9,aec_prototype_relaxed
14,d14,544,608,test,"[14, 11]","[14, 11]",10,1,2,6.9812994498522105,0.375,"[11, 14]",14,aec_prototype_relaxed
14,d14,608,672,test,[14],"[14, 11]",5,0,2,4.5174021999149465,0.25,"[11, 14]",14,aec_prototype_relaxed
14,d14,672,736,test,"[3, 14, 11]","[3, 14, 11]",8,0,3,8.391431970073526,0.27777777777777773,"[3, 11, 14]",3,aec_prototype_relaxed
14,d14,736,800,test,[14],"[14, 11, 19]",9,2,3,7.241294431885737,0.3833333333333333,"[11, 14, 19]",14,aec_prototype_relaxed
14,d14,800,864,test,"[3, 11, 14]","[3, 11, 14]",18,2,3,16.74205407775414,0.08333333333333333,"[3, 11, 14]",3,aec_prototype_relaxed
14,d14,864,928,test,"[3, 11, 17]","[3, 11, 17, 14]",18,1,4,14.37772243745316,0.2738095238095238,"[3, 11, 14, 17]",3,aec_prototype_relaxed
15,d15,160,224,test,[],[-1],2,2,0,0.0,0.0,[],-1,aec_prototype_relaxed
15,d15,224,288,test,[15],[15],16,6,1,8.054390461662583,0.0,[15],15,aec_prototype_relaxed
15,d15,288,352,test,[],[-1],9,9,0,0.0,0.0,[],-1,aec_prototype_relaxed
15,d15,352,416,test,[],[-1],2,2,0,0.0,0.0,[],-1,aec_prototype_relaxed
15,d15,416,480,test,[11],[11],3,0,1,3.2225775597933097,0.5,[11],11,aec_prototype_relaxed
15,d15,480,544,test,[3],[3],3,1,1,1.0584069366643922,0.5,[3],3,aec_prototype_relaxed
15,d15,544,608,test,"[3, 14, 11]","[3, 14, 11]",15,1,3,9.584205743590687,0.5,"[3, 11, 14]",3,aec_prototype_relaxed
15,d15,608,672,test,[3],[3],16,9,1,4.190701842212827,0.5,[3],3,aec_prototype_relaxed
15,d15,672,736,test,"[9, 3, 16, 14, 10]","[9, 3, 16, 14, 10]",21,0,5,16.253188630917066,0.32857142857142857,"[3, 9, 10, 14, 16]",9,aec_prototype_relaxed
15,d15,736,800,test,"[3, 19, 11, 20, 15, 17, 14, 18]","[3, 19, 11, 20, 15, 17, 14, 18, 8, 5]",48,0,10,52.07531252501239,0.29486694677871145,"[3, 5, 8, 11, 14, 15, 17, 18, 19, 20]",3,aec_prototype_relaxed
15,d15,800,864,test,"[3, 9, 16, 11, 14, 10, 7]","[3, 9, 16, 11, 14, 10, 7, 5, 12, 18]",60,0,10,60.89706711610776,0.3073815467831695,"[3, 5, 7, 9, 10, 11, 12, 14, 16, 18]",3,aec_prototype_relaxed
15,d15,864,928,test,"[3, 9, 16, 10]","[3, 9, 16, 10]",28,10,4,18.102516389418525,0.19642857142857142,"[3, 9, 10, 16]",3,aec_prototype_relaxed
16,d16,160,224,test,"[11, 9, 16, 10]","[11, 9, 16, 10]",17,2,4,9.919273952584536,0.23214285714285715,"[9, 10, 11, 16]",11,aec_prototype_relaxed
16,d16,224,288,test,"[9, 16, 15]","[9, 16, 15]",16,2,3,8.745157857117926,0.16666666666666666,"[9, 15, 16]",9,aec_prototype_relaxed
16,d16,288,352,test,"[3, 9, 16, 14, 10]","[3, 9, 16, 14, 10]",22,1,5,15.76737898285749,0.12857142857142856,"[3, 9, 10, 14, 16]",3,aec_prototype_relaxed
16,d16,352,416,test,"[9, 3, 16, 10, 5]","[9, 3, 16, 10, 5]",37,1,5,38.185513867233894,0.20357142857142857,"[3, 5, 9, 10, 16]",9,aec_prototype_relaxed
16,d16,416,480,test,"[9, 16, 10]","[9, 16, 10]",23,8,3,15.362864447708393,0.14285714285714285,"[9, 10, 16]",9,aec_prototype_relaxed
16,d16,480,544,test,"[3, 16, 9, 15, 10]","[3, 16, 9, 15, 10]",31,2,5,26.78706553545979,0.1,"[3, 9, 10, 15, 16]",3,aec_prototype_relaxed
16,d16,544,608,test,"[9, 16, 3, 20, 15, 14, 10, 5]","[9, 16, 3, 20, 15, 14, 10, 5]",42,0,8,53.29337755939347,0.18452380952380953,"[3, 5, 9, 10, 14, 15, 16, 20]",9,aec_prototype_relaxed
16,d16,608,672,test,"[3, 14, 16, 9, 10]","[3, 14, 16, 9, 10, 15]",26,3,6,18.763182943544507,0.10714285714285714,"[3, 9, 10, 14, 15, 16]",3,aec_prototype_relaxed
16,d16,672,736,test,"[9, 16]","[9, 16]",13,6,2,5.637461772282737,0.0,"[9, 16]",9,aec_prototype_relaxed
16,d16,736,800,test,"[9, 16, 3, 11, 20, 14, 10, 7, 1]","[9, 16, 3, 11, 20, 14, 10, 7, 1, 5, 8, 18]",58,0,12,73.2944321909235,0.2518988054992112,"[1, 3, 5, 7, 8, 9, 10, 11, 14, 16, 18, 20]",9,aec_prototype_relaxed
16,d16,800,864,test,"[9, 3, 11, 16, 17, 14, 10, 7, 5]","[9, 3, 11, 16, 17, 14, 10, 7, 5, 1, 12, 8, 18]",68,0,13,83.3848944388173,0.21490774334626728,"[1, 3, 5, 7, 8, 9, 10, 11, 12, 14, 16, 17, 18]",9,aec_prototype_relaxed
16,d16,864,928,test,"[9, 16, 11, 3, 15, 20, 14, 10, 1]","[9, 16, 11, 3, 15, 20, 14, 10, 1, 5, 7, 12, 18]",55,0,13,61.8218176471771,0.27860185596376896,"[1, 3, 5, 7, 9, 10, 11, 12, 14, 15, 16, 18, 20]",9,aec_prototype_relaxed
17,d17,160,224,test,"[4, 3, 17, 14]","[4, 3, 17, 14, 11]",14,0,5,18.85536427123686,0.02857142857142857,"[3, 4, 11, 14, 17]",4,aec_prototype_relaxed
17,d17,224,288,test,"[4, 3, 17, 14]","[4, 3, 17, 14, 11]",36,6,5,31.298677181228626,0.2119047619047619,"[3, 4, 11, 14, 17]",4,aec_prototype_relaxed
17,d17,288,352,test,"[4, 9, 10, 3, 16, 11, 17]","[4, 9, 10, 3, 16, 11, 17, 14]",25,0,8,23.99438783073342,0.10119047619047618,"[3, 4, 9, 10, 11, 14, 16, 17]",4,aec_prototype_relaxed
17,d17,352,416,test,"[4, 9, 3, 11, 16, 20, 17, 10, 14, 18]","[4, 9, 3, 11, 16, 20, 17, 10, 14, 18, 19]",43,0,11,44.96298173883282,0.19567099567099566,"[3, 4, 9, 10, 11, 14, 16, 17, 18, 19, 20]",4,aec_prototype_relaxed
17,d17,416,480,test,"[9, 16, 4, 19, 3, 11, 20, 10, 14, 17, 8]","[9, 16, 4, 19, 3, 11, 20, 10, 14, 17, 8, 5, 18]",53,0,13,62.98123938622184,0.20847877612583493,"[3, 4, 5, 8, 9, 10, 11, 14, 16, 17, 18, 19, 20]",9,aec_prototype_relaxed
17,d17,480,544,test,"[4, 9, 16, 3, 11, 19, 20, 10, 17, 14, 7]","[4, 9, 16, 3, 11, 19, 20, 10, 17, 14, 7, 5, 12, 18]",55,0,14,64.8898784265715,0.2472806629283013,"[3, 4, 5, 7, 9, 10, 11, 12, 14, 16, 17, 18, 19, 20]",4,aec_prototype_relaxed
17,d17,544,608,test,"[9, 4, 3, 16, 11, 10, 20, 14, 17]","[9, 4, 3, 16, 11, 10, 20, 14, 17, 15]",44,10,10,43.37002971917302,0.14952380952380953,"[3, 4, 9, 10, 11, 14, 15, 16, 17, 20]",9,aec_prototype_relaxed
17,d17,608,672,test,"[3, 4, 9, 11, 16, 14, 17]","[3, 4, 9, 11, 16, 14, 17]",33,2,7,34.648056178163706,0.17517006802721086,"[3, 4, 9, 11, 14, 16, 17]",3,aec_prototype_relaxed
17,d17,672,736,test,"[4, 17, 11, 14]","[4, 17, 11, 14]",18,1,4,14.95714448330049,0.1875,"[4, 11, 14, 17]",4,aec_prototype_relaxed
17,d17,736,800,test,"[4, 3, 14, 11, 17]","[4, 3, 14, 11, 17]",11,0,5,15.437887887555771,0.22380952380952382,"[3, 4, 11, 14, 17]",4,aec_prototype_relaxed
17,d17,800,864,test,"[4, 19, 14, 3, 17, 11, 10, 18]","[4, 19, 14, 3, 17, 11, 10, 18, 5]",34,0,9,35.01675200691051,0.27133520074696543,"[3, 4, 5, 10, 11, 14, 17, 18, 19]",4,aec_prototype_relaxed
17,d17,864,928,test,"[4, 3, 14, 11, 17]","[4, 3, 14, 11, 17]",10,0,5,14.235157936133609,0.2452380952380952,"[3, 4, 11, 14, 17]",4,aec_prototype_relaxed
18,d18,160,224,test,[3],[3],15,8,1,6.295069371576729,0.5,[3],3,aec_prototype_relaxed
18,d18,224,288,test,"[9, 16, 3, 19, 11, 17, 20, 14, 10, 5, 7, 8, 12]","[9, 16, 3, 19, 11, 17, 20, 14, 10, 5, 7, 8, 12, 18, 1, 13, 15]",106,0,17,146.46263736021578,0.17253438153311929,"[1, 3, 5, 7, 8, 9, 10, 11, 12, 13, 14, 15, 16, 17, 18, 19, 20]",9,aec_prototype_relaxed
18,d18,288,352,test,"[3, 9, 19, 20, 16, 11, 14, 17, 10, 2, 5, 8, 1, 18]","[3, 9, 19, 20, 16, 11, 14, 17, 10, 2, 5, 8, 1, 18, 12, 13, 7]",121,1,17,191.75393301914792,0.16189817983183616,"[1, 2, 3, 5, 7, 8, 9, 10, 11, 12, 13, 14, 16, 17, 18, 19, 20]",3,aec_prototype_relaxed
18,d18,352,416,test,"[4, 9, 19, 3, 11, 16, 20, 17, 14, 10, 2, 13, 6, 18, 7]","[4, 9, 19, 3, 11, 16, 20, 17, 14, 10, 2, 13, 6, 18, 7, 5, 12, 1, 8]",139,3,19,236.5003356037442,0.1910361987142594,"[1, 2, 3, 4, 5, 6, 7, 8, 9, 10, 11, 12, 13, 14, 16, 17, 18, 19, 20]",4,aec_prototype_relaxed
18,d18,416,480,test,"[21, 6]","[21, 6]",89,22,2,67.81655717244885,0.3421052631578947,"[6, 21]",21,aec_prototype_relaxed
18,d18,480,544,test,"[21, 6]","[21, 6]",84,22,2,55.02122132912775,0.21052631578947367,"[6, 21]",21,aec_prototype_relaxed
18,d18,544,608,test,"[3, 21, 6]","[3, 21, 6]",84,23,3,53.10808278838368,0.31871345029239767,"[3, 6, 21]",3,aec_prototype_relaxed
18,d18,608,672,test,"[21, 6]","[21, 6]",84,23,2,53.468737792026104,0.21929824561403508,"[6, 21]",21,aec_prototype_relaxed
18,d18,672,736,test,"[3, 21, 6]","[3, 21, 6]",83,22,3,53.84498253355021,0.31871345029239767,"[3, 6, 21]",3,aec_prototype_relaxed
18,d18,736,800,test,"[3, 21, 6]","[3, 21, 6]",85,23,3,53.54026655620004,0.31871345029239767,"[3, 6, 21]",3,aec_prototype_relaxed
18,d18,800,864,test,"[21, 6]","[21, 6]",85,24,2,52.7629787516085,0.21929824561403508,"[6, 21]",21,aec_prototype_relaxed
18,d18,864,928,test,"[21, 6]","[21, 6]",85,21,2,55.22931335324256,0.21052631578947367,"[6, 21]",21,aec_prototype_relaxed
19,d19,160,224,test,"[9, 11, 19]","[9, 11, 19, 16]",16,0,4,13.063653381358966,0.125,"[9, 11, 16, 19]",9,aec_prototype_relaxed
19,d19,224,288,test,"[9, 16, 3, 11, 10, 14, 19]","[9, 16, 3, 11, 10, 14, 19]",13,0,7,9.821877233931563,0.28741496598639454,"[3, 9, 10, 11, 14, 16, 19]",9,aec_prototype_relaxed
19,d19,288,352,test,"[3, 19, 14, 11]","[3, 19, 14, 11]",25,6,4,13.976924686623219,0.425,"[3, 11, 14, 19]",3,aec_prototype_relaxed
19,d19,352,416,test,"[19, 14]","[19, 14, 11]",8,0,3,5.482665668307217,0.2333333333333333,"[11, 14, 19]",19,aec_prototype_relaxed
19,d19,416,480,test,"[19, 11, 14]","[19, 11, 14]",9,1,3,6.473040184075609,0.31666666666666665,"[11, 14, 19]",19,aec_prototype_relaxed
19,d19,480,544,test,"[11, 19, 14]","[11, 19, 14]",7,0,3,6.622175387822509,0.31666666666666665,"[11, 14, 19]",11,aec_prototype_relaxed
19,d19,544,608,test,"[3, 19, 11, 14]","[3, 19, 11, 14]",13,0,4,9.31408394319315,0.22916666666666666,"[3, 11, 14, 19]",3,aec_prototype_relaxed
19,d19,608,672,test,"[19, 14, 17]","[19, 14, 17, 3, 11]",20,0,5,12.402853697949237,0.1757142857142857,"[3, 11, 14, 17, 19]",19,aec_prototype_relaxed
19,d19,672,736,test,"[3, 19, 11]","[3, 19, 11, 14]",16,4,4,9.97083917648503,0.2791666666666667,"[3, 11, 14, 19]",3,aec_prototype_relaxed
19,d19,736,800,test,"[9, 16, 11, 19, 14]","[9, 16, 11, 19, 14]",20,2,5,15.884033913988565,0.24,"[9, 11, 14, 16, 19]",9,aec_prototype_relaxed
19,d19,800,864,test,"[3, 9, 16, 11, 19, 14]","[3, 9, 16, 11, 19, 14]",15,1,6,10.131393097653602,0.38055555555555554,"[3, 9, 11, 14, 16, 19]",3,aec_prototype_relaxed
19,d19,864,928,test,"[3, 19, 14, 11]","[3, 19, 14, 11]",21,2,4,14.724140675101681,0.425,"[3, 11, 14, 19]",3,aec_prototype_relaxed
20,d20,160,224,test,[3],[3],2,0,1,1.602797506625405,0.5,[3],3,aec_prototype_relaxed
20,d20,224,288,test,"[9, 3, 16, 20, 14, 10, 5]","[9, 3, 16, 20, 14, 10, 5, 15]",37,0,8,40.88570549367208,0.2376488095238095,"[3, 5, 9, 10, 14, 15, 16, 20]",9,aec_prototype_relaxed
20,d20,288,352,test,"[9, 16, 3, 20, 11, 14, 10, 13, 8]","[9, 16, 3, 20, 11, 14, 10, 13, 8, 5, 12, 7, 18, 1]",60,0,14,70.70255920276661,0.24117876069875108,"[1, 3, 5, 7, 8, 9, 10, 11, 12, 13, 14, 16, 18, 20]",9,aec_prototype_relaxed
20,d20,352,416,test,"[9, 3, 16, 20, 11, 10]","[9, 3, 16, 20, 11, 10, 14, 5]",34,0,8,31.39051112062386,0.3063988095238095,"[3, 5, 9, 10, 11, 14, 16, 20]",9,aec_prototype_relaxed
20,d20,416,480,test,"[3, 15, 20]","[3, 15, 20]",29,6,3,27.81732468212869,0.2333333333333333,"[3, 15, 20]",3,aec_prototype_relaxed
20,d20,480,544,test,"[9, 3, 16, 19, 20, 10, 14, 7]","[9, 3, 16, 19, 20, 10, 14, 7, 5, 18]",52,0,10,57.11486268174765,0.3297394475031392,"[3, 5, 7, 9, 10, 14, 16, 18, 19, 20]",9,aec_prototype_relaxed
20,d20,544,608,test,"[9, 16, 3, 20, 14, 10, 5]","[9, 16, 3, 20, 14, 10, 5]",43,0,7,49.522352877724245,0.20833333333333331,"[3, 5, 9, 10, 14, 16, 20]",9,aec_prototype_relaxed
20,d20,608,672,test,"[9, 3, 16, 20, 15, 14, 10]","[9, 3, 16, 20, 15, 14, 10]",28,0,7,27.996221727425404,0.2897959183673469,"[3, 9, 10, 14, 15, 16, 20]",9,aec_prototype_relaxed
20,d20,672,736,test,[20],[20],13,3,1,9.9500650258896,0.2,[20],20,aec_prototype_relaxed
20,d20,736,800,test,"[3, 20, 14]","[3, 20, 14]",29,5,3,24.16731048838735,0.3333333333333333,"[3, 14, 20]",3,aec_prototype_relaxed
20,d20,800,864,test,"[9, 16, 3, 15, 20, 10]","[9, 16, 3, 15, 20, 10]",39,7,6,32.97843028090168,0.14761904761904762,"[3, 9, 10, 15, 16, 20]",9,aec_prototype_relaxed
20,d20,864,928,test,"[3, 16, 9, 20, 14, 10, 7]","[3, 16, 9, 20, 14, 10, 7]",48,0,7,42.093612494445246,0.1701618578465869,"[3, 7, 9, 10, 14, 16, 20]",3,aec_prototype_relaxed
21,d21,160,224,test,"[21, 15]","[21, 15]",5,1,2,2.092614455446833,0.16666666666666666,"[15, 21]",21,aec_prototype_relaxed
21,d21,224,288,test,"[21, 15]","[21, 15, 3]",5,0,3,2.1391099656769073,0.16666666666666666,"[3, 15, 21]",21,aec_prototype_relaxed
21,d21,288,352,test,"[21, 3]","[21, 3]",12,6,2,4.071796169851729,0.41666666666666663,"[3, 21]",21,aec_prototype_relaxed
21,d21,352,416,test,"[21, 3]","[21, 3]",15,4,2,9.37946484230449,0.41666666666666663,"[3, 21]",21,aec_prototype_relaxed
21,d21,416,480,test,[21],[21],27,19,1,2.5008002812964207,0.3333333333333333,[21],21,aec_prototype_relaxed
21,d21,480,544,test,"[21, 15]","[21, 15]",13,5,2,9.052218808722117,0.16666666666666666,"[15, 21]",21,aec_prototype_relaxed
21,d21,544,608,test,"[21, 15]","[21, 15]",14,5,2,9.710225486692906,0.16666666666666666,"[15, 21]",21,aec_prototype_relaxed
21,d21,608,672,test,"[15, 11]","[15, 11, 19]",20,7,3,14.870287452141083,0.21666666666666667,"[11, 15, 19]",15,aec_prototype_relaxed
21,d21,672,736,test,"[21, 15]","[21, 15]",20,7,2,13.319796256783485,0.16666666666666666,"[15, 21]",21,aec_prototype_relaxed
21,d21,736,800,test,"[21, 15]","[21, 15]",24,12,2,13.145101447766269,0.16666666666666666,"[15, 21]",21,aec_prototype_relaxed
21,d21,800,864,test,"[21, 15]","[21, 15]",22,9,2,15.815726068447784,0.16666666666666666,"[15, 21]",21,aec_prototype_relaxed
21,d21,864,928,test,"[21, 3, 19, 15, 11, 14]","[21, 3, 19, 15, 11, 14]",28,9,6,21.203078800283674,0.37222222222222223,"[3, 11, 14, 15, 19, 21]",21,aec_prototype_relaxed
0,d00,0,64,test,[],[-1],5,5,0,0.0,0.0,[],-1,aec_adapted_interval
0,d00,64,128,test,[15],[15],7,4,1,1.8639494080570844,0.0,[15],15,aec_adapted_interval
0,d00,128,192,test,[],[-1],10,10,0,0.0,0.0,[],-1,aec_adapted_interval
0,d00,192,256,test,[15],[15],7,4,1,1.5945214675940196,0.0,[15],15,aec_adapted_interval
0,d00,256,320,test,[],[-1],15,15,0,0.0,0.0,[],-1,aec_adapted_interval
0,d00,320,384,test,[3],[3],3,2,1,0.6369264431219277,0.5,[3],3,aec_adapted_interval
0,d00,384,448,test,[3],[3],9,3,1,3.7783911367674787,0.5,[3],3,aec_adapted_interval
0,d00,448,512,test,[15],[15],9,2,1,3.668824046443005,0.0,[15],15,aec_adapted_interval
0,d00,512,576,test,"[3, 14]","[3, 14]",21,7,2,9.551140065783093,0.25,"[3, 14]",3,aec_adapted_interval
0,d00,576,640,test,[15],[15],8,1,1,4.721535292663089,0.0,[15],15,aec_adapted_interval
0,d00,640,704,test,[3],[3],8,4,1,2.259707854707063,0.5,[3],3,aec_adapted_interval
0,d00,704,768,test,[3],[3],20,16,1,3.0084226948260646,0.5,[3],3,aec_adapted_interval
0,d00,768,832,test,"[3, 11, 16, 9, 10]","[3, 11, 16, 9, 10]",28,4,5,18.780018749184386,0.2857142857142857,"[3, 9, 10, 11, 16]",3,aec_adapted_interval
0,d00,832,896,test,"[3, 9, 16, 10]","[3, 9, 16, 10]",25,5,4,12.016918398040128,0.19642857142857142,"[3, 9, 10, 16]",3,aec_adapted_interval
0,d00,896,960,test,[9],"[9, 16]",5,0,2,2.5851668982628366,0.25,"[9, 16]",9,aec_adapted_interval
1,d01,160,224,test,"[9, 3, 16, 11, 14, 20, 10, 6, 18, 13]","[9, 3, 16, 11, 14, 20, 10, 6, 18, 13, 1, 5, 12, 7, 8]",100,0,15,83.73469408292027,0.16203404340935038,"[1, 3, 5, 6, 7, 8, 9, 10, 11, 12, 13, 14, 16, 18, 20]",9,aec_adapted_interval
1,d01,224,288,test,"[4, 9, 3, 16, 11, 15, 17, 20, 14, 10, 13, 1]","[4, 9, 3, 16, 11, 15, 17, 20, 14, 10, 13, 1, 12, 5, 7, 8, 18]",105,0,17,86.84952011726705,0.20155903863216454,"[1, 3, 4, 5, 7, 8, 9, 10, 11, 12, 13, 14, 15, 16, 17, 18, 20]",4,aec_adapted_interval
1,d01,288,352,test,"[9, 19, 15, 3, 16, 11, 17, 20, 14, 10, 8, 13, 1]","[9, 19, 15, 3, 16, 11, 17, 20, 14, 10, 8, 13, 1, 5, 7, 18, 12]",87,0,17,73.23592457043478,0.2448175568196417,"[1, 3, 5, 7, 8, 9, 10, 11, 12, 13, 14, 15, 16, 17, 18, 19, 20]",9,aec_adapted_interval
1,d01,352,416,test,"[3, 9, 15, 16, 20, 11, 14, 10, 7, 1]","[3, 9, 15, 16, 20, 11, 14, 10, 7, 1, 5, 13, 12, 8, 18]",96,0,15,77.05839700056924,0.1587125401140027,"[1, 3, 5, 7, 8, 9, 10, 11, 12, 13, 14, 15, 16, 18, 20]",3,aec_adapted_interval
1,d01,416,480,test,"[9, 3, 16, 11, 15, 14, 10, 1]","[9, 3, 16, 11, 15, 14, 10, 1, 5, 7, 12, 18]",63,0,12,48.112535155731344,0.21388596331547652,"[1, 3, 5, 7, 9, 10, 11, 12, 14, 15, 16, 18]",9,aec_adapted_interval
1,d01,480,544,test,"[9, 16, 3, 15, 10, 1]","[9, 16, 3, 15, 10, 1, 5]",40,2,7,27.379657006125544,0.24617346938775508,"[1, 3, 5, 9, 10, 15, 16]",9,aec_adapted_interval
1,d01,544,608,test,[15],[15],30,18,1,7.413957783223766,0.0,[15],15,aec_adapted_interval
1,d01,608,672,test,"[15, 3]","[15, 3]",23,17,2,3.142214511970691,0.25,"[3, 15]",15,aec_adapted_interval
1,d01,672,736,test,"[3, 9, 15, 16, 10]","[3, 9, 15, 16, 10]",40,7,5,23.373454088144506,0.22857142857142856,"[3, 9, 10, 15, 16]",3,aec_adapted_interval
1,d01,736,800,test,[15],[15],15,12,1,2.1354237129775484,0.0,[15],15,aec_adapted_interval
1,d01,800,864,test,"[3, 15]","[3, 15]",34,19,2,10.668030385891043,0.25,"[3, 15]",3,aec_adapted_interval
1,d01,864,928,test,"[9, 3, 15, 16, 10, 5, 18]","[9, 3, 15, 16, 10, 5, 18, 1]",47,0,8,34.454263693905,0.23697916666666669,"[1, 3, 5, 9, 10, 15, 16, 18]",9,aec_adapted_interval
2,d02,160,224,test,"[3, 20, 11, 14, 10, 1, 5, 12, 2]","[3, 20, 11, 14, 10, 1, 5, 12, 2, 8, 7, 18]",70,2,12,54.46501187723242,0.43563757841775086,"[1, 2, 3, 5, 7, 8, 10, 11, 12, 14, 18, 20]",3,aec_adapted_interval
2,d02,224,288,test,"[4, 3, 9, 16, 10, 5, 2]","[4, 3, 9, 16, 10, 5, 2, 13, 12, 7, 1, 8, 18]",90,0,13,71.5878023874329,0.2517322274865122,"[1, 2, 3, 4, 5, 7, 8, 9, 10, 12, 13, 16, 18]",4,aec_adapted_interval
2,d02,288,352,test,"[4, 3, 2]","[4, 3, 2]",48,3,3,35.57804631814484,0.20476190476190478,"[2, 3, 4]",4,aec_adapted_interval
2,d02,352,416,test,"[9, 4, 3, 16, 2]","[9, 4, 3, 16, 2]",59,6,5,39.34604114431379,0.24,"[2, 3, 4, 9, 16]",9,aec_adapted_interval
2,d02,416,480,test,"[4, 2]","[4, 2]",41,0,2,29.590194045578272,0.17142857142857143,"[2, 4]",4,aec_adapted_interval
2,d02,480,544,test,"[4, 2]","[4, 2]",33,1,2,25.125709914721472,0.17142857142857143,"[2, 4]",4,aec_adapted_interval
2,d02,544,608,test,"[4, 2]","[4, 2]",33,3,2,22.41197865455742,0.17142857142857143,"[2, 4]",4,aec_adapted_interval
2,d02,608,672,test,"[4, 2]","[4, 2]",34,1,2,25.879289704542302,0.17142857142857143,"[2, 4]",4,aec_adapted_interval
2,d02,672,736,test,"[4, 3, 2]","[4, 3, 2]",37,1,3,26.806638390037236,0.2523809523809524,"[2, 3, 4]",4,aec_adapted_interval
2,d02,736,800,test,"[4, 3, 2]","[4, 3, 2]",38,2,3,27.683541675521447,0.28095238095238095,"[2, 3, 4]",4,aec_adapted_interval
2,d02,800,864,test,"[4, 3, 17, 14, 2]","[4, 3, 17, 14, 2]",44,0,5,33.70579021771535,0.24285714285714283,"[2, 3, 4, 14, 17]",4,aec_adapted_interval
2,d02,864,928,test,"[4, 19, 17, 11, 14, 2]","[4, 19, 17, 11, 14, 2]",37,0,6,26.68611444410051,0.29642857142857143,"[2, 4, 11, 14, 17, 19]",4,aec_adapted_interval
3,d03,160,224,test,"[9, 16, 3, 10, 5]","[9, 16, 3, 10, 5]",31,0,5,21.217318090831036,0.2202380952380952,"[3, 5, 9, 10, 16]",9,aec_adapted_interval
3,d03,224,288,test,"[3, 11, 14]","[3, 11, 14]",19,0,3,13.068840393175925,0.5,"[3, 11, 14]",3,aec_adapted_interval
3,d03,288,352,test,[3],[3],16,9,1,5.44827399394022,0.5,[3],3,aec_adapted_interval
3,d03,352,416,test,[],[-1],7,7,0,0.0,0.0,[],-1,aec_adapted_interval
3,d03,416,480,test,[3],[3],7,3,1,2.8276905801274568,0.5,[3],3,aec_adapted_interval
3,d03,480,544,test,"[3, 14, 5]","[3, 14, 5]",24,2,3,16.659620259150177,0.27777777777777773,"[3, 5, 14]",3,aec_adapted_interval
3,d03,544,608,test,"[9, 16, 3, 11, 20, 14, 10, 5]","[9, 16, 3, 11, 20, 14, 10, 5, 15]",33,0,9,22.94678609137152,0.3492063492063492,"[3, 5, 9, 10, 11, 14, 15, 16, 20]",9,aec_adapted_interval
3,d03,608,672,test,[15],[15],24,9,1,10.985065325203621,0.0,[15],15,aec_adapted_interval
3,d03,672,736,test,[3],[3],7,4,1,1.6818921855334859,0.5,[3],3,aec_adapted_interval
3,d03,736,800,test,[],[-1],16,16,0,0.0,0.0,[],-1,aec_adapted_interval
3,d03,800,864,test,"[3, 11, 14]","[3, 11, 14]",13,4,3,4.7803800814757835,0.19444444444444442,"[3, 11, 14]",3,aec_adapted_interval
3,d03,864,928,test,"[9, 16]","[9, 16]",14,8,2,3.7057714474591554,0.25,"[9, 16]",9,aec_adapted_interval
4,d04,160,224,test,"[4, 3, 14, 11]","[4, 3, 14, 11]",13,1,4,7.997549744641944,0.3125,"[3, 4, 11, 14]",4,aec_adapted_interval
4,d04,224,288,test,"[4, 3, 14, 10]","[4, 3, 14, 10]",34,1,4,21.894655213968647,0.23214285714285715,"[3, 4, 10, 14]",4,aec_adapted_interval
4,d04,288,352,test,"[3, 9, 4, 16, 14, 10]","[3, 9, 4, 16, 14, 10]",32,0,6,18.951327509975858,0.08333333333333333,"[3, 4, 9, 10, 14, 16]",3,aec_adapted_interval
4,d04,352,416,test,[4],[4],10,9,1,0.5832037658666458,0.0,[4],4,aec_adapted_interval
4,d04,416,480,test,"[4, 3]","[4, 3]",16,5,2,6.078257223261002,0.25,"[3, 4]",4,aec_adapted_interval
4,d04,480,544,test,[4],[4],22,21,1,0.7772406760240731,0.0,[4],4,aec_adapted_interval
4,d04,544,608,test,"[4, 3]","[4, 3]",11,3,2,3.9623061431060664,0.25,"[3, 4]",4,aec_adapted_interval
4,d04,608,672,test,[4],[4],11,8,1,1.0368122953280696,0.0,[4],4,aec_adapted_interval
4,d04,672,736,test,"[3, 4]","[3, 4]",15,5,2,6.877721672728084,0.25,"[3, 4]",3,aec_adapted_interval
4,d04,736,800,test,"[4, 3, 16, 9]","[4, 3, 16, 9]",9,1,4,5.887043935066043,0.25,"[3, 4, 9, 16]",4,aec_adapted_interval
4,d04,800,864,test,"[3, 4]","[3, 4]",9,2,2,4.695674772302671,0.25,"[3, 4]",3,aec_adapted_interval
4,d04,864,928,test,"[4, 3, 9, 16]","[4, 3, 9, 16]",11,0,4,6.461375037301631,0.25,"[3, 4, 9, 16]",4,aec_adapted_interval
5,d05,160,224,test,"[9, 3, 19, 16, 11, 20, 17, 14, 10, 8, 12, 18]","[9, 3, 19, 16, 11, 20, 17, 14, 10, 8, 12, 18, 1, 15, 5, 13, 7]",82,0,17,68.66715159128745,0.20444792599517572,"[1, 3, 5, 7, 8, 9, 10, 11, 12, 13, 14, 15, 16, 17, 18, 19, 20]",9,aec_adapted_interval
5,d05,224,288,test,"[9, 3, 16, 20, 14, 11, 10, 7, 12, 1]","[9, 3, 16, 20, 14, 11, 10, 7, 12, 1, 8, 13, 5, 18]",110,2,14,86.91973224885506,0.13907838718343685,"[1, 3, 5, 7, 8, 9, 10, 11, 12, 13, 14, 16, 18, 20]",9,aec_adapted_interval
5,d05,288,352,test,"[9, 3, 16, 11, 14, 17, 10, 5, 1, 18]","[9, 3, 16, 11, 14, 17, 10, 5, 1, 18, 7, 13, 12, 8]",66,0,14,54.16221475591073,0.30062572111072544,"[1, 3, 5, 7, 8, 9, 10, 11, 12, 13, 14, 16, 17, 18]",9,aec_adapted_interval
5,d05,352,416,test,"[19, 3, 11, 20, 14, 10, 5]","[19, 3, 11, 20, 14, 10, 5, 1, 18]",50,0,9,35.945333372549456,0.4189153439153439,"[1, 3, 5, 10, 11, 14, 18, 19, 20]",19,aec_adapted_interval
5,d05,416,480,test,"[3, 11, 14, 20]","[3, 11, 14, 20]",37,7,4,23.37400494230557,0.45,"[3, 11, 14, 20]",3,aec_adapted_interval
5,d05,480,544,test,[],[-1],22,22,0,0.0,0.0,[],-1,aec_adapted_interval
5,d05,544,608,test,[3],[3],8,3,1,3.6338674391469605,0.5,[3],3,aec_adapted_interval
5,d05,608,672,test,[],[-1],12,12,0,0.0,0.0,[],-1,aec_adapted_interval
5,d05,672,736,test,[3],[3],12,9,1,2.2425688018953327,0.5,[3],3,aec_adapted_interval
5,d05,736,800,test,[3],[3],7,3,1,2.6280857495050673,0.5,[3],3,aec_adapted_interval
5,d05,800,864,test,[3],[3],10,7,1,2.464356612801737,0.5,[3],3,aec_adapted_interval
5,d05,864,928,test,"[3, 9, 16]","[3, 9, 16]",10,2,3,4.995238589651659,0.3333333333333333,"[3, 9, 16]",3,aec_adapted_interval
6,d06,160,224,test,"[9, 3, 16, 14, 20, 10, 2, 8, 12, 6]","[9, 3, 16, 14, 20, 10, 2, 8, 12, 6, 1, 13, 7, 5, 18]",90,0,15,72.63074877566723,0.2865705279738588,"[1, 2, 3, 5, 6, 7, 8, 9, 10, 12, 13, 14, 16, 18, 20]",9,aec_adapted_interval
6,d06,224,288,test,"[9, 3, 19, 16, 11, 20, 17, 14, 10, 5, 6, 1, 13]","[9, 3, 19, 16, 11, 20, 17, 14, 10, 5, 6, 1, 13, 12, 18, 7, 8]",108,0,17,87.69600120317585,0.16983213393593388,"[1, 3, 5, 6, 7, 8, 9, 10, 11, 12, 13, 14, 16, 17, 18, 19, 20]",9,aec_adapted_interval
6,d06,288,352,test,"[4, 21, 6]","[4, 21, 6]",84,1,3,48.978859681622,0.12280701754385964,"[4, 6, 21]",4,aec_adapted_interval
6,d06,352,416,test,"[4, 21, 6]","[4, 21, 6]",86,2,3,48.3985469228857,0.12280701754385964,"[4, 6, 21]",4,aec_adapted_interval
6,d06,416,480,test,"[4, 21, 6]","[4, 21, 6]",85,3,3,47.221685119165784,0.13450292397660818,"[4, 6, 21]",4,aec_adapted_interval
6,d06,480,544,test,"[3, 4, 21, 6]","[3, 4, 21, 6]",86,4,4,46.83296107550837,0.1557017543859649,"[3, 4, 6, 21]",3,aec_adapted_interval
6,d06,544,608,test,"[4, 21, 6]","[4, 21, 6]",83,2,3,45.94504859443515,0.04093567251461988,"[4, 6, 21]",4,aec_adapted_interval
6,d06,608,672,test,"[4, 21, 6]","[4, 21, 6]",81,2,3,44.90316677161819,0.04093567251461988,"[4, 6, 21]",4,aec_adapted_interval
6,d06,672,736,test,"[4, 21, 6]","[4, 21, 6]",83,3,3,44.65760983803775,0.03508771929824561,"[4, 6, 21]",4,aec_adapted_interval
6,d06,736,800,test,"[3, 4, 21, 6]","[3, 4, 21, 6]",83,2,4,46.13360850577038,0.1513157894736842,"[3, 4, 6, 21]",3,aec_adapted_interval
6,d06,800,864,test,"[4, 21, 6]","[4, 21, 6]",84,2,3,46.50294049698073,0.03508771929824561,"[4, 6, 21]",4,aec_adapted_interval
6,d06,864,928,test,"[3, 4, 21, 6]","[3, 4, 21, 6]",82,2,4,44.74861340764795,0.1557017543859649,"[3, 4, 6, 21]",3,aec_adapted_interval
7,d07,160,224,test,"[4, 9, 19, 3, 16, 11, 15, 20, 17, 14, 10, 5, 1, 12, 13]","[4, 9, 19, 3, 16, 11, 15, 20, 17, 14, 10, 5, 1, 12, 13, 7, 8, 18]",105,0,18,89.0958460545744,0.1767032420643502,"[1, 3, 4, 5, 7, 8, 9, 10, 11, 12, 13, 14, 15, 16, 17, 18, 19, 20]",4,aec_adapted_interval
7,d07,224,288,test,"[9, 3, 19, 16, 11, 20, 17, 14, 10, 5, 7, 12, 13]","[9, 3, 19, 16, 11, 20, 17, 14, 10, 5, 7, 12, 13, 8, 1, 18]",112,0,16,92.64537141660126,0.19501304666428904,"[1, 3, 5, 7, 8, 9, 10, 11, 12, 13, 14, 16, 17, 18, 19, 20]",9,aec_adapted_interval
7,d07,288,352,test,"[3, 9, 16, 11, 20, 14, 17, 10, 2, 5, 8]","[3, 9, 16, 11, 20, 14, 17, 10, 2, 5, 8, 7, 12, 1, 13, 18]",93,0,16,78.26251988981514,0.24476748883100635,"[1, 2, 3, 5, 7, 8, 9, 10, 11, 12, 13, 14, 16, 17, 18, 20]",3,aec_adapted_interval
7,d07,352,416,test,"[9, 19, 16, 3, 11, 15, 20, 14, 10, 1, 5]","[9, 19, 16, 3, 11, 15, 20, 14, 10, 1, 5, 12, 7, 8, 18]",83,0,15,68.93269413285452,0.2545684454153014,"[1, 3, 5, 7, 8, 9, 10, 11, 12, 14, 15, 16, 18, 19, 20]",9,aec_adapted_interval
7,d07,416,480,test,"[9, 16, 3, 15, 20, 14, 10, 8, 5, 18]","[9, 16, 3, 15, 20, 14, 10, 8, 5, 18, 1, 12]",65,1,12,49.44169746137852,0.2638480392156863,"[1, 3, 5, 8, 9, 10, 12, 14, 15, 16, 18, 20]",9,aec_adapted_interval
7,d07,480,544,test,"[9, 15, 16, 11, 10, 5]","[9, 15, 16, 11, 10, 5]",42,0,6,29.12406383030705,0.21428571428571427,"[5, 9, 10, 11, 15, 16]",9,aec_adapted_interval
7,d07,544,608,test,"[9, 3, 16, 20, 15, 10]","[9, 3, 16, 20, 15, 10]",34,6,6,17.689015217641668,0.16666666666666666,"[3, 9, 10, 15, 16, 20]",9,aec_adapted_interval
7,d07,608,672,test,"[16, 9, 10]","[16, 9, 10]",28,3,3,18.159626067182973,0.14285714285714285,"[9, 10, 16]",16,aec_adapted_interval
7,d07,672,736,test,[],[-1],7,7,0,0.0,0.0,[],-1,aec_adapted_interval
7,d07,736,800,test,[3],[3],10,4,1,3.6954127266425107,0.5,[3],3,aec_adapted_interval
7,d07,800,864,test,[3],[3],4,1,1,2.1384788706814155,0.5,[3],3,aec_adapted_interval
7,d07,864,928,test,[3],[3],3,2,1,0.5237143890169758,0.5,[3],3,aec_adapted_interval
8,d08,160,224,test,"[9, 16, 19, 3, 20, 11, 14, 10, 1, 5, 12, 8]","[9, 16, 19, 3, 20, 11, 14, 10, 1, 5, 12, 8, 7, 18]",66,0,14,52.49233642348902,0.389676493939751,"[1, 3, 5, 7, 8, 9, 10, 11, 12, 14, 16, 18, 19, 20]",9,aec_adapted_interval
8,d08,224,288,test,"[9, 3, 16, 14, 20, 11, 10, 1, 12, 8]","[9, 3, 16, 14, 20, 11, 10, 1, 12, 8, 13, 5, 7, 18]",93,0,14,77.90791911029272,0.21467805885442268,"[1, 3, 5, 7, 8, 9, 10, 11, 12, 13, 14, 16, 18, 20]",9,aec_adapted_interval
8,d08,288,352,test,"[4, 9, 3, 19, 16, 11, 17, 20, 14, 10, 2, 5, 12, 13]","[4, 9, 3, 19, 16, 11, 17, 20, 14, 10, 2, 5, 12, 13, 7, 1, 8, 18]",107,0,18,88.44421480032506,0.1972696891280749,"[1, 2, 3, 4, 5, 7, 8, 9, 10, 11, 12, 13, 14, 16, 17, 18, 19, 20]",4,aec_adapted_interval
8,d08,352,416,test,"[9, 19, 3, 16, 11, 20, 17, 14, 10, 5, 8]","[9, 19, 3, 16, 11, 20, 17, 14, 10, 5, 8, 1, 12, 7, 13, 18]",96,0,16,80.62240319917203,0.22335054362384352,"[1, 3, 5, 7, 8, 9, 10, 11, 12, 13, 14, 16, 17, 18, 19, 20]",9,aec_adapted_interval
8,d08,416,480,test,"[9, 19, 3, 16, 11, 20, 17, 14, 10, 5, 12, 8]","[9, 19, 3, 16, 11, 20, 17, 14, 10, 5, 12, 8, 13, 1, 7, 18]",103,0,16,85.93559486539438,0.2229528602502707,"[1, 3, 5, 7, 8, 9, 10, 11, 12, 13, 14, 16, 17, 18, 19, 20]",9,aec_adapted_interval
8,d08,480,544,test,"[9, 3, 16, 19, 11, 20, 14, 17, 10, 2, 5, 7, 1, 12]","[9, 3, 16, 19, 11, 20, 14, 17, 10, 2, 5, 7, 1, 12, 8, 13, 18]",115,0,17,96.80345346679083,0.18563779467162117,"[1, 2, 3, 5, 7, 8, 9, 10, 11, 12, 13, 14, 16, 17, 18, 19, 20]",9,aec_adapted_interval
8,d08,544,608,test,"[3, 9, 16, 15, 11, 20, 17, 10, 5, 1, 12]","[3, 9, 16, 15, 11, 20, 17, 10, 5, 1, 12, 7, 8, 13, 18, 14]",93,0,16,77.01786565298512,0.17959286185505893,"[1, 3, 5, 7, 8, 9, 10, 11, 12, 13, 14, 15, 16, 17, 18, 20]",3,aec_adapted_interval
8,d08,608,672,test,"[9, 19, 16, 3, 11, 15, 17, 14, 20, 10, 13, 1]","[9, 19, 16, 3, 11, 15, 17, 14, 20, 10, 13, 1, 7, 5, 12, 8, 18]",94,0,17,75.3234175086082,0.17698146992493854,"[1, 3, 5, 7, 8, 9, 10, 11, 12, 13, 14, 15, 16, 17, 18, 19, 20]",9,aec_adapted_interval
8,d08,672,736,test,"[9, 19, 15, 3, 16, 11, 20, 14, 17, 10, 5, 1, 7]","[9, 19, 15, 3, 16, 11, 20, 14, 17, 10, 5, 1, 7, 12, 8, 13, 18]",79,0,17,64.25322271193282,0.23142328943797177,"[1, 3, 5, 7, 8, 9, 10, 11, 12, 13, 14, 15, 16, 17, 18, 19, 20]",9,aec_adapted_interval
8,d08,736,800,test,"[3, 9, 16, 15, 11, 14, 10, 2, 1]","[3, 9, 16, 15, 11, 14, 10, 2, 1, 5, 12, 7, 13, 8, 18]",80,0,15,65.02588990795788,0.2379536709746489,"[1, 2, 3, 5, 7, 8, 9, 10, 11, 12, 13, 14, 15, 16, 18]",3,aec_adapted_interval
8,d08,800,864,test,"[9, 19, 3, 11, 16, 20, 14, 17, 10, 2, 13, 1]","[9, 19, 3, 11, 16, 20, 14, 17, 10, 2, 13, 1, 5, 12, 7, 18, 8]",83,0,17,66.21152647804328,0.23618542911987042,"[1, 2, 3, 5, 7, 8, 9, 10, 11, 12, 13, 14, 16, 17, 18, 19, 20]",9,aec_adapted_interval
8,d08,864,928,test,"[9, 3, 16, 19, 11, 15, 20, 14, 10, 5, 1, 12]","[9, 3, 16, 19, 11, 15, 20, 14, 10, 5, 1, 12, 13, 7, 8, 18]",98,0,16,83.14183710330413,0.22144413018767467,"[1, 3, 5, 7, 8, 9, 10, 11, 12, 13, 14, 15, 16, 18, 19, 20]",9,aec_adapted_interval
9,d09,160,224,test,"[9, 16, 3, 20, 10]","[9, 16, 3, 20, 10, 14, 5]",25,0,7,16.629014340541147,0.32653061224489793,"[3, 5, 9, 10, 14, 16, 20]",9,aec_adapted_interval
9,d09,224,288,test,"[3, 15]","[3, 15]",10,2,2,5.262728332587824,0.25,"[3, 15]",3,aec_adapted_interval
9,d09,288,352,test,[3],[3],8,0,1,6.320100075977156,0.5,[3],3,aec_adapted_interval
9,d09,352,416,test,[15],[15],18,6,1,8.726321218959953,0.0,[15],15,aec_adapted_interval
9,d09,416,480,test,"[3, 15, 14]","[3, 15, 14]",20,4,3,9.778089579749377,0.16666666666666666,"[3, 14, 15]",3,aec_adapted_interval
9,d09,480,544,test,"[15, 11]","[15, 11]",14,4,2,5.751891933976195,0.25,"[11, 15]",15,aec_adapted_interval
9,d09,544,608,test,"[3, 15]","[3, 15]",13,5,2,4.964813414817767,0.25,"[3, 15]",3,aec_adapted_interval
9,d09,608,672,test,[11],[11],20,7,1,10.662864876371627,0.5,[11],11,aec_adapted_interval
9,d09,672,736,test,[15],[15],16,7,1,6.299212681207911,0.0,[15],15,aec_adapted_interval
9,d09,736,800,test,[3],[3],18,13,1,3.2134235556985544,0.5,[3],3,aec_adapted_interval
9,d09,800,864,test,"[3, 20, 14, 10, 5]","[3, 20, 14, 10, 5, 15]",29,1,6,16.966304520401025,0.4047619047619048,"[3, 5, 10, 14, 15, 20]",3,aec_adapted_interval
9,d09,864,928,test,"[9, 16, 3, 20, 10, 5]","[9, 16, 3, 20, 10, 5]",35,1,6,24.817850792290916,0.2501984126984127,"[3, 5, 9, 10, 16, 20]",9,aec_adapted_interval
10,d10,160,224,test,"[3, 16, 20, 15, 14, 10, 5]","[3, 16, 20, 15, 14, 10, 5, 19]",41,0,8,31.10878600532452,0.37217261904761906,"[3, 5, 10, 14, 15, 16, 19, 20]",3,aec_adapted_interval
10,d10,224,288,test,"[9, 3, 16, 14, 11, 10, 5]","[9, 3, 16, 14, 11, 10, 5]",53,0,7,38.2855045928653,0.10119047619047619,"[3, 5, 9, 10, 11, 14, 16]",9,aec_adapted_interval
10,d10,288,352,test,"[9, 3, 16, 10]","[9, 3, 16, 10]",31,5,4,20.527774633203332,0.1607142857142857,"[3, 9, 10, 16]",9,aec_adapted_interval
10,d10,352,416,test,"[3, 9, 16, 11, 14]","[3, 9, 16, 11, 14, 10, 5]",33,0,7,23.107553620792004,0.19047619047619047,"[3, 5, 9, 10, 11, 14, 16]",3,aec_adapted_interval
10,d10,416,480,test,"[9, 16]","[9, 16]",4,1,2,2.393592269970672,0.25,"[9, 16]",9,aec_adapted_interval
10,d10,480,544,test,"[16, 3]","[16, 3]",10,5,2,3.4330080039994284,0.5,"[3, 16]",16,aec_adapted_interval
10,d10,544,608,test,"[3, 10, 16, 14]","[3, 10, 16, 14]",23,4,4,14.69554940261218,0.48214285714285715,"[3, 10, 14, 16]",3,aec_adapted_interval
10,d10,608,672,test,"[9, 16, 3, 15, 19, 11, 20, 14, 10, 12, 8, 1]","[9, 16, 3, 15, 19, 11, 20, 14, 10, 12, 8, 1, 5, 7, 18]",63,0,15,48.6760167076982,0.2502383367139959,"[1, 3, 5, 7, 8, 9, 10, 11, 12, 14, 15, 16, 18, 19, 20]",9,aec_adapted_interval
10,d10,672,736,test,"[9, 16, 3, 19, 11, 20, 14, 10, 8, 1]","[9, 16, 3, 19, 11, 20, 14, 10, 8, 1, 5, 13, 12, 18]",78,0,14,63.048013702497435,0.2969641095304519,"[1, 3, 5, 8, 9, 10, 11, 12, 13, 14, 16, 18, 19, 20]",9,aec_adapted_interval
10,d10,736,800,test,"[9, 3, 16, 14, 11, 10, 5]","[9, 3, 16, 14, 11, 10, 5, 12, 7, 13, 1, 8, 18]",71,0,13,56.406943638797934,0.23782118137260166,"[1, 3, 5, 7, 8, 9, 10, 11, 12, 13, 14, 16, 18]",9,aec_adapted_interval
10,d10,800,864,test,"[9, 16, 3, 11, 20, 14, 10, 5, 1]","[9, 16, 3, 11, 20, 14, 10, 5, 1]",50,0,9,38.019779689860115,0.2916666666666667,"[1, 3, 5, 9, 10, 11, 14, 16, 20]",9,aec_adapted_interval
10,d10,864,928,test,[16],[16],9,6,1,2.390591623498456,0.5,[16],16,aec_adapted_interval
11,d11,160,224,test,[11],[11],14,2,1,8.944052078082468,0.5,[11],11,aec_adapted_interval
11,d11,224,288,test,"[4, 3, 14, 17]","[4, 3, 14, 17, 11]",15,3,5,7.61295648278695,0.21904761904761902,"[3, 4, 11, 14, 17]",4,aec_adapted_interval
11,d11,288,352,test,"[9, 16, 3, 11, 14, 10]","[9, 16, 3, 11, 14, 10]",35,3,6,22.493262970291262,0.20436507936507933,"[3, 9, 10, 11, 14, 16]",9,aec_adapted_interval
11,d11,352,416,test,"[3, 4, 16, 9, 11]","[3, 4, 16, 9, 11, 10, 14, 17]",28,1,8,17.096758082457566,0.10267857142857142,"[3, 4, 9, 10, 11, 14, 16, 17]",3,aec_adapted_interval
11,d11,416,480,test,"[9, 16, 4, 3, 14, 11, 17, 10]","[9, 16, 4, 3, 14, 11, 17, 10]",46,11,8,25.06387499089137,0.23809523809523808,"[3, 4, 9, 10, 11, 14, 16, 17]",9,aec_adapted_interval
11,d11,480,544,test,"[3, 4, 9, 10, 14, 11]","[3, 4, 9, 10, 14, 11, 16, 17]",43,6,8,27.46807491486452,0.05357142857142857,"[3, 4, 9, 10, 11, 14, 16, 17]",3,aec_adapted_interval
11,d11,544,608,test,"[4, 9, 16, 11, 17]","[4, 9, 16, 11, 17]",23,1,5,16.422845363055487,0.2857142857142857,"[4, 9, 11, 16, 17]",4,aec_adapted_interval
11,d11,608,672,test,"[3, 19, 15, 11, 14]","[3, 19, 15, 11, 14]",31,6,5,18.6151671395469,0.32999999999999996,"[3, 11, 14, 15, 19]",3,aec_adapted_interval
11,d11,672,736,test,"[3, 14, 11]","[3, 14, 11]",13,0,3,9.236251962750174,0.4166666666666667,"[3, 11, 14]",3,aec_adapted_interval
11,d11,736,800,test,"[4, 14, 17]","[4, 14, 17, 11]",9,0,4,6.600917501650679,0.29464285714285715,"[4, 11, 14, 17]",4,aec_adapted_interval
11,d11,800,864,test,"[9, 11]","[9, 11, 16]",11,4,3,5.153676978585157,0.3333333333333333,"[9, 11, 16]",9,aec_adapted_interval
11,d11,864,928,test,"[4, 11]","[4, 11]",7,1,2,3.888825275590486,0.25,"[4, 11]",4,aec_adapted_interval
12,d12,160,224,test,"[9, 3, 19, 20, 16, 14, 11, 17, 10, 5, 8, 12]","[9, 3, 19, 20, 16, 14, 11, 17, 10, 5, 8, 12, 7, 1, 13, 18]",67,0,16,52.93215348623479,0.3103440916101887,"[1, 3, 5, 7, 8, 9, 10, 11, 12, 13, 14, 16, 17, 18, 19, 20]",9,aec_adapted_interval
12,d12,224,288,test,"[9, 16, 19, 3, 11, 20, 17, 15, 14, 10, 1, 13]","[9, 16, 19, 3, 11, 20, 17, 15, 14, 10, 1, 13, 5, 12, 7, 8, 18]",74,0,17,60.87822379910396,0.22754549672806193,"[1, 3, 5, 7, 8, 9, 10, 11, 12, 13, 14, 15, 16, 17, 18, 19, 20]",9,aec_adapted_interval
12,d12,288,352,test,"[9, 19, 3, 16, 11, 20, 17, 14, 10, 13, 1, 12]","[9, 19, 3, 16, 11, 20, 17, 14, 10, 13, 1, 12, 5, 7, 8, 18]",97,0,16,80.04582114787083,0.22329003258604851,"[1, 3, 5, 7, 8, 9, 10, 11, 12, 13, 14, 16, 17, 18, 19, 20]",9,aec_adapted_interval
12,d12,352,416,test,"[9, 3, 19, 16, 11, 20, 14, 17, 10, 7, 13, 1]","[9, 3, 19, 16, 11, 20, 14, 17, 10, 7, 13, 1, 12, 8, 5, 18]",79,0,16,66.27950477767781,0.25324758781950585,"[1, 3, 5, 7, 8, 9, 10, 11, 12, 13, 14, 16, 17, 18, 19, 20]",9,aec_adapted_interval
12,d12,416,480,test,"[9, 3, 16, 19, 11, 17, 15, 20, 14, 10, 2, 5, 8, 18]","[9, 3, 16, 19, 11, 17, 15, 20, 14, 10, 2, 5, 8, 18, 1, 12, 7, 13]",109,0,18,90.36513078457126,0.1714211424871188,"[1, 2, 3, 5, 7, 8, 9, 10, 11, 12, 13, 14, 15, 16, 17, 18, 19, 20]",9,aec_adapted_interval
12,d12,480,544,test,"[9, 19, 3, 16, 11, 20, 14, 17, 10, 7, 5, 12, 1]","[9, 19, 3, 16, 11, 20, 14, 17, 10, 7, 5, 12, 1, 18, 13, 8]",80,0,16,65.41657129681198,0.22540307350428657,"[1, 3, 5, 7, 8, 9, 10, 11, 12, 13, 14, 16, 17, 18, 19, 20]",9,aec_adapted_interval
12,d12,544,608,test,"[9, 3, 16, 19, 11, 17, 20, 14, 10, 5, 1, 8, 12]","[9, 3, 16, 19, 11, 17, 20, 14, 10, 5, 1, 8, 12, 15, 18]",78,2,15,61.0875615299954,0.2120304532069238,"[1, 3, 5, 8, 9, 10, 11, 12, 14, 15, 16, 17, 18, 19, 20]",9,aec_adapted_interval
12,d12,608,672,test,"[3, 9, 19, 20, 16, 14, 11, 17, 10, 5, 12]","[3, 9, 19, 20, 16, 14, 11, 17, 10, 5, 12, 7, 13, 8, 1, 18]",84,0,16,70.75579852312892,0.18624815428579639,"[1, 3, 5, 7, 8, 9, 10, 11, 12, 13, 14, 16, 17, 18, 19, 20]",3,aec_adapted_interval
12,d12,672,736,test,"[4, 9, 19, 3, 11, 16, 20, 17, 14, 10, 2, 13, 7, 12]","[4, 9, 19, 3, 11, 16, 20, 17, 14, 10, 2, 13, 7, 12, 8, 18, 5, 1]",118,0,18,98.51725814940492,0.19702259725612986,"[1, 2, 3, 4, 5, 7, 8, 9, 10, 11, 12, 13, 14, 16, 17, 18, 19, 20]",4,aec_adapted_interval
12,d12,736,800,test,"[9, 3, 19, 16, 11, 17, 20, 14, 10, 5, 7, 8, 13, 1, 18, 12]","[9, 3, 19, 16, 11, 17, 20, 14, 10, 5, 7, 8, 13, 1, 18, 12, 15]",117,0,17,98.73998272441952,0.16143776712301067,"[1, 3, 5, 7, 8, 9, 10, 11, 12, 13, 14, 15, 16, 17, 18, 19, 20]",9,aec_adapted_interval
12,d12,800,864,test,"[9, 3, 16, 15, 19, 11, 20, 17, 14, 10, 5, 7, 18, 12, 13]","[9, 3, 16, 15, 19, 11, 20, 17, 14, 10, 5, 7, 18, 12, 13, 8, 1]",123,2,17,98.3816129705542,0.11432378282631674,"[1, 3, 5, 7, 8, 9, 10, 11, 12, 13, 14, 15, 16, 17, 18, 19, 20]",9,aec_adapted_interval
12,d12,864,928,test,"[3, 9, 4, 19, 20, 16, 14, 11, 17, 10, 2, 5, 13, 12]","[3, 9, 4, 19, 20, 16, 14, 11, 17, 10, 2, 5, 13, 12, 7, 1, 18, 8]",104,0,18,87.6209238751825,0.16300231196609438,"[1, 2, 3, 4, 5, 7, 8, 9, 10, 11, 12, 13, 14, 16, 17, 18, 19, 20]",3,aec_adapted_interval
13,d13,160,224,test,"[9, 16, 3, 11, 15, 14, 10, 5]","[9, 16, 3, 11, 15, 14, 10, 5]",57,4,8,42.514830405071734,0.32217261904761907,"[3, 5, 9, 10, 11, 14, 15, 16]",9,aec_adapted_interval
13,d13,224,288,test,"[9, 3, 16, 19, 11, 20, 14, 10, 2, 5, 1, 12]","[9, 3, 16, 19, 11, 20, 14, 10, 2, 5, 1, 12, 18, 8, 7]",82,1,15,63.08907324230061,0.26023315426966537,"[1, 2, 3, 5, 7, 8, 9, 10, 11, 12, 14, 16, 18, 19, 20]",9,aec_adapted_interval
13,d13,288,352,test,"[9, 3, 16, 20, 10, 2, 5, 8]","[9, 3, 16, 20, 10, 2, 5, 8, 12, 1]",75,0,10,61.208324292031364,0.279684065934066,"[1, 2, 3, 5, 8, 9, 10, 12, 16, 20]",9,aec_adapted_interval
13,d13,352,416,test,"[4, 9, 3, 16, 17, 20, 14, 10, 2, 18, 12]","[4, 9, 3, 16, 17, 20, 14, 10, 2, 18, 12, 5, 7, 8, 1]",102,0,15,86.50855617189767,0.17358243739582482,"[1, 2, 3, 4, 5, 7, 8, 9, 10, 12, 14, 16, 17, 18, 20]",4,aec_adapted_interval
13,d13,416,480,test,"[9, 16, 3, 19, 11, 20, 17, 14, 10, 2, 5, 12, 1]","[9, 16, 3, 19, 11, 20, 17, 14, 10, 2, 5, 12, 1, 13, 8, 18, 7]",106,0,17,90.18495062606404,0.21921007930645958,"[1, 2, 3, 5, 7, 8, 9, 10, 11, 12, 13, 14, 16, 17, 18, 19, 20]",9,aec_adapted_interval
13,d13,480,544,test,"[4, 9, 3, 19, 16, 11, 20, 17, 14, 10, 2, 5, 13, 12]","[4, 9, 3, 19, 16, 11, 20, 17, 14, 10, 2, 5, 13, 12, 7, 1, 8, 18]",96,0,18,81.30437217945973,0.2079315184665083,"[1, 2, 3, 4, 5, 7, 8, 9, 10, 11, 12, 13, 14, 16, 17, 18, 19, 20]",4,aec_adapted_interval
13,d13,544,608,test,"[9, 19, 3, 16, 11, 20, 14, 10, 2, 13, 8, 5, 12]","[9, 19, 3, 16, 11, 20, 14, 10, 2, 13, 8, 5, 12, 7, 1, 18]",106,0,16,89.43801687429772,0.26558214597091107,"[1, 2, 3, 5, 7, 8, 9, 10, 11, 12, 13, 14, 16, 18, 19, 20]",9,aec_adapted_interval
13,d13,608,672,test,"[9, 3, 16, 11, 20, 14, 10, 6, 5, 1, 18, 12, 13]","[9, 3, 16, 11, 20, 14, 10, 6, 5, 1, 18, 12, 13, 8, 7]",127,0,15,106.505177293197,0.20900281402523316,"[1, 3, 5, 6, 7, 8, 9, 10, 11, 12, 13, 14, 16, 18, 20]",9,aec_adapted_interval
13,d13,672,736,test,"[9, 3, 19, 20, 16, 14, 11, 17, 10, 2, 5, 13, 8, 12]","[9, 3, 19, 20, 16, 14, 11, 17, 10, 2, 5, 13, 8, 12, 7, 1, 18]",124,2,17,101.99288620542005,0.16423891661270695,"[1, 2, 3, 5, 7, 8, 9, 10, 11, 12, 13, 14, 16, 17, 18, 19, 20]",9,aec_adapted_interval
13,d13,736,800,test,"[9, 19, 3, 16, 11, 20, 17, 14, 10, 2, 13, 6, 1]","[9, 19, 3, 16, 11, 20, 17, 14, 10, 2, 13, 6, 1, 12, 5, 7, 18, 8]",120,0,18,101.77208863714581,0.20758666768862133,"[1, 2, 3, 5, 6, 7, 8, 9, 10, 11, 12, 13, 14, 16, 17, 18, 19, 20]",9,aec_adapted_interval
13,d13,800,864,test,"[9, 19, 3, 16, 11, 15, 20, 17, 14, 10, 5, 1, 8, 13]","[9, 19, 3, 16, 11, 15, 20, 17, 14, 10, 5, 1, 8, 13, 18, 12, 7]",123,3,17,99.61631093643524,0.14432290099934333,"[1, 3, 5, 7, 8, 9, 10, 11, 12, 13, 14, 15, 16, 17, 18, 19, 20]",9,aec_adapted_interval
13,d13,864,928,test,"[9, 3, 19, 20, 16, 11, 14, 17, 10, 2, 6, 5, 7, 12, 8, 13]","[9, 3, 19, 20, 16, 11, 14, 17, 10, 2, 6, 5, 7, 12, 8, 13, 1, 18]",126,2,18,105.75678766351969,0.17680580984934033,"[1, 2, 3, 5, 6, 7, 8, 9, 10, 11, 12, 13, 14, 16, 17, 18, 19, 20]",9,aec_adapted_interval
14,d14,160,224,test,"[3, 11, 14]","[3, 11, 14]",16,2,3,9.838349878269725,0.27777777777777773,"[3, 11, 14]",3,aec_adapted_interval
14,d14,224,288,test,"[3, 11, 14]","[3, 11, 14]",9,1,3,5.433109677260573,0.27777777777777773,"[3, 11, 14]",3,aec_adapted_interval
14,d14,288,352,test,"[14, 11]","[14, 11]",4,0,2,3.240584793266522,0.375,"[11, 14]",14,aec_adapted_interval
14,d14,352,416,test,"[9, 16, 11, 15, 14]","[9, 16, 11, 15, 14]",12,0,5,7.205935735548339,0.25,"[9, 11, 14, 15, 16]",9,aec_adapted_interval
14,d14,416,480,test,"[3, 11, 14]","[3, 11, 14]",11,1,3,6.328177298657411,0.3611111111111111,"[3, 11, 14]",3,aec_adapted_interval
14,d14,480,544,test,"[9, 3, 16, 11, 14, 15]","[9, 3, 16, 11, 14, 15]",23,0,6,14.335399266819644,0.2222222222222222,"[3, 9, 11, 14, 15, 16]",9,aec_adapted_interval
14,d14,544,608,test,"[11, 14]","[11, 14]",10,1,2,5.99402688203146,0.375,"[11, 14]",11,aec_adapted_interval
14,d14,608,672,test,[11],"[11, 14]",5,0,2,3.7061541618973117,0.25,"[11, 14]",11,aec_adapted_interval
14,d14,672,736,test,"[3, 14, 11]","[3, 14, 11]",8,0,3,6.139503853701594,0.27777777777777773,"[3, 11, 14]",3,aec_adapted_interval
14,d14,736,800,test,"[11, 14]","[11, 14, 19]",9,2,3,5.904231800084951,0.3833333333333333,"[11, 14, 19]",11,aec_adapted_interval
14,d14,800,864,test,"[3, 11, 14]","[3, 11, 14]",18,2,3,11.472475048127153,0.08333333333333333,"[3, 11, 14]",3,aec_adapted_interval
14,d14,864,928,test,"[11, 3, 17]","[11, 3, 17, 14]",18,1,4,9.501628857992277,0.2738095238095238,"[3, 11, 14, 17]",11,aec_adapted_interval
15,d15,160,224,test,[],[-1],2,2,0,0.0,0.0,[],-1,aec_adapted_interval
15,d15,224,288,test,[15],[15],16,6,1,6.414226951249233,0.0,[15],15,aec_adapted_interval
15,d15,288,352,test,[],[-1],9,9,0,0.0,0.0,[],-1,aec_adapted_interval
15,d15,352,416,test,[],[-1],2,2,0,0.0,0.0,[],-1,aec_adapted_interval
15,d15,416,480,test,[11],[11],3,0,1,1.8983029346413018,0.5,[11],11,aec_adapted_interval
15,d15,480,544,test,[3],[3],3,1,1,1.046725549331514,0.5,[3],3,aec_adapted_interval
15,d15,544,608,test,"[3, 14, 11]","[3, 14, 11]",15,1,3,8.731716286919882,0.5,"[3, 11, 14]",3,aec_adapted_interval
15,d15,608,672,test,[3],[3],16,9,1,3.983814730807361,0.5,[3],3,aec_adapted_interval
15,d15,672,736,test,"[9, 3, 16, 14, 10]","[9, 3, 16, 14, 10]",21,0,5,14.241239216188642,0.32857142857142857,"[3, 9, 10, 14, 16]",9,aec_adapted_interval
15,d15,736,800,test,"[3, 19, 11, 20, 15, 17, 14, 18]","[3, 19, 11, 20, 15, 17, 14, 18, 8, 5]",48,0,10,36.77336323780777,0.29486694677871145,"[3, 5, 8, 11, 14, 15, 17, 18, 19, 20]",3,aec_adapted_interval
15,d15,800,864,test,"[3, 9, 16, 11, 14, 10, 7]","[3, 9, 16, 11, 14, 10, 7, 5, 12, 18]",60,0,10,44.79981790744197,0.3073815467831695,"[3, 5, 7, 9, 10, 11, 12, 14, 16, 18]",3,aec_adapted_interval
15,d15,864,928,test,"[3, 9, 16, 10]","[3, 9, 16, 10]",28,10,4,13.230725812192714,0.19642857142857142,"[3, 9, 10, 16]",3,aec_adapted_interval
16,d16,160,224,test,"[9, 16, 11, 10]","[9, 16, 11, 10]",17,2,4,8.146374938362786,0.23214285714285715,"[9, 10, 11, 16]",9,aec_adapted_interval
16,d16,224,288,test,"[9, 16, 15]","[9, 16, 15]",16,2,3,7.7748175582406684,0.16666666666666666,"[9, 15, 16]",9,aec_adapted_interval
16,d16,288,352,test,"[3, 9, 16, 14, 10]","[3, 9, 16, 14, 10]",22,1,5,12.914849725453262,0.12857142857142856,"[3, 9, 10, 14, 16]",3,aec_adapted_interval
16,d16,352,416,test,"[9, 3, 16, 10, 5]","[9, 3, 16, 10, 5]",37,1,5,28.091414167341917,0.20357142857142857,"[3, 5, 9, 10, 16]",9,aec_adapted_interval
16,d16,416,480,test,"[9, 16, 10]","[9, 16, 10]",23,8,3,10.571905567894726,0.14285714285714285,"[9, 10, 16]",9,aec_adapted_interval
16,d16,480,544,test,"[9, 3, 16, 15, 10]","[9, 3, 16, 15, 10]",31,2,5,20.265706724148046,0.1,"[3, 9, 10, 15, 16]",9,aec_adapted_interval
16,d16,544,608,test,"[9, 16, 3, 20, 15, 14, 10, 5]","[9, 16, 3, 20, 15, 14, 10, 5]",42,0,8,33.19565105243505,0.18452380952380953,"[3, 5, 9, 10, 14, 15, 16, 20]",9,aec_adapted_interval
16,d16,608,672,test,"[3, 16, 15, 9, 14, 10]","[3, 16, 15, 9, 14, 10]",26,3,6,15.415483440449293,0.10714285714285714,"[3, 9, 10, 14, 15, 16]",3,aec_adapted_interval
16,d16,672,736,test,"[9, 16]","[9, 16]",13,6,2,4.187500150531613,0.0,"[9, 16]",9,aec_adapted_interval
16,d16,736,800,test,"[9, 3, 16, 11, 20, 14, 10, 7, 1]","[9, 3, 16, 11, 20, 14, 10, 7, 1, 5, 8, 18]",58,0,12,47.41255831920857,0.2518988054992112,"[1, 3, 5, 7, 8, 9, 10, 11, 14, 16, 18, 20]",9,aec_adapted_interval
16,d16,800,864,test,"[3, 9, 16, 11, 14, 17, 10, 5]","[3, 9, 16, 11, 14, 17, 10, 5, 7, 1, 12, 8, 18]",68,0,13,53.69362520054189,0.21490774334626728,"[1, 3, 5, 7, 8, 9, 10, 11, 12, 14, 16, 17, 18]",3,aec_adapted_interval
16,d16,864,928,test,"[9, 16, 11, 3, 15, 20, 14, 10, 12, 5]","[9, 16, 11, 3, 15, 20, 14, 10, 12, 5, 7, 1, 18]",55,0,13,42.338060839765355,0.27860185596376896,"[1, 3, 5, 7, 9, 10, 11, 12, 14, 15, 16, 18, 20]",9,aec_adapted_interval
17,d17,160,224,test,"[4, 3, 14, 11, 17]","[4, 3, 14, 11, 17]",14,0,5,11.43833703734736,0.02857142857142857,"[3, 4, 11, 14, 17]",4,aec_adapted_interval
17,d17,224,288,test,"[4, 3, 11, 14, 17]","[4, 3, 11, 14, 17]",36,6,5,21.24751693551776,0.2119047619047619,"[3, 4, 11, 14, 17]",4,aec_adapted_interval
17,d17,288,352,test,"[4, 9, 3, 16, 11, 17]","[4, 9, 3, 16, 11, 17, 14, 10]",25,0,8,16.598748137485696,0.10119047619047618,"[3, 4, 9, 10, 11, 14, 16, 17]",4,aec_adapted_interval
17,d17,352,416,test,"[4, 9, 3, 19, 11, 20, 17, 10, 14, 18]","[4, 9, 3, 19, 11, 20, 17, 10, 14, 18, 16]",43,0,11,33.03972884810455,0.19567099567099566,"[3, 4, 9, 10, 11, 14, 16, 17, 18, 19, 20]",4,aec_adapted_interval
17,d17,416,480,test,"[9, 16, 4, 3, 19, 11, 20, 14, 10, 17, 8]","[9, 16, 4, 3, 19, 11, 20, 14, 10, 17, 8, 5, 18]",53,0,13,41.226221848421005,0.20847877612583493,"[3, 4, 5, 8, 9, 10, 11, 14, 16, 17, 18, 19, 20]",9,aec_adapted_interval
17,d17,480,544,test,"[4, 9, 16, 19, 11, 3, 20, 10, 17, 14, 18, 7]","[4, 9, 16, 19, 11, 3, 20, 10, 17, 14, 18, 7, 5, 12]",55,0,14,43.01717724230875,0.2472806629283013,"[3, 4, 5, 7, 9, 10, 11, 12, 14, 16, 17, 18, 19, 20]",4,aec_adapted_interval
17,d17,544,608,test,"[9, 3, 16, 15, 4, 11, 20, 10, 14, 17]","[9, 3, 16, 15, 4, 11, 20, 10, 14, 17]",44,10,10,26.47428548214528,0.14952380952380953,"[3, 4, 9, 10, 11, 14, 15, 16, 17, 20]",9,aec_adapted_interval
17,d17,608,672,test,"[4, 3, 11, 16, 9, 14, 17]","[4, 3, 11, 16, 9, 14, 17]",33,2,7,21.489640196794042,0.17517006802721086,"[3, 4, 9, 11, 14, 16, 17]",4,aec_adapted_interval
17,d17,672,736,test,"[4, 17, 11, 14]","[4, 17, 11, 14]",18,1,4,11.171811456134481,0.1875,"[4, 11, 14, 17]",4,aec_adapted_interval
17,d17,736,800,test,"[4, 3, 14, 11, 17]","[4, 3, 14, 11, 17]",11,0,5,8.457515018710064,0.22380952380952382,"[3, 4, 11, 14, 17]",4,aec_adapted_interval
17,d17,800,864,test,"[4, 19, 14, 3, 11, 17, 10, 18]","[4, 19, 14, 3, 11, 17, 10, 18, 5]",34,0,9,24.368175682043756,0.27133520074696543,"[3, 4, 5, 10, 11, 14, 17, 18, 19]",4,aec_adapted_interval
17,d17,864,928,test,"[3, 4, 14, 11, 17]","[3, 4, 14, 11, 17]",10,0,5,7.68970647996406,0.2452380952380952,"[3, 4, 11, 14, 17]",3,aec_adapted_interval
18,d18,160,224,test,[3],[3],15,8,1,5.32443454379482,0.5,[3],3,aec_adapted_interval
18,d18,224,288,test,"[9, 16, 3, 19, 11, 17, 20, 14, 10, 5, 1, 8, 12]","[9, 16, 3, 19, 11, 17, 20, 14, 10, 5, 1, 8, 12, 18, 13, 7, 15]",106,0,17,86.32884504334399,0.17253438153311929,"[1, 3, 5, 7, 8, 9, 10, 11, 12, 13, 14, 15, 16, 17, 18, 19, 20]",9,aec_adapted_interval
18,d18,288,352,test,"[3, 9, 19, 20, 16, 11, 14, 17, 10, 2, 5, 8, 1, 18]","[3, 9, 19, 20, 16, 11, 14, 17, 10, 2, 5, 8, 1, 18, 12, 13, 7]",121,1,17,100.87632408312156,0.16189817983183616,"[1, 2, 3, 5, 7, 8, 9, 10, 11, 12, 13, 14, 16, 17, 18, 19, 20]",3,aec_adapted_interval
18,d18,352,416,test,"[4, 9, 19, 3, 11, 16, 20, 17, 14, 10, 2, 5, 13, 6, 1, 12, 7]","[4, 9, 19, 3, 11, 16, 20, 17, 14, 10, 2, 5, 13, 6, 1, 12, 7, 18, 8]",139,3,19,116.76772952213253,0.1910361987142594,"[1, 2, 3, 4, 5, 6, 7, 8, 9, 10, 11, 12, 13, 14, 16, 17, 18, 19, 20]",4,aec_adapted_interval
18,d18,416,480,test,"[21, 6]","[21, 6]",89,22,2,41.82485048191868,0.3421052631578947,"[6, 21]",21,aec_adapted_interval
18,d18,480,544,test,"[21, 6]","[21, 6]",84,22,2,34.65530022367475,0.21052631578947367,"[6, 21]",21,aec_adapted_interval
18,d18,544,608,test,"[3, 21, 6]","[3, 21, 6]",84,23,3,34.31103712294366,0.31871345029239767,"[3, 6, 21]",3,aec_adapted_interval
18,d18,608,672,test,"[21, 6]","[21, 6]",84,23,2,34.34128604147054,0.21929824561403508,"[6, 21]",21,aec_adapted_interval
18,d18,672,736,test,"[3, 21, 6]","[3, 21, 6]",83,22,3,34.47860831744148,0.31871345029239767,"[3, 6, 21]",3,aec_adapted_interval
18,d18,736,800,test,"[3, 21, 6]","[3, 21, 6]",85,23,3,34.522980894654374,0.31871345029239767,"[3, 6, 21]",3,aec_adapted_interval
18,d18,800,864,test,"[21, 6]","[21, 6]",85,24,2,33.701075889089886,0.21929824561403508,"[6, 21]",21,aec_adapted_interval
18,d18,864,928,test,"[21, 6]","[21, 6]",85,21,2,35.73085579234011,0.21052631578947367,"[6, 21]",21,aec_adapted_interval
19,d19,160,224,test,"[11, 16, 9, 19]","[11, 16, 9, 19]",16,0,4,10.198029759084775,0.125,"[9, 11, 16, 19]",11,aec_adapted_interval
19,d19,224,288,test,"[9, 16, 3, 11, 10, 14, 19]","[9, 16, 3, 11, 10, 14, 19]",13,0,7,8.092847567177426,0.28741496598639454,"[3, 9, 10, 11, 14, 16, 19]",9,aec_adapted_interval
19,d19,288,352,test,"[3, 19, 14, 11]","[3, 19, 14, 11]",25,6,4,12.263835640611024,0.425,"[3, 11, 14, 19]",3,aec_adapted_interval
19,d19,352,416,test,"[19, 14]","[19, 14, 11]",8,0,3,4.651096066972219,0.2333333333333333,"[11, 14, 19]",19,aec_adapted_interval
19,d19,416,480,test,"[11, 19, 14]","[11, 19, 14]",9,1,3,5.349411270980411,0.31666666666666665,"[11, 14, 19]",11,aec_adapted_interval
19,d19,480,544,test,"[11, 19, 14]","[11, 19, 14]",7,0,3,4.71356071783537,0.31666666666666665,"[11, 14, 19]",11,aec_adapted_interval
19,d19,544,608,test,"[3, 19, 11, 14]","[3, 19, 11, 14]",13,0,4,7.945807516873753,0.22916666666666666,"[3, 11, 14, 19]",3,aec_adapted_interval
19,d19,608,672,test,"[3, 19, 17, 14]","[3, 19, 17, 14, 11]",20,0,5,12.905482380935643,0.1757142857142857,"[3, 11, 14, 17, 19]",3,aec_adapted_interval
19,d19,672,736,test,"[3, 11, 19]","[3, 11, 19, 14]",16,4,4,8.894219579991079,0.2791666666666667,"[3, 11, 14, 19]",3,aec_adapted_interval
19,d19,736,800,test,"[9, 16, 11, 19, 14]","[9, 16, 11, 19, 14]",20,2,5,12.621348204510118,0.24,"[9, 11, 14, 16, 19]",9,aec_adapted_interval
19,d19,800,864,test,"[3, 9, 16, 11, 14, 19]","[3, 9, 16, 11, 14, 19]",15,1,6,8.225895319663138,0.38055555555555554,"[3, 9, 11, 14, 16, 19]",3,aec_adapted_interval
19,d19,864,928,test,"[3, 19, 14, 11]","[3, 19, 14, 11]",21,2,4,12.550172804291044,0.425,"[3, 11, 14, 19]",3,aec_adapted_interval
20,d20,160,224,test,[3],[3],2,0,1,1.4822380053003241,0.5,[3],3,aec_adapted_interval
20,d20,224,288,test,"[9, 3, 16, 15, 20, 10, 5]","[9, 3, 16, 15, 20, 10, 5, 14]",37,0,8,27.797465620394103,0.2376488095238095,"[3, 5, 9, 10, 14, 15, 16, 20]",9,aec_adapted_interval
20,d20,288,352,test,"[9, 3, 16, 11, 20, 14, 10, 5, 8]","[9, 3, 16, 11, 20, 14, 10, 5, 8, 12, 13, 7, 18, 1]",60,0,14,46.34312632619465,0.24117876069875108,"[1, 3, 5, 7, 8, 9, 10, 11, 12, 13, 14, 16, 18, 20]",9,aec_adapted_interval
20,d20,352,416,test,"[9, 3, 16, 11, 20, 10]","[9, 3, 16, 11, 20, 10, 14, 5]",34,0,8,24.22267713717288,0.3063988095238095,"[3, 5, 9, 10, 11, 14, 16, 20]",9,aec_adapted_interval
20,d20,416,480,test,"[3, 15, 20]","[3, 15, 20]",29,6,3,18.351262643055378,0.2333333333333333,"[3, 15, 20]",3,aec_adapted_interval
20,d20,480,544,test,"[9, 16, 3, 19, 20, 10, 14, 7]","[9, 16, 3, 19, 20, 10, 14, 7, 5, 18]",52,0,10,39.167673657179996,0.3297394475031392,"[3, 5, 7, 9, 10, 14, 16, 18, 19, 20]",9,aec_adapted_interval
20,d20,544,608,test,"[9, 16, 3, 20, 14, 10, 5]","[9, 16, 3, 20, 14, 10, 5]",43,0,7,32.38977724466486,0.20833333333333331,"[3, 5, 9, 10, 14, 16, 20]",9,aec_adapted_interval
20,d20,608,672,test,"[9, 16, 3, 20, 15, 14, 10]","[9, 16, 3, 20, 15, 14, 10]",28,0,7,20.54592010868822,0.2897959183673469,"[3, 9, 10, 14, 15, 16, 20]",9,aec_adapted_interval
20,d20,672,736,test,[20],[20],13,3,1,7.91728881911476,0.2,[20],20,aec_adapted_interval
20,d20,736,800,test,"[3, 20, 14]","[3, 20, 14]",29,5,3,17.542124051520812,0.3333333333333333,"[3, 14, 20]",3,aec_adapted_interval
20,d20,800,864,test,"[9, 16, 3, 15, 20, 10]","[9, 16, 3, 15, 20, 10]",39,7,6,23.619481419691464,0.14761904761904762,"[3, 9, 10, 15, 16, 20]",9,aec_adapted_interval
20,d20,864,928,test,"[3, 16, 9, 14, 20, 10, 7]","[3, 16, 9, 14, 20, 10, 7]",48,0,7,32.88482190913952,0.1701618578465869,"[3, 7, 9, 10, 14, 16, 20]",3,aec_adapted_interval
21,d21,160,224,test,"[21, 15]","[21, 15]",5,1,2,1.8157582310241334,0.16666666666666666,"[15, 21]",21,aec_adapted_interval
21,d21,224,288,test,"[21, 15]","[21, 15, 3]",5,0,3,1.8362879725415264,0.16666666666666666,"[3, 15, 21]",21,aec_adapted_interval
21,d21,288,352,test,"[21, 3]","[21, 3]",12,6,2,3.499985142271419,0.41666666666666663,"[3, 21]",21,aec_adapted_interval
21,d21,352,416,test,"[21, 3]","[21, 3]",15,4,2,7.617823368695657,0.41666666666666663,"[3, 21]",21,aec_adapted_interval
21,d21,416,480,test,[21],[21],27,19,1,2.6923068917038036,0.3333333333333333,[21],21,aec_adapted_interval
21,d21,480,544,test,"[21, 15]","[21, 15]",13,5,2,5.854469209436815,0.16666666666666666,"[15, 21]",21,aec_adapted_interval
21,d21,544,608,test,"[21, 15]","[21, 15]",14,5,2,5.575962695230349,0.16666666666666666,"[15, 21]",21,aec_adapted_interval
21,d21,608,672,test,"[15, 11]","[15, 11, 19]",20,7,3,8.85150969794739,0.21666666666666667,"[11, 15, 19]",15,aec_adapted_interval
21,d21,672,736,test,"[21, 15]","[21, 15]",20,7,2,8.33563020914467,0.16666666666666666,"[15, 21]",21,aec_adapted_interval
21,d21,736,800,test,"[21, 15]","[21, 15]",24,12,2,7.838342971571102,0.16666666666666666,"[15, 21]",21,aec_adapted_interval
21,d21,800,864,test,"[21, 15]","[21, 15]",22,9,2,9.32897025774319,0.16666666666666666,"[15, 21]",21,aec_adapted_interval
21,d21,864,928,test,"[21, 3, 19, 15, 11, 14]","[21, 3, 19, 15, 11, 14]",28,9,6,12.71292799266413,0.37222222222222223,"[3, 11, 14, 15, 19, 21]",21,aec_adapted_interval
0,d00,0,64,test,[],[-1],5,5,0,0.0,0.0,[],-1,minexplain_interval
0,d00,64,128,test,[15],[15],7,4,1,2.8639494080570844,0.0,[15],15,minexplain_interval
0,d00,128,192,test,[],[-1],10,10,0,0.0,0.0,[],-1,minexplain_interval
0,d00,192,256,test,[15],[15],7,4,1,2.59452146759402,0.0,[15],15,minexplain_interval
0,d00,256,320,test,[],[-1],15,15,0,0.0,0.0,[],-1,minexplain_interval
0,d00,320,384,test,[3],[3],3,2,1,1.6369264431219277,0.5,[3],3,minexplain_interval
0,d00,384,448,test,[3],[3],9,3,1,4.778391136767479,0.5,[3],3,minexplain_interval
0,d00,448,512,test,[15],[15],9,2,1,4.668824046443005,0.0,[15],15,minexplain_interval
0,d00,512,576,test,[14],"[14, 3]",21,7,2,9.999426045174381,0.25,"[3, 14]",14,minexplain_interval
0,d00,576,640,test,[15],[15],8,1,1,5.721535292663089,0.0,[15],15,minexplain_interval
0,d00,640,704,test,[3],[3],8,4,1,3.259707854707063,0.5,[3],3,minexplain_interval
0,d00,704,768,test,[3],[3],20,16,1,4.008422694826065,0.5,[3],3,minexplain_interval
0,d00,768,832,test,"[11, 10, 9, 16]","[11, 10, 9, 16, 3]",28,4,5,20.68140606876475,0.2857142857142857,"[3, 9, 10, 11, 16]",11,minexplain_interval
0,d00,832,896,test,"[16, 10, 9]","[16, 10, 9, 3]",25,5,4,14.585465310344029,0.19642857142857142,"[3, 9, 10, 16]",16,minexplain_interval
0,d00,896,960,test,[9],"[9, 16]",5,0,2,3.585166898262837,0.25,"[9, 16]",9,minexplain_interval
1,d01,160,224,test,"[14, 10, 5, 12, 18, 13, 1, 6, 8]","[14, 10, 5, 12, 18, 13, 1, 6, 8, 20, 9, 7, 3, 16, 11]",100,0,15,82.7785615721851,0.16203404340935038,"[1, 3, 5, 6, 7, 8, 9, 10, 11, 12, 13, 14, 16, 18, 20]",14,minexplain_interval
1,d01,224,288,test,"[15, 1, 5, 12, 10, 18]","[15, 1, 5, 12, 10, 18, 4, 7, 13, 16, 8, 20, 14, 3, 9, 11, 17]",105,0,17,80.86821092378973,0.20155903863216454,"[1, 3, 4, 5, 7, 8, 9, 10, 11, 12, 13, 14, 15, 16, 17, 18, 20]",15,minexplain_interval
1,d01,288,352,test,"[7, 1, 18, 5]","[7, 1, 18, 5, 9, 8, 10, 20, 15, 13, 16, 12, 17, 3, 14, 19, 11]",87,0,17,64.3904780527112,0.2448175568196417,"[1, 3, 5, 7, 8, 9, 10, 11, 12, 13, 14, 15, 16, 17, 18, 19, 20]",7,minexplain_interval
1,d01,352,416,test,"[5, 7, 1, 12, 13]","[5, 7, 1, 12, 13, 3, 14, 8, 10, 15, 9, 16, 20, 18, 11]",96,0,15,71.9163261674009,0.1587125401140027,"[1, 3, 5, 7, 8, 9, 10, 11, 12, 13, 14, 15, 16, 18, 20]",5,minexplain_interval
1,d01,416,480,test,"[10, 14, 16, 5, 1, 7]","[10, 14, 16, 5, 1, 7, 11, 9, 15, 3, 12, 18]",63,0,12,50.456831941422045,0.21388596331547652,"[1, 3, 5, 7, 9, 10, 11, 12, 14, 15, 16, 18]",10,minexplain_interval
1,d01,480,544,test,"[10, 15, 16, 1]","[10, 15, 16, 1, 3, 9, 5]",40,2,7,29.996280853943933,0.24617346938775508,"[1, 3, 5, 9, 10, 15, 16]",10,minexplain_interval
1,d01,544,608,test,[15],[15],30,18,1,8.413957783223767,0.0,[15],15,minexplain_interval
1,d01,608,672,test,"[15, 3]","[15, 3]",23,17,2,5.227779063013485,0.25,"[3, 15]",15,minexplain_interval
1,d01,672,736,test,"[16, 10, 9, 15]","[16, 10, 9, 15, 3]",40,7,5,23.48194809897196,0.22857142857142856,"[3, 9, 10, 15, 16]",16,minexplain_interval
1,d01,736,800,test,[15],[15],15,12,1,3.1354237129775484,0.0,[15],15,minexplain_interval
1,d01,800,864,test,"[15, 3]","[15, 3]",34,19,2,10.956595698654624,0.25,"[3, 15]",15,minexplain_interval
1,d01,864,928,test,"[9, 15, 10, 1, 18]","[9, 15, 10, 1, 18, 3, 16, 5]",47,0,8,36.60362445231466,0.23697916666666669,"[1, 3, 5, 9, 10, 15, 16, 18]",9,minexplain_interval
2,d02,160,224,test,"[20, 2, 10, 12, 14, 1, 7]","[20, 2, 10, 12, 14, 1, 7, 3, 5, 8, 11, 18]",70,2,12,53.57731356075812,0.43563757841775086,"[1, 2, 3, 5, 7, 8, 10, 11, 12, 14, 18, 20]",20,minexplain_interval
2,d02,224,288,test,"[10, 2, 5, 12, 8]","[10, 2, 5, 12, 8, 4, 3, 9, 16, 13, 7, 1, 18]",90,0,13,69.7962966812695,0.2517322274865122,"[1, 2, 3, 4, 5, 7, 8, 9, 10, 12, 13, 16, 18]",10,minexplain_interval
2,d02,288,352,test,"[2, 3]","[2, 3, 4]",48,3,3,37.2729279099011,0.20476190476190478,"[2, 3, 4]",2,minexplain_interval
2,d02,352,416,test,"[2, 9, 3, 4]","[2, 9, 3, 4, 16]",59,6,5,41.90957157529981,0.24,"[2, 3, 4, 9, 16]",2,minexplain_interval
2,d02,416,480,test,"[4, 2]","[4, 2]",41,0,2,31.386437265102735,0.17142857142857143,"[2, 4]",4,minexplain_interval
2,d02,480,544,test,[2],"[2, 4]",33,1,2,25.921953134245936,0.17142857142857143,"[2, 4]",2,minexplain_interval
2,d02,544,608,test,[2],"[2, 4]",33,3,2,23.208221874081875,0.17142857142857143,"[2, 4]",2,minexplain_interval
2,d02,608,672,test,[2],"[2, 4]",34,1,2,26.805735749918895,0.17142857142857143,"[2, 4]",2,minexplain_interval
2,d02,672,736,test,"[2, 3]","[2, 3, 4]",37,1,3,27.73122041459839,0.2523809523809524,"[2, 3, 4]",2,minexplain_interval
2,d02,736,800,test,"[2, 4]","[2, 4, 3]",38,2,3,28.90886669071856,0.28095238095238095,"[2, 3, 4]",2,minexplain_interval
2,d02,800,864,test,"[17, 14, 3, 2]","[17, 14, 3, 2, 4]",44,0,5,33.864091520821724,0.24285714285714283,"[2, 3, 4, 14, 17]",17,minexplain_interval
2,d02,864,928,test,"[14, 19, 2]","[14, 19, 2, 17, 11, 4]",37,0,6,29.31282169045132,0.29642857142857143,"[2, 4, 11, 14, 17, 19]",14,minexplain_interval
3,d03,160,224,test,"[9, 10, 5]","[9, 10, 5, 16, 3]",31,0,5,24.12198435463883,0.2202380952380952,"[3, 5, 9, 10, 16]",9,minexplain_interval
3,d03,224,288,test,"[3, 11, 14]","[3, 11, 14]",19,0,3,14.600568161107628,0.5,"[3, 11, 14]",3,minexplain_interval
3,d03,288,352,test,[3],[3],16,9,1,6.448273993940219,0.5,[3],3,minexplain_interval
3,d03,352,416,test,[],[-1],7,7,0,0.0,0.0,[],-1,minexplain_interval
3,d03,416,480,test,[3],[3],7,3,1,3.8276905801274568,0.5,[3],3,minexplain_interval
3,d03,480,544,test,"[3, 14, 5]","[3, 14, 5]",24,2,3,18.99459958219929,0.27777777777777773,"[3, 5, 14]",3,minexplain_interval
3,d03,544,608,test,"[14, 10, 15, 5]","[14, 10, 15, 5, 9, 11, 16, 20, 3]",33,0,9,25.170777487549557,0.3492063492063492,"[3, 5, 9, 10, 11, 14, 15, 16, 20]",14,minexplain_interval
3,d03,608,672,test,[15],[15],24,9,1,11.98506532520362,0.0,[15],15,minexplain_interval
3,d03,672,736,test,[3],[3],7,4,1,2.681892185533486,0.5,[3],3,minexplain_interval
3,d03,736,800,test,[],[-1],16,16,0,0.0,0.0,[],-1,minexplain_interval
3,d03,800,864,test,"[14, 3, 11]","[14, 3, 11]",13,4,3,7.783043505243,0.19444444444444442,"[3, 11, 14]",14,minexplain_interval
3,d03,864,928,test,"[9, 16]","[9, 16]",14,8,2,5.705771447459156,0.25,"[9, 16]",9,minexplain_interval
4,d04,160,224,test,"[14, 11]","[14, 11, 3, 4]",13,1,4,10.371519511594299,0.3125,"[3, 4, 11, 14]",14,minexplain_interval
4,d04,224,288,test,"[14, 3, 4, 10]","[14, 3, 4, 10]",34,1,4,24.309170133344935,0.23214285714285715,"[3, 4, 10, 14]",14,minexplain_interval
4,d04,288,352,test,"[3, 16, 10, 9, 4]","[3, 16, 10, 9, 4, 14]",32,0,6,21.817623677298723,0.08333333333333333,"[3, 4, 9, 10, 14, 16]",3,minexplain_interval
4,d04,352,416,test,[4],[4],10,9,1,1.5832037658666458,0.0,[4],4,minexplain_interval
4,d04,416,480,test,"[3, 4]","[3, 4]",16,5,2,8.482731554972498,0.25,"[3, 4]",3,minexplain_interval
4,d04,480,544,test,[4],[4],22,21,1,1.777240676024073,0.0,[4],4,minexplain_interval
4,d04,544,608,test,"[3, 4]","[3, 4]",11,3,2,6.3719432425915326,0.25,"[3, 4]",3,minexplain_interval
4,d04,608,672,test,[4],[4],11,8,1,2.03681229532807,0.0,[4],4,minexplain_interval
4,d04,672,736,test,"[4, 3]","[4, 3]",15,5,2,8.877721672728086,0.25,"[3, 4]",4,minexplain_interval
4,d04,736,800,test,"[9, 3, 4]","[9, 3, 4, 16]",9,1,4,7.805790732257977,0.25,"[3, 4, 9, 16]",9,minexplain_interval
4,d04,800,864,test,"[4, 3]","[4, 3]",9,2,2,6.247129047628936,0.25,"[3, 4]",4,minexplain_interval
4,d04,864,928,test,"[9, 4, 16, 3]","[9, 4, 16, 3]",11,0,4,10.231185236144448,0.25,"[3, 4, 9, 16]",9,minexplain_interval
5,d05,160,224,test,"[14, 1, 8, 13, 15]","[14, 1, 8, 13, 15, 19, 9, 3, 11, 20, 5, 18, 12, 17, 10, 7, 16]",82,0,17,66.78433805702322,0.20444792599517572,"[1, 3, 5, 7, 8, 9, 10, 11, 12, 13, 14, 15, 16, 17, 18, 19, 20]",14,minexplain_interval
5,d05,224,288,test,"[7, 1, 8, 5, 13, 9, 18]","[7, 1, 8, 5, 13, 9, 18, 3, 12, 14, 10, 16, 20, 11]",110,2,14,83.2236921197325,0.13907838718343685,"[1, 3, 5, 7, 8, 9, 10, 11, 12, 13, 14, 16, 18, 20]",7,minexplain_interval
5,d05,288,352,test,"[10, 3, 5, 14, 11, 7, 12]","[10, 3, 5, 14, 11, 7, 12, 16, 9, 17, 13, 1, 8, 18]",66,0,14,53.52021596734516,0.30062572111072544,"[1, 3, 5, 7, 8, 9, 10, 11, 12, 13, 14, 16, 17, 18]",10,minexplain_interval
5,d05,352,416,test,"[10, 14, 11, 20, 3, 5]","[10, 14, 11, 20, 3, 5, 19, 1, 18]",50,0,9,37.11795243210404,0.4189153439153439,"[1, 3, 5, 10, 11, 14, 18, 19, 20]",10,minexplain_interval
5,d05,416,480,test,"[20, 14, 3, 11]","[20, 14, 3, 11]",37,7,4,25.497984551421098,0.45,"[3, 11, 14, 20]",20,minexplain_interval
5,d05,480,544,test,[],[-1],22,22,0,0.0,0.0,[],-1,minexplain_interval
5,d05,544,608,test,[3],[3],8,3,1,4.633867439146961,0.5,[3],3,minexplain_interval
5,d05,608,672,test,[],[-1],12,12,0,0.0,0.0,[],-1,minexplain_interval
5,d05,672,736,test,[3],[3],12,9,1,3.242568801895333,0.5,[3],3,minexplain_interval
5,d05,736,800,test,[3],[3],7,3,1,3.6280857495050673,0.5,[3],3,minexplain_interval
5,d05,800,864,test,[3],[3],10,7,1,3.464356612801737,0.5,[3],3,minexplain_interval
5,d05,864,928,test,"[9, 16]","[9, 16, 3]",10,2,3,6.797216026068609,0.3333333333333333,"[3, 9, 16]",9,minexplain_interval
6,d06,160,224,test,"[10, 6, 12, 13, 16, 8, 2, 1, 7]","[10, 6, 12, 13, 16, 8, 2, 1, 7, 9, 20, 3, 5, 14, 18]",90,0,15,71.26011048791844,0.2865705279738588,"[1, 2, 3, 5, 6, 7, 8, 9, 10, 12, 13, 14, 16, 18, 20]",10,minexplain_interval
6,d06,224,288,test,"[6, 1, 5, 13, 14]","[6, 1, 5, 13, 14, 9, 16, 10, 11, 12, 18, 3, 7, 20, 8, 19, 17]",108,0,17,85.33090254479646,0.16983213393593388,"[1, 3, 5, 6, 7, 8, 9, 10, 11, 12, 13, 14, 16, 17, 18, 19, 20]",6,minexplain_interval
6,d06,288,352,test,[6],"[6, 4, 21]",84,1,3,47.66023273495834,0.12280701754385964,"[4, 6, 21]",6,minexplain_interval
6,d06,352,416,test,[6],"[6, 4, 21]",86,2,3,46.90832543701103,0.12280701754385964,"[4, 6, 21]",6,minexplain_interval
6,d06,416,480,test,[6],"[6, 4, 21]",85,3,3,45.717420193193334,0.13450292397660818,"[4, 6, 21]",6,minexplain_interval
6,d06,480,544,test,"[6, 21]","[6, 21, 4, 3]",86,4,4,47.020583102068585,0.1557017543859649,"[3, 4, 6, 21]",6,minexplain_interval
6,d06,544,608,test,"[6, 21]","[6, 21, 4]",83,2,3,45.56464960831122,0.04093567251461988,"[4, 6, 21]",6,minexplain_interval
6,d06,608,672,test,"[6, 21]","[6, 21, 4]",81,2,3,44.83746234811084,0.04093567251461988,"[4, 6, 21]",6,minexplain_interval
6,d06,672,736,test,"[6, 21]","[6, 21, 4]",83,3,3,44.5786727987144,0.03508771929824561,"[4, 6, 21]",6,minexplain_interval
6,d06,736,800,test,"[6, 21]","[6, 21, 3, 4]",83,2,4,45.84236491814689,0.1513157894736842,"[3, 4, 6, 21]",6,minexplain_interval
6,d06,800,864,test,"[6, 21]","[6, 21, 4]",84,2,3,46.413317453366616,0.03508771929824561,"[4, 6, 21]",6,minexplain_interval
6,d06,864,928,test,"[6, 21]","[6, 21, 3, 4]",82,2,4,44.2646736842395,0.1557017543859649,"[3, 4, 6, 21]",6,minexplain_interval
7,d07,160,224,test,"[1, 7, 12, 8, 5, 13]","[1, 7, 12, 8, 5, 13, 4, 10, 16, 15, 17, 18, 11, 9, 19, 14, 20, 3]",105,0,18,86.68302087937123,0.1767032420643502,"[1, 3, 4, 5, 7, 8, 9, 10, 11, 12, 13, 14, 15, 16, 17, 18, 19, 20]",1,minexplain_interval
7,d07,224,288,test,"[7, 1, 8, 5, 13, 12]","[7, 1, 8, 5, 13, 12, 9, 16, 20, 18, 10, 19, 17, 14, 11, 3]",112,0,16,86.97307321895796,0.19501304666428904,"[1, 3, 5, 7, 8, 9, 10, 11, 12, 13, 14, 16, 17, 18, 19, 20]",7,minexplain_interval
7,d07,288,352,test,"[5, 1, 2, 12, 7, 8, 17]","[5, 1, 2, 12, 7, 8, 17, 13, 10, 18, 14, 16, 9, 11, 20, 3]",93,0,16,72.13588489833256,0.24476748883100635,"[1, 2, 3, 5, 7, 8, 9, 10, 11, 12, 13, 14, 16, 17, 18, 20]",5,minexplain_interval
7,d07,352,416,test,"[10, 1, 5, 7, 12, 8]","[10, 1, 5, 7, 12, 8, 9, 16, 15, 14, 11, 18, 3, 20, 19]",83,0,15,66.61061915981895,0.2545684454153014,"[1, 3, 5, 7, 8, 9, 10, 11, 12, 14, 15, 16, 18, 19, 20]",10,minexplain_interval
7,d07,416,480,test,"[10, 16, 20, 8, 1, 18]","[10, 16, 20, 8, 1, 18, 9, 15, 3, 5, 14, 12]",65,1,12,51.816445922129446,0.2638480392156863,"[1, 3, 5, 8, 9, 10, 12, 14, 15, 16, 18, 20]",10,minexplain_interval
7,d07,480,544,test,"[10, 15, 16, 9, 5, 11]","[10, 15, 16, 9, 5, 11]",42,0,6,31.39794463155241,0.21428571428571427,"[5, 9, 10, 11, 15, 16]",10,minexplain_interval
7,d07,544,608,test,"[15, 3, 10, 20, 16]","[15, 3, 10, 20, 16, 9]",34,6,6,21.43949329778657,0.16666666666666666,"[3, 9, 10, 15, 16, 20]",15,minexplain_interval
7,d07,608,672,test,"[10, 9]","[10, 9, 16]",28,3,3,18.72612854290482,0.14285714285714285,"[9, 10, 16]",10,minexplain_interval
7,d07,672,736,test,[],[-1],7,7,0,0.0,0.0,[],-1,minexplain_interval
7,d07,736,800,test,[3],[3],10,4,1,4.695412726642511,0.5,[3],3,minexplain_interval
7,d07,800,864,test,[3],[3],4,1,1,3.138478870681416,0.5,[3],3,minexplain_interval
7,d07,864,928,test,[3],[3],3,2,1,1.5237143890169758,0.5,[3],3,minexplain_interval
8,d08,160,224,test,"[14, 12, 11, 5, 1, 3, 7, 8, 10]","[14, 12, 11, 5, 1, 3, 7, 8, 10, 19, 20, 9, 18, 16]",66,0,14,51.72569360685705,0.389676493939751,"[1, 3, 5, 7, 8, 9, 10, 11, 12, 14, 16, 18, 19, 20]",14,minexplain_interval
8,d08,224,288,test,"[7, 5, 12, 8, 1, 13]","[7, 5, 12, 8, 1, 13, 9, 14, 16, 18, 10, 20, 11, 3]",93,0,14,75.41431480234206,0.21467805885442268,"[1, 3, 5, 7, 8, 9, 10, 11, 12, 13, 14, 16, 18, 20]",7,minexplain_interval
8,d08,288,352,test,"[10, 1, 5, 11, 12, 7, 8, 13, 2]","[10, 1, 5, 11, 12, 7, 8, 13, 2, 16, 4, 3, 14, 17, 20, 18, 9, 19]",107,0,18,85.80035054821822,0.1972696891280749,"[1, 2, 3, 4, 5, 7, 8, 9, 10, 11, 12, 13, 14, 16, 17, 18, 19, 20]",10,minexplain_interval
8,d08,352,416,test,"[5, 1, 7, 12, 18]","[5, 1, 7, 12, 18, 13, 10, 8, 20, 11, 9, 16, 14, 17, 19, 3]",96,0,16,75.72339692366269,0.22335054362384352,"[1, 3, 5, 7, 8, 9, 10, 11, 12, 13, 14, 16, 17, 18, 19, 20]",5,minexplain_interval
8,d08,416,480,test,"[12, 10, 13, 8, 5, 18]","[12, 10, 13, 8, 5, 18, 9, 16, 1, 7, 14, 19, 11, 20, 3, 17]",103,0,16,82.26212207541964,0.2229528602502707,"[1, 3, 5, 7, 8, 9, 10, 11, 12, 13, 14, 16, 17, 18, 19, 20]",12,minexplain_interval
8,d08,480,544,test,"[5, 1, 8, 13, 12, 18, 14]","[5, 1, 8, 13, 12, 18, 14, 20, 16, 10, 19, 11, 7, 9, 3, 17, 2]",115,0,17,94.15654087312956,0.18563779467162117,"[1, 2, 3, 5, 7, 8, 9, 10, 11, 12, 13, 14, 16, 17, 18, 19, 20]",5,minexplain_interval
8,d08,544,608,test,"[1, 11, 5, 18, 7, 12, 10]","[1, 11, 5, 18, 7, 12, 10, 3, 8, 9, 13, 15, 14, 16, 17, 20]",93,0,16,73.39610649634196,0.17959286185505893,"[1, 3, 5, 7, 8, 9, 10, 11, 12, 13, 14, 15, 16, 17, 18, 20]",1,minexplain_interval
8,d08,608,672,test,"[13, 14, 9, 7, 1, 5, 8, 12]","[13, 14, 9, 7, 1, 5, 8, 12, 16, 19, 15, 11, 20, 10, 3, 17, 18]",94,0,17,74.60830088436292,0.17698146992493854,"[1, 3, 5, 7, 8, 9, 10, 11, 12, 13, 14, 15, 16, 17, 18, 19, 20]",13,minexplain_interval
8,d08,672,736,test,"[1, 5, 10, 7, 20, 18]","[1, 5, 10, 7, 20, 18, 16, 12, 8, 13, 11, 15, 19, 14, 9, 3, 17]",79,0,17,63.62427883379375,0.23142328943797177,"[1, 3, 5, 7, 8, 9, 10, 11, 12, 13, 14, 15, 16, 17, 18, 19, 20]",1,minexplain_interval
8,d08,736,800,test,"[2, 1, 5, 12, 11, 7, 13]","[2, 1, 5, 12, 11, 7, 13, 3, 10, 8, 14, 15, 16, 9, 18]",80,0,15,64.37069301111514,0.2379536709746489,"[1, 2, 3, 5, 7, 8, 9, 10, 11, 12, 13, 14, 15, 16, 18]",2,minexplain_interval
8,d08,800,864,test,"[5, 10, 14, 9, 2, 1, 7]","[5, 10, 14, 9, 2, 1, 7, 11, 16, 20, 3, 17, 12, 13, 18, 8, 19]",83,0,17,64.734618959691,0.23618542911987042,"[1, 2, 3, 5, 7, 8, 9, 10, 11, 12, 13, 14, 16, 17, 18, 19, 20]",5,minexplain_interval
8,d08,864,928,test,"[5, 3, 1, 12, 7, 13]","[5, 3, 1, 12, 7, 13, 16, 15, 10, 8, 9, 20, 11, 18, 14, 19]",98,0,16,79.11323936233329,0.22144413018767467,"[1, 3, 5, 7, 8, 9, 10, 11, 12, 13, 14, 15, 16, 18, 19, 20]",5,minexplain_interval
9,d09,160,224,test,"[10, 9, 14, 5]","[10, 9, 14, 5, 16, 3, 20]",25,0,7,17.968272182118113,0.32653061224489793,"[3, 5, 9, 10, 14, 16, 20]",10,minexplain_interval
9,d09,224,288,test,"[3, 15]","[3, 15]",10,2,2,6.892537681615112,0.25,"[3, 15]",3,minexplain_interval
9,d09,288,352,test,[3],[3],8,0,1,7.320100075977157,0.5,[3],3,minexplain_interval
9,d09,352,416,test,[15],[15],18,6,1,9.726321218959953,0.0,[15],15,minexplain_interval
9,d09,416,480,test,"[14, 3, 15]","[14, 3, 15]",20,4,3,12.939203351670034,0.16666666666666666,"[3, 14, 15]",14,minexplain_interval
9,d09,480,544,test,"[15, 11]","[15, 11]",14,4,2,7.751891933976195,0.25,"[11, 15]",15,minexplain_interval
9,d09,544,608,test,"[3, 15]","[3, 15]",13,5,2,6.964813414817767,0.25,"[3, 15]",3,minexplain_interval
9,d09,608,672,test,[11],[11],20,7,1,11.66286487637163,0.5,[11],11,minexplain_interval
9,d09,672,736,test,[15],[15],16,7,1,7.299212681207911,0.0,[15],15,minexplain_interval
9,d09,736,800,test,[3],[3],18,13,1,4.213423555698554,0.5,[3],3,minexplain_interval
9,d09,800,864,test,"[14, 15, 10, 20, 3, 5]","[14, 15, 10, 20, 3, 5]",29,1,6,20.45402971849221,0.4047619047619048,"[3, 5, 10, 14, 15, 20]",14,minexplain_interval
9,d09,864,928,test,"[10, 9, 20, 5]","[10, 9, 20, 5, 16, 3]",35,1,6,28.447198473134556,0.2501984126984127,"[3, 5, 9, 10, 16, 20]",10,minexplain_interval
10,d10,160,224,test,"[14, 19, 10, 5]","[14, 19, 10, 5, 20, 15, 3, 16]",41,0,8,31.531233430758704,0.37217261904761906,"[3, 5, 10, 14, 15, 16, 19, 20]",14,minexplain_interval
10,d10,224,288,test,"[10, 16, 14, 5]","[10, 16, 14, 5, 11, 3, 9]",53,0,7,37.72798717193551,0.10119047619047619,"[3, 5, 9, 10, 11, 14, 16]",10,minexplain_interval
10,d10,288,352,test,[10],"[10, 9, 3, 16]",31,5,4,21.509499541704564,0.1607142857142857,"[3, 9, 10, 16]",10,minexplain_interval
10,d10,352,416,test,"[14, 16, 3, 11, 9]","[14, 16, 3, 11, 9, 10, 5]",33,0,7,24.560884748135216,0.19047619047619047,"[3, 5, 9, 10, 11, 14, 16]",14,minexplain_interval
10,d10,416,480,test,[16],"[16, 9]",4,1,2,3.2852671178551835,0.25,"[9, 16]",16,minexplain_interval
10,d10,480,544,test,"[3, 16]","[3, 16]",10,5,2,5.18630992476675,0.5,"[3, 16]",3,minexplain_interval
10,d10,544,608,test,"[14, 10]","[14, 10, 16, 3]",23,4,4,14.378331139549548,0.48214285714285715,"[3, 10, 14, 16]",14,minexplain_interval
10,d10,608,672,test,"[14, 10, 15, 1, 5, 7, 18]","[14, 10, 15, 1, 5, 7, 18, 9, 3, 16, 11, 20, 19, 12, 8]",63,0,15,50.835966653056495,0.2502383367139959,"[1, 3, 5, 7, 8, 9, 10, 11, 12, 14, 15, 16, 18, 19, 20]",14,minexplain_interval
10,d10,672,736,test,"[16, 14, 18, 1, 12, 5, 13]","[16, 14, 18, 1, 12, 5, 13, 20, 8, 19, 10, 9, 11, 3]",78,0,14,64.49138343988133,0.2969641095304519,"[1, 3, 5, 8, 9, 10, 11, 12, 13, 14, 16, 18, 19, 20]",16,minexplain_interval
10,d10,736,800,test,"[5, 9, 12, 10, 7, 13]","[5, 9, 12, 10, 7, 13, 16, 3, 14, 1, 8, 18, 11]",71,0,13,56.31395521956746,0.23782118137260166,"[1, 3, 5, 7, 8, 9, 10, 11, 12, 13, 14, 16, 18]",5,minexplain_interval
10,d10,800,864,test,"[14, 16, 20, 11, 5, 1, 9]","[14, 16, 20, 11, 5, 1, 9, 10, 3]",50,0,9,41.1041402501946,0.2916666666666667,"[1, 3, 5, 9, 10, 11, 14, 16, 20]",14,minexplain_interval
10,d10,864,928,test,[16],[16],9,6,1,3.390591623498456,0.5,[16],16,minexplain_interval
11,d11,160,224,test,[11],[11],14,2,1,9.944052078082466,0.5,[11],11,minexplain_interval
11,d11,224,288,test,"[14, 11, 17]","[14, 11, 17, 4, 3]",15,3,5,10.615799420395629,0.21904761904761902,"[3, 4, 11, 14, 17]",14,minexplain_interval
11,d11,288,352,test,"[16, 10, 3, 11, 14]","[16, 10, 3, 11, 14, 9]",35,3,6,26.037159993733525,0.20436507936507933,"[3, 9, 10, 11, 14, 16]",16,minexplain_interval
11,d11,352,416,test,"[10, 11, 4, 16, 17, 9]","[10, 11, 4, 16, 17, 9, 3, 14]",28,1,8,21.026263583535336,0.10267857142857142,"[3, 4, 9, 10, 11, 14, 16, 17]",10,minexplain_interval
11,d11,416,480,test,"[3, 14, 17, 10, 11, 4]","[3, 14, 17, 10, 11, 4, 9, 16]",46,11,8,28.86922139821536,0.23809523809523808,"[3, 4, 9, 10, 11, 14, 16, 17]",3,minexplain_interval
11,d11,480,544,test,"[10, 17, 14, 11, 9]","[10, 17, 14, 11, 9, 16, 3, 4]",43,6,8,27.74420639500687,0.05357142857142857,"[3, 4, 9, 10, 11, 14, 16, 17]",10,minexplain_interval
11,d11,544,608,test,"[11, 16, 9, 17]","[11, 16, 9, 17, 4]",23,1,5,18.493047851989623,0.2857142857142857,"[4, 9, 11, 16, 17]",11,minexplain_interval
11,d11,608,672,test,"[14, 11, 3, 15]","[14, 11, 3, 15, 19]",31,6,5,19.47180320829562,0.32999999999999996,"[3, 11, 14, 15, 19]",14,minexplain_interval
11,d11,672,736,test,"[14, 11]","[14, 11, 3]",13,0,3,10.642264252908594,0.4166666666666667,"[3, 11, 14]",14,minexplain_interval
11,d11,736,800,test,[17],"[17, 4, 11, 14]",9,0,4,8.287766690425249,0.29464285714285715,"[4, 11, 14, 17]",17,minexplain_interval
11,d11,800,864,test,"[11, 9]","[11, 9, 16]",11,4,3,7.153676978585157,0.3333333333333333,"[9, 11, 16]",11,minexplain_interval
11,d11,864,928,test,[11],"[11, 4]",7,1,2,4.892377045855758,0.25,"[4, 11]",11,minexplain_interval
12,d12,160,224,test,"[17, 16, 12, 10, 11, 8]","[17, 16, 12, 10, 11, 8, 20, 9, 14, 7, 5, 19, 1, 13, 18, 3]",67,0,16,52.15552062148925,0.3103440916101887,"[1, 3, 5, 7, 8, 9, 10, 11, 12, 13, 14, 16, 17, 18, 19, 20]",17,minexplain_interval
12,d12,224,288,test,"[1, 14, 12, 7, 13]","[1, 14, 12, 7, 13, 19, 5, 16, 10, 15, 20, 8, 9, 3, 11, 18, 17]",74,0,17,60.470412347220375,0.22754549672806193,"[1, 3, 5, 7, 8, 9, 10, 11, 12, 13, 14, 15, 16, 17, 18, 19, 20]",1,minexplain_interval
12,d12,288,352,test,"[1, 10, 12, 5, 8, 7]","[1, 10, 12, 5, 8, 7, 16, 14, 9, 18, 13, 20, 17, 11, 19, 3]",97,0,16,74.95921921777202,0.22329003258604851,"[1, 3, 5, 7, 8, 9, 10, 11, 12, 13, 14, 16, 17, 18, 19, 20]",1,minexplain_interval
12,d12,352,416,test,"[11, 10, 17, 12, 13, 1, 16, 8]","[11, 10, 17, 12, 13, 1, 16, 8, 14, 20, 5, 19, 18, 9, 7, 3]",79,0,16,65.45231153084082,0.25324758781950585,"[1, 3, 5, 7, 8, 9, 10, 11, 12, 13, 14, 16, 17, 18, 19, 20]",11,minexplain_interval
12,d12,416,480,test,"[5, 1, 12, 8, 16, 18, 2]","[5, 1, 12, 8, 16, 18, 2, 7, 13, 9, 14, 15, 11, 3, 10, 19, 20, 17]",109,0,18,85.52572209711883,0.1714211424871188,"[1, 2, 3, 5, 7, 8, 9, 10, 11, 12, 13, 14, 15, 16, 17, 18, 19, 20]",5,minexplain_interval
12,d12,480,544,test,"[10, 12, 5, 16, 7, 18, 13]","[10, 12, 5, 16, 7, 18, 13, 14, 9, 20, 1, 8, 3, 17, 11, 19]",80,0,16,63.85126973672862,0.22540307350428657,"[1, 3, 5, 7, 8, 9, 10, 11, 12, 13, 14, 16, 17, 18, 19, 20]",10,minexplain_interval
12,d12,544,608,test,"[1, 17, 14, 12, 5, 18]","[1, 17, 14, 12, 5, 18, 16, 9, 10, 15, 8, 20, 3, 19, 11]",78,2,15,61.545244847405485,0.2120304532069238,"[1, 3, 5, 8, 9, 10, 11, 12, 14, 15, 16, 17, 18, 19, 20]",1,minexplain_interval
12,d12,608,672,test,"[1, 7, 5, 12, 13, 8]","[1, 7, 5, 12, 13, 8, 3, 14, 18, 16, 10, 20, 9, 19, 11, 17]",84,0,16,67.64460643355368,0.18624815428579639,"[1, 3, 5, 7, 8, 9, 10, 11, 12, 13, 14, 16, 17, 18, 19, 20]",1,minexplain_interval
12,d12,672,736,test,"[12, 8, 2, 7, 18]","[12, 8, 2, 7, 18, 16, 9, 11, 19, 5, 10, 14, 1, 13, 17, 4, 20, 3]",118,0,18,93.83770312942039,0.19702259725612986,"[1, 2, 3, 4, 5, 7, 8, 9, 10, 11, 12, 13, 14, 16, 17, 18, 19, 20]",12,minexplain_interval
12,d12,736,800,test,"[5, 12, 18, 1, 8, 13]","[5, 12, 18, 1, 8, 13, 11, 20, 15, 17, 9, 10, 14, 16, 7, 3, 19]",117,0,17,93.27314657549762,0.16143776712301067,"[1, 3, 5, 7, 8, 9, 10, 11, 12, 13, 14, 15, 16, 17, 18, 19, 20]",5,minexplain_interval
12,d12,800,864,test,"[8, 1, 12, 14, 5, 13, 18]","[8, 1, 12, 14, 5, 13, 18, 16, 10, 7, 9, 20, 15, 11, 19, 3, 17]",123,2,17,93.06709821967196,0.11432378282631674,"[1, 3, 5, 7, 8, 9, 10, 11, 12, 13, 14, 15, 16, 17, 18, 19, 20]",8,minexplain_interval
12,d12,864,928,test,"[1, 7, 5, 12, 2, 18]","[1, 7, 5, 12, 2, 18, 13, 8, 14, 3, 10, 16, 4, 9, 17, 20, 11, 19]",104,0,18,81.42720758940456,0.16300231196609438,"[1, 2, 3, 4, 5, 7, 8, 9, 10, 11, 12, 13, 14, 16, 17, 18, 19, 20]",1,minexplain_interval
13,d13,160,224,test,"[10, 15, 9, 5, 14]","[10, 15, 9, 5, 14, 11, 3, 16]",57,4,8,44.433974043743575,0.32217261904761907,"[3, 5, 9, 10, 11, 14, 15, 16]",10,minexplain_interval
13,d13,224,288,test,"[2, 16, 11, 20, 18, 1, 5, 12, 8]","[2, 16, 11, 20, 18, 1, 5, 12, 8, 9, 10, 3, 14, 19, 7]",82,1,15,63.46653211565745,0.26023315426966537,"[1, 2, 3, 5, 7, 8, 9, 10, 11, 12, 14, 16, 18, 19, 20]",2,minexplain_interval
13,d13,288,352,test,"[20, 8, 10, 5, 12, 2, 1]","[20, 8, 10, 5, 12, 2, 1, 9, 16, 3]",75,0,10,62.628619797269785,0.279684065934066,"[1, 2, 3, 5, 8, 9, 10, 12, 16, 20]",20,minexplain_interval
13,d13,352,416,test,"[5, 20, 2, 1, 12, 7, 10, 8]","[5, 20, 2, 1, 12, 7, 10, 8, 16, 9, 3, 4, 18, 14, 17]",102,0,15,84.39155706372372,0.17358243739582482,"[1, 2, 3, 4, 5, 7, 8, 9, 10, 12, 14, 16, 17, 18, 20]",5,minexplain_interval
13,d13,416,480,test,"[1, 18, 13, 5, 8, 10, 7]","[1, 18, 13, 5, 8, 10, 7, 20, 12, 16, 9, 14, 2, 19, 11, 17, 3]",106,0,17,85.71537320247346,0.21921007930645958,"[1, 2, 3, 5, 7, 8, 9, 10, 11, 12, 13, 14, 16, 17, 18, 19, 20]",1,minexplain_interval
13,d13,480,544,test,"[13, 12, 5, 1, 8, 7, 2]","[13, 12, 5, 1, 8, 7, 2, 10, 17, 16, 4, 18, 3, 9, 14, 20, 19, 11]",96,0,18,75.37186484709373,0.2079315184665083,"[1, 2, 3, 4, 5, 7, 8, 9, 10, 11, 12, 13, 14, 16, 17, 18, 19, 20]",13,minexplain_interval
13,d13,544,608,test,"[5, 8, 16, 2, 7, 1, 12, 18, 13]","[5, 8, 16, 2, 7, 1, 12, 18, 13, 9, 10, 20, 14, 3, 19, 11]",106,0,16,87.18360166180369,0.26558214597091107,"[1, 2, 3, 5, 7, 8, 9, 10, 11, 12, 13, 14, 16, 18, 19, 20]",5,minexplain_interval
13,d13,608,672,test,"[12, 8, 10, 13, 5, 1, 18, 6]","[12, 8, 10, 13, 5, 1, 18, 6, 16, 20, 14, 11, 9, 7, 3]",127,0,15,104.07544225796711,0.20900281402523316,"[1, 3, 5, 6, 7, 8, 9, 10, 11, 12, 13, 14, 16, 18, 20]",12,minexplain_interval
13,d13,672,736,test,"[13, 12, 19, 1, 8, 18, 16]","[13, 12, 19, 1, 8, 18, 16, 7, 14, 5, 10, 11, 3, 9, 2, 17, 20]",124,2,17,99.72135393207104,0.16423891661270695,"[1, 2, 3, 5, 7, 8, 9, 10, 11, 12, 13, 14, 16, 17, 18, 19, 20]",13,minexplain_interval
13,d13,736,800,test,"[5, 7, 12, 13, 8, 6, 1, 9]","[5, 7, 12, 13, 8, 6, 1, 9, 16, 18, 10, 19, 14, 20, 17, 11, 3, 2]",120,0,18,99.19213046433846,0.20758666768862133,"[1, 2, 3, 5, 6, 7, 8, 9, 10, 11, 12, 13, 14, 16, 17, 18, 19, 20]",5,minexplain_interval
13,d13,800,864,test,"[1, 13, 8, 12, 14, 18]","[1, 13, 8, 12, 14, 18, 9, 20, 16, 15, 5, 11, 19, 10, 7, 17, 3]",123,3,17,98.07796240096916,0.14432290099934333,"[1, 3, 5, 7, 8, 9, 10, 11, 12, 13, 14, 15, 16, 17, 18, 19, 20]",1,minexplain_interval
13,d13,864,928,test,"[1, 2, 7, 8, 13, 12]","[1, 2, 7, 8, 13, 12, 18, 11, 5, 16, 10, 3, 14, 9, 6, 20, 19, 17]",126,2,18,100.73204152083414,0.17680580984934033,"[1, 2, 3, 5, 6, 7, 8, 9, 10, 11, 12, 13, 14, 16, 17, 18, 19, 20]",1,minexplain_interval
14,d14,160,224,test,"[14, 11]","[14, 11, 3]",16,2,3,11.166268060898341,0.27777777777777773,"[3, 11, 14]",14,minexplain_interval
14,d14,224,288,test,"[11, 14]","[11, 14, 3]",9,1,3,7.012565942047861,0.27777777777777773,"[3, 11, 14]",11,minexplain_interval
14,d14,288,352,test,[11],"[11, 14]",4,0,2,4.4,0.375,"[11, 14]",11,minexplain_interval
14,d14,352,416,test,"[9, 15, 14]","[9, 15, 14, 11, 16]",12,0,5,9.711527005410103,0.25,"[9, 11, 14, 15, 16]",9,minexplain_interval
14,d14,416,480,test,"[11, 14]","[11, 14, 3]",11,1,3,8.490035529370896,0.3611111111111111,"[3, 11, 14]",11,minexplain_interval
14,d14,480,544,test,"[11, 14, 15, 9]","[11, 14, 15, 9, 3, 16]",23,0,6,15.576174599850027,0.2222222222222222,"[3, 9, 11, 14, 15, 16]",11,minexplain_interval
14,d14,544,608,test,"[11, 14]","[11, 14]",10,1,2,7.834611675297981,0.375,"[11, 14]",11,minexplain_interval
14,d14,608,672,test,[11],"[11, 14]",5,0,2,4.706154161897311,0.25,"[11, 14]",11,minexplain_interval
14,d14,672,736,test,"[3, 11]","[3, 11, 14]",8,0,3,8.15037559239863,0.27777777777777773,"[3, 11, 14]",3,minexplain_interval
14,d14,736,800,test,[14],"[14, 11, 19]",9,2,3,6.813600748419954,0.3833333333333333,"[11, 14, 19]",14,minexplain_interval
14,d14,800,864,test,"[11, 14]","[11, 14, 3]",18,2,3,12.971658616334093,0.08333333333333333,"[3, 11, 14]",11,minexplain_interval
14,d14,864,928,test,"[11, 17, 3, 14]","[11, 17, 3, 14]",18,1,4,12.155056001713348,0.2738095238095238,"[3, 11, 14, 17]",11,minexplain_interval
15,d15,160,224,test,[],[-1],2,2,0,0.0,0.0,[],-1,minexplain_interval
15,d15,224,288,test,[15],[15],16,6,1,7.414226951249233,0.0,[15],15,minexplain_interval
15,d15,288,352,test,[],[-1],9,9,0,0.0,0.0,[],-1,minexplain_interval
15,d15,352,416,test,[],[-1],2,2,0,0.0,0.0,[],-1,minexplain_interval
15,d15,416,480,test,[11],[11],3,0,1,2.898302934641302,0.5,[11],11,minexplain_interval
15,d15,480,544,test,[3],[3],3,1,1,2.046725549331514,0.5,[3],3,minexplain_interval
15,d15,544,608,test,"[11, 14, 3]","[11, 14, 3]",15,1,3,10.427401614348106,0.5,"[3, 11, 14]",11,minexplain_interval
15,d15,608,672,test,[3],[3],16,9,1,4.983814730807361,0.5,[3],3,minexplain_interval
15,d15,672,736,test,"[16, 14, 10]","[16, 14, 10, 9, 3]",21,0,5,16.47373049322716,0.32857142857142857,"[3, 9, 10, 14, 16]",16,minexplain_interval
15,d15,736,800,test,"[17, 3, 20, 15, 8, 18]","[17, 3, 20, 15, 8, 18, 11, 14, 19, 5]",48,0,10,41.31022821792463,0.29486694677871145,"[3, 5, 8, 11, 14, 15, 17, 18, 19, 20]",17,minexplain_interval
15,d15,800,864,test,"[16, 14, 10, 11, 7, 5]","[16, 14, 10, 11, 7, 5, 9, 3, 12, 18]",60,0,10,47.02932033356897,0.3073815467831695,"[3, 5, 7, 9, 10, 11, 12, 14, 16, 18]",16,minexplain_interval
15,d15,864,928,test,[10],"[10, 3, 16, 9]",28,10,4,14.128948876369128,0.19642857142857142,"[3, 9, 10, 16]",10,minexplain_interval
16,d16,160,224,test,"[11, 10, 16]","[11, 10, 16, 9]",17,2,4,10.844323005861519,0.23214285714285715,"[9, 10, 11, 16]",11,minexplain_interval
16,d16,224,288,test,"[9, 15, 16]","[9, 15, 16]",16,2,3,10.451536762707892,0.16666666666666666,"[9, 15, 16]",9,minexplain_interval
16,d16,288,352,test,"[3, 10, 14, 16, 9]","[3, 10, 14, 16, 9]",22,1,5,16.94974289531728,0.12857142857142856,"[3, 9, 10, 14, 16]",3,minexplain_interval
16,d16,352,416,test,"[10, 9, 5]","[10, 9, 5, 3, 16]",37,1,5,29.18407335118684,0.20357142857142857,"[3, 5, 9, 10, 16]",10,minexplain_interval
16,d16,416,480,test,"[10, 16]","[10, 16, 9]",23,8,3,12.364180160411575,0.14285714285714285,"[9, 10, 16]",10,minexplain_interval
16,d16,480,544,test,"[15, 16, 10, 9]","[15, 16, 10, 9, 3]",31,2,5,21.45975451158492,0.1,"[3, 9, 10, 15, 16]",15,minexplain_interval
16,d16,544,608,test,"[10, 14, 20, 5]","[10, 14, 20, 5, 3, 9, 15, 16]",42,0,8,34.15277458496971,0.18452380952380953,"[3, 5, 9, 10, 14, 15, 16, 20]",10,minexplain_interval
16,d16,608,672,test,"[14, 9, 10]","[14, 9, 10, 3, 15, 16]",26,3,6,16.330306757726742,0.10714285714285714,"[3, 9, 10, 14, 15, 16]",14,minexplain_interval
16,d16,672,736,test,[16],"[16, 9]",13,6,2,5.626425802904512,0.0,"[9, 16]",16,minexplain_interval
16,d16,736,800,test,"[3, 10, 16, 5, 18, 7, 8, 14]","[3, 10, 16, 5, 18, 7, 8, 14, 11, 9, 20, 1]",58,0,12,48.71952898588692,0.2518988054992112,"[1, 3, 5, 7, 8, 9, 10, 11, 14, 16, 18, 20]",3,minexplain_interval
16,d16,800,864,test,"[10, 11, 5, 7, 17]","[10, 11, 5, 7, 17, 16, 9, 3, 14, 1, 12, 8, 18]",68,0,13,54.17566494879789,0.21490774334626728,"[1, 3, 5, 7, 8, 9, 10, 11, 12, 14, 16, 17, 18]",10,minexplain_interval
16,d16,864,928,test,"[10, 16, 14, 15, 5, 7]","[10, 16, 14, 15, 5, 7, 9, 3, 20, 12, 1, 11, 18]",55,0,13,44.865043046717176,0.27860185596376896,"[1, 3, 5, 7, 9, 10, 11, 12, 14, 15, 16, 18, 20]",10,minexplain_interval
17,d17,160,224,test,"[3, 14, 17]","[3, 14, 17, 4, 11]",14,0,5,13.178544033101149,0.02857142857142857,"[3, 4, 11, 14, 17]",3,minexplain_interval
17,d17,224,288,test,"[17, 4, 11, 14]","[17, 4, 11, 14, 3]",36,6,5,22.38498559059974,0.2119047619047619,"[3, 4, 11, 14, 17]",17,minexplain_interval
17,d17,288,352,test,"[11, 9, 17]","[11, 9, 17, 4, 3, 16, 14, 10]",25,0,8,17.410188350304274,0.10119047619047618,"[3, 4, 9, 10, 11, 14, 16, 17]",11,minexplain_interval
17,d17,352,416,test,"[14, 11, 17, 10, 18]","[14, 11, 17, 10, 18, 9, 4, 20, 16, 19, 3]",43,0,11,32.56528732689359,0.19567099567099566,"[3, 4, 9, 10, 11, 14, 16, 17, 18, 19, 20]",14,minexplain_interval
17,d17,416,480,test,"[10, 16, 17, 4, 5, 8]","[10, 16, 17, 4, 5, 8, 9, 11, 14, 3, 20, 19, 18]",53,0,13,43.44484628568752,0.20847877612583493,"[3, 4, 5, 8, 9, 10, 11, 14, 16, 17, 18, 19, 20]",10,minexplain_interval
17,d17,480,544,test,"[10, 14, 16, 7, 12]","[10, 14, 16, 7, 12, 20, 11, 17, 19, 9, 3, 5, 4, 18]",55,0,14,43.49768466315359,0.2472806629283013,"[3, 4, 5, 7, 9, 10, 11, 12, 14, 16, 17, 18, 19, 20]",10,minexplain_interval
17,d17,544,608,test,"[10, 17, 16, 14, 20]","[10, 17, 16, 14, 20, 9, 4, 15, 11, 3]",44,10,10,28.922842162880613,0.14952380952380953,"[3, 4, 9, 10, 11, 14, 15, 16, 17, 20]",10,minexplain_interval
17,d17,608,672,test,"[4, 16, 17, 9, 14, 11]","[4, 16, 17, 9, 14, 11, 3]",33,2,7,27.154430529438585,0.17517006802721086,"[3, 4, 9, 11, 14, 16, 17]",4,minexplain_interval
17,d17,672,736,test,"[14, 4, 17]","[14, 4, 17, 11]",18,1,4,13.900389892371146,0.1875,"[4, 11, 14, 17]",14,minexplain_interval
17,d17,736,800,test,"[3, 17]","[3, 17, 4, 11, 14]",11,0,5,10.184806585462162,0.22380952380952382,"[3, 4, 11, 14, 17]",3,minexplain_interval
17,d17,800,864,test,"[11, 14, 17, 10, 18]","[11, 14, 17, 10, 18, 4, 19, 3, 5]",34,0,9,27.01052626453612,0.27133520074696543,"[3, 4, 5, 10, 11, 14, 17, 18, 19]",11,minexplain_interval
17,d17,864,928,test,"[11, 17]","[11, 17, 3, 14, 4]",10,0,5,9.682392204172343,0.2452380952380952,"[3, 4, 11, 14, 17]",11,minexplain_interval
18,d18,160,224,test,[3],[3],15,8,1,6.324434543794819,0.5,[3],3,minexplain_interval
18,d18,224,288,test,"[18, 5, 12, 19, 7, 10, 13, 1]","[18, 5, 12, 19, 7, 10, 13, 1, 9, 20, 8, 14, 17, 15, 11, 16, 3]",106,0,17,79.64590604273093,0.17253438153311929,"[1, 3, 5, 7, 8, 9, 10, 11, 12, 13, 14, 15, 16, 17, 18, 19, 20]",18,minexplain_interval
18,d18,288,352,test,"[5, 1, 18, 12, 7, 2, 13, 8, 17]","[5, 1, 18, 12, 7, 2, 13, 8, 17, 10, 14, 16, 3, 9, 11, 20, 19]",121,1,17,93.2837167840455,0.16189817983183616,"[1, 2, 3, 5, 7, 8, 9, 10, 11, 12, 13, 14, 16, 17, 18, 19, 20]",5,minexplain_interval
18,d18,352,416,test,"[18, 5, 7, 12, 17, 6, 16]","[18, 5, 7, 12, 17, 6, 16, 10, 1, 13, 4, 9, 8, 20, 14, 2, 11, 19, 3]",139,3,19,114.84781941403766,0.1910361987142594,"[1, 2, 3, 4, 5, 6, 7, 8, 9, 10, 11, 12, 13, 14, 16, 17, 18, 19, 20]",18,minexplain_interval
18,d18,416,480,test,[6],"[6, 21]",89,22,2,41.73570087829115,0.3421052631578947,"[6, 21]",6,minexplain_interval
18,d18,480,544,test,"[6, 21]","[6, 21]",84,22,2,35.712162737154316,0.21052631578947367,"[6, 21]",6,minexplain_interval
18,d18,544,608,test,"[6, 21]","[6, 21, 3]",84,23,3,34.897174315747534,0.31871345029239767,"[3, 6, 21]",6,minexplain_interval
18,d18,608,672,test,"[6, 21]","[6, 21]",84,23,2,35.24641651970776,0.21929824561403508,"[6, 21]",6,minexplain_interval
18,d18,672,736,test,"[6, 21]","[6, 21, 3]",83,22,3,34.93533170744928,0.31871345029239767,"[3, 6, 21]",6,minexplain_interval
18,d18,736,800,test,"[6, 21]","[6, 21, 3]",85,23,3,35.85971462476359,0.31871345029239767,"[3, 6, 21]",6,minexplain_interval
18,d18,800,864,test,"[6, 21]","[6, 21]",85,24,2,34.86455786440971,0.21929824561403508,"[6, 21]",6,minexplain_interval
18,d18,864,928,test,"[6, 21]","[6, 21]",85,21,2,36.867791063050014,0.21052631578947367,"[6, 21]",6,minexplain_interval
19,d19,160,224,test,"[19, 11]","[19, 11, 9, 16]",16,0,4,9.996426265271316,0.125,"[9, 11, 16, 19]",19,minexplain_interval
19,d19,224,288,test,"[14, 19, 9]","[14, 19, 9, 16, 3, 11, 10]",13,0,7,10.197112961574742,0.28741496598639454,"[3, 9, 10, 11, 14, 16, 19]",14,minexplain_interval
19,d19,288,352,test,"[11, 19, 3]","[11, 19, 3, 14]",25,6,4,14.6772314115655,0.425,"[3, 11, 14, 19]",11,minexplain_interval
19,d19,352,416,test,"[14, 19]","[14, 19, 11]",8,0,3,6.271726287795417,0.2333333333333333,"[11, 14, 19]",14,minexplain_interval
19,d19,416,480,test,"[14, 19]","[14, 19, 11]",9,1,3,6.62057282857573,0.31666666666666665,"[11, 14, 19]",14,minexplain_interval
19,d19,480,544,test,"[19, 14]","[19, 14, 11]",7,0,3,6.340791493714006,0.31666666666666665,"[11, 14, 19]",19,minexplain_interval
19,d19,544,608,test,"[19, 14]","[19, 14, 11, 3]",13,0,4,9.341128324189372,0.22916666666666666,"[3, 11, 14, 19]",19,minexplain_interval
19,d19,608,672,test,"[14, 19, 17]","[14, 19, 17, 3, 11]",20,0,5,13.069896584700485,0.1757142857142857,"[3, 11, 14, 17, 19]",14,minexplain_interval
19,d19,672,736,test,"[14, 19, 11]","[14, 19, 11, 3]",16,4,4,9.01888614966323,0.2791666666666667,"[3, 11, 14, 19]",14,minexplain_interval
19,d19,736,800,test,"[19, 11, 14, 9]","[19, 11, 14, 9, 16]",20,2,5,14.930269015461997,0.24,"[9, 11, 14, 16, 19]",19,minexplain_interval
19,d19,800,864,test,"[19, 14, 9]","[19, 14, 9, 16, 3, 11]",15,1,6,11.267379099572565,0.38055555555555554,"[3, 9, 11, 14, 16, 19]",19,minexplain_interval
19,d19,864,928,test,"[19, 11, 14]","[19, 11, 14, 3]",21,2,4,15.234239930210382,0.425,"[3, 11, 14, 19]",19,minexplain_interval
20,d20,160,224,test,[3],[3],2,0,1,2.4822380053003243,0.5,[3],3,minexplain_interval
20,d20,224,288,test,"[20, 9, 10, 15, 14, 5]","[20, 9, 10, 15, 14, 5, 16, 3]",37,0,8,30.451342766036497,0.2376488095238095,"[3, 5, 9, 10, 14, 15, 16, 20]",20,minexplain_interval
20,d20,288,352,test,"[16, 5, 10, 20, 12, 7, 8]","[16, 5, 10, 20, 12, 7, 8, 9, 3, 13, 18, 1, 14, 11]",60,0,14,49.10287030458247,0.24117876069875108,"[1, 3, 5, 7, 8, 9, 10, 11, 12, 13, 14, 16, 18, 20]",16,minexplain_interval
20,d20,352,416,test,"[20, 3, 10, 5]","[20, 3, 10, 5, 9, 14, 16, 11]",34,0,8,25.682431962708755,0.3063988095238095,"[3, 5, 9, 10, 11, 14, 16, 20]",20,minexplain_interval
20,d20,416,480,test,"[15, 20]","[15, 20, 3]",29,6,3,18.901639064716928,0.2333333333333333,"[3, 15, 20]",15,minexplain_interval
20,d20,480,544,test,"[3, 9, 20, 10, 7, 18]","[3, 9, 20, 10, 7, 18, 16, 19, 14, 5]",52,0,10,42.562185068616316,0.3297394475031392,"[3, 5, 7, 9, 10, 14, 16, 18, 19, 20]",3,minexplain_interval
20,d20,544,608,test,"[14, 10, 20, 5]","[14, 10, 20, 5, 9, 16, 3]",43,0,7,35.30008655949906,0.20833333333333331,"[3, 5, 9, 10, 14, 16, 20]",14,minexplain_interval
20,d20,608,672,test,"[9, 20, 15, 10]","[9, 20, 15, 10, 16, 14, 3]",28,0,7,22.777529604138106,0.2897959183673469,"[3, 9, 10, 14, 15, 16, 20]",9,minexplain_interval
20,d20,672,736,test,[20],[20],13,3,1,8.91728881911476,0.2,[20],20,minexplain_interval
20,d20,736,800,test,"[20, 3, 14]","[20, 3, 14]",29,5,3,19.442128428525372,0.3333333333333333,"[3, 14, 20]",20,minexplain_interval
20,d20,800,864,test,"[15, 10, 20, 9]","[15, 10, 20, 9, 3, 16]",39,7,6,22.952019885568266,0.14761904761904762,"[3, 9, 10, 15, 16, 20]",15,minexplain_interval
20,d20,864,928,test,"[16, 20, 10, 9, 7]","[16, 20, 10, 9, 7, 3, 14]",48,0,7,33.99039511479881,0.1701618578465869,"[3, 7, 9, 10, 14, 16, 20]",16,minexplain_interval
21,d21,160,224,test,"[21, 15]","[21, 15]",5,1,2,3.8157582310241334,0.16666666666666666,"[15, 21]",21,minexplain_interval
21,d21,224,288,test,"[21, 15]","[21, 15, 3]",5,0,3,4.01461049552368,0.16666666666666666,"[3, 15, 21]",21,minexplain_interval
21,d21,288,352,test,"[21, 3]","[21, 3]",12,6,2,5.109889846924448,0.41666666666666663,"[3, 21]",21,minexplain_interval
21,d21,352,416,test,"[21, 3]","[21, 3]",15,4,2,9.25013343642735,0.41666666666666663,"[3, 21]",21,minexplain_interval
21,d21,416,480,test,[21],[21],27,19,1,3.6923068917038036,0.3333333333333333,[21],21,minexplain_interval
21,d21,480,544,test,"[21, 15]","[21, 15]",13,5,2,7.854469209436815,0.16666666666666666,"[15, 21]",21,minexplain_interval
21,d21,544,608,test,"[21, 15]","[21, 15]",14,5,2,7.575962695230349,0.16666666666666666,"[15, 21]",21,minexplain_interval
21,d21,608,672,test,"[15, 11]","[15, 11, 19]",20,7,3,10.251011670179862,0.21666666666666667,"[11, 15, 19]",15,minexplain_interval
21,d21,672,736,test,"[15, 21]","[15, 21]",20,7,2,10.134050533856666,0.16666666666666666,"[15, 21]",15,minexplain_interval
21,d21,736,800,test,"[21, 15]","[21, 15]",24,12,2,9.8383429715711,0.16666666666666666,"[15, 21]",21,minexplain_interval
21,d21,800,864,test,"[21, 15]","[21, 15]",22,9,2,11.328970257743189,0.16666666666666666,"[15, 21]",21,minexplain_interval
21,d21,864,928,test,"[21, 15, 14, 11]","[21, 15, 14, 11, 3, 19]",28,9,6,17.023836120661148,0.37222222222222223,"[3, 11, 14, 15, 19, 21]",21,minexplain_interval
0,d00,0,64,test,[],[-1],5,5,0,0.0,0.0,[],-1,aec_adapted_raw_temporal
0,d00,64,128,test,[15],[15],7,4,1,1.6231083840516904,0.0,[15],15,aec_adapted_raw_temporal
0,d00,128,192,test,[],[-1],10,10,0,0.0,0.0,[],-1,aec_adapted_raw_temporal
0,d00,192,256,test,[15],[15],7,4,1,1.544739405471841,0.0,[15],15,aec_adapted_raw_temporal
0,d00,256,320,test,[],[-1],15,15,0,0.0,0.0,[],-1,aec_adapted_raw_temporal
0,d00,320,384,test,[3],[3],3,2,1,0.5689813279370568,0.5,[3],3,aec_adapted_raw_temporal
0,d00,384,448,test,[3],[3],9,3,1,3.712442254767974,0.5,[3],3,aec_adapted_raw_temporal
0,d00,448,512,test,[15],[15],9,2,1,3.23986506809187,0.0,[15],15,aec_adapted_raw_temporal
0,d00,512,576,test,"[3, 14]","[3, 14]",21,7,2,8.647522966208916,0.25,"[3, 14]",3,aec_adapted_raw_temporal
0,d00,576,640,test,[15],[15],8,1,1,4.142592555053636,0.0,[15],15,aec_adapted_raw_temporal
0,d00,640,704,test,[3],[3],8,4,1,1.9111980716373078,0.5,[3],3,aec_adapted_raw_temporal
0,d00,704,768,test,[3],[3],20,16,1,2.703264406096087,0.5,[3],3,aec_adapted_raw_temporal
0,d00,768,832,test,"[3, 11, 16, 9, 10]","[3, 11, 16, 9, 10]",28,4,5,16.14670932525896,0.2857142857142857,"[3, 9, 10, 11, 16]",3,aec_adapted_raw_temporal
0,d00,832,896,test,"[3, 9, 16, 10]","[3, 9, 16, 10]",25,5,4,10.717965501045358,0.19642857142857142,"[3, 9, 10, 16]",3,aec_adapted_raw_temporal
0,d00,896,960,test,"[16, 9]","[16, 9]",5,0,2,3.11139055876094,0.25,"[9, 16]",16,aec_adapted_raw_temporal
1,d01,160,224,test,"[9, 3, 16, 11, 14, 20, 10, 6, 7, 1]","[9, 3, 16, 11, 14, 20, 10, 6, 7, 1, 13, 12, 8, 5, 18]",100,0,15,80.52365772263494,0.16203404340935038,"[1, 3, 5, 6, 7, 8, 9, 10, 11, 12, 13, 14, 16, 18, 20]",9,aec_adapted_raw_temporal
1,d01,224,288,test,"[4, 9, 3, 16, 11, 15, 17, 20, 14, 10, 1, 18]","[4, 9, 3, 16, 11, 15, 17, 20, 14, 10, 1, 18, 5, 12, 13, 7, 8]",105,0,17,83.1123794119268,0.20155903863216454,"[1, 3, 4, 5, 7, 8, 9, 10, 11, 12, 13, 14, 15, 16, 17, 18, 20]",4,aec_adapted_raw_temporal
1,d01,288,352,test,"[9, 19, 15, 3, 16, 11, 17, 20, 14, 10, 1]","[9, 19, 15, 3, 16, 11, 17, 20, 14, 10, 1, 5, 8, 13, 7, 18, 12]",87,0,17,66.21317993619772,0.2448175568196417,"[1, 3, 5, 7, 8, 9, 10, 11, 12, 13, 14, 15, 16, 17, 18, 19, 20]",9,aec_adapted_raw_temporal
1,d01,352,416,test,"[9, 3, 15, 16, 20, 11, 14, 10, 7, 1]","[9, 3, 15, 16, 20, 11, 14, 10, 7, 1, 5, 13, 12, 8, 18]",96,0,15,73.47944004443895,0.1587125401140027,"[1, 3, 5, 7, 8, 9, 10, 11, 12, 13, 14, 15, 16, 18, 20]",9,aec_adapted_raw_temporal
1,d01,416,480,test,"[9, 3, 16, 11, 15, 14, 10, 7, 1]","[9, 3, 16, 11, 15, 14, 10, 7, 1, 5, 18, 12]",63,0,12,45.17046687370583,0.21388596331547652,"[1, 3, 5, 7, 9, 10, 11, 12, 14, 15, 16, 18]",9,aec_adapted_raw_temporal
1,d01,480,544,test,"[9, 16, 3, 15, 10, 1]","[9, 16, 3, 15, 10, 1, 5]",40,2,7,24.447076613049102,0.24617346938775508,"[1, 3, 5, 9, 10, 15, 16]",9,aec_adapted_raw_temporal
1,d01,544,608,test,[15],[15],30,18,1,7.135092637087228,0.0,[15],15,aec_adapted_raw_temporal
1,d01,608,672,test,"[15, 3]","[15, 3]",23,17,2,3.1276807561628788,0.25,"[3, 15]",15,aec_adapted_raw_temporal
1,d01,672,736,test,"[3, 9, 15, 16, 10]","[3, 9, 15, 16, 10]",40,7,5,21.06793758837004,0.22857142857142856,"[3, 9, 10, 15, 16]",3,aec_adapted_raw_temporal
1,d01,736,800,test,[15],[15],15,12,1,1.8856888367533333,0.0,[15],15,aec_adapted_raw_temporal
1,d01,800,864,test,"[3, 15]","[3, 15]",34,19,2,10.185513152079793,0.25,"[3, 15]",3,aec_adapted_raw_temporal
1,d01,864,928,test,"[9, 3, 15, 16, 10, 5, 18]","[9, 3, 15, 16, 10, 5, 18, 1]",47,0,8,31.455944184785686,0.23697916666666669,"[1, 3, 5, 9, 10, 15, 16, 18]",9,aec_adapted_raw_temporal
2,d02,160,224,test,"[3, 20, 11, 14, 10, 1, 5, 12, 2]","[3, 20, 11, 14, 10, 1, 5, 12, 2, 8, 7, 18]",70,2,12,51.884785657767,0.43563757841775086,"[1, 2, 3, 5, 7, 8, 10, 11, 12, 14, 18, 20]",3,aec_adapted_raw_temporal
2,d02,224,288,test,"[4, 9, 3, 16, 10, 2, 7]","[4, 9, 3, 16, 10, 2, 7, 5, 13, 12, 18, 8, 1]",90,0,13,66.48967958746559,0.2517322274865122,"[1, 2, 3, 4, 5, 7, 8, 9, 10, 12, 13, 16, 18]",4,aec_adapted_raw_temporal
2,d02,288,352,test,"[4, 3, 2]","[4, 3, 2]",48,3,3,31.805556045315655,0.20476190476190478,"[2, 3, 4]",4,aec_adapted_raw_temporal
2,d02,352,416,test,"[9, 4, 3, 16, 2]","[9, 4, 3, 16, 2]",59,6,5,35.72732125168089,0.24,"[2, 3, 4, 9, 16]",9,aec_adapted_raw_temporal
2,d02,416,480,test,"[4, 2]","[4, 2]",41,0,2,25.568593170916262,0.17142857142857143,"[2, 4]",4,aec_adapted_raw_temporal
2,d02,480,544,test,"[4, 2]","[4, 2]",33,1,2,21.695690830878043,0.17142857142857143,"[2, 4]",4,aec_adapted_raw_temporal
2,d02,544,608,test,"[4, 2]","[4, 2]",33,3,2,19.208825645663175,0.17142857142857143,"[2, 4]",4,aec_adapted_raw_temporal
2,d02,608,672,test,"[4, 2]","[4, 2]",34,1,2,22.355659719667432,0.17142857142857143,"[2, 4]",4,aec_adapted_raw_temporal
2,d02,672,736,test,"[4, 3, 2]","[4, 3, 2]",37,1,3,23.828409708798127,0.2523809523809524,"[2, 3, 4]",4,aec_adapted_raw_temporal
2,d02,736,800,test,"[4, 3, 2]","[4, 3, 2]",38,2,3,24.6043645845155,0.28095238095238095,"[2, 3, 4]",4,aec_adapted_raw_temporal
2,d02,800,864,test,"[4, 3, 17, 14, 2]","[4, 3, 17, 14, 2]",44,0,5,30.096834425953997,0.24285714285714283,"[2, 3, 4, 14, 17]",4,aec_adapted_raw_temporal
2,d02,864,928,test,"[4, 19, 17, 11, 14, 2]","[4, 19, 17, 11, 14, 2]",37,0,6,24.480050730252454,0.29642857142857143,"[2, 4, 11, 14, 17, 19]",4,aec_adapted_raw_temporal
3,d03,160,224,test,"[9, 16, 3, 10, 5]","[9, 16, 3, 10, 5]",31,0,5,18.884820040529434,0.2202380952380952,"[3, 5, 9, 10, 16]",9,aec_adapted_raw_temporal
3,d03,224,288,test,"[3, 11, 14]","[3, 11, 14]",19,0,3,11.754888051935572,0.5,"[3, 11, 14]",3,aec_adapted_raw_temporal
3,d03,288,352,test,[3],[3],16,9,1,4.757963542630849,0.5,[3],3,aec_adapted_raw_temporal
3,d03,352,416,test,[],[-1],7,7,0,0.0,0.0,[],-1,aec_adapted_raw_temporal
3,d03,416,480,test,[3],[3],7,3,1,2.5776249037950656,0.5,[3],3,aec_adapted_raw_temporal
3,d03,480,544,test,"[3, 14, 5]","[3, 14, 5]",24,2,3,14.393643295371374,0.27777777777777773,"[3, 5, 14]",3,aec_adapted_raw_temporal
3,d03,544,608,test,"[9, 16, 3, 11, 20, 14, 10, 5]","[9, 16, 3, 11, 20, 14, 10, 5, 15]",33,0,9,20.196878008367673,0.3492063492063492,"[3, 5, 9, 10, 11, 14, 15, 16, 20]",9,aec_adapted_raw_temporal
3,d03,608,672,test,[15],[15],24,9,1,9.57637999173379,0.0,[15],15,aec_adapted_raw_temporal
3,d03,672,736,test,[3],[3],7,4,1,1.5748642858598254,0.5,[3],3,aec_adapted_raw_temporal
3,d03,736,800,test,[],[-1],16,16,0,0.0,0.0,[],-1,aec_adapted_raw_temporal
3,d03,800,864,test,"[3, 11, 14]","[3, 11, 14]",13,4,3,4.465092095163252,0.19444444444444442,"[3, 11, 14]",3,aec_adapted_raw_temporal
3,d03,864,928,test,"[9, 16]","[9, 16]",14,8,2,3.2097957667087074,0.25,"[9, 16]",9,aec_adapted_raw_temporal
4,d04,160,224,test,"[4, 3, 14, 11]","[4, 3, 14, 11]",13,1,4,7.263627269730536,0.3125,"[3, 4, 11, 14]",4,aec_adapted_raw_temporal
4,d04,224,288,test,"[4, 3, 14, 10]","[4, 3, 14, 10]",34,1,4,19.536082917823347,0.23214285714285715,"[3, 4, 10, 14]",4,aec_adapted_raw_temporal
4,d04,288,352,test,"[3, 9, 4, 16, 14, 10]","[3, 9, 4, 16, 14, 10]",32,0,6,16.394535454499362,0.08333333333333333,"[3, 4, 9, 10, 14, 16]",3,aec_adapted_raw_temporal
4,d04,352,416,test,[4],[4],10,9,1,0.48344880247001837,0.0,[4],4,aec_adapted_raw_temporal
4,d04,416,480,test,"[4, 3]","[4, 3]",16,5,2,5.447300678734866,0.25,"[3, 4]",4,aec_adapted_raw_temporal
4,d04,480,544,test,[4],[4],22,21,1,0.6475798605802656,0.0,[4],4,aec_adapted_raw_temporal
4,d04,544,608,test,"[4, 3]","[4, 3]",11,3,2,3.7038061954018424,0.25,"[3, 4]",4,aec_adapted_raw_temporal
4,d04,608,672,test,[4],[4],11,8,1,0.9929408333216663,0.0,[4],4,aec_adapted_raw_temporal
4,d04,672,736,test,"[3, 4]","[3, 4]",15,5,2,5.921557347860514,0.25,"[3, 4]",3,aec_adapted_raw_temporal
4,d04,736,800,test,"[4, 3, 16, 9]","[4, 3, 16, 9]",9,1,4,5.135551392622729,0.25,"[3, 4, 9, 16]",4,aec_adapted_raw_temporal
4,d04,800,864,test,"[3, 4]","[3, 4]",9,2,2,4.135191405213208,0.25,"[3, 4]",3,aec_adapted_raw_temporal
4,d04,864,928,test,"[4, 9, 3, 16]","[4, 9, 3, 16]",11,0,4,5.599780126603365,0.25,"[3, 4, 9, 16]",4,aec_adapted_raw_temporal
5,d05,160,224,test,"[9, 3, 19, 16, 11, 17, 20, 14, 10, 8, 7, 5]","[9, 3, 19, 16, 11, 17, 20, 14, 10, 8, 7, 5, 1, 15, 13, 18, 12]",82,0,17,65.42839195370875,0.20444792599517572,"[1, 3, 5, 7, 8, 9, 10, 11, 12, 13, 14, 15, 16, 17, 18, 19, 20]",9,aec_adapted_raw_temporal
5,d05,224,288,test,"[9, 3, 16, 20, 14, 11, 10, 7, 8, 5, 1]","[9, 3, 16, 20, 14, 11, 10, 7, 8, 5, 1, 12, 13, 18]",110,2,14,83.40523005375084,0.13907838718343685,"[1, 3, 5, 7, 8, 9, 10, 11, 12, 13, 14, 16, 18, 20]",9,aec_adapted_raw_temporal
5,d05,288,352,test,"[9, 3, 16, 11, 14, 17, 10, 5, 1, 18]","[9, 3, 16, 11, 14, 17, 10, 5, 1, 18, 7, 12, 13, 8]",66,0,14,49.63782694649141,0.30062572111072544,"[1, 3, 5, 7, 8, 9, 10, 11, 12, 13, 14, 16, 17, 18]",9,aec_adapted_raw_temporal
5,d05,352,416,test,"[19, 3, 11, 20, 14, 10, 5]","[19, 3, 11, 20, 14, 10, 5, 1, 18]",50,0,9,32.5122025203718,0.4189153439153439,"[1, 3, 5, 10, 11, 14, 18, 19, 20]",19,aec_adapted_raw_temporal
5,d05,416,480,test,"[3, 11, 14, 20]","[3, 11, 14, 20]",37,7,4,21.173341051275862,0.45,"[3, 11, 14, 20]",3,aec_adapted_raw_temporal
5,d05,480,544,test,[],[-1],22,22,0,0.0,0.0,[],-1,aec_adapted_raw_temporal
5,d05,544,608,test,[3],[3],8,3,1,3.2701732417852387,0.5,[3],3,aec_adapted_raw_temporal
5,d05,608,672,test,[],[-1],12,12,0,0.0,0.0,[],-1,aec_adapted_raw_temporal
5,d05,672,736,test,[3],[3],12,9,1,1.8911579967211116,0.5,[3],3,aec_adapted_raw_temporal
5,d05,736,800,test,[3],[3],7,3,1,2.493190047352731,0.5,[3],3,aec_adapted_raw_temporal
5,d05,800,864,test,[3],[3],10,7,1,2.2004894085791085,0.5,[3],3,aec_adapted_raw_temporal
5,d05,864,928,test,"[3, 9, 16]","[3, 9, 16]",10,2,3,4.282410304956552,0.3333333333333333,"[3, 9, 16]",3,aec_adapted_raw_temporal
6,d06,160,224,test,"[9, 3, 16, 14, 20, 10, 2, 8, 12, 6]","[9, 3, 16, 14, 20, 10, 2, 8, 12, 6, 1, 5, 7, 13, 18]",90,0,15,70.32777922875113,0.2865705279738588,"[1, 2, 3, 5, 6, 7, 8, 9, 10, 12, 13, 14, 16, 18, 20]",9,aec_adapted_raw_temporal
6,d06,224,288,test,"[9, 3, 19, 16, 11, 20, 17, 14, 10, 5, 6, 1, 13]","[9, 3, 19, 16, 11, 20, 17, 14, 10, 5, 6, 1, 13, 18, 12, 7, 8]",108,0,17,85.76915340060734,0.16983213393593388,"[1, 3, 5, 6, 7, 8, 9, 10, 11, 12, 13, 14, 16, 17, 18, 19, 20]",9,aec_adapted_raw_temporal
6,d06,288,352,test,"[4, 21, 6]","[4, 21, 6]",84,1,3,44.53635192365904,0.12280701754385964,"[4, 6, 21]",4,aec_adapted_raw_temporal
6,d06,352,416,test,"[4, 21, 6]","[4, 21, 6]",86,2,3,43.5659164548115,0.12280701754385964,"[4, 6, 21]",4,aec_adapted_raw_temporal
6,d06,416,480,test,"[4, 21, 6]","[4, 21, 6]",85,3,3,43.339644366467,0.13450292397660818,"[4, 6, 21]",4,aec_adapted_raw_temporal
6,d06,480,544,test,"[3, 4, 21, 6]","[3, 4, 21, 6]",86,4,4,43.31366379842622,0.1557017543859649,"[3, 4, 6, 21]",3,aec_adapted_raw_temporal
6,d06,544,608,test,"[4, 21, 6]","[4, 21, 6]",83,2,3,42.45207872142955,0.04093567251461988,"[4, 6, 21]",4,aec_adapted_raw_temporal
6,d06,608,672,test,"[4, 21, 6]","[4, 21, 6]",81,2,3,41.349062912667826,0.04093567251461988,"[4, 6, 21]",4,aec_adapted_raw_temporal
6,d06,672,736,test,"[4, 21, 6]","[4, 21, 6]",83,3,3,41.28363022309264,0.03508771929824561,"[4, 6, 21]",4,aec_adapted_raw_temporal
6,d06,736,800,test,"[3, 4, 21, 6]","[3, 4, 21, 6]",83,2,4,42.697044900813744,0.1513157894736842,"[3, 4, 6, 21]",3,aec_adapted_raw_temporal
6,d06,800,864,test,"[4, 21, 6]","[4, 21, 6]",84,2,3,42.829775840744716,0.03508771929824561,"[4, 6, 21]",4,aec_adapted_raw_temporal
6,d06,864,928,test,"[3, 4, 21, 6]","[3, 4, 21, 6]",82,2,4,41.42318038229934,0.1557017543859649,"[3, 4, 6, 21]",3,aec_adapted_raw_temporal
7,d07,160,224,test,"[4, 9, 19, 3, 16, 11, 15, 20, 17, 14, 10, 5, 1, 12, 13]","[4, 9, 19, 3, 16, 11, 15, 20, 17, 14, 10, 5, 1, 12, 13, 7, 8, 18]",105,0,18,85.72303588674572,0.1767032420643502,"[1, 3, 4, 5, 7, 8, 9, 10, 11, 12, 13, 14, 15, 16, 17, 18, 19, 20]",4,aec_adapted_raw_temporal
7,d07,224,288,test,"[9, 3, 19, 16, 11, 20, 14, 17, 10, 5, 7, 13]","[9, 3, 19, 16, 11, 20, 14, 17, 10, 5, 7, 13, 8, 1, 12, 18]",112,0,16,90.75924689693254,0.19501304666428904,"[1, 3, 5, 7, 8, 9, 10, 11, 12, 13, 14, 16, 17, 18, 19, 20]",9,aec_adapted_raw_temporal
7,d07,288,352,test,"[9, 3, 16, 11, 20, 14, 17, 10, 2, 5, 8]","[9, 3, 16, 11, 20, 14, 17, 10, 2, 5, 8, 1, 7, 12, 13, 18]",93,0,16,75.22792345027634,0.24476748883100635,"[1, 2, 3, 5, 7, 8, 9, 10, 11, 12, 13, 14, 16, 17, 18, 20]",9,aec_adapted_raw_temporal
7,d07,352,416,test,"[9, 19, 16, 3, 11, 15, 20, 14, 10, 1, 7]","[9, 19, 16, 3, 11, 15, 20, 14, 10, 1, 7, 5, 12, 8, 18]",83,0,15,63.896624243933005,0.2545684454153014,"[1, 3, 5, 7, 8, 9, 10, 11, 12, 14, 15, 16, 18, 19, 20]",9,aec_adapted_raw_temporal
7,d07,416,480,test,"[9, 16, 3, 15, 20, 14, 10, 1, 5, 18]","[9, 16, 3, 15, 20, 14, 10, 1, 5, 18, 8, 12]",65,1,12,45.168964705248506,0.2638480392156863,"[1, 3, 5, 8, 9, 10, 12, 14, 15, 16, 18, 20]",9,aec_adapted_raw_temporal
7,d07,480,544,test,"[9, 15, 16, 11, 10, 5]","[9, 15, 16, 11, 10, 5]",42,0,6,26.044830807104404,0.21428571428571427,"[5, 9, 10, 11, 15, 16]",9,aec_adapted_raw_temporal
7,d07,544,608,test,"[9, 3, 16, 20, 15, 10]","[9, 3, 16, 20, 15, 10]",34,6,6,16.080707842808835,0.16666666666666666,"[3, 9, 10, 15, 16, 20]",9,aec_adapted_raw_temporal
7,d07,608,672,test,"[16, 9, 10]","[16, 9, 10]",28,3,3,15.893686783333733,0.14285714285714285,"[9, 10, 16]",16,aec_adapted_raw_temporal
7,d07,672,736,test,[],[-1],7,7,0,0.0,0.0,[],-1,aec_adapted_raw_temporal
7,d07,736,800,test,[3],[3],10,4,1,3.398781440930474,0.5,[3],3,aec_adapted_raw_temporal
7,d07,800,864,test,[3],[3],4,1,1,1.8387503976310497,0.5,[3],3,aec_adapted_raw_temporal
7,d07,864,928,test,[3],[3],3,2,1,0.45450100672626503,0.5,[3],3,aec_adapted_raw_temporal
8,d08,160,224,test,"[9, 16, 19, 3, 20, 11, 14, 10, 1, 5, 12, 8]","[9, 16, 19, 3, 20, 11, 14, 10, 1, 5, 12, 8, 18, 7]",66,0,14,50.10831571992856,0.389676493939751,"[1, 3, 5, 7, 8, 9, 10, 11, 12, 14, 16, 18, 19, 20]",9,aec_adapted_raw_temporal
8,d08,224,288,test,"[9, 3, 16, 14, 20, 11, 10, 1, 12, 13]","[9, 3, 16, 14, 20, 11, 10, 1, 12, 13, 8, 5, 7, 18]",93,0,14,75.36946213232567,0.21467805885442268,"[1, 3, 5, 7, 8, 9, 10, 11, 12, 13, 14, 16, 18, 20]",9,aec_adapted_raw_temporal
8,d08,288,352,test,"[4, 9, 3, 19, 16, 11, 17, 20, 14, 10, 2, 5, 12, 13]","[4, 9, 3, 19, 16, 11, 17, 20, 14, 10, 2, 5, 12, 13, 7, 1, 8, 18]",107,0,18,86.3166411356605,0.1972696891280749,"[1, 2, 3, 4, 5, 7, 8, 9, 10, 11, 12, 13, 14, 16, 17, 18, 19, 20]",4,aec_adapted_raw_temporal
8,d08,352,416,test,"[9, 19, 3, 16, 11, 20, 17, 14, 10, 5, 8]","[9, 19, 3, 16, 11, 20, 17, 14, 10, 5, 8, 1, 12, 7, 13, 18]",96,0,16,77.20851304523946,0.22335054362384352,"[1, 3, 5, 7, 8, 9, 10, 11, 12, 13, 14, 16, 17, 18, 19, 20]",9,aec_adapted_raw_temporal
8,d08,416,480,test,"[9, 19, 3, 16, 11, 20, 17, 14, 10, 5, 12, 18]","[9, 19, 3, 16, 11, 20, 17, 14, 10, 5, 12, 18, 8, 13, 1, 7]",103,0,16,83.42227362597217,0.2229528602502707,"[1, 3, 5, 7, 8, 9, 10, 11, 12, 13, 14, 16, 17, 18, 19, 20]",9,aec_adapted_raw_temporal
8,d08,480,544,test,"[9, 3, 16, 19, 11, 20, 14, 17, 10, 2, 5, 7, 1, 12]","[9, 3, 16, 19, 11, 20, 14, 17, 10, 2, 5, 7, 1, 12, 13, 8, 18]",115,0,17,94.10362963481663,0.18563779467162117,"[1, 2, 3, 5, 7, 8, 9, 10, 11, 12, 13, 14, 16, 17, 18, 19, 20]",9,aec_adapted_raw_temporal
8,d08,544,608,test,"[3, 9, 16, 15, 11, 20, 17, 10, 5, 1, 12]","[3, 9, 16, 15, 11, 20, 17, 10, 5, 1, 12, 7, 8, 13, 18, 14]",93,0,16,73.92246118779663,0.17959286185505893,"[1, 3, 5, 7, 8, 9, 10, 11, 12, 13, 14, 15, 16, 17, 18, 20]",3,aec_adapted_raw_temporal
8,d08,608,672,test,"[9, 19, 16, 3, 11, 15, 17, 20, 14, 10, 1, 5, 8]","[9, 19, 16, 3, 11, 15, 17, 20, 14, 10, 1, 5, 8, 7, 12, 13, 18]",94,0,17,73.01839611725619,0.17698146992493854,"[1, 3, 5, 7, 8, 9, 10, 11, 12, 13, 14, 15, 16, 17, 18, 19, 20]",9,aec_adapted_raw_temporal
8,d08,672,736,test,"[9, 19, 15, 3, 16, 11, 20, 14, 17, 10, 5, 1, 7]","[9, 19, 15, 3, 16, 11, 20, 14, 17, 10, 5, 1, 7, 8, 12, 13, 18]",79,0,17,61.22366695710254,0.23142328943797177,"[1, 3, 5, 7, 8, 9, 10, 11, 12, 13, 14, 15, 16, 17, 18, 19, 20]",9,aec_adapted_raw_temporal
8,d08,736,800,test,"[3, 9, 16, 15, 11, 14, 10, 1, 13]","[3, 9, 16, 15, 11, 14, 10, 1, 13, 5, 7, 12, 2, 8, 18]",80,0,15,61.336136414384654,0.2379536709746489,"[1, 2, 3, 5, 7, 8, 9, 10, 11, 12, 13, 14, 15, 16, 18]",3,aec_adapted_raw_temporal
8,d08,800,864,test,"[9, 19, 3, 16, 11, 20, 14, 17, 10, 2, 13, 1]","[9, 19, 3, 16, 11, 20, 14, 17, 10, 2, 13, 1, 5, 12, 18, 7, 8]",83,0,17,63.15083600449754,0.23618542911987042,"[1, 2, 3, 5, 7, 8, 9, 10, 11, 12, 13, 14, 16, 17, 18, 19, 20]",9,aec_adapted_raw_temporal
8,d08,864,928,test,"[9, 16, 3, 19, 11, 15, 20, 14, 10, 5, 1, 12]","[9, 16, 3, 19, 11, 15, 20, 14, 10, 5, 1, 12, 7, 13, 8, 18]",98,0,16,78.73967541770523,0.22144413018767467,"[1, 3, 5, 7, 8, 9, 10, 11, 12, 13, 14, 15, 16, 18, 19, 20]",9,aec_adapted_raw_temporal
9,d09,160,224,test,"[9, 16, 3, 20, 10]","[9, 16, 3, 20, 10, 14, 5]",25,0,7,14.913205276047917,0.32653061224489793,"[3, 5, 9, 10, 14, 16, 20]",9,aec_adapted_raw_temporal
9,d09,224,288,test,"[15, 3]","[15, 3]",10,2,2,5.094397340803323,0.25,"[3, 15]",15,aec_adapted_raw_temporal
9,d09,288,352,test,[3],[3],8,0,1,5.654953179602689,0.5,[3],3,aec_adapted_raw_temporal
9,d09,352,416,test,[15],[15],18,6,1,7.7801414387799825,0.0,[15],15,aec_adapted_raw_temporal
9,d09,416,480,test,"[3, 15, 14]","[3, 15, 14]",20,4,3,9.001749204447949,0.16666666666666666,"[3, 14, 15]",3,aec_adapted_raw_temporal
9,d09,480,544,test,"[15, 11]","[15, 11]",14,4,2,5.26163568042613,0.25,"[11, 15]",15,aec_adapted_raw_temporal
9,d09,544,608,test,"[3, 15]","[3, 15]",13,5,2,4.626324192795817,0.25,"[3, 15]",3,aec_adapted_raw_temporal
9,d09,608,672,test,[11],[11],20,7,1,9.52604182293607,0.5,[11],11,aec_adapted_raw_temporal
9,d09,672,736,test,[15],[15],16,7,1,5.3716406544788855,0.0,[15],15,aec_adapted_raw_temporal
9,d09,736,800,test,[3],[3],18,13,1,2.964656369928183,0.5,[3],3,aec_adapted_raw_temporal
9,d09,800,864,test,"[3, 20, 15, 10, 14, 5]","[3, 20, 15, 10, 14, 5]",29,1,6,16.598910055083337,0.4047619047619048,"[3, 5, 10, 14, 15, 20]",3,aec_adapted_raw_temporal
9,d09,864,928,test,"[9, 16, 3, 20, 10, 5]","[9, 16, 3, 20, 10, 5]",35,1,6,22.1679916929938,0.2501984126984127,"[3, 5, 9, 10, 16, 20]",9,aec_adapted_raw_temporal
10,d10,160,224,test,"[16, 3, 20, 15, 14, 10, 5]","[16, 3, 20, 15, 14, 10, 5, 19]",41,0,8,28.077261133455373,0.37217261904761906,"[3, 5, 10, 14, 15, 16, 19, 20]",16,aec_adapted_raw_temporal
10,d10,224,288,test,"[9, 3, 16, 14, 11, 10, 5]","[9, 3, 16, 14, 11, 10, 5]",53,0,7,34.41518619920108,0.10119047619047619,"[3, 5, 9, 10, 11, 14, 16]",9,aec_adapted_raw_temporal
10,d10,288,352,test,"[9, 3, 16, 10]","[9, 3, 16, 10]",31,5,4,18.172949713555663,0.1607142857142857,"[3, 9, 10, 16]",9,aec_adapted_raw_temporal
10,d10,352,416,test,"[3, 9, 16, 11, 14]","[3, 9, 16, 11, 14, 10, 5]",33,0,7,19.962089929641905,0.19047619047619047,"[3, 5, 9, 10, 11, 14, 16]",3,aec_adapted_raw_temporal
10,d10,416,480,test,"[9, 16]","[9, 16]",4,1,2,1.9859945673644421,0.25,"[9, 16]",9,aec_adapted_raw_temporal
10,d10,480,544,test,"[16, 3]","[16, 3]",10,5,2,3.0421604130298716,0.5,"[3, 16]",16,aec_adapted_raw_temporal
10,d10,544,608,test,"[3, 10, 16, 14]","[3, 10, 16, 14]",23,4,4,12.686822051161421,0.48214285714285715,"[3, 10, 14, 16]",3,aec_adapted_raw_temporal
10,d10,608,672,test,"[9, 16, 3, 15, 19, 11, 20, 14, 10, 12, 8, 1]","[9, 16, 3, 15, 19, 11, 20, 14, 10, 12, 8, 1, 5, 7, 18]",63,0,15,44.26179009838342,0.2502383367139959,"[1, 3, 5, 7, 8, 9, 10, 11, 12, 14, 15, 16, 18, 19, 20]",9,aec_adapted_raw_temporal
10,d10,672,736,test,"[9, 16, 3, 19, 11, 20, 14, 10, 18, 1]","[9, 16, 3, 19, 11, 20, 14, 10, 18, 1, 5, 8, 13, 12]",78,0,14,59.61371302167265,0.2969641095304519,"[1, 3, 5, 8, 9, 10, 11, 12, 13, 14, 16, 18, 19, 20]",9,aec_adapted_raw_temporal
10,d10,736,800,test,"[9, 3, 16, 14, 11, 10, 5]","[9, 3, 16, 14, 11, 10, 5, 7, 12, 18, 13, 8, 1]",71,0,13,51.70836271804604,0.23782118137260166,"[1, 3, 5, 7, 8, 9, 10, 11, 12, 13, 14, 16, 18]",9,aec_adapted_raw_temporal
10,d10,800,864,test,"[9, 16, 3, 11, 20, 14, 10, 5, 1]","[9, 16, 3, 11, 20, 14, 10, 5, 1]",50,0,9,33.6605834833453,0.2916666666666667,"[1, 3, 5, 9, 10, 11, 14, 16, 20]",9,aec_adapted_raw_temporal
10,d10,864,928,test,[16],[16],9,6,1,2.064214751578646,0.5,[16],16,aec_adapted_raw_temporal
11,d11,160,224,test,[11],[11],14,2,1,8.286449870568346,0.5,[11],11,aec_adapted_raw_temporal
11,d11,224,288,test,"[4, 3, 14, 17]","[4, 3, 14, 17, 11]",15,3,5,7.341056293334147,0.21904761904761902,"[3, 4, 11, 14, 17]",4,aec_adapted_raw_temporal
11,d11,288,352,test,"[9, 16, 3, 11, 14, 10]","[9, 16, 3, 11, 14, 10]",35,3,6,20.203156233077358,0.20436507936507933,"[3, 9, 10, 11, 14, 16]",9,aec_adapted_raw_temporal
11,d11,352,416,test,"[3, 16, 10, 9, 14, 4, 11]","[3, 16, 10, 9, 14, 4, 11, 17]",28,1,8,15.281164234306136,0.10267857142857142,"[3, 4, 9, 10, 11, 14, 16, 17]",3,aec_adapted_raw_temporal
11,d11,416,480,test,"[9, 16, 4, 3, 14, 11, 17, 10]","[9, 16, 4, 3, 14, 11, 17, 10]",46,11,8,23.01271926639107,0.23809523809523808,"[3, 4, 9, 10, 11, 14, 16, 17]",9,aec_adapted_raw_temporal
11,d11,480,544,test,"[3, 4, 9, 10, 16, 14, 11]","[3, 4, 9, 10, 16, 14, 11, 17]",43,6,8,24.177400574294122,0.05357142857142857,"[3, 4, 9, 10, 11, 14, 16, 17]",3,aec_adapted_raw_temporal
11,d11,544,608,test,"[4, 9, 16, 11, 17]","[4, 9, 16, 11, 17]",23,1,5,15.012708337934344,0.2857142857142857,"[4, 9, 11, 16, 17]",4,aec_adapted_raw_temporal
11,d11,608,672,test,"[3, 19, 15, 11, 14]","[3, 19, 15, 11, 14]",31,6,5,16.82484734275983,0.32999999999999996,"[3, 11, 14, 15, 19]",3,aec_adapted_raw_temporal
11,d11,672,736,test,"[3, 14, 11]","[3, 14, 11]",13,0,3,8.632446137747573,0.4166666666666667,"[3, 11, 14]",3,aec_adapted_raw_temporal
11,d11,736,800,test,"[4, 14, 17]","[4, 14, 17, 11]",9,0,4,6.357901419183604,0.29464285714285715,"[4, 11, 14, 17]",4,aec_adapted_raw_temporal
11,d11,800,864,test,"[9, 11]","[9, 11, 16]",11,4,3,4.8735460334841285,0.3333333333333333,"[9, 11, 16]",9,aec_adapted_raw_temporal
11,d11,864,928,test,"[4, 11]","[4, 11]",7,1,2,4.040954420963803,0.25,"[4, 11]",4,aec_adapted_raw_temporal
12,d12,160,224,test,"[9, 3, 19, 20, 16, 14, 11, 17, 10, 5, 7, 12]","[9, 3, 19, 20, 16, 14, 11, 17, 10, 5, 7, 12, 18, 13, 8, 1]",67,0,16,49.228476810794746,0.3103440916101887,"[1, 3, 5, 7, 8, 9, 10, 11, 12, 13, 14, 16, 17, 18, 19, 20]",9,aec_adapted_raw_temporal
12,d12,224,288,test,"[9, 16, 19, 3, 11, 20, 17, 15, 14, 10, 5, 1, 13]","[9, 16, 19, 3, 11, 20, 17, 15, 14, 10, 5, 1, 13, 7, 12, 8, 18]",74,0,17,57.51263235592947,0.22754549672806193,"[1, 3, 5, 7, 8, 9, 10, 11, 12, 13, 14, 15, 16, 17, 18, 19, 20]",9,aec_adapted_raw_temporal
12,d12,288,352,test,"[9, 19, 3, 16, 11, 20, 17, 14, 10, 13, 8, 5, 18, 12]","[9, 19, 3, 16, 11, 20, 17, 14, 10, 13, 8, 5, 18, 12, 1, 7]",97,0,16,76.54262640885811,0.22329003258604851,"[1, 3, 5, 7, 8, 9, 10, 11, 12, 13, 14, 16, 17, 18, 19, 20]",9,aec_adapted_raw_temporal
12,d12,352,416,test,"[9, 3, 19, 16, 11, 20, 14, 17, 10, 7, 13, 1]","[9, 3, 19, 16, 11, 20, 14, 17, 10, 7, 13, 1, 12, 5, 8, 18]",79,0,16,62.196544268067804,0.25324758781950585,"[1, 3, 5, 7, 8, 9, 10, 11, 12, 13, 14, 16, 17, 18, 19, 20]",9,aec_adapted_raw_temporal
12,d12,416,480,test,"[9, 3, 16, 19, 11, 17, 15, 20, 14, 10, 2, 5, 8, 18]","[9, 3, 16, 19, 11, 17, 15, 20, 14, 10, 2, 5, 8, 18, 1, 12, 7, 13]",109,0,18,87.14334699727507,0.1714211424871188,"[1, 2, 3, 5, 7, 8, 9, 10, 11, 12, 13, 14, 15, 16, 17, 18, 19, 20]",9,aec_adapted_raw_temporal
12,d12,480,544,test,"[9, 19, 3, 16, 11, 20, 14, 17, 10, 7, 5, 12, 1]","[9, 19, 3, 16, 11, 20, 14, 17, 10, 7, 5, 12, 1, 18, 13, 8]",80,0,16,62.2396874321665,0.22540307350428657,"[1, 3, 5, 7, 8, 9, 10, 11, 12, 13, 14, 16, 17, 18, 19, 20]",9,aec_adapted_raw_temporal
12,d12,544,608,test,"[9, 16, 3, 19, 11, 17, 20, 14, 10, 5, 1, 8, 12]","[9, 16, 3, 19, 11, 17, 20, 14, 10, 5, 1, 8, 12, 15, 18]",78,2,15,57.46605767816871,0.2120304532069238,"[1, 3, 5, 8, 9, 10, 11, 12, 14, 15, 16, 17, 18, 19, 20]",9,aec_adapted_raw_temporal
12,d12,608,672,test,"[9, 3, 19, 20, 16, 14, 11, 17, 10, 5, 12]","[9, 3, 19, 20, 16, 14, 11, 17, 10, 5, 12, 7, 13, 18, 8, 1]",84,0,16,67.34416912685109,0.18624815428579639,"[1, 3, 5, 7, 8, 9, 10, 11, 12, 13, 14, 16, 17, 18, 19, 20]",9,aec_adapted_raw_temporal
12,d12,672,736,test,"[4, 9, 19, 3, 16, 11, 20, 17, 14, 10, 2, 13, 8, 7, 12]","[4, 9, 19, 3, 16, 11, 20, 17, 14, 10, 2, 13, 8, 7, 12, 5, 18, 1]",118,0,18,96.8956626138041,0.19702259725612986,"[1, 2, 3, 4, 5, 7, 8, 9, 10, 11, 12, 13, 14, 16, 17, 18, 19, 20]",4,aec_adapted_raw_temporal
12,d12,736,800,test,"[9, 3, 19, 16, 11, 17, 20, 14, 10, 5, 7, 8, 13, 1, 18, 12]","[9, 3, 19, 16, 11, 17, 20, 14, 10, 5, 7, 8, 13, 1, 18, 12, 15]",117,0,17,97.07993501883165,0.16143776712301067,"[1, 3, 5, 7, 8, 9, 10, 11, 12, 13, 14, 15, 16, 17, 18, 19, 20]",9,aec_adapted_raw_temporal
12,d12,800,864,test,"[9, 3, 16, 15, 19, 11, 20, 17, 14, 10, 5, 7, 13, 18, 12]","[9, 3, 16, 15, 19, 11, 20, 17, 14, 10, 5, 7, 13, 18, 12, 8, 1]",123,2,17,96.61216679227898,0.11432378282631674,"[1, 3, 5, 7, 8, 9, 10, 11, 12, 13, 14, 15, 16, 17, 18, 19, 20]",9,aec_adapted_raw_temporal
12,d12,864,928,test,"[4, 9, 3, 19, 16, 20, 14, 11, 17, 10, 2, 5, 13, 12]","[4, 9, 3, 19, 16, 20, 14, 11, 17, 10, 2, 5, 13, 12, 7, 1, 8, 18]",104,0,18,85.1698794734759,0.16300231196609438,"[1, 2, 3, 4, 5, 7, 8, 9, 10, 11, 12, 13, 14, 16, 17, 18, 19, 20]",4,aec_adapted_raw_temporal
13,d13,160,224,test,"[9, 16, 3, 11, 15, 14, 10, 5]","[9, 16, 3, 11, 15, 14, 10, 5]",57,4,8,39.05937098879765,0.32217261904761907,"[3, 5, 9, 10, 11, 14, 15, 16]",9,aec_adapted_raw_temporal
13,d13,224,288,test,"[9, 3, 16, 19, 11, 20, 14, 10, 2, 5, 1, 12]","[9, 3, 16, 19, 11, 20, 14, 10, 2, 5, 1, 12, 18, 7, 8]",82,1,15,59.91363578839731,0.26023315426966537,"[1, 2, 3, 5, 7, 8, 9, 10, 11, 12, 14, 16, 18, 19, 20]",9,aec_adapted_raw_temporal
13,d13,288,352,test,"[9, 3, 16, 20, 10, 2, 5, 12]","[9, 3, 16, 20, 10, 2, 5, 12, 8, 1]",75,0,10,57.155464775338636,0.279684065934066,"[1, 2, 3, 5, 8, 9, 10, 12, 16, 20]",9,aec_adapted_raw_temporal
13,d13,352,416,test,"[4, 9, 3, 16, 17, 20, 14, 10, 2, 18, 5]","[4, 9, 3, 16, 17, 20, 14, 10, 2, 18, 5, 7, 1, 12, 8]",102,0,15,83.03159618527602,0.17358243739582482,"[1, 2, 3, 4, 5, 7, 8, 9, 10, 12, 14, 16, 17, 18, 20]",4,aec_adapted_raw_temporal
13,d13,416,480,test,"[9, 16, 3, 19, 11, 20, 17, 14, 10, 2, 5, 12, 1]","[9, 16, 3, 19, 11, 20, 17, 14, 10, 2, 5, 12, 1, 13, 18, 8, 7]",106,0,17,87.0624111656822,0.21921007930645958,"[1, 2, 3, 5, 7, 8, 9, 10, 11, 12, 13, 14, 16, 17, 18, 19, 20]",9,aec_adapted_raw_temporal
13,d13,480,544,test,"[4, 9, 3, 16, 19, 11, 20, 17, 14, 10, 2, 5, 13, 12]","[4, 9, 3, 16, 19, 11, 20, 17, 14, 10, 2, 5, 13, 12, 7, 1, 8, 18]",96,0,18,78.3580022690931,0.2079315184665083,"[1, 2, 3, 4, 5, 7, 8, 9, 10, 11, 12, 13, 14, 16, 17, 18, 19, 20]",4,aec_adapted_raw_temporal
13,d13,544,608,test,"[9, 19, 3, 16, 11, 20, 14, 10, 2, 13, 8, 5, 12]","[9, 19, 3, 16, 11, 20, 14, 10, 2, 13, 8, 5, 12, 7, 1, 18]",106,0,16,86.213120775723,0.26558214597091107,"[1, 2, 3, 5, 7, 8, 9, 10, 11, 12, 13, 14, 16, 18, 19, 20]",9,aec_adapted_raw_temporal
13,d13,608,672,test,"[9, 3, 16, 11, 20, 14, 10, 6, 5, 1, 8, 12, 13]","[9, 3, 16, 11, 20, 14, 10, 6, 5, 1, 8, 12, 13, 18, 7]",127,0,15,104.91624077674895,0.20900281402523316,"[1, 3, 5, 6, 7, 8, 9, 10, 11, 12, 13, 14, 16, 18, 20]",9,aec_adapted_raw_temporal
13,d13,672,736,test,"[9, 3, 19, 20, 16, 14, 11, 17, 10, 2, 5, 13, 1, 12]","[9, 3, 19, 20, 16, 14, 11, 17, 10, 2, 5, 13, 1, 12, 7, 8, 18]",124,2,17,100.30007373863063,0.16423891661270695,"[1, 2, 3, 5, 7, 8, 9, 10, 11, 12, 13, 14, 16, 17, 18, 19, 20]",9,aec_adapted_raw_temporal
13,d13,736,800,test,"[9, 19, 3, 16, 11, 20, 17, 14, 10, 2, 13, 6, 1]","[9, 19, 3, 16, 11, 20, 17, 14, 10, 2, 13, 6, 1, 12, 7, 5, 8, 18]",120,0,18,99.69814940477075,0.20758666768862133,"[1, 2, 3, 5, 6, 7, 8, 9, 10, 11, 12, 13, 14, 16, 17, 18, 19, 20]",9,aec_adapted_raw_temporal
13,d13,800,864,test,"[9, 19, 3, 16, 11, 15, 20, 17, 14, 10, 5, 1, 8, 13]","[9, 19, 3, 16, 11, 15, 20, 17, 14, 10, 5, 1, 8, 13, 18, 12, 7]",123,3,17,97.85676681569132,0.14432290099934333,"[1, 3, 5, 7, 8, 9, 10, 11, 12, 13, 14, 15, 16, 17, 18, 19, 20]",9,aec_adapted_raw_temporal
13,d13,864,928,test,"[9, 3, 19, 20, 16, 11, 14, 17, 10, 2, 6, 5, 7, 1, 13]","[9, 3, 19, 20, 16, 11, 14, 17, 10, 2, 6, 5, 7, 1, 13, 8, 12, 18]",126,2,18,103.9919152949377,0.17680580984934033,"[1, 2, 3, 5, 6, 7, 8, 9, 10, 11, 12, 13, 14, 16, 17, 18, 19, 20]",9,aec_adapted_raw_temporal
14,d14,160,224,test,"[3, 11, 14]","[3, 11, 14]",16,2,3,9.16599764860969,0.27777777777777773,"[3, 11, 14]",3,aec_adapted_raw_temporal
14,d14,224,288,test,"[3, 11, 14]","[3, 11, 14]",9,1,3,5.178483244453538,0.27777777777777773,"[3, 11, 14]",3,aec_adapted_raw_temporal
14,d14,288,352,test,"[14, 11]","[14, 11]",4,0,2,2.992305503801857,0.375,"[11, 14]",14,aec_adapted_raw_temporal
14,d14,352,416,test,"[9, 16, 11, 15, 14]","[9, 16, 11, 15, 14]",12,0,5,6.87100432752118,0.25,"[9, 11, 14, 15, 16]",9,aec_adapted_raw_temporal
14,d14,416,480,test,"[3, 11, 14]","[3, 11, 14]",11,1,3,6.398639707571287,0.3611111111111111,"[3, 11, 14]",3,aec_adapted_raw_temporal
14,d14,480,544,test,"[9, 3, 16, 11, 14, 15]","[9, 3, 16, 11, 14, 15]",23,0,6,13.247374625019892,0.2222222222222222,"[3, 9, 11, 14, 15, 16]",9,aec_adapted_raw_temporal
14,d14,544,608,test,"[11, 14]","[11, 14]",10,1,2,5.962967070389388,0.375,"[11, 14]",11,aec_adapted_raw_temporal
14,d14,608,672,test,[11],"[11, 14]",5,0,2,3.4867621203302597,0.25,"[11, 14]",11,aec_adapted_raw_temporal
14,d14,672,736,test,"[3, 14, 11]","[3, 14, 11]",8,0,3,5.989217027753243,0.27777777777777773,"[3, 11, 14]",3,aec_adapted_raw_temporal
14,d14,736,800,test,"[11, 14]","[11, 14, 19]",9,2,3,5.581160497170066,0.3833333333333333,"[11, 14, 19]",11,aec_adapted_raw_temporal
14,d14,800,864,test,"[3, 11, 14]","[3, 11, 14]",18,2,3,10.411853994125297,0.08333333333333333,"[3, 11, 14]",3,aec_adapted_raw_temporal
14,d14,864,928,test,"[3, 11, 17]","[3, 11, 17, 14]",18,1,4,9.830679279360611,0.2738095238095238,"[3, 11, 14, 17]",3,aec_adapted_raw_temporal
15,d15,160,224,test,[],[-1],2,2,0,0.0,0.0,[],-1,aec_adapted_raw_temporal
15,d15,224,288,test,[15],[15],16,6,1,5.6750994101605015,0.0,[15],15,aec_adapted_raw_temporal
15,d15,288,352,test,[],[-1],9,9,0,0.0,0.0,[],-1,aec_adapted_raw_temporal
15,d15,352,416,test,[],[-1],2,2,0,0.0,0.0,[],-1,aec_adapted_raw_temporal
15,d15,416,480,test,[11],[11],3,0,1,1.9671975353057731,0.5,[11],11,aec_adapted_raw_temporal
15,d15,480,544,test,[3],[3],3,1,1,0.9554247884964118,0.5,[3],3,aec_adapted_raw_temporal
15,d15,544,608,test,"[3, 14, 11]","[3, 14, 11]",15,1,3,8.106184784612946,0.5,"[3, 11, 14]",3,aec_adapted_raw_temporal
15,d15,608,672,test,[3],[3],16,9,1,3.573659014929759,0.5,[3],3,aec_adapted_raw_temporal
15,d15,672,736,test,"[9, 3, 16, 14, 10]","[9, 3, 16, 14, 10]",21,0,5,12.620070690031323,0.32857142857142857,"[3, 9, 10, 14, 16]",9,aec_adapted_raw_temporal
15,d15,736,800,test,"[3, 19, 11, 20, 15, 17, 14, 18]","[3, 19, 11, 20, 15, 17, 14, 18, 5, 8]",48,0,10,33.69598051026601,0.29486694677871145,"[3, 5, 8, 11, 14, 15, 17, 18, 19, 20]",3,aec_adapted_raw_temporal
15,d15,800,864,test,"[3, 9, 16, 11, 14, 10, 7]","[3, 9, 16, 11, 14, 10, 7, 5, 18, 12]",60,0,10,39.710369478531355,0.3073815467831695,"[3, 5, 7, 9, 10, 11, 12, 14, 16, 18]",3,aec_adapted_raw_temporal
15,d15,864,928,test,"[3, 9, 16, 10]","[3, 9, 16, 10]",28,10,4,11.454961282023316,0.19642857142857142,"[3, 9, 10, 16]",3,aec_adapted_raw_temporal
16,d16,160,224,test,"[9, 16, 11, 10]","[9, 16, 11, 10]",17,2,4,7.258117221173539,0.23214285714285715,"[9, 10, 11, 16]",9,aec_adapted_raw_temporal
16,d16,224,288,test,"[9, 16, 15]","[9, 16, 15]",16,2,3,6.88885034933312,0.16666666666666666,"[9, 15, 16]",9,aec_adapted_raw_temporal
16,d16,288,352,test,"[9, 3, 16, 14, 10]","[9, 3, 16, 14, 10]",22,1,5,11.37721626603055,0.12857142857142856,"[3, 9, 10, 14, 16]",9,aec_adapted_raw_temporal
16,d16,352,416,test,"[9, 3, 16, 10, 5]","[9, 3, 16, 10, 5]",37,1,5,24.439473138109662,0.20357142857142857,"[3, 5, 9, 10, 16]",9,aec_adapted_raw_temporal
16,d16,416,480,test,"[9, 16, 10]","[9, 16, 10]",23,8,3,9.254315513399712,0.14285714285714285,"[9, 10, 16]",9,aec_adapted_raw_temporal
16,d16,480,544,test,"[9, 3, 16, 15, 10]","[9, 3, 16, 15, 10]",31,2,5,17.547583319148526,0.1,"[3, 9, 10, 15, 16]",9,aec_adapted_raw_temporal
16,d16,544,608,test,"[9, 16, 3, 20, 15, 14, 10, 5]","[9, 16, 3, 20, 15, 14, 10, 5]",42,0,8,29.99596737498893,0.18452380952380953,"[3, 5, 9, 10, 14, 15, 16, 20]",9,aec_adapted_raw_temporal
16,d16,608,672,test,"[3, 16, 15, 9, 14, 10]","[3, 16, 15, 9, 14, 10]",26,3,6,13.25933026863523,0.10714285714285714,"[3, 9, 10, 14, 15, 16]",3,aec_adapted_raw_temporal
16,d16,672,736,test,"[9, 16]","[9, 16]",13,6,2,3.590072595958681,0.0,"[9, 16]",9,aec_adapted_raw_temporal
16,d16,736,800,test,"[9, 16, 3, 11, 20, 14, 10, 7, 5]","[9, 16, 3, 11, 20, 14, 10, 7, 5, 18, 8, 1]",58,0,12,43.48377007048005,0.2518988054992112,"[1, 3, 5, 7, 8, 9, 10, 11, 14, 16, 18, 20]",9,aec_adapted_raw_temporal
16,d16,800,864,test,"[9, 3, 16, 11, 14, 17, 10, 7, 5]","[9, 3, 16, 11, 14, 17, 10, 7, 5, 18, 12, 1, 8]",68,0,13,48.303551038531886,0.21490774334626728,"[1, 3, 5, 7, 8, 9, 10, 11, 12, 14, 16, 17, 18]",9,aec_adapted_raw_temporal
16,d16,864,928,test,"[9, 16, 11, 3, 15, 20, 14, 10, 5]","[9, 16, 11, 3, 15, 20, 14, 10, 5, 1, 7, 18, 12]",55,0,13,37.352822372834524,0.27860185596376896,"[1, 3, 5, 7, 9, 10, 11, 12, 14, 15, 16, 18, 20]",9,aec_adapted_raw_temporal
17,d17,160,224,test,"[4, 3, 14, 11, 17]","[4, 3, 14, 11, 17]",14,0,5,10.860167073636887,0.02857142857142857,"[3, 4, 11, 14, 17]",4,aec_adapted_raw_temporal
17,d17,224,288,test,"[4, 3, 11, 14, 17]","[4, 3, 11, 14, 17]",36,6,5,19.729376281785903,0.2119047619047619,"[3, 4, 11, 14, 17]",4,aec_adapted_raw_temporal
17,d17,288,352,test,"[4, 9, 3, 16, 11, 17]","[4, 9, 3, 16, 11, 17, 10, 14]",25,0,8,14.91996666997736,0.10119047619047618,"[3, 4, 9, 10, 11, 14, 16, 17]",4,aec_adapted_raw_temporal
17,d17,352,416,test,"[4, 9, 3, 19, 11, 20, 17, 10, 14, 18]","[4, 9, 3, 19, 11, 20, 17, 10, 14, 18, 16]",43,0,11,30.234705417528094,0.19567099567099566,"[3, 4, 9, 10, 11, 14, 16, 17, 18, 19, 20]",4,aec_adapted_raw_temporal
17,d17,416,480,test,"[9, 16, 4, 19, 3, 11, 20, 14, 10, 17, 18]","[9, 16, 4, 19, 3, 11, 20, 14, 10, 17, 18, 5, 8]",53,0,13,37.7894616952609,0.20847877612583493,"[3, 4, 5, 8, 9, 10, 11, 14, 16, 17, 18, 19, 20]",9,aec_adapted_raw_temporal
17,d17,480,544,test,"[4, 9, 16, 19, 11, 3, 20, 10, 17, 14, 18, 7]","[4, 9, 16, 19, 11, 3, 20, 10, 17, 14, 18, 7, 5, 12]",55,0,14,38.57367867585475,0.2472806629283013,"[3, 4, 5, 7, 9, 10, 11, 12, 14, 16, 17, 18, 19, 20]",4,aec_adapted_raw_temporal
17,d17,544,608,test,"[9, 4, 3, 16, 11, 20, 10, 14, 17]","[9, 4, 3, 16, 11, 20, 10, 14, 17, 15]",44,10,10,24.076408816205486,0.14952380952380953,"[3, 4, 9, 10, 11, 14, 15, 16, 17, 20]",9,aec_adapted_raw_temporal
17,d17,608,672,test,"[4, 3, 9, 16, 11, 14, 17]","[4, 3, 9, 16, 11, 14, 17]",33,2,7,20.649728358782234,0.17517006802721086,"[3, 4, 9, 11, 14, 16, 17]",4,aec_adapted_raw_temporal
17,d17,672,736,test,"[4, 17, 11, 14]","[4, 17, 11, 14]",18,1,4,10.840969763358766,0.1875,"[4, 11, 14, 17]",4,aec_adapted_raw_temporal
17,d17,736,800,test,"[4, 3, 14, 11, 17]","[4, 3, 14, 11, 17]",11,0,5,8.365958929945107,0.22380952380952382,"[3, 4, 11, 14, 17]",4,aec_adapted_raw_temporal
17,d17,800,864,test,"[4, 19, 14, 3, 11, 17, 10, 5]","[4, 19, 14, 3, 11, 17, 10, 5, 18]",34,0,9,22.4827215650944,0.27133520074696543,"[3, 4, 5, 10, 11, 14, 17, 18, 19]",4,aec_adapted_raw_temporal
17,d17,864,928,test,"[3, 4, 14, 11, 17]","[3, 4, 14, 11, 17]",10,0,5,7.714531210695588,0.2452380952380952,"[3, 4, 11, 14, 17]",3,aec_adapted_raw_temporal
18,d18,160,224,test,[3],[3],15,8,1,4.970135009758137,0.5,[3],3,aec_adapted_raw_temporal
18,d18,224,288,test,"[9, 16, 3, 19, 11, 17, 20, 14, 10, 5, 1, 13, 12]","[9, 16, 3, 19, 11, 17, 20, 14, 10, 5, 1, 13, 12, 18, 8, 15, 7]",106,0,17,82.09894673412649,0.17253438153311929,"[1, 3, 5, 7, 8, 9, 10, 11, 12, 13, 14, 15, 16, 17, 18, 19, 20]",9,aec_adapted_raw_temporal
18,d18,288,352,test,"[3, 9, 19, 20, 16, 11, 14, 17, 10, 2, 5, 8, 1, 18]","[3, 9, 19, 20, 16, 11, 14, 17, 10, 2, 5, 8, 1, 18, 12, 13, 7]",121,1,17,99.03953985106789,0.16189817983183616,"[1, 2, 3, 5, 7, 8, 9, 10, 11, 12, 13, 14, 16, 17, 18, 19, 20]",3,aec_adapted_raw_temporal
18,d18,352,416,test,"[4, 9, 19, 3, 11, 16, 20, 17, 14, 10, 2, 5, 13, 6, 1, 12, 7]","[4, 9, 19, 3, 11, 16, 20, 17, 14, 10, 2, 5, 13, 6, 1, 12, 7, 18, 8]",139,3,19,115.07228598331568,0.1910361987142594,"[1, 2, 3, 4, 5, 6, 7, 8, 9, 10, 11, 12, 13, 14, 16, 17, 18, 19, 20]",4,aec_adapted_raw_temporal
18,d18,416,480,test,"[21, 6]","[21, 6]",89,22,2,42.18217029597593,0.3421052631578947,"[6, 21]",21,aec_adapted_raw_temporal
18,d18,480,544,test,"[21, 6]","[21, 6]",84,22,2,35.67850765872433,0.21052631578947367,"[6, 21]",21,aec_adapted_raw_temporal
18,d18,544,608,test,"[3, 21, 6]","[3, 21, 6]",84,23,3,35.33848084785718,0.31871345029239767,"[3, 6, 21]",3,aec_adapted_raw_temporal
18,d18,608,672,test,"[21, 6]","[21, 6]",84,23,2,35.32499690723119,0.21929824561403508,"[6, 21]",21,aec_adapted_raw_temporal
18,d18,672,736,test,"[3, 21, 6]","[3, 21, 6]",83,22,3,35.39621363916034,0.31871345029239767,"[3, 6, 21]",3,aec_adapted_raw_temporal
18,d18,736,800,test,"[3, 21, 6]","[3, 21, 6]",85,23,3,35.57032568181061,0.31871345029239767,"[3, 6, 21]",3,aec_adapted_raw_temporal
18,d18,800,864,test,"[21, 6]","[21, 6]",85,24,2,34.69507299082617,0.21929824561403508,"[6, 21]",21,aec_adapted_raw_temporal
18,d18,864,928,test,"[21, 6]","[21, 6]",85,21,2,36.73498892121027,0.21052631578947367,"[6, 21]",21,aec_adapted_raw_temporal
19,d19,160,224,test,"[9, 16, 11, 19]","[9, 16, 11, 19]",16,0,4,8.796546444205042,0.125,"[9, 11, 16, 19]",9,aec_adapted_raw_temporal
19,d19,224,288,test,"[9, 16, 3, 11, 10, 14, 19]","[9, 16, 3, 11, 10, 14, 19]",13,0,7,7.542417094180244,0.28741496598639454,"[3, 9, 10, 11, 14, 16, 19]",9,aec_adapted_raw_temporal
19,d19,288,352,test,"[3, 19, 14, 11]","[3, 19, 14, 11]",25,6,4,11.163218684054268,0.425,"[3, 11, 14, 19]",3,aec_adapted_raw_temporal
19,d19,352,416,test,"[11, 19]","[11, 19, 14]",8,0,3,5.226076959712126,0.2333333333333333,"[11, 14, 19]",11,aec_adapted_raw_temporal
19,d19,416,480,test,"[11, 19, 14]","[11, 19, 14]",9,1,3,5.082214101747374,0.31666666666666665,"[11, 14, 19]",11,aec_adapted_raw_temporal
19,d19,480,544,test,"[11, 19, 14]","[11, 19, 14]",7,0,3,4.456449616048787,0.31666666666666665,"[11, 14, 19]",11,aec_adapted_raw_temporal
19,d19,544,608,test,"[3, 19, 11, 14]","[3, 19, 11, 14]",13,0,4,7.4148866305684615,0.22916666666666666,"[3, 11, 14, 19]",3,aec_adapted_raw_temporal
19,d19,608,672,test,"[3, 19, 17, 14]","[3, 19, 17, 14, 11]",20,0,5,11.95844478108532,0.1757142857142857,"[3, 11, 14, 17, 19]",3,aec_adapted_raw_temporal
19,d19,672,736,test,"[3, 19, 11]","[3, 19, 11, 14]",16,4,4,7.205997060235592,0.2791666666666667,"[3, 11, 14, 19]",3,aec_adapted_raw_temporal
19,d19,736,800,test,"[9, 16, 11, 19, 14]","[9, 16, 11, 19, 14]",20,2,5,11.23001461385002,0.24,"[9, 11, 14, 16, 19]",9,aec_adapted_raw_temporal
19,d19,800,864,test,"[3, 9, 16, 11, 14, 19]","[3, 9, 16, 11, 14, 19]",15,1,6,7.660859015351718,0.38055555555555554,"[3, 9, 11, 14, 16, 19]",3,aec_adapted_raw_temporal
19,d19,864,928,test,"[3, 19, 14, 11]","[3, 19, 14, 11]",21,2,4,11.751790678107943,0.425,"[3, 11, 14, 19]",3,aec_adapted_raw_temporal
20,d20,160,224,test,[3],[3],2,0,1,1.349966458526879,0.5,[3],3,aec_adapted_raw_temporal
20,d20,224,288,test,"[9, 3, 16, 15, 20, 10, 5]","[9, 3, 16, 15, 20, 10, 5, 14]",37,0,8,25.254636587549907,0.2376488095238095,"[3, 5, 9, 10, 14, 15, 16, 20]",9,aec_adapted_raw_temporal
20,d20,288,352,test,"[9, 16, 3, 11, 20, 14, 10, 5, 8]","[9, 16, 3, 11, 20, 14, 10, 5, 8, 18, 7, 12, 13, 1]",60,0,14,42.21422987775435,0.24117876069875108,"[1, 3, 5, 7, 8, 9, 10, 11, 12, 13, 14, 16, 18, 20]",9,aec_adapted_raw_temporal
20,d20,352,416,test,"[9, 3, 16, 11, 20, 10]","[9, 3, 16, 11, 20, 10, 14, 5]",34,0,8,22.378594977224687,0.3063988095238095,"[3, 5, 9, 10, 11, 14, 16, 20]",9,aec_adapted_raw_temporal
20,d20,416,480,test,"[3, 15, 20]","[3, 15, 20]",29,6,3,17.09841107219579,0.2333333333333333,"[3, 15, 20]",3,aec_adapted_raw_temporal
20,d20,480,544,test,"[9, 16, 3, 19, 20, 10, 14, 7]","[9, 16, 3, 19, 20, 10, 14, 7, 5, 18]",52,0,10,35.18467673036201,0.3297394475031392,"[3, 5, 7, 9, 10, 14, 16, 18, 19, 20]",9,aec_adapted_raw_temporal
20,d20,544,608,test,"[9, 16, 3, 20, 14, 10, 5]","[9, 16, 3, 20, 14, 10, 5]",43,0,7,29.339190554139506,0.20833333333333331,"[3, 5, 9, 10, 14, 16, 20]",9,aec_adapted_raw_temporal
20,d20,608,672,test,"[9, 16, 3, 20, 15, 14, 10]","[9, 16, 3, 20, 15, 14, 10]",28,0,7,18.857464000136787,0.2897959183673469,"[3, 9, 10, 14, 15, 16, 20]",9,aec_adapted_raw_temporal
20,d20,672,736,test,[20],[20],13,3,1,7.545226573151951,0.2,[20],20,aec_adapted_raw_temporal
20,d20,736,800,test,"[3, 20, 14]","[3, 20, 14]",29,5,3,16.31208891021325,0.3333333333333333,"[3, 14, 20]",3,aec_adapted_raw_temporal
20,d20,800,864,test,"[9, 16, 3, 15, 20, 10]","[9, 16, 3, 15, 20, 10]",39,7,6,21.439936063030938,0.14761904761904762,"[3, 9, 10, 15, 16, 20]",9,aec_adapted_raw_temporal
20,d20,864,928,test,"[3, 16, 9, 14, 20, 10, 7]","[3, 16, 9, 14, 20, 10, 7]",48,0,7,29.405440819292757,0.1701618578465869,"[3, 7, 9, 10, 14, 16, 20]",3,aec_adapted_raw_temporal
21,d21,160,224,test,"[21, 15]","[21, 15]",5,1,2,1.485880131778061,0.16666666666666666,"[15, 21]",21,aec_adapted_raw_temporal
21,d21,224,288,test,"[21, 15]","[21, 15, 3]",5,0,3,1.702594519664124,0.16666666666666666,"[3, 15, 21]",21,aec_adapted_raw_temporal
21,d21,288,352,test,"[21, 3]","[21, 3]",12,6,2,3.089329756127074,0.41666666666666663,"[3, 21]",21,aec_adapted_raw_temporal
21,d21,352,416,test,"[21, 3]","[21, 3]",15,4,2,6.567027048225119,0.41666666666666663,"[3, 21]",21,aec_adapted_raw_temporal
21,d21,416,480,test,[21],[21],27,19,1,2.64917007655881,0.3333333333333333,[21],21,aec_adapted_raw_temporal
21,d21,480,544,test,"[21, 15]","[21, 15]",13,5,2,4.872503684824068,0.16666666666666666,"[15, 21]",21,aec_adapted_raw_temporal
21,d21,544,608,test,"[21, 15]","[21, 15]",14,5,2,4.962913915172384,0.16666666666666666,"[15, 21]",21,aec_adapted_raw_temporal
21,d21,608,672,test,"[15, 11]","[15, 11, 19]",20,7,3,8.079313107727433,0.21666666666666667,"[11, 15, 19]",15,aec_adapted_raw_temporal
21,d21,672,736,test,"[21, 15]","[21, 15]",20,7,2,7.522580106945734,0.16666666666666666,"[15, 21]",21,aec_adapted_raw_temporal
21,d21,736,800,test,"[21, 15]","[21, 15]",24,12,2,7.31779618952777,0.16666666666666666,"[15, 21]",21,aec_adapted_raw_temporal
21,d21,800,864,test,"[21, 15]","[21, 15]",22,9,2,8.499527835117181,0.16666666666666666,"[15, 21]",21,aec_adapted_raw_temporal
21,d21,864,928,test,"[21, 3, 19, 15, 11, 14]","[21, 3, 19, 15, 11, 14]",28,9,6,11.939997200185275,0.37222222222222223,"[3, 11, 14, 15, 19, 21]",21,aec_adapted_raw_temporal
0,d00,0,64,test,[],[-1],5,5,0,0.0,0.0,[],-1,minexplain_raw_temporal
0,d00,64,128,test,[15],[15],7,4,1,2.3822673600462974,0.0,[15],15,minexplain_raw_temporal
0,d00,128,192,test,[],[-1],10,10,0,0.0,0.0,[],-1,minexplain_raw_temporal
0,d00,192,256,test,[15],[15],7,4,1,2.494957343349663,0.0,[15],15,minexplain_raw_temporal
0,d00,256,320,test,[],[-1],15,15,0,0.0,0.0,[],-1,minexplain_raw_temporal
0,d00,320,384,test,[3],[3],3,2,1,1.501036212752186,0.5,[3],3,minexplain_raw_temporal
0,d00,384,448,test,[3],[3],9,3,1,4.646493372768469,0.5,[3],3,minexplain_raw_temporal
0,d00,448,512,test,[15],[15],9,2,1,3.8109060897407345,0.0,[15],15,minexplain_raw_temporal
0,d00,512,576,test,[14],"[14, 3]",21,7,2,8.581140660608884,0.25,"[3, 14]",14,minexplain_raw_temporal
0,d00,576,640,test,[15],[15],8,1,1,4.563649817444184,0.0,[15],15,minexplain_raw_temporal
0,d00,640,704,test,[3],[3],8,4,1,2.5626882885675526,0.5,[3],3,minexplain_raw_temporal
0,d00,704,768,test,[3],[3],20,16,1,3.398106117366109,0.5,[3],3,minexplain_raw_temporal
0,d00,768,832,test,"[11, 9, 10, 16]","[11, 9, 10, 16, 3]",28,4,5,16.303925155792744,0.2857142857142857,"[3, 9, 10, 11, 16]",11,minexplain_raw_temporal
0,d00,832,896,test,"[10, 9]","[10, 9, 16, 3]",25,5,4,11.699981822506913,0.19642857142857142,"[3, 9, 10, 16]",10,minexplain_raw_temporal
0,d00,896,960,test,[9],"[9, 16]",5,0,2,2.741187514482298,0.25,"[9, 16]",9,minexplain_raw_temporal
1,d01,160,224,test,"[6, 13, 8, 1, 12]","[6, 13, 8, 1, 12, 9, 10, 14, 5, 16, 18, 3, 7, 20, 11]",100,0,15,75.75642971532817,0.16203404340935038,"[1, 3, 5, 6, 7, 8, 9, 10, 11, 12, 13, 14, 16, 18, 20]",6,minexplain_raw_temporal
1,d01,224,288,test,"[1, 5, 7]","[1, 5, 7, 12, 13, 4, 15, 9, 10, 16, 3, 8, 18, 20, 14, 17, 11]",105,0,17,69.16125454242774,0.20155903863216454,"[1, 3, 4, 5, 7, 8, 9, 10, 11, 12, 13, 14, 15, 16, 17, 18, 20]",1,minexplain_raw_temporal
1,d01,288,352,test,"[1, 7]","[1, 7, 9, 10, 16, 5, 8, 20, 15, 13, 18, 14, 17, 12, 19, 3, 11]",87,0,17,49.6824715926036,0.2448175568196417,"[1, 3, 5, 7, 8, 9, 10, 11, 12, 13, 14, 15, 16, 17, 18, 19, 20]",1,minexplain_raw_temporal
1,d01,352,416,test,"[7, 5, 1, 13]","[7, 5, 1, 13, 9, 10, 16, 12, 3, 8, 15, 14, 18, 20, 11]",96,0,15,63.59167307640071,0.1587125401140027,"[1, 3, 5, 7, 8, 9, 10, 11, 12, 13, 14, 15, 16, 18, 20]",7,minexplain_raw_temporal
1,d01,416,480,test,"[10, 7, 5, 1, 11]","[10, 7, 5, 1, 11, 16, 9, 15, 3, 14, 18, 12]",63,0,12,42.51144659368465,0.21388596331547652,"[1, 3, 5, 7, 9, 10, 11, 12, 14, 15, 16, 18]",10,minexplain_raw_temporal
1,d01,480,544,test,"[15, 10, 1, 16]","[15, 10, 1, 16, 9, 3, 5]",40,2,7,25.206033252828124,0.24617346938775508,"[1, 3, 5, 9, 10, 15, 16]",15,minexplain_raw_temporal
1,d01,544,608,test,[15],[15],30,18,1,7.856227490950689,0.0,[15],15,minexplain_raw_temporal
1,d01,608,672,test,"[15, 3]","[15, 3]",23,17,2,5.218930818737493,0.25,"[3, 15]",15,minexplain_raw_temporal
1,d01,672,736,test,"[10, 16, 9]","[10, 16, 9, 15, 3]",40,7,5,19.68349072817959,0.22857142857142856,"[3, 9, 10, 15, 16]",10,minexplain_raw_temporal
1,d01,736,800,test,[15],[15],15,12,1,2.6359539605291187,0.0,[15],15,minexplain_raw_temporal
1,d01,800,864,test,[15],"[15, 3]",34,19,2,9.527803047599418,0.25,"[3, 15]",15,minexplain_raw_temporal
1,d01,864,928,test,"[9, 15, 10, 5, 1, 16]","[9, 15, 10, 5, 1, 16, 3, 18]",47,0,8,32.92362868646972,0.23697916666666669,"[1, 3, 5, 9, 10, 15, 16, 18]",9,minexplain_raw_temporal
2,d02,160,224,test,"[2, 10, 5]","[2, 10, 5, 3, 20, 14, 11, 18, 8, 1, 7, 12]",70,2,12,47.807327990145154,0.43563757841775086,"[1, 2, 3, 5, 7, 8, 10, 11, 12, 14, 18, 20]",2,minexplain_raw_temporal
2,d02,224,288,test,"[10, 2, 5, 12]","[10, 2, 5, 12, 4, 9, 16, 3, 18, 7, 13, 8, 1]",90,0,13,57.19902938386977,0.2517322274865122,"[1, 2, 3, 4, 5, 7, 8, 9, 10, 12, 13, 16, 18]",10,minexplain_raw_temporal
2,d02,288,352,test,"[2, 3]","[2, 3, 4]",48,3,3,28.035367663983283,0.20476190476190478,"[2, 3, 4]",2,minexplain_raw_temporal
2,d02,352,416,test,"[2, 4]","[2, 4, 9, 3, 16]",59,6,5,32.08178856645393,0.24,"[2, 3, 4, 9, 16]",2,minexplain_raw_temporal
2,d02,416,480,test,"[2, 4]","[2, 4]",41,0,2,23.54088134134154,0.17142857142857143,"[2, 4]",2,minexplain_raw_temporal
2,d02,480,544,test,[2],"[2, 4]",33,1,2,18.908352699196698,0.17142857142857143,"[2, 4]",2,minexplain_raw_temporal
2,d02,544,608,test,[2],"[2, 4]",33,3,2,16.656649621992052,0.17142857142857143,"[2, 4]",2,minexplain_raw_temporal
2,d02,608,672,test,[2],"[2, 4]",34,1,2,19.560313768772037,0.17142857142857143,"[2, 4]",2,minexplain_raw_temporal
2,d02,672,736,test,[2],"[2, 4, 3]",37,1,3,20.36427439305545,0.2523809523809524,"[2, 3, 4]",2,minexplain_raw_temporal
2,d02,736,800,test,"[2, 4]","[2, 4, 3]",38,2,3,22.274889841130275,0.28095238095238095,"[2, 3, 4]",2,minexplain_raw_temporal
2,d02,800,864,test,"[2, 14, 3]","[2, 14, 3, 4, 17]",44,0,5,27.379780315091637,0.24285714285714283,"[2, 3, 4, 14, 17]",2,minexplain_raw_temporal
2,d02,864,928,test,"[2, 14, 19]","[2, 14, 19, 11, 17, 4]",37,0,6,23.416009672711745,0.29642857142857143,"[2, 4, 11, 14, 17, 19]",2,minexplain_raw_temporal
3,d03,160,224,test,"[9, 10, 5]","[9, 10, 5, 16, 3]",31,0,5,19.14566648636516,0.2202380952380952,"[3, 5, 9, 10, 16]",9,minexplain_raw_temporal
3,d03,224,288,test,"[3, 14, 11]","[3, 14, 11]",19,0,3,13.183983743045685,0.5,"[3, 11, 14]",3,minexplain_raw_temporal
3,d03,288,352,test,[3],[3],16,9,1,5.067653091321477,0.5,[3],3,minexplain_raw_temporal
3,d03,352,416,test,[],[-1],7,7,0,0.0,0.0,[],-1,minexplain_raw_temporal
3,d03,416,480,test,[3],[3],7,3,1,3.327559227462674,0.5,[3],3,minexplain_raw_temporal
3,d03,480,544,test,"[3, 14, 5]","[3, 14, 5]",24,2,3,15.215362823796312,0.27777777777777773,"[3, 5, 14]",3,minexplain_raw_temporal
3,d03,544,608,test,"[10, 15, 5, 14]","[10, 15, 5, 14, 9, 16, 11, 3, 20]",33,0,9,21.487731515757154,0.3492063492063492,"[3, 5, 9, 10, 11, 14, 15, 16, 20]",10,minexplain_raw_temporal
3,d03,608,672,test,[15],[15],24,9,1,9.16769465826396,0.0,[15],15,minexplain_raw_temporal
3,d03,672,736,test,[3],[3],7,4,1,2.467836386186165,0.5,[3],3,minexplain_raw_temporal
3,d03,736,800,test,[],[-1],16,16,0,0.0,0.0,[],-1,minexplain_raw_temporal
3,d03,800,864,test,[14],"[14, 3, 11]",13,4,3,6.068319638334165,0.19444444444444442,"[3, 11, 14]",14,minexplain_raw_temporal
3,d03,864,928,test,"[9, 16]","[9, 16]",14,8,2,4.713820085958259,0.25,"[9, 16]",9,minexplain_raw_temporal
4,d04,160,224,test,"[14, 11]","[14, 11, 4, 3]",13,1,4,9.021247099049708,0.3125,"[3, 4, 11, 14]",14,minexplain_raw_temporal
4,d04,224,288,test,"[14, 4, 10]","[14, 4, 10, 3]",34,1,4,20.176891194124327,0.23214285714285715,"[3, 4, 10, 14]",14,minexplain_raw_temporal
4,d04,288,352,test,"[9, 10, 16, 4]","[9, 10, 16, 4, 3, 14]",32,0,6,18.01744625384482,0.08333333333333333,"[3, 4, 9, 10, 14, 16]",9,minexplain_raw_temporal
4,d04,352,416,test,[4],[4],10,9,1,1.3836938390733908,0.0,[4],4,minexplain_raw_temporal
4,d04,416,480,test,"[4, 3]","[4, 3]",16,5,2,6.816344134208727,0.25,"[3, 4]",4,minexplain_raw_temporal
4,d04,480,544,test,[4],[4],22,21,1,1.5179190451364584,0.0,[4],4,minexplain_raw_temporal
4,d04,544,608,test,"[3, 4]","[3, 4]",11,3,2,5.6475061872734535,0.25,"[3, 4]",3,minexplain_raw_temporal
4,d04,608,672,test,[4],[4],11,8,1,1.9490693713152627,0.0,[4],4,minexplain_raw_temporal
4,d04,672,736,test,"[4, 3]","[4, 3]",15,5,2,6.9653930229929415,0.25,"[3, 4]",4,minexplain_raw_temporal
4,d04,736,800,test,"[9, 3, 4]","[9, 3, 4, 16]",9,1,4,6.637105248963083,0.25,"[3, 4, 9, 16]",9,minexplain_raw_temporal
4,d04,800,864,test,"[4, 3]","[4, 3]",9,2,2,5.065962588294303,0.25,"[3, 4]",4,minexplain_raw_temporal
4,d04,864,928,test,"[9, 4, 3, 16]","[9, 4, 3, 16]",11,0,4,8.738185215905103,0.25,"[3, 4, 9, 16]",9,minexplain_raw_temporal
5,d05,160,224,test,"[19, 1, 5, 8]","[19, 1, 5, 8, 9, 15, 14, 10, 11, 18, 20, 3, 7, 13, 17, 16, 12]",82,0,17,59.153927239899296,0.20444792599517572,"[1, 3, 5, 7, 8, 9, 10, 11, 12, 13, 14, 15, 16, 17, 18, 19, 20]",19,minexplain_raw_temporal
5,d05,224,288,test,"[7, 8, 13, 12]","[7, 8, 13, 12, 9, 5, 3, 1, 18, 10, 16, 14, 20, 11]",110,2,14,73.14491338978941,0.13907838718343685,"[1, 3, 5, 7, 8, 9, 10, 11, 12, 13, 14, 16, 18, 20]",7,minexplain_raw_temporal
5,d05,288,352,test,"[10, 7, 5]","[10, 7, 5, 16, 9, 3, 14, 17, 11, 18, 12, 1, 13, 8]",66,0,14,42.75158750143632,0.30062572111072544,"[1, 3, 5, 7, 8, 9, 10, 11, 12, 13, 14, 16, 17, 18]",10,minexplain_raw_temporal
5,d05,352,416,test,"[10, 14, 11, 5]","[10, 14, 11, 5, 3, 20, 19, 18, 1]",50,0,9,31.22101269382479,0.4189153439153439,"[1, 3, 5, 10, 11, 14, 18, 19, 20]",10,minexplain_raw_temporal
5,d05,416,480,test,"[14, 20, 11]","[14, 20, 11, 3]",37,7,4,21.17881309239459,0.45,"[3, 11, 14, 20]",14,minexplain_raw_temporal
5,d05,480,544,test,[],[-1],22,22,0,0.0,0.0,[],-1,minexplain_raw_temporal
5,d05,544,608,test,[3],[3],8,3,1,3.906479044423518,0.5,[3],3,minexplain_raw_temporal
5,d05,608,672,test,[],[-1],12,12,0,0.0,0.0,[],-1,minexplain_raw_temporal
5,d05,672,736,test,[3],[3],12,9,1,2.5397471915468897,0.5,[3],3,minexplain_raw_temporal
5,d05,736,800,test,[3],[3],7,3,1,3.3582943452003944,0.5,[3],3,minexplain_raw_temporal
5,d05,800,864,test,[3],[3],10,7,1,2.9366222043564796,0.5,[3],3,minexplain_raw_temporal
5,d05,864,928,test,"[9, 16]","[9, 16, 3]",10,2,3,5.487364148592281,0.3333333333333333,"[3, 9, 16]",9,minexplain_raw_temporal
6,d06,160,224,test,"[6, 10, 1, 13, 12, 7, 2]","[6, 10, 1, 13, 12, 7, 2, 9, 16, 20, 5, 3, 8, 18, 14]",90,0,15,68.33847793704443,0.2865705279738588,"[1, 2, 3, 5, 6, 7, 8, 9, 10, 12, 13, 14, 16, 18, 20]",6,minexplain_raw_temporal
6,d06,224,288,test,"[6, 13, 1, 8]","[6, 13, 1, 8, 9, 10, 16, 3, 18, 5, 14, 11, 7, 19, 20, 12, 17]",108,0,17,78.56348974601559,0.16983213393593388,"[1, 3, 5, 6, 7, 8, 9, 10, 11, 12, 13, 14, 16, 17, 18, 19, 20]",6,minexplain_raw_temporal
6,d06,288,352,test,[6],"[6, 4, 21]",84,1,3,36.96393603203736,0.12280701754385964,"[4, 6, 21]",6,minexplain_raw_temporal
6,d06,352,416,test,[6],"[6, 21, 4]",86,2,3,34.994529210584574,0.12280701754385964,"[4, 6, 21]",6,minexplain_raw_temporal
6,d06,416,480,test,[6],"[6, 21, 4]",85,3,3,35.84531484946812,0.13450292397660818,"[4, 6, 21]",6,minexplain_raw_temporal
6,d06,480,544,test,"[6, 21]","[6, 21, 4, 3]",86,4,4,37.350281516936434,0.1557017543859649,"[3, 4, 6, 21]",6,minexplain_raw_temporal
6,d06,544,608,test,"[6, 21]","[6, 21, 4]",83,2,3,36.75104873946879,0.04093567251461988,"[4, 6, 21]",6,minexplain_raw_temporal
6,d06,608,672,test,"[6, 21]","[6, 21, 4]",81,2,3,35.71005653882674,0.04093567251461988,"[4, 6, 21]",6,minexplain_raw_temporal
6,d06,672,736,test,"[6, 21]","[6, 21, 4]",83,3,3,35.879045488136974,0.03508771929824561,"[4, 6, 21]",6,minexplain_raw_temporal
6,d06,736,800,test,"[6, 21]","[6, 21, 3, 4]",83,2,4,36.87222419404829,0.1513157894736842,"[3, 4, 6, 21]",6,minexplain_raw_temporal
6,d06,800,864,test,"[6, 21]","[6, 21, 4]",84,2,3,37.15296368563706,0.03508771929824561,"[4, 6, 21]",6,minexplain_raw_temporal
6,d06,864,928,test,"[6, 21]","[6, 21, 3, 4]",82,2,4,35.621785262186144,0.1557017543859649,"[3, 4, 6, 21]",6,minexplain_raw_temporal
7,d07,160,224,test,"[5, 12, 1, 7, 13]","[5, 12, 1, 7, 13, 9, 19, 10, 16, 8, 4, 15, 18, 17, 14, 11, 20, 3]",105,0,18,81.0452576580935,0.1767032420643502,"[1, 3, 4, 5, 7, 8, 9, 10, 11, 12, 13, 14, 15, 16, 17, 18, 19, 20]",5,minexplain_raw_temporal
7,d07,224,288,test,"[7, 5, 13]","[7, 5, 13, 9, 1, 8, 16, 12, 18, 20, 10, 14, 17, 19, 11, 3]",112,0,16,82.60359786706776,0.19501304666428904,"[1, 3, 5, 7, 8, 9, 10, 11, 12, 13, 14, 16, 17, 18, 19, 20]",7,minexplain_raw_temporal
7,d07,288,352,test,"[5, 1, 8, 13, 7, 12]","[5, 1, 8, 13, 7, 12, 9, 10, 18, 16, 14, 2, 11, 20, 17, 3]",93,0,16,65.75617531062298,0.24476748883100635,"[1, 2, 3, 5, 7, 8, 9, 10, 11, 12, 13, 14, 16, 17, 18, 20]",5,minexplain_raw_temporal
7,d07,352,416,test,"[10, 1, 7]","[10, 1, 7, 9, 16, 5, 15, 20, 19, 3, 14, 11, 8, 18, 12]",83,0,15,56.1737307482863,0.2545684454153014,"[1, 3, 5, 7, 8, 9, 10, 11, 12, 14, 15, 16, 18, 19, 20]",10,minexplain_raw_temporal
7,d07,416,480,test,"[10, 16, 5, 18]","[10, 16, 5, 18, 9, 15, 14, 20, 1, 3, 8, 12]",65,1,12,42.90614097747981,0.2638480392156863,"[1, 3, 5, 8, 9, 10, 12, 14, 15, 16, 18, 20]",10,minexplain_raw_temporal
7,d07,480,544,test,"[10, 15, 16, 9, 5]","[10, 15, 16, 9, 5, 11]",42,0,6,26.87741827041153,0.21428571428571427,"[5, 9, 10, 11, 15, 16]",10,minexplain_raw_temporal
7,d07,544,608,test,"[15, 10, 20]","[15, 10, 20, 9, 16, 3]",34,6,6,16.88305189489457,0.16666666666666666,"[3, 9, 10, 15, 16, 20]",15,minexplain_raw_temporal
7,d07,608,672,test,"[10, 9]","[10, 9, 16]",28,3,3,15.05639440454236,0.14285714285714285,"[9, 10, 16]",10,minexplain_raw_temporal
7,d07,672,736,test,[],[-1],7,7,0,0.0,0.0,[],-1,minexplain_raw_temporal
7,d07,736,800,test,[3],[3],10,4,1,4.102150155218437,0.5,[3],3,minexplain_raw_temporal
7,d07,800,864,test,[3],[3],4,1,1,2.539021924580684,0.5,[3],3,minexplain_raw_temporal
7,d07,864,928,test,[3],[3],3,2,1,1.3852876244355543,0.5,[3],3,minexplain_raw_temporal
8,d08,160,224,test,"[14, 8, 1, 11, 5]","[14, 8, 1, 11, 5, 19, 9, 10, 18, 3, 20, 12, 16, 7]",66,0,14,48.915183208698075,0.389676493939751,"[1, 3, 5, 7, 8, 9, 10, 11, 12, 14, 16, 18, 19, 20]",14,minexplain_raw_temporal
8,d08,224,288,test,"[8, 5, 13, 1]","[8, 5, 13, 1, 9, 12, 16, 10, 7, 18, 20, 14, 11, 3]",93,0,14,70.15636321261094,0.21467805885442268,"[1, 3, 5, 7, 8, 9, 10, 11, 12, 13, 14, 16, 18, 20]",8,minexplain_raw_temporal
8,d08,288,352,test,"[1, 8, 12, 7, 5, 13]","[1, 8, 12, 7, 5, 13, 10, 16, 9, 3, 2, 18, 4, 14, 17, 20, 19, 11]",107,0,18,79.79476376975857,0.1972696891280749,"[1, 2, 3, 4, 5, 7, 8, 9, 10, 11, 12, 13, 14, 16, 17, 18, 19, 20]",1,minexplain_raw_temporal
8,d08,352,416,test,"[5, 1, 12, 7]","[5, 1, 12, 7, 9, 16, 10, 13, 18, 20, 8, 19, 14, 11, 17, 3]",96,0,16,68.84593583147026,0.22335054362384352,"[1, 3, 5, 7, 8, 9, 10, 11, 12, 13, 14, 16, 17, 18, 19, 20]",5,minexplain_raw_temporal
8,d08,416,480,test,"[10, 8, 12, 7, 5, 13]","[10, 8, 12, 7, 5, 13, 9, 16, 1, 19, 18, 20, 14, 17, 3, 11]",103,0,16,80.85055829701565,0.2229528602502707,"[1, 3, 5, 7, 8, 9, 10, 11, 12, 13, 14, 16, 17, 18, 19, 20]",10,minexplain_raw_temporal
8,d08,480,544,test,"[5, 13, 1, 8, 12]","[5, 13, 1, 8, 12, 9, 16, 10, 7, 14, 20, 18, 19, 3, 11, 2, 17]",115,0,17,87.89980285327853,0.18563779467162117,"[1, 2, 3, 5, 7, 8, 9, 10, 11, 12, 13, 14, 16, 17, 18, 19, 20]",5,minexplain_raw_temporal
8,d08,544,608,test,"[5, 7, 1, 12]","[5, 7, 1, 12, 8, 3, 9, 10, 13, 18, 16, 15, 11, 14, 17, 20]",93,0,16,64.76544275667685,0.17959286185505893,"[1, 3, 5, 7, 8, 9, 10, 11, 12, 13, 14, 15, 16, 17, 18, 20]",5,minexplain_raw_temporal
8,d08,608,672,test,"[7, 1, 13, 5]","[7, 1, 13, 5, 9, 16, 15, 19, 3, 10, 20, 12, 14, 18, 11, 17, 8]",94,0,17,69.04086051722504,0.17698146992493854,"[1, 3, 5, 7, 8, 9, 10, 11, 12, 13, 14, 15, 16, 17, 18, 19, 20]",7,minexplain_raw_temporal
8,d08,672,736,test,"[1, 5, 7]","[1, 5, 7, 9, 16, 10, 8, 19, 15, 12, 13, 14, 20, 18, 11, 3, 17]",79,0,17,56.35948386487339,0.23142328943797177,"[1, 3, 5, 7, 8, 9, 10, 11, 12, 13, 14, 15, 16, 17, 18, 19, 20]",1,minexplain_raw_temporal
8,d08,736,800,test,"[10, 7, 5, 12]","[10, 7, 5, 12, 9, 16, 3, 2, 15, 14, 18, 11, 13, 1, 8]",80,0,15,57.28076109209704,0.2379536709746489,"[1, 2, 3, 5, 7, 8, 9, 10, 11, 12, 13, 14, 15, 16, 18]",10,minexplain_raw_temporal
8,d08,800,864,test,"[10, 5, 14, 1, 2, 7, 18]","[10, 5, 14, 1, 2, 7, 18, 9, 16, 19, 3, 20, 11, 17, 12, 8, 13]",83,0,17,62.90261924063603,0.23618542911987042,"[1, 2, 3, 5, 7, 8, 9, 10, 11, 12, 13, 14, 16, 17, 18, 19, 20]",10,minexplain_raw_temporal
8,d08,864,928,test,"[10, 5, 1, 12, 7]","[10, 5, 1, 12, 7, 9, 16, 15, 19, 20, 8, 18, 13, 11, 3, 14]",98,0,16,72.41488273228114,0.22144413018767467,"[1, 3, 5, 7, 8, 9, 10, 11, 12, 13, 14, 15, 16, 18, 19, 20]",10,minexplain_raw_temporal
9,d09,160,224,test,"[10, 9, 3]","[10, 9, 3, 16, 14, 20, 5]",25,0,7,14.695501245678017,0.32653061224489793,"[3, 5, 9, 10, 14, 16, 20]",10,minexplain_raw_temporal
9,d09,224,288,test,"[15, 3]","[15, 3]",10,2,2,6.4444536870599745,0.25,"[3, 15]",15,minexplain_raw_temporal
9,d09,288,352,test,[3],[3],8,0,1,5.989806283228221,0.5,[3],3,minexplain_raw_temporal
9,d09,352,416,test,[15],[15],18,6,1,7.833961658600012,0.0,[15],15,minexplain_raw_temporal
9,d09,416,480,test,"[14, 15]","[14, 15, 3]",20,4,3,10.235290321019459,0.16666666666666666,"[3, 14, 15]",14,minexplain_raw_temporal
9,d09,480,544,test,"[15, 11]","[15, 11]",14,4,2,6.771379426876063,0.25,"[11, 15]",15,minexplain_raw_temporal
9,d09,544,608,test,[15],"[15, 3]",13,5,2,5.68854172628086,0.25,"[3, 15]",15,minexplain_raw_temporal
9,d09,608,672,test,[11],[11],20,7,1,9.389218769500513,0.5,[11],11,minexplain_raw_temporal
9,d09,672,736,test,[15],[15],16,7,1,5.44406862774986,0.0,[15],15,minexplain_raw_temporal
9,d09,736,800,test,[3],[3],18,13,1,3.7158891841578114,0.5,[3],3,minexplain_raw_temporal
9,d09,800,864,test,"[15, 14, 10, 3, 5]","[15, 14, 10, 3, 5, 20]",29,1,6,18.288878613307336,0.4047619047619048,"[3, 5, 10, 14, 15, 20]",15,minexplain_raw_temporal
9,d09,864,928,test,"[10, 5]","[10, 5, 9, 16, 20, 3]",35,1,6,22.152607126762007,0.2501984126984127,"[3, 5, 9, 10, 16, 20]",10,minexplain_raw_temporal
10,d10,160,224,test,"[14, 10, 5]","[14, 10, 5, 19, 15, 16, 3, 20]",41,0,8,25.371580995034122,0.37217261904761906,"[3, 5, 10, 14, 15, 16, 19, 20]",14,minexplain_raw_temporal
10,d10,224,288,test,"[10, 14, 5]","[10, 14, 5, 16, 9, 11, 3]",53,0,7,30.62856717192171,0.10119047619047619,"[3, 5, 9, 10, 11, 14, 16]",10,minexplain_raw_temporal
10,d10,288,352,test,[10],"[10, 9, 16, 3]",31,5,4,16.218910439063528,0.1607142857142857,"[3, 9, 10, 16]",10,minexplain_raw_temporal
10,d10,352,416,test,"[16, 14, 10, 11, 9]","[16, 14, 10, 11, 9, 3, 5]",33,0,7,20.786907864265924,0.19047619047619047,"[3, 5, 9, 10, 11, 14, 16]",16,minexplain_raw_temporal
10,d10,416,480,test,[16],"[16, 9]",4,1,2,2.4463298513019933,0.25,"[9, 16]",16,minexplain_raw_temporal
10,d10,480,544,test,"[3, 16]","[3, 16]",10,5,2,4.427353515505919,0.5,"[3, 16]",3,minexplain_raw_temporal
10,d10,544,608,test,"[10, 14, 16]","[10, 14, 16, 3]",23,4,4,12.68683717163418,0.48214285714285715,"[3, 10, 14, 16]",10,minexplain_raw_temporal
10,d10,608,672,test,"[10, 14, 15, 5, 20]","[10, 14, 15, 5, 20, 9, 16, 3, 19, 11, 1, 18, 7, 8, 12]",63,0,15,43.51133750936999,0.2502383367139959,"[1, 3, 5, 7, 8, 9, 10, 11, 12, 14, 15, 16, 18, 19, 20]",10,minexplain_raw_temporal
10,d10,672,736,test,"[1, 5, 14, 13]","[1, 5, 14, 13, 9, 16, 10, 20, 19, 11, 8, 18, 12, 3]",78,0,14,55.13144411356858,0.2969641095304519,"[1, 3, 5, 8, 9, 10, 11, 12, 13, 14, 16, 18, 19, 20]",1,minexplain_raw_temporal
10,d10,736,800,test,"[5, 10, 12]","[5, 10, 12, 9, 16, 7, 18, 3, 11, 14, 13, 8, 1]",71,0,13,45.608762351688185,0.23782118137260166,"[1, 3, 5, 7, 8, 9, 10, 11, 12, 13, 14, 16, 18]",5,minexplain_raw_temporal
10,d10,800,864,test,"[10, 14, 5, 1, 9]","[10, 14, 5, 1, 9, 16, 11, 20, 3]",50,0,9,33.82675156787931,0.2916666666666667,"[1, 3, 5, 9, 10, 11, 14, 16, 20]",10,minexplain_raw_temporal
10,d10,864,928,test,[16],[16],9,6,1,2.7378378796588363,0.5,[16],16,minexplain_raw_temporal
11,d11,160,224,test,[11],[11],14,2,1,8.628847663054222,0.5,[11],11,minexplain_raw_temporal
11,d11,224,288,test,"[3, 14, 17]","[3, 14, 17, 4, 11]",15,3,5,10.111833310995248,0.21904761904761902,"[3, 4, 11, 14, 17]",3,minexplain_raw_temporal
11,d11,288,352,test,"[16, 10, 11, 14]","[16, 10, 11, 14, 9, 3]",35,3,6,21.627827983819778,0.20436507936507933,"[3, 9, 10, 11, 14, 16]",16,minexplain_raw_temporal
11,d11,352,416,test,"[10, 4, 16, 11, 9]","[10, 4, 16, 11, 9, 14, 3, 17]",28,1,8,18.559968043732077,0.10267857142857142,"[3, 4, 9, 10, 11, 14, 16, 17]",10,minexplain_raw_temporal
11,d11,416,480,test,"[9, 14, 17, 10, 11, 3, 4]","[9, 14, 17, 10, 11, 3, 4, 16]",46,11,8,26.985632916869204,0.23809523809523808,"[3, 4, 9, 10, 11, 14, 16, 17]",9,minexplain_raw_temporal
11,d11,480,544,test,"[10, 16, 14, 9, 17]","[10, 16, 14, 9, 17, 4, 3, 11]",43,6,8,24.699077576755833,0.05357142857142857,"[3, 4, 9, 10, 11, 14, 16, 17]",10,minexplain_raw_temporal
11,d11,544,608,test,"[16, 17, 11, 9]","[16, 17, 11, 9, 4]",23,1,5,17.801462862855384,0.2857142857142857,"[4, 9, 11, 16, 17]",16,minexplain_raw_temporal
11,d11,608,672,test,"[14, 11, 3]","[14, 11, 3, 15, 19]",31,6,5,16.69768021915604,0.32999999999999996,"[3, 11, 14, 15, 19]",14,minexplain_raw_temporal
11,d11,672,736,test,"[14, 11]","[14, 11, 3]",13,0,3,9.347830442785796,0.4166666666666667,"[3, 11, 14]",14,minexplain_raw_temporal
11,d11,736,800,test,"[14, 11]","[14, 11, 4, 17]",9,0,4,8.164226255489046,0.29464285714285715,"[4, 11, 14, 17]",14,minexplain_raw_temporal
11,d11,800,864,test,"[9, 11]","[9, 11, 16]",11,4,3,6.5934150883831,0.3333333333333333,"[9, 11, 16]",9,minexplain_raw_temporal
11,d11,864,928,test,[11],"[11, 4]",7,1,2,5.2550128665382125,0.25,"[4, 11]",11,minexplain_raw_temporal
12,d12,160,224,test,"[16, 17, 12, 5, 7]","[16, 17, 12, 5, 7, 9, 10, 19, 18, 20, 14, 11, 3, 13, 8, 1]",67,0,16,47.047857168878565,0.3103440916101887,"[1, 3, 5, 7, 8, 9, 10, 11, 12, 13, 14, 16, 17, 18, 19, 20]",16,minexplain_raw_temporal
12,d12,224,288,test,"[1, 5, 7, 13]","[1, 5, 7, 13, 9, 16, 10, 15, 19, 14, 12, 18, 20, 8, 17, 11, 3]",74,0,17,55.870247053303494,0.22754549672806193,"[1, 3, 5, 7, 8, 9, 10, 11, 12, 13, 14, 15, 16, 17, 18, 19, 20]",1,minexplain_raw_temporal
12,d12,288,352,test,"[1, 10, 5, 12, 7, 8]","[1, 10, 5, 12, 7, 8, 9, 16, 19, 18, 14, 17, 20, 13, 11, 3]",97,0,16,68.9537701359768,0.22329003258604851,"[1, 3, 5, 7, 8, 9, 10, 11, 12, 13, 14, 16, 17, 18, 19, 20]",1,minexplain_raw_temporal
12,d12,352,416,test,"[12, 10, 5, 8, 18, 7]","[12, 10, 5, 8, 18, 7, 9, 16, 14, 19, 13, 1, 11, 17, 20, 3]",79,0,16,60.57994689252336,0.25324758781950585,"[1, 3, 5, 7, 8, 9, 10, 11, 12, 13, 14, 16, 17, 18, 19, 20]",12,minexplain_raw_temporal
12,d12,416,480,test,"[5, 1, 12, 7]","[5, 1, 12, 7, 9, 16, 8, 10, 13, 18, 15, 19, 14, 3, 2, 11, 20, 17]",109,0,18,75.78681589214052,0.1714211424871188,"[1, 2, 3, 5, 7, 8, 9, 10, 11, 12, 13, 14, 15, 16, 17, 18, 19, 20]",5,minexplain_raw_temporal
12,d12,480,544,test,"[10, 5, 18, 1, 12]","[10, 5, 18, 1, 12, 9, 16, 14, 20, 13, 7, 8, 3, 17, 19, 11]",80,0,16,60.253193651153744,0.22540307350428657,"[1, 3, 5, 7, 8, 9, 10, 11, 12, 13, 14, 16, 17, 18, 19, 20]",10,minexplain_raw_temporal
12,d12,544,608,test,"[16, 1, 18, 5, 17, 20]","[16, 1, 18, 5, 17, 20, 9, 10, 15, 14, 12, 19, 8, 11, 3]",78,2,15,58.596325937715385,0.2120304532069238,"[1, 3, 5, 8, 9, 10, 11, 12, 14, 15, 16, 17, 18, 19, 20]",16,minexplain_raw_temporal
12,d12,608,672,test,"[7, 12, 13, 14]","[7, 12, 13, 14, 9, 5, 16, 19, 10, 18, 8, 3, 1, 11, 20, 17]",84,0,16,59.35138126652261,0.18624815428579639,"[1, 3, 5, 7, 8, 9, 10, 11, 12, 13, 14, 16, 17, 18, 19, 20]",7,minexplain_raw_temporal
12,d12,672,736,test,"[12, 8, 5, 7, 13]","[12, 8, 5, 7, 13, 9, 16, 19, 18, 1, 10, 17, 14, 4, 11, 2, 20, 3]",118,0,18,91.77554090889195,0.19702259725612986,"[1, 2, 3, 4, 5, 7, 8, 9, 10, 11, 12, 13, 14, 16, 17, 18, 19, 20]",12,minexplain_raw_temporal
12,d12,736,800,test,"[12, 1, 18, 5]","[12, 1, 18, 5, 9, 13, 8, 11, 20, 16, 15, 10, 17, 14, 7, 19, 3]",117,0,17,93.10121113916479,0.16143776712301067,"[1, 3, 5, 7, 8, 9, 10, 11, 12, 13, 14, 15, 16, 17, 18, 19, 20]",12,minexplain_raw_temporal
12,d12,800,864,test,"[8, 7, 13, 18, 1, 14, 12]","[8, 7, 13, 18, 1, 14, 12, 16, 9, 5, 10, 19, 15, 11, 20, 3, 17]",123,2,17,92.34494753164279,0.11432378282631674,"[1, 3, 5, 7, 8, 9, 10, 11, 12, 13, 14, 15, 16, 17, 18, 19, 20]",8,minexplain_raw_temporal
12,d12,864,928,test,"[7, 1, 13, 12]","[7, 1, 13, 12, 9, 5, 8, 18, 16, 10, 4, 2, 14, 19, 3, 17, 20, 11]",104,0,18,77.53178279091159,0.16300231196609438,"[1, 2, 3, 4, 5, 7, 8, 9, 10, 11, 12, 13, 14, 16, 17, 18, 19, 20]",7,minexplain_raw_temporal
13,d13,160,224,test,"[10, 15, 5, 9]","[10, 15, 5, 9, 14, 16, 3, 11]",57,4,8,38.86089934121504,0.32217261904761907,"[3, 5, 9, 10, 11, 14, 15, 16]",10,minexplain_raw_temporal
13,d13,224,288,test,"[2, 16, 11, 7, 5, 12]","[2, 16, 11, 7, 5, 12, 9, 10, 3, 18, 20, 14, 19, 8, 1]",82,1,15,57.23582804827447,0.26023315426966537,"[1, 2, 3, 5, 7, 8, 9, 10, 11, 12, 14, 16, 18, 19, 20]",2,minexplain_raw_temporal
13,d13,288,352,test,"[10, 20, 8, 5, 12, 2, 1]","[10, 20, 8, 5, 12, 2, 1, 9, 16, 3]",75,0,10,57.61544519713738,0.279684065934066,"[1, 2, 3, 5, 8, 9, 10, 12, 16, 20]",10,minexplain_raw_temporal
13,d13,352,416,test,"[5, 7, 2, 1, 12]","[5, 7, 2, 1, 12, 9, 20, 16, 10, 3, 4, 18, 8, 14, 17]",102,0,15,75.28932260873323,0.17358243739582482,"[1, 2, 3, 4, 5, 7, 8, 9, 10, 12, 14, 16, 17, 18, 20]",5,minexplain_raw_temporal
13,d13,416,480,test,"[1, 18, 12, 5, 8]","[1, 18, 12, 5, 8, 13, 20, 9, 16, 10, 14, 2, 7, 19, 17, 11, 3]",106,0,17,79.16581263581217,0.21921007930645958,"[1, 2, 3, 5, 7, 8, 9, 10, 11, 12, 13, 14, 16, 17, 18, 19, 20]",1,minexplain_raw_temporal
13,d13,480,544,test,"[12, 1, 7, 5, 8]","[12, 1, 7, 5, 8, 9, 16, 4, 13, 18, 2, 3, 10, 17, 14, 19, 20, 11]",96,0,18,69.77709573379727,0.2079315184665083,"[1, 2, 3, 4, 5, 7, 8, 9, 10, 11, 12, 13, 14, 16, 17, 18, 19, 20]",12,minexplain_raw_temporal
13,d13,544,608,test,"[5, 2, 7, 12, 13]","[5, 2, 7, 12, 13, 16, 9, 10, 1, 18, 8, 14, 11, 20, 3, 19]",106,0,16,77.11632328186444,0.26558214597091107,"[1, 2, 3, 5, 7, 8, 9, 10, 11, 12, 13, 14, 16, 18, 19, 20]",5,minexplain_raw_temporal
13,d13,608,672,test,"[13, 7, 12, 8, 1, 6]","[13, 7, 12, 8, 1, 6, 5, 9, 16, 18, 10, 20, 14, 11, 3]",127,0,15,97.29465210403379,0.20900281402523316,"[1, 3, 5, 6, 7, 8, 9, 10, 11, 12, 13, 14, 16, 18, 20]",13,minexplain_raw_temporal
13,d13,672,736,test,"[7, 13, 8, 12]","[7, 13, 8, 12, 9, 19, 18, 1, 14, 5, 16, 3, 10, 11, 2, 17, 20]",124,2,17,94.57084926465174,0.16423891661270695,"[1, 2, 3, 5, 7, 8, 9, 10, 11, 12, 13, 14, 16, 17, 18, 19, 20]",7,minexplain_raw_temporal
13,d13,736,800,test,"[12, 13, 7, 6]","[12, 13, 7, 6, 9, 8, 1, 5, 18, 16, 10, 20, 17, 19, 14, 2, 3, 11]",120,0,18,87.28165550344845,0.20758666768862133,"[1, 2, 3, 5, 6, 7, 8, 9, 10, 11, 12, 13, 14, 16, 17, 18, 19, 20]",12,minexplain_raw_temporal
13,d13,800,864,test,"[1, 13, 7, 8, 12, 18]","[1, 13, 7, 8, 12, 18, 9, 16, 5, 20, 15, 10, 19, 11, 14, 17, 3]",123,3,17,93.67764796413593,0.14432290099934333,"[1, 3, 5, 7, 8, 9, 10, 11, 12, 13, 14, 15, 16, 17, 18, 19, 20]",1,minexplain_raw_temporal
13,d13,864,928,test,"[1, 8, 13, 7]","[1, 8, 13, 7, 9, 12, 5, 16, 18, 3, 14, 10, 11, 19, 6, 2, 20, 17]",126,2,18,93.14308356012585,0.17680580984934033,"[1, 2, 3, 5, 6, 7, 8, 9, 10, 11, 12, 13, 14, 16, 17, 18, 19, 20]",1,minexplain_raw_temporal
14,d14,160,224,test,"[14, 3]","[14, 3, 11]",16,2,3,10.515655971074203,0.27777777777777773,"[3, 11, 14]",14,minexplain_raw_temporal
14,d14,224,288,test,"[11, 14]","[11, 14, 3]",9,1,3,6.4781376787407225,0.27777777777777773,"[3, 11, 14]",11,minexplain_raw_temporal
14,d14,288,352,test,"[14, 11]","[14, 11]",4,0,2,4.744026214337193,0.375,"[11, 14]",14,minexplain_raw_temporal
14,d14,352,416,test,"[9, 15, 14]","[9, 15, 14, 16, 11]",12,0,5,9.371917098399225,0.25,"[9, 11, 14, 15, 16]",9,minexplain_raw_temporal
14,d14,416,480,test,"[14, 11]","[14, 11, 3]",11,1,3,8.2698894546299,0.3611111111111111,"[3, 11, 14]",14,minexplain_raw_temporal
14,d14,480,544,test,"[9, 15, 14, 11]","[9, 15, 14, 11, 16, 3]",23,0,6,15.221098591289618,0.2222222222222222,"[3, 9, 11, 14, 15, 16]",9,minexplain_raw_temporal
14,d14,544,608,test,"[14, 11]","[14, 11]",10,1,2,8.099068433710372,0.375,"[11, 14]",14,minexplain_raw_temporal
14,d14,608,672,test,[11],"[11, 14]",5,0,2,4.267370078763209,0.25,"[11, 14]",11,minexplain_raw_temporal
14,d14,672,736,test,"[3, 11]","[3, 11, 14]",8,0,3,7.692103979327967,0.27777777777777773,"[3, 11, 14]",3,minexplain_raw_temporal
14,d14,736,800,test,[14],"[14, 11, 19]",9,2,3,6.153976388558944,0.3833333333333333,"[11, 14, 19]",14,minexplain_raw_temporal
14,d14,800,864,test,"[11, 14]","[11, 14, 3]",18,2,3,10.78463848941058,0.08333333333333333,"[3, 11, 14]",11,minexplain_raw_temporal
14,d14,864,928,test,"[17, 11, 14]","[17, 11, 14, 3]",18,1,4,11.287401399165619,0.2738095238095238,"[3, 11, 14, 17]",17,minexplain_raw_temporal
15,d15,160,224,test,[],[-1],2,2,0,0.0,0.0,[],-1,minexplain_raw_temporal
15,d15,224,288,test,[15],[15],16,6,1,5.93597186907177,0.0,[15],15,minexplain_raw_temporal
15,d15,288,352,test,[],[-1],9,9,0,0.0,0.0,[],-1,minexplain_raw_temporal
15,d15,352,416,test,[],[-1],2,2,0,0.0,0.0,[],-1,minexplain_raw_temporal
15,d15,416,480,test,[11],[11],3,0,1,3.036092135970244,0.5,[11],11,minexplain_raw_temporal
15,d15,480,544,test,[3],[3],3,1,1,1.86412402766131,0.5,[3],3,minexplain_raw_temporal
15,d15,544,608,test,"[11, 3]","[11, 3, 14]",15,1,3,8.7814456914885,0.5,"[3, 11, 14]",11,minexplain_raw_temporal
15,d15,608,672,test,[3],[3],16,9,1,4.163503299052156,0.5,[3],3,minexplain_raw_temporal
15,d15,672,736,test,"[16, 10, 14]","[16, 10, 14, 9, 3]",21,0,5,13.398187043756854,0.32857142857142857,"[3, 9, 10, 14, 16]",16,minexplain_raw_temporal
15,d15,736,800,test,"[17, 11, 18, 14]","[17, 11, 18, 14, 3, 15, 19, 20, 5, 8]",48,0,10,33.80230412771656,0.29486694677871145,"[3, 5, 8, 11, 14, 15, 17, 18, 19, 20]",17,minexplain_raw_temporal
15,d15,800,864,test,"[16, 10, 7]","[16, 10, 7, 9, 3, 14, 5, 11, 18, 12]",60,0,10,35.78855838239895,0.3073815467831695,"[3, 5, 7, 9, 10, 11, 12, 14, 16, 18]",16,minexplain_raw_temporal
15,d15,864,928,test,[10],"[10, 9, 16, 3]",28,10,4,10.468091090626082,0.19642857142857142,"[3, 9, 10, 16]",10,minexplain_raw_temporal
16,d16,160,224,test,"[11, 10, 16]","[11, 10, 16, 9]",17,2,4,9.365000449454046,0.23214285714285715,"[9, 10, 11, 16]",11,minexplain_raw_temporal
16,d16,224,288,test,"[15, 9, 16]","[15, 9, 16]",16,2,3,8.669929676754727,0.16666666666666666,"[9, 15, 16]",15,minexplain_raw_temporal
16,d16,288,352,test,"[10, 14, 9]","[10, 14, 9, 16, 3]",22,1,5,13.36972076923762,0.12857142857142856,"[3, 9, 10, 14, 16]",10,minexplain_raw_temporal
16,d16,352,416,test,"[10, 9, 5]","[10, 9, 5, 16, 3]",37,1,5,23.1278088580287,0.20357142857142857,"[3, 5, 9, 10, 16]",10,minexplain_raw_temporal
16,d16,416,480,test,"[16, 10]","[16, 10, 9]",23,8,3,9.717152687939972,0.14285714285714285,"[9, 10, 16]",16,minexplain_raw_temporal
16,d16,480,544,test,"[16, 15, 10, 9]","[16, 15, 10, 9, 3]",31,2,5,17.725712576490455,0.1,"[3, 9, 10, 15, 16]",16,minexplain_raw_temporal
16,d16,544,608,test,"[10, 14, 5]","[10, 14, 5, 9, 16, 15, 3, 20]",42,0,8,28.578724575367367,0.18452380952380953,"[3, 5, 9, 10, 14, 15, 16, 20]",10,minexplain_raw_temporal
16,d16,608,672,test,"[14, 9, 10]","[14, 9, 10, 3, 15, 16]",26,3,6,13.316566129571582,0.10714285714285714,"[3, 9, 10, 14, 15, 16]",14,minexplain_raw_temporal
16,d16,672,736,test,[16],"[16, 9]",13,6,2,4.201941982592112,0.0,"[9, 16]",16,minexplain_raw_temporal
16,d16,736,800,test,"[16, 10, 5, 14, 18]","[16, 10, 5, 14, 18, 9, 3, 11, 20, 7, 8, 1]",58,0,12,40.555144890549144,0.2518988054992112,"[1, 3, 5, 7, 8, 9, 10, 11, 14, 16, 18, 20]",16,minexplain_raw_temporal
16,d16,800,864,test,"[10, 7, 5]","[10, 7, 5, 9, 16, 3, 11, 18, 14, 17, 12, 1, 8]",68,0,13,40.80533696575623,0.21490774334626728,"[1, 3, 5, 7, 8, 9, 10, 11, 12, 14, 16, 17, 18]",10,minexplain_raw_temporal
16,d16,864,928,test,"[10, 16, 15, 5, 18]","[10, 16, 15, 5, 18, 9, 3, 14, 11, 20, 1, 7, 12]",55,0,13,36.649400664212024,0.27860185596376896,"[1, 3, 5, 7, 9, 10, 11, 12, 14, 15, 16, 18, 20]",10,minexplain_raw_temporal
17,d17,160,224,test,"[14, 17]","[14, 17, 4, 3, 11]",14,0,5,11.68636973889611,0.02857142857142857,"[3, 4, 11, 14, 17]",14,minexplain_raw_temporal
17,d17,224,288,test,"[17, 4, 14]","[17, 4, 14, 11, 3]",36,6,5,20.285242875391088,0.2119047619047619,"[3, 4, 11, 14, 17]",17,minexplain_raw_temporal
17,d17,288,352,test,"[9, 11, 17]","[9, 11, 17, 4, 10, 16, 3, 14]",25,0,8,15.591568384711785,0.10119047619047618,"[3, 4, 9, 10, 11, 14, 16, 17]",9,minexplain_raw_temporal
17,d17,352,416,test,"[14, 9, 10, 18, 11, 17]","[14, 9, 10, 18, 11, 17, 4, 16, 19, 20, 3]",43,0,11,30.43165348238427,0.19567099567099566,"[3, 4, 9, 10, 11, 14, 16, 17, 18, 19, 20]",14,minexplain_raw_temporal
17,d17,416,480,test,"[10, 17, 4, 5, 16]","[10, 17, 4, 5, 16, 9, 14, 11, 19, 3, 20, 18, 8]",53,0,13,36.120801397997646,0.20847877612583493,"[3, 4, 5, 8, 9, 10, 11, 14, 16, 17, 18, 19, 20]",10,minexplain_raw_temporal
17,d17,480,544,test,"[10, 14, 7, 5, 17]","[10, 14, 7, 5, 17, 9, 16, 19, 4, 20, 3, 11, 18, 12]",55,0,14,36.635742817626166,0.2472806629283013,"[3, 4, 5, 7, 9, 10, 11, 12, 14, 16, 17, 18, 19, 20]",10,minexplain_raw_temporal
17,d17,544,608,test,"[10, 14, 17, 20]","[10, 14, 17, 20, 9, 4, 16, 15, 11, 3]",44,10,10,25.02828755590495,0.14952380952380953,"[3, 4, 9, 10, 11, 14, 15, 16, 17, 20]",10,minexplain_raw_temporal
17,d17,608,672,test,"[16, 4, 9, 17]","[16, 4, 9, 17, 14, 3, 11]",33,2,7,21.624528142849076,0.17517006802721086,"[3, 4, 9, 11, 14, 16, 17]",16,minexplain_raw_temporal
17,d17,672,736,test,"[14, 4, 17]","[14, 4, 17, 11]",18,1,4,13.600366684589599,0.1875,"[4, 11, 14, 17]",14,minexplain_raw_temporal
17,d17,736,800,test,"[11, 17]","[11, 17, 4, 3, 14]",11,0,5,10.080339284820434,0.22380952380952382,"[3, 4, 11, 14, 17]",11,minexplain_raw_temporal
17,d17,800,864,test,"[11, 10, 14, 17, 5]","[11, 10, 14, 17, 5, 4, 3, 19, 18]",34,0,9,24.63458132671384,0.27133520074696543,"[3, 4, 5, 10, 11, 14, 17, 18, 19]",11,minexplain_raw_temporal
17,d17,864,928,test,"[11, 17]","[11, 17, 3, 4, 14]",10,0,5,9.697165100555011,0.2452380952380952,"[3, 4, 11, 14, 17]",11,minexplain_raw_temporal
18,d18,160,224,test,[3],[3],15,8,1,5.615835475721456,0.5,[3],3,minexplain_raw_temporal
18,d18,224,288,test,"[9, 18, 13, 5, 1]","[9, 18, 13, 5, 1, 19, 12, 10, 16, 8, 20, 15, 14, 7, 17, 11, 3]",106,0,17,70.48060030440296,0.17253438153311929,"[1, 3, 5, 7, 8, 9, 10, 11, 12, 13, 14, 15, 16, 17, 18, 19, 20]",9,minexplain_raw_temporal
18,d18,288,352,test,"[18, 8, 12, 7, 1, 13]","[18, 8, 12, 7, 1, 13, 9, 5, 16, 10, 14, 2, 19, 3, 11, 17, 20]",121,1,17,89.22549536200256,0.16189817983183616,"[1, 2, 3, 5, 7, 8, 9, 10, 11, 12, 13, 14, 16, 17, 18, 19, 20]",18,minexplain_raw_temporal
18,d18,352,416,test,"[18, 7, 12, 5, 6, 17]","[18, 7, 12, 5, 6, 17, 9, 16, 1, 13, 10, 8, 4, 2, 14, 20, 19, 11, 3]",139,3,19,110.83509650792074,0.1910361987142594,"[1, 2, 3, 4, 5, 6, 7, 8, 9, 10, 11, 12, 13, 14, 16, 17, 18, 19, 20]",18,minexplain_raw_temporal
18,d18,416,480,test,[6],"[6, 21]",89,22,2,42.35296847969185,0.3421052631578947,"[6, 21]",6,minexplain_raw_temporal
18,d18,480,544,test,"[6, 21]","[6, 21]",84,22,2,37.63900834018944,0.21052631578947367,"[6, 21]",6,minexplain_raw_temporal
18,d18,544,608,test,"[6, 21]","[6, 21, 3]",84,23,3,37.40839013662717,0.31871345029239767,"[3, 6, 21]",6,minexplain_raw_temporal
18,d18,608,672,test,"[6, 21]","[6, 21]",84,23,2,37.17304064486025,0.21929824561403508,"[6, 21]",6,minexplain_raw_temporal
18,d18,672,736,test,"[6, 21]","[6, 21, 3]",83,22,3,37.23907214674969,0.31871345029239767,"[3, 6, 21]",6,minexplain_raw_temporal
18,d18,736,800,test,"[6, 21]","[6, 21, 3]",85,23,3,37.843101428143214,0.31871345029239767,"[3, 6, 21]",6,minexplain_raw_temporal
18,d18,800,864,test,"[6, 21]","[6, 21]",85,24,2,36.90529459858229,0.21929824561403508,"[6, 21]",6,minexplain_raw_temporal
18,d18,864,928,test,"[6, 21]","[6, 21]",85,21,2,38.74337953483485,0.21052631578947367,"[6, 21]",6,minexplain_raw_temporal
19,d19,160,224,test,"[19, 11]","[19, 11, 9, 16]",16,0,4,8.63918219781018,0.125,"[9, 11, 16, 19]",19,minexplain_raw_temporal
19,d19,224,288,test,"[19, 14]","[19, 14, 9, 16, 3, 10, 11]",13,0,7,8.479869066853533,0.28741496598639454,"[3, 9, 10, 11, 14, 16, 19]",19,minexplain_raw_temporal
19,d19,288,352,test,"[11, 19]","[11, 19, 3, 14]",25,6,4,11.70093329495679,0.425,"[3, 11, 14, 19]",11,minexplain_raw_temporal
19,d19,352,416,test,"[19, 14]","[19, 14, 11]",8,0,3,6.237824419269007,0.2333333333333333,"[11, 14, 19]",19,minexplain_raw_temporal
19,d19,416,480,test,"[14, 19]","[14, 19, 11]",9,1,3,6.05187564437241,0.31666666666666665,"[11, 14, 19]",14,minexplain_raw_temporal
19,d19,480,544,test,"[19, 14]","[19, 14, 11]",7,0,3,5.558431584788216,0.31666666666666665,"[11, 14, 19]",19,minexplain_raw_temporal
19,d19,544,608,test,"[19, 14]","[19, 14, 11, 3]",13,0,4,7.9274143183289905,0.22916666666666666,"[3, 11, 14, 19]",19,minexplain_raw_temporal
19,d19,608,672,test,"[14, 19, 11]","[14, 19, 11, 3, 17]",20,0,5,12.539829657571342,0.1757142857142857,"[3, 11, 14, 17, 19]",14,minexplain_raw_temporal
19,d19,672,736,test,"[14, 19]","[14, 19, 3, 11]",16,4,4,7.295349291788679,0.2791666666666667,"[3, 11, 14, 19]",14,minexplain_raw_temporal
19,d19,736,800,test,"[19, 11, 14, 9, 16]","[19, 11, 14, 9, 16]",20,2,5,14.2428489159943,0.24,"[9, 11, 14, 16, 19]",19,minexplain_raw_temporal
19,d19,800,864,test,"[19, 14, 3]","[19, 14, 3, 16, 9, 11]",15,1,6,9.877128913029345,0.38055555555555554,"[3, 9, 11, 14, 16, 19]",19,minexplain_raw_temporal
19,d19,864,928,test,"[19, 11, 14]","[19, 11, 14, 3]",21,2,4,13.302604715409611,0.425,"[3, 11, 14, 19]",19,minexplain_raw_temporal
20,d20,160,224,test,[3],[3],2,0,1,2.217694911753433,0.5,[3],3,minexplain_raw_temporal
20,d20,224,288,test,"[9, 10, 14, 20, 5]","[9, 10, 14, 20, 5, 16, 15, 3]",37,0,8,25.432618927032653,0.2376488095238095,"[3, 5, 9, 10, 14, 15, 16, 20]",9,minexplain_raw_temporal
20,d20,288,352,test,"[16, 10, 5, 8, 20]","[16, 10, 5, 8, 20, 9, 3, 18, 14, 11, 7, 12, 13, 1]",60,0,14,41.26149284624991,0.24117876069875108,"[1, 3, 5, 7, 8, 9, 10, 11, 12, 13, 14, 16, 18, 20]",16,minexplain_raw_temporal
20,d20,352,416,test,"[9, 10, 20, 5]","[9, 10, 20, 5, 16, 3, 14, 11]",34,0,8,23.133812482115978,0.3063988095238095,"[3, 5, 9, 10, 11, 14, 16, 20]",9,minexplain_raw_temporal
20,d20,416,480,test,"[15, 20]","[15, 20, 3]",29,6,3,16.786429884830405,0.2333333333333333,"[3, 15, 20]",15,minexplain_raw_temporal
20,d20,480,544,test,"[9, 7, 10, 20]","[9, 7, 10, 20, 16, 19, 3, 14, 5, 18]",52,0,10,35.437044473793094,0.3297394475031392,"[3, 5, 7, 9, 10, 14, 16, 18, 19, 20]",9,minexplain_raw_temporal
20,d20,544,608,test,"[10, 20, 5]","[10, 20, 5, 9, 16, 14, 3]",43,0,7,29.511248735809446,0.20833333333333331,"[3, 5, 9, 10, 14, 16, 20]",10,minexplain_raw_temporal
20,d20,608,672,test,"[9, 10, 20, 15]","[9, 10, 20, 15, 16, 14, 3]",28,0,7,20.55012310682205,0.2897959183673469,"[3, 9, 10, 14, 15, 16, 20]",9,minexplain_raw_temporal
20,d20,672,736,test,[20],[20],13,3,1,8.173164327189141,0.2,[20],20,minexplain_raw_temporal
20,d20,736,800,test,"[20, 3, 14]","[20, 3, 14]",29,5,3,17.613950909185014,0.3333333333333333,"[3, 14, 20]",20,minexplain_raw_temporal
20,d20,800,864,test,"[15, 10, 20, 9]","[15, 10, 20, 9, 16, 3]",39,7,6,21.20029850381169,0.14761904761904762,"[3, 9, 10, 15, 16, 20]",15,minexplain_raw_temporal
20,d20,864,928,test,"[16, 20, 10, 9, 7]","[16, 20, 10, 9, 7, 3, 14]",48,0,7,28.452842862534826,0.1701618578465869,"[3, 7, 9, 10, 14, 16, 20]",16,minexplain_raw_temporal
21,d21,160,224,test,"[21, 15]","[21, 15]",5,1,2,3.1560020325319886,0.16666666666666666,"[15, 21]",21,minexplain_raw_temporal
21,d21,224,288,test,"[21, 15]","[21, 15, 3]",5,0,3,3.7520616878726143,0.16666666666666666,"[3, 15, 21]",21,minexplain_raw_temporal
21,d21,288,352,test,"[21, 3]","[21, 3]",12,6,2,4.418890954088937,0.41666666666666663,"[3, 21]",21,minexplain_raw_temporal
21,d21,352,416,test,"[21, 3]","[21, 3]",15,4,2,7.3014187758037785,0.41666666666666663,"[3, 21]",21,minexplain_raw_temporal
21,d21,416,480,test,[21],[21],27,19,1,3.6060332614138173,0.3333333333333333,[21],21,minexplain_raw_temporal
21,d21,480,544,test,"[21, 15]","[21, 15]",13,5,2,5.890538160211322,0.16666666666666666,"[15, 21]",21,minexplain_raw_temporal
21,d21,544,608,test,"[21, 15]","[21, 15]",14,5,2,6.349865135114419,0.16666666666666666,"[15, 21]",21,minexplain_raw_temporal
21,d21,608,672,test,"[15, 19, 11]","[15, 19, 11]",20,7,3,10.268783777048018,0.21666666666666667,"[11, 15, 19]",15,minexplain_raw_temporal
21,d21,672,736,test,"[21, 15]","[21, 15]",20,7,2,8.709530004746796,0.16666666666666666,"[15, 21]",21,minexplain_raw_temporal
21,d21,736,800,test,"[21, 15]","[21, 15]",24,12,2,8.797249407484438,0.16666666666666666,"[15, 21]",21,minexplain_raw_temporal
21,d21,800,864,test,"[21, 15]","[21, 15]",22,9,2,9.670085412491174,0.16666666666666666,"[15, 21]",21,minexplain_raw_temporal
21,d21,864,928,test,"[21, 15, 14, 11]","[21, 15, 14, 11, 3, 19]",28,9,6,14.920676736179752,0.37222222222222223,"[3, 11, 14, 15, 19, 21]",21,minexplain_raw_temporal
0,d00,0,64,test,[],[-1],5,5,0,0.0,0.0,[],-1,aec_adapted_frozen_chronos2
0,d00,64,128,test,[15],[15],7,4,1,1.664456226759628,0.0,[15],15,aec_adapted_frozen_chronos2
0,d00,128,192,test,[],[-1],10,10,0,0.0,0.0,[],-1,aec_adapted_frozen_chronos2
0,d00,192,256,test,[15],[15],7,4,1,1.4037706398941063,0.0,[15],15,aec_adapted_frozen_chronos2
0,d00,256,320,test,[],[-1],15,15,0,0.0,0.0,[],-1,aec_adapted_frozen_chronos2
0,d00,320,384,test,[3],[3],3,2,1,0.5879217239318439,0.5,[3],3,aec_adapted_frozen_chronos2
0,d00,384,448,test,[3],[3],9,3,1,3.194630036745364,0.5,[3],3,aec_adapted_frozen_chronos2
0,d00,448,512,test,[15],[15],9,2,1,3.3904159990665534,0.0,[15],15,aec_adapted_frozen_chronos2
0,d00,512,576,test,"[3, 14]","[3, 14]",21,7,2,8.611399757569272,0.25,"[3, 14]",3,aec_adapted_frozen_chronos2
0,d00,576,640,test,[15],[15],8,1,1,4.1376766704070365,0.0,[15],15,aec_adapted_frozen_chronos2
0,d00,640,704,test,[3],[3],8,4,1,2.109026217634613,0.5,[3],3,aec_adapted_frozen_chronos2
0,d00,704,768,test,[3],[3],20,16,1,2.6814104253330493,0.5,[3],3,aec_adapted_frozen_chronos2
0,d00,768,832,test,"[3, 11, 16, 9, 10]","[3, 11, 16, 9, 10]",28,4,5,16.776818805107418,0.2857142857142857,"[3, 9, 10, 11, 16]",3,aec_adapted_frozen_chronos2
0,d00,832,896,test,"[3, 9, 16, 10]","[3, 9, 16, 10]",25,5,4,10.587329962547024,0.19642857142857142,"[3, 9, 10, 16]",3,aec_adapted_frozen_chronos2
0,d00,896,960,test,[9],"[9, 16]",5,0,2,2.2906519661105875,0.25,"[9, 16]",9,aec_adapted_frozen_chronos2
1,d01,160,224,test,"[9, 3, 16, 11, 14, 20, 10, 6, 18, 13]","[9, 3, 16, 11, 14, 20, 10, 6, 18, 13, 1, 8, 7, 12, 5]",100,0,15,75.45542258749518,0.16203404340935038,"[1, 3, 5, 6, 7, 8, 9, 10, 11, 12, 13, 14, 16, 18, 20]",9,aec_adapted_frozen_chronos2
1,d01,224,288,test,"[4, 9, 3, 16, 11, 15, 17, 20, 14, 10, 13, 1]","[4, 9, 3, 16, 11, 15, 17, 20, 14, 10, 13, 1, 12, 5, 7, 8, 18]",105,0,17,77.90866065374688,0.20155903863216454,"[1, 3, 4, 5, 7, 8, 9, 10, 11, 12, 13, 14, 15, 16, 17, 18, 20]",4,aec_adapted_frozen_chronos2
1,d01,288,352,test,"[9, 19, 15, 3, 16, 11, 17, 20, 14, 10, 1]","[9, 19, 15, 3, 16, 11, 17, 20, 14, 10, 1, 5, 8, 7, 13, 18, 12]",87,0,17,63.163593954153015,0.2448175568196417,"[1, 3, 5, 7, 8, 9, 10, 11, 12, 13, 14, 15, 16, 17, 18, 19, 20]",9,aec_adapted_frozen_chronos2
1,d01,352,416,test,"[3, 9, 15, 16, 20, 11, 14, 10, 7, 1]","[3, 9, 15, 16, 20, 11, 14, 10, 7, 1, 5, 13, 8, 12, 18]",96,0,15,68.80903960044192,0.1587125401140027,"[1, 3, 5, 7, 8, 9, 10, 11, 12, 13, 14, 15, 16, 18, 20]",3,aec_adapted_frozen_chronos2
1,d01,416,480,test,"[9, 3, 16, 11, 15, 14, 10, 7, 1]","[9, 3, 16, 11, 15, 14, 10, 7, 1, 5, 12, 18]",63,0,12,43.14320168191224,0.21388596331547652,"[1, 3, 5, 7, 9, 10, 11, 12, 14, 15, 16, 18]",9,aec_adapted_frozen_chronos2
1,d01,480,544,test,"[9, 16, 3, 15, 10, 1]","[9, 16, 3, 15, 10, 1, 5]",40,2,7,24.281841296553978,0.24617346938775508,"[1, 3, 5, 9, 10, 15, 16]",9,aec_adapted_frozen_chronos2
1,d01,544,608,test,[15],[15],30,18,1,6.584331728766548,0.0,[15],15,aec_adapted_frozen_chronos2
1,d01,608,672,test,"[15, 3]","[15, 3]",23,17,2,2.980756438840375,0.25,"[3, 15]",15,aec_adapted_frozen_chronos2
1,d01,672,736,test,"[3, 9, 15, 16, 10]","[3, 9, 15, 16, 10]",40,7,5,20.747551738255577,0.22857142857142856,"[3, 9, 10, 15, 16]",3,aec_adapted_frozen_chronos2
1,d01,736,800,test,[15],[15],15,12,1,1.803953693751913,0.0,[15],15,aec_adapted_frozen_chronos2
1,d01,800,864,test,"[3, 15]","[3, 15]",34,19,2,9.424734530470062,0.25,"[3, 15]",3,aec_adapted_frozen_chronos2
1,d01,864,928,test,"[9, 3, 15, 16, 10, 5, 18]","[9, 3, 15, 16, 10, 5, 18, 1]",47,0,8,30.624121449170076,0.23697916666666669,"[1, 3, 5, 9, 10, 15, 16, 18]",9,aec_adapted_frozen_chronos2
2,d02,160,224,test,"[3, 20, 11, 14, 10, 1, 5, 12, 2]","[3, 20, 11, 14, 10, 1, 5, 12, 2, 8, 7, 18]",70,2,12,48.25530624488083,0.43563757841775086,"[1, 2, 3, 5, 7, 8, 10, 11, 12, 14, 18, 20]",3,aec_adapted_frozen_chronos2
2,d02,224,288,test,"[4, 3, 9, 16, 10, 5, 2]","[4, 3, 9, 16, 10, 5, 2, 13, 12, 7, 8, 1, 18]",90,0,13,62.569765506469565,0.2517322274865122,"[1, 2, 3, 4, 5, 7, 8, 9, 10, 12, 13, 16, 18]",4,aec_adapted_frozen_chronos2
2,d02,288,352,test,"[4, 3, 2]","[4, 3, 2]",48,3,3,30.488447956569118,0.20476190476190478,"[2, 3, 4]",4,aec_adapted_frozen_chronos2
2,d02,352,416,test,"[4, 9, 3, 16, 2]","[4, 9, 3, 16, 2]",59,6,5,33.40656026149756,0.24,"[2, 3, 4, 9, 16]",4,aec_adapted_frozen_chronos2
2,d02,416,480,test,"[4, 2]","[4, 2]",41,0,2,25.61250797811715,0.17142857142857143,"[2, 4]",4,aec_adapted_frozen_chronos2
2,d02,480,544,test,"[4, 2]","[4, 2]",33,1,2,21.660269654919638,0.17142857142857143,"[2, 4]",4,aec_adapted_frozen_chronos2
2,d02,544,608,test,"[4, 2]","[4, 2]",33,3,2,19.387352315680058,0.17142857142857143,"[2, 4]",4,aec_adapted_frozen_chronos2
2,d02,608,672,test,"[4, 2]","[4, 2]",34,1,2,22.0492900720838,0.17142857142857143,"[2, 4]",4,aec_adapted_frozen_chronos2
2,d02,672,736,test,"[4, 3, 2]","[4, 3, 2]",37,1,3,22.98263139873663,0.2523809523809524,"[2, 3, 4]",4,aec_adapted_frozen_chronos2
2,d02,736,800,test,"[4, 3, 2]","[4, 3, 2]",38,2,3,23.916023130440195,0.28095238095238095,"[2, 3, 4]",4,aec_adapted_frozen_chronos2
2,d02,800,864,test,"[4, 3, 17, 14, 2]","[4, 3, 17, 14, 2]",44,0,5,29.28566542153424,0.24285714285714283,"[2, 3, 4, 14, 17]",4,aec_adapted_frozen_chronos2
2,d02,864,928,test,"[4, 19, 17, 11, 14, 2]","[4, 19, 17, 11, 14, 2]",37,0,6,23.175389497509933,0.29642857142857143,"[2, 4, 11, 14, 17, 19]",4,aec_adapted_frozen_chronos2
3,d03,160,224,test,"[9, 16, 3, 10, 5]","[9, 16, 3, 10, 5]",31,0,5,19.23976714955603,0.2202380952380952,"[3, 5, 9, 10, 16]",9,aec_adapted_frozen_chronos2
3,d03,224,288,test,"[3, 11, 14]","[3, 11, 14]",19,0,3,11.656559417811092,0.5,"[3, 11, 14]",3,aec_adapted_frozen_chronos2
3,d03,288,352,test,[3],[3],16,9,1,5.022331175000286,0.5,[3],3,aec_adapted_frozen_chronos2
3,d03,352,416,test,[],[-1],7,7,0,0.0,0.0,[],-1,aec_adapted_frozen_chronos2
3,d03,416,480,test,[3],[3],7,3,1,2.434060017332758,0.5,[3],3,aec_adapted_frozen_chronos2
3,d03,480,544,test,"[3, 14, 5]","[3, 14, 5]",24,2,3,14.017039996344392,0.27777777777777773,"[3, 5, 14]",3,aec_adapted_frozen_chronos2
3,d03,544,608,test,"[9, 16, 3, 11, 20, 14, 10, 5]","[9, 16, 3, 11, 20, 14, 10, 5, 15]",33,0,9,20.321387093260828,0.3492063492063492,"[3, 5, 9, 10, 11, 14, 15, 16, 20]",9,aec_adapted_frozen_chronos2
3,d03,608,672,test,[15],[15],24,9,1,9.685898741557542,0.0,[15],15,aec_adapted_frozen_chronos2
3,d03,672,736,test,[3],[3],7,4,1,1.5706663317124403,0.5,[3],3,aec_adapted_frozen_chronos2
3,d03,736,800,test,[],[-1],16,16,0,0.0,0.0,[],-1,aec_adapted_frozen_chronos2
3,d03,800,864,test,"[3, 11, 14]","[3, 11, 14]",13,4,3,4.4518573237912396,0.19444444444444442,"[3, 11, 14]",3,aec_adapted_frozen_chronos2
3,d03,864,928,test,"[9, 16]","[9, 16]",14,8,2,3.417575619724829,0.25,"[9, 16]",9,aec_adapted_frozen_chronos2
4,d04,160,224,test,"[4, 3, 14, 11]","[4, 3, 14, 11]",13,1,4,7.1273362719570335,0.3125,"[3, 4, 11, 14]",4,aec_adapted_frozen_chronos2
4,d04,224,288,test,"[4, 3, 14, 10]","[4, 3, 14, 10]",34,1,4,19.83044684702118,0.23214285714285715,"[3, 4, 10, 14]",4,aec_adapted_frozen_chronos2
4,d04,288,352,test,"[3, 9, 4, 16, 14, 10]","[3, 9, 4, 16, 14, 10]",32,0,6,17.353931024045487,0.08333333333333333,"[3, 4, 9, 10, 14, 16]",3,aec_adapted_frozen_chronos2
4,d04,352,416,test,[4],[4],10,9,1,0.47589501611300167,0.0,[4],4,aec_adapted_frozen_chronos2
4,d04,416,480,test,"[4, 3]","[4, 3]",16,5,2,5.464393939019935,0.25,"[3, 4]",4,aec_adapted_frozen_chronos2
4,d04,480,544,test,[4],[4],22,21,1,0.6005639051784804,0.0,[4],4,aec_adapted_frozen_chronos2
4,d04,544,608,test,"[4, 3]","[4, 3]",11,3,2,3.64607148606607,0.25,"[3, 4]",4,aec_adapted_frozen_chronos2
4,d04,608,672,test,[4],[4],11,8,1,0.9043555977997476,0.0,[4],4,aec_adapted_frozen_chronos2
4,d04,672,736,test,"[3, 4]","[3, 4]",15,5,2,6.092168806043849,0.25,"[3, 4]",3,aec_adapted_frozen_chronos2
4,d04,736,800,test,"[4, 3, 9]","[4, 3, 9, 16]",9,1,4,4.659433148500004,0.25,"[3, 4, 9, 16]",4,aec_adapted_frozen_chronos2
4,d04,800,864,test,"[3, 4]","[3, 4]",9,2,2,4.135892401244089,0.25,"[3, 4]",3,aec_adapted_frozen_chronos2
4,d04,864,928,test,"[4, 3, 9, 16]","[4, 3, 9, 16]",11,0,4,5.804991114722544,0.25,"[3, 4, 9, 16]",4,aec_adapted_frozen_chronos2
5,d05,160,224,test,"[9, 3, 19, 16, 11, 17, 20, 14, 10, 8, 7, 18]","[9, 3, 19, 16, 11, 17, 20, 14, 10, 8, 7, 18, 1, 5, 13, 15, 12]",82,0,17,61.53952095265123,0.20444792599517572,"[1, 3, 5, 7, 8, 9, 10, 11, 12, 13, 14, 15, 16, 17, 18, 19, 20]",9,aec_adapted_frozen_chronos2
5,d05,224,288,test,"[9, 3, 16, 20, 14, 11, 10, 7, 8, 1]","[9, 3, 16, 20, 14, 11, 10, 7, 8, 1, 13, 12, 5, 18]",110,2,14,78.14431026831325,0.13907838718343685,"[1, 3, 5, 7, 8, 9, 10, 11, 12, 13, 14, 16, 18, 20]",9,aec_adapted_frozen_chronos2
5,d05,288,352,test,"[9, 3, 16, 11, 14, 17, 10, 5, 1, 18]","[9, 3, 16, 11, 14, 17, 10, 5, 1, 18, 7, 12, 13, 8]",66,0,14,47.75841329434714,0.30062572111072544,"[1, 3, 5, 7, 8, 9, 10, 11, 12, 13, 14, 16, 17, 18]",9,aec_adapted_frozen_chronos2
5,d05,352,416,test,"[19, 3, 11, 20, 14, 10, 5]","[19, 3, 11, 20, 14, 10, 5, 1, 18]",50,0,9,32.141466147804806,0.4189153439153439,"[1, 3, 5, 10, 11, 14, 18, 19, 20]",19,aec_adapted_frozen_chronos2
5,d05,416,480,test,"[3, 11, 14, 20]","[3, 11, 14, 20]",37,7,4,20.52836346219131,0.45,"[3, 11, 14, 20]",3,aec_adapted_frozen_chronos2
5,d05,480,544,test,[],[-1],22,22,0,0.0,0.0,[],-1,aec_adapted_frozen_chronos2
5,d05,544,608,test,[3],[3],8,3,1,3.1299888147113597,0.5,[3],3,aec_adapted_frozen_chronos2
5,d05,608,672,test,[],[-1],12,12,0,0.0,0.0,[],-1,aec_adapted_frozen_chronos2
5,d05,672,736,test,[3],[3],12,9,1,2.020311176856729,0.5,[3],3,aec_adapted_frozen_chronos2
5,d05,736,800,test,[3],[3],7,3,1,2.4614988082646243,0.5,[3],3,aec_adapted_frozen_chronos2
5,d05,800,864,test,[3],[3],10,7,1,2.2077858155684726,0.5,[3],3,aec_adapted_frozen_chronos2
5,d05,864,928,test,"[3, 9, 16]","[3, 9, 16]",10,2,3,4.492534243405276,0.3333333333333333,"[3, 9, 16]",3,aec_adapted_frozen_chronos2
6,d06,160,224,test,"[9, 3, 16, 14, 20, 10, 2, 8, 12, 6]","[9, 3, 16, 14, 20, 10, 2, 8, 12, 6, 1, 5, 13, 7, 18]",90,0,15,66.06292225301485,0.2865705279738588,"[1, 2, 3, 5, 6, 7, 8, 9, 10, 12, 13, 14, 16, 18, 20]",9,aec_adapted_frozen_chronos2
6,d06,224,288,test,"[9, 3, 19, 16, 11, 20, 17, 14, 10, 5, 6, 1, 13]","[9, 3, 19, 16, 11, 20, 17, 14, 10, 5, 6, 1, 13, 18, 7, 12, 8]",108,0,17,79.29951745257534,0.16983213393593388,"[1, 3, 5, 6, 7, 8, 9, 10, 11, 12, 13, 14, 16, 17, 18, 19, 20]",9,aec_adapted_frozen_chronos2
6,d06,288,352,test,"[4, 21, 6]","[4, 21, 6]",84,1,3,41.74856900179023,0.12280701754385964,"[4, 6, 21]",4,aec_adapted_frozen_chronos2
6,d06,352,416,test,"[4, 21, 6]","[4, 21, 6]",86,2,3,41.471641919815355,0.12280701754385964,"[4, 6, 21]",4,aec_adapted_frozen_chronos2
6,d06,416,480,test,"[4, 21, 6]","[4, 21, 6]",85,3,3,40.96543247933819,0.13450292397660818,"[4, 6, 21]",4,aec_adapted_frozen_chronos2
6,d06,480,544,test,"[3, 4, 21, 6]","[3, 4, 21, 6]",86,4,4,40.66550141731769,0.1557017543859649,"[3, 4, 6, 21]",3,aec_adapted_frozen_chronos2
6,d06,544,608,test,"[4, 21, 6]","[4, 21, 6]",83,2,3,39.8852392714806,0.04093567251461988,"[4, 6, 21]",4,aec_adapted_frozen_chronos2
6,d06,608,672,test,"[4, 21, 6]","[4, 21, 6]",81,2,3,38.64842423426327,0.04093567251461988,"[4, 6, 21]",4,aec_adapted_frozen_chronos2
6,d06,672,736,test,"[4, 21, 6]","[4, 21, 6]",83,3,3,38.78914023508326,0.03508771929824561,"[4, 6, 21]",4,aec_adapted_frozen_chronos2
6,d06,736,800,test,"[3, 4, 21, 6]","[3, 4, 21, 6]",83,2,4,40.3519687620816,0.1513157894736842,"[3, 4, 6, 21]",3,aec_adapted_frozen_chronos2
6,d06,800,864,test,"[4, 21, 6]","[4, 21, 6]",84,2,3,40.52212886047613,0.03508771929824561,"[4, 6, 21]",4,aec_adapted_frozen_chronos2
6,d06,864,928,test,"[3, 4, 21, 6]","[3, 4, 21, 6]",82,2,4,39.18354846480584,0.1557017543859649,"[3, 4, 6, 21]",3,aec_adapted_frozen_chronos2
7,d07,160,224,test,"[4, 9, 19, 3, 16, 11, 15, 20, 17, 14, 10, 5, 1, 12, 13]","[4, 9, 19, 3, 16, 11, 15, 20, 17, 14, 10, 5, 1, 12, 13, 7, 8, 18]",105,0,18,79.70890220363866,0.1767032420643502,"[1, 3, 4, 5, 7, 8, 9, 10, 11, 12, 13, 14, 15, 16, 17, 18, 19, 20]",4,aec_adapted_frozen_chronos2
7,d07,224,288,test,"[9, 3, 19, 16, 11, 20, 14, 17, 10, 5, 7, 12, 1, 13]","[9, 3, 19, 16, 11, 20, 14, 17, 10, 5, 7, 12, 1, 13, 8, 18]",112,0,16,83.71797251911676,0.19501304666428904,"[1, 3, 5, 7, 8, 9, 10, 11, 12, 13, 14, 16, 17, 18, 19, 20]",9,aec_adapted_frozen_chronos2
7,d07,288,352,test,"[3, 9, 16, 11, 20, 14, 17, 10, 2, 5, 8]","[3, 9, 16, 11, 20, 14, 17, 10, 2, 5, 8, 1, 7, 13, 12, 18]",93,0,16,71.11833684173122,0.24476748883100635,"[1, 2, 3, 5, 7, 8, 9, 10, 11, 12, 13, 14, 16, 17, 18, 20]",3,aec_adapted_frozen_chronos2
7,d07,352,416,test,"[9, 19, 16, 3, 11, 15, 20, 14, 10, 1, 5]","[9, 19, 16, 3, 11, 15, 20, 14, 10, 1, 5, 7, 12, 8, 18]",83,0,15,61.296318030749184,0.2545684454153014,"[1, 3, 5, 7, 8, 9, 10, 11, 12, 14, 15, 16, 18, 19, 20]",9,aec_adapted_frozen_chronos2
7,d07,416,480,test,"[9, 16, 3, 15, 20, 14, 10, 1, 8, 18]","[9, 16, 3, 15, 20, 14, 10, 1, 8, 18, 5, 12]",65,1,12,44.4919080828619,0.2638480392156863,"[1, 3, 5, 8, 9, 10, 12, 14, 15, 16, 18, 20]",9,aec_adapted_frozen_chronos2
7,d07,480,544,test,"[9, 15, 16, 11, 10, 5]","[9, 15, 16, 11, 10, 5]",42,0,6,25.972033965491484,0.21428571428571427,"[5, 9, 10, 11, 15, 16]",9,aec_adapted_frozen_chronos2
7,d07,544,608,test,"[9, 3, 16, 20, 15, 10]","[9, 3, 16, 20, 15, 10]",34,6,6,16.78670911710776,0.16666666666666666,"[3, 9, 10, 15, 16, 20]",9,aec_adapted_frozen_chronos2
7,d07,608,672,test,"[16, 9, 10]","[16, 9, 10]",28,3,3,16.541651938262994,0.14285714285714285,"[9, 10, 16]",16,aec_adapted_frozen_chronos2
7,d07,672,736,test,[],[-1],7,7,0,0.0,0.0,[],-1,aec_adapted_frozen_chronos2
7,d07,736,800,test,[3],[3],10,4,1,3.422160570720823,0.5,[3],3,aec_adapted_frozen_chronos2
7,d07,800,864,test,[3],[3],4,1,1,1.9407716358738356,0.5,[3],3,aec_adapted_frozen_chronos2
7,d07,864,928,test,[3],[3],3,2,1,0.5014949858118016,0.5,[3],3,aec_adapted_frozen_chronos2
8,d08,160,224,test,"[9, 16, 19, 3, 20, 11, 14, 10, 1, 5, 12, 8]","[9, 16, 19, 3, 20, 11, 14, 10, 1, 5, 12, 8, 7, 18]",66,0,14,46.94013633591238,0.389676493939751,"[1, 3, 5, 7, 8, 9, 10, 11, 12, 14, 16, 18, 19, 20]",9,aec_adapted_frozen_chronos2
8,d08,224,288,test,"[9, 3, 16, 14, 20, 11, 10, 1, 12, 8]","[9, 3, 16, 14, 20, 11, 10, 1, 12, 8, 13, 5, 7, 18]",93,0,14,69.30394015985787,0.21467805885442268,"[1, 3, 5, 7, 8, 9, 10, 11, 12, 13, 14, 16, 18, 20]",9,aec_adapted_frozen_chronos2
8,d08,288,352,test,"[4, 9, 3, 19, 16, 11, 17, 20, 14, 10, 2, 5, 12, 13]","[4, 9, 3, 19, 16, 11, 17, 20, 14, 10, 2, 5, 12, 13, 7, 8, 1, 18]",107,0,18,79.48343777445996,0.1972696891280749,"[1, 2, 3, 4, 5, 7, 8, 9, 10, 11, 12, 13, 14, 16, 17, 18, 19, 20]",4,aec_adapted_frozen_chronos2
8,d08,352,416,test,"[9, 19, 3, 16, 11, 20, 17, 14, 10, 5, 8]","[9, 19, 3, 16, 11, 20, 17, 14, 10, 5, 8, 1, 12, 7, 13, 18]",96,0,16,72.09246353134665,0.22335054362384352,"[1, 3, 5, 7, 8, 9, 10, 11, 12, 13, 14, 16, 17, 18, 19, 20]",9,aec_adapted_frozen_chronos2
8,d08,416,480,test,"[9, 19, 3, 16, 11, 20, 17, 14, 10, 5, 12, 8]","[9, 19, 3, 16, 11, 20, 17, 14, 10, 5, 12, 8, 1, 13, 7, 18]",103,0,16,77.78327148310247,0.2229528602502707,"[1, 3, 5, 7, 8, 9, 10, 11, 12, 13, 14, 16, 17, 18, 19, 20]",9,aec_adapted_frozen_chronos2
8,d08,480,544,test,"[9, 3, 16, 19, 11, 20, 14, 17, 10, 2, 5, 7, 1, 12]","[9, 3, 16, 19, 11, 20, 14, 17, 10, 2, 5, 7, 1, 12, 8, 13, 18]",115,0,17,87.08286430650588,0.18563779467162117,"[1, 2, 3, 5, 7, 8, 9, 10, 11, 12, 13, 14, 16, 17, 18, 19, 20]",9,aec_adapted_frozen_chronos2
8,d08,544,608,test,"[3, 9, 16, 15, 11, 20, 17, 10, 5, 1, 12]","[3, 9, 16, 15, 11, 20, 17, 10, 5, 1, 12, 8, 7, 13, 18, 14]",93,0,16,67.95550288819388,0.17959286185505893,"[1, 3, 5, 7, 8, 9, 10, 11, 12, 13, 14, 15, 16, 17, 18, 20]",3,aec_adapted_frozen_chronos2
8,d08,608,672,test,"[9, 19, 16, 3, 11, 15, 17, 20, 14, 10, 13, 1]","[9, 19, 16, 3, 11, 15, 17, 20, 14, 10, 13, 1, 5, 12, 7, 8, 18]",94,0,17,66.9372785351389,0.17698146992493854,"[1, 3, 5, 7, 8, 9, 10, 11, 12, 13, 14, 15, 16, 17, 18, 19, 20]",9,aec_adapted_frozen_chronos2
8,d08,672,736,test,"[9, 19, 15, 3, 16, 11, 20, 14, 17, 10, 5, 1, 7]","[9, 19, 15, 3, 16, 11, 20, 14, 17, 10, 5, 1, 7, 8, 12, 13, 18]",79,0,17,57.33518393430146,0.23142328943797177,"[1, 3, 5, 7, 8, 9, 10, 11, 12, 13, 14, 15, 16, 17, 18, 19, 20]",9,aec_adapted_frozen_chronos2
8,d08,736,800,test,"[3, 9, 16, 15, 11, 14, 10, 2, 1]","[3, 9, 16, 15, 11, 14, 10, 2, 1, 5, 12, 7, 13, 8, 18]",80,0,15,56.94337601756189,0.2379536709746489,"[1, 2, 3, 5, 7, 8, 9, 10, 11, 12, 13, 14, 15, 16, 18]",3,aec_adapted_frozen_chronos2
8,d08,800,864,test,"[9, 19, 3, 11, 16, 20, 14, 17, 10, 2, 13, 1]","[9, 19, 3, 11, 16, 20, 14, 17, 10, 2, 13, 1, 5, 12, 7, 8, 18]",83,0,17,58.40460597708022,0.23618542911987042,"[1, 2, 3, 5, 7, 8, 9, 10, 11, 12, 13, 14, 16, 17, 18, 19, 20]",9,aec_adapted_frozen_chronos2
8,d08,864,928,test,"[9, 16, 3, 11, 19, 15, 20, 14, 10, 5, 1, 12]","[9, 16, 3, 11, 19, 15, 20, 14, 10, 5, 1, 12, 13, 7, 8, 18]",98,0,16,74.20778483509784,0.22144413018767467,"[1, 3, 5, 7, 8, 9, 10, 11, 12, 13, 14, 15, 16, 18, 19, 20]",9,aec_adapted_frozen_chronos2
9,d09,160,224,test,"[9, 16, 3, 20, 14, 10]","[9, 16, 3, 20, 14, 10, 5]",25,0,7,14.632934857602844,0.32653061224489793,"[3, 5, 9, 10, 14, 16, 20]",9,aec_adapted_frozen_chronos2
9,d09,224,288,test,"[15, 3]","[15, 3]",10,2,2,4.899498089044018,0.25,"[3, 15]",15,aec_adapted_frozen_chronos2
9,d09,288,352,test,[3],[3],8,0,1,5.494654185054786,0.5,[3],3,aec_adapted_frozen_chronos2
9,d09,352,416,test,[15],[15],18,6,1,7.4904272590303185,0.0,[15],15,aec_adapted_frozen_chronos2
9,d09,416,480,test,"[3, 15, 14]","[3, 15, 14]",20,4,3,8.881244164219513,0.16666666666666666,"[3, 14, 15]",3,aec_adapted_frozen_chronos2
9,d09,480,544,test,"[15, 11]","[15, 11]",14,4,2,5.135319132131739,0.25,"[11, 15]",15,aec_adapted_frozen_chronos2
9,d09,544,608,test,"[3, 15]","[3, 15]",13,5,2,4.504862436255587,0.25,"[3, 15]",3,aec_adapted_frozen_chronos2
9,d09,608,672,test,[11],[11],20,7,1,9.311161065467381,0.5,[11],11,aec_adapted_frozen_chronos2
9,d09,672,736,test,[15],[15],16,7,1,5.458151887301787,0.0,[15],15,aec_adapted_frozen_chronos2
9,d09,736,800,test,[3],[3],18,13,1,2.938522657198453,0.5,[3],3,aec_adapted_frozen_chronos2
9,d09,800,864,test,"[3, 20, 15, 10, 14, 5]","[3, 20, 15, 10, 14, 5]",29,1,6,16.719694220517155,0.4047619047619048,"[3, 5, 10, 14, 15, 20]",3,aec_adapted_frozen_chronos2
9,d09,864,928,test,"[9, 16, 3, 20, 10, 5]","[9, 16, 3, 20, 10, 5]",35,1,6,22.24626820926445,0.2501984126984127,"[3, 5, 9, 10, 16, 20]",9,aec_adapted_frozen_chronos2
10,d10,160,224,test,"[3, 16, 20, 15, 14, 10, 5]","[3, 16, 20, 15, 14, 10, 5, 19]",41,0,8,28.41573034995911,0.37217261904761906,"[3, 5, 10, 14, 15, 16, 19, 20]",3,aec_adapted_frozen_chronos2
10,d10,224,288,test,"[9, 3, 16, 14, 11, 10, 5]","[9, 3, 16, 14, 11, 10, 5]",53,0,7,34.00719904052097,0.10119047619047619,"[3, 5, 9, 10, 11, 14, 16]",9,aec_adapted_frozen_chronos2
10,d10,288,352,test,"[9, 3, 16, 10]","[9, 3, 16, 10]",31,5,4,17.86014713097649,0.1607142857142857,"[3, 9, 10, 16]",9,aec_adapted_frozen_chronos2
10,d10,352,416,test,"[3, 9, 16, 11, 14]","[3, 9, 16, 11, 14, 10, 5]",33,0,7,20.178929846432737,0.19047619047619047,"[3, 5, 9, 10, 11, 14, 16]",3,aec_adapted_frozen_chronos2
10,d10,416,480,test,"[9, 16]","[9, 16]",4,1,2,2.099670439155666,0.25,"[9, 16]",9,aec_adapted_frozen_chronos2
10,d10,480,544,test,"[16, 3]","[16, 3]",10,5,2,3.057264058775772,0.5,"[3, 16]",16,aec_adapted_frozen_chronos2
10,d10,544,608,test,"[3, 10, 16, 14]","[3, 10, 16, 14]",23,4,4,12.699003673357566,0.48214285714285715,"[3, 10, 14, 16]",3,aec_adapted_frozen_chronos2
10,d10,608,672,test,"[9, 16, 3, 15, 19, 11, 20, 14, 10, 12, 8, 1]","[9, 16, 3, 15, 19, 11, 20, 14, 10, 12, 8, 1, 5, 7, 18]",63,0,15,43.185368368288195,0.2502383367139959,"[1, 3, 5, 7, 8, 9, 10, 11, 12, 14, 15, 16, 18, 19, 20]",9,aec_adapted_frozen_chronos2
10,d10,672,736,test,"[9, 16, 3, 19, 11, 20, 14, 10, 8, 1]","[9, 16, 3, 19, 11, 20, 14, 10, 8, 1, 5, 13, 18, 12]",78,0,14,56.81664705185605,0.2969641095304519,"[1, 3, 5, 8, 9, 10, 11, 12, 13, 14, 16, 18, 19, 20]",9,aec_adapted_frozen_chronos2
10,d10,736,800,test,"[9, 3, 16, 14, 11, 10, 5]","[9, 3, 16, 14, 11, 10, 5, 7, 12, 13, 8, 1, 18]",71,0,13,50.26347786580315,0.23782118137260166,"[1, 3, 5, 7, 8, 9, 10, 11, 12, 13, 14, 16, 18]",9,aec_adapted_frozen_chronos2
10,d10,800,864,test,"[9, 16, 3, 11, 20, 14, 10, 5, 1]","[9, 16, 3, 11, 20, 14, 10, 5, 1]",50,0,9,33.38610675285149,0.2916666666666667,"[1, 3, 5, 9, 10, 11, 14, 16, 20]",9,aec_adapted_frozen_chronos2
10,d10,864,928,test,[16],[16],9,6,1,2.0391917000551314,0.5,[16],16,aec_adapted_frozen_chronos2
11,d11,160,224,test,[11],[11],14,2,1,8.029468430458227,0.5,[11],11,aec_adapted_frozen_chronos2
11,d11,224,288,test,"[4, 3, 11, 17, 14]","[4, 3, 11, 17, 14]",15,3,5,7.176202000684842,0.21904761904761902,"[3, 4, 11, 14, 17]",4,aec_adapted_frozen_chronos2
11,d11,288,352,test,"[9, 16, 3, 11, 14, 10]","[9, 16, 3, 11, 14, 10]",35,3,6,19.75882204942365,0.20436507936507933,"[3, 9, 10, 11, 14, 16]",9,aec_adapted_frozen_chronos2
11,d11,352,416,test,"[3, 4, 16, 9, 11]","[3, 4, 16, 9, 11, 10, 14, 17]",28,1,8,15.498283656736907,0.10267857142857142,"[3, 4, 9, 10, 11, 14, 16, 17]",3,aec_adapted_frozen_chronos2
11,d11,416,480,test,"[9, 16, 4, 3, 11, 14, 17, 10]","[9, 16, 4, 3, 11, 14, 17, 10]",46,11,8,22.325963735900086,0.23809523809523808,"[3, 4, 9, 10, 11, 14, 16, 17]",9,aec_adapted_frozen_chronos2
11,d11,480,544,test,"[3, 4, 9, 10, 14, 11]","[3, 4, 9, 10, 14, 11, 16, 17]",43,6,8,24.21197760207691,0.05357142857142857,"[3, 4, 9, 10, 11, 14, 16, 17]",3,aec_adapted_frozen_chronos2
11,d11,544,608,test,"[4, 9, 16, 11, 17]","[4, 9, 16, 11, 17]",23,1,5,14.283911670203398,0.2857142857142857,"[4, 9, 11, 16, 17]",4,aec_adapted_frozen_chronos2
11,d11,608,672,test,"[3, 19, 15, 11, 14]","[3, 19, 15, 11, 14]",31,6,5,16.789172646205248,0.32999999999999996,"[3, 11, 14, 15, 19]",3,aec_adapted_frozen_chronos2
11,d11,672,736,test,"[3, 14, 11]","[3, 14, 11]",13,0,3,8.51207571097464,0.4166666666666667,"[3, 11, 14]",3,aec_adapted_frozen_chronos2
11,d11,736,800,test,"[4, 14, 17]","[4, 14, 17, 11]",9,0,4,5.899722285510397,0.29464285714285715,"[4, 11, 14, 17]",4,aec_adapted_frozen_chronos2
11,d11,800,864,test,"[9, 11]","[9, 11, 16]",11,4,3,4.440389825920974,0.3333333333333333,"[9, 11, 16]",9,aec_adapted_frozen_chronos2
11,d11,864,928,test,"[4, 11]","[4, 11]",7,1,2,3.3772795563939852,0.25,"[4, 11]",4,aec_adapted_frozen_chronos2
12,d12,160,224,test,"[9, 3, 19, 20, 16, 14, 11, 17, 10, 5, 7, 12]","[9, 3, 19, 20, 16, 14, 11, 17, 10, 5, 7, 12, 18, 8, 13, 1]",67,0,16,46.82345291872303,0.3103440916101887,"[1, 3, 5, 7, 8, 9, 10, 11, 12, 13, 14, 16, 17, 18, 19, 20]",9,aec_adapted_frozen_chronos2
12,d12,224,288,test,"[9, 16, 19, 3, 11, 20, 17, 15, 14, 10, 1, 13]","[9, 16, 19, 3, 11, 20, 17, 15, 14, 10, 1, 13, 12, 5, 7, 8, 18]",74,0,17,53.37879204283631,0.22754549672806193,"[1, 3, 5, 7, 8, 9, 10, 11, 12, 13, 14, 15, 16, 17, 18, 19, 20]",9,aec_adapted_frozen_chronos2
12,d12,288,352,test,"[9, 19, 3, 16, 11, 20, 17, 14, 10, 13, 8, 5, 18, 12]","[9, 19, 3, 16, 11, 20, 17, 14, 10, 13, 8, 5, 18, 12, 1, 7]",97,0,16,71.77968027773473,0.22329003258604851,"[1, 3, 5, 7, 8, 9, 10, 11, 12, 13, 14, 16, 17, 18, 19, 20]",9,aec_adapted_frozen_chronos2
12,d12,352,416,test,"[9, 3, 19, 16, 11, 20, 14, 17, 10, 7, 13, 1]","[9, 3, 19, 16, 11, 20, 14, 17, 10, 7, 13, 1, 12, 8, 18, 5]",79,0,16,58.601302950583175,0.25324758781950585,"[1, 3, 5, 7, 8, 9, 10, 11, 12, 13, 14, 16, 17, 18, 19, 20]",9,aec_adapted_frozen_chronos2
12,d12,416,480,test,"[9, 3, 16, 19, 11, 17, 15, 20, 14, 10, 2, 5, 8, 12]","[9, 3, 16, 19, 11, 17, 15, 20, 14, 10, 2, 5, 8, 12, 1, 13, 7, 18]",109,0,18,79.47749837245598,0.1714211424871188,"[1, 2, 3, 5, 7, 8, 9, 10, 11, 12, 13, 14, 15, 16, 17, 18, 19, 20]",9,aec_adapted_frozen_chronos2
12,d12,480,544,test,"[9, 19, 3, 16, 11, 20, 14, 17, 10, 7, 5, 12, 1]","[9, 19, 3, 16, 11, 20, 14, 17, 10, 7, 5, 12, 1, 18, 13, 8]",80,0,16,57.22963031775456,0.22540307350428657,"[1, 3, 5, 7, 8, 9, 10, 11, 12, 13, 14, 16, 17, 18, 19, 20]",9,aec_adapted_frozen_chronos2
12,d12,544,608,test,"[9, 3, 16, 19, 11, 17, 20, 14, 10, 5, 1, 8, 12]","[9, 3, 16, 19, 11, 17, 20, 14, 10, 5, 1, 8, 12, 15, 18]",78,2,15,53.87778311177211,0.2120304532069238,"[1, 3, 5, 8, 9, 10, 11, 12, 14, 15, 16, 17, 18, 19, 20]",9,aec_adapted_frozen_chronos2
12,d12,608,672,test,"[9, 3, 19, 20, 16, 14, 11, 17, 10, 5, 12]","[9, 3, 19, 20, 16, 14, 11, 17, 10, 5, 12, 13, 7, 8, 18, 1]",84,0,16,63.435452998734284,0.18624815428579639,"[1, 3, 5, 7, 8, 9, 10, 11, 12, 13, 14, 16, 17, 18, 19, 20]",9,aec_adapted_frozen_chronos2
12,d12,672,736,test,"[4, 9, 19, 3, 11, 16, 20, 17, 14, 10, 2, 13, 5, 12]","[4, 9, 19, 3, 11, 16, 20, 17, 14, 10, 2, 13, 5, 12, 7, 8, 1, 18]",118,0,18,88.81056348767791,0.19702259725612986,"[1, 2, 3, 4, 5, 7, 8, 9, 10, 11, 12, 13, 14, 16, 17, 18, 19, 20]",4,aec_adapted_frozen_chronos2
12,d12,736,800,test,"[9, 3, 19, 16, 11, 17, 20, 14, 10, 5, 7, 1, 18, 12]","[9, 3, 19, 16, 11, 17, 20, 14, 10, 5, 7, 1, 18, 12, 13, 8, 15]",117,0,17,89.02922370185205,0.16143776712301067,"[1, 3, 5, 7, 8, 9, 10, 11, 12, 13, 14, 15, 16, 17, 18, 19, 20]",9,aec_adapted_frozen_chronos2
12,d12,800,864,test,"[9, 3, 16, 15, 19, 11, 20, 17, 14, 10, 5, 7, 13, 18, 12]","[9, 3, 16, 15, 19, 11, 20, 17, 14, 10, 5, 7, 13, 18, 12, 8, 1]",123,2,17,88.35914218889268,0.11432378282631674,"[1, 3, 5, 7, 8, 9, 10, 11, 12, 13, 14, 15, 16, 17, 18, 19, 20]",9,aec_adapted_frozen_chronos2
12,d12,864,928,test,"[3, 9, 4, 19, 20, 16, 11, 14, 17, 10, 2, 5, 13, 12]","[3, 9, 4, 19, 20, 16, 11, 14, 17, 10, 2, 5, 13, 12, 7, 1, 18, 8]",104,0,18,77.84319436342145,0.16300231196609438,"[1, 2, 3, 4, 5, 7, 8, 9, 10, 11, 12, 13, 14, 16, 17, 18, 19, 20]",3,aec_adapted_frozen_chronos2
13,d13,160,224,test,"[9, 16, 3, 11, 15, 14, 10, 5]","[9, 16, 3, 11, 15, 14, 10, 5]",57,4,8,37.71369103660267,0.32217261904761907,"[3, 5, 9, 10, 11, 14, 15, 16]",9,aec_adapted_frozen_chronos2
13,d13,224,288,test,"[9, 3, 16, 19, 11, 20, 14, 10, 2, 5, 1, 12]","[9, 3, 16, 19, 11, 20, 14, 10, 2, 5, 1, 12, 7, 8, 18]",82,1,15,56.14138359041137,0.26023315426966537,"[1, 2, 3, 5, 7, 8, 9, 10, 11, 12, 14, 16, 18, 19, 20]",9,aec_adapted_frozen_chronos2
13,d13,288,352,test,"[9, 3, 16, 20, 10, 2, 5, 1]","[9, 3, 16, 20, 10, 2, 5, 1, 8, 12]",75,0,10,55.33006907516577,0.279684065934066,"[1, 2, 3, 5, 8, 9, 10, 12, 16, 20]",9,aec_adapted_frozen_chronos2
13,d13,352,416,test,"[4, 9, 3, 16, 17, 20, 14, 10, 2, 18, 12]","[4, 9, 3, 16, 17, 20, 14, 10, 2, 18, 12, 5, 7, 1, 8]",102,0,15,77.05042060778382,0.17358243739582482,"[1, 2, 3, 4, 5, 7, 8, 9, 10, 12, 14, 16, 17, 18, 20]",4,aec_adapted_frozen_chronos2
13,d13,416,480,test,"[9, 16, 3, 19, 11, 20, 17, 14, 10, 2, 5, 12, 13]","[9, 16, 3, 19, 11, 20, 17, 14, 10, 2, 5, 12, 13, 1, 8, 18, 7]",106,0,17,81.21451189535296,0.21921007930645958,"[1, 2, 3, 5, 7, 8, 9, 10, 11, 12, 13, 14, 16, 17, 18, 19, 20]",9,aec_adapted_frozen_chronos2
13,d13,480,544,test,"[4, 9, 3, 16, 19, 11, 20, 17, 14, 10, 2, 5, 13, 12]","[4, 9, 3, 16, 19, 11, 20, 17, 14, 10, 2, 5, 13, 12, 7, 1, 8, 18]",96,0,18,72.71869570216413,0.2079315184665083,"[1, 2, 3, 4, 5, 7, 8, 9, 10, 11, 12, 13, 14, 16, 17, 18, 19, 20]",4,aec_adapted_frozen_chronos2
13,d13,544,608,test,"[9, 3, 19, 16, 11, 20, 14, 10, 2, 13, 8, 7, 12]","[9, 3, 19, 16, 11, 20, 14, 10, 2, 13, 8, 7, 12, 5, 1, 18]",106,0,16,79.50187284279485,0.26558214597091107,"[1, 2, 3, 5, 7, 8, 9, 10, 11, 12, 13, 14, 16, 18, 19, 20]",9,aec_adapted_frozen_chronos2
13,d13,608,672,test,"[9, 3, 16, 11, 20, 14, 10, 6, 5, 1, 8, 13, 12]","[9, 3, 16, 11, 20, 14, 10, 6, 5, 1, 8, 13, 12, 7, 18]",127,0,15,97.0587719930316,0.20900281402523316,"[1, 3, 5, 6, 7, 8, 9, 10, 11, 12, 13, 14, 16, 18, 20]",9,aec_adapted_frozen_chronos2
13,d13,672,736,test,"[9, 3, 19, 20, 16, 14, 11, 17, 10, 2, 5, 13, 1, 18, 12]","[9, 3, 19, 20, 16, 14, 11, 17, 10, 2, 5, 13, 1, 18, 12, 7, 8]",124,2,17,93.52850644889145,0.16423891661270695,"[1, 2, 3, 5, 7, 8, 9, 10, 11, 12, 13, 14, 16, 17, 18, 19, 20]",9,aec_adapted_frozen_chronos2
13,d13,736,800,test,"[9, 19, 3, 16, 11, 20, 17, 14, 10, 2, 13, 6, 1]","[9, 19, 3, 16, 11, 20, 17, 14, 10, 2, 13, 6, 1, 12, 7, 5, 8, 18]",120,0,18,92.83935643591055,0.20758666768862133,"[1, 2, 3, 5, 6, 7, 8, 9, 10, 11, 12, 13, 14, 16, 17, 18, 19, 20]",9,aec_adapted_frozen_chronos2
13,d13,800,864,test,"[9, 19, 3, 16, 11, 15, 20, 17, 14, 10, 5, 1, 8, 13]","[9, 19, 3, 16, 11, 15, 20, 17, 14, 10, 5, 1, 8, 13, 7, 18, 12]",123,3,17,90.06799458743582,0.14432290099934333,"[1, 3, 5, 7, 8, 9, 10, 11, 12, 13, 14, 15, 16, 17, 18, 19, 20]",9,aec_adapted_frozen_chronos2
13,d13,864,928,test,"[9, 3, 19, 20, 16, 11, 14, 17, 10, 2, 6, 5, 7, 8, 13]","[9, 3, 19, 20, 16, 11, 14, 17, 10, 2, 6, 5, 7, 8, 13, 1, 12, 18]",126,2,18,96.6131832208128,0.17680580984934033,"[1, 2, 3, 5, 6, 7, 8, 9, 10, 11, 12, 13, 14, 16, 17, 18, 19, 20]",9,aec_adapted_frozen_chronos2
14,d14,160,224,test,"[3, 11, 14]","[3, 11, 14]",16,2,3,8.927860685326118,0.27777777777777773,"[3, 11, 14]",3,aec_adapted_frozen_chronos2
14,d14,224,288,test,"[3, 14, 11]","[3, 14, 11]",9,1,3,4.718434661299962,0.27777777777777773,"[3, 11, 14]",3,aec_adapted_frozen_chronos2
14,d14,288,352,test,"[14, 11]","[14, 11]",4,0,2,2.593885666048383,0.375,"[11, 14]",14,aec_adapted_frozen_chronos2
14,d14,352,416,test,"[9, 16, 11, 14, 15]","[9, 16, 11, 14, 15]",12,0,5,6.686979923201732,0.25,"[9, 11, 14, 15, 16]",9,aec_adapted_frozen_chronos2
14,d14,416,480,test,"[3, 11, 14]","[3, 11, 14]",11,1,3,5.815445101334595,0.3611111111111111,"[3, 11, 14]",3,aec_adapted_frozen_chronos2
14,d14,480,544,test,"[9, 3, 16, 11, 14, 15]","[9, 3, 16, 11, 14, 15]",23,0,6,12.9847344701849,0.2222222222222222,"[3, 9, 11, 14, 15, 16]",9,aec_adapted_frozen_chronos2
14,d14,544,608,test,"[11, 14]","[11, 14]",10,1,2,5.514670788081544,0.375,"[11, 14]",11,aec_adapted_frozen_chronos2
14,d14,608,672,test,[14],"[14, 11]",5,0,2,3.312217758547704,0.25,"[11, 14]",14,aec_adapted_frozen_chronos2
14,d14,672,736,test,"[3, 14, 11]","[3, 14, 11]",8,0,3,5.541746216851753,0.27777777777777773,"[3, 11, 14]",3,aec_adapted_frozen_chronos2
14,d14,736,800,test,"[19, 14]","[19, 14, 11]",9,2,3,5.08173162843613,0.3833333333333333,"[11, 14, 19]",19,aec_adapted_frozen_chronos2
14,d14,800,864,test,"[3, 11, 14]","[3, 11, 14]",18,2,3,10.25658454714527,0.08333333333333333,"[3, 11, 14]",3,aec_adapted_frozen_chronos2
14,d14,864,928,test,"[11, 3, 17]","[11, 3, 17, 14]",18,1,4,8.795826310752188,0.2738095238095238,"[3, 11, 14, 17]",11,aec_adapted_frozen_chronos2
15,d15,160,224,test,[],[-1],2,2,0,0.0,0.0,[],-1,aec_adapted_frozen_chronos2
15,d15,224,288,test,[15],[15],16,6,1,5.642392248610755,0.0,[15],15,aec_adapted_frozen_chronos2
15,d15,288,352,test,[],[-1],9,9,0,0.0,0.0,[],-1,aec_adapted_frozen_chronos2
15,d15,352,416,test,[],[-1],2,2,0,0.0,0.0,[],-1,aec_adapted_frozen_chronos2
15,d15,416,480,test,[11],[11],3,0,1,1.7236353405988054,0.5,[11],11,aec_adapted_frozen_chronos2
15,d15,480,544,test,[3],[3],3,1,1,1.0766632415959148,0.5,[3],3,aec_adapted_frozen_chronos2
15,d15,544,608,test,"[3, 14, 11]","[3, 14, 11]",15,1,3,7.926379089238081,0.5,"[3, 11, 14]",3,aec_adapted_frozen_chronos2
15,d15,608,672,test,[3],[3],16,9,1,3.6496903069895588,0.5,[3],3,aec_adapted_frozen_chronos2
15,d15,672,736,test,"[9, 3, 16, 14, 10]","[9, 3, 16, 14, 10]",21,0,5,12.958847958578488,0.32857142857142857,"[3, 9, 10, 14, 16]",9,aec_adapted_frozen_chronos2
15,d15,736,800,test,"[3, 19, 11, 20, 15, 17, 14, 18]","[3, 19, 11, 20, 15, 17, 14, 18, 8, 5]",48,0,10,32.491250653611544,0.29486694677871145,"[3, 5, 8, 11, 14, 15, 17, 18, 19, 20]",3,aec_adapted_frozen_chronos2
15,d15,800,864,test,"[3, 9, 16, 11, 14, 10, 7]","[3, 9, 16, 11, 14, 10, 7, 5, 12, 18]",60,0,10,39.51148876395142,0.3073815467831695,"[3, 5, 7, 9, 10, 11, 12, 14, 16, 18]",3,aec_adapted_frozen_chronos2
15,d15,864,928,test,"[3, 9, 16, 10]","[3, 9, 16, 10]",28,10,4,11.539710409895697,0.19642857142857142,"[3, 9, 10, 16]",3,aec_adapted_frozen_chronos2
16,d16,160,224,test,"[9, 16, 11, 10]","[9, 16, 11, 10]",17,2,4,7.348433323547989,0.23214285714285715,"[9, 10, 11, 16]",9,aec_adapted_frozen_chronos2
16,d16,224,288,test,"[9, 16, 15]","[9, 16, 15]",16,2,3,6.926669928451172,0.16666666666666666,"[9, 15, 16]",9,aec_adapted_frozen_chronos2
16,d16,288,352,test,"[3, 9, 16, 14, 10]","[3, 9, 16, 14, 10]",22,1,5,11.603520383393205,0.12857142857142856,"[3, 9, 10, 14, 16]",3,aec_adapted_frozen_chronos2
16,d16,352,416,test,"[9, 3, 16, 10, 5]","[9, 3, 16, 10, 5]",37,1,5,24.36096844765611,0.20357142857142857,"[3, 5, 9, 10, 16]",9,aec_adapted_frozen_chronos2
16,d16,416,480,test,"[9, 16, 10]","[9, 16, 10]",23,8,3,9.278173740580398,0.14285714285714285,"[9, 10, 16]",9,aec_adapted_frozen_chronos2
16,d16,480,544,test,"[9, 3, 16, 15, 10]","[9, 3, 16, 15, 10]",31,2,5,18.188246543957113,0.1,"[3, 9, 10, 15, 16]",9,aec_adapted_frozen_chronos2
16,d16,544,608,test,"[9, 16, 3, 20, 15, 14, 10, 5]","[9, 16, 3, 20, 15, 14, 10, 5]",42,0,8,28.557834693907377,0.18452380952380953,"[3, 5, 9, 10, 14, 15, 16, 20]",9,aec_adapted_frozen_chronos2
16,d16,608,672,test,"[3, 16, 9, 15, 14, 10]","[3, 16, 9, 15, 14, 10]",26,3,6,14.000735645917013,0.10714285714285714,"[3, 9, 10, 14, 15, 16]",3,aec_adapted_frozen_chronos2
16,d16,672,736,test,"[9, 16]","[9, 16]",13,6,2,3.9226334021019866,0.0,"[9, 16]",9,aec_adapted_frozen_chronos2
16,d16,736,800,test,"[9, 3, 16, 11, 20, 14, 10, 7, 1]","[9, 3, 16, 11, 20, 14, 10, 7, 1, 5, 8, 18]",58,0,12,41.35659806832303,0.2518988054992112,"[1, 3, 5, 7, 8, 9, 10, 11, 14, 16, 18, 20]",9,aec_adapted_frozen_chronos2
16,d16,800,864,test,"[3, 9, 16, 11, 14, 17, 10, 7, 5]","[3, 9, 16, 11, 14, 17, 10, 7, 5, 12, 1, 8, 18]",68,0,13,47.36139401739481,0.21490774334626728,"[1, 3, 5, 7, 8, 9, 10, 11, 12, 14, 16, 17, 18]",3,aec_adapted_frozen_chronos2
16,d16,864,928,test,"[9, 16, 11, 3, 15, 20, 14, 10, 12, 5]","[9, 16, 11, 3, 15, 20, 14, 10, 12, 5, 1, 7, 18]",55,0,13,36.882157802206535,0.27860185596376896,"[1, 3, 5, 7, 9, 10, 11, 12, 14, 15, 16, 18, 20]",9,aec_adapted_frozen_chronos2
17,d17,160,224,test,"[4, 3, 14, 11, 17]","[4, 3, 14, 11, 17]",14,0,5,10.314602043302559,0.02857142857142857,"[3, 4, 11, 14, 17]",4,aec_adapted_frozen_chronos2
17,d17,224,288,test,"[4, 3, 11, 14, 17]","[4, 3, 11, 14, 17]",36,6,5,19.246988637453626,0.2119047619047619,"[3, 4, 11, 14, 17]",4,aec_adapted_frozen_chronos2
17,d17,288,352,test,"[4, 9, 16, 10, 3, 11, 17]","[4, 9, 16, 10, 3, 11, 17, 14]",25,0,8,15.176290441203077,0.10119047619047618,"[3, 4, 9, 10, 11, 14, 16, 17]",4,aec_adapted_frozen_chronos2
17,d17,352,416,test,"[4, 9, 3, 19, 11, 20, 17, 10, 14, 18]","[4, 9, 3, 19, 11, 20, 17, 10, 14, 18, 16]",43,0,11,29.971305315571115,0.19567099567099566,"[3, 4, 9, 10, 11, 14, 16, 17, 18, 19, 20]",4,aec_adapted_frozen_chronos2
17,d17,416,480,test,"[9, 16, 4, 3, 19, 11, 20, 14, 10, 17, 18]","[9, 16, 4, 3, 19, 11, 20, 14, 10, 17, 18, 5, 8]",53,0,13,37.086086426661815,0.20847877612583493,"[3, 4, 5, 8, 9, 10, 11, 14, 16, 17, 18, 19, 20]",9,aec_adapted_frozen_chronos2
17,d17,480,544,test,"[4, 9, 16, 19, 11, 3, 20, 10, 17, 14, 18, 5]","[4, 9, 16, 19, 11, 3, 20, 10, 17, 14, 18, 5, 7, 12]",55,0,14,38.106693655431364,0.2472806629283013,"[3, 4, 5, 7, 9, 10, 11, 12, 14, 16, 17, 18, 19, 20]",4,aec_adapted_frozen_chronos2
17,d17,544,608,test,"[9, 4, 3, 16, 11, 20, 10, 14, 17]","[9, 4, 3, 16, 11, 20, 10, 14, 17, 15]",44,10,10,23.70672720445451,0.14952380952380953,"[3, 4, 9, 10, 11, 14, 15, 16, 17, 20]",9,aec_adapted_frozen_chronos2
17,d17,608,672,test,"[4, 3, 9, 11, 16, 14, 17]","[4, 3, 9, 11, 16, 14, 17]",33,2,7,20.59318543148455,0.17517006802721086,"[3, 4, 9, 11, 14, 16, 17]",4,aec_adapted_frozen_chronos2
17,d17,672,736,test,"[4, 17, 11, 14]","[4, 17, 11, 14]",18,1,4,10.181511771412055,0.1875,"[4, 11, 14, 17]",4,aec_adapted_frozen_chronos2
17,d17,736,800,test,"[4, 3, 14, 11, 17]","[4, 3, 14, 11, 17]",11,0,5,7.788231517265158,0.22380952380952382,"[3, 4, 11, 14, 17]",4,aec_adapted_frozen_chronos2
17,d17,800,864,test,"[4, 19, 14, 3, 11, 17, 10, 5]","[4, 19, 14, 3, 11, 17, 10, 5, 18]",34,0,9,22.24713262239235,0.27133520074696543,"[3, 4, 5, 10, 11, 14, 17, 18, 19]",4,aec_adapted_frozen_chronos2
17,d17,864,928,test,"[3, 4, 14, 11, 17]","[3, 4, 14, 11, 17]",10,0,5,7.155665757416691,0.2452380952380952,"[3, 4, 11, 14, 17]",3,aec_adapted_frozen_chronos2
18,d18,160,224,test,[3],[3],15,8,1,4.679643053126735,0.5,[3],3,aec_adapted_frozen_chronos2
18,d18,224,288,test,"[9, 16, 3, 19, 11, 17, 20, 14, 10, 5, 1, 8, 12]","[9, 16, 3, 19, 11, 17, 20, 14, 10, 5, 1, 8, 12, 18, 13, 7, 15]",106,0,17,77.72487849027472,0.17253438153311929,"[1, 3, 5, 7, 8, 9, 10, 11, 12, 13, 14, 15, 16, 17, 18, 19, 20]",9,aec_adapted_frozen_chronos2
18,d18,288,352,test,"[3, 9, 19, 20, 16, 11, 14, 17, 10, 2, 5, 13, 1, 7, 18]","[3, 9, 19, 20, 16, 11, 14, 17, 10, 2, 5, 13, 1, 7, 18, 8, 12]",121,1,17,93.04892318179073,0.16189817983183616,"[1, 2, 3, 5, 7, 8, 9, 10, 11, 12, 13, 14, 16, 17, 18, 19, 20]",3,aec_adapted_frozen_chronos2
18,d18,352,416,test,"[4, 9, 19, 3, 11, 16, 20, 17, 14, 10, 2, 5, 13, 6, 1, 18, 7]","[4, 9, 19, 3, 11, 16, 20, 17, 14, 10, 2, 5, 13, 6, 1, 18, 7, 12, 8]",139,3,19,107.48604090164913,0.1910361987142594,"[1, 2, 3, 4, 5, 6, 7, 8, 9, 10, 11, 12, 13, 14, 16, 17, 18, 19, 20]",4,aec_adapted_frozen_chronos2
18,d18,416,480,test,"[21, 6]","[21, 6]",89,22,2,36.61430652287296,0.3421052631578947,"[6, 21]",21,aec_adapted_frozen_chronos2
18,d18,480,544,test,"[21, 6]","[21, 6]",84,22,2,30.268825414743517,0.21052631578947367,"[6, 21]",21,aec_adapted_frozen_chronos2
18,d18,544,608,test,"[3, 21, 6]","[3, 21, 6]",84,23,3,29.993959159625117,0.31871345029239767,"[3, 6, 21]",3,aec_adapted_frozen_chronos2
18,d18,608,672,test,"[21, 6]","[21, 6]",84,23,2,29.913822366002343,0.21929824561403508,"[6, 21]",21,aec_adapted_frozen_chronos2
18,d18,672,736,test,"[3, 21, 6]","[3, 21, 6]",83,22,3,29.920721578314676,0.31871345029239767,"[3, 6, 21]",3,aec_adapted_frozen_chronos2
18,d18,736,800,test,"[3, 21, 6]","[3, 21, 6]",85,23,3,30.190062480968194,0.31871345029239767,"[3, 6, 21]",3,aec_adapted_frozen_chronos2
18,d18,800,864,test,"[21, 6]","[21, 6]",85,24,2,29.43725501800784,0.21929824561403508,"[6, 21]",21,aec_adapted_frozen_chronos2
18,d18,864,928,test,"[21, 6]","[21, 6]",85,21,2,31.4438447203773,0.21052631578947367,"[6, 21]",21,aec_adapted_frozen_chronos2
19,d19,160,224,test,"[11, 16, 9, 19]","[11, 16, 9, 19]",16,0,4,9.04793126274153,0.125,"[9, 11, 16, 19]",11,aec_adapted_frozen_chronos2
19,d19,224,288,test,"[9, 16, 3, 11, 10, 14, 19]","[9, 16, 3, 11, 10, 14, 19]",13,0,7,7.268568619179163,0.28741496598639454,"[3, 9, 10, 11, 14, 16, 19]",9,aec_adapted_frozen_chronos2
19,d19,288,352,test,"[3, 19, 14, 11]","[3, 19, 14, 11]",25,6,4,10.757922639674574,0.425,"[3, 11, 14, 19]",3,aec_adapted_frozen_chronos2
19,d19,352,416,test,"[19, 14]","[19, 14, 11]",8,0,3,4.125455827090107,0.2333333333333333,"[11, 14, 19]",19,aec_adapted_frozen_chronos2
19,d19,416,480,test,"[11, 19, 14]","[11, 19, 14]",9,1,3,4.739051449975294,0.31666666666666665,"[11, 14, 19]",11,aec_adapted_frozen_chronos2
19,d19,480,544,test,"[11, 19, 14]","[11, 19, 14]",7,0,3,4.072392953305131,0.31666666666666665,"[11, 14, 19]",11,aec_adapted_frozen_chronos2
19,d19,544,608,test,"[3, 19, 11, 14]","[3, 19, 11, 14]",13,0,4,6.835442214636037,0.22916666666666666,"[3, 11, 14, 19]",3,aec_adapted_frozen_chronos2
19,d19,608,672,test,"[3, 19, 17, 14]","[3, 19, 17, 14, 11]",20,0,5,11.276866080432441,0.1757142857142857,"[3, 11, 14, 17, 19]",3,aec_adapted_frozen_chronos2
19,d19,672,736,test,"[3, 11, 19]","[3, 11, 19, 14]",16,4,4,7.688411168468103,0.2791666666666667,"[3, 11, 14, 19]",3,aec_adapted_frozen_chronos2
19,d19,736,800,test,"[9, 16, 11, 19, 14]","[9, 16, 11, 19, 14]",20,2,5,11.211674838454528,0.24,"[9, 11, 14, 16, 19]",9,aec_adapted_frozen_chronos2
19,d19,800,864,test,"[3, 9, 16, 11, 19, 14]","[3, 9, 16, 11, 19, 14]",15,1,6,7.560836250806039,0.38055555555555554,"[3, 9, 11, 14, 16, 19]",3,aec_adapted_frozen_chronos2
19,d19,864,928,test,"[3, 19, 14, 11]","[3, 19, 14, 11]",21,2,4,11.067831668587827,0.425,"[3, 11, 14, 19]",3,aec_adapted_frozen_chronos2
20,d20,160,224,test,[3],[3],2,0,1,1.3201823593438198,0.5,[3],3,aec_adapted_frozen_chronos2
20,d20,224,288,test,"[9, 3, 16, 15, 20, 10, 5]","[9, 3, 16, 15, 20, 10, 5, 14]",37,0,8,25.138094569851617,0.2376488095238095,"[3, 5, 9, 10, 14, 15, 16, 20]",9,aec_adapted_frozen_chronos2
20,d20,288,352,test,"[9, 3, 16, 11, 20, 14, 10, 5, 8]","[9, 3, 16, 11, 20, 14, 10, 5, 8, 12, 13, 7, 18, 1]",60,0,14,40.983819635526785,0.24117876069875108,"[1, 3, 5, 7, 8, 9, 10, 11, 12, 13, 14, 16, 18, 20]",9,aec_adapted_frozen_chronos2
20,d20,352,416,test,"[9, 3, 16, 11, 20, 10]","[9, 3, 16, 11, 20, 10, 14, 5]",34,0,8,21.507821754338494,0.3063988095238095,"[3, 5, 9, 10, 11, 14, 16, 20]",9,aec_adapted_frozen_chronos2
20,d20,416,480,test,"[3, 15, 20]","[3, 15, 20]",29,6,3,16.346438447071172,0.2333333333333333,"[3, 15, 20]",3,aec_adapted_frozen_chronos2
20,d20,480,544,test,"[9, 16, 3, 19, 20, 10, 14, 7]","[9, 16, 3, 19, 20, 10, 14, 7, 5, 18]",52,0,10,35.066925361754514,0.3297394475031392,"[3, 5, 7, 9, 10, 14, 16, 18, 19, 20]",9,aec_adapted_frozen_chronos2
20,d20,544,608,test,"[9, 16, 3, 20, 14, 10, 5]","[9, 16, 3, 20, 14, 10, 5]",43,0,7,28.9028154896211,0.20833333333333331,"[3, 5, 9, 10, 14, 16, 20]",9,aec_adapted_frozen_chronos2
20,d20,608,672,test,"[9, 16, 3, 20, 15, 14, 10]","[9, 16, 3, 20, 15, 14, 10]",28,0,7,18.195644304603814,0.2897959183673469,"[3, 9, 10, 14, 15, 16, 20]",9,aec_adapted_frozen_chronos2
20,d20,672,736,test,[20],[20],13,3,1,6.886957752455915,0.2,[20],20,aec_adapted_frozen_chronos2
20,d20,736,800,test,"[3, 20, 14]","[3, 20, 14]",29,5,3,15.820418779450044,0.3333333333333333,"[3, 14, 20]",3,aec_adapted_frozen_chronos2
20,d20,800,864,test,"[9, 16, 3, 15, 20, 10]","[9, 16, 3, 15, 20, 10]",39,7,6,20.75749616615071,0.14761904761904762,"[3, 9, 10, 15, 16, 20]",9,aec_adapted_frozen_chronos2
20,d20,864,928,test,"[3, 16, 9, 14, 20, 10, 7]","[3, 16, 9, 14, 20, 10, 7]",48,0,7,29.73439493067516,0.1701618578465869,"[3, 7, 9, 10, 14, 16, 20]",3,aec_adapted_frozen_chronos2
21,d21,160,224,test,"[21, 15]","[21, 15]",5,1,2,1.586593445353396,0.16666666666666666,"[15, 21]",21,aec_adapted_frozen_chronos2
21,d21,224,288,test,"[21, 15]","[21, 15, 3]",5,0,3,1.6647548595564587,0.16666666666666666,"[3, 15, 21]",21,aec_adapted_frozen_chronos2
21,d21,288,352,test,"[21, 3]","[21, 3]",12,6,2,3.1890933497926515,0.41666666666666663,"[3, 21]",21,aec_adapted_frozen_chronos2
21,d21,352,416,test,"[21, 3]","[21, 3]",15,4,2,6.685440398034494,0.41666666666666663,"[3, 21]",21,aec_adapted_frozen_chronos2
21,d21,416,480,test,[21],[21],27,19,1,2.602041635434505,0.3333333333333333,[21],21,aec_adapted_frozen_chronos2
21,d21,480,544,test,"[21, 15]","[21, 15]",13,5,2,4.839129925573766,0.16666666666666666,"[15, 21]",21,aec_adapted_frozen_chronos2
21,d21,544,608,test,"[21, 15]","[21, 15]",14,5,2,4.719013066839223,0.16666666666666666,"[15, 21]",21,aec_adapted_frozen_chronos2
21,d21,608,672,test,"[15, 11]","[15, 11, 19]",20,7,3,7.746956176380817,0.21666666666666667,"[11, 15, 19]",15,aec_adapted_frozen_chronos2
21,d21,672,736,test,"[21, 15]","[21, 15]",20,7,2,6.969479388778222,0.16666666666666666,"[15, 21]",21,aec_adapted_frozen_chronos2
21,d21,736,800,test,"[21, 15]","[21, 15]",24,12,2,6.736116073953251,0.16666666666666666,"[15, 21]",21,aec_adapted_frozen_chronos2
21,d21,800,864,test,"[21, 15]","[21, 15]",22,9,2,7.822087041043287,0.16666666666666666,"[15, 21]",21,aec_adapted_frozen_chronos2
21,d21,864,928,test,"[21, 3, 19, 15, 11, 14]","[21, 3, 19, 15, 11, 14]",28,9,6,11.13267967424337,0.37222222222222223,"[3, 11, 14, 15, 19, 21]",21,aec_adapted_frozen_chronos2
0,d00,0,64,test,[],[-1],5,5,0,0.0,0.0,[],-1,minexplain_frozen_chronos2
0,d00,64,128,test,[15],[15],7,4,1,2.464963045462172,0.0,[15],15,minexplain_frozen_chronos2
0,d00,128,192,test,[],[-1],10,10,0,0.0,0.0,[],-1,minexplain_frozen_chronos2
0,d00,192,256,test,[15],[15],7,4,1,2.2130198121941933,0.0,[15],15,minexplain_frozen_chronos2
0,d00,256,320,test,[],[-1],15,15,0,0.0,0.0,[],-1,minexplain_frozen_chronos2
0,d00,320,384,test,[3],[3],3,2,1,1.5389170047417602,0.5,[3],3,minexplain_frozen_chronos2
0,d00,384,448,test,[3],[3],9,3,1,3.61086893672325,0.5,[3],3,minexplain_frozen_chronos2
0,d00,448,512,test,[15],[15],9,2,1,4.112007951690103,0.0,[15],15,minexplain_frozen_chronos2
0,d00,512,576,test,[14],"[14, 3]",21,7,2,8.638400974096484,0.25,"[3, 14]",14,minexplain_frozen_chronos2
0,d00,576,640,test,[15],[15],8,1,1,4.553818048150984,0.0,[15],15,minexplain_frozen_chronos2
0,d00,640,704,test,[3],[3],8,4,1,2.958344580562163,0.5,[3],3,minexplain_frozen_chronos2
0,d00,704,768,test,[3],[3],20,16,1,3.354398155840033,0.5,[3],3,minexplain_frozen_chronos2
0,d00,768,832,test,"[11, 10, 9, 16]","[11, 10, 9, 16, 3]",28,4,5,17.363306101524472,0.2857142857142857,"[3, 9, 10, 11, 16]",11,minexplain_frozen_chronos2
0,d00,832,896,test,"[16, 10, 9]","[16, 10, 9, 3]",25,5,4,12.07699743845307,0.19642857142857142,"[3, 9, 10, 16]",16,minexplain_frozen_chronos2
0,d00,896,960,test,[9],"[9, 16]",5,0,2,2.9961370339583393,0.25,"[9, 16]",9,minexplain_frozen_chronos2
1,d01,160,224,test,"[13, 1, 6, 5, 10, 20]","[13, 1, 6, 5, 10, 20, 8, 7, 18, 12, 14, 9, 11, 3, 16]",100,0,15,60.461397435331754,0.16203404340935038,"[1, 3, 5, 6, 7, 8, 9, 10, 11, 12, 13, 14, 16, 18, 20]",13,minexplain_frozen_chronos2
1,d01,224,288,test,"[1, 12, 5, 13]","[1, 12, 5, 13, 7, 8, 10, 18, 4, 15, 9, 16, 3, 20, 17, 14, 11]",105,0,17,56.3445981795347,0.20155903863216454,"[1, 3, 4, 5, 7, 8, 9, 10, 11, 12, 13, 14, 15, 16, 17, 18, 20]",1,minexplain_frozen_chronos2
1,d01,288,352,test,"[1, 7, 5]","[1, 7, 5, 8, 13, 18, 9, 10, 15, 12, 16, 20, 14, 17, 3, 19, 11]",87,0,17,43.89296173435691,0.2448175568196417,"[1, 3, 5, 7, 8, 9, 10, 11, 12, 13, 14, 15, 16, 17, 18, 19, 20]",1,minexplain_frozen_chronos2
1,d01,352,416,test,"[7, 5, 1, 8, 13]","[7, 5, 1, 8, 13, 12, 18, 3, 10, 14, 9, 15, 16, 20, 11]",96,0,15,52.029685786498625,0.1587125401140027,"[1, 3, 5, 7, 8, 9, 10, 11, 12, 13, 14, 15, 16, 18, 20]",7,minexplain_frozen_chronos2
1,d01,416,480,test,"[14, 10, 5, 12, 1]","[14, 10, 5, 12, 1, 9, 3, 16, 7, 11, 15, 18]",63,0,12,39.50557239343195,0.21388596331547652,"[1, 3, 5, 7, 9, 10, 11, 12, 14, 15, 16, 18]",14,minexplain_frozen_chronos2
1,d01,480,544,test,"[15, 10, 1, 5, 3]","[15, 10, 1, 5, 3, 16, 9]",40,2,7,24.460450778353145,0.24617346938775508,"[1, 3, 5, 9, 10, 15, 16]",15,minexplain_frozen_chronos2
1,d01,544,608,test,[15],[15],30,18,1,6.754705674309329,0.0,[15],15,minexplain_frozen_chronos2
1,d01,608,672,test,"[15, 3]","[15, 3]",23,17,2,4.738278425483127,0.25,"[3, 15]",15,minexplain_frozen_chronos2
1,d01,672,736,test,"[16, 10, 9]","[16, 10, 9, 15, 3]",40,7,5,19.10853088823311,0.22857142857142856,"[3, 9, 10, 15, 16]",16,minexplain_frozen_chronos2
1,d01,736,800,test,[15],[15],15,12,1,2.4724836745262775,0.0,[15],15,minexplain_frozen_chronos2
1,d01,800,864,test,[15],"[15, 3]",34,19,2,8.610715478020296,0.25,"[3, 15]",15,minexplain_frozen_chronos2
1,d01,864,928,test,"[9, 15, 10, 5, 18]","[9, 15, 10, 5, 18, 3, 16, 1]",47,0,8,30.323438142554878,0.23697916666666669,"[1, 3, 5, 9, 10, 15, 16, 18]",9,minexplain_frozen_chronos2
2,d02,160,224,test,"[2, 10, 1, 14]","[2, 10, 1, 14, 3, 20, 11, 8, 5, 7, 12, 18]",70,2,12,41.392819524772825,0.43563757841775086,"[1, 2, 3, 5, 7, 8, 10, 11, 12, 14, 18, 20]",2,minexplain_frozen_chronos2
2,d02,224,288,test,"[10, 2, 5, 7]","[10, 2, 5, 7, 4, 3, 13, 12, 8, 16, 9, 1, 18]",90,0,13,50.11338360194978,0.2517322274865122,"[1, 2, 3, 4, 5, 7, 8, 9, 10, 12, 13, 16, 18]",10,minexplain_frozen_chronos2
2,d02,288,352,test,"[2, 3]","[2, 3, 4]",48,3,3,26.973086581543168,0.20476190476190478,"[2, 3, 4]",2,minexplain_frozen_chronos2
2,d02,352,416,test,"[2, 3, 4]","[2, 3, 4, 9, 16]",59,6,5,30.09762852545274,0.24,"[2, 3, 4, 9, 16]",2,minexplain_frozen_chronos2
2,d02,416,480,test,"[2, 4]","[2, 4]",41,0,2,23.78642763558494,0.17142857142857143,"[2, 4]",2,minexplain_frozen_chronos2
2,d02,480,544,test,[2],"[2, 4]",33,1,2,19.115703625003487,0.17142857142857143,"[2, 4]",2,minexplain_frozen_chronos2
2,d02,544,608,test,[2],"[2, 4]",33,3,2,17.288436913417897,0.17142857142857143,"[2, 4]",2,minexplain_frozen_chronos2
2,d02,608,672,test,[2],"[2, 4]",34,1,2,19.20671393512204,0.17142857142857143,"[2, 4]",2,minexplain_frozen_chronos2
2,d02,672,736,test,"[2, 3]","[2, 3, 4]",37,1,3,20.534780184635977,0.2523809523809524,"[2, 3, 4]",2,minexplain_frozen_chronos2
2,d02,736,800,test,"[2, 4]","[2, 4, 3]",38,2,3,21.954662323426245,0.28095238095238095,"[2, 3, 4]",2,minexplain_frozen_chronos2
2,d02,800,864,test,"[2, 3, 17]","[2, 3, 17, 4, 14]",44,0,5,25.96453929488088,0.24285714285714283,"[2, 3, 4, 14, 17]",2,minexplain_frozen_chronos2
2,d02,864,928,test,"[2, 14, 19]","[2, 14, 19, 4, 11, 17]",37,0,6,22.32128935840586,0.29642857142857143,"[2, 4, 11, 14, 17, 19]",2,minexplain_frozen_chronos2
3,d03,160,224,test,"[10, 9, 5]","[10, 9, 5, 16, 3]",31,0,5,20.287191820785164,0.2202380952380952,"[3, 5, 9, 10, 16]",10,minexplain_frozen_chronos2
3,d03,224,288,test,"[3, 14, 11]","[3, 14, 11]",19,0,3,12.701580765421255,0.5,"[3, 11, 14]",3,minexplain_frozen_chronos2
3,d03,288,352,test,[3],[3],16,9,1,5.596388356060351,0.5,[3],3,minexplain_frozen_chronos2
3,d03,352,416,test,[],[-1],7,7,0,0.0,0.0,[],-1,minexplain_frozen_chronos2
3,d03,416,480,test,[3],[3],7,3,1,3.0404294545380592,0.5,[3],3,minexplain_frozen_chronos2
3,d03,480,544,test,"[3, 14, 5]","[3, 14, 5]",24,2,3,14.246972775644421,0.27777777777777773,"[3, 5, 14]",3,minexplain_frozen_chronos2
3,d03,544,608,test,"[10, 14, 15, 5]","[10, 14, 15, 5, 9, 16, 11, 20, 3]",33,0,9,20.612557344657194,0.3492063492063492,"[3, 5, 9, 10, 11, 14, 15, 16, 20]",10,minexplain_frozen_chronos2
3,d03,608,672,test,[15],[15],24,9,1,9.386732157911466,0.0,[15],15,minexplain_frozen_chronos2
3,d03,672,736,test,[3],[3],7,4,1,2.4594404778913947,0.5,[3],3,minexplain_frozen_chronos2
3,d03,736,800,test,[],[-1],16,16,0,0.0,0.0,[],-1,minexplain_frozen_chronos2
3,d03,800,864,test,"[14, 11, 3]","[14, 11, 3]",13,4,3,7.30583416297488,0.19444444444444442,"[3, 11, 14]",14,minexplain_frozen_chronos2
3,d03,864,928,test,"[16, 9]","[16, 9]",14,8,2,5.364251090073101,0.25,"[9, 16]",16,minexplain_frozen_chronos2
4,d04,160,224,test,"[14, 11]","[14, 11, 4, 3]",13,1,4,8.514018149604468,0.3125,"[3, 4, 11, 14]",14,minexplain_frozen_chronos2
4,d04,224,288,test,"[14, 4, 10]","[14, 4, 10, 3]",34,1,4,20.69143522473259,0.23214285714285715,"[3, 4, 10, 14]",14,minexplain_frozen_chronos2
4,d04,288,352,test,"[10, 9, 16, 4]","[10, 9, 16, 4, 3, 14]",32,0,6,19.683369581436683,0.08333333333333333,"[3, 4, 9, 10, 14, 16]",10,minexplain_frozen_chronos2
4,d04,352,416,test,[4],[4],10,9,1,1.3685862663593575,0.0,[4],4,minexplain_frozen_chronos2
4,d04,416,480,test,"[3, 4]","[3, 4]",16,5,2,7.1828532134425345,0.25,"[3, 4]",3,minexplain_frozen_chronos2
4,d04,480,544,test,[4],[4],22,21,1,1.4238871343328876,0.0,[4],4,minexplain_frozen_chronos2
4,d04,544,608,test,"[3, 4]","[3, 4]",11,3,2,5.525388437830937,0.25,"[3, 4]",3,minexplain_frozen_chronos2
4,d04,608,672,test,[4],[4],11,8,1,1.7718989002714256,0.0,[4],4,minexplain_frozen_chronos2
4,d04,672,736,test,"[4, 3]","[4, 3]",15,5,2,7.306615939359613,0.25,"[3, 4]",4,minexplain_frozen_chronos2
4,d04,736,800,test,"[9, 3, 4]","[9, 3, 4, 16]",9,1,4,6.737822870427666,0.25,"[3, 4, 9, 16]",9,minexplain_frozen_chronos2
4,d04,800,864,test,"[4, 3]","[4, 3]",9,2,2,5.224690065467335,0.25,"[3, 4]",4,minexplain_frozen_chronos2
4,d04,864,928,test,"[9, 4, 3, 16]","[9, 4, 3, 16]",11,0,4,9.173385792222204,0.25,"[3, 4, 9, 16]",9,minexplain_frozen_chronos2
5,d05,160,224,test,"[1, 7, 8]","[1, 7, 8, 5, 13, 9, 14, 18, 15, 19, 12, 10, 11, 20, 17, 3, 16]",82,0,17,48.08835102276682,0.20444792599517572,"[1, 3, 5, 7, 8, 9, 10, 11, 12, 13, 14, 15, 16, 17, 18, 19, 20]",1,minexplain_frozen_chronos2
5,d05,224,288,test,"[7, 8, 1, 18]","[7, 8, 1, 18, 13, 5, 12, 3, 10, 9, 14, 16, 11, 20]",110,2,14,58.635211127835916,0.13907838718343685,"[1, 3, 5, 7, 8, 9, 10, 11, 12, 13, 14, 16, 18, 20]",7,minexplain_frozen_chronos2
5,d05,288,352,test,"[10, 5, 7, 8]","[10, 5, 7, 8, 12, 1, 13, 3, 16, 9, 14, 18, 17, 11]",66,0,14,37.70361326865341,0.30062572111072544,"[1, 3, 5, 7, 8, 9, 10, 11, 12, 13, 14, 16, 17, 18]",10,minexplain_frozen_chronos2
5,d05,352,416,test,"[10, 14, 11, 5, 1]","[10, 14, 11, 5, 1, 20, 3, 19, 18]",50,0,9,30.672306367763017,0.4189153439153439,"[1, 3, 5, 10, 11, 14, 18, 19, 20]",10,minexplain_frozen_chronos2
5,d05,416,480,test,"[14, 20, 11]","[14, 20, 11, 3]",37,7,4,20.677464050532574,0.45,"[3, 11, 14, 20]",14,minexplain_frozen_chronos2
5,d05,480,544,test,[],[-1],22,22,0,0.0,0.0,[],-1,minexplain_frozen_chronos2
5,d05,544,608,test,[3],[3],8,3,1,3.6261101902757584,0.5,[3],3,minexplain_frozen_chronos2
5,d05,608,672,test,[],[-1],12,12,0,0.0,0.0,[],-1,minexplain_frozen_chronos2
5,d05,672,736,test,[3],[3],12,9,1,2.798053551818124,0.5,[3],3,minexplain_frozen_chronos2
5,d05,736,800,test,[3],[3],7,3,1,3.2949118670241804,0.5,[3],3,minexplain_frozen_chronos2
5,d05,800,864,test,[3],[3],10,7,1,2.9512150183352084,0.5,[3],3,minexplain_frozen_chronos2
5,d05,864,928,test,"[9, 16]","[9, 16, 3]",10,2,3,5.9422718620226975,0.3333333333333333,"[3, 9, 16]",9,minexplain_frozen_chronos2
6,d06,160,224,test,"[10, 6, 5, 12, 1, 7]","[10, 6, 5, 12, 1, 7, 8, 13, 20, 16, 9, 18, 3, 2, 14]",90,0,15,54.17023358715375,0.2865705279738588,"[1, 2, 3, 5, 6, 7, 8, 9, 10, 12, 13, 14, 16, 18, 20]",10,minexplain_frozen_chronos2
6,d06,224,288,test,"[6, 1, 13, 18]","[6, 1, 13, 18, 9, 5, 7, 10, 12, 8, 16, 11, 14, 20, 3, 17, 19]",108,0,17,64.05156239289684,0.16983213393593388,"[1, 3, 5, 6, 7, 8, 9, 10, 11, 12, 13, 14, 16, 17, 18, 19, 20]",6,minexplain_frozen_chronos2
6,d06,288,352,test,[6],"[6, 4, 21]",84,1,3,31.011397155203547,0.12280701754385964,"[4, 6, 21]",6,minexplain_frozen_chronos2
6,d06,352,416,test,[6],"[6, 4, 21]",86,2,3,30.88106782318641,0.12280701754385964,"[4, 6, 21]",6,minexplain_frozen_chronos2
6,d06,416,480,test,[6],"[6, 4, 21]",85,3,3,31.042874189790425,0.13450292397660818,"[4, 6, 21]",6,minexplain_frozen_chronos2
6,d06,480,544,test,"[6, 21]","[6, 21, 3, 4]",86,4,4,32.15397171340619,0.1557017543859649,"[3, 4, 6, 21]",6,minexplain_frozen_chronos2
6,d06,544,608,test,"[6, 21]","[6, 21, 4]",83,2,3,31.503631437752208,0.04093567251461988,"[4, 6, 21]",6,minexplain_frozen_chronos2
6,d06,608,672,test,"[6, 21]","[6, 21, 4]",81,2,3,30.153352145967766,0.04093567251461988,"[4, 6, 21]",6,minexplain_frozen_chronos2
6,d06,672,736,test,"[6, 21]","[6, 21, 4]",83,3,3,30.63021274684087,0.03508771929824561,"[4, 6, 21]",6,minexplain_frozen_chronos2
6,d06,736,800,test,"[6, 21]","[6, 21, 3, 4]",83,2,4,32.11261951441867,0.1513157894736842,"[3, 4, 6, 21]",6,minexplain_frozen_chronos2
6,d06,800,864,test,"[6, 21]","[6, 21, 4]",84,2,3,32.212687375897616,0.03508771929824561,"[4, 6, 21]",6,minexplain_frozen_chronos2
6,d06,864,928,test,"[6, 21]","[6, 21, 3, 4]",82,2,4,31.011458026677875,0.1557017543859649,"[3, 4, 6, 21]",6,minexplain_frozen_chronos2
7,d07,160,224,test,"[7, 5, 1, 8, 13]","[7, 5, 1, 8, 13, 12, 18, 10, 15, 4, 17, 9, 14, 16, 11, 20, 19, 3]",105,0,18,59.575511078068914,0.1767032420643502,"[1, 3, 4, 5, 7, 8, 9, 10, 11, 12, 13, 14, 15, 16, 17, 18, 19, 20]",7,minexplain_frozen_chronos2
7,d07,224,288,test,"[1, 7, 8, 5, 13]","[1, 7, 8, 5, 13, 18, 12, 10, 16, 20, 14, 9, 17, 19, 11, 3]",112,0,16,60.86432310814367,0.19501304666428904,"[1, 3, 5, 7, 8, 9, 10, 11, 12, 13, 14, 16, 17, 18, 19, 20]",1,minexplain_frozen_chronos2
7,d07,288,352,test,"[1, 5, 7, 12, 8]","[1, 5, 7, 12, 8, 13, 18, 10, 2, 9, 16, 11, 14, 17, 3, 20]",93,0,16,50.73912221410145,0.24476748883100635,"[1, 2, 3, 5, 7, 8, 9, 10, 11, 12, 13, 14, 16, 17, 18, 20]",1,minexplain_frozen_chronos2
7,d07,352,416,test,"[1, 5, 12]","[1, 5, 12, 10, 9, 7, 8, 15, 16, 3, 18, 14, 20, 19, 11]",83,0,15,47.571440374975325,0.2545684454153014,"[1, 3, 5, 7, 8, 9, 10, 11, 12, 14, 15, 16, 18, 19, 20]",1,minexplain_frozen_chronos2
7,d07,416,480,test,"[10, 5, 1, 18]","[10, 5, 1, 18, 16, 8, 15, 9, 14, 12, 20, 3]",65,1,12,38.32173136147672,0.2638480392156863,"[1, 3, 5, 8, 9, 10, 12, 14, 15, 16, 18, 20]",10,minexplain_frozen_chronos2
7,d07,480,544,test,"[10, 15, 16, 5, 11, 9]","[10, 15, 16, 5, 11, 9]",42,0,6,27.52718169599597,0.21428571428571427,"[5, 9, 10, 11, 15, 16]",10,minexplain_frozen_chronos2
7,d07,544,608,test,"[10, 20]","[10, 20, 9, 15, 16, 3]",34,6,6,17.172229956369716,0.16666666666666666,"[3, 9, 10, 15, 16, 20]",10,minexplain_frozen_chronos2
7,d07,608,672,test,"[10, 9]","[10, 9, 16]",28,3,3,16.101936034746593,0.14285714285714285,"[9, 10, 16]",10,minexplain_frozen_chronos2
7,d07,672,736,test,[],[-1],7,7,0,0.0,0.0,[],-1,minexplain_frozen_chronos2
7,d07,736,800,test,[3],[3],10,4,1,4.148908414799135,0.5,[3],3,minexplain_frozen_chronos2
7,d07,800,864,test,[3],[3],4,1,1,2.7430644010662553,0.5,[3],3,minexplain_frozen_chronos2
7,d07,864,928,test,[3],[3],3,2,1,1.4792755826066275,0.5,[3],3,minexplain_frozen_chronos2
8,d08,160,224,test,"[14, 1, 7, 12, 8]","[14, 1, 7, 12, 8, 10, 5, 19, 11, 20, 18, 9, 3, 16]",66,0,14,40.82255107339639,0.389676493939751,"[1, 3, 5, 7, 8, 9, 10, 11, 12, 14, 16, 18, 19, 20]",14,minexplain_frozen_chronos2
8,d08,224,288,test,"[8, 13, 1]","[8, 13, 1, 12, 5, 10, 18, 7, 16, 9, 11, 14, 20, 3]",93,0,14,53.97644316846934,0.21467805885442268,"[1, 3, 5, 7, 8, 9, 10, 11, 12, 13, 14, 16, 18, 20]",8,minexplain_frozen_chronos2
8,d08,288,352,test,"[1, 8, 7, 5, 10, 13]","[1, 8, 7, 5, 10, 13, 12, 18, 3, 2, 9, 16, 4, 17, 14, 20, 11, 19]",107,0,18,62.82381723604166,0.1972696891280749,"[1, 2, 3, 4, 5, 7, 8, 9, 10, 11, 12, 13, 14, 16, 17, 18, 19, 20]",1,minexplain_frozen_chronos2
8,d08,352,416,test,"[5, 1, 7, 12]","[5, 1, 7, 12, 13, 8, 10, 18, 9, 20, 16, 14, 11, 17, 19, 3]",96,0,16,54.77329542908987,0.22335054362384352,"[1, 3, 5, 7, 8, 9, 10, 11, 12, 13, 14, 16, 17, 18, 19, 20]",5,minexplain_frozen_chronos2
8,d08,416,480,test,"[12, 7, 8, 1, 13]","[12, 7, 8, 1, 13, 5, 18, 9, 10, 16, 14, 20, 19, 11, 17, 3]",103,0,16,59.51087055908254,0.2229528602502707,"[1, 3, 5, 7, 8, 9, 10, 11, 12, 13, 14, 16, 17, 18, 19, 20]",12,minexplain_frozen_chronos2
8,d08,480,544,test,"[5, 1, 13, 8, 12]","[5, 1, 13, 8, 12, 7, 18, 10, 14, 20, 11, 3, 16, 17, 9, 19, 2]",115,0,17,66.49421796594575,0.18563779467162117,"[1, 2, 3, 5, 7, 8, 9, 10, 11, 12, 13, 14, 16, 17, 18, 19, 20]",5,minexplain_frozen_chronos2
8,d08,544,608,test,"[1, 12, 8, 7, 13]","[1, 12, 8, 7, 13, 5, 3, 18, 10, 9, 11, 15, 16, 17, 14, 20]",93,0,16,54.34091098327269,0.17959286185505893,"[1, 3, 5, 7, 8, 9, 10, 11, 12, 13, 14, 15, 16, 17, 18, 20]",1,minexplain_frozen_chronos2
8,d08,608,672,test,"[13, 1, 12, 7, 5, 18]","[13, 1, 12, 7, 5, 18, 9, 10, 15, 16, 14, 20, 8, 19, 3, 17, 11]",94,0,17,58.930150857481955,0.17698146992493854,"[1, 3, 5, 7, 8, 9, 10, 11, 12, 13, 14, 15, 16, 17, 18, 19, 20]",13,minexplain_frozen_chronos2
8,d08,672,736,test,"[1, 5, 7, 8]","[1, 5, 7, 8, 13, 12, 10, 15, 11, 16, 9, 20, 14, 18, 17, 19, 3]",79,0,17,47.1874010238704,0.23142328943797177,"[1, 3, 5, 7, 8, 9, 10, 11, 12, 13, 14, 15, 16, 17, 18, 19, 20]",1,minexplain_frozen_chronos2
8,d08,736,800,test,"[5, 7, 12, 8]","[5, 7, 12, 8, 10, 3, 1, 13, 2, 16, 15, 18, 11, 14, 9]",80,0,15,48.078362029341335,0.2379536709746489,"[1, 2, 3, 5, 7, 8, 9, 10, 11, 12, 13, 14, 15, 16, 18]",5,minexplain_frozen_chronos2
8,d08,800,864,test,"[5, 12, 10, 1, 2]","[5, 12, 10, 1, 2, 11, 16, 9, 14, 3, 17, 20, 7, 13, 8, 19, 18]",83,0,17,50.240723885201916,0.23618542911987042,"[1, 2, 3, 5, 7, 8, 9, 10, 11, 12, 13, 14, 16, 17, 18, 19, 20]",5,minexplain_frozen_chronos2
8,d08,864,928,test,"[5, 12, 1, 7, 18]","[5, 12, 1, 7, 18, 13, 9, 10, 8, 15, 16, 20, 14, 11, 3, 19]",98,0,16,62.11447420640307,0.22144413018767467,"[1, 3, 5, 7, 8, 9, 10, 11, 12, 13, 14, 15, 16, 18, 19, 20]",5,minexplain_frozen_chronos2
9,d09,160,224,test,"[10, 9, 5]","[10, 9, 5, 3, 16, 14, 20]",25,0,7,15.058075161816019,0.32653061224489793,"[3, 5, 9, 10, 14, 16, 20]",10,minexplain_frozen_chronos2
9,d09,224,288,test,"[15, 3]","[15, 3]",10,2,2,6.201458420371278,0.25,"[3, 15]",15,minexplain_frozen_chronos2
9,d09,288,352,test,[3],[3],8,0,1,5.669208294132416,0.5,[3],3,minexplain_frozen_chronos2
9,d09,352,416,test,[15],[15],18,6,1,7.254533299100685,0.0,[15],15,minexplain_frozen_chronos2
9,d09,416,480,test,"[15, 14]","[15, 14, 3]",20,4,3,10.348137986236924,0.16666666666666666,"[3, 14, 15]",15,minexplain_frozen_chronos2
9,d09,480,544,test,"[15, 11]","[15, 11]",14,4,2,6.387385540007262,0.25,"[11, 15]",15,minexplain_frozen_chronos2
9,d09,544,608,test,"[3, 15]","[3, 15]",13,5,2,6.044911457693409,0.25,"[3, 15]",3,minexplain_frozen_chronos2
9,d09,608,672,test,[11],[11],20,7,1,8.959457254563134,0.5,[11],11,minexplain_frozen_chronos2
9,d09,672,736,test,[15],[15],16,7,1,5.617091093395662,0.0,[15],15,minexplain_frozen_chronos2
9,d09,736,800,test,[3],[3],18,13,1,3.663621758698351,0.5,[3],3,minexplain_frozen_chronos2
9,d09,800,864,test,"[14, 10, 15, 5]","[14, 10, 15, 5, 20, 3]",29,1,6,17.875565079722108,0.4047619047619048,"[3, 5, 10, 14, 15, 20]",14,minexplain_frozen_chronos2
9,d09,864,928,test,"[10, 5]","[10, 5, 16, 9, 3, 20]",35,1,6,21.795092670749845,0.2501984126984127,"[3, 5, 9, 10, 16, 20]",10,minexplain_frozen_chronos2
10,d10,160,224,test,"[14, 10, 5, 15]","[14, 10, 5, 15, 19, 20, 3, 16]",41,0,8,25.9227148258351,0.37217261904761906,"[3, 5, 10, 14, 15, 16, 19, 20]",14,minexplain_frozen_chronos2
10,d10,224,288,test,"[10, 16, 5, 14]","[10, 16, 5, 14, 11, 3, 9]",53,0,7,31.282964956480686,0.10119047619047619,"[3, 5, 9, 10, 11, 14, 16]",10,minexplain_frozen_chronos2
10,d10,288,352,test,"[10, 16]","[10, 16, 9, 3]",31,5,4,16.817839636935776,0.1607142857142857,"[3, 9, 10, 16]",10,minexplain_frozen_chronos2
10,d10,352,416,test,"[16, 14, 10, 9, 11]","[16, 14, 10, 9, 11, 3, 5]",33,0,7,20.99136730946732,0.19047619047619047,"[3, 5, 9, 10, 11, 14, 16]",16,minexplain_frozen_chronos2
10,d10,416,480,test,[16],"[16, 9]",4,1,2,2.7723801147642058,0.25,"[9, 16]",16,minexplain_frozen_chronos2
10,d10,480,544,test,"[3, 16]","[3, 16]",10,5,2,4.477101522019353,0.5,"[3, 16]",3,minexplain_frozen_chronos2
10,d10,544,608,test,"[10, 16, 14, 3]","[10, 16, 14, 3]",23,4,4,13.895485778656681,0.48214285714285715,"[3, 10, 14, 16]",10,minexplain_frozen_chronos2
10,d10,608,672,test,"[10, 1, 5, 9, 18]","[10, 1, 5, 9, 18, 15, 16, 3, 7, 14, 8, 12, 20, 19, 11]",63,0,15,38.17834250941729,0.2502383367139959,"[1, 3, 5, 7, 8, 9, 10, 11, 12, 14, 15, 16, 18, 19, 20]",10,minexplain_frozen_chronos2
10,d10,672,736,test,"[1, 5, 8, 13]","[1, 5, 8, 13, 18, 16, 14, 12, 20, 10, 9, 19, 11, 3]",78,0,14,43.63840563118736,0.2969641095304519,"[1, 3, 5, 8, 9, 10, 11, 12, 13, 14, 16, 18, 19, 20]",1,minexplain_frozen_chronos2
10,d10,736,800,test,"[5, 7, 12, 13]","[5, 7, 12, 13, 8, 1, 10, 9, 18, 16, 3, 14, 11]",71,0,13,41.59048550695263,0.23782118137260166,"[1, 3, 5, 7, 8, 9, 10, 11, 12, 13, 14, 16, 18]",5,minexplain_frozen_chronos2
10,d10,800,864,test,"[16, 14, 10, 5, 1, 9]","[16, 14, 10, 5, 1, 9, 20, 11, 3]",50,0,9,32.55201997558174,0.2916666666666667,"[1, 3, 5, 9, 10, 11, 14, 16, 20]",16,minexplain_frozen_chronos2
10,d10,864,928,test,[16],[16],9,6,1,2.6877917766118067,0.5,[16],16,minexplain_frozen_chronos2
11,d11,160,224,test,[11],[11],14,2,1,8.114884782833984,0.5,[11],11,minexplain_frozen_chronos2
11,d11,224,288,test,"[11, 14]","[11, 14, 4, 3, 17]",15,3,5,8.306555838145377,0.21904761904761902,"[3, 4, 11, 14, 17]",11,minexplain_frozen_chronos2
11,d11,288,352,test,"[10, 9, 14, 11]","[10, 9, 14, 11, 16, 3]",35,3,6,20.913646766196994,0.20436507936507933,"[3, 9, 10, 11, 14, 16]",10,minexplain_frozen_chronos2
11,d11,352,416,test,"[11, 10, 4, 16, 9]","[11, 10, 4, 16, 9, 3, 14, 17]",28,1,8,17.79553127470397,0.10267857142857142,"[3, 4, 9, 10, 11, 14, 16, 17]",11,minexplain_frozen_chronos2
11,d11,416,480,test,"[10, 11, 17, 14, 3]","[10, 11, 17, 14, 3, 9, 16, 4]",46,11,8,24.533861122945737,0.23809523809523808,"[3, 4, 9, 10, 11, 14, 16, 17]",10,minexplain_frozen_chronos2
11,d11,480,544,test,"[10, 16, 9, 11, 14]","[10, 16, 9, 11, 14, 3, 17, 4]",43,6,8,24.170248755600703,0.05357142857142857,"[3, 4, 9, 10, 11, 14, 16, 17]",10,minexplain_frozen_chronos2
11,d11,544,608,test,"[11, 9, 16, 17]","[11, 9, 16, 17, 4]",23,1,5,15.54583476110334,0.2857142857142857,"[4, 9, 11, 16, 17]",11,minexplain_frozen_chronos2
11,d11,608,672,test,"[14, 11, 3, 15]","[14, 11, 3, 15, 19]",31,6,5,16.495097382400353,0.32999999999999996,"[3, 11, 14, 15, 19]",14,minexplain_frozen_chronos2
11,d11,672,736,test,"[14, 11, 3]","[14, 11, 3]",13,0,3,10.107676127115107,0.4166666666666667,"[3, 11, 14]",14,minexplain_frozen_chronos2
11,d11,736,800,test,"[14, 11]","[14, 11, 4, 17]",9,0,4,7.542219052499806,0.29464285714285715,"[4, 11, 14, 17]",14,minexplain_frozen_chronos2
11,d11,800,864,test,"[11, 9]","[11, 9, 16]",11,4,3,5.727102673256789,0.3333333333333333,"[9, 11, 16]",11,minexplain_frozen_chronos2
11,d11,864,928,test,[11],"[11, 4]",7,1,2,3.9111807273503487,0.25,"[4, 11]",11,minexplain_frozen_chronos2
12,d12,160,224,test,"[12, 17, 11, 8]","[12, 17, 11, 8, 16, 20, 18, 10, 5, 3, 7, 19, 9, 14, 13, 1]",67,0,16,40.91062084645424,0.3103440916101887,"[1, 3, 5, 7, 8, 9, 10, 11, 12, 13, 14, 16, 17, 18, 19, 20]",12,minexplain_frozen_chronos2
12,d12,224,288,test,"[1, 12, 13]","[1, 12, 13, 16, 5, 15, 7, 10, 19, 8, 14, 3, 9, 18, 20, 11, 17]",74,0,17,45.67195132290685,0.22754549672806193,"[1, 3, 5, 7, 8, 9, 10, 11, 12, 13, 14, 15, 16, 17, 18, 19, 20]",1,minexplain_frozen_chronos2
12,d12,288,352,test,"[1, 12, 10, 5, 7, 16]","[1, 12, 10, 5, 7, 16, 13, 8, 18, 9, 20, 14, 17, 11, 3, 19]",97,0,16,56.831036645881376,0.22329003258604851,"[1, 3, 5, 7, 8, 9, 10, 11, 12, 13, 14, 16, 17, 18, 19, 20]",1,minexplain_frozen_chronos2
12,d12,352,416,test,"[12, 10, 1, 8, 18]","[12, 10, 1, 8, 18, 11, 16, 9, 19, 13, 20, 14, 3, 5, 17, 7]",79,0,16,49.474766841325525,0.25324758781950585,"[1, 3, 5, 7, 8, 9, 10, 11, 12, 13, 14, 16, 17, 18, 19, 20]",12,minexplain_frozen_chronos2
12,d12,416,480,test,"[5, 1, 12, 8, 10]","[5, 1, 12, 8, 10, 13, 16, 9, 3, 7, 15, 18, 2, 14, 11, 20, 19, 17]",109,0,18,63.99956470598152,0.1714211424871188,"[1, 2, 3, 5, 7, 8, 9, 10, 11, 12, 13, 14, 15, 16, 17, 18, 19, 20]",5,minexplain_frozen_chronos2
12,d12,480,544,test,"[12, 10, 5, 16, 18]","[12, 10, 5, 16, 18, 9, 20, 14, 3, 17, 13, 19, 11, 7, 1, 8]",80,0,16,48.242074688068335,0.22540307350428657,"[1, 3, 5, 7, 8, 9, 10, 11, 12, 13, 14, 16, 17, 18, 19, 20]",12,minexplain_frozen_chronos2
12,d12,544,608,test,"[1, 16, 12, 5, 17, 18]","[1, 16, 12, 5, 17, 18, 15, 9, 19, 14, 10, 11, 3, 20, 8]",78,2,15,49.48793758360384,0.2120304532069238,"[1, 3, 5, 8, 9, 10, 11, 12, 14, 15, 16, 17, 18, 19, 20]",1,minexplain_frozen_chronos2
12,d12,608,672,test,"[13, 12, 5, 7]","[13, 12, 5, 7, 8, 3, 18, 16, 10, 1, 14, 9, 11, 19, 20, 17]",84,0,16,48.979185350428885,0.18624815428579639,"[1, 3, 5, 7, 8, 9, 10, 11, 12, 13, 14, 16, 17, 18, 19, 20]",13,minexplain_frozen_chronos2
12,d12,672,736,test,"[12, 8, 5, 18]","[12, 8, 5, 18, 1, 7, 13, 10, 9, 16, 4, 17, 14, 11, 20, 19, 2, 3]",118,0,18,66.93287680854867,0.19702259725612986,"[1, 2, 3, 4, 5, 7, 8, 9, 10, 11, 12, 13, 14, 16, 17, 18, 19, 20]",12,minexplain_frozen_chronos2
12,d12,736,800,test,"[1, 5, 8, 12, 18]","[1, 5, 8, 12, 18, 13, 7, 11, 10, 16, 14, 20, 15, 9, 17, 19, 3]",117,0,17,69.26242107588065,0.16143776712301067,"[1, 3, 5, 7, 8, 9, 10, 11, 12, 13, 14, 15, 16, 17, 18, 19, 20]",1,minexplain_frozen_chronos2
12,d12,800,864,test,"[8, 1, 12, 5, 18, 7]","[8, 1, 12, 5, 18, 7, 13, 16, 14, 10, 9, 15, 11, 19, 20, 3, 17]",123,2,17,69.77128516530458,0.11432378282631674,"[1, 3, 5, 7, 8, 9, 10, 11, 12, 13, 14, 15, 16, 17, 18, 19, 20]",8,minexplain_frozen_chronos2
12,d12,864,928,test,"[12, 1, 7]","[12, 1, 7, 13, 5, 3, 18, 16, 8, 10, 9, 2, 4, 14, 11, 17, 19, 20]",104,0,18,61.88638651091603,0.16300231196609438,"[1, 2, 3, 4, 5, 7, 8, 9, 10, 11, 12, 13, 14, 16, 17, 18, 19, 20]",12,minexplain_frozen_chronos2
13,d13,160,224,test,"[10, 15, 5, 9]","[10, 15, 5, 9, 11, 14, 3, 16]",57,4,8,35.60992030056117,0.32217261904761907,"[3, 5, 9, 10, 11, 14, 15, 16]",10,minexplain_frozen_chronos2
13,d13,224,288,test,"[11, 10, 16, 5, 7, 2, 1, 12]","[11, 10, 16, 5, 7, 2, 1, 12, 9, 8, 3, 14, 18, 20, 19]",82,1,15,49.16297646076714,0.26023315426966537,"[1, 2, 3, 5, 7, 8, 9, 10, 11, 12, 14, 16, 18, 19, 20]",11,minexplain_frozen_chronos2
13,d13,288,352,test,"[8, 1, 20, 12]","[8, 1, 20, 12, 9, 10, 16, 2, 5, 3]",75,0,10,46.299348570818694,0.279684065934066,"[1, 2, 3, 5, 8, 9, 10, 12, 16, 20]",8,minexplain_frozen_chronos2
13,d13,352,416,test,"[5, 2, 1, 12, 8]","[5, 2, 1, 12, 8, 7, 10, 20, 18, 9, 3, 16, 4, 14, 17]",102,0,15,60.67976473572899,0.17358243739582482,"[1, 2, 3, 4, 5, 7, 8, 9, 10, 12, 14, 16, 17, 18, 20]",5,minexplain_frozen_chronos2
13,d13,416,480,test,"[1, 13, 8, 18, 5]","[1, 13, 8, 18, 5, 12, 7, 10, 20, 2, 14, 9, 16, 11, 17, 19, 3]",106,0,17,62.043371332274546,0.21921007930645958,"[1, 2, 3, 5, 7, 8, 9, 10, 11, 12, 13, 14, 16, 17, 18, 19, 20]",1,minexplain_frozen_chronos2
13,d13,480,544,test,"[1, 7, 12, 13, 2]","[1, 7, 12, 13, 2, 8, 5, 18, 10, 3, 14, 9, 4, 17, 16, 20, 11, 19]",96,0,18,52.88060457615219,0.2079315184665083,"[1, 2, 3, 4, 5, 7, 8, 9, 10, 11, 12, 13, 14, 16, 17, 18, 19, 20]",1,minexplain_frozen_chronos2
13,d13,544,608,test,"[5, 7, 8, 1, 13, 12]","[5, 7, 8, 1, 13, 12, 9, 10, 18, 2, 16, 3, 14, 20, 11, 19]",106,0,16,63.66213373924433,0.26558214597091107,"[1, 2, 3, 5, 7, 8, 9, 10, 11, 12, 13, 14, 16, 18, 19, 20]",5,minexplain_frozen_chronos2
13,d13,608,672,test,"[13, 1, 8, 12, 6]","[13, 1, 8, 12, 6, 5, 7, 18, 10, 20, 9, 16, 14, 11, 3]",127,0,15,72.04705848040338,0.20900281402523316,"[1, 3, 5, 6, 7, 8, 9, 10, 11, 12, 13, 14, 16, 18, 20]",13,minexplain_frozen_chronos2
13,d13,672,736,test,"[13, 8, 12, 7]","[13, 8, 12, 7, 1, 18, 5, 10, 14, 3, 11, 17, 16, 9, 2, 19, 20]",124,2,17,67.24216890881598,0.16423891661270695,"[1, 2, 3, 5, 7, 8, 9, 10, 11, 12, 13, 14, 16, 17, 18, 19, 20]",13,minexplain_frozen_chronos2
13,d13,736,800,test,"[12, 1, 13, 7, 8, 18, 6]","[12, 1, 13, 7, 8, 18, 6, 5, 9, 10, 16, 17, 14, 20, 19, 3, 2, 11]",120,0,18,70.8801290105906,0.20758666768862133,"[1, 2, 3, 5, 6, 7, 8, 9, 10, 11, 12, 13, 14, 16, 17, 18, 19, 20]",12,minexplain_frozen_chronos2
13,d13,800,864,test,"[1, 8, 13, 18]","[1, 8, 13, 18, 5, 7, 12, 15, 9, 16, 10, 20, 11, 14, 19, 17, 3]",123,3,17,67.1562978124178,0.14432290099934333,"[1, 3, 5, 7, 8, 9, 10, 11, 12, 13, 14, 15, 16, 17, 18, 19, 20]",1,minexplain_frozen_chronos2
13,d13,864,928,test,"[1, 13, 7, 8]","[1, 13, 7, 8, 5, 12, 18, 10, 14, 3, 11, 16, 9, 2, 17, 6, 19, 20]",126,2,18,68.09463641186696,0.17680580984934033,"[1, 2, 3, 5, 6, 7, 8, 9, 10, 11, 12, 13, 14, 16, 17, 18, 19, 20]",1,minexplain_frozen_chronos2
14,d14,160,224,test,"[14, 11]","[14, 11, 3]",16,2,3,9.015752730728297,0.27777777777777773,"[3, 11, 14]",14,minexplain_frozen_chronos2
14,d14,224,288,test,"[14, 11]","[14, 11, 3]",9,1,3,5.662958330180714,0.27777777777777773,"[3, 11, 14]",14,minexplain_frozen_chronos2
14,d14,288,352,test,"[14, 11]","[14, 11]",4,0,2,3.947186538830244,0.375,"[11, 14]",14,minexplain_frozen_chronos2
14,d14,352,416,test,"[9, 14, 15]","[9, 14, 15, 16, 11]",12,0,5,8.09295826758398,0.25,"[9, 11, 14, 15, 16]",9,minexplain_frozen_chronos2
14,d14,416,480,test,"[14, 3]","[14, 3, 11]",11,1,3,6.868402293073772,0.3611111111111111,"[3, 11, 14]",14,minexplain_frozen_chronos2
14,d14,480,544,test,"[14, 15, 9, 11]","[14, 15, 9, 11, 3, 16]",23,0,6,14.087293941712758,0.2222222222222222,"[3, 9, 11, 14, 15, 16]",14,minexplain_frozen_chronos2
14,d14,544,608,test,"[14, 11]","[14, 11]",10,1,2,6.422646705565362,0.375,"[11, 14]",14,minexplain_frozen_chronos2
14,d14,608,672,test,[14],"[14, 11]",5,0,2,3.7059174824964156,0.25,"[11, 14]",14,minexplain_frozen_chronos2
14,d14,672,736,test,"[14, 3, 11]","[14, 3, 11]",8,0,3,7.409737916391018,0.27777777777777773,"[3, 11, 14]",14,minexplain_frozen_chronos2
14,d14,736,800,test,"[14, 11]","[14, 11, 19]",9,2,3,5.563992447504571,0.3833333333333333,"[11, 14, 19]",14,minexplain_frozen_chronos2
14,d14,800,864,test,"[14, 3, 11]","[14, 3, 11]",18,2,3,11.188892085126978,0.08333333333333333,"[3, 11, 14]",14,minexplain_frozen_chronos2
14,d14,864,928,test,"[11, 14, 17, 3]","[11, 14, 17, 3]",18,1,4,10.604227747713628,0.2738095238095238,"[3, 11, 14, 17]",11,minexplain_frozen_chronos2
15,d15,160,224,test,[],[-1],2,2,0,0.0,0.0,[],-1,minexplain_frozen_chronos2
15,d15,224,288,test,[15],[15],16,6,1,5.870557545972277,0.0,[15],15,minexplain_frozen_chronos2
15,d15,288,352,test,[],[-1],9,9,0,0.0,0.0,[],-1,minexplain_frozen_chronos2
15,d15,352,416,test,[],[-1],2,2,0,0.0,0.0,[],-1,minexplain_frozen_chronos2
15,d15,416,480,test,[11],[11],3,0,1,2.548967746556309,0.5,[11],11,minexplain_frozen_chronos2
15,d15,480,544,test,[3],[3],3,1,1,2.1066009338603155,0.5,[3],3,minexplain_frozen_chronos2
15,d15,544,608,test,"[11, 3]","[11, 3, 14]",15,1,3,8.827114848275327,0.5,"[3, 11, 14]",11,minexplain_frozen_chronos2
15,d15,608,672,test,[3],[3],16,9,1,4.315565883171757,0.5,[3],3,minexplain_frozen_chronos2
15,d15,672,736,test,"[14, 10, 16]","[14, 10, 16, 9, 3]",21,0,5,13.159682666260977,0.32857142857142857,"[3, 9, 10, 14, 16]",14,minexplain_frozen_chronos2
15,d15,736,800,test,"[3, 17, 8, 18, 15]","[3, 17, 8, 18, 15, 11, 14, 19, 20, 5]",48,0,10,32.77322627535385,0.29486694677871145,"[3, 5, 8, 11, 14, 15, 17, 18, 19, 20]",3,minexplain_frozen_chronos2
15,d15,800,864,test,"[16, 10, 7, 5, 11]","[16, 10, 7, 5, 11, 9, 3, 12, 14, 18]",60,0,10,37.83966119579791,0.3073815467831695,"[3, 5, 7, 9, 10, 11, 12, 14, 16, 18]",16,minexplain_frozen_chronos2
15,d15,864,928,test,[10],"[10, 3, 9, 16]",28,10,4,11.26934560207041,0.19642857142857142,"[3, 9, 10, 16]",10,minexplain_frozen_chronos2
16,d16,160,224,test,"[16, 10, 11]","[16, 10, 11, 9]",17,2,4,10.13275767832981,0.23214285714285715,"[9, 10, 11, 16]",16,minexplain_frozen_chronos2
16,d16,224,288,test,"[15, 9, 16]","[15, 9, 16]",16,2,3,8.664309171984351,0.16666666666666666,"[9, 15, 16]",15,minexplain_frozen_chronos2
16,d16,288,352,test,"[3, 10, 14, 9]","[3, 10, 14, 9, 16]",22,1,5,14.36928080691358,0.12857142857142856,"[3, 9, 10, 14, 16]",3,minexplain_frozen_chronos2
16,d16,352,416,test,"[10, 9, 5]","[10, 9, 5, 3, 16]",37,1,5,22.503455494532904,0.20357142857142857,"[3, 5, 9, 10, 16]",10,minexplain_frozen_chronos2
16,d16,416,480,test,"[16, 10]","[16, 10, 9]",23,8,3,9.859912059554137,0.14285714285714285,"[9, 10, 16]",16,minexplain_frozen_chronos2
16,d16,480,544,test,"[16, 10, 15, 9]","[16, 10, 15, 9, 3]",31,2,5,18.164370595474203,0.1,"[3, 9, 10, 15, 16]",16,minexplain_frozen_chronos2
16,d16,544,608,test,"[10, 14, 5]","[10, 14, 5, 3, 16, 15, 9, 20]",42,0,8,26.467384400410225,0.18452380952380953,"[3, 5, 9, 10, 14, 15, 16, 20]",10,minexplain_frozen_chronos2
16,d16,608,672,test,"[14, 9, 10]","[14, 9, 10, 3, 16, 15]",26,3,6,15.327111384675549,0.10714285714285714,"[3, 9, 10, 14, 15, 16]",14,minexplain_frozen_chronos2
16,d16,672,736,test,"[16, 9]","[16, 9]",13,6,2,5.814527373864304,0.0,"[9, 16]",16,minexplain_frozen_chronos2
16,d16,736,800,test,"[5, 7, 10, 8, 14]","[5, 7, 10, 8, 14, 3, 16, 9, 11, 1, 18, 20]",58,0,12,37.88897121249791,0.2518988054992112,"[1, 3, 5, 7, 8, 9, 10, 11, 14, 16, 18, 20]",5,minexplain_frozen_chronos2
16,d16,800,864,test,"[10, 5, 7, 8]","[10, 5, 7, 8, 12, 16, 3, 11, 1, 14, 9, 18, 17]",68,0,13,40.884297517962466,0.21490774334626728,"[1, 3, 5, 7, 8, 9, 10, 11, 12, 14, 16, 17, 18]",10,minexplain_frozen_chronos2
16,d16,864,928,test,"[10, 15, 16, 5, 14, 12]","[10, 15, 16, 5, 14, 12, 9, 3, 11, 20, 1, 7, 18]",55,0,13,35.04205443793684,0.27860185596376896,"[1, 3, 5, 7, 9, 10, 11, 12, 14, 15, 16, 18, 20]",10,minexplain_frozen_chronos2
17,d17,160,224,test,"[14, 17]","[14, 17, 4, 3, 11]",14,0,5,10.312802908988221,0.02857142857142857,"[3, 4, 11, 14, 17]",14,minexplain_frozen_chronos2
17,d17,224,288,test,"[17, 4, 11, 14]","[17, 4, 11, 14, 3]",36,6,5,19.14960261396248,0.2119047619047619,"[3, 4, 11, 14, 17]",17,minexplain_frozen_chronos2
17,d17,288,352,test,"[9, 11, 17]","[9, 11, 17, 4, 16, 14, 10, 3]",25,0,8,14.832581079858604,0.10119047619047618,"[3, 4, 9, 10, 11, 14, 16, 17]",9,minexplain_frozen_chronos2
17,d17,352,416,test,"[14, 10, 18]","[14, 10, 18, 9, 17, 4, 11, 16, 20, 19, 3]",43,0,11,27.808089643204262,0.19567099567099566,"[3, 4, 9, 10, 11, 14, 16, 17, 18, 19, 20]",14,minexplain_frozen_chronos2
17,d17,416,480,test,"[10, 17, 8, 16]","[10, 17, 8, 16, 4, 9, 11, 3, 14, 5, 18, 20, 19]",53,0,13,35.047615613688556,0.20847877612583493,"[3, 4, 5, 8, 9, 10, 11, 14, 16, 17, 18, 19, 20]",10,minexplain_frozen_chronos2
17,d17,480,544,test,"[10, 14, 5, 7]","[10, 14, 5, 7, 16, 9, 17, 4, 20, 11, 19, 3, 12, 18]",55,0,14,35.403790804895515,0.2472806629283013,"[3, 4, 5, 7, 9, 10, 11, 12, 14, 16, 17, 18, 19, 20]",10,minexplain_frozen_chronos2
17,d17,544,608,test,"[10, 17, 16, 14, 20]","[10, 17, 16, 14, 20, 4, 9, 11, 15, 3]",44,10,10,24.893767573984892,0.14952380952380953,"[3, 4, 9, 10, 11, 14, 15, 16, 17, 20]",10,minexplain_frozen_chronos2
17,d17,608,672,test,"[9, 16, 17, 11]","[9, 16, 17, 11, 4, 3, 14]",33,2,7,22.265290257336105,0.17517006802721086,"[3, 4, 9, 11, 14, 16, 17]",9,minexplain_frozen_chronos2
17,d17,672,736,test,"[17, 14, 4]","[17, 14, 4, 11]",18,1,4,12.256699605149654,0.1875,"[4, 11, 14, 17]",17,minexplain_frozen_chronos2
17,d17,736,800,test,"[17, 11]","[17, 11, 3, 4, 14]",11,0,5,8.396525617037524,0.22380952380952382,"[3, 4, 11, 14, 17]",17,minexplain_frozen_chronos2
17,d17,800,864,test,"[11, 17, 10, 5]","[11, 17, 10, 5, 14, 4, 3, 19, 18]",34,0,9,21.76727821969635,0.27133520074696543,"[3, 4, 5, 10, 11, 14, 17, 18, 19]",11,minexplain_frozen_chronos2
17,d17,864,928,test,"[17, 14]","[17, 14, 3, 4, 11]",10,0,5,7.775124999241332,0.2452380952380952,"[3, 4, 11, 14, 17]",17,minexplain_frozen_chronos2
18,d18,160,224,test,[3],[3],15,8,1,5.034851562458649,0.5,[3],3,minexplain_frozen_chronos2
18,d18,224,288,test,"[5, 18, 12, 1, 10, 13, 7]","[5, 18, 12, 1, 10, 13, 7, 9, 8, 14, 19, 16, 20, 17, 15, 11, 3]",106,0,17,65.58783457505051,0.17253438153311929,"[1, 3, 5, 7, 8, 9, 10, 11, 12, 13, 14, 15, 16, 17, 18, 19, 20]",5,minexplain_frozen_chronos2
18,d18,288,352,test,"[18, 13, 7]","[18, 13, 7, 1, 8, 12, 5, 10, 14, 9, 3, 2, 16, 17, 11, 20, 19]",121,1,17,62.932992393932786,0.16189817983183616,"[1, 2, 3, 5, 7, 8, 9, 10, 11, 12, 13, 14, 16, 17, 18, 19, 20]",18,minexplain_frozen_chronos2
18,d18,352,416,test,"[18, 6, 5, 7]","[18, 6, 5, 7, 1, 8, 13, 12, 9, 2, 10, 17, 4, 16, 14, 20, 11, 19, 3]",139,3,19,83.28430982981688,0.1910361987142594,"[1, 2, 3, 4, 5, 6, 7, 8, 9, 10, 11, 12, 13, 14, 16, 17, 18, 19, 20]",18,minexplain_frozen_chronos2
18,d18,416,480,test,[6],"[6, 21]",89,22,2,29.863974846886926,0.3421052631578947,"[6, 21]",6,minexplain_frozen_chronos2
18,d18,480,544,test,"[6, 21]","[6, 21]",84,22,2,25.505749180359295,0.21052631578947367,"[6, 21]",6,minexplain_frozen_chronos2
18,d18,544,608,test,"[6, 21]","[6, 21, 3]",84,23,3,25.181316795005536,0.31871345029239767,"[3, 6, 21]",6,minexplain_frozen_chronos2
18,d18,608,672,test,"[6, 21]","[6, 21]",84,23,2,25.0036349067217,0.21929824561403508,"[6, 21]",6,minexplain_frozen_chronos2
18,d18,672,736,test,"[6, 21]","[6, 21, 3]",83,22,3,24.68154407060074,0.31871345029239767,"[3, 6, 21]",6,minexplain_frozen_chronos2
18,d18,736,800,test,"[6, 21]","[6, 21, 3]",85,23,3,25.7211412988085,0.31871345029239767,"[3, 6, 21]",6,minexplain_frozen_chronos2
18,d18,800,864,test,"[6, 21]","[6, 21]",85,24,2,24.906556652435388,0.21929824561403508,"[6, 21]",6,minexplain_frozen_chronos2
18,d18,864,928,test,"[6, 21]","[6, 21]",85,21,2,26.881596396274965,0.21052631578947367,"[6, 21]",6,minexplain_frozen_chronos2
19,d19,160,224,test,"[19, 9]","[19, 9, 11, 16]",16,0,4,8.448502587617453,0.125,"[9, 11, 16, 19]",19,minexplain_frozen_chronos2
19,d19,224,288,test,"[19, 10]","[19, 10, 9, 3, 16, 11, 14]",13,0,7,7.879848166272991,0.28741496598639454,"[3, 9, 10, 11, 14, 16, 19]",19,minexplain_frozen_chronos2
19,d19,288,352,test,"[11, 19]","[11, 19, 3, 14]",25,6,4,11.204989007190527,0.425,"[3, 11, 14, 19]",11,minexplain_frozen_chronos2
19,d19,352,416,test,"[19, 14]","[19, 14, 11]",8,0,3,5.632184734594836,0.2333333333333333,"[11, 14, 19]",19,minexplain_frozen_chronos2
19,d19,416,480,test,"[19, 14]","[19, 14, 11]",9,1,3,5.666850214737865,0.31666666666666665,"[11, 14, 19]",19,minexplain_frozen_chronos2
19,d19,480,544,test,"[19, 14]","[19, 14, 11]",7,0,3,5.054540992318086,0.31666666666666665,"[11, 14, 19]",19,minexplain_frozen_chronos2
19,d19,544,608,test,"[19, 14]","[19, 14, 3, 11]",13,0,4,7.250403373320999,0.22916666666666666,"[3, 11, 14, 19]",19,minexplain_frozen_chronos2
19,d19,608,672,test,"[19, 14, 11]","[19, 14, 11, 3, 17]",20,0,5,12.083707745633895,0.1757142857142857,"[3, 11, 14, 17, 19]",19,minexplain_frozen_chronos2
19,d19,672,736,test,"[14, 19]","[14, 19, 3, 11]",16,4,4,7.1849041122275725,0.2791666666666667,"[3, 11, 14, 19]",14,minexplain_frozen_chronos2
19,d19,736,800,test,"[19, 14, 11, 9]","[19, 14, 11, 9, 16]",20,2,5,13.230992066511286,0.24,"[9, 11, 14, 16, 19]",19,minexplain_frozen_chronos2
19,d19,800,864,test,"[19, 14, 9]","[19, 14, 9, 16, 3, 11]",15,1,6,8.986672272276136,0.38055555555555554,"[3, 9, 11, 14, 16, 19]",19,minexplain_frozen_chronos2
19,d19,864,928,test,"[19, 11, 14]","[19, 11, 14, 3]",21,2,4,12.189094025323493,0.425,"[3, 11, 14, 19]",19,minexplain_frozen_chronos2
20,d20,160,224,test,[3],[3],2,0,1,2.1581267133873148,0.5,[3],3,minexplain_frozen_chronos2
20,d20,224,288,test,"[9, 10, 20, 16, 5]","[9, 10, 20, 16, 5, 15, 14, 3]",37,0,8,25.51250432456779,0.2376488095238095,"[3, 5, 9, 10, 14, 15, 16, 20]",9,minexplain_frozen_chronos2
20,d20,288,352,test,"[5, 16, 10, 7, 20, 8]","[5, 16, 10, 7, 20, 8, 9, 3, 12, 13, 14, 18, 1, 11]",60,0,14,38.682242425650465,0.24117876069875108,"[1, 3, 5, 7, 8, 9, 10, 11, 12, 13, 14, 16, 18, 20]",5,minexplain_frozen_chronos2
20,d20,352,416,test,"[20, 10, 5]","[20, 10, 5, 9, 3, 16, 14, 11]",34,0,8,21.783504009502476,0.3063988095238095,"[3, 5, 9, 10, 11, 14, 16, 20]",20,minexplain_frozen_chronos2
20,d20,416,480,test,"[15, 20]","[15, 20, 3]",29,6,3,15.763076252993871,0.2333333333333333,"[3, 15, 20]",15,minexplain_frozen_chronos2
20,d20,480,544,test,"[9, 20, 7, 5, 19]","[9, 20, 7, 5, 19, 3, 16, 10, 14, 18]",52,0,10,35.182594872459134,0.3297394475031392,"[3, 5, 7, 9, 10, 14, 16, 18, 19, 20]",9,minexplain_frozen_chronos2
20,d20,544,608,test,"[10, 20, 5]","[10, 20, 5, 9, 16, 14, 3]",43,0,7,27.584346486689604,0.20833333333333331,"[3, 5, 9, 10, 14, 16, 20]",10,minexplain_frozen_chronos2
20,d20,608,672,test,"[9, 20, 10, 14]","[9, 20, 10, 14, 15, 16, 3]",28,0,7,19.431727625778016,0.2897959183673469,"[3, 9, 10, 14, 15, 16, 20]",9,minexplain_frozen_chronos2
20,d20,672,736,test,[20],[20],13,3,1,6.856626685797069,0.2,[20],20,minexplain_frozen_chronos2
20,d20,736,800,test,"[20, 3, 14]","[20, 3, 14]",29,5,3,15.783157330031505,0.3333333333333333,"[3, 14, 20]",20,minexplain_frozen_chronos2
20,d20,800,864,test,"[15, 10, 20, 9]","[15, 10, 20, 9, 16, 3]",39,7,6,20.096480297945313,0.14761904761904762,"[3, 9, 10, 15, 16, 20]",15,minexplain_frozen_chronos2
20,d20,864,928,test,"[20, 16, 10, 7]","[20, 16, 10, 7, 9, 3, 14]",48,0,7,29.02979880539368,0.1701618578465869,"[3, 7, 9, 10, 14, 16, 20]",20,minexplain_frozen_chronos2
21,d21,160,224,test,"[21, 15]","[21, 15]",5,1,2,3.357428659682659,0.16666666666666666,"[15, 21]",21,minexplain_frozen_chronos2
21,d21,224,288,test,"[21, 15]","[21, 15, 3]",5,0,3,3.4932217465713915,0.16666666666666666,"[3, 15, 21]",21,minexplain_frozen_chronos2
21,d21,288,352,test,"[21, 3]","[21, 3]",12,6,2,4.648785071179823,0.41666666666666663,"[3, 21]",21,minexplain_frozen_chronos2
21,d21,352,416,test,"[21, 3]","[21, 3]",15,4,2,7.519361891293473,0.41666666666666663,"[3, 21]",21,minexplain_frozen_chronos2
21,d21,416,480,test,[21],[21],27,19,1,3.511776379165206,0.3333333333333333,[21],21,minexplain_frozen_chronos2
21,d21,480,544,test,"[21, 15]","[21, 15]",13,5,2,5.823790641710717,0.16666666666666666,"[15, 21]",21,minexplain_frozen_chronos2
21,d21,544,608,test,"[21, 15]","[21, 15]",14,5,2,5.862063438448098,0.16666666666666666,"[15, 21]",21,minexplain_frozen_chronos2
21,d21,608,672,test,"[15, 11]","[15, 11, 19]",20,7,3,8.689323179232451,0.21666666666666667,"[11, 15, 19]",15,minexplain_frozen_chronos2
21,d21,672,736,test,"[15, 21]","[15, 21]",20,7,2,7.4188897283014335,0.16666666666666666,"[15, 21]",15,minexplain_frozen_chronos2
21,d21,736,800,test,"[21, 15]","[21, 15]",24,12,2,7.6338891763354,0.16666666666666666,"[15, 21]",21,minexplain_frozen_chronos2
21,d21,800,864,test,"[21, 15]","[21, 15]",22,9,2,8.315203824343383,0.16666666666666666,"[15, 21]",21,minexplain_frozen_chronos2
21,d21,864,928,test,"[21, 15, 11, 14]","[21, 15, 11, 14, 19, 3]",28,9,6,13.511169484234204,0.37222222222222223,"[3, 11, 14, 15, 19, 21]",21,minexplain_frozen_chronos2
0,d00,0,64,test,[21],"[21, 3, 11, 15, 16, 0, 9, 4, 10, 18, 20, 5, 17, 19, 7, 14, 1, 13, 8, 2, 12, 6]",0,0,22,0.0,0.0,"[0, 1, 2, 3, 4, 5, 6, 7, 8, 9, 10, 11, 12, 13, 14, 15, 16, 17, 18, 19, 20, 21]",21,svm_statistics
0,d00,64,128,test,[3],"[3, 9, 21, 15, 0, 11, 20, 4, 16, 18, 10, 5, 19, 17, 7, 14, 1, 13, 8, 2, 12, 6]",0,0,22,0.0,0.0,"[0, 1, 2, 3, 4, 5, 6, 7, 8, 9, 10, 11, 12, 13, 14, 15, 16, 17, 18, 19, 20, 21]",3,svm_statistics
0,d00,128,192,test,[9],"[9, 4, 3, 16, 0, 21, 15, 18, 11, 10, 20, 5, 19, 17, 7, 14, 1, 8, 13, 2, 12, 6]",0,0,22,0.0,0.0,"[0, 1, 2, 3, 4, 5, 6, 7, 8, 9, 10, 11, 12, 13, 14, 15, 16, 17, 18, 19, 20, 21]",9,svm_statistics
0,d00,192,256,test,[16],"[16, 3, 9, 4, 10, 0, 20, 11, 15, 21, 5, 18, 19, 17, 7, 14, 1, 8, 13, 2, 12, 6]",0,0,22,0.0,0.0,"[0, 1, 2, 3, 4, 5, 6, 7, 8, 9, 10, 11, 12, 13, 14, 15, 16, 17, 18, 19, 20, 21]",16,svm_statistics
0,d00,256,320,test,[15],"[15, 3, 9, 10, 0, 4, 5, 20, 18, 16, 21, 11, 17, 19, 7, 14, 1, 8, 13, 12, 2, 6]",0,0,22,0.0,0.0,"[0, 1, 2, 3, 4, 5, 6, 7, 8, 9, 10, 11, 12, 13, 14, 15, 16, 17, 18, 19, 20, 21]",15,svm_statistics
0,d00,320,384,test,[],"[0, 4, 15, 3, 21, 9, 10, 20, 11, 16, 5, 18, 17, 19, 7, 14, 1, 13, 8, 2, 12, 6]",0,0,22,0.0,0.0,"[0, 1, 2, 3, 4, 5, 6, 7, 8, 9, 10, 11, 12, 13, 14, 15, 16, 17, 18, 19, 20, 21]",0,svm_statistics
0,d00,384,448,test,[15],"[15, 9, 16, 4, 3, 18, 0, 11, 10, 21, 20, 5, 19, 17, 7, 14, 1, 13, 8, 2, 12, 6]",0,0,22,0.0,0.0,"[0, 1, 2, 3, 4, 5, 6, 7, 8, 9, 10, 11, 12, 13, 14, 15, 16, 17, 18, 19, 20, 21]",15,svm_statistics
0,d00,448,512,test,[9],"[9, 15, 0, 4, 3, 21, 16, 10, 11, 20, 18, 5, 19, 17, 14, 7, 1, 2, 8, 13, 12, 6]",0,0,22,0.0,0.0,"[0, 1, 2, 3, 4, 5, 6, 7, 8, 9, 10, 11, 12, 13, 14, 15, 16, 17, 18, 19, 20, 21]",9,svm_statistics
0,d00,512,576,test,[4],"[4, 3, 10, 15, 9, 0, 11, 20, 16, 21, 18, 5, 19, 17, 7, 14, 1, 8, 13, 12, 2, 6]",0,0,22,0.0,0.0,"[0, 1, 2, 3, 4, 5, 6, 7, 8, 9, 10, 11, 12, 13, 14, 15, 16, 17, 18, 19, 20, 21]",4,svm_statistics
0,d00,576,640,test,[3],"[3, 10, 15, 4, 9, 0, 16, 11, 20, 21, 18, 5, 17, 19, 7, 14, 1, 8, 13, 12, 2, 6]",0,0,22,0.0,0.0,"[0, 1, 2, 3, 4, 5, 6, 7, 8, 9, 10, 11, 12, 13, 14, 15, 16, 17, 18, 19, 20, 21]",3,svm_statistics
0,d00,640,704,test,[3],"[3, 4, 15, 16, 0, 10, 20, 11, 9, 21, 18, 5, 17, 19, 7, 14, 1, 8, 13, 2, 12, 6]",0,0,22,0.0,0.0,"[0, 1, 2, 3, 4, 5, 6, 7, 8, 9, 10, 11, 12, 13, 14, 15, 16, 17, 18, 19, 20, 21]",3,svm_statistics
0,d00,704,768,test,[10],"[10, 4, 3, 0, 15, 5, 9, 16, 11, 20, 18, 21, 17, 19, 7, 14, 1, 8, 13, 12, 2, 6]",0,0,22,0.0,0.0,"[0, 1, 2, 3, 4, 5, 6, 7, 8, 9, 10, 11, 12, 13, 14, 15, 16, 17, 18, 19, 20, 21]",10,svm_statistics
0,d00,768,832,test,[9],"[9, 3, 10, 16, 0, 11, 4, 15, 20, 5, 18, 21, 17, 19, 7, 14, 1, 13, 8, 12, 2, 6]",0,0,22,0.0,0.0,"[0, 1, 2, 3, 4, 5, 6, 7, 8, 9, 10, 11, 12, 13, 14, 15, 16, 17, 18, 19, 20, 21]",9,svm_statistics
0,d00,832,896,test,[9],"[9, 15, 4, 10, 3, 0, 21, 11, 16, 18, 20, 5, 17, 19, 7, 14, 1, 13, 8, 12, 2, 6]",0,0,22,0.0,0.0,"[0, 1, 2, 3, 4, 5, 6, 7, 8, 9, 10, 11, 12, 13, 14, 15, 16, 17, 18, 19, 20, 21]",9,svm_statistics
0,d00,896,960,test,[3],"[3, 9, 10, 15, 0, 20, 4, 21, 18, 5, 16, 11, 17, 19, 7, 14, 1, 8, 13, 12, 2, 6]",0,0,22,0.0,0.0,"[0, 1, 2, 3, 4, 5, 6, 7, 8, 9, 10, 11, 12, 13, 14, 15, 16, 17, 18, 19, 20, 21]",3,svm_statistics
1,d01,160,224,test,[1],"[1, 8, 13, 5, 7, 18, 12, 6, 10, 20, 16, 17, 11, 9, 4, 15, 3, 0, 2, 21, 19, 14]",0,0,22,0.0,0.0,"[0, 1, 2, 3, 4, 5, 6, 7, 8, 9, 10, 11, 12, 13, 14, 15, 16, 17, 18, 19, 20, 21]",1,svm_statistics
1,d01,224,288,test,[1],"[1, 5, 13, 7, 12, 8, 18, 6, 10, 17, 16, 20, 15, 2, 9, 11, 0, 3, 4, 21, 19, 14]",0,0,22,0.0,0.0,"[0, 1, 2, 3, 4, 5, 6, 7, 8, 9, 10, 11, 12, 13, 14, 15, 16, 17, 18, 19, 20, 21]",1,svm_statistics
1,d01,288,352,test,[1],"[1, 5, 10, 7, 18, 13, 8, 16, 3, 12, 20, 15, 9, 4, 17, 11, 0, 21, 6, 19, 14, 2]",0,0,22,0.0,0.0,"[0, 1, 2, 3, 4, 5, 6, 7, 8, 9, 10, 11, 12, 13, 14, 15, 16, 17, 18, 19, 20, 21]",1,svm_statistics
1,d01,352,416,test,[1],"[1, 5, 7, 10, 13, 8, 4, 18, 20, 11, 16, 9, 3, 12, 15, 17, 0, 21, 19, 6, 14, 2]",0,0,22,0.0,0.0,"[0, 1, 2, 3, 4, 5, 6, 7, 8, 9, 10, 11, 12, 13, 14, 15, 16, 17, 18, 19, 20, 21]",1,svm_statistics
1,d01,416,480,test,[1],"[1, 3, 10, 5, 15, 18, 16, 4, 20, 9, 11, 0, 7, 17, 21, 19, 13, 8, 12, 14, 6, 2]",0,0,22,0.0,0.0,"[0, 1, 2, 3, 4, 5, 6, 7, 8, 9, 10, 11, 12, 13, 14, 15, 16, 17, 18, 19, 20, 21]",1,svm_statistics
1,d01,480,544,test,[1],"[1, 10, 3, 16, 9, 11, 15, 0, 5, 4, 20, 18, 17, 21, 7, 19, 13, 8, 14, 12, 6, 2]",0,0,22,0.0,0.0,"[0, 1, 2, 3, 4, 5, 6, 7, 8, 9, 10, 11, 12, 13, 14, 15, 16, 17, 18, 19, 20, 21]",1,svm_statistics
1,d01,544,608,test,[15],"[15, 4, 10, 0, 9, 16, 3, 11, 18, 20, 1, 5, 21, 17, 19, 7, 14, 13, 8, 12, 2, 6]",0,0,22,0.0,0.0,"[0, 1, 2, 3, 4, 5, 6, 7, 8, 9, 10, 11, 12, 13, 14, 15, 16, 17, 18, 19, 20, 21]",15,svm_statistics
1,d01,608,672,test,[15],"[15, 10, 21, 0, 4, 18, 11, 9, 16, 3, 5, 1, 20, 19, 17, 7, 14, 8, 13, 12, 6, 2]",0,0,22,0.0,0.0,"[0, 1, 2, 3, 4, 5, 6, 7, 8, 9, 10, 11, 12, 13, 14, 15, 16, 17, 18, 19, 20, 21]",15,svm_statistics
1,d01,672,736,test,[4],"[4, 10, 15, 9, 16, 0, 3, 1, 5, 11, 21, 18, 20, 17, 7, 19, 14, 13, 8, 12, 6, 2]",0,0,22,0.0,0.0,"[0, 1, 2, 3, 4, 5, 6, 7, 8, 9, 10, 11, 12, 13, 14, 15, 16, 17, 18, 19, 20, 21]",4,svm_statistics
1,d01,736,800,test,[],"[0, 15, 9, 16, 4, 3, 11, 10, 5, 18, 21, 20, 1, 19, 17, 7, 14, 13, 8, 12, 6, 2]",0,0,22,0.0,0.0,"[0, 1, 2, 3, 4, 5, 6, 7, 8, 9, 10, 11, 12, 13, 14, 15, 16, 17, 18, 19, 20, 21]",0,svm_statistics
1,d01,800,864,test,[],"[0, 3, 9, 4, 16, 5, 10, 20, 15, 1, 18, 11, 21, 17, 19, 7, 14, 13, 8, 12, 6, 2]",0,0,22,0.0,0.0,"[0, 1, 2, 3, 4, 5, 6, 7, 8, 9, 10, 11, 12, 13, 14, 15, 16, 17, 18, 19, 20, 21]",0,svm_statistics
1,d01,864,928,test,[1],"[1, 10, 4, 0, 11, 5, 16, 3, 20, 15, 9, 18, 7, 17, 21, 19, 8, 13, 14, 12, 6, 2]",0,0,22,0.0,0.0,"[0, 1, 2, 3, 4, 5, 6, 7, 8, 9, 10, 11, 12, 13, 14, 15, 16, 17, 18, 19, 20, 21]",1,svm_statistics
2,d02,160,224,test,[2],"[2, 5, 8, 10, 18, 7, 13, 1, 16, 9, 20, 17, 11, 15, 12, 3, 4, 0, 6, 21, 19, 14]",0,0,22,0.0,0.0,"[0, 1, 2, 3, 4, 5, 6, 7, 8, 9, 10, 11, 12, 13, 14, 15, 16, 17, 18, 19, 20, 21]",2,svm_statistics
2,d02,224,288,test,[2],"[2, 18, 7, 8, 5, 13, 12, 6, 10, 1, 17, 15, 4, 9, 11, 16, 0, 20, 3, 21, 19, 14]",0,0,22,0.0,0.0,"[0, 1, 2, 3, 4, 5, 6, 7, 8, 9, 10, 11, 12, 13, 14, 15, 16, 17, 18, 19, 20, 21]",2,svm_statistics
2,d02,288,352,test,[2],"[2, 18, 5, 7, 8, 13, 6, 12, 10, 17, 4, 20, 15, 9, 0, 3, 1, 16, 11, 21, 19, 14]",0,0,22,0.0,0.0,"[0, 1, 2, 3, 4, 5, 6, 7, 8, 9, 10, 11, 12, 13, 14, 15, 16, 17, 18, 19, 20, 21]",2,svm_statistics
2,d02,352,416,test,[2],"[2, 18, 5, 7, 8, 6, 13, 10, 12, 17, 9, 4, 16, 15, 0, 20, 11, 3, 1, 21, 19, 14]",0,0,22,0.0,0.0,"[0, 1, 2, 3, 4, 5, 6, 7, 8, 9, 10, 11, 12, 13, 14, 15, 16, 17, 18, 19, 20, 21]",2,svm_statistics
2,d02,416,480,test,[2],"[2, 18, 8, 5, 7, 6, 13, 10, 12, 15, 17, 9, 0, 16, 4, 20, 1, 11, 21, 3, 19, 14]",0,0,22,0.0,0.0,"[0, 1, 2, 3, 4, 5, 6, 7, 8, 9, 10, 11, 12, 13, 14, 15, 16, 17, 18, 19, 20, 21]",2,svm_statistics
2,d02,480,544,test,[2],"[2, 18, 8, 5, 7, 6, 13, 10, 12, 17, 20, 4, 15, 0, 9, 1, 11, 21, 16, 3, 19, 14]",0,0,22,0.0,0.0,"[0, 1, 2, 3, 4, 5, 6, 7, 8, 9, 10, 11, 12, 13, 14, 15, 16, 17, 18, 19, 20, 21]",2,svm_statistics
2,d02,544,608,test,[2],"[2, 18, 8, 5, 7, 6, 13, 12, 17, 10, 15, 4, 1, 0, 20, 9, 16, 19, 21, 3, 11, 14]",0,0,22,0.0,0.0,"[0, 1, 2, 3, 4, 5, 6, 7, 8, 9, 10, 11, 12, 13, 14, 15, 16, 17, 18, 19, 20, 21]",2,svm_statistics
2,d02,608,672,test,[2],"[2, 18, 8, 5, 7, 6, 13, 10, 12, 17, 15, 20, 9, 4, 11, 0, 1, 16, 21, 3, 19, 14]",0,0,22,0.0,0.0,"[0, 1, 2, 3, 4, 5, 6, 7, 8, 9, 10, 11, 12, 13, 14, 15, 16, 17, 18, 19, 20, 21]",2,svm_statistics
2,d02,672,736,test,[2],"[2, 18, 5, 8, 7, 6, 13, 10, 12, 17, 15, 4, 0, 9, 16, 11, 20, 1, 21, 3, 19, 14]",0,0,22,0.0,0.0,"[0, 1, 2, 3, 4, 5, 6, 7, 8, 9, 10, 11, 12, 13, 14, 15, 16, 17, 18, 19, 20, 21]",2,svm_statistics
2,d02,736,800,test,[2],"[2, 18, 8, 5, 7, 6, 13, 12, 10, 17, 15, 4, 0, 9, 16, 20, 1, 11, 3, 21, 19, 14]",0,0,22,0.0,0.0,"[0, 1, 2, 3, 4, 5, 6, 7, 8, 9, 10, 11, 12, 13, 14, 15, 16, 17, 18, 19, 20, 21]",2,svm_statistics
2,d02,800,864,test,[2],"[2, 18, 8, 5, 7, 6, 13, 12, 10, 17, 16, 15, 20, 1, 4, 9, 11, 0, 3, 21, 19, 14]",0,0,22,0.0,0.0,"[0, 1, 2, 3, 4, 5, 6, 7, 8, 9, 10, 11, 12, 13, 14, 15, 16, 17, 18, 19, 20, 21]",2,svm_statistics
2,d02,864,928,test,[2],"[2, 18, 8, 5, 7, 6, 13, 12, 17, 10, 15, 16, 1, 0, 20, 9, 21, 4, 11, 3, 19, 14]",0,0,22,0.0,0.0,"[0, 1, 2, 3, 4, 5, 6, 7, 8, 9, 10, 11, 12, 13, 14, 15, 16, 17, 18, 19, 20, 21]",2,svm_statistics
3,d03,160,224,test,[3],"[3, 11, 4, 10, 18, 20, 16, 0, 9, 5, 15, 21, 19, 17, 7, 14, 1, 8, 13, 12, 2, 6]",0,0,22,0.0,0.0,"[0, 1, 2, 3, 4, 5, 6, 7, 8, 9, 10, 11, 12, 13, 14, 15, 16, 17, 18, 19, 20, 21]",3,svm_statistics
3,d03,224,288,test,[15],"[15, 3, 9, 10, 4, 0, 20, 11, 16, 21, 5, 18, 19, 17, 7, 14, 1, 8, 13, 2, 12, 6]",0,0,22,0.0,0.0,"[0, 1, 2, 3, 4, 5, 6, 7, 8, 9, 10, 11, 12, 13, 14, 15, 16, 17, 18, 19, 20, 21]",15,svm_statistics
3,d03,288,352,test,[3],"[3, 4, 20, 9, 15, 10, 0, 16, 11, 18, 21, 5, 17, 19, 7, 14, 1, 8, 13, 2, 12, 6]",0,0,22,0.0,0.0,"[0, 1, 2, 3, 4, 5, 6, 7, 8, 9, 10, 11, 12, 13, 14, 15, 16, 17, 18, 19, 20, 21]",3,svm_statistics
3,d03,352,416,test,[9],"[9, 3, 10, 4, 16, 18, 0, 20, 15, 11, 5, 21, 17, 19, 7, 14, 1, 8, 13, 12, 2, 6]",0,0,22,0.0,0.0,"[0, 1, 2, 3, 4, 5, 6, 7, 8, 9, 10, 11, 12, 13, 14, 15, 16, 17, 18, 19, 20, 21]",9,svm_statistics
3,d03,416,480,test,[9],"[9, 4, 0, 10, 3, 15, 11, 16, 21, 5, 20, 18, 19, 17, 7, 14, 1, 8, 13, 12, 2, 6]",0,0,22,0.0,0.0,"[0, 1, 2, 3, 4, 5, 6, 7, 8, 9, 10, 11, 12, 13, 14, 15, 16, 17, 18, 19, 20, 21]",9,svm_statistics
3,d03,480,544,test,[],"[0, 16, 3, 10, 11, 9, 15, 4, 5, 20, 18, 21, 19, 17, 7, 1, 14, 12, 13, 8, 2, 6]",0,0,22,0.0,0.0,"[0, 1, 2, 3, 4, 5, 6, 7, 8, 9, 10, 11, 12, 13, 14, 15, 16, 17, 18, 19, 20, 21]",0,svm_statistics
3,d03,544,608,test,[10],"[10, 3, 15, 4, 16, 20, 9, 0, 5, 11, 18, 21, 17, 19, 7, 1, 14, 8, 13, 12, 2, 6]",0,0,22,0.0,0.0,"[0, 1, 2, 3, 4, 5, 6, 7, 8, 9, 10, 11, 12, 13, 14, 15, 16, 17, 18, 19, 20, 21]",10,svm_statistics
3,d03,608,672,test,[10],"[10, 15, 0, 3, 9, 11, 21, 4, 16, 20, 5, 18, 19, 17, 7, 14, 1, 8, 13, 2, 12, 6]",0,0,22,0.0,0.0,"[0, 1, 2, 3, 4, 5, 6, 7, 8, 9, 10, 11, 12, 13, 14, 15, 16, 17, 18, 19, 20, 21]",10,svm_statistics
3,d03,672,736,test,[4],"[4, 15, 0, 10, 9, 5, 3, 11, 18, 21, 16, 20, 19, 17, 7, 14, 1, 8, 13, 2, 12, 6]",0,0,22,0.0,0.0,"[0, 1, 2, 3, 4, 5, 6, 7, 8, 9, 10, 11, 12, 13, 14, 15, 16, 17, 18, 19, 20, 21]",4,svm_statistics
3,d03,736,800,test,[],"[0, 9, 21, 15, 3, 4, 10, 11, 16, 18, 20, 5, 19, 17, 7, 14, 1, 8, 13, 12, 2, 6]",0,0,22,0.0,0.0,"[0, 1, 2, 3, 4, 5, 6, 7, 8, 9, 10, 11, 12, 13, 14, 15, 16, 17, 18, 19, 20, 21]",0,svm_statistics
3,d03,800,864,test,[3],"[3, 4, 0, 9, 11, 15, 10, 20, 16, 18, 21, 5, 17, 19, 7, 14, 1, 13, 8, 12, 2, 6]",0,0,22,0.0,0.0,"[0, 1, 2, 3, 4, 5, 6, 7, 8, 9, 10, 11, 12, 13, 14, 15, 16, 17, 18, 19, 20, 21]",3,svm_statistics
3,d03,864,928,test,[3],"[3, 9, 0, 4, 15, 16, 10, 20, 11, 5, 18, 21, 17, 19, 7, 14, 1, 13, 12, 8, 2, 6]",0,0,22,0.0,0.0,"[0, 1, 2, 3, 4, 5, 6, 7, 8, 9, 10, 11, 12, 13, 14, 15, 16, 17, 18, 19, 20, 21]",3,svm_statistics
4,d04,160,224,test,[4],"[4, 15, 0, 11, 9, 10, 3, 16, 18, 21, 20, 5, 17, 19, 7, 14, 1, 8, 13, 12, 2, 6]",0,0,22,0.0,0.0,"[0, 1, 2, 3, 4, 5, 6, 7, 8, 9, 10, 11, 12, 13, 14, 15, 16, 17, 18, 19, 20, 21]",4,svm_statistics
4,d04,224,288,test,[10],"[10, 0, 11, 3, 9, 16, 20, 4, 18, 21, 5, 15, 17, 7, 19, 14, 1, 13, 12, 8, 6, 2]",0,0,22,0.0,0.0,"[0, 1, 2, 3, 4, 5, 6, 7, 8, 9, 10, 11, 12, 13, 14, 15, 16, 17, 18, 19, 20, 21]",10,svm_statistics
4,d04,288,352,test,[15],"[15, 10, 4, 9, 11, 0, 3, 16, 5, 21, 20, 18, 17, 19, 7, 14, 1, 8, 13, 12, 2, 6]",0,0,22,0.0,0.0,"[0, 1, 2, 3, 4, 5, 6, 7, 8, 9, 10, 11, 12, 13, 14, 15, 16, 17, 18, 19, 20, 21]",15,svm_statistics
4,d04,352,416,test,[],"[0, 9, 3, 15, 4, 10, 11, 16, 21, 20, 5, 18, 19, 17, 7, 14, 1, 8, 13, 2, 12, 6]",0,0,22,0.0,0.0,"[0, 1, 2, 3, 4, 5, 6, 7, 8, 9, 10, 11, 12, 13, 14, 15, 16, 17, 18, 19, 20, 21]",0,svm_statistics
4,d04,416,480,test,[10],"[10, 0, 4, 9, 3, 11, 5, 20, 15, 16, 21, 18, 17, 19, 7, 14, 1, 8, 13, 12, 2, 6]",0,0,22,0.0,0.0,"[0, 1, 2, 3, 4, 5, 6, 7, 8, 9, 10, 11, 12, 13, 14, 15, 16, 17, 18, 19, 20, 21]",10,svm_statistics
4,d04,480,544,test,[9],"[9, 3, 11, 0, 10, 4, 16, 20, 21, 15, 5, 18, 19, 17, 7, 14, 1, 8, 13, 2, 12, 6]",0,0,22,0.0,0.0,"[0, 1, 2, 3, 4, 5, 6, 7, 8, 9, 10, 11, 12, 13, 14, 15, 16, 17, 18, 19, 20, 21]",9,svm_statistics
4,d04,544,608,test,[9],"[9, 15, 3, 16, 4, 0, 10, 11, 20, 21, 18, 5, 19, 17, 7, 14, 1, 13, 2, 8, 12, 6]",0,0,22,0.0,0.0,"[0, 1, 2, 3, 4, 5, 6, 7, 8, 9, 10, 11, 12, 13, 14, 15, 16, 17, 18, 19, 20, 21]",9,svm_statistics
4,d04,608,672,test,[4],"[4, 21, 10, 9, 15, 3, 0, 11, 16, 18, 20, 5, 19, 17, 7, 14, 1, 8, 13, 12, 2, 6]",0,0,22,0.0,0.0,"[0, 1, 2, 3, 4, 5, 6, 7, 8, 9, 10, 11, 12, 13, 14, 15, 16, 17, 18, 19, 20, 21]",4,svm_statistics
4,d04,672,736,test,[11],"[11, 16, 4, 3, 0, 9, 10, 15, 21, 20, 18, 5, 19, 17, 7, 14, 1, 8, 13, 2, 12, 6]",0,0,22,0.0,0.0,"[0, 1, 2, 3, 4, 5, 6, 7, 8, 9, 10, 11, 12, 13, 14, 15, 16, 17, 18, 19, 20, 21]",11,svm_statistics
4,d04,736,800,test,[10],"[10, 3, 16, 0, 9, 4, 15, 5, 20, 11, 18, 21, 17, 7, 19, 14, 1, 8, 13, 12, 2, 6]",0,0,22,0.0,0.0,"[0, 1, 2, 3, 4, 5, 6, 7, 8, 9, 10, 11, 12, 13, 14, 15, 16, 17, 18, 19, 20, 21]",10,svm_statistics
4,d04,800,864,test,[3],"[3, 16, 9, 10, 11, 0, 4, 15, 20, 5, 18, 21, 17, 19, 7, 14, 1, 8, 13, 2, 12, 6]",0,0,22,0.0,0.0,"[0, 1, 2, 3, 4, 5, 6, 7, 8, 9, 10, 11, 12, 13, 14, 15, 16, 17, 18, 19, 20, 21]",3,svm_statistics
4,d04,864,928,test,[9],"[9, 3, 10, 0, 4, 15, 16, 20, 5, 21, 11, 18, 17, 19, 7, 14, 1, 8, 13, 12, 2, 6]",0,0,22,0.0,0.0,"[0, 1, 2, 3, 4, 5, 6, 7, 8, 9, 10, 11, 12, 13, 14, 15, 16, 17, 18, 19, 20, 21]",9,svm_statistics
5,d05,160,224,test,[5],"[5, 1, 10, 7, 8, 11, 15, 20, 3, 18, 4, 12, 16, 9, 13, 17, 0, 21, 19, 6, 2, 14]",0,0,22,0.0,0.0,"[0, 1, 2, 3, 4, 5, 6, 7, 8, 9, 10, 11, 12, 13, 14, 15, 16, 17, 18, 19, 20, 21]",5,svm_statistics
5,d05,224,288,test,[7],"[7, 8, 5, 13, 12, 18, 1, 10, 6, 11, 20, 17, 16, 3, 9, 0, 4, 15, 2, 21, 14, 19]",0,0,22,0.0,0.0,"[0, 1, 2, 3, 4, 5, 6, 7, 8, 9, 10, 11, 12, 13, 14, 15, 16, 17, 18, 19, 20, 21]",7,svm_statistics
5,d05,288,352,test,[10],"[10, 5, 15, 7, 3, 4, 11, 16, 9, 0, 20, 18, 1, 21, 17, 13, 19, 8, 12, 14, 2, 6]",0,0,22,0.0,0.0,"[0, 1, 2, 3, 4, 5, 6, 7, 8, 9, 10, 11, 12, 13, 14, 15, 16, 17, 18, 19, 20, 21]",10,svm_statistics
5,d05,352,416,test,[],"[0, 3, 10, 5, 15, 9, 16, 11, 4, 20, 18, 21, 17, 7, 19, 1, 14, 8, 13, 12, 2, 6]",0,0,22,0.0,0.0,"[0, 1, 2, 3, 4, 5, 6, 7, 8, 9, 10, 11, 12, 13, 14, 15, 16, 17, 18, 19, 20, 21]",0,svm_statistics
5,d05,416,480,test,[10],"[10, 4, 0, 9, 3, 5, 11, 16, 20, 15, 18, 21, 17, 7, 19, 14, 1, 8, 13, 12, 2, 6]",0,0,22,0.0,0.0,"[0, 1, 2, 3, 4, 5, 6, 7, 8, 9, 10, 11, 12, 13, 14, 15, 16, 17, 18, 19, 20, 21]",10,svm_statistics
5,d05,480,544,test,[9],"[9, 3, 11, 10, 4, 0, 16, 20, 5, 15, 18, 21, 19, 17, 7, 14, 1, 8, 13, 2, 12, 6]",0,0,22,0.0,0.0,"[0, 1, 2, 3, 4, 5, 6, 7, 8, 9, 10, 11, 12, 13, 14, 15, 16, 17, 18, 19, 20, 21]",9,svm_statistics
5,d05,544,608,test,[9],"[9, 3, 15, 16, 4, 10, 0, 11, 20, 5, 21, 18, 19, 17, 7, 14, 1, 13, 8, 2, 12, 6]",0,0,22,0.0,0.0,"[0, 1, 2, 3, 4, 5, 6, 7, 8, 9, 10, 11, 12, 13, 14, 15, 16, 17, 18, 19, 20, 21]",9,svm_statistics
5,d05,608,672,test,[10],"[10, 4, 9, 15, 3, 0, 11, 16, 21, 20, 18, 5, 19, 17, 7, 14, 1, 8, 13, 12, 2, 6]",0,0,22,0.0,0.0,"[0, 1, 2, 3, 4, 5, 6, 7, 8, 9, 10, 11, 12, 13, 14, 15, 16, 17, 18, 19, 20, 21]",10,svm_statistics
5,d05,672,736,test,[11],"[11, 16, 9, 0, 4, 3, 15, 10, 21, 20, 18, 5, 19, 17, 7, 14, 1, 8, 13, 2, 12, 6]",0,0,22,0.0,0.0,"[0, 1, 2, 3, 4, 5, 6, 7, 8, 9, 10, 11, 12, 13, 14, 15, 16, 17, 18, 19, 20, 21]",11,svm_statistics
5,d05,736,800,test,[10],"[10, 3, 16, 0, 5, 9, 4, 15, 20, 18, 11, 21, 17, 7, 19, 14, 1, 8, 13, 12, 2, 6]",0,0,22,0.0,0.0,"[0, 1, 2, 3, 4, 5, 6, 7, 8, 9, 10, 11, 12, 13, 14, 15, 16, 17, 18, 19, 20, 21]",10,svm_statistics
5,d05,800,864,test,[3],"[3, 16, 9, 10, 0, 11, 4, 15, 5, 20, 18, 21, 17, 19, 7, 14, 1, 8, 13, 2, 12, 6]",0,0,22,0.0,0.0,"[0, 1, 2, 3, 4, 5, 6, 7, 8, 9, 10, 11, 12, 13, 14, 15, 16, 17, 18, 19, 20, 21]",3,svm_statistics
5,d05,864,928,test,[9],"[9, 3, 10, 0, 4, 5, 16, 20, 15, 18, 11, 21, 17, 19, 7, 14, 1, 8, 13, 12, 2, 6]",0,0,22,0.0,0.0,"[0, 1, 2, 3, 4, 5, 6, 7, 8, 9, 10, 11, 12, 13, 14, 15, 16, 17, 18, 19, 20, 21]",9,svm_statistics
6,d06,160,224,test,[6],"[6, 5, 7, 18, 13, 1, 12, 8, 10, 16, 20, 17, 9, 15, 4, 11, 0, 3, 2, 21, 19, 14]",0,0,22,0.0,0.0,"[0, 1, 2, 3, 4, 5, 6, 7, 8, 9, 10, 11, 12, 13, 14, 15, 16, 17, 18, 19, 20, 21]",6,svm_statistics
6,d06,224,288,test,[6],"[6, 13, 18, 8, 7, 12, 5, 1, 2, 17, 10, 16, 20, 11, 0, 9, 15, 4, 19, 14, 21, 3]",0,0,22,0.0,0.0,"[0, 1, 2, 3, 4, 5, 6, 7, 8, 9, 10, 11, 12, 13, 14, 15, 16, 17, 18, 19, 20, 21]",6,svm_statistics
6,d06,288,352,test,[6],"[6, 18, 13, 8, 7, 12, 5, 1, 2, 17, 10, 16, 20, 14, 0, 9, 19, 15, 11, 4, 21, 3]",0,0,22,0.0,0.0,"[0, 1, 2, 3, 4, 5, 6, 7, 8, 9, 10, 11, 12, 13, 14, 15, 16, 17, 18, 19, 20, 21]",6,svm_statistics
6,d06,352,416,test,[6],"[6, 18, 13, 8, 7, 12, 5, 1, 2, 17, 10, 16, 20, 14, 0, 9, 19, 15, 11, 4, 21, 3]",0,0,22,0.0,0.0,"[0, 1, 2, 3, 4, 5, 6, 7, 8, 9, 10, 11, 12, 13, 14, 15, 16, 17, 18, 19, 20, 21]",6,svm_statistics
6,d06,416,480,test,[6],"[6, 18, 8, 13, 7, 12, 5, 1, 2, 17, 10, 16, 20, 14, 0, 9, 19, 15, 11, 4, 21, 3]",0,0,22,0.0,0.0,"[0, 1, 2, 3, 4, 5, 6, 7, 8, 9, 10, 11, 12, 13, 14, 15, 16, 17, 18, 19, 20, 21]",6,svm_statistics
6,d06,480,544,test,[6],"[6, 18, 8, 13, 7, 12, 5, 1, 2, 17, 10, 16, 20, 14, 0, 9, 19, 15, 11, 4, 21, 3]",0,0,22,0.0,0.0,"[0, 1, 2, 3, 4, 5, 6, 7, 8, 9, 10, 11, 12, 13, 14, 15, 16, 17, 18, 19, 20, 21]",6,svm_statistics
6,d06,544,608,test,[18],"[18, 6, 8, 13, 7, 12, 5, 1, 2, 17, 10, 16, 20, 14, 0, 9, 19, 15, 11, 4, 21, 3]",0,0,22,0.0,0.0,"[0, 1, 2, 3, 4, 5, 6, 7, 8, 9, 10, 11, 12, 13, 14, 15, 16, 17, 18, 19, 20, 21]",18,svm_statistics
6,d06,608,672,test,[18],"[18, 6, 8, 13, 7, 12, 5, 1, 2, 17, 10, 16, 20, 14, 0, 9, 19, 15, 11, 4, 21, 3]",0,0,22,0.0,0.0,"[0, 1, 2, 3, 4, 5, 6, 7, 8, 9, 10, 11, 12, 13, 14, 15, 16, 17, 18, 19, 20, 21]",18,svm_statistics
6,d06,672,736,test,[18],"[18, 6, 8, 13, 7, 12, 5, 1, 2, 17, 10, 16, 20, 14, 0, 9, 19, 15, 11, 4, 21, 3]",0,0,22,0.0,0.0,"[0, 1, 2, 3, 4, 5, 6, 7, 8, 9, 10, 11, 12, 13, 14, 15, 16, 17, 18, 19, 20, 21]",18,svm_statistics
6,d06,736,800,test,[18],"[18, 6, 8, 13, 7, 12, 5, 1, 2, 17, 10, 16, 20, 14, 0, 9, 19, 15, 11, 4, 21, 3]",0,0,22,0.0,0.0,"[0, 1, 2, 3, 4, 5, 6, 7, 8, 9, 10, 11, 12, 13, 14, 15, 16, 17, 18, 19, 20, 21]",18,svm_statistics
6,d06,800,864,test,[18],"[18, 6, 8, 13, 7, 12, 5, 1, 2, 17, 10, 16, 20, 14, 0, 9, 19, 15, 11, 4, 21, 3]",0,0,22,0.0,0.0,"[0, 1, 2, 3, 4, 5, 6, 7, 8, 9, 10, 11, 12, 13, 14, 15, 16, 17, 18, 19, 20, 21]",18,svm_statistics
6,d06,864,928,test,[18],"[18, 6, 8, 13, 7, 12, 5, 1, 2, 17, 10, 16, 20, 14, 0, 9, 19, 15, 11, 4, 21, 3]",0,0,22,0.0,0.0,"[0, 1, 2, 3, 4, 5, 6, 7, 8, 9, 10, 11, 12, 13, 14, 15, 16, 17, 18, 19, 20, 21]",18,svm_statistics
7,d07,160,224,test,[7],"[7, 12, 8, 5, 18, 13, 1, 6, 2, 17, 10, 20, 16, 15, 11, 0, 9, 4, 3, 19, 14, 21]",0,0,22,0.0,0.0,"[0, 1, 2, 3, 4, 5, 6, 7, 8, 9, 10, 11, 12, 13, 14, 15, 16, 17, 18, 19, 20, 21]",7,svm_statistics
7,d07,224,288,test,[8],"[8, 13, 7, 5, 12, 1, 18, 6, 2, 17, 10, 16, 20, 11, 4, 15, 0, 9, 19, 14, 21, 3]",0,0,22,0.0,0.0,"[0, 1, 2, 3, 4, 5, 6, 7, 8, 9, 10, 11, 12, 13, 14, 15, 16, 17, 18, 19, 20, 21]",8,svm_statistics
7,d07,288,352,test,[7],"[7, 5, 13, 8, 1, 12, 10, 18, 6, 11, 20, 17, 16, 9, 15, 0, 4, 3, 2, 19, 21, 14]",0,0,22,0.0,0.0,"[0, 1, 2, 3, 4, 5, 6, 7, 8, 9, 10, 11, 12, 13, 14, 15, 16, 17, 18, 19, 20, 21]",7,svm_statistics
7,d07,352,416,test,[7],"[7, 10, 5, 15, 3, 16, 20, 1, 9, 11, 0, 4, 18, 17, 12, 8, 13, 21, 19, 14, 2, 6]",0,0,22,0.0,0.0,"[0, 1, 2, 3, 4, 5, 6, 7, 8, 9, 10, 11, 12, 13, 14, 15, 16, 17, 18, 19, 20, 21]",7,svm_statistics
7,d07,416,480,test,[7],"[7, 10, 3, 4, 11, 18, 16, 20, 5, 0, 15, 9, 21, 17, 1, 19, 8, 13, 12, 14, 2, 6]",0,0,22,0.0,0.0,"[0, 1, 2, 3, 4, 5, 6, 7, 8, 9, 10, 11, 12, 13, 14, 15, 16, 17, 18, 19, 20, 21]",7,svm_statistics
7,d07,480,544,test,[10],"[10, 4, 15, 7, 3, 5, 11, 0, 9, 18, 16, 20, 21, 19, 17, 14, 1, 8, 13, 12, 2, 6]",0,0,22,0.0,0.0,"[0, 1, 2, 3, 4, 5, 6, 7, 8, 9, 10, 11, 12, 13, 14, 15, 16, 17, 18, 19, 20, 21]",10,svm_statistics
7,d07,544,608,test,[3],"[3, 9, 10, 16, 0, 5, 15, 20, 4, 11, 7, 18, 21, 17, 19, 1, 14, 8, 13, 12, 2, 6]",0,0,22,0.0,0.0,"[0, 1, 2, 3, 4, 5, 6, 7, 8, 9, 10, 11, 12, 13, 14, 15, 16, 17, 18, 19, 20, 21]",3,svm_statistics
7,d07,608,672,test,[10],"[10, 15, 4, 11, 3, 0, 5, 9, 16, 20, 7, 18, 21, 17, 19, 14, 8, 13, 1, 12, 2, 6]",0,0,22,0.0,0.0,"[0, 1, 2, 3, 4, 5, 6, 7, 8, 9, 10, 11, 12, 13, 14, 15, 16, 17, 18, 19, 20, 21]",10,svm_statistics
7,d07,672,736,test,[21],"[21, 3, 9, 16, 18, 15, 0, 4, 10, 11, 20, 5, 19, 17, 7, 14, 13, 8, 1, 2, 12, 6]",0,0,22,0.0,0.0,"[0, 1, 2, 3, 4, 5, 6, 7, 8, 9, 10, 11, 12, 13, 14, 15, 16, 17, 18, 19, 20, 21]",21,svm_statistics
7,d07,736,800,test,[15],"[15, 9, 4, 3, 10, 0, 16, 5, 20, 21, 18, 11, 17, 19, 7, 14, 8, 13, 1, 2, 12, 6]",0,0,22,0.0,0.0,"[0, 1, 2, 3, 4, 5, 6, 7, 8, 9, 10, 11, 12, 13, 14, 15, 16, 17, 18, 19, 20, 21]",15,svm_statistics
7,d07,800,864,test,[9],"[9, 4, 3, 15, 0, 16, 10, 21, 20, 18, 11, 5, 19, 17, 7, 14, 1, 8, 13, 2, 12, 6]",0,0,22,0.0,0.0,"[0, 1, 2, 3, 4, 5, 6, 7, 8, 9, 10, 11, 12, 13, 14, 15, 16, 17, 18, 19, 20, 21]",9,svm_statistics
7,d07,864,928,test,[],"[0, 3, 9, 15, 4, 21, 20, 5, 10, 16, 18, 11, 19, 7, 17, 14, 8, 13, 1, 2, 12, 6]",0,0,22,0.0,0.0,"[0, 1, 2, 3, 4, 5, 6, 7, 8, 9, 10, 11, 12, 13, 14, 15, 16, 17, 18, 19, 20, 21]",0,svm_statistics
8,d08,160,224,test,[5],"[5, 7, 10, 0, 20, 8, 4, 3, 11, 9, 16, 15, 18, 1, 17, 12, 13, 21, 19, 2, 14, 6]",0,0,22,0.0,0.0,"[0, 1, 2, 3, 4, 5, 6, 7, 8, 9, 10, 11, 12, 13, 14, 15, 16, 17, 18, 19, 20, 21]",5,svm_statistics
8,d08,224,288,test,[8],"[8, 1, 5, 13, 7, 12, 10, 18, 11, 20, 16, 9, 17, 0, 3, 4, 15, 6, 2, 21, 19, 14]",0,0,22,0.0,0.0,"[0, 1, 2, 3, 4, 5, 6, 7, 8, 9, 10, 11, 12, 13, 14, 15, 16, 17, 18, 19, 20, 21]",8,svm_statistics
8,d08,288,352,test,[7],"[7, 8, 12, 5, 1, 13, 18, 6, 10, 2, 17, 16, 20, 15, 11, 9, 4, 0, 3, 19, 21, 14]",0,0,22,0.0,0.0,"[0, 1, 2, 3, 4, 5, 6, 7, 8, 9, 10, 11, 12, 13, 14, 15, 16, 17, 18, 19, 20, 21]",7,svm_statistics
8,d08,352,416,test,[5],"[5, 12, 1, 7, 8, 13, 18, 10, 20, 6, 15, 17, 3, 16, 11, 9, 0, 4, 2, 19, 21, 14]",0,0,22,0.0,0.0,"[0, 1, 2, 3, 4, 5, 6, 7, 8, 9, 10, 11, 12, 13, 14, 15, 16, 17, 18, 19, 20, 21]",5,svm_statistics
8,d08,416,480,test,[8],"[8, 5, 12, 13, 7, 18, 1, 6, 2, 17, 10, 16, 20, 15, 11, 4, 0, 9, 3, 19, 21, 14]",0,0,22,0.0,0.0,"[0, 1, 2, 3, 4, 5, 6, 7, 8, 9, 10, 11, 12, 13, 14, 15, 16, 17, 18, 19, 20, 21]",8,svm_statistics
8,d08,480,544,test,[8],"[8, 13, 7, 12, 5, 18, 1, 6, 2, 17, 10, 20, 11, 16, 4, 15, 9, 0, 19, 21, 14, 3]",0,0,22,0.0,0.0,"[0, 1, 2, 3, 4, 5, 6, 7, 8, 9, 10, 11, 12, 13, 14, 15, 16, 17, 18, 19, 20, 21]",8,svm_statistics
8,d08,544,608,test,[7],"[7, 8, 5, 13, 12, 1, 10, 18, 6, 20, 17, 15, 11, 9, 16, 0, 3, 4, 2, 19, 21, 14]",0,0,22,0.0,0.0,"[0, 1, 2, 3, 4, 5, 6, 7, 8, 9, 10, 11, 12, 13, 14, 15, 16, 17, 18, 19, 20, 21]",7,svm_statistics
8,d08,608,672,test,[5],"[5, 7, 12, 1, 8, 20, 10, 18, 13, 16, 3, 9, 15, 17, 11, 0, 4, 6, 21, 19, 14, 2]",0,0,22,0.0,0.0,"[0, 1, 2, 3, 4, 5, 6, 7, 8, 9, 10, 11, 12, 13, 14, 15, 16, 17, 18, 19, 20, 21]",5,svm_statistics
8,d08,672,736,test,[5],"[5, 7, 1, 8, 12, 13, 16, 10, 20, 11, 3, 18, 9, 15, 17, 0, 4, 21, 19, 2, 6, 14]",0,0,22,0.0,0.0,"[0, 1, 2, 3, 4, 5, 6, 7, 8, 9, 10, 11, 12, 13, 14, 15, 16, 17, 18, 19, 20, 21]",5,svm_statistics
8,d08,736,800,test,[7],"[7, 5, 10, 16, 8, 20, 11, 9, 4, 3, 18, 13, 1, 17, 0, 15, 21, 2, 12, 19, 6, 14]",0,0,22,0.0,0.0,"[0, 1, 2, 3, 4, 5, 6, 7, 8, 9, 10, 11, 12, 13, 14, 15, 16, 17, 18, 19, 20, 21]",7,svm_statistics
8,d08,800,864,test,[5],"[5, 1, 7, 16, 10, 8, 20, 9, 3, 18, 11, 12, 13, 4, 0, 15, 17, 21, 19, 2, 6, 14]",0,0,22,0.0,0.0,"[0, 1, 2, 3, 4, 5, 6, 7, 8, 9, 10, 11, 12, 13, 14, 15, 16, 17, 18, 19, 20, 21]",5,svm_statistics
8,d08,864,928,test,[5],"[5, 7, 8, 1, 12, 18, 13, 20, 16, 10, 6, 3, 17, 9, 11, 0, 4, 15, 21, 19, 2, 14]",0,0,22,0.0,0.0,"[0, 1, 2, 3, 4, 5, 6, 7, 8, 9, 10, 11, 12, 13, 14, 15, 16, 17, 18, 19, 20, 21]",5,svm_statistics
9,d09,160,224,test,[3],"[3, 16, 9, 11, 10, 0, 15, 20, 4, 18, 21, 5, 19, 17, 7, 14, 1, 8, 13, 12, 2, 6]",0,0,22,0.0,0.0,"[0, 1, 2, 3, 4, 5, 6, 7, 8, 9, 10, 11, 12, 13, 14, 15, 16, 17, 18, 19, 20, 21]",3,svm_statistics
9,d09,224,288,test,[3],"[3, 4, 9, 10, 15, 16, 20, 18, 0, 11, 5, 21, 19, 17, 7, 14, 1, 8, 13, 2, 12, 6]",0,0,22,0.0,0.0,"[0, 1, 2, 3, 4, 5, 6, 7, 8, 9, 10, 11, 12, 13, 14, 15, 16, 17, 18, 19, 20, 21]",3,svm_statistics
9,d09,288,352,test,[15],"[15, 10, 9, 11, 3, 0, 4, 21, 20, 16, 18, 5, 19, 17, 7, 14, 1, 8, 13, 12, 2, 6]",0,0,22,0.0,0.0,"[0, 1, 2, 3, 4, 5, 6, 7, 8, 9, 10, 11, 12, 13, 14, 15, 16, 17, 18, 19, 20, 21]",15,svm_statistics
9,d09,352,416,test,[],"[0, 3, 15, 4, 9, 16, 21, 11, 20, 10, 18, 5, 19, 17, 7, 14, 1, 8, 13, 2, 12, 6]",0,0,22,0.0,0.0,"[0, 1, 2, 3, 4, 5, 6, 7, 8, 9, 10, 11, 12, 13, 14, 15, 16, 17, 18, 19, 20, 21]",0,svm_statistics
9,d09,416,480,test,[9],"[9, 4, 16, 11, 0, 10, 3, 15, 18, 20, 5, 21, 19, 17, 7, 14, 1, 8, 13, 12, 2, 6]",0,0,22,0.0,0.0,"[0, 1, 2, 3, 4, 5, 6, 7, 8, 9, 10, 11, 12, 13, 14, 15, 16, 17, 18, 19, 20, 21]",9,svm_statistics
9,d09,480,544,test,[],"[0, 3, 15, 9, 11, 16, 4, 21, 20, 10, 5, 19, 18, 17, 7, 14, 1, 13, 8, 12, 2, 6]",0,0,22,0.0,0.0,"[0, 1, 2, 3, 4, 5, 6, 7, 8, 9, 10, 11, 12, 13, 14, 15, 16, 17, 18, 19, 20, 21]",0,svm_statistics
9,d09,544,608,test,[9],"[9, 3, 4, 10, 16, 0, 15, 20, 11, 5, 21, 18, 19, 17, 7, 14, 1, 8, 13, 12, 2, 6]",0,0,22,0.0,0.0,"[0, 1, 2, 3, 4, 5, 6, 7, 8, 9, 10, 11, 12, 13, 14, 15, 16, 17, 18, 19, 20, 21]",9,svm_statistics
9,d09,608,672,test,[15],"[15, 3, 16, 4, 21, 0, 9, 10, 20, 11, 5, 18, 17, 19, 7, 14, 1, 13, 8, 2, 12, 6]",0,0,22,0.0,0.0,"[0, 1, 2, 3, 4, 5, 6, 7, 8, 9, 10, 11, 12, 13, 14, 15, 16, 17, 18, 19, 20, 21]",15,svm_statistics
9,d09,672,736,test,[15],"[15, 4, 10, 9, 3, 16, 0, 11, 20, 18, 5, 21, 17, 19, 7, 14, 1, 8, 13, 12, 2, 6]",0,0,22,0.0,0.0,"[0, 1, 2, 3, 4, 5, 6, 7, 8, 9, 10, 11, 12, 13, 14, 15, 16, 17, 18, 19, 20, 21]",15,svm_statistics
9,d09,736,800,test,[9],"[9, 4, 3, 10, 0, 15, 20, 11, 16, 21, 18, 5, 19, 17, 7, 14, 1, 8, 13, 12, 2, 6]",0,0,22,0.0,0.0,"[0, 1, 2, 3, 4, 5, 6, 7, 8, 9, 10, 11, 12, 13, 14, 15, 16, 17, 18, 19, 20, 21]",9,svm_statistics
9,d09,800,864,test,[3],"[3, 0, 11, 10, 16, 9, 20, 5, 18, 15, 4, 21, 17, 19, 7, 1, 14, 13, 8, 12, 2, 6]",0,0,22,0.0,0.0,"[0, 1, 2, 3, 4, 5, 6, 7, 8, 9, 10, 11, 12, 13, 14, 15, 16, 17, 18, 19, 20, 21]",3,svm_statistics
9,d09,864,928,test,[10],"[10, 4, 9, 11, 16, 0, 15, 3, 20, 5, 21, 18, 7, 17, 19, 14, 1, 8, 13, 12, 2, 6]",0,0,22,0.0,0.0,"[0, 1, 2, 3, 4, 5, 6, 7, 8, 9, 10, 11, 12, 13, 14, 15, 16, 17, 18, 19, 20, 21]",10,svm_statistics
10,d10,160,224,test,[3],"[3, 10, 9, 4, 5, 20, 15, 16, 18, 0, 11, 21, 17, 7, 1, 19, 14, 8, 13, 12, 2, 6]",0,0,22,0.0,0.0,"[0, 1, 2, 3, 4, 5, 6, 7, 8, 9, 10, 11, 12, 13, 14, 15, 16, 17, 18, 19, 20, 21]",3,svm_statistics
10,d10,224,288,test,[10],"[10, 3, 16, 9, 0, 4, 11, 5, 15, 20, 7, 18, 21, 19, 17, 14, 1, 8, 13, 12, 2, 6]",0,0,22,0.0,0.0,"[0, 1, 2, 3, 4, 5, 6, 7, 8, 9, 10, 11, 12, 13, 14, 15, 16, 17, 18, 19, 20, 21]",10,svm_statistics
10,d10,288,352,test,[10],"[10, 16, 3, 9, 4, 15, 11, 0, 20, 5, 21, 18, 17, 19, 7, 14, 1, 12, 13, 8, 2, 6]",0,0,22,0.0,0.0,"[0, 1, 2, 3, 4, 5, 6, 7, 8, 9, 10, 11, 12, 13, 14, 15, 16, 17, 18, 19, 20, 21]",10,svm_statistics
10,d10,352,416,test,[3],"[3, 10, 0, 5, 4, 15, 9, 20, 16, 18, 11, 21, 17, 7, 19, 1, 14, 8, 13, 12, 2, 6]",0,0,22,0.0,0.0,"[0, 1, 2, 3, 4, 5, 6, 7, 8, 9, 10, 11, 12, 13, 14, 15, 16, 17, 18, 19, 20, 21]",3,svm_statistics
10,d10,416,480,test,[],"[0, 16, 3, 9, 10, 4, 15, 21, 20, 5, 11, 18, 19, 17, 7, 14, 1, 8, 13, 12, 2, 6]",0,0,22,0.0,0.0,"[0, 1, 2, 3, 4, 5, 6, 7, 8, 9, 10, 11, 12, 13, 14, 15, 16, 17, 18, 19, 20, 21]",0,svm_statistics
10,d10,480,544,test,[9],"[9, 0, 4, 3, 10, 11, 15, 21, 20, 16, 18, 5, 19, 17, 7, 14, 1, 13, 2, 8, 12, 6]",0,0,22,0.0,0.0,"[0, 1, 2, 3, 4, 5, 6, 7, 8, 9, 10, 11, 12, 13, 14, 15, 16, 17, 18, 19, 20, 21]",9,svm_statistics
10,d10,544,608,test,[10],"[10, 15, 4, 3, 9, 11, 16, 0, 20, 5, 18, 21, 17, 7, 19, 1, 14, 13, 8, 12, 2, 6]",0,0,22,0.0,0.0,"[0, 1, 2, 3, 4, 5, 6, 7, 8, 9, 10, 11, 12, 13, 14, 15, 16, 17, 18, 19, 20, 21]",10,svm_statistics
10,d10,608,672,test,[16],"[16, 10, 3, 11, 9, 15, 5, 20, 0, 7, 4, 18, 17, 21, 1, 19, 14, 8, 13, 12, 2, 6]",0,0,22,0.0,0.0,"[0, 1, 2, 3, 4, 5, 6, 7, 8, 9, 10, 11, 12, 13, 14, 15, 16, 17, 18, 19, 20, 21]",16,svm_statistics
10,d10,672,736,test,[10],"[10, 5, 7, 4, 11, 1, 9, 3, 16, 20, 0, 15, 18, 8, 17, 13, 12, 19, 21, 14, 2, 6]",0,0,22,0.0,0.0,"[0, 1, 2, 3, 4, 5, 6, 7, 8, 9, 10, 11, 12, 13, 14, 15, 16, 17, 18, 19, 20, 21]",10,svm_statistics
10,d10,736,800,test,[10],"[10, 5, 4, 11, 7, 15, 16, 3, 0, 20, 9, 18, 17, 21, 1, 8, 12, 19, 13, 14, 2, 6]",0,0,22,0.0,0.0,"[0, 1, 2, 3, 4, 5, 6, 7, 8, 9, 10, 11, 12, 13, 14, 15, 16, 17, 18, 19, 20, 21]",10,svm_statistics
10,d10,800,864,test,[10],"[10, 16, 3, 9, 4, 11, 20, 15, 0, 5, 17, 18, 21, 7, 19, 1, 14, 13, 8, 12, 2, 6]",0,0,22,0.0,0.0,"[0, 1, 2, 3, 4, 5, 6, 7, 8, 9, 10, 11, 12, 13, 14, 15, 16, 17, 18, 19, 20, 21]",10,svm_statistics
10,d10,864,928,test,[3],"[3, 16, 9, 10, 11, 20, 4, 15, 0, 21, 18, 5, 17, 19, 7, 14, 1, 13, 8, 12, 2, 6]",0,0,22,0.0,0.0,"[0, 1, 2, 3, 4, 5, 6, 7, 8, 9, 10, 11, 12, 13, 14, 15, 16, 17, 18, 19, 20, 21]",3,svm_statistics
11,d11,160,224,test,[11],"[11, 21, 4, 0, 3, 9, 15, 16, 20, 10, 18, 17, 5, 19, 14, 7, 1, 13, 8, 2, 12, 6]",0,0,22,0.0,0.0,"[0, 1, 2, 3, 4, 5, 6, 7, 8, 9, 10, 11, 12, 13, 14, 15, 16, 17, 18, 19, 20, 21]",11,svm_statistics
11,d11,224,288,test,[9],"[9, 3, 0, 11, 20, 15, 4, 21, 18, 10, 16, 17, 5, 19, 14, 7, 1, 8, 13, 12, 2, 6]",0,0,22,0.0,0.0,"[0, 1, 2, 3, 4, 5, 6, 7, 8, 9, 10, 11, 12, 13, 14, 15, 16, 17, 18, 19, 20, 21]",9,svm_statistics
11,d11,288,352,test,[11],"[11, 10, 9, 16, 4, 15, 0, 3, 5, 18, 20, 17, 21, 19, 7, 14, 1, 12, 8, 13, 2, 6]",0,0,22,0.0,0.0,"[0, 1, 2, 3, 4, 5, 6, 7, 8, 9, 10, 11, 12, 13, 14, 15, 16, 17, 18, 19, 20, 21]",11,svm_statistics
11,d11,352,416,test,[11],"[11, 9, 3, 4, 15, 16, 10, 0, 21, 20, 18, 17, 5, 19, 7, 14, 1, 13, 12, 8, 2, 6]",0,0,22,0.0,0.0,"[0, 1, 2, 3, 4, 5, 6, 7, 8, 9, 10, 11, 12, 13, 14, 15, 16, 17, 18, 19, 20, 21]",11,svm_statistics
11,d11,416,480,test,[11],"[11, 4, 3, 10, 0, 9, 16, 20, 17, 18, 15, 5, 21, 7, 19, 14, 1, 8, 13, 12, 2, 6]",0,0,22,0.0,0.0,"[0, 1, 2, 3, 4, 5, 6, 7, 8, 9, 10, 11, 12, 13, 14, 15, 16, 17, 18, 19, 20, 21]",11,svm_statistics
11,d11,480,544,test,[11],"[11, 3, 9, 4, 10, 16, 20, 0, 15, 5, 17, 18, 21, 19, 7, 14, 1, 8, 13, 12, 2, 6]",0,0,22,0.0,0.0,"[0, 1, 2, 3, 4, 5, 6, 7, 8, 9, 10, 11, 12, 13, 14, 15, 16, 17, 18, 19, 20, 21]",11,svm_statistics
11,d11,544,608,test,[11],"[11, 3, 9, 0, 4, 15, 10, 21, 16, 20, 18, 17, 5, 19, 7, 14, 1, 13, 8, 12, 2, 6]",0,0,22,0.0,0.0,"[0, 1, 2, 3, 4, 5, 6, 7, 8, 9, 10, 11, 12, 13, 14, 15, 16, 17, 18, 19, 20, 21]",11,svm_statistics
11,d11,608,672,test,[11],"[11, 9, 10, 3, 0, 20, 4, 16, 15, 5, 17, 18, 21, 19, 7, 14, 1, 8, 13, 12, 2, 6]",0,0,22,0.0,0.0,"[0, 1, 2, 3, 4, 5, 6, 7, 8, 9, 10, 11, 12, 13, 14, 15, 16, 17, 18, 19, 20, 21]",11,svm_statistics
11,d11,672,736,test,[3],"[3, 9, 11, 16, 0, 10, 20, 15, 4, 18, 5, 21, 17, 19, 7, 14, 1, 13, 8, 12, 2, 6]",0,0,22,0.0,0.0,"[0, 1, 2, 3, 4, 5, 6, 7, 8, 9, 10, 11, 12, 13, 14, 15, 16, 17, 18, 19, 20, 21]",3,svm_statistics
11,d11,736,800,test,[11],"[11, 9, 0, 3, 4, 10, 15, 16, 20, 5, 21, 17, 18, 19, 7, 14, 1, 8, 13, 12, 2, 6]",0,0,22,0.0,0.0,"[0, 1, 2, 3, 4, 5, 6, 7, 8, 9, 10, 11, 12, 13, 14, 15, 16, 17, 18, 19, 20, 21]",11,svm_statistics
11,d11,800,864,test,[],"[0, 3, 11, 10, 9, 4, 16, 20, 15, 21, 5, 18, 17, 19, 7, 14, 1, 8, 13, 12, 2, 6]",0,0,22,0.0,0.0,"[0, 1, 2, 3, 4, 5, 6, 7, 8, 9, 10, 11, 12, 13, 14, 15, 16, 17, 18, 19, 20, 21]",0,svm_statistics
11,d11,864,928,test,[11],"[11, 9, 0, 3, 16, 18, 20, 4, 10, 21, 15, 5, 19, 17, 14, 7, 1, 13, 8, 12, 2, 6]",0,0,22,0.0,0.0,"[0, 1, 2, 3, 4, 5, 6, 7, 8, 9, 10, 11, 12, 13, 14, 15, 16, 17, 18, 19, 20, 21]",11,svm_statistics
12,d12,160,224,test,[12],"[12, 18, 5, 7, 8, 13, 11, 16, 10, 20, 1, 17, 0, 15, 3, 6, 9, 4, 19, 2, 21, 14]",0,0,22,0.0,0.0,"[0, 1, 2, 3, 4, 5, 6, 7, 8, 9, 10, 11, 12, 13, 14, 15, 16, 17, 18, 19, 20, 21]",12,svm_statistics
12,d12,224,288,test,[12],"[12, 5, 7, 1, 18, 8, 10, 13, 16, 11, 20, 15, 17, 3, 0, 9, 4, 6, 2, 19, 21, 14]",0,0,22,0.0,0.0,"[0, 1, 2, 3, 4, 5, 6, 7, 8, 9, 10, 11, 12, 13, 14, 15, 16, 17, 18, 19, 20, 21]",12,svm_statistics
12,d12,288,352,test,[12],"[12, 5, 7, 8, 18, 1, 10, 13, 16, 20, 17, 11, 6, 3, 15, 4, 9, 0, 2, 19, 21, 14]",0,0,22,0.0,0.0,"[0, 1, 2, 3, 4, 5, 6, 7, 8, 9, 10, 11, 12, 13, 14, 15, 16, 17, 18, 19, 20, 21]",12,svm_statistics
12,d12,352,416,test,[10],"[10, 16, 12, 18, 11, 4, 5, 1, 7, 20, 9, 0, 15, 8, 3, 13, 17, 21, 19, 14, 2, 6]",0,0,22,0.0,0.0,"[0, 1, 2, 3, 4, 5, 6, 7, 8, 9, 10, 11, 12, 13, 14, 15, 16, 17, 18, 19, 20, 21]",10,svm_statistics
12,d12,416,480,test,[12],"[12, 5, 8, 7, 1, 18, 13, 6, 17, 10, 20, 2, 11, 16, 15, 9, 0, 3, 4, 19, 21, 14]",0,0,22,0.0,0.0,"[0, 1, 2, 3, 4, 5, 6, 7, 8, 9, 10, 11, 12, 13, 14, 15, 16, 17, 18, 19, 20, 21]",12,svm_statistics
12,d12,480,544,test,[12],"[12, 18, 5, 7, 8, 13, 1, 6, 10, 16, 20, 17, 11, 0, 3, 9, 15, 2, 4, 19, 14, 21]",0,0,22,0.0,0.0,"[0, 1, 2, 3, 4, 5, 6, 7, 8, 9, 10, 11, 12, 13, 14, 15, 16, 17, 18, 19, 20, 21]",12,svm_statistics
12,d12,544,608,test,[12],"[12, 18, 8, 13, 5, 7, 1, 6, 17, 10, 16, 20, 11, 2, 9, 15, 0, 4, 3, 19, 14, 21]",0,0,22,0.0,0.0,"[0, 1, 2, 3, 4, 5, 6, 7, 8, 9, 10, 11, 12, 13, 14, 15, 16, 17, 18, 19, 20, 21]",12,svm_statistics
12,d12,608,672,test,[12],"[12, 5, 7, 8, 18, 13, 1, 11, 10, 16, 20, 3, 17, 9, 4, 15, 0, 6, 21, 19, 2, 14]",0,0,22,0.0,0.0,"[0, 1, 2, 3, 4, 5, 6, 7, 8, 9, 10, 11, 12, 13, 14, 15, 16, 17, 18, 19, 20, 21]",12,svm_statistics
12,d12,672,736,test,[12],"[12, 8, 18, 13, 7, 6, 5, 1, 2, 17, 10, 16, 20, 15, 11, 0, 9, 19, 14, 4, 21, 3]",0,0,22,0.0,0.0,"[0, 1, 2, 3, 4, 5, 6, 7, 8, 9, 10, 11, 12, 13, 14, 15, 16, 17, 18, 19, 20, 21]",12,svm_statistics
12,d12,736,800,test,[18],"[18, 6, 13, 8, 12, 7, 5, 1, 2, 17, 10, 16, 20, 14, 0, 9, 19, 15, 11, 4, 21, 3]",0,0,22,0.0,0.0,"[0, 1, 2, 3, 4, 5, 6, 7, 8, 9, 10, 11, 12, 13, 14, 15, 16, 17, 18, 19, 20, 21]",18,svm_statistics
12,d12,800,864,test,[13],"[13, 8, 18, 12, 7, 5, 1, 6, 2, 17, 10, 20, 16, 11, 15, 4, 9, 19, 0, 14, 21, 3]",0,0,22,0.0,0.0,"[0, 1, 2, 3, 4, 5, 6, 7, 8, 9, 10, 11, 12, 13, 14, 15, 16, 17, 18, 19, 20, 21]",13,svm_statistics
12,d12,864,928,test,[12],"[12, 7, 13, 8, 5, 18, 1, 6, 17, 10, 2, 16, 20, 11, 9, 4, 15, 0, 3, 19, 21, 14]",0,0,22,0.0,0.0,"[0, 1, 2, 3, 4, 5, 6, 7, 8, 9, 10, 11, 12, 13, 14, 15, 16, 17, 18, 19, 20, 21]",12,svm_statistics
13,d13,160,224,test,[3],"[3, 11, 0, 16, 10, 9, 4, 5, 15, 18, 20, 21, 17, 7, 19, 1, 14, 13, 8, 12, 2, 6]",0,0,22,0.0,0.0,"[0, 1, 2, 3, 4, 5, 6, 7, 8, 9, 10, 11, 12, 13, 14, 15, 16, 17, 18, 19, 20, 21]",3,svm_statistics
13,d13,224,288,test,[10],"[10, 5, 16, 4, 7, 3, 11, 9, 0, 15, 20, 18, 17, 21, 8, 12, 19, 1, 13, 14, 2, 6]",0,0,22,0.0,0.0,"[0, 1, 2, 3, 4, 5, 6, 7, 8, 9, 10, 11, 12, 13, 14, 15, 16, 17, 18, 19, 20, 21]",10,svm_statistics
13,d13,288,352,test,[10],"[10, 4, 5, 16, 15, 20, 7, 11, 9, 18, 3, 0, 17, 21, 8, 1, 19, 12, 14, 13, 2, 6]",0,0,22,0.0,0.0,"[0, 1, 2, 3, 4, 5, 6, 7, 8, 9, 10, 11, 12, 13, 14, 15, 16, 17, 18, 19, 20, 21]",10,svm_statistics
13,d13,352,416,test,[5],"[5, 7, 8, 12, 18, 1, 13, 10, 20, 2, 17, 6, 16, 9, 3, 4, 11, 15, 0, 21, 19, 14]",0,0,22,0.0,0.0,"[0, 1, 2, 3, 4, 5, 6, 7, 8, 9, 10, 11, 12, 13, 14, 15, 16, 17, 18, 19, 20, 21]",5,svm_statistics
13,d13,416,480,test,[8],"[8, 13, 18, 5, 7, 12, 1, 6, 2, 17, 10, 16, 20, 9, 11, 4, 15, 0, 19, 14, 3, 21]",0,0,22,0.0,0.0,"[0, 1, 2, 3, 4, 5, 6, 7, 8, 9, 10, 11, 12, 13, 14, 15, 16, 17, 18, 19, 20, 21]",8,svm_statistics
13,d13,480,544,test,[7],"[7, 5, 8, 12, 1, 13, 18, 10, 6, 2, 17, 15, 16, 11, 20, 4, 0, 9, 3, 19, 21, 14]",0,0,22,0.0,0.0,"[0, 1, 2, 3, 4, 5, 6, 7, 8, 9, 10, 11, 12, 13, 14, 15, 16, 17, 18, 19, 20, 21]",7,svm_statistics
13,d13,544,608,test,[5],"[5, 7, 12, 8, 18, 13, 1, 6, 2, 10, 17, 16, 15, 11, 20, 0, 4, 9, 3, 21, 19, 14]",0,0,22,0.0,0.0,"[0, 1, 2, 3, 4, 5, 6, 7, 8, 9, 10, 11, 12, 13, 14, 15, 16, 17, 18, 19, 20, 21]",5,svm_statistics
13,d13,608,672,test,[18],"[18, 6, 13, 8, 7, 12, 5, 1, 2, 17, 10, 16, 20, 14, 0, 9, 15, 11, 19, 4, 21, 3]",0,0,22,0.0,0.0,"[0, 1, 2, 3, 4, 5, 6, 7, 8, 9, 10, 11, 12, 13, 14, 15, 16, 17, 18, 19, 20, 21]",18,svm_statistics
13,d13,672,736,test,[18],"[18, 8, 13, 7, 12, 6, 1, 5, 2, 17, 10, 16, 20, 0, 15, 11, 9, 19, 14, 4, 21, 3]",0,0,22,0.0,0.0,"[0, 1, 2, 3, 4, 5, 6, 7, 8, 9, 10, 11, 12, 13, 14, 15, 16, 17, 18, 19, 20, 21]",18,svm_statistics
13,d13,736,800,test,[12],"[12, 8, 13, 7, 18, 6, 5, 1, 2, 17, 10, 16, 20, 15, 11, 9, 0, 19, 4, 14, 21, 3]",0,0,22,0.0,0.0,"[0, 1, 2, 3, 4, 5, 6, 7, 8, 9, 10, 11, 12, 13, 14, 15, 16, 17, 18, 19, 20, 21]",12,svm_statistics
13,d13,800,864,test,[13],"[13, 8, 18, 12, 7, 6, 1, 5, 2, 17, 10, 16, 20, 11, 9, 0, 15, 19, 14, 4, 21, 3]",0,0,22,0.0,0.0,"[0, 1, 2, 3, 4, 5, 6, 7, 8, 9, 10, 11, 12, 13, 14, 15, 16, 17, 18, 19, 20, 21]",13,svm_statistics
13,d13,864,928,test,[13],"[13, 8, 18, 7, 6, 12, 5, 1, 2, 17, 10, 16, 20, 11, 9, 19, 0, 15, 4, 14, 21, 3]",0,0,22,0.0,0.0,"[0, 1, 2, 3, 4, 5, 6, 7, 8, 9, 10, 11, 12, 13, 14, 15, 16, 17, 18, 19, 20, 21]",13,svm_statistics
14,d14,160,224,test,[14],"[14, 11, 9, 10, 0, 15, 4, 3, 17, 20, 21, 18, 5, 16, 19, 7, 8, 13, 1, 6, 12, 2]",0,0,22,0.0,0.0,"[0, 1, 2, 3, 4, 5, 6, 7, 8, 9, 10, 11, 12, 13, 14, 15, 16, 17, 18, 19, 20, 21]",14,svm_statistics
14,d14,224,288,test,[14],"[14, 11, 15, 9, 10, 0, 21, 4, 18, 17, 16, 5, 19, 20, 3, 7, 8, 13, 12, 1, 2, 6]",0,0,22,0.0,0.0,"[0, 1, 2, 3, 4, 5, 6, 7, 8, 9, 10, 11, 12, 13, 14, 15, 16, 17, 18, 19, 20, 21]",14,svm_statistics
14,d14,288,352,test,[14],"[14, 11, 9, 16, 0, 3, 17, 21, 4, 10, 15, 5, 18, 20, 19, 7, 8, 13, 1, 12, 2, 6]",0,0,22,0.0,0.0,"[0, 1, 2, 3, 4, 5, 6, 7, 8, 9, 10, 11, 12, 13, 14, 15, 16, 17, 18, 19, 20, 21]",14,svm_statistics
14,d14,352,416,test,[14],"[14, 11, 15, 10, 9, 0, 18, 5, 17, 4, 16, 21, 3, 20, 19, 7, 13, 8, 1, 12, 6, 2]",0,0,22,0.0,0.0,"[0, 1, 2, 3, 4, 5, 6, 7, 8, 9, 10, 11, 12, 13, 14, 15, 16, 17, 18, 19, 20, 21]",14,svm_statistics
14,d14,416,480,test,[14],"[14, 11, 9, 0, 10, 16, 3, 18, 17, 15, 4, 5, 20, 21, 19, 7, 13, 1, 8, 12, 6, 2]",0,0,22,0.0,0.0,"[0, 1, 2, 3, 4, 5, 6, 7, 8, 9, 10, 11, 12, 13, 14, 15, 16, 17, 18, 19, 20, 21]",14,svm_statistics
14,d14,480,544,test,[14],"[14, 11, 5, 16, 0, 15, 9, 10, 3, 17, 4, 18, 20, 21, 19, 7, 8, 13, 1, 12, 2, 6]",0,0,22,0.0,0.0,"[0, 1, 2, 3, 4, 5, 6, 7, 8, 9, 10, 11, 12, 13, 14, 15, 16, 17, 18, 19, 20, 21]",14,svm_statistics
14,d14,544,608,test,[14],"[14, 11, 0, 15, 9, 16, 3, 4, 18, 5, 17, 10, 20, 21, 19, 7, 13, 1, 8, 6, 2, 12]",0,0,22,0.0,0.0,"[0, 1, 2, 3, 4, 5, 6, 7, 8, 9, 10, 11, 12, 13, 14, 15, 16, 17, 18, 19, 20, 21]",14,svm_statistics
14,d14,608,672,test,[14],"[14, 11, 0, 18, 15, 9, 10, 16, 3, 4, 5, 19, 21, 20, 17, 7, 1, 8, 13, 12, 2, 6]",0,0,22,0.0,0.0,"[0, 1, 2, 3, 4, 5, 6, 7, 8, 9, 10, 11, 12, 13, 14, 15, 16, 17, 18, 19, 20, 21]",14,svm_statistics
14,d14,672,736,test,[14],"[14, 11, 9, 4, 15, 16, 18, 17, 0, 5, 3, 10, 21, 20, 19, 7, 8, 13, 1, 6, 12, 2]",0,0,22,0.0,0.0,"[0, 1, 2, 3, 4, 5, 6, 7, 8, 9, 10, 11, 12, 13, 14, 15, 16, 17, 18, 19, 20, 21]",14,svm_statistics
14,d14,736,800,test,[14],"[14, 11, 0, 9, 15, 16, 3, 17, 21, 18, 4, 10, 5, 20, 19, 7, 13, 1, 8, 6, 2, 12]",0,0,22,0.0,0.0,"[0, 1, 2, 3, 4, 5, 6, 7, 8, 9, 10, 11, 12, 13, 14, 15, 16, 17, 18, 19, 20, 21]",14,svm_statistics
14,d14,800,864,test,[14],"[14, 11, 3, 9, 10, 15, 0, 18, 17, 4, 20, 16, 5, 21, 19, 7, 13, 1, 8, 12, 2, 6]",0,0,22,0.0,0.0,"[0, 1, 2, 3, 4, 5, 6, 7, 8, 9, 10, 11, 12, 13, 14, 15, 16, 17, 18, 19, 20, 21]",14,svm_statistics
14,d14,864,928,test,[14],"[14, 5, 11, 10, 18, 4, 15, 16, 3, 0, 9, 17, 20, 7, 21, 19, 1, 8, 13, 12, 2, 6]",0,0,22,0.0,0.0,"[0, 1, 2, 3, 4, 5, 6, 7, 8, 9, 10, 11, 12, 13, 14, 15, 16, 17, 18, 19, 20, 21]",14,svm_statistics
15,d15,160,224,test,[],"[0, 15, 9, 4, 10, 3, 16, 21, 11, 20, 18, 5, 19, 17, 7, 14, 1, 13, 8, 2, 12, 6]",0,0,22,0.0,0.0,"[0, 1, 2, 3, 4, 5, 6, 7, 8, 9, 10, 11, 12, 13, 14, 15, 16, 17, 18, 19, 20, 21]",0,svm_statistics
15,d15,224,288,test,[3],"[3, 9, 20, 0, 4, 10, 15, 16, 18, 11, 21, 5, 17, 19, 7, 14, 1, 8, 2, 13, 12, 6]",0,0,22,0.0,0.0,"[0, 1, 2, 3, 4, 5, 6, 7, 8, 9, 10, 11, 12, 13, 14, 15, 16, 17, 18, 19, 20, 21]",3,svm_statistics
15,d15,288,352,test,[9],"[9, 21, 3, 0, 10, 20, 15, 4, 11, 18, 16, 5, 19, 17, 7, 14, 1, 8, 13, 2, 12, 6]",0,0,22,0.0,0.0,"[0, 1, 2, 3, 4, 5, 6, 7, 8, 9, 10, 11, 12, 13, 14, 15, 16, 17, 18, 19, 20, 21]",9,svm_statistics
15,d15,352,416,test,[9],"[9, 0, 21, 16, 3, 4, 11, 20, 10, 18, 15, 5, 17, 19, 14, 7, 1, 13, 8, 2, 12, 6]",0,0,22,0.0,0.0,"[0, 1, 2, 3, 4, 5, 6, 7, 8, 9, 10, 11, 12, 13, 14, 15, 16, 17, 18, 19, 20, 21]",9,svm_statistics
15,d15,416,480,test,[15],"[15, 3, 0, 9, 4, 10, 5, 16, 21, 20, 11, 18, 19, 17, 7, 14, 1, 8, 13, 2, 12, 6]",0,0,22,0.0,0.0,"[0, 1, 2, 3, 4, 5, 6, 7, 8, 9, 10, 11, 12, 13, 14, 15, 16, 17, 18, 19, 20, 21]",15,svm_statistics
15,d15,480,544,test,[10],"[10, 9, 15, 4, 11, 3, 0, 16, 20, 21, 18, 5, 19, 17, 7, 14, 1, 8, 13, 2, 12, 6]",0,0,22,0.0,0.0,"[0, 1, 2, 3, 4, 5, 6, 7, 8, 9, 10, 11, 12, 13, 14, 15, 16, 17, 18, 19, 20, 21]",10,svm_statistics
15,d15,544,608,test,[18],"[18, 11, 0, 10, 15, 4, 9, 3, 16, 20, 21, 5, 17, 19, 7, 14, 1, 8, 13, 2, 12, 6]",0,0,22,0.0,0.0,"[0, 1, 2, 3, 4, 5, 6, 7, 8, 9, 10, 11, 12, 13, 14, 15, 16, 17, 18, 19, 20, 21]",18,svm_statistics
15,d15,608,672,test,[3],"[3, 11, 10, 4, 0, 15, 9, 20, 16, 21, 18, 5, 19, 17, 7, 14, 1, 8, 2, 13, 12, 6]",0,0,22,0.0,0.0,"[0, 1, 2, 3, 4, 5, 6, 7, 8, 9, 10, 11, 12, 13, 14, 15, 16, 17, 18, 19, 20, 21]",3,svm_statistics
15,d15,672,736,test,[3],"[3, 10, 0, 9, 11, 15, 16, 20, 4, 21, 5, 18, 19, 17, 7, 14, 1, 13, 12, 8, 2, 6]",0,0,22,0.0,0.0,"[0, 1, 2, 3, 4, 5, 6, 7, 8, 9, 10, 11, 12, 13, 14, 15, 16, 17, 18, 19, 20, 21]",3,svm_statistics
15,d15,736,800,test,[3],"[3, 0, 11, 10, 4, 9, 20, 5, 18, 16, 15, 21, 19, 7, 17, 1, 14, 8, 13, 12, 2, 6]",0,0,22,0.0,0.0,"[0, 1, 2, 3, 4, 5, 6, 7, 8, 9, 10, 11, 12, 13, 14, 15, 16, 17, 18, 19, 20, 21]",3,svm_statistics
15,d15,800,864,test,[10],"[10, 15, 0, 3, 11, 4, 9, 16, 5, 20, 7, 18, 21, 17, 19, 1, 14, 12, 8, 13, 2, 6]",0,0,22,0.0,0.0,"[0, 1, 2, 3, 4, 5, 6, 7, 8, 9, 10, 11, 12, 13, 14, 15, 16, 17, 18, 19, 20, 21]",10,svm_statistics
15,d15,864,928,test,[3],"[3, 9, 0, 20, 10, 4, 16, 11, 21, 15, 18, 5, 17, 19, 7, 14, 1, 13, 8, 12, 2, 6]",0,0,22,0.0,0.0,"[0, 1, 2, 3, 4, 5, 6, 7, 8, 9, 10, 11, 12, 13, 14, 15, 16, 17, 18, 19, 20, 21]",3,svm_statistics
16,d16,160,224,test,[15],"[15, 3, 10, 9, 11, 21, 16, 0, 4, 20, 18, 5, 19, 17, 7, 14, 1, 13, 8, 12, 2, 6]",0,0,22,0.0,0.0,"[0, 1, 2, 3, 4, 5, 6, 7, 8, 9, 10, 11, 12, 13, 14, 15, 16, 17, 18, 19, 20, 21]",15,svm_statistics
16,d16,224,288,test,[15],"[15, 9, 0, 4, 3, 10, 5, 16, 21, 11, 20, 19, 18, 17, 7, 14, 1, 8, 12, 13, 2, 6]",0,0,22,0.0,0.0,"[0, 1, 2, 3, 4, 5, 6, 7, 8, 9, 10, 11, 12, 13, 14, 15, 16, 17, 18, 19, 20, 21]",15,svm_statistics
16,d16,288,352,test,[3],"[3, 0, 10, 11, 9, 20, 4, 15, 5, 16, 18, 21, 19, 17, 7, 14, 1, 8, 13, 2, 12, 6]",0,0,22,0.0,0.0,"[0, 1, 2, 3, 4, 5, 6, 7, 8, 9, 10, 11, 12, 13, 14, 15, 16, 17, 18, 19, 20, 21]",3,svm_statistics
16,d16,352,416,test,[10],"[10, 16, 5, 15, 3, 4, 9, 0, 20, 11, 18, 21, 7, 17, 19, 1, 14, 8, 13, 12, 2, 6]",0,0,22,0.0,0.0,"[0, 1, 2, 3, 4, 5, 6, 7, 8, 9, 10, 11, 12, 13, 14, 15, 16, 17, 18, 19, 20, 21]",10,svm_statistics
16,d16,416,480,test,[10],"[10, 15, 3, 9, 4, 16, 0, 20, 5, 11, 21, 18, 17, 19, 7, 1, 14, 8, 13, 12, 2, 6]",0,0,22,0.0,0.0,"[0, 1, 2, 3, 4, 5, 6, 7, 8, 9, 10, 11, 12, 13, 14, 15, 16, 17, 18, 19, 20, 21]",10,svm_statistics
16,d16,480,544,test,[10],"[10, 16, 4, 15, 3, 9, 11, 0, 5, 20, 21, 18, 19, 7, 17, 1, 14, 8, 13, 12, 2, 6]",0,0,22,0.0,0.0,"[0, 1, 2, 3, 4, 5, 6, 7, 8, 9, 10, 11, 12, 13, 14, 15, 16, 17, 18, 19, 20, 21]",10,svm_statistics
16,d16,544,608,test,[3],"[3, 10, 16, 15, 11, 0, 9, 20, 4, 5, 18, 7, 21, 19, 17, 1, 14, 8, 13, 12, 2, 6]",0,0,22,0.0,0.0,"[0, 1, 2, 3, 4, 5, 6, 7, 8, 9, 10, 11, 12, 13, 14, 15, 16, 17, 18, 19, 20, 21]",3,svm_statistics
16,d16,608,672,test,[9],"[9, 3, 16, 0, 10, 11, 20, 4, 5, 15, 18, 21, 19, 17, 7, 14, 1, 8, 13, 12, 2, 6]",0,0,22,0.0,0.0,"[0, 1, 2, 3, 4, 5, 6, 7, 8, 9, 10, 11, 12, 13, 14, 15, 16, 17, 18, 19, 20, 21]",9,svm_statistics
16,d16,672,736,test,[10],"[10, 3, 15, 16, 0, 4, 11, 9, 20, 21, 5, 18, 19, 17, 7, 14, 1, 8, 13, 12, 2, 6]",0,0,22,0.0,0.0,"[0, 1, 2, 3, 4, 5, 6, 7, 8, 9, 10, 11, 12, 13, 14, 15, 16, 17, 18, 19, 20, 21]",10,svm_statistics
16,d16,736,800,test,[10],"[10, 4, 16, 3, 11, 9, 15, 7, 5, 20, 0, 18, 21, 17, 1, 19, 12, 8, 13, 14, 2, 6]",0,0,22,0.0,0.0,"[0, 1, 2, 3, 4, 5, 6, 7, 8, 9, 10, 11, 12, 13, 14, 15, 16, 17, 18, 19, 20, 21]",10,svm_statistics
16,d16,800,864,test,[5],"[5, 16, 10, 11, 3, 7, 4, 9, 20, 0, 15, 18, 17, 21, 1, 19, 8, 12, 13, 14, 2, 6]",0,0,22,0.0,0.0,"[0, 1, 2, 3, 4, 5, 6, 7, 8, 9, 10, 11, 12, 13, 14, 15, 16, 17, 18, 19, 20, 21]",5,svm_statistics
16,d16,864,928,test,[16],"[16, 10, 9, 3, 15, 4, 11, 5, 7, 20, 0, 18, 17, 1, 21, 19, 8, 13, 12, 14, 2, 6]",0,0,22,0.0,0.0,"[0, 1, 2, 3, 4, 5, 6, 7, 8, 9, 10, 11, 12, 13, 14, 15, 16, 17, 18, 19, 20, 21]",16,svm_statistics
17,d17,160,224,test,[17],"[17, 11, 9, 0, 10, 4, 15, 16, 3, 21, 20, 18, 5, 19, 14, 7, 1, 8, 12, 13, 2, 6]",0,0,22,0.0,0.0,"[0, 1, 2, 3, 4, 5, 6, 7, 8, 9, 10, 11, 12, 13, 14, 15, 16, 17, 18, 19, 20, 21]",17,svm_statistics
17,d17,224,288,test,[17],"[17, 11, 18, 16, 10, 4, 3, 15, 5, 20, 0, 9, 14, 21, 7, 19, 8, 13, 1, 12, 2, 6]",0,0,22,0.0,0.0,"[0, 1, 2, 3, 4, 5, 6, 7, 8, 9, 10, 11, 12, 13, 14, 15, 16, 17, 18, 19, 20, 21]",17,svm_statistics
17,d17,288,352,test,[17],"[17, 3, 9, 4, 11, 5, 16, 15, 0, 20, 10, 18, 21, 19, 7, 14, 1, 8, 13, 12, 2, 6]",0,0,22,0.0,0.0,"[0, 1, 2, 3, 4, 5, 6, 7, 8, 9, 10, 11, 12, 13, 14, 15, 16, 17, 18, 19, 20, 21]",17,svm_statistics
17,d17,352,416,test,[17],"[17, 11, 10, 4, 9, 3, 18, 16, 15, 20, 0, 5, 21, 14, 7, 1, 19, 8, 13, 12, 6, 2]",0,0,22,0.0,0.0,"[0, 1, 2, 3, 4, 5, 6, 7, 8, 9, 10, 11, 12, 13, 14, 15, 16, 17, 18, 19, 20, 21]",17,svm_statistics
17,d17,416,480,test,[17],"[17, 11, 10, 0, 3, 16, 5, 20, 15, 4, 9, 7, 21, 18, 14, 1, 19, 8, 13, 12, 2, 6]",0,0,22,0.0,0.0,"[0, 1, 2, 3, 4, 5, 6, 7, 8, 9, 10, 11, 12, 13, 14, 15, 16, 17, 18, 19, 20, 21]",17,svm_statistics
17,d17,480,544,test,[17],"[17, 11, 10, 5, 4, 0, 16, 7, 3, 9, 20, 15, 18, 21, 14, 1, 19, 8, 13, 12, 2, 6]",0,0,22,0.0,0.0,"[0, 1, 2, 3, 4, 5, 6, 7, 8, 9, 10, 11, 12, 13, 14, 15, 16, 17, 18, 19, 20, 21]",17,svm_statistics
17,d17,544,608,test,[17],"[17, 10, 11, 16, 4, 9, 5, 20, 0, 15, 3, 18, 7, 14, 21, 19, 1, 8, 13, 12, 2, 6]",0,0,22,0.0,0.0,"[0, 1, 2, 3, 4, 5, 6, 7, 8, 9, 10, 11, 12, 13, 14, 15, 16, 17, 18, 19, 20, 21]",17,svm_statistics
17,d17,608,672,test,[17],"[17, 11, 10, 18, 4, 0, 9, 5, 16, 20, 3, 15, 14, 7, 21, 19, 8, 1, 13, 12, 2, 6]",0,0,22,0.0,0.0,"[0, 1, 2, 3, 4, 5, 6, 7, 8, 9, 10, 11, 12, 13, 14, 15, 16, 17, 18, 19, 20, 21]",17,svm_statistics
17,d17,672,736,test,[17],"[17, 11, 0, 4, 15, 3, 9, 18, 5, 10, 16, 20, 21, 14, 7, 19, 1, 8, 13, 12, 6, 2]",0,0,22,0.0,0.0,"[0, 1, 2, 3, 4, 5, 6, 7, 8, 9, 10, 11, 12, 13, 14, 15, 16, 17, 18, 19, 20, 21]",17,svm_statistics
17,d17,736,800,test,[17],"[17, 11, 10, 9, 0, 3, 16, 4, 15, 18, 20, 5, 21, 19, 7, 14, 1, 8, 13, 12, 2, 6]",0,0,22,0.0,0.0,"[0, 1, 2, 3, 4, 5, 6, 7, 8, 9, 10, 11, 12, 13, 14, 15, 16, 17, 18, 19, 20, 21]",17,svm_statistics
17,d17,800,864,test,[17],"[17, 11, 10, 4, 15, 3, 16, 9, 20, 0, 5, 18, 21, 7, 14, 19, 1, 8, 13, 12, 2, 6]",0,0,22,0.0,0.0,"[0, 1, 2, 3, 4, 5, 6, 7, 8, 9, 10, 11, 12, 13, 14, 15, 16, 17, 18, 19, 20, 21]",17,svm_statistics
17,d17,864,928,test,[17],"[17, 11, 10, 4, 15, 0, 3, 9, 5, 20, 18, 16, 21, 14, 19, 7, 1, 8, 13, 12, 6, 2]",0,0,22,0.0,0.0,"[0, 1, 2, 3, 4, 5, 6, 7, 8, 9, 10, 11, 12, 13, 14, 15, 16, 17, 18, 19, 20, 21]",17,svm_statistics
18,d18,160,224,test,[16],"[16, 10, 0, 3, 5, 9, 4, 15, 11, 20, 21, 18, 17, 7, 19, 14, 1, 8, 13, 12, 2, 6]",0,0,22,0.0,0.0,"[0, 1, 2, 3, 4, 5, 6, 7, 8, 9, 10, 11, 12, 13, 14, 15, 16, 17, 18, 19, 20, 21]",16,svm_statistics
18,d18,224,288,test,[18],"[18, 12, 8, 13, 1, 5, 7, 20, 6, 10, 17, 11, 16, 0, 9, 4, 15, 3, 19, 2, 21, 14]",0,0,22,0.0,0.0,"[0, 1, 2, 3, 4, 5, 6, 7, 8, 9, 10, 11, 12, 13, 14, 15, 16, 17, 18, 19, 20, 21]",18,svm_statistics
18,d18,288,352,test,[18],"[18, 8, 12, 13, 7, 6, 5, 1, 2, 17, 10, 16, 20, 11, 0, 9, 19, 15, 14, 4, 21, 3]",0,0,22,0.0,0.0,"[0, 1, 2, 3, 4, 5, 6, 7, 8, 9, 10, 11, 12, 13, 14, 15, 16, 17, 18, 19, 20, 21]",18,svm_statistics
18,d18,352,416,test,[18],"[18, 6, 8, 13, 7, 12, 5, 1, 2, 17, 10, 16, 20, 14, 0, 9, 19, 15, 11, 4, 21, 3]",0,0,22,0.0,0.0,"[0, 1, 2, 3, 4, 5, 6, 7, 8, 9, 10, 11, 12, 13, 14, 15, 16, 17, 18, 19, 20, 21]",18,svm_statistics
18,d18,416,480,test,[18],"[18, 6, 8, 13, 7, 12, 5, 1, 2, 17, 10, 16, 20, 14, 0, 9, 19, 15, 11, 4, 21, 3]",0,0,22,0.0,0.0,"[0, 1, 2, 3, 4, 5, 6, 7, 8, 9, 10, 11, 12, 13, 14, 15, 16, 17, 18, 19, 20, 21]",18,svm_statistics
18,d18,480,544,test,[18],"[18, 6, 8, 13, 7, 12, 5, 1, 2, 17, 10, 16, 20, 14, 0, 9, 19, 15, 11, 4, 21, 3]",0,0,22,0.0,0.0,"[0, 1, 2, 3, 4, 5, 6, 7, 8, 9, 10, 11, 12, 13, 14, 15, 16, 17, 18, 19, 20, 21]",18,svm_statistics
18,d18,544,608,test,[18],"[18, 6, 8, 13, 7, 12, 5, 1, 2, 17, 10, 16, 20, 14, 0, 9, 19, 15, 11, 4, 21, 3]",0,0,22,0.0,0.0,"[0, 1, 2, 3, 4, 5, 6, 7, 8, 9, 10, 11, 12, 13, 14, 15, 16, 17, 18, 19, 20, 21]",18,svm_statistics
18,d18,608,672,test,[18],"[18, 6, 8, 13, 7, 12, 5, 1, 2, 17, 10, 16, 20, 14, 0, 9, 19, 15, 11, 4, 21, 3]",0,0,22,0.0,0.0,"[0, 1, 2, 3, 4, 5, 6, 7, 8, 9, 10, 11, 12, 13, 14, 15, 16, 17, 18, 19, 20, 21]",18,svm_statistics
18,d18,672,736,test,[18],"[18, 6, 8, 13, 7, 12, 5, 1, 2, 17, 10, 16, 20, 14, 0, 9, 19, 15, 11, 4, 21, 3]",0,0,22,0.0,0.0,"[0, 1, 2, 3, 4, 5, 6, 7, 8, 9, 10, 11, 12, 13, 14, 15, 16, 17, 18, 19, 20, 21]",18,svm_statistics
18,d18,736,800,test,[18],"[18, 6, 8, 13, 7, 12, 5, 1, 2, 17, 10, 16, 20, 14, 0, 9, 19, 15, 11, 4, 21, 3]",0,0,22,0.0,0.0,"[0, 1, 2, 3, 4, 5, 6, 7, 8, 9, 10, 11, 12, 13, 14, 15, 16, 17, 18, 19, 20, 21]",18,svm_statistics
18,d18,800,864,test,[18],"[18, 6, 8, 13, 7, 12, 5, 1, 2, 17, 10, 16, 20, 14, 0, 9, 19, 15, 11, 4, 21, 3]",0,0,22,0.0,0.0,"[0, 1, 2, 3, 4, 5, 6, 7, 8, 9, 10, 11, 12, 13, 14, 15, 16, 17, 18, 19, 20, 21]",18,svm_statistics
18,d18,864,928,test,[18],"[18, 6, 8, 13, 7, 12, 5, 1, 2, 17, 10, 16, 20, 14, 0, 9, 19, 15, 11, 4, 21, 3]",0,0,22,0.0,0.0,"[0, 1, 2, 3, 4, 5, 6, 7, 8, 9, 10, 11, 12, 13, 14, 15, 16, 17, 18, 19, 20, 21]",18,svm_statistics
19,d19,160,224,test,[19],"[19, 9, 3, 16, 20, 0, 4, 10, 11, 15, 21, 18, 5, 17, 7, 14, 1, 8, 13, 12, 2, 6]",0,0,22,0.0,0.0,"[0, 1, 2, 3, 4, 5, 6, 7, 8, 9, 10, 11, 12, 13, 14, 15, 16, 17, 18, 19, 20, 21]",19,svm_statistics
19,d19,224,288,test,[19],"[19, 4, 0, 10, 5, 15, 20, 3, 9, 16, 18, 11, 21, 17, 7, 14, 1, 8, 13, 12, 2, 6]",0,0,22,0.0,0.0,"[0, 1, 2, 3, 4, 5, 6, 7, 8, 9, 10, 11, 12, 13, 14, 15, 16, 17, 18, 19, 20, 21]",19,svm_statistics
19,d19,288,352,test,[19],"[19, 0, 9, 10, 3, 4, 21, 16, 20, 15, 11, 18, 5, 17, 7, 14, 13, 1, 8, 12, 2, 6]",0,0,22,0.0,0.0,"[0, 1, 2, 3, 4, 5, 6, 7, 8, 9, 10, 11, 12, 13, 14, 15, 16, 17, 18, 19, 20, 21]",19,svm_statistics
19,d19,352,416,test,[19],"[19, 0, 9, 4, 15, 20, 10, 3, 21, 11, 5, 18, 16, 17, 7, 14, 1, 13, 8, 12, 2, 6]",0,0,22,0.0,0.0,"[0, 1, 2, 3, 4, 5, 6, 7, 8, 9, 10, 11, 12, 13, 14, 15, 16, 17, 18, 19, 20, 21]",19,svm_statistics
19,d19,416,480,test,[19],"[19, 0, 16, 21, 20, 3, 9, 15, 10, 4, 18, 5, 11, 17, 7, 14, 13, 1, 8, 2, 12, 6]",0,0,22,0.0,0.0,"[0, 1, 2, 3, 4, 5, 6, 7, 8, 9, 10, 11, 12, 13, 14, 15, 16, 17, 18, 19, 20, 21]",19,svm_statistics
19,d19,480,544,test,[19],"[19, 21, 9, 0, 20, 15, 11, 4, 18, 10, 3, 16, 5, 17, 7, 14, 13, 1, 8, 12, 2, 6]",0,0,22,0.0,0.0,"[0, 1, 2, 3, 4, 5, 6, 7, 8, 9, 10, 11, 12, 13, 14, 15, 16, 17, 18, 19, 20, 21]",19,svm_statistics
19,d19,544,608,test,[19],"[19, 9, 10, 4, 16, 15, 0, 20, 18, 11, 3, 5, 21, 7, 17, 14, 8, 13, 1, 12, 2, 6]",0,0,22,0.0,0.0,"[0, 1, 2, 3, 4, 5, 6, 7, 8, 9, 10, 11, 12, 13, 14, 15, 16, 17, 18, 19, 20, 21]",19,svm_statistics
19,d19,608,672,test,[19],"[19, 10, 11, 9, 16, 0, 4, 18, 20, 3, 5, 21, 15, 17, 7, 14, 1, 8, 13, 12, 2, 6]",0,0,22,0.0,0.0,"[0, 1, 2, 3, 4, 5, 6, 7, 8, 9, 10, 11, 12, 13, 14, 15, 16, 17, 18, 19, 20, 21]",19,svm_statistics
19,d19,672,736,test,[19],"[19, 16, 9, 0, 10, 20, 4, 21, 3, 11, 15, 5, 18, 17, 7, 14, 13, 1, 8, 12, 2, 6]",0,0,22,0.0,0.0,"[0, 1, 2, 3, 4, 5, 6, 7, 8, 9, 10, 11, 12, 13, 14, 15, 16, 17, 18, 19, 20, 21]",19,svm_statistics
19,d19,736,800,test,[19],"[19, 4, 10, 11, 16, 20, 9, 0, 18, 3, 21, 15, 5, 7, 17, 14, 1, 8, 13, 12, 2, 6]",0,0,22,0.0,0.0,"[0, 1, 2, 3, 4, 5, 6, 7, 8, 9, 10, 11, 12, 13, 14, 15, 16, 17, 18, 19, 20, 21]",19,svm_statistics
19,d19,800,864,test,[19],"[19, 4, 9, 16, 11, 18, 20, 10, 0, 21, 3, 15, 5, 17, 7, 14, 13, 8, 1, 12, 2, 6]",0,0,22,0.0,0.0,"[0, 1, 2, 3, 4, 5, 6, 7, 8, 9, 10, 11, 12, 13, 14, 15, 16, 17, 18, 19, 20, 21]",19,svm_statistics
19,d19,864,928,test,[19],"[19, 0, 10, 9, 18, 5, 16, 4, 15, 3, 11, 21, 20, 17, 7, 14, 8, 13, 1, 12, 2, 6]",0,0,22,0.0,0.0,"[0, 1, 2, 3, 4, 5, 6, 7, 8, 9, 10, 11, 12, 13, 14, 15, 16, 17, 18, 19, 20, 21]",19,svm_statistics
20,d20,160,224,test,[15],"[15, 0, 9, 4, 3, 10, 16, 21, 11, 18, 5, 20, 19, 17, 7, 14, 1, 8, 13, 2, 12, 6]",0,0,22,0.0,0.0,"[0, 1, 2, 3, 4, 5, 6, 7, 8, 9, 10, 11, 12, 13, 14, 15, 16, 17, 18, 19, 20, 21]",15,svm_statistics
20,d20,224,288,test,[20],"[20, 4, 10, 3, 16, 18, 9, 15, 0, 5, 11, 19, 17, 21, 7, 1, 14, 8, 12, 13, 2, 6]",0,0,22,0.0,0.0,"[0, 1, 2, 3, 4, 5, 6, 7, 8, 9, 10, 11, 12, 13, 14, 15, 16, 17, 18, 19, 20, 21]",20,svm_statistics
20,d20,288,352,test,[10],"[10, 20, 11, 4, 15, 5, 9, 3, 18, 19, 16, 7, 0, 21, 17, 8, 1, 13, 12, 14, 2, 6]",0,0,22,0.0,0.0,"[0, 1, 2, 3, 4, 5, 6, 7, 8, 9, 10, 11, 12, 13, 14, 15, 16, 17, 18, 19, 20, 21]",10,svm_statistics
20,d20,352,416,test,[20],"[20, 10, 16, 4, 3, 11, 9, 5, 18, 0, 15, 21, 19, 17, 7, 1, 14, 12, 13, 8, 2, 6]",0,0,22,0.0,0.0,"[0, 1, 2, 3, 4, 5, 6, 7, 8, 9, 10, 11, 12, 13, 14, 15, 16, 17, 18, 19, 20, 21]",20,svm_statistics
20,d20,416,480,test,[4],"[4, 20, 10, 15, 0, 3, 18, 11, 9, 16, 5, 21, 19, 17, 7, 1, 14, 8, 12, 13, 2, 6]",0,0,22,0.0,0.0,"[0, 1, 2, 3, 4, 5, 6, 7, 8, 9, 10, 11, 12, 13, 14, 15, 16, 17, 18, 19, 20, 21]",4,svm_statistics
20,d20,480,544,test,[20],"[20, 3, 9, 16, 10, 0, 5, 15, 11, 4, 18, 7, 17, 21, 19, 1, 14, 8, 12, 13, 2, 6]",0,0,22,0.0,0.0,"[0, 1, 2, 3, 4, 5, 6, 7, 8, 9, 10, 11, 12, 13, 14, 15, 16, 17, 18, 19, 20, 21]",20,svm_statistics
20,d20,544,608,test,[10],"[10, 20, 4, 15, 5, 16, 3, 11, 9, 18, 0, 21, 17, 7, 19, 1, 14, 8, 12, 13, 2, 6]",0,0,22,0.0,0.0,"[0, 1, 2, 3, 4, 5, 6, 7, 8, 9, 10, 11, 12, 13, 14, 15, 16, 17, 18, 19, 20, 21]",10,svm_statistics
20,d20,608,672,test,[20],"[20, 10, 0, 4, 9, 15, 3, 11, 16, 5, 21, 18, 19, 17, 7, 14, 1, 12, 8, 13, 2, 6]",0,0,22,0.0,0.0,"[0, 1, 2, 3, 4, 5, 6, 7, 8, 9, 10, 11, 12, 13, 14, 15, 16, 17, 18, 19, 20, 21]",20,svm_statistics
20,d20,672,736,test,[20],"[20, 3, 10, 0, 9, 15, 4, 5, 16, 11, 18, 21, 19, 17, 7, 14, 1, 12, 8, 13, 2, 6]",0,0,22,0.0,0.0,"[0, 1, 2, 3, 4, 5, 6, 7, 8, 9, 10, 11, 12, 13, 14, 15, 16, 17, 18, 19, 20, 21]",20,svm_statistics
20,d20,736,800,test,[20],"[20, 16, 3, 15, 9, 10, 0, 4, 11, 5, 18, 21, 19, 17, 7, 14, 1, 8, 13, 12, 2, 6]",0,0,22,0.0,0.0,"[0, 1, 2, 3, 4, 5, 6, 7, 8, 9, 10, 11, 12, 13, 14, 15, 16, 17, 18, 19, 20, 21]",20,svm_statistics
20,d20,800,864,test,[20],"[20, 10, 3, 18, 15, 4, 9, 11, 16, 5, 0, 21, 17, 19, 7, 1, 14, 8, 13, 12, 2, 6]",0,0,22,0.0,0.0,"[0, 1, 2, 3, 4, 5, 6, 7, 8, 9, 10, 11, 12, 13, 14, 15, 16, 17, 18, 19, 20, 21]",20,svm_statistics
20,d20,864,928,test,[20],"[20, 15, 4, 10, 3, 9, 0, 5, 16, 11, 18, 21, 17, 7, 19, 1, 14, 12, 8, 13, 2, 6]",0,0,22,0.0,0.0,"[0, 1, 2, 3, 4, 5, 6, 7, 8, 9, 10, 11, 12, 13, 14, 15, 16, 17, 18, 19, 20, 21]",20,svm_statistics
21,d21,160,224,test,[21],"[21, 3, 9, 0, 15, 20, 16, 4, 10, 11, 18, 19, 5, 17, 7, 14, 1, 13, 8, 12, 2, 6]",0,0,22,0.0,0.0,"[0, 1, 2, 3, 4, 5, 6, 7, 8, 9, 10, 11, 12, 13, 14, 15, 16, 17, 18, 19, 20, 21]",21,svm_statistics
21,d21,224,288,test,[21],"[21, 0, 3, 4, 15, 16, 9, 18, 10, 11, 20, 5, 19, 17, 7, 14, 1, 8, 13, 2, 12, 6]",0,0,22,0.0,0.0,"[0, 1, 2, 3, 4, 5, 6, 7, 8, 9, 10, 11, 12, 13, 14, 15, 16, 17, 18, 19, 20, 21]",21,svm_statistics
21,d21,288,352,test,[21],"[21, 4, 9, 3, 15, 18, 16, 0, 10, 11, 20, 5, 19, 17, 7, 14, 1, 8, 13, 2, 12, 6]",0,0,22,0.0,0.0,"[0, 1, 2, 3, 4, 5, 6, 7, 8, 9, 10, 11, 12, 13, 14, 15, 16, 17, 18, 19, 20, 21]",21,svm_statistics
21,d21,352,416,test,[21],"[21, 9, 16, 0, 3, 4, 15, 10, 11, 20, 18, 5, 19, 17, 14, 7, 1, 8, 13, 2, 12, 6]",0,0,22,0.0,0.0,"[0, 1, 2, 3, 4, 5, 6, 7, 8, 9, 10, 11, 12, 13, 14, 15, 16, 17, 18, 19, 20, 21]",21,svm_statistics
21,d21,416,480,test,[21],"[21, 11, 4, 15, 0, 10, 9, 16, 3, 18, 20, 5, 19, 17, 7, 14, 1, 8, 13, 2, 12, 6]",0,0,22,0.0,0.0,"[0, 1, 2, 3, 4, 5, 6, 7, 8, 9, 10, 11, 12, 13, 14, 15, 16, 17, 18, 19, 20, 21]",21,svm_statistics
21,d21,480,544,test,[21],"[21, 0, 9, 4, 3, 20, 18, 16, 10, 15, 11, 5, 19, 17, 7, 14, 1, 2, 8, 13, 12, 6]",0,0,22,0.0,0.0,"[0, 1, 2, 3, 4, 5, 6, 7, 8, 9, 10, 11, 12, 13, 14, 15, 16, 17, 18, 19, 20, 21]",21,svm_statistics
21,d21,544,608,test,[21],"[21, 0, 9, 15, 4, 10, 11, 18, 16, 3, 20, 5, 19, 17, 7, 14, 1, 8, 13, 2, 12, 6]",0,0,22,0.0,0.0,"[0, 1, 2, 3, 4, 5, 6, 7, 8, 9, 10, 11, 12, 13, 14, 15, 16, 17, 18, 19, 20, 21]",21,svm_statistics
21,d21,608,672,test,[21],"[21, 0, 3, 9, 15, 4, 16, 10, 11, 20, 5, 18, 19, 17, 7, 14, 1, 8, 13, 2, 12, 6]",0,0,22,0.0,0.0,"[0, 1, 2, 3, 4, 5, 6, 7, 8, 9, 10, 11, 12, 13, 14, 15, 16, 17, 18, 19, 20, 21]",21,svm_statistics
21,d21,672,736,test,[21],"[21, 15, 10, 4, 3, 0, 16, 9, 5, 18, 11, 20, 17, 19, 7, 14, 1, 8, 13, 2, 12, 6]",0,0,22,0.0,0.0,"[0, 1, 2, 3, 4, 5, 6, 7, 8, 9, 10, 11, 12, 13, 14, 15, 16, 17, 18, 19, 20, 21]",21,svm_statistics
21,d21,736,800,test,[15],"[15, 4, 21, 18, 9, 10, 3, 16, 0, 20, 5, 11, 17, 19, 7, 14, 2, 1, 8, 12, 13, 6]",0,0,22,0.0,0.0,"[0, 1, 2, 3, 4, 5, 6, 7, 8, 9, 10, 11, 12, 13, 14, 15, 16, 17, 18, 19, 20, 21]",15,svm_statistics
21,d21,800,864,test,[21],"[21, 0, 15, 16, 4, 3, 18, 9, 10, 20, 5, 11, 19, 17, 7, 14, 1, 8, 13, 2, 12, 6]",0,0,22,0.0,0.0,"[0, 1, 2, 3, 4, 5, 6, 7, 8, 9, 10, 11, 12, 13, 14, 15, 16, 17, 18, 19, 20, 21]",21,svm_statistics
21,d21,864,928,test,[15],"[15, 21, 4, 0, 9, 10, 3, 18, 11, 16, 5, 19, 20, 17, 7, 14, 1, 8, 2, 13, 12, 6]",0,0,22,0.0,0.0,"[0, 1, 2, 3, 4, 5, 6, 7, 8, 9, 10, 11, 12, 13, 14, 15, 16, 17, 18, 19, 20, 21]",15,svm_statistics
0,d00,0,64,test,[10],"[10, 15, 0, 21, 3, 9, 4, 16, 11, 20, 19, 5, 18, 14, 17, 7, 12, 8, 1, 13, 2, 6]",0,0,22,0.0,0.0,"[0, 1, 2, 3, 4, 5, 6, 7, 8, 9, 10, 11, 12, 13, 14, 15, 16, 17, 18, 19, 20, 21]",10,svm_window_pca
0,d00,64,128,test,[21],"[21, 0, 4, 16, 15, 9, 3, 10, 11, 20, 19, 5, 18, 14, 17, 12, 8, 7, 1, 13, 2, 6]",0,0,22,0.0,0.0,"[0, 1, 2, 3, 4, 5, 6, 7, 8, 9, 10, 11, 12, 13, 14, 15, 16, 17, 18, 19, 20, 21]",21,svm_window_pca
0,d00,128,192,test,[3],"[3, 16, 9, 0, 21, 15, 4, 10, 19, 20, 11, 5, 18, 14, 17, 12, 7, 8, 1, 13, 2, 6]",0,0,22,0.0,0.0,"[0, 1, 2, 3, 4, 5, 6, 7, 8, 9, 10, 11, 12, 13, 14, 15, 16, 17, 18, 19, 20, 21]",3,svm_window_pca
0,d00,192,256,test,[],"[0, 16, 15, 21, 10, 4, 9, 3, 20, 19, 11, 5, 18, 17, 14, 12, 8, 7, 1, 13, 2, 6]",0,0,22,0.0,0.0,"[0, 1, 2, 3, 4, 5, 6, 7, 8, 9, 10, 11, 12, 13, 14, 15, 16, 17, 18, 19, 20, 21]",0,svm_window_pca
0,d00,256,320,test,[21],"[21, 4, 0, 15, 3, 10, 11, 9, 16, 20, 19, 5, 14, 18, 17, 12, 8, 7, 1, 13, 2, 6]",0,0,22,0.0,0.0,"[0, 1, 2, 3, 4, 5, 6, 7, 8, 9, 10, 11, 12, 13, 14, 15, 16, 17, 18, 19, 20, 21]",21,svm_window_pca
0,d00,320,384,test,[21],"[21, 15, 16, 0, 4, 3, 10, 9, 11, 19, 20, 5, 18, 14, 17, 12, 7, 8, 1, 13, 2, 6]",0,0,22,0.0,0.0,"[0, 1, 2, 3, 4, 5, 6, 7, 8, 9, 10, 11, 12, 13, 14, 15, 16, 17, 18, 19, 20, 21]",21,svm_window_pca
0,d00,384,448,test,[],"[0, 15, 16, 3, 9, 20, 21, 4, 10, 11, 19, 5, 18, 14, 17, 12, 8, 7, 1, 13, 2, 6]",0,0,22,0.0,0.0,"[0, 1, 2, 3, 4, 5, 6, 7, 8, 9, 10, 11, 12, 13, 14, 15, 16, 17, 18, 19, 20, 21]",0,svm_window_pca
0,d00,448,512,test,[10],"[10, 15, 3, 21, 9, 0, 16, 11, 4, 19, 20, 5, 18, 17, 14, 12, 8, 7, 1, 13, 2, 6]",0,0,22,0.0,0.0,"[0, 1, 2, 3, 4, 5, 6, 7, 8, 9, 10, 11, 12, 13, 14, 15, 16, 17, 18, 19, 20, 21]",10,svm_window_pca
0,d00,512,576,test,[],"[0, 10, 9, 15, 21, 4, 3, 11, 16, 20, 19, 5, 18, 14, 17, 12, 8, 7, 1, 13, 2, 6]",0,0,22,0.0,0.0,"[0, 1, 2, 3, 4, 5, 6, 7, 8, 9, 10, 11, 12, 13, 14, 15, 16, 17, 18, 19, 20, 21]",0,svm_window_pca
0,d00,576,640,test,[],"[0, 15, 10, 21, 9, 3, 4, 20, 16, 11, 19, 5, 18, 17, 14, 12, 7, 8, 1, 13, 2, 6]",0,0,22,0.0,0.0,"[0, 1, 2, 3, 4, 5, 6, 7, 8, 9, 10, 11, 12, 13, 14, 15, 16, 17, 18, 19, 20, 21]",0,svm_window_pca
0,d00,640,704,test,[],"[0, 21, 3, 16, 15, 9, 11, 10, 4, 20, 19, 5, 14, 18, 17, 12, 7, 8, 1, 13, 2, 6]",0,0,22,0.0,0.0,"[0, 1, 2, 3, 4, 5, 6, 7, 8, 9, 10, 11, 12, 13, 14, 15, 16, 17, 18, 19, 20, 21]",0,svm_window_pca
0,d00,704,768,test,[],"[0, 15, 21, 4, 16, 9, 10, 3, 11, 20, 19, 5, 18, 14, 17, 12, 8, 7, 1, 13, 2, 6]",0,0,22,0.0,0.0,"[0, 1, 2, 3, 4, 5, 6, 7, 8, 9, 10, 11, 12, 13, 14, 15, 16, 17, 18, 19, 20, 21]",0,svm_window_pca
0,d00,768,832,test,[21],"[21, 9, 3, 15, 11, 0, 4, 16, 10, 20, 5, 19, 18, 17, 14, 12, 7, 8, 1, 13, 2, 6]",0,0,22,0.0,0.0,"[0, 1, 2, 3, 4, 5, 6, 7, 8, 9, 10, 11, 12, 13, 14, 15, 16, 17, 18, 19, 20, 21]",21,svm_window_pca
0,d00,832,896,test,[],"[0, 15, 21, 9, 3, 16, 10, 4, 11, 20, 19, 5, 18, 14, 17, 12, 8, 7, 1, 13, 2, 6]",0,0,22,0.0,0.0,"[0, 1, 2, 3, 4, 5, 6, 7, 8, 9, 10, 11, 12, 13, 14, 15, 16, 17, 18, 19, 20, 21]",0,svm_window_pca
0,d00,896,960,test,[3],"[3, 15, 21, 9, 0, 10, 16, 4, 11, 20, 19, 5, 18, 14, 17, 12, 7, 8, 1, 13, 2, 6]",0,0,22,0.0,0.0,"[0, 1, 2, 3, 4, 5, 6, 7, 8, 9, 10, 11, 12, 13, 14, 15, 16, 17, 18, 19, 20, 21]",3,svm_window_pca
1,d01,160,224,test,[1],"[1, 8, 12, 5, 13, 10, 18, 11, 19, 16, 9, 21, 4, 0, 3, 15, 7, 20, 17, 6, 14, 2]",0,0,22,0.0,0.0,"[0, 1, 2, 3, 4, 5, 6, 7, 8, 9, 10, 11, 12, 13, 14, 15, 16, 17, 18, 19, 20, 21]",1,svm_window_pca
1,d01,224,288,test,[1],"[1, 12, 5, 13, 8, 7, 18, 10, 17, 19, 3, 15, 11, 16, 9, 14, 20, 0, 21, 4, 6, 2]",0,0,22,0.0,0.0,"[0, 1, 2, 3, 4, 5, 6, 7, 8, 9, 10, 11, 12, 13, 14, 15, 16, 17, 18, 19, 20, 21]",1,svm_window_pca
1,d01,288,352,test,[1],"[1, 5, 10, 16, 11, 19, 8, 9, 21, 15, 3, 18, 0, 20, 4, 17, 7, 14, 13, 12, 6, 2]",0,0,22,0.0,0.0,"[0, 1, 2, 3, 4, 5, 6, 7, 8, 9, 10, 11, 12, 13, 14, 15, 16, 17, 18, 19, 20, 21]",1,svm_window_pca
1,d01,352,416,test,[1],"[1, 11, 8, 5, 10, 19, 21, 16, 18, 4, 0, 15, 9, 20, 3, 12, 17, 13, 7, 14, 6, 2]",0,0,22,0.0,0.0,"[0, 1, 2, 3, 4, 5, 6, 7, 8, 9, 10, 11, 12, 13, 14, 15, 16, 17, 18, 19, 20, 21]",1,svm_window_pca
1,d01,416,480,test,[1],"[1, 15, 10, 21, 9, 16, 3, 11, 19, 5, 0, 20, 4, 18, 12, 17, 14, 8, 7, 13, 6, 2]",0,0,22,0.0,0.0,"[0, 1, 2, 3, 4, 5, 6, 7, 8, 9, 10, 11, 12, 13, 14, 15, 16, 17, 18, 19, 20, 21]",1,svm_window_pca
1,d01,480,544,test,[1],"[1, 10, 15, 5, 9, 16, 0, 11, 3, 21, 19, 20, 4, 18, 17, 14, 12, 8, 7, 13, 6, 2]",0,0,22,0.0,0.0,"[0, 1, 2, 3, 4, 5, 6, 7, 8, 9, 10, 11, 12, 13, 14, 15, 16, 17, 18, 19, 20, 21]",1,svm_window_pca
1,d01,544,608,test,[1],"[1, 21, 16, 11, 10, 9, 15, 5, 0, 3, 19, 4, 20, 18, 17, 14, 8, 12, 7, 13, 6, 2]",0,0,22,0.0,0.0,"[0, 1, 2, 3, 4, 5, 6, 7, 8, 9, 10, 11, 12, 13, 14, 15, 16, 17, 18, 19, 20, 21]",1,svm_window_pca
1,d01,608,672,test,[1],"[1, 10, 16, 0, 21, 15, 9, 19, 11, 3, 5, 20, 4, 18, 17, 8, 14, 12, 7, 13, 6, 2]",0,0,22,0.0,0.0,"[0, 1, 2, 3, 4, 5, 6, 7, 8, 9, 10, 11, 12, 13, 14, 15, 16, 17, 18, 19, 20, 21]",1,svm_window_pca
1,d01,672,736,test,[1],"[1, 10, 15, 9, 21, 0, 16, 19, 11, 4, 3, 5, 20, 18, 12, 17, 8, 14, 7, 13, 6, 2]",0,0,22,0.0,0.0,"[0, 1, 2, 3, 4, 5, 6, 7, 8, 9, 10, 11, 12, 13, 14, 15, 16, 17, 18, 19, 20, 21]",1,svm_window_pca
1,d01,736,800,test,[1],"[1, 0, 10, 9, 16, 15, 3, 21, 4, 11, 19, 5, 20, 18, 17, 14, 12, 8, 7, 13, 6, 2]",0,0,22,0.0,0.0,"[0, 1, 2, 3, 4, 5, 6, 7, 8, 9, 10, 11, 12, 13, 14, 15, 16, 17, 18, 19, 20, 21]",1,svm_window_pca
1,d01,800,864,test,[1],"[1, 16, 10, 0, 15, 3, 5, 21, 11, 19, 4, 9, 20, 18, 8, 17, 14, 12, 7, 13, 6, 2]",0,0,22,0.0,0.0,"[0, 1, 2, 3, 4, 5, 6, 7, 8, 9, 10, 11, 12, 13, 14, 15, 16, 17, 18, 19, 20, 21]",1,svm_window_pca
1,d01,864,928,test,[1],"[1, 10, 15, 21, 3, 16, 0, 9, 4, 20, 11, 19, 5, 18, 12, 17, 14, 8, 7, 13, 6, 2]",0,0,22,0.0,0.0,"[0, 1, 2, 3, 4, 5, 6, 7, 8, 9, 10, 11, 12, 13, 14, 15, 16, 17, 18, 19, 20, 21]",1,svm_window_pca
2,d02,160,224,test,[2],"[2, 11, 16, 21, 10, 9, 3, 0, 15, 5, 19, 4, 20, 18, 8, 17, 14, 7, 12, 13, 1, 6]",0,0,22,0.0,0.0,"[0, 1, 2, 3, 4, 5, 6, 7, 8, 9, 10, 11, 12, 13, 14, 15, 16, 17, 18, 19, 20, 21]",2,svm_window_pca
2,d02,224,288,test,[2],"[2, 18, 8, 12, 7, 13, 5, 17, 1, 6, 19, 11, 14, 16, 10, 9, 21, 20, 3, 4, 0, 15]",0,0,22,0.0,0.0,"[0, 1, 2, 3, 4, 5, 6, 7, 8, 9, 10, 11, 12, 13, 14, 15, 16, 17, 18, 19, 20, 21]",2,svm_window_pca
2,d02,288,352,test,[2],"[2, 18, 8, 12, 7, 13, 5, 17, 6, 1, 14, 19, 11, 16, 10, 20, 9, 3, 0, 21, 4, 15]",0,0,22,0.0,0.0,"[0, 1, 2, 3, 4, 5, 6, 7, 8, 9, 10, 11, 12, 13, 14, 15, 16, 17, 18, 19, 20, 21]",2,svm_window_pca
2,d02,352,416,test,[2],"[2, 8, 18, 13, 12, 7, 6, 5, 17, 1, 14, 19, 11, 16, 10, 20, 9, 3, 21, 4, 0, 15]",0,0,22,0.0,0.0,"[0, 1, 2, 3, 4, 5, 6, 7, 8, 9, 10, 11, 12, 13, 14, 15, 16, 17, 18, 19, 20, 21]",2,svm_window_pca
2,d02,416,480,test,[2],"[2, 8, 18, 13, 12, 7, 6, 17, 5, 1, 14, 19, 11, 16, 10, 20, 9, 3, 21, 4, 15, 0]",0,0,22,0.0,0.0,"[0, 1, 2, 3, 4, 5, 6, 7, 8, 9, 10, 11, 12, 13, 14, 15, 16, 17, 18, 19, 20, 21]",2,svm_window_pca
2,d02,480,544,test,[2],"[2, 8, 18, 13, 12, 7, 6, 5, 17, 1, 14, 19, 11, 16, 10, 20, 9, 3, 21, 4, 0, 15]",0,0,22,0.0,0.0,"[0, 1, 2, 3, 4, 5, 6, 7, 8, 9, 10, 11, 12, 13, 14, 15, 16, 17, 18, 19, 20, 21]",2,svm_window_pca
2,d02,544,608,test,[2],"[2, 8, 18, 13, 12, 7, 6, 5, 17, 1, 14, 19, 11, 16, 10, 20, 9, 3, 21, 4, 15, 0]",0,0,22,0.0,0.0,"[0, 1, 2, 3, 4, 5, 6, 7, 8, 9, 10, 11, 12, 13, 14, 15, 16, 17, 18, 19, 20, 21]",2,svm_window_pca
2,d02,608,672,test,[2],"[2, 8, 18, 13, 12, 7, 6, 5, 17, 1, 14, 19, 11, 16, 10, 20, 9, 3, 21, 4, 15, 0]",0,0,22,0.0,0.0,"[0, 1, 2, 3, 4, 5, 6, 7, 8, 9, 10, 11, 12, 13, 14, 15, 16, 17, 18, 19, 20, 21]",2,svm_window_pca
2,d02,672,736,test,[2],"[2, 8, 18, 13, 12, 7, 6, 5, 17, 1, 14, 19, 11, 16, 10, 20, 9, 3, 21, 15, 0, 4]",0,0,22,0.0,0.0,"[0, 1, 2, 3, 4, 5, 6, 7, 8, 9, 10, 11, 12, 13, 14, 15, 16, 17, 18, 19, 20, 21]",2,svm_window_pca
2,d02,736,800,test,[2],"[2, 8, 18, 13, 12, 7, 6, 1, 17, 5, 14, 19, 11, 16, 10, 20, 9, 3, 21, 4, 0, 15]",0,0,22,0.0,0.0,"[0, 1, 2, 3, 4, 5, 6, 7, 8, 9, 10, 11, 12, 13, 14, 15, 16, 17, 18, 19, 20, 21]",2,svm_window_pca
2,d02,800,864,test,[2],"[2, 8, 18, 13, 12, 7, 6, 1, 17, 5, 14, 19, 11, 16, 10, 20, 9, 3, 21, 4, 15, 0]",0,0,22,0.0,0.0,"[0, 1, 2, 3, 4, 5, 6, 7, 8, 9, 10, 11, 12, 13, 14, 15, 16, 17, 18, 19, 20, 21]",2,svm_window_pca
2,d02,864,928,test,[2],"[2, 8, 18, 13, 12, 7, 6, 1, 17, 5, 14, 19, 11, 16, 10, 20, 9, 3, 21, 4, 15, 0]",0,0,22,0.0,0.0,"[0, 1, 2, 3, 4, 5, 6, 7, 8, 9, 10, 11, 12, 13, 14, 15, 16, 17, 18, 19, 20, 21]",2,svm_window_pca
3,d03,160,224,test,[10],"[10, 21, 4, 16, 0, 15, 3, 11, 20, 9, 19, 5, 18, 14, 17, 12, 8, 7, 1, 13, 2, 6]",0,0,22,0.0,0.0,"[0, 1, 2, 3, 4, 5, 6, 7, 8, 9, 10, 11, 12, 13, 14, 15, 16, 17, 18, 19, 20, 21]",10,svm_window_pca
3,d03,224,288,test,[15],"[15, 0, 10, 16, 9, 21, 3, 4, 20, 11, 19, 5, 18, 17, 14, 12, 7, 8, 1, 13, 2, 6]",0,0,22,0.0,0.0,"[0, 1, 2, 3, 4, 5, 6, 7, 8, 9, 10, 11, 12, 13, 14, 15, 16, 17, 18, 19, 20, 21]",15,svm_window_pca
3,d03,288,352,test,[15],"[15, 21, 0, 9, 3, 16, 10, 4, 20, 19, 11, 5, 18, 14, 17, 12, 7, 8, 1, 13, 2, 6]",0,0,22,0.0,0.0,"[0, 1, 2, 3, 4, 5, 6, 7, 8, 9, 10, 11, 12, 13, 14, 15, 16, 17, 18, 19, 20, 21]",15,svm_window_pca
3,d03,352,416,test,[21],"[21, 0, 16, 15, 10, 4, 11, 9, 20, 3, 19, 5, 18, 17, 14, 12, 8, 7, 1, 13, 2, 6]",0,0,22,0.0,0.0,"[0, 1, 2, 3, 4, 5, 6, 7, 8, 9, 10, 11, 12, 13, 14, 15, 16, 17, 18, 19, 20, 21]",21,svm_window_pca
3,d03,416,480,test,[],"[0, 21, 15, 3, 16, 4, 9, 20, 10, 11, 19, 5, 14, 17, 18, 12, 7, 8, 1, 13, 2, 6]",0,0,22,0.0,0.0,"[0, 1, 2, 3, 4, 5, 6, 7, 8, 9, 10, 11, 12, 13, 14, 15, 16, 17, 18, 19, 20, 21]",0,svm_window_pca
3,d03,480,544,test,[15],"[15, 0, 21, 3, 9, 4, 16, 10, 20, 11, 19, 5, 18, 17, 14, 12, 7, 8, 1, 13, 2, 6]",0,0,22,0.0,0.0,"[0, 1, 2, 3, 4, 5, 6, 7, 8, 9, 10, 11, 12, 13, 14, 15, 16, 17, 18, 19, 20, 21]",15,svm_window_pca
3,d03,544,608,test,[15],"[15, 0, 10, 3, 9, 16, 20, 21, 4, 11, 19, 5, 17, 14, 18, 12, 7, 8, 1, 13, 2, 6]",0,0,22,0.0,0.0,"[0, 1, 2, 3, 4, 5, 6, 7, 8, 9, 10, 11, 12, 13, 14, 15, 16, 17, 18, 19, 20, 21]",15,svm_window_pca
3,d03,608,672,test,[15],"[15, 0, 9, 10, 16, 21, 4, 3, 11, 20, 19, 5, 18, 14, 17, 7, 12, 8, 1, 13, 2, 6]",0,0,22,0.0,0.0,"[0, 1, 2, 3, 4, 5, 6, 7, 8, 9, 10, 11, 12, 13, 14, 15, 16, 17, 18, 19, 20, 21]",15,svm_window_pca
3,d03,672,736,test,[],"[0, 15, 16, 9, 3, 21, 4, 10, 20, 11, 19, 5, 18, 14, 17, 12, 7, 8, 1, 13, 2, 6]",0,0,22,0.0,0.0,"[0, 1, 2, 3, 4, 5, 6, 7, 8, 9, 10, 11, 12, 13, 14, 15, 16, 17, 18, 19, 20, 21]",0,svm_window_pca
3,d03,736,800,test,[10],"[10, 16, 0, 15, 21, 4, 9, 3, 11, 20, 19, 5, 18, 14, 17, 12, 8, 7, 1, 13, 2, 6]",0,0,22,0.0,0.0,"[0, 1, 2, 3, 4, 5, 6, 7, 8, 9, 10, 11, 12, 13, 14, 15, 16, 17, 18, 19, 20, 21]",10,svm_window_pca
3,d03,800,864,test,[15],"[15, 3, 16, 9, 0, 21, 11, 20, 4, 10, 19, 5, 14, 17, 18, 12, 7, 8, 1, 13, 2, 6]",0,0,22,0.0,0.0,"[0, 1, 2, 3, 4, 5, 6, 7, 8, 9, 10, 11, 12, 13, 14, 15, 16, 17, 18, 19, 20, 21]",15,svm_window_pca
3,d03,864,928,test,[],"[0, 20, 21, 9, 15, 16, 10, 3, 4, 19, 11, 5, 17, 18, 14, 12, 8, 7, 1, 13, 2, 6]",0,0,22,0.0,0.0,"[0, 1, 2, 3, 4, 5, 6, 7, 8, 9, 10, 11, 12, 13, 14, 15, 16, 17, 18, 19, 20, 21]",0,svm_window_pca
4,d04,160,224,test,[],"[0, 15, 4, 10, 16, 21, 9, 3, 11, 20, 19, 5, 18, 17, 14, 8, 7, 12, 1, 13, 2, 6]",0,0,22,0.0,0.0,"[0, 1, 2, 3, 4, 5, 6, 7, 8, 9, 10, 11, 12, 13, 14, 15, 16, 17, 18, 19, 20, 21]",0,svm_window_pca
4,d04,224,288,test,[21],"[21, 4, 0, 10, 16, 15, 11, 20, 9, 3, 19, 5, 18, 14, 17, 12, 8, 7, 1, 13, 2, 6]",0,0,22,0.0,0.0,"[0, 1, 2, 3, 4, 5, 6, 7, 8, 9, 10, 11, 12, 13, 14, 15, 16, 17, 18, 19, 20, 21]",21,svm_window_pca
4,d04,288,352,test,[15],"[15, 0, 10, 4, 9, 3, 21, 11, 16, 19, 20, 5, 18, 14, 12, 17, 8, 7, 1, 13, 2, 6]",0,0,22,0.0,0.0,"[0, 1, 2, 3, 4, 5, 6, 7, 8, 9, 10, 11, 12, 13, 14, 15, 16, 17, 18, 19, 20, 21]",15,svm_window_pca
4,d04,352,416,test,[15],"[15, 16, 0, 21, 9, 10, 3, 4, 20, 11, 19, 5, 18, 17, 14, 12, 7, 8, 1, 13, 2, 6]",0,0,22,0.0,0.0,"[0, 1, 2, 3, 4, 5, 6, 7, 8, 9, 10, 11, 12, 13, 14, 15, 16, 17, 18, 19, 20, 21]",15,svm_window_pca
4,d04,416,480,test,[4],"[4, 10, 0, 15, 16, 3, 21, 9, 11, 20, 19, 5, 18, 14, 17, 12, 8, 7, 1, 13, 2, 6]",0,0,22,0.0,0.0,"[0, 1, 2, 3, 4, 5, 6, 7, 8, 9, 10, 11, 12, 13, 14, 15, 16, 17, 18, 19, 20, 21]",4,svm_window_pca
4,d04,480,544,test,[15],"[15, 16, 21, 3, 10, 0, 4, 9, 20, 11, 19, 5, 18, 17, 14, 12, 7, 8, 1, 13, 2, 6]",0,0,22,0.0,0.0,"[0, 1, 2, 3, 4, 5, 6, 7, 8, 9, 10, 11, 12, 13, 14, 15, 16, 17, 18, 19, 20, 21]",15,svm_window_pca
4,d04,544,608,test,[],"[0, 15, 21, 9, 3, 16, 10, 4, 11, 20, 19, 5, 18, 14, 17, 12, 7, 8, 1, 13, 2, 6]",0,0,22,0.0,0.0,"[0, 1, 2, 3, 4, 5, 6, 7, 8, 9, 10, 11, 12, 13, 14, 15, 16, 17, 18, 19, 20, 21]",0,svm_window_pca
4,d04,608,672,test,[15],"[15, 0, 3, 21, 9, 10, 11, 4, 16, 20, 19, 5, 18, 14, 17, 12, 7, 8, 1, 13, 2, 6]",0,0,22,0.0,0.0,"[0, 1, 2, 3, 4, 5, 6, 7, 8, 9, 10, 11, 12, 13, 14, 15, 16, 17, 18, 19, 20, 21]",15,svm_window_pca
4,d04,672,736,test,[21],"[21, 3, 15, 10, 0, 16, 9, 11, 4, 19, 20, 5, 18, 14, 17, 12, 7, 8, 1, 13, 2, 6]",0,0,22,0.0,0.0,"[0, 1, 2, 3, 4, 5, 6, 7, 8, 9, 10, 11, 12, 13, 14, 15, 16, 17, 18, 19, 20, 21]",21,svm_window_pca
4,d04,736,800,test,[],"[0, 15, 9, 21, 3, 10, 16, 20, 4, 11, 19, 5, 17, 18, 14, 12, 7, 8, 1, 13, 2, 6]",0,0,22,0.0,0.0,"[0, 1, 2, 3, 4, 5, 6, 7, 8, 9, 10, 11, 12, 13, 14, 15, 16, 17, 18, 19, 20, 21]",0,svm_window_pca
4,d04,800,864,test,[],"[0, 16, 15, 21, 9, 4, 10, 3, 11, 20, 19, 5, 18, 14, 17, 12, 8, 7, 1, 13, 2, 6]",0,0,22,0.0,0.0,"[0, 1, 2, 3, 4, 5, 6, 7, 8, 9, 10, 11, 12, 13, 14, 15, 16, 17, 18, 19, 20, 21]",0,svm_window_pca
4,d04,864,928,test,[15],"[15, 4, 3, 0, 9, 16, 21, 10, 11, 20, 19, 5, 18, 14, 17, 12, 8, 7, 1, 13, 2, 6]",0,0,22,0.0,0.0,"[0, 1, 2, 3, 4, 5, 6, 7, 8, 9, 10, 11, 12, 13, 14, 15, 16, 17, 18, 19, 20, 21]",15,svm_window_pca
5,d05,160,224,test,[10],"[10, 0, 21, 16, 9, 11, 20, 15, 5, 3, 19, 4, 18, 17, 14, 8, 7, 1, 12, 13, 2, 6]",0,0,22,0.0,0.0,"[0, 1, 2, 3, 4, 5, 6, 7, 8, 9, 10, 11, 12, 13, 14, 15, 16, 17, 18, 19, 20, 21]",10,svm_window_pca
5,d05,224,288,test,[8],"[8, 5, 10, 11, 4, 21, 18, 0, 16, 19, 12, 20, 9, 15, 3, 7, 14, 17, 13, 1, 6, 2]",0,0,22,0.0,0.0,"[0, 1, 2, 3, 4, 5, 6, 7, 8, 9, 10, 11, 12, 13, 14, 15, 16, 17, 18, 19, 20, 21]",8,svm_window_pca
5,d05,288,352,test,[15],"[15, 10, 0, 3, 9, 5, 4, 11, 19, 21, 16, 20, 12, 18, 17, 14, 7, 8, 1, 13, 2, 6]",0,0,22,0.0,0.0,"[0, 1, 2, 3, 4, 5, 6, 7, 8, 9, 10, 11, 12, 13, 14, 15, 16, 17, 18, 19, 20, 21]",15,svm_window_pca
5,d05,352,416,test,[15],"[15, 16, 3, 0, 9, 21, 10, 20, 4, 11, 5, 19, 18, 17, 14, 12, 7, 8, 1, 13, 2, 6]",0,0,22,0.0,0.0,"[0, 1, 2, 3, 4, 5, 6, 7, 8, 9, 10, 11, 12, 13, 14, 15, 16, 17, 18, 19, 20, 21]",15,svm_window_pca
5,d05,416,480,test,[10],"[10, 0, 4, 16, 15, 21, 3, 9, 11, 20, 5, 19, 18, 14, 17, 8, 12, 7, 1, 13, 2, 6]",0,0,22,0.0,0.0,"[0, 1, 2, 3, 4, 5, 6, 7, 8, 9, 10, 11, 12, 13, 14, 15, 16, 17, 18, 19, 20, 21]",10,svm_window_pca
5,d05,480,544,test,[21],"[21, 15, 16, 10, 0, 3, 20, 4, 9, 11, 19, 5, 18, 17, 14, 12, 8, 7, 1, 13, 2, 6]",0,0,22,0.0,0.0,"[0, 1, 2, 3, 4, 5, 6, 7, 8, 9, 10, 11, 12, 13, 14, 15, 16, 17, 18, 19, 20, 21]",21,svm_window_pca
5,d05,544,608,test,[],"[0, 15, 21, 9, 3, 16, 10, 4, 20, 11, 19, 5, 18, 14, 17, 12, 7, 8, 1, 13, 2, 6]",0,0,22,0.0,0.0,"[0, 1, 2, 3, 4, 5, 6, 7, 8, 9, 10, 11, 12, 13, 14, 15, 16, 17, 18, 19, 20, 21]",0,svm_window_pca
5,d05,608,672,test,[15],"[15, 0, 3, 21, 9, 10, 11, 16, 4, 20, 19, 5, 18, 14, 17, 12, 7, 8, 1, 13, 2, 6]",0,0,22,0.0,0.0,"[0, 1, 2, 3, 4, 5, 6, 7, 8, 9, 10, 11, 12, 13, 14, 15, 16, 17, 18, 19, 20, 21]",15,svm_window_pca
5,d05,672,736,test,[21],"[21, 3, 15, 10, 0, 16, 9, 11, 4, 20, 19, 5, 18, 14, 17, 12, 7, 8, 1, 13, 2, 6]",0,0,22,0.0,0.0,"[0, 1, 2, 3, 4, 5, 6, 7, 8, 9, 10, 11, 12, 13, 14, 15, 16, 17, 18, 19, 20, 21]",21,svm_window_pca
5,d05,736,800,test,[],"[0, 9, 15, 21, 3, 10, 20, 16, 4, 11, 19, 5, 17, 18, 14, 12, 7, 8, 1, 13, 2, 6]",0,0,22,0.0,0.0,"[0, 1, 2, 3, 4, 5, 6, 7, 8, 9, 10, 11, 12, 13, 14, 15, 16, 17, 18, 19, 20, 21]",0,svm_window_pca
5,d05,800,864,test,[],"[0, 16, 21, 9, 15, 10, 4, 3, 11, 20, 5, 19, 18, 17, 14, 8, 12, 7, 1, 13, 2, 6]",0,0,22,0.0,0.0,"[0, 1, 2, 3, 4, 5, 6, 7, 8, 9, 10, 11, 12, 13, 14, 15, 16, 17, 18, 19, 20, 21]",0,svm_window_pca
5,d05,864,928,test,[15],"[15, 0, 3, 4, 9, 16, 21, 10, 20, 11, 19, 5, 18, 14, 17, 12, 8, 7, 1, 13, 2, 6]",0,0,22,0.0,0.0,"[0, 1, 2, 3, 4, 5, 6, 7, 8, 9, 10, 11, 12, 13, 14, 15, 16, 17, 18, 19, 20, 21]",15,svm_window_pca
6,d06,160,224,test,[6],"[6, 3, 16, 5, 21, 20, 9, 11, 10, 19, 15, 0, 4, 18, 7, 17, 12, 14, 1, 8, 13, 2]",0,0,22,0.0,0.0,"[0, 1, 2, 3, 4, 5, 6, 7, 8, 9, 10, 11, 12, 13, 14, 15, 16, 17, 18, 19, 20, 21]",6,svm_window_pca
6,d06,224,288,test,[6],"[6, 13, 8, 18, 12, 7, 1, 2, 17, 5, 14, 19, 11, 16, 10, 20, 9, 3, 21, 4, 15, 0]",0,0,22,0.0,0.0,"[0, 1, 2, 3, 4, 5, 6, 7, 8, 9, 10, 11, 12, 13, 14, 15, 16, 17, 18, 19, 20, 21]",6,svm_window_pca
6,d06,288,352,test,[6],"[6, 8, 13, 18, 12, 7, 1, 2, 17, 5, 14, 19, 11, 16, 10, 20, 9, 3, 21, 4, 15, 0]",0,0,22,0.0,0.0,"[0, 1, 2, 3, 4, 5, 6, 7, 8, 9, 10, 11, 12, 13, 14, 15, 16, 17, 18, 19, 20, 21]",6,svm_window_pca
6,d06,352,416,test,[6],"[6, 8, 13, 18, 12, 7, 1, 2, 17, 5, 14, 19, 11, 16, 10, 20, 9, 3, 21, 4, 15, 0]",0,0,22,0.0,0.0,"[0, 1, 2, 3, 4, 5, 6, 7, 8, 9, 10, 11, 12, 13, 14, 15, 16, 17, 18, 19, 20, 21]",6,svm_window_pca
6,d06,416,480,test,[6],"[6, 8, 13, 18, 12, 7, 1, 2, 17, 5, 14, 19, 11, 16, 10, 20, 9, 3, 21, 4, 15, 0]",0,0,22,0.0,0.0,"[0, 1, 2, 3, 4, 5, 6, 7, 8, 9, 10, 11, 12, 13, 14, 15, 16, 17, 18, 19, 20, 21]",6,svm_window_pca
6,d06,480,544,test,[6],"[6, 8, 13, 18, 12, 7, 1, 2, 17, 5, 14, 19, 11, 16, 10, 20, 9, 3, 21, 4, 15, 0]",0,0,22,0.0,0.0,"[0, 1, 2, 3, 4, 5, 6, 7, 8, 9, 10, 11, 12, 13, 14, 15, 16, 17, 18, 19, 20, 21]",6,svm_window_pca
6,d06,544,608,test,[6],"[6, 8, 13, 18, 12, 7, 1, 2, 17, 5, 14, 19, 11, 16, 10, 20, 9, 3, 21, 4, 15, 0]",0,0,22,0.0,0.0,"[0, 1, 2, 3, 4, 5, 6, 7, 8, 9, 10, 11, 12, 13, 14, 15, 16, 17, 18, 19, 20, 21]",6,svm_window_pca
6,d06,608,672,test,[8],"[8, 13, 18, 6, 12, 7, 1, 2, 17, 5, 14, 19, 11, 16, 10, 20, 9, 3, 21, 4, 15, 0]",0,0,22,0.0,0.0,"[0, 1, 2, 3, 4, 5, 6, 7, 8, 9, 10, 11, 12, 13, 14, 15, 16, 17, 18, 19, 20, 21]",8,svm_window_pca
6,d06,672,736,test,[8],"[8, 13, 18, 6, 12, 7, 1, 2, 17, 5, 14, 19, 11, 16, 10, 20, 9, 3, 21, 4, 15, 0]",0,0,22,0.0,0.0,"[0, 1, 2, 3, 4, 5, 6, 7, 8, 9, 10, 11, 12, 13, 14, 15, 16, 17, 18, 19, 20, 21]",8,svm_window_pca
6,d06,736,800,test,[8],"[8, 13, 18, 6, 12, 7, 1, 2, 17, 5, 14, 19, 11, 16, 10, 20, 9, 3, 21, 4, 15, 0]",0,0,22,0.0,0.0,"[0, 1, 2, 3, 4, 5, 6, 7, 8, 9, 10, 11, 12, 13, 14, 15, 16, 17, 18, 19, 20, 21]",8,svm_window_pca
6,d06,800,864,test,[8],"[8, 13, 18, 6, 12, 7, 1, 2, 17, 5, 14, 19, 11, 16, 10, 20, 9, 3, 21, 4, 15, 0]",0,0,22,0.0,0.0,"[0, 1, 2, 3, 4, 5, 6, 7, 8, 9, 10, 11, 12, 13, 14, 15, 16, 17, 18, 19, 20, 21]",8,svm_window_pca
6,d06,864,928,test,[8],"[8, 13, 18, 6, 12, 7, 1, 2, 17, 5, 14, 19, 11, 16, 10, 20, 9, 3, 21, 4, 15, 0]",0,0,22,0.0,0.0,"[0, 1, 2, 3, 4, 5, 6, 7, 8, 9, 10, 11, 12, 13, 14, 15, 16, 17, 18, 19, 20, 21]",8,svm_window_pca
7,d07,160,224,test,[5],"[5, 7, 12, 8, 3, 17, 19, 1, 10, 16, 15, 18, 9, 11, 13, 14, 20, 21, 0, 4, 6, 2]",0,0,22,0.0,0.0,"[0, 1, 2, 3, 4, 5, 6, 7, 8, 9, 10, 11, 12, 13, 14, 15, 16, 17, 18, 19, 20, 21]",5,svm_window_pca
7,d07,224,288,test,[5],"[5, 8, 18, 7, 13, 1, 12, 17, 11, 14, 19, 6, 10, 16, 21, 2, 20, 0, 9, 4, 3, 15]",0,0,22,0.0,0.0,"[0, 1, 2, 3, 4, 5, 6, 7, 8, 9, 10, 11, 12, 13, 14, 15, 16, 17, 18, 19, 20, 21]",5,svm_window_pca
7,d07,288,352,test,[7],"[7, 5, 13, 12, 10, 19, 15, 18, 11, 8, 4, 16, 21, 0, 20, 9, 3, 17, 14, 1, 6, 2]",0,0,22,0.0,0.0,"[0, 1, 2, 3, 4, 5, 6, 7, 8, 9, 10, 11, 12, 13, 14, 15, 16, 17, 18, 19, 20, 21]",7,svm_window_pca
7,d07,352,416,test,[7],"[7, 15, 3, 16, 10, 5, 19, 0, 9, 21, 20, 4, 11, 18, 17, 12, 14, 8, 1, 13, 2, 6]",0,0,22,0.0,0.0,"[0, 1, 2, 3, 4, 5, 6, 7, 8, 9, 10, 11, 12, 13, 14, 15, 16, 17, 18, 19, 20, 21]",7,svm_window_pca
7,d07,416,480,test,[],"[0, 21, 16, 15, 4, 10, 20, 11, 9, 7, 3, 19, 5, 18, 17, 8, 14, 12, 13, 1, 2, 6]",0,0,22,0.0,0.0,"[0, 1, 2, 3, 4, 5, 6, 7, 8, 9, 10, 11, 12, 13, 14, 15, 16, 17, 18, 19, 20, 21]",0,svm_window_pca
7,d07,480,544,test,[7],"[7, 4, 21, 3, 0, 15, 10, 11, 9, 16, 19, 20, 5, 18, 14, 17, 12, 8, 13, 1, 2, 6]",0,0,22,0.0,0.0,"[0, 1, 2, 3, 4, 5, 6, 7, 8, 9, 10, 11, 12, 13, 14, 15, 16, 17, 18, 19, 20, 21]",7,svm_window_pca
7,d07,544,608,test,[],"[0, 10, 15, 7, 21, 3, 9, 16, 4, 19, 11, 20, 5, 18, 14, 17, 12, 8, 1, 13, 2, 6]",0,0,22,0.0,0.0,"[0, 1, 2, 3, 4, 5, 6, 7, 8, 9, 10, 11, 12, 13, 14, 15, 16, 17, 18, 19, 20, 21]",0,svm_window_pca
7,d07,608,672,test,[7],"[7, 21, 15, 0, 10, 4, 11, 9, 16, 3, 19, 20, 5, 18, 17, 14, 12, 8, 13, 1, 2, 6]",0,0,22,0.0,0.0,"[0, 1, 2, 3, 4, 5, 6, 7, 8, 9, 10, 11, 12, 13, 14, 15, 16, 17, 18, 19, 20, 21]",7,svm_window_pca
7,d07,672,736,test,[7],"[7, 15, 0, 16, 10, 3, 21, 4, 9, 20, 19, 11, 5, 18, 17, 14, 12, 8, 13, 1, 2, 6]",0,0,22,0.0,0.0,"[0, 1, 2, 3, 4, 5, 6, 7, 8, 9, 10, 11, 12, 13, 14, 15, 16, 17, 18, 19, 20, 21]",7,svm_window_pca
7,d07,736,800,test,[15],"[15, 0, 10, 9, 3, 21, 7, 4, 16, 20, 11, 19, 5, 18, 17, 14, 12, 8, 13, 1, 2, 6]",0,0,22,0.0,0.0,"[0, 1, 2, 3, 4, 5, 6, 7, 8, 9, 10, 11, 12, 13, 14, 15, 16, 17, 18, 19, 20, 21]",15,svm_window_pca
7,d07,800,864,test,[21],"[21, 15, 7, 9, 0, 16, 10, 3, 4, 19, 11, 20, 5, 18, 17, 14, 12, 8, 1, 13, 2, 6]",0,0,22,0.0,0.0,"[0, 1, 2, 3, 4, 5, 6, 7, 8, 9, 10, 11, 12, 13, 14, 15, 16, 17, 18, 19, 20, 21]",21,svm_window_pca
7,d07,864,928,test,[15],"[15, 21, 7, 16, 10, 3, 0, 20, 4, 9, 11, 19, 5, 18, 14, 17, 12, 8, 13, 1, 2, 6]",0,0,22,0.0,0.0,"[0, 1, 2, 3, 4, 5, 6, 7, 8, 9, 10, 11, 12, 13, 14, 15, 16, 17, 18, 19, 20, 21]",15,svm_window_pca
8,d08,160,224,test,[21],"[21, 0, 10, 4, 9, 16, 11, 20, 15, 3, 5, 19, 8, 18, 17, 14, 7, 12, 13, 1, 2, 6]",0,0,22,0.0,0.0,"[0, 1, 2, 3, 4, 5, 6, 7, 8, 9, 10, 11, 12, 13, 14, 15, 16, 17, 18, 19, 20, 21]",21,svm_window_pca
8,d08,224,288,test,[5],"[5, 8, 10, 16, 0, 11, 21, 19, 4, 18, 20, 12, 9, 15, 3, 1, 17, 14, 13, 7, 2, 6]",0,0,22,0.0,0.0,"[0, 1, 2, 3, 4, 5, 6, 7, 8, 9, 10, 11, 12, 13, 14, 15, 16, 17, 18, 19, 20, 21]",5,svm_window_pca
8,d08,288,352,test,[12],"[12, 5, 7, 15, 8, 19, 3, 11, 18, 20, 16, 10, 4, 9, 17, 21, 0, 1, 13, 14, 6, 2]",0,0,22,0.0,0.0,"[0, 1, 2, 3, 4, 5, 6, 7, 8, 9, 10, 11, 12, 13, 14, 15, 16, 17, 18, 19, 20, 21]",12,svm_window_pca
8,d08,352,416,test,[15],"[15, 3, 10, 9, 16, 0, 21, 5, 20, 19, 11, 4, 17, 12, 18, 14, 7, 1, 8, 13, 6, 2]",0,0,22,0.0,0.0,"[0, 1, 2, 3, 4, 5, 6, 7, 8, 9, 10, 11, 12, 13, 14, 15, 16, 17, 18, 19, 20, 21]",15,svm_window_pca
8,d08,416,480,test,[10],"[10, 5, 16, 9, 3, 11, 15, 8, 21, 19, 20, 7, 0, 17, 14, 18, 4, 12, 13, 1, 2, 6]",0,0,22,0.0,0.0,"[0, 1, 2, 3, 4, 5, 6, 7, 8, 9, 10, 11, 12, 13, 14, 15, 16, 17, 18, 19, 20, 21]",10,svm_window_pca
8,d08,480,544,test,[8],"[8, 5, 18, 7, 13, 12, 11, 17, 10, 19, 16, 21, 14, 4, 0, 1, 20, 9, 15, 3, 6, 2]",0,0,22,0.0,0.0,"[0, 1, 2, 3, 4, 5, 6, 7, 8, 9, 10, 11, 12, 13, 14, 15, 16, 17, 18, 19, 20, 21]",8,svm_window_pca
8,d08,544,608,test,[5],"[5, 12, 15, 19, 11, 7, 3, 4, 21, 9, 10, 16, 0, 20, 18, 8, 17, 13, 14, 1, 6, 2]",0,0,22,0.0,0.0,"[0, 1, 2, 3, 4, 5, 6, 7, 8, 9, 10, 11, 12, 13, 14, 15, 16, 17, 18, 19, 20, 21]",5,svm_window_pca
8,d08,608,672,test,[15],"[15, 9, 3, 21, 10, 19, 20, 0, 5, 16, 11, 4, 17, 12, 18, 7, 14, 8, 1, 13, 6, 2]",0,0,22,0.0,0.0,"[0, 1, 2, 3, 4, 5, 6, 7, 8, 9, 10, 11, 12, 13, 14, 15, 16, 17, 18, 19, 20, 21]",15,svm_window_pca
8,d08,672,736,test,[10],"[10, 9, 0, 16, 3, 11, 15, 21, 4, 5, 19, 20, 17, 18, 14, 7, 12, 8, 1, 13, 2, 6]",0,0,22,0.0,0.0,"[0, 1, 2, 3, 4, 5, 6, 7, 8, 9, 10, 11, 12, 13, 14, 15, 16, 17, 18, 19, 20, 21]",10,svm_window_pca
8,d08,736,800,test,[21],"[21, 9, 15, 10, 4, 3, 0, 11, 16, 19, 20, 5, 18, 14, 17, 7, 12, 8, 13, 1, 2, 6]",0,0,22,0.0,0.0,"[0, 1, 2, 3, 4, 5, 6, 7, 8, 9, 10, 11, 12, 13, 14, 15, 16, 17, 18, 19, 20, 21]",21,svm_window_pca
8,d08,800,864,test,[3],"[3, 15, 0, 9, 16, 10, 21, 11, 20, 4, 5, 19, 1, 17, 18, 14, 7, 12, 8, 13, 2, 6]",0,0,22,0.0,0.0,"[0, 1, 2, 3, 4, 5, 6, 7, 8, 9, 10, 11, 12, 13, 14, 15, 16, 17, 18, 19, 20, 21]",3,svm_window_pca
8,d08,864,928,test,[3],"[3, 5, 15, 19, 10, 20, 21, 9, 16, 11, 0, 4, 18, 17, 7, 12, 14, 8, 1, 13, 6, 2]",0,0,22,0.0,0.0,"[0, 1, 2, 3, 4, 5, 6, 7, 8, 9, 10, 11, 12, 13, 14, 15, 16, 17, 18, 19, 20, 21]",3,svm_window_pca
9,d09,160,224,test,[3],"[3, 21, 15, 0, 9, 16, 11, 10, 4, 20, 19, 5, 18, 17, 14, 12, 7, 8, 1, 13, 2, 6]",0,0,22,0.0,0.0,"[0, 1, 2, 3, 4, 5, 6, 7, 8, 9, 10, 11, 12, 13, 14, 15, 16, 17, 18, 19, 20, 21]",3,svm_window_pca
9,d09,224,288,test,[15],"[15, 21, 10, 11, 0, 16, 9, 4, 3, 19, 20, 5, 18, 17, 14, 12, 8, 7, 1, 13, 2, 6]",0,0,22,0.0,0.0,"[0, 1, 2, 3, 4, 5, 6, 7, 8, 9, 10, 11, 12, 13, 14, 15, 16, 17, 18, 19, 20, 21]",15,svm_window_pca
9,d09,288,352,test,[15],"[15, 4, 0, 9, 10, 3, 21, 16, 11, 19, 20, 5, 18, 14, 17, 12, 8, 7, 1, 13, 2, 6]",0,0,22,0.0,0.0,"[0, 1, 2, 3, 4, 5, 6, 7, 8, 9, 10, 11, 12, 13, 14, 15, 16, 17, 18, 19, 20, 21]",15,svm_window_pca
9,d09,352,416,test,[],"[0, 15, 3, 11, 4, 21, 9, 16, 10, 20, 19, 5, 18, 17, 14, 7, 12, 8, 1, 13, 2, 6]",0,0,22,0.0,0.0,"[0, 1, 2, 3, 4, 5, 6, 7, 8, 9, 10, 11, 12, 13, 14, 15, 16, 17, 18, 19, 20, 21]",0,svm_window_pca
9,d09,416,480,test,[21],"[21, 4, 3, 10, 0, 11, 9, 15, 16, 19, 20, 5, 18, 14, 17, 8, 7, 12, 1, 13, 2, 6]",0,0,22,0.0,0.0,"[0, 1, 2, 3, 4, 5, 6, 7, 8, 9, 10, 11, 12, 13, 14, 15, 16, 17, 18, 19, 20, 21]",21,svm_window_pca
9,d09,480,544,test,[15],"[15, 9, 3, 0, 21, 16, 11, 10, 4, 19, 20, 5, 18, 14, 17, 12, 7, 8, 1, 13, 2, 6]",0,0,22,0.0,0.0,"[0, 1, 2, 3, 4, 5, 6, 7, 8, 9, 10, 11, 12, 13, 14, 15, 16, 17, 18, 19, 20, 21]",15,svm_window_pca
9,d09,544,608,test,[],"[0, 21, 15, 16, 9, 10, 4, 20, 3, 11, 19, 5, 18, 14, 17, 12, 8, 7, 1, 13, 2, 6]",0,0,22,0.0,0.0,"[0, 1, 2, 3, 4, 5, 6, 7, 8, 9, 10, 11, 12, 13, 14, 15, 16, 17, 18, 19, 20, 21]",0,svm_window_pca
9,d09,608,672,test,[15],"[15, 3, 0, 4, 10, 16, 21, 9, 11, 20, 19, 5, 17, 18, 14, 12, 7, 8, 1, 13, 2, 6]",0,0,22,0.0,0.0,"[0, 1, 2, 3, 4, 5, 6, 7, 8, 9, 10, 11, 12, 13, 14, 15, 16, 17, 18, 19, 20, 21]",15,svm_window_pca
9,d09,672,736,test,[9],"[9, 15, 21, 3, 0, 10, 16, 4, 11, 20, 19, 5, 18, 14, 17, 12, 7, 8, 1, 13, 2, 6]",0,0,22,0.0,0.0,"[0, 1, 2, 3, 4, 5, 6, 7, 8, 9, 10, 11, 12, 13, 14, 15, 16, 17, 18, 19, 20, 21]",9,svm_window_pca
9,d09,736,800,test,[21],"[21, 0, 4, 3, 16, 9, 15, 10, 20, 11, 19, 5, 18, 14, 17, 12, 7, 8, 1, 13, 2, 6]",0,0,22,0.0,0.0,"[0, 1, 2, 3, 4, 5, 6, 7, 8, 9, 10, 11, 12, 13, 14, 15, 16, 17, 18, 19, 20, 21]",21,svm_window_pca
9,d09,800,864,test,[15],"[15, 0, 3, 10, 9, 16, 21, 4, 11, 20, 19, 5, 18, 17, 14, 12, 7, 8, 1, 13, 2, 6]",0,0,22,0.0,0.0,"[0, 1, 2, 3, 4, 5, 6, 7, 8, 9, 10, 11, 12, 13, 14, 15, 16, 17, 18, 19, 20, 21]",15,svm_window_pca
9,d09,864,928,test,[21],"[21, 0, 15, 10, 4, 11, 9, 3, 16, 20, 19, 5, 14, 18, 17, 8, 12, 7, 1, 13, 2, 6]",0,0,22,0.0,0.0,"[0, 1, 2, 3, 4, 5, 6, 7, 8, 9, 10, 11, 12, 13, 14, 15, 16, 17, 18, 19, 20, 21]",21,svm_window_pca
10,d10,160,224,test,[],"[0, 21, 16, 9, 3, 10, 15, 4, 11, 20, 19, 5, 18, 17, 14, 7, 12, 8, 1, 13, 2, 6]",0,0,22,0.0,0.0,"[0, 1, 2, 3, 4, 5, 6, 7, 8, 9, 10, 11, 12, 13, 14, 15, 16, 17, 18, 19, 20, 21]",0,svm_window_pca
10,d10,224,288,test,[4],"[4, 11, 21, 16, 3, 0, 10, 15, 9, 19, 20, 5, 18, 14, 17, 12, 8, 7, 13, 1, 2, 6]",0,0,22,0.0,0.0,"[0, 1, 2, 3, 4, 5, 6, 7, 8, 9, 10, 11, 12, 13, 14, 15, 16, 17, 18, 19, 20, 21]",4,svm_window_pca
10,d10,288,352,test,[15],"[15, 0, 4, 9, 21, 16, 10, 19, 3, 20, 11, 5, 14, 18, 17, 12, 8, 7, 1, 13, 2, 6]",0,0,22,0.0,0.0,"[0, 1, 2, 3, 4, 5, 6, 7, 8, 9, 10, 11, 12, 13, 14, 15, 16, 17, 18, 19, 20, 21]",15,svm_window_pca
10,d10,352,416,test,[15],"[15, 0, 21, 4, 10, 9, 16, 3, 11, 20, 19, 5, 18, 17, 14, 12, 7, 8, 1, 13, 2, 6]",0,0,22,0.0,0.0,"[0, 1, 2, 3, 4, 5, 6, 7, 8, 9, 10, 11, 12, 13, 14, 15, 16, 17, 18, 19, 20, 21]",15,svm_window_pca
10,d10,416,480,test,[],"[0, 9, 15, 21, 10, 16, 3, 4, 11, 20, 19, 5, 17, 18, 14, 12, 7, 8, 1, 13, 2, 6]",0,0,22,0.0,0.0,"[0, 1, 2, 3, 4, 5, 6, 7, 8, 9, 10, 11, 12, 13, 14, 15, 16, 17, 18, 19, 20, 21]",0,svm_window_pca
10,d10,480,544,test,[],"[0, 15, 3, 16, 21, 20, 9, 4, 10, 11, 19, 5, 17, 18, 14, 12, 7, 8, 1, 13, 2, 6]",0,0,22,0.0,0.0,"[0, 1, 2, 3, 4, 5, 6, 7, 8, 9, 10, 11, 12, 13, 14, 15, 16, 17, 18, 19, 20, 21]",0,svm_window_pca
10,d10,544,608,test,[15],"[15, 16, 0, 4, 3, 21, 9, 10, 11, 19, 20, 5, 18, 17, 14, 12, 7, 8, 1, 13, 2, 6]",0,0,22,0.0,0.0,"[0, 1, 2, 3, 4, 5, 6, 7, 8, 9, 10, 11, 12, 13, 14, 15, 16, 17, 18, 19, 20, 21]",15,svm_window_pca
10,d10,608,672,test,[3],"[3, 21, 16, 10, 9, 15, 0, 11, 20, 4, 19, 5, 18, 14, 17, 7, 12, 8, 1, 13, 2, 6]",0,0,22,0.0,0.0,"[0, 1, 2, 3, 4, 5, 6, 7, 8, 9, 10, 11, 12, 13, 14, 15, 16, 17, 18, 19, 20, 21]",3,svm_window_pca
10,d10,672,736,test,[],"[0, 21, 11, 16, 9, 15, 10, 3, 4, 20, 19, 5, 18, 14, 8, 17, 7, 12, 1, 13, 2, 6]",0,0,22,0.0,0.0,"[0, 1, 2, 3, 4, 5, 6, 7, 8, 9, 10, 11, 12, 13, 14, 15, 16, 17, 18, 19, 20, 21]",0,svm_window_pca
10,d10,736,800,test,[4],"[4, 0, 21, 16, 15, 10, 11, 9, 20, 3, 19, 5, 18, 12, 17, 14, 8, 7, 13, 1, 2, 6]",0,0,22,0.0,0.0,"[0, 1, 2, 3, 4, 5, 6, 7, 8, 9, 10, 11, 12, 13, 14, 15, 16, 17, 18, 19, 20, 21]",4,svm_window_pca
10,d10,800,864,test,[15],"[15, 10, 3, 0, 9, 21, 16, 11, 20, 4, 19, 5, 18, 17, 14, 12, 7, 8, 1, 13, 2, 6]",0,0,22,0.0,0.0,"[0, 1, 2, 3, 4, 5, 6, 7, 8, 9, 10, 11, 12, 13, 14, 15, 16, 17, 18, 19, 20, 21]",15,svm_window_pca
10,d10,864,928,test,[21],"[21, 16, 0, 15, 10, 4, 9, 3, 11, 20, 19, 5, 18, 14, 17, 12, 7, 8, 1, 13, 2, 6]",0,0,22,0.0,0.0,"[0, 1, 2, 3, 4, 5, 6, 7, 8, 9, 10, 11, 12, 13, 14, 15, 16, 17, 18, 19, 20, 21]",21,svm_window_pca
11,d11,160,224,test,[21],"[21, 16, 0, 9, 15, 3, 10, 11, 4, 20, 19, 5, 18, 14, 17, 12, 8, 7, 1, 13, 2, 6]",0,0,22,0.0,0.0,"[0, 1, 2, 3, 4, 5, 6, 7, 8, 9, 10, 11, 12, 13, 14, 15, 16, 17, 18, 19, 20, 21]",21,svm_window_pca
11,d11,224,288,test,[15],"[15, 3, 21, 9, 10, 16, 11, 0, 4, 20, 19, 5, 18, 17, 14, 12, 7, 8, 1, 13, 2, 6]",0,0,22,0.0,0.0,"[0, 1, 2, 3, 4, 5, 6, 7, 8, 9, 10, 11, 12, 13, 14, 15, 16, 17, 18, 19, 20, 21]",15,svm_window_pca
11,d11,288,352,test,[4],"[4, 15, 0, 10, 16, 21, 9, 3, 19, 11, 20, 5, 18, 14, 17, 12, 8, 7, 1, 13, 2, 6]",0,0,22,0.0,0.0,"[0, 1, 2, 3, 4, 5, 6, 7, 8, 9, 10, 11, 12, 13, 14, 15, 16, 17, 18, 19, 20, 21]",4,svm_window_pca
11,d11,352,416,test,[21],"[21, 9, 15, 16, 10, 3, 4, 11, 0, 19, 20, 5, 17, 18, 14, 7, 12, 8, 1, 13, 2, 6]",0,0,22,0.0,0.0,"[0, 1, 2, 3, 4, 5, 6, 7, 8, 9, 10, 11, 12, 13, 14, 15, 16, 17, 18, 19, 20, 21]",21,svm_window_pca
11,d11,416,480,test,[],"[0, 15, 4, 21, 10, 16, 9, 11, 3, 20, 5, 19, 18, 17, 14, 12, 8, 7, 1, 13, 2, 6]",0,0,22,0.0,0.0,"[0, 1, 2, 3, 4, 5, 6, 7, 8, 9, 10, 11, 12, 13, 14, 15, 16, 17, 18, 19, 20, 21]",0,svm_window_pca
11,d11,480,544,test,[15],"[15, 0, 21, 3, 9, 16, 4, 11, 10, 20, 19, 5, 18, 14, 17, 12, 7, 8, 1, 13, 2, 6]",0,0,22,0.0,0.0,"[0, 1, 2, 3, 4, 5, 6, 7, 8, 9, 10, 11, 12, 13, 14, 15, 16, 17, 18, 19, 20, 21]",15,svm_window_pca
11,d11,544,608,test,[3],"[3, 0, 9, 15, 4, 16, 21, 10, 11, 20, 19, 5, 18, 17, 14, 12, 7, 8, 1, 13, 2, 6]",0,0,22,0.0,0.0,"[0, 1, 2, 3, 4, 5, 6, 7, 8, 9, 10, 11, 12, 13, 14, 15, 16, 17, 18, 19, 20, 21]",3,svm_window_pca
11,d11,608,672,test,[15],"[15, 0, 10, 9, 3, 16, 20, 21, 4, 11, 5, 19, 18, 14, 17, 12, 8, 7, 1, 13, 2, 6]",0,0,22,0.0,0.0,"[0, 1, 2, 3, 4, 5, 6, 7, 8, 9, 10, 11, 12, 13, 14, 15, 16, 17, 18, 19, 20, 21]",15,svm_window_pca
11,d11,672,736,test,[3],"[3, 15, 21, 0, 11, 4, 16, 10, 20, 9, 19, 5, 18, 14, 17, 12, 7, 8, 1, 13, 2, 6]",0,0,22,0.0,0.0,"[0, 1, 2, 3, 4, 5, 6, 7, 8, 9, 10, 11, 12, 13, 14, 15, 16, 17, 18, 19, 20, 21]",3,svm_window_pca
11,d11,736,800,test,[4],"[4, 9, 15, 0, 21, 3, 10, 16, 20, 11, 19, 5, 18, 17, 14, 12, 7, 8, 1, 13, 2, 6]",0,0,22,0.0,0.0,"[0, 1, 2, 3, 4, 5, 6, 7, 8, 9, 10, 11, 12, 13, 14, 15, 16, 17, 18, 19, 20, 21]",4,svm_window_pca
11,d11,800,864,test,[],"[0, 21, 15, 16, 10, 9, 3, 4, 11, 20, 19, 5, 18, 17, 14, 12, 8, 7, 1, 13, 2, 6]",0,0,22,0.0,0.0,"[0, 1, 2, 3, 4, 5, 6, 7, 8, 9, 10, 11, 12, 13, 14, 15, 16, 17, 18, 19, 20, 21]",0,svm_window_pca
11,d11,864,928,test,[21],"[21, 15, 4, 9, 10, 3, 0, 16, 11, 20, 19, 5, 18, 17, 14, 12, 7, 8, 1, 13, 2, 6]",0,0,22,0.0,0.0,"[0, 1, 2, 3, 4, 5, 6, 7, 8, 9, 10, 11, 12, 13, 14, 15, 16, 17, 18, 19, 20, 21]",21,svm_window_pca
12,d12,160,224,test,[4],"[4, 15, 21, 0, 3, 16, 9, 10, 11, 20, 19, 5, 12, 18, 17, 14, 8, 7, 13, 1, 2, 6]",0,0,22,0.0,0.0,"[0, 1, 2, 3, 4, 5, 6, 7, 8, 9, 10, 11, 12, 13, 14, 15, 16, 17, 18, 19, 20, 21]",4,svm_window_pca
12,d12,224,288,test,[15],"[15, 9, 3, 10, 0, 16, 5, 19, 21, 4, 11, 20, 12, 18, 17, 7, 14, 8, 1, 13, 2, 6]",0,0,22,0.0,0.0,"[0, 1, 2, 3, 4, 5, 6, 7, 8, 9, 10, 11, 12, 13, 14, 15, 16, 17, 18, 19, 20, 21]",15,svm_window_pca
12,d12,288,352,test,[3],"[3, 9, 16, 15, 21, 0, 10, 11, 19, 5, 20, 4, 12, 17, 18, 7, 14, 8, 1, 13, 2, 6]",0,0,22,0.0,0.0,"[0, 1, 2, 3, 4, 5, 6, 7, 8, 9, 10, 11, 12, 13, 14, 15, 16, 17, 18, 19, 20, 21]",3,svm_window_pca
12,d12,352,416,test,[10],"[10, 16, 0, 9, 11, 15, 21, 4, 20, 3, 19, 5, 18, 17, 8, 12, 14, 7, 1, 13, 2, 6]",0,0,22,0.0,0.0,"[0, 1, 2, 3, 4, 5, 6, 7, 8, 9, 10, 11, 12, 13, 14, 15, 16, 17, 18, 19, 20, 21]",10,svm_window_pca
12,d12,416,480,test,[5],"[5, 3, 15, 10, 9, 19, 16, 20, 21, 11, 0, 4, 12, 7, 18, 17, 14, 8, 1, 13, 2, 6]",0,0,22,0.0,0.0,"[0, 1, 2, 3, 4, 5, 6, 7, 8, 9, 10, 11, 12, 13, 14, 15, 16, 17, 18, 19, 20, 21]",5,svm_window_pca
12,d12,480,544,test,[16],"[16, 10, 0, 21, 9, 3, 11, 20, 15, 4, 5, 19, 18, 14, 17, 12, 8, 7, 1, 13, 6, 2]",0,0,22,0.0,0.0,"[0, 1, 2, 3, 4, 5, 6, 7, 8, 9, 10, 11, 12, 13, 14, 15, 16, 17, 18, 19, 20, 21]",16,svm_window_pca
12,d12,544,608,test,[15],"[15, 21, 10, 0, 11, 3, 4, 9, 16, 19, 20, 5, 18, 17, 14, 12, 8, 7, 1, 13, 2, 6]",0,0,22,0.0,0.0,"[0, 1, 2, 3, 4, 5, 6, 7, 8, 9, 10, 11, 12, 13, 14, 15, 16, 17, 18, 19, 20, 21]",15,svm_window_pca
12,d12,608,672,test,[4],"[4, 18, 0, 15, 10, 21, 9, 3, 11, 16, 5, 19, 20, 12, 8, 14, 7, 17, 13, 1, 6, 2]",0,0,22,0.0,0.0,"[0, 1, 2, 3, 4, 5, 6, 7, 8, 9, 10, 11, 12, 13, 14, 15, 16, 17, 18, 19, 20, 21]",4,svm_window_pca
12,d12,672,736,test,[5],"[5, 12, 7, 18, 8, 13, 1, 17, 6, 19, 14, 3, 16, 11, 2, 10, 9, 20, 15, 0, 21, 4]",0,0,22,0.0,0.0,"[0, 1, 2, 3, 4, 5, 6, 7, 8, 9, 10, 11, 12, 13, 14, 15, 16, 17, 18, 19, 20, 21]",5,svm_window_pca
12,d12,736,800,test,[8],"[8, 7, 18, 13, 5, 1, 12, 6, 17, 2, 14, 19, 11, 16, 10, 20, 9, 3, 21, 0, 15, 4]",0,0,22,0.0,0.0,"[0, 1, 2, 3, 4, 5, 6, 7, 8, 9, 10, 11, 12, 13, 14, 15, 16, 17, 18, 19, 20, 21]",8,svm_window_pca
12,d12,800,864,test,[8],"[8, 7, 13, 5, 18, 12, 1, 17, 11, 19, 14, 10, 21, 16, 20, 4, 0, 9, 6, 3, 15, 2]",0,0,22,0.0,0.0,"[0, 1, 2, 3, 4, 5, 6, 7, 8, 9, 10, 11, 12, 13, 14, 15, 16, 17, 18, 19, 20, 21]",8,svm_window_pca
12,d12,864,928,test,[7],"[7, 5, 12, 18, 11, 8, 4, 13, 16, 10, 19, 21, 15, 9, 17, 3, 0, 20, 14, 1, 6, 2]",0,0,22,0.0,0.0,"[0, 1, 2, 3, 4, 5, 6, 7, 8, 9, 10, 11, 12, 13, 14, 15, 16, 17, 18, 19, 20, 21]",7,svm_window_pca
13,d13,160,224,test,[9],"[9, 21, 0, 15, 3, 11, 10, 4, 16, 20, 19, 5, 18, 14, 17, 12, 8, 7, 1, 13, 2, 6]",0,0,22,0.0,0.0,"[0, 1, 2, 3, 4, 5, 6, 7, 8, 9, 10, 11, 12, 13, 14, 15, 16, 17, 18, 19, 20, 21]",9,svm_window_pca
13,d13,224,288,test,[4],"[4, 0, 11, 21, 15, 3, 9, 10, 16, 20, 19, 5, 18, 8, 12, 17, 14, 7, 1, 13, 2, 6]",0,0,22,0.0,0.0,"[0, 1, 2, 3, 4, 5, 6, 7, 8, 9, 10, 11, 12, 13, 14, 15, 16, 17, 18, 19, 20, 21]",4,svm_window_pca
13,d13,288,352,test,[],"[0, 15, 20, 3, 16, 21, 4, 10, 9, 11, 19, 5, 18, 17, 14, 12, 8, 7, 1, 13, 2, 6]",0,0,22,0.0,0.0,"[0, 1, 2, 3, 4, 5, 6, 7, 8, 9, 10, 11, 12, 13, 14, 15, 16, 17, 18, 19, 20, 21]",0,svm_window_pca
13,d13,352,416,test,[5],"[5, 20, 19, 3, 15, 9, 21, 16, 11, 10, 0, 17, 4, 12, 18, 7, 14, 8, 1, 13, 2, 6]",0,0,22,0.0,0.0,"[0, 1, 2, 3, 4, 5, 6, 7, 8, 9, 10, 11, 12, 13, 14, 15, 16, 17, 18, 19, 20, 21]",5,svm_window_pca
13,d13,416,480,test,[5],"[5, 8, 18, 12, 16, 11, 19, 10, 0, 9, 20, 21, 17, 3, 15, 1, 4, 13, 14, 7, 6, 2]",0,0,22,0.0,0.0,"[0, 1, 2, 3, 4, 5, 6, 7, 8, 9, 10, 11, 12, 13, 14, 15, 16, 17, 18, 19, 20, 21]",5,svm_window_pca
13,d13,480,544,test,[12],"[12, 5, 7, 19, 15, 21, 4, 3, 18, 11, 10, 9, 16, 0, 20, 8, 17, 14, 1, 13, 2, 6]",0,0,22,0.0,0.0,"[0, 1, 2, 3, 4, 5, 6, 7, 8, 9, 10, 11, 12, 13, 14, 15, 16, 17, 18, 19, 20, 21]",12,svm_window_pca
13,d13,544,608,test,[3],"[3, 5, 15, 9, 21, 0, 10, 11, 16, 19, 4, 20, 18, 12, 17, 7, 14, 8, 1, 13, 2, 6]",0,0,22,0.0,0.0,"[0, 1, 2, 3, 4, 5, 6, 7, 8, 9, 10, 11, 12, 13, 14, 15, 16, 17, 18, 19, 20, 21]",3,svm_window_pca
13,d13,608,672,test,[13],"[13, 8, 18, 1, 5, 12, 7, 6, 17, 2, 14, 19, 11, 16, 10, 20, 9, 21, 3, 0, 15, 4]",0,0,22,0.0,0.0,"[0, 1, 2, 3, 4, 5, 6, 7, 8, 9, 10, 11, 12, 13, 14, 15, 16, 17, 18, 19, 20, 21]",13,svm_window_pca
13,d13,672,736,test,[13],"[13, 8, 18, 12, 7, 1, 5, 6, 17, 2, 14, 19, 11, 10, 16, 20, 4, 21, 3, 15, 9, 0]",0,0,22,0.0,0.0,"[0, 1, 2, 3, 4, 5, 6, 7, 8, 9, 10, 11, 12, 13, 14, 15, 16, 17, 18, 19, 20, 21]",13,svm_window_pca
13,d13,736,800,test,[12],"[12, 8, 7, 13, 1, 5, 18, 6, 17, 19, 14, 2, 11, 3, 16, 10, 15, 9, 20, 0, 21, 4]",0,0,22,0.0,0.0,"[0, 1, 2, 3, 4, 5, 6, 7, 8, 9, 10, 11, 12, 13, 14, 15, 16, 17, 18, 19, 20, 21]",12,svm_window_pca
13,d13,800,864,test,[7],"[7, 13, 8, 1, 5, 18, 12, 17, 6, 14, 19, 2, 11, 10, 16, 9, 3, 20, 15, 0, 21, 4]",0,0,22,0.0,0.0,"[0, 1, 2, 3, 4, 5, 6, 7, 8, 9, 10, 11, 12, 13, 14, 15, 16, 17, 18, 19, 20, 21]",7,svm_window_pca
13,d13,864,928,test,[8],"[8, 13, 7, 18, 12, 5, 1, 6, 17, 14, 2, 11, 19, 10, 16, 21, 4, 20, 9, 0, 3, 15]",0,0,22,0.0,0.0,"[0, 1, 2, 3, 4, 5, 6, 7, 8, 9, 10, 11, 12, 13, 14, 15, 16, 17, 18, 19, 20, 21]",8,svm_window_pca
14,d14,160,224,test,[14],"[14, 16, 21, 10, 15, 9, 3, 11, 0, 20, 4, 19, 5, 18, 17, 12, 7, 8, 1, 13, 2, 6]",0,0,22,0.0,0.0,"[0, 1, 2, 3, 4, 5, 6, 7, 8, 9, 10, 11, 12, 13, 14, 15, 16, 17, 18, 19, 20, 21]",14,svm_window_pca
14,d14,224,288,test,[14],"[14, 21, 15, 3, 0, 4, 9, 10, 16, 19, 11, 20, 5, 18, 17, 12, 8, 7, 13, 1, 2, 6]",0,0,22,0.0,0.0,"[0, 1, 2, 3, 4, 5, 6, 7, 8, 9, 10, 11, 12, 13, 14, 15, 16, 17, 18, 19, 20, 21]",14,svm_window_pca
14,d14,288,352,test,[14],"[14, 21, 16, 15, 10, 9, 0, 3, 11, 19, 4, 20, 5, 18, 17, 12, 7, 8, 1, 13, 2, 6]",0,0,22,0.0,0.0,"[0, 1, 2, 3, 4, 5, 6, 7, 8, 9, 10, 11, 12, 13, 14, 15, 16, 17, 18, 19, 20, 21]",14,svm_window_pca
14,d14,352,416,test,[14],"[14, 21, 0, 9, 10, 15, 16, 4, 3, 11, 20, 19, 5, 18, 17, 12, 7, 8, 1, 13, 2, 6]",0,0,22,0.0,0.0,"[0, 1, 2, 3, 4, 5, 6, 7, 8, 9, 10, 11, 12, 13, 14, 15, 16, 17, 18, 19, 20, 21]",14,svm_window_pca
14,d14,416,480,test,[],"[0, 21, 15, 20, 10, 19, 4, 9, 3, 11, 16, 14, 5, 18, 17, 12, 8, 7, 1, 13, 2, 6]",0,0,22,0.0,0.0,"[0, 1, 2, 3, 4, 5, 6, 7, 8, 9, 10, 11, 12, 13, 14, 15, 16, 17, 18, 19, 20, 21]",0,svm_window_pca
14,d14,480,544,test,[],"[0, 15, 14, 21, 3, 4, 10, 16, 11, 9, 19, 20, 5, 18, 17, 12, 7, 8, 1, 13, 2, 6]",0,0,22,0.0,0.0,"[0, 1, 2, 3, 4, 5, 6, 7, 8, 9, 10, 11, 12, 13, 14, 15, 16, 17, 18, 19, 20, 21]",0,svm_window_pca
14,d14,544,608,test,[21],"[21, 0, 15, 16, 9, 3, 19, 10, 4, 20, 11, 5, 14, 18, 17, 7, 12, 8, 1, 13, 2, 6]",0,0,22,0.0,0.0,"[0, 1, 2, 3, 4, 5, 6, 7, 8, 9, 10, 11, 12, 13, 14, 15, 16, 17, 18, 19, 20, 21]",21,svm_window_pca
14,d14,608,672,test,[15],"[15, 0, 10, 3, 21, 9, 4, 16, 11, 20, 19, 5, 18, 17, 14, 12, 7, 8, 1, 13, 2, 6]",0,0,22,0.0,0.0,"[0, 1, 2, 3, 4, 5, 6, 7, 8, 9, 10, 11, 12, 13, 14, 15, 16, 17, 18, 19, 20, 21]",15,svm_window_pca
14,d14,672,736,test,[21],"[21, 15, 9, 3, 16, 10, 0, 11, 4, 20, 19, 5, 18, 17, 12, 8, 7, 14, 1, 13, 2, 6]",0,0,22,0.0,0.0,"[0, 1, 2, 3, 4, 5, 6, 7, 8, 9, 10, 11, 12, 13, 14, 15, 16, 17, 18, 19, 20, 21]",21,svm_window_pca
14,d14,736,800,test,[14],"[14, 16, 15, 21, 10, 0, 4, 3, 9, 11, 20, 19, 5, 18, 17, 12, 7, 8, 1, 13, 2, 6]",0,0,22,0.0,0.0,"[0, 1, 2, 3, 4, 5, 6, 7, 8, 9, 10, 11, 12, 13, 14, 15, 16, 17, 18, 19, 20, 21]",14,svm_window_pca
14,d14,800,864,test,[9],"[9, 0, 15, 20, 21, 16, 4, 10, 3, 19, 11, 14, 5, 18, 17, 12, 8, 7, 1, 13, 2, 6]",0,0,22,0.0,0.0,"[0, 1, 2, 3, 4, 5, 6, 7, 8, 9, 10, 11, 12, 13, 14, 15, 16, 17, 18, 19, 20, 21]",9,svm_window_pca
14,d14,864,928,test,[15],"[15, 0, 3, 10, 21, 9, 16, 20, 4, 11, 19, 5, 18, 17, 12, 7, 8, 14, 1, 13, 2, 6]",0,0,22,0.0,0.0,"[0, 1, 2, 3, 4, 5, 6, 7, 8, 9, 10, 11, 12, 13, 14, 15, 16, 17, 18, 19, 20, 21]",15,svm_window_pca
15,d15,160,224,test,[15],"[15, 0, 3, 21, 10, 16, 9, 4, 20, 11, 19, 5, 18, 14, 17, 12, 7, 8, 1, 13, 2, 6]",0,0,22,0.0,0.0,"[0, 1, 2, 3, 4, 5, 6, 7, 8, 9, 10, 11, 12, 13, 14, 15, 16, 17, 18, 19, 20, 21]",15,svm_window_pca
15,d15,224,288,test,[9],"[9, 0, 15, 21, 16, 3, 4, 10, 11, 20, 19, 5, 18, 17, 14, 12, 8, 7, 1, 13, 2, 6]",0,0,22,0.0,0.0,"[0, 1, 2, 3, 4, 5, 6, 7, 8, 9, 10, 11, 12, 13, 14, 15, 16, 17, 18, 19, 20, 21]",9,svm_window_pca
15,d15,288,352,test,[],"[0, 16, 21, 9, 15, 4, 3, 10, 11, 20, 19, 5, 18, 14, 17, 12, 7, 8, 1, 13, 2, 6]",0,0,22,0.0,0.0,"[0, 1, 2, 3, 4, 5, 6, 7, 8, 9, 10, 11, 12, 13, 14, 15, 16, 17, 18, 19, 20, 21]",0,svm_window_pca
15,d15,352,416,test,[],"[0, 15, 9, 4, 21, 16, 10, 3, 11, 20, 19, 5, 18, 14, 17, 12, 8, 7, 1, 13, 2, 6]",0,0,22,0.0,0.0,"[0, 1, 2, 3, 4, 5, 6, 7, 8, 9, 10, 11, 12, 13, 14, 15, 16, 17, 18, 19, 20, 21]",0,svm_window_pca
15,d15,416,480,test,[21],"[21, 15, 9, 0, 3, 16, 11, 10, 20, 4, 19, 5, 18, 17, 14, 12, 7, 8, 1, 13, 2, 6]",0,0,22,0.0,0.0,"[0, 1, 2, 3, 4, 5, 6, 7, 8, 9, 10, 11, 12, 13, 14, 15, 16, 17, 18, 19, 20, 21]",21,svm_window_pca
15,d15,480,544,test,[15],"[15, 0, 21, 10, 3, 16, 4, 11, 9, 20, 19, 5, 18, 14, 17, 12, 7, 8, 1, 13, 2, 6]",0,0,22,0.0,0.0,"[0, 1, 2, 3, 4, 5, 6, 7, 8, 9, 10, 11, 12, 13, 14, 15, 16, 17, 18, 19, 20, 21]",15,svm_window_pca
15,d15,544,608,test,[],"[0, 15, 10, 21, 9, 4, 3, 11, 16, 20, 19, 5, 18, 14, 17, 12, 8, 7, 1, 13, 2, 6]",0,0,22,0.0,0.0,"[0, 1, 2, 3, 4, 5, 6, 7, 8, 9, 10, 11, 12, 13, 14, 15, 16, 17, 18, 19, 20, 21]",0,svm_window_pca
15,d15,608,672,test,[15],"[15, 21, 16, 3, 9, 0, 20, 4, 10, 11, 19, 5, 18, 14, 17, 12, 7, 8, 1, 13, 2, 6]",0,0,22,0.0,0.0,"[0, 1, 2, 3, 4, 5, 6, 7, 8, 9, 10, 11, 12, 13, 14, 15, 16, 17, 18, 19, 20, 21]",15,svm_window_pca
15,d15,672,736,test,[21],"[21, 16, 3, 15, 0, 9, 4, 10, 20, 11, 19, 5, 18, 17, 14, 12, 8, 7, 1, 13, 2, 6]",0,0,22,0.0,0.0,"[0, 1, 2, 3, 4, 5, 6, 7, 8, 9, 10, 11, 12, 13, 14, 15, 16, 17, 18, 19, 20, 21]",21,svm_window_pca
15,d15,736,800,test,[10],"[10, 0, 4, 21, 16, 9, 15, 3, 11, 20, 19, 5, 18, 14, 17, 8, 12, 7, 1, 13, 2, 6]",0,0,22,0.0,0.0,"[0, 1, 2, 3, 4, 5, 6, 7, 8, 9, 10, 11, 12, 13, 14, 15, 16, 17, 18, 19, 20, 21]",10,svm_window_pca
15,d15,800,864,test,[15],"[15, 3, 0, 4, 16, 10, 9, 21, 11, 20, 19, 5, 18, 17, 12, 14, 7, 8, 1, 13, 2, 6]",0,0,22,0.0,0.0,"[0, 1, 2, 3, 4, 5, 6, 7, 8, 9, 10, 11, 12, 13, 14, 15, 16, 17, 18, 19, 20, 21]",15,svm_window_pca
15,d15,864,928,test,[],"[0, 21, 15, 10, 9, 3, 16, 4, 20, 11, 19, 5, 18, 17, 14, 12, 8, 7, 1, 13, 2, 6]",0,0,22,0.0,0.0,"[0, 1, 2, 3, 4, 5, 6, 7, 8, 9, 10, 11, 12, 13, 14, 15, 16, 17, 18, 19, 20, 21]",0,svm_window_pca
16,d16,160,224,test,[9],"[9, 15, 16, 0, 10, 21, 3, 4, 20, 19, 11, 5, 14, 17, 18, 12, 8, 7, 1, 13, 2, 6]",0,0,22,0.0,0.0,"[0, 1, 2, 3, 4, 5, 6, 7, 8, 9, 10, 11, 12, 13, 14, 15, 16, 17, 18, 19, 20, 21]",9,svm_window_pca
16,d16,224,288,test,[21],"[21, 0, 15, 10, 3, 4, 9, 16, 11, 20, 19, 5, 18, 14, 17, 12, 7, 8, 1, 13, 2, 6]",0,0,22,0.0,0.0,"[0, 1, 2, 3, 4, 5, 6, 7, 8, 9, 10, 11, 12, 13, 14, 15, 16, 17, 18, 19, 20, 21]",21,svm_window_pca
16,d16,288,352,test,[],"[0, 15, 21, 10, 16, 3, 4, 9, 11, 20, 19, 5, 18, 14, 17, 12, 8, 7, 1, 13, 2, 6]",0,0,22,0.0,0.0,"[0, 1, 2, 3, 4, 5, 6, 7, 8, 9, 10, 11, 12, 13, 14, 15, 16, 17, 18, 19, 20, 21]",0,svm_window_pca
16,d16,352,416,test,[15],"[15, 3, 0, 16, 4, 9, 10, 21, 11, 20, 19, 5, 18, 14, 17, 12, 7, 8, 1, 13, 2, 6]",0,0,22,0.0,0.0,"[0, 1, 2, 3, 4, 5, 6, 7, 8, 9, 10, 11, 12, 13, 14, 15, 16, 17, 18, 19, 20, 21]",15,svm_window_pca
16,d16,416,480,test,[15],"[15, 0, 10, 16, 21, 9, 3, 4, 11, 20, 19, 5, 18, 14, 17, 12, 7, 8, 1, 13, 2, 6]",0,0,22,0.0,0.0,"[0, 1, 2, 3, 4, 5, 6, 7, 8, 9, 10, 11, 12, 13, 14, 15, 16, 17, 18, 19, 20, 21]",15,svm_window_pca
16,d16,480,544,test,[10],"[10, 15, 9, 0, 21, 3, 16, 4, 11, 19, 20, 5, 18, 14, 17, 12, 7, 8, 1, 13, 2, 6]",0,0,22,0.0,0.0,"[0, 1, 2, 3, 4, 5, 6, 7, 8, 9, 10, 11, 12, 13, 14, 15, 16, 17, 18, 19, 20, 21]",10,svm_window_pca
16,d16,544,608,test,[21],"[21, 0, 15, 16, 4, 9, 10, 3, 11, 19, 20, 5, 18, 14, 17, 8, 12, 7, 1, 13, 2, 6]",0,0,22,0.0,0.0,"[0, 1, 2, 3, 4, 5, 6, 7, 8, 9, 10, 11, 12, 13, 14, 15, 16, 17, 18, 19, 20, 21]",21,svm_window_pca
16,d16,608,672,test,[15],"[15, 21, 4, 3, 0, 9, 16, 10, 19, 20, 11, 5, 18, 14, 17, 12, 7, 8, 1, 13, 2, 6]",0,0,22,0.0,0.0,"[0, 1, 2, 3, 4, 5, 6, 7, 8, 9, 10, 11, 12, 13, 14, 15, 16, 17, 18, 19, 20, 21]",15,svm_window_pca
16,d16,672,736,test,[15],"[15, 21, 16, 9, 10, 0, 4, 11, 3, 20, 19, 5, 17, 18, 14, 7, 12, 8, 1, 13, 2, 6]",0,0,22,0.0,0.0,"[0, 1, 2, 3, 4, 5, 6, 7, 8, 9, 10, 11, 12, 13, 14, 15, 16, 17, 18, 19, 20, 21]",15,svm_window_pca
16,d16,736,800,test,[4],"[4, 21, 15, 0, 9, 16, 10, 3, 11, 20, 19, 5, 18, 14, 17, 12, 8, 7, 13, 1, 2, 6]",0,0,22,0.0,0.0,"[0, 1, 2, 3, 4, 5, 6, 7, 8, 9, 10, 11, 12, 13, 14, 15, 16, 17, 18, 19, 20, 21]",4,svm_window_pca
16,d16,800,864,test,[15],"[15, 4, 0, 16, 21, 3, 9, 10, 20, 11, 19, 5, 12, 18, 14, 17, 7, 8, 1, 13, 2, 6]",0,0,22,0.0,0.0,"[0, 1, 2, 3, 4, 5, 6, 7, 8, 9, 10, 11, 12, 13, 14, 15, 16, 17, 18, 19, 20, 21]",15,svm_window_pca
16,d16,864,928,test,[15],"[15, 0, 9, 3, 16, 21, 20, 10, 4, 5, 11, 19, 14, 17, 18, 12, 7, 8, 1, 13, 2, 6]",0,0,22,0.0,0.0,"[0, 1, 2, 3, 4, 5, 6, 7, 8, 9, 10, 11, 12, 13, 14, 15, 16, 17, 18, 19, 20, 21]",15,svm_window_pca
17,d17,160,224,test,[17],"[17, 9, 0, 21, 15, 10, 3, 4, 16, 11, 20, 19, 5, 18, 14, 12, 7, 8, 1, 13, 2, 6]",0,0,22,0.0,0.0,"[0, 1, 2, 3, 4, 5, 6, 7, 8, 9, 10, 11, 12, 13, 14, 15, 16, 17, 18, 19, 20, 21]",17,svm_window_pca
17,d17,224,288,test,[17],"[17, 11, 0, 16, 15, 10, 21, 3, 4, 9, 19, 20, 5, 18, 14, 8, 12, 7, 1, 13, 2, 6]",0,0,22,0.0,0.0,"[0, 1, 2, 3, 4, 5, 6, 7, 8, 9, 10, 11, 12, 13, 14, 15, 16, 17, 18, 19, 20, 21]",17,svm_window_pca
17,d17,288,352,test,[17],"[17, 3, 15, 20, 0, 9, 21, 11, 4, 16, 10, 19, 5, 18, 14, 12, 7, 8, 1, 13, 2, 6]",0,0,22,0.0,0.0,"[0, 1, 2, 3, 4, 5, 6, 7, 8, 9, 10, 11, 12, 13, 14, 15, 16, 17, 18, 19, 20, 21]",17,svm_window_pca
17,d17,352,416,test,[17],"[17, 11, 0, 10, 21, 16, 3, 15, 9, 4, 20, 19, 5, 18, 14, 8, 7, 12, 1, 13, 2, 6]",0,0,22,0.0,0.0,"[0, 1, 2, 3, 4, 5, 6, 7, 8, 9, 10, 11, 12, 13, 14, 15, 16, 17, 18, 19, 20, 21]",17,svm_window_pca
17,d17,416,480,test,[17],"[17, 4, 0, 10, 16, 15, 11, 21, 9, 19, 20, 3, 5, 18, 14, 12, 8, 7, 13, 1, 2, 6]",0,0,22,0.0,0.0,"[0, 1, 2, 3, 4, 5, 6, 7, 8, 9, 10, 11, 12, 13, 14, 15, 16, 17, 18, 19, 20, 21]",17,svm_window_pca
17,d17,480,544,test,[17],"[17, 3, 15, 16, 0, 9, 21, 5, 10, 4, 11, 19, 20, 18, 14, 12, 7, 8, 1, 13, 2, 6]",0,0,22,0.0,0.0,"[0, 1, 2, 3, 4, 5, 6, 7, 8, 9, 10, 11, 12, 13, 14, 15, 16, 17, 18, 19, 20, 21]",17,svm_window_pca
17,d17,544,608,test,[17],"[17, 11, 10, 0, 15, 16, 9, 3, 21, 4, 20, 5, 19, 18, 14, 12, 8, 7, 1, 13, 2, 6]",0,0,22,0.0,0.0,"[0, 1, 2, 3, 4, 5, 6, 7, 8, 9, 10, 11, 12, 13, 14, 15, 16, 17, 18, 19, 20, 21]",17,svm_window_pca
17,d17,608,672,test,[15],"[15, 0, 3, 16, 21, 10, 20, 4, 9, 11, 19, 17, 5, 18, 14, 12, 7, 8, 1, 13, 2, 6]",0,0,22,0.0,0.0,"[0, 1, 2, 3, 4, 5, 6, 7, 8, 9, 10, 11, 12, 13, 14, 15, 16, 17, 18, 19, 20, 21]",15,svm_window_pca
17,d17,672,736,test,[17],"[17, 15, 16, 4, 0, 9, 3, 11, 21, 10, 19, 5, 20, 18, 14, 12, 8, 7, 1, 13, 2, 6]",0,0,22,0.0,0.0,"[0, 1, 2, 3, 4, 5, 6, 7, 8, 9, 10, 11, 12, 13, 14, 15, 16, 17, 18, 19, 20, 21]",17,svm_window_pca
17,d17,736,800,test,[17],"[17, 16, 3, 15, 11, 21, 19, 20, 10, 0, 4, 9, 5, 18, 14, 12, 7, 8, 1, 13, 2, 6]",0,0,22,0.0,0.0,"[0, 1, 2, 3, 4, 5, 6, 7, 8, 9, 10, 11, 12, 13, 14, 15, 16, 17, 18, 19, 20, 21]",17,svm_window_pca
17,d17,800,864,test,[17],"[17, 15, 9, 10, 16, 0, 3, 4, 21, 20, 19, 11, 5, 12, 18, 14, 7, 8, 1, 13, 2, 6]",0,0,22,0.0,0.0,"[0, 1, 2, 3, 4, 5, 6, 7, 8, 9, 10, 11, 12, 13, 14, 15, 16, 17, 18, 19, 20, 21]",17,svm_window_pca
17,d17,864,928,test,[17],"[17, 16, 11, 0, 15, 3, 10, 4, 21, 20, 9, 5, 19, 18, 14, 12, 8, 7, 1, 13, 2, 6]",0,0,22,0.0,0.0,"[0, 1, 2, 3, 4, 5, 6, 7, 8, 9, 10, 11, 12, 13, 14, 15, 16, 17, 18, 19, 20, 21]",17,svm_window_pca
18,d18,160,224,test,[21],"[21, 0, 4, 9, 15, 3, 16, 10, 20, 11, 19, 5, 18, 14, 17, 12, 8, 7, 1, 13, 2, 6]",0,0,22,0.0,0.0,"[0, 1, 2, 3, 4, 5, 6, 7, 8, 9, 10, 11, 12, 13, 14, 15, 16, 17, 18, 19, 20, 21]",21,svm_window_pca
18,d18,224,288,test,[18],"[18, 10, 4, 0, 11, 21, 19, 9, 15, 5, 20, 16, 3, 8, 12, 14, 17, 7, 1, 13, 6, 2]",0,0,22,0.0,0.0,"[0, 1, 2, 3, 4, 5, 6, 7, 8, 9, 10, 11, 12, 13, 14, 15, 16, 17, 18, 19, 20, 21]",18,svm_window_pca
18,d18,288,352,test,[18],"[18, 12, 8, 7, 13, 1, 6, 5, 17, 2, 14, 19, 11, 10, 16, 20, 9, 4, 3, 15, 0, 21]",0,0,22,0.0,0.0,"[0, 1, 2, 3, 4, 5, 6, 7, 8, 9, 10, 11, 12, 13, 14, 15, 16, 17, 18, 19, 20, 21]",18,svm_window_pca
18,d18,352,416,test,[8],"[8, 18, 13, 12, 7, 6, 1, 2, 17, 5, 14, 19, 11, 16, 10, 20, 9, 3, 21, 15, 4, 0]",0,0,22,0.0,0.0,"[0, 1, 2, 3, 4, 5, 6, 7, 8, 9, 10, 11, 12, 13, 14, 15, 16, 17, 18, 19, 20, 21]",8,svm_window_pca
18,d18,416,480,test,[8],"[8, 13, 18, 6, 12, 7, 1, 2, 17, 5, 14, 19, 11, 16, 10, 20, 9, 3, 21, 4, 15, 0]",0,0,22,0.0,0.0,"[0, 1, 2, 3, 4, 5, 6, 7, 8, 9, 10, 11, 12, 13, 14, 15, 16, 17, 18, 19, 20, 21]",8,svm_window_pca
18,d18,480,544,test,[8],"[8, 13, 18, 6, 12, 7, 1, 2, 17, 5, 14, 19, 11, 16, 10, 20, 9, 3, 21, 4, 15, 0]",0,0,22,0.0,0.0,"[0, 1, 2, 3, 4, 5, 6, 7, 8, 9, 10, 11, 12, 13, 14, 15, 16, 17, 18, 19, 20, 21]",8,svm_window_pca
18,d18,544,608,test,[8],"[8, 13, 18, 6, 12, 7, 1, 2, 17, 5, 14, 19, 11, 16, 10, 20, 9, 3, 21, 4, 15, 0]",0,0,22,0.0,0.0,"[0, 1, 2, 3, 4, 5, 6, 7, 8, 9, 10, 11, 12, 13, 14, 15, 16, 17, 18, 19, 20, 21]",8,svm_window_pca
18,d18,608,672,test,[8],"[8, 13, 18, 6, 12, 7, 1, 2, 17, 5, 14, 19, 11, 16, 10, 20, 9, 3, 21, 4, 15, 0]",0,0,22,0.0,0.0,"[0, 1, 2, 3, 4, 5, 6, 7, 8, 9, 10, 11, 12, 13, 14, 15, 16, 17, 18, 19, 20, 21]",8,svm_window_pca
18,d18,672,736,test,[8],"[8, 13, 18, 6, 12, 7, 1, 2, 17, 5, 14, 19, 11, 16, 10, 20, 9, 3, 21, 4, 15, 0]",0,0,22,0.0,0.0,"[0, 1, 2, 3, 4, 5, 6, 7, 8, 9, 10, 11, 12, 13, 14, 15, 16, 17, 18, 19, 20, 21]",8,svm_window_pca
18,d18,736,800,test,[8],"[8, 13, 18, 6, 12, 7, 1, 2, 17, 5, 14, 19, 11, 16, 10, 20, 9, 3, 21, 4, 15, 0]",0,0,22,0.0,0.0,"[0, 1, 2, 3, 4, 5, 6, 7, 8, 9, 10, 11, 12, 13, 14, 15, 16, 17, 18, 19, 20, 21]",8,svm_window_pca
18,d18,800,864,test,[8],"[8, 13, 18, 6, 12, 7, 1, 2, 17, 5, 14, 19, 11, 16, 10, 20, 9, 3, 21, 4, 15, 0]",0,0,22,0.0,0.0,"[0, 1, 2, 3, 4, 5, 6, 7, 8, 9, 10, 11, 12, 13, 14, 15, 16, 17, 18, 19, 20, 21]",8,svm_window_pca
18,d18,864,928,test,[8],"[8, 13, 18, 6, 12, 7, 1, 2, 17, 5, 14, 19, 11, 16, 10, 20, 9, 3, 21, 4, 15, 0]",0,0,22,0.0,0.0,"[0, 1, 2, 3, 4, 5, 6, 7, 8, 9, 10, 11, 12, 13, 14, 15, 16, 17, 18, 19, 20, 21]",8,svm_window_pca
19,d19,160,224,test,[21],"[21, 15, 10, 16, 3, 0, 9, 20, 4, 11, 19, 5, 18, 14, 17, 12, 7, 8, 1, 13, 2, 6]",0,0,22,0.0,0.0,"[0, 1, 2, 3, 4, 5, 6, 7, 8, 9, 10, 11, 12, 13, 14, 15, 16, 17, 18, 19, 20, 21]",21,svm_window_pca
19,d19,224,288,test,[],"[0, 9, 15, 21, 3, 4, 16, 10, 20, 11, 19, 5, 18, 14, 17, 12, 7, 8, 1, 13, 2, 6]",0,0,22,0.0,0.0,"[0, 1, 2, 3, 4, 5, 6, 7, 8, 9, 10, 11, 12, 13, 14, 15, 16, 17, 18, 19, 20, 21]",0,svm_window_pca
19,d19,288,352,test,[],"[0, 15, 21, 4, 16, 10, 9, 3, 11, 20, 19, 5, 18, 14, 17, 12, 8, 7, 1, 13, 2, 6]",0,0,22,0.0,0.0,"[0, 1, 2, 3, 4, 5, 6, 7, 8, 9, 10, 11, 12, 13, 14, 15, 16, 17, 18, 19, 20, 21]",0,svm_window_pca
19,d19,352,416,test,[4],"[4, 9, 0, 21, 16, 10, 11, 15, 3, 20, 19, 5, 18, 17, 14, 12, 8, 7, 1, 13, 2, 6]",0,0,22,0.0,0.0,"[0, 1, 2, 3, 4, 5, 6, 7, 8, 9, 10, 11, 12, 13, 14, 15, 16, 17, 18, 19, 20, 21]",4,svm_window_pca
19,d19,416,480,test,[21],"[21, 15, 0, 10, 3, 9, 16, 4, 11, 20, 19, 5, 18, 17, 14, 12, 7, 8, 1, 13, 2, 6]",0,0,22,0.0,0.0,"[0, 1, 2, 3, 4, 5, 6, 7, 8, 9, 10, 11, 12, 13, 14, 15, 16, 17, 18, 19, 20, 21]",21,svm_window_pca
19,d19,480,544,test,[10],"[10, 0, 16, 15, 4, 20, 21, 9, 3, 11, 19, 5, 18, 14, 17, 12, 8, 7, 1, 13, 2, 6]",0,0,22,0.0,0.0,"[0, 1, 2, 3, 4, 5, 6, 7, 8, 9, 10, 11, 12, 13, 14, 15, 16, 17, 18, 19, 20, 21]",10,svm_window_pca
19,d19,544,608,test,[21],"[21, 15, 0, 4, 9, 16, 3, 11, 20, 10, 19, 5, 18, 17, 14, 12, 8, 7, 1, 13, 2, 6]",0,0,22,0.0,0.0,"[0, 1, 2, 3, 4, 5, 6, 7, 8, 9, 10, 11, 12, 13, 14, 15, 16, 17, 18, 19, 20, 21]",21,svm_window_pca
19,d19,608,672,test,[15],"[15, 0, 16, 10, 21, 4, 9, 3, 20, 19, 11, 5, 18, 17, 14, 12, 8, 7, 1, 13, 2, 6]",0,0,22,0.0,0.0,"[0, 1, 2, 3, 4, 5, 6, 7, 8, 9, 10, 11, 12, 13, 14, 15, 16, 17, 18, 19, 20, 21]",15,svm_window_pca
19,d19,672,736,test,[15],"[15, 3, 16, 0, 10, 21, 4, 9, 20, 11, 19, 5, 18, 14, 17, 12, 7, 8, 1, 13, 2, 6]",0,0,22,0.0,0.0,"[0, 1, 2, 3, 4, 5, 6, 7, 8, 9, 10, 11, 12, 13, 14, 15, 16, 17, 18, 19, 20, 21]",15,svm_window_pca
19,d19,736,800,test,[9],"[9, 16, 10, 3, 15, 21, 0, 11, 20, 4, 19, 5, 18, 14, 17, 7, 12, 8, 1, 13, 2, 6]",0,0,22,0.0,0.0,"[0, 1, 2, 3, 4, 5, 6, 7, 8, 9, 10, 11, 12, 13, 14, 15, 16, 17, 18, 19, 20, 21]",9,svm_window_pca
19,d19,800,864,test,[15],"[15, 4, 21, 0, 10, 3, 9, 16, 11, 20, 19, 5, 18, 14, 17, 12, 7, 8, 1, 13, 2, 6]",0,0,22,0.0,0.0,"[0, 1, 2, 3, 4, 5, 6, 7, 8, 9, 10, 11, 12, 13, 14, 15, 16, 17, 18, 19, 20, 21]",15,svm_window_pca
19,d19,864,928,test,[21],"[21, 0, 15, 4, 10, 9, 16, 3, 11, 20, 19, 5, 18, 14, 17, 12, 7, 8, 1, 13, 2, 6]",0,0,22,0.0,0.0,"[0, 1, 2, 3, 4, 5, 6, 7, 8, 9, 10, 11, 12, 13, 14, 15, 16, 17, 18, 19, 20, 21]",21,svm_window_pca
20,d20,160,224,test,[15],"[15, 3, 21, 10, 9, 0, 20, 4, 16, 11, 19, 5, 17, 18, 14, 12, 7, 8, 1, 13, 2, 6]",0,0,22,0.0,0.0,"[0, 1, 2, 3, 4, 5, 6, 7, 8, 9, 10, 11, 12, 13, 14, 15, 16, 17, 18, 19, 20, 21]",15,svm_window_pca
20,d20,224,288,test,[],"[0, 15, 21, 16, 10, 9, 4, 3, 11, 20, 19, 5, 18, 14, 17, 8, 7, 12, 1, 13, 2, 6]",0,0,22,0.0,0.0,"[0, 1, 2, 3, 4, 5, 6, 7, 8, 9, 10, 11, 12, 13, 14, 15, 16, 17, 18, 19, 20, 21]",0,svm_window_pca
20,d20,288,352,test,[],"[0, 21, 10, 4, 16, 9, 20, 15, 11, 3, 19, 5, 18, 17, 14, 8, 7, 12, 13, 1, 2, 6]",0,0,22,0.0,0.0,"[0, 1, 2, 3, 4, 5, 6, 7, 8, 9, 10, 11, 12, 13, 14, 15, 16, 17, 18, 19, 20, 21]",0,svm_window_pca
20,d20,352,416,test,[],"[0, 10, 15, 20, 16, 21, 3, 9, 4, 11, 19, 5, 18, 14, 17, 12, 7, 8, 1, 13, 2, 6]",0,0,22,0.0,0.0,"[0, 1, 2, 3, 4, 5, 6, 7, 8, 9, 10, 11, 12, 13, 14, 15, 16, 17, 18, 19, 20, 21]",0,svm_window_pca
20,d20,416,480,test,[],"[0, 15, 10, 21, 20, 3, 16, 9, 4, 11, 19, 5, 18, 17, 14, 12, 8, 7, 1, 13, 2, 6]",0,0,22,0.0,0.0,"[0, 1, 2, 3, 4, 5, 6, 7, 8, 9, 10, 11, 12, 13, 14, 15, 16, 17, 18, 19, 20, 21]",0,svm_window_pca
20,d20,480,544,test,[15],"[15, 10, 16, 3, 9, 0, 20, 21, 4, 19, 11, 5, 18, 17, 14, 12, 7, 8, 1, 13, 2, 6]",0,0,22,0.0,0.0,"[0, 1, 2, 3, 4, 5, 6, 7, 8, 9, 10, 11, 12, 13, 14, 15, 16, 17, 18, 19, 20, 21]",15,svm_window_pca
20,d20,544,608,test,[9],"[9, 15, 16, 20, 0, 3, 21, 10, 11, 4, 19, 5, 18, 17, 14, 12, 8, 7, 1, 13, 2, 6]",0,0,22,0.0,0.0,"[0, 1, 2, 3, 4, 5, 6, 7, 8, 9, 10, 11, 12, 13, 14, 15, 16, 17, 18, 19, 20, 21]",9,svm_window_pca
20,d20,608,672,test,[],"[0, 21, 10, 9, 16, 15, 4, 3, 11, 20, 19, 5, 18, 14, 17, 12, 8, 7, 1, 13, 2, 6]",0,0,22,0.0,0.0,"[0, 1, 2, 3, 4, 5, 6, 7, 8, 9, 10, 11, 12, 13, 14, 15, 16, 17, 18, 19, 20, 21]",0,svm_window_pca
20,d20,672,736,test,[],"[0, 16, 15, 9, 3, 21, 4, 20, 10, 11, 19, 5, 18, 14, 17, 12, 8, 7, 1, 13, 2, 6]",0,0,22,0.0,0.0,"[0, 1, 2, 3, 4, 5, 6, 7, 8, 9, 10, 11, 12, 13, 14, 15, 16, 17, 18, 19, 20, 21]",0,svm_window_pca
20,d20,736,800,test,[9],"[9, 15, 16, 21, 3, 0, 10, 20, 4, 11, 19, 5, 18, 14, 17, 12, 7, 8, 1, 13, 2, 6]",0,0,22,0.0,0.0,"[0, 1, 2, 3, 4, 5, 6, 7, 8, 9, 10, 11, 12, 13, 14, 15, 16, 17, 18, 19, 20, 21]",9,svm_window_pca
20,d20,800,864,test,[15],"[15, 0, 3, 21, 10, 4, 9, 16, 11, 20, 19, 5, 18, 14, 17, 12, 8, 7, 1, 13, 2, 6]",0,0,22,0.0,0.0,"[0, 1, 2, 3, 4, 5, 6, 7, 8, 9, 10, 11, 12, 13, 14, 15, 16, 17, 18, 19, 20, 21]",15,svm_window_pca
20,d20,864,928,test,[9],"[9, 15, 3, 20, 21, 16, 0, 4, 10, 11, 5, 19, 18, 14, 17, 12, 7, 8, 1, 13, 2, 6]",0,0,22,0.0,0.0,"[0, 1, 2, 3, 4, 5, 6, 7, 8, 9, 10, 11, 12, 13, 14, 15, 16, 17, 18, 19, 20, 21]",9,svm_window_pca
21,d21,160,224,test,[15],"[15, 3, 16, 4, 21, 10, 9, 0, 11, 19, 20, 5, 18, 14, 17, 12, 7, 8, 1, 13, 2, 6]",0,0,22,0.0,0.0,"[0, 1, 2, 3, 4, 5, 6, 7, 8, 9, 10, 11, 12, 13, 14, 15, 16, 17, 18, 19, 20, 21]",15,svm_window_pca
21,d21,224,288,test,[15],"[15, 21, 9, 10, 0, 4, 3, 16, 11, 20, 5, 19, 18, 14, 17, 7, 12, 8, 1, 13, 2, 6]",0,0,22,0.0,0.0,"[0, 1, 2, 3, 4, 5, 6, 7, 8, 9, 10, 11, 12, 13, 14, 15, 16, 17, 18, 19, 20, 21]",15,svm_window_pca
21,d21,288,352,test,[10],"[10, 4, 9, 21, 15, 16, 3, 0, 11, 19, 20, 5, 18, 14, 17, 12, 8, 7, 1, 13, 2, 6]",0,0,22,0.0,0.0,"[0, 1, 2, 3, 4, 5, 6, 7, 8, 9, 10, 11, 12, 13, 14, 15, 16, 17, 18, 19, 20, 21]",10,svm_window_pca
21,d21,352,416,test,[15],"[15, 21, 0, 3, 9, 16, 10, 11, 4, 20, 19, 5, 17, 14, 18, 7, 8, 12, 1, 13, 2, 6]",0,0,22,0.0,0.0,"[0, 1, 2, 3, 4, 5, 6, 7, 8, 9, 10, 11, 12, 13, 14, 15, 16, 17, 18, 19, 20, 21]",15,svm_window_pca
21,d21,416,480,test,[21],"[21, 16, 0, 3, 15, 20, 9, 10, 11, 4, 19, 5, 18, 14, 17, 7, 12, 8, 1, 13, 2, 6]",0,0,22,0.0,0.0,"[0, 1, 2, 3, 4, 5, 6, 7, 8, 9, 10, 11, 12, 13, 14, 15, 16, 17, 18, 19, 20, 21]",21,svm_window_pca
21,d21,480,544,test,[15],"[15, 0, 16, 21, 9, 3, 20, 11, 10, 4, 19, 5, 18, 17, 14, 12, 7, 8, 1, 13, 2, 6]",0,0,22,0.0,0.0,"[0, 1, 2, 3, 4, 5, 6, 7, 8, 9, 10, 11, 12, 13, 14, 15, 16, 17, 18, 19, 20, 21]",15,svm_window_pca
21,d21,544,608,test,[],"[0, 21, 15, 10, 9, 4, 16, 3, 20, 11, 19, 5, 18, 14, 17, 12, 8, 7, 1, 13, 2, 6]",0,0,22,0.0,0.0,"[0, 1, 2, 3, 4, 5, 6, 7, 8, 9, 10, 11, 12, 13, 14, 15, 16, 17, 18, 19, 20, 21]",0,svm_window_pca
21,d21,608,672,test,[3],"[3, 16, 0, 4, 15, 9, 21, 10, 20, 11, 19, 5, 18, 17, 14, 12, 8, 7, 1, 13, 2, 6]",0,0,22,0.0,0.0,"[0, 1, 2, 3, 4, 5, 6, 7, 8, 9, 10, 11, 12, 13, 14, 15, 16, 17, 18, 19, 20, 21]",3,svm_window_pca
21,d21,672,736,test,[],"[0, 15, 4, 21, 3, 9, 16, 11, 10, 20, 19, 5, 17, 18, 14, 12, 8, 7, 1, 13, 2, 6]",0,0,22,0.0,0.0,"[0, 1, 2, 3, 4, 5, 6, 7, 8, 9, 10, 11, 12, 13, 14, 15, 16, 17, 18, 19, 20, 21]",0,svm_window_pca
21,d21,736,800,test,[],"[0, 3, 15, 21, 4, 9, 16, 10, 20, 11, 19, 5, 18, 17, 14, 12, 8, 7, 1, 13, 2, 6]",0,0,22,0.0,0.0,"[0, 1, 2, 3, 4, 5, 6, 7, 8, 9, 10, 11, 12, 13, 14, 15, 16, 17, 18, 19, 20, 21]",0,svm_window_pca
21,d21,800,864,test,[15],"[15, 0, 9, 21, 10, 16, 3, 4, 20, 11, 19, 5, 18, 17, 14, 12, 8, 7, 1, 13, 2, 6]",0,0,22,0.0,0.0,"[0, 1, 2, 3, 4, 5, 6, 7, 8, 9, 10, 11, 12, 13, 14, 15, 16, 17, 18, 19, 20, 21]",15,svm_window_pca
21,d21,864,928,test,[],"[0, 9, 3, 21, 15, 10, 16, 20, 11, 4, 19, 5, 18, 14, 17, 8, 7, 12, 1, 13, 2, 6]",0,0,22,0.0,0.0,"[0, 1, 2, 3, 4, 5, 6, 7, 8, 9, 10, 11, 12, 13, 14, 15, 16, 17, 18, 19, 20, 21]",0,svm_window_pca
