dataset,split,item,method,seed,event_id,start,end,rank,k,precision,recall,f1,ndcg,hit,n_true,n_pred,inter
smd,group1_development,machine-1-1,treeshap_iforest,0,0,15849,16368,"[0, 29, 9, 30, 24, 31, 1, 3, 27, 34, 2, 21, 19, 20, 12, 11, 18, 35, 8, 10, 14, 23, 5, 13, 25, 22, 15, 33, 6, 32, 4, 7, 16, 17, 26, 28, 36, 37]",1,1.0,0.14285714285714285,0.25,1.0,1,7,1,1
smd,group1_development,machine-1-1,treeshap_iforest,0,0,15849,16368,"[0, 29, 9, 30, 24, 31, 1, 3, 27, 34, 2, 21, 19, 20, 12, 11, 18, 35, 8, 10, 14, 23, 5, 13, 25, 22, 15, 33, 6, 32, 4, 7, 16, 17, 26, 28, 36, 37]",3,0.6666666666666666,0.2857142857142857,0.4,0.7039180890341347,1,7,3,2
smd,group1_development,machine-1-1,treeshap_iforest,0,0,15849,16368,"[0, 29, 9, 30, 24, 31, 1, 3, 27, 34, 2, 21, 19, 20, 12, 11, 18, 35, 8, 10, 14, 23, 5, 13, 25, 22, 15, 33, 6, 32, 4, 7, 16, 17, 26, 28, 36, 37]",5,0.4,0.2857142857142857,0.3333333333333333,0.5087403079104241,1,7,5,2
smd,group1_development,machine-1-1,treeshap_iforest,0,1,16963,17517,"[0, 29, 30, 1, 31, 24, 3, 9, 27, 34, 2, 21, 19, 20, 10, 35, 33, 18, 15, 8, 23, 14, 11, 12, 5, 25, 13, 22, 32, 6, 4, 7, 16, 17, 26, 28, 36, 37]",1,1.0,0.03225806451612903,0.0625,1.0,1,31,1,1
smd,group1_development,machine-1-1,treeshap_iforest,0,1,16963,17517,"[0, 29, 30, 1, 31, 24, 3, 9, 27, 34, 2, 21, 19, 20, 10, 35, 33, 18, 15, 8, 23, 14, 11, 12, 5, 25, 13, 22, 32, 6, 4, 7, 16, 17, 26, 28, 36, 37]",3,1.0,0.0967741935483871,0.17647058823529413,1.0,1,31,3,3
smd,group1_development,machine-1-1,treeshap_iforest,0,1,16963,17517,"[0, 29, 30, 1, 31, 24, 3, 9, 27, 34, 2, 21, 19, 20, 10, 35, 33, 18, 15, 8, 23, 14, 11, 12, 5, 25, 13, 22, 32, 6, 4, 7, 16, 17, 26, 28, 36, 37]",5,1.0,0.16129032258064516,0.27777777777777773,1.0,1,31,5,5
smd,group1_development,machine-1-1,treeshap_iforest,0,2,18071,18528,"[0, 29, 9, 30, 3, 1, 31, 34, 24, 27, 2, 19, 21, 20, 11, 35, 12, 23, 8, 25, 18, 10, 14, 5, 13, 33, 15, 22, 32, 6, 4, 7, 16, 17, 26, 28, 36, 37]",1,1.0,0.125,0.2222222222222222,1.0,1,8,1,1
smd,group1_development,machine-1-1,treeshap_iforest,0,2,18071,18528,"[0, 29, 9, 30, 3, 1, 31, 34, 24, 27, 2, 19, 21, 20, 11, 35, 12, 23, 8, 25, 18, 10, 14, 5, 13, 33, 15, 22, 32, 6, 4, 7, 16, 17, 26, 28, 36, 37]",3,0.6666666666666666,0.25,0.36363636363636365,0.7039180890341347,1,8,3,2
smd,group1_development,machine-1-1,treeshap_iforest,0,2,18071,18528,"[0, 29, 9, 30, 3, 1, 31, 34, 24, 27, 2, 19, 21, 20, 11, 35, 12, 23, 8, 25, 18, 10, 14, 5, 13, 33, 15, 22, 32, 6, 4, 7, 16, 17, 26, 28, 36, 37]",5,0.4,0.25,0.3076923076923077,0.5087403079104241,1,8,5,2
smd,group1_development,machine-1-1,treeshap_iforest,0,3,19367,20088,"[0, 29, 9, 30, 24, 31, 27, 1, 34, 21, 3, 19, 20, 2, 18, 10, 23, 35, 25, 22, 11, 12, 5, 15, 14, 8, 13, 33, 32, 6, 4, 7, 16, 17, 26, 28, 36, 37]",1,1.0,0.07142857142857142,0.13333333333333333,1.0,1,14,1,1
smd,group1_development,machine-1-1,treeshap_iforest,0,3,19367,20088,"[0, 29, 9, 30, 24, 31, 27, 1, 34, 21, 3, 19, 20, 2, 18, 10, 23, 35, 25, 22, 11, 12, 5, 15, 14, 8, 13, 33, 32, 6, 4, 7, 16, 17, 26, 28, 36, 37]",3,0.6666666666666666,0.14285714285714285,0.23529411764705882,0.7039180890341347,1,14,3,2
smd,group1_development,machine-1-1,treeshap_iforest,0,3,19367,20088,"[0, 29, 9, 30, 24, 31, 27, 1, 34, 21, 3, 19, 20, 2, 18, 10, 23, 35, 25, 22, 11, 12, 5, 15, 14, 8, 13, 33, 32, 6, 4, 7, 16, 17, 26, 28, 36, 37]",5,0.6,0.21428571428571427,0.3157894736842105,0.639945385422766,1,14,5,3
smd,group1_development,machine-1-1,treeshap_iforest,0,4,20786,21195,"[0, 29, 9, 30, 31, 24, 27, 34, 1, 2, 3, 21, 19, 20, 10, 11, 12, 8, 35, 18, 15, 23, 14, 25, 13, 5, 22, 6, 33, 32, 4, 7, 16, 17, 26, 28, 36, 37]",1,1.0,0.14285714285714285,0.25,1.0,1,7,1,1
smd,group1_development,machine-1-1,treeshap_iforest,0,4,20786,21195,"[0, 29, 9, 30, 31, 24, 27, 34, 1, 2, 3, 21, 19, 20, 10, 11, 12, 8, 35, 18, 15, 23, 14, 25, 13, 5, 22, 6, 33, 32, 4, 7, 16, 17, 26, 28, 36, 37]",3,0.6666666666666666,0.2857142857142857,0.4,0.7039180890341347,1,7,3,2
smd,group1_development,machine-1-1,treeshap_iforest,0,4,20786,21195,"[0, 29, 9, 30, 31, 24, 27, 34, 1, 2, 3, 21, 19, 20, 10, 11, 12, 8, 35, 18, 15, 23, 14, 25, 13, 5, 22, 6, 33, 32, 4, 7, 16, 17, 26, 28, 36, 37]",5,0.4,0.2857142857142857,0.3333333333333333,0.5087403079104241,1,7,5,2
smd,group1_development,machine-1-1,treeshap_iforest,0,5,24679,24682,"[29, 12, 11, 13, 8, 14, 0, 9, 5, 6, 31, 10, 33, 18, 23, 2, 1, 25, 22, 27, 30, 3, 24, 34, 19, 15, 32, 20, 21, 35, 4, 7, 16, 17, 26, 28, 36, 37]",1,0.0,0.0,0.0,0.0,0,4,1,0
smd,group1_development,machine-1-1,treeshap_iforest,0,5,24679,24682,"[29, 12, 11, 13, 8, 14, 0, 9, 5, 6, 31, 10, 33, 18, 23, 2, 1, 25, 22, 27, 30, 3, 24, 34, 19, 15, 32, 20, 21, 35, 4, 7, 16, 17, 26, 28, 36, 37]",3,0.3333333333333333,0.25,0.28571428571428575,0.2960819109658652,1,4,3,1
smd,group1_development,machine-1-1,treeshap_iforest,0,5,24679,24682,"[29, 12, 11, 13, 8, 14, 0, 9, 5, 6, 31, 10, 33, 18, 23, 2, 1, 25, 22, 27, 30, 3, 24, 34, 19, 15, 32, 20, 21, 35, 4, 7, 16, 17, 26, 28, 36, 37]",5,0.6,0.75,0.6666666666666665,0.5654495432396527,1,4,5,3
smd,group1_development,machine-1-1,treeshap_iforest,0,6,26114,26116,"[29, 12, 11, 10, 8, 14, 13, 15, 31, 5, 6, 22, 34, 23, 33, 25, 21, 18, 1, 35, 32, 27, 30, 19, 24, 2, 9, 20, 3, 0, 4, 7, 16, 17, 26, 28, 36, 37]",1,0.0,0.0,0.0,0.0,0,4,1,0
smd,group1_development,machine-1-1,treeshap_iforest,0,6,26114,26116,"[29, 12, 11, 10, 8, 14, 13, 15, 31, 5, 6, 22, 34, 23, 33, 25, 21, 18, 1, 35, 32, 27, 30, 19, 24, 2, 9, 20, 3, 0, 4, 7, 16, 17, 26, 28, 36, 37]",3,0.3333333333333333,0.25,0.28571428571428575,0.2960819109658652,1,4,3,1
smd,group1_development,machine-1-1,treeshap_iforest,0,6,26114,26116,"[29, 12, 11, 10, 8, 14, 13, 15, 31, 5, 6, 22, 34, 23, 33, 25, 21, 18, 1, 35, 32, 27, 30, 19, 24, 2, 9, 20, 3, 0, 4, 7, 16, 17, 26, 28, 36, 37]",5,0.4,0.5,0.4444444444444445,0.3973220069685352,1,4,5,2
smd,group1_development,machine-1-1,treeshap_iforest,0,7,27554,27556,"[29, 12, 11, 8, 0, 10, 14, 13, 15, 34, 21, 30, 35, 19, 6, 27, 31, 1, 33, 22, 20, 23, 18, 5, 25, 9, 32, 3, 2, 24, 4, 7, 16, 17, 26, 28, 36, 37]",1,0.0,0.0,0.0,0.0,0,4,1,0
smd,group1_development,machine-1-1,treeshap_iforest,0,7,27554,27556,"[29, 12, 11, 8, 0, 10, 14, 13, 15, 34, 21, 30, 35, 19, 6, 27, 31, 1, 33, 22, 20, 23, 18, 5, 25, 9, 32, 3, 2, 24, 4, 7, 16, 17, 26, 28, 36, 37]",3,0.3333333333333333,0.25,0.28571428571428575,0.2960819109658652,1,4,3,1
smd,group1_development,machine-1-1,treeshap_iforest,0,7,27554,27556,"[29, 12, 11, 8, 0, 10, 14, 13, 15, 34, 21, 30, 35, 19, 6, 27, 31, 1, 33, 22, 20, 23, 18, 5, 25, 9, 32, 3, 2, 24, 4, 7, 16, 17, 26, 28, 36, 37]",5,0.4,0.5,0.4444444444444445,0.4144299250118475,1,4,5,2
smd,group1_development,machine-1-1,treeshap_iforest,1,0,15849,16368,"[0, 29, 9, 35, 2, 3, 1, 31, 27, 24, 21, 19, 34, 30, 18, 20, 13, 8, 23, 10, 22, 12, 15, 14, 25, 11, 5, 6, 33, 32, 4, 7, 16, 17, 26, 28, 36, 37]",1,1.0,0.14285714285714285,0.25,1.0,1,7,1,1
smd,group1_development,machine-1-1,treeshap_iforest,1,0,15849,16368,"[0, 29, 9, 35, 2, 3, 1, 31, 27, 24, 21, 19, 34, 30, 18, 20, 13, 8, 23, 10, 22, 12, 15, 14, 25, 11, 5, 6, 33, 32, 4, 7, 16, 17, 26, 28, 36, 37]",3,0.6666666666666666,0.2857142857142857,0.4,0.7039180890341347,1,7,3,2
smd,group1_development,machine-1-1,treeshap_iforest,1,0,15849,16368,"[0, 29, 9, 35, 2, 3, 1, 31, 27, 24, 21, 19, 34, 30, 18, 20, 13, 8, 23, 10, 22, 12, 15, 14, 25, 11, 5, 6, 33, 32, 4, 7, 16, 17, 26, 28, 36, 37]",5,0.4,0.2857142857142857,0.3333333333333333,0.5087403079104241,1,7,5,2
smd,group1_development,machine-1-1,treeshap_iforest,1,1,16963,17517,"[0, 29, 35, 3, 2, 9, 1, 31, 27, 19, 21, 34, 30, 24, 20, 18, 10, 15, 8, 33, 23, 14, 25, 13, 22, 11, 12, 5, 6, 32, 4, 7, 16, 17, 26, 28, 36, 37]",1,1.0,0.03225806451612903,0.0625,1.0,1,31,1,1
smd,group1_development,machine-1-1,treeshap_iforest,1,1,16963,17517,"[0, 29, 35, 3, 2, 9, 1, 31, 27, 19, 21, 34, 30, 24, 20, 18, 10, 15, 8, 33, 23, 14, 25, 13, 22, 11, 12, 5, 6, 32, 4, 7, 16, 17, 26, 28, 36, 37]",3,1.0,0.0967741935483871,0.17647058823529413,1.0,1,31,3,3
smd,group1_development,machine-1-1,treeshap_iforest,1,1,16963,17517,"[0, 29, 35, 3, 2, 9, 1, 31, 27, 19, 21, 34, 30, 24, 20, 18, 10, 15, 8, 33, 23, 14, 25, 13, 22, 11, 12, 5, 6, 32, 4, 7, 16, 17, 26, 28, 36, 37]",5,1.0,0.16129032258064516,0.27777777777777773,1.0,1,31,5,5
smd,group1_development,machine-1-1,treeshap_iforest,1,2,18071,18528,"[0, 29, 35, 9, 3, 2, 1, 34, 31, 27, 19, 21, 24, 30, 18, 20, 23, 8, 12, 13, 10, 25, 22, 15, 11, 14, 33, 5, 6, 32, 4, 7, 16, 17, 26, 28, 36, 37]",1,1.0,0.125,0.2222222222222222,1.0,1,8,1,1
smd,group1_development,machine-1-1,treeshap_iforest,1,2,18071,18528,"[0, 29, 35, 9, 3, 2, 1, 34, 31, 27, 19, 21, 24, 30, 18, 20, 23, 8, 12, 13, 10, 25, 22, 15, 11, 14, 33, 5, 6, 32, 4, 7, 16, 17, 26, 28, 36, 37]",3,0.3333333333333333,0.125,0.18181818181818182,0.46927872602275644,1,8,3,1
smd,group1_development,machine-1-1,treeshap_iforest,1,2,18071,18528,"[0, 29, 35, 9, 3, 2, 1, 34, 31, 27, 19, 21, 24, 30, 18, 20, 23, 8, 12, 13, 10, 25, 22, 15, 11, 14, 33, 5, 6, 32, 4, 7, 16, 17, 26, 28, 36, 37]",5,0.4,0.25,0.3076923076923077,0.48522855511632257,1,8,5,2
smd,group1_development,machine-1-1,treeshap_iforest,1,3,19367,20088,"[0, 29, 9, 35, 31, 2, 27, 1, 3, 21, 30, 24, 19, 34, 18, 20, 23, 10, 22, 15, 25, 13, 12, 8, 5, 14, 11, 33, 6, 32, 4, 7, 16, 17, 26, 28, 36, 37]",1,1.0,0.07142857142857142,0.13333333333333333,1.0,1,14,1,1
smd,group1_development,machine-1-1,treeshap_iforest,1,3,19367,20088,"[0, 29, 9, 35, 31, 2, 27, 1, 3, 21, 30, 24, 19, 34, 18, 20, 23, 10, 22, 15, 25, 13, 12, 8, 5, 14, 11, 33, 6, 32, 4, 7, 16, 17, 26, 28, 36, 37]",3,0.6666666666666666,0.14285714285714285,0.23529411764705882,0.7039180890341347,1,14,3,2
smd,group1_development,machine-1-1,treeshap_iforest,1,3,19367,20088,"[0, 29, 9, 35, 31, 2, 27, 1, 3, 21, 30, 24, 19, 34, 18, 20, 23, 10, 22, 15, 25, 13, 12, 8, 5, 14, 11, 33, 6, 32, 4, 7, 16, 17, 26, 28, 36, 37]",5,0.4,0.14285714285714285,0.21052631578947364,0.5087403079104241,1,14,5,2
smd,group1_development,machine-1-1,treeshap_iforest,1,4,20786,21195,"[0, 29, 9, 3, 35, 2, 31, 27, 1, 19, 24, 34, 21, 30, 20, 18, 10, 15, 23, 13, 22, 8, 25, 12, 11, 5, 14, 33, 32, 6, 4, 7, 16, 17, 26, 28, 36, 37]",1,1.0,0.14285714285714285,0.25,1.0,1,7,1,1
smd,group1_development,machine-1-1,treeshap_iforest,1,4,20786,21195,"[0, 29, 9, 3, 35, 2, 31, 27, 1, 19, 24, 34, 21, 30, 20, 18, 10, 15, 23, 13, 22, 8, 25, 12, 11, 5, 14, 33, 32, 6, 4, 7, 16, 17, 26, 28, 36, 37]",3,0.6666666666666666,0.2857142857142857,0.4,0.7039180890341347,1,7,3,2
smd,group1_development,machine-1-1,treeshap_iforest,1,4,20786,21195,"[0, 29, 9, 3, 35, 2, 31, 27, 1, 19, 24, 34, 21, 30, 20, 18, 10, 15, 23, 13, 22, 8, 25, 12, 11, 5, 14, 33, 32, 6, 4, 7, 16, 17, 26, 28, 36, 37]",5,0.4,0.2857142857142857,0.3333333333333333,0.5087403079104241,1,7,5,2
smd,group1_development,machine-1-1,treeshap_iforest,1,5,24679,24682,"[29, 13, 8, 11, 12, 14, 0, 9, 5, 10, 6, 33, 23, 25, 15, 20, 18, 2, 1, 34, 19, 31, 24, 32, 27, 22, 21, 35, 30, 3, 4, 7, 16, 17, 26, 28, 36, 37]",1,0.0,0.0,0.0,0.0,0,4,1,0
smd,group1_development,machine-1-1,treeshap_iforest,1,5,24679,24682,"[29, 13, 8, 11, 12, 14, 0, 9, 5, 10, 6, 33, 23, 25, 15, 20, 18, 2, 1, 34, 19, 31, 24, 32, 27, 22, 21, 35, 30, 3, 4, 7, 16, 17, 26, 28, 36, 37]",3,0.6666666666666666,0.5,0.5714285714285715,0.5307212739772434,1,4,3,2
smd,group1_development,machine-1-1,treeshap_iforest,1,5,24679,24682,"[29, 13, 8, 11, 12, 14, 0, 9, 5, 10, 6, 33, 23, 25, 15, 20, 18, 2, 1, 34, 19, 31, 24, 32, 27, 22, 21, 35, 30, 3, 4, 7, 16, 17, 26, 28, 36, 37]",5,0.6,0.75,0.6666666666666665,0.592512031964586,1,4,5,3
smd,group1_development,machine-1-1,treeshap_iforest,1,6,26114,26116,"[29, 13, 8, 12, 11, 15, 10, 14, 5, 31, 6, 22, 23, 25, 21, 1, 32, 35, 2, 24, 33, 34, 19, 27, 3, 20, 18, 9, 30, 0, 4, 7, 16, 17, 26, 28, 36, 37]",1,0.0,0.0,0.0,0.0,0,4,1,0
smd,group1_development,machine-1-1,treeshap_iforest,1,6,26114,26116,"[29, 13, 8, 12, 11, 15, 10, 14, 5, 31, 6, 22, 23, 25, 21, 1, 32, 35, 2, 24, 33, 34, 19, 27, 3, 20, 18, 9, 30, 0, 4, 7, 16, 17, 26, 28, 36, 37]",3,0.6666666666666666,0.5,0.5714285714285715,0.5307212739772434,1,4,3,2
smd,group1_development,machine-1-1,treeshap_iforest,1,6,26114,26116,"[29, 13, 8, 12, 11, 15, 10, 14, 5, 31, 6, 22, 23, 25, 21, 1, 32, 35, 2, 24, 33, 34, 19, 27, 3, 20, 18, 9, 30, 0, 4, 7, 16, 17, 26, 28, 36, 37]",5,0.6,0.75,0.6666666666666665,0.6096199500078984,1,4,5,3
smd,group1_development,machine-1-1,treeshap_iforest,1,7,27554,27556,"[29, 0, 13, 34, 8, 14, 11, 35, 12, 15, 10, 3, 6, 27, 1, 33, 5, 21, 30, 19, 23, 25, 22, 20, 18, 24, 31, 32, 9, 2, 4, 7, 16, 17, 26, 28, 36, 37]",1,0.0,0.0,0.0,0.0,0,4,1,0
smd,group1_development,machine-1-1,treeshap_iforest,1,7,27554,27556,"[29, 0, 13, 34, 8, 14, 11, 35, 12, 15, 10, 3, 6, 27, 1, 33, 5, 21, 30, 19, 23, 25, 22, 20, 18, 24, 31, 32, 9, 2, 4, 7, 16, 17, 26, 28, 36, 37]",3,0.3333333333333333,0.25,0.28571428571428575,0.23463936301137822,1,4,3,1
smd,group1_development,machine-1-1,treeshap_iforest,1,7,27554,27556,"[29, 0, 13, 34, 8, 14, 11, 35, 12, 15, 10, 3, 6, 27, 1, 33, 5, 21, 30, 19, 23, 25, 22, 20, 18, 24, 31, 32, 9, 2, 4, 7, 16, 17, 26, 28, 36, 37]",5,0.4,0.5,0.4444444444444445,0.34620964322385606,1,4,5,2
smd,group1_development,machine-1-1,treeshap_iforest,2,0,15849,16368,"[29, 0, 9, 2, 31, 3, 1, 21, 35, 18, 24, 30, 27, 25, 20, 34, 19, 11, 13, 12, 10, 15, 14, 8, 23, 22, 5, 33, 6, 32, 4, 7, 16, 17, 26, 28, 36, 37]",1,0.0,0.0,0.0,0.0,0,7,1,0
smd,group1_development,machine-1-1,treeshap_iforest,2,0,15849,16368,"[29, 0, 9, 2, 31, 3, 1, 21, 35, 18, 24, 30, 27, 25, 20, 34, 19, 11, 13, 12, 10, 15, 14, 8, 23, 22, 5, 33, 6, 32, 4, 7, 16, 17, 26, 28, 36, 37]",3,0.6666666666666666,0.2857142857142857,0.4,0.5307212739772434,1,7,3,2
smd,group1_development,machine-1-1,treeshap_iforest,2,0,15849,16368,"[29, 0, 9, 2, 31, 3, 1, 21, 35, 18, 24, 30, 27, 25, 20, 34, 19, 11, 13, 12, 10, 15, 14, 8, 23, 22, 5, 33, 6, 32, 4, 7, 16, 17, 26, 28, 36, 37]",5,0.4,0.2857142857142857,0.3333333333333333,0.38356636737133565,1,7,5,2
smd,group1_development,machine-1-1,treeshap_iforest,2,1,16963,17517,"[29, 0, 2, 9, 3, 31, 1, 35, 21, 24, 18, 30, 25, 27, 34, 20, 19, 10, 15, 11, 14, 33, 8, 13, 12, 23, 22, 5, 32, 6, 4, 7, 16, 17, 26, 28, 36, 37]",1,1.0,0.03225806451612903,0.0625,1.0,1,31,1,1
smd,group1_development,machine-1-1,treeshap_iforest,2,1,16963,17517,"[29, 0, 2, 9, 3, 31, 1, 35, 21, 24, 18, 30, 25, 27, 34, 20, 19, 10, 15, 11, 14, 33, 8, 13, 12, 23, 22, 5, 32, 6, 4, 7, 16, 17, 26, 28, 36, 37]",3,1.0,0.0967741935483871,0.17647058823529413,1.0,1,31,3,3
smd,group1_development,machine-1-1,treeshap_iforest,2,1,16963,17517,"[29, 0, 2, 9, 3, 31, 1, 35, 21, 24, 18, 30, 25, 27, 34, 20, 19, 10, 15, 11, 14, 33, 8, 13, 12, 23, 22, 5, 32, 6, 4, 7, 16, 17, 26, 28, 36, 37]",5,1.0,0.16129032258064516,0.27777777777777773,1.0,1,31,5,5
smd,group1_development,machine-1-1,treeshap_iforest,2,2,18071,18528,"[29, 0, 2, 9, 3, 31, 35, 1, 21, 25, 24, 30, 18, 27, 34, 20, 19, 12, 11, 10, 15, 13, 14, 8, 23, 33, 22, 5, 32, 6, 4, 7, 16, 17, 26, 28, 36, 37]",1,0.0,0.0,0.0,0.0,0,8,1,0
smd,group1_development,machine-1-1,treeshap_iforest,2,2,18071,18528,"[29, 0, 2, 9, 3, 31, 35, 1, 21, 25, 24, 30, 18, 27, 34, 20, 19, 12, 11, 10, 15, 13, 14, 8, 23, 33, 22, 5, 32, 6, 4, 7, 16, 17, 26, 28, 36, 37]",3,0.3333333333333333,0.125,0.18181818181818182,0.2960819109658652,1,8,3,1
smd,group1_development,machine-1-1,treeshap_iforest,2,2,18071,18528,"[29, 0, 2, 9, 3, 31, 35, 1, 21, 25, 24, 30, 18, 27, 34, 20, 19, 12, 11, 10, 15, 13, 14, 8, 23, 33, 22, 5, 32, 6, 4, 7, 16, 17, 26, 28, 36, 37]",5,0.4,0.25,0.3076923076923077,0.36005461457723403,1,8,5,2
smd,group1_development,machine-1-1,treeshap_iforest,2,3,19367,20088,"[29, 0, 9, 31, 2, 21, 18, 1, 35, 3, 24, 25, 30, 27, 20, 34, 19, 10, 15, 11, 12, 23, 22, 14, 13, 8, 5, 33, 32, 6, 4, 7, 16, 17, 26, 28, 36, 37]",1,0.0,0.0,0.0,0.0,0,14,1,0
smd,group1_development,machine-1-1,treeshap_iforest,2,3,19367,20088,"[29, 0, 9, 31, 2, 21, 18, 1, 35, 3, 24, 25, 30, 27, 20, 34, 19, 10, 15, 11, 12, 23, 22, 14, 13, 8, 5, 33, 32, 6, 4, 7, 16, 17, 26, 28, 36, 37]",3,0.6666666666666666,0.14285714285714285,0.23529411764705882,0.5307212739772434,1,14,3,2
smd,group1_development,machine-1-1,treeshap_iforest,2,3,19367,20088,"[29, 0, 9, 31, 2, 21, 18, 1, 35, 3, 24, 25, 30, 27, 20, 34, 19, 10, 15, 11, 12, 23, 22, 14, 13, 8, 5, 33, 32, 6, 4, 7, 16, 17, 26, 28, 36, 37]",5,0.6,0.21428571428571427,0.3157894736842105,0.5147714448836774,1,14,5,3
smd,group1_development,machine-1-1,treeshap_iforest,2,4,20786,21195,"[29, 0, 9, 2, 31, 3, 1, 35, 21, 24, 18, 25, 30, 27, 10, 20, 34, 15, 19, 11, 12, 13, 14, 23, 8, 22, 6, 33, 5, 32, 4, 7, 16, 17, 26, 28, 36, 37]",1,0.0,0.0,0.0,0.0,0,7,1,0
smd,group1_development,machine-1-1,treeshap_iforest,2,4,20786,21195,"[29, 0, 9, 2, 31, 3, 1, 35, 21, 24, 18, 25, 30, 27, 10, 20, 34, 15, 19, 11, 12, 13, 14, 23, 8, 22, 6, 33, 5, 32, 4, 7, 16, 17, 26, 28, 36, 37]",3,0.6666666666666666,0.2857142857142857,0.4,0.5307212739772434,1,7,3,2
smd,group1_development,machine-1-1,treeshap_iforest,2,4,20786,21195,"[29, 0, 9, 2, 31, 3, 1, 35, 21, 24, 18, 25, 30, 27, 10, 20, 34, 15, 19, 11, 12, 13, 14, 23, 8, 22, 6, 33, 5, 32, 4, 7, 16, 17, 26, 28, 36, 37]",5,0.4,0.2857142857142857,0.3333333333333333,0.38356636737133565,1,7,5,2
smd,group1_development,machine-1-1,treeshap_iforest,2,5,24679,24682,"[29, 13, 11, 12, 14, 8, 0, 9, 25, 3, 6, 33, 23, 2, 15, 10, 18, 31, 19, 1, 20, 22, 5, 35, 21, 30, 34, 32, 27, 24, 4, 7, 16, 17, 26, 28, 36, 37]",1,0.0,0.0,0.0,0.0,0,4,1,0
smd,group1_development,machine-1-1,treeshap_iforest,2,5,24679,24682,"[29, 13, 11, 12, 14, 8, 0, 9, 25, 3, 6, 33, 23, 2, 15, 10, 18, 31, 19, 1, 20, 22, 5, 35, 21, 30, 34, 32, 27, 24, 4, 7, 16, 17, 26, 28, 36, 37]",3,0.3333333333333333,0.25,0.28571428571428575,0.2960819109658652,1,4,3,1
smd,group1_development,machine-1-1,treeshap_iforest,2,5,24679,24682,"[29, 13, 11, 12, 14, 8, 0, 9, 25, 3, 6, 33, 23, 2, 15, 10, 18, 31, 19, 1, 20, 22, 5, 35, 21, 30, 34, 32, 27, 24, 4, 7, 16, 17, 26, 28, 36, 37]",5,0.6,0.75,0.6666666666666665,0.5654495432396527,1,4,5,3
smd,group1_development,machine-1-1,treeshap_iforest,2,6,26114,26116,"[29, 11, 12, 10, 15, 13, 14, 8, 6, 32, 31, 23, 35, 33, 5, 25, 2, 22, 24, 1, 18, 20, 21, 34, 19, 30, 9, 27, 3, 0, 4, 7, 16, 17, 26, 28, 36, 37]",1,0.0,0.0,0.0,0.0,0,4,1,0
smd,group1_development,machine-1-1,treeshap_iforest,2,6,26114,26116,"[29, 11, 12, 10, 15, 13, 14, 8, 6, 32, 31, 23, 35, 33, 5, 25, 2, 22, 24, 1, 18, 20, 21, 34, 19, 30, 9, 27, 3, 0, 4, 7, 16, 17, 26, 28, 36, 37]",3,0.3333333333333333,0.25,0.28571428571428575,0.23463936301137822,1,4,3,1
smd,group1_development,machine-1-1,treeshap_iforest,2,6,26114,26116,"[29, 11, 12, 10, 15, 13, 14, 8, 6, 32, 31, 23, 35, 33, 5, 25, 2, 22, 24, 1, 18, 20, 21, 34, 19, 30, 9, 27, 3, 0, 4, 7, 16, 17, 26, 28, 36, 37]",5,0.2,0.25,0.22222222222222224,0.19519002499605084,1,4,5,1
smd,group1_development,machine-1-1,treeshap_iforest,2,7,27554,27556,"[29, 11, 15, 12, 13, 35, 0, 8, 34, 14, 10, 33, 6, 25, 27, 23, 19, 2, 3, 31, 30, 21, 18, 1, 24, 32, 22, 5, 9, 20, 4, 7, 16, 17, 26, 28, 36, 37]",1,0.0,0.0,0.0,0.0,0,4,1,0
smd,group1_development,machine-1-1,treeshap_iforest,2,7,27554,27556,"[29, 11, 15, 12, 13, 35, 0, 8, 34, 14, 10, 33, 6, 25, 27, 23, 19, 2, 3, 31, 30, 21, 18, 1, 24, 32, 22, 5, 9, 20, 4, 7, 16, 17, 26, 28, 36, 37]",3,0.0,0.0,0.0,0.0,0,4,3,0
smd,group1_development,machine-1-1,treeshap_iforest,2,7,27554,27556,"[29, 11, 15, 12, 13, 35, 0, 8, 34, 14, 10, 33, 6, 25, 27, 23, 19, 2, 3, 31, 30, 21, 18, 1, 24, 32, 22, 5, 9, 20, 4, 7, 16, 17, 26, 28, 36, 37]",5,0.4,0.5,0.4444444444444445,0.3191471544989227,1,4,5,2
smd,group1_development,machine-1-2,treeshap_iforest,0,0,4629,4688,"[12, 9, 11, 10, 8, 6, 24, 23, 25, 5, 33, 14, 20, 19, 18, 27, 32, 16, 21, 15, 13, 0, 4, 22, 3, 30, 1, 31, 2, 17, 35, 34, 7, 26, 28, 29, 36, 37]",1,1.0,0.16666666666666666,0.2857142857142857,1.0,1,6,1,1
smd,group1_development,machine-1-2,treeshap_iforest,0,0,4629,4688,"[12, 9, 11, 10, 8, 6, 24, 23, 25, 5, 33, 14, 20, 19, 18, 27, 32, 16, 21, 15, 13, 0, 4, 22, 3, 30, 1, 31, 2, 17, 35, 34, 7, 26, 28, 29, 36, 37]",3,0.6666666666666666,0.3333333333333333,0.4444444444444444,0.7653606369886217,1,6,3,2
smd,group1_development,machine-1-2,treeshap_iforest,0,0,4629,4688,"[12, 9, 11, 10, 8, 6, 24, 23, 25, 5, 33, 14, 20, 19, 18, 27, 32, 16, 21, 15, 13, 0, 4, 22, 3, 30, 1, 31, 2, 17, 35, 34, 7, 26, 28, 29, 36, 37]",5,0.8,0.6666666666666666,0.7272727272727272,0.830419897363192,1,6,5,4
smd,group1_development,machine-1-2,treeshap_iforest,0,1,5486,5491,"[9, 6, 12, 10, 33, 24, 13, 5, 8, 11, 19, 23, 31, 25, 17, 32, 20, 18, 2, 4, 0, 14, 3, 15, 21, 27, 22, 30, 1, 35, 34, 16, 7, 26, 28, 29, 36, 37]",1,0.0,0.0,0.0,0.0,0,1,1,0
smd,group1_development,machine-1-2,treeshap_iforest,0,1,5486,5491,"[9, 6, 12, 10, 33, 24, 13, 5, 8, 11, 19, 23, 31, 25, 17, 32, 20, 18, 2, 4, 0, 14, 3, 15, 21, 27, 22, 30, 1, 35, 34, 16, 7, 26, 28, 29, 36, 37]",3,0.0,0.0,0.0,0.0,0,1,3,0
smd,group1_development,machine-1-2,treeshap_iforest,0,1,5486,5491,"[9, 6, 12, 10, 33, 24, 13, 5, 8, 11, 19, 23, 31, 25, 17, 32, 20, 18, 2, 4, 0, 14, 3, 15, 21, 27, 22, 30, 1, 35, 34, 16, 7, 26, 28, 29, 36, 37]",5,0.0,0.0,0.0,0.0,0,1,5,0
smd,group1_development,machine-1-2,treeshap_iforest,0,2,5875,5951,"[12, 9, 11, 10, 8, 6, 23, 25, 24, 33, 14, 5, 32, 13, 34, 20, 18, 35, 27, 21, 4, 31, 19, 30, 22, 1, 0, 3, 2, 17, 15, 16, 7, 26, 28, 29, 36, 37]",1,1.0,0.07142857142857142,0.13333333333333333,1.0,1,14,1,1
smd,group1_development,machine-1-2,treeshap_iforest,0,2,5875,5951,"[12, 9, 11, 10, 8, 6, 23, 25, 24, 33, 14, 5, 32, 13, 34, 20, 18, 35, 27, 21, 4, 31, 19, 30, 22, 1, 0, 3, 2, 17, 15, 16, 7, 26, 28, 29, 36, 37]",3,1.0,0.21428571428571427,0.35294117647058826,1.0,1,14,3,3
smd,group1_development,machine-1-2,treeshap_iforest,0,2,5875,5951,"[12, 9, 11, 10, 8, 6, 23, 25, 24, 33, 14, 5, 32, 13, 34, 20, 18, 35, 27, 21, 4, 31, 19, 30, 22, 1, 0, 3, 2, 17, 15, 16, 7, 26, 28, 29, 36, 37]",5,0.8,0.2857142857142857,0.4210526315789473,0.8687949224876582,1,14,5,4
smd,group1_development,machine-1-2,treeshap_iforest,0,3,15415,15418,"[6, 24, 5, 33, 31, 1, 17, 13, 0, 25, 23, 32, 18, 20, 27, 21, 15, 30, 4, 14, 3, 11, 12, 22, 8, 19, 2, 10, 34, 35, 9, 16, 7, 26, 28, 29, 36, 37]",1,0.0,0.0,0.0,0.0,0,1,1,0
smd,group1_development,machine-1-2,treeshap_iforest,0,3,15415,15418,"[6, 24, 5, 33, 31, 1, 17, 13, 0, 25, 23, 32, 18, 20, 27, 21, 15, 30, 4, 14, 3, 11, 12, 22, 8, 19, 2, 10, 34, 35, 9, 16, 7, 26, 28, 29, 36, 37]",3,0.0,0.0,0.0,0.0,0,1,3,0
smd,group1_development,machine-1-2,treeshap_iforest,0,3,15415,15418,"[6, 24, 5, 33, 31, 1, 17, 13, 0, 25, 23, 32, 18, 20, 27, 21, 15, 30, 4, 14, 3, 11, 12, 22, 8, 19, 2, 10, 34, 35, 9, 16, 7, 26, 28, 29, 36, 37]",5,0.0,0.0,0.0,0.0,0,1,5,0
smd,group1_development,machine-1-2,treeshap_iforest,0,4,15540,15605,"[1, 6, 3, 2, 0, 13, 24, 25, 23, 12, 8, 9, 5, 33, 10, 14, 11, 19, 32, 21, 30, 18, 4, 20, 15, 27, 17, 22, 35, 31, 34, 16, 7, 26, 28, 29, 36, 37]",1,0.0,0.0,0.0,0.0,0,2,1,0
smd,group1_development,machine-1-2,treeshap_iforest,0,4,15540,15605,"[1, 6, 3, 2, 0, 13, 24, 25, 23, 12, 8, 9, 5, 33, 10, 14, 11, 19, 32, 21, 30, 18, 4, 20, 15, 27, 17, 22, 35, 31, 34, 16, 7, 26, 28, 29, 36, 37]",3,0.3333333333333333,0.5,0.4,0.38685280723454163,1,2,3,1
smd,group1_development,machine-1-2,treeshap_iforest,0,4,15540,15605,"[1, 6, 3, 2, 0, 13, 24, 25, 23, 12, 8, 9, 5, 33, 10, 14, 11, 19, 32, 21, 30, 18, 4, 20, 15, 27, 17, 22, 35, 31, 34, 16, 7, 26, 28, 29, 36, 37]",5,0.2,0.5,0.28571428571428575,0.38685280723454163,1,2,5,1
smd,group1_development,machine-1-2,treeshap_iforest,0,5,15925,15973,"[12, 10, 11, 9, 8, 5, 21, 19, 30, 25, 13, 24, 23, 27, 14, 33, 32, 6, 18, 20, 0, 3, 15, 22, 1, 4, 2, 17, 35, 34, 31, 16, 7, 26, 28, 29, 36, 37]",1,1.0,0.125,0.2222222222222222,1.0,1,8,1,1
smd,group1_development,machine-1-2,treeshap_iforest,0,5,15925,15973,"[12, 10, 11, 9, 8, 5, 21, 19, 30, 25, 13, 24, 23, 27, 14, 33, 32, 6, 18, 20, 0, 3, 15, 22, 1, 4, 2, 17, 35, 34, 31, 16, 7, 26, 28, 29, 36, 37]",3,0.6666666666666666,0.25,0.36363636363636365,0.7653606369886217,1,8,3,2
smd,group1_development,machine-1-2,treeshap_iforest,0,5,15925,15973,"[12, 10, 11, 9, 8, 5, 21, 19, 30, 25, 13, 24, 23, 27, 14, 33, 32, 6, 18, 20, 0, 3, 15, 22, 1, 4, 2, 17, 35, 34, 31, 16, 7, 26, 28, 29, 36, 37]",5,0.6,0.375,0.4615384615384615,0.6992148198508501,1,8,5,3
smd,group1_development,machine-1-2,treeshap_iforest,0,6,18645,18801,"[23, 6, 25, 24, 5, 11, 32, 9, 10, 34, 20, 18, 27, 21, 14, 4, 12, 35, 8, 30, 3, 13, 33, 1, 19, 0, 15, 22, 2, 17, 16, 31, 7, 26, 28, 29, 36, 37]",1,0.0,0.0,0.0,0.0,0,14,1,0
smd,group1_development,machine-1-2,treeshap_iforest,0,6,18645,18801,"[23, 6, 25, 24, 5, 11, 32, 9, 10, 34, 20, 18, 27, 21, 14, 4, 12, 35, 8, 30, 3, 13, 33, 1, 19, 0, 15, 22, 2, 17, 16, 31, 7, 26, 28, 29, 36, 37]",3,0.3333333333333333,0.07142857142857142,0.11764705882352941,0.2960819109658652,1,14,3,1
smd,group1_development,machine-1-2,treeshap_iforest,0,6,18645,18801,"[23, 6, 25, 24, 5, 11, 32, 9, 10, 34, 20, 18, 27, 21, 14, 4, 12, 35, 8, 30, 3, 13, 33, 1, 19, 0, 15, 22, 2, 17, 16, 31, 7, 26, 28, 29, 36, 37]",5,0.4,0.14285714285714285,0.21052631578947364,0.34519134224686937,1,14,5,2
smd,group1_development,machine-1-2,treeshap_iforest,0,7,20235,20271,"[12, 11, 10, 9, 8, 5, 25, 23, 14, 24, 32, 13, 21, 4, 15, 19, 30, 18, 20, 22, 6, 33, 31, 0, 27, 3, 2, 1, 17, 35, 34, 16, 7, 26, 28, 29, 36, 37]",1,1.0,0.16666666666666666,0.2857142857142857,1.0,1,6,1,1
smd,group1_development,machine-1-2,treeshap_iforest,0,7,20235,20271,"[12, 11, 10, 9, 8, 5, 25, 23, 14, 24, 32, 13, 21, 4, 15, 19, 30, 18, 20, 22, 6, 33, 31, 0, 27, 3, 2, 1, 17, 35, 34, 16, 7, 26, 28, 29, 36, 37]",3,0.6666666666666666,0.3333333333333333,0.4444444444444444,0.7653606369886217,1,6,3,2
smd,group1_development,machine-1-2,treeshap_iforest,0,7,20235,20271,"[12, 11, 10, 9, 8, 5, 25, 23, 14, 24, 32, 13, 21, 4, 15, 19, 30, 18, 20, 22, 6, 33, 31, 0, 27, 3, 2, 1, 17, 35, 34, 16, 7, 26, 28, 29, 36, 37]",5,0.4,0.3333333333333333,0.3636363636363636,0.5531464700081437,1,6,5,2
smd,group1_development,machine-1-2,treeshap_iforest,0,8,22264,22336,"[1, 3, 2, 0, 14, 4, 11, 8, 9, 10, 12, 25, 24, 32, 20, 23, 18, 33, 27, 6, 13, 21, 30, 22, 5, 15, 19, 34, 35, 31, 16, 17, 7, 26, 28, 29, 36, 37]",1,1.0,0.25,0.4,1.0,1,4,1,1
smd,group1_development,machine-1-2,treeshap_iforest,0,8,22264,22336,"[1, 3, 2, 0, 14, 4, 11, 8, 9, 10, 12, 25, 24, 32, 20, 23, 18, 33, 27, 6, 13, 21, 30, 22, 5, 15, 19, 34, 35, 31, 16, 17, 7, 26, 28, 29, 36, 37]",3,1.0,0.75,0.8571428571428571,1.0,1,4,3,3
smd,group1_development,machine-1-2,treeshap_iforest,0,8,22264,22336,"[1, 3, 2, 0, 14, 4, 11, 8, 9, 10, 12, 25, 24, 32, 20, 23, 18, 33, 27, 6, 13, 21, 30, 22, 5, 15, 19, 34, 35, 31, 16, 17, 7, 26, 28, 29, 36, 37]",5,0.8,1.0,0.888888888888889,1.0,1,4,5,4
smd,group1_development,machine-1-2,treeshap_iforest,0,9,23093,23115,"[3, 1, 0, 2, 6, 23, 25, 21, 27, 11, 30, 5, 18, 20, 9, 24, 12, 4, 15, 8, 10, 13, 19, 22, 33, 14, 32, 34, 35, 31, 16, 17, 7, 26, 28, 29, 36, 37]",1,1.0,0.1,0.18181818181818182,1.0,1,10,1,1
smd,group1_development,machine-1-2,treeshap_iforest,0,9,23093,23115,"[3, 1, 0, 2, 6, 23, 25, 21, 27, 11, 30, 5, 18, 20, 9, 24, 12, 4, 15, 8, 10, 13, 19, 22, 33, 14, 32, 34, 35, 31, 16, 17, 7, 26, 28, 29, 36, 37]",3,0.6666666666666666,0.2,0.30769230769230765,0.7039180890341347,1,10,3,2
smd,group1_development,machine-1-2,treeshap_iforest,0,9,23093,23115,"[3, 1, 0, 2, 6, 23, 25, 21, 27, 11, 30, 5, 18, 20, 9, 24, 12, 4, 15, 8, 10, 13, 19, 22, 33, 14, 32, 34, 35, 31, 16, 17, 7, 26, 28, 29, 36, 37]",5,0.8,0.4,0.5333333333333333,0.7860137352654724,1,10,5,4
smd,group1_development,machine-1-2,treeshap_iforest,1,0,4629,4688,"[9, 12, 10, 11, 8, 24, 6, 25, 23, 5, 33, 16, 27, 20, 14, 19, 18, 0, 32, 15, 13, 4, 30, 21, 22, 2, 1, 3, 31, 17, 35, 34, 29, 7, 26, 28, 36, 37]",1,1.0,0.16666666666666666,0.2857142857142857,1.0,1,6,1,1
smd,group1_development,machine-1-2,treeshap_iforest,1,0,4629,4688,"[9, 12, 10, 11, 8, 24, 6, 25, 23, 5, 33, 16, 27, 20, 14, 19, 18, 0, 32, 15, 13, 4, 30, 21, 22, 2, 1, 3, 31, 17, 35, 34, 29, 7, 26, 28, 36, 37]",3,1.0,0.5,0.6666666666666666,1.0,1,6,3,3
smd,group1_development,machine-1-2,treeshap_iforest,1,0,4629,4688,"[9, 12, 10, 11, 8, 24, 6, 25, 23, 5, 33, 16, 27, 20, 14, 19, 18, 0, 32, 15, 13, 4, 30, 21, 22, 2, 1, 3, 31, 17, 35, 34, 29, 7, 26, 28, 36, 37]",5,0.8,0.6666666666666666,0.7272727272727272,0.8539316501572937,1,6,5,4
smd,group1_development,machine-1-2,treeshap_iforest,1,1,5486,5491,"[9, 6, 10, 24, 12, 33, 13, 11, 8, 5, 19, 25, 17, 23, 4, 0, 32, 18, 20, 31, 27, 14, 15, 3, 30, 2, 22, 1, 35, 21, 16, 34, 29, 7, 26, 28, 36, 37]",1,0.0,0.0,0.0,0.0,0,1,1,0
smd,group1_development,machine-1-2,treeshap_iforest,1,1,5486,5491,"[9, 6, 10, 24, 12, 33, 13, 11, 8, 5, 19, 25, 17, 23, 4, 0, 32, 18, 20, 31, 27, 14, 15, 3, 30, 2, 22, 1, 35, 21, 16, 34, 29, 7, 26, 28, 36, 37]",3,0.0,0.0,0.0,0.0,0,1,3,0
smd,group1_development,machine-1-2,treeshap_iforest,1,1,5486,5491,"[9, 6, 10, 24, 12, 33, 13, 11, 8, 5, 19, 25, 17, 23, 4, 0, 32, 18, 20, 31, 27, 14, 15, 3, 30, 2, 22, 1, 35, 21, 16, 34, 29, 7, 26, 28, 36, 37]",5,0.0,0.0,0.0,0.0,0,1,5,0
smd,group1_development,machine-1-2,treeshap_iforest,1,2,5875,5951,"[9, 12, 10, 8, 11, 6, 24, 25, 23, 33, 5, 14, 13, 32, 18, 35, 27, 20, 4, 19, 34, 30, 0, 15, 1, 21, 17, 22, 2, 31, 3, 16, 29, 7, 26, 28, 36, 37]",1,1.0,0.07142857142857142,0.13333333333333333,1.0,1,14,1,1
smd,group1_development,machine-1-2,treeshap_iforest,1,2,5875,5951,"[9, 12, 10, 8, 11, 6, 24, 25, 23, 33, 5, 14, 13, 32, 18, 35, 27, 20, 4, 19, 34, 30, 0, 15, 1, 21, 17, 22, 2, 31, 3, 16, 29, 7, 26, 28, 36, 37]",3,1.0,0.21428571428571427,0.35294117647058826,1.0,1,14,3,3
smd,group1_development,machine-1-2,treeshap_iforest,1,2,5875,5951,"[9, 12, 10, 8, 11, 6, 24, 25, 23, 33, 5, 14, 13, 32, 18, 35, 27, 20, 4, 19, 34, 30, 0, 15, 1, 21, 17, 22, 2, 31, 3, 16, 29, 7, 26, 28, 36, 37]",5,0.8,0.2857142857142857,0.4210526315789473,0.8539316501572937,1,14,5,4
smd,group1_development,machine-1-2,treeshap_iforest,1,3,15415,15418,"[6, 24, 5, 33, 17, 1, 0, 13, 31, 2, 25, 23, 20, 3, 18, 21, 27, 4, 30, 19, 15, 14, 12, 11, 22, 8, 9, 10, 32, 35, 16, 34, 29, 7, 26, 28, 36, 37]",1,0.0,0.0,0.0,0.0,0,1,1,0
smd,group1_development,machine-1-2,treeshap_iforest,1,3,15415,15418,"[6, 24, 5, 33, 17, 1, 0, 13, 31, 2, 25, 23, 20, 3, 18, 21, 27, 4, 30, 19, 15, 14, 12, 11, 22, 8, 9, 10, 32, 35, 16, 34, 29, 7, 26, 28, 36, 37]",3,0.0,0.0,0.0,0.0,0,1,3,0
smd,group1_development,machine-1-2,treeshap_iforest,1,3,15415,15418,"[6, 24, 5, 33, 17, 1, 0, 13, 31, 2, 25, 23, 20, 3, 18, 21, 27, 4, 30, 19, 15, 14, 12, 11, 22, 8, 9, 10, 32, 35, 16, 34, 29, 7, 26, 28, 36, 37]",5,0.2,1.0,0.33333333333333337,0.38685280723454163,1,1,5,1
smd,group1_development,machine-1-2,treeshap_iforest,1,4,15540,15605,"[2, 0, 3, 6, 1, 24, 13, 25, 23, 8, 5, 10, 9, 12, 33, 19, 11, 14, 21, 4, 30, 27, 20, 15, 18, 17, 35, 32, 22, 31, 16, 34, 29, 7, 26, 28, 36, 37]",1,0.0,0.0,0.0,0.0,0,2,1,0
smd,group1_development,machine-1-2,treeshap_iforest,1,4,15540,15605,"[2, 0, 3, 6, 1, 24, 13, 25, 23, 8, 5, 10, 9, 12, 33, 19, 11, 14, 21, 4, 30, 27, 20, 15, 18, 17, 35, 32, 22, 31, 16, 34, 29, 7, 26, 28, 36, 37]",3,0.0,0.0,0.0,0.0,0,2,3,0
smd,group1_development,machine-1-2,treeshap_iforest,1,4,15540,15605,"[2, 0, 3, 6, 1, 24, 13, 25, 23, 8, 5, 10, 9, 12, 33, 19, 11, 14, 21, 4, 30, 27, 20, 15, 18, 17, 35, 32, 22, 31, 16, 34, 29, 7, 26, 28, 36, 37]",5,0.2,0.5,0.28571428571428575,0.2640681225725909,1,2,5,1
smd,group1_development,machine-1-2,treeshap_iforest,1,5,15925,15973,"[10, 9, 12, 8, 11, 5, 19, 24, 30, 21, 25, 13, 27, 23, 33, 14, 32, 0, 20, 18, 6, 15, 4, 2, 3, 22, 1, 17, 35, 34, 16, 31, 29, 7, 26, 28, 36, 37]",1,1.0,0.125,0.2222222222222222,1.0,1,8,1,1
smd,group1_development,machine-1-2,treeshap_iforest,1,5,15925,15973,"[10, 9, 12, 8, 11, 5, 19, 24, 30, 21, 25, 13, 27, 23, 33, 14, 32, 0, 20, 18, 6, 15, 4, 2, 3, 22, 1, 17, 35, 34, 16, 31, 29, 7, 26, 28, 36, 37]",3,1.0,0.375,0.5454545454545454,1.0,1,8,3,3
smd,group1_development,machine-1-2,treeshap_iforest,1,5,15925,15973,"[10, 9, 12, 8, 11, 5, 19, 24, 30, 21, 25, 13, 27, 23, 33, 14, 32, 0, 20, 18, 6, 15, 4, 2, 3, 22, 1, 17, 35, 34, 16, 31, 29, 7, 26, 28, 36, 37]",5,0.6,0.375,0.4615384615384615,0.7227265726449519,1,8,5,3
smd,group1_development,machine-1-2,treeshap_iforest,1,6,18645,18801,"[6, 25, 23, 24, 11, 5, 27, 20, 18, 10, 35, 9, 0, 12, 4, 15, 14, 30, 21, 13, 32, 1, 33, 34, 8, 19, 2, 3, 17, 16, 22, 31, 29, 7, 26, 28, 36, 37]",1,1.0,0.07142857142857142,0.13333333333333333,1.0,1,14,1,1
smd,group1_development,machine-1-2,treeshap_iforest,1,6,18645,18801,"[6, 25, 23, 24, 11, 5, 27, 20, 18, 10, 35, 9, 0, 12, 4, 15, 14, 30, 21, 13, 32, 1, 33, 34, 8, 19, 2, 3, 17, 16, 22, 31, 29, 7, 26, 28, 36, 37]",3,0.3333333333333333,0.07142857142857142,0.11764705882352941,0.46927872602275644,1,14,3,1
smd,group1_development,machine-1-2,treeshap_iforest,1,6,18645,18801,"[6, 25, 23, 24, 11, 5, 27, 20, 18, 10, 35, 9, 0, 12, 4, 15, 14, 30, 21, 13, 32, 1, 33, 34, 8, 19, 2, 3, 17, 16, 22, 31, 29, 7, 26, 28, 36, 37]",5,0.4,0.14285714285714285,0.21052631578947364,0.4703652827859579,1,14,5,2
smd,group1_development,machine-1-2,treeshap_iforest,1,7,20235,20271,"[9, 10, 12, 8, 11, 5, 25, 24, 23, 14, 32, 13, 18, 0, 4, 19, 33, 27, 21, 30, 15, 6, 22, 1, 20, 3, 2, 31, 17, 35, 34, 16, 29, 7, 26, 28, 36, 37]",1,0.0,0.0,0.0,0.0,0,6,1,0
smd,group1_development,machine-1-2,treeshap_iforest,1,7,20235,20271,"[9, 10, 12, 8, 11, 5, 25, 24, 23, 14, 32, 13, 18, 0, 4, 19, 33, 27, 21, 30, 15, 6, 22, 1, 20, 3, 2, 31, 17, 35, 34, 16, 29, 7, 26, 28, 36, 37]",3,0.3333333333333333,0.16666666666666666,0.2222222222222222,0.23463936301137822,1,6,3,1
smd,group1_development,machine-1-2,treeshap_iforest,1,7,20235,20271,"[9, 10, 12, 8, 11, 5, 25, 24, 23, 14, 32, 13, 18, 0, 4, 19, 33, 27, 21, 30, 15, 6, 22, 1, 20, 3, 2, 31, 17, 35, 34, 16, 29, 7, 26, 28, 36, 37]",5,0.4,0.3333333333333333,0.3636363636363636,0.30078518014914984,1,6,5,2
smd,group1_development,machine-1-2,treeshap_iforest,1,8,22264,22336,"[2, 1, 0, 3, 14, 11, 4, 8, 10, 9, 23, 24, 20, 18, 27, 12, 25, 33, 13, 32, 5, 30, 15, 21, 6, 19, 22, 35, 16, 34, 17, 31, 29, 7, 26, 28, 36, 37]",1,1.0,0.25,0.4,1.0,1,4,1,1
smd,group1_development,machine-1-2,treeshap_iforest,1,8,22264,22336,"[2, 1, 0, 3, 14, 11, 4, 8, 10, 9, 23, 24, 20, 18, 27, 12, 25, 33, 13, 32, 5, 30, 15, 21, 6, 19, 22, 35, 16, 34, 17, 31, 29, 7, 26, 28, 36, 37]",3,1.0,0.75,0.8571428571428571,1.0,1,4,3,3
smd,group1_development,machine-1-2,treeshap_iforest,1,8,22264,22336,"[2, 1, 0, 3, 14, 11, 4, 8, 10, 9, 23, 24, 20, 18, 27, 12, 25, 33, 13, 32, 5, 30, 15, 21, 6, 19, 22, 35, 16, 34, 17, 31, 29, 7, 26, 28, 36, 37]",5,0.8,1.0,0.888888888888889,1.0,1,4,5,4
smd,group1_development,machine-1-2,treeshap_iforest,1,9,23093,23115,"[2, 0, 3, 1, 6, 23, 25, 27, 11, 21, 20, 30, 5, 24, 18, 15, 9, 12, 10, 8, 13, 19, 22, 4, 14, 33, 32, 16, 35, 34, 17, 31, 29, 7, 26, 28, 36, 37]",1,1.0,0.1,0.18181818181818182,1.0,1,10,1,1
smd,group1_development,machine-1-2,treeshap_iforest,1,9,23093,23115,"[2, 0, 3, 1, 6, 23, 25, 27, 11, 21, 20, 30, 5, 24, 18, 15, 9, 12, 10, 8, 13, 19, 22, 4, 14, 33, 32, 16, 35, 34, 17, 31, 29, 7, 26, 28, 36, 37]",3,1.0,0.3,0.4615384615384615,1.0,1,10,3,3
smd,group1_development,machine-1-2,treeshap_iforest,1,9,23093,23115,"[2, 0, 3, 1, 6, 23, 25, 27, 11, 21, 20, 30, 5, 24, 18, 15, 9, 12, 10, 8, 13, 19, 22, 4, 14, 33, 32, 16, 35, 34, 17, 31, 29, 7, 26, 28, 36, 37]",5,0.8,0.4,0.5333333333333333,0.8539316501572937,1,10,5,4
smd,group1_development,machine-1-2,treeshap_iforest,2,0,4629,4688,"[12, 10, 9, 11, 8, 25, 6, 24, 23, 16, 5, 33, 13, 4, 14, 19, 15, 18, 20, 27, 22, 21, 30, 32, 2, 1, 31, 0, 3, 17, 34, 35, 7, 26, 28, 29, 36, 37]",1,1.0,0.16666666666666666,0.2857142857142857,1.0,1,6,1,1
smd,group1_development,machine-1-2,treeshap_iforest,2,0,4629,4688,"[12, 10, 9, 11, 8, 25, 6, 24, 23, 16, 5, 33, 13, 4, 14, 19, 15, 18, 20, 27, 22, 21, 30, 32, 2, 1, 31, 0, 3, 17, 34, 35, 7, 26, 28, 29, 36, 37]",3,1.0,0.5,0.6666666666666666,1.0,1,6,3,3
smd,group1_development,machine-1-2,treeshap_iforest,2,0,4629,4688,"[12, 10, 9, 11, 8, 25, 6, 24, 23, 16, 5, 33, 13, 4, 14, 19, 15, 18, 20, 27, 22, 21, 30, 32, 2, 1, 31, 0, 3, 17, 34, 35, 7, 26, 28, 29, 36, 37]",5,0.8,0.6666666666666666,0.7272727272727272,0.8539316501572937,1,6,5,4
smd,group1_development,machine-1-2,treeshap_iforest,2,1,5486,5491,"[9, 6, 12, 13, 10, 24, 33, 8, 19, 11, 25, 23, 31, 17, 5, 4, 32, 20, 3, 15, 30, 18, 27, 22, 14, 0, 2, 21, 34, 16, 35, 1, 7, 26, 28, 29, 36, 37]",1,0.0,0.0,0.0,0.0,0,1,1,0
smd,group1_development,machine-1-2,treeshap_iforest,2,1,5486,5491,"[9, 6, 12, 13, 10, 24, 33, 8, 19, 11, 25, 23, 31, 17, 5, 4, 32, 20, 3, 15, 30, 18, 27, 22, 14, 0, 2, 21, 34, 16, 35, 1, 7, 26, 28, 29, 36, 37]",3,0.0,0.0,0.0,0.0,0,1,3,0
smd,group1_development,machine-1-2,treeshap_iforest,2,1,5486,5491,"[9, 6, 12, 13, 10, 24, 33, 8, 19, 11, 25, 23, 31, 17, 5, 4, 32, 20, 3, 15, 30, 18, 27, 22, 14, 0, 2, 21, 34, 16, 35, 1, 7, 26, 28, 29, 36, 37]",5,0.0,0.0,0.0,0.0,0,1,5,0
smd,group1_development,machine-1-2,treeshap_iforest,2,2,5875,5951,"[12, 9, 10, 11, 8, 6, 25, 23, 24, 5, 33, 14, 13, 34, 35, 4, 32, 18, 19, 22, 20, 1, 27, 31, 30, 2, 21, 3, 17, 15, 0, 16, 7, 26, 28, 29, 36, 37]",1,1.0,0.07142857142857142,0.13333333333333333,1.0,1,14,1,1
smd,group1_development,machine-1-2,treeshap_iforest,2,2,5875,5951,"[12, 9, 10, 11, 8, 6, 25, 23, 24, 5, 33, 14, 13, 34, 35, 4, 32, 18, 19, 22, 20, 1, 27, 31, 30, 2, 21, 3, 17, 15, 0, 16, 7, 26, 28, 29, 36, 37]",3,1.0,0.21428571428571427,0.35294117647058826,1.0,1,14,3,3
smd,group1_development,machine-1-2,treeshap_iforest,2,2,5875,5951,"[12, 9, 10, 11, 8, 6, 25, 23, 24, 5, 33, 14, 13, 34, 35, 4, 32, 18, 19, 22, 20, 1, 27, 31, 30, 2, 21, 3, 17, 15, 0, 16, 7, 26, 28, 29, 36, 37]",5,0.8,0.2857142857142857,0.4210526315789473,0.8687949224876582,1,14,5,4
smd,group1_development,machine-1-2,treeshap_iforest,2,3,15415,15418,"[6, 24, 33, 31, 13, 1, 17, 5, 25, 4, 2, 0, 23, 3, 20, 15, 21, 27, 19, 32, 8, 18, 30, 22, 11, 12, 9, 14, 10, 34, 16, 35, 7, 26, 28, 29, 36, 37]",1,0.0,0.0,0.0,0.0,0,1,1,0
smd,group1_development,machine-1-2,treeshap_iforest,2,3,15415,15418,"[6, 24, 33, 31, 13, 1, 17, 5, 25, 4, 2, 0, 23, 3, 20, 15, 21, 27, 19, 32, 8, 18, 30, 22, 11, 12, 9, 14, 10, 34, 16, 35, 7, 26, 28, 29, 36, 37]",3,0.0,0.0,0.0,0.0,0,1,3,0
smd,group1_development,machine-1-2,treeshap_iforest,2,3,15415,15418,"[6, 24, 33, 31, 13, 1, 17, 5, 25, 4, 2, 0, 23, 3, 20, 15, 21, 27, 19, 32, 8, 18, 30, 22, 11, 12, 9, 14, 10, 34, 16, 35, 7, 26, 28, 29, 36, 37]",5,0.0,0.0,0.0,0.0,0,1,5,0
smd,group1_development,machine-1-2,treeshap_iforest,2,4,15540,15605,"[3, 1, 2, 6, 13, 0, 24, 25, 12, 23, 8, 9, 19, 10, 33, 11, 5, 14, 4, 21, 32, 15, 20, 17, 22, 18, 30, 27, 35, 31, 34, 16, 7, 26, 28, 29, 36, 37]",1,0.0,0.0,0.0,0.0,0,2,1,0
smd,group1_development,machine-1-2,treeshap_iforest,2,4,15540,15605,"[3, 1, 2, 6, 13, 0, 24, 25, 12, 23, 8, 9, 19, 10, 33, 11, 5, 14, 4, 21, 32, 15, 20, 17, 22, 18, 30, 27, 35, 31, 34, 16, 7, 26, 28, 29, 36, 37]",3,0.0,0.0,0.0,0.0,0,2,3,0
smd,group1_development,machine-1-2,treeshap_iforest,2,4,15540,15605,"[3, 1, 2, 6, 13, 0, 24, 25, 12, 23, 8, 9, 19, 10, 33, 11, 5, 14, 4, 21, 32, 15, 20, 17, 22, 18, 30, 27, 35, 31, 34, 16, 7, 26, 28, 29, 36, 37]",5,0.2,0.5,0.28571428571428575,0.2640681225725909,1,2,5,1
smd,group1_development,machine-1-2,treeshap_iforest,2,5,15925,15973,"[10, 9, 12, 11, 8, 19, 13, 25, 5, 21, 30, 23, 6, 24, 27, 14, 33, 15, 18, 4, 20, 3, 2, 32, 22, 0, 1, 16, 34, 17, 35, 31, 7, 26, 28, 29, 36, 37]",1,1.0,0.125,0.2222222222222222,1.0,1,8,1,1
smd,group1_development,machine-1-2,treeshap_iforest,2,5,15925,15973,"[10, 9, 12, 11, 8, 19, 13, 25, 5, 21, 30, 23, 6, 24, 27, 14, 33, 15, 18, 4, 20, 3, 2, 32, 22, 0, 1, 16, 34, 17, 35, 31, 7, 26, 28, 29, 36, 37]",3,1.0,0.375,0.5454545454545454,1.0,1,8,3,3
smd,group1_development,machine-1-2,treeshap_iforest,2,5,15925,15973,"[10, 9, 12, 11, 8, 19, 13, 25, 5, 21, 30, 23, 6, 24, 27, 14, 33, 15, 18, 4, 20, 3, 2, 32, 22, 0, 1, 16, 34, 17, 35, 31, 7, 26, 28, 29, 36, 37]",5,0.6,0.375,0.4615384615384615,0.7227265726449519,1,8,5,3
smd,group1_development,machine-1-2,treeshap_iforest,2,6,18645,18801,"[25, 6, 23, 11, 24, 12, 34, 4, 10, 35, 9, 13, 3, 5, 20, 27, 8, 19, 32, 21, 1, 18, 30, 15, 2, 14, 33, 0, 16, 17, 22, 31, 7, 26, 28, 29, 36, 37]",1,0.0,0.0,0.0,0.0,0,14,1,0
smd,group1_development,machine-1-2,treeshap_iforest,2,6,18645,18801,"[25, 6, 23, 11, 24, 12, 34, 4, 10, 35, 9, 13, 3, 5, 20, 27, 8, 19, 32, 21, 1, 18, 30, 15, 2, 14, 33, 0, 16, 17, 22, 31, 7, 26, 28, 29, 36, 37]",3,0.3333333333333333,0.07142857142857142,0.11764705882352941,0.2960819109658652,1,14,3,1
smd,group1_development,machine-1-2,treeshap_iforest,2,6,18645,18801,"[25, 6, 23, 11, 24, 12, 34, 4, 10, 35, 9, 13, 3, 5, 20, 27, 8, 19, 32, 21, 1, 18, 30, 15, 2, 14, 33, 0, 16, 17, 22, 31, 7, 26, 28, 29, 36, 37]",5,0.4,0.14285714285714285,0.21052631578947364,0.36005461457723403,1,14,5,2
smd,group1_development,machine-1-2,treeshap_iforest,2,7,20235,20271,"[10, 12, 9, 11, 8, 25, 5, 6, 23, 14, 24, 4, 13, 19, 30, 32, 33, 21, 15, 2, 18, 31, 22, 0, 27, 1, 3, 20, 17, 34, 16, 35, 7, 26, 28, 29, 36, 37]",1,0.0,0.0,0.0,0.0,0,6,1,0
smd,group1_development,machine-1-2,treeshap_iforest,2,7,20235,20271,"[10, 12, 9, 11, 8, 25, 5, 6, 23, 14, 24, 4, 13, 19, 30, 32, 33, 21, 15, 2, 18, 31, 22, 0, 27, 1, 3, 20, 17, 34, 16, 35, 7, 26, 28, 29, 36, 37]",3,0.3333333333333333,0.16666666666666666,0.2222222222222222,0.2960819109658652,1,6,3,1
smd,group1_development,machine-1-2,treeshap_iforest,2,7,20235,20271,"[10, 12, 9, 11, 8, 25, 5, 6, 23, 14, 24, 4, 13, 19, 30, 32, 33, 21, 15, 2, 18, 31, 22, 0, 27, 1, 3, 20, 17, 34, 16, 35, 7, 26, 28, 29, 36, 37]",5,0.4,0.3333333333333333,0.3636363636363636,0.36005461457723403,1,6,5,2
smd,group1_development,machine-1-2,treeshap_iforest,2,8,22264,22336,"[3, 1, 2, 0, 8, 14, 4, 11, 10, 9, 12, 25, 24, 13, 20, 23, 32, 22, 18, 33, 15, 27, 30, 21, 5, 19, 6, 34, 16, 35, 31, 17, 7, 26, 28, 29, 36, 37]",1,1.0,0.25,0.4,1.0,1,4,1,1
smd,group1_development,machine-1-2,treeshap_iforest,2,8,22264,22336,"[3, 1, 2, 0, 8, 14, 4, 11, 10, 9, 12, 25, 24, 13, 20, 23, 32, 22, 18, 33, 15, 27, 30, 21, 5, 19, 6, 34, 16, 35, 31, 17, 7, 26, 28, 29, 36, 37]",3,1.0,0.75,0.8571428571428571,1.0,1,4,3,3
smd,group1_development,machine-1-2,treeshap_iforest,2,8,22264,22336,"[3, 1, 2, 0, 8, 14, 4, 11, 10, 9, 12, 25, 24, 13, 20, 23, 32, 22, 18, 33, 15, 27, 30, 21, 5, 19, 6, 34, 16, 35, 31, 17, 7, 26, 28, 29, 36, 37]",5,0.8,1.0,0.888888888888889,1.0,1,4,5,4
smd,group1_development,machine-1-2,treeshap_iforest,2,9,23093,23115,"[3, 1, 2, 0, 6, 25, 23, 27, 12, 20, 11, 21, 18, 9, 24, 30, 15, 13, 10, 8, 5, 19, 22, 32, 4, 33, 14, 16, 34, 35, 31, 17, 7, 26, 28, 29, 36, 37]",1,1.0,0.1,0.18181818181818182,1.0,1,10,1,1
smd,group1_development,machine-1-2,treeshap_iforest,2,9,23093,23115,"[3, 1, 2, 0, 6, 25, 23, 27, 12, 20, 11, 21, 18, 9, 24, 30, 15, 13, 10, 8, 5, 19, 22, 32, 4, 33, 14, 16, 34, 35, 31, 17, 7, 26, 28, 29, 36, 37]",3,0.6666666666666666,0.2,0.30769230769230765,0.7039180890341347,1,10,3,2
smd,group1_development,machine-1-2,treeshap_iforest,2,9,23093,23115,"[3, 1, 2, 0, 6, 25, 23, 27, 12, 20, 11, 21, 18, 9, 24, 30, 15, 13, 10, 8, 5, 19, 22, 32, 4, 33, 14, 16, 34, 35, 31, 17, 7, 26, 28, 29, 36, 37]",5,0.8,0.4,0.5333333333333333,0.7860137352654724,1,10,5,4
smd,group1_development,machine-1-3,treeshap_iforest,0,0,392,416,"[3, 11, 8, 1, 24, 14, 34, 29, 19, 30, 27, 5, 2, 18, 15, 35, 31, 21, 0, 12, 20, 25, 13, 23, 22, 32, 9, 10, 33, 6, 4, 7, 16, 17, 26, 28, 36, 37]",1,0.0,0.0,0.0,0.0,0,2,1,0
smd,group1_development,machine-1-3,treeshap_iforest,0,0,392,416,"[3, 11, 8, 1, 24, 14, 34, 29, 19, 30, 27, 5, 2, 18, 15, 35, 31, 21, 0, 12, 20, 25, 13, 23, 22, 32, 9, 10, 33, 6, 4, 7, 16, 17, 26, 28, 36, 37]",3,0.3333333333333333,0.5,0.4,0.38685280723454163,1,2,3,1
smd,group1_development,machine-1-3,treeshap_iforest,0,0,392,416,"[3, 11, 8, 1, 24, 14, 34, 29, 19, 30, 27, 5, 2, 18, 15, 35, 31, 21, 0, 12, 20, 25, 13, 23, 22, 32, 9, 10, 33, 6, 4, 7, 16, 17, 26, 28, 36, 37]",5,0.2,0.5,0.28571428571428575,0.38685280723454163,1,2,5,1
smd,group1_development,machine-1-3,treeshap_iforest,0,1,1257,1268,"[8, 5, 15, 11, 14, 29, 23, 25, 13, 12, 32, 6, 27, 33, 19, 30, 18, 24, 1, 9, 20, 10, 0, 34, 31, 3, 22, 2, 21, 35, 4, 7, 16, 17, 26, 28, 36, 37]",1,0.0,0.0,0.0,0.0,0,2,1,0
smd,group1_development,machine-1-3,treeshap_iforest,0,1,1257,1268,"[8, 5, 15, 11, 14, 29, 23, 25, 13, 12, 32, 6, 27, 33, 19, 30, 18, 24, 1, 9, 20, 10, 0, 34, 31, 3, 22, 2, 21, 35, 4, 7, 16, 17, 26, 28, 36, 37]",3,0.0,0.0,0.0,0.0,0,2,3,0
smd,group1_development,machine-1-3,treeshap_iforest,0,1,1257,1268,"[8, 5, 15, 11, 14, 29, 23, 25, 13, 12, 32, 6, 27, 33, 19, 30, 18, 24, 1, 9, 20, 10, 0, 34, 31, 3, 22, 2, 21, 35, 4, 7, 16, 17, 26, 28, 36, 37]",5,0.4,1.0,0.5714285714285715,0.5012658353418871,1,2,5,2
smd,group1_development,machine-1-3,treeshap_iforest,0,2,4872,4875,"[8, 11, 14, 25, 5, 13, 23, 15, 12, 32, 19, 34, 33, 1, 6, 9, 10, 3, 29, 24, 27, 35, 31, 20, 30, 2, 18, 21, 0, 22, 4, 7, 16, 17, 26, 28, 36, 37]",1,0.0,0.0,0.0,0.0,0,2,1,0
smd,group1_development,machine-1-3,treeshap_iforest,0,2,4872,4875,"[8, 11, 14, 25, 5, 13, 23, 15, 12, 32, 19, 34, 33, 1, 6, 9, 10, 3, 29, 24, 27, 35, 31, 20, 30, 2, 18, 21, 0, 22, 4, 7, 16, 17, 26, 28, 36, 37]",3,0.6666666666666666,1.0,0.8,0.6934264036172708,1,2,3,2
smd,group1_development,machine-1-3,treeshap_iforest,0,2,4872,4875,"[8, 11, 14, 25, 5, 13, 23, 15, 12, 32, 19, 34, 33, 1, 6, 9, 10, 3, 29, 24, 27, 35, 31, 20, 30, 2, 18, 21, 0, 22, 4, 7, 16, 17, 26, 28, 36, 37]",5,0.4,1.0,0.5714285714285715,0.6934264036172708,1,2,5,2
smd,group1_development,machine-1-3,treeshap_iforest,0,3,5613,5661,"[8, 25, 11, 15, 14, 23, 6, 5, 13, 12, 33, 32, 10, 9, 3, 34, 1, 22, 27, 18, 30, 21, 20, 0, 29, 31, 35, 24, 2, 19, 4, 7, 16, 17, 26, 28, 36, 37]",1,0.0,0.0,0.0,0.0,0,2,1,0
smd,group1_development,machine-1-3,treeshap_iforest,0,3,5613,5661,"[8, 25, 11, 15, 14, 23, 6, 5, 13, 12, 33, 32, 10, 9, 3, 34, 1, 22, 27, 18, 30, 21, 20, 0, 29, 31, 35, 24, 2, 19, 4, 7, 16, 17, 26, 28, 36, 37]",3,0.3333333333333333,0.5,0.4,0.3065735963827292,1,2,3,1
smd,group1_development,machine-1-3,treeshap_iforest,0,3,5613,5661,"[8, 25, 11, 15, 14, 23, 6, 5, 13, 12, 33, 32, 10, 9, 3, 34, 1, 22, 27, 18, 30, 21, 20, 0, 29, 31, 35, 24, 2, 19, 4, 7, 16, 17, 26, 28, 36, 37]",5,0.4,1.0,0.5714285714285715,0.5437713091520254,1,2,5,2
smd,group1_development,machine-1-3,treeshap_iforest,0,4,11310,11517,"[3, 19, 1, 2, 5, 0, 6, 8, 32, 15, 11, 25, 14, 33, 27, 13, 18, 20, 31, 29, 23, 21, 30, 12, 9, 10, 35, 24, 34, 22, 4, 7, 16, 17, 26, 28, 36, 37]",1,0.0,0.0,0.0,0.0,0,2,1,0
smd,group1_development,machine-1-3,treeshap_iforest,0,4,11310,11517,"[3, 19, 1, 2, 5, 0, 6, 8, 32, 15, 11, 25, 14, 33, 27, 13, 18, 20, 31, 29, 23, 21, 30, 12, 9, 10, 35, 24, 34, 22, 4, 7, 16, 17, 26, 28, 36, 37]",3,0.0,0.0,0.0,0.0,0,2,3,0
smd,group1_development,machine-1-3,treeshap_iforest,0,4,11310,11517,"[3, 19, 1, 2, 5, 0, 6, 8, 32, 15, 11, 25, 14, 33, 27, 13, 18, 20, 31, 29, 23, 21, 30, 12, 9, 10, 35, 24, 34, 22, 4, 7, 16, 17, 26, 28, 36, 37]",5,0.0,0.0,0.0,0.0,0,2,5,0
smd,group1_development,machine-1-3,treeshap_iforest,0,5,13350,13380,"[3, 2, 1, 5, 19, 0, 18, 27, 33, 21, 30, 20, 31, 29, 32, 35, 9, 10, 34, 15, 13, 6, 24, 23, 8, 14, 11, 25, 22, 12, 4, 7, 16, 17, 26, 28, 36, 37]",1,0.0,0.0,0.0,0.0,0,14,1,0
smd,group1_development,machine-1-3,treeshap_iforest,0,5,13350,13380,"[3, 2, 1, 5, 19, 0, 18, 27, 33, 21, 30, 20, 31, 29, 32, 35, 9, 10, 34, 15, 13, 6, 24, 23, 8, 14, 11, 25, 22, 12, 4, 7, 16, 17, 26, 28, 36, 37]",3,0.0,0.0,0.0,0.0,0,14,3,0
smd,group1_development,machine-1-3,treeshap_iforest,0,5,13350,13380,"[3, 2, 1, 5, 19, 0, 18, 27, 33, 21, 30, 20, 31, 29, 32, 35, 9, 10, 34, 15, 13, 6, 24, 23, 8, 14, 11, 25, 22, 12, 4, 7, 16, 17, 26, 28, 36, 37]",5,0.2,0.07142857142857142,0.10526315789473682,0.13120507751234178,1,14,5,1
smd,group1_development,machine-1-3,treeshap_iforest,0,6,13871,13915,"[8, 11, 15, 14, 6, 5, 12, 13, 34, 32, 33, 29, 31, 30, 22, 0, 21, 20, 27, 9, 18, 25, 35, 10, 1, 19, 2, 24, 3, 23, 4, 7, 16, 17, 26, 28, 36, 37]",1,0.0,0.0,0.0,0.0,0,2,1,0
smd,group1_development,machine-1-3,treeshap_iforest,0,6,13871,13915,"[8, 11, 15, 14, 6, 5, 12, 13, 34, 32, 33, 29, 31, 30, 22, 0, 21, 20, 27, 9, 18, 25, 35, 10, 1, 19, 2, 24, 3, 23, 4, 7, 16, 17, 26, 28, 36, 37]",3,0.3333333333333333,0.5,0.4,0.38685280723454163,1,2,3,1
smd,group1_development,machine-1-3,treeshap_iforest,0,6,13871,13915,"[8, 11, 15, 14, 6, 5, 12, 13, 34, 32, 33, 29, 31, 30, 22, 0, 21, 20, 27, 9, 18, 25, 35, 10, 1, 19, 2, 24, 3, 23, 4, 7, 16, 17, 26, 28, 36, 37]",5,0.4,1.0,0.5714285714285715,0.6509209298071326,1,2,5,2
smd,group1_development,machine-1-3,treeshap_iforest,0,7,16220,16281,"[3, 5, 19, 6, 1, 33, 2, 25, 0, 18, 32, 23, 27, 29, 21, 30, 15, 20, 31, 13, 35, 14, 24, 8, 11, 34, 9, 22, 10, 12, 4, 7, 16, 17, 26, 28, 36, 37]",1,0.0,0.0,0.0,0.0,0,10,1,0
smd,group1_development,machine-1-3,treeshap_iforest,0,7,16220,16281,"[3, 5, 19, 6, 1, 33, 2, 25, 0, 18, 32, 23, 27, 29, 21, 30, 15, 20, 31, 13, 35, 14, 24, 8, 11, 34, 9, 22, 10, 12, 4, 7, 16, 17, 26, 28, 36, 37]",3,0.3333333333333333,0.1,0.15384615384615383,0.23463936301137822,1,10,3,1
smd,group1_development,machine-1-3,treeshap_iforest,0,7,16220,16281,"[3, 5, 19, 6, 1, 33, 2, 25, 0, 18, 32, 23, 27, 29, 21, 30, 15, 20, 31, 13, 35, 14, 24, 8, 11, 34, 9, 22, 10, 12, 4, 7, 16, 17, 26, 28, 36, 37]",5,0.2,0.1,0.13333333333333333,0.16958010263680806,1,10,5,1
smd,group1_development,machine-1-3,treeshap_iforest,0,8,17016,17241,"[25, 5, 8, 23, 33, 6, 14, 15, 11, 32, 13, 29, 12, 1, 3, 19, 9, 34, 22, 30, 10, 27, 31, 21, 24, 20, 18, 0, 35, 2, 4, 7, 16, 17, 26, 28, 36, 37]",1,0.0,0.0,0.0,0.0,0,2,1,0
smd,group1_development,machine-1-3,treeshap_iforest,0,8,17016,17241,"[25, 5, 8, 23, 33, 6, 14, 15, 11, 32, 13, 29, 12, 1, 3, 19, 9, 34, 22, 30, 10, 27, 31, 21, 24, 20, 18, 0, 35, 2, 4, 7, 16, 17, 26, 28, 36, 37]",3,0.0,0.0,0.0,0.0,0,2,3,0
smd,group1_development,machine-1-3,treeshap_iforest,0,8,17016,17241,"[25, 5, 8, 23, 33, 6, 14, 15, 11, 32, 13, 29, 12, 1, 3, 19, 9, 34, 22, 30, 10, 27, 31, 21, 24, 20, 18, 0, 35, 2, 4, 7, 16, 17, 26, 28, 36, 37]",5,0.0,0.0,0.0,0.0,0,2,5,0
smd,group1_development,machine-1-3,treeshap_iforest,0,9,17660,17716,"[33, 5, 6, 32, 23, 25, 14, 29, 8, 19, 15, 11, 13, 18, 1, 27, 0, 31, 30, 2, 9, 35, 12, 10, 20, 21, 24, 3, 34, 22, 4, 7, 16, 17, 26, 28, 36, 37]",1,1.0,0.125,0.2222222222222222,1.0,1,8,1,1
smd,group1_development,machine-1-3,treeshap_iforest,0,9,17660,17716,"[33, 5, 6, 32, 23, 25, 14, 29, 8, 19, 15, 11, 13, 18, 1, 27, 0, 31, 30, 2, 9, 35, 12, 10, 20, 21, 24, 3, 34, 22, 4, 7, 16, 17, 26, 28, 36, 37]",3,0.3333333333333333,0.125,0.18181818181818182,0.46927872602275644,1,8,3,1
smd,group1_development,machine-1-3,treeshap_iforest,0,9,17660,17716,"[33, 5, 6, 32, 23, 25, 14, 29, 8, 19, 15, 11, 13, 18, 1, 27, 0, 31, 30, 2, 9, 35, 12, 10, 20, 21, 24, 3, 34, 22, 4, 7, 16, 17, 26, 28, 36, 37]",5,0.4,0.25,0.3076923076923077,0.48522855511632257,1,8,5,2
smd,group1_development,machine-1-3,treeshap_iforest,0,10,22923,23019,"[10, 9, 8, 11, 15, 14, 5, 25, 13, 1, 3, 33, 12, 32, 23, 2, 6, 29, 34, 0, 27, 30, 20, 31, 22, 21, 24, 18, 19, 35, 4, 7, 16, 17, 26, 28, 36, 37]",1,1.0,0.029411764705882353,0.05714285714285715,1.0,1,34,1,1
smd,group1_development,machine-1-3,treeshap_iforest,0,10,22923,23019,"[10, 9, 8, 11, 15, 14, 5, 25, 13, 1, 3, 33, 12, 32, 23, 2, 6, 29, 34, 0, 27, 30, 20, 31, 22, 21, 24, 18, 19, 35, 4, 7, 16, 17, 26, 28, 36, 37]",3,1.0,0.08823529411764706,0.1621621621621622,1.0,1,34,3,3
smd,group1_development,machine-1-3,treeshap_iforest,0,10,22923,23019,"[10, 9, 8, 11, 15, 14, 5, 25, 13, 1, 3, 33, 12, 32, 23, 2, 6, 29, 34, 0, 27, 30, 20, 31, 22, 21, 24, 18, 19, 35, 4, 7, 16, 17, 26, 28, 36, 37]",5,1.0,0.14705882352941177,0.25641025641025644,1.0,1,34,5,5
smd,group1_development,machine-1-3,treeshap_iforest,1,0,392,416,"[19, 11, 21, 3, 0, 8, 29, 30, 24, 14, 5, 34, 1, 15, 31, 27, 20, 35, 2, 13, 22, 18, 32, 25, 23, 12, 9, 10, 33, 6, 4, 7, 16, 17, 26, 28, 36, 37]",1,0.0,0.0,0.0,0.0,0,2,1,0
smd,group1_development,machine-1-3,treeshap_iforest,1,0,392,416,"[19, 11, 21, 3, 0, 8, 29, 30, 24, 14, 5, 34, 1, 15, 31, 27, 20, 35, 2, 13, 22, 18, 32, 25, 23, 12, 9, 10, 33, 6, 4, 7, 16, 17, 26, 28, 36, 37]",3,0.3333333333333333,0.5,0.4,0.38685280723454163,1,2,3,1
smd,group1_development,machine-1-3,treeshap_iforest,1,0,392,416,"[19, 11, 21, 3, 0, 8, 29, 30, 24, 14, 5, 34, 1, 15, 31, 27, 20, 35, 2, 13, 22, 18, 32, 25, 23, 12, 9, 10, 33, 6, 4, 7, 16, 17, 26, 28, 36, 37]",5,0.2,0.5,0.28571428571428575,0.38685280723454163,1,2,5,1
smd,group1_development,machine-1-3,treeshap_iforest,1,1,1257,1268,"[5, 29, 11, 8, 15, 14, 23, 25, 13, 6, 32, 12, 1, 21, 19, 33, 30, 9, 24, 3, 20, 22, 0, 31, 10, 34, 18, 27, 2, 35, 4, 7, 16, 17, 26, 28, 36, 37]",1,0.0,0.0,0.0,0.0,0,2,1,0
smd,group1_development,machine-1-3,treeshap_iforest,1,1,1257,1268,"[5, 29, 11, 8, 15, 14, 23, 25, 13, 6, 32, 12, 1, 21, 19, 33, 30, 9, 24, 3, 20, 22, 0, 31, 10, 34, 18, 27, 2, 35, 4, 7, 16, 17, 26, 28, 36, 37]",3,0.3333333333333333,0.5,0.4,0.3065735963827292,1,2,3,1
smd,group1_development,machine-1-3,treeshap_iforest,1,1,1257,1268,"[5, 29, 11, 8, 15, 14, 23, 25, 13, 6, 32, 12, 1, 21, 19, 33, 30, 9, 24, 3, 20, 22, 0, 31, 10, 34, 18, 27, 2, 35, 4, 7, 16, 17, 26, 28, 36, 37]",5,0.2,0.5,0.28571428571428575,0.3065735963827292,1,2,5,1
smd,group1_development,machine-1-3,treeshap_iforest,1,2,4872,4875,"[5, 8, 11, 13, 14, 15, 23, 25, 32, 12, 1, 3, 29, 9, 24, 30, 0, 33, 20, 19, 21, 6, 10, 31, 18, 2, 27, 22, 35, 34, 4, 7, 16, 17, 26, 28, 36, 37]",1,0.0,0.0,0.0,0.0,0,2,1,0
smd,group1_development,machine-1-3,treeshap_iforest,1,2,4872,4875,"[5, 8, 11, 13, 14, 15, 23, 25, 32, 12, 1, 3, 29, 9, 24, 30, 0, 33, 20, 19, 21, 6, 10, 31, 18, 2, 27, 22, 35, 34, 4, 7, 16, 17, 26, 28, 36, 37]",3,0.3333333333333333,0.5,0.4,0.3065735963827292,1,2,3,1
smd,group1_development,machine-1-3,treeshap_iforest,1,2,4872,4875,"[5, 8, 11, 13, 14, 15, 23, 25, 32, 12, 1, 3, 29, 9, 24, 30, 0, 33, 20, 19, 21, 6, 10, 31, 18, 2, 27, 22, 35, 34, 4, 7, 16, 17, 26, 28, 36, 37]",5,0.4,1.0,0.5714285714285715,0.5437713091520254,1,2,5,2
smd,group1_development,machine-1-3,treeshap_iforest,1,3,5613,5661,"[6, 5, 8, 11, 23, 15, 25, 13, 14, 33, 12, 32, 9, 19, 0, 10, 31, 1, 29, 35, 24, 27, 2, 20, 34, 21, 30, 22, 18, 3, 4, 7, 16, 17, 26, 28, 36, 37]",1,0.0,0.0,0.0,0.0,0,2,1,0
smd,group1_development,machine-1-3,treeshap_iforest,1,3,5613,5661,"[6, 5, 8, 11, 23, 15, 25, 13, 14, 33, 12, 32, 9, 19, 0, 10, 31, 1, 29, 35, 24, 27, 2, 20, 34, 21, 30, 22, 18, 3, 4, 7, 16, 17, 26, 28, 36, 37]",3,0.0,0.0,0.0,0.0,0,2,3,0
smd,group1_development,machine-1-3,treeshap_iforest,1,3,5613,5661,"[6, 5, 8, 11, 23, 15, 25, 13, 14, 33, 12, 32, 9, 19, 0, 10, 31, 1, 29, 35, 24, 27, 2, 20, 34, 21, 30, 22, 18, 3, 4, 7, 16, 17, 26, 28, 36, 37]",5,0.2,0.5,0.28571428571428575,0.2640681225725909,1,2,5,1
smd,group1_development,machine-1-3,treeshap_iforest,1,4,11310,11517,"[19, 3, 0, 1, 5, 2, 6, 32, 11, 15, 8, 13, 21, 14, 25, 29, 35, 20, 30, 31, 23, 33, 27, 18, 9, 34, 12, 22, 10, 24, 4, 7, 16, 17, 26, 28, 36, 37]",1,0.0,0.0,0.0,0.0,0,2,1,0
smd,group1_development,machine-1-3,treeshap_iforest,1,4,11310,11517,"[19, 3, 0, 1, 5, 2, 6, 32, 11, 15, 8, 13, 21, 14, 25, 29, 35, 20, 30, 31, 23, 33, 27, 18, 9, 34, 12, 22, 10, 24, 4, 7, 16, 17, 26, 28, 36, 37]",3,0.0,0.0,0.0,0.0,0,2,3,0
smd,group1_development,machine-1-3,treeshap_iforest,1,4,11310,11517,"[19, 3, 0, 1, 5, 2, 6, 32, 11, 15, 8, 13, 21, 14, 25, 29, 35, 20, 30, 31, 23, 33, 27, 18, 9, 34, 12, 22, 10, 24, 4, 7, 16, 17, 26, 28, 36, 37]",5,0.0,0.0,0.0,0.0,0,2,5,0
smd,group1_development,machine-1-3,treeshap_iforest,1,5,13350,13380,"[19, 3, 2, 1, 0, 5, 21, 30, 20, 32, 18, 27, 35, 31, 29, 15, 6, 9, 13, 33, 24, 34, 23, 11, 10, 8, 14, 22, 25, 12, 4, 7, 16, 17, 26, 28, 36, 37]",1,1.0,0.07142857142857142,0.13333333333333333,1.0,1,14,1,1
smd,group1_development,machine-1-3,treeshap_iforest,1,5,13350,13380,"[19, 3, 2, 1, 0, 5, 21, 30, 20, 32, 18, 27, 35, 31, 29, 15, 6, 9, 13, 33, 24, 34, 23, 11, 10, 8, 14, 22, 25, 12, 4, 7, 16, 17, 26, 28, 36, 37]",3,0.3333333333333333,0.07142857142857142,0.11764705882352941,0.46927872602275644,1,14,3,1
smd,group1_development,machine-1-3,treeshap_iforest,1,5,13350,13380,"[19, 3, 2, 1, 0, 5, 21, 30, 20, 32, 18, 27, 35, 31, 29, 15, 6, 9, 13, 33, 24, 34, 23, 11, 10, 8, 14, 22, 25, 12, 4, 7, 16, 17, 26, 28, 36, 37]",5,0.4,0.14285714285714285,0.21052631578947364,0.4703652827859579,1,14,5,2
smd,group1_development,machine-1-3,treeshap_iforest,1,6,13871,13915,"[5, 6, 8, 11, 15, 13, 14, 32, 29, 33, 12, 22, 35, 24, 25, 0, 20, 21, 9, 31, 30, 1, 23, 27, 3, 19, 2, 10, 18, 34, 4, 7, 16, 17, 26, 28, 36, 37]",1,0.0,0.0,0.0,0.0,0,2,1,0
smd,group1_development,machine-1-3,treeshap_iforest,1,6,13871,13915,"[5, 6, 8, 11, 15, 13, 14, 32, 29, 33, 12, 22, 35, 24, 25, 0, 20, 21, 9, 31, 30, 1, 23, 27, 3, 19, 2, 10, 18, 34, 4, 7, 16, 17, 26, 28, 36, 37]",3,0.0,0.0,0.0,0.0,0,2,3,0
smd,group1_development,machine-1-3,treeshap_iforest,1,6,13871,13915,"[5, 6, 8, 11, 15, 13, 14, 32, 29, 33, 12, 22, 35, 24, 25, 0, 20, 21, 9, 31, 30, 1, 23, 27, 3, 19, 2, 10, 18, 34, 4, 7, 16, 17, 26, 28, 36, 37]",5,0.2,0.5,0.28571428571428575,0.2640681225725909,1,2,5,1
smd,group1_development,machine-1-3,treeshap_iforest,1,7,16220,16281,"[19, 6, 5, 3, 1, 0, 2, 32, 21, 25, 23, 33, 30, 31, 29, 18, 15, 35, 13, 20, 27, 11, 22, 34, 14, 8, 24, 9, 10, 12, 4, 7, 16, 17, 26, 28, 36, 37]",1,1.0,0.1,0.18181818181818182,1.0,1,10,1,1
smd,group1_development,machine-1-3,treeshap_iforest,1,7,16220,16281,"[19, 6, 5, 3, 1, 0, 2, 32, 21, 25, 23, 33, 30, 31, 29, 18, 15, 35, 13, 20, 27, 11, 22, 34, 14, 8, 24, 9, 10, 12, 4, 7, 16, 17, 26, 28, 36, 37]",3,0.3333333333333333,0.1,0.15384615384615383,0.46927872602275644,1,10,3,1
smd,group1_development,machine-1-3,treeshap_iforest,1,7,16220,16281,"[19, 6, 5, 3, 1, 0, 2, 32, 21, 25, 23, 33, 30, 31, 29, 18, 15, 35, 13, 20, 27, 11, 22, 34, 14, 8, 24, 9, 10, 12, 4, 7, 16, 17, 26, 28, 36, 37]",5,0.2,0.1,0.13333333333333333,0.3391602052736161,1,10,5,1
smd,group1_development,machine-1-3,treeshap_iforest,1,8,17016,17241,"[5, 6, 23, 25, 11, 8, 15, 32, 13, 14, 29, 33, 31, 12, 0, 19, 35, 20, 9, 24, 1, 27, 2, 21, 18, 10, 22, 34, 30, 3, 4, 7, 16, 17, 26, 28, 36, 37]",1,0.0,0.0,0.0,0.0,0,2,1,0
smd,group1_development,machine-1-3,treeshap_iforest,1,8,17016,17241,"[5, 6, 23, 25, 11, 8, 15, 32, 13, 14, 29, 33, 31, 12, 0, 19, 35, 20, 9, 24, 1, 27, 2, 21, 18, 10, 22, 34, 30, 3, 4, 7, 16, 17, 26, 28, 36, 37]",3,0.0,0.0,0.0,0.0,0,2,3,0
smd,group1_development,machine-1-3,treeshap_iforest,1,8,17016,17241,"[5, 6, 23, 25, 11, 8, 15, 32, 13, 14, 29, 33, 31, 12, 0, 19, 35, 20, 9, 24, 1, 27, 2, 21, 18, 10, 22, 34, 30, 3, 4, 7, 16, 17, 26, 28, 36, 37]",5,0.2,0.5,0.28571428571428575,0.23719771276929622,1,2,5,1
smd,group1_development,machine-1-3,treeshap_iforest,1,9,17660,17716,"[6, 5, 33, 32, 19, 11, 23, 25, 8, 29, 14, 15, 13, 1, 3, 2, 31, 21, 9, 30, 18, 0, 34, 35, 22, 12, 10, 20, 27, 24, 4, 7, 16, 17, 26, 28, 36, 37]",1,0.0,0.0,0.0,0.0,0,8,1,0
smd,group1_development,machine-1-3,treeshap_iforest,1,9,17660,17716,"[6, 5, 33, 32, 19, 11, 23, 25, 8, 29, 14, 15, 13, 1, 3, 2, 31, 21, 9, 30, 18, 0, 34, 35, 22, 12, 10, 20, 27, 24, 4, 7, 16, 17, 26, 28, 36, 37]",3,0.3333333333333333,0.125,0.18181818181818182,0.23463936301137822,1,8,3,1
smd,group1_development,machine-1-3,treeshap_iforest,1,9,17660,17716,"[6, 5, 33, 32, 19, 11, 23, 25, 8, 29, 14, 15, 13, 1, 3, 2, 31, 21, 9, 30, 18, 0, 34, 35, 22, 12, 10, 20, 27, 24, 4, 7, 16, 17, 26, 28, 36, 37]",5,0.6,0.375,0.4615384615384615,0.4468535299918563,1,8,5,3
smd,group1_development,machine-1-3,treeshap_iforest,1,10,22923,23019,"[9, 10, 11, 8, 15, 5, 13, 14, 2, 32, 23, 25, 3, 1, 0, 33, 29, 6, 12, 24, 31, 35, 19, 22, 27, 20, 21, 30, 18, 34, 4, 7, 16, 17, 26, 28, 36, 37]",1,1.0,0.029411764705882353,0.05714285714285715,1.0,1,34,1,1
smd,group1_development,machine-1-3,treeshap_iforest,1,10,22923,23019,"[9, 10, 11, 8, 15, 5, 13, 14, 2, 32, 23, 25, 3, 1, 0, 33, 29, 6, 12, 24, 31, 35, 19, 22, 27, 20, 21, 30, 18, 34, 4, 7, 16, 17, 26, 28, 36, 37]",3,1.0,0.08823529411764706,0.1621621621621622,1.0,1,34,3,3
smd,group1_development,machine-1-3,treeshap_iforest,1,10,22923,23019,"[9, 10, 11, 8, 15, 5, 13, 14, 2, 32, 23, 25, 3, 1, 0, 33, 29, 6, 12, 24, 31, 35, 19, 22, 27, 20, 21, 30, 18, 34, 4, 7, 16, 17, 26, 28, 36, 37]",5,1.0,0.14705882352941177,0.25641025641025644,1.0,1,34,5,5
smd,group1_development,machine-1-3,treeshap_iforest,2,0,392,416,"[29, 11, 24, 2, 15, 5, 18, 8, 3, 1, 21, 14, 19, 27, 31, 22, 35, 30, 34, 20, 0, 12, 32, 13, 23, 25, 9, 10, 33, 6, 4, 7, 16, 17, 26, 28, 36, 37]",1,0.0,0.0,0.0,0.0,0,2,1,0
smd,group1_development,machine-1-3,treeshap_iforest,2,0,392,416,"[29, 11, 24, 2, 15, 5, 18, 8, 3, 1, 21, 14, 19, 27, 31, 22, 35, 30, 34, 20, 0, 12, 32, 13, 23, 25, 9, 10, 33, 6, 4, 7, 16, 17, 26, 28, 36, 37]",3,0.3333333333333333,0.5,0.4,0.38685280723454163,1,2,3,1
smd,group1_development,machine-1-3,treeshap_iforest,2,0,392,416,"[29, 11, 24, 2, 15, 5, 18, 8, 3, 1, 21, 14, 19, 27, 31, 22, 35, 30, 34, 20, 0, 12, 32, 13, 23, 25, 9, 10, 33, 6, 4, 7, 16, 17, 26, 28, 36, 37]",5,0.2,0.5,0.28571428571428575,0.38685280723454163,1,2,5,1
smd,group1_development,machine-1-3,treeshap_iforest,2,1,1257,1268,"[5, 15, 11, 29, 8, 14, 32, 13, 23, 12, 25, 19, 6, 2, 30, 18, 35, 24, 33, 0, 9, 1, 22, 10, 31, 3, 34, 27, 20, 21, 4, 7, 16, 17, 26, 28, 36, 37]",1,0.0,0.0,0.0,0.0,0,2,1,0
smd,group1_development,machine-1-3,treeshap_iforest,2,1,1257,1268,"[5, 15, 11, 29, 8, 14, 32, 13, 23, 12, 25, 19, 6, 2, 30, 18, 35, 24, 33, 0, 9, 1, 22, 10, 31, 3, 34, 27, 20, 21, 4, 7, 16, 17, 26, 28, 36, 37]",3,0.3333333333333333,0.5,0.4,0.3065735963827292,1,2,3,1
smd,group1_development,machine-1-3,treeshap_iforest,2,1,1257,1268,"[5, 15, 11, 29, 8, 14, 32, 13, 23, 12, 25, 19, 6, 2, 30, 18, 35, 24, 33, 0, 9, 1, 22, 10, 31, 3, 34, 27, 20, 21, 4, 7, 16, 17, 26, 28, 36, 37]",5,0.2,0.5,0.28571428571428575,0.3065735963827292,1,2,5,1
smd,group1_development,machine-1-3,treeshap_iforest,2,2,4872,4875,"[5, 15, 11, 13, 23, 8, 14, 12, 25, 32, 19, 33, 29, 24, 35, 3, 9, 27, 31, 34, 10, 21, 2, 18, 6, 0, 30, 1, 22, 20, 4, 7, 16, 17, 26, 28, 36, 37]",1,0.0,0.0,0.0,0.0,0,2,1,0
smd,group1_development,machine-1-3,treeshap_iforest,2,2,4872,4875,"[5, 15, 11, 13, 23, 8, 14, 12, 25, 32, 19, 33, 29, 24, 35, 3, 9, 27, 31, 34, 10, 21, 2, 18, 6, 0, 30, 1, 22, 20, 4, 7, 16, 17, 26, 28, 36, 37]",3,0.3333333333333333,0.5,0.4,0.3065735963827292,1,2,3,1
smd,group1_development,machine-1-3,treeshap_iforest,2,2,4872,4875,"[5, 15, 11, 13, 23, 8, 14, 12, 25, 32, 19, 33, 29, 24, 35, 3, 9, 27, 31, 34, 10, 21, 2, 18, 6, 0, 30, 1, 22, 20, 4, 7, 16, 17, 26, 28, 36, 37]",5,0.2,0.5,0.28571428571428575,0.3065735963827292,1,2,5,1
smd,group1_development,machine-1-3,treeshap_iforest,2,3,5613,5661,"[5, 15, 6, 11, 23, 14, 8, 25, 13, 12, 32, 33, 3, 9, 10, 27, 2, 29, 31, 1, 34, 35, 20, 30, 21, 19, 18, 22, 24, 0, 4, 7, 16, 17, 26, 28, 36, 37]",1,0.0,0.0,0.0,0.0,0,2,1,0
smd,group1_development,machine-1-3,treeshap_iforest,2,3,5613,5661,"[5, 15, 6, 11, 23, 14, 8, 25, 13, 12, 32, 33, 3, 9, 10, 27, 2, 29, 31, 1, 34, 35, 20, 30, 21, 19, 18, 22, 24, 0, 4, 7, 16, 17, 26, 28, 36, 37]",3,0.0,0.0,0.0,0.0,0,2,3,0
smd,group1_development,machine-1-3,treeshap_iforest,2,3,5613,5661,"[5, 15, 6, 11, 23, 14, 8, 25, 13, 12, 32, 33, 3, 9, 10, 27, 2, 29, 31, 1, 34, 35, 20, 30, 21, 19, 18, 22, 24, 0, 4, 7, 16, 17, 26, 28, 36, 37]",5,0.2,0.5,0.28571428571428575,0.2640681225725909,1,2,5,1
smd,group1_development,machine-1-3,treeshap_iforest,2,4,11310,11517,"[2, 5, 19, 1, 29, 3, 32, 0, 6, 11, 15, 8, 14, 13, 25, 35, 18, 21, 33, 27, 20, 31, 34, 12, 23, 9, 24, 30, 10, 22, 4, 7, 16, 17, 26, 28, 36, 37]",1,0.0,0.0,0.0,0.0,0,2,1,0
smd,group1_development,machine-1-3,treeshap_iforest,2,4,11310,11517,"[2, 5, 19, 1, 29, 3, 32, 0, 6, 11, 15, 8, 14, 13, 25, 35, 18, 21, 33, 27, 20, 31, 34, 12, 23, 9, 24, 30, 10, 22, 4, 7, 16, 17, 26, 28, 36, 37]",3,0.0,0.0,0.0,0.0,0,2,3,0
smd,group1_development,machine-1-3,treeshap_iforest,2,4,11310,11517,"[2, 5, 19, 1, 29, 3, 32, 0, 6, 11, 15, 8, 14, 13, 25, 35, 18, 21, 33, 27, 20, 31, 34, 12, 23, 9, 24, 30, 10, 22, 4, 7, 16, 17, 26, 28, 36, 37]",5,0.0,0.0,0.0,0.0,0,2,5,0
smd,group1_development,machine-1-3,treeshap_iforest,2,5,13350,13380,"[2, 5, 29, 3, 19, 1, 18, 0, 21, 32, 20, 35, 27, 15, 33, 9, 13, 30, 24, 31, 34, 25, 6, 10, 22, 8, 11, 23, 14, 12, 4, 7, 16, 17, 26, 28, 36, 37]",1,0.0,0.0,0.0,0.0,0,14,1,0
smd,group1_development,machine-1-3,treeshap_iforest,2,5,13350,13380,"[2, 5, 29, 3, 19, 1, 18, 0, 21, 32, 20, 35, 27, 15, 33, 9, 13, 30, 24, 31, 34, 25, 6, 10, 22, 8, 11, 23, 14, 12, 4, 7, 16, 17, 26, 28, 36, 37]",3,0.0,0.0,0.0,0.0,0,14,3,0
smd,group1_development,machine-1-3,treeshap_iforest,2,5,13350,13380,"[2, 5, 29, 3, 19, 1, 18, 0, 21, 32, 20, 35, 27, 15, 33, 9, 13, 30, 24, 31, 34, 25, 6, 10, 22, 8, 11, 23, 14, 12, 4, 7, 16, 17, 26, 28, 36, 37]",5,0.2,0.07142857142857142,0.10526315789473682,0.13120507751234178,1,14,5,1
smd,group1_development,machine-1-3,treeshap_iforest,2,6,13871,13915,"[5, 15, 11, 29, 14, 6, 8, 13, 12, 32, 33, 0, 34, 35, 30, 25, 2, 9, 1, 21, 10, 27, 19, 22, 31, 20, 23, 24, 18, 3, 4, 7, 16, 17, 26, 28, 36, 37]",1,0.0,0.0,0.0,0.0,0,2,1,0
smd,group1_development,machine-1-3,treeshap_iforest,2,6,13871,13915,"[5, 15, 11, 29, 14, 6, 8, 13, 12, 32, 33, 0, 34, 35, 30, 25, 2, 9, 1, 21, 10, 27, 19, 22, 31, 20, 23, 24, 18, 3, 4, 7, 16, 17, 26, 28, 36, 37]",3,0.3333333333333333,0.5,0.4,0.3065735963827292,1,2,3,1
smd,group1_development,machine-1-3,treeshap_iforest,2,6,13871,13915,"[5, 15, 11, 29, 14, 6, 8, 13, 12, 32, 33, 0, 34, 35, 30, 25, 2, 9, 1, 21, 10, 27, 19, 22, 31, 20, 23, 24, 18, 3, 4, 7, 16, 17, 26, 28, 36, 37]",5,0.4,1.0,0.5714285714285715,0.5437713091520254,1,2,5,2
smd,group1_development,machine-1-3,treeshap_iforest,2,7,16220,16281,"[5, 29, 6, 2, 19, 3, 32, 1, 33, 0, 25, 18, 21, 35, 23, 27, 34, 20, 15, 30, 22, 13, 31, 24, 11, 14, 8, 9, 10, 12, 4, 7, 16, 17, 26, 28, 36, 37]",1,0.0,0.0,0.0,0.0,0,10,1,0
smd,group1_development,machine-1-3,treeshap_iforest,2,7,16220,16281,"[5, 29, 6, 2, 19, 3, 32, 1, 33, 0, 25, 18, 21, 35, 23, 27, 34, 20, 15, 30, 22, 13, 31, 24, 11, 14, 8, 9, 10, 12, 4, 7, 16, 17, 26, 28, 36, 37]",3,0.0,0.0,0.0,0.0,0,10,3,0
smd,group1_development,machine-1-3,treeshap_iforest,2,7,16220,16281,"[5, 29, 6, 2, 19, 3, 32, 1, 33, 0, 25, 18, 21, 35, 23, 27, 34, 20, 15, 30, 22, 13, 31, 24, 11, 14, 8, 9, 10, 12, 4, 7, 16, 17, 26, 28, 36, 37]",5,0.2,0.1,0.13333333333333333,0.13120507751234178,1,10,5,1
smd,group1_development,machine-1-3,treeshap_iforest,2,8,17016,17241,"[5, 29, 33, 6, 23, 15, 32, 25, 11, 14, 8, 13, 12, 3, 27, 2, 9, 19, 31, 10, 20, 1, 0, 34, 30, 22, 21, 35, 18, 24, 4, 7, 16, 17, 26, 28, 36, 37]",1,0.0,0.0,0.0,0.0,0,2,1,0
smd,group1_development,machine-1-3,treeshap_iforest,2,8,17016,17241,"[5, 29, 33, 6, 23, 15, 32, 25, 11, 14, 8, 13, 12, 3, 27, 2, 9, 19, 31, 10, 20, 1, 0, 34, 30, 22, 21, 35, 18, 24, 4, 7, 16, 17, 26, 28, 36, 37]",3,0.0,0.0,0.0,0.0,0,2,3,0
smd,group1_development,machine-1-3,treeshap_iforest,2,8,17016,17241,"[5, 29, 33, 6, 23, 15, 32, 25, 11, 14, 8, 13, 12, 3, 27, 2, 9, 19, 31, 10, 20, 1, 0, 34, 30, 22, 21, 35, 18, 24, 4, 7, 16, 17, 26, 28, 36, 37]",5,0.0,0.0,0.0,0.0,0,2,5,0
smd,group1_development,machine-1-3,treeshap_iforest,2,9,17660,17716,"[5, 6, 29, 33, 32, 19, 11, 25, 15, 8, 14, 2, 23, 13, 35, 18, 3, 34, 24, 1, 22, 0, 27, 9, 12, 20, 10, 30, 21, 31, 4, 7, 16, 17, 26, 28, 36, 37]",1,0.0,0.0,0.0,0.0,0,8,1,0
smd,group1_development,machine-1-3,treeshap_iforest,2,9,17660,17716,"[5, 6, 29, 33, 32, 19, 11, 25, 15, 8, 14, 2, 23, 13, 35, 18, 3, 34, 24, 1, 22, 0, 27, 9, 12, 20, 10, 30, 21, 31, 4, 7, 16, 17, 26, 28, 36, 37]",3,0.3333333333333333,0.125,0.18181818181818182,0.23463936301137822,1,8,3,1
smd,group1_development,machine-1-3,treeshap_iforest,2,9,17660,17716,"[5, 6, 29, 33, 32, 19, 11, 25, 15, 8, 14, 2, 23, 13, 35, 18, 3, 34, 24, 1, 22, 0, 27, 9, 12, 20, 10, 30, 21, 31, 4, 7, 16, 17, 26, 28, 36, 37]",5,0.6,0.375,0.4615384615384615,0.4468535299918563,1,8,5,3
smd,group1_development,machine-1-3,treeshap_iforest,2,10,22923,23019,"[10, 9, 11, 15, 29, 5, 14, 8, 13, 32, 2, 3, 33, 12, 25, 23, 1, 6, 0, 21, 27, 30, 31, 35, 34, 20, 24, 22, 18, 19, 4, 7, 16, 17, 26, 28, 36, 37]",1,1.0,0.029411764705882353,0.05714285714285715,1.0,1,34,1,1
smd,group1_development,machine-1-3,treeshap_iforest,2,10,22923,23019,"[10, 9, 11, 15, 29, 5, 14, 8, 13, 32, 2, 3, 33, 12, 25, 23, 1, 6, 0, 21, 27, 30, 31, 35, 34, 20, 24, 22, 18, 19, 4, 7, 16, 17, 26, 28, 36, 37]",3,1.0,0.08823529411764706,0.1621621621621622,1.0,1,34,3,3
smd,group1_development,machine-1-3,treeshap_iforest,2,10,22923,23019,"[10, 9, 11, 15, 29, 5, 14, 8, 13, 32, 2, 3, 33, 12, 25, 23, 1, 6, 0, 21, 27, 30, 31, 35, 34, 20, 24, 22, 18, 19, 4, 7, 16, 17, 26, 28, 36, 37]",5,1.0,0.14705882352941177,0.25641025641025644,1.0,1,34,5,5
smd,group1_development,machine-1-4,treeshap_iforest,0,0,385,417,"[5, 34, 8, 30, 15, 19, 12, 27, 3, 14, 21, 24, 22, 31, 1, 2, 11, 32, 20, 35, 18, 0, 29, 13, 6, 9, 4, 10, 23, 25, 33, 17, 7, 16, 26, 28, 36, 37]",1,0.0,0.0,0.0,0.0,0,3,1,0
smd,group1_development,machine-1-4,treeshap_iforest,0,0,385,417,"[5, 34, 8, 30, 15, 19, 12, 27, 3, 14, 21, 24, 22, 31, 1, 2, 11, 32, 20, 35, 18, 0, 29, 13, 6, 9, 4, 10, 23, 25, 33, 17, 7, 16, 26, 28, 36, 37]",3,0.0,0.0,0.0,0.0,0,3,3,0
smd,group1_development,machine-1-4,treeshap_iforest,0,0,385,417,"[5, 34, 8, 30, 15, 19, 12, 27, 3, 14, 21, 24, 22, 31, 1, 2, 11, 32, 20, 35, 18, 0, 29, 13, 6, 9, 4, 10, 23, 25, 33, 17, 7, 16, 26, 28, 36, 37]",5,0.2,0.3333333333333333,0.25,0.18154179253735267,1,3,5,1
smd,group1_development,machine-1-4,treeshap_iforest,0,1,5626,5679,"[5, 8, 15, 6, 12, 14, 11, 13, 32, 29, 4, 33, 23, 22, 9, 35, 27, 19, 1, 25, 34, 3, 20, 2, 10, 31, 30, 0, 18, 21, 24, 17, 7, 16, 26, 28, 36, 37]",1,0.0,0.0,0.0,0.0,0,3,1,0
smd,group1_development,machine-1-4,treeshap_iforest,0,1,5626,5679,"[5, 8, 15, 6, 12, 14, 11, 13, 32, 29, 4, 33, 23, 22, 9, 35, 27, 19, 1, 25, 34, 3, 20, 2, 10, 31, 30, 0, 18, 21, 24, 17, 7, 16, 26, 28, 36, 37]",3,0.3333333333333333,0.3333333333333333,0.3333333333333333,0.23463936301137822,1,3,3,1
smd,group1_development,machine-1-4,treeshap_iforest,0,1,5626,5679,"[5, 8, 15, 6, 12, 14, 11, 13, 32, 29, 4, 33, 23, 22, 9, 35, 27, 19, 1, 25, 34, 3, 20, 2, 10, 31, 30, 0, 18, 21, 24, 17, 7, 16, 26, 28, 36, 37]",5,0.2,0.3333333333333333,0.25,0.23463936301137822,1,3,5,1
smd,group1_development,machine-1-4,treeshap_iforest,0,2,11314,11519,"[3, 1, 19, 5, 2, 32, 6, 0, 8, 15, 14, 12, 21, 33, 11, 4, 20, 9, 13, 18, 27, 10, 31, 23, 25, 30, 24, 35, 29, 22, 34, 17, 7, 16, 26, 28, 36, 37]",1,0.0,0.0,0.0,0.0,0,2,1,0
smd,group1_development,machine-1-4,treeshap_iforest,0,2,11314,11519,"[3, 1, 19, 5, 2, 32, 6, 0, 8, 15, 14, 12, 21, 33, 11, 4, 20, 9, 13, 18, 27, 10, 31, 23, 25, 30, 24, 35, 29, 22, 34, 17, 7, 16, 26, 28, 36, 37]",3,0.0,0.0,0.0,0.0,0,2,3,0
smd,group1_development,machine-1-4,treeshap_iforest,0,2,11314,11519,"[3, 1, 19, 5, 2, 32, 6, 0, 8, 15, 14, 12, 21, 33, 11, 4, 20, 9, 13, 18, 27, 10, 31, 23, 25, 30, 24, 35, 29, 22, 34, 17, 7, 16, 26, 28, 36, 37]",5,0.0,0.0,0.0,0.0,0,2,5,0
smd,group1_development,machine-1-4,treeshap_iforest,0,3,13872,13925,"[8, 12, 15, 6, 23, 14, 11, 5, 13, 25, 32, 33, 4, 18, 22, 24, 20, 30, 9, 29, 1, 27, 2, 35, 19, 31, 34, 10, 3, 21, 0, 17, 7, 16, 26, 28, 36, 37]",1,0.0,0.0,0.0,0.0,0,14,1,0
smd,group1_development,machine-1-4,treeshap_iforest,0,3,13872,13925,"[8, 12, 15, 6, 23, 14, 11, 5, 13, 25, 32, 33, 4, 18, 22, 24, 20, 30, 9, 29, 1, 27, 2, 35, 19, 31, 34, 10, 3, 21, 0, 17, 7, 16, 26, 28, 36, 37]",3,0.0,0.0,0.0,0.0,0,14,3,0
smd,group1_development,machine-1-4,treeshap_iforest,0,3,13872,13925,"[8, 12, 15, 6, 23, 14, 11, 5, 13, 25, 32, 33, 4, 18, 22, 24, 20, 30, 9, 29, 1, 27, 2, 35, 19, 31, 34, 10, 3, 21, 0, 17, 7, 16, 26, 28, 36, 37]",5,0.2,0.07142857142857142,0.10526315789473682,0.13120507751234178,1,14,5,1
smd,group1_development,machine-1-4,treeshap_iforest,0,4,13355,13376,"[1, 3, 19, 5, 2, 25, 21, 23, 6, 18, 20, 32, 0, 27, 30, 33, 9, 31, 10, 4, 13, 22, 24, 8, 15, 35, 14, 11, 34, 29, 12, 17, 7, 16, 26, 28, 36, 37]",1,0.0,0.0,0.0,0.0,0,3,1,0
smd,group1_development,machine-1-4,treeshap_iforest,0,4,13355,13376,"[1, 3, 19, 5, 2, 25, 21, 23, 6, 18, 20, 32, 0, 27, 30, 33, 9, 31, 10, 4, 13, 22, 24, 8, 15, 35, 14, 11, 34, 29, 12, 17, 7, 16, 26, 28, 36, 37]",3,0.0,0.0,0.0,0.0,0,3,3,0
smd,group1_development,machine-1-4,treeshap_iforest,0,4,13355,13376,"[1, 3, 19, 5, 2, 25, 21, 23, 6, 18, 20, 32, 0, 27, 30, 33, 9, 31, 10, 4, 13, 22, 24, 8, 15, 35, 14, 11, 34, 29, 12, 17, 7, 16, 26, 28, 36, 37]",5,0.0,0.0,0.0,0.0,0,3,5,0
smd,group1_development,machine-1-4,treeshap_iforest,0,5,16240,16261,"[1, 3, 19, 2, 5, 21, 6, 18, 32, 27, 20, 23, 0, 30, 25, 31, 33, 4, 22, 13, 15, 8, 35, 14, 24, 34, 11, 12, 9, 29, 10, 17, 7, 16, 26, 28, 36, 37]",1,0.0,0.0,0.0,0.0,0,14,1,0
smd,group1_development,machine-1-4,treeshap_iforest,0,5,16240,16261,"[1, 3, 19, 2, 5, 21, 6, 18, 32, 27, 20, 23, 0, 30, 25, 31, 33, 4, 22, 13, 15, 8, 35, 14, 24, 34, 11, 12, 9, 29, 10, 17, 7, 16, 26, 28, 36, 37]",3,0.3333333333333333,0.07142857142857142,0.11764705882352941,0.23463936301137822,1,14,3,1
smd,group1_development,machine-1-4,treeshap_iforest,0,5,16240,16261,"[1, 3, 19, 2, 5, 21, 6, 18, 32, 27, 20, 23, 0, 30, 25, 31, 33, 4, 22, 13, 15, 8, 35, 14, 24, 34, 11, 12, 9, 29, 10, 17, 7, 16, 26, 28, 36, 37]",5,0.2,0.07142857142857142,0.10526315789473682,0.16958010263680806,1,14,5,1
smd,group1_development,machine-1-4,treeshap_iforest,0,6,17060,17197,"[6, 5, 32, 15, 33, 8, 14, 13, 12, 11, 4, 29, 27, 25, 9, 23, 34, 1, 35, 19, 31, 10, 3, 2, 20, 0, 30, 21, 22, 18, 24, 17, 7, 16, 26, 28, 36, 37]",1,0.0,0.0,0.0,0.0,0,2,1,0
smd,group1_development,machine-1-4,treeshap_iforest,0,6,17060,17197,"[6, 5, 32, 15, 33, 8, 14, 13, 12, 11, 4, 29, 27, 25, 9, 23, 34, 1, 35, 19, 31, 10, 3, 2, 20, 0, 30, 21, 22, 18, 24, 17, 7, 16, 26, 28, 36, 37]",3,0.0,0.0,0.0,0.0,0,2,3,0
smd,group1_development,machine-1-4,treeshap_iforest,0,6,17060,17197,"[6, 5, 32, 15, 33, 8, 14, 13, 12, 11, 4, 29, 27, 25, 9, 23, 34, 1, 35, 19, 31, 10, 3, 2, 20, 0, 30, 21, 22, 18, 24, 17, 7, 16, 26, 28, 36, 37]",5,0.0,0.0,0.0,0.0,0,2,5,0
smd,group1_development,machine-1-4,treeshap_iforest,0,7,17630,17718,"[5, 32, 6, 33, 23, 25, 15, 8, 14, 4, 13, 1, 11, 19, 12, 2, 31, 9, 21, 0, 29, 10, 18, 27, 20, 3, 34, 35, 30, 24, 22, 17, 7, 16, 26, 28, 36, 37]",1,0.0,0.0,0.0,0.0,0,5,1,0
smd,group1_development,machine-1-4,treeshap_iforest,0,7,17630,17718,"[5, 32, 6, 33, 23, 25, 15, 8, 14, 4, 13, 1, 11, 19, 12, 2, 31, 9, 21, 0, 29, 10, 18, 27, 20, 3, 34, 35, 30, 24, 22, 17, 7, 16, 26, 28, 36, 37]",3,0.3333333333333333,0.2,0.25,0.2960819109658652,1,5,3,1
smd,group1_development,machine-1-4,treeshap_iforest,0,7,17630,17718,"[5, 32, 6, 33, 23, 25, 15, 8, 14, 4, 13, 1, 11, 19, 12, 2, 31, 9, 21, 0, 29, 10, 18, 27, 20, 3, 34, 35, 30, 24, 22, 17, 7, 16, 26, 28, 36, 37]",5,0.4,0.4,0.4000000000000001,0.36005461457723403,1,5,5,2
smd,group1_development,machine-1-4,treeshap_iforest,0,8,18460,18481,"[32, 5, 6, 19, 33, 13, 8, 4, 23, 15, 14, 0, 25, 1, 11, 29, 21, 2, 3, 12, 24, 9, 18, 20, 10, 27, 30, 22, 31, 34, 35, 17, 7, 16, 26, 28, 36, 37]",1,0.0,0.0,0.0,0.0,0,14,1,0
smd,group1_development,machine-1-4,treeshap_iforest,0,8,18460,18481,"[32, 5, 6, 19, 33, 13, 8, 4, 23, 15, 14, 0, 25, 1, 11, 29, 21, 2, 3, 12, 24, 9, 18, 20, 10, 27, 30, 22, 31, 34, 35, 17, 7, 16, 26, 28, 36, 37]",3,0.0,0.0,0.0,0.0,0,14,3,0
smd,group1_development,machine-1-4,treeshap_iforest,0,8,18460,18481,"[32, 5, 6, 19, 33, 13, 8, 4, 23, 15, 14, 0, 25, 1, 11, 29, 21, 2, 3, 12, 24, 9, 18, 20, 10, 27, 30, 22, 31, 34, 35, 17, 7, 16, 26, 28, 36, 37]",5,0.2,0.07142857142857142,0.10526315789473682,0.14606834984270645,1,14,5,1
smd,group1_development,machine-1-4,treeshap_iforest,0,9,20193,20233,"[5, 6, 32, 15, 14, 8, 33, 12, 11, 23, 4, 13, 25, 19, 29, 31, 34, 9, 21, 10, 2, 1, 30, 27, 0, 18, 3, 22, 24, 20, 35, 17, 7, 16, 26, 28, 36, 37]",1,0.0,0.0,0.0,0.0,0,2,1,0
smd,group1_development,machine-1-4,treeshap_iforest,0,9,20193,20233,"[5, 6, 32, 15, 14, 8, 33, 12, 11, 23, 4, 13, 25, 19, 29, 31, 34, 9, 21, 10, 2, 1, 30, 27, 0, 18, 3, 22, 24, 20, 35, 17, 7, 16, 26, 28, 36, 37]",3,0.0,0.0,0.0,0.0,0,2,3,0
smd,group1_development,machine-1-4,treeshap_iforest,0,9,20193,20233,"[5, 6, 32, 15, 14, 8, 33, 12, 11, 23, 4, 13, 25, 19, 29, 31, 34, 9, 21, 10, 2, 1, 30, 27, 0, 18, 3, 22, 24, 20, 35, 17, 7, 16, 26, 28, 36, 37]",5,0.2,0.5,0.28571428571428575,0.23719771276929622,1,2,5,1
smd,group1_development,machine-1-4,treeshap_iforest,0,10,22970,23016,"[9, 10, 12, 8, 11, 14, 15, 13, 1, 3, 2, 23, 33, 25, 5, 32, 6, 0, 4, 24, 27, 20, 29, 18, 31, 19, 35, 21, 34, 22, 30, 17, 7, 16, 26, 28, 36, 37]",1,1.0,0.029411764705882353,0.05714285714285715,1.0,1,34,1,1
smd,group1_development,machine-1-4,treeshap_iforest,0,10,22970,23016,"[9, 10, 12, 8, 11, 14, 15, 13, 1, 3, 2, 23, 33, 25, 5, 32, 6, 0, 4, 24, 27, 20, 29, 18, 31, 19, 35, 21, 34, 22, 30, 17, 7, 16, 26, 28, 36, 37]",3,1.0,0.08823529411764706,0.1621621621621622,1.0,1,34,3,3
smd,group1_development,machine-1-4,treeshap_iforest,0,10,22970,23016,"[9, 10, 12, 8, 11, 14, 15, 13, 1, 3, 2, 23, 33, 25, 5, 32, 6, 0, 4, 24, 27, 20, 29, 18, 31, 19, 35, 21, 34, 22, 30, 17, 7, 16, 26, 28, 36, 37]",5,1.0,0.14705882352941177,0.25641025641025644,1.0,1,34,5,5
smd,group1_development,machine-1-4,treeshap_iforest,0,11,23218,23221,"[9, 10, 12, 11, 25, 23, 5, 6, 32, 20, 2, 4, 1, 35, 24, 27, 19, 18, 31, 15, 30, 34, 29, 3, 8, 14, 33, 21, 13, 0, 22, 17, 7, 16, 26, 28, 36, 37]",1,0.0,0.0,0.0,0.0,0,2,1,0
smd,group1_development,machine-1-4,treeshap_iforest,0,11,23218,23221,"[9, 10, 12, 11, 25, 23, 5, 6, 32, 20, 2, 4, 1, 35, 24, 27, 19, 18, 31, 15, 30, 34, 29, 3, 8, 14, 33, 21, 13, 0, 22, 17, 7, 16, 26, 28, 36, 37]",3,0.0,0.0,0.0,0.0,0,2,3,0
smd,group1_development,machine-1-4,treeshap_iforest,0,11,23218,23221,"[9, 10, 12, 11, 25, 23, 5, 6, 32, 20, 2, 4, 1, 35, 24, 27, 19, 18, 31, 15, 30, 34, 29, 3, 8, 14, 33, 21, 13, 0, 22, 17, 7, 16, 26, 28, 36, 37]",5,0.2,0.5,0.28571428571428575,0.2640681225725909,1,2,5,1
smd,group1_development,machine-1-4,treeshap_iforest,1,0,385,417,"[19, 5, 34, 8, 0, 3, 32, 29, 15, 30, 14, 35, 21, 18, 24, 31, 11, 20, 1, 22, 13, 6, 4, 2, 27, 12, 9, 10, 23, 33, 25, 17, 7, 16, 26, 28, 36, 37]",1,0.0,0.0,0.0,0.0,0,3,1,0
smd,group1_development,machine-1-4,treeshap_iforest,1,0,385,417,"[19, 5, 34, 8, 0, 3, 32, 29, 15, 30, 14, 35, 21, 18, 24, 31, 11, 20, 1, 22, 13, 6, 4, 2, 27, 12, 9, 10, 23, 33, 25, 17, 7, 16, 26, 28, 36, 37]",3,0.0,0.0,0.0,0.0,0,3,3,0
smd,group1_development,machine-1-4,treeshap_iforest,1,0,385,417,"[19, 5, 34, 8, 0, 3, 32, 29, 15, 30, 14, 35, 21, 18, 24, 31, 11, 20, 1, 22, 13, 6, 4, 2, 27, 12, 9, 10, 23, 33, 25, 17, 7, 16, 26, 28, 36, 37]",5,0.0,0.0,0.0,0.0,0,3,5,0
smd,group1_development,machine-1-4,treeshap_iforest,1,1,5626,5679,"[6, 8, 5, 15, 14, 11, 12, 29, 4, 13, 32, 25, 33, 24, 1, 23, 35, 9, 18, 0, 31, 19, 20, 21, 2, 10, 30, 22, 34, 27, 3, 17, 7, 16, 26, 28, 36, 37]",1,0.0,0.0,0.0,0.0,0,3,1,0
smd,group1_development,machine-1-4,treeshap_iforest,1,1,5626,5679,"[6, 8, 5, 15, 14, 11, 12, 29, 4, 13, 32, 25, 33, 24, 1, 23, 35, 9, 18, 0, 31, 19, 20, 21, 2, 10, 30, 22, 34, 27, 3, 17, 7, 16, 26, 28, 36, 37]",3,0.0,0.0,0.0,0.0,0,3,3,0
smd,group1_development,machine-1-4,treeshap_iforest,1,1,5626,5679,"[6, 8, 5, 15, 14, 11, 12, 29, 4, 13, 32, 25, 33, 24, 1, 23, 35, 9, 18, 0, 31, 19, 20, 21, 2, 10, 30, 22, 34, 27, 3, 17, 7, 16, 26, 28, 36, 37]",5,0.4,0.6666666666666666,0.5,0.38364913903790027,1,3,5,2
smd,group1_development,machine-1-4,treeshap_iforest,1,2,11314,11519,"[19, 5, 0, 3, 29, 6, 32, 1, 2, 8, 15, 21, 14, 23, 11, 20, 9, 13, 35, 4, 33, 10, 12, 18, 31, 25, 22, 30, 27, 34, 24, 17, 7, 16, 26, 28, 36, 37]",1,0.0,0.0,0.0,0.0,0,2,1,0
smd,group1_development,machine-1-4,treeshap_iforest,1,2,11314,11519,"[19, 5, 0, 3, 29, 6, 32, 1, 2, 8, 15, 21, 14, 23, 11, 20, 9, 13, 35, 4, 33, 10, 12, 18, 31, 25, 22, 30, 27, 34, 24, 17, 7, 16, 26, 28, 36, 37]",3,0.0,0.0,0.0,0.0,0,2,3,0
smd,group1_development,machine-1-4,treeshap_iforest,1,2,11314,11519,"[19, 5, 0, 3, 29, 6, 32, 1, 2, 8, 15, 21, 14, 23, 11, 20, 9, 13, 35, 4, 33, 10, 12, 18, 31, 25, 22, 30, 27, 34, 24, 17, 7, 16, 26, 28, 36, 37]",5,0.0,0.0,0.0,0.0,0,2,5,0
smd,group1_development,machine-1-4,treeshap_iforest,1,3,13872,13925,"[6, 8, 5, 23, 29, 15, 14, 11, 12, 13, 32, 4, 22, 31, 33, 20, 25, 21, 35, 9, 1, 2, 27, 30, 19, 24, 18, 10, 3, 0, 34, 17, 7, 16, 26, 28, 36, 37]",1,0.0,0.0,0.0,0.0,0,14,1,0
smd,group1_development,machine-1-4,treeshap_iforest,1,3,13872,13925,"[6, 8, 5, 23, 29, 15, 14, 11, 12, 13, 32, 4, 22, 31, 33, 20, 25, 21, 35, 9, 1, 2, 27, 30, 19, 24, 18, 10, 3, 0, 34, 17, 7, 16, 26, 28, 36, 37]",3,0.0,0.0,0.0,0.0,0,14,3,0
smd,group1_development,machine-1-4,treeshap_iforest,1,3,13872,13925,"[6, 8, 5, 23, 29, 15, 14, 11, 12, 13, 32, 4, 22, 31, 33, 20, 25, 21, 35, 9, 1, 2, 27, 30, 19, 24, 18, 10, 3, 0, 34, 17, 7, 16, 26, 28, 36, 37]",5,0.2,0.07142857142857142,0.10526315789473682,0.14606834984270645,1,14,5,1
smd,group1_development,machine-1-4,treeshap_iforest,1,4,13355,13376,"[19, 5, 23, 29, 0, 1, 3, 2, 6, 21, 25, 20, 32, 18, 35, 9, 30, 33, 31, 13, 22, 27, 4, 10, 34, 15, 24, 8, 14, 11, 12, 17, 7, 16, 26, 28, 36, 37]",1,0.0,0.0,0.0,0.0,0,3,1,0
smd,group1_development,machine-1-4,treeshap_iforest,1,4,13355,13376,"[19, 5, 23, 29, 0, 1, 3, 2, 6, 21, 25, 20, 32, 18, 35, 9, 30, 33, 31, 13, 22, 27, 4, 10, 34, 15, 24, 8, 14, 11, 12, 17, 7, 16, 26, 28, 36, 37]",3,0.0,0.0,0.0,0.0,0,3,3,0
smd,group1_development,machine-1-4,treeshap_iforest,1,4,13355,13376,"[19, 5, 23, 29, 0, 1, 3, 2, 6, 21, 25, 20, 32, 18, 35, 9, 30, 33, 31, 13, 22, 27, 4, 10, 34, 15, 24, 8, 14, 11, 12, 17, 7, 16, 26, 28, 36, 37]",5,0.0,0.0,0.0,0.0,0,3,5,0
smd,group1_development,machine-1-4,treeshap_iforest,1,5,16240,16261,"[19, 5, 1, 6, 0, 29, 3, 2, 21, 23, 32, 20, 18, 35, 30, 31, 33, 25, 27, 13, 22, 34, 24, 4, 8, 15, 14, 11, 9, 12, 10, 17, 7, 16, 26, 28, 36, 37]",1,1.0,0.07142857142857142,0.13333333333333333,1.0,1,14,1,1
smd,group1_development,machine-1-4,treeshap_iforest,1,5,16240,16261,"[19, 5, 1, 6, 0, 29, 3, 2, 21, 23, 32, 20, 18, 35, 30, 31, 33, 25, 27, 13, 22, 34, 24, 4, 8, 15, 14, 11, 9, 12, 10, 17, 7, 16, 26, 28, 36, 37]",3,0.3333333333333333,0.07142857142857142,0.11764705882352941,0.46927872602275644,1,14,3,1
smd,group1_development,machine-1-4,treeshap_iforest,1,5,16240,16261,"[19, 5, 1, 6, 0, 29, 3, 2, 21, 23, 32, 20, 18, 35, 30, 31, 33, 25, 27, 13, 22, 34, 24, 4, 8, 15, 14, 11, 9, 12, 10, 17, 7, 16, 26, 28, 36, 37]",5,0.4,0.14285714285714285,0.21052631578947364,0.4703652827859579,1,14,5,2
smd,group1_development,machine-1-4,treeshap_iforest,1,6,17060,17197,"[6, 29, 5, 32, 15, 8, 11, 14, 33, 4, 13, 12, 23, 0, 1, 9, 25, 19, 18, 24, 35, 31, 2, 20, 3, 10, 22, 30, 34, 21, 27, 17, 7, 16, 26, 28, 36, 37]",1,0.0,0.0,0.0,0.0,0,2,1,0
smd,group1_development,machine-1-4,treeshap_iforest,1,6,17060,17197,"[6, 29, 5, 32, 15, 8, 11, 14, 33, 4, 13, 12, 23, 0, 1, 9, 25, 19, 18, 24, 35, 31, 2, 20, 3, 10, 22, 30, 34, 21, 27, 17, 7, 16, 26, 28, 36, 37]",3,0.0,0.0,0.0,0.0,0,2,3,0
smd,group1_development,machine-1-4,treeshap_iforest,1,6,17060,17197,"[6, 29, 5, 32, 15, 8, 11, 14, 33, 4, 13, 12, 23, 0, 1, 9, 25, 19, 18, 24, 35, 31, 2, 20, 3, 10, 22, 30, 34, 21, 27, 17, 7, 16, 26, 28, 36, 37]",5,0.0,0.0,0.0,0.0,0,2,5,0
smd,group1_development,machine-1-4,treeshap_iforest,1,7,17630,17718,"[5, 6, 32, 29, 33, 23, 15, 25, 8, 4, 19, 3, 13, 21, 14, 1, 2, 11, 0, 20, 35, 9, 12, 22, 10, 31, 34, 18, 30, 24, 27, 17, 7, 16, 26, 28, 36, 37]",1,0.0,0.0,0.0,0.0,0,5,1,0
smd,group1_development,machine-1-4,treeshap_iforest,1,7,17630,17718,"[5, 6, 32, 29, 33, 23, 15, 25, 8, 4, 19, 3, 13, 21, 14, 1, 2, 11, 0, 20, 35, 9, 12, 22, 10, 31, 34, 18, 30, 24, 27, 17, 7, 16, 26, 28, 36, 37]",3,0.3333333333333333,0.2,0.25,0.23463936301137822,1,5,3,1
smd,group1_development,machine-1-4,treeshap_iforest,1,7,17630,17718,"[5, 6, 32, 29, 33, 23, 15, 25, 8, 4, 19, 3, 13, 21, 14, 1, 2, 11, 0, 20, 35, 9, 12, 22, 10, 31, 34, 18, 30, 24, 27, 17, 7, 16, 26, 28, 36, 37]",5,0.6,0.6,0.6,0.4468535299918563,1,5,5,3
smd,group1_development,machine-1-4,treeshap_iforest,1,8,18460,18481,"[6, 32, 5, 29, 19, 0, 13, 15, 23, 33, 4, 8, 1, 14, 11, 25, 2, 20, 18, 3, 9, 21, 34, 12, 22, 10, 30, 24, 31, 35, 27, 17, 7, 16, 26, 28, 36, 37]",1,0.0,0.0,0.0,0.0,0,14,1,0
smd,group1_development,machine-1-4,treeshap_iforest,1,8,18460,18481,"[6, 32, 5, 29, 19, 0, 13, 15, 23, 33, 4, 8, 1, 14, 11, 25, 2, 20, 18, 3, 9, 21, 34, 12, 22, 10, 30, 24, 31, 35, 27, 17, 7, 16, 26, 28, 36, 37]",3,0.0,0.0,0.0,0.0,0,14,3,0
smd,group1_development,machine-1-4,treeshap_iforest,1,8,18460,18481,"[6, 32, 5, 29, 19, 0, 13, 15, 23, 33, 4, 8, 1, 14, 11, 25, 2, 20, 18, 3, 9, 21, 34, 12, 22, 10, 30, 24, 31, 35, 27, 17, 7, 16, 26, 28, 36, 37]",5,0.2,0.07142857142857142,0.10526315789473682,0.13120507751234178,1,14,5,1
smd,group1_development,machine-1-4,treeshap_iforest,1,9,20193,20233,"[6, 5, 29, 32, 15, 8, 23, 14, 11, 33, 4, 13, 12, 19, 3, 20, 9, 1, 25, 18, 0, 27, 21, 10, 2, 22, 24, 35, 30, 34, 31, 17, 7, 16, 26, 28, 36, 37]",1,0.0,0.0,0.0,0.0,0,2,1,0
smd,group1_development,machine-1-4,treeshap_iforest,1,9,20193,20233,"[6, 5, 29, 32, 15, 8, 23, 14, 11, 33, 4, 13, 12, 19, 3, 20, 9, 1, 25, 18, 0, 27, 21, 10, 2, 22, 24, 35, 30, 34, 31, 17, 7, 16, 26, 28, 36, 37]",3,0.0,0.0,0.0,0.0,0,2,3,0
smd,group1_development,machine-1-4,treeshap_iforest,1,9,20193,20233,"[6, 5, 29, 32, 15, 8, 23, 14, 11, 33, 4, 13, 12, 19, 3, 20, 9, 1, 25, 18, 0, 27, 21, 10, 2, 22, 24, 35, 30, 34, 31, 17, 7, 16, 26, 28, 36, 37]",5,0.0,0.0,0.0,0.0,0,2,5,0
smd,group1_development,machine-1-4,treeshap_iforest,1,10,22970,23016,"[9, 8, 10, 13, 15, 14, 11, 12, 1, 23, 2, 3, 0, 32, 29, 6, 25, 33, 5, 4, 22, 19, 31, 27, 24, 20, 21, 35, 17, 30, 34, 18, 7, 16, 26, 28, 36, 37]",1,1.0,0.029411764705882353,0.05714285714285715,1.0,1,34,1,1
smd,group1_development,machine-1-4,treeshap_iforest,1,10,22970,23016,"[9, 8, 10, 13, 15, 14, 11, 12, 1, 23, 2, 3, 0, 32, 29, 6, 25, 33, 5, 4, 22, 19, 31, 27, 24, 20, 21, 35, 17, 30, 34, 18, 7, 16, 26, 28, 36, 37]",3,1.0,0.08823529411764706,0.1621621621621622,1.0,1,34,3,3
smd,group1_development,machine-1-4,treeshap_iforest,1,10,22970,23016,"[9, 8, 10, 13, 15, 14, 11, 12, 1, 23, 2, 3, 0, 32, 29, 6, 25, 33, 5, 4, 22, 19, 31, 27, 24, 20, 21, 35, 17, 30, 34, 18, 7, 16, 26, 28, 36, 37]",5,1.0,0.14705882352941177,0.25641025641025644,1.0,1,34,5,5
smd,group1_development,machine-1-4,treeshap_iforest,1,11,23218,23221,"[9, 10, 25, 11, 23, 5, 6, 12, 29, 32, 1, 22, 4, 20, 2, 21, 19, 31, 27, 24, 8, 35, 33, 15, 34, 0, 30, 18, 13, 3, 14, 17, 7, 16, 26, 28, 36, 37]",1,0.0,0.0,0.0,0.0,0,2,1,0
smd,group1_development,machine-1-4,treeshap_iforest,1,11,23218,23221,"[9, 10, 25, 11, 23, 5, 6, 12, 29, 32, 1, 22, 4, 20, 2, 21, 19, 31, 27, 24, 8, 35, 33, 15, 34, 0, 30, 18, 13, 3, 14, 17, 7, 16, 26, 28, 36, 37]",3,0.0,0.0,0.0,0.0,0,2,3,0
smd,group1_development,machine-1-4,treeshap_iforest,1,11,23218,23221,"[9, 10, 25, 11, 23, 5, 6, 12, 29, 32, 1, 22, 4, 20, 2, 21, 19, 31, 27, 24, 8, 35, 33, 15, 34, 0, 30, 18, 13, 3, 14, 17, 7, 16, 26, 28, 36, 37]",5,0.2,0.5,0.28571428571428575,0.2640681225725909,1,2,5,1
smd,group1_development,machine-1-4,treeshap_iforest,2,0,385,417,"[29, 19, 5, 3, 27, 20, 8, 2, 12, 30, 31, 32, 24, 14, 15, 35, 0, 21, 34, 18, 11, 1, 22, 9, 13, 10, 6, 4, 25, 33, 23, 17, 7, 16, 26, 28, 36, 37]",1,0.0,0.0,0.0,0.0,0,3,1,0
smd,group1_development,machine-1-4,treeshap_iforest,2,0,385,417,"[29, 19, 5, 3, 27, 20, 8, 2, 12, 30, 31, 32, 24, 14, 15, 35, 0, 21, 34, 18, 11, 1, 22, 9, 13, 10, 6, 4, 25, 33, 23, 17, 7, 16, 26, 28, 36, 37]",3,0.0,0.0,0.0,0.0,0,3,3,0
smd,group1_development,machine-1-4,treeshap_iforest,2,0,385,417,"[29, 19, 5, 3, 27, 20, 8, 2, 12, 30, 31, 32, 24, 14, 15, 35, 0, 21, 34, 18, 11, 1, 22, 9, 13, 10, 6, 4, 25, 33, 23, 17, 7, 16, 26, 28, 36, 37]",5,0.0,0.0,0.0,0.0,0,3,5,0
smd,group1_development,machine-1-4,treeshap_iforest,2,1,5626,5679,"[12, 15, 5, 14, 6, 8, 29, 11, 32, 13, 25, 33, 4, 3, 23, 31, 21, 1, 27, 9, 0, 19, 2, 10, 34, 18, 22, 30, 20, 35, 24, 17, 7, 16, 26, 28, 36, 37]",1,0.0,0.0,0.0,0.0,0,3,1,0
smd,group1_development,machine-1-4,treeshap_iforest,2,1,5626,5679,"[12, 15, 5, 14, 6, 8, 29, 11, 32, 13, 25, 33, 4, 3, 23, 31, 21, 1, 27, 9, 0, 19, 2, 10, 34, 18, 22, 30, 20, 35, 24, 17, 7, 16, 26, 28, 36, 37]",3,0.3333333333333333,0.3333333333333333,0.3333333333333333,0.2960819109658652,1,3,3,1
smd,group1_development,machine-1-4,treeshap_iforest,2,1,5626,5679,"[12, 15, 5, 14, 6, 8, 29, 11, 32, 13, 25, 33, 4, 3, 23, 31, 21, 1, 27, 9, 0, 19, 2, 10, 34, 18, 22, 30, 20, 35, 24, 17, 7, 16, 26, 28, 36, 37]",5,0.4,0.6666666666666666,0.5,0.49818925746641285,1,3,5,2
smd,group1_development,machine-1-4,treeshap_iforest,2,2,11314,11519,"[19, 2, 3, 32, 1, 5, 0, 6, 8, 15, 12, 29, 27, 14, 21, 4, 11, 9, 35, 10, 30, 20, 33, 25, 18, 13, 31, 22, 24, 23, 34, 17, 7, 16, 26, 28, 36, 37]",1,0.0,0.0,0.0,0.0,0,2,1,0
smd,group1_development,machine-1-4,treeshap_iforest,2,2,11314,11519,"[19, 2, 3, 32, 1, 5, 0, 6, 8, 15, 12, 29, 27, 14, 21, 4, 11, 9, 35, 10, 30, 20, 33, 25, 18, 13, 31, 22, 24, 23, 34, 17, 7, 16, 26, 28, 36, 37]",3,0.0,0.0,0.0,0.0,0,2,3,0
smd,group1_development,machine-1-4,treeshap_iforest,2,2,11314,11519,"[19, 2, 3, 32, 1, 5, 0, 6, 8, 15, 12, 29, 27, 14, 21, 4, 11, 9, 35, 10, 30, 20, 33, 25, 18, 13, 31, 22, 24, 23, 34, 17, 7, 16, 26, 28, 36, 37]",5,0.0,0.0,0.0,0.0,0,2,5,0
smd,group1_development,machine-1-4,treeshap_iforest,2,3,13872,13925,"[12, 14, 15, 8, 6, 11, 5, 23, 32, 13, 29, 4, 34, 31, 25, 33, 20, 35, 24, 30, 9, 10, 2, 1, 3, 21, 18, 19, 27, 0, 22, 17, 7, 16, 26, 28, 36, 37]",1,0.0,0.0,0.0,0.0,0,14,1,0
smd,group1_development,machine-1-4,treeshap_iforest,2,3,13872,13925,"[12, 14, 15, 8, 6, 11, 5, 23, 32, 13, 29, 4, 34, 31, 25, 33, 20, 35, 24, 30, 9, 10, 2, 1, 3, 21, 18, 19, 27, 0, 22, 17, 7, 16, 26, 28, 36, 37]",3,0.0,0.0,0.0,0.0,0,14,3,0
smd,group1_development,machine-1-4,treeshap_iforest,2,3,13872,13925,"[12, 14, 15, 8, 6, 11, 5, 23, 32, 13, 29, 4, 34, 31, 25, 33, 20, 35, 24, 30, 9, 10, 2, 1, 3, 21, 18, 19, 27, 0, 22, 17, 7, 16, 26, 28, 36, 37]",5,0.0,0.0,0.0,0.0,0,14,5,0
smd,group1_development,machine-1-4,treeshap_iforest,2,4,13355,13376,"[2, 1, 19, 3, 25, 5, 20, 21, 32, 0, 27, 18, 6, 30, 23, 29, 35, 9, 31, 24, 10, 4, 15, 34, 33, 22, 8, 14, 13, 11, 12, 17, 7, 16, 26, 28, 36, 37]",1,0.0,0.0,0.0,0.0,0,3,1,0
smd,group1_development,machine-1-4,treeshap_iforest,2,4,13355,13376,"[2, 1, 19, 3, 25, 5, 20, 21, 32, 0, 27, 18, 6, 30, 23, 29, 35, 9, 31, 24, 10, 4, 15, 34, 33, 22, 8, 14, 13, 11, 12, 17, 7, 16, 26, 28, 36, 37]",3,0.0,0.0,0.0,0.0,0,3,3,0
smd,group1_development,machine-1-4,treeshap_iforest,2,4,13355,13376,"[2, 1, 19, 3, 25, 5, 20, 21, 32, 0, 27, 18, 6, 30, 23, 29, 35, 9, 31, 24, 10, 4, 15, 34, 33, 22, 8, 14, 13, 11, 12, 17, 7, 16, 26, 28, 36, 37]",5,0.0,0.0,0.0,0.0,0,3,5,0
smd,group1_development,machine-1-4,treeshap_iforest,2,5,16240,16261,"[2, 1, 19, 3, 32, 20, 21, 5, 6, 27, 0, 18, 25, 30, 29, 35, 33, 31, 24, 4, 23, 34, 15, 22, 8, 13, 14, 12, 11, 9, 10, 17, 7, 16, 26, 28, 36, 37]",1,0.0,0.0,0.0,0.0,0,14,1,0
smd,group1_development,machine-1-4,treeshap_iforest,2,5,16240,16261,"[2, 1, 19, 3, 32, 20, 21, 5, 6, 27, 0, 18, 25, 30, 29, 35, 33, 31, 24, 4, 23, 34, 15, 22, 8, 13, 14, 12, 11, 9, 10, 17, 7, 16, 26, 28, 36, 37]",3,0.3333333333333333,0.07142857142857142,0.11764705882352941,0.23463936301137822,1,14,3,1
smd,group1_development,machine-1-4,treeshap_iforest,2,5,16240,16261,"[2, 1, 19, 3, 32, 20, 21, 5, 6, 27, 0, 18, 25, 30, 29, 35, 33, 31, 24, 4, 23, 34, 15, 22, 8, 13, 14, 12, 11, 9, 10, 17, 7, 16, 26, 28, 36, 37]",5,0.2,0.07142857142857142,0.10526315789473682,0.16958010263680806,1,14,5,1
smd,group1_development,machine-1-4,treeshap_iforest,2,6,17060,17197,"[32, 5, 6, 33, 15, 29, 12, 8, 14, 4, 11, 13, 3, 21, 25, 2, 1, 23, 9, 31, 0, 27, 10, 19, 35, 34, 18, 20, 22, 30, 24, 17, 7, 16, 26, 28, 36, 37]",1,0.0,0.0,0.0,0.0,0,2,1,0
smd,group1_development,machine-1-4,treeshap_iforest,2,6,17060,17197,"[32, 5, 6, 33, 15, 29, 12, 8, 14, 4, 11, 13, 3, 21, 25, 2, 1, 23, 9, 31, 0, 27, 10, 19, 35, 34, 18, 20, 22, 30, 24, 17, 7, 16, 26, 28, 36, 37]",3,0.0,0.0,0.0,0.0,0,2,3,0
smd,group1_development,machine-1-4,treeshap_iforest,2,6,17060,17197,"[32, 5, 6, 33, 15, 29, 12, 8, 14, 4, 11, 13, 3, 21, 25, 2, 1, 23, 9, 31, 0, 27, 10, 19, 35, 34, 18, 20, 22, 30, 24, 17, 7, 16, 26, 28, 36, 37]",5,0.0,0.0,0.0,0.0,0,2,5,0
smd,group1_development,machine-1-4,treeshap_iforest,2,7,17630,17718,"[32, 5, 6, 33, 25, 29, 19, 4, 3, 15, 1, 8, 23, 2, 0, 14, 11, 13, 27, 12, 35, 30, 24, 34, 22, 20, 9, 21, 10, 18, 31, 17, 7, 16, 26, 28, 36, 37]",1,1.0,0.2,0.33333333333333337,1.0,1,5,1,1
smd,group1_development,machine-1-4,treeshap_iforest,2,7,17630,17718,"[32, 5, 6, 33, 25, 29, 19, 4, 3, 15, 1, 8, 23, 2, 0, 14, 11, 13, 27, 12, 35, 30, 24, 34, 22, 20, 9, 21, 10, 18, 31, 17, 7, 16, 26, 28, 36, 37]",3,0.3333333333333333,0.2,0.25,0.46927872602275644,1,5,3,1
smd,group1_development,machine-1-4,treeshap_iforest,2,7,17630,17718,"[32, 5, 6, 33, 25, 29, 19, 4, 3, 15, 1, 8, 23, 2, 0, 14, 11, 13, 27, 12, 35, 30, 24, 34, 22, 20, 9, 21, 10, 18, 31, 17, 7, 16, 26, 28, 36, 37]",5,0.4,0.4,0.4000000000000001,0.48522855511632257,1,5,5,2
smd,group1_development,machine-1-4,treeshap_iforest,2,8,18460,18481,"[32, 5, 6, 19, 33, 29, 4, 15, 2, 8, 1, 0, 14, 25, 13, 12, 23, 3, 11, 18, 21, 9, 34, 27, 10, 24, 35, 31, 30, 20, 22, 17, 7, 16, 26, 28, 36, 37]",1,0.0,0.0,0.0,0.0,0,14,1,0
smd,group1_development,machine-1-4,treeshap_iforest,2,8,18460,18481,"[32, 5, 6, 19, 33, 29, 4, 15, 2, 8, 1, 0, 14, 25, 13, 12, 23, 3, 11, 18, 21, 9, 34, 27, 10, 24, 35, 31, 30, 20, 22, 17, 7, 16, 26, 28, 36, 37]",3,0.0,0.0,0.0,0.0,0,14,3,0
smd,group1_development,machine-1-4,treeshap_iforest,2,8,18460,18481,"[32, 5, 6, 19, 33, 29, 4, 15, 2, 8, 1, 0, 14, 25, 13, 12, 23, 3, 11, 18, 21, 9, 34, 27, 10, 24, 35, 31, 30, 20, 22, 17, 7, 16, 26, 28, 36, 37]",5,0.2,0.07142857142857142,0.10526315789473682,0.14606834984270645,1,14,5,1
smd,group1_development,machine-1-4,treeshap_iforest,2,9,20193,20233,"[32, 5, 6, 15, 29, 8, 12, 33, 14, 11, 4, 19, 13, 23, 34, 1, 9, 25, 10, 27, 35, 0, 3, 2, 24, 21, 30, 18, 20, 31, 22, 17, 7, 16, 26, 28, 36, 37]",1,0.0,0.0,0.0,0.0,0,2,1,0
smd,group1_development,machine-1-4,treeshap_iforest,2,9,20193,20233,"[32, 5, 6, 15, 29, 8, 12, 33, 14, 11, 4, 19, 13, 23, 34, 1, 9, 25, 10, 27, 35, 0, 3, 2, 24, 21, 30, 18, 20, 31, 22, 17, 7, 16, 26, 28, 36, 37]",3,0.0,0.0,0.0,0.0,0,2,3,0
smd,group1_development,machine-1-4,treeshap_iforest,2,9,20193,20233,"[32, 5, 6, 15, 29, 8, 12, 33, 14, 11, 4, 19, 13, 23, 34, 1, 9, 25, 10, 27, 35, 0, 3, 2, 24, 21, 30, 18, 20, 31, 22, 17, 7, 16, 26, 28, 36, 37]",5,0.0,0.0,0.0,0.0,0,2,5,0
smd,group1_development,machine-1-4,treeshap_iforest,2,10,22970,23016,"[10, 9, 12, 14, 11, 8, 2, 3, 15, 1, 13, 32, 23, 25, 33, 5, 0, 6, 29, 17, 4, 20, 31, 27, 34, 35, 22, 21, 24, 19, 30, 18, 7, 16, 26, 28, 36, 37]",1,1.0,0.029411764705882353,0.05714285714285715,1.0,1,34,1,1
smd,group1_development,machine-1-4,treeshap_iforest,2,10,22970,23016,"[10, 9, 12, 14, 11, 8, 2, 3, 15, 1, 13, 32, 23, 25, 33, 5, 0, 6, 29, 17, 4, 20, 31, 27, 34, 35, 22, 21, 24, 19, 30, 18, 7, 16, 26, 28, 36, 37]",3,1.0,0.08823529411764706,0.1621621621621622,1.0,1,34,3,3
smd,group1_development,machine-1-4,treeshap_iforest,2,10,22970,23016,"[10, 9, 12, 14, 11, 8, 2, 3, 15, 1, 13, 32, 23, 25, 33, 5, 0, 6, 29, 17, 4, 20, 31, 27, 34, 35, 22, 21, 24, 19, 30, 18, 7, 16, 26, 28, 36, 37]",5,1.0,0.14705882352941177,0.25641025641025644,1.0,1,34,5,5
smd,group1_development,machine-1-4,treeshap_iforest,2,11,23218,23221,"[10, 9, 12, 23, 25, 11, 32, 6, 5, 29, 4, 31, 24, 20, 34, 2, 30, 35, 15, 8, 0, 3, 21, 22, 1, 18, 19, 33, 14, 27, 13, 17, 7, 16, 26, 28, 36, 37]",1,0.0,0.0,0.0,0.0,0,2,1,0
smd,group1_development,machine-1-4,treeshap_iforest,2,11,23218,23221,"[10, 9, 12, 23, 25, 11, 32, 6, 5, 29, 4, 31, 24, 20, 34, 2, 30, 35, 15, 8, 0, 3, 21, 22, 1, 18, 19, 33, 14, 27, 13, 17, 7, 16, 26, 28, 36, 37]",3,0.0,0.0,0.0,0.0,0,2,3,0
smd,group1_development,machine-1-4,treeshap_iforest,2,11,23218,23221,"[10, 9, 12, 23, 25, 11, 32, 6, 5, 29, 4, 31, 24, 20, 34, 2, 30, 35, 15, 8, 0, 3, 21, 22, 1, 18, 19, 33, 14, 27, 13, 17, 7, 16, 26, 28, 36, 37]",5,0.0,0.0,0.0,0.0,0,2,5,0
smd,group1_development,machine-1-5,treeshap_iforest,0,0,10620,10637,"[1, 3, 2, 31, 23, 6, 0, 25, 18, 8, 13, 15, 14, 11, 22, 27, 20, 19, 30, 24, 21, 34, 5, 33, 32, 35, 9, 10, 29, 12, 4, 7, 16, 17, 26, 28, 36, 37]",1,1.0,0.125,0.2222222222222222,1.0,1,8,1,1
smd,group1_development,machine-1-5,treeshap_iforest,0,0,10620,10637,"[1, 3, 2, 31, 23, 6, 0, 25, 18, 8, 13, 15, 14, 11, 22, 27, 20, 19, 30, 24, 21, 34, 5, 33, 32, 35, 9, 10, 29, 12, 4, 7, 16, 17, 26, 28, 36, 37]",3,1.0,0.375,0.5454545454545454,1.0,1,8,3,3
smd,group1_development,machine-1-5,treeshap_iforest,0,0,10620,10637,"[1, 3, 2, 31, 23, 6, 0, 25, 18, 8, 13, 15, 14, 11, 22, 27, 20, 19, 30, 24, 21, 34, 5, 33, 32, 35, 9, 10, 29, 12, 4, 7, 16, 17, 26, 28, 36, 37]",5,1.0,0.625,0.7692307692307693,1.0,1,8,5,5
smd,group1_development,machine-1-5,treeshap_iforest,0,1,11785,11816,"[31, 23, 25, 6, 0, 8, 3, 15, 13, 14, 2, 32, 33, 24, 1, 30, 18, 19, 22, 21, 11, 34, 20, 27, 35, 9, 5, 10, 12, 29, 4, 7, 16, 17, 26, 28, 36, 37]",1,1.0,0.1,0.18181818181818182,1.0,1,10,1,1
smd,group1_development,machine-1-5,treeshap_iforest,0,1,11785,11816,"[31, 23, 25, 6, 0, 8, 3, 15, 13, 14, 2, 32, 33, 24, 1, 30, 18, 19, 22, 21, 11, 34, 20, 27, 35, 9, 5, 10, 12, 29, 4, 7, 16, 17, 26, 28, 36, 37]",3,1.0,0.3,0.4615384615384615,1.0,1,10,3,3
smd,group1_development,machine-1-5,treeshap_iforest,0,1,11785,11816,"[31, 23, 25, 6, 0, 8, 3, 15, 13, 14, 2, 32, 33, 24, 1, 30, 18, 19, 22, 21, 11, 34, 20, 27, 35, 9, 5, 10, 12, 29, 4, 7, 16, 17, 26, 28, 36, 37]",5,0.6,0.3,0.4,0.7227265726449519,1,10,5,3
smd,group1_development,machine-1-5,treeshap_iforest,0,2,12765,12786,"[31, 22, 1, 23, 2, 3, 6, 30, 24, 25, 27, 0, 21, 34, 18, 35, 20, 19, 8, 14, 11, 13, 15, 32, 5, 9, 33, 10, 29, 12, 4, 7, 16, 17, 26, 28, 36, 37]",1,1.0,0.07142857142857142,0.13333333333333333,1.0,1,14,1,1
smd,group1_development,machine-1-5,treeshap_iforest,0,2,12765,12786,"[31, 22, 1, 23, 2, 3, 6, 30, 24, 25, 27, 0, 21, 34, 18, 35, 20, 19, 8, 14, 11, 13, 15, 32, 5, 9, 33, 10, 29, 12, 4, 7, 16, 17, 26, 28, 36, 37]",3,1.0,0.21428571428571427,0.35294117647058826,1.0,1,14,3,3
smd,group1_development,machine-1-5,treeshap_iforest,0,2,12765,12786,"[31, 22, 1, 23, 2, 3, 6, 30, 24, 25, 27, 0, 21, 34, 18, 35, 20, 19, 8, 14, 11, 13, 15, 32, 5, 9, 33, 10, 29, 12, 4, 7, 16, 17, 26, 28, 36, 37]",5,1.0,0.35714285714285715,0.5263157894736842,1.0,1,14,5,5
smd,group1_development,machine-1-5,treeshap_iforest,0,3,14068,14072,"[9, 1, 19, 10, 18, 31, 2, 27, 20, 0, 21, 3, 30, 25, 5, 23, 24, 14, 22, 33, 11, 13, 8, 32, 15, 6, 34, 35, 29, 12, 4, 7, 16, 17, 26, 28, 36, 37]",1,0.0,0.0,0.0,0.0,0,6,1,0
smd,group1_development,machine-1-5,treeshap_iforest,0,3,14068,14072,"[9, 1, 19, 10, 18, 31, 2, 27, 20, 0, 21, 3, 30, 25, 5, 23, 24, 14, 22, 33, 11, 13, 8, 32, 15, 6, 34, 35, 29, 12, 4, 7, 16, 17, 26, 28, 36, 37]",3,0.3333333333333333,0.16666666666666666,0.2222222222222222,0.23463936301137822,1,6,3,1
smd,group1_development,machine-1-5,treeshap_iforest,0,3,14068,14072,"[9, 1, 19, 10, 18, 31, 2, 27, 20, 0, 21, 3, 30, 25, 5, 23, 24, 14, 22, 33, 11, 13, 8, 32, 15, 6, 34, 35, 29, 12, 4, 7, 16, 17, 26, 28, 36, 37]",5,0.4,0.3333333333333333,0.3636363636363636,0.30078518014914984,1,6,5,2
smd,group1_development,machine-1-5,treeshap_iforest,0,4,14520,14531,"[1, 31, 9, 2, 3, 6, 23, 10, 0, 22, 25, 34, 35, 18, 27, 30, 19, 11, 21, 20, 24, 8, 15, 13, 5, 14, 33, 32, 12, 29, 4, 7, 16, 17, 26, 28, 36, 37]",1,1.0,0.05555555555555555,0.10526315789473684,1.0,1,18,1,1
smd,group1_development,machine-1-5,treeshap_iforest,0,4,14520,14531,"[1, 31, 9, 2, 3, 6, 23, 10, 0, 22, 25, 34, 35, 18, 27, 30, 19, 11, 21, 20, 24, 8, 15, 13, 5, 14, 33, 32, 12, 29, 4, 7, 16, 17, 26, 28, 36, 37]",3,1.0,0.16666666666666666,0.2857142857142857,1.0,1,18,3,3
smd,group1_development,machine-1-5,treeshap_iforest,0,4,14520,14531,"[1, 31, 9, 2, 3, 6, 23, 10, 0, 22, 25, 34, 35, 18, 27, 30, 19, 11, 21, 20, 24, 8, 15, 13, 5, 14, 33, 32, 12, 29, 4, 7, 16, 17, 26, 28, 36, 37]",5,1.0,0.2777777777777778,0.4347826086956522,1.0,1,18,5,5
smd,group1_development,machine-1-5,treeshap_iforest,0,5,21287,21298,"[31, 1, 3, 2, 9, 0, 6, 25, 23, 18, 15, 10, 11, 5, 13, 32, 33, 8, 20, 14, 19, 22, 27, 21, 30, 24, 34, 35, 29, 12, 4, 7, 16, 17, 26, 28, 36, 37]",1,0.0,0.0,0.0,0.0,0,8,1,0
smd,group1_development,machine-1-5,treeshap_iforest,0,5,21287,21298,"[31, 1, 3, 2, 9, 0, 6, 25, 23, 18, 15, 10, 11, 5, 13, 32, 33, 8, 20, 14, 19, 22, 27, 21, 30, 24, 34, 35, 29, 12, 4, 7, 16, 17, 26, 28, 36, 37]",3,0.6666666666666666,0.25,0.36363636363636365,0.5307212739772434,1,8,3,2
smd,group1_development,machine-1-5,treeshap_iforest,0,5,21287,21298,"[31, 1, 3, 2, 9, 0, 6, 25, 23, 18, 15, 10, 11, 5, 13, 32, 33, 8, 20, 14, 19, 22, 27, 21, 30, 24, 34, 35, 29, 12, 4, 7, 16, 17, 26, 28, 36, 37]",5,0.6,0.375,0.4615384615384615,0.5296347172140421,1,8,5,3
smd,group1_development,machine-1-5,treeshap_iforest,0,6,22072,22077,"[1, 18, 2, 27, 9, 20, 23, 30, 0, 3, 31, 21, 25, 8, 19, 13, 10, 15, 14, 6, 5, 11, 24, 33, 32, 22, 34, 35, 29, 12, 4, 7, 16, 17, 26, 28, 36, 37]",1,0.0,0.0,0.0,0.0,0,8,1,0
smd,group1_development,machine-1-5,treeshap_iforest,0,6,22072,22077,"[1, 18, 2, 27, 9, 20, 23, 30, 0, 3, 31, 21, 25, 8, 19, 13, 10, 15, 14, 6, 5, 11, 24, 33, 32, 22, 34, 35, 29, 12, 4, 7, 16, 17, 26, 28, 36, 37]",3,0.3333333333333333,0.125,0.18181818181818182,0.2960819109658652,1,8,3,1
smd,group1_development,machine-1-5,treeshap_iforest,0,6,22072,22077,"[1, 18, 2, 27, 9, 20, 23, 30, 0, 3, 31, 21, 25, 8, 19, 13, 10, 15, 14, 6, 5, 11, 24, 33, 32, 22, 34, 35, 29, 12, 4, 7, 16, 17, 26, 28, 36, 37]",5,0.4,0.25,0.3076923076923077,0.36005461457723403,1,8,5,2
smd,group1_development,machine-1-5,treeshap_iforest,1,0,10620,10637,"[2, 1, 3, 31, 6, 0, 25, 18, 23, 8, 13, 20, 15, 14, 19, 22, 21, 27, 11, 24, 32, 35, 33, 30, 34, 9, 5, 10, 29, 12, 4, 7, 16, 17, 26, 28, 36, 37]",1,1.0,0.125,0.2222222222222222,1.0,1,8,1,1
smd,group1_development,machine-1-5,treeshap_iforest,1,0,10620,10637,"[2, 1, 3, 31, 6, 0, 25, 18, 23, 8, 13, 20, 15, 14, 19, 22, 21, 27, 11, 24, 32, 35, 33, 30, 34, 9, 5, 10, 29, 12, 4, 7, 16, 17, 26, 28, 36, 37]",3,1.0,0.375,0.5454545454545454,1.0,1,8,3,3
smd,group1_development,machine-1-5,treeshap_iforest,1,0,10620,10637,"[2, 1, 3, 31, 6, 0, 25, 18, 23, 8, 13, 20, 15, 14, 19, 22, 21, 27, 11, 24, 32, 35, 33, 30, 34, 9, 5, 10, 29, 12, 4, 7, 16, 17, 26, 28, 36, 37]",5,1.0,0.625,0.7692307692307693,1.0,1,8,5,5
smd,group1_development,machine-1-5,treeshap_iforest,1,1,11785,11816,"[31, 25, 6, 23, 0, 3, 2, 8, 15, 19, 14, 13, 1, 24, 20, 11, 32, 27, 21, 33, 22, 18, 35, 30, 34, 5, 9, 10, 12, 29, 4, 7, 16, 17, 26, 28, 36, 37]",1,1.0,0.1,0.18181818181818182,1.0,1,10,1,1
smd,group1_development,machine-1-5,treeshap_iforest,1,1,11785,11816,"[31, 25, 6, 23, 0, 3, 2, 8, 15, 19, 14, 13, 1, 24, 20, 11, 32, 27, 21, 33, 22, 18, 35, 30, 34, 5, 9, 10, 12, 29, 4, 7, 16, 17, 26, 28, 36, 37]",3,0.6666666666666666,0.2,0.30769230769230765,0.7653606369886217,1,10,3,2
smd,group1_development,machine-1-5,treeshap_iforest,1,1,11785,11816,"[31, 25, 6, 23, 0, 3, 2, 8, 15, 19, 14, 13, 1, 24, 20, 11, 32, 27, 21, 33, 22, 18, 35, 30, 34, 5, 9, 10, 12, 29, 4, 7, 16, 17, 26, 28, 36, 37]",5,0.6,0.3,0.4,0.6992148198508501,1,10,5,3
smd,group1_development,machine-1-5,treeshap_iforest,1,2,12765,12786,"[31, 2, 6, 22, 3, 35, 25, 0, 1, 24, 18, 23, 30, 27, 21, 20, 34, 19, 14, 8, 15, 11, 13, 32, 5, 33, 9, 10, 29, 12, 4, 7, 16, 17, 26, 28, 36, 37]",1,1.0,0.07142857142857142,0.13333333333333333,1.0,1,14,1,1
smd,group1_development,machine-1-5,treeshap_iforest,1,2,12765,12786,"[31, 2, 6, 22, 3, 35, 25, 0, 1, 24, 18, 23, 30, 27, 21, 20, 34, 19, 14, 8, 15, 11, 13, 32, 5, 33, 9, 10, 29, 12, 4, 7, 16, 17, 26, 28, 36, 37]",3,1.0,0.21428571428571427,0.35294117647058826,1.0,1,14,3,3
smd,group1_development,machine-1-5,treeshap_iforest,1,2,12765,12786,"[31, 2, 6, 22, 3, 35, 25, 0, 1, 24, 18, 23, 30, 27, 21, 20, 34, 19, 14, 8, 15, 11, 13, 32, 5, 33, 9, 10, 29, 12, 4, 7, 16, 17, 26, 28, 36, 37]",5,1.0,0.35714285714285715,0.5263157894736842,1.0,1,14,5,5
smd,group1_development,machine-1-5,treeshap_iforest,1,3,14068,14072,"[9, 19, 2, 1, 31, 10, 18, 21, 0, 27, 20, 3, 30, 25, 5, 34, 11, 14, 23, 24, 22, 13, 8, 6, 33, 32, 15, 35, 29, 12, 4, 7, 16, 17, 26, 28, 36, 37]",1,0.0,0.0,0.0,0.0,0,6,1,0
smd,group1_development,machine-1-5,treeshap_iforest,1,3,14068,14072,"[9, 19, 2, 1, 31, 10, 18, 21, 0, 27, 20, 3, 30, 25, 5, 34, 11, 14, 23, 24, 22, 13, 8, 6, 33, 32, 15, 35, 29, 12, 4, 7, 16, 17, 26, 28, 36, 37]",3,0.3333333333333333,0.16666666666666666,0.2222222222222222,0.2960819109658652,1,6,3,1
smd,group1_development,machine-1-5,treeshap_iforest,1,3,14068,14072,"[9, 19, 2, 1, 31, 10, 18, 21, 0, 27, 20, 3, 30, 25, 5, 34, 11, 14, 23, 24, 22, 13, 8, 6, 33, 32, 15, 35, 29, 12, 4, 7, 16, 17, 26, 28, 36, 37]",5,0.2,0.16666666666666666,0.1818181818181818,0.21398626473452756,1,6,5,1
smd,group1_development,machine-1-5,treeshap_iforest,1,4,14520,14531,"[2, 31, 1, 9, 6, 3, 0, 35, 25, 10, 18, 23, 34, 19, 22, 20, 30, 21, 27, 24, 11, 8, 15, 13, 5, 14, 33, 32, 12, 29, 4, 7, 16, 17, 26, 28, 36, 37]",1,1.0,0.05555555555555555,0.10526315789473684,1.0,1,18,1,1
smd,group1_development,machine-1-5,treeshap_iforest,1,4,14520,14531,"[2, 31, 1, 9, 6, 3, 0, 35, 25, 10, 18, 23, 34, 19, 22, 20, 30, 21, 27, 24, 11, 8, 15, 13, 5, 14, 33, 32, 12, 29, 4, 7, 16, 17, 26, 28, 36, 37]",3,1.0,0.16666666666666666,0.2857142857142857,1.0,1,18,3,3
smd,group1_development,machine-1-5,treeshap_iforest,1,4,14520,14531,"[2, 31, 1, 9, 6, 3, 0, 35, 25, 10, 18, 23, 34, 19, 22, 20, 30, 21, 27, 24, 11, 8, 15, 13, 5, 14, 33, 32, 12, 29, 4, 7, 16, 17, 26, 28, 36, 37]",5,1.0,0.2777777777777778,0.4347826086956522,1.0,1,18,5,5
smd,group1_development,machine-1-5,treeshap_iforest,1,5,21287,21298,"[31, 2, 1, 3, 6, 25, 0, 9, 23, 18, 15, 20, 10, 11, 13, 32, 8, 33, 19, 14, 27, 5, 21, 35, 22, 34, 24, 30, 29, 12, 4, 7, 16, 17, 26, 28, 36, 37]",1,0.0,0.0,0.0,0.0,0,8,1,0
smd,group1_development,machine-1-5,treeshap_iforest,1,5,21287,21298,"[31, 2, 1, 3, 6, 25, 0, 9, 23, 18, 15, 20, 10, 11, 13, 32, 8, 33, 19, 14, 27, 5, 21, 35, 22, 34, 24, 30, 29, 12, 4, 7, 16, 17, 26, 28, 36, 37]",3,0.6666666666666666,0.25,0.36363636363636365,0.5307212739772434,1,8,3,2
smd,group1_development,machine-1-5,treeshap_iforest,1,5,21287,21298,"[31, 2, 1, 3, 6, 25, 0, 9, 23, 18, 15, 20, 10, 11, 13, 32, 8, 33, 19, 14, 27, 5, 21, 35, 22, 34, 24, 30, 29, 12, 4, 7, 16, 17, 26, 28, 36, 37]",5,0.8,0.5,0.6153846153846154,0.6608397947263839,1,8,5,4
smd,group1_development,machine-1-5,treeshap_iforest,1,6,22072,22077,"[2, 18, 1, 27, 3, 20, 0, 21, 25, 30, 9, 31, 23, 19, 8, 14, 13, 10, 6, 15, 11, 5, 24, 34, 22, 35, 32, 33, 29, 12, 4, 7, 16, 17, 26, 28, 36, 37]",1,0.0,0.0,0.0,0.0,0,8,1,0
smd,group1_development,machine-1-5,treeshap_iforest,1,6,22072,22077,"[2, 18, 1, 27, 3, 20, 0, 21, 25, 30, 9, 31, 23, 19, 8, 14, 13, 10, 6, 15, 11, 5, 24, 34, 22, 35, 32, 33, 29, 12, 4, 7, 16, 17, 26, 28, 36, 37]",3,0.3333333333333333,0.125,0.18181818181818182,0.2960819109658652,1,8,3,1
smd,group1_development,machine-1-5,treeshap_iforest,1,6,22072,22077,"[2, 18, 1, 27, 3, 20, 0, 21, 25, 30, 9, 31, 23, 19, 8, 14, 13, 10, 6, 15, 11, 5, 24, 34, 22, 35, 32, 33, 29, 12, 4, 7, 16, 17, 26, 28, 36, 37]",5,0.4,0.25,0.3076923076923077,0.36005461457723403,1,8,5,2
smd,group1_development,machine-1-5,treeshap_iforest,2,0,10620,10637,"[2, 3, 31, 1, 25, 6, 23, 18, 0, 8, 15, 13, 14, 22, 19, 27, 30, 24, 11, 32, 20, 34, 21, 33, 35, 9, 10, 5, 29, 12, 4, 7, 16, 17, 26, 28, 36, 37]",1,1.0,0.125,0.2222222222222222,1.0,1,8,1,1
smd,group1_development,machine-1-5,treeshap_iforest,2,0,10620,10637,"[2, 3, 31, 1, 25, 6, 23, 18, 0, 8, 15, 13, 14, 22, 19, 27, 30, 24, 11, 32, 20, 34, 21, 33, 35, 9, 10, 5, 29, 12, 4, 7, 16, 17, 26, 28, 36, 37]",3,1.0,0.375,0.5454545454545454,1.0,1,8,3,3
smd,group1_development,machine-1-5,treeshap_iforest,2,0,10620,10637,"[2, 3, 31, 1, 25, 6, 23, 18, 0, 8, 15, 13, 14, 22, 19, 27, 30, 24, 11, 32, 20, 34, 21, 33, 35, 9, 10, 5, 29, 12, 4, 7, 16, 17, 26, 28, 36, 37]",5,1.0,0.625,0.7692307692307693,1.0,1,8,5,5
smd,group1_development,machine-1-5,treeshap_iforest,2,1,11785,11816,"[31, 25, 23, 6, 0, 3, 15, 8, 14, 13, 1, 19, 2, 27, 24, 32, 30, 22, 11, 33, 34, 18, 35, 20, 5, 21, 9, 10, 12, 29, 4, 7, 16, 17, 26, 28, 36, 37]",1,1.0,0.1,0.18181818181818182,1.0,1,10,1,1
smd,group1_development,machine-1-5,treeshap_iforest,2,1,11785,11816,"[31, 25, 23, 6, 0, 3, 15, 8, 14, 13, 1, 19, 2, 27, 24, 32, 30, 22, 11, 33, 34, 18, 35, 20, 5, 21, 9, 10, 12, 29, 4, 7, 16, 17, 26, 28, 36, 37]",3,1.0,0.3,0.4615384615384615,1.0,1,10,3,3
smd,group1_development,machine-1-5,treeshap_iforest,2,1,11785,11816,"[31, 25, 23, 6, 0, 3, 15, 8, 14, 13, 1, 19, 2, 27, 24, 32, 30, 22, 11, 33, 34, 18, 35, 20, 5, 21, 9, 10, 12, 29, 4, 7, 16, 17, 26, 28, 36, 37]",5,0.6,0.3,0.4,0.7227265726449519,1,10,5,3
smd,group1_development,machine-1-5,treeshap_iforest,2,2,12765,12786,"[31, 2, 3, 6, 25, 22, 27, 35, 18, 1, 30, 23, 34, 24, 19, 0, 20, 21, 14, 8, 15, 11, 13, 32, 5, 33, 9, 10, 29, 12, 4, 7, 16, 17, 26, 28, 36, 37]",1,1.0,0.07142857142857142,0.13333333333333333,1.0,1,14,1,1
smd,group1_development,machine-1-5,treeshap_iforest,2,2,12765,12786,"[31, 2, 3, 6, 25, 22, 27, 35, 18, 1, 30, 23, 34, 24, 19, 0, 20, 21, 14, 8, 15, 11, 13, 32, 5, 33, 9, 10, 29, 12, 4, 7, 16, 17, 26, 28, 36, 37]",3,1.0,0.21428571428571427,0.35294117647058826,1.0,1,14,3,3
smd,group1_development,machine-1-5,treeshap_iforest,2,2,12765,12786,"[31, 2, 3, 6, 25, 22, 27, 35, 18, 1, 30, 23, 34, 24, 19, 0, 20, 21, 14, 8, 15, 11, 13, 32, 5, 33, 9, 10, 29, 12, 4, 7, 16, 17, 26, 28, 36, 37]",5,1.0,0.35714285714285715,0.5263157894736842,1.0,1,14,5,5
smd,group1_development,machine-1-5,treeshap_iforest,2,3,14068,14072,"[9, 19, 2, 31, 10, 18, 1, 27, 21, 20, 0, 30, 3, 22, 24, 25, 35, 14, 8, 23, 5, 11, 32, 6, 13, 33, 15, 34, 29, 12, 4, 7, 16, 17, 26, 28, 36, 37]",1,0.0,0.0,0.0,0.0,0,6,1,0
smd,group1_development,machine-1-5,treeshap_iforest,2,3,14068,14072,"[9, 19, 2, 31, 10, 18, 1, 27, 21, 20, 0, 30, 3, 22, 24, 25, 35, 14, 8, 23, 5, 11, 32, 6, 13, 33, 15, 34, 29, 12, 4, 7, 16, 17, 26, 28, 36, 37]",3,0.3333333333333333,0.16666666666666666,0.2222222222222222,0.2960819109658652,1,6,3,1
smd,group1_development,machine-1-5,treeshap_iforest,2,3,14068,14072,"[9, 19, 2, 31, 10, 18, 1, 27, 21, 20, 0, 30, 3, 22, 24, 25, 35, 14, 8, 23, 5, 11, 32, 6, 13, 33, 15, 34, 29, 12, 4, 7, 16, 17, 26, 28, 36, 37]",5,0.2,0.16666666666666666,0.1818181818181818,0.21398626473452756,1,6,5,1
smd,group1_development,machine-1-5,treeshap_iforest,2,4,14520,14531,"[31, 2, 1, 3, 6, 9, 10, 25, 35, 27, 18, 34, 23, 19, 22, 0, 30, 24, 11, 20, 8, 21, 15, 13, 14, 5, 32, 33, 12, 29, 4, 7, 16, 17, 26, 28, 36, 37]",1,1.0,0.05555555555555555,0.10526315789473684,1.0,1,18,1,1
smd,group1_development,machine-1-5,treeshap_iforest,2,4,14520,14531,"[31, 2, 1, 3, 6, 9, 10, 25, 35, 27, 18, 34, 23, 19, 22, 0, 30, 24, 11, 20, 8, 21, 15, 13, 14, 5, 32, 33, 12, 29, 4, 7, 16, 17, 26, 28, 36, 37]",3,1.0,0.16666666666666666,0.2857142857142857,1.0,1,18,3,3
smd,group1_development,machine-1-5,treeshap_iforest,2,4,14520,14531,"[31, 2, 1, 3, 6, 9, 10, 25, 35, 27, 18, 34, 23, 19, 22, 0, 30, 24, 11, 20, 8, 21, 15, 13, 14, 5, 32, 33, 12, 29, 4, 7, 16, 17, 26, 28, 36, 37]",5,1.0,0.2777777777777778,0.4347826086956522,1.0,1,18,5,5
smd,group1_development,machine-1-5,treeshap_iforest,2,5,21287,21298,"[31, 2, 3, 1, 25, 6, 23, 0, 9, 18, 10, 15, 11, 32, 8, 13, 33, 19, 22, 27, 20, 14, 30, 5, 34, 24, 35, 21, 29, 12, 4, 7, 16, 17, 26, 28, 36, 37]",1,0.0,0.0,0.0,0.0,0,8,1,0
smd,group1_development,machine-1-5,treeshap_iforest,2,5,21287,21298,"[31, 2, 3, 1, 25, 6, 23, 0, 9, 18, 10, 15, 11, 32, 8, 13, 33, 19, 22, 27, 20, 14, 30, 5, 34, 24, 35, 21, 29, 12, 4, 7, 16, 17, 26, 28, 36, 37]",3,0.6666666666666666,0.25,0.36363636363636365,0.5307212739772434,1,8,3,2
smd,group1_development,machine-1-5,treeshap_iforest,2,5,21287,21298,"[31, 2, 3, 1, 25, 6, 23, 0, 9, 18, 10, 15, 11, 32, 8, 13, 33, 19, 22, 27, 20, 14, 30, 5, 34, 24, 35, 21, 29, 12, 4, 7, 16, 17, 26, 28, 36, 37]",5,0.8,0.5,0.6153846153846154,0.6608397947263839,1,8,5,4
smd,group1_development,machine-1-5,treeshap_iforest,2,6,22072,22077,"[2, 18, 1, 27, 3, 25, 20, 30, 31, 21, 0, 19, 23, 9, 8, 14, 10, 13, 15, 22, 6, 24, 11, 5, 35, 32, 33, 34, 29, 12, 4, 7, 16, 17, 26, 28, 36, 37]",1,0.0,0.0,0.0,0.0,0,8,1,0
smd,group1_development,machine-1-5,treeshap_iforest,2,6,22072,22077,"[2, 18, 1, 27, 3, 25, 20, 30, 31, 21, 0, 19, 23, 9, 8, 14, 10, 13, 15, 22, 6, 24, 11, 5, 35, 32, 33, 34, 29, 12, 4, 7, 16, 17, 26, 28, 36, 37]",3,0.3333333333333333,0.125,0.18181818181818182,0.2960819109658652,1,8,3,1
smd,group1_development,machine-1-5,treeshap_iforest,2,6,22072,22077,"[2, 18, 1, 27, 3, 25, 20, 30, 31, 21, 0, 19, 23, 9, 8, 14, 10, 13, 15, 22, 6, 24, 11, 5, 35, 32, 33, 34, 29, 12, 4, 7, 16, 17, 26, 28, 36, 37]",5,0.4,0.25,0.3076923076923077,0.36005461457723403,1,8,5,2
smd,group1_development,machine-1-6,treeshap_iforest,0,0,246,252,"[9, 10, 12, 8, 11, 13, 14, 1, 25, 6, 33, 5, 0, 22, 31, 20, 15, 30, 2, 24, 4, 27, 21, 3, 23, 34, 19, 29, 35, 17, 18, 16, 32, 7, 26, 28, 36, 37]",1,1.0,0.09090909090909091,0.16666666666666669,1.0,1,11,1,1
smd,group1_development,machine-1-6,treeshap_iforest,0,0,246,252,"[9, 10, 12, 8, 11, 13, 14, 1, 25, 6, 33, 5, 0, 22, 31, 20, 15, 30, 2, 24, 4, 27, 21, 3, 23, 34, 19, 29, 35, 17, 18, 16, 32, 7, 26, 28, 36, 37]",3,1.0,0.2727272727272727,0.42857142857142855,1.0,1,11,3,3
smd,group1_development,machine-1-6,treeshap_iforest,0,0,246,252,"[9, 10, 12, 8, 11, 13, 14, 1, 25, 6, 33, 5, 0, 22, 31, 20, 15, 30, 2, 24, 4, 27, 21, 3, 23, 34, 19, 29, 35, 17, 18, 16, 32, 7, 26, 28, 36, 37]",5,1.0,0.45454545454545453,0.625,1.0,1,11,5,5
smd,group1_development,machine-1-6,treeshap_iforest,0,1,653,658,"[9, 10, 8, 12, 11, 1, 14, 25, 34, 13, 2, 18, 20, 22, 33, 0, 15, 27, 35, 5, 30, 31, 19, 21, 3, 24, 6, 23, 29, 17, 4, 16, 32, 7, 26, 28, 36, 37]",1,1.0,0.05,0.09523809523809523,1.0,1,20,1,1
smd,group1_development,machine-1-6,treeshap_iforest,0,1,653,658,"[9, 10, 8, 12, 11, 1, 14, 25, 34, 13, 2, 18, 20, 22, 33, 0, 15, 27, 35, 5, 30, 31, 19, 21, 3, 24, 6, 23, 29, 17, 4, 16, 32, 7, 26, 28, 36, 37]",3,1.0,0.15,0.2608695652173913,1.0,1,20,3,3
smd,group1_development,machine-1-6,treeshap_iforest,0,1,653,658,"[9, 10, 8, 12, 11, 1, 14, 25, 34, 13, 2, 18, 20, 22, 33, 0, 15, 27, 35, 5, 30, 31, 19, 21, 3, 24, 6, 23, 29, 17, 4, 16, 32, 7, 26, 28, 36, 37]",5,1.0,0.25,0.4,1.0,1,20,5,5
smd,group1_development,machine-1-6,treeshap_iforest,0,2,2092,2100,"[9, 8, 12, 10, 11, 1, 14, 25, 13, 2, 3, 34, 22, 0, 33, 35, 15, 20, 18, 27, 31, 30, 29, 21, 24, 19, 5, 23, 6, 4, 17, 16, 32, 7, 26, 28, 36, 37]",1,1.0,0.05,0.09523809523809523,1.0,1,20,1,1
smd,group1_development,machine-1-6,treeshap_iforest,0,2,2092,2100,"[9, 8, 12, 10, 11, 1, 14, 25, 13, 2, 3, 34, 22, 0, 33, 35, 15, 20, 18, 27, 31, 30, 29, 21, 24, 19, 5, 23, 6, 4, 17, 16, 32, 7, 26, 28, 36, 37]",3,1.0,0.15,0.2608695652173913,1.0,1,20,3,3
smd,group1_development,machine-1-6,treeshap_iforest,0,2,2092,2100,"[9, 8, 12, 10, 11, 1, 14, 25, 13, 2, 3, 34, 22, 0, 33, 35, 15, 20, 18, 27, 31, 30, 29, 21, 24, 19, 5, 23, 6, 4, 17, 16, 32, 7, 26, 28, 36, 37]",5,1.0,0.25,0.4,1.0,1,20,5,5
smd,group1_development,machine-1-6,treeshap_iforest,0,3,2884,2888,"[15, 33, 5, 13, 18, 14, 22, 19, 31, 12, 6, 11, 8, 9, 35, 1, 34, 20, 0, 4, 24, 2, 10, 25, 23, 30, 21, 29, 27, 3, 17, 16, 32, 7, 26, 28, 36, 37]",1,0.0,0.0,0.0,0.0,0,1,1,0
smd,group1_development,machine-1-6,treeshap_iforest,0,3,2884,2888,"[15, 33, 5, 13, 18, 14, 22, 19, 31, 12, 6, 11, 8, 9, 35, 1, 34, 20, 0, 4, 24, 2, 10, 25, 23, 30, 21, 29, 27, 3, 17, 16, 32, 7, 26, 28, 36, 37]",3,0.3333333333333333,1.0,0.5,0.5,1,1,3,1
smd,group1_development,machine-1-6,treeshap_iforest,0,3,2884,2888,"[15, 33, 5, 13, 18, 14, 22, 19, 31, 12, 6, 11, 8, 9, 35, 1, 34, 20, 0, 4, 24, 2, 10, 25, 23, 30, 21, 29, 27, 3, 17, 16, 32, 7, 26, 28, 36, 37]",5,0.2,1.0,0.33333333333333337,0.5,1,1,5,1
smd,group1_development,machine-1-6,treeshap_iforest,0,4,3534,3539,"[9, 8, 10, 12, 17, 13, 1, 11, 25, 4, 14, 22, 2, 34, 24, 15, 31, 23, 33, 0, 35, 20, 27, 3, 5, 18, 30, 21, 19, 6, 29, 16, 32, 7, 26, 28, 36, 37]",1,1.0,0.06666666666666667,0.125,1.0,1,15,1,1
smd,group1_development,machine-1-6,treeshap_iforest,0,4,3534,3539,"[9, 8, 10, 12, 17, 13, 1, 11, 25, 4, 14, 22, 2, 34, 24, 15, 31, 23, 33, 0, 35, 20, 27, 3, 5, 18, 30, 21, 19, 6, 29, 16, 32, 7, 26, 28, 36, 37]",3,1.0,0.2,0.33333333333333337,1.0,1,15,3,3
smd,group1_development,machine-1-6,treeshap_iforest,0,4,3534,3539,"[9, 8, 10, 12, 17, 13, 1, 11, 25, 4, 14, 22, 2, 34, 24, 15, 31, 23, 33, 0, 35, 20, 27, 3, 5, 18, 30, 21, 19, 6, 29, 16, 32, 7, 26, 28, 36, 37]",5,0.8,0.26666666666666666,0.4,0.8687949224876582,1,15,5,4
smd,group1_development,machine-1-6,treeshap_iforest,0,5,4647,5045,"[13, 8, 12, 15, 25, 14, 11, 22, 24, 5, 33, 31, 9, 3, 1, 0, 10, 29, 2, 23, 34, 20, 35, 18, 30, 19, 4, 21, 27, 6, 17, 16, 32, 7, 26, 28, 36, 37]",1,0.0,0.0,0.0,0.0,0,9,1,0
smd,group1_development,machine-1-6,treeshap_iforest,0,5,4647,5045,"[13, 8, 12, 15, 25, 14, 11, 22, 24, 5, 33, 31, 9, 3, 1, 0, 10, 29, 2, 23, 34, 20, 35, 18, 30, 19, 4, 21, 27, 6, 17, 16, 32, 7, 26, 28, 36, 37]",3,0.6666666666666666,0.2222222222222222,0.3333333333333333,0.5307212739772434,1,9,3,2
smd,group1_development,machine-1-6,treeshap_iforest,0,5,4647,5045,"[13, 8, 12, 15, 25, 14, 11, 22, 24, 5, 33, 31, 9, 3, 1, 0, 10, 29, 2, 23, 34, 20, 35, 18, 30, 19, 4, 21, 27, 6, 17, 16, 32, 7, 26, 28, 36, 37]",5,0.4,0.2222222222222222,0.2857142857142857,0.38356636737133565,1,9,5,2
smd,group1_development,machine-1-6,treeshap_iforest,0,6,5167,5172,"[9, 8, 13, 12, 10, 15, 11, 17, 25, 14, 23, 0, 2, 1, 33, 20, 18, 5, 22, 27, 3, 29, 31, 34, 6, 19, 24, 35, 21, 4, 30, 16, 32, 7, 26, 28, 36, 37]",1,1.0,0.2,0.33333333333333337,1.0,1,5,1,1
smd,group1_development,machine-1-6,treeshap_iforest,0,6,5167,5172,"[9, 8, 13, 12, 10, 15, 11, 17, 25, 14, 23, 0, 2, 1, 33, 20, 18, 5, 22, 27, 3, 29, 31, 34, 6, 19, 24, 35, 21, 4, 30, 16, 32, 7, 26, 28, 36, 37]",3,0.6666666666666666,0.4,0.5,0.7653606369886217,1,5,3,2
smd,group1_development,machine-1-6,treeshap_iforest,0,6,5167,5172,"[9, 8, 13, 12, 10, 15, 11, 17, 25, 14, 23, 0, 2, 1, 33, 20, 18, 5, 22, 27, 3, 29, 31, 34, 6, 19, 24, 35, 21, 4, 30, 16, 32, 7, 26, 28, 36, 37]",5,0.8,0.8,0.8000000000000002,0.830419897363192,1,5,5,4
smd,group1_development,machine-1-6,treeshap_iforest,0,7,5708,5713,"[13, 8, 12, 3, 24, 9, 25, 15, 29, 14, 34, 10, 11, 2, 22, 30, 0, 35, 1, 21, 20, 31, 27, 17, 18, 19, 5, 33, 4, 23, 6, 16, 32, 7, 26, 28, 36, 37]",1,0.0,0.0,0.0,0.0,0,4,1,0
smd,group1_development,machine-1-6,treeshap_iforest,0,7,5708,5713,"[13, 8, 12, 3, 24, 9, 25, 15, 29, 14, 34, 10, 11, 2, 22, 30, 0, 35, 1, 21, 20, 31, 27, 17, 18, 19, 5, 33, 4, 23, 6, 16, 32, 7, 26, 28, 36, 37]",3,0.6666666666666666,0.5,0.5714285714285715,0.5307212739772434,1,4,3,2
smd,group1_development,machine-1-6,treeshap_iforest,0,7,5708,5713,"[13, 8, 12, 3, 24, 9, 25, 15, 29, 14, 34, 10, 11, 2, 22, 30, 0, 35, 1, 21, 20, 31, 27, 17, 18, 19, 5, 33, 4, 23, 6, 16, 32, 7, 26, 28, 36, 37]",5,0.4,0.5,0.4444444444444445,0.44149241373678083,1,4,5,2
smd,group1_development,machine-1-6,treeshap_iforest,0,8,5873,5885,"[13, 12, 8, 1, 3, 9, 15, 25, 14, 31, 10, 24, 34, 2, 11, 30, 20, 35, 0, 29, 27, 5, 22, 21, 18, 33, 19, 6, 4, 23, 17, 16, 32, 7, 26, 28, 36, 37]",1,0.0,0.0,0.0,0.0,0,14,1,0
smd,group1_development,machine-1-6,treeshap_iforest,0,8,5873,5885,"[13, 12, 8, 1, 3, 9, 15, 25, 14, 31, 10, 24, 34, 2, 11, 30, 20, 35, 0, 29, 27, 5, 22, 21, 18, 33, 19, 6, 4, 23, 17, 16, 32, 7, 26, 28, 36, 37]",3,0.6666666666666666,0.14285714285714285,0.23529411764705882,0.5307212739772434,1,14,3,2
smd,group1_development,machine-1-6,treeshap_iforest,0,8,5873,5885,"[13, 12, 8, 1, 3, 9, 15, 25, 14, 31, 10, 24, 34, 2, 11, 30, 20, 35, 0, 29, 27, 5, 22, 21, 18, 33, 19, 6, 4, 23, 17, 16, 32, 7, 26, 28, 36, 37]",5,0.6,0.21428571428571427,0.3157894736842105,0.5296347172140421,1,14,5,3
smd,group1_development,machine-1-6,treeshap_iforest,0,9,6022,6027,"[8, 13, 12, 15, 24, 3, 14, 25, 34, 29, 22, 11, 31, 2, 0, 35, 30, 33, 1, 20, 21, 27, 6, 23, 18, 5, 9, 10, 19, 32, 4, 17, 16, 7, 26, 28, 36, 37]",1,0.0,0.0,0.0,0.0,0,2,1,0
smd,group1_development,machine-1-6,treeshap_iforest,0,9,6022,6027,"[8, 13, 12, 15, 24, 3, 14, 25, 34, 29, 22, 11, 31, 2, 0, 35, 30, 33, 1, 20, 21, 27, 6, 23, 18, 5, 9, 10, 19, 32, 4, 17, 16, 7, 26, 28, 36, 37]",3,0.0,0.0,0.0,0.0,0,2,3,0
smd,group1_development,machine-1-6,treeshap_iforest,0,9,6022,6027,"[8, 13, 12, 15, 24, 3, 14, 25, 34, 29, 22, 11, 31, 2, 0, 35, 30, 33, 1, 20, 21, 27, 6, 23, 18, 5, 9, 10, 19, 32, 4, 17, 16, 7, 26, 28, 36, 37]",5,0.0,0.0,0.0,0.0,0,2,5,0
smd,group1_development,machine-1-6,treeshap_iforest,0,10,6412,6419,"[8, 12, 9, 1, 13, 10, 11, 14, 3, 25, 15, 2, 24, 29, 33, 0, 22, 5, 18, 6, 19, 17, 20, 34, 35, 27, 31, 30, 4, 21, 23, 16, 32, 7, 26, 28, 36, 37]",1,1.0,0.05263157894736842,0.1,1.0,1,19,1,1
smd,group1_development,machine-1-6,treeshap_iforest,0,10,6412,6419,"[8, 12, 9, 1, 13, 10, 11, 14, 3, 25, 15, 2, 24, 29, 33, 0, 22, 5, 18, 6, 19, 17, 20, 34, 35, 27, 31, 30, 4, 21, 23, 16, 32, 7, 26, 28, 36, 37]",3,1.0,0.15789473684210525,0.2727272727272727,1.0,1,19,3,3
smd,group1_development,machine-1-6,treeshap_iforest,0,10,6412,6419,"[8, 12, 9, 1, 13, 10, 11, 14, 3, 25, 15, 2, 24, 29, 33, 0, 22, 5, 18, 6, 19, 17, 20, 34, 35, 27, 31, 30, 4, 21, 23, 16, 32, 7, 26, 28, 36, 37]",5,0.8,0.21052631578947367,0.3333333333333333,0.8687949224876582,1,19,5,4
smd,group1_development,machine-1-6,treeshap_iforest,0,11,7851,7856,"[9, 8, 10, 12, 13, 25, 24, 1, 15, 22, 14, 6, 11, 2, 29, 3, 0, 31, 30, 18, 23, 34, 33, 35, 19, 21, 5, 27, 4, 17, 20, 16, 32, 7, 26, 28, 36, 37]",1,1.0,0.06666666666666667,0.125,1.0,1,15,1,1
smd,group1_development,machine-1-6,treeshap_iforest,0,11,7851,7856,"[9, 8, 10, 12, 13, 25, 24, 1, 15, 22, 14, 6, 11, 2, 29, 3, 0, 31, 30, 18, 23, 34, 33, 35, 19, 21, 5, 27, 4, 17, 20, 16, 32, 7, 26, 28, 36, 37]",3,1.0,0.2,0.33333333333333337,1.0,1,15,3,3
smd,group1_development,machine-1-6,treeshap_iforest,0,11,7851,7856,"[9, 8, 10, 12, 13, 25, 24, 1, 15, 22, 14, 6, 11, 2, 29, 3, 0, 31, 30, 18, 23, 34, 33, 35, 19, 21, 5, 27, 4, 17, 20, 16, 32, 7, 26, 28, 36, 37]",5,0.8,0.26666666666666666,0.4,0.8687949224876582,1,15,5,4
smd,group1_development,machine-1-6,treeshap_iforest,0,12,9291,9298,"[9, 8, 12, 13, 10, 1, 15, 25, 14, 3, 11, 24, 6, 2, 22, 29, 33, 0, 18, 5, 19, 31, 23, 20, 27, 35, 34, 30, 17, 4, 21, 16, 32, 7, 26, 28, 36, 37]",1,1.0,0.0625,0.11764705882352941,1.0,1,16,1,1
smd,group1_development,machine-1-6,treeshap_iforest,0,12,9291,9298,"[9, 8, 12, 13, 10, 1, 15, 25, 14, 3, 11, 24, 6, 2, 22, 29, 33, 0, 18, 5, 19, 31, 23, 20, 27, 35, 34, 30, 17, 4, 21, 16, 32, 7, 26, 28, 36, 37]",3,1.0,0.1875,0.3157894736842105,1.0,1,16,3,3
smd,group1_development,machine-1-6,treeshap_iforest,0,12,9291,9298,"[9, 8, 12, 13, 10, 1, 15, 25, 14, 3, 11, 24, 6, 2, 22, 29, 33, 0, 18, 5, 19, 31, 23, 20, 27, 35, 34, 30, 17, 4, 21, 16, 32, 7, 26, 28, 36, 37]",5,0.8,0.25,0.38095238095238093,0.8539316501572937,1,16,5,4
smd,group1_development,machine-1-6,treeshap_iforest,0,13,10731,10736,"[8, 9, 12, 13, 10, 1, 15, 3, 25, 14, 6, 11, 24, 2, 29, 22, 0, 33, 18, 31, 5, 23, 19, 35, 21, 34, 27, 30, 20, 17, 4, 16, 32, 7, 26, 28, 36, 37]",1,1.0,0.0625,0.11764705882352941,1.0,1,16,1,1
smd,group1_development,machine-1-6,treeshap_iforest,0,13,10731,10736,"[8, 9, 12, 13, 10, 1, 15, 3, 25, 14, 6, 11, 24, 2, 29, 22, 0, 33, 18, 31, 5, 23, 19, 35, 21, 34, 27, 30, 20, 17, 4, 16, 32, 7, 26, 28, 36, 37]",3,1.0,0.1875,0.3157894736842105,1.0,1,16,3,3
smd,group1_development,machine-1-6,treeshap_iforest,0,13,10731,10736,"[8, 9, 12, 13, 10, 1, 15, 3, 25, 14, 6, 11, 24, 2, 29, 22, 0, 33, 18, 31, 5, 23, 19, 35, 21, 34, 27, 30, 20, 17, 4, 16, 32, 7, 26, 28, 36, 37]",5,0.8,0.25,0.38095238095238093,0.8539316501572937,1,16,5,4
smd,group1_development,machine-1-6,treeshap_iforest,0,14,11467,11471,"[9, 12, 8, 13, 1, 10, 3, 15, 11, 25, 29, 14, 24, 6, 2, 23, 22, 0, 5, 34, 33, 35, 30, 18, 19, 27, 31, 4, 21, 20, 17, 16, 32, 7, 26, 28, 36, 37]",1,1.0,0.058823529411764705,0.1111111111111111,1.0,1,17,1,1
smd,group1_development,machine-1-6,treeshap_iforest,0,14,11467,11471,"[9, 12, 8, 13, 1, 10, 3, 15, 11, 25, 29, 14, 24, 6, 2, 23, 22, 0, 5, 34, 33, 35, 30, 18, 19, 27, 31, 4, 21, 20, 17, 16, 32, 7, 26, 28, 36, 37]",3,1.0,0.17647058823529413,0.3,1.0,1,17,3,3
smd,group1_development,machine-1-6,treeshap_iforest,0,14,11467,11471,"[9, 12, 8, 13, 1, 10, 3, 15, 11, 25, 29, 14, 24, 6, 2, 23, 22, 0, 5, 34, 33, 35, 30, 18, 19, 27, 31, 4, 21, 20, 17, 16, 32, 7, 26, 28, 36, 37]",5,0.8,0.23529411764705882,0.3636363636363636,0.8539316501572937,1,17,5,4
smd,group1_development,machine-1-6,treeshap_iforest,0,15,12171,12176,"[9, 8, 12, 10, 13, 1, 15, 25, 14, 11, 6, 3, 2, 24, 29, 33, 0, 22, 5, 18, 34, 19, 35, 23, 27, 31, 30, 20, 17, 21, 4, 16, 32, 7, 26, 28, 36, 37]",1,1.0,0.058823529411764705,0.1111111111111111,1.0,1,17,1,1
smd,group1_development,machine-1-6,treeshap_iforest,0,15,12171,12176,"[9, 8, 12, 10, 13, 1, 15, 25, 14, 11, 6, 3, 2, 24, 29, 33, 0, 22, 5, 18, 34, 19, 35, 23, 27, 31, 30, 20, 17, 21, 4, 16, 32, 7, 26, 28, 36, 37]",3,1.0,0.17647058823529413,0.3,1.0,1,17,3,3
smd,group1_development,machine-1-6,treeshap_iforest,0,15,12171,12176,"[9, 8, 12, 10, 13, 1, 15, 25, 14, 11, 6, 3, 2, 24, 29, 33, 0, 22, 5, 18, 34, 19, 35, 23, 27, 31, 30, 20, 17, 21, 4, 16, 32, 7, 26, 28, 36, 37]",5,0.8,0.23529411764705882,0.3636363636363636,0.8687949224876582,1,17,5,4
smd,group1_development,machine-1-6,treeshap_iforest,0,16,13069,13073,"[13, 8, 31, 15, 12, 24, 3, 25, 14, 34, 30, 6, 29, 20, 22, 27, 11, 33, 23, 2, 21, 0, 35, 9, 18, 19, 1, 10, 32, 4, 17, 5, 16, 7, 26, 28, 36, 37]",1,0.0,0.0,0.0,0.0,0,2,1,0
smd,group1_development,machine-1-6,treeshap_iforest,0,16,13069,13073,"[13, 8, 31, 15, 12, 24, 3, 25, 14, 34, 30, 6, 29, 20, 22, 27, 11, 33, 23, 2, 21, 0, 35, 9, 18, 19, 1, 10, 32, 4, 17, 5, 16, 7, 26, 28, 36, 37]",3,0.0,0.0,0.0,0.0,0,2,3,0
smd,group1_development,machine-1-6,treeshap_iforest,0,16,13069,13073,"[13, 8, 31, 15, 12, 24, 3, 25, 14, 34, 30, 6, 29, 20, 22, 27, 11, 33, 23, 2, 21, 0, 35, 9, 18, 19, 1, 10, 32, 4, 17, 5, 16, 7, 26, 28, 36, 37]",5,0.0,0.0,0.0,0.0,0,2,5,0
smd,group1_development,machine-1-6,treeshap_iforest,0,17,13277,13280,"[13, 8, 12, 15, 24, 25, 31, 6, 14, 34, 22, 11, 30, 3, 0, 35, 29, 5, 9, 21, 10, 16, 20, 27, 23, 33, 4, 19, 18, 2, 1, 17, 32, 7, 26, 28, 36, 37]",1,0.0,0.0,0.0,0.0,0,1,1,0
smd,group1_development,machine-1-6,treeshap_iforest,0,17,13277,13280,"[13, 8, 12, 15, 24, 25, 31, 6, 14, 34, 22, 11, 30, 3, 0, 35, 29, 5, 9, 21, 10, 16, 20, 27, 23, 33, 4, 19, 18, 2, 1, 17, 32, 7, 26, 28, 36, 37]",3,0.0,0.0,0.0,0.0,0,1,3,0
smd,group1_development,machine-1-6,treeshap_iforest,0,17,13277,13280,"[13, 8, 12, 15, 24, 25, 31, 6, 14, 34, 22, 11, 30, 3, 0, 35, 29, 5, 9, 21, 10, 16, 20, 27, 23, 33, 4, 19, 18, 2, 1, 17, 32, 7, 26, 28, 36, 37]",5,0.0,0.0,0.0,0.0,0,1,5,0
smd,group1_development,machine-1-6,treeshap_iforest,0,18,13613,13619,"[8, 12, 13, 9, 15, 3, 10, 25, 14, 11, 1, 6, 2, 24, 29, 22, 0, 33, 18, 20, 19, 35, 5, 27, 31, 30, 21, 4, 17, 34, 23, 16, 32, 7, 26, 28, 36, 37]",1,1.0,0.125,0.2222222222222222,1.0,1,8,1,1
smd,group1_development,machine-1-6,treeshap_iforest,0,18,13613,13619,"[8, 12, 13, 9, 15, 3, 10, 25, 14, 11, 1, 6, 2, 24, 29, 22, 0, 33, 18, 20, 19, 35, 5, 27, 31, 30, 21, 4, 17, 34, 23, 16, 32, 7, 26, 28, 36, 37]",3,0.6666666666666666,0.25,0.36363636363636365,0.7653606369886217,1,8,3,2
smd,group1_development,machine-1-6,treeshap_iforest,0,18,13613,13619,"[8, 12, 13, 9, 15, 3, 10, 25, 14, 11, 1, 6, 2, 24, 29, 22, 0, 33, 18, 20, 19, 35, 5, 27, 31, 30, 21, 4, 17, 34, 23, 16, 32, 7, 26, 28, 36, 37]",5,0.6,0.375,0.4615384615384615,0.6992148198508501,1,8,5,3
smd,group1_development,machine-1-6,treeshap_iforest,0,19,14603,14607,"[9, 8, 12, 13, 15, 10, 24, 3, 14, 25, 1, 29, 34, 6, 31, 30, 22, 2, 11, 20, 0, 27, 35, 21, 23, 18, 19, 33, 5, 4, 17, 16, 32, 7, 26, 28, 36, 37]",1,1.0,0.1,0.18181818181818182,1.0,1,10,1,1
smd,group1_development,machine-1-6,treeshap_iforest,0,19,14603,14607,"[9, 8, 12, 13, 15, 10, 24, 3, 14, 25, 1, 29, 34, 6, 31, 30, 22, 2, 11, 20, 0, 27, 35, 21, 23, 18, 19, 33, 5, 4, 17, 16, 32, 7, 26, 28, 36, 37]",3,1.0,0.3,0.4615384615384615,1.0,1,10,3,3
smd,group1_development,machine-1-6,treeshap_iforest,0,19,14603,14607,"[9, 8, 12, 13, 15, 10, 24, 3, 14, 25, 1, 29, 34, 6, 31, 30, 22, 2, 11, 20, 0, 27, 35, 21, 23, 18, 19, 33, 5, 4, 17, 16, 32, 7, 26, 28, 36, 37]",5,0.6,0.3,0.4,0.7227265726449519,1,10,5,3
smd,group1_development,machine-1-6,treeshap_iforest,0,20,15052,15055,"[9, 8, 12, 10, 13, 15, 25, 24, 14, 6, 22, 11, 1, 29, 3, 0, 23, 2, 18, 33, 34, 19, 35, 5, 30, 31, 4, 17, 27, 21, 20, 16, 32, 7, 26, 28, 36, 37]",1,1.0,0.25,0.4,1.0,1,4,1,1
smd,group1_development,machine-1-6,treeshap_iforest,0,20,15052,15055,"[9, 8, 12, 10, 13, 15, 25, 24, 14, 6, 22, 11, 1, 29, 3, 0, 23, 2, 18, 33, 34, 19, 35, 5, 30, 31, 4, 17, 27, 21, 20, 16, 32, 7, 26, 28, 36, 37]",3,1.0,0.75,0.8571428571428571,1.0,1,4,3,3
smd,group1_development,machine-1-6,treeshap_iforest,0,20,15052,15055,"[9, 8, 12, 10, 13, 15, 25, 24, 14, 6, 22, 11, 1, 29, 3, 0, 23, 2, 18, 33, 34, 19, 35, 5, 30, 31, 4, 17, 27, 21, 20, 16, 32, 7, 26, 28, 36, 37]",5,0.8,1.0,0.888888888888889,1.0,1,4,5,4
smd,group1_development,machine-1-6,treeshap_iforest,0,21,15397,15401,"[8, 12, 13, 9, 15, 11, 14, 25, 6, 1, 10, 22, 2, 24, 3, 18, 0, 33, 19, 23, 5, 27, 20, 35, 30, 31, 17, 34, 29, 21, 4, 16, 32, 7, 26, 28, 36, 37]",1,1.0,0.3333333333333333,0.5,1.0,1,3,1,1
smd,group1_development,machine-1-6,treeshap_iforest,0,21,15397,15401,"[8, 12, 13, 9, 15, 11, 14, 25, 6, 1, 10, 22, 2, 24, 3, 18, 0, 33, 19, 23, 5, 27, 20, 35, 30, 31, 17, 34, 29, 21, 4, 16, 32, 7, 26, 28, 36, 37]",3,0.6666666666666666,0.6666666666666666,0.6666666666666666,0.7653606369886217,1,3,3,2
smd,group1_development,machine-1-6,treeshap_iforest,0,21,15397,15401,"[8, 12, 13, 9, 15, 11, 14, 25, 6, 1, 10, 22, 2, 24, 3, 18, 0, 33, 19, 23, 5, 27, 20, 35, 30, 31, 17, 34, 29, 21, 4, 16, 32, 7, 26, 28, 36, 37]",5,0.4,0.6666666666666666,0.5,0.7653606369886217,1,3,5,2
smd,group1_development,machine-1-6,treeshap_iforest,0,22,15802,15805,"[8, 13, 12, 9, 1, 15, 3, 24, 25, 10, 14, 29, 34, 6, 22, 2, 30, 0, 35, 31, 11, 21, 27, 20, 33, 23, 5, 18, 4, 19, 17, 16, 32, 7, 26, 28, 36, 37]",1,1.0,0.25,0.4,1.0,1,4,1,1
smd,group1_development,machine-1-6,treeshap_iforest,0,22,15802,15805,"[8, 13, 12, 9, 1, 15, 3, 24, 25, 10, 14, 29, 34, 6, 22, 2, 30, 0, 35, 31, 11, 21, 27, 20, 33, 23, 5, 18, 4, 19, 17, 16, 32, 7, 26, 28, 36, 37]",3,0.6666666666666666,0.5,0.5714285714285715,0.7039180890341347,1,4,3,2
smd,group1_development,machine-1-6,treeshap_iforest,0,22,15802,15805,"[8, 13, 12, 9, 1, 15, 3, 24, 25, 10, 14, 29, 34, 6, 22, 2, 30, 0, 35, 31, 11, 21, 27, 20, 33, 23, 5, 18, 4, 19, 17, 16, 32, 7, 26, 28, 36, 37]",5,0.6,0.75,0.6666666666666665,0.75369761125927,1,4,5,3
smd,group1_development,machine-1-6,treeshap_iforest,0,23,16491,16499,"[9, 8, 12, 1, 13, 10, 11, 14, 15, 3, 25, 6, 2, 24, 29, 33, 23, 22, 0, 18, 5, 19, 20, 34, 35, 27, 30, 21, 31, 17, 4, 16, 32, 7, 26, 28, 36, 37]",1,1.0,0.125,0.2222222222222222,1.0,1,8,1,1
smd,group1_development,machine-1-6,treeshap_iforest,0,23,16491,16499,"[9, 8, 12, 1, 13, 10, 11, 14, 15, 3, 25, 6, 2, 24, 29, 33, 23, 22, 0, 18, 5, 19, 20, 34, 35, 27, 30, 21, 31, 17, 4, 16, 32, 7, 26, 28, 36, 37]",3,1.0,0.375,0.5454545454545454,1.0,1,8,3,3
smd,group1_development,machine-1-6,treeshap_iforest,0,23,16491,16499,"[9, 8, 12, 1, 13, 10, 11, 14, 15, 3, 25, 6, 2, 24, 29, 33, 23, 22, 0, 18, 5, 19, 20, 34, 35, 27, 30, 21, 31, 17, 4, 16, 32, 7, 26, 28, 36, 37]",5,0.8,0.5,0.6153846153846154,0.8687949224876582,1,8,5,4
smd,group1_development,machine-1-6,treeshap_iforest,0,24,16718,16721,"[8, 13, 12, 15, 9, 25, 6, 10, 22, 14, 24, 11, 23, 33, 18, 19, 0, 1, 20, 27, 2, 3, 29, 35, 4, 34, 21, 17, 30, 5, 31, 16, 32, 7, 26, 28, 36, 37]",1,1.0,0.25,0.4,1.0,1,4,1,1
smd,group1_development,machine-1-6,treeshap_iforest,0,24,16718,16721,"[8, 13, 12, 15, 9, 25, 6, 10, 22, 14, 24, 11, 23, 33, 18, 19, 0, 1, 20, 27, 2, 3, 29, 35, 4, 34, 21, 17, 30, 5, 31, 16, 32, 7, 26, 28, 36, 37]",3,0.6666666666666666,0.5,0.5714285714285715,0.7039180890341347,1,4,3,2
smd,group1_development,machine-1-6,treeshap_iforest,0,24,16718,16721,"[8, 13, 12, 15, 9, 25, 6, 10, 22, 14, 24, 11, 23, 33, 18, 19, 0, 1, 20, 27, 2, 3, 29, 35, 4, 34, 21, 17, 30, 5, 31, 16, 32, 7, 26, 28, 36, 37]",5,0.6,0.75,0.6666666666666665,0.7365896932159578,1,4,5,3
smd,group1_development,machine-1-6,treeshap_iforest,0,25,16972,16976,"[8, 12, 13, 9, 15, 11, 25, 14, 6, 24, 22, 10, 23, 1, 29, 0, 18, 2, 5, 19, 33, 35, 34, 27, 31, 21, 20, 3, 17, 30, 4, 16, 32, 7, 26, 28, 36, 37]",1,1.0,0.25,0.4,1.0,1,4,1,1
smd,group1_development,machine-1-6,treeshap_iforest,0,25,16972,16976,"[8, 12, 13, 9, 15, 11, 25, 14, 6, 24, 22, 10, 23, 1, 29, 0, 18, 2, 5, 19, 33, 35, 34, 27, 31, 21, 20, 3, 17, 30, 4, 16, 32, 7, 26, 28, 36, 37]",3,0.6666666666666666,0.5,0.5714285714285715,0.7653606369886217,1,4,3,2
smd,group1_development,machine-1-6,treeshap_iforest,0,25,16972,16976,"[8, 12, 13, 9, 15, 11, 25, 14, 6, 24, 22, 10, 23, 1, 29, 0, 18, 2, 5, 19, 33, 35, 34, 27, 31, 21, 20, 3, 17, 30, 4, 16, 32, 7, 26, 28, 36, 37]",5,0.4,0.5,0.4444444444444445,0.6366824387328317,1,4,5,2
smd,group1_development,machine-1-6,treeshap_iforest,0,26,17931,17939,"[9, 8, 12, 1, 10, 13, 11, 3, 14, 15, 25, 6, 2, 23, 24, 29, 5, 33, 0, 22, 18, 19, 20, 35, 34, 27, 30, 31, 21, 17, 4, 16, 32, 7, 26, 28, 36, 37]",1,1.0,0.05263157894736842,0.1,1.0,1,19,1,1
smd,group1_development,machine-1-6,treeshap_iforest,0,26,17931,17939,"[9, 8, 12, 1, 10, 13, 11, 3, 14, 15, 25, 6, 2, 23, 24, 29, 5, 33, 0, 22, 18, 19, 20, 35, 34, 27, 30, 31, 21, 17, 4, 16, 32, 7, 26, 28, 36, 37]",3,1.0,0.15789473684210525,0.2727272727272727,1.0,1,19,3,3
smd,group1_development,machine-1-6,treeshap_iforest,0,26,17931,17939,"[9, 8, 12, 1, 10, 13, 11, 3, 14, 15, 25, 6, 2, 23, 24, 29, 5, 33, 0, 22, 18, 19, 20, 35, 34, 27, 30, 31, 21, 17, 4, 16, 32, 7, 26, 28, 36, 37]",5,1.0,0.2631578947368421,0.4166666666666667,1.0,1,19,5,5
smd,group1_development,machine-1-6,treeshap_iforest,0,27,18600,21761,"[1, 13, 8, 12, 3, 15, 25, 11, 14, 6, 2, 24, 22, 31, 23, 34, 9, 0, 30, 29, 5, 35, 20, 10, 27, 18, 21, 33, 19, 4, 17, 16, 32, 7, 26, 28, 36, 37]",1,1.0,0.047619047619047616,0.0909090909090909,1.0,1,21,1,1
smd,group1_development,machine-1-6,treeshap_iforest,0,27,18600,21761,"[1, 13, 8, 12, 3, 15, 25, 11, 14, 6, 2, 24, 22, 31, 23, 34, 9, 0, 30, 29, 5, 35, 20, 10, 27, 18, 21, 33, 19, 4, 17, 16, 32, 7, 26, 28, 36, 37]",3,1.0,0.14285714285714285,0.25,1.0,1,21,3,3
smd,group1_development,machine-1-6,treeshap_iforest,0,27,18600,21761,"[1, 13, 8, 12, 3, 15, 25, 11, 14, 6, 2, 24, 22, 31, 23, 34, 9, 0, 30, 29, 5, 35, 20, 10, 27, 18, 21, 33, 19, 4, 17, 16, 32, 7, 26, 28, 36, 37]",5,1.0,0.23809523809523808,0.3846153846153846,1.0,1,21,5,5
smd,group1_development,machine-1-6,treeshap_iforest,0,28,22252,22260,"[9, 12, 8, 10, 11, 25, 14, 6, 23, 22, 2, 13, 4, 33, 1, 0, 34, 24, 31, 15, 30, 3, 35, 29, 27, 20, 21, 18, 19, 5, 17, 16, 32, 7, 26, 28, 36, 37]",1,0.0,0.0,0.0,0.0,0,3,1,0
smd,group1_development,machine-1-6,treeshap_iforest,0,28,22252,22260,"[9, 12, 8, 10, 11, 25, 14, 6, 23, 22, 2, 13, 4, 33, 1, 0, 34, 24, 31, 15, 30, 3, 35, 29, 27, 20, 21, 18, 19, 5, 17, 16, 32, 7, 26, 28, 36, 37]",3,0.6666666666666666,0.6666666666666666,0.6666666666666666,0.5307212739772434,1,3,3,2
smd,group1_development,machine-1-6,treeshap_iforest,0,28,22252,22260,"[9, 12, 8, 10, 11, 25, 14, 6, 23, 22, 2, 13, 4, 33, 1, 0, 34, 24, 31, 15, 30, 3, 35, 29, 27, 20, 21, 18, 19, 5, 17, 16, 32, 7, 26, 28, 36, 37]",5,0.4,0.6666666666666666,0.5,0.5307212739772434,1,3,5,2
smd,group1_development,machine-1-6,treeshap_iforest,0,29,22417,22420,"[9, 25, 10, 15, 23, 6, 24, 22, 12, 4, 11, 8, 31, 30, 0, 34, 20, 14, 13, 21, 3, 27, 1, 29, 19, 18, 35, 5, 2, 33, 17, 16, 32, 7, 26, 28, 36, 37]",1,0.0,0.0,0.0,0.0,0,2,1,0
smd,group1_development,machine-1-6,treeshap_iforest,0,29,22417,22420,"[9, 25, 10, 15, 23, 6, 24, 22, 12, 4, 11, 8, 31, 30, 0, 34, 20, 14, 13, 21, 3, 27, 1, 29, 19, 18, 35, 5, 2, 33, 17, 16, 32, 7, 26, 28, 36, 37]",3,0.3333333333333333,0.5,0.4,0.3065735963827292,1,2,3,1
smd,group1_development,machine-1-6,treeshap_iforest,0,29,22417,22420,"[9, 25, 10, 15, 23, 6, 24, 22, 12, 4, 11, 8, 31, 30, 0, 34, 20, 14, 13, 21, 3, 27, 1, 29, 19, 18, 35, 5, 2, 33, 17, 16, 32, 7, 26, 28, 36, 37]",5,0.2,0.5,0.28571428571428575,0.3065735963827292,1,2,5,1
smd,group1_development,machine-1-6,treeshap_iforest,1,0,246,252,"[10, 9, 12, 8, 11, 14, 0, 13, 1, 15, 6, 2, 25, 24, 31, 5, 33, 27, 20, 22, 35, 19, 21, 30, 34, 18, 29, 3, 4, 23, 17, 16, 32, 7, 26, 28, 36, 37]",1,1.0,0.09090909090909091,0.16666666666666669,1.0,1,11,1,1
smd,group1_development,machine-1-6,treeshap_iforest,1,0,246,252,"[10, 9, 12, 8, 11, 14, 0, 13, 1, 15, 6, 2, 25, 24, 31, 5, 33, 27, 20, 22, 35, 19, 21, 30, 34, 18, 29, 3, 4, 23, 17, 16, 32, 7, 26, 28, 36, 37]",3,1.0,0.2727272727272727,0.42857142857142855,1.0,1,11,3,3
smd,group1_development,machine-1-6,treeshap_iforest,1,0,246,252,"[10, 9, 12, 8, 11, 14, 0, 13, 1, 15, 6, 2, 25, 24, 31, 5, 33, 27, 20, 22, 35, 19, 21, 30, 34, 18, 29, 3, 4, 23, 17, 16, 32, 7, 26, 28, 36, 37]",5,1.0,0.45454545454545453,0.625,1.0,1,11,5,5
smd,group1_development,machine-1-6,treeshap_iforest,1,1,653,658,"[9, 10, 12, 8, 11, 14, 1, 2, 25, 0, 18, 13, 15, 22, 34, 31, 21, 19, 30, 27, 33, 35, 24, 3, 20, 6, 29, 5, 23, 4, 17, 16, 32, 7, 26, 28, 36, 37]",1,1.0,0.05,0.09523809523809523,1.0,1,20,1,1
smd,group1_development,machine-1-6,treeshap_iforest,1,1,653,658,"[9, 10, 12, 8, 11, 14, 1, 2, 25, 0, 18, 13, 15, 22, 34, 31, 21, 19, 30, 27, 33, 35, 24, 3, 20, 6, 29, 5, 23, 4, 17, 16, 32, 7, 26, 28, 36, 37]",3,1.0,0.15,0.2608695652173913,1.0,1,20,3,3
smd,group1_development,machine-1-6,treeshap_iforest,1,1,653,658,"[9, 10, 12, 8, 11, 14, 1, 2, 25, 0, 18, 13, 15, 22, 34, 31, 21, 19, 30, 27, 33, 35, 24, 3, 20, 6, 29, 5, 23, 4, 17, 16, 32, 7, 26, 28, 36, 37]",5,1.0,0.25,0.4,1.0,1,20,5,5
smd,group1_development,machine-1-6,treeshap_iforest,1,2,2092,2100,"[9, 10, 8, 12, 11, 2, 14, 25, 1, 13, 0, 3, 15, 22, 34, 18, 31, 35, 19, 30, 33, 21, 27, 24, 29, 6, 20, 5, 4, 17, 23, 16, 32, 7, 26, 28, 36, 37]",1,1.0,0.05,0.09523809523809523,1.0,1,20,1,1
smd,group1_development,machine-1-6,treeshap_iforest,1,2,2092,2100,"[9, 10, 8, 12, 11, 2, 14, 25, 1, 13, 0, 3, 15, 22, 34, 18, 31, 35, 19, 30, 33, 21, 27, 24, 29, 6, 20, 5, 4, 17, 23, 16, 32, 7, 26, 28, 36, 37]",3,1.0,0.15,0.2608695652173913,1.0,1,20,3,3
smd,group1_development,machine-1-6,treeshap_iforest,1,2,2092,2100,"[9, 10, 8, 12, 11, 2, 14, 25, 1, 13, 0, 3, 15, 22, 34, 18, 31, 35, 19, 30, 33, 21, 27, 24, 29, 6, 20, 5, 4, 17, 23, 16, 32, 7, 26, 28, 36, 37]",5,1.0,0.25,0.4,1.0,1,20,5,5
smd,group1_development,machine-1-6,treeshap_iforest,1,3,2884,2888,"[15, 18, 5, 13, 2, 22, 33, 24, 19, 11, 1, 14, 12, 0, 25, 27, 10, 9, 8, 30, 20, 35, 29, 34, 4, 21, 6, 31, 3, 23, 17, 16, 32, 7, 26, 28, 36, 37]",1,0.0,0.0,0.0,0.0,0,1,1,0
smd,group1_development,machine-1-6,treeshap_iforest,1,3,2884,2888,"[15, 18, 5, 13, 2, 22, 33, 24, 19, 11, 1, 14, 12, 0, 25, 27, 10, 9, 8, 30, 20, 35, 29, 34, 4, 21, 6, 31, 3, 23, 17, 16, 32, 7, 26, 28, 36, 37]",3,0.3333333333333333,1.0,0.5,0.5,1,1,3,1
smd,group1_development,machine-1-6,treeshap_iforest,1,3,2884,2888,"[15, 18, 5, 13, 2, 22, 33, 24, 19, 11, 1, 14, 12, 0, 25, 27, 10, 9, 8, 30, 20, 35, 29, 34, 4, 21, 6, 31, 3, 23, 17, 16, 32, 7, 26, 28, 36, 37]",5,0.2,1.0,0.33333333333333337,0.5,1,1,5,1
smd,group1_development,machine-1-6,treeshap_iforest,1,4,3534,3539,"[9, 10, 8, 25, 12, 17, 4, 14, 13, 2, 11, 1, 22, 0, 24, 31, 15, 34, 30, 21, 35, 18, 23, 33, 3, 19, 20, 27, 5, 6, 29, 16, 32, 7, 26, 28, 36, 37]",1,1.0,0.06666666666666667,0.125,1.0,1,15,1,1
smd,group1_development,machine-1-6,treeshap_iforest,1,4,3534,3539,"[9, 10, 8, 25, 12, 17, 4, 14, 13, 2, 11, 1, 22, 0, 24, 31, 15, 34, 30, 21, 35, 18, 23, 33, 3, 19, 20, 27, 5, 6, 29, 16, 32, 7, 26, 28, 36, 37]",3,1.0,0.2,0.33333333333333337,1.0,1,15,3,3
smd,group1_development,machine-1-6,treeshap_iforest,1,4,3534,3539,"[9, 10, 8, 25, 12, 17, 4, 14, 13, 2, 11, 1, 22, 0, 24, 31, 15, 34, 30, 21, 35, 18, 23, 33, 3, 19, 20, 27, 5, 6, 29, 16, 32, 7, 26, 28, 36, 37]",5,0.8,0.26666666666666666,0.4,0.8539316501572937,1,15,5,4
smd,group1_development,machine-1-6,treeshap_iforest,1,5,4647,5045,"[8, 15, 25, 12, 13, 14, 24, 11, 22, 5, 10, 2, 9, 31, 1, 21, 3, 33, 0, 23, 4, 29, 35, 30, 19, 34, 18, 6, 20, 27, 16, 17, 32, 7, 26, 28, 36, 37]",1,1.0,0.1111111111111111,0.19999999999999998,1.0,1,9,1,1
smd,group1_development,machine-1-6,treeshap_iforest,1,5,4647,5045,"[8, 15, 25, 12, 13, 14, 24, 11, 22, 5, 10, 2, 9, 31, 1, 21, 3, 33, 0, 23, 4, 29, 35, 30, 19, 34, 18, 6, 20, 27, 16, 17, 32, 7, 26, 28, 36, 37]",3,0.3333333333333333,0.1111111111111111,0.16666666666666666,0.46927872602275644,1,9,3,1
smd,group1_development,machine-1-6,treeshap_iforest,1,5,4647,5045,"[8, 15, 25, 12, 13, 14, 24, 11, 22, 5, 10, 2, 9, 31, 1, 21, 3, 33, 0, 23, 4, 29, 35, 30, 19, 34, 18, 6, 20, 27, 16, 17, 32, 7, 26, 28, 36, 37]",5,0.4,0.2222222222222222,0.2857142857142857,0.48522855511632257,1,9,5,2
smd,group1_development,machine-1-6,treeshap_iforest,1,6,5167,5172,"[9, 10, 12, 8, 15, 13, 25, 14, 11, 17, 0, 23, 2, 18, 1, 21, 19, 24, 3, 6, 22, 30, 33, 4, 31, 35, 29, 5, 20, 34, 27, 16, 32, 7, 26, 28, 36, 37]",1,1.0,0.2,0.33333333333333337,1.0,1,5,1,1
smd,group1_development,machine-1-6,treeshap_iforest,1,6,5167,5172,"[9, 10, 12, 8, 15, 13, 25, 14, 11, 17, 0, 23, 2, 18, 1, 21, 19, 24, 3, 6, 22, 30, 33, 4, 31, 35, 29, 5, 20, 34, 27, 16, 32, 7, 26, 28, 36, 37]",3,1.0,0.6,0.7499999999999999,1.0,1,5,3,3
smd,group1_development,machine-1-6,treeshap_iforest,1,6,5167,5172,"[9, 10, 12, 8, 15, 13, 25, 14, 11, 17, 0, 23, 2, 18, 1, 21, 19, 24, 3, 6, 22, 30, 33, 4, 31, 35, 29, 5, 20, 34, 27, 16, 32, 7, 26, 28, 36, 37]",5,0.8,0.8,0.8000000000000002,0.8687949224876582,1,5,5,4
smd,group1_development,machine-1-6,treeshap_iforest,1,7,5708,5713,"[8, 12, 29, 15, 25, 13, 24, 10, 2, 9, 14, 3, 0, 30, 11, 22, 35, 34, 1, 21, 31, 27, 20, 18, 19, 17, 23, 5, 4, 33, 6, 16, 32, 7, 26, 28, 36, 37]",1,1.0,0.25,0.4,1.0,1,4,1,1
smd,group1_development,machine-1-6,treeshap_iforest,1,7,5708,5713,"[8, 12, 29, 15, 25, 13, 24, 10, 2, 9, 14, 3, 0, 30, 11, 22, 35, 34, 1, 21, 31, 27, 20, 18, 19, 17, 23, 5, 4, 33, 6, 16, 32, 7, 26, 28, 36, 37]",3,0.6666666666666666,0.5,0.5714285714285715,0.7653606369886217,1,4,3,2
smd,group1_development,machine-1-6,treeshap_iforest,1,7,5708,5713,"[8, 12, 29, 15, 25, 13, 24, 10, 2, 9, 14, 3, 0, 30, 11, 22, 35, 34, 1, 21, 31, 27, 20, 18, 19, 17, 23, 5, 4, 33, 6, 16, 32, 7, 26, 28, 36, 37]",5,0.4,0.5,0.4444444444444445,0.6366824387328317,1,4,5,2
smd,group1_development,machine-1-6,treeshap_iforest,1,8,5873,5885,"[8, 2, 10, 12, 15, 25, 13, 3, 9, 14, 1, 0, 30, 24, 11, 29, 31, 19, 35, 34, 20, 22, 21, 18, 27, 5, 33, 23, 6, 4, 17, 16, 32, 7, 26, 28, 36, 37]",1,1.0,0.07142857142857142,0.13333333333333333,1.0,1,14,1,1
smd,group1_development,machine-1-6,treeshap_iforest,1,8,5873,5885,"[8, 2, 10, 12, 15, 25, 13, 3, 9, 14, 1, 0, 30, 24, 11, 29, 31, 19, 35, 34, 20, 22, 21, 18, 27, 5, 33, 23, 6, 4, 17, 16, 32, 7, 26, 28, 36, 37]",3,1.0,0.21428571428571427,0.35294117647058826,1.0,1,14,3,3
smd,group1_development,machine-1-6,treeshap_iforest,1,8,5873,5885,"[8, 2, 10, 12, 15, 25, 13, 3, 9, 14, 1, 0, 30, 24, 11, 29, 31, 19, 35, 34, 20, 22, 21, 18, 27, 5, 33, 23, 6, 4, 17, 16, 32, 7, 26, 28, 36, 37]",5,0.8,0.2857142857142857,0.4210526315789473,0.8687949224876582,1,14,5,4
smd,group1_development,machine-1-6,treeshap_iforest,1,9,6022,6027,"[8, 12, 24, 25, 15, 13, 29, 14, 2, 22, 3, 0, 11, 30, 35, 34, 31, 33, 27, 1, 20, 21, 18, 23, 19, 10, 5, 4, 9, 6, 32, 17, 16, 7, 26, 28, 36, 37]",1,0.0,0.0,0.0,0.0,0,2,1,0
smd,group1_development,machine-1-6,treeshap_iforest,1,9,6022,6027,"[8, 12, 24, 25, 15, 13, 29, 14, 2, 22, 3, 0, 11, 30, 35, 34, 31, 33, 27, 1, 20, 21, 18, 23, 19, 10, 5, 4, 9, 6, 32, 17, 16, 7, 26, 28, 36, 37]",3,0.0,0.0,0.0,0.0,0,2,3,0
smd,group1_development,machine-1-6,treeshap_iforest,1,9,6022,6027,"[8, 12, 24, 25, 15, 13, 29, 14, 2, 22, 3, 0, 11, 30, 35, 34, 31, 33, 27, 1, 20, 21, 18, 23, 19, 10, 5, 4, 9, 6, 32, 17, 16, 7, 26, 28, 36, 37]",5,0.0,0.0,0.0,0.0,0,2,5,0
smd,group1_development,machine-1-6,treeshap_iforest,1,10,6412,6419,"[8, 9, 12, 10, 2, 15, 11, 14, 25, 1, 13, 3, 0, 24, 29, 22, 33, 18, 19, 6, 21, 5, 30, 20, 4, 17, 34, 31, 23, 35, 27, 16, 32, 7, 26, 28, 36, 37]",1,1.0,0.05263157894736842,0.1,1.0,1,19,1,1
smd,group1_development,machine-1-6,treeshap_iforest,1,10,6412,6419,"[8, 9, 12, 10, 2, 15, 11, 14, 25, 1, 13, 3, 0, 24, 29, 22, 33, 18, 19, 6, 21, 5, 30, 20, 4, 17, 34, 31, 23, 35, 27, 16, 32, 7, 26, 28, 36, 37]",3,1.0,0.15789473684210525,0.2727272727272727,1.0,1,19,3,3
smd,group1_development,machine-1-6,treeshap_iforest,1,10,6412,6419,"[8, 9, 12, 10, 2, 15, 11, 14, 25, 1, 13, 3, 0, 24, 29, 22, 33, 18, 19, 6, 21, 5, 30, 20, 4, 17, 34, 31, 23, 35, 27, 16, 32, 7, 26, 28, 36, 37]",5,1.0,0.2631578947368421,0.4166666666666667,1.0,1,19,5,5
smd,group1_development,machine-1-6,treeshap_iforest,1,11,7851,7856,"[10, 9, 8, 12, 15, 25, 2, 24, 14, 22, 13, 29, 1, 0, 11, 3, 6, 30, 31, 23, 19, 35, 18, 33, 34, 5, 27, 20, 21, 4, 17, 16, 32, 7, 26, 28, 36, 37]",1,1.0,0.06666666666666667,0.125,1.0,1,15,1,1
smd,group1_development,machine-1-6,treeshap_iforest,1,11,7851,7856,"[10, 9, 8, 12, 15, 25, 2, 24, 14, 22, 13, 29, 1, 0, 11, 3, 6, 30, 31, 23, 19, 35, 18, 33, 34, 5, 27, 20, 21, 4, 17, 16, 32, 7, 26, 28, 36, 37]",3,1.0,0.2,0.33333333333333337,1.0,1,15,3,3
smd,group1_development,machine-1-6,treeshap_iforest,1,11,7851,7856,"[10, 9, 8, 12, 15, 25, 2, 24, 14, 22, 13, 29, 1, 0, 11, 3, 6, 30, 31, 23, 19, 35, 18, 33, 34, 5, 27, 20, 21, 4, 17, 16, 32, 7, 26, 28, 36, 37]",5,0.8,0.26666666666666666,0.4,0.8687949224876582,1,15,5,4
smd,group1_development,machine-1-6,treeshap_iforest,1,12,9291,9298,"[10, 9, 8, 12, 15, 25, 2, 14, 13, 1, 11, 24, 3, 0, 29, 22, 6, 18, 33, 19, 21, 23, 4, 20, 30, 5, 35, 27, 34, 31, 17, 16, 32, 7, 26, 28, 36, 37]",1,1.0,0.0625,0.11764705882352941,1.0,1,16,1,1
smd,group1_development,machine-1-6,treeshap_iforest,1,12,9291,9298,"[10, 9, 8, 12, 15, 25, 2, 14, 13, 1, 11, 24, 3, 0, 29, 22, 6, 18, 33, 19, 21, 23, 4, 20, 30, 5, 35, 27, 34, 31, 17, 16, 32, 7, 26, 28, 36, 37]",3,1.0,0.1875,0.3157894736842105,1.0,1,16,3,3
smd,group1_development,machine-1-6,treeshap_iforest,1,12,9291,9298,"[10, 9, 8, 12, 15, 25, 2, 14, 13, 1, 11, 24, 3, 0, 29, 22, 6, 18, 33, 19, 21, 23, 4, 20, 30, 5, 35, 27, 34, 31, 17, 16, 32, 7, 26, 28, 36, 37]",5,0.8,0.25,0.38095238095238093,0.8687949224876582,1,16,5,4
smd,group1_development,machine-1-6,treeshap_iforest,1,13,10731,10736,"[10, 8, 9, 12, 15, 2, 25, 13, 14, 1, 3, 24, 11, 0, 6, 29, 22, 33, 19, 23, 18, 21, 4, 5, 20, 30, 35, 27, 31, 34, 17, 16, 32, 7, 26, 28, 36, 37]",1,1.0,0.0625,0.11764705882352941,1.0,1,16,1,1
smd,group1_development,machine-1-6,treeshap_iforest,1,13,10731,10736,"[10, 8, 9, 12, 15, 2, 25, 13, 14, 1, 3, 24, 11, 0, 6, 29, 22, 33, 19, 23, 18, 21, 4, 5, 20, 30, 35, 27, 31, 34, 17, 16, 32, 7, 26, 28, 36, 37]",3,1.0,0.1875,0.3157894736842105,1.0,1,16,3,3
smd,group1_development,machine-1-6,treeshap_iforest,1,13,10731,10736,"[10, 8, 9, 12, 15, 2, 25, 13, 14, 1, 3, 24, 11, 0, 6, 29, 22, 33, 19, 23, 18, 21, 4, 5, 20, 30, 35, 27, 31, 34, 17, 16, 32, 7, 26, 28, 36, 37]",5,0.8,0.25,0.38095238095238093,0.8687949224876582,1,16,5,4
smd,group1_development,machine-1-6,treeshap_iforest,1,14,11467,11471,"[10, 8, 9, 12, 15, 2, 29, 14, 13, 25, 1, 11, 3, 24, 0, 23, 22, 6, 30, 5, 35, 33, 34, 18, 19, 4, 27, 21, 20, 31, 17, 16, 32, 7, 26, 28, 36, 37]",1,1.0,0.058823529411764705,0.1111111111111111,1.0,1,17,1,1
smd,group1_development,machine-1-6,treeshap_iforest,1,14,11467,11471,"[10, 8, 9, 12, 15, 2, 29, 14, 13, 25, 1, 11, 3, 24, 0, 23, 22, 6, 30, 5, 35, 33, 34, 18, 19, 4, 27, 21, 20, 31, 17, 16, 32, 7, 26, 28, 36, 37]",3,1.0,0.17647058823529413,0.3,1.0,1,17,3,3
smd,group1_development,machine-1-6,treeshap_iforest,1,14,11467,11471,"[10, 8, 9, 12, 15, 2, 29, 14, 13, 25, 1, 11, 3, 24, 0, 23, 22, 6, 30, 5, 35, 33, 34, 18, 19, 4, 27, 21, 20, 31, 17, 16, 32, 7, 26, 28, 36, 37]",5,0.8,0.23529411764705882,0.3636363636363636,0.8687949224876582,1,17,5,4
smd,group1_development,machine-1-6,treeshap_iforest,1,15,12171,12176,"[10, 9, 8, 12, 15, 25, 2, 1, 13, 14, 11, 0, 24, 29, 3, 6, 22, 33, 19, 18, 21, 4, 34, 23, 20, 30, 27, 5, 31, 35, 17, 16, 32, 7, 26, 28, 36, 37]",1,1.0,0.058823529411764705,0.1111111111111111,1.0,1,17,1,1
smd,group1_development,machine-1-6,treeshap_iforest,1,15,12171,12176,"[10, 9, 8, 12, 15, 25, 2, 1, 13, 14, 11, 0, 24, 29, 3, 6, 22, 33, 19, 18, 21, 4, 34, 23, 20, 30, 27, 5, 31, 35, 17, 16, 32, 7, 26, 28, 36, 37]",3,1.0,0.17647058823529413,0.3,1.0,1,17,3,3
smd,group1_development,machine-1-6,treeshap_iforest,1,15,12171,12176,"[10, 9, 8, 12, 15, 25, 2, 1, 13, 14, 11, 0, 24, 29, 3, 6, 22, 33, 19, 18, 21, 4, 34, 23, 20, 30, 27, 5, 31, 35, 17, 16, 32, 7, 26, 28, 36, 37]",5,0.8,0.23529411764705882,0.3636363636363636,0.8687949224876582,1,17,5,4
smd,group1_development,machine-1-6,treeshap_iforest,1,16,13069,13073,"[8, 29, 25, 13, 12, 15, 24, 30, 14, 2, 3, 0, 31, 22, 19, 21, 23, 33, 11, 20, 35, 27, 34, 6, 18, 10, 9, 1, 32, 5, 4, 17, 16, 7, 26, 28, 36, 37]",1,0.0,0.0,0.0,0.0,0,2,1,0
smd,group1_development,machine-1-6,treeshap_iforest,1,16,13069,13073,"[8, 29, 25, 13, 12, 15, 24, 30, 14, 2, 3, 0, 31, 22, 19, 21, 23, 33, 11, 20, 35, 27, 34, 6, 18, 10, 9, 1, 32, 5, 4, 17, 16, 7, 26, 28, 36, 37]",3,0.0,0.0,0.0,0.0,0,2,3,0
smd,group1_development,machine-1-6,treeshap_iforest,1,16,13069,13073,"[8, 29, 25, 13, 12, 15, 24, 30, 14, 2, 3, 0, 31, 22, 19, 21, 23, 33, 11, 20, 35, 27, 34, 6, 18, 10, 9, 1, 32, 5, 4, 17, 16, 7, 26, 28, 36, 37]",5,0.0,0.0,0.0,0.0,0,2,5,0
smd,group1_development,machine-1-6,treeshap_iforest,1,17,13277,13280,"[8, 15, 25, 13, 24, 12, 22, 14, 0, 30, 11, 31, 35, 34, 10, 6, 29, 3, 21, 27, 16, 5, 9, 20, 23, 33, 19, 18, 1, 2, 4, 17, 32, 7, 26, 28, 36, 37]",1,0.0,0.0,0.0,0.0,0,1,1,0
smd,group1_development,machine-1-6,treeshap_iforest,1,17,13277,13280,"[8, 15, 25, 13, 24, 12, 22, 14, 0, 30, 11, 31, 35, 34, 10, 6, 29, 3, 21, 27, 16, 5, 9, 20, 23, 33, 19, 18, 1, 2, 4, 17, 32, 7, 26, 28, 36, 37]",3,0.0,0.0,0.0,0.0,0,1,3,0
smd,group1_development,machine-1-6,treeshap_iforest,1,17,13277,13280,"[8, 15, 25, 13, 24, 12, 22, 14, 0, 30, 11, 31, 35, 34, 10, 6, 29, 3, 21, 27, 16, 5, 9, 20, 23, 33, 19, 18, 1, 2, 4, 17, 32, 7, 26, 28, 36, 37]",5,0.0,0.0,0.0,0.0,0,1,5,0
smd,group1_development,machine-1-6,treeshap_iforest,1,18,13613,13619,"[8, 12, 15, 9, 10, 2, 25, 13, 14, 11, 3, 1, 24, 29, 6, 0, 22, 18, 33, 19, 21, 4, 5, 20, 23, 30, 34, 27, 35, 31, 17, 16, 32, 7, 26, 28, 36, 37]",1,1.0,0.125,0.2222222222222222,1.0,1,8,1,1
smd,group1_development,machine-1-6,treeshap_iforest,1,18,13613,13619,"[8, 12, 15, 9, 10, 2, 25, 13, 14, 11, 3, 1, 24, 29, 6, 0, 22, 18, 33, 19, 21, 4, 5, 20, 23, 30, 34, 27, 35, 31, 17, 16, 32, 7, 26, 28, 36, 37]",3,0.6666666666666666,0.25,0.36363636363636365,0.7653606369886217,1,8,3,2
smd,group1_development,machine-1-6,treeshap_iforest,1,18,13613,13619,"[8, 12, 15, 9, 10, 2, 25, 13, 14, 11, 3, 1, 24, 29, 6, 0, 22, 18, 33, 19, 21, 4, 5, 20, 23, 30, 34, 27, 35, 31, 17, 16, 32, 7, 26, 28, 36, 37]",5,0.8,0.5,0.6153846153846154,0.830419897363192,1,8,5,4
smd,group1_development,machine-1-6,treeshap_iforest,1,19,14603,14607,"[10, 8, 12, 9, 29, 15, 25, 2, 24, 13, 3, 14, 30, 0, 22, 1, 11, 21, 31, 35, 27, 34, 6, 20, 23, 19, 18, 5, 33, 4, 17, 16, 32, 7, 26, 28, 36, 37]",1,1.0,0.1,0.18181818181818182,1.0,1,10,1,1
smd,group1_development,machine-1-6,treeshap_iforest,1,19,14603,14607,"[10, 8, 12, 9, 29, 15, 25, 2, 24, 13, 3, 14, 30, 0, 22, 1, 11, 21, 31, 35, 27, 34, 6, 20, 23, 19, 18, 5, 33, 4, 17, 16, 32, 7, 26, 28, 36, 37]",3,1.0,0.3,0.4615384615384615,1.0,1,10,3,3
smd,group1_development,machine-1-6,treeshap_iforest,1,19,14603,14607,"[10, 8, 12, 9, 29, 15, 25, 2, 24, 13, 3, 14, 30, 0, 22, 1, 11, 21, 31, 35, 27, 34, 6, 20, 23, 19, 18, 5, 33, 4, 17, 16, 32, 7, 26, 28, 36, 37]",5,0.8,0.4,0.5333333333333333,0.8687949224876582,1,10,5,4
smd,group1_development,machine-1-6,treeshap_iforest,1,20,15052,15055,"[10, 9, 8, 12, 15, 25, 13, 24, 14, 0, 22, 29, 1, 11, 2, 6, 3, 23, 33, 19, 18, 5, 34, 35, 4, 27, 21, 30, 20, 17, 31, 16, 32, 7, 26, 28, 36, 37]",1,1.0,0.25,0.4,1.0,1,4,1,1
smd,group1_development,machine-1-6,treeshap_iforest,1,20,15052,15055,"[10, 9, 8, 12, 15, 25, 13, 24, 14, 0, 22, 29, 1, 11, 2, 6, 3, 23, 33, 19, 18, 5, 34, 35, 4, 27, 21, 30, 20, 17, 31, 16, 32, 7, 26, 28, 36, 37]",3,1.0,0.75,0.8571428571428571,1.0,1,4,3,3
smd,group1_development,machine-1-6,treeshap_iforest,1,20,15052,15055,"[10, 9, 8, 12, 15, 25, 13, 24, 14, 0, 22, 29, 1, 11, 2, 6, 3, 23, 33, 19, 18, 5, 34, 35, 4, 27, 21, 30, 20, 17, 31, 16, 32, 7, 26, 28, 36, 37]",5,0.8,1.0,0.888888888888889,1.0,1,4,5,4
smd,group1_development,machine-1-6,treeshap_iforest,1,21,15397,15401,"[12, 8, 15, 25, 13, 9, 10, 14, 11, 2, 24, 1, 6, 22, 0, 3, 19, 18, 21, 23, 33, 4, 29, 5, 34, 20, 27, 30, 35, 17, 31, 16, 32, 7, 26, 28, 36, 37]",1,1.0,0.3333333333333333,0.5,1.0,1,3,1,1
smd,group1_development,machine-1-6,treeshap_iforest,1,21,15397,15401,"[12, 8, 15, 25, 13, 9, 10, 14, 11, 2, 24, 1, 6, 22, 0, 3, 19, 18, 21, 23, 33, 4, 29, 5, 34, 20, 27, 30, 35, 17, 31, 16, 32, 7, 26, 28, 36, 37]",3,0.6666666666666666,0.6666666666666666,0.6666666666666666,0.7653606369886217,1,3,3,2
smd,group1_development,machine-1-6,treeshap_iforest,1,21,15397,15401,"[12, 8, 15, 25, 13, 9, 10, 14, 11, 2, 24, 1, 6, 22, 0, 3, 19, 18, 21, 23, 33, 4, 29, 5, 34, 20, 27, 30, 35, 17, 31, 16, 32, 7, 26, 28, 36, 37]",5,0.4,0.6666666666666666,0.5,0.7653606369886217,1,3,5,2
smd,group1_development,machine-1-6,treeshap_iforest,1,22,15802,15805,"[8, 12, 15, 10, 29, 2, 25, 24, 9, 13, 3, 22, 14, 0, 1, 30, 6, 35, 34, 11, 27, 31, 21, 23, 33, 20, 18, 5, 4, 19, 17, 16, 32, 7, 26, 28, 36, 37]",1,1.0,0.25,0.4,1.0,1,4,1,1
smd,group1_development,machine-1-6,treeshap_iforest,1,22,15802,15805,"[8, 12, 15, 10, 29, 2, 25, 24, 9, 13, 3, 22, 14, 0, 1, 30, 6, 35, 34, 11, 27, 31, 21, 23, 33, 20, 18, 5, 4, 19, 17, 16, 32, 7, 26, 28, 36, 37]",3,0.6666666666666666,0.5,0.5714285714285715,0.7653606369886217,1,4,3,2
smd,group1_development,machine-1-6,treeshap_iforest,1,22,15802,15805,"[8, 12, 15, 10, 29, 2, 25, 24, 9, 13, 3, 22, 14, 0, 1, 30, 6, 35, 34, 11, 27, 31, 21, 23, 33, 20, 18, 5, 4, 19, 17, 16, 32, 7, 26, 28, 36, 37]",5,0.6,0.75,0.6666666666666665,0.8048099750039491,1,4,5,3
smd,group1_development,machine-1-6,treeshap_iforest,1,23,16491,16499,"[10, 8, 9, 12, 15, 2, 11, 14, 13, 25, 1, 3, 0, 29, 24, 6, 23, 22, 33, 18, 19, 5, 20, 21, 30, 4, 35, 34, 31, 17, 27, 16, 32, 7, 26, 28, 36, 37]",1,1.0,0.125,0.2222222222222222,1.0,1,8,1,1
smd,group1_development,machine-1-6,treeshap_iforest,1,23,16491,16499,"[10, 8, 9, 12, 15, 2, 11, 14, 13, 25, 1, 3, 0, 29, 24, 6, 23, 22, 33, 18, 19, 5, 20, 21, 30, 4, 35, 34, 31, 17, 27, 16, 32, 7, 26, 28, 36, 37]",3,1.0,0.375,0.5454545454545454,1.0,1,8,3,3
smd,group1_development,machine-1-6,treeshap_iforest,1,23,16491,16499,"[10, 8, 9, 12, 15, 2, 11, 14, 13, 25, 1, 3, 0, 29, 24, 6, 23, 22, 33, 18, 19, 5, 20, 21, 30, 4, 35, 34, 31, 17, 27, 16, 32, 7, 26, 28, 36, 37]",5,0.8,0.5,0.6153846153846154,0.8687949224876582,1,8,5,4
smd,group1_development,machine-1-6,treeshap_iforest,1,24,16718,16721,"[8, 12, 15, 25, 13, 10, 9, 14, 24, 6, 22, 11, 23, 0, 33, 18, 4, 21, 19, 1, 35, 5, 34, 2, 29, 17, 27, 30, 20, 31, 3, 16, 32, 7, 26, 28, 36, 37]",1,1.0,0.25,0.4,1.0,1,4,1,1
smd,group1_development,machine-1-6,treeshap_iforest,1,24,16718,16721,"[8, 12, 15, 25, 13, 10, 9, 14, 24, 6, 22, 11, 23, 0, 33, 18, 4, 21, 19, 1, 35, 5, 34, 2, 29, 17, 27, 30, 20, 31, 3, 16, 32, 7, 26, 28, 36, 37]",3,0.6666666666666666,0.5,0.5714285714285715,0.7653606369886217,1,4,3,2
smd,group1_development,machine-1-6,treeshap_iforest,1,24,16718,16721,"[8, 12, 15, 25, 13, 10, 9, 14, 24, 6, 22, 11, 23, 0, 33, 18, 4, 21, 19, 1, 35, 5, 34, 2, 29, 17, 27, 30, 20, 31, 3, 16, 32, 7, 26, 28, 36, 37]",5,0.4,0.5,0.4444444444444445,0.6366824387328317,1,4,5,2
smd,group1_development,machine-1-6,treeshap_iforest,1,25,16972,16976,"[12, 8, 15, 25, 11, 9, 10, 13, 14, 24, 22, 6, 0, 23, 1, 2, 29, 18, 19, 5, 20, 4, 34, 35, 21, 33, 3, 30, 31, 27, 17, 16, 32, 7, 26, 28, 36, 37]",1,1.0,0.25,0.4,1.0,1,4,1,1
smd,group1_development,machine-1-6,treeshap_iforest,1,25,16972,16976,"[12, 8, 15, 25, 11, 9, 10, 13, 14, 24, 22, 6, 0, 23, 1, 2, 29, 18, 19, 5, 20, 4, 34, 35, 21, 33, 3, 30, 31, 27, 17, 16, 32, 7, 26, 28, 36, 37]",3,0.6666666666666666,0.5,0.5714285714285715,0.7653606369886217,1,4,3,2
smd,group1_development,machine-1-6,treeshap_iforest,1,25,16972,16976,"[12, 8, 15, 25, 11, 9, 10, 13, 14, 24, 22, 6, 0, 23, 1, 2, 29, 18, 19, 5, 20, 4, 34, 35, 21, 33, 3, 30, 31, 27, 17, 16, 32, 7, 26, 28, 36, 37]",5,0.6,0.75,0.6666666666666665,0.787702056960637,1,4,5,3
smd,group1_development,machine-1-6,treeshap_iforest,1,26,17931,17939,"[10, 8, 9, 12, 11, 15, 14, 2, 13, 25, 1, 23, 3, 0, 5, 29, 24, 6, 22, 18, 19, 33, 30, 20, 4, 21, 31, 35, 34, 27, 17, 16, 32, 7, 26, 28, 36, 37]",1,1.0,0.05263157894736842,0.1,1.0,1,19,1,1
smd,group1_development,machine-1-6,treeshap_iforest,1,26,17931,17939,"[10, 8, 9, 12, 11, 15, 14, 2, 13, 25, 1, 23, 3, 0, 5, 29, 24, 6, 22, 18, 19, 33, 30, 20, 4, 21, 31, 35, 34, 27, 17, 16, 32, 7, 26, 28, 36, 37]",3,1.0,0.15789473684210525,0.2727272727272727,1.0,1,19,3,3
smd,group1_development,machine-1-6,treeshap_iforest,1,26,17931,17939,"[10, 8, 9, 12, 11, 15, 14, 2, 13, 25, 1, 23, 3, 0, 5, 29, 24, 6, 22, 18, 19, 33, 30, 20, 4, 21, 31, 35, 34, 27, 17, 16, 32, 7, 26, 28, 36, 37]",5,1.0,0.2631578947368421,0.4166666666666667,1.0,1,19,5,5
smd,group1_development,machine-1-6,treeshap_iforest,1,27,18600,21761,"[8, 12, 15, 2, 25, 1, 13, 3, 11, 14, 0, 23, 24, 22, 6, 29, 31, 30, 10, 9, 5, 35, 34, 21, 19, 20, 27, 18, 33, 4, 17, 16, 32, 7, 26, 28, 36, 37]",1,1.0,0.047619047619047616,0.0909090909090909,1.0,1,21,1,1
smd,group1_development,machine-1-6,treeshap_iforest,1,27,18600,21761,"[8, 12, 15, 2, 25, 1, 13, 3, 11, 14, 0, 23, 24, 22, 6, 29, 31, 30, 10, 9, 5, 35, 34, 21, 19, 20, 27, 18, 33, 4, 17, 16, 32, 7, 26, 28, 36, 37]",3,1.0,0.14285714285714285,0.25,1.0,1,21,3,3
smd,group1_development,machine-1-6,treeshap_iforest,1,27,18600,21761,"[8, 12, 15, 2, 25, 1, 13, 3, 11, 14, 0, 23, 24, 22, 6, 29, 31, 30, 10, 9, 5, 35, 34, 21, 19, 20, 27, 18, 33, 4, 17, 16, 32, 7, 26, 28, 36, 37]",5,0.8,0.19047619047619047,0.3076923076923077,0.8687949224876582,1,21,5,4
smd,group1_development,machine-1-6,treeshap_iforest,1,28,22252,22260,"[9, 10, 12, 8, 11, 25, 14, 23, 22, 2, 6, 0, 13, 4, 1, 24, 31, 30, 15, 34, 33, 3, 21, 18, 35, 19, 5, 29, 27, 20, 17, 16, 32, 7, 26, 28, 36, 37]",1,0.0,0.0,0.0,0.0,0,3,1,0
smd,group1_development,machine-1-6,treeshap_iforest,1,28,22252,22260,"[9, 10, 12, 8, 11, 25, 14, 23, 22, 2, 6, 0, 13, 4, 1, 24, 31, 30, 15, 34, 33, 3, 21, 18, 35, 19, 5, 29, 27, 20, 17, 16, 32, 7, 26, 28, 36, 37]",3,0.3333333333333333,0.3333333333333333,0.3333333333333333,0.23463936301137822,1,3,3,1
smd,group1_development,machine-1-6,treeshap_iforest,1,28,22252,22260,"[9, 10, 12, 8, 11, 25, 14, 23, 22, 2, 6, 0, 13, 4, 1, 24, 31, 30, 15, 34, 33, 3, 21, 18, 35, 19, 5, 29, 27, 20, 17, 16, 32, 7, 26, 28, 36, 37]",5,0.4,0.6666666666666666,0.5,0.4367467095119258,1,3,5,2
smd,group1_development,machine-1-6,treeshap_iforest,1,29,22417,22420,"[25, 10, 9, 23, 15, 22, 6, 24, 12, 31, 11, 8, 4, 0, 14, 30, 13, 35, 21, 27, 1, 34, 20, 5, 2, 18, 29, 3, 33, 19, 17, 16, 32, 7, 26, 28, 36, 37]",1,0.0,0.0,0.0,0.0,0,2,1,0
smd,group1_development,machine-1-6,treeshap_iforest,1,29,22417,22420,"[25, 10, 9, 23, 15, 22, 6, 24, 12, 31, 11, 8, 4, 0, 14, 30, 13, 35, 21, 27, 1, 34, 20, 5, 2, 18, 29, 3, 33, 19, 17, 16, 32, 7, 26, 28, 36, 37]",3,0.3333333333333333,0.5,0.4,0.38685280723454163,1,2,3,1
smd,group1_development,machine-1-6,treeshap_iforest,1,29,22417,22420,"[25, 10, 9, 23, 15, 22, 6, 24, 12, 31, 11, 8, 4, 0, 14, 30, 13, 35, 21, 27, 1, 34, 20, 5, 2, 18, 29, 3, 33, 19, 17, 16, 32, 7, 26, 28, 36, 37]",5,0.2,0.5,0.28571428571428575,0.38685280723454163,1,2,5,1
smd,group1_development,machine-1-6,treeshap_iforest,2,0,246,252,"[9, 10, 12, 8, 14, 11, 15, 1, 33, 0, 13, 21, 29, 6, 2, 24, 31, 22, 25, 5, 30, 35, 18, 34, 20, 19, 3, 27, 23, 4, 17, 16, 32, 7, 26, 28, 36, 37]",1,1.0,0.09090909090909091,0.16666666666666669,1.0,1,11,1,1
smd,group1_development,machine-1-6,treeshap_iforest,2,0,246,252,"[9, 10, 12, 8, 14, 11, 15, 1, 33, 0, 13, 21, 29, 6, 2, 24, 31, 22, 25, 5, 30, 35, 18, 34, 20, 19, 3, 27, 23, 4, 17, 16, 32, 7, 26, 28, 36, 37]",3,1.0,0.2727272727272727,0.42857142857142855,1.0,1,11,3,3
smd,group1_development,machine-1-6,treeshap_iforest,2,0,246,252,"[9, 10, 12, 8, 14, 11, 15, 1, 33, 0, 13, 21, 29, 6, 2, 24, 31, 22, 25, 5, 30, 35, 18, 34, 20, 19, 3, 27, 23, 4, 17, 16, 32, 7, 26, 28, 36, 37]",5,1.0,0.45454545454545453,0.625,1.0,1,11,5,5
smd,group1_development,machine-1-6,treeshap_iforest,2,1,653,658,"[12, 9, 10, 8, 14, 11, 1, 25, 2, 0, 31, 15, 33, 21, 27, 13, 35, 30, 3, 22, 18, 20, 34, 19, 6, 24, 23, 4, 29, 5, 17, 16, 32, 7, 26, 28, 36, 37]",1,1.0,0.05,0.09523809523809523,1.0,1,20,1,1
smd,group1_development,machine-1-6,treeshap_iforest,2,1,653,658,"[12, 9, 10, 8, 14, 11, 1, 25, 2, 0, 31, 15, 33, 21, 27, 13, 35, 30, 3, 22, 18, 20, 34, 19, 6, 24, 23, 4, 29, 5, 17, 16, 32, 7, 26, 28, 36, 37]",3,1.0,0.15,0.2608695652173913,1.0,1,20,3,3
smd,group1_development,machine-1-6,treeshap_iforest,2,1,653,658,"[12, 9, 10, 8, 14, 11, 1, 25, 2, 0, 31, 15, 33, 21, 27, 13, 35, 30, 3, 22, 18, 20, 34, 19, 6, 24, 23, 4, 29, 5, 17, 16, 32, 7, 26, 28, 36, 37]",5,1.0,0.25,0.4,1.0,1,20,5,5
smd,group1_development,machine-1-6,treeshap_iforest,2,2,2092,2100,"[12, 9, 10, 25, 11, 8, 14, 1, 2, 3, 13, 0, 31, 33, 15, 21, 35, 22, 27, 18, 34, 30, 29, 20, 19, 4, 6, 5, 24, 23, 17, 16, 32, 7, 26, 28, 36, 37]",1,1.0,0.05,0.09523809523809523,1.0,1,20,1,1
smd,group1_development,machine-1-6,treeshap_iforest,2,2,2092,2100,"[12, 9, 10, 25, 11, 8, 14, 1, 2, 3, 13, 0, 31, 33, 15, 21, 35, 22, 27, 18, 34, 30, 29, 20, 19, 4, 6, 5, 24, 23, 17, 16, 32, 7, 26, 28, 36, 37]",3,1.0,0.15,0.2608695652173913,1.0,1,20,3,3
smd,group1_development,machine-1-6,treeshap_iforest,2,2,2092,2100,"[12, 9, 10, 25, 11, 8, 14, 1, 2, 3, 13, 0, 31, 33, 15, 21, 35, 22, 27, 18, 34, 30, 29, 20, 19, 4, 6, 5, 24, 23, 17, 16, 32, 7, 26, 28, 36, 37]",5,1.0,0.25,0.4,1.0,1,20,5,5
smd,group1_development,machine-1-6,treeshap_iforest,2,3,2884,2888,"[15, 1, 18, 25, 29, 22, 12, 21, 5, 19, 13, 14, 8, 9, 35, 11, 2, 3, 20, 6, 33, 10, 34, 27, 24, 4, 0, 31, 17, 30, 23, 16, 32, 7, 26, 28, 36, 37]",1,0.0,0.0,0.0,0.0,0,1,1,0
smd,group1_development,machine-1-6,treeshap_iforest,2,3,2884,2888,"[15, 1, 18, 25, 29, 22, 12, 21, 5, 19, 13, 14, 8, 9, 35, 11, 2, 3, 20, 6, 33, 10, 34, 27, 24, 4, 0, 31, 17, 30, 23, 16, 32, 7, 26, 28, 36, 37]",3,0.0,0.0,0.0,0.0,0,1,3,0
smd,group1_development,machine-1-6,treeshap_iforest,2,3,2884,2888,"[15, 1, 18, 25, 29, 22, 12, 21, 5, 19, 13, 14, 8, 9, 35, 11, 2, 3, 20, 6, 33, 10, 34, 27, 24, 4, 0, 31, 17, 30, 23, 16, 32, 7, 26, 28, 36, 37]",5,0.0,0.0,0.0,0.0,0,1,5,0
smd,group1_development,machine-1-6,treeshap_iforest,2,4,3534,3539,"[9, 12, 10, 25, 8, 17, 14, 1, 11, 4, 13, 31, 2, 15, 0, 22, 35, 33, 3, 21, 24, 34, 18, 23, 27, 30, 20, 19, 29, 6, 5, 16, 32, 7, 26, 28, 36, 37]",1,1.0,0.06666666666666667,0.125,1.0,1,15,1,1
smd,group1_development,machine-1-6,treeshap_iforest,2,4,3534,3539,"[9, 12, 10, 25, 8, 17, 14, 1, 11, 4, 13, 31, 2, 15, 0, 22, 35, 33, 3, 21, 24, 34, 18, 23, 27, 30, 20, 19, 29, 6, 5, 16, 32, 7, 26, 28, 36, 37]",3,1.0,0.2,0.33333333333333337,1.0,1,15,3,3
smd,group1_development,machine-1-6,treeshap_iforest,2,4,3534,3539,"[9, 12, 10, 25, 8, 17, 14, 1, 11, 4, 13, 31, 2, 15, 0, 22, 35, 33, 3, 21, 24, 34, 18, 23, 27, 30, 20, 19, 29, 6, 5, 16, 32, 7, 26, 28, 36, 37]",5,0.8,0.26666666666666666,0.4,0.8539316501572937,1,15,5,4
smd,group1_development,machine-1-6,treeshap_iforest,2,5,4647,5045,"[12, 25, 15, 14, 8, 13, 24, 11, 5, 22, 9, 3, 33, 10, 1, 31, 2, 21, 0, 23, 35, 29, 34, 18, 4, 30, 20, 27, 19, 6, 17, 16, 32, 7, 26, 28, 36, 37]",1,1.0,0.1111111111111111,0.19999999999999998,1.0,1,9,1,1
smd,group1_development,machine-1-6,treeshap_iforest,2,5,4647,5045,"[12, 25, 15, 14, 8, 13, 24, 11, 5, 22, 9, 3, 33, 10, 1, 31, 2, 21, 0, 23, 35, 29, 34, 18, 4, 30, 20, 27, 19, 6, 17, 16, 32, 7, 26, 28, 36, 37]",3,0.3333333333333333,0.1111111111111111,0.16666666666666666,0.46927872602275644,1,9,3,1
smd,group1_development,machine-1-6,treeshap_iforest,2,5,4647,5045,"[12, 25, 15, 14, 8, 13, 24, 11, 5, 22, 9, 3, 33, 10, 1, 31, 2, 21, 0, 23, 35, 29, 34, 18, 4, 30, 20, 27, 19, 6, 17, 16, 32, 7, 26, 28, 36, 37]",5,0.4,0.2222222222222222,0.2857142857142857,0.4703652827859579,1,9,5,2
smd,group1_development,machine-1-6,treeshap_iforest,2,6,5167,5172,"[12, 9, 10, 25, 8, 14, 15, 13, 11, 17, 0, 23, 1, 33, 2, 18, 21, 3, 27, 6, 20, 4, 22, 5, 24, 29, 35, 30, 31, 19, 34, 16, 32, 7, 26, 28, 36, 37]",1,1.0,0.2,0.33333333333333337,1.0,1,5,1,1
smd,group1_development,machine-1-6,treeshap_iforest,2,6,5167,5172,"[12, 9, 10, 25, 8, 14, 15, 13, 11, 17, 0, 23, 1, 33, 2, 18, 21, 3, 27, 6, 20, 4, 22, 5, 24, 29, 35, 30, 31, 19, 34, 16, 32, 7, 26, 28, 36, 37]",3,1.0,0.6,0.7499999999999999,1.0,1,5,3,3
smd,group1_development,machine-1-6,treeshap_iforest,2,6,5167,5172,"[12, 9, 10, 25, 8, 14, 15, 13, 11, 17, 0, 23, 1, 33, 2, 18, 21, 3, 27, 6, 20, 4, 22, 5, 24, 29, 35, 30, 31, 19, 34, 16, 32, 7, 26, 28, 36, 37]",5,0.8,0.8,0.8000000000000002,0.8539316501572937,1,5,5,4
smd,group1_development,machine-1-6,treeshap_iforest,2,7,5708,5713,"[12, 25, 15, 8, 14, 13, 24, 9, 2, 10, 3, 29, 11, 35, 0, 22, 1, 30, 34, 31, 27, 21, 17, 20, 19, 33, 4, 5, 18, 6, 23, 16, 32, 7, 26, 28, 36, 37]",1,1.0,0.25,0.4,1.0,1,4,1,1
smd,group1_development,machine-1-6,treeshap_iforest,2,7,5708,5713,"[12, 25, 15, 8, 14, 13, 24, 9, 2, 10, 3, 29, 11, 35, 0, 22, 1, 30, 34, 31, 27, 21, 17, 20, 19, 33, 4, 5, 18, 6, 23, 16, 32, 7, 26, 28, 36, 37]",3,0.3333333333333333,0.25,0.28571428571428575,0.46927872602275644,1,4,3,1
smd,group1_development,machine-1-6,treeshap_iforest,2,7,5708,5713,"[12, 25, 15, 8, 14, 13, 24, 9, 2, 10, 3, 29, 11, 35, 0, 22, 1, 30, 34, 31, 27, 21, 17, 20, 19, 33, 4, 5, 18, 6, 23, 16, 32, 7, 26, 28, 36, 37]",5,0.4,0.5,0.4444444444444445,0.5585075862632192,1,4,5,2
smd,group1_development,machine-1-6,treeshap_iforest,2,8,5873,5885,"[12, 25, 2, 1, 8, 10, 15, 14, 9, 13, 3, 24, 31, 11, 0, 35, 19, 21, 29, 30, 22, 18, 34, 27, 5, 20, 33, 6, 4, 23, 17, 16, 32, 7, 26, 28, 36, 37]",1,1.0,0.07142857142857142,0.13333333333333333,1.0,1,14,1,1
smd,group1_development,machine-1-6,treeshap_iforest,2,8,5873,5885,"[12, 25, 2, 1, 8, 10, 15, 14, 9, 13, 3, 24, 31, 11, 0, 35, 19, 21, 29, 30, 22, 18, 34, 27, 5, 20, 33, 6, 4, 23, 17, 16, 32, 7, 26, 28, 36, 37]",3,0.6666666666666666,0.14285714285714285,0.23529411764705882,0.7039180890341347,1,14,3,2
smd,group1_development,machine-1-6,treeshap_iforest,2,8,5873,5885,"[12, 25, 2, 1, 8, 10, 15, 14, 9, 13, 3, 24, 31, 11, 0, 35, 19, 21, 29, 30, 22, 18, 34, 27, 5, 20, 33, 6, 4, 23, 17, 16, 32, 7, 26, 28, 36, 37]",5,0.8,0.2857142857142857,0.4210526315789473,0.7860137352654724,1,14,5,4
smd,group1_development,machine-1-6,treeshap_iforest,2,9,6022,6027,"[12, 25, 15, 8, 14, 24, 13, 2, 22, 3, 29, 35, 31, 0, 11, 34, 30, 33, 27, 21, 1, 23, 19, 9, 6, 20, 5, 10, 18, 4, 17, 16, 32, 7, 26, 28, 36, 37]",1,0.0,0.0,0.0,0.0,0,2,1,0
smd,group1_development,machine-1-6,treeshap_iforest,2,9,6022,6027,"[12, 25, 15, 8, 14, 24, 13, 2, 22, 3, 29, 35, 31, 0, 11, 34, 30, 33, 27, 21, 1, 23, 19, 9, 6, 20, 5, 10, 18, 4, 17, 16, 32, 7, 26, 28, 36, 37]",3,0.0,0.0,0.0,0.0,0,2,3,0
smd,group1_development,machine-1-6,treeshap_iforest,2,9,6022,6027,"[12, 25, 15, 8, 14, 24, 13, 2, 22, 3, 29, 35, 31, 0, 11, 34, 30, 33, 27, 21, 1, 23, 19, 9, 6, 20, 5, 10, 18, 4, 17, 16, 32, 7, 26, 28, 36, 37]",5,0.0,0.0,0.0,0.0,0,2,5,0
smd,group1_development,machine-1-6,treeshap_iforest,2,10,6412,6419,"[12, 9, 10, 8, 25, 14, 2, 1, 11, 15, 3, 13, 24, 0, 29, 33, 22, 18, 6, 21, 20, 17, 27, 5, 31, 19, 4, 35, 30, 23, 34, 16, 32, 7, 26, 28, 36, 37]",1,1.0,0.05263157894736842,0.1,1.0,1,19,1,1
smd,group1_development,machine-1-6,treeshap_iforest,2,10,6412,6419,"[12, 9, 10, 8, 25, 14, 2, 1, 11, 15, 3, 13, 24, 0, 29, 33, 22, 18, 6, 21, 20, 17, 27, 5, 31, 19, 4, 35, 30, 23, 34, 16, 32, 7, 26, 28, 36, 37]",3,1.0,0.15789473684210525,0.2727272727272727,1.0,1,19,3,3
smd,group1_development,machine-1-6,treeshap_iforest,2,10,6412,6419,"[12, 9, 10, 8, 25, 14, 2, 1, 11, 15, 3, 13, 24, 0, 29, 33, 22, 18, 6, 21, 20, 17, 27, 5, 31, 19, 4, 35, 30, 23, 34, 16, 32, 7, 26, 28, 36, 37]",5,0.8,0.21052631578947367,0.3333333333333333,0.8687949224876582,1,19,5,4
smd,group1_development,machine-1-6,treeshap_iforest,2,11,7851,7856,"[12, 9, 10, 25, 8, 15, 24, 14, 2, 22, 1, 13, 11, 29, 0, 6, 3, 31, 30, 35, 23, 21, 18, 34, 19, 27, 33, 5, 4, 20, 17, 16, 32, 7, 26, 28, 36, 37]",1,1.0,0.06666666666666667,0.125,1.0,1,15,1,1
smd,group1_development,machine-1-6,treeshap_iforest,2,11,7851,7856,"[12, 9, 10, 25, 8, 15, 24, 14, 2, 22, 1, 13, 11, 29, 0, 6, 3, 31, 30, 35, 23, 21, 18, 34, 19, 27, 33, 5, 4, 20, 17, 16, 32, 7, 26, 28, 36, 37]",3,1.0,0.2,0.33333333333333337,1.0,1,15,3,3
smd,group1_development,machine-1-6,treeshap_iforest,2,11,7851,7856,"[12, 9, 10, 25, 8, 15, 24, 14, 2, 22, 1, 13, 11, 29, 0, 6, 3, 31, 30, 35, 23, 21, 18, 34, 19, 27, 33, 5, 4, 20, 17, 16, 32, 7, 26, 28, 36, 37]",5,0.8,0.26666666666666666,0.4,0.8539316501572937,1,15,5,4
smd,group1_development,machine-1-6,treeshap_iforest,2,12,9291,9298,"[12, 10, 9, 25, 8, 14, 15, 1, 2, 11, 13, 24, 3, 22, 29, 6, 0, 33, 18, 21, 23, 27, 20, 4, 19, 35, 5, 30, 31, 34, 17, 16, 32, 7, 26, 28, 36, 37]",1,1.0,0.0625,0.11764705882352941,1.0,1,16,1,1
smd,group1_development,machine-1-6,treeshap_iforest,2,12,9291,9298,"[12, 10, 9, 25, 8, 14, 15, 1, 2, 11, 13, 24, 3, 22, 29, 6, 0, 33, 18, 21, 23, 27, 20, 4, 19, 35, 5, 30, 31, 34, 17, 16, 32, 7, 26, 28, 36, 37]",3,1.0,0.1875,0.3157894736842105,1.0,1,16,3,3
smd,group1_development,machine-1-6,treeshap_iforest,2,12,9291,9298,"[12, 10, 9, 25, 8, 14, 15, 1, 2, 11, 13, 24, 3, 22, 29, 6, 0, 33, 18, 21, 23, 27, 20, 4, 19, 35, 5, 30, 31, 34, 17, 16, 32, 7, 26, 28, 36, 37]",5,0.8,0.25,0.38095238095238093,0.8539316501572937,1,16,5,4
smd,group1_development,machine-1-6,treeshap_iforest,2,13,10731,10736,"[12, 9, 10, 25, 8, 14, 15, 2, 1, 13, 24, 11, 3, 6, 29, 0, 22, 33, 21, 18, 20, 4, 27, 23, 35, 34, 31, 5, 19, 17, 30, 16, 32, 7, 26, 28, 36, 37]",1,1.0,0.0625,0.11764705882352941,1.0,1,16,1,1
smd,group1_development,machine-1-6,treeshap_iforest,2,13,10731,10736,"[12, 9, 10, 25, 8, 14, 15, 2, 1, 13, 24, 11, 3, 6, 29, 0, 22, 33, 21, 18, 20, 4, 27, 23, 35, 34, 31, 5, 19, 17, 30, 16, 32, 7, 26, 28, 36, 37]",3,1.0,0.1875,0.3157894736842105,1.0,1,16,3,3
smd,group1_development,machine-1-6,treeshap_iforest,2,13,10731,10736,"[12, 9, 10, 25, 8, 14, 15, 2, 1, 13, 24, 11, 3, 6, 29, 0, 22, 33, 21, 18, 20, 4, 27, 23, 35, 34, 31, 5, 19, 17, 30, 16, 32, 7, 26, 28, 36, 37]",5,0.8,0.25,0.38095238095238093,0.8539316501572937,1,16,5,4
smd,group1_development,machine-1-6,treeshap_iforest,2,14,11467,11471,"[12, 9, 10, 25, 8, 2, 15, 1, 14, 11, 24, 3, 29, 13, 22, 6, 23, 0, 33, 30, 35, 5, 34, 18, 19, 27, 21, 20, 4, 31, 17, 16, 32, 7, 26, 28, 36, 37]",1,1.0,0.058823529411764705,0.1111111111111111,1.0,1,17,1,1
smd,group1_development,machine-1-6,treeshap_iforest,2,14,11467,11471,"[12, 9, 10, 25, 8, 2, 15, 1, 14, 11, 24, 3, 29, 13, 22, 6, 23, 0, 33, 30, 35, 5, 34, 18, 19, 27, 21, 20, 4, 31, 17, 16, 32, 7, 26, 28, 36, 37]",3,1.0,0.17647058823529413,0.3,1.0,1,17,3,3
smd,group1_development,machine-1-6,treeshap_iforest,2,14,11467,11471,"[12, 9, 10, 25, 8, 2, 15, 1, 14, 11, 24, 3, 29, 13, 22, 6, 23, 0, 33, 30, 35, 5, 34, 18, 19, 27, 21, 20, 4, 31, 17, 16, 32, 7, 26, 28, 36, 37]",5,0.8,0.23529411764705882,0.3636363636363636,0.8539316501572937,1,17,5,4
smd,group1_development,machine-1-6,treeshap_iforest,2,15,12171,12176,"[12, 9, 10, 8, 25, 14, 1, 15, 2, 13, 11, 24, 3, 6, 29, 0, 33, 22, 21, 18, 20, 27, 35, 4, 19, 23, 34, 31, 5, 30, 17, 16, 32, 7, 26, 28, 36, 37]",1,1.0,0.058823529411764705,0.1111111111111111,1.0,1,17,1,1
smd,group1_development,machine-1-6,treeshap_iforest,2,15,12171,12176,"[12, 9, 10, 8, 25, 14, 1, 15, 2, 13, 11, 24, 3, 6, 29, 0, 33, 22, 21, 18, 20, 27, 35, 4, 19, 23, 34, 31, 5, 30, 17, 16, 32, 7, 26, 28, 36, 37]",3,1.0,0.17647058823529413,0.3,1.0,1,17,3,3
smd,group1_development,machine-1-6,treeshap_iforest,2,15,12171,12176,"[12, 9, 10, 8, 25, 14, 1, 15, 2, 13, 11, 24, 3, 6, 29, 0, 33, 22, 21, 18, 20, 27, 35, 4, 19, 23, 34, 31, 5, 30, 17, 16, 32, 7, 26, 28, 36, 37]",5,0.8,0.23529411764705882,0.3636363636363636,0.8687949224876582,1,17,5,4
smd,group1_development,machine-1-6,treeshap_iforest,2,16,13069,13073,"[12, 25, 15, 14, 24, 31, 8, 2, 13, 3, 22, 35, 19, 21, 29, 0, 30, 33, 6, 11, 23, 9, 27, 18, 34, 20, 10, 1, 4, 17, 32, 5, 16, 7, 26, 28, 36, 37]",1,0.0,0.0,0.0,0.0,0,2,1,0
smd,group1_development,machine-1-6,treeshap_iforest,2,16,13069,13073,"[12, 25, 15, 14, 24, 31, 8, 2, 13, 3, 22, 35, 19, 21, 29, 0, 30, 33, 6, 11, 23, 9, 27, 18, 34, 20, 10, 1, 4, 17, 32, 5, 16, 7, 26, 28, 36, 37]",3,0.0,0.0,0.0,0.0,0,2,3,0
smd,group1_development,machine-1-6,treeshap_iforest,2,16,13069,13073,"[12, 25, 15, 14, 24, 31, 8, 2, 13, 3, 22, 35, 19, 21, 29, 0, 30, 33, 6, 11, 23, 9, 27, 18, 34, 20, 10, 1, 4, 17, 32, 5, 16, 7, 26, 28, 36, 37]",5,0.0,0.0,0.0,0.0,0,2,5,0
smd,group1_development,machine-1-6,treeshap_iforest,2,17,13277,13280,"[12, 25, 15, 8, 14, 24, 13, 22, 31, 35, 34, 0, 6, 10, 11, 3, 30, 9, 27, 29, 16, 5, 23, 21, 20, 1, 4, 19, 17, 33, 18, 2, 32, 7, 26, 28, 36, 37]",1,0.0,0.0,0.0,0.0,0,1,1,0
smd,group1_development,machine-1-6,treeshap_iforest,2,17,13277,13280,"[12, 25, 15, 8, 14, 24, 13, 22, 31, 35, 34, 0, 6, 10, 11, 3, 30, 9, 27, 29, 16, 5, 23, 21, 20, 1, 4, 19, 17, 33, 18, 2, 32, 7, 26, 28, 36, 37]",3,0.0,0.0,0.0,0.0,0,1,3,0
smd,group1_development,machine-1-6,treeshap_iforest,2,17,13277,13280,"[12, 25, 15, 8, 14, 24, 13, 22, 31, 35, 34, 0, 6, 10, 11, 3, 30, 9, 27, 29, 16, 5, 23, 21, 20, 1, 4, 19, 17, 33, 18, 2, 32, 7, 26, 28, 36, 37]",5,0.0,0.0,0.0,0.0,0,1,5,0
smd,group1_development,machine-1-6,treeshap_iforest,2,18,13613,13619,"[12, 9, 25, 10, 8, 15, 14, 2, 13, 11, 1, 3, 24, 6, 29, 0, 22, 33, 18, 21, 27, 23, 20, 4, 31, 30, 5, 35, 19, 17, 34, 16, 32, 7, 26, 28, 36, 37]",1,1.0,0.125,0.2222222222222222,1.0,1,8,1,1
smd,group1_development,machine-1-6,treeshap_iforest,2,18,13613,13619,"[12, 9, 25, 10, 8, 15, 14, 2, 13, 11, 1, 3, 24, 6, 29, 0, 22, 33, 18, 21, 27, 23, 20, 4, 31, 30, 5, 35, 19, 17, 34, 16, 32, 7, 26, 28, 36, 37]",3,0.6666666666666666,0.25,0.36363636363636365,0.7653606369886217,1,8,3,2
smd,group1_development,machine-1-6,treeshap_iforest,2,18,13613,13619,"[12, 9, 25, 10, 8, 15, 14, 2, 13, 11, 1, 3, 24, 6, 29, 0, 22, 33, 18, 21, 27, 23, 20, 4, 31, 30, 5, 35, 19, 17, 34, 16, 32, 7, 26, 28, 36, 37]",5,0.8,0.5,0.6153846153846154,0.830419897363192,1,8,5,4
smd,group1_development,machine-1-6,treeshap_iforest,2,19,14603,14607,"[12, 9, 10, 8, 25, 2, 14, 15, 24, 1, 3, 13, 22, 29, 35, 0, 31, 30, 6, 11, 21, 34, 27, 23, 19, 20, 18, 33, 5, 17, 4, 16, 32, 7, 26, 28, 36, 37]",1,1.0,0.1,0.18181818181818182,1.0,1,10,1,1
smd,group1_development,machine-1-6,treeshap_iforest,2,19,14603,14607,"[12, 9, 10, 8, 25, 2, 14, 15, 24, 1, 3, 13, 22, 29, 35, 0, 31, 30, 6, 11, 21, 34, 27, 23, 19, 20, 18, 33, 5, 17, 4, 16, 32, 7, 26, 28, 36, 37]",3,1.0,0.3,0.4615384615384615,1.0,1,10,3,3
smd,group1_development,machine-1-6,treeshap_iforest,2,19,14603,14607,"[12, 9, 10, 8, 25, 2, 14, 15, 24, 1, 3, 13, 22, 29, 35, 0, 31, 30, 6, 11, 21, 34, 27, 23, 19, 20, 18, 33, 5, 17, 4, 16, 32, 7, 26, 28, 36, 37]",5,0.8,0.4,0.5333333333333333,0.8687949224876582,1,10,5,4
smd,group1_development,machine-1-6,treeshap_iforest,2,20,15052,15055,"[12, 9, 10, 8, 25, 15, 14, 24, 13, 22, 1, 29, 0, 11, 6, 2, 3, 23, 33, 18, 35, 34, 20, 21, 5, 27, 19, 31, 30, 4, 17, 16, 32, 7, 26, 28, 36, 37]",1,1.0,0.25,0.4,1.0,1,4,1,1
smd,group1_development,machine-1-6,treeshap_iforest,2,20,15052,15055,"[12, 9, 10, 8, 25, 15, 14, 24, 13, 22, 1, 29, 0, 11, 6, 2, 3, 23, 33, 18, 35, 34, 20, 21, 5, 27, 19, 31, 30, 4, 17, 16, 32, 7, 26, 28, 36, 37]",3,1.0,0.75,0.8571428571428571,1.0,1,4,3,3
smd,group1_development,machine-1-6,treeshap_iforest,2,20,15052,15055,"[12, 9, 10, 8, 25, 15, 14, 24, 13, 22, 1, 29, 0, 11, 6, 2, 3, 23, 33, 18, 35, 34, 20, 21, 5, 27, 19, 31, 30, 4, 17, 16, 32, 7, 26, 28, 36, 37]",5,0.8,1.0,0.888888888888889,1.0,1,4,5,4
smd,group1_development,machine-1-6,treeshap_iforest,2,21,15397,15401,"[12, 25, 8, 14, 9, 15, 11, 10, 13, 1, 2, 24, 6, 22, 3, 0, 21, 18, 23, 27, 4, 20, 33, 35, 19, 34, 29, 5, 31, 17, 30, 16, 32, 7, 26, 28, 36, 37]",1,1.0,0.3333333333333333,0.5,1.0,1,3,1,1
smd,group1_development,machine-1-6,treeshap_iforest,2,21,15397,15401,"[12, 25, 8, 14, 9, 15, 11, 10, 13, 1, 2, 24, 6, 22, 3, 0, 21, 18, 23, 27, 4, 20, 33, 35, 19, 34, 29, 5, 31, 17, 30, 16, 32, 7, 26, 28, 36, 37]",3,0.6666666666666666,0.6666666666666666,0.6666666666666666,0.7039180890341347,1,3,3,2
smd,group1_development,machine-1-6,treeshap_iforest,2,21,15397,15401,"[12, 25, 8, 14, 9, 15, 11, 10, 13, 1, 2, 24, 6, 22, 3, 0, 21, 18, 23, 27, 4, 20, 33, 35, 19, 34, 29, 5, 31, 17, 30, 16, 32, 7, 26, 28, 36, 37]",5,0.4,0.6666666666666666,0.5,0.7039180890341347,1,3,5,2
smd,group1_development,machine-1-6,treeshap_iforest,2,22,15802,15805,"[12, 25, 2, 8, 9, 15, 1, 10, 24, 14, 13, 3, 22, 29, 35, 0, 6, 30, 34, 27, 11, 31, 23, 21, 33, 20, 19, 5, 4, 17, 18, 16, 32, 7, 26, 28, 36, 37]",1,1.0,0.25,0.4,1.0,1,4,1,1
smd,group1_development,machine-1-6,treeshap_iforest,2,22,15802,15805,"[12, 25, 2, 8, 9, 15, 1, 10, 24, 14, 13, 3, 22, 29, 35, 0, 6, 30, 34, 27, 11, 31, 23, 21, 33, 20, 19, 5, 4, 17, 18, 16, 32, 7, 26, 28, 36, 37]",3,0.3333333333333333,0.25,0.28571428571428575,0.46927872602275644,1,4,3,1
smd,group1_development,machine-1-6,treeshap_iforest,2,22,15802,15805,"[12, 25, 2, 8, 9, 15, 1, 10, 24, 14, 13, 3, 22, 29, 35, 0, 6, 30, 34, 27, 11, 31, 23, 21, 33, 20, 19, 5, 4, 17, 18, 16, 32, 7, 26, 28, 36, 37]",5,0.6,0.75,0.6666666666666665,0.7095272044910244,1,4,5,3
smd,group1_development,machine-1-6,treeshap_iforest,2,23,16491,16499,"[12, 10, 9, 8, 1, 25, 14, 2, 15, 11, 13, 3, 24, 6, 0, 29, 33, 23, 22, 21, 18, 20, 27, 4, 5, 35, 31, 30, 19, 34, 17, 16, 32, 7, 26, 28, 36, 37]",1,1.0,0.125,0.2222222222222222,1.0,1,8,1,1
smd,group1_development,machine-1-6,treeshap_iforest,2,23,16491,16499,"[12, 10, 9, 8, 1, 25, 14, 2, 15, 11, 13, 3, 24, 6, 0, 29, 33, 23, 22, 21, 18, 20, 27, 4, 5, 35, 31, 30, 19, 34, 17, 16, 32, 7, 26, 28, 36, 37]",3,1.0,0.375,0.5454545454545454,1.0,1,8,3,3
smd,group1_development,machine-1-6,treeshap_iforest,2,23,16491,16499,"[12, 10, 9, 8, 1, 25, 14, 2, 15, 11, 13, 3, 24, 6, 0, 29, 33, 23, 22, 21, 18, 20, 27, 4, 5, 35, 31, 30, 19, 34, 17, 16, 32, 7, 26, 28, 36, 37]",5,1.0,0.625,0.7692307692307693,1.0,1,8,5,5
smd,group1_development,machine-1-6,treeshap_iforest,2,24,16718,16721,"[12, 25, 8, 15, 14, 10, 9, 13, 24, 22, 6, 11, 23, 33, 21, 18, 0, 27, 20, 1, 19, 31, 4, 35, 3, 29, 17, 2, 30, 34, 5, 16, 32, 7, 26, 28, 36, 37]",1,1.0,0.25,0.4,1.0,1,4,1,1
smd,group1_development,machine-1-6,treeshap_iforest,2,24,16718,16721,"[12, 25, 8, 15, 14, 10, 9, 13, 24, 22, 6, 11, 23, 33, 21, 18, 0, 27, 20, 1, 19, 31, 4, 35, 3, 29, 17, 2, 30, 34, 5, 16, 32, 7, 26, 28, 36, 37]",3,0.6666666666666666,0.5,0.5714285714285715,0.7039180890341347,1,4,3,2
smd,group1_development,machine-1-6,treeshap_iforest,2,24,16718,16721,"[12, 25, 8, 15, 14, 10, 9, 13, 24, 22, 6, 11, 23, 33, 21, 18, 0, 27, 20, 1, 19, 31, 4, 35, 3, 29, 17, 2, 30, 34, 5, 16, 32, 7, 26, 28, 36, 37]",5,0.4,0.5,0.4444444444444445,0.5855700749881525,1,4,5,2
smd,group1_development,machine-1-6,treeshap_iforest,2,25,16972,16976,"[12, 25, 8, 9, 14, 11, 15, 10, 24, 22, 13, 6, 0, 1, 23, 29, 21, 18, 2, 35, 20, 27, 3, 33, 34, 19, 5, 4, 30, 17, 31, 16, 32, 7, 26, 28, 36, 37]",1,1.0,0.25,0.4,1.0,1,4,1,1
smd,group1_development,machine-1-6,treeshap_iforest,2,25,16972,16976,"[12, 25, 8, 9, 14, 11, 15, 10, 24, 22, 13, 6, 0, 1, 23, 29, 21, 18, 2, 35, 20, 27, 3, 33, 34, 19, 5, 4, 30, 17, 31, 16, 32, 7, 26, 28, 36, 37]",3,0.6666666666666666,0.5,0.5714285714285715,0.7039180890341347,1,4,3,2
smd,group1_development,machine-1-6,treeshap_iforest,2,25,16972,16976,"[12, 25, 8, 9, 14, 11, 15, 10, 24, 22, 13, 6, 0, 1, 23, 29, 21, 18, 2, 35, 20, 27, 3, 33, 34, 19, 5, 4, 30, 17, 31, 16, 32, 7, 26, 28, 36, 37]",5,0.6,0.75,0.6666666666666665,0.7365896932159578,1,4,5,3
smd,group1_development,machine-1-6,treeshap_iforest,2,26,17931,17939,"[12, 9, 10, 8, 1, 11, 14, 25, 2, 15, 3, 13, 24, 5, 6, 0, 29, 23, 33, 22, 18, 21, 20, 27, 19, 4, 31, 35, 34, 17, 30, 16, 32, 7, 26, 28, 36, 37]",1,1.0,0.05263157894736842,0.1,1.0,1,19,1,1
smd,group1_development,machine-1-6,treeshap_iforest,2,26,17931,17939,"[12, 9, 10, 8, 1, 11, 14, 25, 2, 15, 3, 13, 24, 5, 6, 0, 29, 23, 33, 22, 18, 21, 20, 27, 19, 4, 31, 35, 34, 17, 30, 16, 32, 7, 26, 28, 36, 37]",3,1.0,0.15789473684210525,0.2727272727272727,1.0,1,19,3,3
smd,group1_development,machine-1-6,treeshap_iforest,2,26,17931,17939,"[12, 9, 10, 8, 1, 11, 14, 25, 2, 15, 3, 13, 24, 5, 6, 0, 29, 23, 33, 22, 18, 21, 20, 27, 19, 4, 31, 35, 34, 17, 30, 16, 32, 7, 26, 28, 36, 37]",5,1.0,0.2631578947368421,0.4166666666666667,1.0,1,19,5,5
smd,group1_development,machine-1-6,treeshap_iforest,2,27,18600,21761,"[12, 1, 25, 2, 15, 8, 14, 3, 11, 13, 24, 22, 0, 6, 31, 23, 9, 35, 10, 29, 5, 30, 21, 34, 27, 18, 19, 33, 20, 4, 17, 16, 32, 7, 26, 28, 36, 37]",1,1.0,0.047619047619047616,0.0909090909090909,1.0,1,21,1,1
smd,group1_development,machine-1-6,treeshap_iforest,2,27,18600,21761,"[12, 1, 25, 2, 15, 8, 14, 3, 11, 13, 24, 22, 0, 6, 31, 23, 9, 35, 10, 29, 5, 30, 21, 34, 27, 18, 19, 33, 20, 4, 17, 16, 32, 7, 26, 28, 36, 37]",3,0.6666666666666666,0.09523809523809523,0.16666666666666666,0.7653606369886217,1,21,3,2
smd,group1_development,machine-1-6,treeshap_iforest,2,27,18600,21761,"[12, 1, 25, 2, 15, 8, 14, 3, 11, 13, 24, 22, 0, 6, 31, 23, 9, 35, 10, 29, 5, 30, 21, 34, 27, 18, 19, 33, 20, 4, 17, 16, 32, 7, 26, 28, 36, 37]",5,0.8,0.19047619047619047,0.3076923076923077,0.830419897363192,1,21,5,4
smd,group1_development,machine-1-6,treeshap_iforest,2,28,22252,22260,"[12, 9, 10, 25, 11, 8, 14, 23, 6, 2, 31, 1, 22, 0, 13, 33, 4, 3, 15, 35, 21, 24, 18, 34, 30, 29, 27, 20, 5, 19, 17, 16, 32, 7, 26, 28, 36, 37]",1,1.0,0.3333333333333333,0.5,1.0,1,3,1,1
smd,group1_development,machine-1-6,treeshap_iforest,2,28,22252,22260,"[12, 9, 10, 25, 11, 8, 14, 23, 6, 2, 31, 1, 22, 0, 13, 33, 4, 3, 15, 35, 21, 24, 18, 34, 30, 29, 27, 20, 5, 19, 17, 16, 32, 7, 26, 28, 36, 37]",3,0.3333333333333333,0.3333333333333333,0.3333333333333333,0.46927872602275644,1,3,3,1
smd,group1_development,machine-1-6,treeshap_iforest,2,28,22252,22260,"[12, 9, 10, 25, 11, 8, 14, 23, 6, 2, 31, 1, 22, 0, 13, 33, 4, 3, 15, 35, 21, 24, 18, 34, 30, 29, 27, 20, 5, 19, 17, 16, 32, 7, 26, 28, 36, 37]",5,0.2,0.3333333333333333,0.25,0.46927872602275644,1,3,5,1
smd,group1_development,machine-1-6,treeshap_iforest,2,29,22417,22420,"[25, 10, 9, 15, 12, 6, 23, 31, 22, 11, 24, 21, 8, 30, 4, 13, 27, 0, 29, 14, 1, 35, 20, 34, 18, 33, 3, 2, 19, 5, 17, 16, 32, 7, 26, 28, 36, 37]",1,0.0,0.0,0.0,0.0,0,2,1,0
smd,group1_development,machine-1-6,treeshap_iforest,2,29,22417,22420,"[25, 10, 9, 15, 12, 6, 23, 31, 22, 11, 24, 21, 8, 30, 4, 13, 27, 0, 29, 14, 1, 35, 20, 34, 18, 33, 3, 2, 19, 5, 17, 16, 32, 7, 26, 28, 36, 37]",3,0.3333333333333333,0.5,0.4,0.38685280723454163,1,2,3,1
smd,group1_development,machine-1-6,treeshap_iforest,2,29,22417,22420,"[25, 10, 9, 15, 12, 6, 23, 31, 22, 11, 24, 21, 8, 30, 4, 13, 27, 0, 29, 14, 1, 35, 20, 34, 18, 33, 3, 2, 19, 5, 17, 16, 32, 7, 26, 28, 36, 37]",5,0.4,1.0,0.5714285714285715,0.6240505200038379,1,2,5,2
smd,group1_development,machine-1-7,treeshap_iforest,0,0,837,858,"[15, 9, 12, 11, 10, 8, 1, 13, 14, 3, 2, 6, 0, 4, 33, 5, 30, 29, 32, 25, 22, 35, 18, 21, 24, 34, 27, 31, 23, 20, 19, 16, 28, 17, 7, 26, 36, 37]",1,1.0,0.125,0.2222222222222222,1.0,1,8,1,1
smd,group1_development,machine-1-7,treeshap_iforest,0,0,837,858,"[15, 9, 12, 11, 10, 8, 1, 13, 14, 3, 2, 6, 0, 4, 33, 5, 30, 29, 32, 25, 22, 35, 18, 21, 24, 34, 27, 31, 23, 20, 19, 16, 28, 17, 7, 26, 36, 37]",3,0.6666666666666666,0.25,0.36363636363636365,0.7039180890341347,1,8,3,2
smd,group1_development,machine-1-7,treeshap_iforest,0,0,837,858,"[15, 9, 12, 11, 10, 8, 1, 13, 14, 3, 2, 6, 0, 4, 33, 5, 30, 29, 32, 25, 22, 35, 18, 21, 24, 34, 27, 31, 23, 20, 19, 16, 28, 17, 7, 26, 36, 37]",5,0.6,0.375,0.4615384615384615,0.6548086577531307,1,8,5,3
smd,group1_development,machine-1-7,treeshap_iforest,0,1,2959,4174,"[33, 32, 6, 4, 5, 9, 11, 30, 23, 1, 29, 31, 10, 18, 34, 22, 19, 27, 12, 21, 2, 3, 8, 0, 24, 20, 14, 25, 15, 35, 13, 16, 28, 17, 7, 26, 36, 37]",1,1.0,0.1111111111111111,0.19999999999999998,1.0,1,9,1,1
smd,group1_development,machine-1-7,treeshap_iforest,0,1,2959,4174,"[33, 32, 6, 4, 5, 9, 11, 30, 23, 1, 29, 31, 10, 18, 34, 22, 19, 27, 12, 21, 2, 3, 8, 0, 24, 20, 14, 25, 15, 35, 13, 16, 28, 17, 7, 26, 36, 37]",3,0.6666666666666666,0.2222222222222222,0.3333333333333333,0.7653606369886217,1,9,3,2
smd,group1_development,machine-1-7,treeshap_iforest,0,1,2959,4174,"[33, 32, 6, 4, 5, 9, 11, 30, 23, 1, 29, 31, 10, 18, 34, 22, 19, 27, 12, 21, 2, 3, 8, 0, 24, 20, 14, 25, 15, 35, 13, 16, 28, 17, 7, 26, 36, 37]",5,0.6,0.3333333333333333,0.42857142857142855,0.6843515475204855,1,9,5,3
smd,group1_development,machine-1-7,treeshap_iforest,0,2,5849,5940,"[3, 6, 23, 2, 4, 1, 9, 10, 8, 33, 12, 29, 5, 11, 0, 30, 21, 22, 20, 13, 31, 32, 18, 19, 14, 15, 24, 27, 35, 34, 25, 17, 16, 28, 7, 26, 36, 37]",1,1.0,0.04,0.07692307692307693,1.0,1,25,1,1
smd,group1_development,machine-1-7,treeshap_iforest,0,2,5849,5940,"[3, 6, 23, 2, 4, 1, 9, 10, 8, 33, 12, 29, 5, 11, 0, 30, 21, 22, 20, 13, 31, 32, 18, 19, 14, 15, 24, 27, 35, 34, 25, 17, 16, 28, 7, 26, 36, 37]",3,1.0,0.12,0.21428571428571425,1.0,1,25,3,3
smd,group1_development,machine-1-7,treeshap_iforest,0,2,5849,5940,"[3, 6, 23, 2, 4, 1, 9, 10, 8, 33, 12, 29, 5, 11, 0, 30, 21, 22, 20, 13, 31, 32, 18, 19, 14, 15, 24, 27, 35, 34, 25, 17, 16, 28, 7, 26, 36, 37]",5,0.8,0.16,0.26666666666666666,0.8687949224876582,1,25,5,4
smd,group1_development,machine-1-7,treeshap_iforest,0,3,6031,6034,"[23, 33, 6, 10, 4, 32, 9, 2, 19, 3, 1, 5, 12, 11, 21, 30, 0, 27, 22, 14, 34, 29, 15, 35, 31, 13, 25, 8, 24, 18, 20, 16, 28, 17, 7, 26, 36, 37]",1,0.0,0.0,0.0,0.0,0,2,1,0
smd,group1_development,machine-1-7,treeshap_iforest,0,3,6031,6034,"[23, 33, 6, 10, 4, 32, 9, 2, 19, 3, 1, 5, 12, 11, 21, 30, 0, 27, 22, 14, 34, 29, 15, 35, 31, 13, 25, 8, 24, 18, 20, 16, 28, 17, 7, 26, 36, 37]",3,0.3333333333333333,0.5,0.4,0.38685280723454163,1,2,3,1
smd,group1_development,machine-1-7,treeshap_iforest,0,3,6031,6034,"[23, 33, 6, 10, 4, 32, 9, 2, 19, 3, 1, 5, 12, 11, 21, 30, 0, 27, 22, 14, 34, 29, 15, 35, 31, 13, 25, 8, 24, 18, 20, 16, 28, 17, 7, 26, 36, 37]",5,0.2,0.5,0.28571428571428575,0.38685280723454163,1,2,5,1
smd,group1_development,machine-1-7,treeshap_iforest,0,4,7099,8000,"[4, 32, 6, 11, 3, 8, 33, 12, 14, 1, 2, 13, 23, 29, 9, 30, 15, 5, 10, 27, 21, 19, 31, 34, 20, 0, 24, 22, 18, 25, 35, 16, 17, 28, 7, 26, 36, 37]",1,0.0,0.0,0.0,0.0,0,8,1,0
smd,group1_development,machine-1-7,treeshap_iforest,0,4,7099,8000,"[4, 32, 6, 11, 3, 8, 33, 12, 14, 1, 2, 13, 23, 29, 9, 30, 15, 5, 10, 27, 21, 19, 31, 34, 20, 0, 24, 22, 18, 25, 35, 16, 17, 28, 7, 26, 36, 37]",3,0.0,0.0,0.0,0.0,0,8,3,0
smd,group1_development,machine-1-7,treeshap_iforest,0,4,7099,8000,"[4, 32, 6, 11, 3, 8, 33, 12, 14, 1, 2, 13, 23, 29, 9, 30, 15, 5, 10, 27, 21, 19, 31, 34, 20, 0, 24, 22, 18, 25, 35, 16, 17, 28, 7, 26, 36, 37]",5,0.2,0.125,0.15384615384615385,0.14606834984270645,1,8,5,1
smd,group1_development,machine-1-7,treeshap_iforest,0,5,8564,8580,"[3, 1, 9, 10, 2, 12, 8, 4, 6, 0, 23, 29, 5, 34, 19, 20, 21, 14, 15, 31, 33, 11, 27, 32, 30, 18, 35, 24, 22, 25, 13, 16, 28, 17, 7, 26, 36, 37]",1,0.0,0.0,0.0,0.0,0,18,1,0
smd,group1_development,machine-1-7,treeshap_iforest,0,5,8564,8580,"[3, 1, 9, 10, 2, 12, 8, 4, 6, 0, 23, 29, 5, 34, 19, 20, 21, 14, 15, 31, 33, 11, 27, 32, 30, 18, 35, 24, 22, 25, 13, 16, 28, 17, 7, 26, 36, 37]",3,0.3333333333333333,0.05555555555555555,0.09523809523809525,0.23463936301137822,1,18,3,1
smd,group1_development,machine-1-7,treeshap_iforest,0,5,8564,8580,"[3, 1, 9, 10, 2, 12, 8, 4, 6, 0, 23, 29, 5, 34, 19, 20, 21, 14, 15, 31, 33, 11, 27, 32, 30, 18, 35, 24, 22, 25, 13, 16, 28, 17, 7, 26, 36, 37]",5,0.4,0.1111111111111111,0.1739130434782609,0.3156484524795145,1,18,5,2
smd,group1_development,machine-1-7,treeshap_iforest,0,6,12359,12374,"[15, 11, 8, 12, 9, 14, 13, 4, 10, 1, 6, 30, 5, 0, 2, 25, 33, 24, 22, 21, 27, 34, 32, 20, 31, 18, 19, 29, 35, 3, 23, 16, 28, 17, 7, 26, 36, 37]",1,1.0,0.14285714285714285,0.25,1.0,1,7,1,1
smd,group1_development,machine-1-7,treeshap_iforest,0,6,12359,12374,"[15, 11, 8, 12, 9, 14, 13, 4, 10, 1, 6, 30, 5, 0, 2, 25, 33, 24, 22, 21, 27, 34, 32, 20, 31, 18, 19, 29, 35, 3, 23, 16, 28, 17, 7, 26, 36, 37]",3,1.0,0.42857142857142855,0.6,1.0,1,7,3,3
smd,group1_development,machine-1-7,treeshap_iforest,0,6,12359,12374,"[15, 11, 8, 12, 9, 14, 13, 4, 10, 1, 6, 30, 5, 0, 2, 25, 33, 24, 22, 21, 27, 34, 32, 20, 31, 18, 19, 29, 35, 3, 23, 16, 28, 17, 7, 26, 36, 37]",5,0.8,0.5714285714285714,0.6666666666666666,0.8687949224876582,1,7,5,4
smd,group1_development,machine-1-7,treeshap_iforest,0,7,13799,13825,"[15, 11, 12, 14, 8, 6, 9, 13, 10, 4, 5, 30, 0, 33, 25, 29, 32, 1, 34, 23, 31, 3, 27, 22, 2, 18, 21, 20, 24, 19, 35, 16, 28, 17, 7, 26, 36, 37]",1,1.0,0.16666666666666666,0.2857142857142857,1.0,1,6,1,1
smd,group1_development,machine-1-7,treeshap_iforest,0,7,13799,13825,"[15, 11, 12, 14, 8, 6, 9, 13, 10, 4, 5, 30, 0, 33, 25, 29, 32, 1, 34, 23, 31, 3, 27, 22, 2, 18, 21, 20, 24, 19, 35, 16, 28, 17, 7, 26, 36, 37]",3,1.0,0.5,0.6666666666666666,1.0,1,6,3,3
smd,group1_development,machine-1-7,treeshap_iforest,0,7,13799,13825,"[15, 11, 12, 14, 8, 6, 9, 13, 10, 4, 5, 30, 0, 33, 25, 29, 32, 1, 34, 23, 31, 3, 27, 22, 2, 18, 21, 20, 24, 19, 35, 16, 28, 17, 7, 26, 36, 37]",5,1.0,0.8333333333333334,0.9090909090909091,1.0,1,6,5,5
smd,group1_development,machine-1-7,treeshap_iforest,0,8,15239,15270,"[15, 9, 11, 12, 8, 10, 3, 1, 5, 14, 2, 13, 4, 0, 33, 30, 29, 32, 25, 6, 34, 23, 18, 21, 27, 31, 22, 35, 20, 24, 19, 16, 28, 17, 7, 26, 36, 37]",1,1.0,0.125,0.2222222222222222,1.0,1,8,1,1
smd,group1_development,machine-1-7,treeshap_iforest,0,8,15239,15270,"[15, 9, 11, 12, 8, 10, 3, 1, 5, 14, 2, 13, 4, 0, 33, 30, 29, 32, 25, 6, 34, 23, 18, 21, 27, 31, 22, 35, 20, 24, 19, 16, 28, 17, 7, 26, 36, 37]",3,0.6666666666666666,0.25,0.36363636363636365,0.7039180890341347,1,8,3,2
smd,group1_development,machine-1-7,treeshap_iforest,0,8,15239,15270,"[15, 9, 11, 12, 8, 10, 3, 1, 5, 14, 2, 13, 4, 0, 33, 30, 29, 32, 25, 6, 34, 23, 18, 21, 27, 31, 22, 35, 20, 24, 19, 16, 28, 17, 7, 26, 36, 37]",5,0.8,0.5,0.6153846153846154,0.7860137352654724,1,8,5,4
smd,group1_development,machine-1-7,treeshap_iforest,0,9,15960,15963,"[10, 30, 9, 19, 4, 31, 0, 6, 22, 24, 27, 20, 21, 16, 13, 18, 5, 34, 33, 23, 11, 29, 14, 25, 35, 3, 32, 15, 12, 1, 8, 2, 28, 17, 7, 26, 36, 37]",1,0.0,0.0,0.0,0.0,0,1,1,0
smd,group1_development,machine-1-7,treeshap_iforest,0,9,15960,15963,"[10, 30, 9, 19, 4, 31, 0, 6, 22, 24, 27, 20, 21, 16, 13, 18, 5, 34, 33, 23, 11, 29, 14, 25, 35, 3, 32, 15, 12, 1, 8, 2, 28, 17, 7, 26, 36, 37]",3,0.0,0.0,0.0,0.0,0,1,3,0
smd,group1_development,machine-1-7,treeshap_iforest,0,9,15960,15963,"[10, 30, 9, 19, 4, 31, 0, 6, 22, 24, 27, 20, 21, 16, 13, 18, 5, 34, 33, 23, 11, 29, 14, 25, 35, 3, 32, 15, 12, 1, 8, 2, 28, 17, 7, 26, 36, 37]",5,0.0,0.0,0.0,0.0,0,1,5,0
smd,group1_development,machine-1-7,treeshap_iforest,0,10,18109,18150,"[15, 1, 9, 12, 8, 3, 11, 10, 2, 13, 14, 6, 0, 4, 32, 33, 5, 29, 30, 25, 22, 18, 34, 35, 27, 20, 21, 31, 24, 23, 19, 28, 16, 17, 7, 26, 36, 37]",1,1.0,0.03571428571428571,0.0689655172413793,1.0,1,28,1,1
smd,group1_development,machine-1-7,treeshap_iforest,0,10,18109,18150,"[15, 1, 9, 12, 8, 3, 11, 10, 2, 13, 14, 6, 0, 4, 32, 33, 5, 29, 30, 25, 22, 18, 34, 35, 27, 20, 21, 31, 24, 23, 19, 28, 16, 17, 7, 26, 36, 37]",3,0.6666666666666666,0.07142857142857142,0.12903225806451613,0.7653606369886217,1,28,3,2
smd,group1_development,machine-1-7,treeshap_iforest,0,10,18109,18150,"[15, 1, 9, 12, 8, 3, 11, 10, 2, 13, 14, 6, 0, 4, 32, 33, 5, 29, 30, 25, 22, 18, 34, 35, 27, 20, 21, 31, 24, 23, 19, 28, 16, 17, 7, 26, 36, 37]",5,0.8,0.14285714285714285,0.24242424242424243,0.830419897363192,1,28,5,4
smd,group1_development,machine-1-7,treeshap_iforest,0,11,19442,19446,"[33, 6, 32, 11, 4, 10, 29, 15, 14, 30, 34, 27, 12, 9, 31, 18, 1, 8, 3, 23, 21, 25, 22, 0, 20, 24, 2, 19, 35, 13, 5, 16, 28, 17, 7, 26, 36, 37]",1,1.0,0.5,0.6666666666666666,1.0,1,2,1,1
smd,group1_development,machine-1-7,treeshap_iforest,0,11,19442,19446,"[33, 6, 32, 11, 4, 10, 29, 15, 14, 30, 34, 27, 12, 9, 31, 18, 1, 8, 3, 23, 21, 25, 22, 0, 20, 24, 2, 19, 35, 13, 5, 16, 28, 17, 7, 26, 36, 37]",3,0.6666666666666666,1.0,0.8,0.9197207891481876,1,2,3,2
smd,group1_development,machine-1-7,treeshap_iforest,0,11,19442,19446,"[33, 6, 32, 11, 4, 10, 29, 15, 14, 30, 34, 27, 12, 9, 31, 18, 1, 8, 3, 23, 21, 25, 22, 0, 20, 24, 2, 19, 35, 13, 5, 16, 28, 17, 7, 26, 36, 37]",5,0.4,1.0,0.5714285714285715,0.9197207891481876,1,2,5,2
smd,group1_development,machine-1-7,treeshap_iforest,0,12,19559,19590,"[15, 9, 11, 10, 8, 3, 12, 1, 14, 6, 2, 13, 5, 4, 0, 33, 30, 32, 25, 29, 18, 34, 22, 31, 24, 27, 21, 35, 23, 20, 19, 16, 28, 17, 7, 26, 36, 37]",1,1.0,0.125,0.2222222222222222,1.0,1,8,1,1
smd,group1_development,machine-1-7,treeshap_iforest,0,12,19559,19590,"[15, 9, 11, 10, 8, 3, 12, 1, 14, 6, 2, 13, 5, 4, 0, 33, 30, 32, 25, 29, 18, 34, 22, 31, 24, 27, 21, 35, 23, 20, 19, 16, 28, 17, 7, 26, 36, 37]",3,0.6666666666666666,0.25,0.36363636363636365,0.7039180890341347,1,8,3,2
smd,group1_development,machine-1-7,treeshap_iforest,0,12,19559,19590,"[15, 9, 11, 10, 8, 3, 12, 1, 14, 6, 2, 13, 5, 4, 0, 33, 30, 32, 25, 29, 18, 34, 22, 31, 24, 27, 21, 35, 23, 20, 19, 16, 28, 17, 7, 26, 36, 37]",5,0.6,0.375,0.4615384615384615,0.639945385422766,1,8,5,3
smd,group1_development,machine-1-7,treeshap_iforest,1,0,837,858,"[9, 15, 10, 8, 12, 11, 13, 2, 1, 14, 0, 3, 4, 6, 5, 33, 19, 32, 30, 18, 29, 31, 22, 25, 35, 20, 24, 21, 27, 34, 23, 17, 16, 7, 26, 28, 36, 37]",1,0.0,0.0,0.0,0.0,0,8,1,0
smd,group1_development,machine-1-7,treeshap_iforest,1,0,837,858,"[9, 15, 10, 8, 12, 11, 13, 2, 1, 14, 0, 3, 4, 6, 5, 33, 19, 32, 30, 18, 29, 31, 22, 25, 35, 20, 24, 21, 27, 34, 23, 17, 16, 7, 26, 28, 36, 37]",3,0.3333333333333333,0.125,0.18181818181818182,0.2960819109658652,1,8,3,1
smd,group1_development,machine-1-7,treeshap_iforest,1,0,837,858,"[9, 15, 10, 8, 12, 11, 13, 2, 1, 14, 0, 3, 4, 6, 5, 33, 19, 32, 30, 18, 29, 31, 22, 25, 35, 20, 24, 21, 27, 34, 23, 17, 16, 7, 26, 28, 36, 37]",5,0.6,0.375,0.4615384615384615,0.4912596920895758,1,8,5,3
smd,group1_development,machine-1-7,treeshap_iforest,1,1,2959,4174,"[32, 33, 4, 6, 5, 9, 10, 1, 29, 22, 24, 2, 11, 30, 12, 19, 20, 27, 31, 35, 3, 25, 8, 18, 21, 15, 34, 14, 13, 23, 0, 17, 16, 7, 26, 28, 36, 37]",1,1.0,0.1111111111111111,0.19999999999999998,1.0,1,9,1,1
smd,group1_development,machine-1-7,treeshap_iforest,1,1,2959,4174,"[32, 33, 4, 6, 5, 9, 10, 1, 29, 22, 24, 2, 11, 30, 12, 19, 20, 27, 31, 35, 3, 25, 8, 18, 21, 15, 34, 14, 13, 23, 0, 17, 16, 7, 26, 28, 36, 37]",3,0.6666666666666666,0.2222222222222222,0.3333333333333333,0.7653606369886217,1,9,3,2
smd,group1_development,machine-1-7,treeshap_iforest,1,1,2959,4174,"[32, 33, 4, 6, 5, 9, 10, 1, 29, 22, 24, 2, 11, 30, 12, 19, 20, 27, 31, 35, 3, 25, 8, 18, 21, 15, 34, 14, 13, 23, 0, 17, 16, 7, 26, 28, 36, 37]",5,0.6,0.3333333333333333,0.42857142857142855,0.6843515475204855,1,9,5,3
smd,group1_development,machine-1-7,treeshap_iforest,1,2,5849,5940,"[6, 3, 2, 23, 4, 9, 12, 8, 10, 1, 24, 33, 29, 22, 30, 14, 19, 25, 5, 35, 13, 32, 27, 21, 31, 0, 11, 20, 18, 15, 34, 17, 16, 7, 26, 28, 36, 37]",1,1.0,0.04,0.07692307692307693,1.0,1,25,1,1
smd,group1_development,machine-1-7,treeshap_iforest,1,2,5849,5940,"[6, 3, 2, 23, 4, 9, 12, 8, 10, 1, 24, 33, 29, 22, 30, 14, 19, 25, 5, 35, 13, 32, 27, 21, 31, 0, 11, 20, 18, 15, 34, 17, 16, 7, 26, 28, 36, 37]",3,1.0,0.12,0.21428571428571425,1.0,1,25,3,3
smd,group1_development,machine-1-7,treeshap_iforest,1,2,5849,5940,"[6, 3, 2, 23, 4, 9, 12, 8, 10, 1, 24, 33, 29, 22, 30, 14, 19, 25, 5, 35, 13, 32, 27, 21, 31, 0, 11, 20, 18, 15, 34, 17, 16, 7, 26, 28, 36, 37]",5,0.8,0.16,0.26666666666666666,0.8687949224876582,1,25,5,4
smd,group1_development,machine-1-7,treeshap_iforest,1,3,6031,6034,"[23, 6, 10, 4, 33, 32, 9, 2, 3, 30, 5, 1, 8, 21, 34, 11, 24, 18, 0, 14, 22, 12, 31, 19, 35, 13, 15, 27, 20, 25, 29, 16, 17, 7, 26, 28, 36, 37]",1,0.0,0.0,0.0,0.0,0,2,1,0
smd,group1_development,machine-1-7,treeshap_iforest,1,3,6031,6034,"[23, 6, 10, 4, 33, 32, 9, 2, 3, 30, 5, 1, 8, 21, 34, 11, 24, 18, 0, 14, 22, 12, 31, 19, 35, 13, 15, 27, 20, 25, 29, 16, 17, 7, 26, 28, 36, 37]",3,0.0,0.0,0.0,0.0,0,2,3,0
smd,group1_development,machine-1-7,treeshap_iforest,1,3,6031,6034,"[23, 6, 10, 4, 33, 32, 9, 2, 3, 30, 5, 1, 8, 21, 34, 11, 24, 18, 0, 14, 22, 12, 31, 19, 35, 13, 15, 27, 20, 25, 29, 16, 17, 7, 26, 28, 36, 37]",5,0.2,0.5,0.28571428571428575,0.23719771276929622,1,2,5,1
smd,group1_development,machine-1-7,treeshap_iforest,1,4,7099,8000,"[4, 32, 8, 11, 6, 12, 23, 2, 3, 14, 33, 24, 30, 9, 5, 13, 19, 10, 15, 20, 1, 29, 21, 22, 27, 18, 35, 31, 0, 25, 34, 17, 16, 7, 26, 28, 36, 37]",1,0.0,0.0,0.0,0.0,0,8,1,0
smd,group1_development,machine-1-7,treeshap_iforest,1,4,7099,8000,"[4, 32, 8, 11, 6, 12, 23, 2, 3, 14, 33, 24, 30, 9, 5, 13, 19, 10, 15, 20, 1, 29, 21, 22, 27, 18, 35, 31, 0, 25, 34, 17, 16, 7, 26, 28, 36, 37]",3,0.3333333333333333,0.125,0.18181818181818182,0.23463936301137822,1,8,3,1
smd,group1_development,machine-1-7,treeshap_iforest,1,4,7099,8000,"[4, 32, 8, 11, 6, 12, 23, 2, 3, 14, 33, 24, 30, 9, 5, 13, 19, 10, 15, 20, 1, 29, 21, 22, 27, 18, 35, 31, 0, 25, 34, 17, 16, 7, 26, 28, 36, 37]",5,0.4,0.25,0.3076923076923077,0.3156484524795145,1,8,5,2
smd,group1_development,machine-1-7,treeshap_iforest,1,5,8564,8580,"[9, 2, 10, 3, 1, 8, 12, 4, 23, 0, 30, 5, 34, 6, 29, 19, 33, 21, 25, 24, 31, 11, 14, 15, 35, 22, 20, 32, 27, 13, 18, 16, 17, 7, 26, 28, 36, 37]",1,1.0,0.05555555555555555,0.10526315789473684,1.0,1,18,1,1
smd,group1_development,machine-1-7,treeshap_iforest,1,5,8564,8580,"[9, 2, 10, 3, 1, 8, 12, 4, 23, 0, 30, 5, 34, 6, 29, 19, 33, 21, 25, 24, 31, 11, 14, 15, 35, 22, 20, 32, 27, 13, 18, 16, 17, 7, 26, 28, 36, 37]",3,0.6666666666666666,0.1111111111111111,0.1904761904761905,0.7039180890341347,1,18,3,2
smd,group1_development,machine-1-7,treeshap_iforest,1,5,8564,8580,"[9, 2, 10, 3, 1, 8, 12, 4, 23, 0, 30, 5, 34, 6, 29, 19, 33, 21, 25, 24, 31, 11, 14, 15, 35, 22, 20, 32, 27, 13, 18, 16, 17, 7, 26, 28, 36, 37]",5,0.4,0.1111111111111111,0.1739130434782609,0.5087403079104241,1,18,5,2
smd,group1_development,machine-1-7,treeshap_iforest,1,6,12359,12374,"[15, 8, 12, 9, 13, 11, 4, 14, 10, 1, 2, 0, 6, 5, 27, 19, 20, 23, 3, 31, 33, 25, 29, 32, 30, 18, 24, 35, 21, 22, 34, 17, 16, 7, 26, 28, 36, 37]",1,1.0,0.14285714285714285,0.25,1.0,1,7,1,1
smd,group1_development,machine-1-7,treeshap_iforest,1,6,12359,12374,"[15, 8, 12, 9, 13, 11, 4, 14, 10, 1, 2, 0, 6, 5, 27, 19, 20, 23, 3, 31, 33, 25, 29, 32, 30, 18, 24, 35, 21, 22, 34, 17, 16, 7, 26, 28, 36, 37]",3,1.0,0.42857142857142855,0.6,1.0,1,7,3,3
smd,group1_development,machine-1-7,treeshap_iforest,1,6,12359,12374,"[15, 8, 12, 9, 13, 11, 4, 14, 10, 1, 2, 0, 6, 5, 27, 19, 20, 23, 3, 31, 33, 25, 29, 32, 30, 18, 24, 35, 21, 22, 34, 17, 16, 7, 26, 28, 36, 37]",5,0.8,0.5714285714285714,0.6666666666666666,0.8539316501572937,1,7,5,4
smd,group1_development,machine-1-7,treeshap_iforest,1,7,13799,13825,"[15, 8, 11, 12, 14, 13, 9, 4, 5, 10, 6, 0, 32, 29, 1, 2, 33, 23, 25, 19, 18, 24, 30, 20, 3, 27, 31, 22, 35, 34, 21, 17, 16, 7, 26, 28, 36, 37]",1,1.0,0.16666666666666666,0.2857142857142857,1.0,1,6,1,1
smd,group1_development,machine-1-7,treeshap_iforest,1,7,13799,13825,"[15, 8, 11, 12, 14, 13, 9, 4, 5, 10, 6, 0, 32, 29, 1, 2, 33, 23, 25, 19, 18, 24, 30, 20, 3, 27, 31, 22, 35, 34, 21, 17, 16, 7, 26, 28, 36, 37]",3,1.0,0.5,0.6666666666666666,1.0,1,6,3,3
smd,group1_development,machine-1-7,treeshap_iforest,1,7,13799,13825,"[15, 8, 11, 12, 14, 13, 9, 4, 5, 10, 6, 0, 32, 29, 1, 2, 33, 23, 25, 19, 18, 24, 30, 20, 3, 27, 31, 22, 35, 34, 21, 17, 16, 7, 26, 28, 36, 37]",5,1.0,0.8333333333333334,0.9090909090909091,1.0,1,6,5,5
smd,group1_development,machine-1-7,treeshap_iforest,1,8,15239,15270,"[15, 9, 10, 8, 2, 11, 5, 12, 13, 3, 1, 14, 4, 0, 33, 32, 23, 29, 18, 30, 19, 25, 27, 24, 31, 6, 35, 20, 21, 22, 34, 17, 16, 7, 26, 28, 36, 37]",1,1.0,0.125,0.2222222222222222,1.0,1,8,1,1
smd,group1_development,machine-1-7,treeshap_iforest,1,8,15239,15270,"[15, 9, 10, 8, 2, 11, 5, 12, 13, 3, 1, 14, 4, 0, 33, 32, 23, 29, 18, 30, 19, 25, 27, 24, 31, 6, 35, 20, 21, 22, 34, 17, 16, 7, 26, 28, 36, 37]",3,0.3333333333333333,0.125,0.18181818181818182,0.46927872602275644,1,8,3,1
smd,group1_development,machine-1-7,treeshap_iforest,1,8,15239,15270,"[15, 9, 10, 8, 2, 11, 5, 12, 13, 3, 1, 14, 4, 0, 33, 32, 23, 29, 18, 30, 19, 25, 27, 24, 31, 6, 35, 20, 21, 22, 34, 17, 16, 7, 26, 28, 36, 37]",5,0.4,0.25,0.3076923076923077,0.48522855511632257,1,8,5,2
smd,group1_development,machine-1-7,treeshap_iforest,1,9,15960,15963,"[9, 30, 10, 19, 22, 4, 24, 27, 31, 21, 20, 13, 12, 5, 18, 0, 16, 23, 3, 35, 33, 25, 11, 34, 32, 6, 29, 8, 14, 15, 1, 2, 17, 7, 26, 28, 36, 37]",1,0.0,0.0,0.0,0.0,0,1,1,0
smd,group1_development,machine-1-7,treeshap_iforest,1,9,15960,15963,"[9, 30, 10, 19, 22, 4, 24, 27, 31, 21, 20, 13, 12, 5, 18, 0, 16, 23, 3, 35, 33, 25, 11, 34, 32, 6, 29, 8, 14, 15, 1, 2, 17, 7, 26, 28, 36, 37]",3,0.0,0.0,0.0,0.0,0,1,3,0
smd,group1_development,machine-1-7,treeshap_iforest,1,9,15960,15963,"[9, 30, 10, 19, 22, 4, 24, 27, 31, 21, 20, 13, 12, 5, 18, 0, 16, 23, 3, 35, 33, 25, 11, 34, 32, 6, 29, 8, 14, 15, 1, 2, 17, 7, 26, 28, 36, 37]",5,0.0,0.0,0.0,0.0,0,1,5,0
smd,group1_development,machine-1-7,treeshap_iforest,1,10,18109,18150,"[9, 15, 2, 8, 11, 12, 13, 10, 1, 3, 0, 14, 4, 6, 32, 5, 33, 29, 19, 18, 30, 22, 35, 20, 24, 25, 31, 21, 27, 23, 34, 16, 17, 7, 26, 28, 36, 37]",1,0.0,0.0,0.0,0.0,0,28,1,0
smd,group1_development,machine-1-7,treeshap_iforest,1,10,18109,18150,"[9, 15, 2, 8, 11, 12, 13, 10, 1, 3, 0, 14, 4, 6, 32, 5, 33, 29, 19, 18, 30, 22, 35, 20, 24, 25, 31, 21, 27, 23, 34, 16, 17, 7, 26, 28, 36, 37]",3,0.6666666666666666,0.07142857142857142,0.12903225806451613,0.5307212739772434,1,28,3,2
smd,group1_development,machine-1-7,treeshap_iforest,1,10,18109,18150,"[9, 15, 2, 8, 11, 12, 13, 10, 1, 3, 0, 14, 4, 6, 32, 5, 33, 29, 19, 18, 30, 22, 35, 20, 24, 25, 31, 21, 27, 23, 34, 16, 17, 7, 26, 28, 36, 37]",5,0.8,0.14285714285714285,0.24242424242424243,0.6608397947263839,1,28,5,4
smd,group1_development,machine-1-7,treeshap_iforest,1,11,19442,19446,"[32, 33, 6, 4, 11, 10, 14, 29, 15, 20, 25, 35, 12, 8, 9, 1, 30, 5, 3, 18, 27, 21, 24, 23, 13, 19, 31, 34, 2, 0, 22, 17, 16, 7, 26, 28, 36, 37]",1,1.0,0.5,0.6666666666666666,1.0,1,2,1,1
smd,group1_development,machine-1-7,treeshap_iforest,1,11,19442,19446,"[32, 33, 6, 4, 11, 10, 14, 29, 15, 20, 25, 35, 12, 8, 9, 1, 30, 5, 3, 18, 27, 21, 24, 23, 13, 19, 31, 34, 2, 0, 22, 17, 16, 7, 26, 28, 36, 37]",3,0.6666666666666666,1.0,0.8,1.0,1,2,3,2
smd,group1_development,machine-1-7,treeshap_iforest,1,11,19442,19446,"[32, 33, 6, 4, 11, 10, 14, 29, 15, 20, 25, 35, 12, 8, 9, 1, 30, 5, 3, 18, 27, 21, 24, 23, 13, 19, 31, 34, 2, 0, 22, 17, 16, 7, 26, 28, 36, 37]",5,0.4,1.0,0.5714285714285715,1.0,1,2,5,2
smd,group1_development,machine-1-7,treeshap_iforest,1,12,19559,19590,"[15, 9, 2, 8, 10, 11, 12, 13, 3, 14, 1, 5, 4, 6, 0, 32, 33, 18, 29, 19, 30, 25, 35, 24, 31, 20, 22, 27, 34, 23, 21, 17, 16, 7, 26, 28, 36, 37]",1,1.0,0.125,0.2222222222222222,1.0,1,8,1,1
smd,group1_development,machine-1-7,treeshap_iforest,1,12,19559,19590,"[15, 9, 2, 8, 10, 11, 12, 13, 3, 14, 1, 5, 4, 6, 0, 32, 33, 18, 29, 19, 30, 25, 35, 24, 31, 20, 22, 27, 34, 23, 21, 17, 16, 7, 26, 28, 36, 37]",3,0.3333333333333333,0.125,0.18181818181818182,0.46927872602275644,1,8,3,1
smd,group1_development,machine-1-7,treeshap_iforest,1,12,19559,19590,"[15, 9, 2, 8, 10, 11, 12, 13, 3, 14, 1, 5, 4, 6, 0, 32, 33, 18, 29, 19, 30, 25, 35, 24, 31, 20, 22, 27, 34, 23, 21, 17, 16, 7, 26, 28, 36, 37]",5,0.4,0.25,0.3076923076923077,0.48522855511632257,1,8,5,2
smd,group1_development,machine-1-7,treeshap_iforest,2,0,837,858,"[10, 12, 9, 15, 11, 2, 8, 14, 3, 1, 13, 4, 0, 29, 33, 5, 6, 18, 32, 34, 20, 19, 30, 24, 27, 25, 35, 22, 23, 31, 21, 16, 17, 28, 7, 26, 36, 37]",1,0.0,0.0,0.0,0.0,0,8,1,0
smd,group1_development,machine-1-7,treeshap_iforest,2,0,837,858,"[10, 12, 9, 15, 11, 2, 8, 14, 3, 1, 13, 4, 0, 29, 33, 5, 6, 18, 32, 34, 20, 19, 30, 24, 27, 25, 35, 22, 23, 31, 21, 16, 17, 28, 7, 26, 36, 37]",3,0.3333333333333333,0.125,0.18181818181818182,0.2960819109658652,1,8,3,1
smd,group1_development,machine-1-7,treeshap_iforest,2,0,837,858,"[10, 12, 9, 15, 11, 2, 8, 14, 3, 1, 13, 4, 0, 29, 33, 5, 6, 18, 32, 34, 20, 19, 30, 24, 27, 25, 35, 22, 23, 31, 21, 16, 17, 28, 7, 26, 36, 37]",5,0.6,0.375,0.4615384615384615,0.4912596920895758,1,8,5,3
smd,group1_development,machine-1-7,treeshap_iforest,2,1,2959,4174,"[33, 32, 6, 4, 5, 29, 9, 10, 1, 22, 2, 31, 11, 25, 23, 24, 12, 3, 14, 15, 19, 30, 20, 35, 34, 27, 8, 0, 13, 21, 18, 16, 17, 28, 7, 26, 36, 37]",1,1.0,0.1111111111111111,0.19999999999999998,1.0,1,9,1,1
smd,group1_development,machine-1-7,treeshap_iforest,2,1,2959,4174,"[33, 32, 6, 4, 5, 29, 9, 10, 1, 22, 2, 31, 11, 25, 23, 24, 12, 3, 14, 15, 19, 30, 20, 35, 34, 27, 8, 0, 13, 21, 18, 16, 17, 28, 7, 26, 36, 37]",3,0.6666666666666666,0.2222222222222222,0.3333333333333333,0.7653606369886217,1,9,3,2
smd,group1_development,machine-1-7,treeshap_iforest,2,1,2959,4174,"[33, 32, 6, 4, 5, 29, 9, 10, 1, 22, 2, 31, 11, 25, 23, 24, 12, 3, 14, 15, 19, 30, 20, 35, 34, 27, 8, 0, 13, 21, 18, 16, 17, 28, 7, 26, 36, 37]",5,0.6,0.3333333333333333,0.42857142857142855,0.6843515475204855,1,9,5,3
smd,group1_development,machine-1-7,treeshap_iforest,2,2,5849,5940,"[3, 2, 6, 23, 4, 10, 1, 9, 14, 24, 29, 12, 8, 31, 5, 33, 22, 13, 19, 18, 35, 15, 30, 0, 11, 27, 32, 25, 34, 20, 21, 16, 17, 28, 7, 26, 36, 37]",1,1.0,0.04,0.07692307692307693,1.0,1,25,1,1
smd,group1_development,machine-1-7,treeshap_iforest,2,2,5849,5940,"[3, 2, 6, 23, 4, 10, 1, 9, 14, 24, 29, 12, 8, 31, 5, 33, 22, 13, 19, 18, 35, 15, 30, 0, 11, 27, 32, 25, 34, 20, 21, 16, 17, 28, 7, 26, 36, 37]",3,1.0,0.12,0.21428571428571425,1.0,1,25,3,3
smd,group1_development,machine-1-7,treeshap_iforest,2,2,5849,5940,"[3, 2, 6, 23, 4, 10, 1, 9, 14, 24, 29, 12, 8, 31, 5, 33, 22, 13, 19, 18, 35, 15, 30, 0, 11, 27, 32, 25, 34, 20, 21, 16, 17, 28, 7, 26, 36, 37]",5,0.8,0.16,0.26666666666666666,0.8687949224876582,1,25,5,4
smd,group1_development,machine-1-7,treeshap_iforest,2,3,6031,6034,"[23, 33, 10, 6, 4, 32, 9, 2, 3, 5, 1, 14, 12, 29, 11, 27, 24, 30, 31, 15, 35, 21, 13, 25, 18, 22, 34, 8, 20, 19, 0, 16, 17, 28, 7, 26, 36, 37]",1,0.0,0.0,0.0,0.0,0,2,1,0
smd,group1_development,machine-1-7,treeshap_iforest,2,3,6031,6034,"[23, 33, 10, 6, 4, 32, 9, 2, 3, 5, 1, 14, 12, 29, 11, 27, 24, 30, 31, 15, 35, 21, 13, 25, 18, 22, 34, 8, 20, 19, 0, 16, 17, 28, 7, 26, 36, 37]",3,0.3333333333333333,0.5,0.4,0.38685280723454163,1,2,3,1
smd,group1_development,machine-1-7,treeshap_iforest,2,3,6031,6034,"[23, 33, 10, 6, 4, 32, 9, 2, 3, 5, 1, 14, 12, 29, 11, 27, 24, 30, 31, 15, 35, 21, 13, 25, 18, 22, 34, 8, 20, 19, 0, 16, 17, 28, 7, 26, 36, 37]",5,0.2,0.5,0.28571428571428575,0.38685280723454163,1,2,5,1
smd,group1_development,machine-1-7,treeshap_iforest,2,4,7099,8000,"[4, 32, 3, 23, 2, 11, 14, 29, 12, 8, 24, 33, 22, 10, 6, 15, 19, 9, 13, 5, 1, 35, 30, 31, 27, 18, 25, 0, 34, 21, 20, 16, 17, 28, 7, 26, 36, 37]",1,0.0,0.0,0.0,0.0,0,8,1,0
smd,group1_development,machine-1-7,treeshap_iforest,2,4,7099,8000,"[4, 32, 3, 23, 2, 11, 14, 29, 12, 8, 24, 33, 22, 10, 6, 15, 19, 9, 13, 5, 1, 35, 30, 31, 27, 18, 25, 0, 34, 21, 20, 16, 17, 28, 7, 26, 36, 37]",3,0.0,0.0,0.0,0.0,0,8,3,0
smd,group1_development,machine-1-7,treeshap_iforest,2,4,7099,8000,"[4, 32, 3, 23, 2, 11, 14, 29, 12, 8, 24, 33, 22, 10, 6, 15, 19, 9, 13, 5, 1, 35, 30, 31, 27, 18, 25, 0, 34, 21, 20, 16, 17, 28, 7, 26, 36, 37]",5,0.0,0.0,0.0,0.0,0,8,5,0
smd,group1_development,machine-1-7,treeshap_iforest,2,5,8564,8580,"[10, 2, 3, 9, 1, 12, 8, 4, 23, 29, 0, 24, 5, 35, 34, 14, 19, 6, 20, 15, 31, 13, 25, 33, 27, 22, 11, 32, 18, 21, 30, 16, 17, 28, 7, 26, 36, 37]",1,1.0,0.05555555555555555,0.10526315789473684,1.0,1,18,1,1
smd,group1_development,machine-1-7,treeshap_iforest,2,5,8564,8580,"[10, 2, 3, 9, 1, 12, 8, 4, 23, 29, 0, 24, 5, 35, 34, 14, 19, 6, 20, 15, 31, 13, 25, 33, 27, 22, 11, 32, 18, 21, 30, 16, 17, 28, 7, 26, 36, 37]",3,0.3333333333333333,0.05555555555555555,0.09523809523809525,0.46927872602275644,1,18,3,1
smd,group1_development,machine-1-7,treeshap_iforest,2,5,8564,8580,"[10, 2, 3, 9, 1, 12, 8, 4, 23, 29, 0, 24, 5, 35, 34, 14, 19, 6, 20, 15, 31, 13, 25, 33, 27, 22, 11, 32, 18, 21, 30, 16, 17, 28, 7, 26, 36, 37]",5,0.4,0.1111111111111111,0.1739130434782609,0.48522855511632257,1,18,5,2
smd,group1_development,machine-1-7,treeshap_iforest,2,6,12359,12374,"[15, 12, 14, 8, 11, 4, 9, 13, 10, 2, 1, 6, 29, 25, 0, 5, 20, 33, 19, 21, 31, 22, 23, 18, 32, 3, 35, 34, 24, 30, 27, 16, 17, 28, 7, 26, 36, 37]",1,1.0,0.14285714285714285,0.25,1.0,1,7,1,1
smd,group1_development,machine-1-7,treeshap_iforest,2,6,12359,12374,"[15, 12, 14, 8, 11, 4, 9, 13, 10, 2, 1, 6, 29, 25, 0, 5, 20, 33, 19, 21, 31, 22, 23, 18, 32, 3, 35, 34, 24, 30, 27, 16, 17, 28, 7, 26, 36, 37]",3,1.0,0.42857142857142855,0.6,1.0,1,7,3,3
smd,group1_development,machine-1-7,treeshap_iforest,2,6,12359,12374,"[15, 12, 14, 8, 11, 4, 9, 13, 10, 2, 1, 6, 29, 25, 0, 5, 20, 33, 19, 21, 31, 22, 23, 18, 32, 3, 35, 34, 24, 30, 27, 16, 17, 28, 7, 26, 36, 37]",5,1.0,0.7142857142857143,0.8333333333333333,1.0,1,7,5,5
smd,group1_development,machine-1-7,treeshap_iforest,2,7,13799,13825,"[15, 11, 12, 14, 8, 10, 9, 4, 13, 5, 29, 6, 2, 33, 0, 32, 1, 23, 25, 18, 3, 21, 20, 19, 22, 27, 34, 31, 30, 35, 24, 16, 17, 28, 7, 26, 36, 37]",1,1.0,0.16666666666666666,0.2857142857142857,1.0,1,6,1,1
smd,group1_development,machine-1-7,treeshap_iforest,2,7,13799,13825,"[15, 11, 12, 14, 8, 10, 9, 4, 13, 5, 29, 6, 2, 33, 0, 32, 1, 23, 25, 18, 3, 21, 20, 19, 22, 27, 34, 31, 30, 35, 24, 16, 17, 28, 7, 26, 36, 37]",3,1.0,0.5,0.6666666666666666,1.0,1,6,3,3
smd,group1_development,machine-1-7,treeshap_iforest,2,7,13799,13825,"[15, 11, 12, 14, 8, 10, 9, 4, 13, 5, 29, 6, 2, 33, 0, 32, 1, 23, 25, 18, 3, 21, 20, 19, 22, 27, 34, 31, 30, 35, 24, 16, 17, 28, 7, 26, 36, 37]",5,1.0,0.8333333333333334,0.9090909090909091,1.0,1,6,5,5
smd,group1_development,machine-1-7,treeshap_iforest,2,8,15239,15270,"[15, 12, 10, 2, 9, 3, 11, 8, 14, 5, 1, 13, 4, 29, 0, 33, 23, 32, 18, 6, 21, 20, 25, 34, 27, 19, 35, 22, 30, 31, 24, 16, 17, 28, 7, 26, 36, 37]",1,1.0,0.125,0.2222222222222222,1.0,1,8,1,1
smd,group1_development,machine-1-7,treeshap_iforest,2,8,15239,15270,"[15, 12, 10, 2, 9, 3, 11, 8, 14, 5, 1, 13, 4, 29, 0, 33, 23, 32, 18, 6, 21, 20, 25, 34, 27, 19, 35, 22, 30, 31, 24, 16, 17, 28, 7, 26, 36, 37]",3,0.6666666666666666,0.25,0.36363636363636365,0.7653606369886217,1,8,3,2
smd,group1_development,machine-1-7,treeshap_iforest,2,8,15239,15270,"[15, 12, 10, 2, 9, 3, 11, 8, 14, 5, 1, 13, 4, 29, 0, 33, 23, 32, 18, 6, 21, 20, 25, 34, 27, 19, 35, 22, 30, 31, 24, 16, 17, 28, 7, 26, 36, 37]",5,0.4,0.25,0.3076923076923077,0.5531464700081437,1,8,5,2
smd,group1_development,machine-1-7,treeshap_iforest,2,9,15960,15963,"[10, 24, 19, 4, 22, 9, 27, 16, 30, 31, 20, 35, 23, 0, 18, 21, 5, 34, 6, 14, 11, 12, 29, 8, 32, 2, 33, 13, 1, 25, 15, 3, 17, 28, 7, 26, 36, 37]",1,0.0,0.0,0.0,0.0,0,1,1,0
smd,group1_development,machine-1-7,treeshap_iforest,2,9,15960,15963,"[10, 24, 19, 4, 22, 9, 27, 16, 30, 31, 20, 35, 23, 0, 18, 21, 5, 34, 6, 14, 11, 12, 29, 8, 32, 2, 33, 13, 1, 25, 15, 3, 17, 28, 7, 26, 36, 37]",3,0.0,0.0,0.0,0.0,0,1,3,0
smd,group1_development,machine-1-7,treeshap_iforest,2,9,15960,15963,"[10, 24, 19, 4, 22, 9, 27, 16, 30, 31, 20, 35, 23, 0, 18, 21, 5, 34, 6, 14, 11, 12, 29, 8, 32, 2, 33, 13, 1, 25, 15, 3, 17, 28, 7, 26, 36, 37]",5,0.0,0.0,0.0,0.0,0,1,5,0
smd,group1_development,machine-1-7,treeshap_iforest,2,10,18109,18150,"[3, 12, 2, 10, 9, 15, 11, 1, 8, 14, 13, 4, 6, 0, 29, 32, 33, 5, 18, 34, 25, 22, 20, 27, 19, 35, 23, 21, 30, 24, 31, 16, 28, 17, 7, 26, 36, 37]",1,1.0,0.03571428571428571,0.0689655172413793,1.0,1,28,1,1
smd,group1_development,machine-1-7,treeshap_iforest,2,10,18109,18150,"[3, 12, 2, 10, 9, 15, 11, 1, 8, 14, 13, 4, 6, 0, 29, 32, 33, 5, 18, 34, 25, 22, 20, 27, 19, 35, 23, 21, 30, 24, 31, 16, 28, 17, 7, 26, 36, 37]",3,1.0,0.10714285714285714,0.19354838709677416,1.0,1,28,3,3
smd,group1_development,machine-1-7,treeshap_iforest,2,10,18109,18150,"[3, 12, 2, 10, 9, 15, 11, 1, 8, 14, 13, 4, 6, 0, 29, 32, 33, 5, 18, 34, 25, 22, 20, 27, 19, 35, 23, 21, 30, 24, 31, 16, 28, 17, 7, 26, 36, 37]",5,0.6,0.10714285714285714,0.18181818181818182,0.7227265726449519,1,28,5,3
smd,group1_development,machine-1-7,treeshap_iforest,2,11,19442,19446,"[33, 32, 6, 29, 4, 11, 10, 14, 15, 8, 3, 9, 30, 25, 21, 12, 1, 34, 5, 20, 18, 22, 27, 13, 19, 31, 24, 23, 35, 2, 0, 16, 17, 28, 7, 26, 36, 37]",1,1.0,0.5,0.6666666666666666,1.0,1,2,1,1
smd,group1_development,machine-1-7,treeshap_iforest,2,11,19442,19446,"[33, 32, 6, 29, 4, 11, 10, 14, 15, 8, 3, 9, 30, 25, 21, 12, 1, 34, 5, 20, 18, 22, 27, 13, 19, 31, 24, 23, 35, 2, 0, 16, 17, 28, 7, 26, 36, 37]",3,0.6666666666666666,1.0,0.8,1.0,1,2,3,2
smd,group1_development,machine-1-7,treeshap_iforest,2,11,19442,19446,"[33, 32, 6, 29, 4, 11, 10, 14, 15, 8, 3, 9, 30, 25, 21, 12, 1, 34, 5, 20, 18, 22, 27, 13, 19, 31, 24, 23, 35, 2, 0, 16, 17, 28, 7, 26, 36, 37]",5,0.4,1.0,0.5714285714285715,1.0,1,2,5,2
smd,group1_development,machine-1-7,treeshap_iforest,2,12,19559,19590,"[15, 12, 10, 2, 9, 3, 11, 8, 14, 1, 6, 13, 5, 4, 29, 0, 33, 32, 25, 18, 20, 19, 34, 22, 30, 35, 24, 21, 27, 31, 23, 16, 17, 28, 7, 26, 36, 37]",1,1.0,0.125,0.2222222222222222,1.0,1,8,1,1
smd,group1_development,machine-1-7,treeshap_iforest,2,12,19559,19590,"[15, 12, 10, 2, 9, 3, 11, 8, 14, 1, 6, 13, 5, 4, 29, 0, 33, 32, 25, 18, 20, 19, 34, 22, 30, 35, 24, 21, 27, 31, 23, 16, 17, 28, 7, 26, 36, 37]",3,0.6666666666666666,0.25,0.36363636363636365,0.7653606369886217,1,8,3,2
smd,group1_development,machine-1-7,treeshap_iforest,2,12,19559,19590,"[15, 12, 10, 2, 9, 3, 11, 8, 14, 1, 6, 13, 5, 4, 29, 0, 33, 32, 25, 18, 20, 19, 34, 22, 30, 35, 24, 21, 27, 31, 23, 16, 17, 28, 7, 26, 36, 37]",5,0.4,0.25,0.3076923076923077,0.5531464700081437,1,8,5,2
smd,group1_development,machine-1-8,treeshap_iforest,0,0,710,1081,"[23, 9, 25, 14, 11, 0, 10, 8, 3, 19, 30, 1, 20, 15, 34, 33, 27, 6, 2, 18, 13, 21, 5, 32, 12, 35, 22, 31, 29, 24, 4, 7, 16, 17, 26, 28, 36, 37]",1,0.0,0.0,0.0,0.0,0,3,1,0
smd,group1_development,machine-1-8,treeshap_iforest,0,0,710,1081,"[23, 9, 25, 14, 11, 0, 10, 8, 3, 19, 30, 1, 20, 15, 34, 33, 27, 6, 2, 18, 13, 21, 5, 32, 12, 35, 22, 31, 29, 24, 4, 7, 16, 17, 26, 28, 36, 37]",3,0.3333333333333333,0.3333333333333333,0.3333333333333333,0.2960819109658652,1,3,3,1
smd,group1_development,machine-1-8,treeshap_iforest,0,0,710,1081,"[23, 9, 25, 14, 11, 0, 10, 8, 3, 19, 30, 1, 20, 15, 34, 33, 27, 6, 2, 18, 13, 21, 5, 32, 12, 35, 22, 31, 29, 24, 4, 7, 16, 17, 26, 28, 36, 37]",5,0.2,0.3333333333333333,0.25,0.2960819109658652,1,3,5,1
smd,group1_development,machine-1-8,treeshap_iforest,0,1,2105,2171,"[9, 11, 23, 3, 12, 14, 25, 8, 15, 19, 1, 20, 10, 13, 33, 34, 30, 21, 5, 2, 6, 0, 27, 29, 22, 31, 35, 32, 18, 24, 4, 7, 16, 17, 26, 28, 36, 37]",1,1.0,0.2,0.33333333333333337,1.0,1,5,1,1
smd,group1_development,machine-1-8,treeshap_iforest,0,1,2105,2171,"[9, 11, 23, 3, 12, 14, 25, 8, 15, 19, 1, 20, 10, 13, 33, 34, 30, 21, 5, 2, 6, 0, 27, 29, 22, 31, 35, 32, 18, 24, 4, 7, 16, 17, 26, 28, 36, 37]",3,0.6666666666666666,0.4,0.5,0.7653606369886217,1,5,3,2
smd,group1_development,machine-1-8,treeshap_iforest,0,1,2105,2171,"[9, 11, 23, 3, 12, 14, 25, 8, 15, 19, 1, 20, 10, 13, 33, 34, 30, 21, 5, 2, 6, 0, 27, 29, 22, 31, 35, 32, 18, 24, 4, 7, 16, 17, 26, 28, 36, 37]",5,0.4,0.4,0.4000000000000001,0.5531464700081437,1,5,5,2
smd,group1_development,machine-1-8,treeshap_iforest,0,2,2725,2728,"[11, 8, 9, 14, 12, 3, 13, 2, 0, 1, 19, 24, 34, 22, 21, 10, 35, 15, 29, 6, 5, 23, 32, 18, 31, 20, 33, 25, 30, 27, 4, 7, 16, 17, 26, 28, 36, 37]",1,0.0,0.0,0.0,0.0,0,4,1,0
smd,group1_development,machine-1-8,treeshap_iforest,0,2,2725,2728,"[11, 8, 9, 14, 12, 3, 13, 2, 0, 1, 19, 24, 34, 22, 21, 10, 35, 15, 29, 6, 5, 23, 32, 18, 31, 20, 33, 25, 30, 27, 4, 7, 16, 17, 26, 28, 36, 37]",3,0.6666666666666666,0.5,0.5714285714285715,0.5307212739772434,1,4,3,2
smd,group1_development,machine-1-8,treeshap_iforest,0,2,2725,2728,"[11, 8, 9, 14, 12, 3, 13, 2, 0, 1, 19, 24, 34, 22, 21, 10, 35, 15, 29, 6, 5, 23, 32, 18, 31, 20, 33, 25, 30, 27, 4, 7, 16, 17, 26, 28, 36, 37]",5,0.6,0.75,0.6666666666666665,0.592512031964586,1,4,5,3
smd,group1_development,machine-1-8,treeshap_iforest,0,3,3068,3071,"[1, 21, 22, 34, 27, 5, 19, 0, 8, 2, 12, 14, 20, 30, 3, 31, 13, 18, 35, 6, 15, 10, 24, 32, 29, 9, 11, 33, 23, 25, 4, 7, 16, 17, 26, 28, 36, 37]",1,0.0,0.0,0.0,0.0,0,4,1,0
smd,group1_development,machine-1-8,treeshap_iforest,0,3,3068,3071,"[1, 21, 22, 34, 27, 5, 19, 0, 8, 2, 12, 14, 20, 30, 3, 31, 13, 18, 35, 6, 15, 10, 24, 32, 29, 9, 11, 33, 23, 25, 4, 7, 16, 17, 26, 28, 36, 37]",3,0.0,0.0,0.0,0.0,0,4,3,0
smd,group1_development,machine-1-8,treeshap_iforest,0,3,3068,3071,"[1, 21, 22, 34, 27, 5, 19, 0, 8, 2, 12, 14, 20, 30, 3, 31, 13, 18, 35, 6, 15, 10, 24, 32, 29, 9, 11, 33, 23, 25, 4, 7, 16, 17, 26, 28, 36, 37]",5,0.0,0.0,0.0,0.0,0,4,5,0
smd,group1_development,machine-1-8,treeshap_iforest,0,4,3594,3598,"[11, 14, 8, 12, 5, 6, 23, 3, 19, 25, 21, 20, 13, 1, 33, 32, 27, 0, 15, 30, 10, 2, 9, 31, 22, 35, 18, 24, 29, 34, 4, 7, 16, 17, 26, 28, 36, 37]",1,0.0,0.0,0.0,0.0,0,5,1,0
smd,group1_development,machine-1-8,treeshap_iforest,0,4,3594,3598,"[11, 14, 8, 12, 5, 6, 23, 3, 19, 25, 21, 20, 13, 1, 33, 32, 27, 0, 15, 30, 10, 2, 9, 31, 22, 35, 18, 24, 29, 34, 4, 7, 16, 17, 26, 28, 36, 37]",3,0.6666666666666666,0.4,0.5,0.5307212739772434,1,5,3,2
smd,group1_development,machine-1-8,treeshap_iforest,0,4,3594,3598,"[11, 14, 8, 12, 5, 6, 23, 3, 19, 25, 21, 20, 13, 1, 33, 32, 27, 0, 15, 30, 10, 2, 9, 31, 22, 35, 18, 24, 29, 34, 4, 7, 16, 17, 26, 28, 36, 37]",5,0.6,0.6,0.6,0.5296347172140421,1,5,5,3
smd,group1_development,machine-1-8,treeshap_iforest,0,5,4589,4599,"[6, 5, 3, 15, 14, 10, 11, 23, 22, 33, 9, 0, 2, 13, 18, 32, 21, 34, 30, 1, 27, 29, 8, 25, 19, 12, 20, 35, 31, 24, 4, 7, 16, 17, 26, 28, 36, 37]",1,1.0,0.25,0.4,1.0,1,4,1,1
smd,group1_development,machine-1-8,treeshap_iforest,0,5,4589,4599,"[6, 5, 3, 15, 14, 10, 11, 23, 22, 33, 9, 0, 2, 13, 18, 32, 21, 34, 30, 1, 27, 29, 8, 25, 19, 12, 20, 35, 31, 24, 4, 7, 16, 17, 26, 28, 36, 37]",3,0.6666666666666666,0.5,0.5714285714285715,0.7653606369886217,1,4,3,2
smd,group1_development,machine-1-8,treeshap_iforest,0,5,4589,4599,"[6, 5, 3, 15, 14, 10, 11, 23, 22, 33, 9, 0, 2, 13, 18, 32, 21, 34, 30, 1, 27, 29, 8, 25, 19, 12, 20, 35, 31, 24, 4, 7, 16, 17, 26, 28, 36, 37]",5,0.6,0.75,0.6666666666666665,0.8048099750039491,1,4,5,3
smd,group1_development,machine-1-8,treeshap_iforest,0,6,7100,7104,"[14, 15, 10, 6, 11, 5, 13, 32, 22, 19, 21, 31, 33, 18, 30, 23, 35, 27, 34, 29, 20, 24, 0, 9, 8, 25, 12, 1, 2, 3, 4, 7, 16, 17, 26, 28, 36, 37]",1,0.0,0.0,0.0,0.0,0,4,1,0
smd,group1_development,machine-1-8,treeshap_iforest,0,6,7100,7104,"[14, 15, 10, 6, 11, 5, 13, 32, 22, 19, 21, 31, 33, 18, 30, 23, 35, 27, 34, 29, 20, 24, 0, 9, 8, 25, 12, 1, 2, 3, 4, 7, 16, 17, 26, 28, 36, 37]",3,0.6666666666666666,0.5,0.5714285714285715,0.5307212739772434,1,4,3,2
smd,group1_development,machine-1-8,treeshap_iforest,0,6,7100,7104,"[14, 15, 10, 6, 11, 5, 13, 32, 22, 19, 21, 31, 33, 18, 30, 23, 35, 27, 34, 29, 20, 24, 0, 9, 8, 25, 12, 1, 2, 3, 4, 7, 16, 17, 26, 28, 36, 37]",5,0.6,0.75,0.6666666666666665,0.6096199500078984,1,4,5,3
smd,group1_development,machine-1-8,treeshap_iforest,0,7,7474,7477,"[14, 15, 6, 11, 10, 5, 22, 13, 33, 18, 23, 21, 27, 0, 32, 29, 20, 1, 25, 2, 9, 34, 8, 19, 30, 35, 12, 24, 3, 31, 4, 7, 16, 17, 26, 28, 36, 37]",1,0.0,0.0,0.0,0.0,0,4,1,0
smd,group1_development,machine-1-8,treeshap_iforest,0,7,7474,7477,"[14, 15, 6, 11, 10, 5, 22, 13, 33, 18, 23, 21, 27, 0, 32, 29, 20, 1, 25, 2, 9, 34, 8, 19, 30, 35, 12, 24, 3, 31, 4, 7, 16, 17, 26, 28, 36, 37]",3,0.6666666666666666,0.5,0.5714285714285715,0.5307212739772434,1,4,3,2
smd,group1_development,machine-1-8,treeshap_iforest,0,7,7474,7477,"[14, 15, 6, 11, 10, 5, 22, 13, 33, 18, 23, 21, 27, 0, 32, 29, 20, 1, 25, 2, 9, 34, 8, 19, 30, 35, 12, 24, 3, 31, 4, 7, 16, 17, 26, 28, 36, 37]",5,0.6,0.75,0.6666666666666665,0.592512031964586,1,4,5,3
smd,group1_development,machine-1-8,treeshap_iforest,0,8,8317,8320,"[14, 11, 5, 6, 13, 8, 23, 33, 19, 27, 25, 22, 10, 30, 29, 15, 21, 12, 9, 31, 1, 20, 34, 18, 0, 2, 3, 32, 35, 24, 4, 7, 16, 17, 26, 28, 36, 37]",1,1.0,0.5,0.6666666666666666,1.0,1,2,1,1
smd,group1_development,machine-1-8,treeshap_iforest,0,8,8317,8320,"[14, 11, 5, 6, 13, 8, 23, 33, 19, 27, 25, 22, 10, 30, 29, 15, 21, 12, 9, 31, 1, 20, 34, 18, 0, 2, 3, 32, 35, 24, 4, 7, 16, 17, 26, 28, 36, 37]",3,0.3333333333333333,0.5,0.4,0.6131471927654584,1,2,3,1
smd,group1_development,machine-1-8,treeshap_iforest,0,8,8317,8320,"[14, 11, 5, 6, 13, 8, 23, 33, 19, 27, 25, 22, 10, 30, 29, 15, 21, 12, 9, 31, 1, 20, 34, 18, 0, 2, 3, 32, 35, 24, 4, 7, 16, 17, 26, 28, 36, 37]",5,0.2,0.5,0.28571428571428575,0.6131471927654584,1,2,5,1
smd,group1_development,machine-1-8,treeshap_iforest,0,9,8657,8660,"[14, 9, 5, 11, 6, 12, 8, 13, 15, 10, 18, 33, 23, 30, 0, 22, 27, 2, 29, 31, 32, 21, 1, 35, 25, 3, 20, 19, 24, 34, 4, 7, 16, 17, 26, 28, 36, 37]",1,0.0,0.0,0.0,0.0,0,4,1,0
smd,group1_development,machine-1-8,treeshap_iforest,0,9,8657,8660,"[14, 9, 5, 11, 6, 12, 8, 13, 15, 10, 18, 33, 23, 30, 0, 22, 27, 2, 29, 31, 32, 21, 1, 35, 25, 3, 20, 19, 24, 34, 4, 7, 16, 17, 26, 28, 36, 37]",3,0.3333333333333333,0.25,0.28571428571428575,0.2960819109658652,1,4,3,1
smd,group1_development,machine-1-8,treeshap_iforest,0,9,8657,8660,"[14, 9, 5, 11, 6, 12, 8, 13, 15, 10, 18, 33, 23, 30, 0, 22, 27, 2, 29, 31, 32, 21, 1, 35, 25, 3, 20, 19, 24, 34, 4, 7, 16, 17, 26, 28, 36, 37]",5,0.2,0.25,0.22222222222222224,0.24630238874073,1,4,5,1
smd,group1_development,machine-1-8,treeshap_iforest,0,10,8912,8916,"[14, 11, 9, 6, 5, 13, 8, 12, 23, 32, 33, 18, 2, 15, 22, 0, 21, 10, 20, 29, 1, 30, 3, 25, 27, 35, 34, 24, 19, 31, 4, 7, 16, 17, 26, 28, 36, 37]",1,1.0,0.3333333333333333,0.5,1.0,1,3,1,1
smd,group1_development,machine-1-8,treeshap_iforest,0,10,8912,8916,"[14, 11, 9, 6, 5, 13, 8, 12, 23, 32, 33, 18, 2, 15, 22, 0, 21, 10, 20, 29, 1, 30, 3, 25, 27, 35, 34, 24, 19, 31, 4, 7, 16, 17, 26, 28, 36, 37]",3,0.6666666666666666,0.6666666666666666,0.6666666666666666,0.7039180890341347,1,3,3,2
smd,group1_development,machine-1-8,treeshap_iforest,0,10,8912,8916,"[14, 11, 9, 6, 5, 13, 8, 12, 23, 32, 33, 18, 2, 15, 22, 0, 21, 10, 20, 29, 1, 30, 3, 25, 27, 35, 34, 24, 19, 31, 4, 7, 16, 17, 26, 28, 36, 37]",5,0.4,0.6666666666666666,0.5,0.7039180890341347,1,3,5,2
smd,group1_development,machine-1-8,treeshap_iforest,0,11,9075,9078,"[14, 6, 5, 13, 8, 12, 11, 15, 18, 33, 32, 21, 23, 34, 35, 3, 0, 20, 22, 1, 31, 29, 2, 9, 10, 25, 24, 27, 30, 19, 4, 7, 16, 17, 26, 28, 36, 37]",1,0.0,0.0,0.0,0.0,0,2,1,0
smd,group1_development,machine-1-8,treeshap_iforest,0,11,9075,9078,"[14, 6, 5, 13, 8, 12, 11, 15, 18, 33, 32, 21, 23, 34, 35, 3, 0, 20, 22, 1, 31, 29, 2, 9, 10, 25, 24, 27, 30, 19, 4, 7, 16, 17, 26, 28, 36, 37]",3,0.0,0.0,0.0,0.0,0,2,3,0
smd,group1_development,machine-1-8,treeshap_iforest,0,11,9075,9078,"[14, 6, 5, 13, 8, 12, 11, 15, 18, 33, 32, 21, 23, 34, 35, 3, 0, 20, 22, 1, 31, 29, 2, 9, 10, 25, 24, 27, 30, 19, 4, 7, 16, 17, 26, 28, 36, 37]",5,0.4,1.0,0.5714285714285715,0.5012658353418871,1,2,5,2
smd,group1_development,machine-1-8,treeshap_iforest,0,12,12800,12816,"[14, 3, 5, 6, 0, 1, 2, 13, 11, 19, 22, 8, 34, 15, 12, 10, 21, 24, 32, 35, 31, 33, 9, 23, 27, 29, 20, 18, 25, 30, 4, 7, 16, 17, 26, 28, 36, 37]",1,0.0,0.0,0.0,0.0,0,2,1,0
smd,group1_development,machine-1-8,treeshap_iforest,0,12,12800,12816,"[14, 3, 5, 6, 0, 1, 2, 13, 11, 19, 22, 8, 34, 15, 12, 10, 21, 24, 32, 35, 31, 33, 9, 23, 27, 29, 20, 18, 25, 30, 4, 7, 16, 17, 26, 28, 36, 37]",3,0.0,0.0,0.0,0.0,0,2,3,0
smd,group1_development,machine-1-8,treeshap_iforest,0,12,12800,12816,"[14, 3, 5, 6, 0, 1, 2, 13, 11, 19, 22, 8, 34, 15, 12, 10, 21, 24, 32, 35, 31, 33, 9, 23, 27, 29, 20, 18, 25, 30, 4, 7, 16, 17, 26, 28, 36, 37]",5,0.0,0.0,0.0,0.0,0,2,5,0
smd,group1_development,machine-1-8,treeshap_iforest,0,13,15640,15756,"[14, 22, 6, 13, 24, 19, 3, 34, 31, 21, 35, 11, 29, 0, 5, 33, 32, 2, 10, 15, 9, 1, 23, 30, 18, 8, 12, 20, 27, 25, 4, 7, 16, 17, 26, 28, 36, 37]",1,0.0,0.0,0.0,0.0,0,9,1,0
smd,group1_development,machine-1-8,treeshap_iforest,0,13,15640,15756,"[14, 22, 6, 13, 24, 19, 3, 34, 31, 21, 35, 11, 29, 0, 5, 33, 32, 2, 10, 15, 9, 1, 23, 30, 18, 8, 12, 20, 27, 25, 4, 7, 16, 17, 26, 28, 36, 37]",3,0.3333333333333333,0.1111111111111111,0.16666666666666666,0.23463936301137822,1,9,3,1
smd,group1_development,machine-1-8,treeshap_iforest,0,13,15640,15756,"[14, 22, 6, 13, 24, 19, 3, 34, 31, 21, 35, 11, 29, 0, 5, 33, 32, 2, 10, 15, 9, 1, 23, 30, 18, 8, 12, 20, 27, 25, 4, 7, 16, 17, 26, 28, 36, 37]",5,0.4,0.2222222222222222,0.2857142857142857,0.3156484524795145,1,9,5,2
smd,group1_development,machine-1-8,treeshap_iforest,0,14,17117,17121,"[14, 22, 6, 15, 5, 11, 10, 24, 13, 34, 19, 35, 31, 29, 9, 33, 18, 21, 23, 0, 32, 12, 27, 25, 30, 8, 1, 20, 2, 3, 4, 7, 16, 17, 26, 28, 36, 37]",1,0.0,0.0,0.0,0.0,0,4,1,0
smd,group1_development,machine-1-8,treeshap_iforest,0,14,17117,17121,"[14, 22, 6, 15, 5, 11, 10, 24, 13, 34, 19, 35, 31, 29, 9, 33, 18, 21, 23, 0, 32, 12, 27, 25, 30, 8, 1, 20, 2, 3, 4, 7, 16, 17, 26, 28, 36, 37]",3,0.3333333333333333,0.25,0.28571428571428575,0.23463936301137822,1,4,3,1
smd,group1_development,machine-1-8,treeshap_iforest,0,14,17117,17121,"[14, 22, 6, 15, 5, 11, 10, 24, 13, 34, 19, 35, 31, 29, 9, 33, 18, 21, 23, 0, 32, 12, 27, 25, 30, 8, 1, 20, 2, 3, 4, 7, 16, 17, 26, 28, 36, 37]",5,0.6,0.75,0.6666666666666665,0.5143371794949736,1,4,5,3
smd,group1_development,machine-1-8,treeshap_iforest,0,15,17168,17172,"[22, 14, 11, 13, 8, 12, 10, 19, 34, 31, 21, 35, 32, 24, 0, 15, 23, 33, 29, 9, 5, 2, 18, 6, 1, 3, 30, 25, 20, 27, 4, 7, 16, 17, 26, 28, 36, 37]",1,0.0,0.0,0.0,0.0,0,2,1,0
smd,group1_development,machine-1-8,treeshap_iforest,0,15,17168,17172,"[22, 14, 11, 13, 8, 12, 10, 19, 34, 31, 21, 35, 32, 24, 0, 15, 23, 33, 29, 9, 5, 2, 18, 6, 1, 3, 30, 25, 20, 27, 4, 7, 16, 17, 26, 28, 36, 37]",3,0.3333333333333333,0.5,0.4,0.38685280723454163,1,2,3,1
smd,group1_development,machine-1-8,treeshap_iforest,0,15,17168,17172,"[22, 14, 11, 13, 8, 12, 10, 19, 34, 31, 21, 35, 32, 24, 0, 15, 23, 33, 29, 9, 5, 2, 18, 6, 1, 3, 30, 25, 20, 27, 4, 7, 16, 17, 26, 28, 36, 37]",5,0.4,1.0,0.5714285714285715,0.6509209298071326,1,2,5,2
smd,group1_development,machine-1-8,treeshap_iforest,0,16,18600,18683,"[22, 14, 3, 1, 27, 21, 2, 24, 30, 18, 15, 20, 0, 5, 10, 6, 19, 23, 13, 25, 29, 11, 34, 35, 31, 33, 9, 32, 8, 12, 4, 7, 16, 17, 26, 28, 36, 37]",1,1.0,0.05,0.09523809523809523,1.0,1,20,1,1
smd,group1_development,machine-1-8,treeshap_iforest,0,16,18600,18683,"[22, 14, 3, 1, 27, 21, 2, 24, 30, 18, 15, 20, 0, 5, 10, 6, 19, 23, 13, 25, 29, 11, 34, 35, 31, 33, 9, 32, 8, 12, 4, 7, 16, 17, 26, 28, 36, 37]",3,0.6666666666666666,0.1,0.1739130434782609,0.7039180890341347,1,20,3,2
smd,group1_development,machine-1-8,treeshap_iforest,0,16,18600,18683,"[22, 14, 3, 1, 27, 21, 2, 24, 30, 18, 15, 20, 0, 5, 10, 6, 19, 23, 13, 25, 29, 11, 34, 35, 31, 33, 9, 32, 8, 12, 4, 7, 16, 17, 26, 28, 36, 37]",5,0.8,0.2,0.32000000000000006,0.7860137352654724,1,20,5,4
smd,group1_development,machine-1-8,treeshap_iforest,0,17,19579,19583,"[11, 6, 14, 13, 8, 12, 23, 30, 33, 18, 19, 21, 22, 25, 32, 0, 2, 15, 5, 9, 24, 29, 34, 3, 27, 10, 35, 1, 31, 20, 4, 7, 16, 17, 26, 28, 36, 37]",1,0.0,0.0,0.0,0.0,0,21,1,0
smd,group1_development,machine-1-8,treeshap_iforest,0,17,19579,19583,"[11, 6, 14, 13, 8, 12, 23, 30, 33, 18, 19, 21, 22, 25, 32, 0, 2, 15, 5, 9, 24, 29, 34, 3, 27, 10, 35, 1, 31, 20, 4, 7, 16, 17, 26, 28, 36, 37]",3,0.3333333333333333,0.047619047619047616,0.08333333333333333,0.2960819109658652,1,21,3,1
smd,group1_development,machine-1-8,treeshap_iforest,0,17,19579,19583,"[11, 6, 14, 13, 8, 12, 23, 30, 33, 18, 19, 21, 22, 25, 32, 0, 2, 15, 5, 9, 24, 29, 34, 3, 27, 10, 35, 1, 31, 20, 4, 7, 16, 17, 26, 28, 36, 37]",5,0.2,0.047619047619047616,0.07692307692307693,0.21398626473452756,1,21,5,1
smd,group1_development,machine-1-8,treeshap_iforest,0,18,18890,18946,"[22, 15, 10, 3, 21, 30, 27, 24, 1, 14, 19, 34, 31, 18, 20, 2, 35, 0, 6, 25, 23, 13, 11, 9, 5, 29, 33, 32, 12, 8, 4, 7, 16, 17, 26, 28, 36, 37]",1,0.0,0.0,0.0,0.0,0,2,1,0
smd,group1_development,machine-1-8,treeshap_iforest,0,18,18890,18946,"[22, 15, 10, 3, 21, 30, 27, 24, 1, 14, 19, 34, 31, 18, 20, 2, 35, 0, 6, 25, 23, 13, 11, 9, 5, 29, 33, 32, 12, 8, 4, 7, 16, 17, 26, 28, 36, 37]",3,0.0,0.0,0.0,0.0,0,2,3,0
smd,group1_development,machine-1-8,treeshap_iforest,0,18,18890,18946,"[22, 15, 10, 3, 21, 30, 27, 24, 1, 14, 19, 34, 31, 18, 20, 2, 35, 0, 6, 25, 23, 13, 11, 9, 5, 29, 33, 32, 12, 8, 4, 7, 16, 17, 26, 28, 36, 37]",5,0.0,0.0,0.0,0.0,0,2,5,0
smd,group1_development,machine-1-8,treeshap_iforest,0,19,22899,22902,"[22, 14, 15, 13, 12, 8, 11, 24, 32, 34, 6, 19, 3, 23, 25, 35, 21, 0, 33, 1, 31, 29, 2, 9, 10, 20, 18, 5, 30, 27, 4, 7, 16, 17, 26, 28, 36, 37]",1,0.0,0.0,0.0,0.0,0,2,1,0
smd,group1_development,machine-1-8,treeshap_iforest,0,19,22899,22902,"[22, 14, 15, 13, 12, 8, 11, 24, 32, 34, 6, 19, 3, 23, 25, 35, 21, 0, 33, 1, 31, 29, 2, 9, 10, 20, 18, 5, 30, 27, 4, 7, 16, 17, 26, 28, 36, 37]",3,0.0,0.0,0.0,0.0,0,2,3,0
smd,group1_development,machine-1-8,treeshap_iforest,0,19,22899,22902,"[22, 14, 15, 13, 12, 8, 11, 24, 32, 34, 6, 19, 3, 23, 25, 35, 21, 0, 33, 1, 31, 29, 2, 9, 10, 20, 18, 5, 30, 27, 4, 7, 16, 17, 26, 28, 36, 37]",5,0.2,0.5,0.28571428571428575,0.2640681225725909,1,2,5,1
smd,group1_development,machine-1-8,treeshap_iforest,1,0,710,1081,"[25, 23, 0, 9, 2, 10, 14, 11, 3, 1, 27, 8, 18, 20, 15, 32, 6, 5, 13, 30, 21, 33, 19, 34, 24, 29, 12, 22, 35, 31, 4, 7, 16, 17, 26, 28, 36, 37]",1,0.0,0.0,0.0,0.0,0,3,1,0
smd,group1_development,machine-1-8,treeshap_iforest,1,0,710,1081,"[25, 23, 0, 9, 2, 10, 14, 11, 3, 1, 27, 8, 18, 20, 15, 32, 6, 5, 13, 30, 21, 33, 19, 34, 24, 29, 12, 22, 35, 31, 4, 7, 16, 17, 26, 28, 36, 37]",3,0.3333333333333333,0.3333333333333333,0.3333333333333333,0.23463936301137822,1,3,3,1
smd,group1_development,machine-1-8,treeshap_iforest,1,0,710,1081,"[25, 23, 0, 9, 2, 10, 14, 11, 3, 1, 27, 8, 18, 20, 15, 32, 6, 5, 13, 30, 21, 33, 19, 34, 24, 29, 12, 22, 35, 31, 4, 7, 16, 17, 26, 28, 36, 37]",5,0.4,0.6666666666666666,0.5,0.4367467095119258,1,3,5,2
smd,group1_development,machine-1-8,treeshap_iforest,1,1,2105,2171,"[9, 11, 2, 23, 3, 1, 25, 12, 14, 15, 0, 8, 10, 27, 18, 5, 21, 13, 32, 30, 33, 6, 34, 20, 24, 29, 31, 19, 22, 35, 4, 7, 16, 17, 26, 28, 36, 37]",1,1.0,0.2,0.33333333333333337,1.0,1,5,1,1
smd,group1_development,machine-1-8,treeshap_iforest,1,1,2105,2171,"[9, 11, 2, 23, 3, 1, 25, 12, 14, 15, 0, 8, 10, 27, 18, 5, 21, 13, 32, 30, 33, 6, 34, 20, 24, 29, 31, 19, 22, 35, 4, 7, 16, 17, 26, 28, 36, 37]",3,0.6666666666666666,0.4,0.5,0.7653606369886217,1,5,3,2
smd,group1_development,machine-1-8,treeshap_iforest,1,1,2105,2171,"[9, 11, 2, 23, 3, 1, 25, 12, 14, 15, 0, 8, 10, 27, 18, 5, 21, 13, 32, 30, 33, 6, 34, 20, 24, 29, 31, 19, 22, 35, 4, 7, 16, 17, 26, 28, 36, 37]",5,0.4,0.4,0.4000000000000001,0.5531464700081437,1,5,5,2
smd,group1_development,machine-1-8,treeshap_iforest,1,2,2725,2728,"[9, 11, 8, 2, 14, 1, 3, 0, 12, 13, 10, 35, 22, 29, 24, 34, 31, 21, 5, 19, 15, 25, 23, 6, 33, 27, 18, 32, 30, 20, 4, 7, 16, 17, 26, 28, 36, 37]",1,1.0,0.25,0.4,1.0,1,4,1,1
smd,group1_development,machine-1-8,treeshap_iforest,1,2,2725,2728,"[9, 11, 8, 2, 14, 1, 3, 0, 12, 13, 10, 35, 22, 29, 24, 34, 31, 21, 5, 19, 15, 25, 23, 6, 33, 27, 18, 32, 30, 20, 4, 7, 16, 17, 26, 28, 36, 37]",3,0.6666666666666666,0.5,0.5714285714285715,0.7039180890341347,1,4,3,2
smd,group1_development,machine-1-8,treeshap_iforest,1,2,2725,2728,"[9, 11, 8, 2, 14, 1, 3, 0, 12, 13, 10, 35, 22, 29, 24, 34, 31, 21, 5, 19, 15, 25, 23, 6, 33, 27, 18, 32, 30, 20, 4, 7, 16, 17, 26, 28, 36, 37]",5,0.4,0.5,0.4444444444444445,0.5855700749881525,1,4,5,2
smd,group1_development,machine-1-8,treeshap_iforest,1,3,3068,3071,"[20, 0, 2, 19, 30, 21, 35, 31, 1, 22, 27, 3, 34, 13, 18, 5, 8, 12, 24, 10, 14, 29, 6, 15, 9, 11, 32, 33, 23, 25, 4, 7, 16, 17, 26, 28, 36, 37]",1,0.0,0.0,0.0,0.0,0,4,1,0
smd,group1_development,machine-1-8,treeshap_iforest,1,3,3068,3071,"[20, 0, 2, 19, 30, 21, 35, 31, 1, 22, 27, 3, 34, 13, 18, 5, 8, 12, 24, 10, 14, 29, 6, 15, 9, 11, 32, 33, 23, 25, 4, 7, 16, 17, 26, 28, 36, 37]",3,0.0,0.0,0.0,0.0,0,4,3,0
smd,group1_development,machine-1-8,treeshap_iforest,1,3,3068,3071,"[20, 0, 2, 19, 30, 21, 35, 31, 1, 22, 27, 3, 34, 13, 18, 5, 8, 12, 24, 10, 14, 29, 6, 15, 9, 11, 32, 33, 23, 25, 4, 7, 16, 17, 26, 28, 36, 37]",5,0.0,0.0,0.0,0.0,0,4,5,0
smd,group1_development,machine-1-8,treeshap_iforest,1,4,3594,3598,"[14, 11, 8, 12, 6, 5, 3, 2, 23, 25, 0, 1, 18, 21, 32, 27, 10, 30, 20, 13, 24, 33, 34, 29, 19, 15, 9, 22, 35, 31, 4, 7, 16, 17, 26, 28, 36, 37]",1,1.0,0.2,0.33333333333333337,1.0,1,5,1,1
smd,group1_development,machine-1-8,treeshap_iforest,1,4,3594,3598,"[14, 11, 8, 12, 6, 5, 3, 2, 23, 25, 0, 1, 18, 21, 32, 27, 10, 30, 20, 13, 24, 33, 34, 29, 19, 15, 9, 22, 35, 31, 4, 7, 16, 17, 26, 28, 36, 37]",3,0.6666666666666666,0.4,0.5,0.7039180890341347,1,5,3,2
smd,group1_development,machine-1-8,treeshap_iforest,1,4,3594,3598,"[14, 11, 8, 12, 6, 5, 3, 2, 23, 25, 0, 1, 18, 21, 32, 27, 10, 30, 20, 13, 24, 33, 34, 29, 19, 15, 9, 22, 35, 31, 4, 7, 16, 17, 26, 28, 36, 37]",5,0.8,0.8,0.8000000000000002,0.7860137352654724,1,5,5,4
smd,group1_development,machine-1-8,treeshap_iforest,1,5,4589,4599,"[6, 5, 3, 2, 10, 15, 14, 11, 1, 0, 13, 32, 22, 21, 9, 23, 18, 25, 27, 33, 19, 34, 20, 12, 8, 31, 30, 29, 35, 24, 4, 7, 16, 17, 26, 28, 36, 37]",1,1.0,0.25,0.4,1.0,1,4,1,1
smd,group1_development,machine-1-8,treeshap_iforest,1,5,4589,4599,"[6, 5, 3, 2, 10, 15, 14, 11, 1, 0, 13, 32, 22, 21, 9, 23, 18, 25, 27, 33, 19, 34, 20, 12, 8, 31, 30, 29, 35, 24, 4, 7, 16, 17, 26, 28, 36, 37]",3,0.6666666666666666,0.5,0.5714285714285715,0.7653606369886217,1,4,3,2
smd,group1_development,machine-1-8,treeshap_iforest,1,5,4589,4599,"[6, 5, 3, 2, 10, 15, 14, 11, 1, 0, 13, 32, 22, 21, 9, 23, 18, 25, 27, 33, 19, 34, 20, 12, 8, 31, 30, 29, 35, 24, 4, 7, 16, 17, 26, 28, 36, 37]",5,0.6,0.75,0.6666666666666665,0.787702056960637,1,4,5,3
smd,group1_development,machine-1-8,treeshap_iforest,1,6,7100,7104,"[14, 15, 10, 6, 11, 13, 5, 29, 21, 24, 31, 22, 32, 19, 35, 34, 12, 33, 0, 25, 18, 3, 2, 20, 23, 1, 30, 9, 27, 8, 4, 7, 16, 17, 26, 28, 36, 37]",1,0.0,0.0,0.0,0.0,0,4,1,0
smd,group1_development,machine-1-8,treeshap_iforest,1,6,7100,7104,"[14, 15, 10, 6, 11, 13, 5, 29, 21, 24, 31, 22, 32, 19, 35, 34, 12, 33, 0, 25, 18, 3, 2, 20, 23, 1, 30, 9, 27, 8, 4, 7, 16, 17, 26, 28, 36, 37]",3,0.6666666666666666,0.5,0.5714285714285715,0.5307212739772434,1,4,3,2
smd,group1_development,machine-1-8,treeshap_iforest,1,6,7100,7104,"[14, 15, 10, 6, 11, 13, 5, 29, 21, 24, 31, 22, 32, 19, 35, 34, 12, 33, 0, 25, 18, 3, 2, 20, 23, 1, 30, 9, 27, 8, 4, 7, 16, 17, 26, 28, 36, 37]",5,0.6,0.75,0.6666666666666665,0.6096199500078984,1,4,5,3
smd,group1_development,machine-1-8,treeshap_iforest,1,7,7474,7477,"[14, 15, 13, 6, 11, 10, 5, 22, 21, 3, 33, 23, 0, 1, 18, 27, 20, 12, 19, 32, 8, 25, 34, 29, 2, 9, 30, 31, 35, 24, 4, 7, 16, 17, 26, 28, 36, 37]",1,0.0,0.0,0.0,0.0,0,4,1,0
smd,group1_development,machine-1-8,treeshap_iforest,1,7,7474,7477,"[14, 15, 13, 6, 11, 10, 5, 22, 21, 3, 33, 23, 0, 1, 18, 27, 20, 12, 19, 32, 8, 25, 34, 29, 2, 9, 30, 31, 35, 24, 4, 7, 16, 17, 26, 28, 36, 37]",3,0.3333333333333333,0.25,0.28571428571428575,0.2960819109658652,1,4,3,1
smd,group1_development,machine-1-8,treeshap_iforest,1,7,7474,7477,"[14, 15, 13, 6, 11, 10, 5, 22, 21, 3, 33, 23, 0, 1, 18, 27, 20, 12, 19, 32, 8, 25, 34, 29, 2, 9, 30, 31, 35, 24, 4, 7, 16, 17, 26, 28, 36, 37]",5,0.4,0.5,0.4444444444444445,0.4144299250118475,1,4,5,2
smd,group1_development,machine-1-8,treeshap_iforest,1,8,8317,8320,"[14, 11, 13, 5, 8, 6, 10, 1, 33, 24, 12, 18, 32, 21, 31, 15, 34, 23, 22, 27, 9, 2, 25, 29, 30, 3, 0, 19, 20, 35, 4, 7, 16, 17, 26, 28, 36, 37]",1,1.0,0.5,0.6666666666666666,1.0,1,2,1,1
smd,group1_development,machine-1-8,treeshap_iforest,1,8,8317,8320,"[14, 11, 13, 5, 8, 6, 10, 1, 33, 24, 12, 18, 32, 21, 31, 15, 34, 23, 22, 27, 9, 2, 25, 29, 30, 3, 0, 19, 20, 35, 4, 7, 16, 17, 26, 28, 36, 37]",3,0.3333333333333333,0.5,0.4,0.6131471927654584,1,2,3,1
smd,group1_development,machine-1-8,treeshap_iforest,1,8,8317,8320,"[14, 11, 13, 5, 8, 6, 10, 1, 33, 24, 12, 18, 32, 21, 31, 15, 34, 23, 22, 27, 9, 2, 25, 29, 30, 3, 0, 19, 20, 35, 4, 7, 16, 17, 26, 28, 36, 37]",5,0.4,1.0,0.5714285714285715,0.8503449055347546,1,2,5,2
smd,group1_development,machine-1-8,treeshap_iforest,1,9,8657,8660,"[14, 9, 13, 11, 5, 10, 12, 8, 6, 15, 18, 0, 33, 21, 25, 27, 3, 20, 19, 24, 31, 1, 32, 30, 2, 34, 23, 35, 22, 29, 4, 7, 16, 17, 26, 28, 36, 37]",1,0.0,0.0,0.0,0.0,0,4,1,0
smd,group1_development,machine-1-8,treeshap_iforest,1,9,8657,8660,"[14, 9, 13, 11, 5, 10, 12, 8, 6, 15, 18, 0, 33, 21, 25, 27, 3, 20, 19, 24, 31, 1, 32, 30, 2, 34, 23, 35, 22, 29, 4, 7, 16, 17, 26, 28, 36, 37]",3,0.3333333333333333,0.25,0.28571428571428575,0.2960819109658652,1,4,3,1
smd,group1_development,machine-1-8,treeshap_iforest,1,9,8657,8660,"[14, 9, 13, 11, 5, 10, 12, 8, 6, 15, 18, 0, 33, 21, 25, 27, 3, 20, 19, 24, 31, 1, 32, 30, 2, 34, 23, 35, 22, 29, 4, 7, 16, 17, 26, 28, 36, 37]",5,0.2,0.25,0.22222222222222224,0.24630238874073,1,4,5,1
smd,group1_development,machine-1-8,treeshap_iforest,1,10,8912,8916,"[14, 9, 13, 6, 11, 5, 8, 12, 3, 25, 32, 22, 21, 33, 23, 0, 18, 15, 10, 34, 1, 29, 20, 2, 19, 24, 31, 27, 35, 30, 4, 7, 16, 17, 26, 28, 36, 37]",1,1.0,0.3333333333333333,0.5,1.0,1,3,1,1
smd,group1_development,machine-1-8,treeshap_iforest,1,10,8912,8916,"[14, 9, 13, 6, 11, 5, 8, 12, 3, 25, 32, 22, 21, 33, 23, 0, 18, 15, 10, 34, 1, 29, 20, 2, 19, 24, 31, 27, 35, 30, 4, 7, 16, 17, 26, 28, 36, 37]",3,0.6666666666666666,0.6666666666666666,0.6666666666666666,0.7653606369886217,1,3,3,2
smd,group1_development,machine-1-8,treeshap_iforest,1,10,8912,8916,"[14, 9, 13, 6, 11, 5, 8, 12, 3, 25, 32, 22, 21, 33, 23, 0, 18, 15, 10, 34, 1, 29, 20, 2, 19, 24, 31, 27, 35, 30, 4, 7, 16, 17, 26, 28, 36, 37]",5,0.4,0.6666666666666666,0.5,0.7653606369886217,1,3,5,2
smd,group1_development,machine-1-8,treeshap_iforest,1,11,9075,9078,"[14, 13, 5, 6, 12, 11, 8, 15, 1, 25, 31, 24, 32, 20, 33, 21, 0, 34, 23, 35, 10, 18, 9, 22, 19, 2, 3, 30, 27, 29, 4, 7, 16, 17, 26, 28, 36, 37]",1,0.0,0.0,0.0,0.0,0,2,1,0
smd,group1_development,machine-1-8,treeshap_iforest,1,11,9075,9078,"[14, 13, 5, 6, 12, 11, 8, 15, 1, 25, 31, 24, 32, 20, 33, 21, 0, 34, 23, 35, 10, 18, 9, 22, 19, 2, 3, 30, 27, 29, 4, 7, 16, 17, 26, 28, 36, 37]",3,0.3333333333333333,0.5,0.4,0.38685280723454163,1,2,3,1
smd,group1_development,machine-1-8,treeshap_iforest,1,11,9075,9078,"[14, 13, 5, 6, 12, 11, 8, 15, 1, 25, 31, 24, 32, 20, 33, 21, 0, 34, 23, 35, 10, 18, 9, 22, 19, 2, 3, 30, 27, 29, 4, 7, 16, 17, 26, 28, 36, 37]",5,0.2,0.5,0.28571428571428575,0.38685280723454163,1,2,5,1
smd,group1_development,machine-1-8,treeshap_iforest,1,12,12800,12816,"[3, 2, 0, 1, 14, 6, 13, 5, 11, 22, 35, 29, 12, 8, 24, 34, 21, 10, 31, 32, 15, 19, 33, 25, 9, 27, 23, 18, 20, 30, 4, 7, 16, 17, 26, 28, 36, 37]",1,0.0,0.0,0.0,0.0,0,2,1,0
smd,group1_development,machine-1-8,treeshap_iforest,1,12,12800,12816,"[3, 2, 0, 1, 14, 6, 13, 5, 11, 22, 35, 29, 12, 8, 24, 34, 21, 10, 31, 32, 15, 19, 33, 25, 9, 27, 23, 18, 20, 30, 4, 7, 16, 17, 26, 28, 36, 37]",3,0.0,0.0,0.0,0.0,0,2,3,0
smd,group1_development,machine-1-8,treeshap_iforest,1,12,12800,12816,"[3, 2, 0, 1, 14, 6, 13, 5, 11, 22, 35, 29, 12, 8, 24, 34, 21, 10, 31, 32, 15, 19, 33, 25, 9, 27, 23, 18, 20, 30, 4, 7, 16, 17, 26, 28, 36, 37]",5,0.0,0.0,0.0,0.0,0,2,5,0
smd,group1_development,machine-1-8,treeshap_iforest,1,13,15640,15756,"[14, 22, 13, 24, 6, 29, 35, 31, 34, 3, 21, 19, 5, 0, 32, 2, 11, 12, 10, 1, 25, 18, 33, 15, 9, 27, 23, 30, 20, 8, 4, 7, 16, 17, 26, 28, 36, 37]",1,0.0,0.0,0.0,0.0,0,9,1,0
smd,group1_development,machine-1-8,treeshap_iforest,1,13,15640,15756,"[14, 22, 13, 24, 6, 29, 35, 31, 34, 3, 21, 19, 5, 0, 32, 2, 11, 12, 10, 1, 25, 18, 33, 15, 9, 27, 23, 30, 20, 8, 4, 7, 16, 17, 26, 28, 36, 37]",3,0.3333333333333333,0.1111111111111111,0.16666666666666666,0.23463936301137822,1,9,3,1
smd,group1_development,machine-1-8,treeshap_iforest,1,13,15640,15756,"[14, 22, 13, 24, 6, 29, 35, 31, 34, 3, 21, 19, 5, 0, 32, 2, 11, 12, 10, 1, 25, 18, 33, 15, 9, 27, 23, 30, 20, 8, 4, 7, 16, 17, 26, 28, 36, 37]",5,0.4,0.2222222222222222,0.2857142857142857,0.30078518014914984,1,9,5,2
smd,group1_development,machine-1-8,treeshap_iforest,1,14,17117,17121,"[22, 14, 6, 5, 13, 15, 11, 10, 35, 24, 34, 31, 29, 19, 9, 21, 12, 33, 3, 32, 18, 25, 0, 27, 23, 20, 30, 1, 2, 8, 4, 7, 16, 17, 26, 28, 36, 37]",1,0.0,0.0,0.0,0.0,0,4,1,0
smd,group1_development,machine-1-8,treeshap_iforest,1,14,17117,17121,"[22, 14, 6, 5, 13, 15, 11, 10, 35, 24, 34, 31, 29, 19, 9, 21, 12, 33, 3, 32, 18, 25, 0, 27, 23, 20, 30, 1, 2, 8, 4, 7, 16, 17, 26, 28, 36, 37]",3,0.3333333333333333,0.25,0.28571428571428575,0.23463936301137822,1,4,3,1
smd,group1_development,machine-1-8,treeshap_iforest,1,14,17117,17121,"[22, 14, 6, 5, 13, 15, 11, 10, 35, 24, 34, 31, 29, 19, 9, 21, 12, 33, 3, 32, 18, 25, 0, 27, 23, 20, 30, 1, 2, 8, 4, 7, 16, 17, 26, 28, 36, 37]",5,0.4,0.5,0.4444444444444445,0.36331756126716835,1,4,5,2
smd,group1_development,machine-1-8,treeshap_iforest,1,15,17168,17172,"[22, 14, 13, 11, 8, 12, 31, 24, 34, 10, 35, 29, 32, 19, 0, 5, 18, 21, 15, 33, 27, 25, 3, 9, 23, 6, 1, 2, 30, 20, 4, 7, 16, 17, 26, 28, 36, 37]",1,0.0,0.0,0.0,0.0,0,2,1,0
smd,group1_development,machine-1-8,treeshap_iforest,1,15,17168,17172,"[22, 14, 13, 11, 8, 12, 31, 24, 34, 10, 35, 29, 32, 19, 0, 5, 18, 21, 15, 33, 27, 25, 3, 9, 23, 6, 1, 2, 30, 20, 4, 7, 16, 17, 26, 28, 36, 37]",3,0.6666666666666666,1.0,0.8,0.6934264036172708,1,2,3,2
smd,group1_development,machine-1-8,treeshap_iforest,1,15,17168,17172,"[22, 14, 13, 11, 8, 12, 31, 24, 34, 10, 35, 29, 32, 19, 0, 5, 18, 21, 15, 33, 27, 25, 3, 9, 23, 6, 1, 2, 30, 20, 4, 7, 16, 17, 26, 28, 36, 37]",5,0.4,1.0,0.5714285714285715,0.6934264036172708,1,2,5,2
smd,group1_development,machine-1-8,treeshap_iforest,1,16,18600,18683,"[22, 2, 3, 21, 14, 30, 20, 0, 1, 18, 24, 13, 5, 27, 10, 19, 15, 29, 6, 25, 34, 31, 35, 11, 23, 33, 32, 9, 12, 8, 4, 7, 16, 17, 26, 28, 36, 37]",1,1.0,0.05,0.09523809523809523,1.0,1,20,1,1
smd,group1_development,machine-1-8,treeshap_iforest,1,16,18600,18683,"[22, 2, 3, 21, 14, 30, 20, 0, 1, 18, 24, 13, 5, 27, 10, 19, 15, 29, 6, 25, 34, 31, 35, 11, 23, 33, 32, 9, 12, 8, 4, 7, 16, 17, 26, 28, 36, 37]",3,1.0,0.15,0.2608695652173913,1.0,1,20,3,3
smd,group1_development,machine-1-8,treeshap_iforest,1,16,18600,18683,"[22, 2, 3, 21, 14, 30, 20, 0, 1, 18, 24, 13, 5, 27, 10, 19, 15, 29, 6, 25, 34, 31, 35, 11, 23, 33, 32, 9, 12, 8, 4, 7, 16, 17, 26, 28, 36, 37]",5,0.8,0.2,0.32000000000000006,0.8687949224876582,1,20,5,4
smd,group1_development,machine-1-8,treeshap_iforest,1,17,19579,19583,"[11, 14, 13, 6, 22, 8, 27, 33, 32, 18, 20, 1, 34, 12, 23, 30, 24, 2, 9, 25, 10, 31, 15, 5, 19, 21, 0, 35, 29, 3, 4, 7, 16, 17, 26, 28, 36, 37]",1,0.0,0.0,0.0,0.0,0,21,1,0
smd,group1_development,machine-1-8,treeshap_iforest,1,17,19579,19583,"[11, 14, 13, 6, 22, 8, 27, 33, 32, 18, 20, 1, 34, 12, 23, 30, 24, 2, 9, 25, 10, 31, 15, 5, 19, 21, 0, 35, 29, 3, 4, 7, 16, 17, 26, 28, 36, 37]",3,0.0,0.0,0.0,0.0,0,21,3,0
smd,group1_development,machine-1-8,treeshap_iforest,1,17,19579,19583,"[11, 14, 13, 6, 22, 8, 27, 33, 32, 18, 20, 1, 34, 12, 23, 30, 24, 2, 9, 25, 10, 31, 15, 5, 19, 21, 0, 35, 29, 3, 4, 7, 16, 17, 26, 28, 36, 37]",5,0.4,0.09523809523809523,0.15384615384615385,0.27727342735504823,1,21,5,2
smd,group1_development,machine-1-8,treeshap_iforest,1,18,18890,18946,"[22, 21, 19, 10, 20, 15, 30, 2, 24, 31, 18, 35, 27, 0, 3, 13, 1, 34, 14, 25, 6, 29, 9, 11, 5, 23, 33, 32, 12, 8, 4, 7, 16, 17, 26, 28, 36, 37]",1,0.0,0.0,0.0,0.0,0,2,1,0
smd,group1_development,machine-1-8,treeshap_iforest,1,18,18890,18946,"[22, 21, 19, 10, 20, 15, 30, 2, 24, 31, 18, 35, 27, 0, 3, 13, 1, 34, 14, 25, 6, 29, 9, 11, 5, 23, 33, 32, 12, 8, 4, 7, 16, 17, 26, 28, 36, 37]",3,0.0,0.0,0.0,0.0,0,2,3,0
smd,group1_development,machine-1-8,treeshap_iforest,1,18,18890,18946,"[22, 21, 19, 10, 20, 15, 30, 2, 24, 31, 18, 35, 27, 0, 3, 13, 1, 34, 14, 25, 6, 29, 9, 11, 5, 23, 33, 32, 12, 8, 4, 7, 16, 17, 26, 28, 36, 37]",5,0.0,0.0,0.0,0.0,0,2,5,0
smd,group1_development,machine-1-8,treeshap_iforest,1,19,22899,22902,"[22, 14, 13, 2, 15, 8, 12, 11, 24, 34, 35, 32, 1, 29, 3, 31, 25, 0, 19, 6, 33, 23, 21, 18, 9, 27, 5, 10, 30, 20, 4, 7, 16, 17, 26, 28, 36, 37]",1,0.0,0.0,0.0,0.0,0,2,1,0
smd,group1_development,machine-1-8,treeshap_iforest,1,19,22899,22902,"[22, 14, 13, 2, 15, 8, 12, 11, 24, 34, 35, 32, 1, 29, 3, 31, 25, 0, 19, 6, 33, 23, 21, 18, 9, 27, 5, 10, 30, 20, 4, 7, 16, 17, 26, 28, 36, 37]",3,0.3333333333333333,0.5,0.4,0.3065735963827292,1,2,3,1
smd,group1_development,machine-1-8,treeshap_iforest,1,19,22899,22902,"[22, 14, 13, 2, 15, 8, 12, 11, 24, 34, 35, 32, 1, 29, 3, 31, 25, 0, 19, 6, 33, 23, 21, 18, 9, 27, 5, 10, 30, 20, 4, 7, 16, 17, 26, 28, 36, 37]",5,0.2,0.5,0.28571428571428575,0.3065735963827292,1,2,5,1
smd,group1_development,machine-1-8,treeshap_iforest,2,0,710,1081,"[23, 25, 9, 0, 1, 10, 14, 11, 30, 3, 13, 8, 15, 27, 18, 33, 2, 5, 6, 19, 32, 12, 35, 20, 29, 24, 31, 21, 22, 34, 4, 7, 16, 17, 26, 28, 36, 37]",1,0.0,0.0,0.0,0.0,0,3,1,0
smd,group1_development,machine-1-8,treeshap_iforest,2,0,710,1081,"[23, 25, 9, 0, 1, 10, 14, 11, 30, 3, 13, 8, 15, 27, 18, 33, 2, 5, 6, 19, 32, 12, 35, 20, 29, 24, 31, 21, 22, 34, 4, 7, 16, 17, 26, 28, 36, 37]",3,0.3333333333333333,0.3333333333333333,0.3333333333333333,0.23463936301137822,1,3,3,1
smd,group1_development,machine-1-8,treeshap_iforest,2,0,710,1081,"[23, 25, 9, 0, 1, 10, 14, 11, 30, 3, 13, 8, 15, 27, 18, 33, 2, 5, 6, 19, 32, 12, 35, 20, 29, 24, 31, 21, 22, 34, 4, 7, 16, 17, 26, 28, 36, 37]",5,0.4,0.6666666666666666,0.5,0.4367467095119258,1,3,5,2
smd,group1_development,machine-1-8,treeshap_iforest,2,1,2105,2171,"[9, 23, 11, 12, 25, 3, 1, 14, 15, 8, 13, 30, 18, 2, 10, 0, 33, 19, 27, 6, 32, 5, 35, 31, 20, 34, 22, 29, 24, 21, 4, 7, 16, 17, 26, 28, 36, 37]",1,1.0,0.2,0.33333333333333337,1.0,1,5,1,1
smd,group1_development,machine-1-8,treeshap_iforest,2,1,2105,2171,"[9, 23, 11, 12, 25, 3, 1, 14, 15, 8, 13, 30, 18, 2, 10, 0, 33, 19, 27, 6, 32, 5, 35, 31, 20, 34, 22, 29, 24, 21, 4, 7, 16, 17, 26, 28, 36, 37]",3,0.6666666666666666,0.4,0.5,0.7039180890341347,1,5,3,2
smd,group1_development,machine-1-8,treeshap_iforest,2,1,2105,2171,"[9, 23, 11, 12, 25, 3, 1, 14, 15, 8, 13, 30, 18, 2, 10, 0, 33, 19, 27, 6, 32, 5, 35, 31, 20, 34, 22, 29, 24, 21, 4, 7, 16, 17, 26, 28, 36, 37]",5,0.4,0.4,0.4000000000000001,0.5087403079104241,1,5,5,2
smd,group1_development,machine-1-8,treeshap_iforest,2,2,2725,2728,"[9, 14, 12, 3, 11, 8, 1, 2, 35, 0, 13, 24, 34, 32, 19, 29, 22, 10, 25, 23, 15, 31, 5, 33, 6, 20, 21, 30, 18, 27, 4, 7, 16, 17, 26, 28, 36, 37]",1,1.0,0.25,0.4,1.0,1,4,1,1
smd,group1_development,machine-1-8,treeshap_iforest,2,2,2725,2728,"[9, 14, 12, 3, 11, 8, 1, 2, 35, 0, 13, 24, 34, 32, 19, 29, 22, 10, 25, 23, 15, 31, 5, 33, 6, 20, 21, 30, 18, 27, 4, 7, 16, 17, 26, 28, 36, 37]",3,0.6666666666666666,0.5,0.5714285714285715,0.7039180890341347,1,4,3,2
smd,group1_development,machine-1-8,treeshap_iforest,2,2,2725,2728,"[9, 14, 12, 3, 11, 8, 1, 2, 35, 0, 13, 24, 34, 32, 19, 29, 22, 10, 25, 23, 15, 31, 5, 33, 6, 20, 21, 30, 18, 27, 4, 7, 16, 17, 26, 28, 36, 37]",5,0.4,0.5,0.4444444444444445,0.5855700749881525,1,4,5,2
smd,group1_development,machine-1-8,treeshap_iforest,2,3,3068,3071,"[1, 19, 2, 0, 31, 30, 3, 34, 18, 12, 21, 27, 35, 13, 22, 24, 20, 14, 8, 10, 29, 15, 6, 5, 32, 11, 9, 33, 23, 25, 4, 7, 16, 17, 26, 28, 36, 37]",1,0.0,0.0,0.0,0.0,0,4,1,0
smd,group1_development,machine-1-8,treeshap_iforest,2,3,3068,3071,"[1, 19, 2, 0, 31, 30, 3, 34, 18, 12, 21, 27, 35, 13, 22, 24, 20, 14, 8, 10, 29, 15, 6, 5, 32, 11, 9, 33, 23, 25, 4, 7, 16, 17, 26, 28, 36, 37]",3,0.0,0.0,0.0,0.0,0,4,3,0
smd,group1_development,machine-1-8,treeshap_iforest,2,3,3068,3071,"[1, 19, 2, 0, 31, 30, 3, 34, 18, 12, 21, 27, 35, 13, 22, 24, 20, 14, 8, 10, 29, 15, 6, 5, 32, 11, 9, 33, 23, 25, 4, 7, 16, 17, 26, 28, 36, 37]",5,0.0,0.0,0.0,0.0,0,4,5,0
smd,group1_development,machine-1-8,treeshap_iforest,2,4,3594,3598,"[14, 11, 8, 12, 6, 23, 25, 5, 3, 1, 13, 32, 2, 18, 30, 10, 33, 15, 0, 27, 20, 35, 9, 34, 19, 31, 22, 24, 29, 21, 4, 7, 16, 17, 26, 28, 36, 37]",1,1.0,0.2,0.33333333333333337,1.0,1,5,1,1
smd,group1_development,machine-1-8,treeshap_iforest,2,4,3594,3598,"[14, 11, 8, 12, 6, 23, 25, 5, 3, 1, 13, 32, 2, 18, 30, 10, 33, 15, 0, 27, 20, 35, 9, 34, 19, 31, 22, 24, 29, 21, 4, 7, 16, 17, 26, 28, 36, 37]",3,0.6666666666666666,0.4,0.5,0.7039180890341347,1,5,3,2
smd,group1_development,machine-1-8,treeshap_iforest,2,4,3594,3598,"[14, 11, 8, 12, 6, 23, 25, 5, 3, 1, 13, 32, 2, 18, 30, 10, 33, 15, 0, 27, 20, 35, 9, 34, 19, 31, 22, 24, 29, 21, 4, 7, 16, 17, 26, 28, 36, 37]",5,0.8,0.8,0.8000000000000002,0.7860137352654724,1,5,5,4
smd,group1_development,machine-1-8,treeshap_iforest,2,5,4589,4599,"[5, 3, 6, 10, 15, 14, 13, 2, 24, 0, 11, 12, 32, 1, 29, 20, 23, 9, 25, 22, 33, 35, 21, 18, 34, 8, 27, 19, 30, 31, 4, 7, 16, 17, 26, 28, 36, 37]",1,1.0,0.25,0.4,1.0,1,4,1,1
smd,group1_development,machine-1-8,treeshap_iforest,2,5,4589,4599,"[5, 3, 6, 10, 15, 14, 13, 2, 24, 0, 11, 12, 32, 1, 29, 20, 23, 9, 25, 22, 33, 35, 21, 18, 34, 8, 27, 19, 30, 31, 4, 7, 16, 17, 26, 28, 36, 37]",3,0.6666666666666666,0.5,0.5714285714285715,0.7039180890341347,1,4,3,2
smd,group1_development,machine-1-8,treeshap_iforest,2,5,4589,4599,"[5, 3, 6, 10, 15, 14, 13, 2, 24, 0, 11, 12, 32, 1, 29, 20, 23, 9, 25, 22, 33, 35, 21, 18, 34, 8, 27, 19, 30, 31, 4, 7, 16, 17, 26, 28, 36, 37]",5,0.8,1.0,0.888888888888889,0.9047172294870751,1,4,5,4
smd,group1_development,machine-1-8,treeshap_iforest,2,6,7100,7104,"[14, 15, 10, 13, 6, 5, 11, 24, 35, 29, 32, 22, 19, 21, 34, 23, 33, 20, 25, 30, 1, 27, 0, 12, 3, 31, 8, 9, 18, 2, 4, 7, 16, 17, 26, 28, 36, 37]",1,0.0,0.0,0.0,0.0,0,4,1,0
smd,group1_development,machine-1-8,treeshap_iforest,2,6,7100,7104,"[14, 15, 10, 13, 6, 5, 11, 24, 35, 29, 32, 22, 19, 21, 34, 23, 33, 20, 25, 30, 1, 27, 0, 12, 3, 31, 8, 9, 18, 2, 4, 7, 16, 17, 26, 28, 36, 37]",3,0.6666666666666666,0.5,0.5714285714285715,0.5307212739772434,1,4,3,2
smd,group1_development,machine-1-8,treeshap_iforest,2,6,7100,7104,"[14, 15, 10, 13, 6, 5, 11, 24, 35, 29, 32, 22, 19, 21, 34, 23, 33, 20, 25, 30, 1, 27, 0, 12, 3, 31, 8, 9, 18, 2, 4, 7, 16, 17, 26, 28, 36, 37]",5,0.6,0.75,0.6666666666666665,0.592512031964586,1,4,5,3
smd,group1_development,machine-1-8,treeshap_iforest,2,7,7474,7477,"[14, 15, 10, 13, 6, 22, 11, 24, 5, 33, 21, 23, 20, 1, 0, 25, 35, 29, 27, 12, 34, 19, 8, 32, 30, 9, 18, 2, 3, 31, 4, 7, 16, 17, 26, 28, 36, 37]",1,0.0,0.0,0.0,0.0,0,4,1,0
smd,group1_development,machine-1-8,treeshap_iforest,2,7,7474,7477,"[14, 15, 10, 13, 6, 22, 11, 24, 5, 33, 21, 23, 20, 1, 0, 25, 35, 29, 27, 12, 34, 19, 8, 32, 30, 9, 18, 2, 3, 31, 4, 7, 16, 17, 26, 28, 36, 37]",3,0.6666666666666666,0.5,0.5714285714285715,0.5307212739772434,1,4,3,2
smd,group1_development,machine-1-8,treeshap_iforest,2,7,7474,7477,"[14, 15, 10, 13, 6, 22, 11, 24, 5, 33, 21, 23, 20, 1, 0, 25, 35, 29, 27, 12, 34, 19, 8, 32, 30, 9, 18, 2, 3, 31, 4, 7, 16, 17, 26, 28, 36, 37]",5,0.6,0.75,0.6666666666666665,0.592512031964586,1,4,5,3
smd,group1_development,machine-1-8,treeshap_iforest,2,8,8317,8320,"[14, 11, 13, 6, 5, 8, 33, 18, 30, 10, 15, 1, 29, 21, 25, 20, 2, 9, 0, 35, 22, 32, 31, 19, 23, 27, 34, 12, 3, 24, 4, 7, 16, 17, 26, 28, 36, 37]",1,1.0,0.5,0.6666666666666666,1.0,1,2,1,1
smd,group1_development,machine-1-8,treeshap_iforest,2,8,8317,8320,"[14, 11, 13, 6, 5, 8, 33, 18, 30, 10, 15, 1, 29, 21, 25, 20, 2, 9, 0, 35, 22, 32, 31, 19, 23, 27, 34, 12, 3, 24, 4, 7, 16, 17, 26, 28, 36, 37]",3,0.3333333333333333,0.5,0.4,0.6131471927654584,1,2,3,1
smd,group1_development,machine-1-8,treeshap_iforest,2,8,8317,8320,"[14, 11, 13, 6, 5, 8, 33, 18, 30, 10, 15, 1, 29, 21, 25, 20, 2, 9, 0, 35, 22, 32, 31, 19, 23, 27, 34, 12, 3, 24, 4, 7, 16, 17, 26, 28, 36, 37]",5,0.2,0.5,0.28571428571428575,0.6131471927654584,1,2,5,1
smd,group1_development,machine-1-8,treeshap_iforest,2,9,8657,8660,"[14, 9, 11, 12, 13, 6, 10, 5, 15, 8, 33, 20, 27, 25, 3, 21, 0, 2, 24, 23, 1, 29, 18, 32, 19, 34, 30, 22, 35, 31, 4, 7, 16, 17, 26, 28, 36, 37]",1,0.0,0.0,0.0,0.0,0,4,1,0
smd,group1_development,machine-1-8,treeshap_iforest,2,9,8657,8660,"[14, 9, 11, 12, 13, 6, 10, 5, 15, 8, 33, 20, 27, 25, 3, 21, 0, 2, 24, 23, 1, 29, 18, 32, 19, 34, 30, 22, 35, 31, 4, 7, 16, 17, 26, 28, 36, 37]",3,0.3333333333333333,0.25,0.28571428571428575,0.2960819109658652,1,4,3,1
smd,group1_development,machine-1-8,treeshap_iforest,2,9,8657,8660,"[14, 9, 11, 12, 13, 6, 10, 5, 15, 8, 33, 20, 27, 25, 3, 21, 0, 2, 24, 23, 1, 29, 18, 32, 19, 34, 30, 22, 35, 31, 4, 7, 16, 17, 26, 28, 36, 37]",5,0.4,0.5,0.4444444444444445,0.4144299250118475,1,4,5,2
smd,group1_development,machine-1-8,treeshap_iforest,2,10,8912,8916,"[14, 9, 6, 13, 11, 12, 5, 8, 24, 33, 25, 23, 21, 3, 22, 0, 35, 15, 32, 29, 19, 2, 10, 34, 1, 27, 20, 31, 18, 30, 4, 7, 16, 17, 26, 28, 36, 37]",1,1.0,0.3333333333333333,0.5,1.0,1,3,1,1
smd,group1_development,machine-1-8,treeshap_iforest,2,10,8912,8916,"[14, 9, 6, 13, 11, 12, 5, 8, 24, 33, 25, 23, 21, 3, 22, 0, 35, 15, 32, 29, 19, 2, 10, 34, 1, 27, 20, 31, 18, 30, 4, 7, 16, 17, 26, 28, 36, 37]",3,0.6666666666666666,0.6666666666666666,0.6666666666666666,0.7653606369886217,1,3,3,2
smd,group1_development,machine-1-8,treeshap_iforest,2,10,8912,8916,"[14, 9, 6, 13, 11, 12, 5, 8, 24, 33, 25, 23, 21, 3, 22, 0, 35, 15, 32, 29, 19, 2, 10, 34, 1, 27, 20, 31, 18, 30, 4, 7, 16, 17, 26, 28, 36, 37]",5,0.4,0.6666666666666666,0.5,0.7653606369886217,1,3,5,2
smd,group1_development,machine-1-8,treeshap_iforest,2,11,9075,9078,"[14, 13, 6, 12, 15, 5, 8, 11, 1, 25, 33, 21, 0, 2, 32, 23, 3, 27, 34, 9, 22, 35, 18, 10, 31, 30, 29, 24, 19, 20, 4, 7, 16, 17, 26, 28, 36, 37]",1,0.0,0.0,0.0,0.0,0,2,1,0
smd,group1_development,machine-1-8,treeshap_iforest,2,11,9075,9078,"[14, 13, 6, 12, 15, 5, 8, 11, 1, 25, 33, 21, 0, 2, 32, 23, 3, 27, 34, 9, 22, 35, 18, 10, 31, 30, 29, 24, 19, 20, 4, 7, 16, 17, 26, 28, 36, 37]",3,0.3333333333333333,0.5,0.4,0.38685280723454163,1,2,3,1
smd,group1_development,machine-1-8,treeshap_iforest,2,11,9075,9078,"[14, 13, 6, 12, 15, 5, 8, 11, 1, 25, 33, 21, 0, 2, 32, 23, 3, 27, 34, 9, 22, 35, 18, 10, 31, 30, 29, 24, 19, 20, 4, 7, 16, 17, 26, 28, 36, 37]",5,0.2,0.5,0.28571428571428575,0.38685280723454163,1,2,5,1
smd,group1_development,machine-1-8,treeshap_iforest,2,12,12800,12816,"[3, 14, 1, 0, 2, 6, 13, 24, 5, 34, 35, 12, 32, 22, 11, 19, 29, 10, 15, 8, 31, 25, 33, 21, 23, 9, 20, 30, 27, 18, 4, 7, 16, 17, 26, 28, 36, 37]",1,0.0,0.0,0.0,0.0,0,2,1,0
smd,group1_development,machine-1-8,treeshap_iforest,2,12,12800,12816,"[3, 14, 1, 0, 2, 6, 13, 24, 5, 34, 35, 12, 32, 22, 11, 19, 29, 10, 15, 8, 31, 25, 33, 21, 23, 9, 20, 30, 27, 18, 4, 7, 16, 17, 26, 28, 36, 37]",3,0.0,0.0,0.0,0.0,0,2,3,0
smd,group1_development,machine-1-8,treeshap_iforest,2,12,12800,12816,"[3, 14, 1, 0, 2, 6, 13, 24, 5, 34, 35, 12, 32, 22, 11, 19, 29, 10, 15, 8, 31, 25, 33, 21, 23, 9, 20, 30, 27, 18, 4, 7, 16, 17, 26, 28, 36, 37]",5,0.0,0.0,0.0,0.0,0,2,5,0
smd,group1_development,machine-1-8,treeshap_iforest,2,13,15640,15756,"[14, 22, 24, 13, 35, 34, 3, 29, 32, 19, 6, 31, 5, 21, 2, 0, 25, 10, 1, 12, 15, 23, 11, 33, 30, 9, 20, 27, 8, 18, 4, 7, 16, 17, 26, 28, 36, 37]",1,0.0,0.0,0.0,0.0,0,9,1,0
smd,group1_development,machine-1-8,treeshap_iforest,2,13,15640,15756,"[14, 22, 24, 13, 35, 34, 3, 29, 32, 19, 6, 31, 5, 21, 2, 0, 25, 10, 1, 12, 15, 23, 11, 33, 30, 9, 20, 27, 8, 18, 4, 7, 16, 17, 26, 28, 36, 37]",3,0.0,0.0,0.0,0.0,0,9,3,0
smd,group1_development,machine-1-8,treeshap_iforest,2,13,15640,15756,"[14, 22, 24, 13, 35, 34, 3, 29, 32, 19, 6, 31, 5, 21, 2, 0, 25, 10, 1, 12, 15, 23, 11, 33, 30, 9, 20, 27, 8, 18, 4, 7, 16, 17, 26, 28, 36, 37]",5,0.2,0.1111111111111111,0.14285714285714285,0.14606834984270645,1,9,5,1
smd,group1_development,machine-1-8,treeshap_iforest,2,14,17117,17121,"[14, 22, 15, 5, 24, 13, 10, 34, 6, 35, 29, 11, 31, 19, 32, 33, 21, 12, 23, 9, 25, 20, 30, 0, 1, 27, 8, 2, 18, 3, 4, 7, 16, 17, 26, 28, 36, 37]",1,0.0,0.0,0.0,0.0,0,4,1,0
smd,group1_development,machine-1-8,treeshap_iforest,2,14,17117,17121,"[14, 22, 15, 5, 24, 13, 10, 34, 6, 35, 29, 11, 31, 19, 32, 33, 21, 12, 23, 9, 25, 20, 30, 0, 1, 27, 8, 2, 18, 3, 4, 7, 16, 17, 26, 28, 36, 37]",3,0.3333333333333333,0.25,0.28571428571428575,0.23463936301137822,1,4,3,1
smd,group1_development,machine-1-8,treeshap_iforest,2,14,17117,17121,"[14, 22, 15, 5, 24, 13, 10, 34, 6, 35, 29, 11, 31, 19, 32, 33, 21, 12, 23, 9, 25, 20, 30, 0, 1, 27, 8, 2, 18, 3, 4, 7, 16, 17, 26, 28, 36, 37]",5,0.4,0.5,0.4444444444444445,0.36331756126716835,1,4,5,2
smd,group1_development,machine-1-8,treeshap_iforest,2,15,17168,17172,"[14, 22, 13, 11, 24, 12, 34, 35, 8, 32, 10, 29, 19, 23, 3, 15, 25, 31, 0, 33, 20, 21, 2, 6, 9, 5, 27, 30, 18, 1, 4, 7, 16, 17, 26, 28, 36, 37]",1,1.0,0.5,0.6666666666666666,1.0,1,2,1,1
smd,group1_development,machine-1-8,treeshap_iforest,2,15,17168,17172,"[14, 22, 13, 11, 24, 12, 34, 35, 8, 32, 10, 29, 19, 23, 3, 15, 25, 31, 0, 33, 20, 21, 2, 6, 9, 5, 27, 30, 18, 1, 4, 7, 16, 17, 26, 28, 36, 37]",3,0.6666666666666666,1.0,0.8,0.9197207891481876,1,2,3,2
smd,group1_development,machine-1-8,treeshap_iforest,2,15,17168,17172,"[14, 22, 13, 11, 24, 12, 34, 35, 8, 32, 10, 29, 19, 23, 3, 15, 25, 31, 0, 33, 20, 21, 2, 6, 9, 5, 27, 30, 18, 1, 4, 7, 16, 17, 26, 28, 36, 37]",5,0.4,1.0,0.5714285714285715,0.9197207891481876,1,2,5,2
smd,group1_development,machine-1-8,treeshap_iforest,2,16,18600,18683,"[3, 14, 22, 1, 24, 2, 0, 30, 21, 18, 15, 10, 27, 13, 19, 29, 20, 25, 6, 5, 35, 34, 23, 31, 12, 11, 33, 32, 9, 8, 4, 7, 16, 17, 26, 28, 36, 37]",1,1.0,0.05,0.09523809523809523,1.0,1,20,1,1
smd,group1_development,machine-1-8,treeshap_iforest,2,16,18600,18683,"[3, 14, 22, 1, 24, 2, 0, 30, 21, 18, 15, 10, 27, 13, 19, 29, 20, 25, 6, 5, 35, 34, 23, 31, 12, 11, 33, 32, 9, 8, 4, 7, 16, 17, 26, 28, 36, 37]",3,0.6666666666666666,0.1,0.1739130434782609,0.7039180890341347,1,20,3,2
smd,group1_development,machine-1-8,treeshap_iforest,2,16,18600,18683,"[3, 14, 22, 1, 24, 2, 0, 30, 21, 18, 15, 10, 27, 13, 19, 29, 20, 25, 6, 5, 35, 34, 23, 31, 12, 11, 33, 32, 9, 8, 4, 7, 16, 17, 26, 28, 36, 37]",5,0.8,0.2,0.32000000000000006,0.7860137352654724,1,20,5,4
smd,group1_development,machine-1-8,treeshap_iforest,2,17,19579,19583,"[11, 6, 14, 13, 8, 23, 0, 30, 33, 22, 12, 32, 29, 18, 20, 25, 15, 31, 9, 10, 24, 34, 5, 21, 27, 35, 2, 1, 19, 3, 4, 7, 16, 17, 26, 28, 36, 37]",1,0.0,0.0,0.0,0.0,0,21,1,0
smd,group1_development,machine-1-8,treeshap_iforest,2,17,19579,19583,"[11, 6, 14, 13, 8, 23, 0, 30, 33, 22, 12, 32, 29, 18, 20, 25, 15, 31, 9, 10, 24, 34, 5, 21, 27, 35, 2, 1, 19, 3, 4, 7, 16, 17, 26, 28, 36, 37]",3,0.3333333333333333,0.047619047619047616,0.08333333333333333,0.2960819109658652,1,21,3,1
smd,group1_development,machine-1-8,treeshap_iforest,2,17,19579,19583,"[11, 6, 14, 13, 8, 23, 0, 30, 33, 22, 12, 32, 29, 18, 20, 25, 15, 31, 9, 10, 24, 34, 5, 21, 27, 35, 2, 1, 19, 3, 4, 7, 16, 17, 26, 28, 36, 37]",5,0.2,0.047619047619047616,0.07692307692307693,0.21398626473452756,1,21,5,1
smd,group1_development,machine-1-8,treeshap_iforest,2,18,18890,18946,"[10, 15, 22, 19, 24, 31, 3, 1, 30, 21, 2, 18, 35, 34, 0, 27, 14, 20, 25, 13, 6, 29, 23, 12, 9, 11, 5, 32, 33, 8, 4, 7, 16, 17, 26, 28, 36, 37]",1,0.0,0.0,0.0,0.0,0,2,1,0
smd,group1_development,machine-1-8,treeshap_iforest,2,18,18890,18946,"[10, 15, 22, 19, 24, 31, 3, 1, 30, 21, 2, 18, 35, 34, 0, 27, 14, 20, 25, 13, 6, 29, 23, 12, 9, 11, 5, 32, 33, 8, 4, 7, 16, 17, 26, 28, 36, 37]",3,0.0,0.0,0.0,0.0,0,2,3,0
smd,group1_development,machine-1-8,treeshap_iforest,2,18,18890,18946,"[10, 15, 22, 19, 24, 31, 3, 1, 30, 21, 2, 18, 35, 34, 0, 27, 14, 20, 25, 13, 6, 29, 23, 12, 9, 11, 5, 32, 33, 8, 4, 7, 16, 17, 26, 28, 36, 37]",5,0.0,0.0,0.0,0.0,0,2,5,0
smd,group1_development,machine-1-8,treeshap_iforest,2,19,22899,22902,"[14, 22, 13, 12, 15, 34, 24, 3, 35, 32, 1, 8, 6, 11, 0, 23, 2, 25, 29, 33, 31, 19, 21, 10, 5, 9, 20, 30, 18, 27, 4, 7, 16, 17, 26, 28, 36, 37]",1,0.0,0.0,0.0,0.0,0,2,1,0
smd,group1_development,machine-1-8,treeshap_iforest,2,19,22899,22902,"[14, 22, 13, 12, 15, 34, 24, 3, 35, 32, 1, 8, 6, 11, 0, 23, 2, 25, 29, 33, 31, 19, 21, 10, 5, 9, 20, 30, 18, 27, 4, 7, 16, 17, 26, 28, 36, 37]",3,0.3333333333333333,0.5,0.4,0.3065735963827292,1,2,3,1
smd,group1_development,machine-1-8,treeshap_iforest,2,19,22899,22902,"[14, 22, 13, 12, 15, 34, 24, 3, 35, 32, 1, 8, 6, 11, 0, 23, 2, 25, 29, 33, 31, 19, 21, 10, 5, 9, 20, 30, 18, 27, 4, 7, 16, 17, 26, 28, 36, 37]",5,0.2,0.5,0.28571428571428575,0.3065735963827292,1,2,5,1
smd,group23_evaluation,machine-2-1,treeshap_iforest,0,0,6506,6528,"[8, 15, 31, 6, 13, 14, 19, 22, 35, 34, 30, 11, 27, 24, 21, 18, 9, 20, 12, 33, 5, 10, 0, 25, 23, 3, 29, 4, 2, 1, 32, 16, 17, 7, 26, 28, 36, 37]",1,0.0,0.0,0.0,0.0,0,5,1,0
smd,group23_evaluation,machine-2-1,treeshap_iforest,0,0,6506,6528,"[8, 15, 31, 6, 13, 14, 19, 22, 35, 34, 30, 11, 27, 24, 21, 18, 9, 20, 12, 33, 5, 10, 0, 25, 23, 3, 29, 4, 2, 1, 32, 16, 17, 7, 26, 28, 36, 37]",3,0.3333333333333333,0.2,0.25,0.23463936301137822,1,5,3,1
smd,group23_evaluation,machine-2-1,treeshap_iforest,0,0,6506,6528,"[8, 15, 31, 6, 13, 14, 19, 22, 35, 34, 30, 11, 27, 24, 21, 18, 9, 20, 12, 33, 5, 10, 0, 25, 23, 3, 29, 4, 2, 1, 32, 16, 17, 7, 26, 28, 36, 37]",5,0.2,0.2,0.20000000000000004,0.16958010263680806,1,5,5,1
smd,group23_evaluation,machine-2-1,treeshap_iforest,0,1,7907,7961,"[15, 8, 13, 19, 22, 30, 27, 14, 31, 6, 34, 24, 35, 21, 18, 20, 11, 9, 2, 0, 10, 5, 33, 4, 1, 3, 29, 25, 12, 23, 32, 16, 17, 7, 26, 28, 36, 37]",1,0.0,0.0,0.0,0.0,0,5,1,0
smd,group23_evaluation,machine-2-1,treeshap_iforest,0,1,7907,7961,"[15, 8, 13, 19, 22, 30, 27, 14, 31, 6, 34, 24, 35, 21, 18, 20, 11, 9, 2, 0, 10, 5, 33, 4, 1, 3, 29, 25, 12, 23, 32, 16, 17, 7, 26, 28, 36, 37]",3,0.3333333333333333,0.2,0.25,0.2960819109658652,1,5,3,1
smd,group23_evaluation,machine-2-1,treeshap_iforest,0,1,7907,7961,"[15, 8, 13, 19, 22, 30, 27, 14, 31, 6, 34, 24, 35, 21, 18, 20, 11, 9, 2, 0, 10, 5, 33, 4, 1, 3, 29, 25, 12, 23, 32, 16, 17, 7, 26, 28, 36, 37]",5,0.2,0.2,0.20000000000000004,0.21398626473452756,1,5,5,1
smd,group23_evaluation,machine-2-1,treeshap_iforest,0,2,9340,9386,"[15, 13, 8, 14, 6, 31, 27, 19, 30, 9, 11, 34, 33, 22, 5, 35, 24, 10, 18, 4, 21, 12, 23, 20, 0, 29, 25, 32, 1, 3, 2, 16, 17, 7, 26, 28, 36, 37]",1,0.0,0.0,0.0,0.0,0,7,1,0
smd,group23_evaluation,machine-2-1,treeshap_iforest,0,2,9340,9386,"[15, 13, 8, 14, 6, 31, 27, 19, 30, 9, 11, 34, 33, 22, 5, 35, 24, 10, 18, 4, 21, 12, 23, 20, 0, 29, 25, 32, 1, 3, 2, 16, 17, 7, 26, 28, 36, 37]",3,0.3333333333333333,0.14285714285714285,0.2,0.23463936301137822,1,7,3,1
smd,group23_evaluation,machine-2-1,treeshap_iforest,0,2,9340,9386,"[15, 13, 8, 14, 6, 31, 27, 19, 30, 9, 11, 34, 33, 22, 5, 35, 24, 10, 18, 4, 21, 12, 23, 20, 0, 29, 25, 32, 1, 3, 2, 16, 17, 7, 26, 28, 36, 37]",5,0.2,0.14285714285714285,0.16666666666666666,0.16958010263680806,1,7,5,1
smd,group23_evaluation,machine-2-1,treeshap_iforest,0,3,9779,9805,"[8, 15, 11, 14, 13, 6, 33, 23, 32, 25, 20, 1, 31, 29, 2, 21, 0, 30, 18, 34, 27, 22, 24, 35, 4, 5, 9, 3, 19, 10, 12, 16, 17, 7, 26, 28, 36, 37]",1,0.0,0.0,0.0,0.0,0,3,1,0
smd,group23_evaluation,machine-2-1,treeshap_iforest,0,3,9779,9805,"[8, 15, 11, 14, 13, 6, 33, 23, 32, 25, 20, 1, 31, 29, 2, 21, 0, 30, 18, 34, 27, 22, 24, 35, 4, 5, 9, 3, 19, 10, 12, 16, 17, 7, 26, 28, 36, 37]",3,0.0,0.0,0.0,0.0,0,3,3,0
smd,group23_evaluation,machine-2-1,treeshap_iforest,0,3,9779,9805,"[8, 15, 11, 14, 13, 6, 33, 23, 32, 25, 20, 1, 31, 29, 2, 21, 0, 30, 18, 34, 27, 22, 24, 35, 4, 5, 9, 3, 19, 10, 12, 16, 17, 7, 26, 28, 36, 37]",5,0.0,0.0,0.0,0.0,0,3,5,0
smd,group23_evaluation,machine-2-1,treeshap_iforest,0,4,12173,12181,"[15, 13, 8, 14, 9, 10, 23, 11, 29, 27, 25, 19, 20, 31, 5, 18, 4, 6, 33, 30, 21, 22, 35, 24, 34, 0, 2, 3, 1, 12, 32, 16, 17, 7, 26, 28, 36, 37]",1,0.0,0.0,0.0,0.0,0,5,1,0
smd,group23_evaluation,machine-2-1,treeshap_iforest,0,4,12173,12181,"[15, 13, 8, 14, 9, 10, 23, 11, 29, 27, 25, 19, 20, 31, 5, 18, 4, 6, 33, 30, 21, 22, 35, 24, 34, 0, 2, 3, 1, 12, 32, 16, 17, 7, 26, 28, 36, 37]",3,0.0,0.0,0.0,0.0,0,5,3,0
smd,group23_evaluation,machine-2-1,treeshap_iforest,0,4,12173,12181,"[15, 13, 8, 14, 9, 10, 23, 11, 29, 27, 25, 19, 20, 31, 5, 18, 4, 6, 33, 30, 21, 22, 35, 24, 34, 0, 2, 3, 1, 12, 32, 16, 17, 7, 26, 28, 36, 37]",5,0.0,0.0,0.0,0.0,0,5,5,0
smd,group23_evaluation,machine-2-1,treeshap_iforest,0,5,16136,16588,"[15, 13, 8, 23, 25, 14, 31, 6, 1, 5, 9, 30, 22, 0, 2, 11, 27, 20, 24, 34, 10, 35, 18, 33, 21, 19, 29, 3, 4, 12, 32, 16, 17, 7, 26, 28, 36, 37]",1,0.0,0.0,0.0,0.0,0,4,1,0
smd,group23_evaluation,machine-2-1,treeshap_iforest,0,5,16136,16588,"[15, 13, 8, 23, 25, 14, 31, 6, 1, 5, 9, 30, 22, 0, 2, 11, 27, 20, 24, 34, 10, 35, 18, 33, 21, 19, 29, 3, 4, 12, 32, 16, 17, 7, 26, 28, 36, 37]",3,0.3333333333333333,0.25,0.28571428571428575,0.23463936301137822,1,4,3,1
smd,group23_evaluation,machine-2-1,treeshap_iforest,0,5,16136,16588,"[15, 13, 8, 23, 25, 14, 31, 6, 1, 5, 9, 30, 22, 0, 2, 11, 27, 20, 24, 34, 10, 35, 18, 33, 21, 19, 29, 3, 4, 12, 32, 16, 17, 7, 26, 28, 36, 37]",5,0.6,0.75,0.6666666666666665,0.5143371794949736,1,4,5,3
smd,group23_evaluation,machine-2-1,treeshap_iforest,0,6,17365,17382,"[2, 1, 15, 8, 3, 13, 10, 5, 0, 9, 23, 14, 25, 24, 34, 22, 27, 30, 31, 35, 6, 12, 11, 21, 20, 19, 33, 29, 18, 4, 32, 17, 16, 7, 26, 28, 36, 37]",1,1.0,0.09090909090909091,0.16666666666666669,1.0,1,11,1,1
smd,group23_evaluation,machine-2-1,treeshap_iforest,0,6,17365,17382,"[2, 1, 15, 8, 3, 13, 10, 5, 0, 9, 23, 14, 25, 24, 34, 22, 27, 30, 31, 35, 6, 12, 11, 21, 20, 19, 33, 29, 18, 4, 32, 17, 16, 7, 26, 28, 36, 37]",3,1.0,0.2727272727272727,0.42857142857142855,1.0,1,11,3,3
smd,group23_evaluation,machine-2-1,treeshap_iforest,0,6,17365,17382,"[2, 1, 15, 8, 3, 13, 10, 5, 0, 9, 23, 14, 25, 24, 34, 22, 27, 30, 31, 35, 6, 12, 11, 21, 20, 19, 33, 29, 18, 4, 32, 17, 16, 7, 26, 28, 36, 37]",5,1.0,0.45454545454545453,0.625,1.0,1,11,5,5
smd,group23_evaluation,machine-2-1,treeshap_iforest,0,7,17995,18028,"[15, 8, 13, 5, 14, 11, 18, 31, 9, 6, 10, 33, 12, 24, 35, 25, 22, 34, 23, 0, 20, 3, 4, 1, 30, 32, 27, 29, 2, 21, 19, 16, 17, 7, 26, 28, 36, 37]",1,0.0,0.0,0.0,0.0,0,5,1,0
smd,group23_evaluation,machine-2-1,treeshap_iforest,0,7,17995,18028,"[15, 8, 13, 5, 14, 11, 18, 31, 9, 6, 10, 33, 12, 24, 35, 25, 22, 34, 23, 0, 20, 3, 4, 1, 30, 32, 27, 29, 2, 21, 19, 16, 17, 7, 26, 28, 36, 37]",3,0.3333333333333333,0.2,0.25,0.2960819109658652,1,5,3,1
smd,group23_evaluation,machine-2-1,treeshap_iforest,0,7,17995,18028,"[15, 8, 13, 5, 14, 11, 18, 31, 9, 6, 10, 33, 12, 24, 35, 25, 22, 34, 23, 0, 20, 3, 4, 1, 30, 32, 27, 29, 2, 21, 19, 16, 17, 7, 26, 28, 36, 37]",5,0.4,0.4,0.4000000000000001,0.34519134224686937,1,5,5,2
smd,group23_evaluation,machine-2-1,treeshap_iforest,0,8,18575,18650,"[3, 2, 1, 29, 0, 15, 13, 25, 23, 22, 8, 5, 34, 24, 11, 6, 14, 33, 35, 31, 27, 4, 20, 30, 18, 9, 21, 32, 12, 19, 10, 16, 17, 7, 26, 28, 36, 37]",1,0.0,0.0,0.0,0.0,0,5,1,0
smd,group23_evaluation,machine-2-1,treeshap_iforest,0,8,18575,18650,"[3, 2, 1, 29, 0, 15, 13, 25, 23, 22, 8, 5, 34, 24, 11, 6, 14, 33, 35, 31, 27, 4, 20, 30, 18, 9, 21, 32, 12, 19, 10, 16, 17, 7, 26, 28, 36, 37]",3,0.0,0.0,0.0,0.0,0,5,3,0
smd,group23_evaluation,machine-2-1,treeshap_iforest,0,8,18575,18650,"[3, 2, 1, 29, 0, 15, 13, 25, 23, 22, 8, 5, 34, 24, 11, 6, 14, 33, 35, 31, 27, 4, 20, 30, 18, 9, 21, 32, 12, 19, 10, 16, 17, 7, 26, 28, 36, 37]",5,0.2,0.2,0.20000000000000004,0.13120507751234178,1,5,5,1
smd,group23_evaluation,machine-2-1,treeshap_iforest,0,9,20020,20036,"[2, 3, 9, 1, 10, 8, 15, 11, 0, 13, 5, 6, 14, 25, 23, 20, 34, 30, 31, 22, 21, 29, 18, 24, 27, 4, 35, 12, 33, 19, 32, 17, 16, 7, 26, 28, 36, 37]",1,0.0,0.0,0.0,0.0,0,3,1,0
smd,group23_evaluation,machine-2-1,treeshap_iforest,0,9,20020,20036,"[2, 3, 9, 1, 10, 8, 15, 11, 0, 13, 5, 6, 14, 25, 23, 20, 34, 30, 31, 22, 21, 29, 18, 24, 27, 4, 35, 12, 33, 19, 32, 17, 16, 7, 26, 28, 36, 37]",3,0.0,0.0,0.0,0.0,0,3,3,0
smd,group23_evaluation,machine-2-1,treeshap_iforest,0,9,20020,20036,"[2, 3, 9, 1, 10, 8, 15, 11, 0, 13, 5, 6, 14, 25, 23, 20, 34, 30, 31, 22, 21, 29, 18, 24, 27, 4, 35, 12, 33, 19, 32, 17, 16, 7, 26, 28, 36, 37]",5,0.0,0.0,0.0,0.0,0,3,5,0
smd,group23_evaluation,machine-2-1,treeshap_iforest,0,10,20891,20912,"[5, 6, 8, 15, 31, 13, 14, 19, 9, 10, 34, 30, 27, 22, 21, 11, 12, 24, 35, 18, 20, 33, 0, 23, 29, 25, 4, 1, 2, 3, 32, 16, 17, 7, 26, 28, 36, 37]",1,0.0,0.0,0.0,0.0,0,2,1,0
smd,group23_evaluation,machine-2-1,treeshap_iforest,0,10,20891,20912,"[5, 6, 8, 15, 31, 13, 14, 19, 9, 10, 34, 30, 27, 22, 21, 11, 12, 24, 35, 18, 20, 33, 0, 23, 29, 25, 4, 1, 2, 3, 32, 16, 17, 7, 26, 28, 36, 37]",3,0.0,0.0,0.0,0.0,0,2,3,0
smd,group23_evaluation,machine-2-1,treeshap_iforest,0,10,20891,20912,"[5, 6, 8, 15, 31, 13, 14, 19, 9, 10, 34, 30, 27, 22, 21, 11, 12, 24, 35, 18, 20, 33, 0, 23, 29, 25, 4, 1, 2, 3, 32, 16, 17, 7, 26, 28, 36, 37]",5,0.0,0.0,0.0,0.0,0,2,5,0
smd,group23_evaluation,machine-2-1,treeshap_iforest,0,11,20340,20352,"[1, 2, 8, 15, 0, 3, 13, 5, 23, 14, 25, 6, 22, 34, 24, 33, 18, 9, 29, 35, 11, 12, 31, 21, 20, 27, 30, 19, 10, 4, 32, 16, 17, 7, 26, 28, 36, 37]",1,0.0,0.0,0.0,0.0,0,5,1,0
smd,group23_evaluation,machine-2-1,treeshap_iforest,0,11,20340,20352,"[1, 2, 8, 15, 0, 3, 13, 5, 23, 14, 25, 6, 22, 34, 24, 33, 18, 9, 29, 35, 11, 12, 31, 21, 20, 27, 30, 19, 10, 4, 32, 16, 17, 7, 26, 28, 36, 37]",3,0.3333333333333333,0.2,0.25,0.23463936301137822,1,5,3,1
smd,group23_evaluation,machine-2-1,treeshap_iforest,0,11,20340,20352,"[1, 2, 8, 15, 0, 3, 13, 5, 23, 14, 25, 6, 22, 34, 24, 33, 18, 9, 29, 35, 11, 12, 31, 21, 20, 27, 30, 19, 10, 4, 32, 16, 17, 7, 26, 28, 36, 37]",5,0.2,0.2,0.20000000000000004,0.16958010263680806,1,5,5,1
smd,group23_evaluation,machine-2-1,treeshap_iforest,0,12,22907,23295,"[15, 5, 6, 13, 8, 3, 2, 9, 10, 1, 0, 34, 14, 24, 25, 11, 23, 31, 22, 35, 29, 27, 18, 30, 33, 20, 12, 21, 4, 19, 32, 16, 17, 7, 26, 28, 36, 37]",1,1.0,0.03571428571428571,0.0689655172413793,1.0,1,28,1,1
smd,group23_evaluation,machine-2-1,treeshap_iforest,0,12,22907,23295,"[15, 5, 6, 13, 8, 3, 2, 9, 10, 1, 0, 34, 14, 24, 25, 11, 23, 31, 22, 35, 29, 27, 18, 30, 33, 20, 12, 21, 4, 19, 32, 16, 17, 7, 26, 28, 36, 37]",3,1.0,0.10714285714285714,0.19354838709677416,1.0,1,28,3,3
smd,group23_evaluation,machine-2-1,treeshap_iforest,0,12,22907,23295,"[15, 5, 6, 13, 8, 3, 2, 9, 10, 1, 0, 34, 14, 24, 25, 11, 23, 31, 22, 35, 29, 27, 18, 30, 33, 20, 12, 21, 4, 19, 32, 16, 17, 7, 26, 28, 36, 37]",5,1.0,0.17857142857142858,0.30303030303030304,1.0,1,28,5,5
smd,group23_evaluation,machine-2-1,treeshap_iforest,1,0,6506,6528,"[15, 6, 13, 31, 8, 14, 19, 22, 34, 35, 24, 18, 0, 27, 3, 20, 21, 9, 5, 11, 1, 30, 2, 29, 23, 25, 12, 10, 4, 33, 32, 16, 17, 7, 26, 28, 36, 37]",1,0.0,0.0,0.0,0.0,0,5,1,0
smd,group23_evaluation,machine-2-1,treeshap_iforest,1,0,6506,6528,"[15, 6, 13, 31, 8, 14, 19, 22, 34, 35, 24, 18, 0, 27, 3, 20, 21, 9, 5, 11, 1, 30, 2, 29, 23, 25, 12, 10, 4, 33, 32, 16, 17, 7, 26, 28, 36, 37]",3,0.0,0.0,0.0,0.0,0,5,3,0
smd,group23_evaluation,machine-2-1,treeshap_iforest,1,0,6506,6528,"[15, 6, 13, 31, 8, 14, 19, 22, 34, 35, 24, 18, 0, 27, 3, 20, 21, 9, 5, 11, 1, 30, 2, 29, 23, 25, 12, 10, 4, 33, 32, 16, 17, 7, 26, 28, 36, 37]",5,0.2,0.2,0.20000000000000004,0.14606834984270645,1,5,5,1
smd,group23_evaluation,machine-2-1,treeshap_iforest,1,1,7907,7961,"[15, 13, 8, 19, 22, 31, 24, 27, 14, 18, 34, 6, 35, 0, 30, 21, 9, 3, 20, 1, 11, 2, 29, 10, 5, 23, 12, 4, 33, 25, 32, 16, 17, 7, 26, 28, 36, 37]",1,0.0,0.0,0.0,0.0,0,5,1,0
smd,group23_evaluation,machine-2-1,treeshap_iforest,1,1,7907,7961,"[15, 13, 8, 19, 22, 31, 24, 27, 14, 18, 34, 6, 35, 0, 30, 21, 9, 3, 20, 1, 11, 2, 29, 10, 5, 23, 12, 4, 33, 25, 32, 16, 17, 7, 26, 28, 36, 37]",3,0.3333333333333333,0.2,0.25,0.23463936301137822,1,5,3,1
smd,group23_evaluation,machine-2-1,treeshap_iforest,1,1,7907,7961,"[15, 13, 8, 19, 22, 31, 24, 27, 14, 18, 34, 6, 35, 0, 30, 21, 9, 3, 20, 1, 11, 2, 29, 10, 5, 23, 12, 4, 33, 25, 32, 16, 17, 7, 26, 28, 36, 37]",5,0.2,0.2,0.20000000000000004,0.16958010263680806,1,5,5,1
smd,group23_evaluation,machine-2-1,treeshap_iforest,1,2,9340,9386,"[15, 13, 8, 19, 6, 18, 9, 14, 31, 34, 5, 24, 22, 35, 11, 27, 33, 10, 1, 32, 21, 20, 0, 29, 30, 4, 12, 23, 25, 2, 3, 16, 17, 7, 26, 28, 36, 37]",1,0.0,0.0,0.0,0.0,0,7,1,0
smd,group23_evaluation,machine-2-1,treeshap_iforest,1,2,9340,9386,"[15, 13, 8, 19, 6, 18, 9, 14, 31, 34, 5, 24, 22, 35, 11, 27, 33, 10, 1, 32, 21, 20, 0, 29, 30, 4, 12, 23, 25, 2, 3, 16, 17, 7, 26, 28, 36, 37]",3,0.3333333333333333,0.14285714285714285,0.2,0.23463936301137822,1,7,3,1
smd,group23_evaluation,machine-2-1,treeshap_iforest,1,2,9340,9386,"[15, 13, 8, 19, 6, 18, 9, 14, 31, 34, 5, 24, 22, 35, 11, 27, 33, 10, 1, 32, 21, 20, 0, 29, 30, 4, 12, 23, 25, 2, 3, 16, 17, 7, 26, 28, 36, 37]",5,0.2,0.14285714285714285,0.16666666666666666,0.16958010263680806,1,7,5,1
smd,group23_evaluation,machine-2-1,treeshap_iforest,1,3,9779,9805,"[8, 15, 14, 13, 11, 6, 32, 23, 33, 25, 29, 18, 0, 31, 27, 35, 1, 22, 19, 24, 5, 34, 4, 20, 2, 9, 3, 21, 30, 10, 12, 16, 17, 7, 26, 28, 36, 37]",1,0.0,0.0,0.0,0.0,0,3,1,0
smd,group23_evaluation,machine-2-1,treeshap_iforest,1,3,9779,9805,"[8, 15, 14, 13, 11, 6, 32, 23, 33, 25, 29, 18, 0, 31, 27, 35, 1, 22, 19, 24, 5, 34, 4, 20, 2, 9, 3, 21, 30, 10, 12, 16, 17, 7, 26, 28, 36, 37]",3,0.0,0.0,0.0,0.0,0,3,3,0
smd,group23_evaluation,machine-2-1,treeshap_iforest,1,3,9779,9805,"[8, 15, 14, 13, 11, 6, 32, 23, 33, 25, 29, 18, 0, 31, 27, 35, 1, 22, 19, 24, 5, 34, 4, 20, 2, 9, 3, 21, 30, 10, 12, 16, 17, 7, 26, 28, 36, 37]",5,0.0,0.0,0.0,0.0,0,3,5,0
smd,group23_evaluation,machine-2-1,treeshap_iforest,1,4,12173,12181,"[15, 13, 8, 29, 9, 14, 25, 23, 18, 19, 10, 11, 27, 5, 31, 1, 6, 20, 24, 21, 34, 35, 4, 33, 0, 30, 2, 22, 3, 32, 12, 16, 17, 7, 26, 28, 36, 37]",1,0.0,0.0,0.0,0.0,0,5,1,0
smd,group23_evaluation,machine-2-1,treeshap_iforest,1,4,12173,12181,"[15, 13, 8, 29, 9, 14, 25, 23, 18, 19, 10, 11, 27, 5, 31, 1, 6, 20, 24, 21, 34, 35, 4, 33, 0, 30, 2, 22, 3, 32, 12, 16, 17, 7, 26, 28, 36, 37]",3,0.0,0.0,0.0,0.0,0,5,3,0
smd,group23_evaluation,machine-2-1,treeshap_iforest,1,4,12173,12181,"[15, 13, 8, 29, 9, 14, 25, 23, 18, 19, 10, 11, 27, 5, 31, 1, 6, 20, 24, 21, 34, 35, 4, 33, 0, 30, 2, 22, 3, 32, 12, 16, 17, 7, 26, 28, 36, 37]",5,0.0,0.0,0.0,0.0,0,5,5,0
smd,group23_evaluation,machine-2-1,treeshap_iforest,1,5,16136,16588,"[15, 13, 8, 25, 23, 14, 9, 31, 6, 22, 5, 1, 0, 35, 34, 27, 18, 24, 11, 21, 19, 29, 2, 20, 3, 10, 30, 33, 4, 12, 32, 16, 17, 7, 26, 28, 36, 37]",1,0.0,0.0,0.0,0.0,0,4,1,0
smd,group23_evaluation,machine-2-1,treeshap_iforest,1,5,16136,16588,"[15, 13, 8, 25, 23, 14, 9, 31, 6, 22, 5, 1, 0, 35, 34, 27, 18, 24, 11, 21, 19, 29, 2, 20, 3, 10, 30, 33, 4, 12, 32, 16, 17, 7, 26, 28, 36, 37]",3,0.3333333333333333,0.25,0.28571428571428575,0.23463936301137822,1,4,3,1
smd,group23_evaluation,machine-2-1,treeshap_iforest,1,5,16136,16588,"[15, 13, 8, 25, 23, 14, 9, 31, 6, 22, 5, 1, 0, 35, 34, 27, 18, 24, 11, 21, 19, 29, 2, 20, 3, 10, 30, 33, 4, 12, 32, 16, 17, 7, 26, 28, 36, 37]",5,0.6,0.75,0.6666666666666665,0.5143371794949736,1,4,5,3
smd,group23_evaluation,machine-2-1,treeshap_iforest,1,6,17365,17382,"[2, 3, 8, 1, 13, 15, 9, 0, 5, 23, 34, 25, 24, 22, 14, 10, 35, 31, 6, 27, 30, 21, 20, 12, 11, 29, 18, 19, 33, 4, 32, 16, 17, 7, 26, 28, 36, 37]",1,1.0,0.09090909090909091,0.16666666666666669,1.0,1,11,1,1
smd,group23_evaluation,machine-2-1,treeshap_iforest,1,6,17365,17382,"[2, 3, 8, 1, 13, 15, 9, 0, 5, 23, 34, 25, 24, 22, 14, 10, 35, 31, 6, 27, 30, 21, 20, 12, 11, 29, 18, 19, 33, 4, 32, 16, 17, 7, 26, 28, 36, 37]",3,1.0,0.2727272727272727,0.42857142857142855,1.0,1,11,3,3
smd,group23_evaluation,machine-2-1,treeshap_iforest,1,6,17365,17382,"[2, 3, 8, 1, 13, 15, 9, 0, 5, 23, 34, 25, 24, 22, 14, 10, 35, 31, 6, 27, 30, 21, 20, 12, 11, 29, 18, 19, 33, 4, 32, 16, 17, 7, 26, 28, 36, 37]",5,1.0,0.45454545454545453,0.625,1.0,1,11,5,5
smd,group23_evaluation,machine-2-1,treeshap_iforest,1,7,17995,18028,"[15, 13, 8, 5, 14, 6, 9, 31, 34, 22, 11, 18, 23, 35, 1, 0, 10, 32, 27, 24, 25, 21, 33, 29, 12, 2, 20, 3, 30, 19, 4, 16, 17, 7, 26, 28, 36, 37]",1,0.0,0.0,0.0,0.0,0,5,1,0
smd,group23_evaluation,machine-2-1,treeshap_iforest,1,7,17995,18028,"[15, 13, 8, 5, 14, 6, 9, 31, 34, 22, 11, 18, 23, 35, 1, 0, 10, 32, 27, 24, 25, 21, 33, 29, 12, 2, 20, 3, 30, 19, 4, 16, 17, 7, 26, 28, 36, 37]",3,0.3333333333333333,0.2,0.25,0.23463936301137822,1,5,3,1
smd,group23_evaluation,machine-2-1,treeshap_iforest,1,7,17995,18028,"[15, 13, 8, 5, 14, 6, 9, 31, 34, 22, 11, 18, 23, 35, 1, 0, 10, 32, 27, 24, 25, 21, 33, 29, 12, 2, 20, 3, 30, 19, 4, 16, 17, 7, 26, 28, 36, 37]",5,0.4,0.4,0.4000000000000001,0.30078518014914984,1,5,5,2
smd,group23_evaluation,machine-2-1,treeshap_iforest,1,8,18575,18650,"[2, 3, 29, 1, 0, 15, 13, 34, 8, 6, 35, 5, 24, 23, 22, 25, 11, 18, 31, 9, 20, 33, 27, 4, 21, 32, 14, 19, 30, 12, 10, 16, 17, 7, 26, 28, 36, 37]",1,0.0,0.0,0.0,0.0,0,5,1,0
smd,group23_evaluation,machine-2-1,treeshap_iforest,1,8,18575,18650,"[2, 3, 29, 1, 0, 15, 13, 34, 8, 6, 35, 5, 24, 23, 22, 25, 11, 18, 31, 9, 20, 33, 27, 4, 21, 32, 14, 19, 30, 12, 10, 16, 17, 7, 26, 28, 36, 37]",3,0.0,0.0,0.0,0.0,0,5,3,0
smd,group23_evaluation,machine-2-1,treeshap_iforest,1,8,18575,18650,"[2, 3, 29, 1, 0, 15, 13, 34, 8, 6, 35, 5, 24, 23, 22, 25, 11, 18, 31, 9, 20, 33, 27, 4, 21, 32, 14, 19, 30, 12, 10, 16, 17, 7, 26, 28, 36, 37]",5,0.2,0.2,0.20000000000000004,0.13120507751234178,1,5,5,1
smd,group23_evaluation,machine-2-1,treeshap_iforest,1,9,20020,20036,"[2, 3, 9, 1, 10, 8, 0, 6, 5, 13, 15, 11, 14, 25, 23, 18, 34, 27, 31, 35, 24, 19, 22, 20, 29, 21, 4, 30, 12, 33, 32, 16, 17, 7, 26, 28, 36, 37]",1,0.0,0.0,0.0,0.0,0,3,1,0
smd,group23_evaluation,machine-2-1,treeshap_iforest,1,9,20020,20036,"[2, 3, 9, 1, 10, 8, 0, 6, 5, 13, 15, 11, 14, 25, 23, 18, 34, 27, 31, 35, 24, 19, 22, 20, 29, 21, 4, 30, 12, 33, 32, 16, 17, 7, 26, 28, 36, 37]",3,0.0,0.0,0.0,0.0,0,3,3,0
smd,group23_evaluation,machine-2-1,treeshap_iforest,1,9,20020,20036,"[2, 3, 9, 1, 10, 8, 0, 6, 5, 13, 15, 11, 14, 25, 23, 18, 34, 27, 31, 35, 24, 19, 22, 20, 29, 21, 4, 30, 12, 33, 32, 16, 17, 7, 26, 28, 36, 37]",5,0.0,0.0,0.0,0.0,0,3,5,0
smd,group23_evaluation,machine-2-1,treeshap_iforest,1,10,20891,20912,"[5, 6, 15, 8, 13, 31, 19, 14, 9, 24, 10, 34, 18, 22, 35, 27, 0, 11, 20, 21, 1, 29, 12, 30, 23, 25, 3, 2, 4, 33, 32, 16, 17, 7, 26, 28, 36, 37]",1,0.0,0.0,0.0,0.0,0,2,1,0
smd,group23_evaluation,machine-2-1,treeshap_iforest,1,10,20891,20912,"[5, 6, 15, 8, 13, 31, 19, 14, 9, 24, 10, 34, 18, 22, 35, 27, 0, 11, 20, 21, 1, 29, 12, 30, 23, 25, 3, 2, 4, 33, 32, 16, 17, 7, 26, 28, 36, 37]",3,0.0,0.0,0.0,0.0,0,2,3,0
smd,group23_evaluation,machine-2-1,treeshap_iforest,1,10,20891,20912,"[5, 6, 15, 8, 13, 31, 19, 14, 9, 24, 10, 34, 18, 22, 35, 27, 0, 11, 20, 21, 1, 29, 12, 30, 23, 25, 3, 2, 4, 33, 32, 16, 17, 7, 26, 28, 36, 37]",5,0.0,0.0,0.0,0.0,0,2,5,0
smd,group23_evaluation,machine-2-1,treeshap_iforest,1,11,20340,20352,"[1, 2, 8, 0, 5, 3, 13, 23, 25, 15, 6, 14, 34, 22, 24, 35, 33, 18, 31, 11, 19, 9, 29, 20, 27, 21, 12, 30, 4, 10, 32, 16, 17, 7, 26, 28, 36, 37]",1,0.0,0.0,0.0,0.0,0,5,1,0
smd,group23_evaluation,machine-2-1,treeshap_iforest,1,11,20340,20352,"[1, 2, 8, 0, 5, 3, 13, 23, 25, 15, 6, 14, 34, 22, 24, 35, 33, 18, 31, 11, 19, 9, 29, 20, 27, 21, 12, 30, 4, 10, 32, 16, 17, 7, 26, 28, 36, 37]",3,0.3333333333333333,0.2,0.25,0.23463936301137822,1,5,3,1
smd,group23_evaluation,machine-2-1,treeshap_iforest,1,11,20340,20352,"[1, 2, 8, 0, 5, 3, 13, 23, 25, 15, 6, 14, 34, 22, 24, 35, 33, 18, 31, 11, 19, 9, 29, 20, 27, 21, 12, 30, 4, 10, 32, 16, 17, 7, 26, 28, 36, 37]",5,0.2,0.2,0.20000000000000004,0.16958010263680806,1,5,5,1
smd,group23_evaluation,machine-2-1,treeshap_iforest,1,12,22907,23295,"[5, 6, 15, 13, 8, 9, 3, 2, 34, 1, 10, 24, 23, 0, 35, 25, 31, 22, 11, 14, 29, 18, 19, 27, 21, 20, 33, 12, 4, 30, 32, 16, 17, 7, 26, 28, 36, 37]",1,1.0,0.03571428571428571,0.0689655172413793,1.0,1,28,1,1
smd,group23_evaluation,machine-2-1,treeshap_iforest,1,12,22907,23295,"[5, 6, 15, 13, 8, 9, 3, 2, 34, 1, 10, 24, 23, 0, 35, 25, 31, 22, 11, 14, 29, 18, 19, 27, 21, 20, 33, 12, 4, 30, 32, 16, 17, 7, 26, 28, 36, 37]",3,1.0,0.10714285714285714,0.19354838709677416,1.0,1,28,3,3
smd,group23_evaluation,machine-2-1,treeshap_iforest,1,12,22907,23295,"[5, 6, 15, 13, 8, 9, 3, 2, 34, 1, 10, 24, 23, 0, 35, 25, 31, 22, 11, 14, 29, 18, 19, 27, 21, 20, 33, 12, 4, 30, 32, 16, 17, 7, 26, 28, 36, 37]",5,1.0,0.17857142857142858,0.30303030303030304,1.0,1,28,5,5
smd,group23_evaluation,machine-2-1,treeshap_iforest,2,0,6506,6528,"[31, 15, 13, 8, 14, 35, 22, 6, 34, 27, 20, 24, 21, 2, 19, 30, 12, 9, 25, 29, 5, 11, 0, 18, 3, 10, 1, 23, 33, 4, 32, 16, 17, 7, 26, 28, 36, 37]",1,1.0,0.2,0.33333333333333337,1.0,1,5,1,1
smd,group23_evaluation,machine-2-1,treeshap_iforest,2,0,6506,6528,"[31, 15, 13, 8, 14, 35, 22, 6, 34, 27, 20, 24, 21, 2, 19, 30, 12, 9, 25, 29, 5, 11, 0, 18, 3, 10, 1, 23, 33, 4, 32, 16, 17, 7, 26, 28, 36, 37]",3,0.3333333333333333,0.2,0.25,0.46927872602275644,1,5,3,1
smd,group23_evaluation,machine-2-1,treeshap_iforest,2,0,6506,6528,"[31, 15, 13, 8, 14, 35, 22, 6, 34, 27, 20, 24, 21, 2, 19, 30, 12, 9, 25, 29, 5, 11, 0, 18, 3, 10, 1, 23, 33, 4, 32, 16, 17, 7, 26, 28, 36, 37]",5,0.2,0.2,0.20000000000000004,0.3391602052736161,1,5,5,1
smd,group23_evaluation,machine-2-1,treeshap_iforest,2,1,7907,7961,"[15, 13, 8, 27, 20, 14, 24, 31, 2, 21, 22, 30, 19, 9, 35, 34, 10, 29, 3, 11, 0, 25, 1, 18, 5, 6, 12, 33, 23, 4, 32, 16, 7, 17, 26, 28, 36, 37]",1,0.0,0.0,0.0,0.0,0,5,1,0
smd,group23_evaluation,machine-2-1,treeshap_iforest,2,1,7907,7961,"[15, 13, 8, 27, 20, 14, 24, 31, 2, 21, 22, 30, 19, 9, 35, 34, 10, 29, 3, 11, 0, 25, 1, 18, 5, 6, 12, 33, 23, 4, 32, 16, 7, 17, 26, 28, 36, 37]",3,0.3333333333333333,0.2,0.25,0.23463936301137822,1,5,3,1
smd,group23_evaluation,machine-2-1,treeshap_iforest,2,1,7907,7961,"[15, 13, 8, 27, 20, 14, 24, 31, 2, 21, 22, 30, 19, 9, 35, 34, 10, 29, 3, 11, 0, 25, 1, 18, 5, 6, 12, 33, 23, 4, 32, 16, 7, 17, 26, 28, 36, 37]",5,0.2,0.2,0.20000000000000004,0.16958010263680806,1,5,5,1
smd,group23_evaluation,machine-2-1,treeshap_iforest,2,2,9340,9386,"[15, 13, 8, 14, 27, 20, 9, 21, 33, 10, 31, 11, 6, 30, 24, 22, 25, 29, 12, 2, 5, 4, 1, 18, 34, 35, 19, 32, 0, 23, 3, 16, 17, 7, 26, 28, 36, 37]",1,0.0,0.0,0.0,0.0,0,7,1,0
smd,group23_evaluation,machine-2-1,treeshap_iforest,2,2,9340,9386,"[15, 13, 8, 14, 27, 20, 9, 21, 33, 10, 31, 11, 6, 30, 24, 22, 25, 29, 12, 2, 5, 4, 1, 18, 34, 35, 19, 32, 0, 23, 3, 16, 17, 7, 26, 28, 36, 37]",3,0.3333333333333333,0.14285714285714285,0.2,0.23463936301137822,1,7,3,1
smd,group23_evaluation,machine-2-1,treeshap_iforest,2,2,9340,9386,"[15, 13, 8, 14, 27, 20, 9, 21, 33, 10, 31, 11, 6, 30, 24, 22, 25, 29, 12, 2, 5, 4, 1, 18, 34, 35, 19, 32, 0, 23, 3, 16, 17, 7, 26, 28, 36, 37]",5,0.2,0.14285714285714285,0.16666666666666666,0.16958010263680806,1,7,5,1
smd,group23_evaluation,machine-2-1,treeshap_iforest,2,3,9779,9805,"[14, 15, 13, 8, 11, 33, 25, 29, 6, 32, 3, 23, 35, 4, 22, 1, 34, 0, 27, 19, 31, 2, 5, 18, 24, 20, 30, 21, 9, 10, 12, 16, 7, 17, 26, 28, 36, 37]",1,0.0,0.0,0.0,0.0,0,3,1,0
smd,group23_evaluation,machine-2-1,treeshap_iforest,2,3,9779,9805,"[14, 15, 13, 8, 11, 33, 25, 29, 6, 32, 3, 23, 35, 4, 22, 1, 34, 0, 27, 19, 31, 2, 5, 18, 24, 20, 30, 21, 9, 10, 12, 16, 7, 17, 26, 28, 36, 37]",3,0.0,0.0,0.0,0.0,0,3,3,0
smd,group23_evaluation,machine-2-1,treeshap_iforest,2,3,9779,9805,"[14, 15, 13, 8, 11, 33, 25, 29, 6, 32, 3, 23, 35, 4, 22, 1, 34, 0, 27, 19, 31, 2, 5, 18, 24, 20, 30, 21, 9, 10, 12, 16, 7, 17, 26, 28, 36, 37]",5,0.0,0.0,0.0,0.0,0,3,5,0
smd,group23_evaluation,machine-2-1,treeshap_iforest,2,4,12173,12181,"[15, 13, 8, 29, 25, 9, 14, 27, 20, 10, 23, 11, 33, 21, 4, 5, 19, 3, 6, 18, 30, 24, 22, 1, 34, 31, 35, 2, 0, 12, 32, 16, 17, 7, 26, 28, 36, 37]",1,0.0,0.0,0.0,0.0,0,5,1,0
smd,group23_evaluation,machine-2-1,treeshap_iforest,2,4,12173,12181,"[15, 13, 8, 29, 25, 9, 14, 27, 20, 10, 23, 11, 33, 21, 4, 5, 19, 3, 6, 18, 30, 24, 22, 1, 34, 31, 35, 2, 0, 12, 32, 16, 17, 7, 26, 28, 36, 37]",3,0.0,0.0,0.0,0.0,0,5,3,0
smd,group23_evaluation,machine-2-1,treeshap_iforest,2,4,12173,12181,"[15, 13, 8, 29, 25, 9, 14, 27, 20, 10, 23, 11, 33, 21, 4, 5, 19, 3, 6, 18, 30, 24, 22, 1, 34, 31, 35, 2, 0, 12, 32, 16, 17, 7, 26, 28, 36, 37]",5,0.0,0.0,0.0,0.0,0,5,5,0
smd,group23_evaluation,machine-2-1,treeshap_iforest,2,5,16136,16588,"[15, 13, 25, 8, 23, 14, 22, 9, 3, 31, 34, 35, 5, 27, 6, 1, 29, 0, 20, 19, 33, 2, 21, 11, 4, 24, 30, 10, 18, 12, 32, 16, 17, 7, 26, 28, 36, 37]",1,0.0,0.0,0.0,0.0,0,4,1,0
smd,group23_evaluation,machine-2-1,treeshap_iforest,2,5,16136,16588,"[15, 13, 25, 8, 23, 14, 22, 9, 3, 31, 34, 35, 5, 27, 6, 1, 29, 0, 20, 19, 33, 2, 21, 11, 4, 24, 30, 10, 18, 12, 32, 16, 17, 7, 26, 28, 36, 37]",3,0.3333333333333333,0.25,0.28571428571428575,0.23463936301137822,1,4,3,1
smd,group23_evaluation,machine-2-1,treeshap_iforest,2,5,16136,16588,"[15, 13, 25, 8, 23, 14, 22, 9, 3, 31, 34, 35, 5, 27, 6, 1, 29, 0, 20, 19, 33, 2, 21, 11, 4, 24, 30, 10, 18, 12, 32, 16, 17, 7, 26, 28, 36, 37]",5,0.6,0.75,0.6666666666666665,0.5143371794949736,1,4,5,3
smd,group23_evaluation,machine-2-1,treeshap_iforest,2,6,17365,17382,"[2, 3, 13, 1, 15, 9, 5, 25, 8, 35, 14, 34, 10, 0, 22, 23, 24, 27, 30, 31, 12, 6, 19, 29, 21, 11, 20, 33, 18, 4, 32, 16, 17, 7, 26, 28, 36, 37]",1,1.0,0.09090909090909091,0.16666666666666669,1.0,1,11,1,1
smd,group23_evaluation,machine-2-1,treeshap_iforest,2,6,17365,17382,"[2, 3, 13, 1, 15, 9, 5, 25, 8, 35, 14, 34, 10, 0, 22, 23, 24, 27, 30, 31, 12, 6, 19, 29, 21, 11, 20, 33, 18, 4, 32, 16, 17, 7, 26, 28, 36, 37]",3,1.0,0.2727272727272727,0.42857142857142855,1.0,1,11,3,3
smd,group23_evaluation,machine-2-1,treeshap_iforest,2,6,17365,17382,"[2, 3, 13, 1, 15, 9, 5, 25, 8, 35, 14, 34, 10, 0, 22, 23, 24, 27, 30, 31, 12, 6, 19, 29, 21, 11, 20, 33, 18, 4, 32, 16, 17, 7, 26, 28, 36, 37]",5,1.0,0.45454545454545453,0.625,1.0,1,11,5,5
smd,group23_evaluation,machine-2-1,treeshap_iforest,2,7,17995,18028,"[13, 15, 8, 5, 14, 9, 31, 11, 10, 33, 6, 34, 35, 12, 3, 25, 27, 18, 29, 4, 19, 22, 1, 21, 0, 24, 32, 23, 20, 30, 2, 16, 17, 7, 26, 28, 36, 37]",1,0.0,0.0,0.0,0.0,0,5,1,0
smd,group23_evaluation,machine-2-1,treeshap_iforest,2,7,17995,18028,"[13, 15, 8, 5, 14, 9, 31, 11, 10, 33, 6, 34, 35, 12, 3, 25, 27, 18, 29, 4, 19, 22, 1, 21, 0, 24, 32, 23, 20, 30, 2, 16, 17, 7, 26, 28, 36, 37]",3,0.3333333333333333,0.2,0.25,0.23463936301137822,1,5,3,1
smd,group23_evaluation,machine-2-1,treeshap_iforest,2,7,17995,18028,"[13, 15, 8, 5, 14, 9, 31, 11, 10, 33, 6, 34, 35, 12, 3, 25, 27, 18, 29, 4, 19, 22, 1, 21, 0, 24, 32, 23, 20, 30, 2, 16, 17, 7, 26, 28, 36, 37]",5,0.4,0.4,0.4000000000000001,0.30078518014914984,1,5,5,2
smd,group23_evaluation,machine-2-1,treeshap_iforest,2,8,18575,18650,"[3, 29, 2, 35, 1, 0, 15, 34, 25, 5, 13, 22, 24, 23, 33, 6, 8, 30, 27, 11, 14, 9, 31, 4, 19, 32, 20, 18, 12, 21, 10, 16, 17, 7, 26, 28, 36, 37]",1,0.0,0.0,0.0,0.0,0,5,1,0
smd,group23_evaluation,machine-2-1,treeshap_iforest,2,8,18575,18650,"[3, 29, 2, 35, 1, 0, 15, 34, 25, 5, 13, 22, 24, 23, 33, 6, 8, 30, 27, 11, 14, 9, 31, 4, 19, 32, 20, 18, 12, 21, 10, 16, 17, 7, 26, 28, 36, 37]",3,0.0,0.0,0.0,0.0,0,5,3,0
smd,group23_evaluation,machine-2-1,treeshap_iforest,2,8,18575,18650,"[3, 29, 2, 35, 1, 0, 15, 34, 25, 5, 13, 22, 24, 23, 33, 6, 8, 30, 27, 11, 14, 9, 31, 4, 19, 32, 20, 18, 12, 21, 10, 16, 17, 7, 26, 28, 36, 37]",5,0.0,0.0,0.0,0.0,0,5,5,0
smd,group23_evaluation,machine-2-1,treeshap_iforest,2,9,20020,20036,"[2, 3, 9, 10, 1, 5, 15, 13, 25, 8, 6, 14, 35, 11, 0, 29, 4, 23, 34, 22, 24, 27, 20, 31, 30, 21, 12, 19, 33, 18, 32, 16, 17, 7, 26, 28, 36, 37]",1,0.0,0.0,0.0,0.0,0,3,1,0
smd,group23_evaluation,machine-2-1,treeshap_iforest,2,9,20020,20036,"[2, 3, 9, 10, 1, 5, 15, 13, 25, 8, 6, 14, 35, 11, 0, 29, 4, 23, 34, 22, 24, 27, 20, 31, 30, 21, 12, 19, 33, 18, 32, 16, 17, 7, 26, 28, 36, 37]",3,0.0,0.0,0.0,0.0,0,3,3,0
smd,group23_evaluation,machine-2-1,treeshap_iforest,2,9,20020,20036,"[2, 3, 9, 10, 1, 5, 15, 13, 25, 8, 6, 14, 35, 11, 0, 29, 4, 23, 34, 22, 24, 27, 20, 31, 30, 21, 12, 19, 33, 18, 32, 16, 17, 7, 26, 28, 36, 37]",5,0.0,0.0,0.0,0.0,0,3,5,0
smd,group23_evaluation,machine-2-1,treeshap_iforest,2,10,20891,20912,"[5, 13, 15, 6, 31, 8, 14, 10, 9, 27, 20, 21, 24, 35, 12, 2, 22, 30, 29, 11, 19, 34, 25, 0, 18, 1, 33, 3, 23, 4, 32, 16, 17, 7, 26, 28, 36, 37]",1,0.0,0.0,0.0,0.0,0,2,1,0
smd,group23_evaluation,machine-2-1,treeshap_iforest,2,10,20891,20912,"[5, 13, 15, 6, 31, 8, 14, 10, 9, 27, 20, 21, 24, 35, 12, 2, 22, 30, 29, 11, 19, 34, 25, 0, 18, 1, 33, 3, 23, 4, 32, 16, 17, 7, 26, 28, 36, 37]",3,0.0,0.0,0.0,0.0,0,2,3,0
smd,group23_evaluation,machine-2-1,treeshap_iforest,2,10,20891,20912,"[5, 13, 15, 6, 31, 8, 14, 10, 9, 27, 20, 21, 24, 35, 12, 2, 22, 30, 29, 11, 19, 34, 25, 0, 18, 1, 33, 3, 23, 4, 32, 16, 17, 7, 26, 28, 36, 37]",5,0.0,0.0,0.0,0.0,0,2,5,0
smd,group23_evaluation,machine-2-1,treeshap_iforest,2,11,20340,20352,"[2, 1, 5, 3, 25, 15, 13, 8, 14, 0, 23, 35, 6, 34, 22, 24, 33, 29, 12, 9, 27, 20, 11, 31, 19, 21, 18, 30, 4, 10, 32, 16, 7, 17, 26, 28, 36, 37]",1,0.0,0.0,0.0,0.0,0,5,1,0
smd,group23_evaluation,machine-2-1,treeshap_iforest,2,11,20340,20352,"[2, 1, 5, 3, 25, 15, 13, 8, 14, 0, 23, 35, 6, 34, 22, 24, 33, 29, 12, 9, 27, 20, 11, 31, 19, 21, 18, 30, 4, 10, 32, 16, 7, 17, 26, 28, 36, 37]",3,0.0,0.0,0.0,0.0,0,5,3,0
smd,group23_evaluation,machine-2-1,treeshap_iforest,2,11,20340,20352,"[2, 1, 5, 3, 25, 15, 13, 8, 14, 0, 23, 35, 6, 34, 22, 24, 33, 29, 12, 9, 27, 20, 11, 31, 19, 21, 18, 30, 4, 10, 32, 16, 7, 17, 26, 28, 36, 37]",5,0.0,0.0,0.0,0.0,0,5,5,0
smd,group23_evaluation,machine-2-1,treeshap_iforest,2,12,22907,23295,"[5, 15, 13, 6, 3, 9, 2, 35, 10, 8, 25, 34, 1, 22, 24, 14, 29, 0, 31, 23, 11, 27, 30, 33, 12, 4, 19, 20, 21, 18, 32, 16, 17, 7, 26, 28, 36, 37]",1,1.0,0.03571428571428571,0.0689655172413793,1.0,1,28,1,1
smd,group23_evaluation,machine-2-1,treeshap_iforest,2,12,22907,23295,"[5, 15, 13, 6, 3, 9, 2, 35, 10, 8, 25, 34, 1, 22, 24, 14, 29, 0, 31, 23, 11, 27, 30, 33, 12, 4, 19, 20, 21, 18, 32, 16, 17, 7, 26, 28, 36, 37]",3,1.0,0.10714285714285714,0.19354838709677416,1.0,1,28,3,3
smd,group23_evaluation,machine-2-1,treeshap_iforest,2,12,22907,23295,"[5, 15, 13, 6, 3, 9, 2, 35, 10, 8, 25, 34, 1, 22, 24, 14, 29, 0, 31, 23, 11, 27, 30, 33, 12, 4, 19, 20, 21, 18, 32, 16, 17, 7, 26, 28, 36, 37]",5,1.0,0.17857142857142858,0.30303030303030304,1.0,1,28,5,5
smd,group23_evaluation,machine-2-2,treeshap_iforest,0,0,12760,12771,"[1, 2, 6, 23, 31, 0, 3, 24, 30, 35, 34, 18, 22, 21, 27, 25, 20, 33, 19, 15, 9, 32, 13, 29, 14, 8, 5, 11, 10, 12, 17, 4, 7, 16, 26, 28, 36, 37]",1,1.0,0.0625,0.11764705882352941,1.0,1,16,1,1
smd,group23_evaluation,machine-2-2,treeshap_iforest,0,0,12760,12771,"[1, 2, 6, 23, 31, 0, 3, 24, 30, 35, 34, 18, 22, 21, 27, 25, 20, 33, 19, 15, 9, 32, 13, 29, 14, 8, 5, 11, 10, 12, 17, 4, 7, 16, 26, 28, 36, 37]",3,1.0,0.1875,0.3157894736842105,1.0,1,16,3,3
smd,group23_evaluation,machine-2-2,treeshap_iforest,0,0,12760,12771,"[1, 2, 6, 23, 31, 0, 3, 24, 30, 35, 34, 18, 22, 21, 27, 25, 20, 33, 19, 15, 9, 32, 13, 29, 14, 8, 5, 11, 10, 12, 17, 4, 7, 16, 26, 28, 36, 37]",5,1.0,0.3125,0.47619047619047616,1.0,1,16,5,5
smd,group23_evaluation,machine-2-2,treeshap_iforest,0,1,14511,14521,"[1, 6, 31, 2, 0, 3, 23, 34, 35, 9, 29, 30, 18, 11, 27, 33, 25, 21, 20, 22, 8, 24, 15, 10, 32, 19, 13, 14, 12, 5, 17, 4, 7, 16, 26, 28, 36, 37]",1,1.0,0.07142857142857142,0.13333333333333333,1.0,1,14,1,1
smd,group23_evaluation,machine-2-2,treeshap_iforest,0,1,14511,14521,"[1, 6, 31, 2, 0, 3, 23, 34, 35, 9, 29, 30, 18, 11, 27, 33, 25, 21, 20, 22, 8, 24, 15, 10, 32, 19, 13, 14, 12, 5, 17, 4, 7, 16, 26, 28, 36, 37]",3,1.0,0.21428571428571427,0.35294117647058826,1.0,1,14,3,3
smd,group23_evaluation,machine-2-2,treeshap_iforest,0,1,14511,14521,"[1, 6, 31, 2, 0, 3, 23, 34, 35, 9, 29, 30, 18, 11, 27, 33, 25, 21, 20, 22, 8, 24, 15, 10, 32, 19, 13, 14, 12, 5, 17, 4, 7, 16, 26, 28, 36, 37]",5,1.0,0.35714285714285715,0.5263157894736842,1.0,1,14,5,5
smd,group23_evaluation,machine-2-2,treeshap_iforest,0,2,15630,16502,"[9, 10, 11, 31, 0, 22, 19, 12, 34, 3, 18, 35, 23, 21, 27, 8, 6, 30, 20, 24, 1, 13, 2, 25, 14, 15, 33, 32, 5, 29, 17, 4, 7, 16, 26, 28, 36, 37]",1,1.0,0.25,0.4,1.0,1,4,1,1
smd,group23_evaluation,machine-2-2,treeshap_iforest,0,2,15630,16502,"[9, 10, 11, 31, 0, 22, 19, 12, 34, 3, 18, 35, 23, 21, 27, 8, 6, 30, 20, 24, 1, 13, 2, 25, 14, 15, 33, 32, 5, 29, 17, 4, 7, 16, 26, 28, 36, 37]",3,1.0,0.75,0.8571428571428571,1.0,1,4,3,3
smd,group23_evaluation,machine-2-2,treeshap_iforest,0,2,15630,16502,"[9, 10, 11, 31, 0, 22, 19, 12, 34, 3, 18, 35, 23, 21, 27, 8, 6, 30, 20, 24, 1, 13, 2, 25, 14, 15, 33, 32, 5, 29, 17, 4, 7, 16, 26, 28, 36, 37]",5,0.6,0.75,0.6666666666666665,0.8318724637288826,1,4,5,3
smd,group23_evaluation,machine-2-2,treeshap_iforest,0,3,17090,17942,"[31, 25, 23, 0, 15, 3, 13, 8, 6, 19, 33, 30, 24, 14, 27, 20, 18, 9, 35, 34, 21, 22, 32, 11, 2, 1, 5, 10, 29, 12, 17, 4, 7, 16, 26, 28, 36, 37]",1,0.0,0.0,0.0,0.0,0,4,1,0
smd,group23_evaluation,machine-2-2,treeshap_iforest,0,3,17090,17942,"[31, 25, 23, 0, 15, 3, 13, 8, 6, 19, 33, 30, 24, 14, 27, 20, 18, 9, 35, 34, 21, 22, 32, 11, 2, 1, 5, 10, 29, 12, 17, 4, 7, 16, 26, 28, 36, 37]",3,0.0,0.0,0.0,0.0,0,4,3,0
smd,group23_evaluation,machine-2-2,treeshap_iforest,0,3,17090,17942,"[31, 25, 23, 0, 15, 3, 13, 8, 6, 19, 33, 30, 24, 14, 27, 20, 18, 9, 35, 34, 21, 22, 32, 11, 2, 1, 5, 10, 29, 12, 17, 4, 7, 16, 26, 28, 36, 37]",5,0.0,0.0,0.0,0.0,0,4,5,0
smd,group23_evaluation,machine-2-2,treeshap_iforest,0,4,18541,19382,"[15, 0, 31, 13, 19, 3, 20, 25, 30, 18, 8, 23, 22, 33, 34, 21, 24, 6, 27, 35, 14, 32, 2, 1, 5, 9, 11, 29, 10, 12, 17, 4, 7, 16, 26, 28, 36, 37]",1,0.0,0.0,0.0,0.0,0,4,1,0
smd,group23_evaluation,machine-2-2,treeshap_iforest,0,4,18541,19382,"[15, 0, 31, 13, 19, 3, 20, 25, 30, 18, 8, 23, 22, 33, 34, 21, 24, 6, 27, 35, 14, 32, 2, 1, 5, 9, 11, 29, 10, 12, 17, 4, 7, 16, 26, 28, 36, 37]",3,0.0,0.0,0.0,0.0,0,4,3,0
smd,group23_evaluation,machine-2-2,treeshap_iforest,0,4,18541,19382,"[15, 0, 31, 13, 19, 3, 20, 25, 30, 18, 8, 23, 22, 33, 34, 21, 24, 6, 27, 35, 14, 32, 2, 1, 5, 9, 11, 29, 10, 12, 17, 4, 7, 16, 26, 28, 36, 37]",5,0.0,0.0,0.0,0.0,0,4,5,0
smd,group23_evaluation,machine-2-2,treeshap_iforest,0,5,20820,20823,"[9, 10, 25, 3, 23, 11, 0, 19, 8, 21, 5, 30, 34, 18, 12, 13, 6, 20, 27, 14, 15, 1, 33, 22, 24, 2, 32, 31, 35, 29, 17, 4, 7, 16, 26, 28, 36, 37]",1,1.0,0.25,0.4,1.0,1,4,1,1
smd,group23_evaluation,machine-2-2,treeshap_iforest,0,5,20820,20823,"[9, 10, 25, 3, 23, 11, 0, 19, 8, 21, 5, 30, 34, 18, 12, 13, 6, 20, 27, 14, 15, 1, 33, 22, 24, 2, 32, 31, 35, 29, 17, 4, 7, 16, 26, 28, 36, 37]",3,0.6666666666666666,0.5,0.5714285714285715,0.7653606369886217,1,4,3,2
smd,group23_evaluation,machine-2-2,treeshap_iforest,0,5,20820,20823,"[9, 10, 25, 3, 23, 11, 0, 19, 8, 21, 5, 30, 34, 18, 12, 13, 6, 20, 27, 14, 15, 1, 33, 22, 24, 2, 32, 31, 35, 29, 17, 4, 7, 16, 26, 28, 36, 37]",5,0.4,0.5,0.4444444444444445,0.6366824387328317,1,4,5,2
smd,group23_evaluation,machine-2-2,treeshap_iforest,0,6,21024,21027,"[9, 10, 25, 23, 19, 30, 13, 5, 21, 15, 24, 1, 0, 18, 3, 8, 14, 22, 2, 27, 11, 31, 33, 32, 34, 20, 6, 35, 29, 12, 17, 4, 7, 16, 26, 28, 36, 37]",1,0.0,0.0,0.0,0.0,0,1,1,0
smd,group23_evaluation,machine-2-2,treeshap_iforest,0,6,21024,21027,"[9, 10, 25, 23, 19, 30, 13, 5, 21, 15, 24, 1, 0, 18, 3, 8, 14, 22, 2, 27, 11, 31, 33, 32, 34, 20, 6, 35, 29, 12, 17, 4, 7, 16, 26, 28, 36, 37]",3,0.3333333333333333,1.0,0.5,0.6309297535714575,1,1,3,1
smd,group23_evaluation,machine-2-2,treeshap_iforest,0,6,21024,21027,"[9, 10, 25, 23, 19, 30, 13, 5, 21, 15, 24, 1, 0, 18, 3, 8, 14, 22, 2, 27, 11, 31, 33, 32, 34, 20, 6, 35, 29, 12, 17, 4, 7, 16, 26, 28, 36, 37]",5,0.2,1.0,0.33333333333333337,0.6309297535714575,1,1,5,1
smd,group23_evaluation,machine-2-2,treeshap_iforest,0,7,21280,21295,"[1, 2, 3, 23, 25, 0, 6, 29, 9, 18, 31, 10, 33, 19, 32, 15, 11, 8, 14, 20, 5, 13, 30, 21, 27, 22, 34, 24, 35, 12, 17, 4, 7, 16, 26, 28, 36, 37]",1,1.0,0.14285714285714285,0.25,1.0,1,7,1,1
smd,group23_evaluation,machine-2-2,treeshap_iforest,0,7,21280,21295,"[1, 2, 3, 23, 25, 0, 6, 29, 9, 18, 31, 10, 33, 19, 32, 15, 11, 8, 14, 20, 5, 13, 30, 21, 27, 22, 34, 24, 35, 12, 17, 4, 7, 16, 26, 28, 36, 37]",3,1.0,0.42857142857142855,0.6,1.0,1,7,3,3
smd,group23_evaluation,machine-2-2,treeshap_iforest,0,7,21280,21295,"[1, 2, 3, 23, 25, 0, 6, 29, 9, 18, 31, 10, 33, 19, 32, 15, 11, 8, 14, 20, 5, 13, 30, 21, 27, 22, 34, 24, 35, 12, 17, 4, 7, 16, 26, 28, 36, 37]",5,0.6,0.42857142857142855,0.5,0.7227265726449519,1,7,5,3
smd,group23_evaluation,machine-2-2,treeshap_iforest,0,8,21405,21428,"[18, 3, 19, 0, 23, 1, 20, 2, 25, 21, 27, 30, 15, 9, 8, 10, 13, 31, 14, 5, 22, 11, 29, 6, 33, 34, 32, 24, 35, 12, 17, 4, 7, 16, 26, 28, 36, 37]",1,1.0,0.16666666666666666,0.2857142857142857,1.0,1,6,1,1
smd,group23_evaluation,machine-2-2,treeshap_iforest,0,8,21405,21428,"[18, 3, 19, 0, 23, 1, 20, 2, 25, 21, 27, 30, 15, 9, 8, 10, 13, 31, 14, 5, 22, 11, 29, 6, 33, 34, 32, 24, 35, 12, 17, 4, 7, 16, 26, 28, 36, 37]",3,0.6666666666666666,0.3333333333333333,0.4444444444444444,0.7039180890341347,1,6,3,2
smd,group23_evaluation,machine-2-2,treeshap_iforest,0,8,21405,21428,"[18, 3, 19, 0, 23, 1, 20, 2, 25, 21, 27, 30, 15, 9, 8, 10, 13, 31, 14, 5, 22, 11, 29, 6, 33, 34, 32, 24, 35, 12, 17, 4, 7, 16, 26, 28, 36, 37]",5,0.4,0.3333333333333333,0.3636363636363636,0.5087403079104241,1,6,5,2
smd,group23_evaluation,machine-2-2,treeshap_iforest,0,9,22260,22263,"[9, 23, 10, 6, 29, 31, 11, 25, 22, 8, 0, 19, 34, 14, 12, 18, 30, 5, 1, 21, 13, 35, 27, 15, 24, 20, 33, 32, 3, 2, 17, 4, 7, 16, 26, 28, 36, 37]",1,1.0,0.2,0.33333333333333337,1.0,1,5,1,1
smd,group23_evaluation,machine-2-2,treeshap_iforest,0,9,22260,22263,"[9, 23, 10, 6, 29, 31, 11, 25, 22, 8, 0, 19, 34, 14, 12, 18, 30, 5, 1, 21, 13, 35, 27, 15, 24, 20, 33, 32, 3, 2, 17, 4, 7, 16, 26, 28, 36, 37]",3,0.6666666666666666,0.4,0.5,0.7039180890341347,1,5,3,2
smd,group23_evaluation,machine-2-2,treeshap_iforest,0,9,22260,22263,"[9, 23, 10, 6, 29, 31, 11, 25, 22, 8, 0, 19, 34, 14, 12, 18, 30, 5, 1, 21, 13, 35, 27, 15, 24, 20, 33, 32, 3, 2, 17, 4, 7, 16, 26, 28, 36, 37]",5,0.4,0.4,0.4000000000000001,0.5087403079104241,1,5,5,2
smd,group23_evaluation,machine-2-2,treeshap_iforest,0,10,23099,23299,"[0, 15, 13, 31, 34, 35, 3, 22, 9, 8, 18, 20, 33, 11, 14, 19, 6, 21, 32, 27, 30, 24, 23, 1, 2, 10, 25, 5, 29, 12, 17, 4, 7, 16, 26, 28, 36, 37]",1,0.0,0.0,0.0,0.0,0,2,1,0
smd,group23_evaluation,machine-2-2,treeshap_iforest,0,10,23099,23299,"[0, 15, 13, 31, 34, 35, 3, 22, 9, 8, 18, 20, 33, 11, 14, 19, 6, 21, 32, 27, 30, 24, 23, 1, 2, 10, 25, 5, 29, 12, 17, 4, 7, 16, 26, 28, 36, 37]",3,0.0,0.0,0.0,0.0,0,2,3,0
smd,group23_evaluation,machine-2-2,treeshap_iforest,0,10,23099,23299,"[0, 15, 13, 31, 34, 35, 3, 22, 9, 8, 18, 20, 33, 11, 14, 19, 6, 21, 32, 27, 30, 24, 23, 1, 2, 10, 25, 5, 29, 12, 17, 4, 7, 16, 26, 28, 36, 37]",5,0.0,0.0,0.0,0.0,0,2,5,0
smd,group23_evaluation,machine-2-2,treeshap_iforest,1,0,12760,12771,"[1, 23, 2, 0, 31, 24, 6, 35, 25, 34, 3, 30, 18, 20, 22, 21, 27, 19, 33, 15, 32, 29, 9, 13, 11, 8, 14, 5, 10, 12, 17, 4, 7, 16, 26, 28, 36, 37]",1,1.0,0.0625,0.11764705882352941,1.0,1,16,1,1
smd,group23_evaluation,machine-2-2,treeshap_iforest,1,0,12760,12771,"[1, 23, 2, 0, 31, 24, 6, 35, 25, 34, 3, 30, 18, 20, 22, 21, 27, 19, 33, 15, 32, 29, 9, 13, 11, 8, 14, 5, 10, 12, 17, 4, 7, 16, 26, 28, 36, 37]",3,1.0,0.1875,0.3157894736842105,1.0,1,16,3,3
smd,group23_evaluation,machine-2-2,treeshap_iforest,1,0,12760,12771,"[1, 23, 2, 0, 31, 24, 6, 35, 25, 34, 3, 30, 18, 20, 22, 21, 27, 19, 33, 15, 32, 29, 9, 13, 11, 8, 14, 5, 10, 12, 17, 4, 7, 16, 26, 28, 36, 37]",5,1.0,0.3125,0.47619047619047616,1.0,1,16,5,5
smd,group23_evaluation,machine-2-2,treeshap_iforest,1,1,14511,14521,"[1, 6, 31, 0, 35, 2, 34, 29, 3, 25, 23, 9, 20, 24, 18, 11, 30, 27, 8, 22, 33, 21, 19, 10, 32, 13, 15, 14, 12, 5, 17, 4, 7, 16, 26, 28, 36, 37]",1,1.0,0.07142857142857142,0.13333333333333333,1.0,1,14,1,1
smd,group23_evaluation,machine-2-2,treeshap_iforest,1,1,14511,14521,"[1, 6, 31, 0, 35, 2, 34, 29, 3, 25, 23, 9, 20, 24, 18, 11, 30, 27, 8, 22, 33, 21, 19, 10, 32, 13, 15, 14, 12, 5, 17, 4, 7, 16, 26, 28, 36, 37]",3,1.0,0.21428571428571427,0.35294117647058826,1.0,1,14,3,3
smd,group23_evaluation,machine-2-2,treeshap_iforest,1,1,14511,14521,"[1, 6, 31, 0, 35, 2, 34, 29, 3, 25, 23, 9, 20, 24, 18, 11, 30, 27, 8, 22, 33, 21, 19, 10, 32, 13, 15, 14, 12, 5, 17, 4, 7, 16, 26, 28, 36, 37]",5,1.0,0.35714285714285715,0.5263157894736842,1.0,1,14,5,5
smd,group23_evaluation,machine-2-2,treeshap_iforest,1,2,15630,16502,"[9, 10, 11, 0, 31, 35, 19, 18, 22, 24, 34, 20, 12, 27, 25, 8, 23, 30, 3, 21, 6, 2, 13, 1, 15, 29, 32, 14, 33, 5, 17, 4, 7, 16, 26, 28, 36, 37]",1,1.0,0.25,0.4,1.0,1,4,1,1
smd,group23_evaluation,machine-2-2,treeshap_iforest,1,2,15630,16502,"[9, 10, 11, 0, 31, 35, 19, 18, 22, 24, 34, 20, 12, 27, 25, 8, 23, 30, 3, 21, 6, 2, 13, 1, 15, 29, 32, 14, 33, 5, 17, 4, 7, 16, 26, 28, 36, 37]",3,1.0,0.75,0.8571428571428571,1.0,1,4,3,3
smd,group23_evaluation,machine-2-2,treeshap_iforest,1,2,15630,16502,"[9, 10, 11, 0, 31, 35, 19, 18, 22, 24, 34, 20, 12, 27, 25, 8, 23, 30, 3, 21, 6, 2, 13, 1, 15, 29, 32, 14, 33, 5, 17, 4, 7, 16, 26, 28, 36, 37]",5,0.6,0.75,0.6666666666666665,0.8318724637288826,1,4,5,3
smd,group23_evaluation,machine-2-2,treeshap_iforest,1,3,17090,17942,"[31, 0, 25, 35, 24, 23, 18, 19, 34, 20, 15, 8, 14, 6, 11, 30, 27, 13, 33, 21, 32, 3, 9, 2, 1, 22, 29, 10, 5, 12, 17, 4, 7, 16, 26, 28, 36, 37]",1,0.0,0.0,0.0,0.0,0,4,1,0
smd,group23_evaluation,machine-2-2,treeshap_iforest,1,3,17090,17942,"[31, 0, 25, 35, 24, 23, 18, 19, 34, 20, 15, 8, 14, 6, 11, 30, 27, 13, 33, 21, 32, 3, 9, 2, 1, 22, 29, 10, 5, 12, 17, 4, 7, 16, 26, 28, 36, 37]",3,0.0,0.0,0.0,0.0,0,4,3,0
smd,group23_evaluation,machine-2-2,treeshap_iforest,1,3,17090,17942,"[31, 0, 25, 35, 24, 23, 18, 19, 34, 20, 15, 8, 14, 6, 11, 30, 27, 13, 33, 21, 32, 3, 9, 2, 1, 22, 29, 10, 5, 12, 17, 4, 7, 16, 26, 28, 36, 37]",5,0.0,0.0,0.0,0.0,0,4,5,0
smd,group23_evaluation,machine-2-2,treeshap_iforest,1,4,18541,19382,"[0, 35, 15, 18, 31, 24, 19, 25, 20, 23, 13, 6, 27, 34, 8, 30, 32, 33, 14, 3, 21, 2, 11, 22, 29, 1, 9, 5, 10, 12, 17, 4, 7, 16, 26, 28, 36, 37]",1,0.0,0.0,0.0,0.0,0,4,1,0
smd,group23_evaluation,machine-2-2,treeshap_iforest,1,4,18541,19382,"[0, 35, 15, 18, 31, 24, 19, 25, 20, 23, 13, 6, 27, 34, 8, 30, 32, 33, 14, 3, 21, 2, 11, 22, 29, 1, 9, 5, 10, 12, 17, 4, 7, 16, 26, 28, 36, 37]",3,0.0,0.0,0.0,0.0,0,4,3,0
smd,group23_evaluation,machine-2-2,treeshap_iforest,1,4,18541,19382,"[0, 35, 15, 18, 31, 24, 19, 25, 20, 23, 13, 6, 27, 34, 8, 30, 32, 33, 14, 3, 21, 2, 11, 22, 29, 1, 9, 5, 10, 12, 17, 4, 7, 16, 26, 28, 36, 37]",5,0.0,0.0,0.0,0.0,0,4,5,0
smd,group23_evaluation,machine-2-2,treeshap_iforest,1,5,20820,20823,"[9, 10, 25, 0, 11, 23, 3, 8, 19, 6, 27, 18, 20, 24, 15, 14, 30, 12, 22, 21, 35, 31, 13, 34, 32, 33, 1, 2, 5, 29, 17, 4, 7, 16, 26, 28, 36, 37]",1,1.0,0.25,0.4,1.0,1,4,1,1
smd,group23_evaluation,machine-2-2,treeshap_iforest,1,5,20820,20823,"[9, 10, 25, 0, 11, 23, 3, 8, 19, 6, 27, 18, 20, 24, 15, 14, 30, 12, 22, 21, 35, 31, 13, 34, 32, 33, 1, 2, 5, 29, 17, 4, 7, 16, 26, 28, 36, 37]",3,0.6666666666666666,0.5,0.5714285714285715,0.7653606369886217,1,4,3,2
smd,group23_evaluation,machine-2-2,treeshap_iforest,1,5,20820,20823,"[9, 10, 25, 0, 11, 23, 3, 8, 19, 6, 27, 18, 20, 24, 15, 14, 30, 12, 22, 21, 35, 31, 13, 34, 32, 33, 1, 2, 5, 29, 17, 4, 7, 16, 26, 28, 36, 37]",5,0.6,0.75,0.6666666666666665,0.787702056960637,1,4,5,3
smd,group23_evaluation,machine-2-2,treeshap_iforest,1,6,21024,21027,"[9, 10, 25, 23, 24, 19, 0, 15, 21, 18, 30, 20, 14, 13, 1, 27, 8, 2, 3, 32, 5, 34, 11, 22, 33, 31, 35, 29, 6, 12, 17, 4, 7, 16, 26, 28, 36, 37]",1,0.0,0.0,0.0,0.0,0,1,1,0
smd,group23_evaluation,machine-2-2,treeshap_iforest,1,6,21024,21027,"[9, 10, 25, 23, 24, 19, 0, 15, 21, 18, 30, 20, 14, 13, 1, 27, 8, 2, 3, 32, 5, 34, 11, 22, 33, 31, 35, 29, 6, 12, 17, 4, 7, 16, 26, 28, 36, 37]",3,0.3333333333333333,1.0,0.5,0.6309297535714575,1,1,3,1
smd,group23_evaluation,machine-2-2,treeshap_iforest,1,6,21024,21027,"[9, 10, 25, 23, 24, 19, 0, 15, 21, 18, 30, 20, 14, 13, 1, 27, 8, 2, 3, 32, 5, 34, 11, 22, 33, 31, 35, 29, 6, 12, 17, 4, 7, 16, 26, 28, 36, 37]",5,0.2,1.0,0.33333333333333337,0.6309297535714575,1,1,5,1
smd,group23_evaluation,machine-2-2,treeshap_iforest,1,7,21280,21295,"[1, 2, 25, 23, 3, 29, 0, 9, 6, 31, 32, 18, 15, 19, 33, 11, 20, 14, 10, 8, 27, 24, 13, 30, 5, 21, 34, 22, 35, 12, 17, 4, 7, 16, 26, 28, 36, 37]",1,1.0,0.14285714285714285,0.25,1.0,1,7,1,1
smd,group23_evaluation,machine-2-2,treeshap_iforest,1,7,21280,21295,"[1, 2, 25, 23, 3, 29, 0, 9, 6, 31, 32, 18, 15, 19, 33, 11, 20, 14, 10, 8, 27, 24, 13, 30, 5, 21, 34, 22, 35, 12, 17, 4, 7, 16, 26, 28, 36, 37]",3,0.6666666666666666,0.2857142857142857,0.4,0.7653606369886217,1,7,3,2
smd,group23_evaluation,machine-2-2,treeshap_iforest,1,7,21280,21295,"[1, 2, 25, 23, 3, 29, 0, 9, 6, 31, 32, 18, 15, 19, 33, 11, 20, 14, 10, 8, 27, 24, 13, 30, 5, 21, 34, 22, 35, 12, 17, 4, 7, 16, 26, 28, 36, 37]",5,0.6,0.42857142857142855,0.5,0.6843515475204855,1,7,5,3
smd,group23_evaluation,machine-2-2,treeshap_iforest,1,8,21405,21428,"[18, 0, 20, 25, 19, 23, 3, 21, 2, 27, 1, 30, 15, 9, 31, 8, 13, 14, 22, 10, 5, 11, 24, 29, 6, 32, 33, 34, 35, 12, 17, 4, 7, 16, 26, 28, 36, 37]",1,1.0,0.16666666666666666,0.2857142857142857,1.0,1,6,1,1
smd,group23_evaluation,machine-2-2,treeshap_iforest,1,8,21405,21428,"[18, 0, 20, 25, 19, 23, 3, 21, 2, 27, 1, 30, 15, 9, 31, 8, 13, 14, 22, 10, 5, 11, 24, 29, 6, 32, 33, 34, 35, 12, 17, 4, 7, 16, 26, 28, 36, 37]",3,0.6666666666666666,0.3333333333333333,0.4444444444444444,0.7039180890341347,1,6,3,2
smd,group23_evaluation,machine-2-2,treeshap_iforest,1,8,21405,21428,"[18, 0, 20, 25, 19, 23, 3, 21, 2, 27, 1, 30, 15, 9, 31, 8, 13, 14, 22, 10, 5, 11, 24, 29, 6, 32, 33, 34, 35, 12, 17, 4, 7, 16, 26, 28, 36, 37]",5,0.6,0.5,0.5454545454545454,0.639945385422766,1,6,5,3
smd,group23_evaluation,machine-2-2,treeshap_iforest,1,9,22260,22263,"[9, 29, 23, 10, 25, 6, 31, 11, 0, 8, 22, 19, 24, 27, 18, 14, 20, 15, 12, 5, 1, 2, 34, 21, 30, 13, 32, 35, 33, 3, 17, 4, 7, 16, 26, 28, 36, 37]",1,1.0,0.2,0.33333333333333337,1.0,1,5,1,1
smd,group23_evaluation,machine-2-2,treeshap_iforest,1,9,22260,22263,"[9, 29, 23, 10, 25, 6, 31, 11, 0, 8, 22, 19, 24, 27, 18, 14, 20, 15, 12, 5, 1, 2, 34, 21, 30, 13, 32, 35, 33, 3, 17, 4, 7, 16, 26, 28, 36, 37]",3,0.3333333333333333,0.2,0.25,0.46927872602275644,1,5,3,1
smd,group23_evaluation,machine-2-2,treeshap_iforest,1,9,22260,22263,"[9, 29, 23, 10, 25, 6, 31, 11, 0, 8, 22, 19, 24, 27, 18, 14, 20, 15, 12, 5, 1, 2, 34, 21, 30, 13, 32, 35, 33, 3, 17, 4, 7, 16, 26, 28, 36, 37]",5,0.4,0.4,0.4000000000000001,0.48522855511632257,1,5,5,2
smd,group23_evaluation,machine-2-2,treeshap_iforest,1,10,23099,23299,"[35, 0, 15, 34, 18, 6, 13, 31, 11, 20, 9, 19, 8, 24, 14, 33, 32, 30, 22, 21, 27, 2, 3, 1, 10, 23, 25, 5, 29, 12, 17, 4, 7, 16, 26, 28, 36, 37]",1,0.0,0.0,0.0,0.0,0,2,1,0
smd,group23_evaluation,machine-2-2,treeshap_iforest,1,10,23099,23299,"[35, 0, 15, 34, 18, 6, 13, 31, 11, 20, 9, 19, 8, 24, 14, 33, 32, 30, 22, 21, 27, 2, 3, 1, 10, 23, 25, 5, 29, 12, 17, 4, 7, 16, 26, 28, 36, 37]",3,0.0,0.0,0.0,0.0,0,2,3,0
smd,group23_evaluation,machine-2-2,treeshap_iforest,1,10,23099,23299,"[35, 0, 15, 34, 18, 6, 13, 31, 11, 20, 9, 19, 8, 24, 14, 33, 32, 30, 22, 21, 27, 2, 3, 1, 10, 23, 25, 5, 29, 12, 17, 4, 7, 16, 26, 28, 36, 37]",5,0.0,0.0,0.0,0.0,0,2,5,0
smd,group23_evaluation,machine-2-2,treeshap_iforest,2,0,12760,12771,"[1, 2, 6, 3, 31, 24, 0, 25, 23, 18, 34, 27, 35, 30, 22, 20, 21, 33, 19, 29, 9, 15, 32, 13, 8, 10, 11, 5, 14, 12, 17, 4, 7, 16, 26, 28, 36, 37]",1,1.0,0.0625,0.11764705882352941,1.0,1,16,1,1
smd,group23_evaluation,machine-2-2,treeshap_iforest,2,0,12760,12771,"[1, 2, 6, 3, 31, 24, 0, 25, 23, 18, 34, 27, 35, 30, 22, 20, 21, 33, 19, 29, 9, 15, 32, 13, 8, 10, 11, 5, 14, 12, 17, 4, 7, 16, 26, 28, 36, 37]",3,1.0,0.1875,0.3157894736842105,1.0,1,16,3,3
smd,group23_evaluation,machine-2-2,treeshap_iforest,2,0,12760,12771,"[1, 2, 6, 3, 31, 24, 0, 25, 23, 18, 34, 27, 35, 30, 22, 20, 21, 33, 19, 29, 9, 15, 32, 13, 8, 10, 11, 5, 14, 12, 17, 4, 7, 16, 26, 28, 36, 37]",5,1.0,0.3125,0.47619047619047616,1.0,1,16,5,5
smd,group23_evaluation,machine-2-2,treeshap_iforest,2,1,14511,14521,"[1, 6, 29, 2, 3, 31, 0, 34, 9, 25, 35, 24, 18, 23, 33, 27, 20, 10, 19, 11, 30, 8, 22, 21, 13, 14, 15, 32, 12, 5, 17, 4, 7, 16, 26, 28, 36, 37]",1,1.0,0.07142857142857142,0.13333333333333333,1.0,1,14,1,1
smd,group23_evaluation,machine-2-2,treeshap_iforest,2,1,14511,14521,"[1, 6, 29, 2, 3, 31, 0, 34, 9, 25, 35, 24, 18, 23, 33, 27, 20, 10, 19, 11, 30, 8, 22, 21, 13, 14, 15, 32, 12, 5, 17, 4, 7, 16, 26, 28, 36, 37]",3,0.6666666666666666,0.14285714285714285,0.23529411764705882,0.7653606369886217,1,14,3,2
smd,group23_evaluation,machine-2-2,treeshap_iforest,2,1,14511,14521,"[1, 6, 29, 2, 3, 31, 0, 34, 9, 25, 35, 24, 18, 23, 33, 27, 20, 10, 19, 11, 30, 8, 22, 21, 13, 14, 15, 32, 12, 5, 17, 4, 7, 16, 26, 28, 36, 37]",5,0.8,0.2857142857142857,0.4210526315789473,0.830419897363192,1,14,5,4
smd,group23_evaluation,machine-2-2,treeshap_iforest,2,2,15630,16502,"[9, 10, 11, 0, 31, 19, 24, 18, 12, 35, 34, 22, 8, 3, 25, 27, 30, 20, 21, 1, 13, 23, 29, 6, 2, 33, 14, 32, 15, 5, 17, 4, 7, 16, 26, 28, 36, 37]",1,1.0,0.25,0.4,1.0,1,4,1,1
smd,group23_evaluation,machine-2-2,treeshap_iforest,2,2,15630,16502,"[9, 10, 11, 0, 31, 19, 24, 18, 12, 35, 34, 22, 8, 3, 25, 27, 30, 20, 21, 1, 13, 23, 29, 6, 2, 33, 14, 32, 15, 5, 17, 4, 7, 16, 26, 28, 36, 37]",3,1.0,0.75,0.8571428571428571,1.0,1,4,3,3
smd,group23_evaluation,machine-2-2,treeshap_iforest,2,2,15630,16502,"[9, 10, 11, 0, 31, 19, 24, 18, 12, 35, 34, 22, 8, 3, 25, 27, 30, 20, 21, 1, 13, 23, 29, 6, 2, 33, 14, 32, 15, 5, 17, 4, 7, 16, 26, 28, 36, 37]",5,0.6,0.75,0.6666666666666665,0.8318724637288826,1,4,5,3
smd,group23_evaluation,machine-2-2,treeshap_iforest,2,3,17090,17942,"[31, 0, 25, 24, 3, 19, 34, 35, 8, 13, 23, 18, 15, 27, 14, 33, 21, 30, 9, 6, 32, 11, 29, 20, 1, 2, 22, 10, 5, 12, 17, 4, 7, 16, 26, 28, 36, 37]",1,0.0,0.0,0.0,0.0,0,4,1,0
smd,group23_evaluation,machine-2-2,treeshap_iforest,2,3,17090,17942,"[31, 0, 25, 24, 3, 19, 34, 35, 8, 13, 23, 18, 15, 27, 14, 33, 21, 30, 9, 6, 32, 11, 29, 20, 1, 2, 22, 10, 5, 12, 17, 4, 7, 16, 26, 28, 36, 37]",3,0.0,0.0,0.0,0.0,0,4,3,0
smd,group23_evaluation,machine-2-2,treeshap_iforest,2,3,17090,17942,"[31, 0, 25, 24, 3, 19, 34, 35, 8, 13, 23, 18, 15, 27, 14, 33, 21, 30, 9, 6, 32, 11, 29, 20, 1, 2, 22, 10, 5, 12, 17, 4, 7, 16, 26, 28, 36, 37]",5,0.0,0.0,0.0,0.0,0,4,5,0
smd,group23_evaluation,machine-2-2,treeshap_iforest,2,4,18541,19382,"[0, 24, 15, 19, 3, 13, 34, 31, 8, 18, 35, 27, 25, 21, 20, 33, 30, 14, 22, 29, 32, 2, 23, 1, 11, 9, 6, 10, 5, 12, 17, 4, 7, 16, 26, 28, 36, 37]",1,0.0,0.0,0.0,0.0,0,4,1,0
smd,group23_evaluation,machine-2-2,treeshap_iforest,2,4,18541,19382,"[0, 24, 15, 19, 3, 13, 34, 31, 8, 18, 35, 27, 25, 21, 20, 33, 30, 14, 22, 29, 32, 2, 23, 1, 11, 9, 6, 10, 5, 12, 17, 4, 7, 16, 26, 28, 36, 37]",3,0.0,0.0,0.0,0.0,0,4,3,0
smd,group23_evaluation,machine-2-2,treeshap_iforest,2,4,18541,19382,"[0, 24, 15, 19, 3, 13, 34, 31, 8, 18, 35, 27, 25, 21, 20, 33, 30, 14, 22, 29, 32, 2, 23, 1, 11, 9, 6, 10, 5, 12, 17, 4, 7, 16, 26, 28, 36, 37]",5,0.0,0.0,0.0,0.0,0,4,5,0
smd,group23_evaluation,machine-2-2,treeshap_iforest,2,5,20820,20823,"[10, 9, 3, 11, 25, 0, 8, 19, 23, 27, 18, 34, 20, 21, 30, 12, 24, 15, 13, 1, 33, 2, 35, 22, 32, 14, 31, 6, 5, 29, 17, 4, 7, 16, 26, 28, 36, 37]",1,1.0,0.25,0.4,1.0,1,4,1,1
smd,group23_evaluation,machine-2-2,treeshap_iforest,2,5,20820,20823,"[10, 9, 3, 11, 25, 0, 8, 19, 23, 27, 18, 34, 20, 21, 30, 12, 24, 15, 13, 1, 33, 2, 35, 22, 32, 14, 31, 6, 5, 29, 17, 4, 7, 16, 26, 28, 36, 37]",3,0.6666666666666666,0.5,0.5714285714285715,0.7653606369886217,1,4,3,2
smd,group23_evaluation,machine-2-2,treeshap_iforest,2,5,20820,20823,"[10, 9, 3, 11, 25, 0, 8, 19, 23, 27, 18, 34, 20, 21, 30, 12, 24, 15, 13, 1, 33, 2, 35, 22, 32, 14, 31, 6, 5, 29, 17, 4, 7, 16, 26, 28, 36, 37]",5,0.6,0.75,0.6666666666666665,0.8048099750039491,1,4,5,3
smd,group23_evaluation,machine-2-2,treeshap_iforest,2,6,21024,21027,"[10, 9, 25, 24, 23, 21, 19, 0, 30, 27, 18, 13, 15, 1, 11, 8, 14, 3, 33, 20, 32, 22, 34, 2, 31, 5, 29, 6, 35, 12, 17, 4, 7, 16, 26, 28, 36, 37]",1,1.0,1.0,1.0,1.0,1,1,1,1
smd,group23_evaluation,machine-2-2,treeshap_iforest,2,6,21024,21027,"[10, 9, 25, 24, 23, 21, 19, 0, 30, 27, 18, 13, 15, 1, 11, 8, 14, 3, 33, 20, 32, 22, 34, 2, 31, 5, 29, 6, 35, 12, 17, 4, 7, 16, 26, 28, 36, 37]",3,0.3333333333333333,1.0,0.5,1.0,1,1,3,1
smd,group23_evaluation,machine-2-2,treeshap_iforest,2,6,21024,21027,"[10, 9, 25, 24, 23, 21, 19, 0, 30, 27, 18, 13, 15, 1, 11, 8, 14, 3, 33, 20, 32, 22, 34, 2, 31, 5, 29, 6, 35, 12, 17, 4, 7, 16, 26, 28, 36, 37]",5,0.2,1.0,0.33333333333333337,1.0,1,1,5,1
smd,group23_evaluation,machine-2-2,treeshap_iforest,2,7,21280,21295,"[1, 2, 3, 29, 25, 0, 23, 6, 9, 31, 10, 18, 19, 33, 15, 32, 8, 11, 14, 20, 13, 24, 27, 34, 21, 30, 5, 22, 35, 12, 17, 4, 7, 16, 26, 28, 36, 37]",1,1.0,0.14285714285714285,0.25,1.0,1,7,1,1
smd,group23_evaluation,machine-2-2,treeshap_iforest,2,7,21280,21295,"[1, 2, 3, 29, 25, 0, 23, 6, 9, 31, 10, 18, 19, 33, 15, 32, 8, 11, 14, 20, 13, 24, 27, 34, 21, 30, 5, 22, 35, 12, 17, 4, 7, 16, 26, 28, 36, 37]",3,1.0,0.42857142857142855,0.6,1.0,1,7,3,3
smd,group23_evaluation,machine-2-2,treeshap_iforest,2,7,21280,21295,"[1, 2, 3, 29, 25, 0, 23, 6, 9, 31, 10, 18, 19, 33, 15, 32, 8, 11, 14, 20, 13, 24, 27, 34, 21, 30, 5, 22, 35, 12, 17, 4, 7, 16, 26, 28, 36, 37]",5,0.6,0.42857142857142855,0.5,0.7227265726449519,1,7,5,3
smd,group23_evaluation,machine-2-2,treeshap_iforest,2,8,21405,21428,"[18, 3, 0, 19, 20, 25, 1, 2, 27, 21, 23, 30, 9, 10, 15, 8, 13, 29, 22, 31, 14, 5, 11, 24, 33, 34, 32, 35, 6, 12, 17, 4, 7, 16, 26, 28, 36, 37]",1,1.0,0.16666666666666666,0.2857142857142857,1.0,1,6,1,1
smd,group23_evaluation,machine-2-2,treeshap_iforest,2,8,21405,21428,"[18, 3, 0, 19, 20, 25, 1, 2, 27, 21, 23, 30, 9, 10, 15, 8, 13, 29, 22, 31, 14, 5, 11, 24, 33, 34, 32, 35, 6, 12, 17, 4, 7, 16, 26, 28, 36, 37]",3,0.3333333333333333,0.16666666666666666,0.2222222222222222,0.46927872602275644,1,6,3,1
smd,group23_evaluation,machine-2-2,treeshap_iforest,2,8,21405,21428,"[18, 3, 0, 19, 20, 25, 1, 2, 27, 21, 23, 30, 9, 10, 15, 8, 13, 29, 22, 31, 14, 5, 11, 24, 33, 34, 32, 35, 6, 12, 17, 4, 7, 16, 26, 28, 36, 37]",5,0.6,0.5,0.5454545454545454,0.6164336326286644,1,6,5,3
smd,group23_evaluation,machine-2-2,treeshap_iforest,2,9,22260,22263,"[9, 10, 29, 25, 6, 31, 11, 23, 22, 0, 8, 19, 1, 21, 18, 15, 27, 2, 12, 34, 5, 14, 20, 35, 13, 24, 32, 30, 33, 3, 17, 4, 7, 16, 26, 28, 36, 37]",1,1.0,0.2,0.33333333333333337,1.0,1,5,1,1
smd,group23_evaluation,machine-2-2,treeshap_iforest,2,9,22260,22263,"[9, 10, 29, 25, 6, 31, 11, 23, 22, 0, 8, 19, 1, 21, 18, 15, 27, 2, 12, 34, 5, 14, 20, 35, 13, 24, 32, 30, 33, 3, 17, 4, 7, 16, 26, 28, 36, 37]",3,0.6666666666666666,0.4,0.5,0.7653606369886217,1,5,3,2
smd,group23_evaluation,machine-2-2,treeshap_iforest,2,9,22260,22263,"[9, 10, 29, 25, 6, 31, 11, 23, 22, 0, 8, 19, 1, 21, 18, 15, 27, 2, 12, 34, 5, 14, 20, 35, 13, 24, 32, 30, 33, 3, 17, 4, 7, 16, 26, 28, 36, 37]",5,0.4,0.4,0.4000000000000001,0.5531464700081437,1,5,5,2
smd,group23_evaluation,machine-2-2,treeshap_iforest,2,10,23099,23299,"[0, 34, 35, 13, 15, 24, 9, 31, 8, 3, 18, 19, 11, 33, 22, 14, 32, 21, 30, 10, 27, 1, 23, 20, 2, 25, 6, 29, 5, 12, 17, 4, 7, 16, 26, 28, 36, 37]",1,0.0,0.0,0.0,0.0,0,2,1,0
smd,group23_evaluation,machine-2-2,treeshap_iforest,2,10,23099,23299,"[0, 34, 35, 13, 15, 24, 9, 31, 8, 3, 18, 19, 11, 33, 22, 14, 32, 21, 30, 10, 27, 1, 23, 20, 2, 25, 6, 29, 5, 12, 17, 4, 7, 16, 26, 28, 36, 37]",3,0.0,0.0,0.0,0.0,0,2,3,0
smd,group23_evaluation,machine-2-2,treeshap_iforest,2,10,23099,23299,"[0, 34, 35, 13, 15, 24, 9, 31, 8, 3, 18, 19, 11, 33, 22, 14, 32, 21, 30, 10, 27, 1, 23, 20, 2, 25, 6, 29, 5, 12, 17, 4, 7, 16, 26, 28, 36, 37]",5,0.0,0.0,0.0,0.0,0,2,5,0
smd,group23_evaluation,machine-2-3,treeshap_iforest,0,0,857,860,"[9, 11, 1, 2, 8, 34, 14, 13, 35, 25, 33, 21, 12, 20, 0, 10, 15, 22, 18, 5, 23, 24, 19, 6, 3, 31, 27, 30, 29, 32, 28, 4, 7, 16, 17, 26, 36, 37]",1,0.0,0.0,0.0,0.0,0,2,1,0
smd,group23_evaluation,machine-2-3,treeshap_iforest,0,0,857,860,"[9, 11, 1, 2, 8, 34, 14, 13, 35, 25, 33, 21, 12, 20, 0, 10, 15, 22, 18, 5, 23, 24, 19, 6, 3, 31, 27, 30, 29, 32, 28, 4, 7, 16, 17, 26, 36, 37]",3,0.3333333333333333,0.5,0.4,0.38685280723454163,1,2,3,1
smd,group23_evaluation,machine-2-3,treeshap_iforest,0,0,857,860,"[9, 11, 1, 2, 8, 34, 14, 13, 35, 25, 33, 21, 12, 20, 0, 10, 15, 22, 18, 5, 23, 24, 19, 6, 3, 31, 27, 30, 29, 32, 28, 4, 7, 16, 17, 26, 36, 37]",5,0.2,0.5,0.28571428571428575,0.38685280723454163,1,2,5,1
smd,group23_evaluation,machine-2-3,treeshap_iforest,0,1,5739,5745,"[9, 11, 27, 20, 21, 18, 19, 30, 8, 13, 24, 22, 6, 33, 0, 1, 31, 25, 5, 2, 23, 15, 34, 35, 10, 12, 14, 3, 29, 32, 28, 4, 7, 16, 17, 26, 36, 37]",1,1.0,0.3333333333333333,0.5,1.0,1,3,1,1
smd,group23_evaluation,machine-2-3,treeshap_iforest,0,1,5739,5745,"[9, 11, 27, 20, 21, 18, 19, 30, 8, 13, 24, 22, 6, 33, 0, 1, 31, 25, 5, 2, 23, 15, 34, 35, 10, 12, 14, 3, 29, 32, 28, 4, 7, 16, 17, 26, 36, 37]",3,0.3333333333333333,0.3333333333333333,0.3333333333333333,0.46927872602275644,1,3,3,1
smd,group23_evaluation,machine-2-3,treeshap_iforest,0,1,5739,5745,"[9, 11, 27, 20, 21, 18, 19, 30, 8, 13, 24, 22, 6, 33, 0, 1, 31, 25, 5, 2, 23, 15, 34, 35, 10, 12, 14, 3, 29, 32, 28, 4, 7, 16, 17, 26, 36, 37]",5,0.2,0.3333333333333333,0.25,0.46927872602275644,1,3,5,1
smd,group23_evaluation,machine-2-3,treeshap_iforest,0,2,6008,6012,"[9, 11, 8, 13, 1, 12, 2, 14, 33, 6, 5, 23, 0, 34, 15, 35, 10, 18, 24, 19, 25, 22, 20, 21, 30, 27, 31, 29, 3, 32, 28, 4, 7, 16, 17, 26, 36, 37]",1,1.0,0.3333333333333333,0.5,1.0,1,3,1,1
smd,group23_evaluation,machine-2-3,treeshap_iforest,0,2,6008,6012,"[9, 11, 8, 13, 1, 12, 2, 14, 33, 6, 5, 23, 0, 34, 15, 35, 10, 18, 24, 19, 25, 22, 20, 21, 30, 27, 31, 29, 3, 32, 28, 4, 7, 16, 17, 26, 36, 37]",3,0.6666666666666666,0.6666666666666666,0.6666666666666666,0.7039180890341347,1,3,3,2
smd,group23_evaluation,machine-2-3,treeshap_iforest,0,2,6008,6012,"[9, 11, 8, 13, 1, 12, 2, 14, 33, 6, 5, 23, 0, 34, 15, 35, 10, 18, 24, 19, 25, 22, 20, 21, 30, 27, 31, 29, 3, 32, 28, 4, 7, 16, 17, 26, 36, 37]",5,0.4,0.6666666666666666,0.5,0.7039180890341347,1,3,5,2
smd,group23_evaluation,machine-2-3,treeshap_iforest,0,3,7910,8010,"[3, 2, 31, 27, 21, 6, 20, 30, 1, 19, 22, 0, 24, 13, 5, 34, 25, 23, 10, 18, 15, 35, 11, 8, 33, 14, 29, 9, 32, 12, 28, 4, 7, 16, 17, 26, 36, 37]",1,1.0,0.05555555555555555,0.10526315789473684,1.0,1,18,1,1
smd,group23_evaluation,machine-2-3,treeshap_iforest,0,3,7910,8010,"[3, 2, 31, 27, 21, 6, 20, 30, 1, 19, 22, 0, 24, 13, 5, 34, 25, 23, 10, 18, 15, 35, 11, 8, 33, 14, 29, 9, 32, 12, 28, 4, 7, 16, 17, 26, 36, 37]",3,1.0,0.16666666666666666,0.2857142857142857,1.0,1,18,3,3
smd,group23_evaluation,machine-2-3,treeshap_iforest,0,3,7910,8010,"[3, 2, 31, 27, 21, 6, 20, 30, 1, 19, 22, 0, 24, 13, 5, 34, 25, 23, 10, 18, 15, 35, 11, 8, 33, 14, 29, 9, 32, 12, 28, 4, 7, 16, 17, 26, 36, 37]",5,1.0,0.2777777777777778,0.4347826086956522,1.0,1,18,5,5
smd,group23_evaluation,machine-2-3,treeshap_iforest,0,4,10953,10957,"[8, 9, 11, 14, 13, 34, 25, 35, 33, 21, 23, 10, 0, 12, 15, 19, 6, 24, 2, 22, 1, 30, 31, 20, 18, 3, 5, 27, 29, 32, 28, 4, 7, 16, 17, 26, 36, 37]",1,1.0,0.3333333333333333,0.5,1.0,1,3,1,1
smd,group23_evaluation,machine-2-3,treeshap_iforest,0,4,10953,10957,"[8, 9, 11, 14, 13, 34, 25, 35, 33, 21, 23, 10, 0, 12, 15, 19, 6, 24, 2, 22, 1, 30, 31, 20, 18, 3, 5, 27, 29, 32, 28, 4, 7, 16, 17, 26, 36, 37]",3,0.6666666666666666,0.6666666666666666,0.6666666666666666,0.7039180890341347,1,3,3,2
smd,group23_evaluation,machine-2-3,treeshap_iforest,0,4,10953,10957,"[8, 9, 11, 14, 13, 34, 25, 35, 33, 21, 23, 10, 0, 12, 15, 19, 6, 24, 2, 22, 1, 30, 31, 20, 18, 3, 5, 27, 29, 32, 28, 4, 7, 16, 17, 26, 36, 37]",5,0.6,1.0,0.7499999999999999,0.9060254355346823,1,3,5,3
smd,group23_evaluation,machine-2-3,treeshap_iforest,0,5,12200,12226,"[22, 31, 2, 30, 6, 1, 21, 27, 24, 0, 19, 20, 13, 3, 25, 10, 15, 23, 18, 5, 8, 11, 33, 34, 14, 35, 9, 29, 32, 12, 28, 4, 7, 16, 17, 26, 36, 37]",1,1.0,0.07692307692307693,0.14285714285714288,1.0,1,13,1,1
smd,group23_evaluation,machine-2-3,treeshap_iforest,0,5,12200,12226,"[22, 31, 2, 30, 6, 1, 21, 27, 24, 0, 19, 20, 13, 3, 25, 10, 15, 23, 18, 5, 8, 11, 33, 34, 14, 35, 9, 29, 32, 12, 28, 4, 7, 16, 17, 26, 36, 37]",3,0.6666666666666666,0.15384615384615385,0.25,0.7653606369886217,1,13,3,2
smd,group23_evaluation,machine-2-3,treeshap_iforest,0,5,12200,12226,"[22, 31, 2, 30, 6, 1, 21, 27, 24, 0, 19, 20, 13, 3, 25, 10, 15, 23, 18, 5, 8, 11, 33, 34, 14, 35, 9, 29, 32, 12, 28, 4, 7, 16, 17, 26, 36, 37]",5,0.8,0.3076923076923077,0.4444444444444444,0.830419897363192,1,13,5,4
smd,group23_evaluation,machine-2-3,treeshap_iforest,0,6,15070,15151,"[21, 31, 27, 30, 19, 20, 18, 6, 2, 13, 22, 5, 0, 3, 24, 23, 25, 1, 10, 11, 8, 15, 14, 33, 34, 35, 9, 29, 32, 12, 28, 4, 7, 16, 17, 26, 36, 37]",1,1.0,0.09090909090909091,0.16666666666666669,1.0,1,11,1,1
smd,group23_evaluation,machine-2-3,treeshap_iforest,0,6,15070,15151,"[21, 31, 27, 30, 19, 20, 18, 6, 2, 13, 22, 5, 0, 3, 24, 23, 25, 1, 10, 11, 8, 15, 14, 33, 34, 35, 9, 29, 32, 12, 28, 4, 7, 16, 17, 26, 36, 37]",3,1.0,0.2727272727272727,0.42857142857142855,1.0,1,11,3,3
smd,group23_evaluation,machine-2-3,treeshap_iforest,0,6,15070,15151,"[21, 31, 27, 30, 19, 20, 18, 6, 2, 13, 22, 5, 0, 3, 24, 23, 25, 1, 10, 11, 8, 15, 14, 33, 34, 35, 9, 29, 32, 12, 28, 4, 7, 16, 17, 26, 36, 37]",5,1.0,0.45454545454545453,0.625,1.0,1,11,5,5
smd,group23_evaluation,machine-2-3,treeshap_iforest,0,7,19375,19416,"[3, 2, 1, 22, 30, 31, 21, 27, 24, 18, 20, 0, 25, 23, 19, 6, 11, 33, 34, 10, 13, 29, 5, 15, 8, 35, 14, 32, 9, 28, 12, 4, 7, 16, 17, 26, 36, 37]",1,1.0,0.04,0.07692307692307693,1.0,1,25,1,1
smd,group23_evaluation,machine-2-3,treeshap_iforest,0,7,19375,19416,"[3, 2, 1, 22, 30, 31, 21, 27, 24, 18, 20, 0, 25, 23, 19, 6, 11, 33, 34, 10, 13, 29, 5, 15, 8, 35, 14, 32, 9, 28, 12, 4, 7, 16, 17, 26, 36, 37]",3,1.0,0.12,0.21428571428571425,1.0,1,25,3,3
smd,group23_evaluation,machine-2-3,treeshap_iforest,0,7,19375,19416,"[3, 2, 1, 22, 30, 31, 21, 27, 24, 18, 20, 0, 25, 23, 19, 6, 11, 33, 34, 10, 13, 29, 5, 15, 8, 35, 14, 32, 9, 28, 12, 4, 7, 16, 17, 26, 36, 37]",5,1.0,0.2,0.33333333333333337,1.0,1,25,5,5
smd,group23_evaluation,machine-2-3,treeshap_iforest,0,8,19545,19553,"[1, 11, 2, 8, 13, 34, 5, 14, 33, 25, 35, 29, 10, 21, 6, 15, 23, 24, 22, 20, 12, 0, 19, 18, 9, 31, 30, 3, 27, 32, 28, 4, 7, 16, 17, 26, 36, 37]",1,0.0,0.0,0.0,0.0,0,1,1,0
smd,group23_evaluation,machine-2-3,treeshap_iforest,0,8,19545,19553,"[1, 11, 2, 8, 13, 34, 5, 14, 33, 25, 35, 29, 10, 21, 6, 15, 23, 24, 22, 20, 12, 0, 19, 18, 9, 31, 30, 3, 27, 32, 28, 4, 7, 16, 17, 26, 36, 37]",3,0.3333333333333333,1.0,0.5,0.6309297535714575,1,1,3,1
smd,group23_evaluation,machine-2-3,treeshap_iforest,0,8,19545,19553,"[1, 11, 2, 8, 13, 34, 5, 14, 33, 25, 35, 29, 10, 21, 6, 15, 23, 24, 22, 20, 12, 0, 19, 18, 9, 31, 30, 3, 27, 32, 28, 4, 7, 16, 17, 26, 36, 37]",5,0.2,1.0,0.33333333333333337,0.6309297535714575,1,1,5,1
smd,group23_evaluation,machine-2-3,treeshap_iforest,0,9,20253,20258,"[33, 23, 25, 29, 32, 0, 24, 8, 13, 11, 35, 10, 22, 34, 18, 5, 27, 6, 20, 15, 1, 14, 19, 21, 2, 31, 30, 9, 3, 12, 28, 4, 7, 16, 17, 26, 36, 37]",1,0.0,0.0,0.0,0.0,0,1,1,0
smd,group23_evaluation,machine-2-3,treeshap_iforest,0,9,20253,20258,"[33, 23, 25, 29, 32, 0, 24, 8, 13, 11, 35, 10, 22, 34, 18, 5, 27, 6, 20, 15, 1, 14, 19, 21, 2, 31, 30, 9, 3, 12, 28, 4, 7, 16, 17, 26, 36, 37]",3,0.0,0.0,0.0,0.0,0,1,3,0
smd,group23_evaluation,machine-2-3,treeshap_iforest,0,9,20253,20258,"[33, 23, 25, 29, 32, 0, 24, 8, 13, 11, 35, 10, 22, 34, 18, 5, 27, 6, 20, 15, 1, 14, 19, 21, 2, 31, 30, 9, 3, 12, 28, 4, 7, 16, 17, 26, 36, 37]",5,0.2,1.0,0.33333333333333337,0.43067655807339306,1,1,5,1
smd,group23_evaluation,machine-2-3,treeshap_iforest,1,0,857,860,"[9, 11, 2, 1, 8, 6, 14, 25, 13, 35, 18, 34, 27, 30, 22, 33, 3, 10, 23, 15, 24, 31, 5, 20, 19, 12, 0, 21, 29, 32, 28, 4, 7, 16, 17, 26, 36, 37]",1,0.0,0.0,0.0,0.0,0,2,1,0
smd,group23_evaluation,machine-2-3,treeshap_iforest,1,0,857,860,"[9, 11, 2, 1, 8, 6, 14, 25, 13, 35, 18, 34, 27, 30, 22, 33, 3, 10, 23, 15, 24, 31, 5, 20, 19, 12, 0, 21, 29, 32, 28, 4, 7, 16, 17, 26, 36, 37]",3,0.3333333333333333,0.5,0.4,0.38685280723454163,1,2,3,1
smd,group23_evaluation,machine-2-3,treeshap_iforest,1,0,857,860,"[9, 11, 2, 1, 8, 6, 14, 25, 13, 35, 18, 34, 27, 30, 22, 33, 3, 10, 23, 15, 24, 31, 5, 20, 19, 12, 0, 21, 29, 32, 28, 4, 7, 16, 17, 26, 36, 37]",5,0.2,0.5,0.28571428571428575,0.38685280723454163,1,2,5,1
smd,group23_evaluation,machine-2-3,treeshap_iforest,1,1,5739,5745,"[9, 11, 18, 19, 27, 30, 8, 20, 6, 21, 33, 31, 13, 25, 2, 24, 0, 22, 1, 5, 35, 34, 14, 15, 3, 10, 23, 29, 12, 32, 28, 4, 7, 16, 17, 26, 36, 37]",1,1.0,0.3333333333333333,0.5,1.0,1,3,1,1
smd,group23_evaluation,machine-2-3,treeshap_iforest,1,1,5739,5745,"[9, 11, 18, 19, 27, 30, 8, 20, 6, 21, 33, 31, 13, 25, 2, 24, 0, 22, 1, 5, 35, 34, 14, 15, 3, 10, 23, 29, 12, 32, 28, 4, 7, 16, 17, 26, 36, 37]",3,0.3333333333333333,0.3333333333333333,0.3333333333333333,0.46927872602275644,1,3,3,1
smd,group23_evaluation,machine-2-3,treeshap_iforest,1,1,5739,5745,"[9, 11, 18, 19, 27, 30, 8, 20, 6, 21, 33, 31, 13, 25, 2, 24, 0, 22, 1, 5, 35, 34, 14, 15, 3, 10, 23, 29, 12, 32, 28, 4, 7, 16, 17, 26, 36, 37]",5,0.2,0.3333333333333333,0.25,0.46927872602275644,1,3,5,1
smd,group23_evaluation,machine-2-3,treeshap_iforest,1,2,6008,6012,"[9, 11, 8, 13, 33, 6, 1, 2, 14, 25, 35, 27, 18, 15, 5, 0, 34, 10, 24, 12, 20, 23, 31, 3, 19, 22, 30, 21, 29, 32, 28, 4, 7, 16, 17, 26, 36, 37]",1,1.0,0.3333333333333333,0.5,1.0,1,3,1,1
smd,group23_evaluation,machine-2-3,treeshap_iforest,1,2,6008,6012,"[9, 11, 8, 13, 33, 6, 1, 2, 14, 25, 35, 27, 18, 15, 5, 0, 34, 10, 24, 12, 20, 23, 31, 3, 19, 22, 30, 21, 29, 32, 28, 4, 7, 16, 17, 26, 36, 37]",3,0.6666666666666666,0.6666666666666666,0.6666666666666666,0.7039180890341347,1,3,3,2
smd,group23_evaluation,machine-2-3,treeshap_iforest,1,2,6008,6012,"[9, 11, 8, 13, 33, 6, 1, 2, 14, 25, 35, 27, 18, 15, 5, 0, 34, 10, 24, 12, 20, 23, 31, 3, 19, 22, 30, 21, 29, 32, 28, 4, 7, 16, 17, 26, 36, 37]",5,0.4,0.6666666666666666,0.5,0.7039180890341347,1,3,5,2
smd,group23_evaluation,machine-2-3,treeshap_iforest,1,3,7910,8010,"[31, 3, 2, 27, 6, 20, 30, 21, 1, 19, 22, 0, 13, 24, 25, 5, 18, 23, 34, 33, 15, 10, 35, 8, 11, 29, 14, 9, 32, 12, 28, 4, 7, 16, 17, 26, 36, 37]",1,1.0,0.05555555555555555,0.10526315789473684,1.0,1,18,1,1
smd,group23_evaluation,machine-2-3,treeshap_iforest,1,3,7910,8010,"[31, 3, 2, 27, 6, 20, 30, 21, 1, 19, 22, 0, 13, 24, 25, 5, 18, 23, 34, 33, 15, 10, 35, 8, 11, 29, 14, 9, 32, 12, 28, 4, 7, 16, 17, 26, 36, 37]",3,1.0,0.16666666666666666,0.2857142857142857,1.0,1,18,3,3
smd,group23_evaluation,machine-2-3,treeshap_iforest,1,3,7910,8010,"[31, 3, 2, 27, 6, 20, 30, 21, 1, 19, 22, 0, 13, 24, 25, 5, 18, 23, 34, 33, 15, 10, 35, 8, 11, 29, 14, 9, 32, 12, 28, 4, 7, 16, 17, 26, 36, 37]",5,1.0,0.2777777777777778,0.4347826086956522,1.0,1,18,5,5
smd,group23_evaluation,machine-2-3,treeshap_iforest,1,4,10953,10957,"[9, 8, 11, 14, 6, 25, 13, 33, 23, 18, 0, 34, 15, 10, 30, 31, 35, 1, 3, 2, 21, 24, 19, 20, 27, 12, 22, 29, 5, 32, 28, 4, 7, 16, 17, 26, 36, 37]",1,0.0,0.0,0.0,0.0,0,3,1,0
smd,group23_evaluation,machine-2-3,treeshap_iforest,1,4,10953,10957,"[9, 8, 11, 14, 6, 25, 13, 33, 23, 18, 0, 34, 15, 10, 30, 31, 35, 1, 3, 2, 21, 24, 19, 20, 27, 12, 22, 29, 5, 32, 28, 4, 7, 16, 17, 26, 36, 37]",3,0.6666666666666666,0.6666666666666666,0.6666666666666666,0.5307212739772434,1,3,3,2
smd,group23_evaluation,machine-2-3,treeshap_iforest,1,4,10953,10957,"[9, 8, 11, 14, 6, 25, 13, 33, 23, 18, 0, 34, 15, 10, 30, 31, 35, 1, 3, 2, 21, 24, 19, 20, 27, 12, 22, 29, 5, 32, 28, 4, 7, 16, 17, 26, 36, 37]",5,0.6,1.0,0.7499999999999999,0.7328286204777911,1,3,5,3
smd,group23_evaluation,machine-2-3,treeshap_iforest,1,5,12200,12226,"[6, 31, 27, 22, 0, 2, 1, 19, 24, 21, 30, 20, 13, 3, 25, 15, 18, 10, 33, 23, 5, 8, 11, 35, 14, 34, 9, 29, 32, 28, 12, 4, 7, 16, 17, 26, 36, 37]",1,1.0,0.07692307692307693,0.14285714285714288,1.0,1,13,1,1
smd,group23_evaluation,machine-2-3,treeshap_iforest,1,5,12200,12226,"[6, 31, 27, 22, 0, 2, 1, 19, 24, 21, 30, 20, 13, 3, 25, 15, 18, 10, 33, 23, 5, 8, 11, 35, 14, 34, 9, 29, 32, 28, 12, 4, 7, 16, 17, 26, 36, 37]",3,1.0,0.23076923076923078,0.375,1.0,1,13,3,3
smd,group23_evaluation,machine-2-3,treeshap_iforest,1,5,12200,12226,"[6, 31, 27, 22, 0, 2, 1, 19, 24, 21, 30, 20, 13, 3, 25, 15, 18, 10, 33, 23, 5, 8, 11, 35, 14, 34, 9, 29, 32, 28, 12, 4, 7, 16, 17, 26, 36, 37]",5,1.0,0.38461538461538464,0.5555555555555556,1.0,1,13,5,5
smd,group23_evaluation,machine-2-3,treeshap_iforest,1,6,15070,15151,"[31, 19, 27, 21, 20, 30, 18, 6, 3, 0, 5, 13, 2, 24, 22, 25, 33, 11, 1, 23, 8, 15, 35, 10, 14, 34, 9, 29, 32, 28, 12, 4, 7, 16, 17, 26, 36, 37]",1,1.0,0.09090909090909091,0.16666666666666669,1.0,1,11,1,1
smd,group23_evaluation,machine-2-3,treeshap_iforest,1,6,15070,15151,"[31, 19, 27, 21, 20, 30, 18, 6, 3, 0, 5, 13, 2, 24, 22, 25, 33, 11, 1, 23, 8, 15, 35, 10, 14, 34, 9, 29, 32, 28, 12, 4, 7, 16, 17, 26, 36, 37]",3,1.0,0.2727272727272727,0.42857142857142855,1.0,1,11,3,3
smd,group23_evaluation,machine-2-3,treeshap_iforest,1,6,15070,15151,"[31, 19, 27, 21, 20, 30, 18, 6, 3, 0, 5, 13, 2, 24, 22, 25, 33, 11, 1, 23, 8, 15, 35, 10, 14, 34, 9, 29, 32, 28, 12, 4, 7, 16, 17, 26, 36, 37]",5,1.0,0.45454545454545453,0.625,1.0,1,11,5,5
smd,group23_evaluation,machine-2-3,treeshap_iforest,1,7,19375,19416,"[3, 2, 1, 27, 31, 22, 18, 0, 6, 21, 20, 19, 30, 24, 25, 23, 11, 33, 29, 35, 13, 8, 34, 10, 5, 14, 15, 32, 9, 28, 12, 4, 7, 16, 17, 26, 36, 37]",1,1.0,0.04,0.07692307692307693,1.0,1,25,1,1
smd,group23_evaluation,machine-2-3,treeshap_iforest,1,7,19375,19416,"[3, 2, 1, 27, 31, 22, 18, 0, 6, 21, 20, 19, 30, 24, 25, 23, 11, 33, 29, 35, 13, 8, 34, 10, 5, 14, 15, 32, 9, 28, 12, 4, 7, 16, 17, 26, 36, 37]",3,1.0,0.12,0.21428571428571425,1.0,1,25,3,3
smd,group23_evaluation,machine-2-3,treeshap_iforest,1,7,19375,19416,"[3, 2, 1, 27, 31, 22, 18, 0, 6, 21, 20, 19, 30, 24, 25, 23, 11, 33, 29, 35, 13, 8, 34, 10, 5, 14, 15, 32, 9, 28, 12, 4, 7, 16, 17, 26, 36, 37]",5,1.0,0.2,0.33333333333333337,1.0,1,25,5,5
smd,group23_evaluation,machine-2-3,treeshap_iforest,1,8,19545,19553,"[1, 6, 11, 2, 13, 8, 33, 14, 29, 25, 5, 0, 22, 34, 10, 35, 24, 30, 15, 23, 18, 27, 20, 9, 19, 3, 21, 31, 12, 32, 28, 4, 7, 16, 17, 26, 36, 37]",1,0.0,0.0,0.0,0.0,0,1,1,0
smd,group23_evaluation,machine-2-3,treeshap_iforest,1,8,19545,19553,"[1, 6, 11, 2, 13, 8, 33, 14, 29, 25, 5, 0, 22, 34, 10, 35, 24, 30, 15, 23, 18, 27, 20, 9, 19, 3, 21, 31, 12, 32, 28, 4, 7, 16, 17, 26, 36, 37]",3,0.3333333333333333,1.0,0.5,0.5,1,1,3,1
smd,group23_evaluation,machine-2-3,treeshap_iforest,1,8,19545,19553,"[1, 6, 11, 2, 13, 8, 33, 14, 29, 25, 5, 0, 22, 34, 10, 35, 24, 30, 15, 23, 18, 27, 20, 9, 19, 3, 21, 31, 12, 32, 28, 4, 7, 16, 17, 26, 36, 37]",5,0.2,1.0,0.33333333333333337,0.5,1,1,5,1
smd,group23_evaluation,machine-2-3,treeshap_iforest,1,9,20253,20258,"[29, 33, 23, 25, 32, 6, 34, 35, 0, 8, 18, 13, 14, 24, 11, 22, 10, 20, 5, 19, 27, 31, 15, 30, 1, 21, 2, 3, 9, 12, 28, 4, 7, 16, 17, 26, 36, 37]",1,1.0,1.0,1.0,1.0,1,1,1,1
smd,group23_evaluation,machine-2-3,treeshap_iforest,1,9,20253,20258,"[29, 33, 23, 25, 32, 6, 34, 35, 0, 8, 18, 13, 14, 24, 11, 22, 10, 20, 5, 19, 27, 31, 15, 30, 1, 21, 2, 3, 9, 12, 28, 4, 7, 16, 17, 26, 36, 37]",3,0.3333333333333333,1.0,0.5,1.0,1,1,3,1
smd,group23_evaluation,machine-2-3,treeshap_iforest,1,9,20253,20258,"[29, 33, 23, 25, 32, 6, 34, 35, 0, 8, 18, 13, 14, 24, 11, 22, 10, 20, 5, 19, 27, 31, 15, 30, 1, 21, 2, 3, 9, 12, 28, 4, 7, 16, 17, 26, 36, 37]",5,0.2,1.0,0.33333333333333337,1.0,1,1,5,1
smd,group23_evaluation,machine-2-3,treeshap_iforest,2,0,857,860,"[9, 11, 1, 2, 8, 13, 14, 23, 25, 6, 0, 34, 35, 33, 10, 3, 12, 15, 20, 31, 21, 22, 27, 24, 5, 30, 18, 29, 19, 32, 28, 4, 7, 16, 17, 26, 36, 37]",1,0.0,0.0,0.0,0.0,0,2,1,0
smd,group23_evaluation,machine-2-3,treeshap_iforest,2,0,857,860,"[9, 11, 1, 2, 8, 13, 14, 23, 25, 6, 0, 34, 35, 33, 10, 3, 12, 15, 20, 31, 21, 22, 27, 24, 5, 30, 18, 29, 19, 32, 28, 4, 7, 16, 17, 26, 36, 37]",3,0.3333333333333333,0.5,0.4,0.38685280723454163,1,2,3,1
smd,group23_evaluation,machine-2-3,treeshap_iforest,2,0,857,860,"[9, 11, 1, 2, 8, 13, 14, 23, 25, 6, 0, 34, 35, 33, 10, 3, 12, 15, 20, 31, 21, 22, 27, 24, 5, 30, 18, 29, 19, 32, 28, 4, 7, 16, 17, 26, 36, 37]",5,0.2,0.5,0.28571428571428575,0.38685280723454163,1,2,5,1
smd,group23_evaluation,machine-2-3,treeshap_iforest,2,1,5739,5745,"[9, 11, 19, 18, 27, 30, 21, 20, 24, 13, 6, 31, 8, 33, 22, 1, 25, 2, 23, 0, 15, 34, 14, 5, 3, 10, 12, 35, 29, 32, 28, 4, 7, 16, 17, 26, 36, 37]",1,1.0,0.3333333333333333,0.5,1.0,1,3,1,1
smd,group23_evaluation,machine-2-3,treeshap_iforest,2,1,5739,5745,"[9, 11, 19, 18, 27, 30, 21, 20, 24, 13, 6, 31, 8, 33, 22, 1, 25, 2, 23, 0, 15, 34, 14, 5, 3, 10, 12, 35, 29, 32, 28, 4, 7, 16, 17, 26, 36, 37]",3,0.3333333333333333,0.3333333333333333,0.3333333333333333,0.46927872602275644,1,3,3,1
smd,group23_evaluation,machine-2-3,treeshap_iforest,2,1,5739,5745,"[9, 11, 19, 18, 27, 30, 21, 20, 24, 13, 6, 31, 8, 33, 22, 1, 25, 2, 23, 0, 15, 34, 14, 5, 3, 10, 12, 35, 29, 32, 28, 4, 7, 16, 17, 26, 36, 37]",5,0.2,0.3333333333333333,0.25,0.46927872602275644,1,3,5,1
smd,group23_evaluation,machine-2-3,treeshap_iforest,2,2,6008,6012,"[9, 11, 8, 13, 33, 1, 6, 2, 12, 25, 27, 0, 5, 18, 14, 20, 34, 23, 15, 10, 35, 22, 3, 19, 24, 21, 30, 29, 31, 32, 28, 4, 7, 16, 17, 26, 36, 37]",1,1.0,0.3333333333333333,0.5,1.0,1,3,1,1
smd,group23_evaluation,machine-2-3,treeshap_iforest,2,2,6008,6012,"[9, 11, 8, 13, 33, 1, 6, 2, 12, 25, 27, 0, 5, 18, 14, 20, 34, 23, 15, 10, 35, 22, 3, 19, 24, 21, 30, 29, 31, 32, 28, 4, 7, 16, 17, 26, 36, 37]",3,0.6666666666666666,0.6666666666666666,0.6666666666666666,0.7039180890341347,1,3,3,2
smd,group23_evaluation,machine-2-3,treeshap_iforest,2,2,6008,6012,"[9, 11, 8, 13, 33, 1, 6, 2, 12, 25, 27, 0, 5, 18, 14, 20, 34, 23, 15, 10, 35, 22, 3, 19, 24, 21, 30, 29, 31, 32, 28, 4, 7, 16, 17, 26, 36, 37]",5,0.4,0.6666666666666666,0.5,0.7039180890341347,1,3,5,2
smd,group23_evaluation,machine-2-3,treeshap_iforest,2,3,7910,8010,"[3, 31, 2, 19, 27, 1, 30, 20, 6, 21, 22, 0, 25, 13, 24, 18, 10, 23, 5, 34, 29, 33, 15, 8, 35, 11, 14, 9, 32, 12, 28, 4, 7, 16, 17, 26, 36, 37]",1,1.0,0.05555555555555555,0.10526315789473684,1.0,1,18,1,1
smd,group23_evaluation,machine-2-3,treeshap_iforest,2,3,7910,8010,"[3, 31, 2, 19, 27, 1, 30, 20, 6, 21, 22, 0, 25, 13, 24, 18, 10, 23, 5, 34, 29, 33, 15, 8, 35, 11, 14, 9, 32, 12, 28, 4, 7, 16, 17, 26, 36, 37]",3,1.0,0.16666666666666666,0.2857142857142857,1.0,1,18,3,3
smd,group23_evaluation,machine-2-3,treeshap_iforest,2,3,7910,8010,"[3, 31, 2, 19, 27, 1, 30, 20, 6, 21, 22, 0, 25, 13, 24, 18, 10, 23, 5, 34, 29, 33, 15, 8, 35, 11, 14, 9, 32, 12, 28, 4, 7, 16, 17, 26, 36, 37]",5,0.8,0.2222222222222222,0.3478260869565218,0.8539316501572937,1,18,5,4
smd,group23_evaluation,machine-2-3,treeshap_iforest,2,4,10953,10957,"[9, 11, 8, 14, 6, 13, 33, 25, 23, 20, 10, 15, 12, 27, 34, 24, 18, 1, 31, 21, 2, 19, 30, 5, 35, 3, 22, 0, 29, 32, 28, 4, 7, 16, 17, 26, 36, 37]",1,0.0,0.0,0.0,0.0,0,3,1,0
smd,group23_evaluation,machine-2-3,treeshap_iforest,2,4,10953,10957,"[9, 11, 8, 14, 6, 13, 33, 25, 23, 20, 10, 15, 12, 27, 34, 24, 18, 1, 31, 21, 2, 19, 30, 5, 35, 3, 22, 0, 29, 32, 28, 4, 7, 16, 17, 26, 36, 37]",3,0.6666666666666666,0.6666666666666666,0.6666666666666666,0.5307212739772434,1,3,3,2
smd,group23_evaluation,machine-2-3,treeshap_iforest,2,4,10953,10957,"[9, 11, 8, 14, 6, 13, 33, 25, 23, 20, 10, 15, 12, 27, 34, 24, 18, 1, 31, 21, 2, 19, 30, 5, 35, 3, 22, 0, 29, 32, 28, 4, 7, 16, 17, 26, 36, 37]",5,0.6,1.0,0.7499999999999999,0.7328286204777911,1,3,5,3
smd,group23_evaluation,machine-2-3,treeshap_iforest,2,5,12200,12226,"[31, 22, 19, 1, 2, 27, 6, 3, 0, 30, 24, 13, 21, 20, 25, 10, 18, 15, 23, 33, 8, 5, 11, 14, 34, 35, 9, 29, 32, 12, 28, 4, 7, 16, 17, 26, 36, 37]",1,1.0,0.07692307692307693,0.14285714285714288,1.0,1,13,1,1
smd,group23_evaluation,machine-2-3,treeshap_iforest,2,5,12200,12226,"[31, 22, 19, 1, 2, 27, 6, 3, 0, 30, 24, 13, 21, 20, 25, 10, 18, 15, 23, 33, 8, 5, 11, 14, 34, 35, 9, 29, 32, 12, 28, 4, 7, 16, 17, 26, 36, 37]",3,1.0,0.23076923076923078,0.375,1.0,1,13,3,3
smd,group23_evaluation,machine-2-3,treeshap_iforest,2,5,12200,12226,"[31, 22, 19, 1, 2, 27, 6, 3, 0, 30, 24, 13, 21, 20, 25, 10, 18, 15, 23, 33, 8, 5, 11, 14, 34, 35, 9, 29, 32, 12, 28, 4, 7, 16, 17, 26, 36, 37]",5,0.6,0.23076923076923078,0.33333333333333337,0.7227265726449519,1,13,5,3
smd,group23_evaluation,machine-2-3,treeshap_iforest,2,6,15070,15151,"[19, 31, 27, 30, 21, 18, 20, 6, 3, 22, 13, 24, 2, 0, 25, 1, 5, 23, 8, 33, 10, 15, 11, 14, 34, 35, 9, 29, 32, 12, 28, 4, 7, 16, 17, 26, 36, 37]",1,1.0,0.09090909090909091,0.16666666666666669,1.0,1,11,1,1
smd,group23_evaluation,machine-2-3,treeshap_iforest,2,6,15070,15151,"[19, 31, 27, 30, 21, 18, 20, 6, 3, 22, 13, 24, 2, 0, 25, 1, 5, 23, 8, 33, 10, 15, 11, 14, 34, 35, 9, 29, 32, 12, 28, 4, 7, 16, 17, 26, 36, 37]",3,1.0,0.2727272727272727,0.42857142857142855,1.0,1,11,3,3
smd,group23_evaluation,machine-2-3,treeshap_iforest,2,6,15070,15151,"[19, 31, 27, 30, 21, 18, 20, 6, 3, 22, 13, 24, 2, 0, 25, 1, 5, 23, 8, 33, 10, 15, 11, 14, 34, 35, 9, 29, 32, 12, 28, 4, 7, 16, 17, 26, 36, 37]",5,1.0,0.45454545454545453,0.625,1.0,1,11,5,5
smd,group23_evaluation,machine-2-3,treeshap_iforest,2,7,19375,19416,"[3, 2, 1, 31, 22, 25, 19, 27, 18, 30, 0, 24, 21, 20, 6, 29, 23, 33, 11, 13, 35, 34, 10, 8, 15, 5, 14, 32, 9, 28, 12, 4, 7, 16, 17, 26, 36, 37]",1,1.0,0.04,0.07692307692307693,1.0,1,25,1,1
smd,group23_evaluation,machine-2-3,treeshap_iforest,2,7,19375,19416,"[3, 2, 1, 31, 22, 25, 19, 27, 18, 30, 0, 24, 21, 20, 6, 29, 23, 33, 11, 13, 35, 34, 10, 8, 15, 5, 14, 32, 9, 28, 12, 4, 7, 16, 17, 26, 36, 37]",3,1.0,0.12,0.21428571428571425,1.0,1,25,3,3
smd,group23_evaluation,machine-2-3,treeshap_iforest,2,7,19375,19416,"[3, 2, 1, 31, 22, 25, 19, 27, 18, 30, 0, 24, 21, 20, 6, 29, 23, 33, 11, 13, 35, 34, 10, 8, 15, 5, 14, 32, 9, 28, 12, 4, 7, 16, 17, 26, 36, 37]",5,1.0,0.2,0.33333333333333337,1.0,1,25,5,5
smd,group23_evaluation,machine-2-3,treeshap_iforest,2,8,19545,19553,"[1, 11, 8, 6, 13, 29, 14, 2, 33, 5, 25, 34, 23, 10, 21, 15, 24, 0, 3, 18, 31, 35, 12, 27, 22, 9, 30, 19, 20, 32, 28, 4, 7, 16, 17, 26, 36, 37]",1,0.0,0.0,0.0,0.0,0,1,1,0
smd,group23_evaluation,machine-2-3,treeshap_iforest,2,8,19545,19553,"[1, 11, 8, 6, 13, 29, 14, 2, 33, 5, 25, 34, 23, 10, 21, 15, 24, 0, 3, 18, 31, 35, 12, 27, 22, 9, 30, 19, 20, 32, 28, 4, 7, 16, 17, 26, 36, 37]",3,0.3333333333333333,1.0,0.5,0.6309297535714575,1,1,3,1
smd,group23_evaluation,machine-2-3,treeshap_iforest,2,8,19545,19553,"[1, 11, 8, 6, 13, 29, 14, 2, 33, 5, 25, 34, 23, 10, 21, 15, 24, 0, 3, 18, 31, 35, 12, 27, 22, 9, 30, 19, 20, 32, 28, 4, 7, 16, 17, 26, 36, 37]",5,0.2,1.0,0.33333333333333337,0.6309297535714575,1,1,5,1
smd,group23_evaluation,machine-2-3,treeshap_iforest,2,9,20253,20258,"[29, 33, 25, 23, 24, 32, 6, 35, 34, 8, 14, 18, 13, 11, 10, 15, 22, 19, 27, 0, 31, 1, 5, 21, 30, 20, 2, 3, 9, 12, 28, 4, 7, 16, 17, 26, 36, 37]",1,1.0,1.0,1.0,1.0,1,1,1,1
smd,group23_evaluation,machine-2-3,treeshap_iforest,2,9,20253,20258,"[29, 33, 25, 23, 24, 32, 6, 35, 34, 8, 14, 18, 13, 11, 10, 15, 22, 19, 27, 0, 31, 1, 5, 21, 30, 20, 2, 3, 9, 12, 28, 4, 7, 16, 17, 26, 36, 37]",3,0.3333333333333333,1.0,0.5,1.0,1,1,3,1
smd,group23_evaluation,machine-2-3,treeshap_iforest,2,9,20253,20258,"[29, 33, 25, 23, 24, 32, 6, 35, 34, 8, 14, 18, 13, 11, 10, 15, 22, 19, 27, 0, 31, 1, 5, 21, 30, 20, 2, 3, 9, 12, 28, 4, 7, 16, 17, 26, 36, 37]",5,0.2,1.0,0.33333333333333337,1.0,1,1,5,1
smd,group23_evaluation,machine-2-4,treeshap_iforest,0,0,1012,1016,"[8, 13, 14, 12, 11, 25, 23, 32, 2, 15, 33, 6, 0, 3, 30, 5, 27, 10, 20, 18, 34, 29, 22, 24, 21, 9, 31, 1, 19, 35, 4, 7, 16, 17, 26, 28, 36, 37]",1,1.0,0.2,0.33333333333333337,1.0,1,5,1,1
smd,group23_evaluation,machine-2-4,treeshap_iforest,0,0,1012,1016,"[8, 13, 14, 12, 11, 25, 23, 32, 2, 15, 33, 6, 0, 3, 30, 5, 27, 10, 20, 18, 34, 29, 22, 24, 21, 9, 31, 1, 19, 35, 4, 7, 16, 17, 26, 28, 36, 37]",3,1.0,0.6,0.7499999999999999,1.0,1,5,3,3
smd,group23_evaluation,machine-2-4,treeshap_iforest,0,0,1012,1016,"[8, 13, 14, 12, 11, 25, 23, 32, 2, 15, 33, 6, 0, 3, 30, 5, 27, 10, 20, 18, 34, 29, 22, 24, 21, 9, 31, 1, 19, 35, 4, 7, 16, 17, 26, 28, 36, 37]",5,1.0,1.0,1.0,1.0,1,5,5,5
smd,group23_evaluation,machine-2-4,treeshap_iforest,0,1,2098,2102,"[13, 8, 14, 12, 11, 5, 33, 15, 6, 3, 23, 2, 1, 25, 22, 10, 32, 27, 18, 29, 21, 24, 20, 0, 34, 30, 9, 35, 19, 31, 4, 7, 16, 17, 26, 28, 36, 37]",1,1.0,0.5,0.6666666666666666,1.0,1,2,1,1
smd,group23_evaluation,machine-2-4,treeshap_iforest,0,1,2098,2102,"[13, 8, 14, 12, 11, 5, 33, 15, 6, 3, 23, 2, 1, 25, 22, 10, 32, 27, 18, 29, 21, 24, 20, 0, 34, 30, 9, 35, 19, 31, 4, 7, 16, 17, 26, 28, 36, 37]",3,0.3333333333333333,0.5,0.4,0.6131471927654584,1,2,3,1
smd,group23_evaluation,machine-2-4,treeshap_iforest,0,1,2098,2102,"[13, 8, 14, 12, 11, 5, 33, 15, 6, 3, 23, 2, 1, 25, 22, 10, 32, 27, 18, 29, 21, 24, 20, 0, 34, 30, 9, 35, 19, 31, 4, 7, 16, 17, 26, 28, 36, 37]",5,0.4,1.0,0.5714285714285715,0.8772153153380493,1,2,5,2
smd,group23_evaluation,machine-2-4,treeshap_iforest,0,2,3538,3542,"[8, 13, 5, 14, 11, 12, 2, 15, 1, 6, 23, 25, 3, 32, 22, 0, 34, 10, 20, 18, 27, 29, 33, 21, 19, 9, 24, 30, 35, 31, 4, 7, 16, 17, 26, 28, 36, 37]",1,0.0,0.0,0.0,0.0,0,3,1,0
smd,group23_evaluation,machine-2-4,treeshap_iforest,0,2,3538,3542,"[8, 13, 5, 14, 11, 12, 2, 15, 1, 6, 23, 25, 3, 32, 22, 0, 34, 10, 20, 18, 27, 29, 33, 21, 19, 9, 24, 30, 35, 31, 4, 7, 16, 17, 26, 28, 36, 37]",3,0.3333333333333333,0.3333333333333333,0.3333333333333333,0.2960819109658652,1,3,3,1
smd,group23_evaluation,machine-2-4,treeshap_iforest,0,2,3538,3542,"[8, 13, 5, 14, 11, 12, 2, 15, 1, 6, 23, 25, 3, 32, 22, 0, 34, 10, 20, 18, 27, 29, 33, 21, 19, 9, 24, 30, 35, 31, 4, 7, 16, 17, 26, 28, 36, 37]",5,0.4,0.6666666666666666,0.5,0.4776237035032179,1,3,5,2
smd,group23_evaluation,machine-2-4,treeshap_iforest,0,3,4576,4579,"[10, 6, 5, 15, 22, 29, 24, 30, 27, 18, 14, 23, 20, 8, 21, 25, 11, 19, 1, 13, 34, 33, 31, 35, 0, 32, 3, 9, 2, 12, 4, 7, 16, 17, 26, 28, 36, 37]",1,1.0,0.5,0.6666666666666666,1.0,1,2,1,1
smd,group23_evaluation,machine-2-4,treeshap_iforest,0,3,4576,4579,"[10, 6, 5, 15, 22, 29, 24, 30, 27, 18, 14, 23, 20, 8, 21, 25, 11, 19, 1, 13, 34, 33, 31, 35, 0, 32, 3, 9, 2, 12, 4, 7, 16, 17, 26, 28, 36, 37]",3,0.3333333333333333,0.5,0.4,0.6131471927654584,1,2,3,1
smd,group23_evaluation,machine-2-4,treeshap_iforest,0,3,4576,4579,"[10, 6, 5, 15, 22, 29, 24, 30, 27, 18, 14, 23, 20, 8, 21, 25, 11, 19, 1, 13, 34, 33, 31, 35, 0, 32, 3, 9, 2, 12, 4, 7, 16, 17, 26, 28, 36, 37]",5,0.4,1.0,0.5714285714285715,0.8772153153380493,1,2,5,2
smd,group23_evaluation,machine-2-4,treeshap_iforest,0,4,4976,4980,"[8, 13, 14, 12, 11, 25, 23, 10, 15, 2, 3, 5, 33, 6, 22, 20, 32, 1, 0, 29, 34, 27, 35, 18, 21, 9, 30, 31, 24, 19, 4, 7, 16, 17, 26, 28, 36, 37]",1,1.0,0.3333333333333333,0.5,1.0,1,3,1,1
smd,group23_evaluation,machine-2-4,treeshap_iforest,0,4,4976,4980,"[8, 13, 14, 12, 11, 25, 23, 10, 15, 2, 3, 5, 33, 6, 22, 20, 32, 1, 0, 29, 34, 27, 35, 18, 21, 9, 30, 31, 24, 19, 4, 7, 16, 17, 26, 28, 36, 37]",3,0.6666666666666666,0.6666666666666666,0.6666666666666666,0.7653606369886217,1,3,3,2
smd,group23_evaluation,machine-2-4,treeshap_iforest,0,4,4976,4980,"[8, 13, 14, 12, 11, 25, 23, 10, 15, 2, 3, 5, 33, 6, 22, 20, 32, 1, 0, 29, 34, 27, 35, 18, 21, 9, 30, 31, 24, 19, 4, 7, 16, 17, 26, 28, 36, 37]",5,0.6,1.0,0.7499999999999999,0.9674679834891693,1,3,5,3
smd,group23_evaluation,machine-2-4,treeshap_iforest,0,5,5099,5380,"[14, 25, 8, 23, 13, 9, 6, 11, 2, 5, 0, 32, 15, 10, 20, 30, 3, 33, 27, 12, 34, 29, 35, 1, 21, 22, 18, 19, 31, 24, 4, 7, 16, 17, 26, 28, 36, 37]",1,0.0,0.0,0.0,0.0,0,5,1,0
smd,group23_evaluation,machine-2-4,treeshap_iforest,0,5,5099,5380,"[14, 25, 8, 23, 13, 9, 6, 11, 2, 5, 0, 32, 15, 10, 20, 30, 3, 33, 27, 12, 34, 29, 35, 1, 21, 22, 18, 19, 31, 24, 4, 7, 16, 17, 26, 28, 36, 37]",3,0.0,0.0,0.0,0.0,0,5,3,0
smd,group23_evaluation,machine-2-4,treeshap_iforest,0,5,5099,5380,"[14, 25, 8, 23, 13, 9, 6, 11, 2, 5, 0, 32, 15, 10, 20, 30, 3, 33, 27, 12, 34, 29, 35, 1, 21, 22, 18, 19, 31, 24, 4, 7, 16, 17, 26, 28, 36, 37]",5,0.2,0.2,0.20000000000000004,0.13120507751234178,1,5,5,1
smd,group23_evaluation,machine-2-4,treeshap_iforest,0,6,6416,6419,"[8, 5, 14, 13, 11, 12, 10, 15, 3, 2, 6, 33, 27, 31, 32, 18, 34, 1, 35, 23, 30, 19, 0, 29, 9, 22, 21, 25, 24, 20, 4, 7, 16, 17, 26, 28, 36, 37]",1,1.0,0.3333333333333333,0.5,1.0,1,3,1,1
smd,group23_evaluation,machine-2-4,treeshap_iforest,0,6,6416,6419,"[8, 5, 14, 13, 11, 12, 10, 15, 3, 2, 6, 33, 27, 31, 32, 18, 34, 1, 35, 23, 30, 19, 0, 29, 9, 22, 21, 25, 24, 20, 4, 7, 16, 17, 26, 28, 36, 37]",3,0.3333333333333333,0.3333333333333333,0.3333333333333333,0.46927872602275644,1,3,3,1
smd,group23_evaluation,machine-2-4,treeshap_iforest,0,6,6416,6419,"[8, 5, 14, 13, 11, 12, 10, 15, 3, 2, 6, 33, 27, 31, 32, 18, 34, 1, 35, 23, 30, 19, 0, 29, 9, 22, 21, 25, 24, 20, 4, 7, 16, 17, 26, 28, 36, 37]",5,0.4,0.6666666666666666,0.5,0.6713860725233041,1,3,5,2
smd,group23_evaluation,machine-2-4,treeshap_iforest,0,7,7856,7859,"[8, 14, 13, 11, 12, 23, 10, 25, 5, 15, 33, 2, 6, 1, 18, 22, 3, 32, 29, 30, 27, 0, 20, 24, 31, 9, 21, 35, 34, 19, 4, 7, 16, 17, 26, 28, 36, 37]",1,1.0,0.3333333333333333,0.5,1.0,1,3,1,1
smd,group23_evaluation,machine-2-4,treeshap_iforest,0,7,7856,7859,"[8, 14, 13, 11, 12, 23, 10, 25, 5, 15, 33, 2, 6, 1, 18, 22, 3, 32, 29, 30, 27, 0, 20, 24, 31, 9, 21, 35, 34, 19, 4, 7, 16, 17, 26, 28, 36, 37]",3,0.6666666666666666,0.6666666666666666,0.6666666666666666,0.7039180890341347,1,3,3,2
smd,group23_evaluation,machine-2-4,treeshap_iforest,0,7,7856,7859,"[8, 14, 13, 11, 12, 23, 10, 25, 5, 15, 33, 2, 6, 1, 18, 22, 3, 32, 29, 30, 27, 0, 20, 24, 31, 9, 21, 35, 34, 19, 4, 7, 16, 17, 26, 28, 36, 37]",5,0.6,1.0,0.7499999999999999,0.8854598815714874,1,3,5,3
smd,group23_evaluation,machine-2-4,treeshap_iforest,0,8,9296,9300,"[8, 13, 14, 5, 11, 12, 32, 10, 27, 15, 19, 33, 30, 6, 18, 35, 25, 23, 24, 1, 21, 22, 34, 29, 3, 9, 0, 2, 31, 20, 4, 7, 16, 17, 26, 28, 36, 37]",1,0.0,0.0,0.0,0.0,0,1,1,0
smd,group23_evaluation,machine-2-4,treeshap_iforest,0,8,9296,9300,"[8, 13, 14, 5, 11, 12, 32, 10, 27, 15, 19, 33, 30, 6, 18, 35, 25, 23, 24, 1, 21, 22, 34, 29, 3, 9, 0, 2, 31, 20, 4, 7, 16, 17, 26, 28, 36, 37]",3,0.3333333333333333,1.0,0.5,0.6309297535714575,1,1,3,1
smd,group23_evaluation,machine-2-4,treeshap_iforest,0,8,9296,9300,"[8, 13, 14, 5, 11, 12, 32, 10, 27, 15, 19, 33, 30, 6, 18, 35, 25, 23, 24, 1, 21, 22, 34, 29, 3, 9, 0, 2, 31, 20, 4, 7, 16, 17, 26, 28, 36, 37]",5,0.2,1.0,0.33333333333333337,0.6309297535714575,1,1,5,1
smd,group23_evaluation,machine-2-4,treeshap_iforest,0,9,9473,9505,"[5, 11, 2, 32, 10, 15, 20, 30, 23, 25, 6, 3, 0, 14, 8, 27, 33, 13, 18, 19, 21, 34, 12, 29, 1, 35, 9, 24, 22, 31, 4, 7, 16, 17, 26, 28, 36, 37]",1,0.0,0.0,0.0,0.0,0,1,1,0
smd,group23_evaluation,machine-2-4,treeshap_iforest,0,9,9473,9505,"[5, 11, 2, 32, 10, 15, 20, 30, 23, 25, 6, 3, 0, 14, 8, 27, 33, 13, 18, 19, 21, 34, 12, 29, 1, 35, 9, 24, 22, 31, 4, 7, 16, 17, 26, 28, 36, 37]",3,0.3333333333333333,1.0,0.5,0.6309297535714575,1,1,3,1
smd,group23_evaluation,machine-2-4,treeshap_iforest,0,9,9473,9505,"[5, 11, 2, 32, 10, 15, 20, 30, 23, 25, 6, 3, 0, 14, 8, 27, 33, 13, 18, 19, 21, 34, 12, 29, 1, 35, 9, 24, 22, 31, 4, 7, 16, 17, 26, 28, 36, 37]",5,0.2,1.0,0.33333333333333337,0.6309297535714575,1,1,5,1
smd,group23_evaluation,machine-2-4,treeshap_iforest,0,10,10736,10739,"[8, 14, 5, 13, 6, 11, 12, 32, 33, 27, 1, 18, 24, 15, 10, 30, 31, 20, 34, 19, 35, 23, 25, 29, 22, 21, 9, 0, 2, 3, 4, 7, 16, 17, 26, 28, 36, 37]",1,1.0,0.3333333333333333,0.5,1.0,1,3,1,1
smd,group23_evaluation,machine-2-4,treeshap_iforest,0,10,10736,10739,"[8, 14, 5, 13, 6, 11, 12, 32, 33, 27, 1, 18, 24, 15, 10, 30, 31, 20, 34, 19, 35, 23, 25, 29, 22, 21, 9, 0, 2, 3, 4, 7, 16, 17, 26, 28, 36, 37]",3,0.3333333333333333,0.3333333333333333,0.3333333333333333,0.46927872602275644,1,3,3,1
smd,group23_evaluation,machine-2-4,treeshap_iforest,0,10,10736,10739,"[8, 14, 5, 13, 6, 11, 12, 32, 33, 27, 1, 18, 24, 15, 10, 30, 31, 20, 34, 19, 35, 23, 25, 29, 22, 21, 9, 0, 2, 3, 4, 7, 16, 17, 26, 28, 36, 37]",5,0.4,0.6666666666666666,0.5,0.6713860725233041,1,3,5,2
smd,group23_evaluation,machine-2-4,treeshap_iforest,0,11,12176,12179,"[8, 14, 13, 10, 11, 12, 5, 15, 1, 32, 0, 22, 18, 27, 33, 2, 35, 29, 6, 34, 25, 30, 24, 31, 23, 20, 19, 3, 9, 21, 4, 7, 16, 17, 26, 28, 36, 37]",1,1.0,0.3333333333333333,0.5,1.0,1,3,1,1
smd,group23_evaluation,machine-2-4,treeshap_iforest,0,11,12176,12179,"[8, 14, 13, 10, 11, 12, 5, 15, 1, 32, 0, 22, 18, 27, 33, 2, 35, 29, 6, 34, 25, 30, 24, 31, 23, 20, 19, 3, 9, 21, 4, 7, 16, 17, 26, 28, 36, 37]",3,0.6666666666666666,0.6666666666666666,0.6666666666666666,0.7039180890341347,1,3,3,2
smd,group23_evaluation,machine-2-4,treeshap_iforest,0,11,12176,12179,"[8, 14, 13, 10, 11, 12, 5, 15, 1, 32, 0, 22, 18, 27, 33, 2, 35, 29, 6, 34, 25, 30, 24, 31, 23, 20, 19, 3, 9, 21, 4, 7, 16, 17, 26, 28, 36, 37]",5,0.4,0.6666666666666666,0.5,0.7039180890341347,1,3,5,2
smd,group23_evaluation,machine-2-4,treeshap_iforest,0,12,13611,13640,"[5, 6, 8, 15, 14, 10, 13, 11, 32, 33, 1, 0, 12, 29, 35, 27, 20, 18, 2, 34, 22, 23, 31, 24, 30, 25, 9, 3, 19, 21, 4, 7, 16, 17, 26, 28, 36, 37]",1,0.0,0.0,0.0,0.0,0,3,1,0
smd,group23_evaluation,machine-2-4,treeshap_iforest,0,12,13611,13640,"[5, 6, 8, 15, 14, 10, 13, 11, 32, 33, 1, 0, 12, 29, 35, 27, 20, 18, 2, 34, 22, 23, 31, 24, 30, 25, 9, 3, 19, 21, 4, 7, 16, 17, 26, 28, 36, 37]",3,0.3333333333333333,0.3333333333333333,0.3333333333333333,0.23463936301137822,1,3,3,1
smd,group23_evaluation,machine-2-4,treeshap_iforest,0,12,13611,13640,"[5, 6, 8, 15, 14, 10, 13, 11, 32, 33, 1, 0, 12, 29, 35, 27, 20, 18, 2, 34, 22, 23, 31, 24, 30, 25, 9, 3, 19, 21, 4, 7, 16, 17, 26, 28, 36, 37]",5,0.2,0.3333333333333333,0.25,0.23463936301137822,1,3,5,1
smd,group23_evaluation,machine-2-4,treeshap_iforest,0,13,15056,15059,"[8, 5, 13, 10, 14, 12, 11, 6, 15, 33, 1, 35, 0, 29, 18, 2, 19, 27, 32, 34, 24, 30, 22, 25, 3, 20, 23, 31, 9, 21, 4, 7, 16, 17, 26, 28, 36, 37]",1,1.0,0.3333333333333333,0.5,1.0,1,3,1,1
smd,group23_evaluation,machine-2-4,treeshap_iforest,0,13,15056,15059,"[8, 5, 13, 10, 14, 12, 11, 6, 15, 33, 1, 35, 0, 29, 18, 2, 19, 27, 32, 34, 24, 30, 22, 25, 3, 20, 23, 31, 9, 21, 4, 7, 16, 17, 26, 28, 36, 37]",3,0.6666666666666666,0.6666666666666666,0.6666666666666666,0.7039180890341347,1,3,3,2
smd,group23_evaluation,machine-2-4,treeshap_iforest,0,13,15056,15059,"[8, 5, 13, 10, 14, 12, 11, 6, 15, 33, 1, 35, 0, 29, 18, 2, 19, 27, 32, 34, 24, 30, 22, 25, 3, 20, 23, 31, 9, 21, 4, 7, 16, 17, 26, 28, 36, 37]",5,0.4,0.6666666666666666,0.5,0.7039180890341347,1,3,5,2
smd,group23_evaluation,machine-2-4,treeshap_iforest,0,14,16525,16696,"[5, 9, 13, 11, 8, 14, 32, 0, 6, 2, 20, 25, 15, 10, 23, 30, 3, 27, 33, 21, 12, 34, 1, 19, 35, 18, 29, 22, 24, 31, 4, 7, 16, 17, 26, 28, 36, 37]",1,0.0,0.0,0.0,0.0,0,6,1,0
smd,group23_evaluation,machine-2-4,treeshap_iforest,0,14,16525,16696,"[5, 9, 13, 11, 8, 14, 32, 0, 6, 2, 20, 25, 15, 10, 23, 30, 3, 27, 33, 21, 12, 34, 1, 19, 35, 18, 29, 22, 24, 31, 4, 7, 16, 17, 26, 28, 36, 37]",3,0.6666666666666666,0.3333333333333333,0.4444444444444444,0.5307212739772434,1,6,3,2
smd,group23_evaluation,machine-2-4,treeshap_iforest,0,14,16525,16696,"[5, 9, 13, 11, 8, 14, 32, 0, 6, 2, 20, 25, 15, 10, 23, 30, 3, 27, 33, 21, 12, 34, 1, 19, 35, 18, 29, 22, 24, 31, 4, 7, 16, 17, 26, 28, 36, 37]",5,0.8,0.6666666666666666,0.7272727272727272,0.6608397947263839,1,6,5,4
smd,group23_evaluation,machine-2-4,treeshap_iforest,0,15,17965,18350,"[5, 13, 14, 8, 25, 23, 11, 9, 2, 10, 15, 6, 22, 30, 32, 20, 3, 0, 33, 27, 1, 12, 18, 21, 29, 19, 35, 34, 24, 31, 4, 7, 16, 17, 26, 28, 36, 37]",1,0.0,0.0,0.0,0.0,0,6,1,0
smd,group23_evaluation,machine-2-4,treeshap_iforest,0,15,17965,18350,"[5, 13, 14, 8, 25, 23, 11, 9, 2, 10, 15, 6, 22, 30, 32, 20, 3, 0, 33, 27, 1, 12, 18, 21, 29, 19, 35, 34, 24, 31, 4, 7, 16, 17, 26, 28, 36, 37]",3,0.3333333333333333,0.16666666666666666,0.2222222222222222,0.2960819109658652,1,6,3,1
smd,group23_evaluation,machine-2-4,treeshap_iforest,0,15,17965,18350,"[5, 13, 14, 8, 25, 23, 11, 9, 2, 10, 15, 6, 22, 30, 32, 20, 3, 0, 33, 27, 1, 12, 18, 21, 29, 19, 35, 34, 24, 31, 4, 7, 16, 17, 26, 28, 36, 37]",5,0.4,0.3333333333333333,0.3636363636363636,0.36005461457723403,1,6,5,2
smd,group23_evaluation,machine-2-4,treeshap_iforest,0,16,18579,18980,"[22, 15, 30, 19, 24, 10, 21, 27, 18, 6, 29, 20, 31, 5, 25, 23, 1, 34, 0, 32, 3, 14, 2, 35, 11, 33, 8, 13, 9, 12, 4, 7, 16, 17, 26, 28, 36, 37]",1,1.0,0.047619047619047616,0.0909090909090909,1.0,1,21,1,1
smd,group23_evaluation,machine-2-4,treeshap_iforest,0,16,18579,18980,"[22, 15, 30, 19, 24, 10, 21, 27, 18, 6, 29, 20, 31, 5, 25, 23, 1, 34, 0, 32, 3, 14, 2, 35, 11, 33, 8, 13, 9, 12, 4, 7, 16, 17, 26, 28, 36, 37]",3,1.0,0.14285714285714285,0.25,1.0,1,21,3,3
smd,group23_evaluation,machine-2-4,treeshap_iforest,0,16,18579,18980,"[22, 15, 30, 19, 24, 10, 21, 27, 18, 6, 29, 20, 31, 5, 25, 23, 1, 34, 0, 32, 3, 14, 2, 35, 11, 33, 8, 13, 9, 12, 4, 7, 16, 17, 26, 28, 36, 37]",5,1.0,0.23809523809523808,0.3846153846153846,1.0,1,21,5,5
smd,group23_evaluation,machine-2-4,treeshap_iforest,0,17,19404,19741,"[13, 6, 8, 14, 2, 15, 20, 0, 11, 10, 30, 5, 3, 32, 27, 18, 22, 21, 29, 33, 34, 19, 23, 1, 35, 31, 9, 25, 12, 24, 4, 7, 16, 17, 26, 28, 36, 37]",1,1.0,0.16666666666666666,0.2857142857142857,1.0,1,6,1,1
smd,group23_evaluation,machine-2-4,treeshap_iforest,0,17,19404,19741,"[13, 6, 8, 14, 2, 15, 20, 0, 11, 10, 30, 5, 3, 32, 27, 18, 22, 21, 29, 33, 34, 19, 23, 1, 35, 31, 9, 25, 12, 24, 4, 7, 16, 17, 26, 28, 36, 37]",3,0.6666666666666666,0.3333333333333333,0.4444444444444444,0.7039180890341347,1,6,3,2
smd,group23_evaluation,machine-2-4,treeshap_iforest,0,17,19404,19741,"[13, 6, 8, 14, 2, 15, 20, 0, 11, 10, 30, 5, 3, 32, 27, 18, 22, 21, 29, 33, 34, 19, 23, 1, 35, 31, 9, 25, 12, 24, 4, 7, 16, 17, 26, 28, 36, 37]",5,0.4,0.3333333333333333,0.3636363636363636,0.5087403079104241,1,6,5,2
smd,group23_evaluation,machine-2-4,treeshap_iforest,0,18,20844,20854,"[8, 13, 14, 11, 6, 12, 15, 22, 2, 0, 32, 3, 5, 23, 20, 33, 25, 10, 34, 1, 24, 27, 29, 35, 30, 9, 19, 18, 21, 31, 4, 7, 16, 17, 26, 28, 36, 37]",1,1.0,0.2,0.33333333333333337,1.0,1,5,1,1
smd,group23_evaluation,machine-2-4,treeshap_iforest,0,18,20844,20854,"[8, 13, 14, 11, 6, 12, 15, 22, 2, 0, 32, 3, 5, 23, 20, 33, 25, 10, 34, 1, 24, 27, 29, 35, 30, 9, 19, 18, 21, 31, 4, 7, 16, 17, 26, 28, 36, 37]",3,0.6666666666666666,0.4,0.5,0.7653606369886217,1,5,3,2
smd,group23_evaluation,machine-2-4,treeshap_iforest,0,18,20844,20854,"[8, 13, 14, 11, 6, 12, 15, 22, 2, 0, 32, 3, 5, 23, 20, 33, 25, 10, 34, 1, 24, 27, 29, 35, 30, 9, 19, 18, 21, 31, 4, 7, 16, 17, 26, 28, 36, 37]",5,0.4,0.4,0.4000000000000001,0.5531464700081437,1,5,5,2
smd,group23_evaluation,machine-2-4,treeshap_iforest,0,19,22284,22294,"[8, 13, 14, 6, 12, 11, 15, 20, 27, 32, 30, 10, 22, 18, 0, 5, 1, 33, 34, 2, 24, 21, 31, 3, 9, 19, 29, 25, 23, 35, 4, 7, 16, 17, 26, 28, 36, 37]",1,1.0,0.25,0.4,1.0,1,4,1,1
smd,group23_evaluation,machine-2-4,treeshap_iforest,0,19,22284,22294,"[8, 13, 14, 6, 12, 11, 15, 20, 27, 32, 30, 10, 22, 18, 0, 5, 1, 33, 34, 2, 24, 21, 31, 3, 9, 19, 29, 25, 23, 35, 4, 7, 16, 17, 26, 28, 36, 37]",3,0.6666666666666666,0.5,0.5714285714285715,0.7653606369886217,1,4,3,2
smd,group23_evaluation,machine-2-4,treeshap_iforest,0,19,22284,22294,"[8, 13, 14, 6, 12, 11, 15, 20, 27, 32, 30, 10, 22, 18, 0, 5, 1, 33, 34, 2, 24, 21, 31, 3, 9, 19, 29, 25, 23, 35, 4, 7, 16, 17, 26, 28, 36, 37]",5,0.6,0.75,0.6666666666666665,0.787702056960637,1,4,5,3
smd,group23_evaluation,machine-2-4,treeshap_iforest,1,0,1012,1016,"[8, 13, 14, 11, 12, 23, 0, 25, 32, 21, 3, 27, 6, 18, 10, 20, 15, 33, 5, 34, 30, 24, 2, 22, 35, 19, 1, 29, 9, 31, 4, 7, 16, 17, 26, 28, 36, 37]",1,1.0,0.2,0.33333333333333337,1.0,1,5,1,1
smd,group23_evaluation,machine-2-4,treeshap_iforest,1,0,1012,1016,"[8, 13, 14, 11, 12, 23, 0, 25, 32, 21, 3, 27, 6, 18, 10, 20, 15, 33, 5, 34, 30, 24, 2, 22, 35, 19, 1, 29, 9, 31, 4, 7, 16, 17, 26, 28, 36, 37]",3,1.0,0.6,0.7499999999999999,1.0,1,5,3,3
smd,group23_evaluation,machine-2-4,treeshap_iforest,1,0,1012,1016,"[8, 13, 14, 11, 12, 23, 0, 25, 32, 21, 3, 27, 6, 18, 10, 20, 15, 33, 5, 34, 30, 24, 2, 22, 35, 19, 1, 29, 9, 31, 4, 7, 16, 17, 26, 28, 36, 37]",5,1.0,1.0,1.0,1.0,1,5,5,5
smd,group23_evaluation,machine-2-4,treeshap_iforest,1,1,2098,2102,"[13, 8, 11, 14, 12, 5, 33, 0, 6, 1, 10, 15, 2, 18, 23, 25, 3, 32, 19, 34, 24, 20, 21, 30, 22, 27, 35, 29, 31, 9, 4, 7, 16, 17, 26, 28, 36, 37]",1,1.0,0.5,0.6666666666666666,1.0,1,2,1,1
smd,group23_evaluation,machine-2-4,treeshap_iforest,1,1,2098,2102,"[13, 8, 11, 14, 12, 5, 33, 0, 6, 1, 10, 15, 2, 18, 23, 25, 3, 32, 19, 34, 24, 20, 21, 30, 22, 27, 35, 29, 31, 9, 4, 7, 16, 17, 26, 28, 36, 37]",3,0.3333333333333333,0.5,0.4,0.6131471927654584,1,2,3,1
smd,group23_evaluation,machine-2-4,treeshap_iforest,1,1,2098,2102,"[13, 8, 11, 14, 12, 5, 33, 0, 6, 1, 10, 15, 2, 18, 23, 25, 3, 32, 19, 34, 24, 20, 21, 30, 22, 27, 35, 29, 31, 9, 4, 7, 16, 17, 26, 28, 36, 37]",5,0.4,1.0,0.5714285714285715,0.8503449055347546,1,2,5,2
smd,group23_evaluation,machine-2-4,treeshap_iforest,1,2,3538,3542,"[13, 8, 14, 5, 11, 12, 32, 0, 6, 15, 23, 33, 1, 2, 22, 34, 25, 3, 19, 30, 18, 27, 10, 35, 21, 29, 24, 31, 9, 20, 4, 7, 16, 17, 26, 28, 36, 37]",1,1.0,0.3333333333333333,0.5,1.0,1,3,1,1
smd,group23_evaluation,machine-2-4,treeshap_iforest,1,2,3538,3542,"[13, 8, 14, 5, 11, 12, 32, 0, 6, 15, 23, 33, 1, 2, 22, 34, 25, 3, 19, 30, 18, 27, 10, 35, 21, 29, 24, 31, 9, 20, 4, 7, 16, 17, 26, 28, 36, 37]",3,0.3333333333333333,0.3333333333333333,0.3333333333333333,0.46927872602275644,1,3,3,1
smd,group23_evaluation,machine-2-4,treeshap_iforest,1,2,3538,3542,"[13, 8, 14, 5, 11, 12, 32, 0, 6, 15, 23, 33, 1, 2, 22, 34, 25, 3, 19, 30, 18, 27, 10, 35, 21, 29, 24, 31, 9, 20, 4, 7, 16, 17, 26, 28, 36, 37]",5,0.4,0.6666666666666666,0.5,0.6508205185601091,1,3,5,2
smd,group23_evaluation,machine-2-4,treeshap_iforest,1,3,4576,4579,"[6, 5, 10, 15, 29, 22, 21, 24, 20, 18, 30, 27, 11, 14, 25, 8, 23, 32, 34, 13, 19, 1, 31, 33, 35, 9, 2, 0, 3, 12, 4, 7, 16, 17, 26, 28, 36, 37]",1,0.0,0.0,0.0,0.0,0,2,1,0
smd,group23_evaluation,machine-2-4,treeshap_iforest,1,3,4576,4579,"[6, 5, 10, 15, 29, 22, 21, 24, 20, 18, 30, 27, 11, 14, 25, 8, 23, 32, 34, 13, 19, 1, 31, 33, 35, 9, 2, 0, 3, 12, 4, 7, 16, 17, 26, 28, 36, 37]",3,0.3333333333333333,0.5,0.4,0.3065735963827292,1,2,3,1
smd,group23_evaluation,machine-2-4,treeshap_iforest,1,3,4576,4579,"[6, 5, 10, 15, 29, 22, 21, 24, 20, 18, 30, 27, 11, 14, 25, 8, 23, 32, 34, 13, 19, 1, 31, 33, 35, 9, 2, 0, 3, 12, 4, 7, 16, 17, 26, 28, 36, 37]",5,0.4,1.0,0.5714285714285715,0.5706417189553201,1,2,5,2
smd,group23_evaluation,machine-2-4,treeshap_iforest,1,4,4976,4980,"[8, 13, 14, 11, 12, 23, 10, 0, 15, 34, 19, 3, 21, 5, 25, 2, 1, 33, 27, 6, 32, 31, 22, 24, 29, 18, 20, 9, 30, 35, 4, 7, 16, 17, 26, 28, 36, 37]",1,1.0,0.3333333333333333,0.5,1.0,1,3,1,1
smd,group23_evaluation,machine-2-4,treeshap_iforest,1,4,4976,4980,"[8, 13, 14, 11, 12, 23, 10, 0, 15, 34, 19, 3, 21, 5, 25, 2, 1, 33, 27, 6, 32, 31, 22, 24, 29, 18, 20, 9, 30, 35, 4, 7, 16, 17, 26, 28, 36, 37]",3,0.6666666666666666,0.6666666666666666,0.6666666666666666,0.7653606369886217,1,3,3,2
smd,group23_evaluation,machine-2-4,treeshap_iforest,1,4,4976,4980,"[8, 13, 14, 11, 12, 23, 10, 0, 15, 34, 19, 3, 21, 5, 25, 2, 1, 33, 27, 6, 32, 31, 22, 24, 29, 18, 20, 9, 30, 35, 4, 7, 16, 17, 26, 28, 36, 37]",5,0.6,1.0,0.7499999999999999,0.9469024295259745,1,3,5,3
smd,group23_evaluation,machine-2-4,treeshap_iforest,1,5,5099,5380,"[23, 6, 8, 25, 14, 11, 0, 9, 13, 32, 21, 5, 27, 10, 3, 18, 15, 33, 34, 1, 20, 30, 2, 12, 35, 24, 19, 22, 31, 29, 4, 7, 16, 17, 26, 28, 36, 37]",1,0.0,0.0,0.0,0.0,0,5,1,0
smd,group23_evaluation,machine-2-4,treeshap_iforest,1,5,5099,5380,"[23, 6, 8, 25, 14, 11, 0, 9, 13, 32, 21, 5, 27, 10, 3, 18, 15, 33, 34, 1, 20, 30, 2, 12, 35, 24, 19, 22, 31, 29, 4, 7, 16, 17, 26, 28, 36, 37]",3,0.0,0.0,0.0,0.0,0,5,3,0
smd,group23_evaluation,machine-2-4,treeshap_iforest,1,5,5099,5380,"[23, 6, 8, 25, 14, 11, 0, 9, 13, 32, 21, 5, 27, 10, 3, 18, 15, 33, 34, 1, 20, 30, 2, 12, 35, 24, 19, 22, 31, 29, 4, 7, 16, 17, 26, 28, 36, 37]",5,0.0,0.0,0.0,0.0,0,5,5,0
smd,group23_evaluation,machine-2-4,treeshap_iforest,1,6,6416,6419,"[8, 13, 11, 14, 5, 12, 10, 0, 15, 2, 32, 18, 23, 33, 1, 21, 3, 6, 30, 34, 35, 29, 22, 24, 25, 19, 31, 20, 9, 27, 4, 7, 16, 17, 26, 28, 36, 37]",1,1.0,0.3333333333333333,0.5,1.0,1,3,1,1
smd,group23_evaluation,machine-2-4,treeshap_iforest,1,6,6416,6419,"[8, 13, 11, 14, 5, 12, 10, 0, 15, 2, 32, 18, 23, 33, 1, 21, 3, 6, 30, 34, 35, 29, 22, 24, 25, 19, 31, 20, 9, 27, 4, 7, 16, 17, 26, 28, 36, 37]",3,0.6666666666666666,0.6666666666666666,0.6666666666666666,0.7653606369886217,1,3,3,2
smd,group23_evaluation,machine-2-4,treeshap_iforest,1,6,6416,6419,"[8, 13, 11, 14, 5, 12, 10, 0, 15, 2, 32, 18, 23, 33, 1, 21, 3, 6, 30, 34, 35, 29, 22, 24, 25, 19, 31, 20, 9, 27, 4, 7, 16, 17, 26, 28, 36, 37]",5,0.4,0.6666666666666666,0.5,0.7653606369886217,1,3,5,2
smd,group23_evaluation,machine-2-4,treeshap_iforest,1,7,7856,7859,"[8, 13, 14, 11, 23, 10, 12, 5, 25, 33, 15, 0, 1, 2, 6, 3, 18, 19, 24, 29, 34, 35, 32, 27, 22, 30, 21, 9, 20, 31, 4, 7, 16, 17, 26, 28, 36, 37]",1,1.0,0.3333333333333333,0.5,1.0,1,3,1,1
smd,group23_evaluation,machine-2-4,treeshap_iforest,1,7,7856,7859,"[8, 13, 14, 11, 23, 10, 12, 5, 25, 33, 15, 0, 1, 2, 6, 3, 18, 19, 24, 29, 34, 35, 32, 27, 22, 30, 21, 9, 20, 31, 4, 7, 16, 17, 26, 28, 36, 37]",3,0.6666666666666666,0.6666666666666666,0.6666666666666666,0.7653606369886217,1,3,3,2
smd,group23_evaluation,machine-2-4,treeshap_iforest,1,7,7856,7859,"[8, 13, 14, 11, 23, 10, 12, 5, 25, 33, 15, 0, 1, 2, 6, 3, 18, 19, 24, 29, 34, 35, 32, 27, 22, 30, 21, 9, 20, 31, 4, 7, 16, 17, 26, 28, 36, 37]",5,0.4,0.6666666666666666,0.5,0.7653606369886217,1,3,5,2
smd,group23_evaluation,machine-2-4,treeshap_iforest,1,8,9296,9300,"[13, 8, 14, 11, 5, 12, 32, 0, 10, 19, 33, 18, 15, 21, 34, 23, 6, 2, 20, 35, 24, 22, 27, 1, 30, 3, 29, 25, 31, 9, 4, 7, 16, 17, 26, 28, 36, 37]",1,1.0,1.0,1.0,1.0,1,1,1,1
smd,group23_evaluation,machine-2-4,treeshap_iforest,1,8,9296,9300,"[13, 8, 14, 11, 5, 12, 32, 0, 10, 19, 33, 18, 15, 21, 34, 23, 6, 2, 20, 35, 24, 22, 27, 1, 30, 3, 29, 25, 31, 9, 4, 7, 16, 17, 26, 28, 36, 37]",3,0.3333333333333333,1.0,0.5,1.0,1,1,3,1
smd,group23_evaluation,machine-2-4,treeshap_iforest,1,8,9296,9300,"[13, 8, 14, 11, 5, 12, 32, 0, 10, 19, 33, 18, 15, 21, 34, 23, 6, 2, 20, 35, 24, 22, 27, 1, 30, 3, 29, 25, 31, 9, 4, 7, 16, 17, 26, 28, 36, 37]",5,0.2,1.0,0.33333333333333337,1.0,1,1,5,1
smd,group23_evaluation,machine-2-4,treeshap_iforest,1,9,9473,9505,"[5, 11, 32, 3, 0, 27, 10, 15, 21, 6, 23, 18, 20, 34, 33, 1, 13, 8, 2, 14, 25, 24, 30, 35, 12, 31, 19, 29, 9, 22, 4, 7, 16, 17, 26, 28, 36, 37]",1,0.0,0.0,0.0,0.0,0,1,1,0
smd,group23_evaluation,machine-2-4,treeshap_iforest,1,9,9473,9505,"[5, 11, 32, 3, 0, 27, 10, 15, 21, 6, 23, 18, 20, 34, 33, 1, 13, 8, 2, 14, 25, 24, 30, 35, 12, 31, 19, 29, 9, 22, 4, 7, 16, 17, 26, 28, 36, 37]",3,0.3333333333333333,1.0,0.5,0.6309297535714575,1,1,3,1
smd,group23_evaluation,machine-2-4,treeshap_iforest,1,9,9473,9505,"[5, 11, 32, 3, 0, 27, 10, 15, 21, 6, 23, 18, 20, 34, 33, 1, 13, 8, 2, 14, 25, 24, 30, 35, 12, 31, 19, 29, 9, 22, 4, 7, 16, 17, 26, 28, 36, 37]",5,0.2,1.0,0.33333333333333337,0.6309297535714575,1,1,5,1
smd,group23_evaluation,machine-2-4,treeshap_iforest,1,10,10736,10739,"[8, 13, 14, 11, 5, 32, 12, 6, 33, 21, 19, 27, 18, 23, 20, 0, 15, 24, 25, 34, 35, 10, 30, 31, 22, 2, 3, 1, 29, 9, 4, 7, 16, 17, 26, 28, 36, 37]",1,1.0,0.3333333333333333,0.5,1.0,1,3,1,1
smd,group23_evaluation,machine-2-4,treeshap_iforest,1,10,10736,10739,"[8, 13, 14, 11, 5, 32, 12, 6, 33, 21, 19, 27, 18, 23, 20, 0, 15, 24, 25, 34, 35, 10, 30, 31, 22, 2, 3, 1, 29, 9, 4, 7, 16, 17, 26, 28, 36, 37]",3,0.6666666666666666,0.6666666666666666,0.6666666666666666,0.7653606369886217,1,3,3,2
smd,group23_evaluation,machine-2-4,treeshap_iforest,1,10,10736,10739,"[8, 13, 14, 11, 5, 32, 12, 6, 33, 21, 19, 27, 18, 23, 20, 0, 15, 24, 25, 34, 35, 10, 30, 31, 22, 2, 3, 1, 29, 9, 4, 7, 16, 17, 26, 28, 36, 37]",5,0.4,0.6666666666666666,0.5,0.7653606369886217,1,3,5,2
smd,group23_evaluation,machine-2-4,treeshap_iforest,1,11,12176,12179,"[8, 13, 14, 11, 10, 12, 5, 15, 32, 33, 27, 23, 21, 6, 1, 22, 0, 18, 19, 25, 2, 35, 29, 30, 34, 24, 31, 3, 9, 20, 4, 7, 16, 17, 26, 28, 36, 37]",1,1.0,0.3333333333333333,0.5,1.0,1,3,1,1
smd,group23_evaluation,machine-2-4,treeshap_iforest,1,11,12176,12179,"[8, 13, 14, 11, 10, 12, 5, 15, 32, 33, 27, 23, 21, 6, 1, 22, 0, 18, 19, 25, 2, 35, 29, 30, 34, 24, 31, 3, 9, 20, 4, 7, 16, 17, 26, 28, 36, 37]",3,0.6666666666666666,0.6666666666666666,0.6666666666666666,0.7653606369886217,1,3,3,2
smd,group23_evaluation,machine-2-4,treeshap_iforest,1,11,12176,12179,"[8, 13, 14, 11, 10, 12, 5, 15, 32, 33, 27, 23, 21, 6, 1, 22, 0, 18, 19, 25, 2, 35, 29, 30, 34, 24, 31, 3, 9, 20, 4, 7, 16, 17, 26, 28, 36, 37]",5,0.4,0.6666666666666666,0.5,0.7653606369886217,1,3,5,2
smd,group23_evaluation,machine-2-4,treeshap_iforest,1,12,13611,13640,"[5, 8, 11, 15, 13, 6, 32, 10, 14, 33, 21, 24, 34, 0, 18, 27, 1, 30, 25, 23, 19, 12, 2, 22, 20, 35, 31, 29, 9, 3, 4, 7, 16, 17, 26, 28, 36, 37]",1,0.0,0.0,0.0,0.0,0,3,1,0
smd,group23_evaluation,machine-2-4,treeshap_iforest,1,12,13611,13640,"[5, 8, 11, 15, 13, 6, 32, 10, 14, 33, 21, 24, 34, 0, 18, 27, 1, 30, 25, 23, 19, 12, 2, 22, 20, 35, 31, 29, 9, 3, 4, 7, 16, 17, 26, 28, 36, 37]",3,0.3333333333333333,0.3333333333333333,0.3333333333333333,0.2960819109658652,1,3,3,1
smd,group23_evaluation,machine-2-4,treeshap_iforest,1,12,13611,13640,"[5, 8, 11, 15, 13, 6, 32, 10, 14, 33, 21, 24, 34, 0, 18, 27, 1, 30, 25, 23, 19, 12, 2, 22, 20, 35, 31, 29, 9, 3, 4, 7, 16, 17, 26, 28, 36, 37]",5,0.4,0.6666666666666666,0.5,0.4776237035032179,1,3,5,2
smd,group23_evaluation,machine-2-4,treeshap_iforest,1,13,15056,15059,"[8, 13, 14, 10, 11, 5, 12, 15, 32, 33, 6, 21, 25, 0, 27, 1, 22, 23, 35, 34, 18, 19, 31, 20, 30, 24, 2, 9, 29, 3, 4, 7, 16, 17, 26, 28, 36, 37]",1,1.0,0.3333333333333333,0.5,1.0,1,3,1,1
smd,group23_evaluation,machine-2-4,treeshap_iforest,1,13,15056,15059,"[8, 13, 14, 10, 11, 5, 12, 15, 32, 33, 6, 21, 25, 0, 27, 1, 22, 23, 35, 34, 18, 19, 31, 20, 30, 24, 2, 9, 29, 3, 4, 7, 16, 17, 26, 28, 36, 37]",3,0.6666666666666666,0.6666666666666666,0.6666666666666666,0.7653606369886217,1,3,3,2
smd,group23_evaluation,machine-2-4,treeshap_iforest,1,13,15056,15059,"[8, 13, 14, 10, 11, 5, 12, 15, 32, 33, 6, 21, 25, 0, 27, 1, 22, 23, 35, 34, 18, 19, 31, 20, 30, 24, 2, 9, 29, 3, 4, 7, 16, 17, 26, 28, 36, 37]",5,0.4,0.6666666666666666,0.5,0.7653606369886217,1,3,5,2
smd,group23_evaluation,machine-2-4,treeshap_iforest,1,14,16525,16696,"[9, 11, 0, 32, 13, 5, 8, 14, 6, 27, 18, 21, 10, 34, 23, 15, 20, 3, 33, 1, 30, 25, 2, 12, 31, 35, 19, 22, 24, 29, 4, 7, 16, 17, 26, 28, 36, 37]",1,1.0,0.16666666666666666,0.2857142857142857,1.0,1,6,1,1
smd,group23_evaluation,machine-2-4,treeshap_iforest,1,14,16525,16696,"[9, 11, 0, 32, 13, 5, 8, 14, 6, 27, 18, 21, 10, 34, 23, 15, 20, 3, 33, 1, 30, 25, 2, 12, 31, 35, 19, 22, 24, 29, 4, 7, 16, 17, 26, 28, 36, 37]",3,1.0,0.5,0.6666666666666666,1.0,1,6,3,3
smd,group23_evaluation,machine-2-4,treeshap_iforest,1,14,16525,16696,"[9, 11, 0, 32, 13, 5, 8, 14, 6, 27, 18, 21, 10, 34, 23, 15, 20, 3, 33, 1, 30, 25, 2, 12, 31, 35, 19, 22, 24, 29, 4, 7, 16, 17, 26, 28, 36, 37]",5,0.8,0.6666666666666666,0.7272727272727272,0.8539316501572937,1,6,5,4
smd,group23_evaluation,machine-2-4,treeshap_iforest,1,15,17965,18350,"[23, 5, 8, 13, 14, 11, 25, 22, 9, 10, 32, 3, 18, 0, 21, 27, 6, 15, 34, 33, 20, 1, 30, 12, 2, 31, 19, 24, 35, 29, 4, 7, 16, 17, 26, 28, 36, 37]",1,0.0,0.0,0.0,0.0,0,6,1,0
smd,group23_evaluation,machine-2-4,treeshap_iforest,1,15,17965,18350,"[23, 5, 8, 13, 14, 11, 25, 22, 9, 10, 32, 3, 18, 0, 21, 27, 6, 15, 34, 33, 20, 1, 30, 12, 2, 31, 19, 24, 35, 29, 4, 7, 16, 17, 26, 28, 36, 37]",3,0.3333333333333333,0.16666666666666666,0.2222222222222222,0.23463936301137822,1,6,3,1
smd,group23_evaluation,machine-2-4,treeshap_iforest,1,15,17965,18350,"[23, 5, 8, 13, 14, 11, 25, 22, 9, 10, 32, 3, 18, 0, 21, 27, 6, 15, 34, 33, 20, 1, 30, 12, 2, 31, 19, 24, 35, 29, 4, 7, 16, 17, 26, 28, 36, 37]",5,0.4,0.3333333333333333,0.3636363636363636,0.3156484524795145,1,6,5,2
smd,group23_evaluation,machine-2-4,treeshap_iforest,1,16,18579,18980,"[22, 19, 24, 15, 30, 21, 20, 29, 10, 27, 18, 35, 31, 34, 5, 25, 6, 23, 0, 2, 3, 11, 32, 1, 8, 13, 14, 33, 9, 12, 4, 7, 16, 17, 26, 28, 36, 37]",1,1.0,0.047619047619047616,0.0909090909090909,1.0,1,21,1,1
smd,group23_evaluation,machine-2-4,treeshap_iforest,1,16,18579,18980,"[22, 19, 24, 15, 30, 21, 20, 29, 10, 27, 18, 35, 31, 34, 5, 25, 6, 23, 0, 2, 3, 11, 32, 1, 8, 13, 14, 33, 9, 12, 4, 7, 16, 17, 26, 28, 36, 37]",3,1.0,0.14285714285714285,0.25,1.0,1,21,3,3
smd,group23_evaluation,machine-2-4,treeshap_iforest,1,16,18579,18980,"[22, 19, 24, 15, 30, 21, 20, 29, 10, 27, 18, 35, 31, 34, 5, 25, 6, 23, 0, 2, 3, 11, 32, 1, 8, 13, 14, 33, 9, 12, 4, 7, 16, 17, 26, 28, 36, 37]",5,1.0,0.23809523809523808,0.3846153846153846,1.0,1,21,5,5
smd,group23_evaluation,machine-2-4,treeshap_iforest,1,17,19404,19741,"[13, 8, 6, 0, 14, 3, 11, 27, 32, 15, 21, 18, 5, 34, 22, 10, 30, 20, 2, 33, 19, 1, 23, 9, 24, 12, 31, 25, 29, 35, 4, 7, 16, 17, 26, 28, 36, 37]",1,1.0,0.16666666666666666,0.2857142857142857,1.0,1,6,1,1
smd,group23_evaluation,machine-2-4,treeshap_iforest,1,17,19404,19741,"[13, 8, 6, 0, 14, 3, 11, 27, 32, 15, 21, 18, 5, 34, 22, 10, 30, 20, 2, 33, 19, 1, 23, 9, 24, 12, 31, 25, 29, 35, 4, 7, 16, 17, 26, 28, 36, 37]",3,0.6666666666666666,0.3333333333333333,0.4444444444444444,0.7653606369886217,1,6,3,2
smd,group23_evaluation,machine-2-4,treeshap_iforest,1,17,19404,19741,"[13, 8, 6, 0, 14, 3, 11, 27, 32, 15, 21, 18, 5, 34, 22, 10, 30, 20, 2, 33, 19, 1, 23, 9, 24, 12, 31, 25, 29, 35, 4, 7, 16, 17, 26, 28, 36, 37]",5,0.6,0.5,0.5454545454545454,0.6992148198508501,1,6,5,3
smd,group23_evaluation,machine-2-4,treeshap_iforest,1,18,20844,20854,"[8, 13, 14, 11, 6, 12, 0, 32, 15, 23, 21, 22, 3, 19, 30, 34, 5, 33, 2, 25, 27, 20, 18, 10, 1, 9, 31, 29, 35, 24, 4, 7, 16, 17, 26, 28, 36, 37]",1,1.0,0.2,0.33333333333333337,1.0,1,5,1,1
smd,group23_evaluation,machine-2-4,treeshap_iforest,1,18,20844,20854,"[8, 13, 14, 11, 6, 12, 0, 32, 15, 23, 21, 22, 3, 19, 30, 34, 5, 33, 2, 25, 27, 20, 18, 10, 1, 9, 31, 29, 35, 24, 4, 7, 16, 17, 26, 28, 36, 37]",3,0.6666666666666666,0.4,0.5,0.7653606369886217,1,5,3,2
smd,group23_evaluation,machine-2-4,treeshap_iforest,1,18,20844,20854,"[8, 13, 14, 11, 6, 12, 0, 32, 15, 23, 21, 22, 3, 19, 30, 34, 5, 33, 2, 25, 27, 20, 18, 10, 1, 9, 31, 29, 35, 24, 4, 7, 16, 17, 26, 28, 36, 37]",5,0.4,0.4,0.4000000000000001,0.5531464700081437,1,5,5,2
smd,group23_evaluation,machine-2-4,treeshap_iforest,1,19,22284,22294,"[8, 13, 14, 11, 6, 12, 32, 21, 18, 27, 30, 20, 34, 19, 15, 33, 0, 5, 22, 10, 1, 2, 3, 31, 25, 35, 24, 29, 23, 9, 4, 7, 16, 17, 26, 28, 36, 37]",1,1.0,0.25,0.4,1.0,1,4,1,1
smd,group23_evaluation,machine-2-4,treeshap_iforest,1,19,22284,22294,"[8, 13, 14, 11, 6, 12, 32, 21, 18, 27, 30, 20, 34, 19, 15, 33, 0, 5, 22, 10, 1, 2, 3, 31, 25, 35, 24, 29, 23, 9, 4, 7, 16, 17, 26, 28, 36, 37]",3,0.6666666666666666,0.5,0.5714285714285715,0.7653606369886217,1,4,3,2
smd,group23_evaluation,machine-2-4,treeshap_iforest,1,19,22284,22294,"[8, 13, 14, 11, 6, 12, 32, 21, 18, 27, 30, 20, 34, 19, 15, 33, 0, 5, 22, 10, 1, 2, 3, 31, 25, 35, 24, 29, 23, 9, 4, 7, 16, 17, 26, 28, 36, 37]",5,0.4,0.5,0.4444444444444445,0.6366824387328317,1,4,5,2
smd,group23_evaluation,machine-2-4,treeshap_iforest,2,0,1012,1016,"[13, 14, 12, 8, 11, 23, 25, 3, 0, 30, 33, 32, 2, 15, 10, 20, 5, 24, 1, 21, 27, 19, 22, 31, 9, 29, 6, 18, 35, 34, 4, 7, 16, 17, 26, 28, 36, 37]",1,1.0,0.2,0.33333333333333337,1.0,1,5,1,1
smd,group23_evaluation,machine-2-4,treeshap_iforest,2,0,1012,1016,"[13, 14, 12, 8, 11, 23, 25, 3, 0, 30, 33, 32, 2, 15, 10, 20, 5, 24, 1, 21, 27, 19, 22, 31, 9, 29, 6, 18, 35, 34, 4, 7, 16, 17, 26, 28, 36, 37]",3,1.0,0.6,0.7499999999999999,1.0,1,5,3,3
smd,group23_evaluation,machine-2-4,treeshap_iforest,2,0,1012,1016,"[13, 14, 12, 8, 11, 23, 25, 3, 0, 30, 33, 32, 2, 15, 10, 20, 5, 24, 1, 21, 27, 19, 22, 31, 9, 29, 6, 18, 35, 34, 4, 7, 16, 17, 26, 28, 36, 37]",5,1.0,1.0,1.0,1.0,1,5,5,5
smd,group23_evaluation,machine-2-4,treeshap_iforest,2,1,2098,2102,"[13, 8, 12, 14, 11, 5, 33, 25, 23, 15, 32, 20, 6, 10, 0, 29, 1, 18, 27, 35, 2, 24, 22, 3, 30, 9, 31, 21, 19, 34, 4, 7, 16, 17, 26, 28, 36, 37]",1,1.0,0.5,0.6666666666666666,1.0,1,2,1,1
smd,group23_evaluation,machine-2-4,treeshap_iforest,2,1,2098,2102,"[13, 8, 12, 14, 11, 5, 33, 25, 23, 15, 32, 20, 6, 10, 0, 29, 1, 18, 27, 35, 2, 24, 22, 3, 30, 9, 31, 21, 19, 34, 4, 7, 16, 17, 26, 28, 36, 37]",3,0.6666666666666666,1.0,0.8,0.9197207891481876,1,2,3,2
smd,group23_evaluation,machine-2-4,treeshap_iforest,2,1,2098,2102,"[13, 8, 12, 14, 11, 5, 33, 25, 23, 15, 32, 20, 6, 10, 0, 29, 1, 18, 27, 35, 2, 24, 22, 3, 30, 9, 31, 21, 19, 34, 4, 7, 16, 17, 26, 28, 36, 37]",5,0.4,1.0,0.5714285714285715,0.9197207891481876,1,2,5,2
smd,group23_evaluation,machine-2-4,treeshap_iforest,2,2,3538,3542,"[13, 8, 14, 5, 11, 12, 6, 32, 23, 25, 1, 33, 30, 15, 0, 2, 20, 29, 18, 34, 10, 22, 27, 19, 24, 3, 35, 9, 31, 21, 4, 7, 16, 17, 26, 28, 36, 37]",1,1.0,0.3333333333333333,0.5,1.0,1,3,1,1
smd,group23_evaluation,machine-2-4,treeshap_iforest,2,2,3538,3542,"[13, 8, 14, 5, 11, 12, 6, 32, 23, 25, 1, 33, 30, 15, 0, 2, 20, 29, 18, 34, 10, 22, 27, 19, 24, 3, 35, 9, 31, 21, 4, 7, 16, 17, 26, 28, 36, 37]",3,0.3333333333333333,0.3333333333333333,0.3333333333333333,0.46927872602275644,1,3,3,1
smd,group23_evaluation,machine-2-4,treeshap_iforest,2,2,3538,3542,"[13, 8, 14, 5, 11, 12, 6, 32, 23, 25, 1, 33, 30, 15, 0, 2, 20, 29, 18, 34, 10, 22, 27, 19, 24, 3, 35, 9, 31, 21, 4, 7, 16, 17, 26, 28, 36, 37]",5,0.4,0.6666666666666666,0.5,0.6508205185601091,1,3,5,2
smd,group23_evaluation,machine-2-4,treeshap_iforest,2,3,4576,4579,"[10, 6, 15, 5, 22, 29, 24, 27, 30, 23, 18, 14, 20, 21, 25, 8, 11, 31, 34, 13, 33, 19, 32, 3, 1, 0, 35, 9, 12, 2, 4, 7, 16, 17, 26, 28, 36, 37]",1,1.0,0.5,0.6666666666666666,1.0,1,2,1,1
smd,group23_evaluation,machine-2-4,treeshap_iforest,2,3,4576,4579,"[10, 6, 15, 5, 22, 29, 24, 27, 30, 23, 18, 14, 20, 21, 25, 8, 11, 31, 34, 13, 33, 19, 32, 3, 1, 0, 35, 9, 12, 2, 4, 7, 16, 17, 26, 28, 36, 37]",3,0.6666666666666666,1.0,0.8,0.9197207891481876,1,2,3,2
smd,group23_evaluation,machine-2-4,treeshap_iforest,2,3,4576,4579,"[10, 6, 15, 5, 22, 29, 24, 27, 30, 23, 18, 14, 20, 21, 25, 8, 11, 31, 34, 13, 33, 19, 32, 3, 1, 0, 35, 9, 12, 2, 4, 7, 16, 17, 26, 28, 36, 37]",5,0.4,1.0,0.5714285714285715,0.9197207891481876,1,2,5,2
smd,group23_evaluation,machine-2-4,treeshap_iforest,2,4,4976,4980,"[14, 8, 13, 12, 11, 23, 33, 25, 10, 15, 32, 5, 1, 6, 24, 0, 18, 2, 30, 29, 35, 34, 22, 20, 19, 27, 9, 3, 21, 31, 4, 7, 16, 17, 26, 28, 36, 37]",1,0.0,0.0,0.0,0.0,0,3,1,0
smd,group23_evaluation,machine-2-4,treeshap_iforest,2,4,4976,4980,"[14, 8, 13, 12, 11, 23, 33, 25, 10, 15, 32, 5, 1, 6, 24, 0, 18, 2, 30, 29, 35, 34, 22, 20, 19, 27, 9, 3, 21, 31, 4, 7, 16, 17, 26, 28, 36, 37]",3,0.6666666666666666,0.6666666666666666,0.6666666666666666,0.5307212739772434,1,3,3,2
smd,group23_evaluation,machine-2-4,treeshap_iforest,2,4,4976,4980,"[14, 8, 13, 12, 11, 23, 33, 25, 10, 15, 32, 5, 1, 6, 24, 0, 18, 2, 30, 29, 35, 34, 22, 20, 19, 27, 9, 3, 21, 31, 4, 7, 16, 17, 26, 28, 36, 37]",5,0.6,1.0,0.7499999999999999,0.7328286204777911,1,3,5,3
smd,group23_evaluation,machine-2-4,treeshap_iforest,2,5,5099,5380,"[14, 25, 23, 8, 11, 13, 9, 3, 15, 0, 33, 10, 32, 5, 6, 20, 30, 2, 1, 21, 27, 12, 22, 31, 24, 29, 34, 18, 19, 35, 4, 7, 16, 17, 26, 28, 36, 37]",1,0.0,0.0,0.0,0.0,0,5,1,0
smd,group23_evaluation,machine-2-4,treeshap_iforest,2,5,5099,5380,"[14, 25, 23, 8, 11, 13, 9, 3, 15, 0, 33, 10, 32, 5, 6, 20, 30, 2, 1, 21, 27, 12, 22, 31, 24, 29, 34, 18, 19, 35, 4, 7, 16, 17, 26, 28, 36, 37]",3,0.0,0.0,0.0,0.0,0,5,3,0
smd,group23_evaluation,machine-2-4,treeshap_iforest,2,5,5099,5380,"[14, 25, 23, 8, 11, 13, 9, 3, 15, 0, 33, 10, 32, 5, 6, 20, 30, 2, 1, 21, 27, 12, 22, 31, 24, 29, 34, 18, 19, 35, 4, 7, 16, 17, 26, 28, 36, 37]",5,0.2,0.2,0.20000000000000004,0.13120507751234178,1,5,5,1
smd,group23_evaluation,machine-2-4,treeshap_iforest,2,6,6416,6419,"[14, 8, 11, 13, 12, 5, 15, 33, 23, 10, 0, 25, 6, 32, 29, 34, 20, 21, 18, 24, 2, 22, 27, 1, 31, 35, 9, 30, 19, 3, 4, 7, 16, 17, 26, 28, 36, 37]",1,0.0,0.0,0.0,0.0,0,3,1,0
smd,group23_evaluation,machine-2-4,treeshap_iforest,2,6,6416,6419,"[14, 8, 11, 13, 12, 5, 15, 33, 23, 10, 0, 25, 6, 32, 29, 34, 20, 21, 18, 24, 2, 22, 27, 1, 31, 35, 9, 30, 19, 3, 4, 7, 16, 17, 26, 28, 36, 37]",3,0.3333333333333333,0.3333333333333333,0.3333333333333333,0.2960819109658652,1,3,3,1
smd,group23_evaluation,machine-2-4,treeshap_iforest,2,6,6416,6419,"[14, 8, 11, 13, 12, 5, 15, 33, 23, 10, 0, 25, 6, 32, 29, 34, 20, 21, 18, 24, 2, 22, 27, 1, 31, 35, 9, 30, 19, 3, 4, 7, 16, 17, 26, 28, 36, 37]",5,0.6,1.0,0.7499999999999999,0.6797310500037655,1,3,5,3
smd,group23_evaluation,machine-2-4,treeshap_iforest,2,7,7856,7859,"[14, 8, 13, 11, 12, 23, 10, 25, 33, 5, 2, 15, 18, 6, 32, 0, 1, 20, 24, 29, 35, 34, 31, 3, 30, 9, 22, 27, 21, 19, 4, 7, 16, 17, 26, 28, 36, 37]",1,0.0,0.0,0.0,0.0,0,3,1,0
smd,group23_evaluation,machine-2-4,treeshap_iforest,2,7,7856,7859,"[14, 8, 13, 11, 12, 23, 10, 25, 33, 5, 2, 15, 18, 6, 32, 0, 1, 20, 24, 29, 35, 34, 31, 3, 30, 9, 22, 27, 21, 19, 4, 7, 16, 17, 26, 28, 36, 37]",3,0.6666666666666666,0.6666666666666666,0.6666666666666666,0.5307212739772434,1,3,3,2
smd,group23_evaluation,machine-2-4,treeshap_iforest,2,7,7856,7859,"[14, 8, 13, 11, 12, 23, 10, 25, 33, 5, 2, 15, 18, 6, 32, 0, 1, 20, 24, 29, 35, 34, 31, 3, 30, 9, 22, 27, 21, 19, 4, 7, 16, 17, 26, 28, 36, 37]",5,0.6,1.0,0.7499999999999999,0.7122630665145961,1,3,5,3
smd,group23_evaluation,machine-2-4,treeshap_iforest,2,8,9296,9300,"[8, 13, 14, 12, 11, 5, 32, 33, 20, 34, 15, 23, 10, 19, 22, 27, 35, 6, 25, 0, 29, 3, 21, 30, 18, 9, 31, 24, 2, 1, 4, 7, 16, 17, 26, 28, 36, 37]",1,0.0,0.0,0.0,0.0,0,1,1,0
smd,group23_evaluation,machine-2-4,treeshap_iforest,2,8,9296,9300,"[8, 13, 14, 12, 11, 5, 32, 33, 20, 34, 15, 23, 10, 19, 22, 27, 35, 6, 25, 0, 29, 3, 21, 30, 18, 9, 31, 24, 2, 1, 4, 7, 16, 17, 26, 28, 36, 37]",3,0.3333333333333333,1.0,0.5,0.6309297535714575,1,1,3,1
smd,group23_evaluation,machine-2-4,treeshap_iforest,2,8,9296,9300,"[8, 13, 14, 12, 11, 5, 32, 33, 20, 34, 15, 23, 10, 19, 22, 27, 35, 6, 25, 0, 29, 3, 21, 30, 18, 9, 31, 24, 2, 1, 4, 7, 16, 17, 26, 28, 36, 37]",5,0.2,1.0,0.33333333333333337,0.6309297535714575,1,1,5,1
smd,group23_evaluation,machine-2-4,treeshap_iforest,2,9,9473,9505,"[5, 3, 11, 10, 0, 32, 15, 33, 20, 1, 23, 2, 27, 6, 30, 25, 29, 8, 21, 14, 19, 13, 31, 12, 35, 22, 18, 34, 9, 24, 4, 7, 16, 17, 26, 28, 36, 37]",1,0.0,0.0,0.0,0.0,0,1,1,0
smd,group23_evaluation,machine-2-4,treeshap_iforest,2,9,9473,9505,"[5, 3, 11, 10, 0, 32, 15, 33, 20, 1, 23, 2, 27, 6, 30, 25, 29, 8, 21, 14, 19, 13, 31, 12, 35, 22, 18, 34, 9, 24, 4, 7, 16, 17, 26, 28, 36, 37]",3,0.3333333333333333,1.0,0.5,0.5,1,1,3,1
smd,group23_evaluation,machine-2-4,treeshap_iforest,2,9,9473,9505,"[5, 3, 11, 10, 0, 32, 15, 33, 20, 1, 23, 2, 27, 6, 30, 25, 29, 8, 21, 14, 19, 13, 31, 12, 35, 22, 18, 34, 9, 24, 4, 7, 16, 17, 26, 28, 36, 37]",5,0.2,1.0,0.33333333333333337,0.5,1,1,5,1
smd,group23_evaluation,machine-2-4,treeshap_iforest,2,10,10736,10739,"[14, 13, 8, 12, 5, 11, 6, 32, 33, 27, 23, 21, 31, 20, 25, 15, 10, 3, 34, 35, 1, 29, 30, 18, 22, 19, 24, 0, 9, 2, 4, 7, 16, 17, 26, 28, 36, 37]",1,0.0,0.0,0.0,0.0,0,3,1,0
smd,group23_evaluation,machine-2-4,treeshap_iforest,2,10,10736,10739,"[14, 13, 8, 12, 5, 11, 6, 32, 33, 27, 23, 21, 31, 20, 25, 15, 10, 3, 34, 35, 1, 29, 30, 18, 22, 19, 24, 0, 9, 2, 4, 7, 16, 17, 26, 28, 36, 37]",3,0.6666666666666666,0.6666666666666666,0.6666666666666666,0.5307212739772434,1,3,3,2
smd,group23_evaluation,machine-2-4,treeshap_iforest,2,10,10736,10739,"[14, 13, 8, 12, 5, 11, 6, 32, 33, 27, 23, 21, 31, 20, 25, 15, 10, 3, 34, 35, 1, 29, 30, 18, 22, 19, 24, 0, 9, 2, 4, 7, 16, 17, 26, 28, 36, 37]",5,0.6,1.0,0.7499999999999999,0.7328286204777911,1,3,5,3
smd,group23_evaluation,machine-2-4,treeshap_iforest,2,11,12176,12179,"[14, 10, 13, 8, 12, 11, 5, 33, 3, 1, 25, 22, 15, 32, 23, 34, 6, 29, 30, 2, 20, 27, 31, 18, 0, 19, 24, 9, 21, 35, 4, 7, 16, 17, 26, 28, 36, 37]",1,0.0,0.0,0.0,0.0,0,3,1,0
smd,group23_evaluation,machine-2-4,treeshap_iforest,2,11,12176,12179,"[14, 10, 13, 8, 12, 11, 5, 33, 3, 1, 25, 22, 15, 32, 23, 34, 6, 29, 30, 2, 20, 27, 31, 18, 0, 19, 24, 9, 21, 35, 4, 7, 16, 17, 26, 28, 36, 37]",3,0.3333333333333333,0.3333333333333333,0.3333333333333333,0.23463936301137822,1,3,3,1
smd,group23_evaluation,machine-2-4,treeshap_iforest,2,11,12176,12179,"[14, 10, 13, 8, 12, 11, 5, 33, 3, 1, 25, 22, 15, 32, 23, 34, 6, 29, 30, 2, 20, 27, 31, 18, 0, 19, 24, 9, 21, 35, 4, 7, 16, 17, 26, 28, 36, 37]",5,0.6,1.0,0.7499999999999999,0.6182885020492784,1,3,5,3
smd,group23_evaluation,machine-2-4,treeshap_iforest,2,12,13611,13640,"[5, 6, 10, 8, 13, 14, 15, 11, 33, 3, 32, 29, 12, 30, 1, 23, 25, 18, 27, 22, 2, 31, 20, 35, 21, 34, 19, 24, 0, 9, 4, 7, 16, 17, 26, 28, 36, 37]",1,0.0,0.0,0.0,0.0,0,3,1,0
smd,group23_evaluation,machine-2-4,treeshap_iforest,2,12,13611,13640,"[5, 6, 10, 8, 13, 14, 15, 11, 33, 3, 32, 29, 12, 30, 1, 23, 25, 18, 27, 22, 2, 31, 20, 35, 21, 34, 19, 24, 0, 9, 4, 7, 16, 17, 26, 28, 36, 37]",3,0.0,0.0,0.0,0.0,0,3,3,0
smd,group23_evaluation,machine-2-4,treeshap_iforest,2,12,13611,13640,"[5, 6, 10, 8, 13, 14, 15, 11, 33, 3, 32, 29, 12, 30, 1, 23, 25, 18, 27, 22, 2, 31, 20, 35, 21, 34, 19, 24, 0, 9, 4, 7, 16, 17, 26, 28, 36, 37]",5,0.4,0.6666666666666666,0.5,0.38364913903790027,1,3,5,2
smd,group23_evaluation,machine-2-4,treeshap_iforest,2,13,15056,15059,"[10, 14, 13, 5, 8, 12, 11, 33, 6, 3, 15, 32, 1, 25, 23, 34, 22, 30, 29, 20, 27, 31, 35, 18, 19, 0, 9, 24, 21, 2, 4, 7, 16, 17, 26, 28, 36, 37]",1,0.0,0.0,0.0,0.0,0,3,1,0
smd,group23_evaluation,machine-2-4,treeshap_iforest,2,13,15056,15059,"[10, 14, 13, 5, 8, 12, 11, 33, 6, 3, 15, 32, 1, 25, 23, 34, 22, 30, 29, 20, 27, 31, 35, 18, 19, 0, 9, 24, 21, 2, 4, 7, 16, 17, 26, 28, 36, 37]",3,0.3333333333333333,0.3333333333333333,0.3333333333333333,0.23463936301137822,1,3,3,1
smd,group23_evaluation,machine-2-4,treeshap_iforest,2,13,15056,15059,"[10, 14, 13, 5, 8, 12, 11, 33, 6, 3, 15, 32, 1, 25, 23, 34, 22, 30, 29, 20, 27, 31, 35, 18, 19, 0, 9, 24, 21, 2, 4, 7, 16, 17, 26, 28, 36, 37]",5,0.4,0.6666666666666666,0.5,0.41618115554873086,1,3,5,2
smd,group23_evaluation,machine-2-4,treeshap_iforest,2,14,16525,16696,"[11, 9, 5, 32, 13, 8, 14, 3, 10, 0, 33, 23, 20, 25, 30, 27, 15, 6, 1, 12, 2, 21, 19, 22, 29, 34, 35, 24, 31, 18, 4, 7, 16, 17, 26, 28, 36, 37]",1,1.0,0.16666666666666666,0.2857142857142857,1.0,1,6,1,1
smd,group23_evaluation,machine-2-4,treeshap_iforest,2,14,16525,16696,"[11, 9, 5, 32, 13, 8, 14, 3, 10, 0, 33, 23, 20, 25, 30, 27, 15, 6, 1, 12, 2, 21, 19, 22, 29, 34, 35, 24, 31, 18, 4, 7, 16, 17, 26, 28, 36, 37]",3,0.6666666666666666,0.3333333333333333,0.4444444444444444,0.7653606369886217,1,6,3,2
smd,group23_evaluation,machine-2-4,treeshap_iforest,2,14,16525,16696,"[11, 9, 5, 32, 13, 8, 14, 3, 10, 0, 33, 23, 20, 25, 30, 27, 15, 6, 1, 12, 2, 21, 19, 22, 29, 34, 35, 24, 31, 18, 4, 7, 16, 17, 26, 28, 36, 37]",5,0.6,0.5,0.5454545454545454,0.6843515475204855,1,6,5,3
smd,group23_evaluation,machine-2-4,treeshap_iforest,2,15,17965,18350,"[5, 14, 23, 25, 8, 13, 11, 3, 9, 22, 10, 33, 6, 32, 15, 1, 27, 2, 29, 30, 20, 12, 0, 21, 19, 31, 34, 24, 18, 35, 4, 7, 16, 17, 26, 28, 36, 37]",1,0.0,0.0,0.0,0.0,0,6,1,0
smd,group23_evaluation,machine-2-4,treeshap_iforest,2,15,17965,18350,"[5, 14, 23, 25, 8, 13, 11, 3, 9, 22, 10, 33, 6, 32, 15, 1, 27, 2, 29, 30, 20, 12, 0, 21, 19, 31, 34, 24, 18, 35, 4, 7, 16, 17, 26, 28, 36, 37]",3,0.0,0.0,0.0,0.0,0,6,3,0
smd,group23_evaluation,machine-2-4,treeshap_iforest,2,15,17965,18350,"[5, 14, 23, 25, 8, 13, 11, 3, 9, 22, 10, 33, 6, 32, 15, 1, 27, 2, 29, 30, 20, 12, 0, 21, 19, 31, 34, 24, 18, 35, 4, 7, 16, 17, 26, 28, 36, 37]",5,0.2,0.16666666666666666,0.1818181818181818,0.13120507751234178,1,6,5,1
smd,group23_evaluation,machine-2-4,treeshap_iforest,2,16,18579,18980,"[22, 19, 10, 15, 24, 30, 21, 27, 18, 29, 6, 20, 25, 34, 35, 31, 5, 3, 23, 32, 1, 2, 11, 0, 33, 14, 13, 8, 9, 12, 4, 7, 16, 17, 26, 28, 36, 37]",1,1.0,0.047619047619047616,0.0909090909090909,1.0,1,21,1,1
smd,group23_evaluation,machine-2-4,treeshap_iforest,2,16,18579,18980,"[22, 19, 10, 15, 24, 30, 21, 27, 18, 29, 6, 20, 25, 34, 35, 31, 5, 3, 23, 32, 1, 2, 11, 0, 33, 14, 13, 8, 9, 12, 4, 7, 16, 17, 26, 28, 36, 37]",3,1.0,0.14285714285714285,0.25,1.0,1,21,3,3
smd,group23_evaluation,machine-2-4,treeshap_iforest,2,16,18579,18980,"[22, 19, 10, 15, 24, 30, 21, 27, 18, 29, 6, 20, 25, 34, 35, 31, 5, 3, 23, 32, 1, 2, 11, 0, 33, 14, 13, 8, 9, 12, 4, 7, 16, 17, 26, 28, 36, 37]",5,1.0,0.23809523809523808,0.3846153846153846,1.0,1,21,5,5
smd,group23_evaluation,machine-2-4,treeshap_iforest,2,17,19404,19741,"[6, 14, 3, 13, 8, 11, 15, 2, 20, 0, 10, 5, 21, 33, 29, 32, 30, 27, 22, 1, 19, 23, 35, 25, 34, 12, 24, 9, 18, 31, 4, 7, 16, 17, 26, 28, 36, 37]",1,0.0,0.0,0.0,0.0,0,6,1,0
smd,group23_evaluation,machine-2-4,treeshap_iforest,2,17,19404,19741,"[6, 14, 3, 13, 8, 11, 15, 2, 20, 0, 10, 5, 21, 33, 29, 32, 30, 27, 22, 1, 19, 23, 35, 25, 34, 12, 24, 9, 18, 31, 4, 7, 16, 17, 26, 28, 36, 37]",3,0.0,0.0,0.0,0.0,0,6,3,0
smd,group23_evaluation,machine-2-4,treeshap_iforest,2,17,19404,19741,"[6, 14, 3, 13, 8, 11, 15, 2, 20, 0, 10, 5, 21, 33, 29, 32, 30, 27, 22, 1, 19, 23, 35, 25, 34, 12, 24, 9, 18, 31, 4, 7, 16, 17, 26, 28, 36, 37]",5,0.4,0.3333333333333333,0.3636363636363636,0.27727342735504823,1,6,5,2
smd,group23_evaluation,machine-2-4,treeshap_iforest,2,18,20844,20854,"[13, 14, 8, 11, 6, 12, 22, 15, 0, 32, 23, 25, 33, 2, 1, 3, 30, 18, 10, 24, 21, 5, 20, 19, 27, 29, 31, 34, 9, 35, 4, 7, 16, 17, 26, 28, 36, 37]",1,1.0,0.2,0.33333333333333337,1.0,1,5,1,1
smd,group23_evaluation,machine-2-4,treeshap_iforest,2,18,20844,20854,"[13, 14, 8, 11, 6, 12, 22, 15, 0, 32, 23, 25, 33, 2, 1, 3, 30, 18, 10, 24, 21, 5, 20, 19, 27, 29, 31, 34, 9, 35, 4, 7, 16, 17, 26, 28, 36, 37]",3,0.6666666666666666,0.4,0.5,0.7039180890341347,1,5,3,2
smd,group23_evaluation,machine-2-4,treeshap_iforest,2,18,20844,20854,"[13, 14, 8, 11, 6, 12, 22, 15, 0, 32, 23, 25, 33, 2, 1, 3, 30, 18, 10, 24, 21, 5, 20, 19, 27, 29, 31, 34, 9, 35, 4, 7, 16, 17, 26, 28, 36, 37]",5,0.4,0.4,0.4000000000000001,0.5087403079104241,1,5,5,2
smd,group23_evaluation,machine-2-4,treeshap_iforest,2,19,22284,22294,"[13, 8, 14, 6, 12, 11, 30, 33, 32, 3, 22, 20, 15, 1, 10, 21, 18, 29, 5, 24, 19, 27, 25, 2, 34, 9, 23, 0, 31, 35, 4, 7, 16, 17, 26, 28, 36, 37]",1,1.0,0.25,0.4,1.0,1,4,1,1
smd,group23_evaluation,machine-2-4,treeshap_iforest,2,19,22284,22294,"[13, 8, 14, 6, 12, 11, 30, 33, 32, 3, 22, 20, 15, 1, 10, 21, 18, 29, 5, 24, 19, 27, 25, 2, 34, 9, 23, 0, 31, 35, 4, 7, 16, 17, 26, 28, 36, 37]",3,0.6666666666666666,0.5,0.5714285714285715,0.7653606369886217,1,4,3,2
smd,group23_evaluation,machine-2-4,treeshap_iforest,2,19,22284,22294,"[13, 8, 14, 6, 12, 11, 30, 33, 32, 3, 22, 20, 15, 1, 10, 21, 18, 29, 5, 24, 19, 27, 25, 2, 34, 9, 23, 0, 31, 35, 4, 7, 16, 17, 26, 28, 36, 37]",5,0.6,0.75,0.6666666666666665,0.787702056960637,1,4,5,3
smd,group23_evaluation,machine-2-5,treeshap_iforest,0,0,2585,2588,"[9, 8, 12, 11, 15, 13, 29, 31, 10, 20, 18, 27, 21, 34, 1, 35, 19, 32, 5, 14, 23, 33, 30, 25, 22, 2, 0, 24, 3, 6, 4, 7, 16, 17, 26, 28, 36, 37]",1,1.0,0.5,0.6666666666666666,1.0,1,2,1,1
smd,group23_evaluation,machine-2-5,treeshap_iforest,0,0,2585,2588,"[9, 8, 12, 11, 15, 13, 29, 31, 10, 20, 18, 27, 21, 34, 1, 35, 19, 32, 5, 14, 23, 33, 30, 25, 22, 2, 0, 24, 3, 6, 4, 7, 16, 17, 26, 28, 36, 37]",3,0.6666666666666666,1.0,0.8,0.9197207891481876,1,2,3,2
smd,group23_evaluation,machine-2-5,treeshap_iforest,0,0,2585,2588,"[9, 8, 12, 11, 15, 13, 29, 31, 10, 20, 18, 27, 21, 34, 1, 35, 19, 32, 5, 14, 23, 33, 30, 25, 22, 2, 0, 24, 3, 6, 4, 7, 16, 17, 26, 28, 36, 37]",5,0.4,1.0,0.5714285714285715,0.9197207891481876,1,2,5,2
smd,group23_evaluation,machine-2-5,treeshap_iforest,0,1,4978,4983,"[8, 14, 13, 12, 9, 11, 33, 5, 29, 6, 23, 24, 10, 22, 20, 35, 15, 21, 25, 3, 0, 31, 2, 1, 34, 27, 18, 30, 32, 19, 4, 7, 16, 17, 26, 28, 36, 37]",1,0.0,0.0,0.0,0.0,0,2,1,0
smd,group23_evaluation,machine-2-5,treeshap_iforest,0,1,4978,4983,"[8, 14, 13, 12, 9, 11, 33, 5, 29, 6, 23, 24, 10, 22, 20, 35, 15, 21, 25, 3, 0, 31, 2, 1, 34, 27, 18, 30, 32, 19, 4, 7, 16, 17, 26, 28, 36, 37]",3,0.3333333333333333,0.5,0.4,0.3065735963827292,1,2,3,1
smd,group23_evaluation,machine-2-5,treeshap_iforest,0,1,4978,4983,"[8, 14, 13, 12, 9, 11, 33, 5, 29, 6, 23, 24, 10, 22, 20, 35, 15, 21, 25, 3, 0, 31, 2, 1, 34, 27, 18, 30, 32, 19, 4, 7, 16, 17, 26, 28, 36, 37]",5,0.4,1.0,0.5714285714285715,0.5706417189553201,1,2,5,2
smd,group23_evaluation,machine-2-5,treeshap_iforest,0,2,5100,5391,"[8, 9, 14, 11, 0, 6, 33, 13, 29, 5, 15, 12, 1, 23, 10, 24, 31, 22, 25, 27, 20, 21, 2, 3, 35, 19, 34, 18, 32, 30, 4, 7, 16, 17, 26, 28, 36, 37]",1,1.0,0.16666666666666666,0.2857142857142857,1.0,1,6,1,1
smd,group23_evaluation,machine-2-5,treeshap_iforest,0,2,5100,5391,"[8, 9, 14, 11, 0, 6, 33, 13, 29, 5, 15, 12, 1, 23, 10, 24, 31, 22, 25, 27, 20, 21, 2, 3, 35, 19, 34, 18, 32, 30, 4, 7, 16, 17, 26, 28, 36, 37]",3,0.6666666666666666,0.3333333333333333,0.4444444444444444,0.7039180890341347,1,6,3,2
smd,group23_evaluation,machine-2-5,treeshap_iforest,0,2,5100,5391,"[8, 9, 14, 11, 0, 6, 33, 13, 29, 5, 15, 12, 1, 23, 10, 24, 31, 22, 25, 27, 20, 21, 2, 3, 35, 19, 34, 18, 32, 30, 4, 7, 16, 17, 26, 28, 36, 37]",5,0.8,0.6666666666666666,0.7272727272727272,0.7860137352654724,1,6,5,4
smd,group23_evaluation,machine-2-5,treeshap_iforest,0,3,6023,6026,"[5, 33, 32, 8, 25, 29, 22, 23, 11, 13, 10, 14, 31, 15, 3, 6, 27, 1, 20, 9, 18, 21, 2, 35, 0, 24, 30, 19, 34, 12, 4, 7, 16, 17, 26, 28, 36, 37]",1,0.0,0.0,0.0,0.0,0,2,1,0
smd,group23_evaluation,machine-2-5,treeshap_iforest,0,3,6023,6026,"[5, 33, 32, 8, 25, 29, 22, 23, 11, 13, 10, 14, 31, 15, 3, 6, 27, 1, 20, 9, 18, 21, 2, 35, 0, 24, 30, 19, 34, 12, 4, 7, 16, 17, 26, 28, 36, 37]",3,0.6666666666666666,1.0,0.8,0.6934264036172708,1,2,3,2
smd,group23_evaluation,machine-2-5,treeshap_iforest,0,3,6023,6026,"[5, 33, 32, 8, 25, 29, 22, 23, 11, 13, 10, 14, 31, 15, 3, 6, 27, 1, 20, 9, 18, 21, 2, 35, 0, 24, 30, 19, 34, 12, 4, 7, 16, 17, 26, 28, 36, 37]",5,0.4,1.0,0.5714285714285715,0.6934264036172708,1,2,5,2
smd,group23_evaluation,machine-2-5,treeshap_iforest,0,4,6417,6420,"[8, 11, 14, 13, 33, 12, 29, 23, 15, 10, 22, 24, 6, 21, 20, 9, 31, 5, 35, 0, 3, 25, 1, 2, 27, 18, 34, 30, 19, 32, 4, 7, 16, 17, 26, 28, 36, 37]",1,1.0,0.25,0.4,1.0,1,4,1,1
smd,group23_evaluation,machine-2-5,treeshap_iforest,0,4,6417,6420,"[8, 11, 14, 13, 33, 12, 29, 23, 15, 10, 22, 24, 6, 21, 20, 9, 31, 5, 35, 0, 3, 25, 1, 2, 27, 18, 34, 30, 19, 32, 4, 7, 16, 17, 26, 28, 36, 37]",3,0.6666666666666666,0.5,0.5714285714285715,0.7039180890341347,1,4,3,2
smd,group23_evaluation,machine-2-5,treeshap_iforest,0,4,6417,6420,"[8, 11, 14, 13, 33, 12, 29, 23, 15, 10, 22, 24, 6, 21, 20, 9, 31, 5, 35, 0, 3, 25, 1, 2, 27, 18, 34, 30, 19, 32, 4, 7, 16, 17, 26, 28, 36, 37]",5,0.6,0.75,0.6666666666666665,0.75369761125927,1,4,5,3
smd,group23_evaluation,machine-2-5,treeshap_iforest,0,5,7255,7258,"[9, 8, 13, 12, 33, 19, 29, 32, 22, 11, 5, 15, 35, 31, 10, 14, 23, 24, 2, 6, 30, 18, 25, 3, 1, 34, 20, 27, 21, 0, 4, 7, 16, 17, 26, 28, 36, 37]",1,1.0,0.5,0.6666666666666666,1.0,1,2,1,1
smd,group23_evaluation,machine-2-5,treeshap_iforest,0,5,7255,7258,"[9, 8, 13, 12, 33, 19, 29, 32, 22, 11, 5, 15, 35, 31, 10, 14, 23, 24, 2, 6, 30, 18, 25, 3, 1, 34, 20, 27, 21, 0, 4, 7, 16, 17, 26, 28, 36, 37]",3,0.3333333333333333,0.5,0.4,0.6131471927654584,1,2,3,1
smd,group23_evaluation,machine-2-5,treeshap_iforest,0,5,7255,7258,"[9, 8, 13, 12, 33, 19, 29, 32, 22, 11, 5, 15, 35, 31, 10, 14, 23, 24, 2, 6, 30, 18, 25, 3, 1, 34, 20, 27, 21, 0, 4, 7, 16, 17, 26, 28, 36, 37]",5,0.4,1.0,0.5714285714285715,0.8772153153380493,1,2,5,2
smd,group23_evaluation,machine-2-5,treeshap_iforest,0,6,7857,7860,"[8, 14, 13, 11, 12, 33, 29, 23, 25, 22, 9, 5, 6, 20, 1, 15, 31, 3, 19, 21, 2, 24, 27, 0, 35, 10, 32, 34, 30, 18, 4, 7, 16, 17, 26, 28, 36, 37]",1,0.0,0.0,0.0,0.0,0,2,1,0
smd,group23_evaluation,machine-2-5,treeshap_iforest,0,6,7857,7860,"[8, 14, 13, 11, 12, 33, 29, 23, 25, 22, 9, 5, 6, 20, 1, 15, 31, 3, 19, 21, 2, 24, 27, 0, 35, 10, 32, 34, 30, 18, 4, 7, 16, 17, 26, 28, 36, 37]",3,0.3333333333333333,0.5,0.4,0.3065735963827292,1,2,3,1
smd,group23_evaluation,machine-2-5,treeshap_iforest,0,6,7857,7860,"[8, 14, 13, 11, 12, 33, 29, 23, 25, 22, 9, 5, 6, 20, 1, 15, 31, 3, 19, 21, 2, 24, 27, 0, 35, 10, 32, 34, 30, 18, 4, 7, 16, 17, 26, 28, 36, 37]",5,0.4,1.0,0.5714285714285715,0.5437713091520254,1,2,5,2
smd,group23_evaluation,machine-2-5,treeshap_iforest,0,7,9297,9300,"[8, 13, 14, 33, 12, 29, 11, 23, 25, 1, 31, 10, 22, 9, 15, 21, 18, 20, 35, 0, 6, 34, 24, 32, 27, 30, 3, 19, 5, 2, 4, 7, 16, 17, 26, 28, 36, 37]",1,0.0,0.0,0.0,0.0,0,2,1,0
smd,group23_evaluation,machine-2-5,treeshap_iforest,0,7,9297,9300,"[8, 13, 14, 33, 12, 29, 11, 23, 25, 1, 31, 10, 22, 9, 15, 21, 18, 20, 35, 0, 6, 34, 24, 32, 27, 30, 3, 19, 5, 2, 4, 7, 16, 17, 26, 28, 36, 37]",3,0.3333333333333333,0.5,0.4,0.38685280723454163,1,2,3,1
smd,group23_evaluation,machine-2-5,treeshap_iforest,0,7,9297,9300,"[8, 13, 14, 33, 12, 29, 11, 23, 25, 1, 31, 10, 22, 9, 15, 21, 18, 20, 35, 0, 6, 34, 24, 32, 27, 30, 3, 19, 5, 2, 4, 7, 16, 17, 26, 28, 36, 37]",5,0.4,1.0,0.5714285714285715,0.6240505200038379,1,2,5,2
smd,group23_evaluation,machine-2-5,treeshap_iforest,0,8,10737,10740,"[8, 11, 14, 13, 12, 32, 29, 31, 23, 5, 10, 15, 25, 9, 34, 33, 6, 22, 18, 0, 1, 3, 27, 35, 2, 24, 20, 21, 19, 30, 4, 7, 16, 17, 26, 28, 36, 37]",1,1.0,0.25,0.4,1.0,1,4,1,1
smd,group23_evaluation,machine-2-5,treeshap_iforest,0,8,10737,10740,"[8, 11, 14, 13, 12, 32, 29, 31, 23, 5, 10, 15, 25, 9, 34, 33, 6, 22, 18, 0, 1, 3, 27, 35, 2, 24, 20, 21, 19, 30, 4, 7, 16, 17, 26, 28, 36, 37]",3,0.6666666666666666,0.5,0.5714285714285715,0.7039180890341347,1,4,3,2
smd,group23_evaluation,machine-2-5,treeshap_iforest,0,8,10737,10740,"[8, 11, 14, 13, 12, 32, 29, 31, 23, 5, 10, 15, 25, 9, 34, 33, 6, 22, 18, 0, 1, 3, 27, 35, 2, 24, 20, 21, 19, 30, 4, 7, 16, 17, 26, 28, 36, 37]",5,0.8,1.0,0.888888888888889,0.9047172294870751,1,4,5,4
smd,group23_evaluation,machine-2-5,treeshap_iforest,0,9,12094,12120,"[3, 2, 1, 0, 29, 23, 6, 11, 22, 13, 25, 15, 10, 33, 9, 27, 35, 14, 31, 19, 8, 18, 24, 20, 30, 34, 5, 21, 32, 12, 4, 7, 16, 17, 26, 28, 36, 37]",1,1.0,0.16666666666666666,0.2857142857142857,1.0,1,6,1,1
smd,group23_evaluation,machine-2-5,treeshap_iforest,0,9,12094,12120,"[3, 2, 1, 0, 29, 23, 6, 11, 22, 13, 25, 15, 10, 33, 9, 27, 35, 14, 31, 19, 8, 18, 24, 20, 30, 34, 5, 21, 32, 12, 4, 7, 16, 17, 26, 28, 36, 37]",3,1.0,0.5,0.6666666666666666,1.0,1,6,3,3
smd,group23_evaluation,machine-2-5,treeshap_iforest,0,9,12094,12120,"[3, 2, 1, 0, 29, 23, 6, 11, 22, 13, 25, 15, 10, 33, 9, 27, 35, 14, 31, 19, 8, 18, 24, 20, 30, 34, 5, 21, 32, 12, 4, 7, 16, 17, 26, 28, 36, 37]",5,0.8,0.6666666666666666,0.7272727272727272,0.8687949224876582,1,6,5,4
smd,group23_evaluation,machine-2-5,treeshap_iforest,0,10,12176,12183,"[32, 6, 8, 11, 13, 14, 29, 19, 12, 23, 33, 10, 15, 22, 9, 25, 31, 1, 18, 0, 3, 30, 35, 24, 21, 20, 34, 5, 27, 2, 4, 7, 16, 17, 26, 28, 36, 37]",1,0.0,0.0,0.0,0.0,0,3,1,0
smd,group23_evaluation,machine-2-5,treeshap_iforest,0,10,12176,12183,"[32, 6, 8, 11, 13, 14, 29, 19, 12, 23, 33, 10, 15, 22, 9, 25, 31, 1, 18, 0, 3, 30, 35, 24, 21, 20, 34, 5, 27, 2, 4, 7, 16, 17, 26, 28, 36, 37]",3,0.3333333333333333,0.3333333333333333,0.3333333333333333,0.23463936301137822,1,3,3,1
smd,group23_evaluation,machine-2-5,treeshap_iforest,0,10,12176,12183,"[32, 6, 8, 11, 13, 14, 29, 19, 12, 23, 33, 10, 15, 22, 9, 25, 31, 1, 18, 0, 3, 30, 35, 24, 21, 20, 34, 5, 27, 2, 4, 7, 16, 17, 26, 28, 36, 37]",5,0.4,0.6666666666666666,0.5,0.41618115554873086,1,3,5,2
smd,group23_evaluation,machine-2-5,treeshap_iforest,0,11,13616,13619,"[8, 14, 11, 13, 12, 29, 31, 6, 23, 15, 10, 33, 25, 20, 1, 21, 22, 3, 34, 9, 18, 0, 27, 24, 2, 32, 35, 5, 30, 19, 4, 7, 16, 17, 26, 28, 36, 37]",1,1.0,0.25,0.4,1.0,1,4,1,1
smd,group23_evaluation,machine-2-5,treeshap_iforest,0,11,13616,13619,"[8, 14, 11, 13, 12, 29, 31, 6, 23, 15, 10, 33, 25, 20, 1, 21, 22, 3, 34, 9, 18, 0, 27, 24, 2, 32, 35, 5, 30, 19, 4, 7, 16, 17, 26, 28, 36, 37]",3,0.6666666666666666,0.5,0.5714285714285715,0.7653606369886217,1,4,3,2
smd,group23_evaluation,machine-2-5,treeshap_iforest,0,11,13616,13619,"[8, 14, 11, 13, 12, 29, 31, 6, 23, 15, 10, 33, 25, 20, 1, 21, 22, 3, 34, 9, 18, 0, 27, 24, 2, 32, 35, 5, 30, 19, 4, 7, 16, 17, 26, 28, 36, 37]",5,0.8,1.0,0.888888888888889,0.9558295932317544,1,4,5,4
smd,group23_evaluation,machine-2-5,treeshap_iforest,0,12,15056,15059,"[8, 14, 13, 11, 33, 12, 6, 29, 5, 10, 9, 15, 22, 35, 23, 1, 31, 0, 18, 24, 2, 34, 27, 20, 30, 3, 19, 25, 21, 32, 4, 7, 16, 17, 26, 28, 36, 37]",1,1.0,0.25,0.4,1.0,1,4,1,1
smd,group23_evaluation,machine-2-5,treeshap_iforest,0,12,15056,15059,"[8, 14, 13, 11, 33, 12, 6, 29, 5, 10, 9, 15, 22, 35, 23, 1, 31, 0, 18, 24, 2, 34, 27, 20, 30, 3, 19, 25, 21, 32, 4, 7, 16, 17, 26, 28, 36, 37]",3,1.0,0.75,0.8571428571428571,1.0,1,4,3,3
smd,group23_evaluation,machine-2-5,treeshap_iforest,0,12,15056,15059,"[8, 14, 13, 11, 33, 12, 6, 29, 5, 10, 9, 15, 22, 35, 23, 1, 31, 0, 18, 24, 2, 34, 27, 20, 30, 3, 19, 25, 21, 32, 4, 7, 16, 17, 26, 28, 36, 37]",5,0.6,0.75,0.6666666666666665,0.8318724637288826,1,4,5,3
smd,group23_evaluation,machine-2-5,treeshap_iforest,0,13,16524,16549,"[8, 14, 13, 32, 33, 11, 6, 29, 12, 0, 5, 23, 19, 9, 10, 25, 1, 15, 31, 20, 3, 22, 18, 24, 21, 2, 35, 34, 30, 27, 4, 7, 16, 17, 26, 28, 36, 37]",1,1.0,0.2,0.33333333333333337,1.0,1,5,1,1
smd,group23_evaluation,machine-2-5,treeshap_iforest,0,13,16524,16549,"[8, 14, 13, 32, 33, 11, 6, 29, 12, 0, 5, 23, 19, 9, 10, 25, 1, 15, 31, 20, 3, 22, 18, 24, 21, 2, 35, 34, 30, 27, 4, 7, 16, 17, 26, 28, 36, 37]",3,1.0,0.6,0.7499999999999999,1.0,1,5,3,3
smd,group23_evaluation,machine-2-5,treeshap_iforest,0,13,16524,16549,"[8, 14, 13, 32, 33, 11, 6, 29, 12, 0, 5, 23, 19, 9, 10, 25, 1, 15, 31, 20, 3, 22, 18, 24, 21, 2, 35, 34, 30, 27, 4, 7, 16, 17, 26, 28, 36, 37]",5,0.6,0.6,0.6,0.7227265726449519,1,5,5,3
smd,group23_evaluation,machine-2-5,treeshap_iforest,0,14,17960,18331,"[8, 14, 9, 13, 6, 11, 0, 29, 12, 23, 15, 10, 5, 33, 25, 1, 20, 35, 22, 21, 31, 24, 18, 34, 3, 27, 2, 32, 30, 19, 4, 7, 16, 17, 26, 28, 36, 37]",1,1.0,0.16666666666666666,0.2857142857142857,1.0,1,6,1,1
smd,group23_evaluation,machine-2-5,treeshap_iforest,0,14,17960,18331,"[8, 14, 9, 13, 6, 11, 0, 29, 12, 23, 15, 10, 5, 33, 25, 1, 20, 35, 22, 21, 31, 24, 18, 34, 3, 27, 2, 32, 30, 19, 4, 7, 16, 17, 26, 28, 36, 37]",3,0.6666666666666666,0.3333333333333333,0.4444444444444444,0.7653606369886217,1,6,3,2
smd,group23_evaluation,machine-2-5,treeshap_iforest,0,14,17960,18331,"[8, 14, 9, 13, 6, 11, 0, 29, 12, 23, 15, 10, 5, 33, 25, 1, 20, 35, 22, 21, 31, 24, 18, 34, 3, 27, 2, 32, 30, 19, 4, 7, 16, 17, 26, 28, 36, 37]",5,0.6,0.5,0.5454545454545454,0.6992148198508501,1,6,5,3
smd,group23_evaluation,machine-2-5,treeshap_iforest,0,15,18592,18701,"[15, 20, 10, 18, 21, 27, 19, 30, 1, 0, 2, 31, 22, 3, 34, 29, 24, 14, 35, 11, 8, 32, 5, 9, 33, 6, 25, 23, 13, 12, 4, 7, 16, 17, 26, 28, 36, 37]",1,1.0,0.1,0.18181818181818182,1.0,1,10,1,1
smd,group23_evaluation,machine-2-5,treeshap_iforest,0,15,18592,18701,"[15, 20, 10, 18, 21, 27, 19, 30, 1, 0, 2, 31, 22, 3, 34, 29, 24, 14, 35, 11, 8, 32, 5, 9, 33, 6, 25, 23, 13, 12, 4, 7, 16, 17, 26, 28, 36, 37]",3,1.0,0.3,0.4615384615384615,1.0,1,10,3,3
smd,group23_evaluation,machine-2-5,treeshap_iforest,0,15,18592,18701,"[15, 20, 10, 18, 21, 27, 19, 30, 1, 0, 2, 31, 22, 3, 34, 29, 24, 14, 35, 11, 8, 32, 5, 9, 33, 6, 25, 23, 13, 12, 4, 7, 16, 17, 26, 28, 36, 37]",5,1.0,0.5,0.6666666666666666,1.0,1,10,5,5
smd,group23_evaluation,machine-2-5,treeshap_iforest,0,16,18880,18951,"[3, 15, 20, 2, 10, 1, 18, 21, 27, 19, 5, 30, 24, 6, 22, 34, 35, 0, 31, 29, 33, 25, 32, 13, 23, 11, 9, 14, 8, 12, 4, 7, 16, 17, 26, 28, 36, 37]",1,1.0,0.045454545454545456,0.08695652173913045,1.0,1,22,1,1
smd,group23_evaluation,machine-2-5,treeshap_iforest,0,16,18880,18951,"[3, 15, 20, 2, 10, 1, 18, 21, 27, 19, 5, 30, 24, 6, 22, 34, 35, 0, 31, 29, 33, 25, 32, 13, 23, 11, 9, 14, 8, 12, 4, 7, 16, 17, 26, 28, 36, 37]",3,1.0,0.13636363636363635,0.24000000000000002,1.0,1,22,3,3
smd,group23_evaluation,machine-2-5,treeshap_iforest,0,16,18880,18951,"[3, 15, 20, 2, 10, 1, 18, 21, 27, 19, 5, 30, 24, 6, 22, 34, 35, 0, 31, 29, 33, 25, 32, 13, 23, 11, 9, 14, 8, 12, 4, 7, 16, 17, 26, 28, 36, 37]",5,1.0,0.22727272727272727,0.37037037037037035,1.0,1,22,5,5
smd,group23_evaluation,machine-2-5,treeshap_iforest,0,17,19405,19413,"[8, 14, 13, 12, 11, 29, 31, 6, 23, 10, 5, 20, 33, 15, 25, 35, 24, 9, 3, 34, 22, 0, 1, 18, 21, 2, 27, 32, 19, 30, 4, 7, 16, 17, 26, 28, 36, 37]",1,1.0,0.25,0.4,1.0,1,4,1,1
smd,group23_evaluation,machine-2-5,treeshap_iforest,0,17,19405,19413,"[8, 14, 13, 12, 11, 29, 31, 6, 23, 10, 5, 20, 33, 15, 25, 35, 24, 9, 3, 34, 22, 0, 1, 18, 21, 2, 27, 32, 19, 30, 4, 7, 16, 17, 26, 28, 36, 37]",3,1.0,0.75,0.8571428571428571,1.0,1,4,3,3
smd,group23_evaluation,machine-2-5,treeshap_iforest,0,17,19405,19413,"[8, 14, 13, 12, 11, 29, 31, 6, 23, 10, 5, 20, 33, 15, 25, 35, 24, 9, 3, 34, 22, 0, 1, 18, 21, 2, 27, 32, 19, 30, 4, 7, 16, 17, 26, 28, 36, 37]",5,0.8,1.0,0.888888888888889,1.0,1,4,5,4
smd,group23_evaluation,machine-2-5,treeshap_iforest,0,18,20846,20854,"[8, 14, 13, 12, 11, 33, 29, 10, 31, 0, 22, 35, 15, 9, 23, 20, 18, 25, 21, 2, 24, 1, 3, 5, 34, 27, 19, 6, 30, 32, 4, 7, 16, 17, 26, 28, 36, 37]",1,1.0,0.25,0.4,1.0,1,4,1,1
smd,group23_evaluation,machine-2-5,treeshap_iforest,0,18,20846,20854,"[8, 14, 13, 12, 11, 33, 29, 10, 31, 0, 22, 35, 15, 9, 23, 20, 18, 25, 21, 2, 24, 1, 3, 5, 34, 27, 19, 6, 30, 32, 4, 7, 16, 17, 26, 28, 36, 37]",3,1.0,0.75,0.8571428571428571,1.0,1,4,3,3
smd,group23_evaluation,machine-2-5,treeshap_iforest,0,18,20846,20854,"[8, 14, 13, 12, 11, 33, 29, 10, 31, 0, 22, 35, 15, 9, 23, 20, 18, 25, 21, 2, 24, 1, 3, 5, 34, 27, 19, 6, 30, 32, 4, 7, 16, 17, 26, 28, 36, 37]",5,0.8,1.0,0.888888888888889,1.0,1,4,5,4
smd,group23_evaluation,machine-2-5,treeshap_iforest,0,19,22283,22294,"[8, 14, 13, 11, 12, 33, 31, 29, 23, 0, 10, 22, 25, 15, 34, 18, 5, 6, 35, 9, 1, 20, 2, 3, 30, 21, 27, 19, 32, 24, 4, 7, 16, 17, 26, 28, 36, 37]",1,1.0,0.25,0.4,1.0,1,4,1,1
smd,group23_evaluation,machine-2-5,treeshap_iforest,0,19,22283,22294,"[8, 14, 13, 11, 12, 33, 31, 29, 23, 0, 10, 22, 25, 15, 34, 18, 5, 6, 35, 9, 1, 20, 2, 3, 30, 21, 27, 19, 32, 24, 4, 7, 16, 17, 26, 28, 36, 37]",3,1.0,0.75,0.8571428571428571,1.0,1,4,3,3
smd,group23_evaluation,machine-2-5,treeshap_iforest,0,19,22283,22294,"[8, 14, 13, 11, 12, 33, 31, 29, 23, 0, 10, 22, 25, 15, 34, 18, 5, 6, 35, 9, 1, 20, 2, 3, 30, 21, 27, 19, 32, 24, 4, 7, 16, 17, 26, 28, 36, 37]",5,0.8,1.0,0.888888888888889,0.9828920819566879,1,4,5,4
smd,group23_evaluation,machine-2-5,treeshap_iforest,0,20,23120,23141,"[2, 1, 3, 0, 29, 33, 22, 32, 24, 11, 9, 19, 13, 14, 8, 23, 10, 20, 21, 31, 15, 27, 30, 18, 34, 6, 25, 5, 35, 12, 4, 7, 16, 17, 26, 28, 36, 37]",1,0.0,0.0,0.0,0.0,0,3,1,0
smd,group23_evaluation,machine-2-5,treeshap_iforest,0,20,23120,23141,"[2, 1, 3, 0, 29, 33, 22, 32, 24, 11, 9, 19, 13, 14, 8, 23, 10, 20, 21, 31, 15, 27, 30, 18, 34, 6, 25, 5, 35, 12, 4, 7, 16, 17, 26, 28, 36, 37]",3,0.0,0.0,0.0,0.0,0,3,3,0
smd,group23_evaluation,machine-2-5,treeshap_iforest,0,20,23120,23141,"[2, 1, 3, 0, 29, 33, 22, 32, 24, 11, 9, 19, 13, 14, 8, 23, 10, 20, 21, 31, 15, 27, 30, 18, 34, 6, 25, 5, 35, 12, 4, 7, 16, 17, 26, 28, 36, 37]",5,0.2,0.3333333333333333,0.25,0.20210734650054757,1,3,5,1
smd,group23_evaluation,machine-2-5,treeshap_iforest,1,0,2585,2588,"[9, 8, 15, 27, 13, 18, 12, 31, 20, 29, 10, 11, 30, 21, 34, 0, 35, 1, 32, 14, 25, 5, 23, 2, 33, 24, 19, 22, 6, 3, 26, 4, 7, 16, 17, 28, 36, 37]",1,1.0,0.5,0.6666666666666666,1.0,1,2,1,1
smd,group23_evaluation,machine-2-5,treeshap_iforest,1,0,2585,2588,"[9, 8, 15, 27, 13, 18, 12, 31, 20, 29, 10, 11, 30, 21, 34, 0, 35, 1, 32, 14, 25, 5, 23, 2, 33, 24, 19, 22, 6, 3, 26, 4, 7, 16, 17, 28, 36, 37]",3,0.3333333333333333,0.5,0.4,0.6131471927654584,1,2,3,1
smd,group23_evaluation,machine-2-5,treeshap_iforest,1,0,2585,2588,"[9, 8, 15, 27, 13, 18, 12, 31, 20, 29, 10, 11, 30, 21, 34, 0, 35, 1, 32, 14, 25, 5, 23, 2, 33, 24, 19, 22, 6, 3, 26, 4, 7, 16, 17, 28, 36, 37]",5,0.2,0.5,0.28571428571428575,0.6131471927654584,1,2,5,1
smd,group23_evaluation,machine-2-5,treeshap_iforest,1,1,4978,4983,"[8, 14, 13, 9, 12, 11, 33, 5, 29, 20, 6, 23, 34, 25, 10, 0, 31, 27, 35, 15, 18, 3, 1, 22, 19, 21, 24, 32, 30, 2, 26, 4, 7, 16, 17, 28, 36, 37]",1,0.0,0.0,0.0,0.0,0,2,1,0
smd,group23_evaluation,machine-2-5,treeshap_iforest,1,1,4978,4983,"[8, 14, 13, 9, 12, 11, 33, 5, 29, 20, 6, 23, 34, 25, 10, 0, 31, 27, 35, 15, 18, 3, 1, 22, 19, 21, 24, 32, 30, 2, 26, 4, 7, 16, 17, 28, 36, 37]",3,0.3333333333333333,0.5,0.4,0.3065735963827292,1,2,3,1
smd,group23_evaluation,machine-2-5,treeshap_iforest,1,1,4978,4983,"[8, 14, 13, 9, 12, 11, 33, 5, 29, 20, 6, 23, 34, 25, 10, 0, 31, 27, 35, 15, 18, 3, 1, 22, 19, 21, 24, 32, 30, 2, 26, 4, 7, 16, 17, 28, 36, 37]",5,0.4,1.0,0.5714285714285715,0.5437713091520254,1,2,5,2
smd,group23_evaluation,machine-2-5,treeshap_iforest,1,2,5100,5391,"[9, 0, 8, 14, 11, 13, 33, 29, 6, 5, 20, 1, 10, 23, 12, 15, 22, 35, 34, 24, 31, 27, 2, 19, 3, 25, 21, 32, 18, 30, 26, 4, 7, 16, 17, 28, 36, 37]",1,0.0,0.0,0.0,0.0,0,6,1,0
smd,group23_evaluation,machine-2-5,treeshap_iforest,1,2,5100,5391,"[9, 0, 8, 14, 11, 13, 33, 29, 6, 5, 20, 1, 10, 23, 12, 15, 22, 35, 34, 24, 31, 27, 2, 19, 3, 25, 21, 32, 18, 30, 26, 4, 7, 16, 17, 28, 36, 37]",3,0.6666666666666666,0.3333333333333333,0.4444444444444444,0.5307212739772434,1,6,3,2
smd,group23_evaluation,machine-2-5,treeshap_iforest,1,2,5100,5391,"[9, 0, 8, 14, 11, 13, 33, 29, 6, 5, 20, 1, 10, 23, 12, 15, 22, 35, 34, 24, 31, 27, 2, 19, 3, 25, 21, 32, 18, 30, 26, 4, 7, 16, 17, 28, 36, 37]",5,0.8,0.6666666666666666,0.7272727272727272,0.6608397947263839,1,6,5,4
smd,group23_evaluation,machine-2-5,treeshap_iforest,1,3,6023,6026,"[32, 23, 25, 33, 29, 5, 14, 6, 13, 8, 11, 15, 10, 31, 27, 18, 0, 34, 35, 3, 9, 1, 19, 21, 22, 24, 30, 20, 2, 12, 26, 4, 7, 16, 17, 28, 36, 37]",1,1.0,0.5,0.6666666666666666,1.0,1,2,1,1
smd,group23_evaluation,machine-2-5,treeshap_iforest,1,3,6023,6026,"[32, 23, 25, 33, 29, 5, 14, 6, 13, 8, 11, 15, 10, 31, 27, 18, 0, 34, 35, 3, 9, 1, 19, 21, 22, 24, 30, 20, 2, 12, 26, 4, 7, 16, 17, 28, 36, 37]",3,0.3333333333333333,0.5,0.4,0.6131471927654584,1,2,3,1
smd,group23_evaluation,machine-2-5,treeshap_iforest,1,3,6023,6026,"[32, 23, 25, 33, 29, 5, 14, 6, 13, 8, 11, 15, 10, 31, 27, 18, 0, 34, 35, 3, 9, 1, 19, 21, 22, 24, 30, 20, 2, 12, 26, 4, 7, 16, 17, 28, 36, 37]",5,0.4,1.0,0.5714285714285715,0.8772153153380493,1,2,5,2
smd,group23_evaluation,machine-2-5,treeshap_iforest,1,4,6417,6420,"[8, 14, 13, 11, 33, 12, 29, 20, 9, 34, 23, 25, 10, 15, 6, 5, 19, 22, 18, 31, 21, 0, 24, 3, 35, 1, 32, 2, 27, 30, 26, 4, 7, 16, 17, 28, 36, 37]",1,1.0,0.25,0.4,1.0,1,4,1,1
smd,group23_evaluation,machine-2-5,treeshap_iforest,1,4,6417,6420,"[8, 14, 13, 11, 33, 12, 29, 20, 9, 34, 23, 25, 10, 15, 6, 5, 19, 22, 18, 31, 21, 0, 24, 3, 35, 1, 32, 2, 27, 30, 26, 4, 7, 16, 17, 28, 36, 37]",3,1.0,0.75,0.8571428571428571,1.0,1,4,3,3
smd,group23_evaluation,machine-2-5,treeshap_iforest,1,4,6417,6420,"[8, 14, 13, 11, 33, 12, 29, 20, 9, 34, 23, 25, 10, 15, 6, 5, 19, 22, 18, 31, 21, 0, 24, 3, 35, 1, 32, 2, 27, 30, 26, 4, 7, 16, 17, 28, 36, 37]",5,0.6,0.75,0.6666666666666665,0.8318724637288826,1,4,5,3
smd,group23_evaluation,machine-2-5,treeshap_iforest,1,5,7255,7258,"[9, 8, 13, 29, 12, 23, 33, 34, 32, 6, 11, 22, 25, 5, 0, 19, 14, 31, 27, 21, 18, 15, 30, 10, 1, 35, 20, 2, 24, 3, 26, 4, 7, 16, 17, 28, 36, 37]",1,1.0,0.5,0.6666666666666666,1.0,1,2,1,1
smd,group23_evaluation,machine-2-5,treeshap_iforest,1,5,7255,7258,"[9, 8, 13, 29, 12, 23, 33, 34, 32, 6, 11, 22, 25, 5, 0, 19, 14, 31, 27, 21, 18, 15, 30, 10, 1, 35, 20, 2, 24, 3, 26, 4, 7, 16, 17, 28, 36, 37]",3,0.3333333333333333,0.5,0.4,0.6131471927654584,1,2,3,1
smd,group23_evaluation,machine-2-5,treeshap_iforest,1,5,7255,7258,"[9, 8, 13, 29, 12, 23, 33, 34, 32, 6, 11, 22, 25, 5, 0, 19, 14, 31, 27, 21, 18, 15, 30, 10, 1, 35, 20, 2, 24, 3, 26, 4, 7, 16, 17, 28, 36, 37]",5,0.4,1.0,0.5714285714285715,0.8503449055347546,1,2,5,2
smd,group23_evaluation,machine-2-5,treeshap_iforest,1,6,7857,7860,"[8, 13, 14, 23, 29, 11, 33, 12, 25, 20, 15, 9, 5, 1, 34, 6, 0, 24, 31, 3, 2, 21, 35, 10, 32, 22, 27, 18, 30, 19, 26, 4, 7, 16, 17, 28, 36, 37]",1,0.0,0.0,0.0,0.0,0,2,1,0
smd,group23_evaluation,machine-2-5,treeshap_iforest,1,6,7857,7860,"[8, 13, 14, 23, 29, 11, 33, 12, 25, 20, 15, 9, 5, 1, 34, 6, 0, 24, 31, 3, 2, 21, 35, 10, 32, 22, 27, 18, 30, 19, 26, 4, 7, 16, 17, 28, 36, 37]",3,0.3333333333333333,0.5,0.4,0.38685280723454163,1,2,3,1
smd,group23_evaluation,machine-2-5,treeshap_iforest,1,6,7857,7860,"[8, 13, 14, 23, 29, 11, 33, 12, 25, 20, 15, 9, 5, 1, 34, 6, 0, 24, 31, 3, 2, 21, 35, 10, 32, 22, 27, 18, 30, 19, 26, 4, 7, 16, 17, 28, 36, 37]",5,0.2,0.5,0.28571428571428575,0.38685280723454163,1,2,5,1
smd,group23_evaluation,machine-2-5,treeshap_iforest,1,7,9297,9300,"[8, 13, 14, 33, 29, 12, 11, 20, 23, 31, 35, 1, 9, 27, 34, 10, 15, 19, 25, 0, 18, 6, 22, 2, 21, 24, 3, 5, 30, 32, 26, 4, 7, 16, 17, 28, 36, 37]",1,0.0,0.0,0.0,0.0,0,2,1,0
smd,group23_evaluation,machine-2-5,treeshap_iforest,1,7,9297,9300,"[8, 13, 14, 33, 29, 12, 11, 20, 23, 31, 35, 1, 9, 27, 34, 10, 15, 19, 25, 0, 18, 6, 22, 2, 21, 24, 3, 5, 30, 32, 26, 4, 7, 16, 17, 28, 36, 37]",3,0.3333333333333333,0.5,0.4,0.38685280723454163,1,2,3,1
smd,group23_evaluation,machine-2-5,treeshap_iforest,1,7,9297,9300,"[8, 13, 14, 33, 29, 12, 11, 20, 23, 31, 35, 1, 9, 27, 34, 10, 15, 19, 25, 0, 18, 6, 22, 2, 21, 24, 3, 5, 30, 32, 26, 4, 7, 16, 17, 28, 36, 37]",5,0.2,0.5,0.28571428571428575,0.38685280723454163,1,2,5,1
smd,group23_evaluation,machine-2-5,treeshap_iforest,1,8,10737,10740,"[8, 14, 13, 11, 29, 31, 12, 32, 23, 5, 6, 35, 9, 24, 25, 15, 22, 19, 33, 27, 10, 0, 18, 1, 3, 2, 34, 21, 20, 30, 26, 4, 7, 16, 17, 28, 36, 37]",1,1.0,0.25,0.4,1.0,1,4,1,1
smd,group23_evaluation,machine-2-5,treeshap_iforest,1,8,10737,10740,"[8, 14, 13, 11, 29, 31, 12, 32, 23, 5, 6, 35, 9, 24, 25, 15, 22, 19, 33, 27, 10, 0, 18, 1, 3, 2, 34, 21, 20, 30, 26, 4, 7, 16, 17, 28, 36, 37]",3,1.0,0.75,0.8571428571428571,1.0,1,4,3,3
smd,group23_evaluation,machine-2-5,treeshap_iforest,1,8,10737,10740,"[8, 14, 13, 11, 29, 31, 12, 32, 23, 5, 6, 35, 9, 24, 25, 15, 22, 19, 33, 27, 10, 0, 18, 1, 3, 2, 34, 21, 20, 30, 26, 4, 7, 16, 17, 28, 36, 37]",5,0.6,0.75,0.6666666666666665,0.8318724637288826,1,4,5,3
smd,group23_evaluation,machine-2-5,treeshap_iforest,1,9,12094,12120,"[2, 3, 1, 0, 29, 6, 11, 9, 14, 5, 25, 23, 13, 15, 27, 33, 20, 10, 31, 32, 8, 22, 34, 18, 19, 30, 24, 21, 35, 12, 26, 4, 7, 16, 17, 28, 36, 37]",1,1.0,0.16666666666666666,0.2857142857142857,1.0,1,6,1,1
smd,group23_evaluation,machine-2-5,treeshap_iforest,1,9,12094,12120,"[2, 3, 1, 0, 29, 6, 11, 9, 14, 5, 25, 23, 13, 15, 27, 33, 20, 10, 31, 32, 8, 22, 34, 18, 19, 30, 24, 21, 35, 12, 26, 4, 7, 16, 17, 28, 36, 37]",3,1.0,0.5,0.6666666666666666,1.0,1,6,3,3
smd,group23_evaluation,machine-2-5,treeshap_iforest,1,9,12094,12120,"[2, 3, 1, 0, 29, 6, 11, 9, 14, 5, 25, 23, 13, 15, 27, 33, 20, 10, 31, 32, 8, 22, 34, 18, 19, 30, 24, 21, 35, 12, 26, 4, 7, 16, 17, 28, 36, 37]",5,0.8,0.6666666666666666,0.7272727272727272,0.8687949224876582,1,6,5,4
smd,group23_evaluation,machine-2-5,treeshap_iforest,1,10,12176,12183,"[32, 13, 14, 29, 8, 11, 6, 19, 5, 12, 33, 9, 20, 31, 25, 27, 23, 18, 15, 22, 10, 2, 3, 34, 35, 24, 1, 0, 21, 30, 26, 4, 7, 16, 17, 28, 36, 37]",1,0.0,0.0,0.0,0.0,0,3,1,0
smd,group23_evaluation,machine-2-5,treeshap_iforest,1,10,12176,12183,"[32, 13, 14, 29, 8, 11, 6, 19, 5, 12, 33, 9, 20, 31, 25, 27, 23, 18, 15, 22, 10, 2, 3, 34, 35, 24, 1, 0, 21, 30, 26, 4, 7, 16, 17, 28, 36, 37]",3,0.3333333333333333,0.3333333333333333,0.3333333333333333,0.2960819109658652,1,3,3,1
smd,group23_evaluation,machine-2-5,treeshap_iforest,1,10,12176,12183,"[32, 13, 14, 29, 8, 11, 6, 19, 5, 12, 33, 9, 20, 31, 25, 27, 23, 18, 15, 22, 10, 2, 3, 34, 35, 24, 1, 0, 21, 30, 26, 4, 7, 16, 17, 28, 36, 37]",5,0.4,0.6666666666666666,0.5,0.4776237035032179,1,3,5,2
smd,group23_evaluation,machine-2-5,treeshap_iforest,1,11,13616,13619,"[14, 8, 13, 11, 29, 12, 31, 35, 5, 20, 23, 33, 27, 9, 6, 24, 0, 10, 25, 15, 18, 1, 21, 22, 34, 19, 2, 32, 3, 30, 26, 4, 7, 16, 17, 28, 36, 37]",1,1.0,0.25,0.4,1.0,1,4,1,1
smd,group23_evaluation,machine-2-5,treeshap_iforest,1,11,13616,13619,"[14, 8, 13, 11, 29, 12, 31, 35, 5, 20, 23, 33, 27, 9, 6, 24, 0, 10, 25, 15, 18, 1, 21, 22, 34, 19, 2, 32, 3, 30, 26, 4, 7, 16, 17, 28, 36, 37]",3,1.0,0.75,0.8571428571428571,1.0,1,4,3,3
smd,group23_evaluation,machine-2-5,treeshap_iforest,1,11,13616,13619,"[14, 8, 13, 11, 29, 12, 31, 35, 5, 20, 23, 33, 27, 9, 6, 24, 0, 10, 25, 15, 18, 1, 21, 22, 34, 19, 2, 32, 3, 30, 26, 4, 7, 16, 17, 28, 36, 37]",5,0.6,0.75,0.6666666666666665,0.8318724637288826,1,4,5,3
smd,group23_evaluation,machine-2-5,treeshap_iforest,1,12,15056,15059,"[14, 8, 13, 11, 29, 33, 12, 6, 5, 9, 20, 27, 23, 0, 1, 10, 35, 22, 34, 30, 24, 31, 3, 15, 25, 21, 32, 19, 18, 2, 26, 4, 7, 16, 17, 28, 36, 37]",1,1.0,0.25,0.4,1.0,1,4,1,1
smd,group23_evaluation,machine-2-5,treeshap_iforest,1,12,15056,15059,"[14, 8, 13, 11, 29, 33, 12, 6, 5, 9, 20, 27, 23, 0, 1, 10, 35, 22, 34, 30, 24, 31, 3, 15, 25, 21, 32, 19, 18, 2, 26, 4, 7, 16, 17, 28, 36, 37]",3,1.0,0.75,0.8571428571428571,1.0,1,4,3,3
smd,group23_evaluation,machine-2-5,treeshap_iforest,1,12,15056,15059,"[14, 8, 13, 11, 29, 33, 12, 6, 5, 9, 20, 27, 23, 0, 1, 10, 35, 22, 34, 30, 24, 31, 3, 15, 25, 21, 32, 19, 18, 2, 26, 4, 7, 16, 17, 28, 36, 37]",5,0.6,0.75,0.6666666666666665,0.8318724637288826,1,4,5,3
smd,group23_evaluation,machine-2-5,treeshap_iforest,1,13,16524,16549,"[8, 14, 13, 32, 29, 11, 33, 0, 12, 6, 5, 9, 23, 20, 1, 31, 35, 19, 15, 25, 10, 34, 27, 2, 24, 18, 22, 30, 21, 3, 26, 4, 7, 16, 17, 28, 36, 37]",1,1.0,0.2,0.33333333333333337,1.0,1,5,1,1
smd,group23_evaluation,machine-2-5,treeshap_iforest,1,13,16524,16549,"[8, 14, 13, 32, 29, 11, 33, 0, 12, 6, 5, 9, 23, 20, 1, 31, 35, 19, 15, 25, 10, 34, 27, 2, 24, 18, 22, 30, 21, 3, 26, 4, 7, 16, 17, 28, 36, 37]",3,1.0,0.6,0.7499999999999999,1.0,1,5,3,3
smd,group23_evaluation,machine-2-5,treeshap_iforest,1,13,16524,16549,"[8, 14, 13, 32, 29, 11, 33, 0, 12, 6, 5, 9, 23, 20, 1, 31, 35, 19, 15, 25, 10, 34, 27, 2, 24, 18, 22, 30, 21, 3, 26, 4, 7, 16, 17, 28, 36, 37]",5,0.6,0.6,0.6,0.7227265726449519,1,5,5,3
smd,group23_evaluation,machine-2-5,treeshap_iforest,1,14,17960,18331,"[14, 8, 13, 0, 9, 11, 29, 6, 5, 20, 12, 33, 10, 23, 15, 35, 1, 34, 27, 31, 19, 22, 32, 18, 24, 25, 3, 2, 21, 30, 26, 4, 7, 16, 17, 28, 36, 37]",1,1.0,0.16666666666666666,0.2857142857142857,1.0,1,6,1,1
smd,group23_evaluation,machine-2-5,treeshap_iforest,1,14,17960,18331,"[14, 8, 13, 0, 9, 11, 29, 6, 5, 20, 12, 33, 10, 23, 15, 35, 1, 34, 27, 31, 19, 22, 32, 18, 24, 25, 3, 2, 21, 30, 26, 4, 7, 16, 17, 28, 36, 37]",3,1.0,0.5,0.6666666666666666,1.0,1,6,3,3
smd,group23_evaluation,machine-2-5,treeshap_iforest,1,14,17960,18331,"[14, 8, 13, 0, 9, 11, 29, 6, 5, 20, 12, 33, 10, 23, 15, 35, 1, 34, 27, 31, 19, 22, 32, 18, 24, 25, 3, 2, 21, 30, 26, 4, 7, 16, 17, 28, 36, 37]",5,0.8,0.6666666666666666,0.7272727272727272,0.8687949224876582,1,6,5,4
smd,group23_evaluation,machine-2-5,treeshap_iforest,1,15,18592,18701,"[15, 18, 27, 10, 30, 20, 21, 0, 19, 2, 1, 31, 24, 22, 34, 35, 3, 14, 29, 8, 11, 23, 9, 32, 6, 33, 25, 5, 13, 12, 26, 4, 7, 16, 17, 28, 36, 37]",1,1.0,0.1,0.18181818181818182,1.0,1,10,1,1
smd,group23_evaluation,machine-2-5,treeshap_iforest,1,15,18592,18701,"[15, 18, 27, 10, 30, 20, 21, 0, 19, 2, 1, 31, 24, 22, 34, 35, 3, 14, 29, 8, 11, 23, 9, 32, 6, 33, 25, 5, 13, 12, 26, 4, 7, 16, 17, 28, 36, 37]",3,1.0,0.3,0.4615384615384615,1.0,1,10,3,3
smd,group23_evaluation,machine-2-5,treeshap_iforest,1,15,18592,18701,"[15, 18, 27, 10, 30, 20, 21, 0, 19, 2, 1, 31, 24, 22, 34, 35, 3, 14, 29, 8, 11, 23, 9, 32, 6, 33, 25, 5, 13, 12, 26, 4, 7, 16, 17, 28, 36, 37]",5,1.0,0.5,0.6666666666666666,1.0,1,10,5,5
smd,group23_evaluation,machine-2-5,treeshap_iforest,1,16,18880,18951,"[18, 3, 2, 15, 27, 20, 30, 0, 10, 24, 21, 34, 1, 22, 35, 19, 6, 31, 5, 29, 23, 25, 33, 14, 32, 13, 11, 9, 8, 12, 26, 4, 7, 16, 17, 28, 36, 37]",1,1.0,0.045454545454545456,0.08695652173913045,1.0,1,22,1,1
smd,group23_evaluation,machine-2-5,treeshap_iforest,1,16,18880,18951,"[18, 3, 2, 15, 27, 20, 30, 0, 10, 24, 21, 34, 1, 22, 35, 19, 6, 31, 5, 29, 23, 25, 33, 14, 32, 13, 11, 9, 8, 12, 26, 4, 7, 16, 17, 28, 36, 37]",3,1.0,0.13636363636363635,0.24000000000000002,1.0,1,22,3,3
smd,group23_evaluation,machine-2-5,treeshap_iforest,1,16,18880,18951,"[18, 3, 2, 15, 27, 20, 30, 0, 10, 24, 21, 34, 1, 22, 35, 19, 6, 31, 5, 29, 23, 25, 33, 14, 32, 13, 11, 9, 8, 12, 26, 4, 7, 16, 17, 28, 36, 37]",5,1.0,0.22727272727272727,0.37037037037037035,1.0,1,22,5,5
smd,group23_evaluation,machine-2-5,treeshap_iforest,1,17,19405,19413,"[8, 14, 13, 12, 11, 29, 31, 23, 9, 20, 33, 35, 5, 0, 10, 27, 6, 34, 15, 1, 25, 2, 18, 19, 22, 32, 21, 24, 3, 30, 26, 4, 7, 16, 17, 28, 36, 37]",1,1.0,0.25,0.4,1.0,1,4,1,1
smd,group23_evaluation,machine-2-5,treeshap_iforest,1,17,19405,19413,"[8, 14, 13, 12, 11, 29, 31, 23, 9, 20, 33, 35, 5, 0, 10, 27, 6, 34, 15, 1, 25, 2, 18, 19, 22, 32, 21, 24, 3, 30, 26, 4, 7, 16, 17, 28, 36, 37]",3,1.0,0.75,0.8571428571428571,1.0,1,4,3,3
smd,group23_evaluation,machine-2-5,treeshap_iforest,1,17,19405,19413,"[8, 14, 13, 12, 11, 29, 31, 23, 9, 20, 33, 35, 5, 0, 10, 27, 6, 34, 15, 1, 25, 2, 18, 19, 22, 32, 21, 24, 3, 30, 26, 4, 7, 16, 17, 28, 36, 37]",5,0.8,1.0,0.888888888888889,1.0,1,4,5,4
smd,group23_evaluation,machine-2-5,treeshap_iforest,1,18,20846,20854,"[8, 14, 13, 11, 12, 29, 33, 0, 5, 20, 31, 9, 34, 10, 15, 1, 27, 6, 35, 24, 19, 3, 32, 25, 2, 18, 21, 23, 22, 30, 26, 4, 7, 16, 17, 28, 36, 37]",1,1.0,0.25,0.4,1.0,1,4,1,1
smd,group23_evaluation,machine-2-5,treeshap_iforest,1,18,20846,20854,"[8, 14, 13, 11, 12, 29, 33, 0, 5, 20, 31, 9, 34, 10, 15, 1, 27, 6, 35, 24, 19, 3, 32, 25, 2, 18, 21, 23, 22, 30, 26, 4, 7, 16, 17, 28, 36, 37]",3,1.0,0.75,0.8571428571428571,1.0,1,4,3,3
smd,group23_evaluation,machine-2-5,treeshap_iforest,1,18,20846,20854,"[8, 14, 13, 11, 12, 29, 33, 0, 5, 20, 31, 9, 34, 10, 15, 1, 27, 6, 35, 24, 19, 3, 32, 25, 2, 18, 21, 23, 22, 30, 26, 4, 7, 16, 17, 28, 36, 37]",5,0.8,1.0,0.888888888888889,0.9828920819566879,1,4,5,4
smd,group23_evaluation,machine-2-5,treeshap_iforest,1,19,22283,22294,"[8, 13, 14, 11, 12, 29, 33, 31, 35, 0, 20, 9, 24, 23, 10, 15, 1, 27, 34, 3, 32, 5, 30, 19, 6, 25, 21, 18, 2, 22, 26, 4, 7, 16, 17, 28, 36, 37]",1,1.0,0.25,0.4,1.0,1,4,1,1
smd,group23_evaluation,machine-2-5,treeshap_iforest,1,19,22283,22294,"[8, 13, 14, 11, 12, 29, 33, 31, 35, 0, 20, 9, 24, 23, 10, 15, 1, 27, 34, 3, 32, 5, 30, 19, 6, 25, 21, 18, 2, 22, 26, 4, 7, 16, 17, 28, 36, 37]",3,1.0,0.75,0.8571428571428571,1.0,1,4,3,3
smd,group23_evaluation,machine-2-5,treeshap_iforest,1,19,22283,22294,"[8, 13, 14, 11, 12, 29, 33, 31, 35, 0, 20, 9, 24, 23, 10, 15, 1, 27, 34, 3, 32, 5, 30, 19, 6, 25, 21, 18, 2, 22, 26, 4, 7, 16, 17, 28, 36, 37]",5,0.8,1.0,0.888888888888889,0.9828920819566879,1,4,5,4
smd,group23_evaluation,machine-2-5,treeshap_iforest,1,20,23120,23141,"[2, 0, 3, 1, 33, 29, 24, 9, 32, 14, 11, 13, 22, 27, 30, 31, 6, 5, 15, 21, 19, 10, 35, 25, 8, 20, 18, 34, 23, 12, 26, 4, 7, 16, 17, 28, 36, 37]",1,0.0,0.0,0.0,0.0,0,3,1,0
smd,group23_evaluation,machine-2-5,treeshap_iforest,1,20,23120,23141,"[2, 0, 3, 1, 33, 29, 24, 9, 32, 14, 11, 13, 22, 27, 30, 31, 6, 5, 15, 21, 19, 10, 35, 25, 8, 20, 18, 34, 23, 12, 26, 4, 7, 16, 17, 28, 36, 37]",3,0.3333333333333333,0.3333333333333333,0.3333333333333333,0.2960819109658652,1,3,3,1
smd,group23_evaluation,machine-2-5,treeshap_iforest,1,20,23120,23141,"[2, 0, 3, 1, 33, 29, 24, 9, 32, 14, 11, 13, 22, 27, 30, 31, 6, 5, 15, 21, 19, 10, 35, 25, 8, 20, 18, 34, 23, 12, 26, 4, 7, 16, 17, 28, 36, 37]",5,0.2,0.3333333333333333,0.25,0.2960819109658652,1,3,5,1
smd,group23_evaluation,machine-2-5,treeshap_iforest,2,0,2585,2588,"[9, 12, 29, 8, 15, 18, 11, 27, 21, 10, 13, 35, 20, 30, 34, 31, 1, 0, 32, 19, 25, 5, 14, 23, 33, 24, 22, 2, 6, 3, 26, 4, 7, 16, 17, 28, 36, 37]",1,1.0,0.5,0.6666666666666666,1.0,1,2,1,1
smd,group23_evaluation,machine-2-5,treeshap_iforest,2,0,2585,2588,"[9, 12, 29, 8, 15, 18, 11, 27, 21, 10, 13, 35, 20, 30, 34, 31, 1, 0, 32, 19, 25, 5, 14, 23, 33, 24, 22, 2, 6, 3, 26, 4, 7, 16, 17, 28, 36, 37]",3,0.6666666666666666,1.0,0.8,1.0,1,2,3,2
smd,group23_evaluation,machine-2-5,treeshap_iforest,2,0,2585,2588,"[9, 12, 29, 8, 15, 18, 11, 27, 21, 10, 13, 35, 20, 30, 34, 31, 1, 0, 32, 19, 25, 5, 14, 23, 33, 24, 22, 2, 6, 3, 26, 4, 7, 16, 17, 28, 36, 37]",5,0.4,1.0,0.5714285714285715,1.0,1,2,5,2
smd,group23_evaluation,machine-2-5,treeshap_iforest,2,1,4978,4983,"[14, 8, 13, 12, 9, 33, 11, 6, 29, 23, 5, 25, 15, 10, 1, 27, 19, 0, 22, 30, 18, 2, 31, 21, 20, 34, 35, 3, 24, 32, 26, 4, 7, 16, 17, 28, 36, 37]",1,0.0,0.0,0.0,0.0,0,2,1,0
smd,group23_evaluation,machine-2-5,treeshap_iforest,2,1,4978,4983,"[14, 8, 13, 12, 9, 33, 11, 6, 29, 23, 5, 25, 15, 10, 1, 27, 19, 0, 22, 30, 18, 2, 31, 21, 20, 34, 35, 3, 24, 32, 26, 4, 7, 16, 17, 28, 36, 37]",3,0.3333333333333333,0.5,0.4,0.3065735963827292,1,2,3,1
smd,group23_evaluation,machine-2-5,treeshap_iforest,2,1,4978,4983,"[14, 8, 13, 12, 9, 33, 11, 6, 29, 23, 5, 25, 15, 10, 1, 27, 19, 0, 22, 30, 18, 2, 31, 21, 20, 34, 35, 3, 24, 32, 26, 4, 7, 16, 17, 28, 36, 37]",5,0.4,1.0,0.5714285714285715,0.5706417189553201,1,2,5,2
smd,group23_evaluation,machine-2-5,treeshap_iforest,2,2,5100,5391,"[9, 14, 8, 0, 33, 6, 29, 13, 11, 24, 1, 5, 15, 12, 10, 22, 27, 23, 31, 19, 25, 18, 2, 20, 35, 3, 34, 30, 21, 32, 26, 4, 7, 16, 17, 28, 36, 37]",1,0.0,0.0,0.0,0.0,0,6,1,0
smd,group23_evaluation,machine-2-5,treeshap_iforest,2,2,5100,5391,"[9, 14, 8, 0, 33, 6, 29, 13, 11, 24, 1, 5, 15, 12, 10, 22, 27, 23, 31, 19, 25, 18, 2, 20, 35, 3, 34, 30, 21, 32, 26, 4, 7, 16, 17, 28, 36, 37]",3,0.6666666666666666,0.3333333333333333,0.4444444444444444,0.5307212739772434,1,6,3,2
smd,group23_evaluation,machine-2-5,treeshap_iforest,2,2,5100,5391,"[9, 14, 8, 0, 33, 6, 29, 13, 11, 24, 1, 5, 15, 12, 10, 22, 27, 23, 31, 19, 25, 18, 2, 20, 35, 3, 34, 30, 21, 32, 26, 4, 7, 16, 17, 28, 36, 37]",5,0.6,0.5,0.5454545454545454,0.5296347172140421,1,6,5,3
smd,group23_evaluation,machine-2-5,treeshap_iforest,2,3,6023,6026,"[32, 33, 25, 23, 29, 3, 13, 5, 8, 14, 1, 6, 15, 20, 10, 27, 18, 11, 24, 0, 31, 9, 34, 19, 2, 22, 35, 30, 21, 12, 26, 4, 7, 16, 17, 28, 36, 37]",1,1.0,0.5,0.6666666666666666,1.0,1,2,1,1
smd,group23_evaluation,machine-2-5,treeshap_iforest,2,3,6023,6026,"[32, 33, 25, 23, 29, 3, 13, 5, 8, 14, 1, 6, 15, 20, 10, 27, 18, 11, 24, 0, 31, 9, 34, 19, 2, 22, 35, 30, 21, 12, 26, 4, 7, 16, 17, 28, 36, 37]",3,0.6666666666666666,1.0,0.8,1.0,1,2,3,2
smd,group23_evaluation,machine-2-5,treeshap_iforest,2,3,6023,6026,"[32, 33, 25, 23, 29, 3, 13, 5, 8, 14, 1, 6, 15, 20, 10, 27, 18, 11, 24, 0, 31, 9, 34, 19, 2, 22, 35, 30, 21, 12, 26, 4, 7, 16, 17, 28, 36, 37]",5,0.4,1.0,0.5714285714285715,1.0,1,2,5,2
smd,group23_evaluation,machine-2-5,treeshap_iforest,2,4,6417,6420,"[14, 13, 8, 33, 12, 29, 11, 10, 15, 23, 25, 19, 27, 18, 5, 1, 22, 9, 20, 0, 30, 31, 21, 34, 24, 2, 35, 6, 3, 32, 26, 4, 7, 16, 17, 28, 36, 37]",1,1.0,0.25,0.4,1.0,1,4,1,1
smd,group23_evaluation,machine-2-5,treeshap_iforest,2,4,6417,6420,"[14, 13, 8, 33, 12, 29, 11, 10, 15, 23, 25, 19, 27, 18, 5, 1, 22, 9, 20, 0, 30, 31, 21, 34, 24, 2, 35, 6, 3, 32, 26, 4, 7, 16, 17, 28, 36, 37]",3,1.0,0.75,0.8571428571428571,1.0,1,4,3,3
smd,group23_evaluation,machine-2-5,treeshap_iforest,2,4,6417,6420,"[14, 13, 8, 33, 12, 29, 11, 10, 15, 23, 25, 19, 27, 18, 5, 1, 22, 9, 20, 0, 30, 31, 21, 34, 24, 2, 35, 6, 3, 32, 26, 4, 7, 16, 17, 28, 36, 37]",5,0.8,1.0,0.888888888888889,0.9828920819566879,1,4,5,4
smd,group23_evaluation,machine-2-5,treeshap_iforest,2,5,7255,7258,"[9, 8, 13, 12, 19, 33, 29, 5, 25, 11, 32, 27, 15, 14, 0, 21, 1, 31, 24, 2, 34, 10, 35, 30, 3, 23, 6, 22, 20, 18, 26, 4, 7, 16, 17, 28, 36, 37]",1,1.0,0.5,0.6666666666666666,1.0,1,2,1,1
smd,group23_evaluation,machine-2-5,treeshap_iforest,2,5,7255,7258,"[9, 8, 13, 12, 19, 33, 29, 5, 25, 11, 32, 27, 15, 14, 0, 21, 1, 31, 24, 2, 34, 10, 35, 30, 3, 23, 6, 22, 20, 18, 26, 4, 7, 16, 17, 28, 36, 37]",3,0.3333333333333333,0.5,0.4,0.6131471927654584,1,2,3,1
smd,group23_evaluation,machine-2-5,treeshap_iforest,2,5,7255,7258,"[9, 8, 13, 12, 19, 33, 29, 5, 25, 11, 32, 27, 15, 14, 0, 21, 1, 31, 24, 2, 34, 10, 35, 30, 3, 23, 6, 22, 20, 18, 26, 4, 7, 16, 17, 28, 36, 37]",5,0.4,1.0,0.5714285714285715,0.8772153153380493,1,2,5,2
smd,group23_evaluation,machine-2-5,treeshap_iforest,2,6,7857,7860,"[14, 8, 13, 12, 33, 25, 29, 11, 15, 10, 23, 1, 19, 9, 5, 30, 6, 2, 27, 32, 22, 0, 18, 34, 31, 20, 35, 24, 3, 21, 26, 4, 7, 16, 17, 28, 36, 37]",1,0.0,0.0,0.0,0.0,0,2,1,0
smd,group23_evaluation,machine-2-5,treeshap_iforest,2,6,7857,7860,"[14, 8, 13, 12, 33, 25, 29, 11, 15, 10, 23, 1, 19, 9, 5, 30, 6, 2, 27, 32, 22, 0, 18, 34, 31, 20, 35, 24, 3, 21, 26, 4, 7, 16, 17, 28, 36, 37]",3,0.3333333333333333,0.5,0.4,0.3065735963827292,1,2,3,1
smd,group23_evaluation,machine-2-5,treeshap_iforest,2,6,7857,7860,"[14, 8, 13, 12, 33, 25, 29, 11, 15, 10, 23, 1, 19, 9, 5, 30, 6, 2, 27, 32, 22, 0, 18, 34, 31, 20, 35, 24, 3, 21, 26, 4, 7, 16, 17, 28, 36, 37]",5,0.4,1.0,0.5714285714285715,0.5706417189553201,1,2,5,2
smd,group23_evaluation,machine-2-5,treeshap_iforest,2,7,9297,9300,"[8, 13, 14, 33, 12, 29, 1, 25, 11, 23, 19, 31, 15, 6, 9, 21, 10, 30, 18, 27, 0, 2, 3, 35, 20, 34, 22, 32, 5, 24, 26, 4, 7, 16, 17, 28, 36, 37]",1,0.0,0.0,0.0,0.0,0,2,1,0
smd,group23_evaluation,machine-2-5,treeshap_iforest,2,7,9297,9300,"[8, 13, 14, 33, 12, 29, 1, 25, 11, 23, 19, 31, 15, 6, 9, 21, 10, 30, 18, 27, 0, 2, 3, 35, 20, 34, 22, 32, 5, 24, 26, 4, 7, 16, 17, 28, 36, 37]",3,0.3333333333333333,0.5,0.4,0.38685280723454163,1,2,3,1
smd,group23_evaluation,machine-2-5,treeshap_iforest,2,7,9297,9300,"[8, 13, 14, 33, 12, 29, 1, 25, 11, 23, 19, 31, 15, 6, 9, 21, 10, 30, 18, 27, 0, 2, 3, 35, 20, 34, 22, 32, 5, 24, 26, 4, 7, 16, 17, 28, 36, 37]",5,0.4,1.0,0.5714285714285715,0.6240505200038379,1,2,5,2
smd,group23_evaluation,machine-2-5,treeshap_iforest,2,8,10737,10740,"[8, 13, 14, 12, 32, 11, 29, 31, 5, 6, 25, 22, 33, 15, 10, 27, 23, 9, 35, 21, 2, 3, 0, 1, 34, 18, 19, 20, 30, 24, 26, 4, 7, 16, 17, 28, 36, 37]",1,1.0,0.25,0.4,1.0,1,4,1,1
smd,group23_evaluation,machine-2-5,treeshap_iforest,2,8,10737,10740,"[8, 13, 14, 12, 32, 11, 29, 31, 5, 6, 25, 22, 33, 15, 10, 27, 23, 9, 35, 21, 2, 3, 0, 1, 34, 18, 19, 20, 30, 24, 26, 4, 7, 16, 17, 28, 36, 37]",3,1.0,0.75,0.8571428571428571,1.0,1,4,3,3
smd,group23_evaluation,machine-2-5,treeshap_iforest,2,8,10737,10740,"[8, 13, 14, 12, 32, 11, 29, 31, 5, 6, 25, 22, 33, 15, 10, 27, 23, 9, 35, 21, 2, 3, 0, 1, 34, 18, 19, 20, 30, 24, 26, 4, 7, 16, 17, 28, 36, 37]",5,0.8,1.0,0.888888888888889,1.0,1,4,5,4
smd,group23_evaluation,machine-2-5,treeshap_iforest,2,9,12094,12120,"[3, 2, 1, 0, 29, 6, 23, 27, 25, 13, 15, 10, 11, 33, 19, 9, 18, 8, 14, 5, 22, 34, 31, 32, 20, 24, 21, 30, 35, 12, 26, 4, 7, 16, 17, 28, 36, 37]",1,1.0,0.16666666666666666,0.2857142857142857,1.0,1,6,1,1
smd,group23_evaluation,machine-2-5,treeshap_iforest,2,9,12094,12120,"[3, 2, 1, 0, 29, 6, 23, 27, 25, 13, 15, 10, 11, 33, 19, 9, 18, 8, 14, 5, 22, 34, 31, 32, 20, 24, 21, 30, 35, 12, 26, 4, 7, 16, 17, 28, 36, 37]",3,1.0,0.5,0.6666666666666666,1.0,1,6,3,3
smd,group23_evaluation,machine-2-5,treeshap_iforest,2,9,12094,12120,"[3, 2, 1, 0, 29, 6, 23, 27, 25, 13, 15, 10, 11, 33, 19, 9, 18, 8, 14, 5, 22, 34, 31, 32, 20, 24, 21, 30, 35, 12, 26, 4, 7, 16, 17, 28, 36, 37]",5,0.8,0.6666666666666666,0.7272727272727272,0.8687949224876582,1,6,5,4
smd,group23_evaluation,machine-2-5,treeshap_iforest,2,10,12176,12183,"[32, 6, 8, 13, 14, 29, 19, 12, 25, 11, 33, 5, 15, 27, 10, 23, 9, 2, 31, 1, 35, 22, 18, 0, 3, 34, 20, 30, 21, 24, 26, 4, 7, 16, 17, 28, 36, 37]",1,0.0,0.0,0.0,0.0,0,3,1,0
smd,group23_evaluation,machine-2-5,treeshap_iforest,2,10,12176,12183,"[32, 6, 8, 13, 14, 29, 19, 12, 25, 11, 33, 5, 15, 27, 10, 23, 9, 2, 31, 1, 35, 22, 18, 0, 3, 34, 20, 30, 21, 24, 26, 4, 7, 16, 17, 28, 36, 37]",3,0.3333333333333333,0.3333333333333333,0.3333333333333333,0.23463936301137822,1,3,3,1
smd,group23_evaluation,machine-2-5,treeshap_iforest,2,10,12176,12183,"[32, 6, 8, 13, 14, 29, 19, 12, 25, 11, 33, 5, 15, 27, 10, 23, 9, 2, 31, 1, 35, 22, 18, 0, 3, 34, 20, 30, 21, 24, 26, 4, 7, 16, 17, 28, 36, 37]",5,0.4,0.6666666666666666,0.5,0.4367467095119258,1,3,5,2
smd,group23_evaluation,machine-2-5,treeshap_iforest,2,11,13616,13619,"[8, 14, 13, 12, 11, 31, 29, 6, 23, 25, 33, 10, 5, 15, 1, 27, 35, 0, 22, 9, 18, 19, 21, 30, 2, 20, 3, 34, 32, 24, 26, 4, 7, 16, 17, 28, 36, 37]",1,1.0,0.25,0.4,1.0,1,4,1,1
smd,group23_evaluation,machine-2-5,treeshap_iforest,2,11,13616,13619,"[8, 14, 13, 12, 11, 31, 29, 6, 23, 25, 33, 10, 5, 15, 1, 27, 35, 0, 22, 9, 18, 19, 21, 30, 2, 20, 3, 34, 32, 24, 26, 4, 7, 16, 17, 28, 36, 37]",3,1.0,0.75,0.8571428571428571,1.0,1,4,3,3
smd,group23_evaluation,machine-2-5,treeshap_iforest,2,11,13616,13619,"[8, 14, 13, 12, 11, 31, 29, 6, 23, 25, 33, 10, 5, 15, 1, 27, 35, 0, 22, 9, 18, 19, 21, 30, 2, 20, 3, 34, 32, 24, 26, 4, 7, 16, 17, 28, 36, 37]",5,0.8,1.0,0.888888888888889,1.0,1,4,5,4
smd,group23_evaluation,machine-2-5,treeshap_iforest,2,12,15056,15059,"[8, 14, 13, 12, 6, 33, 29, 11, 5, 1, 15, 10, 27, 9, 23, 19, 0, 25, 22, 21, 20, 34, 31, 2, 18, 30, 24, 35, 3, 32, 26, 4, 7, 16, 17, 28, 36, 37]",1,1.0,0.25,0.4,1.0,1,4,1,1
smd,group23_evaluation,machine-2-5,treeshap_iforest,2,12,15056,15059,"[8, 14, 13, 12, 6, 33, 29, 11, 5, 1, 15, 10, 27, 9, 23, 19, 0, 25, 22, 21, 20, 34, 31, 2, 18, 30, 24, 35, 3, 32, 26, 4, 7, 16, 17, 28, 36, 37]",3,1.0,0.75,0.8571428571428571,1.0,1,4,3,3
smd,group23_evaluation,machine-2-5,treeshap_iforest,2,12,15056,15059,"[8, 14, 13, 12, 6, 33, 29, 11, 5, 1, 15, 10, 27, 9, 23, 19, 0, 25, 22, 21, 20, 34, 31, 2, 18, 30, 24, 35, 3, 32, 26, 4, 7, 16, 17, 28, 36, 37]",5,0.8,1.0,0.888888888888889,1.0,1,4,5,4
smd,group23_evaluation,machine-2-5,treeshap_iforest,2,13,16524,16549,"[8, 14, 13, 32, 33, 6, 12, 29, 0, 11, 25, 9, 19, 1, 5, 15, 10, 22, 23, 2, 31, 27, 18, 35, 34, 30, 24, 20, 21, 3, 26, 4, 7, 16, 17, 28, 36, 37]",1,1.0,0.2,0.33333333333333337,1.0,1,5,1,1
smd,group23_evaluation,machine-2-5,treeshap_iforest,2,13,16524,16549,"[8, 14, 13, 32, 33, 6, 12, 29, 0, 11, 25, 9, 19, 1, 5, 15, 10, 22, 23, 2, 31, 27, 18, 35, 34, 30, 24, 20, 21, 3, 26, 4, 7, 16, 17, 28, 36, 37]",3,1.0,0.6,0.7499999999999999,1.0,1,5,3,3
smd,group23_evaluation,machine-2-5,treeshap_iforest,2,13,16524,16549,"[8, 14, 13, 32, 33, 6, 12, 29, 0, 11, 25, 9, 19, 1, 5, 15, 10, 22, 23, 2, 31, 27, 18, 35, 34, 30, 24, 20, 21, 3, 26, 4, 7, 16, 17, 28, 36, 37]",5,0.6,0.6,0.6,0.7227265726449519,1,5,5,3
smd,group23_evaluation,machine-2-5,treeshap_iforest,2,14,17960,18331,"[8, 14, 6, 13, 9, 0, 11, 29, 12, 5, 15, 33, 10, 23, 1, 25, 22, 27, 31, 35, 19, 2, 21, 34, 30, 20, 3, 18, 24, 32, 26, 4, 7, 16, 17, 28, 36, 37]",1,1.0,0.16666666666666666,0.2857142857142857,1.0,1,6,1,1
smd,group23_evaluation,machine-2-5,treeshap_iforest,2,14,17960,18331,"[8, 14, 6, 13, 9, 0, 11, 29, 12, 5, 15, 33, 10, 23, 1, 25, 22, 27, 31, 35, 19, 2, 21, 34, 30, 20, 3, 18, 24, 32, 26, 4, 7, 16, 17, 28, 36, 37]",3,0.6666666666666666,0.3333333333333333,0.4444444444444444,0.7653606369886217,1,6,3,2
smd,group23_evaluation,machine-2-5,treeshap_iforest,2,14,17960,18331,"[8, 14, 6, 13, 9, 0, 11, 29, 12, 5, 15, 33, 10, 23, 1, 25, 22, 27, 31, 35, 19, 2, 21, 34, 30, 20, 3, 18, 24, 32, 26, 4, 7, 16, 17, 28, 36, 37]",5,0.6,0.5,0.5454545454545454,0.6992148198508501,1,6,5,3
smd,group23_evaluation,machine-2-5,treeshap_iforest,2,15,18592,18701,"[10, 15, 21, 18, 27, 19, 30, 1, 20, 3, 2, 0, 22, 31, 24, 34, 35, 29, 14, 8, 32, 25, 5, 11, 33, 9, 13, 23, 6, 12, 26, 4, 7, 16, 17, 28, 36, 37]",1,1.0,0.1,0.18181818181818182,1.0,1,10,1,1
smd,group23_evaluation,machine-2-5,treeshap_iforest,2,15,18592,18701,"[10, 15, 21, 18, 27, 19, 30, 1, 20, 3, 2, 0, 22, 31, 24, 34, 35, 29, 14, 8, 32, 25, 5, 11, 33, 9, 13, 23, 6, 12, 26, 4, 7, 16, 17, 28, 36, 37]",3,1.0,0.3,0.4615384615384615,1.0,1,10,3,3
smd,group23_evaluation,machine-2-5,treeshap_iforest,2,15,18592,18701,"[10, 15, 21, 18, 27, 19, 30, 1, 20, 3, 2, 0, 22, 31, 24, 34, 35, 29, 14, 8, 32, 25, 5, 11, 33, 9, 13, 23, 6, 12, 26, 4, 7, 16, 17, 28, 36, 37]",5,1.0,0.5,0.6666666666666666,1.0,1,10,5,5
smd,group23_evaluation,machine-2-5,treeshap_iforest,2,16,18880,18951,"[3, 2, 15, 10, 18, 1, 27, 19, 24, 21, 6, 35, 22, 30, 20, 0, 34, 5, 31, 29, 33, 25, 32, 23, 13, 14, 11, 9, 8, 12, 26, 4, 7, 16, 17, 28, 36, 37]",1,1.0,0.045454545454545456,0.08695652173913045,1.0,1,22,1,1
smd,group23_evaluation,machine-2-5,treeshap_iforest,2,16,18880,18951,"[3, 2, 15, 10, 18, 1, 27, 19, 24, 21, 6, 35, 22, 30, 20, 0, 34, 5, 31, 29, 33, 25, 32, 23, 13, 14, 11, 9, 8, 12, 26, 4, 7, 16, 17, 28, 36, 37]",3,1.0,0.13636363636363635,0.24000000000000002,1.0,1,22,3,3
smd,group23_evaluation,machine-2-5,treeshap_iforest,2,16,18880,18951,"[3, 2, 15, 10, 18, 1, 27, 19, 24, 21, 6, 35, 22, 30, 20, 0, 34, 5, 31, 29, 33, 25, 32, 23, 13, 14, 11, 9, 8, 12, 26, 4, 7, 16, 17, 28, 36, 37]",5,1.0,0.22727272727272727,0.37037037037037035,1.0,1,22,5,5
smd,group23_evaluation,machine-2-5,treeshap_iforest,2,17,19405,19413,"[8, 14, 13, 12, 31, 29, 11, 6, 23, 22, 25, 33, 10, 5, 15, 0, 2, 35, 34, 1, 27, 9, 19, 24, 18, 21, 30, 32, 20, 3, 26, 4, 7, 16, 17, 28, 36, 37]",1,1.0,0.25,0.4,1.0,1,4,1,1
smd,group23_evaluation,machine-2-5,treeshap_iforest,2,17,19405,19413,"[8, 14, 13, 12, 31, 29, 11, 6, 23, 22, 25, 33, 10, 5, 15, 0, 2, 35, 34, 1, 27, 9, 19, 24, 18, 21, 30, 32, 20, 3, 26, 4, 7, 16, 17, 28, 36, 37]",3,1.0,0.75,0.8571428571428571,1.0,1,4,3,3
smd,group23_evaluation,machine-2-5,treeshap_iforest,2,17,19405,19413,"[8, 14, 13, 12, 31, 29, 11, 6, 23, 22, 25, 33, 10, 5, 15, 0, 2, 35, 34, 1, 27, 9, 19, 24, 18, 21, 30, 32, 20, 3, 26, 4, 7, 16, 17, 28, 36, 37]",5,0.8,1.0,0.888888888888889,1.0,1,4,5,4
smd,group23_evaluation,machine-2-5,treeshap_iforest,2,18,20846,20854,"[8, 14, 13, 12, 33, 11, 29, 0, 5, 6, 10, 15, 31, 19, 9, 1, 22, 18, 27, 30, 23, 34, 21, 20, 2, 35, 25, 24, 32, 3, 26, 4, 7, 16, 17, 28, 36, 37]",1,1.0,0.25,0.4,1.0,1,4,1,1
smd,group23_evaluation,machine-2-5,treeshap_iforest,2,18,20846,20854,"[8, 14, 13, 12, 33, 11, 29, 0, 5, 6, 10, 15, 31, 19, 9, 1, 22, 18, 27, 30, 23, 34, 21, 20, 2, 35, 25, 24, 32, 3, 26, 4, 7, 16, 17, 28, 36, 37]",3,1.0,0.75,0.8571428571428571,1.0,1,4,3,3
smd,group23_evaluation,machine-2-5,treeshap_iforest,2,18,20846,20854,"[8, 14, 13, 12, 33, 11, 29, 0, 5, 6, 10, 15, 31, 19, 9, 1, 22, 18, 27, 30, 23, 34, 21, 20, 2, 35, 25, 24, 32, 3, 26, 4, 7, 16, 17, 28, 36, 37]",5,0.8,1.0,0.888888888888889,1.0,1,4,5,4
smd,group23_evaluation,machine-2-5,treeshap_iforest,2,19,22283,22294,"[8, 14, 13, 12, 31, 11, 33, 29, 0, 5, 15, 10, 23, 27, 18, 19, 1, 22, 30, 9, 25, 35, 24, 2, 21, 34, 32, 20, 3, 6, 26, 4, 7, 16, 17, 28, 36, 37]",1,1.0,0.25,0.4,1.0,1,4,1,1
smd,group23_evaluation,machine-2-5,treeshap_iforest,2,19,22283,22294,"[8, 14, 13, 12, 31, 11, 33, 29, 0, 5, 15, 10, 23, 27, 18, 19, 1, 22, 30, 9, 25, 35, 24, 2, 21, 34, 32, 20, 3, 6, 26, 4, 7, 16, 17, 28, 36, 37]",3,1.0,0.75,0.8571428571428571,1.0,1,4,3,3
smd,group23_evaluation,machine-2-5,treeshap_iforest,2,19,22283,22294,"[8, 14, 13, 12, 31, 11, 33, 29, 0, 5, 15, 10, 23, 27, 18, 19, 1, 22, 30, 9, 25, 35, 24, 2, 21, 34, 32, 20, 3, 6, 26, 4, 7, 16, 17, 28, 36, 37]",5,0.8,1.0,0.888888888888889,1.0,1,4,5,4
smd,group23_evaluation,machine-2-5,treeshap_iforest,2,20,23120,23141,"[3, 2, 1, 33, 0, 29, 19, 32, 22, 24, 9, 13, 11, 25, 14, 23, 8, 21, 31, 27, 5, 15, 20, 10, 6, 34, 18, 30, 35, 12, 26, 4, 7, 16, 17, 28, 36, 37]",1,0.0,0.0,0.0,0.0,0,3,1,0
smd,group23_evaluation,machine-2-5,treeshap_iforest,2,20,23120,23141,"[3, 2, 1, 33, 0, 29, 19, 32, 22, 24, 9, 13, 11, 25, 14, 23, 8, 21, 31, 27, 5, 15, 20, 10, 6, 34, 18, 30, 35, 12, 26, 4, 7, 16, 17, 28, 36, 37]",3,0.0,0.0,0.0,0.0,0,3,3,0
smd,group23_evaluation,machine-2-5,treeshap_iforest,2,20,23120,23141,"[3, 2, 1, 33, 0, 29, 19, 32, 22, 24, 9, 13, 11, 25, 14, 23, 8, 21, 31, 27, 5, 15, 20, 10, 6, 34, 18, 30, 35, 12, 26, 4, 7, 16, 17, 28, 36, 37]",5,0.2,0.3333333333333333,0.25,0.18154179253735267,1,3,5,1
smd,group23_evaluation,machine-2-6,treeshap_iforest,0,0,1170,1205,"[6, 29, 3, 9, 18, 5, 1, 25, 24, 34, 27, 23, 14, 31, 11, 30, 2, 8, 21, 33, 19, 20, 35, 15, 12, 0, 10, 22, 13, 32, 4, 7, 16, 17, 26, 28, 36, 37]",1,1.0,0.05,0.09523809523809523,1.0,1,20,1,1
smd,group23_evaluation,machine-2-6,treeshap_iforest,0,0,1170,1205,"[6, 29, 3, 9, 18, 5, 1, 25, 24, 34, 27, 23, 14, 31, 11, 30, 2, 8, 21, 33, 19, 20, 35, 15, 12, 0, 10, 22, 13, 32, 4, 7, 16, 17, 26, 28, 36, 37]",3,1.0,0.15,0.2608695652173913,1.0,1,20,3,3
smd,group23_evaluation,machine-2-6,treeshap_iforest,0,0,1170,1205,"[6, 29, 3, 9, 18, 5, 1, 25, 24, 34, 27, 23, 14, 31, 11, 30, 2, 8, 21, 33, 19, 20, 35, 15, 12, 0, 10, 22, 13, 32, 4, 7, 16, 17, 26, 28, 36, 37]",5,0.8,0.2,0.32000000000000006,0.8539316501572937,1,20,5,4
smd,group23_evaluation,machine-2-6,treeshap_iforest,0,1,8188,8214,"[33, 29, 6, 24, 18, 27, 31, 19, 34, 21, 30, 25, 32, 23, 20, 35, 1, 15, 10, 0, 3, 2, 12, 14, 8, 11, 9, 13, 5, 22, 4, 7, 16, 17, 26, 28, 36, 37]",1,0.0,0.0,0.0,0.0,0,15,1,0
smd,group23_evaluation,machine-2-6,treeshap_iforest,0,1,8188,8214,"[33, 29, 6, 24, 18, 27, 31, 19, 34, 21, 30, 25, 32, 23, 20, 35, 1, 15, 10, 0, 3, 2, 12, 14, 8, 11, 9, 13, 5, 22, 4, 7, 16, 17, 26, 28, 36, 37]",3,0.3333333333333333,0.06666666666666667,0.1111111111111111,0.2960819109658652,1,15,3,1
smd,group23_evaluation,machine-2-6,treeshap_iforest,0,1,8188,8214,"[33, 29, 6, 24, 18, 27, 31, 19, 34, 21, 30, 25, 32, 23, 20, 35, 1, 15, 10, 0, 3, 2, 12, 14, 8, 11, 9, 13, 5, 22, 4, 7, 16, 17, 26, 28, 36, 37]",5,0.6,0.2,0.3,0.4912596920895758,1,15,5,3
smd,group23_evaluation,machine-2-6,treeshap_iforest,0,2,8218,8235,"[6, 29, 18, 27, 31, 19, 24, 20, 23, 21, 34, 33, 25, 30, 5, 10, 15, 35, 3, 0, 1, 8, 14, 11, 13, 12, 2, 9, 22, 32, 4, 7, 16, 17, 26, 28, 36, 37]",1,0.0,0.0,0.0,0.0,0,15,1,0
smd,group23_evaluation,machine-2-6,treeshap_iforest,0,2,8218,8235,"[6, 29, 18, 27, 31, 19, 24, 20, 23, 21, 34, 33, 25, 30, 5, 10, 15, 35, 3, 0, 1, 8, 14, 11, 13, 12, 2, 9, 22, 32, 4, 7, 16, 17, 26, 28, 36, 37]",3,0.6666666666666666,0.13333333333333333,0.2222222222222222,0.5307212739772434,1,15,3,2
smd,group23_evaluation,machine-2-6,treeshap_iforest,0,2,8218,8235,"[6, 29, 18, 27, 31, 19, 24, 20, 23, 21, 34, 33, 25, 30, 5, 10, 15, 35, 3, 0, 1, 8, 14, 11, 13, 12, 2, 9, 22, 32, 4, 7, 16, 17, 26, 28, 36, 37]",5,0.8,0.26666666666666666,0.4,0.6608397947263839,1,15,5,4
smd,group23_evaluation,machine-2-6,treeshap_iforest,0,3,13890,13995,"[6, 18, 29, 9, 27, 13, 12, 10, 19, 23, 11, 20, 15, 8, 33, 25, 30, 31, 3, 24, 35, 21, 5, 2, 22, 34, 14, 0, 1, 32, 4, 7, 16, 17, 26, 28, 36, 37]",1,0.0,0.0,0.0,0.0,0,4,1,0
smd,group23_evaluation,machine-2-6,treeshap_iforest,0,3,13890,13995,"[6, 18, 29, 9, 27, 13, 12, 10, 19, 23, 11, 20, 15, 8, 33, 25, 30, 31, 3, 24, 35, 21, 5, 2, 22, 34, 14, 0, 1, 32, 4, 7, 16, 17, 26, 28, 36, 37]",3,0.0,0.0,0.0,0.0,0,4,3,0
smd,group23_evaluation,machine-2-6,treeshap_iforest,0,3,13890,13995,"[6, 18, 29, 9, 27, 13, 12, 10, 19, 23, 11, 20, 15, 8, 33, 25, 30, 31, 3, 24, 35, 21, 5, 2, 22, 34, 14, 0, 1, 32, 4, 7, 16, 17, 26, 28, 36, 37]",5,0.2,0.25,0.22222222222222224,0.16812753627111746,1,4,5,1
smd,group23_evaluation,machine-2-6,treeshap_iforest,0,4,16720,16743,"[29, 22, 18, 30, 20, 27, 19, 35, 21, 3, 12, 33, 13, 2, 8, 11, 0, 14, 10, 5, 34, 9, 25, 31, 15, 24, 6, 23, 1, 32, 4, 7, 16, 17, 26, 28, 36, 37]",1,0.0,0.0,0.0,0.0,0,3,1,0
smd,group23_evaluation,machine-2-6,treeshap_iforest,0,4,16720,16743,"[29, 22, 18, 30, 20, 27, 19, 35, 21, 3, 12, 33, 13, 2, 8, 11, 0, 14, 10, 5, 34, 9, 25, 31, 15, 24, 6, 23, 1, 32, 4, 7, 16, 17, 26, 28, 36, 37]",3,0.0,0.0,0.0,0.0,0,3,3,0
smd,group23_evaluation,machine-2-6,treeshap_iforest,0,4,16720,16743,"[29, 22, 18, 30, 20, 27, 19, 35, 21, 3, 12, 33, 13, 2, 8, 11, 0, 14, 10, 5, 34, 9, 25, 31, 15, 24, 6, 23, 1, 32, 4, 7, 16, 17, 26, 28, 36, 37]",5,0.0,0.0,0.0,0.0,0,3,5,0
smd,group23_evaluation,machine-2-6,treeshap_iforest,0,5,18122,18125,"[9, 12, 11, 0, 19, 21, 10, 30, 15, 8, 35, 20, 25, 31, 22, 23, 1, 29, 34, 27, 13, 24, 18, 3, 14, 33, 5, 2, 6, 32, 4, 7, 16, 17, 26, 28, 36, 37]",1,1.0,0.5,0.6666666666666666,1.0,1,2,1,1
smd,group23_evaluation,machine-2-6,treeshap_iforest,0,5,18122,18125,"[9, 12, 11, 0, 19, 21, 10, 30, 15, 8, 35, 20, 25, 31, 22, 23, 1, 29, 34, 27, 13, 24, 18, 3, 14, 33, 5, 2, 6, 32, 4, 7, 16, 17, 26, 28, 36, 37]",3,0.6666666666666666,1.0,0.8,1.0,1,2,3,2
smd,group23_evaluation,machine-2-6,treeshap_iforest,0,5,18122,18125,"[9, 12, 11, 0, 19, 21, 10, 30, 15, 8, 35, 20, 25, 31, 22, 23, 1, 29, 34, 27, 13, 24, 18, 3, 14, 33, 5, 2, 6, 32, 4, 7, 16, 17, 26, 28, 36, 37]",5,0.4,1.0,0.5714285714285715,1.0,1,2,5,2
smd,group23_evaluation,machine-2-6,treeshap_iforest,0,6,20620,20738,"[9, 11, 0, 12, 22, 29, 19, 30, 18, 5, 25, 20, 3, 35, 21, 27, 34, 23, 2, 31, 8, 13, 14, 33, 10, 6, 24, 15, 1, 32, 4, 7, 16, 17, 26, 28, 36, 37]",1,1.0,0.3333333333333333,0.5,1.0,1,3,1,1
smd,group23_evaluation,machine-2-6,treeshap_iforest,0,6,20620,20738,"[9, 11, 0, 12, 22, 29, 19, 30, 18, 5, 25, 20, 3, 35, 21, 27, 34, 23, 2, 31, 8, 13, 14, 33, 10, 6, 24, 15, 1, 32, 4, 7, 16, 17, 26, 28, 36, 37]",3,0.6666666666666666,0.6666666666666666,0.6666666666666666,0.7653606369886217,1,3,3,2
smd,group23_evaluation,machine-2-6,treeshap_iforest,0,6,20620,20738,"[9, 11, 0, 12, 22, 29, 19, 30, 18, 5, 25, 20, 3, 35, 21, 27, 34, 23, 2, 31, 8, 13, 14, 33, 10, 6, 24, 15, 1, 32, 4, 7, 16, 17, 26, 28, 36, 37]",5,0.6,1.0,0.7499999999999999,0.9674679834891693,1,3,5,3
smd,group23_evaluation,machine-2-6,treeshap_iforest,0,7,27883,27980,"[6, 5, 29, 18, 23, 33, 25, 34, 27, 19, 24, 31, 35, 20, 30, 21, 9, 1, 3, 22, 10, 0, 2, 15, 11, 32, 8, 12, 14, 13, 4, 7, 16, 17, 26, 28, 36, 37]",1,1.0,0.047619047619047616,0.0909090909090909,1.0,1,21,1,1
smd,group23_evaluation,machine-2-6,treeshap_iforest,0,7,27883,27980,"[6, 5, 29, 18, 23, 33, 25, 34, 27, 19, 24, 31, 35, 20, 30, 21, 9, 1, 3, 22, 10, 0, 2, 15, 11, 32, 8, 12, 14, 13, 4, 7, 16, 17, 26, 28, 36, 37]",3,1.0,0.14285714285714285,0.25,1.0,1,21,3,3
smd,group23_evaluation,machine-2-6,treeshap_iforest,0,7,27883,27980,"[6, 5, 29, 18, 23, 33, 25, 34, 27, 19, 24, 31, 35, 20, 30, 21, 9, 1, 3, 22, 10, 0, 2, 15, 11, 32, 8, 12, 14, 13, 4, 7, 16, 17, 26, 28, 36, 37]",5,1.0,0.23809523809523808,0.3846153846153846,1.0,1,21,5,5
smd,group23_evaluation,machine-2-6,treeshap_iforest,1,0,1170,1205,"[2, 29, 0, 6, 9, 25, 23, 5, 18, 3, 20, 24, 31, 30, 14, 11, 12, 15, 33, 19, 34, 1, 27, 35, 13, 8, 21, 22, 10, 32, 4, 7, 16, 17, 26, 28, 36, 37]",1,1.0,0.05,0.09523809523809523,1.0,1,20,1,1
smd,group23_evaluation,machine-2-6,treeshap_iforest,1,0,1170,1205,"[2, 29, 0, 6, 9, 25, 23, 5, 18, 3, 20, 24, 31, 30, 14, 11, 12, 15, 33, 19, 34, 1, 27, 35, 13, 8, 21, 22, 10, 32, 4, 7, 16, 17, 26, 28, 36, 37]",3,1.0,0.15,0.2608695652173913,1.0,1,20,3,3
smd,group23_evaluation,machine-2-6,treeshap_iforest,1,0,1170,1205,"[2, 29, 0, 6, 9, 25, 23, 5, 18, 3, 20, 24, 31, 30, 14, 11, 12, 15, 33, 19, 34, 1, 27, 35, 13, 8, 21, 22, 10, 32, 4, 7, 16, 17, 26, 28, 36, 37]",5,0.8,0.2,0.32000000000000006,0.8687949224876582,1,20,5,4
smd,group23_evaluation,machine-2-6,treeshap_iforest,1,1,8188,8214,"[33, 29, 19, 30, 32, 23, 0, 24, 31, 18, 15, 20, 25, 27, 2, 6, 35, 34, 21, 1, 10, 3, 11, 14, 13, 12, 8, 9, 5, 22, 4, 7, 16, 17, 26, 28, 36, 37]",1,0.0,0.0,0.0,0.0,0,15,1,0
smd,group23_evaluation,machine-2-6,treeshap_iforest,1,1,8188,8214,"[33, 29, 19, 30, 32, 23, 0, 24, 31, 18, 15, 20, 25, 27, 2, 6, 35, 34, 21, 1, 10, 3, 11, 14, 13, 12, 8, 9, 5, 22, 4, 7, 16, 17, 26, 28, 36, 37]",3,0.6666666666666666,0.13333333333333333,0.2222222222222222,0.5307212739772434,1,15,3,2
smd,group23_evaluation,machine-2-6,treeshap_iforest,1,1,8188,8214,"[33, 29, 19, 30, 32, 23, 0, 24, 31, 18, 15, 20, 25, 27, 2, 6, 35, 34, 21, 1, 10, 3, 11, 14, 13, 12, 8, 9, 5, 22, 4, 7, 16, 17, 26, 28, 36, 37]",5,0.6,0.2,0.3,0.5296347172140421,1,15,5,3
smd,group23_evaluation,machine-2-6,treeshap_iforest,1,2,8218,8235,"[29, 19, 30, 18, 31, 24, 6, 20, 33, 23, 15, 27, 0, 25, 34, 3, 35, 21, 5, 13, 10, 1, 14, 11, 2, 8, 12, 32, 22, 9, 4, 7, 16, 17, 26, 28, 36, 37]",1,1.0,0.06666666666666667,0.125,1.0,1,15,1,1
smd,group23_evaluation,machine-2-6,treeshap_iforest,1,2,8218,8235,"[29, 19, 30, 18, 31, 24, 6, 20, 33, 23, 15, 27, 0, 25, 34, 3, 35, 21, 5, 13, 10, 1, 14, 11, 2, 8, 12, 32, 22, 9, 4, 7, 16, 17, 26, 28, 36, 37]",3,1.0,0.2,0.33333333333333337,1.0,1,15,3,3
smd,group23_evaluation,machine-2-6,treeshap_iforest,1,2,8218,8235,"[29, 19, 30, 18, 31, 24, 6, 20, 33, 23, 15, 27, 0, 25, 34, 3, 35, 21, 5, 13, 10, 1, 14, 11, 2, 8, 12, 32, 22, 9, 4, 7, 16, 17, 26, 28, 36, 37]",5,1.0,0.3333333333333333,0.5,1.0,1,15,5,5
smd,group23_evaluation,machine-2-6,treeshap_iforest,1,3,13890,13995,"[6, 18, 10, 15, 13, 9, 12, 20, 11, 29, 19, 30, 27, 21, 31, 33, 22, 8, 24, 25, 23, 14, 5, 35, 1, 2, 34, 0, 3, 32, 4, 7, 16, 17, 26, 28, 36, 37]",1,0.0,0.0,0.0,0.0,0,4,1,0
smd,group23_evaluation,machine-2-6,treeshap_iforest,1,3,13890,13995,"[6, 18, 10, 15, 13, 9, 12, 20, 11, 29, 19, 30, 27, 21, 31, 33, 22, 8, 24, 25, 23, 14, 5, 35, 1, 2, 34, 0, 3, 32, 4, 7, 16, 17, 26, 28, 36, 37]",3,0.0,0.0,0.0,0.0,0,4,3,0
smd,group23_evaluation,machine-2-6,treeshap_iforest,1,3,13890,13995,"[6, 18, 10, 15, 13, 9, 12, 20, 11, 29, 19, 30, 27, 21, 31, 33, 22, 8, 24, 25, 23, 14, 5, 35, 1, 2, 34, 0, 3, 32, 4, 7, 16, 17, 26, 28, 36, 37]",5,0.0,0.0,0.0,0.0,0,4,5,0
smd,group23_evaluation,machine-2-6,treeshap_iforest,1,4,16720,16743,"[20, 18, 22, 31, 35, 21, 29, 11, 13, 34, 30, 27, 25, 19, 12, 24, 0, 2, 3, 14, 33, 8, 5, 23, 9, 15, 6, 10, 1, 32, 4, 7, 16, 17, 26, 28, 36, 37]",1,0.0,0.0,0.0,0.0,0,3,1,0
smd,group23_evaluation,machine-2-6,treeshap_iforest,1,4,16720,16743,"[20, 18, 22, 31, 35, 21, 29, 11, 13, 34, 30, 27, 25, 19, 12, 24, 0, 2, 3, 14, 33, 8, 5, 23, 9, 15, 6, 10, 1, 32, 4, 7, 16, 17, 26, 28, 36, 37]",3,0.0,0.0,0.0,0.0,0,3,3,0
smd,group23_evaluation,machine-2-6,treeshap_iforest,1,4,16720,16743,"[20, 18, 22, 31, 35, 21, 29, 11, 13, 34, 30, 27, 25, 19, 12, 24, 0, 2, 3, 14, 33, 8, 5, 23, 9, 15, 6, 10, 1, 32, 4, 7, 16, 17, 26, 28, 36, 37]",5,0.0,0.0,0.0,0.0,0,3,5,0
smd,group23_evaluation,machine-2-6,treeshap_iforest,1,5,18122,18125,"[9, 12, 11, 0, 22, 35, 31, 15, 19, 34, 20, 8, 21, 23, 30, 10, 13, 27, 24, 1, 6, 18, 3, 25, 33, 5, 2, 14, 29, 32, 4, 7, 16, 17, 26, 28, 36, 37]",1,1.0,0.5,0.6666666666666666,1.0,1,2,1,1
smd,group23_evaluation,machine-2-6,treeshap_iforest,1,5,18122,18125,"[9, 12, 11, 0, 22, 35, 31, 15, 19, 34, 20, 8, 21, 23, 30, 10, 13, 27, 24, 1, 6, 18, 3, 25, 33, 5, 2, 14, 29, 32, 4, 7, 16, 17, 26, 28, 36, 37]",3,0.6666666666666666,1.0,0.8,1.0,1,2,3,2
smd,group23_evaluation,machine-2-6,treeshap_iforest,1,5,18122,18125,"[9, 12, 11, 0, 22, 35, 31, 15, 19, 34, 20, 8, 21, 23, 30, 10, 13, 27, 24, 1, 6, 18, 3, 25, 33, 5, 2, 14, 29, 32, 4, 7, 16, 17, 26, 28, 36, 37]",5,0.4,1.0,0.5714285714285715,1.0,1,2,5,2
smd,group23_evaluation,machine-2-6,treeshap_iforest,1,6,20620,20738,"[9, 0, 11, 12, 22, 5, 27, 20, 31, 19, 18, 29, 30, 24, 34, 35, 21, 2, 23, 25, 3, 13, 14, 8, 6, 33, 10, 15, 1, 32, 4, 7, 16, 17, 26, 28, 36, 37]",1,1.0,0.3333333333333333,0.5,1.0,1,3,1,1
smd,group23_evaluation,machine-2-6,treeshap_iforest,1,6,20620,20738,"[9, 0, 11, 12, 22, 5, 27, 20, 31, 19, 18, 29, 30, 24, 34, 35, 21, 2, 23, 25, 3, 13, 14, 8, 6, 33, 10, 15, 1, 32, 4, 7, 16, 17, 26, 28, 36, 37]",3,0.6666666666666666,0.6666666666666666,0.6666666666666666,0.7039180890341347,1,3,3,2
smd,group23_evaluation,machine-2-6,treeshap_iforest,1,6,20620,20738,"[9, 0, 11, 12, 22, 5, 27, 20, 31, 19, 18, 29, 30, 24, 34, 35, 21, 2, 23, 25, 3, 13, 14, 8, 6, 33, 10, 15, 1, 32, 4, 7, 16, 17, 26, 28, 36, 37]",5,0.6,1.0,0.7499999999999999,0.9060254355346823,1,3,5,3
smd,group23_evaluation,machine-2-6,treeshap_iforest,1,7,27883,27980,"[5, 29, 6, 25, 18, 23, 33, 20, 31, 24, 19, 0, 30, 27, 22, 35, 34, 3, 2, 9, 21, 15, 10, 1, 32, 11, 13, 12, 14, 8, 4, 7, 16, 17, 26, 28, 36, 37]",1,1.0,0.047619047619047616,0.0909090909090909,1.0,1,21,1,1
smd,group23_evaluation,machine-2-6,treeshap_iforest,1,7,27883,27980,"[5, 29, 6, 25, 18, 23, 33, 20, 31, 24, 19, 0, 30, 27, 22, 35, 34, 3, 2, 9, 21, 15, 10, 1, 32, 11, 13, 12, 14, 8, 4, 7, 16, 17, 26, 28, 36, 37]",3,1.0,0.14285714285714285,0.25,1.0,1,21,3,3
smd,group23_evaluation,machine-2-6,treeshap_iforest,1,7,27883,27980,"[5, 29, 6, 25, 18, 23, 33, 20, 31, 24, 19, 0, 30, 27, 22, 35, 34, 3, 2, 9, 21, 15, 10, 1, 32, 11, 13, 12, 14, 8, 4, 7, 16, 17, 26, 28, 36, 37]",5,1.0,0.23809523809523808,0.3846153846153846,1.0,1,21,5,5
smd,group23_evaluation,machine-2-6,treeshap_iforest,2,0,1170,1205,"[6, 29, 2, 9, 14, 25, 35, 27, 20, 1, 5, 31, 18, 8, 10, 12, 23, 15, 33, 30, 13, 24, 0, 21, 11, 34, 3, 19, 22, 32, 4, 7, 16, 17, 26, 28, 36, 37]",1,1.0,0.05,0.09523809523809523,1.0,1,20,1,1
smd,group23_evaluation,machine-2-6,treeshap_iforest,2,0,1170,1205,"[6, 29, 2, 9, 14, 25, 35, 27, 20, 1, 5, 31, 18, 8, 10, 12, 23, 15, 33, 30, 13, 24, 0, 21, 11, 34, 3, 19, 22, 32, 4, 7, 16, 17, 26, 28, 36, 37]",3,1.0,0.15,0.2608695652173913,1.0,1,20,3,3
smd,group23_evaluation,machine-2-6,treeshap_iforest,2,0,1170,1205,"[6, 29, 2, 9, 14, 25, 35, 27, 20, 1, 5, 31, 18, 8, 10, 12, 23, 15, 33, 30, 13, 24, 0, 21, 11, 34, 3, 19, 22, 32, 4, 7, 16, 17, 26, 28, 36, 37]",5,0.6,0.15,0.24,0.7227265726449519,1,20,5,3
smd,group23_evaluation,machine-2-6,treeshap_iforest,2,1,8188,8214,"[33, 29, 10, 6, 35, 32, 27, 20, 30, 25, 24, 31, 15, 23, 18, 34, 21, 1, 2, 19, 0, 12, 3, 11, 14, 8, 13, 5, 9, 22, 4, 7, 16, 17, 26, 28, 36, 37]",1,0.0,0.0,0.0,0.0,0,15,1,0
smd,group23_evaluation,machine-2-6,treeshap_iforest,2,1,8188,8214,"[33, 29, 10, 6, 35, 32, 27, 20, 30, 25, 24, 31, 15, 23, 18, 34, 21, 1, 2, 19, 0, 12, 3, 11, 14, 8, 13, 5, 9, 22, 4, 7, 16, 17, 26, 28, 36, 37]",3,0.3333333333333333,0.06666666666666667,0.1111111111111111,0.2960819109658652,1,15,3,1
smd,group23_evaluation,machine-2-6,treeshap_iforest,2,1,8188,8214,"[33, 29, 10, 6, 35, 32, 27, 20, 30, 25, 24, 31, 15, 23, 18, 34, 21, 1, 2, 19, 0, 12, 3, 11, 14, 8, 13, 5, 9, 22, 4, 7, 16, 17, 26, 28, 36, 37]",5,0.2,0.06666666666666667,0.1,0.21398626473452756,1,15,5,1
smd,group23_evaluation,machine-2-6,treeshap_iforest,2,2,8218,8235,"[29, 6, 35, 27, 20, 10, 30, 33, 25, 31, 18, 24, 15, 34, 21, 23, 19, 5, 13, 8, 3, 0, 14, 2, 12, 1, 11, 32, 9, 22, 4, 7, 16, 17, 26, 28, 36, 37]",1,1.0,0.06666666666666667,0.125,1.0,1,15,1,1
smd,group23_evaluation,machine-2-6,treeshap_iforest,2,2,8218,8235,"[29, 6, 35, 27, 20, 10, 30, 33, 25, 31, 18, 24, 15, 34, 21, 23, 19, 5, 13, 8, 3, 0, 14, 2, 12, 1, 11, 32, 9, 22, 4, 7, 16, 17, 26, 28, 36, 37]",3,0.3333333333333333,0.06666666666666667,0.1111111111111111,0.46927872602275644,1,15,3,1
smd,group23_evaluation,machine-2-6,treeshap_iforest,2,2,8218,8235,"[29, 6, 35, 27, 20, 10, 30, 33, 25, 31, 18, 24, 15, 34, 21, 23, 19, 5, 13, 8, 3, 0, 14, 2, 12, 1, 11, 32, 9, 22, 4, 7, 16, 17, 26, 28, 36, 37]",5,0.6,0.2,0.3,0.6164336326286644,1,15,5,3
smd,group23_evaluation,machine-2-6,treeshap_iforest,2,3,13890,13995,"[6, 18, 13, 20, 29, 12, 15, 9, 27, 10, 31, 30, 25, 24, 11, 33, 23, 21, 1, 8, 35, 0, 19, 5, 14, 34, 2, 3, 22, 32, 4, 7, 16, 17, 26, 28, 36, 37]",1,0.0,0.0,0.0,0.0,0,4,1,0
smd,group23_evaluation,machine-2-6,treeshap_iforest,2,3,13890,13995,"[6, 18, 13, 20, 29, 12, 15, 9, 27, 10, 31, 30, 25, 24, 11, 33, 23, 21, 1, 8, 35, 0, 19, 5, 14, 34, 2, 3, 22, 32, 4, 7, 16, 17, 26, 28, 36, 37]",3,0.0,0.0,0.0,0.0,0,4,3,0
smd,group23_evaluation,machine-2-6,treeshap_iforest,2,3,13890,13995,"[6, 18, 13, 20, 29, 12, 15, 9, 27, 10, 31, 30, 25, 24, 11, 33, 23, 21, 1, 8, 35, 0, 19, 5, 14, 34, 2, 3, 22, 32, 4, 7, 16, 17, 26, 28, 36, 37]",5,0.0,0.0,0.0,0.0,0,4,5,0
smd,group23_evaluation,machine-2-6,treeshap_iforest,2,4,16720,16743,"[29, 22, 21, 35, 0, 20, 13, 12, 6, 34, 25, 2, 8, 31, 30, 27, 14, 33, 9, 23, 5, 15, 18, 11, 24, 19, 10, 3, 1, 32, 4, 7, 16, 17, 26, 28, 36, 37]",1,0.0,0.0,0.0,0.0,0,3,1,0
smd,group23_evaluation,machine-2-6,treeshap_iforest,2,4,16720,16743,"[29, 22, 21, 35, 0, 20, 13, 12, 6, 34, 25, 2, 8, 31, 30, 27, 14, 33, 9, 23, 5, 15, 18, 11, 24, 19, 10, 3, 1, 32, 4, 7, 16, 17, 26, 28, 36, 37]",3,0.0,0.0,0.0,0.0,0,3,3,0
smd,group23_evaluation,machine-2-6,treeshap_iforest,2,4,16720,16743,"[29, 22, 21, 35, 0, 20, 13, 12, 6, 34, 25, 2, 8, 31, 30, 27, 14, 33, 9, 23, 5, 15, 18, 11, 24, 19, 10, 3, 1, 32, 4, 7, 16, 17, 26, 28, 36, 37]",5,0.2,0.3333333333333333,0.25,0.18154179253735267,1,3,5,1
smd,group23_evaluation,machine-2-6,treeshap_iforest,2,5,18122,18125,"[9, 12, 11, 0, 10, 21, 31, 8, 15, 34, 19, 1, 18, 24, 13, 35, 22, 27, 29, 20, 30, 23, 25, 2, 6, 33, 14, 5, 3, 32, 4, 7, 16, 17, 26, 28, 36, 37]",1,1.0,0.5,0.6666666666666666,1.0,1,2,1,1
smd,group23_evaluation,machine-2-6,treeshap_iforest,2,5,18122,18125,"[9, 12, 11, 0, 10, 21, 31, 8, 15, 34, 19, 1, 18, 24, 13, 35, 22, 27, 29, 20, 30, 23, 25, 2, 6, 33, 14, 5, 3, 32, 4, 7, 16, 17, 26, 28, 36, 37]",3,0.6666666666666666,1.0,0.8,1.0,1,2,3,2
smd,group23_evaluation,machine-2-6,treeshap_iforest,2,5,18122,18125,"[9, 12, 11, 0, 10, 21, 31, 8, 15, 34, 19, 1, 18, 24, 13, 35, 22, 27, 29, 20, 30, 23, 25, 2, 6, 33, 14, 5, 3, 32, 4, 7, 16, 17, 26, 28, 36, 37]",5,0.4,1.0,0.5714285714285715,1.0,1,2,5,2
smd,group23_evaluation,machine-2-6,treeshap_iforest,2,6,20620,20738,"[9, 29, 0, 11, 12, 22, 5, 21, 31, 20, 34, 6, 35, 23, 27, 13, 8, 2, 30, 25, 18, 14, 3, 24, 33, 15, 1, 19, 10, 32, 4, 7, 16, 17, 26, 28, 36, 37]",1,1.0,0.3333333333333333,0.5,1.0,1,3,1,1
smd,group23_evaluation,machine-2-6,treeshap_iforest,2,6,20620,20738,"[9, 29, 0, 11, 12, 22, 5, 21, 31, 20, 34, 6, 35, 23, 27, 13, 8, 2, 30, 25, 18, 14, 3, 24, 33, 15, 1, 19, 10, 32, 4, 7, 16, 17, 26, 28, 36, 37]",3,0.3333333333333333,0.3333333333333333,0.3333333333333333,0.46927872602275644,1,3,3,1
smd,group23_evaluation,machine-2-6,treeshap_iforest,2,6,20620,20738,"[9, 29, 0, 11, 12, 22, 5, 21, 31, 20, 34, 6, 35, 23, 27, 13, 8, 2, 30, 25, 18, 14, 3, 24, 33, 15, 1, 19, 10, 32, 4, 7, 16, 17, 26, 28, 36, 37]",5,0.6,1.0,0.7499999999999999,0.8529278650606567,1,3,5,3
smd,group23_evaluation,machine-2-6,treeshap_iforest,2,7,27883,27980,"[6, 5, 29, 25, 33, 23, 35, 20, 27, 18, 31, 34, 10, 24, 21, 30, 2, 0, 9, 1, 22, 19, 15, 32, 3, 13, 12, 11, 8, 14, 4, 7, 16, 17, 26, 28, 36, 37]",1,1.0,0.047619047619047616,0.0909090909090909,1.0,1,21,1,1
smd,group23_evaluation,machine-2-6,treeshap_iforest,2,7,27883,27980,"[6, 5, 29, 25, 33, 23, 35, 20, 27, 18, 31, 34, 10, 24, 21, 30, 2, 0, 9, 1, 22, 19, 15, 32, 3, 13, 12, 11, 8, 14, 4, 7, 16, 17, 26, 28, 36, 37]",3,1.0,0.14285714285714285,0.25,1.0,1,21,3,3
smd,group23_evaluation,machine-2-6,treeshap_iforest,2,7,27883,27980,"[6, 5, 29, 25, 33, 23, 35, 20, 27, 18, 31, 34, 10, 24, 21, 30, 2, 0, 9, 1, 22, 19, 15, 32, 3, 13, 12, 11, 8, 14, 4, 7, 16, 17, 26, 28, 36, 37]",5,0.8,0.19047619047619047,0.3076923076923077,0.8687949224876582,1,21,5,4
smd,group23_evaluation,machine-2-7,treeshap_iforest,0,0,664,667,"[12, 8, 13, 14, 29, 11, 31, 6, 5, 21, 15, 23, 18, 9, 32, 22, 1, 27, 30, 10, 35, 2, 20, 34, 24, 33, 19, 0, 3, 25, 4, 7, 16, 17, 26, 28, 36, 37]",1,1.0,0.3333333333333333,0.5,1.0,1,3,1,1
smd,group23_evaluation,machine-2-7,treeshap_iforest,0,0,664,667,"[12, 8, 13, 14, 29, 11, 31, 6, 5, 21, 15, 23, 18, 9, 32, 22, 1, 27, 30, 10, 35, 2, 20, 34, 24, 33, 19, 0, 3, 25, 4, 7, 16, 17, 26, 28, 36, 37]",3,1.0,1.0,1.0,1.0,1,3,3,3
smd,group23_evaluation,machine-2-7,treeshap_iforest,0,0,664,667,"[12, 8, 13, 14, 29, 11, 31, 6, 5, 21, 15, 23, 18, 9, 32, 22, 1, 27, 30, 10, 35, 2, 20, 34, 24, 33, 19, 0, 3, 25, 4, 7, 16, 17, 26, 28, 36, 37]",5,0.6,1.0,0.7499999999999999,1.0,1,3,5,3
smd,group23_evaluation,machine-2-7,treeshap_iforest,0,1,2104,2107,"[12, 13, 8, 29, 11, 6, 23, 33, 21, 25, 27, 22, 15, 10, 35, 18, 9, 30, 32, 5, 14, 31, 1, 2, 20, 3, 24, 19, 34, 0, 4, 7, 16, 17, 26, 28, 36, 37]",1,1.0,0.5,0.6666666666666666,1.0,1,2,1,1
smd,group23_evaluation,machine-2-7,treeshap_iforest,0,1,2104,2107,"[12, 13, 8, 29, 11, 6, 23, 33, 21, 25, 27, 22, 15, 10, 35, 18, 9, 30, 32, 5, 14, 31, 1, 2, 20, 3, 24, 19, 34, 0, 4, 7, 16, 17, 26, 28, 36, 37]",3,0.6666666666666666,1.0,0.8,1.0,1,2,3,2
smd,group23_evaluation,machine-2-7,treeshap_iforest,0,1,2104,2107,"[12, 13, 8, 29, 11, 6, 23, 33, 21, 25, 27, 22, 15, 10, 35, 18, 9, 30, 32, 5, 14, 31, 1, 2, 20, 3, 24, 19, 34, 0, 4, 7, 16, 17, 26, 28, 36, 37]",5,0.4,1.0,0.5714285714285715,1.0,1,2,5,2
smd,group23_evaluation,machine-2-7,treeshap_iforest,0,2,3544,3547,"[12, 8, 14, 13, 31, 29, 11, 6, 23, 25, 15, 33, 30, 10, 5, 27, 21, 9, 1, 35, 18, 20, 19, 32, 22, 2, 24, 3, 34, 0, 4, 7, 16, 17, 26, 28, 36, 37]",1,1.0,0.25,0.4,1.0,1,4,1,1
smd,group23_evaluation,machine-2-7,treeshap_iforest,0,2,3544,3547,"[12, 8, 14, 13, 31, 29, 11, 6, 23, 25, 15, 33, 30, 10, 5, 27, 21, 9, 1, 35, 18, 20, 19, 32, 22, 2, 24, 3, 34, 0, 4, 7, 16, 17, 26, 28, 36, 37]",3,1.0,0.75,0.8571428571428571,1.0,1,4,3,3
smd,group23_evaluation,machine-2-7,treeshap_iforest,0,2,3544,3547,"[12, 8, 14, 13, 31, 29, 11, 6, 23, 25, 15, 33, 30, 10, 5, 27, 21, 9, 1, 35, 18, 20, 19, 32, 22, 2, 24, 3, 34, 0, 4, 7, 16, 17, 26, 28, 36, 37]",5,0.8,1.0,0.888888888888889,1.0,1,4,5,4
smd,group23_evaluation,machine-2-7,treeshap_iforest,0,3,4984,4987,"[12, 33, 8, 14, 13, 11, 29, 23, 5, 27, 15, 25, 18, 30, 35, 6, 32, 21, 9, 31, 24, 22, 1, 2, 20, 19, 10, 3, 34, 0, 4, 7, 16, 17, 26, 28, 36, 37]",1,1.0,0.25,0.4,1.0,1,4,1,1
smd,group23_evaluation,machine-2-7,treeshap_iforest,0,3,4984,4987,"[12, 33, 8, 14, 13, 11, 29, 23, 5, 27, 15, 25, 18, 30, 35, 6, 32, 21, 9, 31, 24, 22, 1, 2, 20, 19, 10, 3, 34, 0, 4, 7, 16, 17, 26, 28, 36, 37]",3,0.6666666666666666,0.5,0.5714285714285715,0.7039180890341347,1,4,3,2
smd,group23_evaluation,machine-2-7,treeshap_iforest,0,3,4984,4987,"[12, 33, 8, 14, 13, 11, 29, 23, 5, 27, 15, 25, 18, 30, 35, 6, 32, 21, 9, 31, 24, 22, 1, 2, 20, 19, 10, 3, 34, 0, 4, 7, 16, 17, 26, 28, 36, 37]",5,0.8,1.0,0.888888888888889,0.9047172294870751,1,4,5,4
smd,group23_evaluation,machine-2-7,treeshap_iforest,0,4,6030,6034,"[33, 32, 5, 23, 25, 29, 31, 12, 8, 11, 10, 27, 3, 15, 13, 9, 22, 6, 30, 14, 20, 35, 1, 2, 21, 19, 24, 0, 34, 18, 4, 7, 16, 17, 26, 28, 36, 37]",1,1.0,0.5,0.6666666666666666,1.0,1,2,1,1
smd,group23_evaluation,machine-2-7,treeshap_iforest,0,4,6030,6034,"[33, 32, 5, 23, 25, 29, 31, 12, 8, 11, 10, 27, 3, 15, 13, 9, 22, 6, 30, 14, 20, 35, 1, 2, 21, 19, 24, 0, 34, 18, 4, 7, 16, 17, 26, 28, 36, 37]",3,0.6666666666666666,1.0,0.8,1.0,1,2,3,2
smd,group23_evaluation,machine-2-7,treeshap_iforest,0,4,6030,6034,"[33, 32, 5, 23, 25, 29, 31, 12, 8, 11, 10, 27, 3, 15, 13, 9, 22, 6, 30, 14, 20, 35, 1, 2, 21, 19, 24, 0, 34, 18, 4, 7, 16, 17, 26, 28, 36, 37]",5,0.4,1.0,0.5714285714285715,1.0,1,2,5,2
smd,group23_evaluation,machine-2-7,treeshap_iforest,0,5,7665,7669,"[33, 23, 6, 5, 22, 10, 31, 11, 12, 15, 25, 27, 20, 21, 18, 30, 29, 13, 34, 35, 8, 14, 9, 1, 0, 3, 24, 32, 19, 2, 4, 7, 16, 17, 26, 28, 36, 37]",1,0.0,0.0,0.0,0.0,0,1,1,0
smd,group23_evaluation,machine-2-7,treeshap_iforest,0,5,7665,7669,"[33, 23, 6, 5, 22, 10, 31, 11, 12, 15, 25, 27, 20, 21, 18, 30, 29, 13, 34, 35, 8, 14, 9, 1, 0, 3, 24, 32, 19, 2, 4, 7, 16, 17, 26, 28, 36, 37]",3,0.0,0.0,0.0,0.0,0,1,3,0
smd,group23_evaluation,machine-2-7,treeshap_iforest,0,5,7665,7669,"[33, 23, 6, 5, 22, 10, 31, 11, 12, 15, 25, 27, 20, 21, 18, 30, 29, 13, 34, 35, 8, 14, 9, 1, 0, 3, 24, 32, 19, 2, 4, 7, 16, 17, 26, 28, 36, 37]",5,0.0,0.0,0.0,0.0,0,1,5,0
smd,group23_evaluation,machine-2-7,treeshap_iforest,0,6,7863,7867,"[12, 8, 33, 13, 14, 11, 23, 6, 31, 25, 29, 15, 35, 5, 9, 30, 18, 20, 21, 27, 1, 10, 19, 22, 0, 24, 3, 2, 34, 32, 4, 7, 16, 17, 26, 28, 36, 37]",1,1.0,0.25,0.4,1.0,1,4,1,1
smd,group23_evaluation,machine-2-7,treeshap_iforest,0,6,7863,7867,"[12, 8, 33, 13, 14, 11, 23, 6, 31, 25, 29, 15, 35, 5, 9, 30, 18, 20, 21, 27, 1, 10, 19, 22, 0, 24, 3, 2, 34, 32, 4, 7, 16, 17, 26, 28, 36, 37]",3,0.6666666666666666,0.5,0.5714285714285715,0.7653606369886217,1,4,3,2
smd,group23_evaluation,machine-2-7,treeshap_iforest,0,6,7863,7867,"[12, 8, 33, 13, 14, 11, 23, 6, 31, 25, 29, 15, 35, 5, 9, 30, 18, 20, 21, 27, 1, 10, 19, 22, 0, 24, 3, 2, 34, 32, 4, 7, 16, 17, 26, 28, 36, 37]",5,0.8,1.0,0.888888888888889,0.9558295932317544,1,4,5,4
smd,group23_evaluation,machine-2-7,treeshap_iforest,0,7,9304,9307,"[12, 8, 14, 13, 11, 25, 33, 23, 5, 6, 22, 31, 15, 10, 21, 27, 35, 18, 9, 30, 29, 1, 24, 32, 3, 34, 20, 2, 19, 0, 4, 7, 16, 17, 26, 28, 36, 37]",1,1.0,0.25,0.4,1.0,1,4,1,1
smd,group23_evaluation,machine-2-7,treeshap_iforest,0,7,9304,9307,"[12, 8, 14, 13, 11, 25, 33, 23, 5, 6, 22, 31, 15, 10, 21, 27, 35, 18, 9, 30, 29, 1, 24, 32, 3, 34, 20, 2, 19, 0, 4, 7, 16, 17, 26, 28, 36, 37]",3,1.0,0.75,0.8571428571428571,1.0,1,4,3,3
smd,group23_evaluation,machine-2-7,treeshap_iforest,0,7,9304,9307,"[12, 8, 14, 13, 11, 25, 33, 23, 5, 6, 22, 31, 15, 10, 21, 27, 35, 18, 9, 30, 29, 1, 24, 32, 3, 34, 20, 2, 19, 0, 4, 7, 16, 17, 26, 28, 36, 37]",5,0.8,1.0,0.888888888888889,1.0,1,4,5,4
smd,group23_evaluation,machine-2-7,treeshap_iforest,0,8,10744,10747,"[32, 12, 8, 14, 13, 11, 31, 23, 33, 25, 10, 15, 5, 9, 34, 6, 29, 18, 27, 19, 20, 3, 21, 0, 1, 30, 35, 24, 2, 22, 4, 7, 16, 17, 26, 28, 36, 37]",1,0.0,0.0,0.0,0.0,0,4,1,0
smd,group23_evaluation,machine-2-7,treeshap_iforest,0,8,10744,10747,"[32, 12, 8, 14, 13, 11, 31, 23, 33, 25, 10, 15, 5, 9, 34, 6, 29, 18, 27, 19, 20, 3, 21, 0, 1, 30, 35, 24, 2, 22, 4, 7, 16, 17, 26, 28, 36, 37]",3,0.6666666666666666,0.5,0.5714285714285715,0.5307212739772434,1,4,3,2
smd,group23_evaluation,machine-2-7,treeshap_iforest,0,8,10744,10747,"[32, 12, 8, 14, 13, 11, 31, 23, 33, 25, 10, 15, 5, 9, 34, 6, 29, 18, 27, 19, 20, 3, 21, 0, 1, 30, 35, 24, 2, 22, 4, 7, 16, 17, 26, 28, 36, 37]",5,0.8,1.0,0.888888888888889,0.7606395682357036,1,4,5,4
smd,group23_evaluation,machine-2-7,treeshap_iforest,0,9,12099,12127,"[3, 2, 1, 0, 23, 10, 6, 25, 12, 18, 22, 33, 5, 13, 27, 31, 15, 20, 11, 14, 9, 21, 30, 29, 8, 34, 35, 19, 24, 32, 4, 7, 16, 17, 26, 28, 36, 37]",1,1.0,0.16666666666666666,0.2857142857142857,1.0,1,6,1,1
smd,group23_evaluation,machine-2-7,treeshap_iforest,0,9,12099,12127,"[3, 2, 1, 0, 23, 10, 6, 25, 12, 18, 22, 33, 5, 13, 27, 31, 15, 20, 11, 14, 9, 21, 30, 29, 8, 34, 35, 19, 24, 32, 4, 7, 16, 17, 26, 28, 36, 37]",3,1.0,0.5,0.6666666666666666,1.0,1,6,3,3
smd,group23_evaluation,machine-2-7,treeshap_iforest,0,9,12099,12127,"[3, 2, 1, 0, 23, 10, 6, 25, 12, 18, 22, 33, 5, 13, 27, 31, 15, 20, 11, 14, 9, 21, 30, 29, 8, 34, 35, 19, 24, 32, 4, 7, 16, 17, 26, 28, 36, 37]",5,1.0,0.8333333333333334,0.9090909090909091,1.0,1,6,5,5
smd,group23_evaluation,machine-2-7,treeshap_iforest,0,10,13623,13625,"[12, 8, 14, 13, 11, 31, 6, 23, 10, 25, 0, 33, 34, 15, 30, 29, 9, 21, 5, 22, 1, 27, 20, 24, 2, 18, 32, 3, 35, 19, 4, 7, 16, 17, 26, 28, 36, 37]",1,1.0,0.25,0.4,1.0,1,4,1,1
smd,group23_evaluation,machine-2-7,treeshap_iforest,0,10,13623,13625,"[12, 8, 14, 13, 11, 31, 6, 23, 10, 25, 0, 33, 34, 15, 30, 29, 9, 21, 5, 22, 1, 27, 20, 24, 2, 18, 32, 3, 35, 19, 4, 7, 16, 17, 26, 28, 36, 37]",3,1.0,0.75,0.8571428571428571,1.0,1,4,3,3
smd,group23_evaluation,machine-2-7,treeshap_iforest,0,10,13623,13625,"[12, 8, 14, 13, 11, 31, 6, 23, 10, 25, 0, 33, 34, 15, 30, 29, 9, 21, 5, 22, 1, 27, 20, 24, 2, 18, 32, 3, 35, 19, 4, 7, 16, 17, 26, 28, 36, 37]",5,0.8,1.0,0.888888888888889,1.0,1,4,5,4
smd,group23_evaluation,machine-2-7,treeshap_iforest,0,11,14934,14938,"[33, 32, 6, 23, 22, 31, 10, 5, 25, 12, 27, 29, 13, 30, 14, 15, 20, 24, 8, 18, 35, 1, 9, 11, 21, 0, 19, 34, 2, 3, 4, 7, 16, 17, 26, 28, 36, 37]",1,1.0,0.5,0.6666666666666666,1.0,1,2,1,1
smd,group23_evaluation,machine-2-7,treeshap_iforest,0,11,14934,14938,"[33, 32, 6, 23, 22, 31, 10, 5, 25, 12, 27, 29, 13, 30, 14, 15, 20, 24, 8, 18, 35, 1, 9, 11, 21, 0, 19, 34, 2, 3, 4, 7, 16, 17, 26, 28, 36, 37]",3,0.6666666666666666,1.0,0.8,1.0,1,2,3,2
smd,group23_evaluation,machine-2-7,treeshap_iforest,0,11,14934,14938,"[33, 32, 6, 23, 22, 31, 10, 5, 25, 12, 27, 29, 13, 30, 14, 15, 20, 24, 8, 18, 35, 1, 9, 11, 21, 0, 19, 34, 2, 3, 4, 7, 16, 17, 26, 28, 36, 37]",5,0.4,1.0,0.5714285714285715,1.0,1,2,5,2
smd,group23_evaluation,machine-2-7,treeshap_iforest,0,12,15063,15066,"[12, 8, 14, 13, 11, 33, 6, 5, 23, 18, 25, 15, 10, 21, 31, 9, 35, 0, 27, 1, 34, 29, 22, 30, 2, 32, 20, 3, 24, 19, 4, 7, 16, 17, 26, 28, 36, 37]",1,1.0,0.25,0.4,1.0,1,4,1,1
smd,group23_evaluation,machine-2-7,treeshap_iforest,0,12,15063,15066,"[12, 8, 14, 13, 11, 33, 6, 5, 23, 18, 25, 15, 10, 21, 31, 9, 35, 0, 27, 1, 34, 29, 22, 30, 2, 32, 20, 3, 24, 19, 4, 7, 16, 17, 26, 28, 36, 37]",3,1.0,0.75,0.8571428571428571,1.0,1,4,3,3
smd,group23_evaluation,machine-2-7,treeshap_iforest,0,12,15063,15066,"[12, 8, 14, 13, 11, 33, 6, 5, 23, 18, 25, 15, 10, 21, 31, 9, 35, 0, 27, 1, 34, 29, 22, 30, 2, 32, 20, 3, 24, 19, 4, 7, 16, 17, 26, 28, 36, 37]",5,0.8,1.0,0.888888888888889,1.0,1,4,5,4
smd,group23_evaluation,machine-2-7,treeshap_iforest,0,13,16534,16557,"[32, 14, 12, 8, 0, 11, 13, 33, 5, 23, 31, 6, 25, 29, 15, 19, 18, 10, 21, 22, 9, 30, 27, 1, 35, 20, 3, 34, 24, 2, 4, 7, 16, 17, 26, 28, 36, 37]",1,0.0,0.0,0.0,0.0,0,4,1,0
smd,group23_evaluation,machine-2-7,treeshap_iforest,0,13,16534,16557,"[32, 14, 12, 8, 0, 11, 13, 33, 5, 23, 31, 6, 25, 29, 15, 19, 18, 10, 21, 22, 9, 30, 27, 1, 35, 20, 3, 34, 24, 2, 4, 7, 16, 17, 26, 28, 36, 37]",3,0.6666666666666666,0.5,0.5714285714285715,0.5307212739772434,1,4,3,2
smd,group23_evaluation,machine-2-7,treeshap_iforest,0,13,16534,16557,"[32, 14, 12, 8, 0, 11, 13, 33, 5, 23, 31, 6, 25, 29, 15, 19, 18, 10, 21, 22, 9, 30, 27, 1, 35, 20, 3, 34, 24, 2, 4, 7, 16, 17, 26, 28, 36, 37]",5,0.6,0.75,0.6666666666666665,0.6096199500078984,1,4,5,3
smd,group23_evaluation,machine-2-7,treeshap_iforest,0,14,17978,17981,"[14, 8, 12, 13, 11, 5, 0, 23, 6, 15, 33, 29, 35, 24, 21, 25, 27, 31, 20, 22, 10, 18, 9, 30, 19, 34, 1, 3, 2, 32, 4, 7, 16, 17, 26, 28, 36, 37]",1,1.0,0.25,0.4,1.0,1,4,1,1
smd,group23_evaluation,machine-2-7,treeshap_iforest,0,14,17978,17981,"[14, 8, 12, 13, 11, 5, 0, 23, 6, 15, 33, 29, 35, 24, 21, 25, 27, 31, 20, 22, 10, 18, 9, 30, 19, 34, 1, 3, 2, 32, 4, 7, 16, 17, 26, 28, 36, 37]",3,1.0,0.75,0.8571428571428571,1.0,1,4,3,3
smd,group23_evaluation,machine-2-7,treeshap_iforest,0,14,17978,17981,"[14, 8, 12, 13, 11, 5, 0, 23, 6, 15, 33, 29, 35, 24, 21, 25, 27, 31, 20, 22, 10, 18, 9, 30, 19, 34, 1, 3, 2, 32, 4, 7, 16, 17, 26, 28, 36, 37]",5,0.8,1.0,0.888888888888889,1.0,1,4,5,4
smd,group23_evaluation,machine-2-7,treeshap_iforest,0,15,18639,18944,"[15, 10, 18, 27, 21, 30, 20, 1, 2, 0, 3, 19, 5, 22, 34, 24, 31, 32, 6, 35, 33, 23, 29, 13, 25, 12, 11, 9, 14, 8, 4, 7, 16, 17, 26, 28, 36, 37]",1,1.0,0.047619047619047616,0.0909090909090909,1.0,1,21,1,1
smd,group23_evaluation,machine-2-7,treeshap_iforest,0,15,18639,18944,"[15, 10, 18, 27, 21, 30, 20, 1, 2, 0, 3, 19, 5, 22, 34, 24, 31, 32, 6, 35, 33, 23, 29, 13, 25, 12, 11, 9, 14, 8, 4, 7, 16, 17, 26, 28, 36, 37]",3,1.0,0.14285714285714285,0.25,1.0,1,21,3,3
smd,group23_evaluation,machine-2-7,treeshap_iforest,0,15,18639,18944,"[15, 10, 18, 27, 21, 30, 20, 1, 2, 0, 3, 19, 5, 22, 34, 24, 31, 32, 6, 35, 33, 23, 29, 13, 25, 12, 11, 9, 14, 8, 4, 7, 16, 17, 26, 28, 36, 37]",5,1.0,0.23809523809523808,0.3846153846153846,1.0,1,21,5,5
smd,group23_evaluation,machine-2-7,treeshap_iforest,0,16,19411,19418,"[14, 8, 12, 11, 13, 5, 31, 6, 23, 21, 25, 29, 24, 33, 35, 10, 20, 15, 9, 22, 27, 18, 34, 32, 1, 30, 2, 3, 0, 19, 4, 7, 16, 17, 26, 28, 36, 37]",1,1.0,0.25,0.4,1.0,1,4,1,1
smd,group23_evaluation,machine-2-7,treeshap_iforest,0,16,19411,19418,"[14, 8, 12, 11, 13, 5, 31, 6, 23, 21, 25, 29, 24, 33, 35, 10, 20, 15, 9, 22, 27, 18, 34, 32, 1, 30, 2, 3, 0, 19, 4, 7, 16, 17, 26, 28, 36, 37]",3,1.0,0.75,0.8571428571428571,1.0,1,4,3,3
smd,group23_evaluation,machine-2-7,treeshap_iforest,0,16,19411,19418,"[14, 8, 12, 11, 13, 5, 31, 6, 23, 21, 25, 29, 24, 33, 35, 10, 20, 15, 9, 22, 27, 18, 34, 32, 1, 30, 2, 3, 0, 19, 4, 7, 16, 17, 26, 28, 36, 37]",5,0.8,1.0,0.888888888888889,0.9828920819566879,1,4,5,4
smd,group23_evaluation,machine-2-7,treeshap_iforest,0,17,20853,20857,"[12, 8, 14, 13, 11, 31, 6, 22, 21, 33, 3, 10, 27, 15, 35, 29, 9, 18, 23, 30, 2, 20, 24, 32, 0, 34, 5, 1, 19, 25, 4, 7, 16, 17, 26, 28, 36, 37]",1,1.0,0.25,0.4,1.0,1,4,1,1
smd,group23_evaluation,machine-2-7,treeshap_iforest,0,17,20853,20857,"[12, 8, 14, 13, 11, 31, 6, 22, 21, 33, 3, 10, 27, 15, 35, 29, 9, 18, 23, 30, 2, 20, 24, 32, 0, 34, 5, 1, 19, 25, 4, 7, 16, 17, 26, 28, 36, 37]",3,1.0,0.75,0.8571428571428571,1.0,1,4,3,3
smd,group23_evaluation,machine-2-7,treeshap_iforest,0,17,20853,20857,"[12, 8, 14, 13, 11, 31, 6, 22, 21, 33, 3, 10, 27, 15, 35, 29, 9, 18, 23, 30, 2, 20, 24, 32, 0, 34, 5, 1, 19, 25, 4, 7, 16, 17, 26, 28, 36, 37]",5,0.8,1.0,0.888888888888889,1.0,1,4,5,4
smd,group23_evaluation,machine-2-7,treeshap_iforest,0,18,22291,22296,"[8, 12, 14, 13, 11, 31, 5, 33, 6, 23, 21, 18, 10, 27, 15, 9, 29, 0, 1, 22, 35, 34, 2, 24, 20, 30, 3, 32, 19, 25, 4, 7, 16, 17, 26, 28, 36, 37]",1,1.0,0.25,0.4,1.0,1,4,1,1
smd,group23_evaluation,machine-2-7,treeshap_iforest,0,18,22291,22296,"[8, 12, 14, 13, 11, 31, 5, 33, 6, 23, 21, 18, 10, 27, 15, 9, 29, 0, 1, 22, 35, 34, 2, 24, 20, 30, 3, 32, 19, 25, 4, 7, 16, 17, 26, 28, 36, 37]",3,1.0,0.75,0.8571428571428571,1.0,1,4,3,3
smd,group23_evaluation,machine-2-7,treeshap_iforest,0,18,22291,22296,"[8, 12, 14, 13, 11, 31, 5, 33, 6, 23, 21, 18, 10, 27, 15, 9, 29, 0, 1, 22, 35, 34, 2, 24, 20, 30, 3, 32, 19, 25, 4, 7, 16, 17, 26, 28, 36, 37]",5,0.8,1.0,0.888888888888889,1.0,1,4,5,4
smd,group23_evaluation,machine-2-7,treeshap_iforest,0,19,22924,22927,"[9, 12, 18, 27, 21, 8, 34, 5, 15, 24, 20, 29, 10, 11, 6, 13, 0, 23, 22, 33, 32, 1, 25, 2, 3, 14, 30, 35, 31, 19, 4, 7, 16, 17, 26, 28, 36, 37]",1,1.0,1.0,1.0,1.0,1,1,1,1
smd,group23_evaluation,machine-2-7,treeshap_iforest,0,19,22924,22927,"[9, 12, 18, 27, 21, 8, 34, 5, 15, 24, 20, 29, 10, 11, 6, 13, 0, 23, 22, 33, 32, 1, 25, 2, 3, 14, 30, 35, 31, 19, 4, 7, 16, 17, 26, 28, 36, 37]",3,0.3333333333333333,1.0,0.5,1.0,1,1,3,1
smd,group23_evaluation,machine-2-7,treeshap_iforest,0,19,22924,22927,"[9, 12, 18, 27, 21, 8, 34, 5, 15, 24, 20, 29, 10, 11, 6, 13, 0, 23, 22, 33, 32, 1, 25, 2, 3, 14, 30, 35, 31, 19, 4, 7, 16, 17, 26, 28, 36, 37]",5,0.2,1.0,0.33333333333333337,1.0,1,1,5,1
smd,group23_evaluation,machine-2-7,treeshap_iforest,1,0,664,667,"[12, 8, 13, 14, 29, 11, 31, 5, 15, 18, 6, 27, 22, 20, 19, 10, 9, 33, 34, 2, 1, 21, 23, 0, 35, 25, 24, 32, 3, 30, 4, 7, 16, 17, 26, 28, 36, 37]",1,1.0,0.3333333333333333,0.5,1.0,1,3,1,1
smd,group23_evaluation,machine-2-7,treeshap_iforest,1,0,664,667,"[12, 8, 13, 14, 29, 11, 31, 5, 15, 18, 6, 27, 22, 20, 19, 10, 9, 33, 34, 2, 1, 21, 23, 0, 35, 25, 24, 32, 3, 30, 4, 7, 16, 17, 26, 28, 36, 37]",3,1.0,1.0,1.0,1.0,1,3,3,3
smd,group23_evaluation,machine-2-7,treeshap_iforest,1,0,664,667,"[12, 8, 13, 14, 29, 11, 31, 5, 15, 18, 6, 27, 22, 20, 19, 10, 9, 33, 34, 2, 1, 21, 23, 0, 35, 25, 24, 32, 3, 30, 4, 7, 16, 17, 26, 28, 36, 37]",5,0.6,1.0,0.7499999999999999,1.0,1,3,5,3
smd,group23_evaluation,machine-2-7,treeshap_iforest,1,1,2104,2107,"[12, 13, 8, 29, 18, 33, 23, 6, 27, 15, 25, 20, 31, 24, 11, 10, 9, 14, 34, 19, 2, 22, 5, 1, 35, 0, 21, 30, 32, 3, 4, 7, 16, 17, 26, 28, 36, 37]",1,1.0,0.5,0.6666666666666666,1.0,1,2,1,1
smd,group23_evaluation,machine-2-7,treeshap_iforest,1,1,2104,2107,"[12, 13, 8, 29, 18, 33, 23, 6, 27, 15, 25, 20, 31, 24, 11, 10, 9, 14, 34, 19, 2, 22, 5, 1, 35, 0, 21, 30, 32, 3, 4, 7, 16, 17, 26, 28, 36, 37]",3,0.6666666666666666,1.0,0.8,1.0,1,2,3,2
smd,group23_evaluation,machine-2-7,treeshap_iforest,1,1,2104,2107,"[12, 13, 8, 29, 18, 33, 23, 6, 27, 15, 25, 20, 31, 24, 11, 10, 9, 14, 34, 19, 2, 22, 5, 1, 35, 0, 21, 30, 32, 3, 4, 7, 16, 17, 26, 28, 36, 37]",5,0.4,1.0,0.5714285714285715,1.0,1,2,5,2
smd,group23_evaluation,machine-2-7,treeshap_iforest,1,2,3544,3547,"[12, 8, 13, 14, 31, 29, 11, 23, 15, 18, 6, 22, 27, 20, 25, 33, 10, 9, 24, 19, 1, 34, 2, 21, 5, 35, 30, 0, 3, 32, 4, 7, 16, 17, 26, 28, 36, 37]",1,1.0,0.25,0.4,1.0,1,4,1,1
smd,group23_evaluation,machine-2-7,treeshap_iforest,1,2,3544,3547,"[12, 8, 13, 14, 31, 29, 11, 23, 15, 18, 6, 22, 27, 20, 25, 33, 10, 9, 24, 19, 1, 34, 2, 21, 5, 35, 30, 0, 3, 32, 4, 7, 16, 17, 26, 28, 36, 37]",3,1.0,0.75,0.8571428571428571,1.0,1,4,3,3
smd,group23_evaluation,machine-2-7,treeshap_iforest,1,2,3544,3547,"[12, 8, 13, 14, 31, 29, 11, 23, 15, 18, 6, 22, 27, 20, 25, 33, 10, 9, 24, 19, 1, 34, 2, 21, 5, 35, 30, 0, 3, 32, 4, 7, 16, 17, 26, 28, 36, 37]",5,0.8,1.0,0.888888888888889,1.0,1,4,5,4
smd,group23_evaluation,machine-2-7,treeshap_iforest,1,3,4984,4987,"[12, 14, 13, 8, 33, 29, 11, 6, 5, 23, 18, 15, 27, 20, 25, 31, 1, 9, 34, 30, 10, 24, 19, 35, 22, 21, 32, 2, 0, 3, 4, 7, 16, 17, 26, 28, 36, 37]",1,1.0,0.25,0.4,1.0,1,4,1,1
smd,group23_evaluation,machine-2-7,treeshap_iforest,1,3,4984,4987,"[12, 14, 13, 8, 33, 29, 11, 6, 5, 23, 18, 15, 27, 20, 25, 31, 1, 9, 34, 30, 10, 24, 19, 35, 22, 21, 32, 2, 0, 3, 4, 7, 16, 17, 26, 28, 36, 37]",3,1.0,0.75,0.8571428571428571,1.0,1,4,3,3
smd,group23_evaluation,machine-2-7,treeshap_iforest,1,3,4984,4987,"[12, 14, 13, 8, 33, 29, 11, 6, 5, 23, 18, 15, 27, 20, 25, 31, 1, 9, 34, 30, 10, 24, 19, 35, 22, 21, 32, 2, 0, 3, 4, 7, 16, 17, 26, 28, 36, 37]",5,0.8,1.0,0.888888888888889,1.0,1,4,5,4
smd,group23_evaluation,machine-2-7,treeshap_iforest,1,4,6030,6034,"[33, 32, 25, 5, 23, 29, 3, 10, 11, 15, 27, 12, 0, 14, 19, 8, 1, 9, 13, 20, 22, 31, 24, 35, 2, 34, 30, 21, 18, 6, 4, 7, 16, 17, 26, 28, 36, 37]",1,1.0,0.5,0.6666666666666666,1.0,1,2,1,1
smd,group23_evaluation,machine-2-7,treeshap_iforest,1,4,6030,6034,"[33, 32, 25, 5, 23, 29, 3, 10, 11, 15, 27, 12, 0, 14, 19, 8, 1, 9, 13, 20, 22, 31, 24, 35, 2, 34, 30, 21, 18, 6, 4, 7, 16, 17, 26, 28, 36, 37]",3,0.6666666666666666,1.0,0.8,1.0,1,2,3,2
smd,group23_evaluation,machine-2-7,treeshap_iforest,1,4,6030,6034,"[33, 32, 25, 5, 23, 29, 3, 10, 11, 15, 27, 12, 0, 14, 19, 8, 1, 9, 13, 20, 22, 31, 24, 35, 2, 34, 30, 21, 18, 6, 4, 7, 16, 17, 26, 28, 36, 37]",5,0.4,1.0,0.5714285714285715,1.0,1,2,5,2
smd,group23_evaluation,machine-2-7,treeshap_iforest,1,5,7665,7669,"[33, 6, 23, 27, 20, 24, 29, 18, 35, 15, 22, 10, 12, 34, 30, 11, 14, 19, 25, 8, 32, 13, 1, 0, 9, 21, 31, 2, 5, 3, 4, 7, 16, 17, 26, 28, 36, 37]",1,0.0,0.0,0.0,0.0,0,1,1,0
smd,group23_evaluation,machine-2-7,treeshap_iforest,1,5,7665,7669,"[33, 6, 23, 27, 20, 24, 29, 18, 35, 15, 22, 10, 12, 34, 30, 11, 14, 19, 25, 8, 32, 13, 1, 0, 9, 21, 31, 2, 5, 3, 4, 7, 16, 17, 26, 28, 36, 37]",3,0.0,0.0,0.0,0.0,0,1,3,0
smd,group23_evaluation,machine-2-7,treeshap_iforest,1,5,7665,7669,"[33, 6, 23, 27, 20, 24, 29, 18, 35, 15, 22, 10, 12, 34, 30, 11, 14, 19, 25, 8, 32, 13, 1, 0, 9, 21, 31, 2, 5, 3, 4, 7, 16, 17, 26, 28, 36, 37]",5,0.0,0.0,0.0,0.0,0,1,5,0
smd,group23_evaluation,machine-2-7,treeshap_iforest,1,6,7863,7867,"[13, 12, 14, 8, 33, 11, 29, 23, 15, 18, 27, 25, 20, 22, 31, 9, 10, 1, 0, 35, 2, 24, 6, 34, 5, 19, 30, 32, 3, 21, 4, 7, 16, 17, 26, 28, 36, 37]",1,1.0,0.25,0.4,1.0,1,4,1,1
smd,group23_evaluation,machine-2-7,treeshap_iforest,1,6,7863,7867,"[13, 12, 14, 8, 33, 11, 29, 23, 15, 18, 27, 25, 20, 22, 31, 9, 10, 1, 0, 35, 2, 24, 6, 34, 5, 19, 30, 32, 3, 21, 4, 7, 16, 17, 26, 28, 36, 37]",3,1.0,0.75,0.8571428571428571,1.0,1,4,3,3
smd,group23_evaluation,machine-2-7,treeshap_iforest,1,6,7863,7867,"[13, 12, 14, 8, 33, 11, 29, 23, 15, 18, 27, 25, 20, 22, 31, 9, 10, 1, 0, 35, 2, 24, 6, 34, 5, 19, 30, 32, 3, 21, 4, 7, 16, 17, 26, 28, 36, 37]",5,0.8,1.0,0.888888888888889,1.0,1,4,5,4
smd,group23_evaluation,machine-2-7,treeshap_iforest,1,7,9304,9307,"[12, 8, 13, 14, 11, 29, 23, 15, 33, 18, 20, 27, 5, 22, 6, 19, 25, 9, 24, 1, 10, 34, 31, 30, 35, 2, 21, 32, 3, 0, 4, 7, 16, 17, 26, 28, 36, 37]",1,1.0,0.25,0.4,1.0,1,4,1,1
smd,group23_evaluation,machine-2-7,treeshap_iforest,1,7,9304,9307,"[12, 8, 13, 14, 11, 29, 23, 15, 33, 18, 20, 27, 5, 22, 6, 19, 25, 9, 24, 1, 10, 34, 31, 30, 35, 2, 21, 32, 3, 0, 4, 7, 16, 17, 26, 28, 36, 37]",3,1.0,0.75,0.8571428571428571,1.0,1,4,3,3
smd,group23_evaluation,machine-2-7,treeshap_iforest,1,7,9304,9307,"[12, 8, 13, 14, 11, 29, 23, 15, 33, 18, 20, 27, 5, 22, 6, 19, 25, 9, 24, 1, 10, 34, 31, 30, 35, 2, 21, 32, 3, 0, 4, 7, 16, 17, 26, 28, 36, 37]",5,0.8,1.0,0.888888888888889,1.0,1,4,5,4
smd,group23_evaluation,machine-2-7,treeshap_iforest,1,8,10744,10747,"[14, 13, 8, 12, 32, 11, 31, 29, 33, 6, 5, 23, 15, 20, 24, 27, 25, 10, 0, 9, 1, 3, 35, 22, 18, 2, 34, 19, 21, 30, 4, 7, 16, 17, 26, 28, 36, 37]",1,1.0,0.25,0.4,1.0,1,4,1,1
smd,group23_evaluation,machine-2-7,treeshap_iforest,1,8,10744,10747,"[14, 13, 8, 12, 32, 11, 31, 29, 33, 6, 5, 23, 15, 20, 24, 27, 25, 10, 0, 9, 1, 3, 35, 22, 18, 2, 34, 19, 21, 30, 4, 7, 16, 17, 26, 28, 36, 37]",3,1.0,0.75,0.8571428571428571,1.0,1,4,3,3
smd,group23_evaluation,machine-2-7,treeshap_iforest,1,8,10744,10747,"[14, 13, 8, 12, 32, 11, 31, 29, 33, 6, 5, 23, 15, 20, 24, 27, 25, 10, 0, 9, 1, 3, 35, 22, 18, 2, 34, 19, 21, 30, 4, 7, 16, 17, 26, 28, 36, 37]",5,0.8,1.0,0.888888888888889,1.0,1,4,5,4
smd,group23_evaluation,machine-2-7,treeshap_iforest,1,9,12099,12127,"[2, 3, 1, 0, 29, 6, 23, 20, 25, 18, 33, 12, 13, 15, 27, 5, 11, 14, 31, 32, 10, 9, 19, 30, 8, 24, 35, 22, 34, 21, 4, 7, 16, 17, 26, 28, 36, 37]",1,1.0,0.16666666666666666,0.2857142857142857,1.0,1,6,1,1
smd,group23_evaluation,machine-2-7,treeshap_iforest,1,9,12099,12127,"[2, 3, 1, 0, 29, 6, 23, 20, 25, 18, 33, 12, 13, 15, 27, 5, 11, 14, 31, 32, 10, 9, 19, 30, 8, 24, 35, 22, 34, 21, 4, 7, 16, 17, 26, 28, 36, 37]",3,1.0,0.5,0.6666666666666666,1.0,1,6,3,3
smd,group23_evaluation,machine-2-7,treeshap_iforest,1,9,12099,12127,"[2, 3, 1, 0, 29, 6, 23, 20, 25, 18, 33, 12, 13, 15, 27, 5, 11, 14, 31, 32, 10, 9, 19, 30, 8, 24, 35, 22, 34, 21, 4, 7, 16, 17, 26, 28, 36, 37]",5,0.8,0.6666666666666666,0.7272727272727272,0.8687949224876582,1,6,5,4
smd,group23_evaluation,machine-2-7,treeshap_iforest,1,10,13623,13625,"[14, 12, 8, 13, 11, 29, 31, 18, 22, 33, 15, 25, 23, 6, 27, 10, 20, 19, 34, 0, 9, 1, 24, 35, 21, 5, 2, 30, 32, 3, 4, 7, 16, 17, 26, 28, 36, 37]",1,1.0,0.25,0.4,1.0,1,4,1,1
smd,group23_evaluation,machine-2-7,treeshap_iforest,1,10,13623,13625,"[14, 12, 8, 13, 11, 29, 31, 18, 22, 33, 15, 25, 23, 6, 27, 10, 20, 19, 34, 0, 9, 1, 24, 35, 21, 5, 2, 30, 32, 3, 4, 7, 16, 17, 26, 28, 36, 37]",3,1.0,0.75,0.8571428571428571,1.0,1,4,3,3
smd,group23_evaluation,machine-2-7,treeshap_iforest,1,10,13623,13625,"[14, 12, 8, 13, 11, 29, 31, 18, 22, 33, 15, 25, 23, 6, 27, 10, 20, 19, 34, 0, 9, 1, 24, 35, 21, 5, 2, 30, 32, 3, 4, 7, 16, 17, 26, 28, 36, 37]",5,0.8,1.0,0.888888888888889,1.0,1,4,5,4
smd,group23_evaluation,machine-2-7,treeshap_iforest,1,11,14934,14938,"[33, 32, 29, 20, 6, 23, 27, 18, 25, 30, 22, 5, 15, 8, 24, 35, 10, 14, 12, 9, 11, 13, 19, 0, 1, 34, 21, 31, 2, 3, 4, 7, 16, 17, 26, 28, 36, 37]",1,1.0,0.5,0.6666666666666666,1.0,1,2,1,1
smd,group23_evaluation,machine-2-7,treeshap_iforest,1,11,14934,14938,"[33, 32, 29, 20, 6, 23, 27, 18, 25, 30, 22, 5, 15, 8, 24, 35, 10, 14, 12, 9, 11, 13, 19, 0, 1, 34, 21, 31, 2, 3, 4, 7, 16, 17, 26, 28, 36, 37]",3,0.6666666666666666,1.0,0.8,1.0,1,2,3,2
smd,group23_evaluation,machine-2-7,treeshap_iforest,1,11,14934,14938,"[33, 32, 29, 20, 6, 23, 27, 18, 25, 30, 22, 5, 15, 8, 24, 35, 10, 14, 12, 9, 11, 13, 19, 0, 1, 34, 21, 31, 2, 3, 4, 7, 16, 17, 26, 28, 36, 37]",5,0.4,1.0,0.5714285714285715,1.0,1,2,5,2
smd,group23_evaluation,machine-2-7,treeshap_iforest,1,12,15063,15066,"[14, 12, 8, 13, 29, 33, 11, 5, 23, 15, 27, 10, 20, 9, 31, 18, 34, 35, 6, 25, 19, 30, 24, 0, 1, 2, 32, 22, 3, 21, 4, 7, 16, 17, 26, 28, 36, 37]",1,1.0,0.25,0.4,1.0,1,4,1,1
smd,group23_evaluation,machine-2-7,treeshap_iforest,1,12,15063,15066,"[14, 12, 8, 13, 29, 33, 11, 5, 23, 15, 27, 10, 20, 9, 31, 18, 34, 35, 6, 25, 19, 30, 24, 0, 1, 2, 32, 22, 3, 21, 4, 7, 16, 17, 26, 28, 36, 37]",3,1.0,0.75,0.8571428571428571,1.0,1,4,3,3
smd,group23_evaluation,machine-2-7,treeshap_iforest,1,12,15063,15066,"[14, 12, 8, 13, 29, 33, 11, 5, 23, 15, 27, 10, 20, 9, 31, 18, 34, 35, 6, 25, 19, 30, 24, 0, 1, 2, 32, 22, 3, 21, 4, 7, 16, 17, 26, 28, 36, 37]",5,0.8,1.0,0.888888888888889,1.0,1,4,5,4
smd,group23_evaluation,machine-2-7,treeshap_iforest,1,13,16534,16557,"[14, 32, 8, 12, 0, 29, 13, 33, 11, 15, 23, 6, 18, 5, 19, 20, 22, 24, 10, 9, 1, 25, 27, 31, 34, 30, 35, 2, 21, 3, 4, 7, 16, 17, 26, 28, 36, 37]",1,1.0,0.25,0.4,1.0,1,4,1,1
smd,group23_evaluation,machine-2-7,treeshap_iforest,1,13,16534,16557,"[14, 32, 8, 12, 0, 29, 13, 33, 11, 15, 23, 6, 18, 5, 19, 20, 22, 24, 10, 9, 1, 25, 27, 31, 34, 30, 35, 2, 21, 3, 4, 7, 16, 17, 26, 28, 36, 37]",3,0.6666666666666666,0.5,0.5714285714285715,0.7039180890341347,1,4,3,2
smd,group23_evaluation,machine-2-7,treeshap_iforest,1,13,16534,16557,"[14, 32, 8, 12, 0, 29, 13, 33, 11, 15, 23, 6, 18, 5, 19, 20, 22, 24, 10, 9, 1, 25, 27, 31, 34, 30, 35, 2, 21, 3, 4, 7, 16, 17, 26, 28, 36, 37]",5,0.6,0.75,0.6666666666666665,0.75369761125927,1,4,5,3
smd,group23_evaluation,machine-2-7,treeshap_iforest,1,14,17978,17981,"[14, 8, 12, 13, 5, 11, 29, 0, 15, 33, 18, 23, 27, 20, 19, 10, 25, 34, 9, 31, 24, 22, 1, 35, 30, 6, 32, 2, 21, 3, 4, 7, 16, 17, 26, 28, 36, 37]",1,1.0,0.25,0.4,1.0,1,4,1,1
smd,group23_evaluation,machine-2-7,treeshap_iforest,1,14,17978,17981,"[14, 8, 12, 13, 5, 11, 29, 0, 15, 33, 18, 23, 27, 20, 19, 10, 25, 34, 9, 31, 24, 22, 1, 35, 30, 6, 32, 2, 21, 3, 4, 7, 16, 17, 26, 28, 36, 37]",3,1.0,0.75,0.8571428571428571,1.0,1,4,3,3
smd,group23_evaluation,machine-2-7,treeshap_iforest,1,14,17978,17981,"[14, 8, 12, 13, 5, 11, 29, 0, 15, 33, 18, 23, 27, 20, 19, 10, 25, 34, 9, 31, 24, 22, 1, 35, 30, 6, 32, 2, 21, 3, 4, 7, 16, 17, 26, 28, 36, 37]",5,0.8,1.0,0.888888888888889,1.0,1,4,5,4
smd,group23_evaluation,machine-2-7,treeshap_iforest,1,15,18639,18944,"[15, 18, 10, 21, 27, 30, 0, 20, 1, 2, 19, 24, 5, 3, 34, 35, 22, 32, 6, 31, 29, 33, 23, 25, 14, 13, 12, 8, 9, 11, 4, 7, 16, 17, 26, 28, 36, 37]",1,1.0,0.047619047619047616,0.0909090909090909,1.0,1,21,1,1
smd,group23_evaluation,machine-2-7,treeshap_iforest,1,15,18639,18944,"[15, 18, 10, 21, 27, 30, 0, 20, 1, 2, 19, 24, 5, 3, 34, 35, 22, 32, 6, 31, 29, 33, 23, 25, 14, 13, 12, 8, 9, 11, 4, 7, 16, 17, 26, 28, 36, 37]",3,1.0,0.14285714285714285,0.25,1.0,1,21,3,3
smd,group23_evaluation,machine-2-7,treeshap_iforest,1,15,18639,18944,"[15, 18, 10, 21, 27, 30, 0, 20, 1, 2, 19, 24, 5, 3, 34, 35, 22, 32, 6, 31, 29, 33, 23, 25, 14, 13, 12, 8, 9, 11, 4, 7, 16, 17, 26, 28, 36, 37]",5,1.0,0.23809523809523808,0.3846153846153846,1.0,1,21,5,5
smd,group23_evaluation,machine-2-7,treeshap_iforest,1,16,19411,19418,"[14, 8, 12, 13, 5, 11, 31, 29, 6, 18, 15, 33, 27, 25, 19, 34, 20, 22, 35, 23, 10, 9, 1, 21, 0, 30, 32, 24, 3, 2, 4, 7, 16, 17, 26, 28, 36, 37]",1,1.0,0.25,0.4,1.0,1,4,1,1
smd,group23_evaluation,machine-2-7,treeshap_iforest,1,16,19411,19418,"[14, 8, 12, 13, 5, 11, 31, 29, 6, 18, 15, 33, 27, 25, 19, 34, 20, 22, 35, 23, 10, 9, 1, 21, 0, 30, 32, 24, 3, 2, 4, 7, 16, 17, 26, 28, 36, 37]",3,1.0,0.75,0.8571428571428571,1.0,1,4,3,3
smd,group23_evaluation,machine-2-7,treeshap_iforest,1,16,19411,19418,"[14, 8, 12, 13, 5, 11, 31, 29, 6, 18, 15, 33, 27, 25, 19, 34, 20, 22, 35, 23, 10, 9, 1, 21, 0, 30, 32, 24, 3, 2, 4, 7, 16, 17, 26, 28, 36, 37]",5,0.8,1.0,0.888888888888889,1.0,1,4,5,4
smd,group23_evaluation,machine-2-7,treeshap_iforest,1,17,20853,20857,"[12, 8, 13, 14, 11, 5, 29, 18, 33, 20, 31, 6, 27, 15, 22, 19, 0, 24, 9, 3, 1, 10, 34, 23, 35, 32, 30, 25, 21, 2, 4, 7, 16, 17, 26, 28, 36, 37]",1,1.0,0.25,0.4,1.0,1,4,1,1
smd,group23_evaluation,machine-2-7,treeshap_iforest,1,17,20853,20857,"[12, 8, 13, 14, 11, 5, 29, 18, 33, 20, 31, 6, 27, 15, 22, 19, 0, 24, 9, 3, 1, 10, 34, 23, 35, 32, 30, 25, 21, 2, 4, 7, 16, 17, 26, 28, 36, 37]",3,1.0,0.75,0.8571428571428571,1.0,1,4,3,3
smd,group23_evaluation,machine-2-7,treeshap_iforest,1,17,20853,20857,"[12, 8, 13, 14, 11, 5, 29, 18, 33, 20, 31, 6, 27, 15, 22, 19, 0, 24, 9, 3, 1, 10, 34, 23, 35, 32, 30, 25, 21, 2, 4, 7, 16, 17, 26, 28, 36, 37]",5,0.8,1.0,0.888888888888889,1.0,1,4,5,4
smd,group23_evaluation,machine-2-7,treeshap_iforest,1,18,22291,22296,"[8, 14, 12, 13, 5, 11, 31, 29, 33, 22, 6, 18, 20, 15, 27, 9, 10, 19, 1, 23, 34, 24, 35, 2, 21, 0, 25, 30, 32, 3, 4, 7, 16, 17, 26, 28, 36, 37]",1,1.0,0.25,0.4,1.0,1,4,1,1
smd,group23_evaluation,machine-2-7,treeshap_iforest,1,18,22291,22296,"[8, 14, 12, 13, 5, 11, 31, 29, 33, 22, 6, 18, 20, 15, 27, 9, 10, 19, 1, 23, 34, 24, 35, 2, 21, 0, 25, 30, 32, 3, 4, 7, 16, 17, 26, 28, 36, 37]",3,1.0,0.75,0.8571428571428571,1.0,1,4,3,3
smd,group23_evaluation,machine-2-7,treeshap_iforest,1,18,22291,22296,"[8, 14, 12, 13, 5, 11, 31, 29, 33, 22, 6, 18, 20, 15, 27, 9, 10, 19, 1, 23, 34, 24, 35, 2, 21, 0, 25, 30, 32, 3, 4, 7, 16, 17, 26, 28, 36, 37]",5,0.8,1.0,0.888888888888889,1.0,1,4,5,4
smd,group23_evaluation,machine-2-7,treeshap_iforest,1,19,22924,22927,"[9, 12, 5, 20, 27, 18, 8, 29, 21, 32, 35, 34, 30, 11, 15, 1, 24, 33, 10, 0, 13, 2, 22, 14, 19, 23, 3, 25, 31, 6, 4, 7, 16, 17, 26, 28, 36, 37]",1,1.0,1.0,1.0,1.0,1,1,1,1
smd,group23_evaluation,machine-2-7,treeshap_iforest,1,19,22924,22927,"[9, 12, 5, 20, 27, 18, 8, 29, 21, 32, 35, 34, 30, 11, 15, 1, 24, 33, 10, 0, 13, 2, 22, 14, 19, 23, 3, 25, 31, 6, 4, 7, 16, 17, 26, 28, 36, 37]",3,0.3333333333333333,1.0,0.5,1.0,1,1,3,1
smd,group23_evaluation,machine-2-7,treeshap_iforest,1,19,22924,22927,"[9, 12, 5, 20, 27, 18, 8, 29, 21, 32, 35, 34, 30, 11, 15, 1, 24, 33, 10, 0, 13, 2, 22, 14, 19, 23, 3, 25, 31, 6, 4, 7, 16, 17, 26, 28, 36, 37]",5,0.2,1.0,0.33333333333333337,1.0,1,1,5,1
smd,group23_evaluation,machine-2-7,treeshap_iforest,2,0,664,667,"[12, 29, 8, 13, 14, 11, 31, 10, 6, 19, 15, 27, 21, 34, 24, 9, 18, 25, 1, 20, 0, 5, 33, 32, 22, 2, 35, 23, 30, 3, 4, 7, 16, 17, 26, 28, 36, 37]",1,1.0,0.3333333333333333,0.5,1.0,1,3,1,1
smd,group23_evaluation,machine-2-7,treeshap_iforest,2,0,664,667,"[12, 29, 8, 13, 14, 11, 31, 10, 6, 19, 15, 27, 21, 34, 24, 9, 18, 25, 1, 20, 0, 5, 33, 32, 22, 2, 35, 23, 30, 3, 4, 7, 16, 17, 26, 28, 36, 37]",3,0.6666666666666666,0.6666666666666666,0.6666666666666666,0.7039180890341347,1,3,3,2
smd,group23_evaluation,machine-2-7,treeshap_iforest,2,0,664,667,"[12, 29, 8, 13, 14, 11, 31, 10, 6, 19, 15, 27, 21, 34, 24, 9, 18, 25, 1, 20, 0, 5, 33, 32, 22, 2, 35, 23, 30, 3, 4, 7, 16, 17, 26, 28, 36, 37]",5,0.6,1.0,0.7499999999999999,0.9060254355346823,1,3,5,3
smd,group23_evaluation,machine-2-7,treeshap_iforest,2,1,2104,2107,"[12, 29, 8, 13, 25, 23, 31, 11, 27, 34, 33, 10, 15, 18, 21, 20, 1, 9, 6, 0, 19, 5, 14, 32, 24, 35, 3, 22, 30, 2, 4, 7, 16, 17, 26, 28, 36, 37]",1,1.0,0.5,0.6666666666666666,1.0,1,2,1,1
smd,group23_evaluation,machine-2-7,treeshap_iforest,2,1,2104,2107,"[12, 29, 8, 13, 25, 23, 31, 11, 27, 34, 33, 10, 15, 18, 21, 20, 1, 9, 6, 0, 19, 5, 14, 32, 24, 35, 3, 22, 30, 2, 4, 7, 16, 17, 26, 28, 36, 37]",3,0.3333333333333333,0.5,0.4,0.6131471927654584,1,2,3,1
smd,group23_evaluation,machine-2-7,treeshap_iforest,2,1,2104,2107,"[12, 29, 8, 13, 25, 23, 31, 11, 27, 34, 33, 10, 15, 18, 21, 20, 1, 9, 6, 0, 19, 5, 14, 32, 24, 35, 3, 22, 30, 2, 4, 7, 16, 17, 26, 28, 36, 37]",5,0.4,1.0,0.5714285714285715,0.8772153153380493,1,2,5,2
smd,group23_evaluation,machine-2-7,treeshap_iforest,2,2,3544,3547,"[12, 8, 14, 13, 29, 31, 25, 11, 23, 10, 15, 1, 34, 27, 33, 5, 21, 9, 6, 20, 19, 35, 3, 0, 32, 24, 18, 2, 22, 30, 4, 7, 16, 17, 26, 28, 36, 37]",1,1.0,0.25,0.4,1.0,1,4,1,1
smd,group23_evaluation,machine-2-7,treeshap_iforest,2,2,3544,3547,"[12, 8, 14, 13, 29, 31, 25, 11, 23, 10, 15, 1, 34, 27, 33, 5, 21, 9, 6, 20, 19, 35, 3, 0, 32, 24, 18, 2, 22, 30, 4, 7, 16, 17, 26, 28, 36, 37]",3,1.0,0.75,0.8571428571428571,1.0,1,4,3,3
smd,group23_evaluation,machine-2-7,treeshap_iforest,2,2,3544,3547,"[12, 8, 14, 13, 29, 31, 25, 11, 23, 10, 15, 1, 34, 27, 33, 5, 21, 9, 6, 20, 19, 35, 3, 0, 32, 24, 18, 2, 22, 30, 4, 7, 16, 17, 26, 28, 36, 37]",5,0.8,1.0,0.888888888888889,1.0,1,4,5,4
smd,group23_evaluation,machine-2-7,treeshap_iforest,2,3,4984,4987,"[12, 14, 8, 13, 33, 29, 6, 11, 25, 10, 34, 23, 27, 15, 31, 18, 1, 9, 20, 19, 24, 21, 0, 35, 5, 32, 22, 30, 2, 3, 4, 7, 16, 17, 26, 28, 36, 37]",1,1.0,0.25,0.4,1.0,1,4,1,1
smd,group23_evaluation,machine-2-7,treeshap_iforest,2,3,4984,4987,"[12, 14, 8, 13, 33, 29, 6, 11, 25, 10, 34, 23, 27, 15, 31, 18, 1, 9, 20, 19, 24, 21, 0, 35, 5, 32, 22, 30, 2, 3, 4, 7, 16, 17, 26, 28, 36, 37]",3,1.0,0.75,0.8571428571428571,1.0,1,4,3,3
smd,group23_evaluation,machine-2-7,treeshap_iforest,2,3,4984,4987,"[12, 14, 8, 13, 33, 29, 6, 11, 25, 10, 34, 23, 27, 15, 31, 18, 1, 9, 20, 19, 24, 21, 0, 35, 5, 32, 22, 30, 2, 3, 4, 7, 16, 17, 26, 28, 36, 37]",5,0.8,1.0,0.888888888888889,1.0,1,4,5,4
smd,group23_evaluation,machine-2-7,treeshap_iforest,2,4,6030,6034,"[32, 33, 25, 23, 5, 29, 31, 3, 27, 8, 12, 15, 13, 6, 20, 10, 34, 14, 1, 0, 9, 11, 30, 35, 19, 24, 18, 22, 21, 2, 4, 7, 16, 17, 26, 28, 36, 37]",1,1.0,0.5,0.6666666666666666,1.0,1,2,1,1
smd,group23_evaluation,machine-2-7,treeshap_iforest,2,4,6030,6034,"[32, 33, 25, 23, 5, 29, 31, 3, 27, 8, 12, 15, 13, 6, 20, 10, 34, 14, 1, 0, 9, 11, 30, 35, 19, 24, 18, 22, 21, 2, 4, 7, 16, 17, 26, 28, 36, 37]",3,0.6666666666666666,1.0,0.8,1.0,1,2,3,2
smd,group23_evaluation,machine-2-7,treeshap_iforest,2,4,6030,6034,"[32, 33, 25, 23, 5, 29, 31, 3, 27, 8, 12, 15, 13, 6, 20, 10, 34, 14, 1, 0, 9, 11, 30, 35, 19, 24, 18, 22, 21, 2, 4, 7, 16, 17, 26, 28, 36, 37]",5,0.4,1.0,0.5714285714285715,1.0,1,2,5,2
smd,group23_evaluation,machine-2-7,treeshap_iforest,2,5,7665,7669,"[33, 25, 23, 29, 31, 6, 20, 15, 10, 12, 21, 27, 30, 34, 1, 3, 18, 13, 8, 32, 22, 35, 0, 14, 9, 11, 19, 24, 2, 5, 4, 7, 16, 17, 26, 28, 36, 37]",1,0.0,0.0,0.0,0.0,0,1,1,0
smd,group23_evaluation,machine-2-7,treeshap_iforest,2,5,7665,7669,"[33, 25, 23, 29, 31, 6, 20, 15, 10, 12, 21, 27, 30, 34, 1, 3, 18, 13, 8, 32, 22, 35, 0, 14, 9, 11, 19, 24, 2, 5, 4, 7, 16, 17, 26, 28, 36, 37]",3,0.0,0.0,0.0,0.0,0,1,3,0
smd,group23_evaluation,machine-2-7,treeshap_iforest,2,5,7665,7669,"[33, 25, 23, 29, 31, 6, 20, 15, 10, 12, 21, 27, 30, 34, 1, 3, 18, 13, 8, 32, 22, 35, 0, 14, 9, 11, 19, 24, 2, 5, 4, 7, 16, 17, 26, 28, 36, 37]",5,0.2,1.0,0.33333333333333337,0.43067655807339306,1,1,5,1
smd,group23_evaluation,machine-2-7,treeshap_iforest,2,6,7863,7867,"[12, 8, 13, 14, 33, 29, 23, 11, 25, 10, 34, 27, 15, 31, 1, 6, 9, 0, 35, 21, 19, 20, 2, 18, 24, 22, 32, 5, 30, 3, 4, 7, 16, 17, 26, 28, 36, 37]",1,1.0,0.25,0.4,1.0,1,4,1,1
smd,group23_evaluation,machine-2-7,treeshap_iforest,2,6,7863,7867,"[12, 8, 13, 14, 33, 29, 23, 11, 25, 10, 34, 27, 15, 31, 1, 6, 9, 0, 35, 21, 19, 20, 2, 18, 24, 22, 32, 5, 30, 3, 4, 7, 16, 17, 26, 28, 36, 37]",3,1.0,0.75,0.8571428571428571,1.0,1,4,3,3
smd,group23_evaluation,machine-2-7,treeshap_iforest,2,6,7863,7867,"[12, 8, 13, 14, 33, 29, 23, 11, 25, 10, 34, 27, 15, 31, 1, 6, 9, 0, 35, 21, 19, 20, 2, 18, 24, 22, 32, 5, 30, 3, 4, 7, 16, 17, 26, 28, 36, 37]",5,0.8,1.0,0.888888888888889,1.0,1,4,5,4
smd,group23_evaluation,machine-2-7,treeshap_iforest,2,7,9304,9307,"[12, 14, 8, 13, 25, 11, 29, 10, 33, 34, 18, 19, 15, 21, 23, 27, 20, 6, 9, 35, 31, 0, 1, 30, 32, 2, 3, 5, 24, 22, 4, 7, 16, 17, 26, 28, 36, 37]",1,1.0,0.25,0.4,1.0,1,4,1,1
smd,group23_evaluation,machine-2-7,treeshap_iforest,2,7,9304,9307,"[12, 14, 8, 13, 25, 11, 29, 10, 33, 34, 18, 19, 15, 21, 23, 27, 20, 6, 9, 35, 31, 0, 1, 30, 32, 2, 3, 5, 24, 22, 4, 7, 16, 17, 26, 28, 36, 37]",3,1.0,0.75,0.8571428571428571,1.0,1,4,3,3
smd,group23_evaluation,machine-2-7,treeshap_iforest,2,7,9304,9307,"[12, 14, 8, 13, 25, 11, 29, 10, 33, 34, 18, 19, 15, 21, 23, 27, 20, 6, 9, 35, 31, 0, 1, 30, 32, 2, 3, 5, 24, 22, 4, 7, 16, 17, 26, 28, 36, 37]",5,0.8,1.0,0.888888888888889,1.0,1,4,5,4
smd,group23_evaluation,machine-2-7,treeshap_iforest,2,8,10744,10747,"[12, 8, 14, 13, 32, 11, 31, 29, 25, 6, 23, 22, 33, 5, 15, 10, 20, 9, 27, 19, 21, 34, 0, 3, 35, 30, 1, 2, 18, 24, 4, 7, 16, 17, 26, 28, 36, 37]",1,1.0,0.25,0.4,1.0,1,4,1,1
smd,group23_evaluation,machine-2-7,treeshap_iforest,2,8,10744,10747,"[12, 8, 14, 13, 32, 11, 31, 29, 25, 6, 23, 22, 33, 5, 15, 10, 20, 9, 27, 19, 21, 34, 0, 3, 35, 30, 1, 2, 18, 24, 4, 7, 16, 17, 26, 28, 36, 37]",3,1.0,0.75,0.8571428571428571,1.0,1,4,3,3
smd,group23_evaluation,machine-2-7,treeshap_iforest,2,8,10744,10747,"[12, 8, 14, 13, 32, 11, 31, 29, 25, 6, 23, 22, 33, 5, 15, 10, 20, 9, 27, 19, 21, 34, 0, 3, 35, 30, 1, 2, 18, 24, 4, 7, 16, 17, 26, 28, 36, 37]",5,0.8,1.0,0.888888888888889,1.0,1,4,5,4
smd,group23_evaluation,machine-2-7,treeshap_iforest,2,9,12099,12127,"[3, 2, 1, 0, 29, 25, 6, 12, 23, 35, 13, 15, 33, 10, 5, 8, 14, 20, 9, 31, 11, 21, 27, 32, 18, 34, 24, 19, 30, 22, 4, 7, 16, 17, 26, 28, 36, 37]",1,1.0,0.16666666666666666,0.2857142857142857,1.0,1,6,1,1
smd,group23_evaluation,machine-2-7,treeshap_iforest,2,9,12099,12127,"[3, 2, 1, 0, 29, 25, 6, 12, 23, 35, 13, 15, 33, 10, 5, 8, 14, 20, 9, 31, 11, 21, 27, 32, 18, 34, 24, 19, 30, 22, 4, 7, 16, 17, 26, 28, 36, 37]",3,1.0,0.5,0.6666666666666666,1.0,1,6,3,3
smd,group23_evaluation,machine-2-7,treeshap_iforest,2,9,12099,12127,"[3, 2, 1, 0, 29, 25, 6, 12, 23, 35, 13, 15, 33, 10, 5, 8, 14, 20, 9, 31, 11, 21, 27, 32, 18, 34, 24, 19, 30, 22, 4, 7, 16, 17, 26, 28, 36, 37]",5,0.8,0.6666666666666666,0.7272727272727272,0.8687949224876582,1,6,5,4
smd,group23_evaluation,machine-2-7,treeshap_iforest,2,10,13623,13625,"[12, 8, 14, 13, 29, 11, 31, 25, 10, 15, 23, 0, 27, 6, 19, 21, 33, 9, 20, 18, 34, 1, 5, 22, 24, 3, 32, 35, 2, 30, 4, 7, 16, 17, 26, 28, 36, 37]",1,1.0,0.25,0.4,1.0,1,4,1,1
smd,group23_evaluation,machine-2-7,treeshap_iforest,2,10,13623,13625,"[12, 8, 14, 13, 29, 11, 31, 25, 10, 15, 23, 0, 27, 6, 19, 21, 33, 9, 20, 18, 34, 1, 5, 22, 24, 3, 32, 35, 2, 30, 4, 7, 16, 17, 26, 28, 36, 37]",3,1.0,0.75,0.8571428571428571,1.0,1,4,3,3
smd,group23_evaluation,machine-2-7,treeshap_iforest,2,10,13623,13625,"[12, 8, 14, 13, 29, 11, 31, 25, 10, 15, 23, 0, 27, 6, 19, 21, 33, 9, 20, 18, 34, 1, 5, 22, 24, 3, 32, 35, 2, 30, 4, 7, 16, 17, 26, 28, 36, 37]",5,0.8,1.0,0.888888888888889,1.0,1,4,5,4
smd,group23_evaluation,machine-2-7,treeshap_iforest,2,11,14934,14938,"[33, 32, 29, 25, 31, 6, 23, 21, 27, 10, 8, 12, 5, 20, 22, 15, 13, 34, 30, 35, 0, 1, 24, 19, 18, 14, 11, 9, 2, 3, 4, 7, 16, 17, 26, 28, 36, 37]",1,1.0,0.5,0.6666666666666666,1.0,1,2,1,1
smd,group23_evaluation,machine-2-7,treeshap_iforest,2,11,14934,14938,"[33, 32, 29, 25, 31, 6, 23, 21, 27, 10, 8, 12, 5, 20, 22, 15, 13, 34, 30, 35, 0, 1, 24, 19, 18, 14, 11, 9, 2, 3, 4, 7, 16, 17, 26, 28, 36, 37]",3,0.6666666666666666,1.0,0.8,1.0,1,2,3,2
smd,group23_evaluation,machine-2-7,treeshap_iforest,2,11,14934,14938,"[33, 32, 29, 25, 31, 6, 23, 21, 27, 10, 8, 12, 5, 20, 22, 15, 13, 34, 30, 35, 0, 1, 24, 19, 18, 14, 11, 9, 2, 3, 4, 7, 16, 17, 26, 28, 36, 37]",5,0.4,1.0,0.5714285714285715,1.0,1,2,5,2
smd,group23_evaluation,machine-2-7,treeshap_iforest,2,12,15063,15066,"[12, 8, 14, 13, 29, 11, 33, 25, 10, 5, 31, 23, 35, 15, 20, 0, 34, 18, 1, 9, 21, 27, 22, 6, 30, 24, 2, 19, 32, 3, 4, 7, 16, 17, 26, 28, 36, 37]",1,1.0,0.25,0.4,1.0,1,4,1,1
smd,group23_evaluation,machine-2-7,treeshap_iforest,2,12,15063,15066,"[12, 8, 14, 13, 29, 11, 33, 25, 10, 5, 31, 23, 35, 15, 20, 0, 34, 18, 1, 9, 21, 27, 22, 6, 30, 24, 2, 19, 32, 3, 4, 7, 16, 17, 26, 28, 36, 37]",3,1.0,0.75,0.8571428571428571,1.0,1,4,3,3
smd,group23_evaluation,machine-2-7,treeshap_iforest,2,12,15063,15066,"[12, 8, 14, 13, 29, 11, 33, 25, 10, 5, 31, 23, 35, 15, 20, 0, 34, 18, 1, 9, 21, 27, 22, 6, 30, 24, 2, 19, 32, 3, 4, 7, 16, 17, 26, 28, 36, 37]",5,0.8,1.0,0.888888888888889,1.0,1,4,5,4
smd,group23_evaluation,machine-2-7,treeshap_iforest,2,13,16534,16557,"[32, 8, 12, 14, 0, 29, 13, 33, 11, 25, 10, 15, 19, 6, 31, 21, 27, 34, 1, 9, 22, 18, 20, 35, 24, 2, 30, 5, 3, 23, 4, 7, 16, 17, 26, 28, 36, 37]",1,0.0,0.0,0.0,0.0,0,4,1,0
smd,group23_evaluation,machine-2-7,treeshap_iforest,2,13,16534,16557,"[32, 8, 12, 14, 0, 29, 13, 33, 11, 25, 10, 15, 19, 6, 31, 21, 27, 34, 1, 9, 22, 18, 20, 35, 24, 2, 30, 5, 3, 23, 4, 7, 16, 17, 26, 28, 36, 37]",3,0.6666666666666666,0.5,0.5714285714285715,0.5307212739772434,1,4,3,2
smd,group23_evaluation,machine-2-7,treeshap_iforest,2,13,16534,16557,"[32, 8, 12, 14, 0, 29, 13, 33, 11, 25, 10, 15, 19, 6, 31, 21, 27, 34, 1, 9, 22, 18, 20, 35, 24, 2, 30, 5, 3, 23, 4, 7, 16, 17, 26, 28, 36, 37]",5,0.6,0.75,0.6666666666666665,0.6096199500078984,1,4,5,3
smd,group23_evaluation,machine-2-7,treeshap_iforest,2,14,17978,17981,"[8, 14, 12, 13, 29, 0, 11, 25, 10, 15, 34, 23, 5, 27, 24, 21, 33, 18, 19, 6, 1, 9, 31, 35, 32, 20, 2, 30, 22, 3, 4, 7, 16, 17, 26, 28, 36, 37]",1,1.0,0.25,0.4,1.0,1,4,1,1
smd,group23_evaluation,machine-2-7,treeshap_iforest,2,14,17978,17981,"[8, 14, 12, 13, 29, 0, 11, 25, 10, 15, 34, 23, 5, 27, 24, 21, 33, 18, 19, 6, 1, 9, 31, 35, 32, 20, 2, 30, 22, 3, 4, 7, 16, 17, 26, 28, 36, 37]",3,1.0,0.75,0.8571428571428571,1.0,1,4,3,3
smd,group23_evaluation,machine-2-7,treeshap_iforest,2,14,17978,17981,"[8, 14, 12, 13, 29, 0, 11, 25, 10, 15, 34, 23, 5, 27, 24, 21, 33, 18, 19, 6, 1, 9, 31, 35, 32, 20, 2, 30, 22, 3, 4, 7, 16, 17, 26, 28, 36, 37]",5,0.8,1.0,0.888888888888889,1.0,1,4,5,4
smd,group23_evaluation,machine-2-7,treeshap_iforest,2,15,18639,18944,"[10, 15, 18, 27, 19, 21, 30, 20, 1, 0, 2, 3, 24, 35, 5, 22, 29, 6, 34, 32, 31, 25, 23, 33, 12, 8, 13, 14, 9, 11, 4, 7, 16, 17, 26, 28, 36, 37]",1,1.0,0.047619047619047616,0.0909090909090909,1.0,1,21,1,1
smd,group23_evaluation,machine-2-7,treeshap_iforest,2,15,18639,18944,"[10, 15, 18, 27, 19, 21, 30, 20, 1, 0, 2, 3, 24, 35, 5, 22, 29, 6, 34, 32, 31, 25, 23, 33, 12, 8, 13, 14, 9, 11, 4, 7, 16, 17, 26, 28, 36, 37]",3,1.0,0.14285714285714285,0.25,1.0,1,21,3,3
smd,group23_evaluation,machine-2-7,treeshap_iforest,2,15,18639,18944,"[10, 15, 18, 27, 19, 21, 30, 20, 1, 0, 2, 3, 24, 35, 5, 22, 29, 6, 34, 32, 31, 25, 23, 33, 12, 8, 13, 14, 9, 11, 4, 7, 16, 17, 26, 28, 36, 37]",5,1.0,0.23809523809523808,0.3846153846153846,1.0,1,21,5,5
smd,group23_evaluation,machine-2-7,treeshap_iforest,2,16,19411,19418,"[8, 14, 12, 13, 5, 6, 11, 31, 29, 25, 10, 15, 27, 34, 23, 19, 18, 35, 33, 24, 1, 21, 9, 20, 32, 0, 22, 30, 2, 3, 4, 7, 16, 17, 26, 28, 36, 37]",1,1.0,0.25,0.4,1.0,1,4,1,1
smd,group23_evaluation,machine-2-7,treeshap_iforest,2,16,19411,19418,"[8, 14, 12, 13, 5, 6, 11, 31, 29, 25, 10, 15, 27, 34, 23, 19, 18, 35, 33, 24, 1, 21, 9, 20, 32, 0, 22, 30, 2, 3, 4, 7, 16, 17, 26, 28, 36, 37]",3,1.0,0.75,0.8571428571428571,1.0,1,4,3,3
smd,group23_evaluation,machine-2-7,treeshap_iforest,2,16,19411,19418,"[8, 14, 12, 13, 5, 6, 11, 31, 29, 25, 10, 15, 27, 34, 23, 19, 18, 35, 33, 24, 1, 21, 9, 20, 32, 0, 22, 30, 2, 3, 4, 7, 16, 17, 26, 28, 36, 37]",5,0.8,1.0,0.888888888888889,1.0,1,4,5,4
smd,group23_evaluation,machine-2-7,treeshap_iforest,2,17,20853,20857,"[12, 8, 14, 13, 29, 11, 5, 10, 34, 15, 19, 18, 20, 27, 21, 33, 31, 0, 9, 6, 25, 35, 1, 24, 32, 30, 23, 3, 22, 2, 4, 7, 16, 17, 26, 28, 36, 37]",1,1.0,0.25,0.4,1.0,1,4,1,1
smd,group23_evaluation,machine-2-7,treeshap_iforest,2,17,20853,20857,"[12, 8, 14, 13, 29, 11, 5, 10, 34, 15, 19, 18, 20, 27, 21, 33, 31, 0, 9, 6, 25, 35, 1, 24, 32, 30, 23, 3, 22, 2, 4, 7, 16, 17, 26, 28, 36, 37]",3,1.0,0.75,0.8571428571428571,1.0,1,4,3,3
smd,group23_evaluation,machine-2-7,treeshap_iforest,2,17,20853,20857,"[12, 8, 14, 13, 29, 11, 5, 10, 34, 15, 19, 18, 20, 27, 21, 33, 31, 0, 9, 6, 25, 35, 1, 24, 32, 30, 23, 3, 22, 2, 4, 7, 16, 17, 26, 28, 36, 37]",5,0.8,1.0,0.888888888888889,1.0,1,4,5,4
smd,group23_evaluation,machine-2-7,treeshap_iforest,2,18,22291,22296,"[12, 14, 8, 13, 5, 31, 11, 29, 33, 10, 15, 27, 34, 6, 20, 18, 1, 9, 19, 21, 0, 25, 22, 32, 35, 30, 23, 24, 2, 3, 4, 7, 16, 17, 26, 28, 36, 37]",1,1.0,0.25,0.4,1.0,1,4,1,1
smd,group23_evaluation,machine-2-7,treeshap_iforest,2,18,22291,22296,"[12, 14, 8, 13, 5, 31, 11, 29, 33, 10, 15, 27, 34, 6, 20, 18, 1, 9, 19, 21, 0, 25, 22, 32, 35, 30, 23, 24, 2, 3, 4, 7, 16, 17, 26, 28, 36, 37]",3,1.0,0.75,0.8571428571428571,1.0,1,4,3,3
smd,group23_evaluation,machine-2-7,treeshap_iforest,2,18,22291,22296,"[12, 14, 8, 13, 5, 31, 11, 29, 33, 10, 15, 27, 34, 6, 20, 18, 1, 9, 19, 21, 0, 25, 22, 32, 35, 30, 23, 24, 2, 3, 4, 7, 16, 17, 26, 28, 36, 37]",5,0.8,1.0,0.888888888888889,1.0,1,4,5,4
smd,group23_evaluation,machine-2-7,treeshap_iforest,2,19,22924,22927,"[9, 12, 29, 5, 8, 35, 18, 24, 10, 20, 34, 15, 25, 30, 13, 27, 32, 3, 21, 11, 6, 22, 0, 1, 2, 33, 14, 31, 19, 23, 4, 7, 16, 17, 26, 28, 36, 37]",1,1.0,1.0,1.0,1.0,1,1,1,1
smd,group23_evaluation,machine-2-7,treeshap_iforest,2,19,22924,22927,"[9, 12, 29, 5, 8, 35, 18, 24, 10, 20, 34, 15, 25, 30, 13, 27, 32, 3, 21, 11, 6, 22, 0, 1, 2, 33, 14, 31, 19, 23, 4, 7, 16, 17, 26, 28, 36, 37]",3,0.3333333333333333,1.0,0.5,1.0,1,1,3,1
smd,group23_evaluation,machine-2-7,treeshap_iforest,2,19,22924,22927,"[9, 12, 29, 5, 8, 35, 18, 24, 10, 20, 34, 15, 25, 30, 13, 27, 32, 3, 21, 11, 6, 22, 0, 1, 2, 33, 14, 31, 19, 23, 4, 7, 16, 17, 26, 28, 36, 37]",5,0.2,1.0,0.33333333333333337,1.0,1,1,5,1
smd,group23_evaluation,machine-2-8,treeshap_iforest,0,0,17580,17741,"[31, 22, 24, 10, 9, 5, 1, 12, 13, 8, 32, 23, 3, 11, 15, 33, 4, 14, 6, 2, 29, 30, 20, 21, 27, 25, 34, 35, 0, 18, 19, 7, 16, 17, 26, 28, 36, 37]",1,1.0,0.029411764705882353,0.05714285714285715,1.0,1,34,1,1
smd,group23_evaluation,machine-2-8,treeshap_iforest,0,0,17580,17741,"[31, 22, 24, 10, 9, 5, 1, 12, 13, 8, 32, 23, 3, 11, 15, 33, 4, 14, 6, 2, 29, 30, 20, 21, 27, 25, 34, 35, 0, 18, 19, 7, 16, 17, 26, 28, 36, 37]",3,1.0,0.08823529411764706,0.1621621621621622,1.0,1,34,3,3
smd,group23_evaluation,machine-2-8,treeshap_iforest,0,0,17580,17741,"[31, 22, 24, 10, 9, 5, 1, 12, 13, 8, 32, 23, 3, 11, 15, 33, 4, 14, 6, 2, 29, 30, 20, 21, 27, 25, 34, 35, 0, 18, 19, 7, 16, 17, 26, 28, 36, 37]",5,1.0,0.14705882352941177,0.25641025641025644,1.0,1,34,5,5
smd,group23_evaluation,machine-2-8,treeshap_iforest,1,0,17580,17741,"[22, 24, 10, 9, 8, 31, 5, 32, 2, 13, 14, 29, 15, 3, 1, 11, 23, 6, 12, 0, 27, 4, 30, 33, 20, 21, 35, 25, 34, 18, 19, 7, 16, 17, 26, 28, 36, 37]",1,1.0,0.029411764705882353,0.05714285714285715,1.0,1,34,1,1
smd,group23_evaluation,machine-2-8,treeshap_iforest,1,0,17580,17741,"[22, 24, 10, 9, 8, 31, 5, 32, 2, 13, 14, 29, 15, 3, 1, 11, 23, 6, 12, 0, 27, 4, 30, 33, 20, 21, 35, 25, 34, 18, 19, 7, 16, 17, 26, 28, 36, 37]",3,1.0,0.08823529411764706,0.1621621621621622,1.0,1,34,3,3
smd,group23_evaluation,machine-2-8,treeshap_iforest,1,0,17580,17741,"[22, 24, 10, 9, 8, 31, 5, 32, 2, 13, 14, 29, 15, 3, 1, 11, 23, 6, 12, 0, 27, 4, 30, 33, 20, 21, 35, 25, 34, 18, 19, 7, 16, 17, 26, 28, 36, 37]",5,1.0,0.14705882352941177,0.25641025641025644,1.0,1,34,5,5
smd,group23_evaluation,machine-2-8,treeshap_iforest,2,0,17580,17741,"[10, 9, 31, 24, 22, 1, 5, 29, 11, 8, 12, 2, 32, 13, 3, 14, 6, 15, 4, 23, 33, 18, 0, 21, 30, 27, 19, 25, 35, 34, 20, 7, 16, 17, 26, 28, 36, 37]",1,1.0,0.029411764705882353,0.05714285714285715,1.0,1,34,1,1
smd,group23_evaluation,machine-2-8,treeshap_iforest,2,0,17580,17741,"[10, 9, 31, 24, 22, 1, 5, 29, 11, 8, 12, 2, 32, 13, 3, 14, 6, 15, 4, 23, 33, 18, 0, 21, 30, 27, 19, 25, 35, 34, 20, 7, 16, 17, 26, 28, 36, 37]",3,1.0,0.08823529411764706,0.1621621621621622,1.0,1,34,3,3
smd,group23_evaluation,machine-2-8,treeshap_iforest,2,0,17580,17741,"[10, 9, 31, 24, 22, 1, 5, 29, 11, 8, 12, 2, 32, 13, 3, 14, 6, 15, 4, 23, 33, 18, 0, 21, 30, 27, 19, 25, 35, 34, 20, 7, 16, 17, 26, 28, 36, 37]",5,1.0,0.14705882352941177,0.25641025641025644,1.0,1,34,5,5
smd,group23_evaluation,machine-2-9,treeshap_iforest,0,0,15131,15253,"[1, 18, 3, 31, 19, 21, 30, 20, 27, 2, 0, 6, 34, 8, 5, 12, 23, 10, 35, 14, 11, 15, 33, 13, 22, 24, 25, 29, 9, 32, 4, 7, 16, 17, 26, 28, 36, 37]",1,1.0,0.08333333333333333,0.15384615384615385,1.0,1,12,1,1
smd,group23_evaluation,machine-2-9,treeshap_iforest,0,0,15131,15253,"[1, 18, 3, 31, 19, 21, 30, 20, 27, 2, 0, 6, 34, 8, 5, 12, 23, 10, 35, 14, 11, 15, 33, 13, 22, 24, 25, 29, 9, 32, 4, 7, 16, 17, 26, 28, 36, 37]",3,1.0,0.25,0.4,1.0,1,12,3,3
smd,group23_evaluation,machine-2-9,treeshap_iforest,0,0,15131,15253,"[1, 18, 3, 31, 19, 21, 30, 20, 27, 2, 0, 6, 34, 8, 5, 12, 23, 10, 35, 14, 11, 15, 33, 13, 22, 24, 25, 29, 9, 32, 4, 7, 16, 17, 26, 28, 36, 37]",5,0.8,0.3333333333333333,0.47058823529411764,0.8539316501572937,1,12,5,4
smd,group23_evaluation,machine-2-9,treeshap_iforest,0,1,15598,16012,"[6, 8, 14, 5, 31, 12, 1, 11, 18, 30, 19, 3, 21, 20, 27, 2, 0, 10, 13, 15, 9, 23, 33, 34, 22, 25, 35, 24, 29, 32, 4, 7, 16, 17, 26, 28, 36, 37]",1,0.0,0.0,0.0,0.0,0,18,1,0
smd,group23_evaluation,machine-2-9,treeshap_iforest,0,1,15598,16012,"[6, 8, 14, 5, 31, 12, 1, 11, 18, 30, 19, 3, 21, 20, 27, 2, 0, 10, 13, 15, 9, 23, 33, 34, 22, 25, 35, 24, 29, 32, 4, 7, 16, 17, 26, 28, 36, 37]",3,0.6666666666666666,0.1111111111111111,0.1904761904761905,0.5307212739772434,1,18,3,2
smd,group23_evaluation,machine-2-9,treeshap_iforest,0,1,15598,16012,"[6, 8, 14, 5, 31, 12, 1, 11, 18, 30, 19, 3, 21, 20, 27, 2, 0, 10, 13, 15, 9, 23, 33, 34, 22, 25, 35, 24, 29, 32, 4, 7, 16, 17, 26, 28, 36, 37]",5,0.4,0.1111111111111111,0.1739130434782609,0.38356636737133565,1,18,5,2
smd,group23_evaluation,machine-2-9,treeshap_iforest,0,2,16729,16982,"[8, 6, 14, 12, 11, 5, 13, 9, 0, 10, 33, 23, 1, 22, 31, 34, 15, 25, 3, 2, 20, 18, 19, 27, 30, 21, 35, 24, 29, 32, 4, 7, 16, 17, 26, 28, 36, 37]",1,1.0,0.125,0.2222222222222222,1.0,1,8,1,1
smd,group23_evaluation,machine-2-9,treeshap_iforest,0,2,16729,16982,"[8, 6, 14, 12, 11, 5, 13, 9, 0, 10, 33, 23, 1, 22, 31, 34, 15, 25, 3, 2, 20, 18, 19, 27, 30, 21, 35, 24, 29, 32, 4, 7, 16, 17, 26, 28, 36, 37]",3,0.6666666666666666,0.25,0.36363636363636365,0.7039180890341347,1,8,3,2
smd,group23_evaluation,machine-2-9,treeshap_iforest,0,2,16729,16982,"[8, 6, 14, 12, 11, 5, 13, 9, 0, 10, 33, 23, 1, 22, 31, 34, 15, 25, 3, 2, 20, 18, 19, 27, 30, 21, 35, 24, 29, 32, 4, 7, 16, 17, 26, 28, 36, 37]",5,0.8,0.5,0.6153846153846154,0.7860137352654724,1,8,5,4
smd,group23_evaluation,machine-2-9,treeshap_iforest,0,3,17083,17286,"[1, 18, 3, 31, 19, 21, 30, 20, 2, 27, 6, 0, 5, 24, 34, 8, 12, 23, 22, 33, 13, 35, 10, 11, 14, 15, 29, 25, 32, 9, 4, 7, 16, 17, 26, 28, 36, 37]",1,1.0,0.05,0.09523809523809523,1.0,1,20,1,1
smd,group23_evaluation,machine-2-9,treeshap_iforest,0,3,17083,17286,"[1, 18, 3, 31, 19, 21, 30, 20, 2, 27, 6, 0, 5, 24, 34, 8, 12, 23, 22, 33, 13, 35, 10, 11, 14, 15, 29, 25, 32, 9, 4, 7, 16, 17, 26, 28, 36, 37]",3,1.0,0.15,0.2608695652173913,1.0,1,20,3,3
smd,group23_evaluation,machine-2-9,treeshap_iforest,0,3,17083,17286,"[1, 18, 3, 31, 19, 21, 30, 20, 2, 27, 6, 0, 5, 24, 34, 8, 12, 23, 22, 33, 13, 35, 10, 11, 14, 15, 29, 25, 32, 9, 4, 7, 16, 17, 26, 28, 36, 37]",5,1.0,0.25,0.4,1.0,1,20,5,5
smd,group23_evaluation,machine-2-9,treeshap_iforest,0,4,17914,18096,"[6, 8, 14, 11, 12, 5, 10, 0, 9, 23, 15, 33, 25, 13, 18, 1, 31, 2, 34, 22, 30, 3, 21, 27, 20, 19, 35, 24, 29, 32, 4, 7, 16, 17, 26, 28, 36, 37]",1,0.0,0.0,0.0,0.0,0,5,1,0
smd,group23_evaluation,machine-2-9,treeshap_iforest,0,4,17914,18096,"[6, 8, 14, 11, 12, 5, 10, 0, 9, 23, 15, 33, 25, 13, 18, 1, 31, 2, 34, 22, 30, 3, 21, 27, 20, 19, 35, 24, 29, 32, 4, 7, 16, 17, 26, 28, 36, 37]",3,0.3333333333333333,0.2,0.25,0.23463936301137822,1,5,3,1
smd,group23_evaluation,machine-2-9,treeshap_iforest,0,4,17914,18096,"[6, 8, 14, 11, 12, 5, 10, 0, 9, 23, 15, 33, 25, 13, 18, 1, 31, 2, 34, 22, 30, 3, 21, 27, 20, 19, 35, 24, 29, 32, 4, 7, 16, 17, 26, 28, 36, 37]",5,0.6,0.6,0.6,0.4468535299918563,1,5,5,3
smd,group23_evaluation,machine-2-9,treeshap_iforest,0,5,19157,19501,"[23, 25, 6, 8, 14, 11, 12, 5, 35, 9, 10, 15, 13, 34, 22, 31, 27, 33, 1, 0, 20, 30, 2, 18, 3, 21, 24, 29, 19, 32, 4, 7, 16, 17, 26, 28, 36, 37]",1,0.0,0.0,0.0,0.0,0,9,1,0
smd,group23_evaluation,machine-2-9,treeshap_iforest,0,5,19157,19501,"[23, 25, 6, 8, 14, 11, 12, 5, 35, 9, 10, 15, 13, 34, 22, 31, 27, 33, 1, 0, 20, 30, 2, 18, 3, 21, 24, 29, 19, 32, 4, 7, 16, 17, 26, 28, 36, 37]",3,0.0,0.0,0.0,0.0,0,9,3,0
smd,group23_evaluation,machine-2-9,treeshap_iforest,0,5,19157,19501,"[23, 25, 6, 8, 14, 11, 12, 5, 35, 9, 10, 15, 13, 34, 22, 31, 27, 33, 1, 0, 20, 30, 2, 18, 3, 21, 24, 29, 19, 32, 4, 7, 16, 17, 26, 28, 36, 37]",5,0.4,0.2222222222222222,0.2857142857142857,0.27727342735504823,1,9,5,2
smd,group23_evaluation,machine-2-9,treeshap_iforest,0,6,20615,20845,"[6, 8, 14, 12, 11, 5, 23, 9, 10, 33, 15, 25, 22, 13, 31, 20, 18, 0, 1, 2, 34, 3, 30, 19, 27, 21, 24, 35, 29, 32, 4, 7, 16, 17, 26, 28, 36, 37]",1,0.0,0.0,0.0,0.0,0,8,1,0
smd,group23_evaluation,machine-2-9,treeshap_iforest,0,6,20615,20845,"[6, 8, 14, 12, 11, 5, 23, 9, 10, 33, 15, 25, 22, 13, 31, 20, 18, 0, 1, 2, 34, 3, 30, 19, 27, 21, 24, 35, 29, 32, 4, 7, 16, 17, 26, 28, 36, 37]",3,0.6666666666666666,0.25,0.36363636363636365,0.5307212739772434,1,8,3,2
smd,group23_evaluation,machine-2-9,treeshap_iforest,0,6,20615,20845,"[6, 8, 14, 12, 11, 5, 23, 9, 10, 33, 15, 25, 22, 13, 31, 20, 18, 0, 1, 2, 34, 3, 30, 19, 27, 21, 24, 35, 29, 32, 4, 7, 16, 17, 26, 28, 36, 37]",5,0.8,0.5,0.6153846153846154,0.6608397947263839,1,8,5,4
smd,group23_evaluation,machine-2-9,treeshap_iforest,0,7,24475,24478,"[8, 14, 6, 11, 12, 5, 13, 0, 33, 10, 34, 20, 18, 1, 2, 21, 15, 3, 22, 30, 27, 35, 23, 31, 25, 9, 29, 24, 19, 32, 4, 7, 16, 17, 26, 28, 36, 37]",1,1.0,0.25,0.4,1.0,1,4,1,1
smd,group23_evaluation,machine-2-9,treeshap_iforest,0,7,24475,24478,"[8, 14, 6, 11, 12, 5, 13, 0, 33, 10, 34, 20, 18, 1, 2, 21, 15, 3, 22, 30, 27, 35, 23, 31, 25, 9, 29, 24, 19, 32, 4, 7, 16, 17, 26, 28, 36, 37]",3,0.6666666666666666,0.5,0.5714285714285715,0.7653606369886217,1,4,3,2
smd,group23_evaluation,machine-2-9,treeshap_iforest,0,7,24475,24478,"[8, 14, 6, 11, 12, 5, 13, 0, 33, 10, 34, 20, 18, 1, 2, 21, 15, 3, 22, 30, 27, 35, 23, 31, 25, 9, 29, 24, 19, 32, 4, 7, 16, 17, 26, 28, 36, 37]",5,0.6,0.75,0.6666666666666665,0.787702056960637,1,4,5,3
smd,group23_evaluation,machine-2-9,treeshap_iforest,0,8,25904,25906,"[8, 6, 14, 1, 12, 11, 13, 5, 15, 10, 22, 2, 3, 33, 0, 31, 18, 34, 30, 20, 19, 35, 27, 21, 25, 23, 24, 29, 9, 32, 4, 7, 16, 17, 26, 28, 36, 37]",1,1.0,0.25,0.4,1.0,1,4,1,1
smd,group23_evaluation,machine-2-9,treeshap_iforest,0,8,25904,25906,"[8, 6, 14, 1, 12, 11, 13, 5, 15, 10, 22, 2, 3, 33, 0, 31, 18, 34, 30, 20, 19, 35, 27, 21, 25, 23, 24, 29, 9, 32, 4, 7, 16, 17, 26, 28, 36, 37]",3,0.6666666666666666,0.5,0.5714285714285715,0.7039180890341347,1,4,3,2
smd,group23_evaluation,machine-2-9,treeshap_iforest,0,8,25904,25906,"[8, 6, 14, 1, 12, 11, 13, 5, 15, 10, 22, 2, 3, 33, 0, 31, 18, 34, 30, 20, 19, 35, 27, 21, 25, 23, 24, 29, 9, 32, 4, 7, 16, 17, 26, 28, 36, 37]",5,0.6,0.75,0.6666666666666665,0.7365896932159578,1,4,5,3
smd,group23_evaluation,machine-2-9,treeshap_iforest,0,9,27356,27358,"[8, 6, 14, 11, 12, 5, 13, 22, 31, 34, 0, 18, 21, 33, 27, 15, 10, 23, 3, 1, 20, 19, 25, 30, 2, 35, 24, 29, 9, 32, 4, 7, 16, 17, 26, 28, 36, 37]",1,1.0,0.25,0.4,1.0,1,4,1,1
smd,group23_evaluation,machine-2-9,treeshap_iforest,0,9,27356,27358,"[8, 6, 14, 11, 12, 5, 13, 22, 31, 34, 0, 18, 21, 33, 27, 15, 10, 23, 3, 1, 20, 19, 25, 30, 2, 35, 24, 29, 9, 32, 4, 7, 16, 17, 26, 28, 36, 37]",3,0.6666666666666666,0.5,0.5714285714285715,0.7039180890341347,1,4,3,2
smd,group23_evaluation,machine-2-9,treeshap_iforest,0,9,27356,27358,"[8, 6, 14, 11, 12, 5, 13, 22, 31, 34, 0, 18, 21, 33, 27, 15, 10, 23, 3, 1, 20, 19, 25, 30, 2, 35, 24, 29, 9, 32, 4, 7, 16, 17, 26, 28, 36, 37]",5,0.6,0.75,0.6666666666666665,0.7365896932159578,1,4,5,3
smd,group23_evaluation,machine-2-9,treeshap_iforest,1,0,15131,15253,"[19, 18, 27, 31, 21, 30, 2, 1, 3, 20, 0, 6, 34, 5, 8, 12, 15, 10, 35, 14, 11, 25, 33, 24, 13, 23, 22, 29, 32, 9, 4, 7, 16, 17, 26, 28, 36, 37]",1,1.0,0.08333333333333333,0.15384615384615385,1.0,1,12,1,1
smd,group23_evaluation,machine-2-9,treeshap_iforest,1,0,15131,15253,"[19, 18, 27, 31, 21, 30, 2, 1, 3, 20, 0, 6, 34, 5, 8, 12, 15, 10, 35, 14, 11, 25, 33, 24, 13, 23, 22, 29, 32, 9, 4, 7, 16, 17, 26, 28, 36, 37]",3,1.0,0.25,0.4,1.0,1,12,3,3
smd,group23_evaluation,machine-2-9,treeshap_iforest,1,0,15131,15253,"[19, 18, 27, 31, 21, 30, 2, 1, 3, 20, 0, 6, 34, 5, 8, 12, 15, 10, 35, 14, 11, 25, 33, 24, 13, 23, 22, 29, 32, 9, 4, 7, 16, 17, 26, 28, 36, 37]",5,0.8,0.3333333333333333,0.47058823529411764,0.8539316501572937,1,12,5,4
smd,group23_evaluation,machine-2-9,treeshap_iforest,1,1,15598,16012,"[6, 14, 8, 19, 18, 31, 12, 11, 27, 30, 21, 2, 5, 20, 1, 0, 3, 15, 10, 13, 23, 33, 35, 34, 25, 22, 9, 24, 29, 32, 4, 7, 16, 17, 26, 28, 36, 37]",1,0.0,0.0,0.0,0.0,0,18,1,0
smd,group23_evaluation,machine-2-9,treeshap_iforest,1,1,15598,16012,"[6, 14, 8, 19, 18, 31, 12, 11, 27, 30, 21, 2, 5, 20, 1, 0, 3, 15, 10, 13, 23, 33, 35, 34, 25, 22, 9, 24, 29, 32, 4, 7, 16, 17, 26, 28, 36, 37]",3,0.6666666666666666,0.1111111111111111,0.1904761904761905,0.5307212739772434,1,18,3,2
smd,group23_evaluation,machine-2-9,treeshap_iforest,1,1,15598,16012,"[6, 14, 8, 19, 18, 31, 12, 11, 27, 30, 21, 2, 5, 20, 1, 0, 3, 15, 10, 13, 23, 33, 35, 34, 25, 22, 9, 24, 29, 32, 4, 7, 16, 17, 26, 28, 36, 37]",5,0.8,0.2222222222222222,0.3478260869565218,0.6608397947263839,1,18,5,4
smd,group23_evaluation,machine-2-9,treeshap_iforest,1,2,16729,16982,"[14, 8, 6, 11, 12, 5, 0, 13, 23, 2, 15, 10, 1, 31, 33, 27, 22, 25, 34, 20, 9, 19, 3, 35, 21, 24, 18, 30, 29, 32, 4, 7, 16, 17, 26, 28, 36, 37]",1,1.0,0.125,0.2222222222222222,1.0,1,8,1,1
smd,group23_evaluation,machine-2-9,treeshap_iforest,1,2,16729,16982,"[14, 8, 6, 11, 12, 5, 0, 13, 23, 2, 15, 10, 1, 31, 33, 27, 22, 25, 34, 20, 9, 19, 3, 35, 21, 24, 18, 30, 29, 32, 4, 7, 16, 17, 26, 28, 36, 37]",3,0.6666666666666666,0.25,0.36363636363636365,0.7653606369886217,1,8,3,2
smd,group23_evaluation,machine-2-9,treeshap_iforest,1,2,16729,16982,"[14, 8, 6, 11, 12, 5, 0, 13, 23, 2, 15, 10, 1, 31, 33, 27, 22, 25, 34, 20, 9, 19, 3, 35, 21, 24, 18, 30, 29, 32, 4, 7, 16, 17, 26, 28, 36, 37]",5,0.8,0.5,0.6153846153846154,0.830419897363192,1,8,5,4
smd,group23_evaluation,machine-2-9,treeshap_iforest,1,3,17083,17286,"[19, 18, 27, 31, 21, 30, 2, 1, 3, 20, 0, 6, 24, 5, 34, 12, 8, 11, 35, 10, 22, 33, 13, 15, 14, 25, 29, 23, 32, 9, 4, 7, 16, 17, 26, 28, 36, 37]",1,1.0,0.05,0.09523809523809523,1.0,1,20,1,1
smd,group23_evaluation,machine-2-9,treeshap_iforest,1,3,17083,17286,"[19, 18, 27, 31, 21, 30, 2, 1, 3, 20, 0, 6, 24, 5, 34, 12, 8, 11, 35, 10, 22, 33, 13, 15, 14, 25, 29, 23, 32, 9, 4, 7, 16, 17, 26, 28, 36, 37]",3,1.0,0.15,0.2608695652173913,1.0,1,20,3,3
smd,group23_evaluation,machine-2-9,treeshap_iforest,1,3,17083,17286,"[19, 18, 27, 31, 21, 30, 2, 1, 3, 20, 0, 6, 24, 5, 34, 12, 8, 11, 35, 10, 22, 33, 13, 15, 14, 25, 29, 23, 32, 9, 4, 7, 16, 17, 26, 28, 36, 37]",5,1.0,0.25,0.4,1.0,1,20,5,5
smd,group23_evaluation,machine-2-9,treeshap_iforest,1,4,17914,18096,"[6, 14, 11, 8, 12, 5, 0, 23, 15, 10, 25, 31, 33, 13, 27, 20, 2, 1, 9, 34, 18, 19, 35, 21, 22, 30, 24, 3, 29, 32, 4, 7, 16, 17, 26, 28, 36, 37]",1,0.0,0.0,0.0,0.0,0,5,1,0
smd,group23_evaluation,machine-2-9,treeshap_iforest,1,4,17914,18096,"[6, 14, 11, 8, 12, 5, 0, 23, 15, 10, 25, 31, 33, 13, 27, 20, 2, 1, 9, 34, 18, 19, 35, 21, 22, 30, 24, 3, 29, 32, 4, 7, 16, 17, 26, 28, 36, 37]",3,0.6666666666666666,0.4,0.5,0.5307212739772434,1,5,3,2
smd,group23_evaluation,machine-2-9,treeshap_iforest,1,4,17914,18096,"[6, 14, 11, 8, 12, 5, 0, 23, 15, 10, 25, 31, 33, 13, 27, 20, 2, 1, 9, 34, 18, 19, 35, 21, 22, 30, 24, 3, 29, 32, 4, 7, 16, 17, 26, 28, 36, 37]",5,0.6,0.6,0.6,0.5147714448836774,1,5,5,3
smd,group23_evaluation,machine-2-9,treeshap_iforest,1,5,19157,19501,"[6, 23, 25, 14, 12, 8, 11, 5, 35, 34, 15, 13, 10, 30, 0, 20, 21, 1, 18, 2, 33, 31, 22, 9, 27, 19, 24, 3, 29, 32, 4, 7, 16, 17, 26, 28, 36, 37]",1,0.0,0.0,0.0,0.0,0,9,1,0
smd,group23_evaluation,machine-2-9,treeshap_iforest,1,5,19157,19501,"[6, 23, 25, 14, 12, 8, 11, 5, 35, 34, 15, 13, 10, 30, 0, 20, 21, 1, 18, 2, 33, 31, 22, 9, 27, 19, 24, 3, 29, 32, 4, 7, 16, 17, 26, 28, 36, 37]",3,0.0,0.0,0.0,0.0,0,9,3,0
smd,group23_evaluation,machine-2-9,treeshap_iforest,1,5,19157,19501,"[6, 23, 25, 14, 12, 8, 11, 5, 35, 34, 15, 13, 10, 30, 0, 20, 21, 1, 18, 2, 33, 31, 22, 9, 27, 19, 24, 3, 29, 32, 4, 7, 16, 17, 26, 28, 36, 37]",5,0.4,0.2222222222222222,0.2857142857142857,0.27727342735504823,1,9,5,2
smd,group23_evaluation,machine-2-9,treeshap_iforest,1,6,20615,20845,"[6, 14, 8, 12, 11, 5, 23, 15, 25, 10, 0, 18, 13, 33, 27, 22, 19, 2, 1, 31, 20, 35, 9, 30, 34, 3, 21, 24, 29, 32, 4, 7, 16, 17, 26, 28, 36, 37]",1,0.0,0.0,0.0,0.0,0,8,1,0
smd,group23_evaluation,machine-2-9,treeshap_iforest,1,6,20615,20845,"[6, 14, 8, 12, 11, 5, 23, 15, 25, 10, 0, 18, 13, 33, 27, 22, 19, 2, 1, 31, 20, 35, 9, 30, 34, 3, 21, 24, 29, 32, 4, 7, 16, 17, 26, 28, 36, 37]",3,0.6666666666666666,0.25,0.36363636363636365,0.5307212739772434,1,8,3,2
smd,group23_evaluation,machine-2-9,treeshap_iforest,1,6,20615,20845,"[6, 14, 8, 12, 11, 5, 23, 15, 25, 10, 0, 18, 13, 33, 27, 22, 19, 2, 1, 31, 20, 35, 9, 30, 34, 3, 21, 24, 29, 32, 4, 7, 16, 17, 26, 28, 36, 37]",5,0.8,0.5,0.6153846153846154,0.6608397947263839,1,8,5,4
smd,group23_evaluation,machine-2-9,treeshap_iforest,1,7,24475,24478,"[14, 8, 6, 12, 11, 13, 5, 0, 33, 19, 18, 22, 20, 35, 30, 10, 1, 2, 27, 15, 34, 25, 31, 3, 21, 24, 23, 29, 32, 9, 4, 7, 16, 17, 26, 28, 36, 37]",1,1.0,0.25,0.4,1.0,1,4,1,1
smd,group23_evaluation,machine-2-9,treeshap_iforest,1,7,24475,24478,"[14, 8, 6, 12, 11, 13, 5, 0, 33, 19, 18, 22, 20, 35, 30, 10, 1, 2, 27, 15, 34, 25, 31, 3, 21, 24, 23, 29, 32, 9, 4, 7, 16, 17, 26, 28, 36, 37]",3,0.6666666666666666,0.5,0.5714285714285715,0.7653606369886217,1,4,3,2
smd,group23_evaluation,machine-2-9,treeshap_iforest,1,7,24475,24478,"[14, 8, 6, 12, 11, 13, 5, 0, 33, 19, 18, 22, 20, 35, 30, 10, 1, 2, 27, 15, 34, 25, 31, 3, 21, 24, 23, 29, 32, 9, 4, 7, 16, 17, 26, 28, 36, 37]",5,0.6,0.75,0.6666666666666665,0.8048099750039491,1,4,5,3
smd,group23_evaluation,machine-2-9,treeshap_iforest,1,8,25904,25906,"[6, 14, 8, 1, 12, 13, 11, 10, 2, 5, 15, 22, 27, 0, 25, 31, 19, 34, 20, 3, 33, 35, 21, 24, 30, 29, 23, 18, 32, 9, 4, 7, 16, 17, 26, 28, 36, 37]",1,0.0,0.0,0.0,0.0,0,4,1,0
smd,group23_evaluation,machine-2-9,treeshap_iforest,1,8,25904,25906,"[6, 14, 8, 1, 12, 13, 11, 10, 2, 5, 15, 22, 27, 0, 25, 31, 19, 34, 20, 3, 33, 35, 21, 24, 30, 29, 23, 18, 32, 9, 4, 7, 16, 17, 26, 28, 36, 37]",3,0.6666666666666666,0.5,0.5714285714285715,0.5307212739772434,1,4,3,2
smd,group23_evaluation,machine-2-9,treeshap_iforest,1,8,25904,25906,"[6, 14, 8, 1, 12, 13, 11, 10, 2, 5, 15, 22, 27, 0, 25, 31, 19, 34, 20, 3, 33, 35, 21, 24, 30, 29, 23, 18, 32, 9, 4, 7, 16, 17, 26, 28, 36, 37]",5,0.6,0.75,0.6666666666666665,0.592512031964586,1,4,5,3
smd,group23_evaluation,machine-2-9,treeshap_iforest,1,9,27356,27358,"[14, 6, 8, 11, 12, 13, 5, 31, 22, 20, 34, 0, 19, 10, 30, 1, 21, 15, 35, 18, 2, 3, 25, 23, 33, 24, 27, 29, 32, 9, 4, 7, 16, 17, 26, 28, 36, 37]",1,1.0,0.25,0.4,1.0,1,4,1,1
smd,group23_evaluation,machine-2-9,treeshap_iforest,1,9,27356,27358,"[14, 6, 8, 11, 12, 13, 5, 31, 22, 20, 34, 0, 19, 10, 30, 1, 21, 15, 35, 18, 2, 3, 25, 23, 33, 24, 27, 29, 32, 9, 4, 7, 16, 17, 26, 28, 36, 37]",3,0.6666666666666666,0.5,0.5714285714285715,0.7039180890341347,1,4,3,2
smd,group23_evaluation,machine-2-9,treeshap_iforest,1,9,27356,27358,"[14, 6, 8, 11, 12, 13, 5, 31, 22, 20, 34, 0, 19, 10, 30, 1, 21, 15, 35, 18, 2, 3, 25, 23, 33, 24, 27, 29, 32, 9, 4, 7, 16, 17, 26, 28, 36, 37]",5,0.6,0.75,0.6666666666666665,0.7365896932159578,1,4,5,3
smd,group23_evaluation,machine-2-9,treeshap_iforest,2,0,15131,15253,"[18, 19, 1, 3, 31, 30, 21, 20, 27, 2, 6, 0, 35, 5, 34, 12, 8, 14, 10, 11, 33, 15, 24, 22, 13, 23, 29, 25, 9, 32, 4, 7, 16, 17, 26, 28, 36, 37]",1,1.0,0.08333333333333333,0.15384615384615385,1.0,1,12,1,1
smd,group23_evaluation,machine-2-9,treeshap_iforest,2,0,15131,15253,"[18, 19, 1, 3, 31, 30, 21, 20, 27, 2, 6, 0, 35, 5, 34, 12, 8, 14, 10, 11, 33, 15, 24, 22, 13, 23, 29, 25, 9, 32, 4, 7, 16, 17, 26, 28, 36, 37]",3,1.0,0.25,0.4,1.0,1,12,3,3
smd,group23_evaluation,machine-2-9,treeshap_iforest,2,0,15131,15253,"[18, 19, 1, 3, 31, 30, 21, 20, 27, 2, 6, 0, 35, 5, 34, 12, 8, 14, 10, 11, 33, 15, 24, 22, 13, 23, 29, 25, 9, 32, 4, 7, 16, 17, 26, 28, 36, 37]",5,0.8,0.3333333333333333,0.47058823529411764,0.8687949224876582,1,12,5,4
smd,group23_evaluation,machine-2-9,treeshap_iforest,2,1,15598,16012,"[6, 14, 8, 12, 11, 18, 31, 1, 19, 5, 20, 30, 3, 27, 2, 21, 0, 10, 13, 22, 23, 35, 15, 33, 25, 34, 9, 29, 24, 32, 4, 7, 16, 17, 26, 28, 36, 37]",1,0.0,0.0,0.0,0.0,0,18,1,0
smd,group23_evaluation,machine-2-9,treeshap_iforest,2,1,15598,16012,"[6, 14, 8, 12, 11, 18, 31, 1, 19, 5, 20, 30, 3, 27, 2, 21, 0, 10, 13, 22, 23, 35, 15, 33, 25, 34, 9, 29, 24, 32, 4, 7, 16, 17, 26, 28, 36, 37]",3,0.6666666666666666,0.1111111111111111,0.1904761904761905,0.5307212739772434,1,18,3,2
smd,group23_evaluation,machine-2-9,treeshap_iforest,2,1,15598,16012,"[6, 14, 8, 12, 11, 18, 31, 1, 19, 5, 20, 30, 3, 27, 2, 21, 0, 10, 13, 22, 23, 35, 15, 33, 25, 34, 9, 29, 24, 32, 4, 7, 16, 17, 26, 28, 36, 37]",5,0.8,0.2222222222222222,0.3478260869565218,0.6608397947263839,1,18,5,4
smd,group23_evaluation,machine-2-9,treeshap_iforest,2,2,16729,16982,"[6, 14, 12, 11, 8, 5, 13, 0, 1, 33, 2, 10, 9, 15, 3, 22, 20, 31, 35, 23, 25, 27, 34, 21, 18, 29, 24, 30, 19, 32, 4, 7, 16, 17, 26, 28, 36, 37]",1,0.0,0.0,0.0,0.0,0,8,1,0
smd,group23_evaluation,machine-2-9,treeshap_iforest,2,2,16729,16982,"[6, 14, 12, 11, 8, 5, 13, 0, 1, 33, 2, 10, 9, 15, 3, 22, 20, 31, 35, 23, 25, 27, 34, 21, 18, 29, 24, 30, 19, 32, 4, 7, 16, 17, 26, 28, 36, 37]",3,0.6666666666666666,0.25,0.36363636363636365,0.5307212739772434,1,8,3,2
smd,group23_evaluation,machine-2-9,treeshap_iforest,2,2,16729,16982,"[6, 14, 12, 11, 8, 5, 13, 0, 1, 33, 2, 10, 9, 15, 3, 22, 20, 31, 35, 23, 25, 27, 34, 21, 18, 29, 24, 30, 19, 32, 4, 7, 16, 17, 26, 28, 36, 37]",5,0.8,0.5,0.6153846153846154,0.6608397947263839,1,8,5,4
smd,group23_evaluation,machine-2-9,treeshap_iforest,2,3,17083,17286,"[18, 19, 1, 3, 31, 30, 21, 27, 20, 6, 2, 0, 5, 24, 12, 35, 34, 22, 8, 13, 33, 11, 10, 14, 29, 15, 23, 25, 32, 9, 4, 7, 16, 17, 26, 28, 36, 37]",1,1.0,0.05,0.09523809523809523,1.0,1,20,1,1
smd,group23_evaluation,machine-2-9,treeshap_iforest,2,3,17083,17286,"[18, 19, 1, 3, 31, 30, 21, 27, 20, 6, 2, 0, 5, 24, 12, 35, 34, 22, 8, 13, 33, 11, 10, 14, 29, 15, 23, 25, 32, 9, 4, 7, 16, 17, 26, 28, 36, 37]",3,1.0,0.15,0.2608695652173913,1.0,1,20,3,3
smd,group23_evaluation,machine-2-9,treeshap_iforest,2,3,17083,17286,"[18, 19, 1, 3, 31, 30, 21, 27, 20, 6, 2, 0, 5, 24, 12, 35, 34, 22, 8, 13, 33, 11, 10, 14, 29, 15, 23, 25, 32, 9, 4, 7, 16, 17, 26, 28, 36, 37]",5,1.0,0.25,0.4,1.0,1,20,5,5
smd,group23_evaluation,machine-2-9,treeshap_iforest,2,4,17914,18096,"[6, 11, 12, 14, 8, 5, 0, 23, 10, 25, 15, 13, 33, 9, 1, 20, 22, 2, 18, 34, 31, 27, 3, 35, 19, 30, 29, 21, 24, 32, 4, 7, 16, 17, 26, 28, 36, 37]",1,0.0,0.0,0.0,0.0,0,5,1,0
smd,group23_evaluation,machine-2-9,treeshap_iforest,2,4,17914,18096,"[6, 11, 12, 14, 8, 5, 0, 23, 10, 25, 15, 13, 33, 9, 1, 20, 22, 2, 18, 34, 31, 27, 3, 35, 19, 30, 29, 21, 24, 32, 4, 7, 16, 17, 26, 28, 36, 37]",3,0.6666666666666666,0.4,0.5,0.5307212739772434,1,5,3,2
smd,group23_evaluation,machine-2-9,treeshap_iforest,2,4,17914,18096,"[6, 11, 12, 14, 8, 5, 0, 23, 10, 25, 15, 13, 33, 9, 1, 20, 22, 2, 18, 34, 31, 27, 3, 35, 19, 30, 29, 21, 24, 32, 4, 7, 16, 17, 26, 28, 36, 37]",5,0.6,0.6,0.6,0.5296347172140421,1,5,5,3
smd,group23_evaluation,machine-2-9,treeshap_iforest,2,5,19157,19501,"[6, 23, 25, 11, 12, 14, 8, 5, 22, 10, 13, 34, 15, 1, 21, 35, 33, 31, 0, 3, 2, 19, 27, 9, 20, 29, 24, 18, 30, 32, 4, 7, 16, 17, 26, 28, 36, 37]",1,0.0,0.0,0.0,0.0,0,9,1,0
smd,group23_evaluation,machine-2-9,treeshap_iforest,2,5,19157,19501,"[6, 23, 25, 11, 12, 14, 8, 5, 22, 10, 13, 34, 15, 1, 21, 35, 33, 31, 0, 3, 2, 19, 27, 9, 20, 29, 24, 18, 30, 32, 4, 7, 16, 17, 26, 28, 36, 37]",3,0.0,0.0,0.0,0.0,0,9,3,0
smd,group23_evaluation,machine-2-9,treeshap_iforest,2,5,19157,19501,"[6, 23, 25, 11, 12, 14, 8, 5, 22, 10, 13, 34, 15, 1, 21, 35, 33, 31, 0, 3, 2, 19, 27, 9, 20, 29, 24, 18, 30, 32, 4, 7, 16, 17, 26, 28, 36, 37]",5,0.4,0.2222222222222222,0.2857142857142857,0.27727342735504823,1,9,5,2
smd,group23_evaluation,machine-2-9,treeshap_iforest,2,6,20615,20845,"[6, 11, 14, 12, 8, 5, 25, 23, 22, 10, 13, 33, 20, 15, 1, 18, 0, 31, 2, 35, 3, 34, 27, 9, 30, 19, 29, 21, 24, 32, 4, 7, 16, 17, 26, 28, 36, 37]",1,0.0,0.0,0.0,0.0,0,8,1,0
smd,group23_evaluation,machine-2-9,treeshap_iforest,2,6,20615,20845,"[6, 11, 14, 12, 8, 5, 25, 23, 22, 10, 13, 33, 20, 15, 1, 18, 0, 31, 2, 35, 3, 34, 27, 9, 30, 19, 29, 21, 24, 32, 4, 7, 16, 17, 26, 28, 36, 37]",3,0.6666666666666666,0.25,0.36363636363636365,0.5307212739772434,1,8,3,2
smd,group23_evaluation,machine-2-9,treeshap_iforest,2,6,20615,20845,"[6, 11, 14, 12, 8, 5, 25, 23, 22, 10, 13, 33, 20, 15, 1, 18, 0, 31, 2, 35, 3, 34, 27, 9, 30, 19, 29, 21, 24, 32, 4, 7, 16, 17, 26, 28, 36, 37]",5,0.8,0.5,0.6153846153846154,0.6608397947263839,1,8,5,4
smd,group23_evaluation,machine-2-9,treeshap_iforest,2,7,24475,24478,"[6, 14, 12, 8, 11, 13, 5, 0, 18, 33, 35, 10, 2, 30, 1, 27, 19, 20, 25, 3, 15, 21, 9, 22, 29, 23, 24, 34, 31, 32, 4, 7, 16, 17, 26, 28, 36, 37]",1,0.0,0.0,0.0,0.0,0,4,1,0
smd,group23_evaluation,machine-2-9,treeshap_iforest,2,7,24475,24478,"[6, 14, 12, 8, 11, 13, 5, 0, 18, 33, 35, 10, 2, 30, 1, 27, 19, 20, 25, 3, 15, 21, 9, 22, 29, 23, 24, 34, 31, 32, 4, 7, 16, 17, 26, 28, 36, 37]",3,0.6666666666666666,0.5,0.5714285714285715,0.5307212739772434,1,4,3,2
smd,group23_evaluation,machine-2-9,treeshap_iforest,2,7,24475,24478,"[6, 14, 12, 8, 11, 13, 5, 0, 18, 33, 35, 10, 2, 30, 1, 27, 19, 20, 25, 3, 15, 21, 9, 22, 29, 23, 24, 34, 31, 32, 4, 7, 16, 17, 26, 28, 36, 37]",5,0.6,0.75,0.6666666666666665,0.6096199500078984,1,4,5,3
smd,group23_evaluation,machine-2-9,treeshap_iforest,2,8,25904,25906,"[6, 14, 8, 1, 12, 11, 13, 5, 2, 10, 15, 3, 22, 33, 23, 0, 27, 18, 35, 20, 30, 34, 29, 24, 25, 31, 19, 21, 9, 32, 4, 7, 16, 17, 26, 28, 36, 37]",1,0.0,0.0,0.0,0.0,0,4,1,0
smd,group23_evaluation,machine-2-9,treeshap_iforest,2,8,25904,25906,"[6, 14, 8, 1, 12, 11, 13, 5, 2, 10, 15, 3, 22, 33, 23, 0, 27, 18, 35, 20, 30, 34, 29, 24, 25, 31, 19, 21, 9, 32, 4, 7, 16, 17, 26, 28, 36, 37]",3,0.6666666666666666,0.5,0.5714285714285715,0.5307212739772434,1,4,3,2
smd,group23_evaluation,machine-2-9,treeshap_iforest,2,8,25904,25906,"[6, 14, 8, 1, 12, 11, 13, 5, 2, 10, 15, 3, 22, 33, 23, 0, 27, 18, 35, 20, 30, 34, 29, 24, 25, 31, 19, 21, 9, 32, 4, 7, 16, 17, 26, 28, 36, 37]",5,0.6,0.75,0.6666666666666665,0.592512031964586,1,4,5,3
smd,group23_evaluation,machine-2-9,treeshap_iforest,2,9,27356,27358,"[6, 14, 8, 12, 11, 13, 5, 34, 35, 22, 18, 31, 10, 27, 19, 0, 21, 3, 23, 1, 2, 20, 15, 29, 33, 30, 24, 25, 9, 32, 4, 7, 16, 17, 26, 28, 36, 37]",1,0.0,0.0,0.0,0.0,0,4,1,0
smd,group23_evaluation,machine-2-9,treeshap_iforest,2,9,27356,27358,"[6, 14, 8, 12, 11, 13, 5, 34, 35, 22, 18, 31, 10, 27, 19, 0, 21, 3, 23, 1, 2, 20, 15, 29, 33, 30, 24, 25, 9, 32, 4, 7, 16, 17, 26, 28, 36, 37]",3,0.6666666666666666,0.5,0.5714285714285715,0.5307212739772434,1,4,3,2
smd,group23_evaluation,machine-2-9,treeshap_iforest,2,9,27356,27358,"[6, 14, 8, 12, 11, 13, 5, 34, 35, 22, 18, 31, 10, 27, 19, 0, 21, 3, 23, 1, 2, 20, 15, 29, 33, 30, 24, 25, 9, 32, 4, 7, 16, 17, 26, 28, 36, 37]",5,0.6,0.75,0.6666666666666665,0.6096199500078984,1,4,5,3
smd,group23_evaluation,machine-3-1,treeshap_iforest,0,0,1209,1240,"[24, 34, 35, 30, 23, 18, 22, 25, 31, 0, 27, 15, 19, 10, 20, 3, 2, 21, 14, 32, 13, 12, 1, 8, 29, 33, 9, 11, 6, 5, 4, 7, 16, 17, 26, 28, 36, 37]",1,1.0,0.08333333333333333,0.15384615384615385,1.0,1,12,1,1
smd,group23_evaluation,machine-3-1,treeshap_iforest,0,0,1209,1240,"[24, 34, 35, 30, 23, 18, 22, 25, 31, 0, 27, 15, 19, 10, 20, 3, 2, 21, 14, 32, 13, 12, 1, 8, 29, 33, 9, 11, 6, 5, 4, 7, 16, 17, 26, 28, 36, 37]",3,0.3333333333333333,0.08333333333333333,0.13333333333333333,0.46927872602275644,1,12,3,1
smd,group23_evaluation,machine-3-1,treeshap_iforest,0,0,1209,1240,"[24, 34, 35, 30, 23, 18, 22, 25, 31, 0, 27, 15, 19, 10, 20, 3, 2, 21, 14, 32, 13, 12, 1, 8, 29, 33, 9, 11, 6, 5, 4, 7, 16, 17, 26, 28, 36, 37]",5,0.6,0.25,0.35294117647058826,0.6164336326286644,1,12,5,3
smd,group23_evaluation,machine-3-1,treeshap_iforest,0,1,5399,5530,"[24, 23, 25, 31, 33, 34, 32, 35, 22, 10, 1, 15, 18, 27, 13, 12, 9, 2, 11, 29, 30, 0, 21, 8, 19, 20, 14, 3, 5, 6, 4, 7, 16, 17, 26, 28, 36, 37]",1,0.0,0.0,0.0,0.0,0,3,1,0
smd,group23_evaluation,machine-3-1,treeshap_iforest,0,1,5399,5530,"[24, 23, 25, 31, 33, 34, 32, 35, 22, 10, 1, 15, 18, 27, 13, 12, 9, 2, 11, 29, 30, 0, 21, 8, 19, 20, 14, 3, 5, 6, 4, 7, 16, 17, 26, 28, 36, 37]",3,0.0,0.0,0.0,0.0,0,3,3,0
smd,group23_evaluation,machine-3-1,treeshap_iforest,0,1,5399,5530,"[24, 23, 25, 31, 33, 34, 32, 35, 22, 10, 1, 15, 18, 27, 13, 12, 9, 2, 11, 29, 30, 0, 21, 8, 19, 20, 14, 3, 5, 6, 4, 7, 16, 17, 26, 28, 36, 37]",5,0.2,0.3333333333333333,0.25,0.18154179253735267,1,3,5,1
smd,group23_evaluation,machine-3-1,treeshap_iforest,0,2,10696,10717,"[1, 18, 3, 23, 27, 25, 19, 2, 0, 20, 21, 30, 32, 34, 15, 10, 12, 13, 11, 35, 9, 31, 22, 29, 33, 24, 5, 8, 6, 14, 4, 7, 16, 17, 26, 28, 36, 37]",1,1.0,0.125,0.2222222222222222,1.0,1,8,1,1
smd,group23_evaluation,machine-3-1,treeshap_iforest,0,2,10696,10717,"[1, 18, 3, 23, 27, 25, 19, 2, 0, 20, 21, 30, 32, 34, 15, 10, 12, 13, 11, 35, 9, 31, 22, 29, 33, 24, 5, 8, 6, 14, 4, 7, 16, 17, 26, 28, 36, 37]",3,0.6666666666666666,0.25,0.36363636363636365,0.7653606369886217,1,8,3,2
smd,group23_evaluation,machine-3-1,treeshap_iforest,0,2,10696,10717,"[1, 18, 3, 23, 27, 25, 19, 2, 0, 20, 21, 30, 32, 34, 15, 10, 12, 13, 11, 35, 9, 31, 22, 29, 33, 24, 5, 8, 6, 14, 4, 7, 16, 17, 26, 28, 36, 37]",5,0.6,0.375,0.4615384615384615,0.6843515475204855,1,8,5,3
smd,group23_evaluation,machine-3-1,treeshap_iforest,0,3,27839,27964,"[1, 34, 23, 3, 35, 18, 25, 27, 13, 19, 12, 2, 0, 20, 30, 9, 21, 32, 8, 22, 11, 10, 15, 29, 5, 33, 6, 24, 31, 14, 4, 7, 16, 17, 26, 28, 36, 37]",1,1.0,0.06666666666666667,0.125,1.0,1,15,1,1
smd,group23_evaluation,machine-3-1,treeshap_iforest,0,3,27839,27964,"[1, 34, 23, 3, 35, 18, 25, 27, 13, 19, 12, 2, 0, 20, 30, 9, 21, 32, 8, 22, 11, 10, 15, 29, 5, 33, 6, 24, 31, 14, 4, 7, 16, 17, 26, 28, 36, 37]",3,0.6666666666666666,0.13333333333333333,0.2222222222222222,0.7653606369886217,1,15,3,2
smd,group23_evaluation,machine-3-1,treeshap_iforest,0,3,27839,27964,"[1, 34, 23, 3, 35, 18, 25, 27, 13, 19, 12, 2, 0, 20, 30, 9, 21, 32, 8, 22, 11, 10, 15, 29, 5, 33, 6, 24, 31, 14, 4, 7, 16, 17, 26, 28, 36, 37]",5,0.8,0.26666666666666666,0.4,0.830419897363192,1,15,5,4
smd,group23_evaluation,machine-3-1,treeshap_iforest,1,0,1209,1240,"[24, 25, 23, 20, 27, 31, 18, 30, 21, 35, 0, 13, 15, 10, 32, 34, 19, 2, 3, 12, 22, 1, 14, 6, 8, 11, 29, 33, 9, 5, 4, 7, 16, 17, 26, 28, 36, 37]",1,1.0,0.08333333333333333,0.15384615384615385,1.0,1,12,1,1
smd,group23_evaluation,machine-3-1,treeshap_iforest,1,0,1209,1240,"[24, 25, 23, 20, 27, 31, 18, 30, 21, 35, 0, 13, 15, 10, 32, 34, 19, 2, 3, 12, 22, 1, 14, 6, 8, 11, 29, 33, 9, 5, 4, 7, 16, 17, 26, 28, 36, 37]",3,1.0,0.25,0.4,1.0,1,12,3,3
smd,group23_evaluation,machine-3-1,treeshap_iforest,1,0,1209,1240,"[24, 25, 23, 20, 27, 31, 18, 30, 21, 35, 0, 13, 15, 10, 32, 34, 19, 2, 3, 12, 22, 1, 14, 6, 8, 11, 29, 33, 9, 5, 4, 7, 16, 17, 26, 28, 36, 37]",5,1.0,0.4166666666666667,0.5882352941176471,1.0,1,12,5,5
smd,group23_evaluation,machine-3-1,treeshap_iforest,1,1,5399,5530,"[24, 25, 31, 34, 23, 35, 32, 33, 15, 10, 22, 0, 1, 12, 30, 18, 19, 29, 2, 8, 11, 20, 27, 13, 21, 9, 3, 6, 14, 5, 4, 7, 16, 17, 26, 28, 36, 37]",1,0.0,0.0,0.0,0.0,0,3,1,0
smd,group23_evaluation,machine-3-1,treeshap_iforest,1,1,5399,5530,"[24, 25, 31, 34, 23, 35, 32, 33, 15, 10, 22, 0, 1, 12, 30, 18, 19, 29, 2, 8, 11, 20, 27, 13, 21, 9, 3, 6, 14, 5, 4, 7, 16, 17, 26, 28, 36, 37]",3,0.0,0.0,0.0,0.0,0,3,3,0
smd,group23_evaluation,machine-3-1,treeshap_iforest,1,1,5399,5530,"[24, 25, 31, 34, 23, 35, 32, 33, 15, 10, 22, 0, 1, 12, 30, 18, 19, 29, 2, 8, 11, 20, 27, 13, 21, 9, 3, 6, 14, 5, 4, 7, 16, 17, 26, 28, 36, 37]",5,0.0,0.0,0.0,0.0,0,3,5,0
smd,group23_evaluation,machine-3-1,treeshap_iforest,1,2,10696,10717,"[2, 1, 30, 0, 3, 27, 20, 25, 23, 21, 19, 18, 32, 35, 15, 34, 10, 12, 31, 13, 9, 11, 24, 33, 5, 29, 8, 22, 14, 6, 4, 7, 16, 17, 26, 28, 36, 37]",1,0.0,0.0,0.0,0.0,0,8,1,0
smd,group23_evaluation,machine-3-1,treeshap_iforest,1,2,10696,10717,"[2, 1, 30, 0, 3, 27, 20, 25, 23, 21, 19, 18, 32, 35, 15, 34, 10, 12, 31, 13, 9, 11, 24, 33, 5, 29, 8, 22, 14, 6, 4, 7, 16, 17, 26, 28, 36, 37]",3,0.6666666666666666,0.25,0.36363636363636365,0.5307212739772434,1,8,3,2
smd,group23_evaluation,machine-3-1,treeshap_iforest,1,2,10696,10717,"[2, 1, 30, 0, 3, 27, 20, 25, 23, 21, 19, 18, 32, 35, 15, 34, 10, 12, 31, 13, 9, 11, 24, 33, 5, 29, 8, 22, 14, 6, 4, 7, 16, 17, 26, 28, 36, 37]",5,0.6,0.375,0.4615384615384615,0.5296347172140421,1,8,5,3
smd,group23_evaluation,machine-3-1,treeshap_iforest,1,3,27839,27964,"[34, 35, 1, 2, 30, 3, 27, 12, 13, 0, 20, 23, 25, 9, 18, 21, 19, 22, 32, 15, 8, 24, 6, 11, 10, 5, 31, 33, 29, 14, 4, 7, 16, 17, 26, 28, 36, 37]",1,1.0,0.06666666666666667,0.125,1.0,1,15,1,1
smd,group23_evaluation,machine-3-1,treeshap_iforest,1,3,27839,27964,"[34, 35, 1, 2, 30, 3, 27, 12, 13, 0, 20, 23, 25, 9, 18, 21, 19, 22, 32, 15, 8, 24, 6, 11, 10, 5, 31, 33, 29, 14, 4, 7, 16, 17, 26, 28, 36, 37]",3,1.0,0.2,0.33333333333333337,1.0,1,15,3,3
smd,group23_evaluation,machine-3-1,treeshap_iforest,1,3,27839,27964,"[34, 35, 1, 2, 30, 3, 27, 12, 13, 0, 20, 23, 25, 9, 18, 21, 19, 22, 32, 15, 8, 24, 6, 11, 10, 5, 31, 33, 29, 14, 4, 7, 16, 17, 26, 28, 36, 37]",5,1.0,0.3333333333333333,0.5,1.0,1,15,5,5
smd,group23_evaluation,machine-3-1,treeshap_iforest,2,0,1209,1240,"[24, 25, 20, 21, 0, 31, 18, 23, 35, 27, 30, 34, 15, 2, 10, 3, 19, 14, 1, 32, 12, 13, 29, 22, 8, 6, 33, 9, 11, 5, 4, 7, 16, 17, 26, 28, 36, 37]",1,1.0,0.08333333333333333,0.15384615384615385,1.0,1,12,1,1
smd,group23_evaluation,machine-3-1,treeshap_iforest,2,0,1209,1240,"[24, 25, 20, 21, 0, 31, 18, 23, 35, 27, 30, 34, 15, 2, 10, 3, 19, 14, 1, 32, 12, 13, 29, 22, 8, 6, 33, 9, 11, 5, 4, 7, 16, 17, 26, 28, 36, 37]",3,1.0,0.25,0.4,1.0,1,12,3,3
smd,group23_evaluation,machine-3-1,treeshap_iforest,2,0,1209,1240,"[24, 25, 20, 21, 0, 31, 18, 23, 35, 27, 30, 34, 15, 2, 10, 3, 19, 14, 1, 32, 12, 13, 29, 22, 8, 6, 33, 9, 11, 5, 4, 7, 16, 17, 26, 28, 36, 37]",5,1.0,0.4166666666666667,0.5882352941176471,1.0,1,12,5,5
smd,group23_evaluation,machine-3-1,treeshap_iforest,2,1,5399,5530,"[25, 24, 31, 33, 34, 23, 32, 35, 15, 10, 22, 21, 1, 20, 12, 18, 13, 0, 27, 29, 9, 30, 14, 2, 8, 3, 5, 19, 11, 6, 4, 7, 16, 17, 26, 28, 36, 37]",1,0.0,0.0,0.0,0.0,0,3,1,0
smd,group23_evaluation,machine-3-1,treeshap_iforest,2,1,5399,5530,"[25, 24, 31, 33, 34, 23, 32, 35, 15, 10, 22, 21, 1, 20, 12, 18, 13, 0, 27, 29, 9, 30, 14, 2, 8, 3, 5, 19, 11, 6, 4, 7, 16, 17, 26, 28, 36, 37]",3,0.0,0.0,0.0,0.0,0,3,3,0
smd,group23_evaluation,machine-3-1,treeshap_iforest,2,1,5399,5530,"[25, 24, 31, 33, 34, 23, 32, 35, 15, 10, 22, 21, 1, 20, 12, 18, 13, 0, 27, 29, 9, 30, 14, 2, 8, 3, 5, 19, 11, 6, 4, 7, 16, 17, 26, 28, 36, 37]",5,0.2,0.3333333333333333,0.25,0.20210734650054757,1,3,5,1
smd,group23_evaluation,machine-3-1,treeshap_iforest,2,2,10696,10717,"[1, 25, 20, 18, 27, 3, 21, 2, 19, 0, 32, 30, 23, 15, 12, 10, 34, 35, 9, 31, 29, 11, 13, 33, 24, 14, 5, 8, 22, 6, 4, 7, 16, 17, 26, 28, 36, 37]",1,1.0,0.125,0.2222222222222222,1.0,1,8,1,1
smd,group23_evaluation,machine-3-1,treeshap_iforest,2,2,10696,10717,"[1, 25, 20, 18, 27, 3, 21, 2, 19, 0, 32, 30, 23, 15, 12, 10, 34, 35, 9, 31, 29, 11, 13, 33, 24, 14, 5, 8, 22, 6, 4, 7, 16, 17, 26, 28, 36, 37]",3,0.6666666666666666,0.25,0.36363636363636365,0.7039180890341347,1,8,3,2
smd,group23_evaluation,machine-3-1,treeshap_iforest,2,2,10696,10717,"[1, 25, 20, 18, 27, 3, 21, 2, 19, 0, 32, 30, 23, 15, 12, 10, 34, 35, 9, 31, 29, 11, 13, 33, 24, 14, 5, 8, 22, 6, 4, 7, 16, 17, 26, 28, 36, 37]",5,0.8,0.5,0.6153846153846154,0.7860137352654724,1,8,5,4
smd,group23_evaluation,machine-3-1,treeshap_iforest,2,3,27839,27964,"[1, 25, 35, 12, 20, 34, 18, 3, 27, 21, 2, 9, 0, 19, 13, 30, 32, 23, 22, 8, 15, 10, 11, 5, 29, 31, 24, 33, 6, 14, 4, 7, 16, 17, 26, 28, 36, 37]",1,1.0,0.06666666666666667,0.125,1.0,1,15,1,1
smd,group23_evaluation,machine-3-1,treeshap_iforest,2,3,27839,27964,"[1, 25, 35, 12, 20, 34, 18, 3, 27, 21, 2, 9, 0, 19, 13, 30, 32, 23, 22, 8, 15, 10, 11, 5, 29, 31, 24, 33, 6, 14, 4, 7, 16, 17, 26, 28, 36, 37]",3,0.6666666666666666,0.13333333333333333,0.2222222222222222,0.7039180890341347,1,15,3,2
smd,group23_evaluation,machine-3-1,treeshap_iforest,2,3,27839,27964,"[1, 25, 35, 12, 20, 34, 18, 3, 27, 21, 2, 9, 0, 19, 13, 30, 32, 23, 22, 8, 15, 10, 11, 5, 29, 31, 24, 33, 6, 14, 4, 7, 16, 17, 26, 28, 36, 37]",5,0.6,0.2,0.3,0.639945385422766,1,15,5,3
smd,group23_evaluation,machine-3-10,treeshap_iforest,0,0,326,329,"[33, 5, 14, 8, 22, 6, 3, 1, 19, 24, 27, 35, 30, 18, 2, 23, 0, 13, 25, 34, 15, 11, 9, 12, 10, 20, 29, 32, 21, 4, 7, 16, 17, 26, 28, 31, 36, 37]",1,1.0,0.5,0.6666666666666666,1.0,1,2,1,1
smd,group23_evaluation,machine-3-10,treeshap_iforest,0,0,326,329,"[33, 5, 14, 8, 22, 6, 3, 1, 19, 24, 27, 35, 30, 18, 2, 23, 0, 13, 25, 34, 15, 11, 9, 12, 10, 20, 29, 32, 21, 4, 7, 16, 17, 26, 28, 31, 36, 37]",3,0.3333333333333333,0.5,0.4,0.6131471927654584,1,2,3,1
smd,group23_evaluation,machine-3-10,treeshap_iforest,0,0,326,329,"[33, 5, 14, 8, 22, 6, 3, 1, 19, 24, 27, 35, 30, 18, 2, 23, 0, 13, 25, 34, 15, 11, 9, 12, 10, 20, 29, 32, 21, 4, 7, 16, 17, 26, 28, 31, 36, 37]",5,0.2,0.5,0.28571428571428575,0.6131471927654584,1,2,5,1
smd,group23_evaluation,machine-3-10,treeshap_iforest,0,1,2155,2228,"[5, 9, 12, 8, 11, 13, 14, 15, 30, 6, 33, 18, 1, 23, 22, 21, 24, 2, 3, 0, 25, 35, 34, 10, 20, 29, 19, 27, 32, 4, 7, 16, 17, 26, 28, 31, 36, 37]",1,0.0,0.0,0.0,0.0,0,5,1,0
smd,group23_evaluation,machine-3-10,treeshap_iforest,0,1,2155,2228,"[5, 9, 12, 8, 11, 13, 14, 15, 30, 6, 33, 18, 1, 23, 22, 21, 24, 2, 3, 0, 25, 35, 34, 10, 20, 29, 19, 27, 32, 4, 7, 16, 17, 26, 28, 31, 36, 37]",3,0.3333333333333333,0.2,0.25,0.23463936301137822,1,5,3,1
smd,group23_evaluation,machine-3-10,treeshap_iforest,0,1,2155,2228,"[5, 9, 12, 8, 11, 13, 14, 15, 30, 6, 33, 18, 1, 23, 22, 21, 24, 2, 3, 0, 25, 35, 34, 10, 20, 29, 19, 27, 32, 4, 7, 16, 17, 26, 28, 31, 36, 37]",5,0.6,0.6,0.6,0.4468535299918563,1,5,5,3
smd,group23_evaluation,machine-3-10,treeshap_iforest,0,2,2875,2951,"[5, 35, 34, 30, 33, 14, 18, 6, 21, 19, 27, 23, 1, 3, 15, 24, 20, 8, 11, 0, 2, 13, 22, 12, 25, 9, 10, 29, 32, 4, 7, 16, 17, 26, 28, 31, 36, 37]",1,0.0,0.0,0.0,0.0,0,8,1,0
smd,group23_evaluation,machine-3-10,treeshap_iforest,0,2,2875,2951,"[5, 35, 34, 30, 33, 14, 18, 6, 21, 19, 27, 23, 1, 3, 15, 24, 20, 8, 11, 0, 2, 13, 22, 12, 25, 9, 10, 29, 32, 4, 7, 16, 17, 26, 28, 31, 36, 37]",3,0.6666666666666666,0.25,0.36363636363636365,0.5307212739772434,1,8,3,2
smd,group23_evaluation,machine-3-10,treeshap_iforest,0,2,2875,2951,"[5, 35, 34, 30, 33, 14, 18, 6, 21, 19, 27, 23, 1, 3, 15, 24, 20, 8, 11, 0, 2, 13, 22, 12, 25, 9, 10, 29, 32, 4, 7, 16, 17, 26, 28, 31, 36, 37]",5,0.6,0.375,0.4615384615384615,0.5296347172140421,1,8,5,3
smd,group23_evaluation,machine-3-10,treeshap_iforest,0,3,3596,3599,"[12, 13, 8, 5, 11, 14, 1, 15, 6, 18, 21, 33, 23, 0, 22, 3, 24, 2, 25, 34, 30, 9, 27, 19, 35, 20, 10, 29, 32, 4, 7, 16, 17, 26, 28, 31, 36, 37]",1,1.0,0.2,0.33333333333333337,1.0,1,5,1,1
smd,group23_evaluation,machine-3-10,treeshap_iforest,0,3,3596,3599,"[12, 13, 8, 5, 11, 14, 1, 15, 6, 18, 21, 33, 23, 0, 22, 3, 24, 2, 25, 34, 30, 9, 27, 19, 35, 20, 10, 29, 32, 4, 7, 16, 17, 26, 28, 31, 36, 37]",3,1.0,0.6,0.7499999999999999,1.0,1,5,3,3
smd,group23_evaluation,machine-3-10,treeshap_iforest,0,3,3596,3599,"[12, 13, 8, 5, 11, 14, 1, 15, 6, 18, 21, 33, 23, 0, 22, 3, 24, 2, 25, 34, 30, 9, 27, 19, 35, 20, 10, 29, 32, 4, 7, 16, 17, 26, 28, 31, 36, 37]",5,0.8,0.8,0.8000000000000002,0.8539316501572937,1,5,5,4
smd,group23_evaluation,machine-3-10,treeshap_iforest,0,4,6486,6498,"[5, 33, 13, 8, 15, 6, 12, 14, 23, 18, 1, 0, 35, 11, 30, 34, 21, 25, 2, 3, 27, 24, 22, 9, 19, 20, 29, 10, 32, 4, 7, 16, 17, 26, 28, 31, 36, 37]",1,0.0,0.0,0.0,0.0,0,4,1,0
smd,group23_evaluation,machine-3-10,treeshap_iforest,0,4,6486,6498,"[5, 33, 13, 8, 15, 6, 12, 14, 23, 18, 1, 0, 35, 11, 30, 34, 21, 25, 2, 3, 27, 24, 22, 9, 19, 20, 29, 10, 32, 4, 7, 16, 17, 26, 28, 31, 36, 37]",3,0.3333333333333333,0.25,0.28571428571428575,0.23463936301137822,1,4,3,1
smd,group23_evaluation,machine-3-10,treeshap_iforest,0,4,6486,6498,"[5, 33, 13, 8, 15, 6, 12, 14, 23, 18, 1, 0, 35, 11, 30, 34, 21, 25, 2, 3, 27, 24, 22, 9, 19, 20, 29, 10, 32, 4, 7, 16, 17, 26, 28, 31, 36, 37]",5,0.4,0.5,0.4444444444444445,0.36331756126716835,1,4,5,2
smd,group23_evaluation,machine-3-10,treeshap_iforest,0,5,7891,7901,"[8, 5, 13, 12, 33, 14, 11, 1, 0, 6, 18, 3, 23, 15, 24, 19, 30, 2, 9, 35, 22, 25, 34, 27, 20, 10, 21, 29, 32, 4, 7, 16, 17, 26, 28, 31, 36, 37]",1,1.0,0.25,0.4,1.0,1,4,1,1
smd,group23_evaluation,machine-3-10,treeshap_iforest,0,5,7891,7901,"[8, 5, 13, 12, 33, 14, 11, 1, 0, 6, 18, 3, 23, 15, 24, 19, 30, 2, 9, 35, 22, 25, 34, 27, 20, 10, 21, 29, 32, 4, 7, 16, 17, 26, 28, 31, 36, 37]",3,0.6666666666666666,0.5,0.5714285714285715,0.7039180890341347,1,4,3,2
smd,group23_evaluation,machine-3-10,treeshap_iforest,0,5,7891,7901,"[8, 5, 13, 12, 33, 14, 11, 1, 0, 6, 18, 3, 23, 15, 24, 19, 30, 2, 9, 35, 22, 25, 34, 27, 20, 10, 21, 29, 32, 4, 7, 16, 17, 26, 28, 31, 36, 37]",5,0.6,0.75,0.6666666666666665,0.75369761125927,1,4,5,3
smd,group23_evaluation,machine-3-10,treeshap_iforest,0,6,9336,9347,"[8, 5, 13, 12, 14, 33, 11, 1, 3, 6, 0, 18, 23, 19, 15, 24, 2, 35, 22, 30, 9, 34, 25, 20, 27, 10, 21, 29, 32, 4, 7, 16, 17, 26, 28, 31, 36, 37]",1,1.0,0.25,0.4,1.0,1,4,1,1
smd,group23_evaluation,machine-3-10,treeshap_iforest,0,6,9336,9347,"[8, 5, 13, 12, 14, 33, 11, 1, 3, 6, 0, 18, 23, 19, 15, 24, 2, 35, 22, 30, 9, 34, 25, 20, 27, 10, 21, 29, 32, 4, 7, 16, 17, 26, 28, 31, 36, 37]",3,0.6666666666666666,0.5,0.5714285714285715,0.7039180890341347,1,4,3,2
smd,group23_evaluation,machine-3-10,treeshap_iforest,0,6,9336,9347,"[8, 5, 13, 12, 14, 33, 11, 1, 3, 6, 0, 18, 23, 19, 15, 24, 2, 35, 22, 30, 9, 34, 25, 20, 27, 10, 21, 29, 32, 4, 7, 16, 17, 26, 28, 31, 36, 37]",5,0.6,0.75,0.6666666666666665,0.75369761125927,1,4,5,3
smd,group23_evaluation,machine-3-10,treeshap_iforest,0,7,10772,10782,"[13, 5, 8, 12, 33, 14, 11, 1, 6, 0, 18, 3, 22, 19, 24, 2, 30, 23, 9, 15, 35, 25, 20, 34, 27, 21, 10, 29, 32, 4, 7, 16, 17, 26, 28, 31, 36, 37]",1,1.0,0.25,0.4,1.0,1,4,1,1
smd,group23_evaluation,machine-3-10,treeshap_iforest,0,7,10772,10782,"[13, 5, 8, 12, 33, 14, 11, 1, 6, 0, 18, 3, 22, 19, 24, 2, 30, 23, 9, 15, 35, 25, 20, 34, 27, 21, 10, 29, 32, 4, 7, 16, 17, 26, 28, 31, 36, 37]",3,0.6666666666666666,0.5,0.5714285714285715,0.7039180890341347,1,4,3,2
smd,group23_evaluation,machine-3-10,treeshap_iforest,0,7,10772,10782,"[13, 5, 8, 12, 33, 14, 11, 1, 6, 0, 18, 3, 22, 19, 24, 2, 30, 23, 9, 15, 35, 25, 20, 34, 27, 21, 10, 29, 32, 4, 7, 16, 17, 26, 28, 31, 36, 37]",5,0.6,0.75,0.6666666666666665,0.75369761125927,1,4,5,3
smd,group23_evaluation,machine-3-10,treeshap_iforest,0,8,12219,12228,"[8, 13, 5, 12, 14, 33, 11, 6, 15, 1, 0, 18, 24, 23, 3, 22, 30, 19, 2, 25, 21, 9, 27, 20, 35, 34, 10, 29, 32, 4, 7, 16, 17, 26, 28, 31, 36, 37]",1,1.0,0.25,0.4,1.0,1,4,1,1
smd,group23_evaluation,machine-3-10,treeshap_iforest,0,8,12219,12228,"[8, 13, 5, 12, 14, 33, 11, 6, 15, 1, 0, 18, 24, 23, 3, 22, 30, 19, 2, 25, 21, 9, 27, 20, 35, 34, 10, 29, 32, 4, 7, 16, 17, 26, 28, 31, 36, 37]",3,0.6666666666666666,0.5,0.5714285714285715,0.7653606369886217,1,4,3,2
smd,group23_evaluation,machine-3-10,treeshap_iforest,0,8,12219,12228,"[8, 13, 5, 12, 14, 33, 11, 6, 15, 1, 0, 18, 24, 23, 3, 22, 30, 19, 2, 25, 21, 9, 27, 20, 35, 34, 10, 29, 32, 4, 7, 16, 17, 26, 28, 31, 36, 37]",5,0.6,0.75,0.6666666666666665,0.8048099750039491,1,4,5,3
smd,group23_evaluation,machine-3-10,treeshap_iforest,0,9,13148,13441,"[3, 1, 2, 22, 15, 24, 10, 5, 0, 30, 13, 33, 21, 14, 34, 19, 20, 11, 27, 23, 25, 35, 6, 18, 8, 9, 29, 12, 32, 4, 7, 16, 17, 26, 28, 31, 36, 37]",1,1.0,0.05263157894736842,0.1,1.0,1,19,1,1
smd,group23_evaluation,machine-3-10,treeshap_iforest,0,9,13148,13441,"[3, 1, 2, 22, 15, 24, 10, 5, 0, 30, 13, 33, 21, 14, 34, 19, 20, 11, 27, 23, 25, 35, 6, 18, 8, 9, 29, 12, 32, 4, 7, 16, 17, 26, 28, 31, 36, 37]",3,1.0,0.15789473684210525,0.2727272727272727,1.0,1,19,3,3
smd,group23_evaluation,machine-3-10,treeshap_iforest,0,9,13148,13441,"[3, 1, 2, 22, 15, 24, 10, 5, 0, 30, 13, 33, 21, 14, 34, 19, 20, 11, 27, 23, 25, 35, 6, 18, 8, 9, 29, 12, 32, 4, 7, 16, 17, 26, 28, 31, 36, 37]",5,1.0,0.2631578947368421,0.4166666666666667,1.0,1,19,5,5
smd,group23_evaluation,machine-3-10,treeshap_iforest,0,10,14655,14673,"[6, 34, 35, 23, 15, 5, 8, 24, 25, 10, 22, 33, 12, 14, 13, 1, 3, 2, 21, 29, 30, 11, 27, 9, 20, 0, 19, 18, 32, 4, 7, 16, 17, 26, 28, 31, 36, 37]",1,1.0,0.08333333333333333,0.15384615384615385,1.0,1,12,1,1
smd,group23_evaluation,machine-3-10,treeshap_iforest,0,10,14655,14673,"[6, 34, 35, 23, 15, 5, 8, 24, 25, 10, 22, 33, 12, 14, 13, 1, 3, 2, 21, 29, 30, 11, 27, 9, 20, 0, 19, 18, 32, 4, 7, 16, 17, 26, 28, 31, 36, 37]",3,1.0,0.25,0.4,1.0,1,12,3,3
smd,group23_evaluation,machine-3-10,treeshap_iforest,0,10,14655,14673,"[6, 34, 35, 23, 15, 5, 8, 24, 25, 10, 22, 33, 12, 14, 13, 1, 3, 2, 21, 29, 30, 11, 27, 9, 20, 0, 19, 18, 32, 4, 7, 16, 17, 26, 28, 31, 36, 37]",5,0.8,0.3333333333333333,0.47058823529411764,0.8687949224876582,1,12,5,4
smd,group23_evaluation,machine-3-10,treeshap_iforest,0,11,21500,21601,"[6, 15, 22, 3, 24, 2, 1, 10, 23, 25, 34, 35, 0, 30, 5, 8, 21, 14, 27, 19, 33, 20, 11, 13, 29, 12, 9, 18, 32, 4, 7, 16, 17, 26, 28, 31, 36, 37]",1,0.0,0.0,0.0,0.0,0,14,1,0
smd,group23_evaluation,machine-3-10,treeshap_iforest,0,11,21500,21601,"[6, 15, 22, 3, 24, 2, 1, 10, 23, 25, 34, 35, 0, 30, 5, 8, 21, 14, 27, 19, 33, 20, 11, 13, 29, 12, 9, 18, 32, 4, 7, 16, 17, 26, 28, 31, 36, 37]",3,0.6666666666666666,0.14285714285714285,0.23529411764705882,0.5307212739772434,1,14,3,2
smd,group23_evaluation,machine-3-10,treeshap_iforest,0,11,21500,21601,"[6, 15, 22, 3, 24, 2, 1, 10, 23, 25, 34, 35, 0, 30, 5, 8, 21, 14, 27, 19, 33, 20, 11, 13, 29, 12, 9, 18, 32, 4, 7, 16, 17, 26, 28, 31, 36, 37]",5,0.8,0.2857142857142857,0.4210526315789473,0.6608397947263839,1,14,5,4
smd,group23_evaluation,machine-3-10,treeshap_iforest,0,12,21785,22213,"[6, 15, 3, 22, 2, 1, 24, 10, 23, 25, 34, 0, 35, 30, 5, 18, 8, 21, 14, 19, 27, 33, 20, 11, 13, 29, 12, 9, 32, 4, 7, 16, 17, 26, 28, 31, 36, 37]",1,0.0,0.0,0.0,0.0,0,14,1,0
smd,group23_evaluation,machine-3-10,treeshap_iforest,0,12,21785,22213,"[6, 15, 3, 22, 2, 1, 24, 10, 23, 25, 34, 0, 35, 30, 5, 18, 8, 21, 14, 19, 27, 33, 20, 11, 13, 29, 12, 9, 32, 4, 7, 16, 17, 26, 28, 31, 36, 37]",3,0.6666666666666666,0.14285714285714285,0.23529411764705882,0.5307212739772434,1,14,3,2
smd,group23_evaluation,machine-3-10,treeshap_iforest,0,12,21785,22213,"[6, 15, 3, 22, 2, 1, 24, 10, 23, 25, 34, 0, 35, 30, 5, 18, 8, 21, 14, 19, 27, 33, 20, 11, 13, 29, 12, 9, 32, 4, 7, 16, 17, 26, 28, 31, 36, 37]",5,0.8,0.2857142857142857,0.4210526315789473,0.6608397947263839,1,14,5,4
smd,group23_evaluation,machine-3-10,treeshap_iforest,1,0,326,329,"[33, 5, 22, 2, 14, 8, 34, 27, 1, 3, 25, 23, 35, 11, 6, 10, 18, 29, 15, 12, 9, 20, 19, 24, 0, 32, 13, 30, 21, 4, 7, 16, 17, 26, 28, 31, 36, 37]",1,1.0,0.5,0.6666666666666666,1.0,1,2,1,1
smd,group23_evaluation,machine-3-10,treeshap_iforest,1,0,326,329,"[33, 5, 22, 2, 14, 8, 34, 27, 1, 3, 25, 23, 35, 11, 6, 10, 18, 29, 15, 12, 9, 20, 19, 24, 0, 32, 13, 30, 21, 4, 7, 16, 17, 26, 28, 31, 36, 37]",3,0.3333333333333333,0.5,0.4,0.6131471927654584,1,2,3,1
smd,group23_evaluation,machine-3-10,treeshap_iforest,1,0,326,329,"[33, 5, 22, 2, 14, 8, 34, 27, 1, 3, 25, 23, 35, 11, 6, 10, 18, 29, 15, 12, 9, 20, 19, 24, 0, 32, 13, 30, 21, 4, 7, 16, 17, 26, 28, 31, 36, 37]",5,0.2,0.5,0.28571428571428575,0.6131471927654584,1,2,5,1
smd,group23_evaluation,machine-3-10,treeshap_iforest,1,1,2155,2228,"[9, 5, 12, 11, 8, 13, 14, 6, 2, 25, 33, 24, 18, 29, 22, 10, 3, 23, 15, 34, 1, 35, 27, 19, 21, 0, 30, 20, 32, 4, 7, 16, 17, 26, 28, 31, 36, 37]",1,0.0,0.0,0.0,0.0,0,5,1,0
smd,group23_evaluation,machine-3-10,treeshap_iforest,1,1,2155,2228,"[9, 5, 12, 11, 8, 13, 14, 6, 2, 25, 33, 24, 18, 29, 22, 10, 3, 23, 15, 34, 1, 35, 27, 19, 21, 0, 30, 20, 32, 4, 7, 16, 17, 26, 28, 31, 36, 37]",3,0.3333333333333333,0.2,0.25,0.23463936301137822,1,5,3,1
smd,group23_evaluation,machine-3-10,treeshap_iforest,1,1,2155,2228,"[9, 5, 12, 11, 8, 13, 14, 6, 2, 25, 33, 24, 18, 29, 22, 10, 3, 23, 15, 34, 1, 35, 27, 19, 21, 0, 30, 20, 32, 4, 7, 16, 17, 26, 28, 31, 36, 37]",5,0.6,0.6,0.6,0.4468535299918563,1,5,5,3
smd,group23_evaluation,machine-3-10,treeshap_iforest,1,2,2875,2951,"[5, 34, 2, 35, 27, 19, 21, 1, 33, 11, 18, 3, 6, 25, 22, 10, 23, 15, 8, 14, 24, 29, 30, 20, 12, 9, 13, 0, 32, 4, 7, 16, 17, 26, 28, 31, 36, 37]",1,0.0,0.0,0.0,0.0,0,8,1,0
smd,group23_evaluation,machine-3-10,treeshap_iforest,1,2,2875,2951,"[5, 34, 2, 35, 27, 19, 21, 1, 33, 11, 18, 3, 6, 25, 22, 10, 23, 15, 8, 14, 24, 29, 30, 20, 12, 9, 13, 0, 32, 4, 7, 16, 17, 26, 28, 31, 36, 37]",3,0.3333333333333333,0.125,0.18181818181818182,0.2960819109658652,1,8,3,1
smd,group23_evaluation,machine-3-10,treeshap_iforest,1,2,2875,2951,"[5, 34, 2, 35, 27, 19, 21, 1, 33, 11, 18, 3, 6, 25, 22, 10, 23, 15, 8, 14, 24, 29, 30, 20, 12, 9, 13, 0, 32, 4, 7, 16, 17, 26, 28, 31, 36, 37]",5,0.6,0.375,0.4615384615384615,0.4912596920895758,1,8,5,3
smd,group23_evaluation,machine-3-10,treeshap_iforest,1,3,3596,3599,"[13, 12, 8, 14, 11, 5, 2, 1, 24, 25, 6, 33, 22, 29, 18, 10, 3, 35, 23, 9, 15, 27, 0, 34, 20, 21, 19, 30, 32, 4, 7, 16, 17, 26, 28, 31, 36, 37]",1,1.0,0.2,0.33333333333333337,1.0,1,5,1,1
smd,group23_evaluation,machine-3-10,treeshap_iforest,1,3,3596,3599,"[13, 12, 8, 14, 11, 5, 2, 1, 24, 25, 6, 33, 22, 29, 18, 10, 3, 35, 23, 9, 15, 27, 0, 34, 20, 21, 19, 30, 32, 4, 7, 16, 17, 26, 28, 31, 36, 37]",3,1.0,0.6,0.7499999999999999,1.0,1,5,3,3
smd,group23_evaluation,machine-3-10,treeshap_iforest,1,3,3596,3599,"[13, 12, 8, 14, 11, 5, 2, 1, 24, 25, 6, 33, 22, 29, 18, 10, 3, 35, 23, 9, 15, 27, 0, 34, 20, 21, 19, 30, 32, 4, 7, 16, 17, 26, 28, 31, 36, 37]",5,1.0,1.0,1.0,1.0,1,5,5,5
smd,group23_evaluation,machine-3-10,treeshap_iforest,1,4,6486,6498,"[5, 8, 33, 2, 12, 25, 13, 11, 6, 24, 14, 10, 0, 18, 34, 3, 29, 23, 1, 9, 35, 22, 15, 27, 20, 19, 30, 21, 32, 4, 7, 16, 17, 26, 28, 31, 36, 37]",1,0.0,0.0,0.0,0.0,0,4,1,0
smd,group23_evaluation,machine-3-10,treeshap_iforest,1,4,6486,6498,"[5, 8, 33, 2, 12, 25, 13, 11, 6, 24, 14, 10, 0, 18, 34, 3, 29, 23, 1, 9, 35, 22, 15, 27, 20, 19, 30, 21, 32, 4, 7, 16, 17, 26, 28, 31, 36, 37]",3,0.3333333333333333,0.25,0.28571428571428575,0.2960819109658652,1,4,3,1
smd,group23_evaluation,machine-3-10,treeshap_iforest,1,4,6486,6498,"[5, 8, 33, 2, 12, 25, 13, 11, 6, 24, 14, 10, 0, 18, 34, 3, 29, 23, 1, 9, 35, 22, 15, 27, 20, 19, 30, 21, 32, 4, 7, 16, 17, 26, 28, 31, 36, 37]",5,0.4,0.5,0.4444444444444445,0.3973220069685352,1,4,5,2
smd,group23_evaluation,machine-3-10,treeshap_iforest,1,5,7891,7901,"[5, 12, 13, 8, 14, 11, 33, 2, 10, 6, 1, 22, 25, 24, 18, 15, 27, 3, 23, 30, 35, 29, 34, 9, 0, 20, 21, 19, 32, 4, 7, 16, 17, 26, 28, 31, 36, 37]",1,0.0,0.0,0.0,0.0,0,4,1,0
smd,group23_evaluation,machine-3-10,treeshap_iforest,1,5,7891,7901,"[5, 12, 13, 8, 14, 11, 33, 2, 10, 6, 1, 22, 25, 24, 18, 15, 27, 3, 23, 30, 35, 29, 34, 9, 0, 20, 21, 19, 32, 4, 7, 16, 17, 26, 28, 31, 36, 37]",3,0.6666666666666666,0.5,0.5714285714285715,0.5307212739772434,1,4,3,2
smd,group23_evaluation,machine-3-10,treeshap_iforest,1,5,7891,7901,"[5, 12, 13, 8, 14, 11, 33, 2, 10, 6, 1, 22, 25, 24, 18, 15, 27, 3, 23, 30, 35, 29, 34, 9, 0, 20, 21, 19, 32, 4, 7, 16, 17, 26, 28, 31, 36, 37]",5,0.6,0.75,0.6666666666666665,0.6096199500078984,1,4,5,3
smd,group23_evaluation,machine-3-10,treeshap_iforest,1,6,9336,9347,"[5, 13, 8, 12, 14, 11, 33, 2, 3, 10, 1, 6, 25, 22, 18, 27, 23, 35, 15, 34, 24, 0, 29, 30, 9, 21, 20, 19, 32, 4, 7, 16, 17, 26, 28, 31, 36, 37]",1,0.0,0.0,0.0,0.0,0,4,1,0
smd,group23_evaluation,machine-3-10,treeshap_iforest,1,6,9336,9347,"[5, 13, 8, 12, 14, 11, 33, 2, 3, 10, 1, 6, 25, 22, 18, 27, 23, 35, 15, 34, 24, 0, 29, 30, 9, 21, 20, 19, 32, 4, 7, 16, 17, 26, 28, 31, 36, 37]",3,0.6666666666666666,0.5,0.5714285714285715,0.5307212739772434,1,4,3,2
smd,group23_evaluation,machine-3-10,treeshap_iforest,1,6,9336,9347,"[5, 13, 8, 12, 14, 11, 33, 2, 3, 10, 1, 6, 25, 22, 18, 27, 23, 35, 15, 34, 24, 0, 29, 30, 9, 21, 20, 19, 32, 4, 7, 16, 17, 26, 28, 31, 36, 37]",5,0.6,0.75,0.6666666666666665,0.6096199500078984,1,4,5,3
smd,group23_evaluation,machine-3-10,treeshap_iforest,1,7,10772,10782,"[12, 13, 5, 8, 11, 14, 33, 2, 6, 25, 22, 15, 10, 3, 1, 18, 27, 23, 35, 24, 29, 30, 9, 0, 20, 34, 21, 19, 32, 4, 7, 16, 17, 26, 28, 31, 36, 37]",1,1.0,0.25,0.4,1.0,1,4,1,1
smd,group23_evaluation,machine-3-10,treeshap_iforest,1,7,10772,10782,"[12, 13, 5, 8, 11, 14, 33, 2, 6, 25, 22, 15, 10, 3, 1, 18, 27, 23, 35, 24, 29, 30, 9, 0, 20, 34, 21, 19, 32, 4, 7, 16, 17, 26, 28, 31, 36, 37]",3,0.6666666666666666,0.5,0.5714285714285715,0.7653606369886217,1,4,3,2
smd,group23_evaluation,machine-3-10,treeshap_iforest,1,7,10772,10782,"[12, 13, 5, 8, 11, 14, 33, 2, 6, 25, 22, 15, 10, 3, 1, 18, 27, 23, 35, 24, 29, 30, 9, 0, 20, 34, 21, 19, 32, 4, 7, 16, 17, 26, 28, 31, 36, 37]",5,0.8,1.0,0.888888888888889,0.9558295932317544,1,4,5,4
smd,group23_evaluation,machine-3-10,treeshap_iforest,1,8,12219,12228,"[13, 8, 5, 12, 14, 11, 33, 2, 10, 6, 25, 15, 24, 30, 23, 18, 0, 1, 22, 35, 27, 29, 3, 9, 34, 20, 21, 19, 32, 4, 7, 16, 17, 26, 28, 31, 36, 37]",1,1.0,0.25,0.4,1.0,1,4,1,1
smd,group23_evaluation,machine-3-10,treeshap_iforest,1,8,12219,12228,"[13, 8, 5, 12, 14, 11, 33, 2, 10, 6, 25, 15, 24, 30, 23, 18, 0, 1, 22, 35, 27, 29, 3, 9, 34, 20, 21, 19, 32, 4, 7, 16, 17, 26, 28, 31, 36, 37]",3,0.6666666666666666,0.5,0.5714285714285715,0.7653606369886217,1,4,3,2
smd,group23_evaluation,machine-3-10,treeshap_iforest,1,8,12219,12228,"[13, 8, 5, 12, 14, 11, 33, 2, 10, 6, 25, 15, 24, 30, 23, 18, 0, 1, 22, 35, 27, 29, 3, 9, 34, 20, 21, 19, 32, 4, 7, 16, 17, 26, 28, 31, 36, 37]",5,0.6,0.75,0.6666666666666665,0.8048099750039491,1,4,5,3
smd,group23_evaluation,machine-3-10,treeshap_iforest,1,9,13148,13441,"[2, 1, 3, 22, 24, 15, 0, 10, 5, 13, 21, 27, 30, 33, 19, 23, 34, 20, 25, 11, 35, 14, 29, 18, 8, 6, 9, 12, 32, 4, 7, 16, 17, 26, 28, 31, 36, 37]",1,1.0,0.05263157894736842,0.1,1.0,1,19,1,1
smd,group23_evaluation,machine-3-10,treeshap_iforest,1,9,13148,13441,"[2, 1, 3, 22, 24, 15, 0, 10, 5, 13, 21, 27, 30, 33, 19, 23, 34, 20, 25, 11, 35, 14, 29, 18, 8, 6, 9, 12, 32, 4, 7, 16, 17, 26, 28, 31, 36, 37]",3,1.0,0.15789473684210525,0.2727272727272727,1.0,1,19,3,3
smd,group23_evaluation,machine-3-10,treeshap_iforest,1,9,13148,13441,"[2, 1, 3, 22, 24, 15, 0, 10, 5, 13, 21, 27, 30, 33, 19, 23, 34, 20, 25, 11, 35, 14, 29, 18, 8, 6, 9, 12, 32, 4, 7, 16, 17, 26, 28, 31, 36, 37]",5,1.0,0.2631578947368421,0.4166666666666667,1.0,1,19,5,5
smd,group23_evaluation,machine-3-10,treeshap_iforest,1,10,14655,14673,"[6, 34, 23, 25, 5, 15, 35, 8, 13, 24, 10, 2, 22, 29, 3, 33, 12, 19, 27, 21, 14, 30, 11, 18, 0, 1, 9, 20, 32, 4, 7, 16, 17, 26, 28, 31, 36, 37]",1,1.0,0.08333333333333333,0.15384615384615385,1.0,1,12,1,1
smd,group23_evaluation,machine-3-10,treeshap_iforest,1,10,14655,14673,"[6, 34, 23, 25, 5, 15, 35, 8, 13, 24, 10, 2, 22, 29, 3, 33, 12, 19, 27, 21, 14, 30, 11, 18, 0, 1, 9, 20, 32, 4, 7, 16, 17, 26, 28, 31, 36, 37]",3,1.0,0.25,0.4,1.0,1,12,3,3
smd,group23_evaluation,machine-3-10,treeshap_iforest,1,10,14655,14673,"[6, 34, 23, 25, 5, 15, 35, 8, 13, 24, 10, 2, 22, 29, 3, 33, 12, 19, 27, 21, 14, 30, 11, 18, 0, 1, 9, 20, 32, 4, 7, 16, 17, 26, 28, 31, 36, 37]",5,1.0,0.4166666666666667,0.5882352941176471,1.0,1,12,5,5
smd,group23_evaluation,machine-3-10,treeshap_iforest,1,11,21500,21601,"[6, 2, 15, 24, 22, 23, 1, 10, 3, 25, 0, 34, 35, 5, 27, 21, 14, 30, 8, 20, 19, 29, 11, 33, 13, 12, 9, 18, 32, 4, 7, 16, 17, 26, 28, 31, 36, 37]",1,0.0,0.0,0.0,0.0,0,14,1,0
smd,group23_evaluation,machine-3-10,treeshap_iforest,1,11,21500,21601,"[6, 2, 15, 24, 22, 23, 1, 10, 3, 25, 0, 34, 35, 5, 27, 21, 14, 30, 8, 20, 19, 29, 11, 33, 13, 12, 9, 18, 32, 4, 7, 16, 17, 26, 28, 31, 36, 37]",3,0.6666666666666666,0.14285714285714285,0.23529411764705882,0.5307212739772434,1,14,3,2
smd,group23_evaluation,machine-3-10,treeshap_iforest,1,11,21500,21601,"[6, 2, 15, 24, 22, 23, 1, 10, 3, 25, 0, 34, 35, 5, 27, 21, 14, 30, 8, 20, 19, 29, 11, 33, 13, 12, 9, 18, 32, 4, 7, 16, 17, 26, 28, 31, 36, 37]",5,0.8,0.2857142857142857,0.4210526315789473,0.6608397947263839,1,14,5,4
smd,group23_evaluation,machine-3-10,treeshap_iforest,1,12,21785,22213,"[6, 2, 15, 25, 23, 24, 3, 10, 1, 22, 0, 34, 5, 35, 27, 21, 18, 30, 8, 14, 19, 20, 33, 29, 11, 13, 12, 9, 32, 4, 7, 16, 17, 26, 28, 31, 36, 37]",1,0.0,0.0,0.0,0.0,0,14,1,0
smd,group23_evaluation,machine-3-10,treeshap_iforest,1,12,21785,22213,"[6, 2, 15, 25, 23, 24, 3, 10, 1, 22, 0, 34, 5, 35, 27, 21, 18, 30, 8, 14, 19, 20, 33, 29, 11, 13, 12, 9, 32, 4, 7, 16, 17, 26, 28, 31, 36, 37]",3,0.6666666666666666,0.14285714285714285,0.23529411764705882,0.5307212739772434,1,14,3,2
smd,group23_evaluation,machine-3-10,treeshap_iforest,1,12,21785,22213,"[6, 2, 15, 25, 23, 24, 3, 10, 1, 22, 0, 34, 5, 35, 27, 21, 18, 30, 8, 14, 19, 20, 33, 29, 11, 13, 12, 9, 32, 4, 7, 16, 17, 26, 28, 31, 36, 37]",5,0.4,0.14285714285714285,0.21052631578947364,0.38356636737133565,1,14,5,2
smd,group23_evaluation,machine-3-10,treeshap_iforest,2,0,326,329,"[33, 5, 14, 22, 6, 25, 3, 11, 24, 29, 34, 15, 18, 12, 0, 1, 8, 13, 23, 35, 10, 2, 9, 30, 19, 27, 21, 20, 4, 7, 16, 17, 26, 28, 31, 32, 36, 37]",1,1.0,0.5,0.6666666666666666,1.0,1,2,1,1
smd,group23_evaluation,machine-3-10,treeshap_iforest,2,0,326,329,"[33, 5, 14, 22, 6, 25, 3, 11, 24, 29, 34, 15, 18, 12, 0, 1, 8, 13, 23, 35, 10, 2, 9, 30, 19, 27, 21, 20, 4, 7, 16, 17, 26, 28, 31, 32, 36, 37]",3,0.3333333333333333,0.5,0.4,0.6131471927654584,1,2,3,1
smd,group23_evaluation,machine-3-10,treeshap_iforest,2,0,326,329,"[33, 5, 14, 22, 6, 25, 3, 11, 24, 29, 34, 15, 18, 12, 0, 1, 8, 13, 23, 35, 10, 2, 9, 30, 19, 27, 21, 20, 4, 7, 16, 17, 26, 28, 31, 32, 36, 37]",5,0.2,0.5,0.28571428571428575,0.6131471927654584,1,2,5,1
smd,group23_evaluation,machine-3-10,treeshap_iforest,2,1,2155,2228,"[9, 5, 12, 8, 14, 11, 24, 13, 0, 22, 33, 25, 10, 6, 29, 3, 18, 15, 27, 23, 34, 1, 19, 35, 30, 21, 2, 20, 4, 7, 16, 17, 26, 28, 31, 32, 36, 37]",1,0.0,0.0,0.0,0.0,0,5,1,0
smd,group23_evaluation,machine-3-10,treeshap_iforest,2,1,2155,2228,"[9, 5, 12, 8, 14, 11, 24, 13, 0, 22, 33, 25, 10, 6, 29, 3, 18, 15, 27, 23, 34, 1, 19, 35, 30, 21, 2, 20, 4, 7, 16, 17, 26, 28, 31, 32, 36, 37]",3,0.3333333333333333,0.2,0.25,0.23463936301137822,1,5,3,1
smd,group23_evaluation,machine-3-10,treeshap_iforest,2,1,2155,2228,"[9, 5, 12, 8, 14, 11, 24, 13, 0, 22, 33, 25, 10, 6, 29, 3, 18, 15, 27, 23, 34, 1, 19, 35, 30, 21, 2, 20, 4, 7, 16, 17, 26, 28, 31, 32, 36, 37]",5,0.6,0.6,0.6,0.4468535299918563,1,5,5,3
smd,group23_evaluation,machine-3-10,treeshap_iforest,2,2,2875,2951,"[5, 35, 11, 34, 33, 14, 30, 19, 21, 25, 6, 3, 18, 15, 24, 27, 20, 1, 29, 0, 23, 12, 10, 22, 8, 2, 13, 9, 4, 7, 16, 17, 26, 28, 31, 32, 36, 37]",1,0.0,0.0,0.0,0.0,0,8,1,0
smd,group23_evaluation,machine-3-10,treeshap_iforest,2,2,2875,2951,"[5, 35, 11, 34, 33, 14, 30, 19, 21, 25, 6, 3, 18, 15, 24, 27, 20, 1, 29, 0, 23, 12, 10, 22, 8, 2, 13, 9, 4, 7, 16, 17, 26, 28, 31, 32, 36, 37]",3,0.3333333333333333,0.125,0.18181818181818182,0.2960819109658652,1,8,3,1
smd,group23_evaluation,machine-3-10,treeshap_iforest,2,2,2875,2951,"[5, 35, 11, 34, 33, 14, 30, 19, 21, 25, 6, 3, 18, 15, 24, 27, 20, 1, 29, 0, 23, 12, 10, 22, 8, 2, 13, 9, 4, 7, 16, 17, 26, 28, 31, 32, 36, 37]",5,0.4,0.25,0.3076923076923077,0.36005461457723403,1,8,5,2
smd,group23_evaluation,machine-3-10,treeshap_iforest,2,3,3596,3599,"[12, 8, 13, 14, 5, 11, 24, 25, 0, 33, 22, 6, 1, 10, 3, 15, 30, 18, 29, 23, 19, 34, 9, 35, 2, 21, 27, 20, 4, 7, 16, 17, 26, 28, 31, 32, 36, 37]",1,1.0,0.2,0.33333333333333337,1.0,1,5,1,1
smd,group23_evaluation,machine-3-10,treeshap_iforest,2,3,3596,3599,"[12, 8, 13, 14, 5, 11, 24, 25, 0, 33, 22, 6, 1, 10, 3, 15, 30, 18, 29, 23, 19, 34, 9, 35, 2, 21, 27, 20, 4, 7, 16, 17, 26, 28, 31, 32, 36, 37]",3,1.0,0.6,0.7499999999999999,1.0,1,5,3,3
smd,group23_evaluation,machine-3-10,treeshap_iforest,2,3,3596,3599,"[12, 8, 13, 14, 5, 11, 24, 25, 0, 33, 22, 6, 1, 10, 3, 15, 30, 18, 29, 23, 19, 34, 9, 35, 2, 21, 27, 20, 4, 7, 16, 17, 26, 28, 31, 32, 36, 37]",5,0.8,0.8,0.8000000000000002,0.8687949224876582,1,5,5,4
smd,group23_evaluation,machine-3-10,treeshap_iforest,2,4,6486,6498,"[5, 33, 25, 24, 12, 14, 0, 22, 8, 6, 10, 29, 13, 11, 3, 18, 15, 35, 34, 30, 23, 1, 9, 19, 27, 2, 21, 20, 4, 7, 16, 17, 26, 28, 31, 32, 36, 37]",1,0.0,0.0,0.0,0.0,0,4,1,0
smd,group23_evaluation,machine-3-10,treeshap_iforest,2,4,6486,6498,"[5, 33, 25, 24, 12, 14, 0, 22, 8, 6, 10, 29, 13, 11, 3, 18, 15, 35, 34, 30, 23, 1, 9, 19, 27, 2, 21, 20, 4, 7, 16, 17, 26, 28, 31, 32, 36, 37]",3,0.0,0.0,0.0,0.0,0,4,3,0
smd,group23_evaluation,machine-3-10,treeshap_iforest,2,4,6486,6498,"[5, 33, 25, 24, 12, 14, 0, 22, 8, 6, 10, 29, 13, 11, 3, 18, 15, 35, 34, 30, 23, 1, 9, 19, 27, 2, 21, 20, 4, 7, 16, 17, 26, 28, 31, 32, 36, 37]",5,0.2,0.25,0.22222222222222224,0.15101961822780524,1,4,5,1
smd,group23_evaluation,machine-3-10,treeshap_iforest,2,5,7891,7901,"[5, 8, 12, 13, 33, 14, 11, 25, 24, 6, 3, 18, 29, 22, 0, 30, 1, 23, 34, 15, 20, 10, 21, 2, 19, 9, 35, 27, 4, 7, 16, 17, 26, 28, 31, 32, 36, 37]",1,0.0,0.0,0.0,0.0,0,4,1,0
smd,group23_evaluation,machine-3-10,treeshap_iforest,2,5,7891,7901,"[5, 8, 12, 13, 33, 14, 11, 25, 24, 6, 3, 18, 29, 22, 0, 30, 1, 23, 34, 15, 20, 10, 21, 2, 19, 9, 35, 27, 4, 7, 16, 17, 26, 28, 31, 32, 36, 37]",3,0.6666666666666666,0.5,0.5714285714285715,0.5307212739772434,1,4,3,2
smd,group23_evaluation,machine-3-10,treeshap_iforest,2,5,7891,7901,"[5, 8, 12, 13, 33, 14, 11, 25, 24, 6, 3, 18, 29, 22, 0, 30, 1, 23, 34, 15, 20, 10, 21, 2, 19, 9, 35, 27, 4, 7, 16, 17, 26, 28, 31, 32, 36, 37]",5,0.6,0.75,0.6666666666666665,0.6096199500078984,1,4,5,3
smd,group23_evaluation,machine-3-10,treeshap_iforest,2,6,9336,9347,"[5, 8, 12, 14, 13, 33, 11, 25, 24, 6, 3, 29, 0, 22, 30, 1, 18, 34, 23, 15, 2, 35, 10, 9, 21, 20, 19, 27, 4, 7, 16, 17, 26, 28, 31, 32, 36, 37]",1,0.0,0.0,0.0,0.0,0,4,1,0
smd,group23_evaluation,machine-3-10,treeshap_iforest,2,6,9336,9347,"[5, 8, 12, 14, 13, 33, 11, 25, 24, 6, 3, 29, 0, 22, 30, 1, 18, 34, 23, 15, 2, 35, 10, 9, 21, 20, 19, 27, 4, 7, 16, 17, 26, 28, 31, 32, 36, 37]",3,0.6666666666666666,0.5,0.5714285714285715,0.5307212739772434,1,4,3,2
smd,group23_evaluation,machine-3-10,treeshap_iforest,2,6,9336,9347,"[5, 8, 12, 14, 13, 33, 11, 25, 24, 6, 3, 29, 0, 22, 30, 1, 18, 34, 23, 15, 2, 35, 10, 9, 21, 20, 19, 27, 4, 7, 16, 17, 26, 28, 31, 32, 36, 37]",5,0.6,0.75,0.6666666666666665,0.592512031964586,1,4,5,3
smd,group23_evaluation,machine-3-10,treeshap_iforest,2,7,10772,10782,"[12, 5, 8, 13, 14, 33, 11, 25, 6, 3, 24, 22, 0, 29, 30, 18, 1, 15, 2, 23, 21, 10, 20, 9, 19, 34, 35, 27, 4, 7, 16, 17, 26, 28, 31, 32, 36, 37]",1,1.0,0.25,0.4,1.0,1,4,1,1
smd,group23_evaluation,machine-3-10,treeshap_iforest,2,7,10772,10782,"[12, 5, 8, 13, 14, 33, 11, 25, 6, 3, 24, 22, 0, 29, 30, 18, 1, 15, 2, 23, 21, 10, 20, 9, 19, 34, 35, 27, 4, 7, 16, 17, 26, 28, 31, 32, 36, 37]",3,0.6666666666666666,0.5,0.5714285714285715,0.7039180890341347,1,4,3,2
smd,group23_evaluation,machine-3-10,treeshap_iforest,2,7,10772,10782,"[12, 5, 8, 13, 14, 33, 11, 25, 6, 3, 24, 22, 0, 29, 30, 18, 1, 15, 2, 23, 21, 10, 20, 9, 19, 34, 35, 27, 4, 7, 16, 17, 26, 28, 31, 32, 36, 37]",5,0.6,0.75,0.6666666666666665,0.75369761125927,1,4,5,3
smd,group23_evaluation,machine-3-10,treeshap_iforest,2,8,12219,12228,"[8, 5, 12, 13, 14, 33, 24, 3, 25, 6, 0, 11, 30, 29, 22, 10, 15, 18, 1, 23, 2, 19, 9, 21, 34, 20, 35, 27, 4, 7, 16, 17, 26, 28, 31, 32, 36, 37]",1,1.0,0.25,0.4,1.0,1,4,1,1
smd,group23_evaluation,machine-3-10,treeshap_iforest,2,8,12219,12228,"[8, 5, 12, 13, 14, 33, 24, 3, 25, 6, 0, 11, 30, 29, 22, 10, 15, 18, 1, 23, 2, 19, 9, 21, 34, 20, 35, 27, 4, 7, 16, 17, 26, 28, 31, 32, 36, 37]",3,0.6666666666666666,0.5,0.5714285714285715,0.7039180890341347,1,4,3,2
smd,group23_evaluation,machine-3-10,treeshap_iforest,2,8,12219,12228,"[8, 5, 12, 13, 14, 33, 24, 3, 25, 6, 0, 11, 30, 29, 22, 10, 15, 18, 1, 23, 2, 19, 9, 21, 34, 20, 35, 27, 4, 7, 16, 17, 26, 28, 31, 32, 36, 37]",5,0.6,0.75,0.6666666666666665,0.75369761125927,1,4,5,3
smd,group23_evaluation,machine-3-10,treeshap_iforest,2,9,13148,13441,"[2, 1, 3, 10, 22, 15, 24, 0, 30, 5, 13, 19, 21, 27, 25, 35, 33, 11, 23, 14, 20, 34, 6, 18, 8, 9, 12, 29, 4, 7, 16, 17, 26, 28, 31, 32, 36, 37]",1,1.0,0.05263157894736842,0.1,1.0,1,19,1,1
smd,group23_evaluation,machine-3-10,treeshap_iforest,2,9,13148,13441,"[2, 1, 3, 10, 22, 15, 24, 0, 30, 5, 13, 19, 21, 27, 25, 35, 33, 11, 23, 14, 20, 34, 6, 18, 8, 9, 12, 29, 4, 7, 16, 17, 26, 28, 31, 32, 36, 37]",3,1.0,0.15789473684210525,0.2727272727272727,1.0,1,19,3,3
smd,group23_evaluation,machine-3-10,treeshap_iforest,2,9,13148,13441,"[2, 1, 3, 10, 22, 15, 24, 0, 30, 5, 13, 19, 21, 27, 25, 35, 33, 11, 23, 14, 20, 34, 6, 18, 8, 9, 12, 29, 4, 7, 16, 17, 26, 28, 31, 32, 36, 37]",5,1.0,0.2631578947368421,0.4166666666666667,1.0,1,19,5,5
smd,group23_evaluation,machine-3-10,treeshap_iforest,2,10,14655,14673,"[6, 23, 25, 34, 13, 35, 5, 10, 15, 24, 3, 12, 22, 8, 14, 29, 21, 33, 2, 0, 11, 19, 30, 1, 27, 20, 9, 18, 4, 7, 16, 17, 26, 28, 31, 32, 36, 37]",1,1.0,0.08333333333333333,0.15384615384615385,1.0,1,12,1,1
smd,group23_evaluation,machine-3-10,treeshap_iforest,2,10,14655,14673,"[6, 23, 25, 34, 13, 35, 5, 10, 15, 24, 3, 12, 22, 8, 14, 29, 21, 33, 2, 0, 11, 19, 30, 1, 27, 20, 9, 18, 4, 7, 16, 17, 26, 28, 31, 32, 36, 37]",3,1.0,0.25,0.4,1.0,1,12,3,3
smd,group23_evaluation,machine-3-10,treeshap_iforest,2,10,14655,14673,"[6, 23, 25, 34, 13, 35, 5, 10, 15, 24, 3, 12, 22, 8, 14, 29, 21, 33, 2, 0, 11, 19, 30, 1, 27, 20, 9, 18, 4, 7, 16, 17, 26, 28, 31, 32, 36, 37]",5,0.8,0.3333333333333333,0.47058823529411764,0.8687949224876582,1,12,5,4
smd,group23_evaluation,machine-3-10,treeshap_iforest,2,11,21500,21601,"[6, 10, 1, 2, 3, 15, 22, 24, 23, 25, 34, 0, 5, 21, 19, 27, 35, 30, 14, 11, 33, 20, 13, 8, 12, 29, 9, 18, 4, 7, 16, 17, 26, 28, 31, 32, 36, 37]",1,0.0,0.0,0.0,0.0,0,14,1,0
smd,group23_evaluation,machine-3-10,treeshap_iforest,2,11,21500,21601,"[6, 10, 1, 2, 3, 15, 22, 24, 23, 25, 34, 0, 5, 21, 19, 27, 35, 30, 14, 11, 33, 20, 13, 8, 12, 29, 9, 18, 4, 7, 16, 17, 26, 28, 31, 32, 36, 37]",3,0.6666666666666666,0.14285714285714285,0.23529411764705882,0.5307212739772434,1,14,3,2
smd,group23_evaluation,machine-3-10,treeshap_iforest,2,11,21500,21601,"[6, 10, 1, 2, 3, 15, 22, 24, 23, 25, 34, 0, 5, 21, 19, 27, 35, 30, 14, 11, 33, 20, 13, 8, 12, 29, 9, 18, 4, 7, 16, 17, 26, 28, 31, 32, 36, 37]",5,0.8,0.2857142857142857,0.4210526315789473,0.6608397947263839,1,14,5,4
smd,group23_evaluation,machine-3-10,treeshap_iforest,2,12,21785,22213,"[6, 10, 3, 2, 1, 15, 22, 25, 24, 23, 0, 34, 21, 14, 5, 30, 27, 18, 19, 35, 11, 20, 13, 33, 8, 29, 12, 9, 4, 7, 16, 17, 26, 28, 31, 32, 36, 37]",1,0.0,0.0,0.0,0.0,0,14,1,0
smd,group23_evaluation,machine-3-10,treeshap_iforest,2,12,21785,22213,"[6, 10, 3, 2, 1, 15, 22, 25, 24, 23, 0, 34, 21, 14, 5, 30, 27, 18, 19, 35, 11, 20, 13, 33, 8, 29, 12, 9, 4, 7, 16, 17, 26, 28, 31, 32, 36, 37]",3,0.6666666666666666,0.14285714285714285,0.23529411764705882,0.5307212739772434,1,14,3,2
smd,group23_evaluation,machine-3-10,treeshap_iforest,2,12,21785,22213,"[6, 10, 3, 2, 1, 15, 22, 25, 24, 23, 0, 34, 21, 14, 5, 30, 27, 18, 19, 35, 11, 20, 13, 33, 8, 29, 12, 9, 4, 7, 16, 17, 26, 28, 31, 32, 36, 37]",5,0.8,0.2857142857142857,0.4210526315789473,0.6608397947263839,1,14,5,4
smd,group23_evaluation,machine-3-11,treeshap_iforest,0,0,21230,21296,"[4, 6, 5, 11, 1, 23, 3, 2, 15, 14, 34, 13, 25, 33, 22, 36, 0, 35, 18, 27, 21, 19, 20, 30, 32, 9, 8, 29, 7, 10, 12, 16, 17, 24, 26, 28, 31, 37]",1,1.0,0.043478260869565216,0.08333333333333333,1.0,1,23,1,1
smd,group23_evaluation,machine-3-11,treeshap_iforest,0,0,21230,21296,"[4, 6, 5, 11, 1, 23, 3, 2, 15, 14, 34, 13, 25, 33, 22, 36, 0, 35, 18, 27, 21, 19, 20, 30, 32, 9, 8, 29, 7, 10, 12, 16, 17, 24, 26, 28, 31, 37]",3,1.0,0.13043478260869565,0.23076923076923078,1.0,1,23,3,3
smd,group23_evaluation,machine-3-11,treeshap_iforest,0,0,21230,21296,"[4, 6, 5, 11, 1, 23, 3, 2, 15, 14, 34, 13, 25, 33, 22, 36, 0, 35, 18, 27, 21, 19, 20, 30, 32, 9, 8, 29, 7, 10, 12, 16, 17, 24, 26, 28, 31, 37]",5,0.8,0.17391304347826086,0.2857142857142857,0.8539316501572937,1,23,5,4
smd,group23_evaluation,machine-3-11,treeshap_iforest,0,1,27825,27951,"[4, 3, 6, 5, 23, 11, 1, 2, 15, 25, 34, 14, 18, 13, 36, 0, 19, 35, 33, 21, 22, 30, 27, 20, 32, 9, 8, 29, 7, 10, 12, 16, 17, 24, 26, 28, 31, 37]",1,0.0,0.0,0.0,0.0,0,20,1,0
smd,group23_evaluation,machine-3-11,treeshap_iforest,0,1,27825,27951,"[4, 3, 6, 5, 23, 11, 1, 2, 15, 25, 34, 14, 18, 13, 36, 0, 19, 35, 33, 21, 22, 30, 27, 20, 32, 9, 8, 29, 7, 10, 12, 16, 17, 24, 26, 28, 31, 37]",3,0.6666666666666666,0.1,0.1739130434782609,0.5307212739772434,1,20,3,2
smd,group23_evaluation,machine-3-11,treeshap_iforest,0,1,27825,27951,"[4, 3, 6, 5, 23, 11, 1, 2, 15, 25, 34, 14, 18, 13, 36, 0, 19, 35, 33, 21, 22, 30, 27, 20, 32, 9, 8, 29, 7, 10, 12, 16, 17, 24, 26, 28, 31, 37]",5,0.6,0.15,0.24,0.5147714448836774,1,20,5,3
smd,group23_evaluation,machine-3-11,treeshap_iforest,0,2,27995,28001,"[4, 6, 15, 14, 11, 5, 23, 22, 13, 33, 19, 27, 34, 20, 32, 0, 25, 18, 21, 35, 1, 30, 36, 3, 2, 9, 8, 29, 7, 10, 12, 16, 17, 24, 26, 28, 31, 37]",1,0.0,0.0,0.0,0.0,0,2,1,0
smd,group23_evaluation,machine-3-11,treeshap_iforest,0,2,27995,28001,"[4, 6, 15, 14, 11, 5, 23, 22, 13, 33, 19, 27, 34, 20, 32, 0, 25, 18, 21, 35, 1, 30, 36, 3, 2, 9, 8, 29, 7, 10, 12, 16, 17, 24, 26, 28, 31, 37]",3,0.0,0.0,0.0,0.0,0,2,3,0
smd,group23_evaluation,machine-3-11,treeshap_iforest,0,2,27995,28001,"[4, 6, 15, 14, 11, 5, 23, 22, 13, 33, 19, 27, 34, 20, 32, 0, 25, 18, 21, 35, 1, 30, 36, 3, 2, 9, 8, 29, 7, 10, 12, 16, 17, 24, 26, 28, 31, 37]",5,0.0,0.0,0.0,0.0,0,2,5,0
smd,group23_evaluation,machine-3-11,treeshap_iforest,1,0,21230,21296,"[4, 6, 5, 11, 2, 23, 1, 3, 15, 25, 14, 0, 22, 33, 21, 32, 30, 27, 13, 19, 36, 34, 20, 18, 35, 8, 29, 12, 7, 9, 10, 16, 17, 24, 26, 28, 31, 37]",1,1.0,0.043478260869565216,0.08333333333333333,1.0,1,23,1,1
smd,group23_evaluation,machine-3-11,treeshap_iforest,1,0,21230,21296,"[4, 6, 5, 11, 2, 23, 1, 3, 15, 25, 14, 0, 22, 33, 21, 32, 30, 27, 13, 19, 36, 34, 20, 18, 35, 8, 29, 12, 7, 9, 10, 16, 17, 24, 26, 28, 31, 37]",3,1.0,0.13043478260869565,0.23076923076923078,1.0,1,23,3,3
smd,group23_evaluation,machine-3-11,treeshap_iforest,1,0,21230,21296,"[4, 6, 5, 11, 2, 23, 1, 3, 15, 25, 14, 0, 22, 33, 21, 32, 30, 27, 13, 19, 36, 34, 20, 18, 35, 8, 29, 12, 7, 9, 10, 16, 17, 24, 26, 28, 31, 37]",5,0.8,0.17391304347826086,0.2857142857142857,0.8539316501572937,1,23,5,4
smd,group23_evaluation,machine-3-11,treeshap_iforest,1,1,27825,27951,"[4, 6, 23, 3, 11, 2, 25, 5, 1, 19, 15, 21, 33, 30, 20, 0, 14, 22, 27, 13, 34, 18, 36, 32, 35, 8, 29, 12, 7, 9, 10, 16, 17, 24, 26, 28, 31, 37]",1,0.0,0.0,0.0,0.0,0,20,1,0
smd,group23_evaluation,machine-3-11,treeshap_iforest,1,1,27825,27951,"[4, 6, 23, 3, 11, 2, 25, 5, 1, 19, 15, 21, 33, 30, 20, 0, 14, 22, 27, 13, 34, 18, 36, 32, 35, 8, 29, 12, 7, 9, 10, 16, 17, 24, 26, 28, 31, 37]",3,0.6666666666666666,0.1,0.1739130434782609,0.5307212739772434,1,20,3,2
smd,group23_evaluation,machine-3-11,treeshap_iforest,1,1,27825,27951,"[4, 6, 23, 3, 11, 2, 25, 5, 1, 19, 15, 21, 33, 30, 20, 0, 14, 22, 27, 13, 34, 18, 36, 32, 35, 8, 29, 12, 7, 9, 10, 16, 17, 24, 26, 28, 31, 37]",5,0.6,0.15,0.24,0.5296347172140421,1,20,5,3
smd,group23_evaluation,machine-3-11,treeshap_iforest,1,2,27995,28001,"[4, 6, 14, 11, 15, 5, 23, 22, 33, 13, 32, 20, 35, 25, 30, 18, 21, 2, 36, 27, 1, 0, 34, 19, 3, 8, 29, 12, 7, 9, 10, 16, 17, 24, 26, 28, 31, 37]",1,0.0,0.0,0.0,0.0,0,2,1,0
smd,group23_evaluation,machine-3-11,treeshap_iforest,1,2,27995,28001,"[4, 6, 14, 11, 15, 5, 23, 22, 33, 13, 32, 20, 35, 25, 30, 18, 21, 2, 36, 27, 1, 0, 34, 19, 3, 8, 29, 12, 7, 9, 10, 16, 17, 24, 26, 28, 31, 37]",3,0.0,0.0,0.0,0.0,0,2,3,0
smd,group23_evaluation,machine-3-11,treeshap_iforest,1,2,27995,28001,"[4, 6, 14, 11, 15, 5, 23, 22, 33, 13, 32, 20, 35, 25, 30, 18, 21, 2, 36, 27, 1, 0, 34, 19, 3, 8, 29, 12, 7, 9, 10, 16, 17, 24, 26, 28, 31, 37]",5,0.0,0.0,0.0,0.0,0,2,5,0
smd,group23_evaluation,machine-3-11,treeshap_iforest,2,0,21230,21296,"[4, 5, 6, 11, 3, 2, 1, 15, 14, 25, 23, 13, 36, 32, 22, 34, 18, 27, 0, 33, 30, 20, 35, 21, 19, 9, 8, 7, 10, 12, 16, 17, 24, 26, 28, 29, 31, 37]",1,1.0,0.043478260869565216,0.08333333333333333,1.0,1,23,1,1
smd,group23_evaluation,machine-3-11,treeshap_iforest,2,0,21230,21296,"[4, 5, 6, 11, 3, 2, 1, 15, 14, 25, 23, 13, 36, 32, 22, 34, 18, 27, 0, 33, 30, 20, 35, 21, 19, 9, 8, 7, 10, 12, 16, 17, 24, 26, 28, 29, 31, 37]",3,1.0,0.13043478260869565,0.23076923076923078,1.0,1,23,3,3
smd,group23_evaluation,machine-3-11,treeshap_iforest,2,0,21230,21296,"[4, 5, 6, 11, 3, 2, 1, 15, 14, 25, 23, 13, 36, 32, 22, 34, 18, 27, 0, 33, 30, 20, 35, 21, 19, 9, 8, 7, 10, 12, 16, 17, 24, 26, 28, 29, 31, 37]",5,0.8,0.17391304347826086,0.2857142857142857,0.8539316501572937,1,23,5,4
smd,group23_evaluation,machine-3-11,treeshap_iforest,2,1,27825,27951,"[4, 3, 5, 25, 2, 6, 1, 11, 23, 15, 34, 36, 14, 13, 20, 0, 33, 18, 27, 22, 21, 30, 35, 19, 32, 8, 9, 7, 10, 12, 16, 17, 24, 26, 28, 29, 31, 37]",1,0.0,0.0,0.0,0.0,0,20,1,0
smd,group23_evaluation,machine-3-11,treeshap_iforest,2,1,27825,27951,"[4, 3, 5, 25, 2, 6, 1, 11, 23, 15, 34, 36, 14, 13, 20, 0, 33, 18, 27, 22, 21, 30, 35, 19, 32, 8, 9, 7, 10, 12, 16, 17, 24, 26, 28, 29, 31, 37]",3,0.3333333333333333,0.05,0.08695652173913045,0.2960819109658652,1,20,3,1
smd,group23_evaluation,machine-3-11,treeshap_iforest,2,1,27825,27951,"[4, 3, 5, 25, 2, 6, 1, 11, 23, 15, 34, 36, 14, 13, 20, 0, 33, 18, 27, 22, 21, 30, 35, 19, 32, 8, 9, 7, 10, 12, 16, 17, 24, 26, 28, 29, 31, 37]",5,0.6,0.15,0.24,0.4912596920895758,1,20,5,3
smd,group23_evaluation,machine-3-11,treeshap_iforest,2,2,27995,28001,"[4, 5, 14, 15, 6, 11, 13, 22, 19, 33, 32, 23, 30, 3, 36, 25, 1, 2, 18, 0, 21, 27, 34, 35, 20, 9, 8, 7, 10, 12, 16, 17, 24, 26, 28, 29, 31, 37]",1,0.0,0.0,0.0,0.0,0,2,1,0
smd,group23_evaluation,machine-3-11,treeshap_iforest,2,2,27995,28001,"[4, 5, 14, 15, 6, 11, 13, 22, 19, 33, 32, 23, 30, 3, 36, 25, 1, 2, 18, 0, 21, 27, 34, 35, 20, 9, 8, 7, 10, 12, 16, 17, 24, 26, 28, 29, 31, 37]",3,0.0,0.0,0.0,0.0,0,2,3,0
smd,group23_evaluation,machine-3-11,treeshap_iforest,2,2,27995,28001,"[4, 5, 14, 15, 6, 11, 13, 22, 19, 33, 32, 23, 30, 3, 36, 25, 1, 2, 18, 0, 21, 27, 34, 35, 20, 9, 8, 7, 10, 12, 16, 17, 24, 26, 28, 29, 31, 37]",5,0.0,0.0,0.0,0.0,0,2,5,0
smd,group23_evaluation,machine-3-2,treeshap_iforest,0,0,135,161,"[34, 35, 25, 6, 23, 11, 12, 31, 20, 8, 27, 9, 10, 24, 15, 32, 14, 29, 5, 19, 30, 21, 3, 22, 0, 13, 2, 33, 1, 18, 17, 16, 4, 7, 26, 28, 36, 37]",1,0.0,0.0,0.0,0.0,0,4,1,0
smd,group23_evaluation,machine-3-2,treeshap_iforest,0,0,135,161,"[34, 35, 25, 6, 23, 11, 12, 31, 20, 8, 27, 9, 10, 24, 15, 32, 14, 29, 5, 19, 30, 21, 3, 22, 0, 13, 2, 33, 1, 18, 17, 16, 4, 7, 26, 28, 36, 37]",3,0.3333333333333333,0.25,0.28571428571428575,0.2960819109658652,1,4,3,1
smd,group23_evaluation,machine-3-2,treeshap_iforest,0,0,135,161,"[34, 35, 25, 6, 23, 11, 12, 31, 20, 8, 27, 9, 10, 24, 15, 32, 14, 29, 5, 19, 30, 21, 3, 22, 0, 13, 2, 33, 1, 18, 17, 16, 4, 7, 26, 28, 36, 37]",5,0.2,0.25,0.22222222222222224,0.24630238874073,1,4,5,1
smd,group23_evaluation,machine-3-2,treeshap_iforest,0,1,3080,3917,"[34, 35, 25, 6, 5, 20, 19, 23, 18, 27, 30, 21, 8, 13, 32, 22, 1, 2, 15, 24, 3, 0, 29, 12, 14, 11, 31, 10, 9, 33, 17, 16, 4, 7, 26, 28, 36, 37]",1,0.0,0.0,0.0,0.0,0,4,1,0
smd,group23_evaluation,machine-3-2,treeshap_iforest,0,1,3080,3917,"[34, 35, 25, 6, 5, 20, 19, 23, 18, 27, 30, 21, 8, 13, 32, 22, 1, 2, 15, 24, 3, 0, 29, 12, 14, 11, 31, 10, 9, 33, 17, 16, 4, 7, 26, 28, 36, 37]",3,0.0,0.0,0.0,0.0,0,4,3,0
smd,group23_evaluation,machine-3-2,treeshap_iforest,0,1,3080,3917,"[34, 35, 25, 6, 5, 20, 19, 23, 18, 27, 30, 21, 8, 13, 32, 22, 1, 2, 15, 24, 3, 0, 29, 12, 14, 11, 31, 10, 9, 33, 17, 16, 4, 7, 26, 28, 36, 37]",5,0.0,0.0,0.0,0.0,0,4,5,0
smd,group23_evaluation,machine-3-2,treeshap_iforest,0,2,9139,9144,"[34, 35, 12, 19, 29, 8, 25, 13, 22, 24, 27, 20, 15, 11, 31, 0, 9, 32, 14, 18, 10, 30, 21, 5, 6, 17, 23, 1, 33, 3, 2, 16, 4, 7, 26, 28, 36, 37]",1,0.0,0.0,0.0,0.0,0,4,1,0
smd,group23_evaluation,machine-3-2,treeshap_iforest,0,2,9139,9144,"[34, 35, 12, 19, 29, 8, 25, 13, 22, 24, 27, 20, 15, 11, 31, 0, 9, 32, 14, 18, 10, 30, 21, 5, 6, 17, 23, 1, 33, 3, 2, 16, 4, 7, 26, 28, 36, 37]",3,0.3333333333333333,0.25,0.28571428571428575,0.23463936301137822,1,4,3,1
smd,group23_evaluation,machine-3-2,treeshap_iforest,0,2,9139,9144,"[34, 35, 12, 19, 29, 8, 25, 13, 22, 24, 27, 20, 15, 11, 31, 0, 9, 32, 14, 18, 10, 30, 21, 5, 6, 17, 23, 1, 33, 3, 2, 16, 4, 7, 26, 28, 36, 37]",5,0.2,0.25,0.22222222222222224,0.19519002499605084,1,4,5,1
smd,group23_evaluation,machine-3-2,treeshap_iforest,0,3,9199,9204,"[29, 34, 35, 8, 13, 19, 12, 25, 24, 15, 22, 5, 32, 31, 27, 0, 20, 3, 21, 14, 23, 1, 30, 11, 6, 33, 18, 9, 10, 2, 17, 16, 4, 7, 26, 28, 36, 37]",1,0.0,0.0,0.0,0.0,0,3,1,0
smd,group23_evaluation,machine-3-2,treeshap_iforest,0,3,9199,9204,"[29, 34, 35, 8, 13, 19, 12, 25, 24, 15, 22, 5, 32, 31, 27, 0, 20, 3, 21, 14, 23, 1, 30, 11, 6, 33, 18, 9, 10, 2, 17, 16, 4, 7, 26, 28, 36, 37]",3,0.0,0.0,0.0,0.0,0,3,3,0
smd,group23_evaluation,machine-3-2,treeshap_iforest,0,3,9199,9204,"[29, 34, 35, 8, 13, 19, 12, 25, 24, 15, 22, 5, 32, 31, 27, 0, 20, 3, 21, 14, 23, 1, 30, 11, 6, 33, 18, 9, 10, 2, 17, 16, 4, 7, 26, 28, 36, 37]",5,0.4,0.6666666666666666,0.5,0.38364913903790027,1,3,5,2
smd,group23_evaluation,machine-3-2,treeshap_iforest,0,4,15577,15582,"[35, 34, 25, 23, 6, 3, 21, 22, 0, 5, 19, 30, 32, 15, 24, 11, 29, 20, 18, 31, 1, 9, 33, 13, 8, 10, 12, 2, 14, 27, 17, 16, 4, 7, 26, 28, 36, 37]",1,1.0,0.2,0.33333333333333337,1.0,1,5,1,1
smd,group23_evaluation,machine-3-2,treeshap_iforest,0,4,15577,15582,"[35, 34, 25, 23, 6, 3, 21, 22, 0, 5, 19, 30, 32, 15, 24, 11, 29, 20, 18, 31, 1, 9, 33, 13, 8, 10, 12, 2, 14, 27, 17, 16, 4, 7, 26, 28, 36, 37]",3,0.6666666666666666,0.4,0.5,0.7653606369886217,1,5,3,2
smd,group23_evaluation,machine-3-2,treeshap_iforest,0,4,15577,15582,"[35, 34, 25, 23, 6, 3, 21, 22, 0, 5, 19, 30, 32, 15, 24, 11, 29, 20, 18, 31, 1, 9, 33, 13, 8, 10, 12, 2, 14, 27, 17, 16, 4, 7, 26, 28, 36, 37]",5,0.4,0.4,0.4000000000000001,0.5531464700081437,1,5,5,2
smd,group23_evaluation,machine-3-2,treeshap_iforest,0,5,11900,12023,"[34, 35, 25, 19, 21, 23, 6, 20, 13, 27, 30, 8, 15, 3, 31, 24, 32, 12, 1, 18, 22, 5, 33, 11, 10, 29, 9, 2, 0, 14, 17, 16, 4, 7, 26, 28, 36, 37]",1,0.0,0.0,0.0,0.0,0,3,1,0
smd,group23_evaluation,machine-3-2,treeshap_iforest,0,5,11900,12023,"[34, 35, 25, 19, 21, 23, 6, 20, 13, 27, 30, 8, 15, 3, 31, 24, 32, 12, 1, 18, 22, 5, 33, 11, 10, 29, 9, 2, 0, 14, 17, 16, 4, 7, 26, 28, 36, 37]",3,0.0,0.0,0.0,0.0,0,3,3,0
smd,group23_evaluation,machine-3-2,treeshap_iforest,0,5,11900,12023,"[34, 35, 25, 19, 21, 23, 6, 20, 13, 27, 30, 8, 15, 3, 31, 24, 32, 12, 1, 18, 22, 5, 33, 11, 10, 29, 9, 2, 0, 14, 17, 16, 4, 7, 26, 28, 36, 37]",5,0.0,0.0,0.0,0.0,0,3,5,0
smd,group23_evaluation,machine-3-2,treeshap_iforest,0,6,15644,15739,"[35, 34, 25, 23, 6, 8, 12, 15, 32, 21, 13, 20, 19, 30, 5, 11, 29, 14, 24, 31, 2, 1, 22, 0, 27, 3, 33, 9, 10, 18, 17, 16, 4, 7, 26, 28, 36, 37]",1,0.0,0.0,0.0,0.0,0,4,1,0
smd,group23_evaluation,machine-3-2,treeshap_iforest,0,6,15644,15739,"[35, 34, 25, 23, 6, 8, 12, 15, 32, 21, 13, 20, 19, 30, 5, 11, 29, 14, 24, 31, 2, 1, 22, 0, 27, 3, 33, 9, 10, 18, 17, 16, 4, 7, 26, 28, 36, 37]",3,0.0,0.0,0.0,0.0,0,4,3,0
smd,group23_evaluation,machine-3-2,treeshap_iforest,0,6,15644,15739,"[35, 34, 25, 23, 6, 8, 12, 15, 32, 21, 13, 20, 19, 30, 5, 11, 29, 14, 24, 31, 2, 1, 22, 0, 27, 3, 33, 9, 10, 18, 17, 16, 4, 7, 26, 28, 36, 37]",5,0.0,0.0,0.0,0.0,0,4,5,0
smd,group23_evaluation,machine-3-2,treeshap_iforest,0,7,20717,20723,"[1, 3, 2, 0, 34, 8, 29, 35, 15, 12, 31, 25, 19, 9, 10, 24, 13, 27, 11, 32, 20, 14, 30, 21, 5, 22, 23, 18, 33, 6, 17, 16, 4, 7, 26, 28, 36, 37]",1,0.0,0.0,0.0,0.0,0,2,1,0
smd,group23_evaluation,machine-3-2,treeshap_iforest,0,7,20717,20723,"[1, 3, 2, 0, 34, 8, 29, 35, 15, 12, 31, 25, 19, 9, 10, 24, 13, 27, 11, 32, 20, 14, 30, 21, 5, 22, 23, 18, 33, 6, 17, 16, 4, 7, 26, 28, 36, 37]",3,0.0,0.0,0.0,0.0,0,2,3,0
smd,group23_evaluation,machine-3-2,treeshap_iforest,0,7,20717,20723,"[1, 3, 2, 0, 34, 8, 29, 35, 15, 12, 31, 25, 19, 9, 10, 24, 13, 27, 11, 32, 20, 14, 30, 21, 5, 22, 23, 18, 33, 6, 17, 16, 4, 7, 26, 28, 36, 37]",5,0.0,0.0,0.0,0.0,0,2,5,0
smd,group23_evaluation,machine-3-2,treeshap_iforest,0,8,23059,23062,"[1, 3, 2, 31, 0, 8, 15, 29, 35, 34, 12, 25, 14, 11, 13, 32, 19, 20, 5, 27, 23, 21, 30, 24, 22, 18, 9, 33, 10, 6, 17, 16, 4, 7, 26, 28, 36, 37]",1,0.0,0.0,0.0,0.0,0,3,1,0
smd,group23_evaluation,machine-3-2,treeshap_iforest,0,8,23059,23062,"[1, 3, 2, 31, 0, 8, 15, 29, 35, 34, 12, 25, 14, 11, 13, 32, 19, 20, 5, 27, 23, 21, 30, 24, 22, 18, 9, 33, 10, 6, 17, 16, 4, 7, 26, 28, 36, 37]",3,0.0,0.0,0.0,0.0,0,3,3,0
smd,group23_evaluation,machine-3-2,treeshap_iforest,0,8,23059,23062,"[1, 3, 2, 31, 0, 8, 15, 29, 35, 34, 12, 25, 14, 11, 13, 32, 19, 20, 5, 27, 23, 21, 30, 24, 22, 18, 9, 33, 10, 6, 17, 16, 4, 7, 26, 28, 36, 37]",5,0.0,0.0,0.0,0.0,0,3,5,0
smd,group23_evaluation,machine-3-2,treeshap_iforest,1,0,135,161,"[34, 6, 25, 5, 35, 23, 31, 24, 9, 32, 11, 12, 8, 10, 15, 13, 14, 30, 0, 22, 29, 20, 27, 2, 21, 19, 1, 3, 33, 18, 17, 16, 4, 7, 26, 28, 36, 37]",1,0.0,0.0,0.0,0.0,0,4,1,0
smd,group23_evaluation,machine-3-2,treeshap_iforest,1,0,135,161,"[34, 6, 25, 5, 35, 23, 31, 24, 9, 32, 11, 12, 8, 10, 15, 13, 14, 30, 0, 22, 29, 20, 27, 2, 21, 19, 1, 3, 33, 18, 17, 16, 4, 7, 26, 28, 36, 37]",3,0.0,0.0,0.0,0.0,0,4,3,0
smd,group23_evaluation,machine-3-2,treeshap_iforest,1,0,135,161,"[34, 6, 25, 5, 35, 23, 31, 24, 9, 32, 11, 12, 8, 10, 15, 13, 14, 30, 0, 22, 29, 20, 27, 2, 21, 19, 1, 3, 33, 18, 17, 16, 4, 7, 26, 28, 36, 37]",5,0.2,0.25,0.22222222222222224,0.15101961822780524,1,4,5,1
smd,group23_evaluation,machine-3-2,treeshap_iforest,1,1,3080,3917,"[5, 34, 6, 25, 35, 23, 18, 27, 13, 32, 19, 20, 22, 24, 21, 30, 15, 1, 2, 8, 0, 12, 29, 3, 14, 31, 11, 9, 33, 10, 17, 16, 4, 7, 26, 28, 36, 37]",1,0.0,0.0,0.0,0.0,0,4,1,0
smd,group23_evaluation,machine-3-2,treeshap_iforest,1,1,3080,3917,"[5, 34, 6, 25, 35, 23, 18, 27, 13, 32, 19, 20, 22, 24, 21, 30, 15, 1, 2, 8, 0, 12, 29, 3, 14, 31, 11, 9, 33, 10, 17, 16, 4, 7, 26, 28, 36, 37]",3,0.0,0.0,0.0,0.0,0,4,3,0
smd,group23_evaluation,machine-3-2,treeshap_iforest,1,1,3080,3917,"[5, 34, 6, 25, 35, 23, 18, 27, 13, 32, 19, 20, 22, 24, 21, 30, 15, 1, 2, 8, 0, 12, 29, 3, 14, 31, 11, 9, 33, 10, 17, 16, 4, 7, 26, 28, 36, 37]",5,0.0,0.0,0.0,0.0,0,4,5,0
smd,group23_evaluation,machine-3-2,treeshap_iforest,1,2,9139,9144,"[34, 12, 35, 29, 24, 0, 22, 13, 19, 25, 23, 8, 31, 15, 27, 30, 18, 14, 20, 32, 21, 9, 11, 10, 6, 5, 17, 1, 3, 2, 33, 16, 4, 7, 26, 28, 36, 37]",1,0.0,0.0,0.0,0.0,0,4,1,0
smd,group23_evaluation,machine-3-2,treeshap_iforest,1,2,9139,9144,"[34, 12, 35, 29, 24, 0, 22, 13, 19, 25, 23, 8, 31, 15, 27, 30, 18, 14, 20, 32, 21, 9, 11, 10, 6, 5, 17, 1, 3, 2, 33, 16, 4, 7, 26, 28, 36, 37]",3,0.3333333333333333,0.25,0.28571428571428575,0.2960819109658652,1,4,3,1
smd,group23_evaluation,machine-3-2,treeshap_iforest,1,2,9139,9144,"[34, 12, 35, 29, 24, 0, 22, 13, 19, 25, 23, 8, 31, 15, 27, 30, 18, 14, 20, 32, 21, 9, 11, 10, 6, 5, 17, 1, 3, 2, 33, 16, 4, 7, 26, 28, 36, 37]",5,0.2,0.25,0.22222222222222224,0.24630238874073,1,4,5,1
smd,group23_evaluation,machine-3-2,treeshap_iforest,1,3,9199,9204,"[29, 34, 13, 24, 15, 8, 12, 35, 25, 22, 0, 19, 31, 23, 32, 21, 5, 27, 30, 3, 20, 1, 14, 6, 2, 18, 11, 33, 9, 10, 17, 16, 4, 7, 26, 28, 36, 37]",1,0.0,0.0,0.0,0.0,0,3,1,0
smd,group23_evaluation,machine-3-2,treeshap_iforest,1,3,9199,9204,"[29, 34, 13, 24, 15, 8, 12, 35, 25, 22, 0, 19, 31, 23, 32, 21, 5, 27, 30, 3, 20, 1, 14, 6, 2, 18, 11, 33, 9, 10, 17, 16, 4, 7, 26, 28, 36, 37]",3,0.3333333333333333,0.3333333333333333,0.3333333333333333,0.23463936301137822,1,3,3,1
smd,group23_evaluation,machine-3-2,treeshap_iforest,1,3,9199,9204,"[29, 34, 13, 24, 15, 8, 12, 35, 25, 22, 0, 19, 31, 23, 32, 21, 5, 27, 30, 3, 20, 1, 14, 6, 2, 18, 11, 33, 9, 10, 17, 16, 4, 7, 26, 28, 36, 37]",5,0.2,0.3333333333333333,0.25,0.23463936301137822,1,3,5,1
smd,group23_evaluation,machine-3-2,treeshap_iforest,1,4,15577,15582,"[34, 25, 35, 23, 6, 20, 27, 21, 22, 18, 0, 32, 15, 24, 19, 13, 31, 1, 29, 9, 11, 3, 5, 10, 33, 30, 12, 14, 8, 2, 17, 16, 4, 7, 26, 28, 36, 37]",1,1.0,0.2,0.33333333333333337,1.0,1,5,1,1
smd,group23_evaluation,machine-3-2,treeshap_iforest,1,4,15577,15582,"[34, 25, 35, 23, 6, 20, 27, 21, 22, 18, 0, 32, 15, 24, 19, 13, 31, 1, 29, 9, 11, 3, 5, 10, 33, 30, 12, 14, 8, 2, 17, 16, 4, 7, 26, 28, 36, 37]",3,0.6666666666666666,0.4,0.5,0.7039180890341347,1,5,3,2
smd,group23_evaluation,machine-3-2,treeshap_iforest,1,4,15577,15582,"[34, 25, 35, 23, 6, 20, 27, 21, 22, 18, 0, 32, 15, 24, 19, 13, 31, 1, 29, 9, 11, 3, 5, 10, 33, 30, 12, 14, 8, 2, 17, 16, 4, 7, 26, 28, 36, 37]",5,0.4,0.4,0.4000000000000001,0.5087403079104241,1,5,5,2
smd,group23_evaluation,machine-3-2,treeshap_iforest,1,5,11900,12023,"[34, 35, 25, 23, 6, 19, 13, 21, 8, 27, 31, 30, 32, 24, 15, 18, 1, 22, 20, 3, 12, 2, 5, 33, 29, 14, 9, 10, 0, 11, 17, 16, 4, 7, 26, 28, 36, 37]",1,0.0,0.0,0.0,0.0,0,3,1,0
smd,group23_evaluation,machine-3-2,treeshap_iforest,1,5,11900,12023,"[34, 35, 25, 23, 6, 19, 13, 21, 8, 27, 31, 30, 32, 24, 15, 18, 1, 22, 20, 3, 12, 2, 5, 33, 29, 14, 9, 10, 0, 11, 17, 16, 4, 7, 26, 28, 36, 37]",3,0.0,0.0,0.0,0.0,0,3,3,0
smd,group23_evaluation,machine-3-2,treeshap_iforest,1,5,11900,12023,"[34, 35, 25, 23, 6, 19, 13, 21, 8, 27, 31, 30, 32, 24, 15, 18, 1, 22, 20, 3, 12, 2, 5, 33, 29, 14, 9, 10, 0, 11, 17, 16, 4, 7, 26, 28, 36, 37]",5,0.0,0.0,0.0,0.0,0,3,5,0
smd,group23_evaluation,machine-3-2,treeshap_iforest,1,6,15644,15739,"[34, 35, 25, 23, 6, 27, 15, 32, 12, 13, 8, 20, 21, 24, 19, 31, 0, 14, 30, 11, 29, 2, 5, 22, 1, 18, 9, 3, 33, 10, 17, 16, 4, 7, 26, 28, 36, 37]",1,0.0,0.0,0.0,0.0,0,4,1,0
smd,group23_evaluation,machine-3-2,treeshap_iforest,1,6,15644,15739,"[34, 35, 25, 23, 6, 27, 15, 32, 12, 13, 8, 20, 21, 24, 19, 31, 0, 14, 30, 11, 29, 2, 5, 22, 1, 18, 9, 3, 33, 10, 17, 16, 4, 7, 26, 28, 36, 37]",3,0.0,0.0,0.0,0.0,0,4,3,0
smd,group23_evaluation,machine-3-2,treeshap_iforest,1,6,15644,15739,"[34, 35, 25, 23, 6, 27, 15, 32, 12, 13, 8, 20, 21, 24, 19, 31, 0, 14, 30, 11, 29, 2, 5, 22, 1, 18, 9, 3, 33, 10, 17, 16, 4, 7, 26, 28, 36, 37]",5,0.0,0.0,0.0,0.0,0,4,5,0
smd,group23_evaluation,machine-3-2,treeshap_iforest,1,7,20717,20723,"[0, 2, 3, 1, 31, 34, 15, 29, 8, 13, 24, 12, 10, 23, 35, 9, 25, 32, 19, 30, 11, 14, 21, 20, 27, 5, 22, 18, 33, 6, 17, 16, 4, 7, 26, 28, 36, 37]",1,0.0,0.0,0.0,0.0,0,2,1,0
smd,group23_evaluation,machine-3-2,treeshap_iforest,1,7,20717,20723,"[0, 2, 3, 1, 31, 34, 15, 29, 8, 13, 24, 12, 10, 23, 35, 9, 25, 32, 19, 30, 11, 14, 21, 20, 27, 5, 22, 18, 33, 6, 17, 16, 4, 7, 26, 28, 36, 37]",3,0.0,0.0,0.0,0.0,0,2,3,0
smd,group23_evaluation,machine-3-2,treeshap_iforest,1,7,20717,20723,"[0, 2, 3, 1, 31, 34, 15, 29, 8, 13, 24, 12, 10, 23, 35, 9, 25, 32, 19, 30, 11, 14, 21, 20, 27, 5, 22, 18, 33, 6, 17, 16, 4, 7, 26, 28, 36, 37]",5,0.0,0.0,0.0,0.0,0,2,5,0
smd,group23_evaluation,machine-3-2,treeshap_iforest,1,8,23059,23062,"[0, 2, 31, 1, 3, 34, 8, 15, 13, 23, 14, 25, 12, 35, 32, 29, 19, 30, 11, 21, 24, 5, 27, 20, 22, 6, 9, 10, 18, 33, 17, 16, 4, 7, 26, 28, 36, 37]",1,0.0,0.0,0.0,0.0,0,3,1,0
smd,group23_evaluation,machine-3-2,treeshap_iforest,1,8,23059,23062,"[0, 2, 31, 1, 3, 34, 8, 15, 13, 23, 14, 25, 12, 35, 32, 29, 19, 30, 11, 21, 24, 5, 27, 20, 22, 6, 9, 10, 18, 33, 17, 16, 4, 7, 26, 28, 36, 37]",3,0.0,0.0,0.0,0.0,0,3,3,0
smd,group23_evaluation,machine-3-2,treeshap_iforest,1,8,23059,23062,"[0, 2, 31, 1, 3, 34, 8, 15, 13, 23, 14, 25, 12, 35, 32, 29, 19, 30, 11, 21, 24, 5, 27, 20, 22, 6, 9, 10, 18, 33, 17, 16, 4, 7, 26, 28, 36, 37]",5,0.0,0.0,0.0,0.0,0,3,5,0
smd,group23_evaluation,machine-3-2,treeshap_iforest,2,0,135,161,"[34, 6, 35, 5, 31, 23, 25, 15, 11, 12, 30, 29, 3, 27, 9, 21, 8, 10, 24, 20, 19, 0, 1, 13, 32, 22, 2, 14, 33, 18, 16, 17, 4, 7, 26, 28, 36, 37]",1,0.0,0.0,0.0,0.0,0,4,1,0
smd,group23_evaluation,machine-3-2,treeshap_iforest,2,0,135,161,"[34, 6, 35, 5, 31, 23, 25, 15, 11, 12, 30, 29, 3, 27, 9, 21, 8, 10, 24, 20, 19, 0, 1, 13, 32, 22, 2, 14, 33, 18, 16, 17, 4, 7, 26, 28, 36, 37]",3,0.3333333333333333,0.25,0.28571428571428575,0.23463936301137822,1,4,3,1
smd,group23_evaluation,machine-3-2,treeshap_iforest,2,0,135,161,"[34, 6, 35, 5, 31, 23, 25, 15, 11, 12, 30, 29, 3, 27, 9, 21, 8, 10, 24, 20, 19, 0, 1, 13, 32, 22, 2, 14, 33, 18, 16, 17, 4, 7, 26, 28, 36, 37]",5,0.2,0.25,0.22222222222222224,0.19519002499605084,1,4,5,1
smd,group23_evaluation,machine-3-2,treeshap_iforest,2,1,3080,3917,"[34, 6, 5, 35, 25, 30, 23, 15, 20, 13, 19, 27, 21, 18, 1, 32, 2, 22, 29, 8, 24, 3, 0, 31, 12, 11, 33, 14, 10, 9, 16, 17, 4, 7, 26, 28, 36, 37]",1,0.0,0.0,0.0,0.0,0,4,1,0
smd,group23_evaluation,machine-3-2,treeshap_iforest,2,1,3080,3917,"[34, 6, 5, 35, 25, 30, 23, 15, 20, 13, 19, 27, 21, 18, 1, 32, 2, 22, 29, 8, 24, 3, 0, 31, 12, 11, 33, 14, 10, 9, 16, 17, 4, 7, 26, 28, 36, 37]",3,0.0,0.0,0.0,0.0,0,4,3,0
smd,group23_evaluation,machine-3-2,treeshap_iforest,2,1,3080,3917,"[34, 6, 5, 35, 25, 30, 23, 15, 20, 13, 19, 27, 21, 18, 1, 32, 2, 22, 29, 8, 24, 3, 0, 31, 12, 11, 33, 14, 10, 9, 16, 17, 4, 7, 26, 28, 36, 37]",5,0.0,0.0,0.0,0.0,0,4,5,0
smd,group23_evaluation,machine-3-2,treeshap_iforest,2,2,9139,9144,"[34, 29, 12, 19, 13, 31, 35, 15, 27, 24, 8, 30, 11, 0, 22, 32, 9, 10, 21, 18, 14, 23, 20, 25, 5, 6, 2, 1, 3, 17, 33, 16, 4, 7, 26, 28, 36, 37]",1,0.0,0.0,0.0,0.0,0,4,1,0
smd,group23_evaluation,machine-3-2,treeshap_iforest,2,2,9139,9144,"[34, 29, 12, 19, 13, 31, 35, 15, 27, 24, 8, 30, 11, 0, 22, 32, 9, 10, 21, 18, 14, 23, 20, 25, 5, 6, 2, 1, 3, 17, 33, 16, 4, 7, 26, 28, 36, 37]",3,0.3333333333333333,0.25,0.28571428571428575,0.23463936301137822,1,4,3,1
smd,group23_evaluation,machine-3-2,treeshap_iforest,2,2,9139,9144,"[34, 29, 12, 19, 13, 31, 35, 15, 27, 24, 8, 30, 11, 0, 22, 32, 9, 10, 21, 18, 14, 23, 20, 25, 5, 6, 2, 1, 3, 17, 33, 16, 4, 7, 26, 28, 36, 37]",5,0.4,0.5,0.4444444444444445,0.34620964322385606,1,4,5,2
smd,group23_evaluation,machine-3-2,treeshap_iforest,2,3,9199,9204,"[29, 34, 13, 15, 12, 24, 8, 31, 19, 35, 32, 30, 22, 0, 5, 25, 27, 23, 21, 1, 3, 2, 20, 11, 33, 6, 18, 14, 10, 9, 16, 17, 4, 7, 26, 28, 36, 37]",1,0.0,0.0,0.0,0.0,0,3,1,0
smd,group23_evaluation,machine-3-2,treeshap_iforest,2,3,9199,9204,"[29, 34, 13, 15, 12, 24, 8, 31, 19, 35, 32, 30, 22, 0, 5, 25, 27, 23, 21, 1, 3, 2, 20, 11, 33, 6, 18, 14, 10, 9, 16, 17, 4, 7, 26, 28, 36, 37]",3,0.3333333333333333,0.3333333333333333,0.3333333333333333,0.23463936301137822,1,3,3,1
smd,group23_evaluation,machine-3-2,treeshap_iforest,2,3,9199,9204,"[29, 34, 13, 15, 12, 24, 8, 31, 19, 35, 32, 30, 22, 0, 5, 25, 27, 23, 21, 1, 3, 2, 20, 11, 33, 6, 18, 14, 10, 9, 16, 17, 4, 7, 26, 28, 36, 37]",5,0.4,0.6666666666666666,0.5,0.41618115554873086,1,3,5,2
smd,group23_evaluation,machine-3-2,treeshap_iforest,2,4,15577,15582,"[34, 35, 23, 25, 15, 3, 1, 19, 31, 0, 29, 27, 22, 2, 20, 33, 24, 11, 18, 21, 32, 30, 10, 12, 6, 14, 13, 8, 9, 5, 16, 17, 4, 7, 26, 28, 36, 37]",1,1.0,0.2,0.33333333333333337,1.0,1,5,1,1
smd,group23_evaluation,machine-3-2,treeshap_iforest,2,4,15577,15582,"[34, 35, 23, 25, 15, 3, 1, 19, 31, 0, 29, 27, 22, 2, 20, 33, 24, 11, 18, 21, 32, 30, 10, 12, 6, 14, 13, 8, 9, 5, 16, 17, 4, 7, 26, 28, 36, 37]",3,0.6666666666666666,0.4,0.5,0.7653606369886217,1,5,3,2
smd,group23_evaluation,machine-3-2,treeshap_iforest,2,4,15577,15582,"[34, 35, 23, 25, 15, 3, 1, 19, 31, 0, 29, 27, 22, 2, 20, 33, 24, 11, 18, 21, 32, 30, 10, 12, 6, 14, 13, 8, 9, 5, 16, 17, 4, 7, 26, 28, 36, 37]",5,0.4,0.4,0.4000000000000001,0.5531464700081437,1,5,5,2
smd,group23_evaluation,machine-3-2,treeshap_iforest,2,5,11900,12023,"[34, 35, 19, 30, 13, 23, 25, 31, 21, 15, 8, 2, 27, 1, 18, 32, 12, 3, 20, 33, 24, 29, 11, 22, 6, 10, 14, 9, 5, 0, 16, 17, 4, 7, 26, 28, 36, 37]",1,0.0,0.0,0.0,0.0,0,3,1,0
smd,group23_evaluation,machine-3-2,treeshap_iforest,2,5,11900,12023,"[34, 35, 19, 30, 13, 23, 25, 31, 21, 15, 8, 2, 27, 1, 18, 32, 12, 3, 20, 33, 24, 29, 11, 22, 6, 10, 14, 9, 5, 0, 16, 17, 4, 7, 26, 28, 36, 37]",3,0.0,0.0,0.0,0.0,0,3,3,0
smd,group23_evaluation,machine-3-2,treeshap_iforest,2,5,11900,12023,"[34, 35, 19, 30, 13, 23, 25, 31, 21, 15, 8, 2, 27, 1, 18, 32, 12, 3, 20, 33, 24, 29, 11, 22, 6, 10, 14, 9, 5, 0, 16, 17, 4, 7, 26, 28, 36, 37]",5,0.2,0.3333333333333333,0.25,0.18154179253735267,1,3,5,1
smd,group23_evaluation,machine-3-2,treeshap_iforest,2,6,15644,15739,"[34, 35, 23, 25, 15, 12, 19, 27, 8, 31, 13, 30, 11, 29, 20, 32, 24, 21, 14, 1, 2, 3, 22, 0, 33, 5, 10, 6, 9, 18, 16, 17, 4, 7, 26, 28, 36, 37]",1,0.0,0.0,0.0,0.0,0,4,1,0
smd,group23_evaluation,machine-3-2,treeshap_iforest,2,6,15644,15739,"[34, 35, 23, 25, 15, 12, 19, 27, 8, 31, 13, 30, 11, 29, 20, 32, 24, 21, 14, 1, 2, 3, 22, 0, 33, 5, 10, 6, 9, 18, 16, 17, 4, 7, 26, 28, 36, 37]",3,0.0,0.0,0.0,0.0,0,4,3,0
smd,group23_evaluation,machine-3-2,treeshap_iforest,2,6,15644,15739,"[34, 35, 23, 25, 15, 12, 19, 27, 8, 31, 13, 30, 11, 29, 20, 32, 24, 21, 14, 1, 2, 3, 22, 0, 33, 5, 10, 6, 9, 18, 16, 17, 4, 7, 26, 28, 36, 37]",5,0.0,0.0,0.0,0.0,0,4,5,0
smd,group23_evaluation,machine-3-2,treeshap_iforest,2,7,20717,20723,"[3, 1, 2, 0, 29, 15, 31, 34, 10, 12, 13, 19, 9, 8, 24, 11, 35, 27, 30, 21, 25, 23, 32, 5, 14, 20, 6, 22, 18, 33, 16, 17, 4, 7, 26, 28, 36, 37]",1,0.0,0.0,0.0,0.0,0,2,1,0
smd,group23_evaluation,machine-3-2,treeshap_iforest,2,7,20717,20723,"[3, 1, 2, 0, 29, 15, 31, 34, 10, 12, 13, 19, 9, 8, 24, 11, 35, 27, 30, 21, 25, 23, 32, 5, 14, 20, 6, 22, 18, 33, 16, 17, 4, 7, 26, 28, 36, 37]",3,0.0,0.0,0.0,0.0,0,2,3,0
smd,group23_evaluation,machine-3-2,treeshap_iforest,2,7,20717,20723,"[3, 1, 2, 0, 29, 15, 31, 34, 10, 12, 13, 19, 9, 8, 24, 11, 35, 27, 30, 21, 25, 23, 32, 5, 14, 20, 6, 22, 18, 33, 16, 17, 4, 7, 26, 28, 36, 37]",5,0.0,0.0,0.0,0.0,0,2,5,0
smd,group23_evaluation,machine-3-2,treeshap_iforest,2,8,23059,23062,"[3, 31, 2, 1, 0, 15, 29, 8, 12, 34, 13, 19, 14, 11, 35, 25, 32, 24, 27, 23, 30, 21, 5, 20, 6, 22, 10, 9, 33, 18, 16, 17, 4, 7, 26, 28, 36, 37]",1,0.0,0.0,0.0,0.0,0,3,1,0
smd,group23_evaluation,machine-3-2,treeshap_iforest,2,8,23059,23062,"[3, 31, 2, 1, 0, 15, 29, 8, 12, 34, 13, 19, 14, 11, 35, 25, 32, 24, 27, 23, 30, 21, 5, 20, 6, 22, 10, 9, 33, 18, 16, 17, 4, 7, 26, 28, 36, 37]",3,0.0,0.0,0.0,0.0,0,3,3,0
smd,group23_evaluation,machine-3-2,treeshap_iforest,2,8,23059,23062,"[3, 31, 2, 1, 0, 15, 29, 8, 12, 34, 13, 19, 14, 11, 35, 25, 32, 24, 27, 23, 30, 21, 5, 20, 6, 22, 10, 9, 33, 18, 16, 17, 4, 7, 26, 28, 36, 37]",5,0.0,0.0,0.0,0.0,0,3,5,0
smd,group23_evaluation,machine-3-3,treeshap_iforest,0,0,739,742,"[10, 9, 15, 12, 11, 14, 8, 6, 22, 32, 29, 27, 1, 3, 34, 2, 5, 35, 24, 23, 33, 20, 0, 19, 36, 13, 30, 37, 21, 25, 31, 18, 28, 26, 4, 7, 16, 17]",1,1.0,0.25,0.4,1.0,1,4,1,1
smd,group23_evaluation,machine-3-3,treeshap_iforest,0,0,739,742,"[10, 9, 15, 12, 11, 14, 8, 6, 22, 32, 29, 27, 1, 3, 34, 2, 5, 35, 24, 23, 33, 20, 0, 19, 36, 13, 30, 37, 21, 25, 31, 18, 28, 26, 4, 7, 16, 17]",3,0.6666666666666666,0.5,0.5714285714285715,0.7653606369886217,1,4,3,2
smd,group23_evaluation,machine-3-3,treeshap_iforest,0,0,739,742,"[10, 9, 15, 12, 11, 14, 8, 6, 22, 32, 29, 27, 1, 3, 34, 2, 5, 35, 24, 23, 33, 20, 0, 19, 36, 13, 30, 37, 21, 25, 31, 18, 28, 26, 4, 7, 16, 17]",5,0.8,1.0,0.888888888888889,0.9558295932317544,1,4,5,4
smd,group23_evaluation,machine-3-3,treeshap_iforest,0,1,1808,1814,"[11, 9, 23, 12, 19, 22, 29, 14, 36, 32, 10, 27, 13, 18, 25, 15, 20, 6, 8, 24, 34, 3, 37, 33, 35, 21, 5, 30, 31, 2, 1, 0, 26, 28, 4, 7, 16, 17]",1,0.0,0.0,0.0,0.0,0,1,1,0
smd,group23_evaluation,machine-3-3,treeshap_iforest,0,1,1808,1814,"[11, 9, 23, 12, 19, 22, 29, 14, 36, 32, 10, 27, 13, 18, 25, 15, 20, 6, 8, 24, 34, 3, 37, 33, 35, 21, 5, 30, 31, 2, 1, 0, 26, 28, 4, 7, 16, 17]",3,0.0,0.0,0.0,0.0,0,1,3,0
smd,group23_evaluation,machine-3-3,treeshap_iforest,0,1,1808,1814,"[11, 9, 23, 12, 19, 22, 29, 14, 36, 32, 10, 27, 13, 18, 25, 15, 20, 6, 8, 24, 34, 3, 37, 33, 35, 21, 5, 30, 31, 2, 1, 0, 26, 28, 4, 7, 16, 17]",5,0.0,0.0,0.0,0.0,0,1,5,0
smd,group23_evaluation,machine-3-3,treeshap_iforest,0,2,2179,2182,"[10, 9, 12, 11, 6, 22, 15, 13, 29, 19, 3, 31, 24, 34, 33, 1, 35, 30, 2, 27, 36, 5, 23, 21, 0, 32, 20, 25, 18, 37, 14, 8, 28, 26, 4, 7, 16, 17]",1,1.0,0.25,0.4,1.0,1,4,1,1
smd,group23_evaluation,machine-3-3,treeshap_iforest,0,2,2179,2182,"[10, 9, 12, 11, 6, 22, 15, 13, 29, 19, 3, 31, 24, 34, 33, 1, 35, 30, 2, 27, 36, 5, 23, 21, 0, 32, 20, 25, 18, 37, 14, 8, 28, 26, 4, 7, 16, 17]",3,1.0,0.75,0.8571428571428571,1.0,1,4,3,3
smd,group23_evaluation,machine-3-3,treeshap_iforest,0,2,2179,2182,"[10, 9, 12, 11, 6, 22, 15, 13, 29, 19, 3, 31, 24, 34, 33, 1, 35, 30, 2, 27, 36, 5, 23, 21, 0, 32, 20, 25, 18, 37, 14, 8, 28, 26, 4, 7, 16, 17]",5,0.8,1.0,0.888888888888889,1.0,1,4,5,4
smd,group23_evaluation,machine-3-3,treeshap_iforest,0,3,3619,3622,"[9, 10, 12, 11, 15, 6, 31, 22, 34, 29, 2, 14, 3, 8, 33, 27, 19, 24, 36, 30, 35, 21, 13, 1, 5, 37, 23, 20, 32, 25, 0, 18, 28, 26, 4, 7, 16, 17]",1,1.0,0.25,0.4,1.0,1,4,1,1
smd,group23_evaluation,machine-3-3,treeshap_iforest,0,3,3619,3622,"[9, 10, 12, 11, 15, 6, 31, 22, 34, 29, 2, 14, 3, 8, 33, 27, 19, 24, 36, 30, 35, 21, 13, 1, 5, 37, 23, 20, 32, 25, 0, 18, 28, 26, 4, 7, 16, 17]",3,1.0,0.75,0.8571428571428571,1.0,1,4,3,3
smd,group23_evaluation,machine-3-3,treeshap_iforest,0,3,3619,3622,"[9, 10, 12, 11, 15, 6, 31, 22, 34, 29, 2, 14, 3, 8, 33, 27, 19, 24, 36, 30, 35, 21, 13, 1, 5, 37, 23, 20, 32, 25, 0, 18, 28, 26, 4, 7, 16, 17]",5,0.8,1.0,0.888888888888889,1.0,1,4,5,4
smd,group23_evaluation,machine-3-3,treeshap_iforest,0,4,4561,4578,"[6, 23, 10, 5, 9, 12, 8, 13, 22, 29, 15, 30, 14, 34, 27, 11, 25, 0, 35, 19, 1, 37, 24, 3, 36, 32, 2, 20, 18, 33, 21, 31, 28, 26, 4, 7, 16, 17]",1,1.0,0.041666666666666664,0.07999999999999999,1.0,1,24,1,1
smd,group23_evaluation,machine-3-3,treeshap_iforest,0,4,4561,4578,"[6, 23, 10, 5, 9, 12, 8, 13, 22, 29, 15, 30, 14, 34, 27, 11, 25, 0, 35, 19, 1, 37, 24, 3, 36, 32, 2, 20, 18, 33, 21, 31, 28, 26, 4, 7, 16, 17]",3,1.0,0.125,0.2222222222222222,1.0,1,24,3,3
smd,group23_evaluation,machine-3-3,treeshap_iforest,0,4,4561,4578,"[6, 23, 10, 5, 9, 12, 8, 13, 22, 29, 15, 30, 14, 34, 27, 11, 25, 0, 35, 19, 1, 37, 24, 3, 36, 32, 2, 20, 18, 33, 21, 31, 28, 26, 4, 7, 16, 17]",5,1.0,0.20833333333333334,0.3448275862068966,1.0,1,24,5,5
smd,group23_evaluation,machine-3-3,treeshap_iforest,0,5,4564,4567,"[10, 6, 23, 5, 9, 29, 12, 8, 14, 1, 13, 11, 25, 15, 30, 0, 2, 22, 34, 27, 35, 20, 31, 36, 21, 3, 37, 32, 19, 24, 18, 33, 28, 26, 4, 7, 16, 17]",1,1.0,0.041666666666666664,0.07999999999999999,1.0,1,24,1,1
smd,group23_evaluation,machine-3-3,treeshap_iforest,0,5,4564,4567,"[10, 6, 23, 5, 9, 29, 12, 8, 14, 1, 13, 11, 25, 15, 30, 0, 2, 22, 34, 27, 35, 20, 31, 36, 21, 3, 37, 32, 19, 24, 18, 33, 28, 26, 4, 7, 16, 17]",3,1.0,0.125,0.2222222222222222,1.0,1,24,3,3
smd,group23_evaluation,machine-3-3,treeshap_iforest,0,5,4564,4567,"[10, 6, 23, 5, 9, 29, 12, 8, 14, 1, 13, 11, 25, 15, 30, 0, 2, 22, 34, 27, 35, 20, 31, 36, 21, 3, 37, 32, 19, 24, 18, 33, 28, 26, 4, 7, 16, 17]",5,1.0,0.20833333333333334,0.3448275862068966,1.0,1,24,5,5
smd,group23_evaluation,machine-3-3,treeshap_iforest,0,6,5059,5062,"[9, 10, 6, 12, 11, 15, 31, 34, 22, 29, 37, 19, 14, 8, 21, 27, 23, 24, 13, 2, 35, 36, 1, 3, 33, 0, 32, 25, 5, 20, 18, 30, 28, 26, 4, 7, 16, 17]",1,1.0,0.25,0.4,1.0,1,4,1,1
smd,group23_evaluation,machine-3-3,treeshap_iforest,0,6,5059,5062,"[9, 10, 6, 12, 11, 15, 31, 34, 22, 29, 37, 19, 14, 8, 21, 27, 23, 24, 13, 2, 35, 36, 1, 3, 33, 0, 32, 25, 5, 20, 18, 30, 28, 26, 4, 7, 16, 17]",3,0.6666666666666666,0.5,0.5714285714285715,0.7653606369886217,1,4,3,2
smd,group23_evaluation,machine-3-3,treeshap_iforest,0,6,5059,5062,"[9, 10, 6, 12, 11, 15, 31, 34, 22, 29, 37, 19, 14, 8, 21, 27, 23, 24, 13, 2, 35, 36, 1, 3, 33, 0, 32, 25, 5, 20, 18, 30, 28, 26, 4, 7, 16, 17]",5,0.8,1.0,0.888888888888889,0.9558295932317544,1,4,5,4
smd,group23_evaluation,machine-3-3,treeshap_iforest,0,7,5449,5453,"[9, 15, 10, 6, 12, 8, 14, 11, 34, 27, 31, 5, 30, 29, 37, 23, 13, 22, 25, 2, 3, 35, 19, 32, 18, 20, 21, 24, 1, 36, 33, 0, 28, 26, 4, 7, 16, 17]",1,0.0,0.0,0.0,0.0,0,5,1,0
smd,group23_evaluation,machine-3-3,treeshap_iforest,0,7,5449,5453,"[9, 15, 10, 6, 12, 8, 14, 11, 34, 27, 31, 5, 30, 29, 37, 23, 13, 22, 25, 2, 3, 35, 19, 32, 18, 20, 21, 24, 1, 36, 33, 0, 28, 26, 4, 7, 16, 17]",3,0.3333333333333333,0.2,0.25,0.2960819109658652,1,5,3,1
smd,group23_evaluation,machine-3-3,treeshap_iforest,0,7,5449,5453,"[9, 15, 10, 6, 12, 8, 14, 11, 34, 27, 31, 5, 30, 29, 37, 23, 13, 22, 25, 2, 3, 35, 19, 32, 18, 20, 21, 24, 1, 36, 33, 0, 28, 26, 4, 7, 16, 17]",5,0.4,0.4,0.4000000000000001,0.34519134224686937,1,5,5,2
smd,group23_evaluation,machine-3-3,treeshap_iforest,0,8,6499,6502,"[9, 10, 12, 6, 11, 15, 31, 34, 8, 29, 2, 3, 14, 27, 19, 22, 33, 24, 20, 30, 21, 23, 35, 1, 13, 5, 37, 36, 18, 32, 0, 25, 28, 26, 4, 7, 16, 17]",1,1.0,0.25,0.4,1.0,1,4,1,1
smd,group23_evaluation,machine-3-3,treeshap_iforest,0,8,6499,6502,"[9, 10, 12, 6, 11, 15, 31, 34, 8, 29, 2, 3, 14, 27, 19, 22, 33, 24, 20, 30, 21, 23, 35, 1, 13, 5, 37, 36, 18, 32, 0, 25, 28, 26, 4, 7, 16, 17]",3,1.0,0.75,0.8571428571428571,1.0,1,4,3,3
smd,group23_evaluation,machine-3-3,treeshap_iforest,0,8,6499,6502,"[9, 10, 12, 6, 11, 15, 31, 34, 8, 29, 2, 3, 14, 27, 19, 22, 33, 24, 20, 30, 21, 23, 35, 1, 13, 5, 37, 36, 18, 32, 0, 25, 28, 26, 4, 7, 16, 17]",5,0.8,1.0,0.888888888888889,0.9828920819566879,1,4,5,4
smd,group23_evaluation,machine-3-3,treeshap_iforest,0,9,7939,7942,"[9, 10, 12, 11, 31, 6, 15, 34, 27, 29, 23, 19, 8, 37, 3, 22, 14, 21, 2, 33, 30, 5, 1, 0, 35, 24, 13, 36, 20, 32, 18, 25, 28, 26, 4, 7, 16, 17]",1,1.0,0.25,0.4,1.0,1,4,1,1
smd,group23_evaluation,machine-3-3,treeshap_iforest,0,9,7939,7942,"[9, 10, 12, 11, 31, 6, 15, 34, 27, 29, 23, 19, 8, 37, 3, 22, 14, 21, 2, 33, 30, 5, 1, 0, 35, 24, 13, 36, 20, 32, 18, 25, 28, 26, 4, 7, 16, 17]",3,1.0,0.75,0.8571428571428571,1.0,1,4,3,3
smd,group23_evaluation,machine-3-3,treeshap_iforest,0,9,7939,7942,"[9, 10, 12, 11, 31, 6, 15, 34, 27, 29, 23, 19, 8, 37, 3, 22, 14, 21, 2, 33, 30, 5, 1, 0, 35, 24, 13, 36, 20, 32, 18, 25, 28, 26, 4, 7, 16, 17]",5,0.8,1.0,0.888888888888889,1.0,1,4,5,4
smd,group23_evaluation,machine-3-3,treeshap_iforest,0,10,8407,8414,"[15, 9, 10, 14, 8, 12, 11, 22, 6, 30, 34, 35, 27, 29, 1, 3, 24, 0, 31, 21, 37, 20, 36, 5, 23, 18, 25, 33, 13, 2, 19, 32, 28, 26, 4, 7, 16, 17]",1,1.0,0.2,0.33333333333333337,1.0,1,5,1,1
smd,group23_evaluation,machine-3-3,treeshap_iforest,0,10,8407,8414,"[15, 9, 10, 14, 8, 12, 11, 22, 6, 30, 34, 35, 27, 29, 1, 3, 24, 0, 31, 21, 37, 20, 36, 5, 23, 18, 25, 33, 13, 2, 19, 32, 28, 26, 4, 7, 16, 17]",3,0.3333333333333333,0.2,0.25,0.46927872602275644,1,5,3,1
smd,group23_evaluation,machine-3-3,treeshap_iforest,0,10,8407,8414,"[15, 9, 10, 14, 8, 12, 11, 22, 6, 30, 34, 35, 27, 29, 1, 3, 24, 0, 31, 21, 37, 20, 36, 5, 23, 18, 25, 33, 13, 2, 19, 32, 28, 26, 4, 7, 16, 17]",5,0.4,0.4,0.4000000000000001,0.48522855511632257,1,5,5,2
smd,group23_evaluation,machine-3-3,treeshap_iforest,0,11,9737,9740,"[10, 9, 15, 8, 12, 14, 6, 5, 11, 22, 31, 34, 24, 13, 33, 29, 21, 19, 37, 20, 27, 32, 30, 18, 3, 2, 36, 25, 1, 23, 0, 35, 28, 26, 4, 7, 16, 17]",1,0.0,0.0,0.0,0.0,0,3,1,0
smd,group23_evaluation,machine-3-3,treeshap_iforest,0,11,9737,9740,"[10, 9, 15, 8, 12, 14, 6, 5, 11, 22, 31, 34, 24, 13, 33, 29, 21, 19, 37, 20, 27, 32, 30, 18, 3, 2, 36, 25, 1, 23, 0, 35, 28, 26, 4, 7, 16, 17]",3,0.3333333333333333,0.3333333333333333,0.3333333333333333,0.23463936301137822,1,3,3,1
smd,group23_evaluation,machine-3-3,treeshap_iforest,0,11,9737,9740,"[10, 9, 15, 8, 12, 14, 6, 5, 11, 22, 31, 34, 24, 13, 33, 29, 21, 19, 37, 20, 27, 32, 30, 18, 3, 2, 36, 25, 1, 23, 0, 35, 28, 26, 4, 7, 16, 17]",5,0.2,0.3333333333333333,0.25,0.23463936301137822,1,3,5,1
smd,group23_evaluation,machine-3-3,treeshap_iforest,0,12,10819,10822,"[9, 10, 12, 11, 6, 15, 29, 3, 27, 34, 8, 2, 0, 18, 13, 35, 19, 14, 30, 20, 21, 31, 24, 5, 22, 25, 1, 37, 36, 33, 32, 23, 28, 26, 4, 7, 16, 17]",1,1.0,0.25,0.4,1.0,1,4,1,1
smd,group23_evaluation,machine-3-3,treeshap_iforest,0,12,10819,10822,"[9, 10, 12, 11, 6, 15, 29, 3, 27, 34, 8, 2, 0, 18, 13, 35, 19, 14, 30, 20, 21, 31, 24, 5, 22, 25, 1, 37, 36, 33, 32, 23, 28, 26, 4, 7, 16, 17]",3,1.0,0.75,0.8571428571428571,1.0,1,4,3,3
smd,group23_evaluation,machine-3-3,treeshap_iforest,0,12,10819,10822,"[9, 10, 12, 11, 6, 15, 29, 3, 27, 34, 8, 2, 0, 18, 13, 35, 19, 14, 30, 20, 21, 31, 24, 5, 22, 25, 1, 37, 36, 33, 32, 23, 28, 26, 4, 7, 16, 17]",5,0.8,1.0,0.888888888888889,1.0,1,4,5,4
smd,group23_evaluation,machine-3-3,treeshap_iforest,0,13,12259,12262,"[9, 10, 12, 11, 6, 34, 15, 29, 3, 14, 30, 19, 27, 8, 5, 13, 2, 20, 1, 23, 21, 24, 35, 22, 0, 37, 18, 32, 25, 33, 36, 31, 28, 26, 4, 7, 16, 17]",1,1.0,0.25,0.4,1.0,1,4,1,1
smd,group23_evaluation,machine-3-3,treeshap_iforest,0,13,12259,12262,"[9, 10, 12, 11, 6, 34, 15, 29, 3, 14, 30, 19, 27, 8, 5, 13, 2, 20, 1, 23, 21, 24, 35, 22, 0, 37, 18, 32, 25, 33, 36, 31, 28, 26, 4, 7, 16, 17]",3,1.0,0.75,0.8571428571428571,1.0,1,4,3,3
smd,group23_evaluation,machine-3-3,treeshap_iforest,0,13,12259,12262,"[9, 10, 12, 11, 6, 34, 15, 29, 3, 14, 30, 19, 27, 8, 5, 13, 2, 20, 1, 23, 21, 24, 35, 22, 0, 37, 18, 32, 25, 33, 36, 31, 28, 26, 4, 7, 16, 17]",5,0.8,1.0,0.888888888888889,1.0,1,4,5,4
smd,group23_evaluation,machine-3-3,treeshap_iforest,0,14,13699,13702,"[9, 10, 12, 6, 11, 31, 15, 34, 22, 3, 29, 14, 2, 19, 8, 27, 36, 24, 37, 35, 13, 20, 30, 25, 32, 33, 1, 23, 21, 18, 5, 0, 28, 26, 4, 7, 16, 17]",1,1.0,0.25,0.4,1.0,1,4,1,1
smd,group23_evaluation,machine-3-3,treeshap_iforest,0,14,13699,13702,"[9, 10, 12, 6, 11, 31, 15, 34, 22, 3, 29, 14, 2, 19, 8, 27, 36, 24, 37, 35, 13, 20, 30, 25, 32, 33, 1, 23, 21, 18, 5, 0, 28, 26, 4, 7, 16, 17]",3,1.0,0.75,0.8571428571428571,1.0,1,4,3,3
smd,group23_evaluation,machine-3-3,treeshap_iforest,0,14,13699,13702,"[9, 10, 12, 6, 11, 31, 15, 34, 22, 3, 29, 14, 2, 19, 8, 27, 36, 24, 37, 35, 13, 20, 30, 25, 32, 33, 1, 23, 21, 18, 5, 0, 28, 26, 4, 7, 16, 17]",5,0.8,1.0,0.888888888888889,0.9828920819566879,1,4,5,4
smd,group23_evaluation,machine-3-3,treeshap_iforest,0,15,13827,13830,"[9, 10, 15, 8, 12, 14, 23, 6, 34, 30, 37, 31, 35, 29, 22, 11, 25, 20, 13, 19, 1, 24, 36, 3, 27, 32, 21, 18, 33, 2, 0, 5, 28, 26, 4, 7, 16, 17]",1,0.0,0.0,0.0,0.0,0,1,1,0
smd,group23_evaluation,machine-3-3,treeshap_iforest,0,15,13827,13830,"[9, 10, 15, 8, 12, 14, 23, 6, 34, 30, 37, 31, 35, 29, 22, 11, 25, 20, 13, 19, 1, 24, 36, 3, 27, 32, 21, 18, 33, 2, 0, 5, 28, 26, 4, 7, 16, 17]",3,0.0,0.0,0.0,0.0,0,1,3,0
smd,group23_evaluation,machine-3-3,treeshap_iforest,0,15,13827,13830,"[9, 10, 15, 8, 12, 14, 23, 6, 34, 30, 37, 31, 35, 29, 22, 11, 25, 20, 13, 19, 1, 24, 36, 3, 27, 32, 21, 18, 33, 2, 0, 5, 28, 26, 4, 7, 16, 17]",5,0.0,0.0,0.0,0.0,0,1,5,0
smd,group23_evaluation,machine-3-3,treeshap_iforest,0,16,14476,14486,"[8, 13, 12, 11, 9, 10, 15, 14, 30, 27, 22, 21, 6, 34, 29, 23, 31, 18, 25, 36, 33, 3, 5, 0, 35, 24, 20, 19, 37, 1, 2, 32, 26, 28, 4, 7, 16, 17]",1,0.0,0.0,0.0,0.0,0,1,1,0
smd,group23_evaluation,machine-3-3,treeshap_iforest,0,16,14476,14486,"[8, 13, 12, 11, 9, 10, 15, 14, 30, 27, 22, 21, 6, 34, 29, 23, 31, 18, 25, 36, 33, 3, 5, 0, 35, 24, 20, 19, 37, 1, 2, 32, 26, 28, 4, 7, 16, 17]",3,0.3333333333333333,1.0,0.5,0.6309297535714575,1,1,3,1
smd,group23_evaluation,machine-3-3,treeshap_iforest,0,16,14476,14486,"[8, 13, 12, 11, 9, 10, 15, 14, 30, 27, 22, 21, 6, 34, 29, 23, 31, 18, 25, 36, 33, 3, 5, 0, 35, 24, 20, 19, 37, 1, 2, 32, 26, 28, 4, 7, 16, 17]",5,0.2,1.0,0.33333333333333337,0.6309297535714575,1,1,5,1
smd,group23_evaluation,machine-3-3,treeshap_iforest,0,17,15139,15142,"[9, 10, 12, 11, 31, 15, 34, 5, 29, 19, 2, 22, 8, 24, 6, 27, 37, 36, 21, 14, 3, 23, 1, 32, 35, 20, 30, 33, 13, 0, 25, 18, 28, 26, 4, 7, 16, 17]",1,1.0,0.25,0.4,1.0,1,4,1,1
smd,group23_evaluation,machine-3-3,treeshap_iforest,0,17,15139,15142,"[9, 10, 12, 11, 31, 15, 34, 5, 29, 19, 2, 22, 8, 24, 6, 27, 37, 36, 21, 14, 3, 23, 1, 32, 35, 20, 30, 33, 13, 0, 25, 18, 28, 26, 4, 7, 16, 17]",3,1.0,0.75,0.8571428571428571,1.0,1,4,3,3
smd,group23_evaluation,machine-3-3,treeshap_iforest,0,17,15139,15142,"[9, 10, 12, 11, 31, 15, 34, 5, 29, 19, 2, 22, 8, 24, 6, 27, 37, 36, 21, 14, 3, 23, 1, 32, 35, 20, 30, 33, 13, 0, 25, 18, 28, 26, 4, 7, 16, 17]",5,0.8,1.0,0.888888888888889,1.0,1,4,5,4
smd,group23_evaluation,machine-3-3,treeshap_iforest,0,18,16199,16212,"[8, 13, 9, 2, 12, 14, 10, 1, 23, 22, 18, 15, 0, 3, 29, 25, 11, 19, 32, 27, 30, 36, 24, 20, 6, 5, 21, 34, 33, 35, 31, 37, 26, 28, 4, 7, 16, 17]",1,0.0,0.0,0.0,0.0,0,4,1,0
smd,group23_evaluation,machine-3-3,treeshap_iforest,0,18,16199,16212,"[8, 13, 9, 2, 12, 14, 10, 1, 23, 22, 18, 15, 0, 3, 29, 25, 11, 19, 32, 27, 30, 36, 24, 20, 6, 5, 21, 34, 33, 35, 31, 37, 26, 28, 4, 7, 16, 17]",3,0.3333333333333333,0.25,0.28571428571428575,0.23463936301137822,1,4,3,1
smd,group23_evaluation,machine-3-3,treeshap_iforest,0,18,16199,16212,"[8, 13, 9, 2, 12, 14, 10, 1, 23, 22, 18, 15, 0, 3, 29, 25, 11, 19, 32, 27, 30, 36, 24, 20, 6, 5, 21, 34, 33, 35, 31, 37, 26, 28, 4, 7, 16, 17]",5,0.4,0.5,0.4444444444444445,0.34620964322385606,1,4,5,2
smd,group23_evaluation,machine-3-3,treeshap_iforest,0,19,16579,16582,"[10, 9, 12, 11, 15, 34, 22, 31, 5, 2, 8, 19, 27, 29, 24, 14, 23, 3, 13, 1, 36, 37, 30, 21, 35, 32, 25, 6, 20, 33, 0, 18, 28, 26, 4, 7, 16, 17]",1,0.0,0.0,0.0,0.0,0,10,1,0
smd,group23_evaluation,machine-3-3,treeshap_iforest,0,19,16579,16582,"[10, 9, 12, 11, 15, 34, 22, 31, 5, 2, 8, 19, 27, 29, 24, 14, 23, 3, 13, 1, 36, 37, 30, 21, 35, 32, 25, 6, 20, 33, 0, 18, 28, 26, 4, 7, 16, 17]",3,0.0,0.0,0.0,0.0,0,10,3,0
smd,group23_evaluation,machine-3-3,treeshap_iforest,0,19,16579,16582,"[10, 9, 12, 11, 15, 34, 22, 31, 5, 2, 8, 19, 27, 29, 24, 14, 23, 3, 13, 1, 36, 37, 30, 21, 35, 32, 25, 6, 20, 33, 0, 18, 28, 26, 4, 7, 16, 17]",5,0.0,0.0,0.0,0.0,0,10,5,0
smd,group23_evaluation,machine-3-3,treeshap_iforest,0,20,18019,18022,"[10, 9, 12, 11, 6, 15, 13, 31, 34, 5, 22, 19, 8, 29, 3, 37, 27, 24, 2, 35, 32, 30, 1, 23, 21, 36, 14, 33, 20, 0, 18, 25, 28, 26, 4, 7, 16, 17]",1,1.0,0.25,0.4,1.0,1,4,1,1
smd,group23_evaluation,machine-3-3,treeshap_iforest,0,20,18019,18022,"[10, 9, 12, 11, 6, 15, 13, 31, 34, 5, 22, 19, 8, 29, 3, 37, 27, 24, 2, 35, 32, 30, 1, 23, 21, 36, 14, 33, 20, 0, 18, 25, 28, 26, 4, 7, 16, 17]",3,1.0,0.75,0.8571428571428571,1.0,1,4,3,3
smd,group23_evaluation,machine-3-3,treeshap_iforest,0,20,18019,18022,"[10, 9, 12, 11, 6, 15, 13, 31, 34, 5, 22, 19, 8, 29, 3, 37, 27, 24, 2, 35, 32, 30, 1, 23, 21, 36, 14, 33, 20, 0, 18, 25, 28, 26, 4, 7, 16, 17]",5,0.8,1.0,0.888888888888889,1.0,1,4,5,4
smd,group23_evaluation,machine-3-3,treeshap_iforest,0,21,19081,19088,"[32, 9, 19, 33, 2, 12, 10, 1, 27, 6, 18, 20, 0, 24, 36, 8, 15, 13, 14, 29, 5, 34, 30, 21, 22, 3, 25, 23, 31, 37, 35, 11, 26, 28, 4, 7, 16, 17]",1,0.0,0.0,0.0,0.0,0,4,1,0
smd,group23_evaluation,machine-3-3,treeshap_iforest,0,21,19081,19088,"[32, 9, 19, 33, 2, 12, 10, 1, 27, 6, 18, 20, 0, 24, 36, 8, 15, 13, 14, 29, 5, 34, 30, 21, 22, 3, 25, 23, 31, 37, 35, 11, 26, 28, 4, 7, 16, 17]",3,0.3333333333333333,0.25,0.28571428571428575,0.2960819109658652,1,4,3,1
smd,group23_evaluation,machine-3-3,treeshap_iforest,0,21,19081,19088,"[32, 9, 19, 33, 2, 12, 10, 1, 27, 6, 18, 20, 0, 24, 36, 8, 15, 13, 14, 29, 5, 34, 30, 21, 22, 3, 25, 23, 31, 37, 35, 11, 26, 28, 4, 7, 16, 17]",5,0.2,0.25,0.22222222222222224,0.24630238874073,1,4,5,1
smd,group23_evaluation,machine-3-3,treeshap_iforest,0,22,19349,19830,"[3, 5, 9, 18, 2, 27, 6, 10, 19, 11, 29, 30, 20, 0, 15, 23, 25, 34, 21, 32, 24, 12, 1, 13, 37, 22, 35, 8, 33, 36, 14, 31, 28, 26, 4, 7, 16, 17]",1,0.0,0.0,0.0,0.0,0,3,1,0
smd,group23_evaluation,machine-3-3,treeshap_iforest,0,22,19349,19830,"[3, 5, 9, 18, 2, 27, 6, 10, 19, 11, 29, 30, 20, 0, 15, 23, 25, 34, 21, 32, 24, 12, 1, 13, 37, 22, 35, 8, 33, 36, 14, 31, 28, 26, 4, 7, 16, 17]",3,0.0,0.0,0.0,0.0,0,3,3,0
smd,group23_evaluation,machine-3-3,treeshap_iforest,0,22,19349,19830,"[3, 5, 9, 18, 2, 27, 6, 10, 19, 11, 29, 30, 20, 0, 15, 23, 25, 34, 21, 32, 24, 12, 1, 13, 37, 22, 35, 8, 33, 36, 14, 31, 28, 26, 4, 7, 16, 17]",5,0.2,0.3333333333333333,0.25,0.18154179253735267,1,3,5,1
smd,group23_evaluation,machine-3-3,treeshap_iforest,0,23,19459,19462,"[10, 9, 12, 15, 11, 14, 8, 6, 22, 34, 29, 3, 31, 32, 2, 27, 13, 37, 20, 36, 30, 0, 35, 23, 24, 19, 21, 25, 33, 18, 1, 5, 28, 26, 4, 7, 16, 17]",1,1.0,0.05263157894736842,0.1,1.0,1,19,1,1
smd,group23_evaluation,machine-3-3,treeshap_iforest,0,23,19459,19462,"[10, 9, 12, 15, 11, 14, 8, 6, 22, 34, 29, 3, 31, 32, 2, 27, 13, 37, 20, 36, 30, 0, 35, 23, 24, 19, 21, 25, 33, 18, 1, 5, 28, 26, 4, 7, 16, 17]",3,0.6666666666666666,0.10526315789473684,0.18181818181818182,0.7653606369886217,1,19,3,2
smd,group23_evaluation,machine-3-3,treeshap_iforest,0,23,19459,19462,"[10, 9, 12, 15, 11, 14, 8, 6, 22, 34, 29, 3, 31, 32, 2, 27, 13, 37, 20, 36, 30, 0, 35, 23, 24, 19, 21, 25, 33, 18, 1, 5, 28, 26, 4, 7, 16, 17]",5,0.6,0.15789473684210525,0.25,0.6843515475204855,1,19,5,3
smd,group23_evaluation,machine-3-3,treeshap_iforest,0,24,20897,20903,"[9, 10, 12, 15, 8, 14, 13, 11, 6, 22, 27, 30, 34, 29, 32, 21, 33, 23, 3, 24, 0, 18, 35, 20, 37, 36, 5, 2, 25, 31, 1, 19, 28, 26, 4, 7, 16, 17]",1,1.0,0.25,0.4,1.0,1,4,1,1
smd,group23_evaluation,machine-3-3,treeshap_iforest,0,24,20897,20903,"[9, 10, 12, 15, 8, 14, 13, 11, 6, 22, 27, 30, 34, 29, 32, 21, 33, 23, 3, 24, 0, 18, 35, 20, 37, 36, 5, 2, 25, 31, 1, 19, 28, 26, 4, 7, 16, 17]",3,1.0,0.75,0.8571428571428571,1.0,1,4,3,3
smd,group23_evaluation,machine-3-3,treeshap_iforest,0,24,20897,20903,"[9, 10, 12, 15, 8, 14, 13, 11, 6, 22, 27, 30, 34, 29, 32, 21, 33, 23, 3, 24, 0, 18, 35, 20, 37, 36, 5, 2, 25, 31, 1, 19, 28, 26, 4, 7, 16, 17]",5,0.6,0.75,0.6666666666666665,0.8318724637288826,1,4,5,3
smd,group23_evaluation,machine-3-3,treeshap_iforest,0,25,21878,21893,"[32, 6, 12, 9, 8, 14, 10, 23, 33, 13, 25, 29, 15, 22, 36, 5, 18, 21, 19, 11, 27, 2, 20, 1, 34, 30, 3, 0, 35, 24, 37, 31, 26, 28, 4, 7, 16, 17]",1,0.0,0.0,0.0,0.0,0,1,1,0
smd,group23_evaluation,machine-3-3,treeshap_iforest,0,25,21878,21893,"[32, 6, 12, 9, 8, 14, 10, 23, 33, 13, 25, 29, 15, 22, 36, 5, 18, 21, 19, 11, 27, 2, 20, 1, 34, 30, 3, 0, 35, 24, 37, 31, 26, 28, 4, 7, 16, 17]",3,0.0,0.0,0.0,0.0,0,1,3,0
smd,group23_evaluation,machine-3-3,treeshap_iforest,0,25,21878,21893,"[32, 6, 12, 9, 8, 14, 10, 23, 33, 13, 25, 29, 15, 22, 36, 5, 18, 21, 19, 11, 27, 2, 20, 1, 34, 30, 3, 0, 35, 24, 37, 31, 26, 28, 4, 7, 16, 17]",5,0.0,0.0,0.0,0.0,0,1,5,0
smd,group23_evaluation,machine-3-3,treeshap_iforest,0,26,22339,22342,"[9, 10, 5, 12, 11, 6, 33, 15, 32, 34, 23, 29, 27, 14, 3, 30, 24, 19, 18, 2, 21, 20, 37, 1, 35, 36, 22, 0, 25, 8, 13, 31, 28, 26, 4, 7, 16, 17]",1,1.0,0.25,0.4,1.0,1,4,1,1
smd,group23_evaluation,machine-3-3,treeshap_iforest,0,26,22339,22342,"[9, 10, 5, 12, 11, 6, 33, 15, 32, 34, 23, 29, 27, 14, 3, 30, 24, 19, 18, 2, 21, 20, 37, 1, 35, 36, 22, 0, 25, 8, 13, 31, 28, 26, 4, 7, 16, 17]",3,0.6666666666666666,0.5,0.5714285714285715,0.7653606369886217,1,4,3,2
smd,group23_evaluation,machine-3-3,treeshap_iforest,0,26,22339,22342,"[9, 10, 5, 12, 11, 6, 33, 15, 32, 34, 23, 29, 27, 14, 3, 30, 24, 19, 18, 2, 21, 20, 37, 1, 35, 36, 22, 0, 25, 8, 13, 31, 28, 26, 4, 7, 16, 17]",5,0.8,1.0,0.888888888888889,0.9558295932317544,1,4,5,4
smd,group23_evaluation,machine-3-3,treeshap_iforest,0,27,23159,23180,"[2, 1, 3, 0, 32, 9, 6, 18, 12, 27, 8, 13, 10, 30, 15, 33, 22, 23, 20, 14, 29, 34, 5, 11, 21, 25, 24, 19, 31, 35, 37, 36, 28, 26, 4, 7, 16, 17]",1,1.0,0.1111111111111111,0.19999999999999998,1.0,1,9,1,1
smd,group23_evaluation,machine-3-3,treeshap_iforest,0,27,23159,23180,"[2, 1, 3, 0, 32, 9, 6, 18, 12, 27, 8, 13, 10, 30, 15, 33, 22, 23, 20, 14, 29, 34, 5, 11, 21, 25, 24, 19, 31, 35, 37, 36, 28, 26, 4, 7, 16, 17]",3,1.0,0.3333333333333333,0.5,1.0,1,9,3,3
smd,group23_evaluation,machine-3-3,treeshap_iforest,0,27,23159,23180,"[2, 1, 3, 0, 32, 9, 6, 18, 12, 27, 8, 13, 10, 30, 15, 33, 22, 23, 20, 14, 29, 34, 5, 11, 21, 25, 24, 19, 31, 35, 37, 36, 28, 26, 4, 7, 16, 17]",5,0.8,0.4444444444444444,0.5714285714285714,0.8687949224876582,1,9,5,4
smd,group23_evaluation,machine-3-3,treeshap_iforest,1,0,739,742,"[9, 10, 15, 12, 11, 14, 1, 8, 29, 32, 22, 35, 23, 27, 13, 3, 18, 2, 0, 25, 31, 30, 5, 33, 20, 21, 36, 37, 6, 34, 24, 19, 26, 4, 7, 16, 17, 28]",1,1.0,0.25,0.4,1.0,1,4,1,1
smd,group23_evaluation,machine-3-3,treeshap_iforest,1,0,739,742,"[9, 10, 15, 12, 11, 14, 1, 8, 29, 32, 22, 35, 23, 27, 13, 3, 18, 2, 0, 25, 31, 30, 5, 33, 20, 21, 36, 37, 6, 34, 24, 19, 26, 4, 7, 16, 17, 28]",3,0.6666666666666666,0.5,0.5714285714285715,0.7653606369886217,1,4,3,2
smd,group23_evaluation,machine-3-3,treeshap_iforest,1,0,739,742,"[9, 10, 15, 12, 11, 14, 1, 8, 29, 32, 22, 35, 23, 27, 13, 3, 18, 2, 0, 25, 31, 30, 5, 33, 20, 21, 36, 37, 6, 34, 24, 19, 26, 4, 7, 16, 17, 28]",5,0.8,1.0,0.888888888888889,0.9558295932317544,1,4,5,4
smd,group23_evaluation,machine-3-3,treeshap_iforest,1,1,1808,1814,"[13, 11, 29, 15, 10, 9, 30, 24, 5, 19, 14, 32, 33, 12, 6, 3, 18, 21, 25, 35, 31, 20, 37, 36, 1, 34, 8, 2, 22, 23, 27, 0, 26, 4, 7, 16, 17, 28]",1,0.0,0.0,0.0,0.0,0,1,1,0
smd,group23_evaluation,machine-3-3,treeshap_iforest,1,1,1808,1814,"[13, 11, 29, 15, 10, 9, 30, 24, 5, 19, 14, 32, 33, 12, 6, 3, 18, 21, 25, 35, 31, 20, 37, 36, 1, 34, 8, 2, 22, 23, 27, 0, 26, 4, 7, 16, 17, 28]",3,0.0,0.0,0.0,0.0,0,1,3,0
smd,group23_evaluation,machine-3-3,treeshap_iforest,1,1,1808,1814,"[13, 11, 29, 15, 10, 9, 30, 24, 5, 19, 14, 32, 33, 12, 6, 3, 18, 21, 25, 35, 31, 20, 37, 36, 1, 34, 8, 2, 22, 23, 27, 0, 26, 4, 7, 16, 17, 28]",5,0.0,0.0,0.0,0.0,0,1,5,0
smd,group23_evaluation,machine-3-3,treeshap_iforest,1,2,2179,2182,"[10, 9, 12, 11, 13, 29, 22, 15, 8, 27, 30, 32, 3, 23, 31, 1, 2, 36, 33, 0, 18, 37, 14, 21, 20, 6, 34, 5, 24, 25, 19, 35, 26, 4, 7, 16, 17, 28]",1,1.0,0.25,0.4,1.0,1,4,1,1
smd,group23_evaluation,machine-3-3,treeshap_iforest,1,2,2179,2182,"[10, 9, 12, 11, 13, 29, 22, 15, 8, 27, 30, 32, 3, 23, 31, 1, 2, 36, 33, 0, 18, 37, 14, 21, 20, 6, 34, 5, 24, 25, 19, 35, 26, 4, 7, 16, 17, 28]",3,1.0,0.75,0.8571428571428571,1.0,1,4,3,3
smd,group23_evaluation,machine-3-3,treeshap_iforest,1,2,2179,2182,"[10, 9, 12, 11, 13, 29, 22, 15, 8, 27, 30, 32, 3, 23, 31, 1, 2, 36, 33, 0, 18, 37, 14, 21, 20, 6, 34, 5, 24, 25, 19, 35, 26, 4, 7, 16, 17, 28]",5,0.8,1.0,0.888888888888889,1.0,1,4,5,4
smd,group23_evaluation,machine-3-3,treeshap_iforest,1,3,3619,3622,"[10, 9, 12, 11, 15, 27, 29, 22, 1, 13, 33, 3, 32, 23, 8, 36, 14, 0, 2, 18, 30, 20, 5, 25, 31, 21, 34, 19, 6, 24, 37, 35, 26, 4, 7, 16, 17, 28]",1,1.0,0.25,0.4,1.0,1,4,1,1
smd,group23_evaluation,machine-3-3,treeshap_iforest,1,3,3619,3622,"[10, 9, 12, 11, 15, 27, 29, 22, 1, 13, 33, 3, 32, 23, 8, 36, 14, 0, 2, 18, 30, 20, 5, 25, 31, 21, 34, 19, 6, 24, 37, 35, 26, 4, 7, 16, 17, 28]",3,1.0,0.75,0.8571428571428571,1.0,1,4,3,3
smd,group23_evaluation,machine-3-3,treeshap_iforest,1,3,3619,3622,"[10, 9, 12, 11, 15, 27, 29, 22, 1, 13, 33, 3, 32, 23, 8, 36, 14, 0, 2, 18, 30, 20, 5, 25, 31, 21, 34, 19, 6, 24, 37, 35, 26, 4, 7, 16, 17, 28]",5,0.8,1.0,0.888888888888889,1.0,1,4,5,4
smd,group23_evaluation,machine-3-3,treeshap_iforest,1,4,4561,4578,"[6, 23, 9, 10, 5, 29, 8, 15, 13, 36, 14, 12, 18, 0, 25, 37, 30, 20, 24, 1, 27, 11, 21, 3, 35, 22, 32, 34, 33, 19, 31, 2, 26, 28, 4, 7, 16, 17]",1,1.0,0.041666666666666664,0.07999999999999999,1.0,1,24,1,1
smd,group23_evaluation,machine-3-3,treeshap_iforest,1,4,4561,4578,"[6, 23, 9, 10, 5, 29, 8, 15, 13, 36, 14, 12, 18, 0, 25, 37, 30, 20, 24, 1, 27, 11, 21, 3, 35, 22, 32, 34, 33, 19, 31, 2, 26, 28, 4, 7, 16, 17]",3,1.0,0.125,0.2222222222222222,1.0,1,24,3,3
smd,group23_evaluation,machine-3-3,treeshap_iforest,1,4,4561,4578,"[6, 23, 9, 10, 5, 29, 8, 15, 13, 36, 14, 12, 18, 0, 25, 37, 30, 20, 24, 1, 27, 11, 21, 3, 35, 22, 32, 34, 33, 19, 31, 2, 26, 28, 4, 7, 16, 17]",5,1.0,0.20833333333333334,0.3448275862068966,1.0,1,24,5,5
smd,group23_evaluation,machine-3-3,treeshap_iforest,1,5,4564,4567,"[23, 6, 10, 9, 5, 29, 25, 8, 1, 14, 12, 13, 15, 0, 11, 36, 37, 27, 30, 20, 24, 18, 31, 19, 22, 21, 2, 32, 34, 35, 3, 33, 26, 4, 7, 16, 17, 28]",1,1.0,0.041666666666666664,0.07999999999999999,1.0,1,24,1,1
smd,group23_evaluation,machine-3-3,treeshap_iforest,1,5,4564,4567,"[23, 6, 10, 9, 5, 29, 25, 8, 1, 14, 12, 13, 15, 0, 11, 36, 37, 27, 30, 20, 24, 18, 31, 19, 22, 21, 2, 32, 34, 35, 3, 33, 26, 4, 7, 16, 17, 28]",3,1.0,0.125,0.2222222222222222,1.0,1,24,3,3
smd,group23_evaluation,machine-3-3,treeshap_iforest,1,5,4564,4567,"[23, 6, 10, 9, 5, 29, 25, 8, 1, 14, 12, 13, 15, 0, 11, 36, 37, 27, 30, 20, 24, 18, 31, 19, 22, 21, 2, 32, 34, 35, 3, 33, 26, 4, 7, 16, 17, 28]",5,1.0,0.20833333333333334,0.3448275862068966,1.0,1,24,5,5
smd,group23_evaluation,machine-3-3,treeshap_iforest,1,6,5059,5062,"[9, 10, 6, 12, 11, 22, 29, 13, 36, 1, 30, 15, 27, 3, 32, 2, 24, 33, 14, 21, 37, 0, 18, 8, 31, 34, 25, 5, 20, 35, 19, 23, 26, 4, 7, 16, 17, 28]",1,1.0,0.25,0.4,1.0,1,4,1,1
smd,group23_evaluation,machine-3-3,treeshap_iforest,1,6,5059,5062,"[9, 10, 6, 12, 11, 22, 29, 13, 36, 1, 30, 15, 27, 3, 32, 2, 24, 33, 14, 21, 37, 0, 18, 8, 31, 34, 25, 5, 20, 35, 19, 23, 26, 4, 7, 16, 17, 28]",3,0.6666666666666666,0.5,0.5714285714285715,0.7653606369886217,1,4,3,2
smd,group23_evaluation,machine-3-3,treeshap_iforest,1,6,5059,5062,"[9, 10, 6, 12, 11, 22, 29, 13, 36, 1, 30, 15, 27, 3, 32, 2, 24, 33, 14, 21, 37, 0, 18, 8, 31, 34, 25, 5, 20, 35, 19, 23, 26, 4, 7, 16, 17, 28]",5,0.8,1.0,0.888888888888889,0.9558295932317544,1,4,5,4
smd,group23_evaluation,machine-3-3,treeshap_iforest,1,7,5449,5453,"[15, 9, 10, 6, 14, 12, 8, 11, 29, 24, 22, 36, 30, 25, 31, 32, 1, 13, 0, 19, 34, 21, 18, 35, 37, 20, 5, 33, 2, 23, 3, 27, 26, 4, 7, 16, 17, 28]",1,1.0,0.2,0.33333333333333337,1.0,1,5,1,1
smd,group23_evaluation,machine-3-3,treeshap_iforest,1,7,5449,5453,"[15, 9, 10, 6, 14, 12, 8, 11, 29, 24, 22, 36, 30, 25, 31, 32, 1, 13, 0, 19, 34, 21, 18, 35, 37, 20, 5, 33, 2, 23, 3, 27, 26, 4, 7, 16, 17, 28]",3,0.3333333333333333,0.2,0.25,0.46927872602275644,1,5,3,1
smd,group23_evaluation,machine-3-3,treeshap_iforest,1,7,5449,5453,"[15, 9, 10, 6, 14, 12, 8, 11, 29, 24, 22, 36, 30, 25, 31, 32, 1, 13, 0, 19, 34, 21, 18, 35, 37, 20, 5, 33, 2, 23, 3, 27, 26, 4, 7, 16, 17, 28]",5,0.4,0.4,0.4000000000000001,0.4703652827859579,1,5,5,2
smd,group23_evaluation,machine-3-3,treeshap_iforest,1,8,6499,6502,"[9, 10, 12, 11, 6, 15, 29, 22, 27, 1, 3, 36, 13, 23, 0, 33, 14, 21, 2, 37, 35, 24, 31, 8, 32, 18, 30, 20, 5, 34, 19, 25, 26, 4, 7, 16, 17, 28]",1,1.0,0.25,0.4,1.0,1,4,1,1
smd,group23_evaluation,machine-3-3,treeshap_iforest,1,8,6499,6502,"[9, 10, 12, 11, 6, 15, 29, 22, 27, 1, 3, 36, 13, 23, 0, 33, 14, 21, 2, 37, 35, 24, 31, 8, 32, 18, 30, 20, 5, 34, 19, 25, 26, 4, 7, 16, 17, 28]",3,1.0,0.75,0.8571428571428571,1.0,1,4,3,3
smd,group23_evaluation,machine-3-3,treeshap_iforest,1,8,6499,6502,"[9, 10, 12, 11, 6, 15, 29, 22, 27, 1, 3, 36, 13, 23, 0, 33, 14, 21, 2, 37, 35, 24, 31, 8, 32, 18, 30, 20, 5, 34, 19, 25, 26, 4, 7, 16, 17, 28]",5,0.8,1.0,0.888888888888889,1.0,1,4,5,4
smd,group23_evaluation,machine-3-3,treeshap_iforest,1,9,7939,7942,"[9, 10, 12, 11, 29, 36, 30, 15, 27, 1, 13, 22, 25, 0, 3, 37, 14, 18, 8, 21, 31, 2, 34, 5, 23, 24, 33, 6, 20, 32, 35, 19, 26, 4, 7, 16, 17, 28]",1,1.0,0.25,0.4,1.0,1,4,1,1
smd,group23_evaluation,machine-3-3,treeshap_iforest,1,9,7939,7942,"[9, 10, 12, 11, 29, 36, 30, 15, 27, 1, 13, 22, 25, 0, 3, 37, 14, 18, 8, 21, 31, 2, 34, 5, 23, 24, 33, 6, 20, 32, 35, 19, 26, 4, 7, 16, 17, 28]",3,1.0,0.75,0.8571428571428571,1.0,1,4,3,3
smd,group23_evaluation,machine-3-3,treeshap_iforest,1,9,7939,7942,"[9, 10, 12, 11, 29, 36, 30, 15, 27, 1, 13, 22, 25, 0, 3, 37, 14, 18, 8, 21, 31, 2, 34, 5, 23, 24, 33, 6, 20, 32, 35, 19, 26, 4, 7, 16, 17, 28]",5,0.8,1.0,0.888888888888889,1.0,1,4,5,4
smd,group23_evaluation,machine-3-3,treeshap_iforest,1,10,8407,8414,"[15, 10, 14, 9, 8, 12, 11, 1, 29, 27, 37, 35, 6, 22, 20, 24, 32, 34, 3, 19, 13, 18, 33, 31, 2, 30, 0, 5, 36, 25, 23, 21, 26, 4, 7, 16, 17, 28]",1,1.0,0.2,0.33333333333333337,1.0,1,5,1,1
smd,group23_evaluation,machine-3-3,treeshap_iforest,1,10,8407,8414,"[15, 10, 14, 9, 8, 12, 11, 1, 29, 27, 37, 35, 6, 22, 20, 24, 32, 34, 3, 19, 13, 18, 33, 31, 2, 30, 0, 5, 36, 25, 23, 21, 26, 4, 7, 16, 17, 28]",3,0.6666666666666666,0.4,0.5,0.7039180890341347,1,5,3,2
smd,group23_evaluation,machine-3-3,treeshap_iforest,1,10,8407,8414,"[15, 10, 14, 9, 8, 12, 11, 1, 29, 27, 37, 35, 6, 22, 20, 24, 32, 34, 3, 19, 13, 18, 33, 31, 2, 30, 0, 5, 36, 25, 23, 21, 26, 4, 7, 16, 17, 28]",5,0.4,0.4,0.4000000000000001,0.5087403079104241,1,5,5,2
smd,group23_evaluation,machine-3-3,treeshap_iforest,1,11,9737,9740,"[10, 15, 9, 12, 8, 14, 6, 22, 29, 13, 36, 11, 30, 25, 27, 0, 31, 5, 18, 32, 24, 3, 35, 33, 21, 23, 1, 34, 19, 20, 37, 2, 26, 4, 7, 16, 17, 28]",1,0.0,0.0,0.0,0.0,0,3,1,0
smd,group23_evaluation,machine-3-3,treeshap_iforest,1,11,9737,9740,"[10, 15, 9, 12, 8, 14, 6, 22, 29, 13, 36, 11, 30, 25, 27, 0, 31, 5, 18, 32, 24, 3, 35, 33, 21, 23, 1, 34, 19, 20, 37, 2, 26, 4, 7, 16, 17, 28]",3,0.3333333333333333,0.3333333333333333,0.3333333333333333,0.2960819109658652,1,3,3,1
smd,group23_evaluation,machine-3-3,treeshap_iforest,1,11,9737,9740,"[10, 15, 9, 12, 8, 14, 6, 22, 29, 13, 36, 11, 30, 25, 27, 0, 31, 5, 18, 32, 24, 3, 35, 33, 21, 23, 1, 34, 19, 20, 37, 2, 26, 4, 7, 16, 17, 28]",5,0.2,0.3333333333333333,0.25,0.2960819109658652,1,3,5,1
smd,group23_evaluation,machine-3-3,treeshap_iforest,1,12,10819,10822,"[9, 10, 12, 11, 15, 29, 27, 22, 35, 6, 23, 18, 1, 3, 8, 14, 20, 0, 2, 31, 37, 25, 32, 24, 13, 21, 33, 5, 34, 19, 36, 30, 26, 4, 7, 16, 17, 28]",1,1.0,0.25,0.4,1.0,1,4,1,1
smd,group23_evaluation,machine-3-3,treeshap_iforest,1,12,10819,10822,"[9, 10, 12, 11, 15, 29, 27, 22, 35, 6, 23, 18, 1, 3, 8, 14, 20, 0, 2, 31, 37, 25, 32, 24, 13, 21, 33, 5, 34, 19, 36, 30, 26, 4, 7, 16, 17, 28]",3,1.0,0.75,0.8571428571428571,1.0,1,4,3,3
smd,group23_evaluation,machine-3-3,treeshap_iforest,1,12,10819,10822,"[9, 10, 12, 11, 15, 29, 27, 22, 35, 6, 23, 18, 1, 3, 8, 14, 20, 0, 2, 31, 37, 25, 32, 24, 13, 21, 33, 5, 34, 19, 36, 30, 26, 4, 7, 16, 17, 28]",5,0.8,1.0,0.888888888888889,1.0,1,4,5,4
smd,group23_evaluation,machine-3-3,treeshap_iforest,1,13,12259,12262,"[9, 10, 12, 11, 6, 29, 15, 27, 22, 35, 3, 23, 13, 36, 0, 32, 2, 30, 31, 14, 18, 37, 1, 8, 33, 24, 20, 21, 34, 5, 25, 19, 26, 4, 7, 16, 17, 28]",1,1.0,0.25,0.4,1.0,1,4,1,1
smd,group23_evaluation,machine-3-3,treeshap_iforest,1,13,12259,12262,"[9, 10, 12, 11, 6, 29, 15, 27, 22, 35, 3, 23, 13, 36, 0, 32, 2, 30, 31, 14, 18, 37, 1, 8, 33, 24, 20, 21, 34, 5, 25, 19, 26, 4, 7, 16, 17, 28]",3,1.0,0.75,0.8571428571428571,1.0,1,4,3,3
smd,group23_evaluation,machine-3-3,treeshap_iforest,1,13,12259,12262,"[9, 10, 12, 11, 6, 29, 15, 27, 22, 35, 3, 23, 13, 36, 0, 32, 2, 30, 31, 14, 18, 37, 1, 8, 33, 24, 20, 21, 34, 5, 25, 19, 26, 4, 7, 16, 17, 28]",5,0.8,1.0,0.888888888888889,1.0,1,4,5,4
smd,group23_evaluation,machine-3-3,treeshap_iforest,1,14,13699,13702,"[9, 10, 12, 11, 6, 27, 29, 22, 15, 36, 32, 1, 3, 13, 31, 0, 14, 23, 24, 8, 20, 18, 30, 21, 25, 35, 5, 34, 19, 37, 33, 2, 26, 4, 7, 16, 17, 28]",1,1.0,0.25,0.4,1.0,1,4,1,1
smd,group23_evaluation,machine-3-3,treeshap_iforest,1,14,13699,13702,"[9, 10, 12, 11, 6, 27, 29, 22, 15, 36, 32, 1, 3, 13, 31, 0, 14, 23, 24, 8, 20, 18, 30, 21, 25, 35, 5, 34, 19, 37, 33, 2, 26, 4, 7, 16, 17, 28]",3,1.0,0.75,0.8571428571428571,1.0,1,4,3,3
smd,group23_evaluation,machine-3-3,treeshap_iforest,1,14,13699,13702,"[9, 10, 12, 11, 6, 27, 29, 22, 15, 36, 32, 1, 3, 13, 31, 0, 14, 23, 24, 8, 20, 18, 30, 21, 25, 35, 5, 34, 19, 37, 33, 2, 26, 4, 7, 16, 17, 28]",5,0.8,1.0,0.888888888888889,1.0,1,4,5,4
smd,group23_evaluation,machine-3-3,treeshap_iforest,1,15,13827,13830,"[10, 15, 9, 29, 12, 25, 8, 14, 22, 23, 36, 30, 6, 19, 31, 24, 34, 13, 27, 37, 32, 35, 1, 20, 11, 33, 21, 3, 18, 2, 0, 5, 26, 4, 7, 16, 17, 28]",1,0.0,0.0,0.0,0.0,0,1,1,0
smd,group23_evaluation,machine-3-3,treeshap_iforest,1,15,13827,13830,"[10, 15, 9, 29, 12, 25, 8, 14, 22, 23, 36, 30, 6, 19, 31, 24, 34, 13, 27, 37, 32, 35, 1, 20, 11, 33, 21, 3, 18, 2, 0, 5, 26, 4, 7, 16, 17, 28]",3,0.0,0.0,0.0,0.0,0,1,3,0
smd,group23_evaluation,machine-3-3,treeshap_iforest,1,15,13827,13830,"[10, 15, 9, 29, 12, 25, 8, 14, 22, 23, 36, 30, 6, 19, 31, 24, 34, 13, 27, 37, 32, 35, 1, 20, 11, 33, 21, 3, 18, 2, 0, 5, 26, 4, 7, 16, 17, 28]",5,0.0,0.0,0.0,0.0,0,1,5,0
smd,group23_evaluation,machine-3-3,treeshap_iforest,1,16,14476,14486,"[13, 8, 12, 11, 9, 10, 15, 14, 37, 29, 36, 30, 20, 18, 22, 25, 24, 0, 32, 35, 27, 6, 34, 23, 3, 5, 33, 1, 2, 21, 19, 31, 26, 4, 7, 16, 17, 28]",1,1.0,1.0,1.0,1.0,1,1,1,1
smd,group23_evaluation,machine-3-3,treeshap_iforest,1,16,14476,14486,"[13, 8, 12, 11, 9, 10, 15, 14, 37, 29, 36, 30, 20, 18, 22, 25, 24, 0, 32, 35, 27, 6, 34, 23, 3, 5, 33, 1, 2, 21, 19, 31, 26, 4, 7, 16, 17, 28]",3,0.3333333333333333,1.0,0.5,1.0,1,1,3,1
smd,group23_evaluation,machine-3-3,treeshap_iforest,1,16,14476,14486,"[13, 8, 12, 11, 9, 10, 15, 14, 37, 29, 36, 30, 20, 18, 22, 25, 24, 0, 32, 35, 27, 6, 34, 23, 3, 5, 33, 1, 2, 21, 19, 31, 26, 4, 7, 16, 17, 28]",5,0.2,1.0,0.33333333333333337,1.0,1,1,5,1
smd,group23_evaluation,machine-3-3,treeshap_iforest,1,17,15139,15142,"[9, 10, 12, 11, 29, 27, 22, 36, 15, 32, 3, 13, 30, 0, 6, 1, 23, 31, 5, 14, 35, 2, 18, 20, 25, 8, 21, 24, 33, 34, 19, 37, 26, 4, 7, 16, 17, 28]",1,1.0,0.25,0.4,1.0,1,4,1,1
smd,group23_evaluation,machine-3-3,treeshap_iforest,1,17,15139,15142,"[9, 10, 12, 11, 29, 27, 22, 36, 15, 32, 3, 13, 30, 0, 6, 1, 23, 31, 5, 14, 35, 2, 18, 20, 25, 8, 21, 24, 33, 34, 19, 37, 26, 4, 7, 16, 17, 28]",3,1.0,0.75,0.8571428571428571,1.0,1,4,3,3
smd,group23_evaluation,machine-3-3,treeshap_iforest,1,17,15139,15142,"[9, 10, 12, 11, 29, 27, 22, 36, 15, 32, 3, 13, 30, 0, 6, 1, 23, 31, 5, 14, 35, 2, 18, 20, 25, 8, 21, 24, 33, 34, 19, 37, 26, 4, 7, 16, 17, 28]",5,0.8,1.0,0.888888888888889,1.0,1,4,5,4
smd,group23_evaluation,machine-3-3,treeshap_iforest,1,18,16199,16212,"[13, 8, 9, 2, 1, 10, 12, 14, 18, 30, 29, 15, 0, 19, 37, 36, 11, 32, 24, 33, 3, 25, 5, 27, 6, 20, 35, 23, 21, 31, 34, 22, 26, 4, 7, 16, 17, 28]",1,0.0,0.0,0.0,0.0,0,4,1,0
smd,group23_evaluation,machine-3-3,treeshap_iforest,1,18,16199,16212,"[13, 8, 9, 2, 1, 10, 12, 14, 18, 30, 29, 15, 0, 19, 37, 36, 11, 32, 24, 33, 3, 25, 5, 27, 6, 20, 35, 23, 21, 31, 34, 22, 26, 4, 7, 16, 17, 28]",3,0.3333333333333333,0.25,0.28571428571428575,0.23463936301137822,1,4,3,1
smd,group23_evaluation,machine-3-3,treeshap_iforest,1,18,16199,16212,"[13, 8, 9, 2, 1, 10, 12, 14, 18, 30, 29, 15, 0, 19, 37, 36, 11, 32, 24, 33, 3, 25, 5, 27, 6, 20, 35, 23, 21, 31, 34, 22, 26, 4, 7, 16, 17, 28]",5,0.2,0.25,0.22222222222222224,0.19519002499605084,1,4,5,1
smd,group23_evaluation,machine-3-3,treeshap_iforest,1,19,16579,16582,"[10, 9, 12, 11, 29, 15, 22, 27, 36, 1, 32, 33, 13, 3, 6, 30, 14, 23, 5, 18, 24, 8, 0, 2, 31, 34, 20, 35, 21, 19, 37, 25, 26, 4, 7, 16, 17, 28]",1,0.0,0.0,0.0,0.0,0,10,1,0
smd,group23_evaluation,machine-3-3,treeshap_iforest,1,19,16579,16582,"[10, 9, 12, 11, 29, 15, 22, 27, 36, 1, 32, 33, 13, 3, 6, 30, 14, 23, 5, 18, 24, 8, 0, 2, 31, 34, 20, 35, 21, 19, 37, 25, 26, 4, 7, 16, 17, 28]",3,0.0,0.0,0.0,0.0,0,10,3,0
smd,group23_evaluation,machine-3-3,treeshap_iforest,1,19,16579,16582,"[10, 9, 12, 11, 29, 15, 22, 27, 36, 1, 32, 33, 13, 3, 6, 30, 14, 23, 5, 18, 24, 8, 0, 2, 31, 34, 20, 35, 21, 19, 37, 25, 26, 4, 7, 16, 17, 28]",5,0.0,0.0,0.0,0.0,0,10,5,0
smd,group23_evaluation,machine-3-3,treeshap_iforest,1,20,18019,18022,"[10, 9, 12, 11, 13, 6, 36, 29, 22, 15, 27, 30, 1, 3, 5, 18, 14, 24, 34, 0, 8, 23, 32, 21, 37, 25, 2, 31, 35, 20, 33, 19, 26, 4, 7, 16, 17, 28]",1,1.0,0.25,0.4,1.0,1,4,1,1
smd,group23_evaluation,machine-3-3,treeshap_iforest,1,20,18019,18022,"[10, 9, 12, 11, 13, 6, 36, 29, 22, 15, 27, 30, 1, 3, 5, 18, 14, 24, 34, 0, 8, 23, 32, 21, 37, 25, 2, 31, 35, 20, 33, 19, 26, 4, 7, 16, 17, 28]",3,1.0,0.75,0.8571428571428571,1.0,1,4,3,3
smd,group23_evaluation,machine-3-3,treeshap_iforest,1,20,18019,18022,"[10, 9, 12, 11, 13, 6, 36, 29, 22, 15, 27, 30, 1, 3, 5, 18, 14, 24, 34, 0, 8, 23, 32, 21, 37, 25, 2, 31, 35, 20, 33, 19, 26, 4, 7, 16, 17, 28]",5,0.8,1.0,0.888888888888889,1.0,1,4,5,4
smd,group23_evaluation,machine-3-3,treeshap_iforest,1,21,19081,19088,"[32, 9, 33, 1, 24, 2, 10, 0, 6, 20, 12, 21, 29, 22, 15, 13, 19, 8, 27, 18, 31, 14, 35, 5, 30, 37, 25, 34, 11, 3, 36, 23, 26, 4, 7, 16, 17, 28]",1,0.0,0.0,0.0,0.0,0,4,1,0
smd,group23_evaluation,machine-3-3,treeshap_iforest,1,21,19081,19088,"[32, 9, 33, 1, 24, 2, 10, 0, 6, 20, 12, 21, 29, 22, 15, 13, 19, 8, 27, 18, 31, 14, 35, 5, 30, 37, 25, 34, 11, 3, 36, 23, 26, 4, 7, 16, 17, 28]",3,0.3333333333333333,0.25,0.28571428571428575,0.2960819109658652,1,4,3,1
smd,group23_evaluation,machine-3-3,treeshap_iforest,1,21,19081,19088,"[32, 9, 33, 1, 24, 2, 10, 0, 6, 20, 12, 21, 29, 22, 15, 13, 19, 8, 27, 18, 31, 14, 35, 5, 30, 37, 25, 34, 11, 3, 36, 23, 26, 4, 7, 16, 17, 28]",5,0.2,0.25,0.22222222222222224,0.24630238874073,1,4,5,1
smd,group23_evaluation,machine-3-3,treeshap_iforest,1,22,19349,19830,"[25, 5, 0, 18, 29, 9, 3, 10, 2, 20, 19, 27, 15, 24, 32, 1, 6, 30, 36, 13, 11, 21, 34, 33, 23, 14, 22, 37, 35, 12, 8, 31, 26, 4, 7, 16, 17, 28]",1,0.0,0.0,0.0,0.0,0,3,1,0
smd,group23_evaluation,machine-3-3,treeshap_iforest,1,22,19349,19830,"[25, 5, 0, 18, 29, 9, 3, 10, 2, 20, 19, 27, 15, 24, 32, 1, 6, 30, 36, 13, 11, 21, 34, 33, 23, 14, 22, 37, 35, 12, 8, 31, 26, 4, 7, 16, 17, 28]",3,0.3333333333333333,0.3333333333333333,0.3333333333333333,0.23463936301137822,1,3,3,1
smd,group23_evaluation,machine-3-3,treeshap_iforest,1,22,19349,19830,"[25, 5, 0, 18, 29, 9, 3, 10, 2, 20, 19, 27, 15, 24, 32, 1, 6, 30, 36, 13, 11, 21, 34, 33, 23, 14, 22, 37, 35, 12, 8, 31, 26, 4, 7, 16, 17, 28]",5,0.2,0.3333333333333333,0.25,0.23463936301137822,1,3,5,1
smd,group23_evaluation,machine-3-3,treeshap_iforest,1,23,19459,19462,"[10, 9, 12, 15, 11, 14, 8, 6, 32, 29, 37, 35, 23, 1, 22, 3, 18, 27, 13, 2, 34, 36, 20, 0, 31, 33, 30, 21, 5, 25, 19, 24, 26, 4, 7, 16, 17, 28]",1,1.0,0.05263157894736842,0.1,1.0,1,19,1,1
smd,group23_evaluation,machine-3-3,treeshap_iforest,1,23,19459,19462,"[10, 9, 12, 15, 11, 14, 8, 6, 32, 29, 37, 35, 23, 1, 22, 3, 18, 27, 13, 2, 34, 36, 20, 0, 31, 33, 30, 21, 5, 25, 19, 24, 26, 4, 7, 16, 17, 28]",3,0.6666666666666666,0.10526315789473684,0.18181818181818182,0.7653606369886217,1,19,3,2
smd,group23_evaluation,machine-3-3,treeshap_iforest,1,23,19459,19462,"[10, 9, 12, 15, 11, 14, 8, 6, 32, 29, 37, 35, 23, 1, 22, 3, 18, 27, 13, 2, 34, 36, 20, 0, 31, 33, 30, 21, 5, 25, 19, 24, 26, 4, 7, 16, 17, 28]",5,0.6,0.15789473684210525,0.25,0.6843515475204855,1,19,5,3
smd,group23_evaluation,machine-3-3,treeshap_iforest,1,24,20897,20903,"[9, 10, 15, 12, 13, 6, 8, 14, 11, 27, 29, 0, 32, 18, 37, 33, 36, 30, 1, 20, 35, 24, 34, 23, 5, 31, 21, 22, 3, 2, 25, 19, 26, 4, 7, 16, 17, 28]",1,1.0,0.25,0.4,1.0,1,4,1,1
smd,group23_evaluation,machine-3-3,treeshap_iforest,1,24,20897,20903,"[9, 10, 15, 12, 13, 6, 8, 14, 11, 27, 29, 0, 32, 18, 37, 33, 36, 30, 1, 20, 35, 24, 34, 23, 5, 31, 21, 22, 3, 2, 25, 19, 26, 4, 7, 16, 17, 28]",3,0.6666666666666666,0.5,0.5714285714285715,0.7653606369886217,1,4,3,2
smd,group23_evaluation,machine-3-3,treeshap_iforest,1,24,20897,20903,"[9, 10, 15, 12, 13, 6, 8, 14, 11, 27, 29, 0, 32, 18, 37, 33, 36, 30, 1, 20, 35, 24, 34, 23, 5, 31, 21, 22, 3, 2, 25, 19, 26, 4, 7, 16, 17, 28]",5,0.6,0.75,0.6666666666666665,0.8048099750039491,1,4,5,3
smd,group23_evaluation,machine-3-3,treeshap_iforest,1,25,21878,21893,"[32, 9, 13, 8, 10, 12, 33, 6, 29, 14, 36, 15, 30, 19, 25, 5, 18, 11, 35, 27, 22, 2, 37, 1, 21, 3, 24, 23, 20, 0, 34, 31, 26, 4, 7, 16, 17, 28]",1,0.0,0.0,0.0,0.0,0,1,1,0
smd,group23_evaluation,machine-3-3,treeshap_iforest,1,25,21878,21893,"[32, 9, 13, 8, 10, 12, 33, 6, 29, 14, 36, 15, 30, 19, 25, 5, 18, 11, 35, 27, 22, 2, 37, 1, 21, 3, 24, 23, 20, 0, 34, 31, 26, 4, 7, 16, 17, 28]",3,0.0,0.0,0.0,0.0,0,1,3,0
smd,group23_evaluation,machine-3-3,treeshap_iforest,1,25,21878,21893,"[32, 9, 13, 8, 10, 12, 33, 6, 29, 14, 36, 15, 30, 19, 25, 5, 18, 11, 35, 27, 22, 2, 37, 1, 21, 3, 24, 23, 20, 0, 34, 31, 26, 4, 7, 16, 17, 28]",5,0.0,0.0,0.0,0.0,0,1,5,0
smd,group23_evaluation,machine-3-3,treeshap_iforest,1,26,22339,22342,"[9, 10, 5, 12, 11, 6, 33, 29, 32, 22, 15, 27, 1, 3, 18, 30, 36, 35, 13, 14, 19, 0, 21, 20, 8, 2, 24, 37, 31, 34, 23, 25, 26, 4, 7, 16, 17, 28]",1,1.0,0.25,0.4,1.0,1,4,1,1
smd,group23_evaluation,machine-3-3,treeshap_iforest,1,26,22339,22342,"[9, 10, 5, 12, 11, 6, 33, 29, 32, 22, 15, 27, 1, 3, 18, 30, 36, 35, 13, 14, 19, 0, 21, 20, 8, 2, 24, 37, 31, 34, 23, 25, 26, 4, 7, 16, 17, 28]",3,0.6666666666666666,0.5,0.5714285714285715,0.7653606369886217,1,4,3,2
smd,group23_evaluation,machine-3-3,treeshap_iforest,1,26,22339,22342,"[9, 10, 5, 12, 11, 6, 33, 29, 32, 22, 15, 27, 1, 3, 18, 30, 36, 35, 13, 14, 19, 0, 21, 20, 8, 2, 24, 37, 31, 34, 23, 25, 26, 4, 7, 16, 17, 28]",5,0.8,1.0,0.888888888888889,0.9558295932317544,1,4,5,4
smd,group23_evaluation,machine-3-3,treeshap_iforest,1,27,23159,23180,"[0, 2, 1, 32, 3, 18, 9, 33, 20, 13, 10, 15, 29, 6, 12, 8, 27, 14, 30, 37, 24, 25, 36, 5, 23, 34, 11, 21, 31, 19, 35, 22, 26, 28, 4, 7, 16, 17]",1,1.0,0.1111111111111111,0.19999999999999998,1.0,1,9,1,1
smd,group23_evaluation,machine-3-3,treeshap_iforest,1,27,23159,23180,"[0, 2, 1, 32, 3, 18, 9, 33, 20, 13, 10, 15, 29, 6, 12, 8, 27, 14, 30, 37, 24, 25, 36, 5, 23, 34, 11, 21, 31, 19, 35, 22, 26, 28, 4, 7, 16, 17]",3,1.0,0.3333333333333333,0.5,1.0,1,9,3,3
smd,group23_evaluation,machine-3-3,treeshap_iforest,1,27,23159,23180,"[0, 2, 1, 32, 3, 18, 9, 33, 20, 13, 10, 15, 29, 6, 12, 8, 27, 14, 30, 37, 24, 25, 36, 5, 23, 34, 11, 21, 31, 19, 35, 22, 26, 28, 4, 7, 16, 17]",5,0.8,0.4444444444444444,0.5714285714285714,0.8539316501572937,1,9,5,4
smd,group23_evaluation,machine-3-3,treeshap_iforest,2,0,739,742,"[10, 9, 12, 15, 11, 14, 29, 1, 25, 6, 8, 32, 5, 3, 23, 27, 33, 35, 13, 22, 2, 20, 37, 19, 36, 24, 18, 21, 30, 34, 31, 0, 4, 7, 16, 17, 26, 28]",1,1.0,0.25,0.4,1.0,1,4,1,1
smd,group23_evaluation,machine-3-3,treeshap_iforest,2,0,739,742,"[10, 9, 12, 15, 11, 14, 29, 1, 25, 6, 8, 32, 5, 3, 23, 27, 33, 35, 13, 22, 2, 20, 37, 19, 36, 24, 18, 21, 30, 34, 31, 0, 4, 7, 16, 17, 26, 28]",3,1.0,0.75,0.8571428571428571,1.0,1,4,3,3
smd,group23_evaluation,machine-3-3,treeshap_iforest,2,0,739,742,"[10, 9, 12, 15, 11, 14, 29, 1, 25, 6, 8, 32, 5, 3, 23, 27, 33, 35, 13, 22, 2, 20, 37, 19, 36, 24, 18, 21, 30, 34, 31, 0, 4, 7, 16, 17, 26, 28]",5,0.8,1.0,0.888888888888889,0.9828920819566879,1,4,5,4
smd,group23_evaluation,machine-3-3,treeshap_iforest,2,1,1808,1814,"[19, 32, 29, 12, 37, 11, 35, 24, 14, 5, 9, 25, 27, 10, 30, 22, 23, 15, 13, 33, 3, 21, 1, 8, 31, 6, 20, 34, 18, 2, 0, 36, 4, 7, 16, 17, 26, 28]",1,0.0,0.0,0.0,0.0,0,1,1,0
smd,group23_evaluation,machine-3-3,treeshap_iforest,2,1,1808,1814,"[19, 32, 29, 12, 37, 11, 35, 24, 14, 5, 9, 25, 27, 10, 30, 22, 23, 15, 13, 33, 3, 21, 1, 8, 31, 6, 20, 34, 18, 2, 0, 36, 4, 7, 16, 17, 26, 28]",3,0.0,0.0,0.0,0.0,0,1,3,0
smd,group23_evaluation,machine-3-3,treeshap_iforest,2,1,1808,1814,"[19, 32, 29, 12, 37, 11, 35, 24, 14, 5, 9, 25, 27, 10, 30, 22, 23, 15, 13, 33, 3, 21, 1, 8, 31, 6, 20, 34, 18, 2, 0, 36, 4, 7, 16, 17, 26, 28]",5,0.0,0.0,0.0,0.0,0,1,5,0
smd,group23_evaluation,machine-3-3,treeshap_iforest,2,2,2179,2182,"[10, 9, 12, 11, 13, 29, 6, 23, 25, 3, 15, 2, 22, 14, 36, 5, 35, 33, 37, 27, 31, 24, 18, 32, 1, 21, 8, 34, 30, 20, 19, 0, 4, 7, 16, 17, 26, 28]",1,1.0,0.25,0.4,1.0,1,4,1,1
smd,group23_evaluation,machine-3-3,treeshap_iforest,2,2,2179,2182,"[10, 9, 12, 11, 13, 29, 6, 23, 25, 3, 15, 2, 22, 14, 36, 5, 35, 33, 37, 27, 31, 24, 18, 32, 1, 21, 8, 34, 30, 20, 19, 0, 4, 7, 16, 17, 26, 28]",3,1.0,0.75,0.8571428571428571,1.0,1,4,3,3
smd,group23_evaluation,machine-3-3,treeshap_iforest,2,2,2179,2182,"[10, 9, 12, 11, 13, 29, 6, 23, 25, 3, 15, 2, 22, 14, 36, 5, 35, 33, 37, 27, 31, 24, 18, 32, 1, 21, 8, 34, 30, 20, 19, 0, 4, 7, 16, 17, 26, 28]",5,0.8,1.0,0.888888888888889,1.0,1,4,5,4
smd,group23_evaluation,machine-3-3,treeshap_iforest,2,3,3619,3622,"[10, 9, 12, 29, 6, 11, 31, 15, 23, 25, 3, 22, 14, 37, 5, 2, 33, 13, 24, 1, 30, 36, 27, 19, 21, 35, 8, 18, 32, 34, 0, 20, 4, 7, 16, 17, 26, 28]",1,1.0,0.25,0.4,1.0,1,4,1,1
smd,group23_evaluation,machine-3-3,treeshap_iforest,2,3,3619,3622,"[10, 9, 12, 29, 6, 11, 31, 15, 23, 25, 3, 22, 14, 37, 5, 2, 33, 13, 24, 1, 30, 36, 27, 19, 21, 35, 8, 18, 32, 34, 0, 20, 4, 7, 16, 17, 26, 28]",3,1.0,0.75,0.8571428571428571,1.0,1,4,3,3
smd,group23_evaluation,machine-3-3,treeshap_iforest,2,3,3619,3622,"[10, 9, 12, 29, 6, 11, 31, 15, 23, 25, 3, 22, 14, 37, 5, 2, 33, 13, 24, 1, 30, 36, 27, 19, 21, 35, 8, 18, 32, 34, 0, 20, 4, 7, 16, 17, 26, 28]",5,0.6,0.75,0.6666666666666665,0.8318724637288826,1,4,5,3
smd,group23_evaluation,machine-3-3,treeshap_iforest,2,4,4561,4578,"[23, 6, 10, 5, 9, 29, 25, 12, 15, 14, 8, 1, 13, 34, 22, 30, 20, 37, 32, 19, 24, 3, 33, 21, 11, 0, 36, 31, 27, 35, 2, 18, 4, 7, 16, 17, 26, 28]",1,1.0,0.041666666666666664,0.07999999999999999,1.0,1,24,1,1
smd,group23_evaluation,machine-3-3,treeshap_iforest,2,4,4561,4578,"[23, 6, 10, 5, 9, 29, 25, 12, 15, 14, 8, 1, 13, 34, 22, 30, 20, 37, 32, 19, 24, 3, 33, 21, 11, 0, 36, 31, 27, 35, 2, 18, 4, 7, 16, 17, 26, 28]",3,1.0,0.125,0.2222222222222222,1.0,1,24,3,3
smd,group23_evaluation,machine-3-3,treeshap_iforest,2,4,4561,4578,"[23, 6, 10, 5, 9, 29, 25, 12, 15, 14, 8, 1, 13, 34, 22, 30, 20, 37, 32, 19, 24, 3, 33, 21, 11, 0, 36, 31, 27, 35, 2, 18, 4, 7, 16, 17, 26, 28]",5,1.0,0.20833333333333334,0.3448275862068966,1.0,1,24,5,5
smd,group23_evaluation,machine-3-3,treeshap_iforest,2,5,4564,4567,"[10, 9, 23, 5, 6, 29, 14, 12, 1, 8, 25, 13, 15, 11, 20, 34, 30, 22, 0, 24, 36, 32, 2, 35, 31, 21, 3, 19, 37, 33, 27, 18, 4, 7, 16, 17, 26, 28]",1,1.0,0.041666666666666664,0.07999999999999999,1.0,1,24,1,1
smd,group23_evaluation,machine-3-3,treeshap_iforest,2,5,4564,4567,"[10, 9, 23, 5, 6, 29, 14, 12, 1, 8, 25, 13, 15, 11, 20, 34, 30, 22, 0, 24, 36, 32, 2, 35, 31, 21, 3, 19, 37, 33, 27, 18, 4, 7, 16, 17, 26, 28]",3,1.0,0.125,0.2222222222222222,1.0,1,24,3,3
smd,group23_evaluation,machine-3-3,treeshap_iforest,2,5,4564,4567,"[10, 9, 23, 5, 6, 29, 14, 12, 1, 8, 25, 13, 15, 11, 20, 34, 30, 22, 0, 24, 36, 32, 2, 35, 31, 21, 3, 19, 37, 33, 27, 18, 4, 7, 16, 17, 26, 28]",5,1.0,0.20833333333333334,0.3448275862068966,1.0,1,24,5,5
smd,group23_evaluation,machine-3-3,treeshap_iforest,2,6,5059,5062,"[9, 10, 12, 6, 11, 29, 31, 13, 3, 1, 15, 14, 5, 22, 2, 24, 35, 33, 21, 37, 19, 0, 18, 34, 27, 23, 32, 8, 36, 30, 20, 25, 4, 7, 16, 17, 26, 28]",1,1.0,0.25,0.4,1.0,1,4,1,1
smd,group23_evaluation,machine-3-3,treeshap_iforest,2,6,5059,5062,"[9, 10, 12, 6, 11, 29, 31, 13, 3, 1, 15, 14, 5, 22, 2, 24, 35, 33, 21, 37, 19, 0, 18, 34, 27, 23, 32, 8, 36, 30, 20, 25, 4, 7, 16, 17, 26, 28]",3,1.0,0.75,0.8571428571428571,1.0,1,4,3,3
smd,group23_evaluation,machine-3-3,treeshap_iforest,2,6,5059,5062,"[9, 10, 12, 6, 11, 29, 31, 13, 3, 1, 15, 14, 5, 22, 2, 24, 35, 33, 21, 37, 19, 0, 18, 34, 27, 23, 32, 8, 36, 30, 20, 25, 4, 7, 16, 17, 26, 28]",5,0.8,1.0,0.888888888888889,0.9828920819566879,1,4,5,4
smd,group23_evaluation,machine-3-3,treeshap_iforest,2,7,5449,5453,"[10, 9, 15, 14, 12, 11, 6, 8, 29, 20, 31, 13, 23, 3, 2, 1, 35, 19, 34, 37, 36, 24, 27, 22, 5, 18, 32, 25, 30, 33, 0, 21, 4, 7, 16, 17, 26, 28]",1,0.0,0.0,0.0,0.0,0,5,1,0
smd,group23_evaluation,machine-3-3,treeshap_iforest,2,7,5449,5453,"[10, 9, 15, 14, 12, 11, 6, 8, 29, 20, 31, 13, 23, 3, 2, 1, 35, 19, 34, 37, 36, 24, 27, 22, 5, 18, 32, 25, 30, 33, 0, 21, 4, 7, 16, 17, 26, 28]",3,0.3333333333333333,0.2,0.25,0.23463936301137822,1,5,3,1
smd,group23_evaluation,machine-3-3,treeshap_iforest,2,7,5449,5453,"[10, 9, 15, 14, 12, 11, 6, 8, 29, 20, 31, 13, 23, 3, 2, 1, 35, 19, 34, 37, 36, 24, 27, 22, 5, 18, 32, 25, 30, 33, 0, 21, 4, 7, 16, 17, 26, 28]",5,0.6,0.6,0.6,0.4468535299918563,1,5,5,3
smd,group23_evaluation,machine-3-3,treeshap_iforest,2,8,6499,6502,"[10, 9, 12, 6, 11, 29, 13, 15, 25, 3, 2, 5, 24, 23, 14, 31, 36, 33, 22, 37, 8, 27, 1, 21, 34, 30, 19, 32, 35, 18, 20, 0, 4, 7, 16, 17, 26, 28]",1,1.0,0.25,0.4,1.0,1,4,1,1
smd,group23_evaluation,machine-3-3,treeshap_iforest,2,8,6499,6502,"[10, 9, 12, 6, 11, 29, 13, 15, 25, 3, 2, 5, 24, 23, 14, 31, 36, 33, 22, 37, 8, 27, 1, 21, 34, 30, 19, 32, 35, 18, 20, 0, 4, 7, 16, 17, 26, 28]",3,1.0,0.75,0.8571428571428571,1.0,1,4,3,3
smd,group23_evaluation,machine-3-3,treeshap_iforest,2,8,6499,6502,"[10, 9, 12, 6, 11, 29, 13, 15, 25, 3, 2, 5, 24, 23, 14, 31, 36, 33, 22, 37, 8, 27, 1, 21, 34, 30, 19, 32, 35, 18, 20, 0, 4, 7, 16, 17, 26, 28]",5,0.8,1.0,0.888888888888889,0.9828920819566879,1,4,5,4
smd,group23_evaluation,machine-3-3,treeshap_iforest,2,9,7939,7942,"[10, 9, 12, 31, 29, 11, 6, 15, 34, 14, 35, 13, 5, 1, 33, 3, 24, 25, 19, 23, 2, 8, 20, 18, 0, 32, 37, 22, 21, 30, 36, 27, 4, 7, 16, 17, 26, 28]",1,1.0,0.25,0.4,1.0,1,4,1,1
smd,group23_evaluation,machine-3-3,treeshap_iforest,2,9,7939,7942,"[10, 9, 12, 31, 29, 11, 6, 15, 34, 14, 35, 13, 5, 1, 33, 3, 24, 25, 19, 23, 2, 8, 20, 18, 0, 32, 37, 22, 21, 30, 36, 27, 4, 7, 16, 17, 26, 28]",3,1.0,0.75,0.8571428571428571,1.0,1,4,3,3
smd,group23_evaluation,machine-3-3,treeshap_iforest,2,9,7939,7942,"[10, 9, 12, 31, 29, 11, 6, 15, 34, 14, 35, 13, 5, 1, 33, 3, 24, 25, 19, 23, 2, 8, 20, 18, 0, 32, 37, 22, 21, 30, 36, 27, 4, 7, 16, 17, 26, 28]",5,0.6,0.75,0.6666666666666665,0.8318724637288826,1,4,5,3
smd,group23_evaluation,machine-3-3,treeshap_iforest,2,10,8407,8414,"[15, 14, 10, 9, 11, 12, 8, 1, 25, 29, 6, 37, 5, 31, 36, 3, 2, 33, 34, 22, 23, 13, 32, 20, 18, 35, 27, 30, 21, 24, 0, 19, 4, 7, 16, 17, 26, 28]",1,1.0,0.2,0.33333333333333337,1.0,1,5,1,1
smd,group23_evaluation,machine-3-3,treeshap_iforest,2,10,8407,8414,"[15, 14, 10, 9, 11, 12, 8, 1, 25, 29, 6, 37, 5, 31, 36, 3, 2, 33, 34, 22, 23, 13, 32, 20, 18, 35, 27, 30, 21, 24, 0, 19, 4, 7, 16, 17, 26, 28]",3,0.6666666666666666,0.4,0.5,0.7653606369886217,1,5,3,2
smd,group23_evaluation,machine-3-3,treeshap_iforest,2,10,8407,8414,"[15, 14, 10, 9, 11, 12, 8, 1, 25, 29, 6, 37, 5, 31, 36, 3, 2, 33, 34, 22, 23, 13, 32, 20, 18, 35, 27, 30, 21, 24, 0, 19, 4, 7, 16, 17, 26, 28]",5,0.6,0.6,0.6,0.6843515475204855,1,5,5,3
smd,group23_evaluation,machine-3-3,treeshap_iforest,2,11,9737,9740,"[10, 9, 15, 12, 14, 8, 11, 29, 6, 13, 5, 22, 3, 36, 20, 33, 31, 25, 23, 24, 2, 37, 35, 21, 34, 32, 27, 30, 1, 19, 18, 0, 4, 7, 16, 17, 26, 28]",1,0.0,0.0,0.0,0.0,0,3,1,0
smd,group23_evaluation,machine-3-3,treeshap_iforest,2,11,9737,9740,"[10, 9, 15, 12, 14, 8, 11, 29, 6, 13, 5, 22, 3, 36, 20, 33, 31, 25, 23, 24, 2, 37, 35, 21, 34, 32, 27, 30, 1, 19, 18, 0, 4, 7, 16, 17, 26, 28]",3,0.3333333333333333,0.3333333333333333,0.3333333333333333,0.23463936301137822,1,3,3,1
smd,group23_evaluation,machine-3-3,treeshap_iforest,2,11,9737,9740,"[10, 9, 15, 12, 14, 8, 11, 29, 6, 13, 5, 22, 3, 36, 20, 33, 31, 25, 23, 24, 2, 37, 35, 21, 34, 32, 27, 30, 1, 19, 18, 0, 4, 7, 16, 17, 26, 28]",5,0.4,0.6666666666666666,0.5,0.41618115554873086,1,3,5,2
smd,group23_evaluation,machine-3-3,treeshap_iforest,2,12,10819,10822,"[10, 9, 12, 29, 11, 25, 15, 3, 2, 23, 6, 18, 5, 35, 33, 37, 1, 13, 8, 27, 24, 31, 22, 19, 21, 14, 20, 36, 30, 0, 32, 34, 4, 7, 16, 17, 26, 28]",1,1.0,0.25,0.4,1.0,1,4,1,1
smd,group23_evaluation,machine-3-3,treeshap_iforest,2,12,10819,10822,"[10, 9, 12, 29, 11, 25, 15, 3, 2, 23, 6, 18, 5, 35, 33, 37, 1, 13, 8, 27, 24, 31, 22, 19, 21, 14, 20, 36, 30, 0, 32, 34, 4, 7, 16, 17, 26, 28]",3,1.0,0.75,0.8571428571428571,1.0,1,4,3,3
smd,group23_evaluation,machine-3-3,treeshap_iforest,2,12,10819,10822,"[10, 9, 12, 29, 11, 25, 15, 3, 2, 23, 6, 18, 5, 35, 33, 37, 1, 13, 8, 27, 24, 31, 22, 19, 21, 14, 20, 36, 30, 0, 32, 34, 4, 7, 16, 17, 26, 28]",5,0.8,1.0,0.888888888888889,0.9828920819566879,1,4,5,4
smd,group23_evaluation,machine-3-3,treeshap_iforest,2,13,12259,12262,"[10, 9, 12, 11, 29, 6, 15, 25, 23, 14, 3, 36, 13, 37, 33, 24, 27, 2, 30, 32, 21, 5, 8, 22, 34, 31, 1, 18, 35, 19, 20, 0, 4, 7, 16, 17, 26, 28]",1,1.0,0.25,0.4,1.0,1,4,1,1
smd,group23_evaluation,machine-3-3,treeshap_iforest,2,13,12259,12262,"[10, 9, 12, 11, 29, 6, 15, 25, 23, 14, 3, 36, 13, 37, 33, 24, 27, 2, 30, 32, 21, 5, 8, 22, 34, 31, 1, 18, 35, 19, 20, 0, 4, 7, 16, 17, 26, 28]",3,1.0,0.75,0.8571428571428571,1.0,1,4,3,3
smd,group23_evaluation,machine-3-3,treeshap_iforest,2,13,12259,12262,"[10, 9, 12, 11, 29, 6, 15, 25, 23, 14, 3, 36, 13, 37, 33, 24, 27, 2, 30, 32, 21, 5, 8, 22, 34, 31, 1, 18, 35, 19, 20, 0, 4, 7, 16, 17, 26, 28]",5,0.8,1.0,0.888888888888889,1.0,1,4,5,4
smd,group23_evaluation,machine-3-3,treeshap_iforest,2,14,13699,13702,"[10, 9, 12, 6, 29, 11, 25, 37, 3, 15, 23, 14, 5, 30, 2, 31, 24, 27, 36, 33, 22, 1, 13, 8, 34, 32, 35, 19, 0, 21, 20, 18, 4, 7, 16, 17, 26, 28]",1,1.0,0.25,0.4,1.0,1,4,1,1
smd,group23_evaluation,machine-3-3,treeshap_iforest,2,14,13699,13702,"[10, 9, 12, 6, 29, 11, 25, 37, 3, 15, 23, 14, 5, 30, 2, 31, 24, 27, 36, 33, 22, 1, 13, 8, 34, 32, 35, 19, 0, 21, 20, 18, 4, 7, 16, 17, 26, 28]",3,1.0,0.75,0.8571428571428571,1.0,1,4,3,3
smd,group23_evaluation,machine-3-3,treeshap_iforest,2,14,13699,13702,"[10, 9, 12, 6, 29, 11, 25, 37, 3, 15, 23, 14, 5, 30, 2, 31, 24, 27, 36, 33, 22, 1, 13, 8, 34, 32, 35, 19, 0, 21, 20, 18, 4, 7, 16, 17, 26, 28]",5,0.6,0.75,0.6666666666666665,0.8318724637288826,1,4,5,3
smd,group23_evaluation,machine-3-3,treeshap_iforest,2,15,13827,13830,"[10, 9, 15, 12, 23, 29, 13, 14, 8, 31, 20, 6, 11, 25, 35, 22, 37, 27, 21, 3, 30, 24, 0, 36, 33, 2, 34, 19, 32, 5, 1, 18, 4, 7, 16, 17, 26, 28]",1,0.0,0.0,0.0,0.0,0,1,1,0
smd,group23_evaluation,machine-3-3,treeshap_iforest,2,15,13827,13830,"[10, 9, 15, 12, 23, 29, 13, 14, 8, 31, 20, 6, 11, 25, 35, 22, 37, 27, 21, 3, 30, 24, 0, 36, 33, 2, 34, 19, 32, 5, 1, 18, 4, 7, 16, 17, 26, 28]",3,0.0,0.0,0.0,0.0,0,1,3,0
smd,group23_evaluation,machine-3-3,treeshap_iforest,2,15,13827,13830,"[10, 9, 15, 12, 23, 29, 13, 14, 8, 31, 20, 6, 11, 25, 35, 22, 37, 27, 21, 3, 30, 24, 0, 36, 33, 2, 34, 19, 32, 5, 1, 18, 4, 7, 16, 17, 26, 28]",5,0.0,0.0,0.0,0.0,0,1,5,0
smd,group23_evaluation,machine-3-3,treeshap_iforest,2,16,14476,14486,"[13, 12, 8, 9, 11, 10, 14, 15, 25, 29, 23, 37, 30, 31, 34, 19, 6, 22, 32, 3, 5, 36, 33, 20, 1, 27, 18, 2, 0, 24, 35, 21, 4, 7, 16, 17, 26, 28]",1,1.0,1.0,1.0,1.0,1,1,1,1
smd,group23_evaluation,machine-3-3,treeshap_iforest,2,16,14476,14486,"[13, 12, 8, 9, 11, 10, 14, 15, 25, 29, 23, 37, 30, 31, 34, 19, 6, 22, 32, 3, 5, 36, 33, 20, 1, 27, 18, 2, 0, 24, 35, 21, 4, 7, 16, 17, 26, 28]",3,0.3333333333333333,1.0,0.5,1.0,1,1,3,1
smd,group23_evaluation,machine-3-3,treeshap_iforest,2,16,14476,14486,"[13, 12, 8, 9, 11, 10, 14, 15, 25, 29, 23, 37, 30, 31, 34, 19, 6, 22, 32, 3, 5, 36, 33, 20, 1, 27, 18, 2, 0, 24, 35, 21, 4, 7, 16, 17, 26, 28]",5,0.2,1.0,0.33333333333333337,1.0,1,1,5,1
smd,group23_evaluation,machine-3-3,treeshap_iforest,2,17,15139,15142,"[9, 10, 12, 29, 31, 11, 23, 3, 2, 15, 22, 14, 1, 24, 13, 6, 35, 36, 5, 8, 33, 19, 27, 21, 25, 32, 34, 20, 18, 37, 30, 0, 4, 7, 16, 17, 26, 28]",1,1.0,0.25,0.4,1.0,1,4,1,1
smd,group23_evaluation,machine-3-3,treeshap_iforest,2,17,15139,15142,"[9, 10, 12, 29, 31, 11, 23, 3, 2, 15, 22, 14, 1, 24, 13, 6, 35, 36, 5, 8, 33, 19, 27, 21, 25, 32, 34, 20, 18, 37, 30, 0, 4, 7, 16, 17, 26, 28]",3,1.0,0.75,0.8571428571428571,1.0,1,4,3,3
smd,group23_evaluation,machine-3-3,treeshap_iforest,2,17,15139,15142,"[9, 10, 12, 29, 31, 11, 23, 3, 2, 15, 22, 14, 1, 24, 13, 6, 35, 36, 5, 8, 33, 19, 27, 21, 25, 32, 34, 20, 18, 37, 30, 0, 4, 7, 16, 17, 26, 28]",5,0.6,0.75,0.6666666666666665,0.8318724637288826,1,4,5,3
smd,group23_evaluation,machine-3-3,treeshap_iforest,2,18,16199,16212,"[8, 2, 13, 9, 1, 10, 12, 19, 14, 18, 25, 21, 32, 29, 15, 30, 22, 35, 5, 11, 27, 24, 0, 23, 31, 3, 20, 33, 37, 34, 6, 36, 4, 7, 16, 17, 26, 28]",1,0.0,0.0,0.0,0.0,0,4,1,0
smd,group23_evaluation,machine-3-3,treeshap_iforest,2,18,16199,16212,"[8, 2, 13, 9, 1, 10, 12, 19, 14, 18, 25, 21, 32, 29, 15, 30, 22, 35, 5, 11, 27, 24, 0, 23, 31, 3, 20, 33, 37, 34, 6, 36, 4, 7, 16, 17, 26, 28]",3,0.0,0.0,0.0,0.0,0,4,3,0
smd,group23_evaluation,machine-3-3,treeshap_iforest,2,18,16199,16212,"[8, 2, 13, 9, 1, 10, 12, 19, 14, 18, 25, 21, 32, 29, 15, 30, 22, 35, 5, 11, 27, 24, 0, 23, 31, 3, 20, 33, 37, 34, 6, 36, 4, 7, 16, 17, 26, 28]",5,0.2,0.25,0.22222222222222224,0.16812753627111746,1,4,5,1
smd,group23_evaluation,machine-3-3,treeshap_iforest,2,19,16579,16582,"[10, 9, 12, 11, 29, 31, 23, 15, 3, 2, 1, 14, 25, 35, 36, 22, 37, 19, 5, 24, 33, 6, 30, 8, 13, 32, 27, 21, 0, 18, 34, 20, 4, 7, 16, 17, 26, 28]",1,0.0,0.0,0.0,0.0,0,10,1,0
smd,group23_evaluation,machine-3-3,treeshap_iforest,2,19,16579,16582,"[10, 9, 12, 11, 29, 31, 23, 15, 3, 2, 1, 14, 25, 35, 36, 22, 37, 19, 5, 24, 33, 6, 30, 8, 13, 32, 27, 21, 0, 18, 34, 20, 4, 7, 16, 17, 26, 28]",3,0.0,0.0,0.0,0.0,0,10,3,0
smd,group23_evaluation,machine-3-3,treeshap_iforest,2,19,16579,16582,"[10, 9, 12, 11, 29, 31, 23, 15, 3, 2, 1, 14, 25, 35, 36, 22, 37, 19, 5, 24, 33, 6, 30, 8, 13, 32, 27, 21, 0, 18, 34, 20, 4, 7, 16, 17, 26, 28]",5,0.0,0.0,0.0,0.0,0,10,5,0
smd,group23_evaluation,machine-3-3,treeshap_iforest,2,20,18019,18022,"[10, 9, 12, 13, 11, 31, 29, 3, 23, 6, 15, 5, 2, 35, 1, 34, 24, 14, 22, 33, 8, 19, 30, 37, 36, 32, 25, 27, 18, 21, 0, 20, 4, 7, 16, 17, 26, 28]",1,1.0,0.25,0.4,1.0,1,4,1,1
smd,group23_evaluation,machine-3-3,treeshap_iforest,2,20,18019,18022,"[10, 9, 12, 13, 11, 31, 29, 3, 23, 6, 15, 5, 2, 35, 1, 34, 24, 14, 22, 33, 8, 19, 30, 37, 36, 32, 25, 27, 18, 21, 0, 20, 4, 7, 16, 17, 26, 28]",3,1.0,0.75,0.8571428571428571,1.0,1,4,3,3
smd,group23_evaluation,machine-3-3,treeshap_iforest,2,20,18019,18022,"[10, 9, 12, 13, 11, 31, 29, 3, 23, 6, 15, 5, 2, 35, 1, 34, 24, 14, 22, 33, 8, 19, 30, 37, 36, 32, 25, 27, 18, 21, 0, 20, 4, 7, 16, 17, 26, 28]",5,0.8,1.0,0.888888888888889,0.9828920819566879,1,4,5,4
smd,group23_evaluation,machine-3-3,treeshap_iforest,2,21,19081,19088,"[32, 33, 9, 19, 2, 30, 1, 24, 10, 27, 18, 12, 20, 37, 6, 25, 29, 15, 35, 13, 8, 14, 5, 0, 21, 22, 3, 36, 11, 34, 23, 31, 4, 7, 16, 17, 26, 28]",1,0.0,0.0,0.0,0.0,0,4,1,0
smd,group23_evaluation,machine-3-3,treeshap_iforest,2,21,19081,19088,"[32, 33, 9, 19, 2, 30, 1, 24, 10, 27, 18, 12, 20, 37, 6, 25, 29, 15, 35, 13, 8, 14, 5, 0, 21, 22, 3, 36, 11, 34, 23, 31, 4, 7, 16, 17, 26, 28]",3,0.3333333333333333,0.25,0.28571428571428575,0.23463936301137822,1,4,3,1
smd,group23_evaluation,machine-3-3,treeshap_iforest,2,21,19081,19088,"[32, 33, 9, 19, 2, 30, 1, 24, 10, 27, 18, 12, 20, 37, 6, 25, 29, 15, 35, 13, 8, 14, 5, 0, 21, 22, 3, 36, 11, 34, 23, 31, 4, 7, 16, 17, 26, 28]",5,0.2,0.25,0.22222222222222224,0.19519002499605084,1,4,5,1
smd,group23_evaluation,machine-3-3,treeshap_iforest,2,22,19349,19830,"[3, 18, 5, 2, 29, 25, 10, 9, 27, 19, 11, 20, 32, 6, 13, 0, 1, 15, 23, 35, 12, 33, 37, 21, 30, 24, 34, 31, 14, 36, 8, 22, 4, 7, 16, 17, 26, 28]",1,0.0,0.0,0.0,0.0,0,3,1,0
smd,group23_evaluation,machine-3-3,treeshap_iforest,2,22,19349,19830,"[3, 18, 5, 2, 29, 25, 10, 9, 27, 19, 11, 20, 32, 6, 13, 0, 1, 15, 23, 35, 12, 33, 37, 21, 30, 24, 34, 31, 14, 36, 8, 22, 4, 7, 16, 17, 26, 28]",3,0.0,0.0,0.0,0.0,0,3,3,0
smd,group23_evaluation,machine-3-3,treeshap_iforest,2,22,19349,19830,"[3, 18, 5, 2, 29, 25, 10, 9, 27, 19, 11, 20, 32, 6, 13, 0, 1, 15, 23, 35, 12, 33, 37, 21, 30, 24, 34, 31, 14, 36, 8, 22, 4, 7, 16, 17, 26, 28]",5,0.2,0.3333333333333333,0.25,0.20210734650054757,1,3,5,1
smd,group23_evaluation,machine-3-3,treeshap_iforest,2,23,19459,19462,"[10, 9, 12, 15, 14, 11, 8, 29, 6, 32, 25, 23, 2, 3, 31, 5, 37, 34, 27, 21, 1, 13, 22, 35, 19, 33, 20, 36, 0, 24, 30, 18, 4, 7, 16, 17, 26, 28]",1,1.0,0.05263157894736842,0.1,1.0,1,19,1,1
smd,group23_evaluation,machine-3-3,treeshap_iforest,2,23,19459,19462,"[10, 9, 12, 15, 14, 11, 8, 29, 6, 32, 25, 23, 2, 3, 31, 5, 37, 34, 27, 21, 1, 13, 22, 35, 19, 33, 20, 36, 0, 24, 30, 18, 4, 7, 16, 17, 26, 28]",3,0.6666666666666666,0.10526315789473684,0.18181818181818182,0.7653606369886217,1,19,3,2
smd,group23_evaluation,machine-3-3,treeshap_iforest,2,23,19459,19462,"[10, 9, 12, 15, 14, 11, 8, 29, 6, 32, 25, 23, 2, 3, 31, 5, 37, 34, 27, 21, 1, 13, 22, 35, 19, 33, 20, 36, 0, 24, 30, 18, 4, 7, 16, 17, 26, 28]",5,0.4,0.10526315789473684,0.16666666666666666,0.5531464700081437,1,19,5,2
smd,group23_evaluation,machine-3-3,treeshap_iforest,2,24,20897,20903,"[10, 9, 12, 15, 14, 8, 6, 29, 11, 13, 25, 33, 32, 5, 22, 19, 20, 2, 23, 3, 30, 34, 27, 21, 35, 18, 36, 1, 24, 0, 37, 31, 4, 7, 16, 17, 26, 28]",1,1.0,0.25,0.4,1.0,1,4,1,1
smd,group23_evaluation,machine-3-3,treeshap_iforest,2,24,20897,20903,"[10, 9, 12, 15, 14, 8, 6, 29, 11, 13, 25, 33, 32, 5, 22, 19, 20, 2, 23, 3, 30, 34, 27, 21, 35, 18, 36, 1, 24, 0, 37, 31, 4, 7, 16, 17, 26, 28]",3,1.0,0.75,0.8571428571428571,1.0,1,4,3,3
smd,group23_evaluation,machine-3-3,treeshap_iforest,2,24,20897,20903,"[10, 9, 12, 15, 14, 8, 6, 29, 11, 13, 25, 33, 32, 5, 22, 19, 20, 2, 23, 3, 30, 34, 27, 21, 35, 18, 36, 1, 24, 0, 37, 31, 4, 7, 16, 17, 26, 28]",5,0.6,0.75,0.6666666666666665,0.8318724637288826,1,4,5,3
smd,group23_evaluation,machine-3-3,treeshap_iforest,2,25,21878,21893,"[32, 9, 8, 12, 6, 10, 33, 25, 14, 19, 29, 11, 13, 15, 5, 21, 23, 35, 22, 34, 3, 18, 31, 30, 27, 2, 37, 24, 20, 1, 36, 0, 4, 7, 16, 17, 26, 28]",1,0.0,0.0,0.0,0.0,0,1,1,0
smd,group23_evaluation,machine-3-3,treeshap_iforest,2,25,21878,21893,"[32, 9, 8, 12, 6, 10, 33, 25, 14, 19, 29, 11, 13, 15, 5, 21, 23, 35, 22, 34, 3, 18, 31, 30, 27, 2, 37, 24, 20, 1, 36, 0, 4, 7, 16, 17, 26, 28]",3,0.0,0.0,0.0,0.0,0,1,3,0
smd,group23_evaluation,machine-3-3,treeshap_iforest,2,25,21878,21893,"[32, 9, 8, 12, 6, 10, 33, 25, 14, 19, 29, 11, 13, 15, 5, 21, 23, 35, 22, 34, 3, 18, 31, 30, 27, 2, 37, 24, 20, 1, 36, 0, 4, 7, 16, 17, 26, 28]",5,0.0,0.0,0.0,0.0,0,1,5,0
smd,group23_evaluation,machine-3-3,treeshap_iforest,2,26,22339,22342,"[9, 10, 5, 12, 33, 11, 6, 29, 32, 15, 25, 3, 14, 2, 1, 37, 24, 13, 19, 36, 27, 34, 31, 23, 18, 8, 35, 22, 0, 21, 20, 30, 4, 7, 16, 17, 26, 28]",1,1.0,0.25,0.4,1.0,1,4,1,1
smd,group23_evaluation,machine-3-3,treeshap_iforest,2,26,22339,22342,"[9, 10, 5, 12, 33, 11, 6, 29, 32, 15, 25, 3, 14, 2, 1, 37, 24, 13, 19, 36, 27, 34, 31, 23, 18, 8, 35, 22, 0, 21, 20, 30, 4, 7, 16, 17, 26, 28]",3,0.6666666666666666,0.5,0.5714285714285715,0.7653606369886217,1,4,3,2
smd,group23_evaluation,machine-3-3,treeshap_iforest,2,26,22339,22342,"[9, 10, 5, 12, 33, 11, 6, 29, 32, 15, 25, 3, 14, 2, 1, 37, 24, 13, 19, 36, 27, 34, 31, 23, 18, 8, 35, 22, 0, 21, 20, 30, 4, 7, 16, 17, 26, 28]",5,0.6,0.75,0.6666666666666665,0.8048099750039491,1,4,5,3
smd,group23_evaluation,machine-3-3,treeshap_iforest,2,27,23159,23180,"[2, 1, 3, 32, 0, 18, 9, 6, 33, 20, 10, 12, 29, 15, 27, 25, 13, 14, 22, 5, 8, 11, 23, 30, 34, 21, 37, 36, 19, 31, 35, 24, 4, 7, 16, 17, 26, 28]",1,1.0,0.1111111111111111,0.19999999999999998,1.0,1,9,1,1
smd,group23_evaluation,machine-3-3,treeshap_iforest,2,27,23159,23180,"[2, 1, 3, 32, 0, 18, 9, 6, 33, 20, 10, 12, 29, 15, 27, 25, 13, 14, 22, 5, 8, 11, 23, 30, 34, 21, 37, 36, 19, 31, 35, 24, 4, 7, 16, 17, 26, 28]",3,1.0,0.3333333333333333,0.5,1.0,1,9,3,3
smd,group23_evaluation,machine-3-3,treeshap_iforest,2,27,23159,23180,"[2, 1, 3, 32, 0, 18, 9, 6, 33, 20, 10, 12, 29, 15, 27, 25, 13, 14, 22, 5, 8, 11, 23, 30, 34, 21, 37, 36, 19, 31, 35, 24, 4, 7, 16, 17, 26, 28]",5,0.8,0.4444444444444444,0.5714285714285714,0.8539316501572937,1,9,5,4
smd,group23_evaluation,machine-3-4,treeshap_iforest,0,0,2734,3520,"[5, 6, 1, 3, 2, 0, 9, 25, 31, 11, 22, 12, 19, 10, 21, 15, 23, 20, 24, 14, 8, 35, 33, 30, 18, 13, 34, 27, 32, 29, 4, 7, 16, 17, 26, 28, 36, 37]",1,1.0,0.125,0.2222222222222222,1.0,1,8,1,1
smd,group23_evaluation,machine-3-4,treeshap_iforest,0,0,2734,3520,"[5, 6, 1, 3, 2, 0, 9, 25, 31, 11, 22, 12, 19, 10, 21, 15, 23, 20, 24, 14, 8, 35, 33, 30, 18, 13, 34, 27, 32, 29, 4, 7, 16, 17, 26, 28, 36, 37]",3,1.0,0.375,0.5454545454545454,1.0,1,8,3,3
smd,group23_evaluation,machine-3-4,treeshap_iforest,0,0,2734,3520,"[5, 6, 1, 3, 2, 0, 9, 25, 31, 11, 22, 12, 19, 10, 21, 15, 23, 20, 24, 14, 8, 35, 33, 30, 18, 13, 34, 27, 32, 29, 4, 7, 16, 17, 26, 28, 36, 37]",5,1.0,0.625,0.7692307692307693,1.0,1,8,5,5
smd,group23_evaluation,machine-3-4,treeshap_iforest,0,1,4474,4550,"[5, 6, 2, 3, 34, 35, 1, 33, 18, 30, 21, 22, 25, 31, 32, 20, 24, 10, 19, 15, 27, 11, 23, 9, 0, 14, 8, 12, 13, 29, 4, 7, 16, 17, 26, 28, 36, 37]",1,0.0,0.0,0.0,0.0,0,2,1,0
smd,group23_evaluation,machine-3-4,treeshap_iforest,0,1,4474,4550,"[5, 6, 2, 3, 34, 35, 1, 33, 18, 30, 21, 22, 25, 31, 32, 20, 24, 10, 19, 15, 27, 11, 23, 9, 0, 14, 8, 12, 13, 29, 4, 7, 16, 17, 26, 28, 36, 37]",3,0.0,0.0,0.0,0.0,0,2,3,0
smd,group23_evaluation,machine-3-4,treeshap_iforest,0,1,4474,4550,"[5, 6, 2, 3, 34, 35, 1, 33, 18, 30, 21, 22, 25, 31, 32, 20, 24, 10, 19, 15, 27, 11, 23, 9, 0, 14, 8, 12, 13, 29, 4, 7, 16, 17, 26, 28, 36, 37]",5,0.0,0.0,0.0,0.0,0,2,5,0
smd,group23_evaluation,machine-3-4,treeshap_iforest,0,2,6013,6016,"[9, 12, 11, 13, 8, 6, 25, 34, 23, 1, 0, 15, 10, 21, 18, 31, 2, 33, 22, 14, 35, 5, 3, 30, 19, 20, 27, 24, 32, 29, 4, 7, 16, 17, 26, 28, 36, 37]",1,1.0,0.25,0.4,1.0,1,4,1,1
smd,group23_evaluation,machine-3-4,treeshap_iforest,0,2,6013,6016,"[9, 12, 11, 13, 8, 6, 25, 34, 23, 1, 0, 15, 10, 21, 18, 31, 2, 33, 22, 14, 35, 5, 3, 30, 19, 20, 27, 24, 32, 29, 4, 7, 16, 17, 26, 28, 36, 37]",3,1.0,0.75,0.8571428571428571,1.0,1,4,3,3
smd,group23_evaluation,machine-3-4,treeshap_iforest,0,2,6013,6016,"[9, 12, 11, 13, 8, 6, 25, 34, 23, 1, 0, 15, 10, 21, 18, 31, 2, 33, 22, 14, 35, 5, 3, 30, 19, 20, 27, 24, 32, 29, 4, 7, 16, 17, 26, 28, 36, 37]",5,0.8,1.0,0.888888888888889,1.0,1,4,5,4
smd,group23_evaluation,machine-3-4,treeshap_iforest,0,3,10963,10969,"[33, 32, 23, 24, 6, 21, 27, 19, 20, 30, 18, 5, 25, 0, 22, 35, 34, 14, 11, 13, 12, 9, 31, 15, 10, 2, 1, 8, 3, 29, 4, 7, 16, 17, 26, 28, 36, 37]",1,1.0,0.3333333333333333,0.5,1.0,1,3,1,1
smd,group23_evaluation,machine-3-4,treeshap_iforest,0,3,10963,10969,"[33, 32, 23, 24, 6, 21, 27, 19, 20, 30, 18, 5, 25, 0, 22, 35, 34, 14, 11, 13, 12, 9, 31, 15, 10, 2, 1, 8, 3, 29, 4, 7, 16, 17, 26, 28, 36, 37]",3,0.6666666666666666,0.6666666666666666,0.6666666666666666,0.7653606369886217,1,3,3,2
smd,group23_evaluation,machine-3-4,treeshap_iforest,0,3,10963,10969,"[33, 32, 23, 24, 6, 21, 27, 19, 20, 30, 18, 5, 25, 0, 22, 35, 34, 14, 11, 13, 12, 9, 31, 15, 10, 2, 1, 8, 3, 29, 4, 7, 16, 17, 26, 28, 36, 37]",5,0.4,0.6666666666666666,0.5,0.7653606369886217,1,3,5,2
smd,group23_evaluation,machine-3-4,treeshap_iforest,0,4,11565,11569,"[33, 32, 5, 6, 23, 9, 25, 11, 18, 20, 27, 13, 14, 30, 21, 22, 35, 31, 8, 0, 34, 24, 12, 2, 15, 10, 19, 3, 1, 29, 4, 7, 16, 17, 26, 28, 36, 37]",1,1.0,0.3333333333333333,0.5,1.0,1,3,1,1
smd,group23_evaluation,machine-3-4,treeshap_iforest,0,4,11565,11569,"[33, 32, 5, 6, 23, 9, 25, 11, 18, 20, 27, 13, 14, 30, 21, 22, 35, 31, 8, 0, 34, 24, 12, 2, 15, 10, 19, 3, 1, 29, 4, 7, 16, 17, 26, 28, 36, 37]",3,0.6666666666666666,0.6666666666666666,0.6666666666666666,0.7653606369886217,1,3,3,2
smd,group23_evaluation,machine-3-4,treeshap_iforest,0,4,11565,11569,"[33, 32, 5, 6, 23, 9, 25, 11, 18, 20, 27, 13, 14, 30, 21, 22, 35, 31, 8, 0, 34, 24, 12, 2, 15, 10, 19, 3, 1, 29, 4, 7, 16, 17, 26, 28, 36, 37]",5,0.6,1.0,0.7499999999999999,0.9469024295259745,1,3,5,3
smd,group23_evaluation,machine-3-4,treeshap_iforest,0,5,13699,13709,"[34, 27, 21, 18, 33, 6, 19, 32, 20, 24, 35, 5, 30, 25, 23, 22, 14, 15, 1, 8, 31, 3, 0, 12, 10, 11, 13, 2, 9, 29, 4, 7, 16, 17, 26, 28, 36, 37]",1,0.0,0.0,0.0,0.0,0,3,1,0
smd,group23_evaluation,machine-3-4,treeshap_iforest,0,5,13699,13709,"[34, 27, 21, 18, 33, 6, 19, 32, 20, 24, 35, 5, 30, 25, 23, 22, 14, 15, 1, 8, 31, 3, 0, 12, 10, 11, 13, 2, 9, 29, 4, 7, 16, 17, 26, 28, 36, 37]",3,0.0,0.0,0.0,0.0,0,3,3,0
smd,group23_evaluation,machine-3-4,treeshap_iforest,0,5,13699,13709,"[34, 27, 21, 18, 33, 6, 19, 32, 20, 24, 35, 5, 30, 25, 23, 22, 14, 15, 1, 8, 31, 3, 0, 12, 10, 11, 13, 2, 9, 29, 4, 7, 16, 17, 26, 28, 36, 37]",5,0.2,0.3333333333333333,0.25,0.18154179253735267,1,3,5,1
smd,group23_evaluation,machine-3-4,treeshap_iforest,0,6,18589,18640,"[3, 34, 6, 35, 2, 18, 5, 1, 30, 27, 20, 24, 21, 19, 22, 0, 13, 11, 12, 9, 25, 33, 15, 8, 23, 14, 10, 31, 32, 29, 4, 7, 16, 17, 26, 28, 36, 37]",1,1.0,0.25,0.4,1.0,1,4,1,1
smd,group23_evaluation,machine-3-4,treeshap_iforest,0,6,18589,18640,"[3, 34, 6, 35, 2, 18, 5, 1, 30, 27, 20, 24, 21, 19, 22, 0, 13, 11, 12, 9, 25, 33, 15, 8, 23, 14, 10, 31, 32, 29, 4, 7, 16, 17, 26, 28, 36, 37]",3,0.3333333333333333,0.25,0.28571428571428575,0.46927872602275644,1,4,3,1
smd,group23_evaluation,machine-3-4,treeshap_iforest,0,6,18589,18640,"[3, 34, 6, 35, 2, 18, 5, 1, 30, 27, 20, 24, 21, 19, 22, 0, 13, 11, 12, 9, 25, 33, 15, 8, 23, 14, 10, 31, 32, 29, 4, 7, 16, 17, 26, 28, 36, 37]",5,0.4,0.5,0.4444444444444445,0.5413996682199069,1,4,5,2
smd,group23_evaluation,machine-3-4,treeshap_iforest,0,7,18784,18825,"[3, 34, 31, 6, 2, 35, 1, 18, 5, 30, 19, 27, 24, 21, 22, 20, 13, 0, 12, 11, 14, 9, 15, 23, 33, 10, 25, 8, 32, 29, 4, 7, 16, 17, 26, 28, 36, 37]",1,0.0,0.0,0.0,0.0,0,3,1,0
smd,group23_evaluation,machine-3-4,treeshap_iforest,0,7,18784,18825,"[3, 34, 31, 6, 2, 35, 1, 18, 5, 30, 19, 27, 24, 21, 22, 20, 13, 0, 12, 11, 14, 9, 15, 23, 33, 10, 25, 8, 32, 29, 4, 7, 16, 17, 26, 28, 36, 37]",3,0.0,0.0,0.0,0.0,0,3,3,0
smd,group23_evaluation,machine-3-4,treeshap_iforest,0,7,18784,18825,"[3, 34, 31, 6, 2, 35, 1, 18, 5, 30, 19, 27, 24, 21, 22, 20, 13, 0, 12, 11, 14, 9, 15, 23, 33, 10, 25, 8, 32, 29, 4, 7, 16, 17, 26, 28, 36, 37]",5,0.2,0.3333333333333333,0.25,0.18154179253735267,1,3,5,1
smd,group23_evaluation,machine-3-4,treeshap_iforest,1,0,2734,3520,"[5, 6, 3, 1, 2, 0, 9, 24, 22, 25, 31, 23, 15, 19, 12, 11, 27, 30, 21, 10, 34, 18, 13, 20, 33, 8, 35, 14, 32, 29, 4, 7, 16, 17, 26, 28, 36, 37]",1,1.0,0.125,0.2222222222222222,1.0,1,8,1,1
smd,group23_evaluation,machine-3-4,treeshap_iforest,1,0,2734,3520,"[5, 6, 3, 1, 2, 0, 9, 24, 22, 25, 31, 23, 15, 19, 12, 11, 27, 30, 21, 10, 34, 18, 13, 20, 33, 8, 35, 14, 32, 29, 4, 7, 16, 17, 26, 28, 36, 37]",3,1.0,0.375,0.5454545454545454,1.0,1,8,3,3
smd,group23_evaluation,machine-3-4,treeshap_iforest,1,0,2734,3520,"[5, 6, 3, 1, 2, 0, 9, 24, 22, 25, 31, 23, 15, 19, 12, 11, 27, 30, 21, 10, 34, 18, 13, 20, 33, 8, 35, 14, 32, 29, 4, 7, 16, 17, 26, 28, 36, 37]",5,1.0,0.625,0.7692307692307693,1.0,1,8,5,5
smd,group23_evaluation,machine-3-4,treeshap_iforest,1,1,4474,4550,"[5, 6, 2, 3, 1, 27, 33, 24, 18, 34, 20, 32, 22, 15, 23, 10, 31, 21, 19, 30, 9, 35, 25, 11, 0, 8, 12, 14, 13, 29, 4, 7, 16, 17, 26, 28, 36, 37]",1,0.0,0.0,0.0,0.0,0,2,1,0
smd,group23_evaluation,machine-3-4,treeshap_iforest,1,1,4474,4550,"[5, 6, 2, 3, 1, 27, 33, 24, 18, 34, 20, 32, 22, 15, 23, 10, 31, 21, 19, 30, 9, 35, 25, 11, 0, 8, 12, 14, 13, 29, 4, 7, 16, 17, 26, 28, 36, 37]",3,0.0,0.0,0.0,0.0,0,2,3,0
smd,group23_evaluation,machine-3-4,treeshap_iforest,1,1,4474,4550,"[5, 6, 2, 3, 1, 27, 33, 24, 18, 34, 20, 32, 22, 15, 23, 10, 31, 21, 19, 30, 9, 35, 25, 11, 0, 8, 12, 14, 13, 29, 4, 7, 16, 17, 26, 28, 36, 37]",5,0.2,0.5,0.28571428571428575,0.23719771276929622,1,2,5,1
smd,group23_evaluation,machine-3-4,treeshap_iforest,1,2,6013,6016,"[9, 13, 6, 11, 12, 8, 25, 23, 5, 2, 0, 33, 1, 27, 3, 15, 35, 14, 19, 18, 30, 10, 31, 20, 21, 24, 32, 34, 22, 29, 4, 7, 16, 17, 26, 28, 36, 37]",1,1.0,0.25,0.4,1.0,1,4,1,1
smd,group23_evaluation,machine-3-4,treeshap_iforest,1,2,6013,6016,"[9, 13, 6, 11, 12, 8, 25, 23, 5, 2, 0, 33, 1, 27, 3, 15, 35, 14, 19, 18, 30, 10, 31, 20, 21, 24, 32, 34, 22, 29, 4, 7, 16, 17, 26, 28, 36, 37]",3,0.6666666666666666,0.5,0.5714285714285715,0.7653606369886217,1,4,3,2
smd,group23_evaluation,machine-3-4,treeshap_iforest,1,2,6013,6016,"[9, 13, 6, 11, 12, 8, 25, 23, 5, 2, 0, 33, 1, 27, 3, 15, 35, 14, 19, 18, 30, 10, 31, 20, 21, 24, 32, 34, 22, 29, 4, 7, 16, 17, 26, 28, 36, 37]",5,0.8,1.0,0.888888888888889,0.9558295932317544,1,4,5,4
smd,group23_evaluation,machine-3-4,treeshap_iforest,1,3,10963,10969,"[32, 33, 6, 23, 19, 24, 22, 27, 30, 21, 5, 18, 20, 0, 25, 11, 34, 31, 1, 35, 12, 15, 2, 13, 9, 14, 3, 8, 10, 29, 4, 7, 16, 17, 26, 28, 36, 37]",1,1.0,0.3333333333333333,0.5,1.0,1,3,1,1
smd,group23_evaluation,machine-3-4,treeshap_iforest,1,3,10963,10969,"[32, 33, 6, 23, 19, 24, 22, 27, 30, 21, 5, 18, 20, 0, 25, 11, 34, 31, 1, 35, 12, 15, 2, 13, 9, 14, 3, 8, 10, 29, 4, 7, 16, 17, 26, 28, 36, 37]",3,0.6666666666666666,0.6666666666666666,0.6666666666666666,0.7653606369886217,1,3,3,2
smd,group23_evaluation,machine-3-4,treeshap_iforest,1,3,10963,10969,"[32, 33, 6, 23, 19, 24, 22, 27, 30, 21, 5, 18, 20, 0, 25, 11, 34, 31, 1, 35, 12, 15, 2, 13, 9, 14, 3, 8, 10, 29, 4, 7, 16, 17, 26, 28, 36, 37]",5,0.4,0.6666666666666666,0.5,0.7653606369886217,1,3,5,2
smd,group23_evaluation,machine-3-4,treeshap_iforest,1,4,11565,11569,"[5, 32, 33, 6, 9, 23, 25, 18, 27, 11, 24, 20, 1, 30, 2, 8, 22, 19, 31, 34, 35, 13, 14, 12, 0, 21, 15, 10, 3, 29, 4, 7, 16, 17, 26, 28, 36, 37]",1,0.0,0.0,0.0,0.0,0,3,1,0
smd,group23_evaluation,machine-3-4,treeshap_iforest,1,4,11565,11569,"[5, 32, 33, 6, 9, 23, 25, 18, 27, 11, 24, 20, 1, 30, 2, 8, 22, 19, 31, 34, 35, 13, 14, 12, 0, 21, 15, 10, 3, 29, 4, 7, 16, 17, 26, 28, 36, 37]",3,0.6666666666666666,0.6666666666666666,0.6666666666666666,0.5307212739772434,1,3,3,2
smd,group23_evaluation,machine-3-4,treeshap_iforest,1,4,11565,11569,"[5, 32, 33, 6, 9, 23, 25, 18, 27, 11, 24, 20, 1, 30, 2, 8, 22, 19, 31, 34, 35, 13, 14, 12, 0, 21, 15, 10, 3, 29, 4, 7, 16, 17, 26, 28, 36, 37]",5,0.4,0.6666666666666666,0.5,0.5307212739772434,1,3,5,2
smd,group23_evaluation,machine-3-4,treeshap_iforest,1,5,13699,13709,"[34, 6, 24, 35, 18, 21, 19, 30, 5, 32, 33, 27, 20, 22, 23, 25, 1, 0, 15, 11, 31, 12, 10, 8, 13, 9, 3, 2, 14, 29, 4, 7, 16, 17, 26, 28, 36, 37]",1,0.0,0.0,0.0,0.0,0,3,1,0
smd,group23_evaluation,machine-3-4,treeshap_iforest,1,5,13699,13709,"[34, 6, 24, 35, 18, 21, 19, 30, 5, 32, 33, 27, 20, 22, 23, 25, 1, 0, 15, 11, 31, 12, 10, 8, 13, 9, 3, 2, 14, 29, 4, 7, 16, 17, 26, 28, 36, 37]",3,0.0,0.0,0.0,0.0,0,3,3,0
smd,group23_evaluation,machine-3-4,treeshap_iforest,1,5,13699,13709,"[34, 6, 24, 35, 18, 21, 19, 30, 5, 32, 33, 27, 20, 22, 23, 25, 1, 0, 15, 11, 31, 12, 10, 8, 13, 9, 3, 2, 14, 29, 4, 7, 16, 17, 26, 28, 36, 37]",5,0.0,0.0,0.0,0.0,0,3,5,0
smd,group23_evaluation,machine-3-4,treeshap_iforest,1,6,18589,18640,"[3, 6, 2, 5, 27, 18, 1, 20, 34, 22, 21, 0, 24, 19, 35, 30, 13, 25, 9, 11, 33, 12, 15, 23, 14, 8, 10, 31, 32, 29, 4, 7, 16, 17, 26, 28, 36, 37]",1,1.0,0.25,0.4,1.0,1,4,1,1
smd,group23_evaluation,machine-3-4,treeshap_iforest,1,6,18589,18640,"[3, 6, 2, 5, 27, 18, 1, 20, 34, 22, 21, 0, 24, 19, 35, 30, 13, 25, 9, 11, 33, 12, 15, 23, 14, 8, 10, 31, 32, 29, 4, 7, 16, 17, 26, 28, 36, 37]",3,0.6666666666666666,0.5,0.5714285714285715,0.7039180890341347,1,4,3,2
smd,group23_evaluation,machine-3-4,treeshap_iforest,1,6,18589,18640,"[3, 6, 2, 5, 27, 18, 1, 20, 34, 22, 21, 0, 24, 19, 35, 30, 13, 25, 9, 11, 33, 12, 15, 23, 14, 8, 10, 31, 32, 29, 4, 7, 16, 17, 26, 28, 36, 37]",5,0.4,0.5,0.4444444444444445,0.5855700749881525,1,4,5,2
smd,group23_evaluation,machine-3-4,treeshap_iforest,1,7,18784,18825,"[3, 6, 2, 5, 31, 27, 18, 1, 20, 24, 22, 34, 19, 21, 13, 0, 30, 35, 12, 11, 9, 25, 15, 33, 8, 23, 10, 14, 32, 29, 4, 7, 16, 17, 26, 28, 36, 37]",1,0.0,0.0,0.0,0.0,0,3,1,0
smd,group23_evaluation,machine-3-4,treeshap_iforest,1,7,18784,18825,"[3, 6, 2, 5, 31, 27, 18, 1, 20, 24, 22, 34, 19, 21, 13, 0, 30, 35, 12, 11, 9, 25, 15, 33, 8, 23, 10, 14, 32, 29, 4, 7, 16, 17, 26, 28, 36, 37]",3,0.3333333333333333,0.3333333333333333,0.3333333333333333,0.23463936301137822,1,3,3,1
smd,group23_evaluation,machine-3-4,treeshap_iforest,1,7,18784,18825,"[3, 6, 2, 5, 31, 27, 18, 1, 20, 24, 22, 34, 19, 21, 13, 0, 30, 35, 12, 11, 9, 25, 15, 33, 8, 23, 10, 14, 32, 29, 4, 7, 16, 17, 26, 28, 36, 37]",5,0.2,0.3333333333333333,0.25,0.23463936301137822,1,3,5,1
smd,group23_evaluation,machine-3-4,treeshap_iforest,2,0,2734,3520,"[5, 1, 6, 3, 2, 31, 0, 11, 9, 25, 30, 27, 15, 19, 12, 18, 10, 33, 23, 21, 13, 24, 14, 22, 34, 8, 20, 35, 32, 29, 4, 7, 16, 17, 26, 28, 36, 37]",1,1.0,0.125,0.2222222222222222,1.0,1,8,1,1
smd,group23_evaluation,machine-3-4,treeshap_iforest,2,0,2734,3520,"[5, 1, 6, 3, 2, 31, 0, 11, 9, 25, 30, 27, 15, 19, 12, 18, 10, 33, 23, 21, 13, 24, 14, 22, 34, 8, 20, 35, 32, 29, 4, 7, 16, 17, 26, 28, 36, 37]",3,1.0,0.375,0.5454545454545454,1.0,1,8,3,3
smd,group23_evaluation,machine-3-4,treeshap_iforest,2,0,2734,3520,"[5, 1, 6, 3, 2, 31, 0, 11, 9, 25, 30, 27, 15, 19, 12, 18, 10, 33, 23, 21, 13, 24, 14, 22, 34, 8, 20, 35, 32, 29, 4, 7, 16, 17, 26, 28, 36, 37]",5,1.0,0.625,0.7692307692307693,1.0,1,8,5,5
smd,group23_evaluation,machine-3-4,treeshap_iforest,2,1,4474,4550,"[5, 3, 2, 6, 1, 33, 35, 31, 32, 30, 20, 15, 18, 10, 27, 21, 24, 19, 25, 34, 23, 11, 9, 22, 13, 14, 12, 0, 8, 29, 4, 7, 16, 17, 26, 28, 36, 37]",1,0.0,0.0,0.0,0.0,0,2,1,0
smd,group23_evaluation,machine-3-4,treeshap_iforest,2,1,4474,4550,"[5, 3, 2, 6, 1, 33, 35, 31, 32, 30, 20, 15, 18, 10, 27, 21, 24, 19, 25, 34, 23, 11, 9, 22, 13, 14, 12, 0, 8, 29, 4, 7, 16, 17, 26, 28, 36, 37]",3,0.0,0.0,0.0,0.0,0,2,3,0
smd,group23_evaluation,machine-3-4,treeshap_iforest,2,1,4474,4550,"[5, 3, 2, 6, 1, 33, 35, 31, 32, 30, 20, 15, 18, 10, 27, 21, 24, 19, 25, 34, 23, 11, 9, 22, 13, 14, 12, 0, 8, 29, 4, 7, 16, 17, 26, 28, 36, 37]",5,0.2,0.5,0.28571428571428575,0.23719771276929622,1,2,5,1
smd,group23_evaluation,machine-3-4,treeshap_iforest,2,2,6013,6016,"[9, 13, 12, 11, 8, 6, 23, 31, 25, 19, 5, 33, 3, 1, 15, 0, 10, 34, 27, 22, 14, 35, 30, 2, 18, 21, 20, 32, 24, 29, 4, 7, 16, 17, 26, 28, 36, 37]",1,1.0,0.25,0.4,1.0,1,4,1,1
smd,group23_evaluation,machine-3-4,treeshap_iforest,2,2,6013,6016,"[9, 13, 12, 11, 8, 6, 23, 31, 25, 19, 5, 33, 3, 1, 15, 0, 10, 34, 27, 22, 14, 35, 30, 2, 18, 21, 20, 32, 24, 29, 4, 7, 16, 17, 26, 28, 36, 37]",3,1.0,0.75,0.8571428571428571,1.0,1,4,3,3
smd,group23_evaluation,machine-3-4,treeshap_iforest,2,2,6013,6016,"[9, 13, 12, 11, 8, 6, 23, 31, 25, 19, 5, 33, 3, 1, 15, 0, 10, 34, 27, 22, 14, 35, 30, 2, 18, 21, 20, 32, 24, 29, 4, 7, 16, 17, 26, 28, 36, 37]",5,0.8,1.0,0.888888888888889,1.0,1,4,5,4
smd,group23_evaluation,machine-3-4,treeshap_iforest,2,3,10963,10969,"[33, 32, 23, 30, 24, 20, 27, 19, 21, 25, 5, 22, 6, 0, 18, 11, 14, 35, 31, 13, 12, 15, 34, 2, 1, 10, 3, 9, 8, 29, 4, 7, 16, 17, 26, 28, 36, 37]",1,1.0,0.3333333333333333,0.5,1.0,1,3,1,1
smd,group23_evaluation,machine-3-4,treeshap_iforest,2,3,10963,10969,"[33, 32, 23, 30, 24, 20, 27, 19, 21, 25, 5, 22, 6, 0, 18, 11, 14, 35, 31, 13, 12, 15, 34, 2, 1, 10, 3, 9, 8, 29, 4, 7, 16, 17, 26, 28, 36, 37]",3,0.6666666666666666,0.6666666666666666,0.6666666666666666,0.7653606369886217,1,3,3,2
smd,group23_evaluation,machine-3-4,treeshap_iforest,2,3,10963,10969,"[33, 32, 23, 30, 24, 20, 27, 19, 21, 25, 5, 22, 6, 0, 18, 11, 14, 35, 31, 13, 12, 15, 34, 2, 1, 10, 3, 9, 8, 29, 4, 7, 16, 17, 26, 28, 36, 37]",5,0.4,0.6666666666666666,0.5,0.7653606369886217,1,3,5,2
smd,group23_evaluation,machine-3-4,treeshap_iforest,2,4,11565,11569,"[5, 33, 32, 9, 23, 6, 25, 11, 27, 3, 31, 20, 18, 30, 35, 21, 8, 14, 19, 24, 0, 22, 10, 15, 13, 2, 34, 1, 12, 29, 4, 7, 16, 17, 26, 28, 36, 37]",1,0.0,0.0,0.0,0.0,0,3,1,0
smd,group23_evaluation,machine-3-4,treeshap_iforest,2,4,11565,11569,"[5, 33, 32, 9, 23, 6, 25, 11, 27, 3, 31, 20, 18, 30, 35, 21, 8, 14, 19, 24, 0, 22, 10, 15, 13, 2, 34, 1, 12, 29, 4, 7, 16, 17, 26, 28, 36, 37]",3,0.6666666666666666,0.6666666666666666,0.6666666666666666,0.5307212739772434,1,3,3,2
smd,group23_evaluation,machine-3-4,treeshap_iforest,2,4,11565,11569,"[5, 33, 32, 9, 23, 6, 25, 11, 27, 3, 31, 20, 18, 30, 35, 21, 8, 14, 19, 24, 0, 22, 10, 15, 13, 2, 34, 1, 12, 29, 4, 7, 16, 17, 26, 28, 36, 37]",5,0.6,1.0,0.7499999999999999,0.7122630665145961,1,3,5,3
smd,group23_evaluation,machine-3-4,treeshap_iforest,2,5,13699,13709,"[35, 27, 18, 33, 30, 34, 20, 32, 24, 19, 5, 21, 6, 25, 23, 31, 22, 1, 13, 11, 3, 14, 15, 8, 12, 10, 0, 9, 2, 29, 4, 7, 16, 17, 26, 28, 36, 37]",1,0.0,0.0,0.0,0.0,0,3,1,0
smd,group23_evaluation,machine-3-4,treeshap_iforest,2,5,13699,13709,"[35, 27, 18, 33, 30, 34, 20, 32, 24, 19, 5, 21, 6, 25, 23, 31, 22, 1, 13, 11, 3, 14, 15, 8, 12, 10, 0, 9, 2, 29, 4, 7, 16, 17, 26, 28, 36, 37]",3,0.0,0.0,0.0,0.0,0,3,3,0
smd,group23_evaluation,machine-3-4,treeshap_iforest,2,5,13699,13709,"[35, 27, 18, 33, 30, 34, 20, 32, 24, 19, 5, 21, 6, 25, 23, 31, 22, 1, 13, 11, 3, 14, 15, 8, 12, 10, 0, 9, 2, 29, 4, 7, 16, 17, 26, 28, 36, 37]",5,0.2,0.3333333333333333,0.25,0.20210734650054757,1,3,5,1
smd,group23_evaluation,machine-3-4,treeshap_iforest,2,6,18589,18640,"[3, 2, 1, 5, 20, 35, 6, 27, 30, 34, 18, 24, 0, 21, 19, 11, 13, 12, 9, 15, 22, 33, 31, 23, 10, 14, 25, 32, 8, 29, 4, 7, 16, 17, 26, 28, 36, 37]",1,1.0,0.25,0.4,1.0,1,4,1,1
smd,group23_evaluation,machine-3-4,treeshap_iforest,2,6,18589,18640,"[3, 2, 1, 5, 20, 35, 6, 27, 30, 34, 18, 24, 0, 21, 19, 11, 13, 12, 9, 15, 22, 33, 31, 23, 10, 14, 25, 32, 8, 29, 4, 7, 16, 17, 26, 28, 36, 37]",3,1.0,0.75,0.8571428571428571,1.0,1,4,3,3
smd,group23_evaluation,machine-3-4,treeshap_iforest,2,6,18589,18640,"[3, 2, 1, 5, 20, 35, 6, 27, 30, 34, 18, 24, 0, 21, 19, 11, 13, 12, 9, 15, 22, 33, 31, 23, 10, 14, 25, 32, 8, 29, 4, 7, 16, 17, 26, 28, 36, 37]",5,0.6,0.75,0.6666666666666665,0.8318724637288826,1,4,5,3
smd,group23_evaluation,machine-3-4,treeshap_iforest,2,7,18784,18825,"[3, 31, 2, 1, 5, 6, 35, 20, 30, 27, 18, 34, 24, 13, 21, 19, 0, 12, 11, 22, 15, 14, 9, 33, 23, 10, 25, 8, 32, 29, 4, 7, 16, 17, 26, 28, 36, 37]",1,0.0,0.0,0.0,0.0,0,3,1,0
smd,group23_evaluation,machine-3-4,treeshap_iforest,2,7,18784,18825,"[3, 31, 2, 1, 5, 6, 35, 20, 30, 27, 18, 34, 24, 13, 21, 19, 0, 12, 11, 22, 15, 14, 9, 33, 23, 10, 25, 8, 32, 29, 4, 7, 16, 17, 26, 28, 36, 37]",3,0.3333333333333333,0.3333333333333333,0.3333333333333333,0.23463936301137822,1,3,3,1
smd,group23_evaluation,machine-3-4,treeshap_iforest,2,7,18784,18825,"[3, 31, 2, 1, 5, 6, 35, 20, 30, 27, 18, 34, 24, 13, 21, 19, 0, 12, 11, 22, 15, 14, 9, 33, 23, 10, 25, 8, 32, 29, 4, 7, 16, 17, 26, 28, 36, 37]",5,0.4,0.6666666666666666,0.5,0.4367467095119258,1,3,5,2
smd,group23_evaluation,machine-3-5,treeshap_iforest,0,0,1288,1439,"[10, 20, 30, 27, 18, 19, 21, 14, 15, 8, 9, 6, 33, 22, 12, 11, 3, 1, 13, 5, 16, 2, 23, 0, 25, 17, 32, 4, 7, 24, 26, 28, 29, 31, 34, 35, 36, 37]",1,1.0,0.09090909090909091,0.16666666666666669,1.0,1,11,1,1
smd,group23_evaluation,machine-3-5,treeshap_iforest,0,0,1288,1439,"[10, 20, 30, 27, 18, 19, 21, 14, 15, 8, 9, 6, 33, 22, 12, 11, 3, 1, 13, 5, 16, 2, 23, 0, 25, 17, 32, 4, 7, 24, 26, 28, 29, 31, 34, 35, 36, 37]",3,1.0,0.2727272727272727,0.42857142857142855,1.0,1,11,3,3
smd,group23_evaluation,machine-3-5,treeshap_iforest,0,0,1288,1439,"[10, 20, 30, 27, 18, 19, 21, 14, 15, 8, 9, 6, 33, 22, 12, 11, 3, 1, 13, 5, 16, 2, 23, 0, 25, 17, 32, 4, 7, 24, 26, 28, 29, 31, 34, 35, 36, 37]",5,1.0,0.45454545454545453,0.625,1.0,1,11,5,5
smd,group23_evaluation,machine-3-5,treeshap_iforest,0,1,8975,8979,"[12, 9, 16, 8, 1, 17, 3, 10, 6, 2, 15, 11, 20, 13, 18, 33, 22, 30, 0, 27, 14, 23, 5, 21, 25, 19, 32, 4, 7, 24, 26, 28, 29, 31, 34, 35, 36, 37]",1,0.0,0.0,0.0,0.0,0,1,1,0
smd,group23_evaluation,machine-3-5,treeshap_iforest,0,1,8975,8979,"[12, 9, 16, 8, 1, 17, 3, 10, 6, 2, 15, 11, 20, 13, 18, 33, 22, 30, 0, 27, 14, 23, 5, 21, 25, 19, 32, 4, 7, 24, 26, 28, 29, 31, 34, 35, 36, 37]",3,0.3333333333333333,1.0,0.5,0.5,1,1,3,1
smd,group23_evaluation,machine-3-5,treeshap_iforest,0,1,8975,8979,"[12, 9, 16, 8, 1, 17, 3, 10, 6, 2, 15, 11, 20, 13, 18, 33, 22, 30, 0, 27, 14, 23, 5, 21, 25, 19, 32, 4, 7, 24, 26, 28, 29, 31, 34, 35, 36, 37]",5,0.2,1.0,0.33333333333333337,0.5,1,1,5,1
smd,group23_evaluation,machine-3-5,treeshap_iforest,0,2,13517,13520,"[22, 20, 25, 19, 11, 33, 18, 27, 30, 2, 0, 15, 21, 13, 6, 23, 9, 8, 12, 10, 14, 3, 1, 16, 5, 17, 32, 4, 7, 24, 26, 28, 29, 31, 34, 35, 36, 37]",1,0.0,0.0,0.0,0.0,0,1,1,0
smd,group23_evaluation,machine-3-5,treeshap_iforest,0,2,13517,13520,"[22, 20, 25, 19, 11, 33, 18, 27, 30, 2, 0, 15, 21, 13, 6, 23, 9, 8, 12, 10, 14, 3, 1, 16, 5, 17, 32, 4, 7, 24, 26, 28, 29, 31, 34, 35, 36, 37]",3,0.0,0.0,0.0,0.0,0,1,3,0
smd,group23_evaluation,machine-3-5,treeshap_iforest,0,2,13517,13520,"[22, 20, 25, 19, 11, 33, 18, 27, 30, 2, 0, 15, 21, 13, 6, 23, 9, 8, 12, 10, 14, 3, 1, 16, 5, 17, 32, 4, 7, 24, 26, 28, 29, 31, 34, 35, 36, 37]",5,0.0,0.0,0.0,0.0,0,1,5,0
smd,group23_evaluation,machine-3-5,treeshap_iforest,0,3,14392,14395,"[11, 9, 20, 23, 25, 19, 27, 30, 18, 12, 2, 33, 3, 10, 0, 22, 15, 21, 6, 13, 14, 8, 1, 16, 5, 17, 32, 4, 7, 24, 26, 28, 29, 31, 34, 35, 36, 37]",1,0.0,0.0,0.0,0.0,0,1,1,0
smd,group23_evaluation,machine-3-5,treeshap_iforest,0,3,14392,14395,"[11, 9, 20, 23, 25, 19, 27, 30, 18, 12, 2, 33, 3, 10, 0, 22, 15, 21, 6, 13, 14, 8, 1, 16, 5, 17, 32, 4, 7, 24, 26, 28, 29, 31, 34, 35, 36, 37]",3,0.0,0.0,0.0,0.0,0,1,3,0
smd,group23_evaluation,machine-3-5,treeshap_iforest,0,3,14392,14395,"[11, 9, 20, 23, 25, 19, 27, 30, 18, 12, 2, 33, 3, 10, 0, 22, 15, 21, 6, 13, 14, 8, 1, 16, 5, 17, 32, 4, 7, 24, 26, 28, 29, 31, 34, 35, 36, 37]",5,0.0,0.0,0.0,0.0,0,1,5,0
smd,group23_evaluation,machine-3-5,treeshap_iforest,0,4,14755,14758,"[23, 11, 25, 19, 20, 18, 30, 33, 2, 22, 0, 15, 27, 21, 6, 12, 3, 13, 10, 5, 9, 8, 14, 16, 1, 17, 32, 4, 7, 24, 26, 28, 29, 31, 34, 35, 36, 37]",1,0.0,0.0,0.0,0.0,0,1,1,0
smd,group23_evaluation,machine-3-5,treeshap_iforest,0,4,14755,14758,"[23, 11, 25, 19, 20, 18, 30, 33, 2, 22, 0, 15, 27, 21, 6, 12, 3, 13, 10, 5, 9, 8, 14, 16, 1, 17, 32, 4, 7, 24, 26, 28, 29, 31, 34, 35, 36, 37]",3,0.0,0.0,0.0,0.0,0,1,3,0
smd,group23_evaluation,machine-3-5,treeshap_iforest,0,4,14755,14758,"[23, 11, 25, 19, 20, 18, 30, 33, 2, 22, 0, 15, 27, 21, 6, 12, 3, 13, 10, 5, 9, 8, 14, 16, 1, 17, 32, 4, 7, 24, 26, 28, 29, 31, 34, 35, 36, 37]",5,0.0,0.0,0.0,0.0,0,1,5,0
smd,group23_evaluation,machine-3-5,treeshap_iforest,0,5,14909,14912,"[23, 25, 19, 2, 33, 30, 22, 3, 18, 11, 6, 0, 27, 15, 21, 20, 8, 1, 9, 14, 10, 13, 12, 16, 5, 17, 32, 4, 7, 24, 26, 28, 29, 31, 34, 35, 36, 37]",1,0.0,0.0,0.0,0.0,0,1,1,0
smd,group23_evaluation,machine-3-5,treeshap_iforest,0,5,14909,14912,"[23, 25, 19, 2, 33, 30, 22, 3, 18, 11, 6, 0, 27, 15, 21, 20, 8, 1, 9, 14, 10, 13, 12, 16, 5, 17, 32, 4, 7, 24, 26, 28, 29, 31, 34, 35, 36, 37]",3,0.0,0.0,0.0,0.0,0,1,3,0
smd,group23_evaluation,machine-3-5,treeshap_iforest,0,5,14909,14912,"[23, 25, 19, 2, 33, 30, 22, 3, 18, 11, 6, 0, 27, 15, 21, 20, 8, 1, 9, 14, 10, 13, 12, 16, 5, 17, 32, 4, 7, 24, 26, 28, 29, 31, 34, 35, 36, 37]",5,0.0,0.0,0.0,0.0,0,1,5,0
smd,group23_evaluation,machine-3-5,treeshap_iforest,0,6,15953,16057,"[5, 23, 22, 6, 33, 25, 10, 12, 9, 11, 8, 3, 2, 14, 30, 15, 20, 27, 1, 18, 0, 13, 21, 19, 16, 17, 32, 4, 7, 24, 26, 28, 29, 31, 34, 35, 36, 37]",1,1.0,0.125,0.2222222222222222,1.0,1,8,1,1
smd,group23_evaluation,machine-3-5,treeshap_iforest,0,6,15953,16057,"[5, 23, 22, 6, 33, 25, 10, 12, 9, 11, 8, 3, 2, 14, 30, 15, 20, 27, 1, 18, 0, 13, 21, 19, 16, 17, 32, 4, 7, 24, 26, 28, 29, 31, 34, 35, 36, 37]",3,1.0,0.375,0.5454545454545454,1.0,1,8,3,3
smd,group23_evaluation,machine-3-5,treeshap_iforest,0,6,15953,16057,"[5, 23, 22, 6, 33, 25, 10, 12, 9, 11, 8, 3, 2, 14, 30, 15, 20, 27, 1, 18, 0, 13, 21, 19, 16, 17, 32, 4, 7, 24, 26, 28, 29, 31, 34, 35, 36, 37]",5,0.8,0.5,0.6153846153846154,0.8687949224876582,1,8,5,4
smd,group23_evaluation,machine-3-5,treeshap_iforest,0,7,16163,16308,"[16, 1, 3, 17, 20, 15, 12, 0, 30, 8, 27, 6, 18, 2, 21, 19, 23, 10, 25, 22, 9, 14, 11, 33, 13, 5, 32, 4, 7, 24, 26, 28, 29, 31, 34, 35, 36, 37]",1,1.0,0.058823529411764705,0.1111111111111111,1.0,1,17,1,1
smd,group23_evaluation,machine-3-5,treeshap_iforest,0,7,16163,16308,"[16, 1, 3, 17, 20, 15, 12, 0, 30, 8, 27, 6, 18, 2, 21, 19, 23, 10, 25, 22, 9, 14, 11, 33, 13, 5, 32, 4, 7, 24, 26, 28, 29, 31, 34, 35, 36, 37]",3,1.0,0.17647058823529413,0.3,1.0,1,17,3,3
smd,group23_evaluation,machine-3-5,treeshap_iforest,0,7,16163,16308,"[16, 1, 3, 17, 20, 15, 12, 0, 30, 8, 27, 6, 18, 2, 21, 19, 23, 10, 25, 22, 9, 14, 11, 33, 13, 5, 32, 4, 7, 24, 26, 28, 29, 31, 34, 35, 36, 37]",5,1.0,0.29411764705882354,0.45454545454545453,1.0,1,17,5,5
smd,group23_evaluation,machine-3-5,treeshap_iforest,0,8,18426,18430,"[17, 12, 16, 8, 6, 23, 1, 9, 25, 33, 14, 11, 22, 10, 20, 0, 30, 15, 27, 2, 18, 5, 19, 21, 13, 3, 32, 4, 7, 24, 26, 28, 29, 31, 34, 35, 36, 37]",1,0.0,0.0,0.0,0.0,0,1,1,0
smd,group23_evaluation,machine-3-5,treeshap_iforest,0,8,18426,18430,"[17, 12, 16, 8, 6, 23, 1, 9, 25, 33, 14, 11, 22, 10, 20, 0, 30, 15, 27, 2, 18, 5, 19, 21, 13, 3, 32, 4, 7, 24, 26, 28, 29, 31, 34, 35, 36, 37]",3,0.3333333333333333,1.0,0.5,0.5,1,1,3,1
smd,group23_evaluation,machine-3-5,treeshap_iforest,0,8,18426,18430,"[17, 12, 16, 8, 6, 23, 1, 9, 25, 33, 14, 11, 22, 10, 20, 0, 30, 15, 27, 2, 18, 5, 19, 21, 13, 3, 32, 4, 7, 24, 26, 28, 29, 31, 34, 35, 36, 37]",5,0.2,1.0,0.33333333333333337,0.5,1,1,5,1
smd,group23_evaluation,machine-3-5,treeshap_iforest,0,9,18842,18845,"[12, 1, 17, 3, 16, 10, 8, 6, 9, 2, 23, 25, 15, 33, 11, 0, 13, 18, 20, 27, 22, 5, 21, 30, 19, 14, 32, 4, 7, 24, 26, 28, 29, 31, 34, 35, 36, 37]",1,0.0,0.0,0.0,0.0,0,1,1,0
smd,group23_evaluation,machine-3-5,treeshap_iforest,0,9,18842,18845,"[12, 1, 17, 3, 16, 10, 8, 6, 9, 2, 23, 25, 15, 33, 11, 0, 13, 18, 20, 27, 22, 5, 21, 30, 19, 14, 32, 4, 7, 24, 26, 28, 29, 31, 34, 35, 36, 37]",3,0.0,0.0,0.0,0.0,0,1,3,0
smd,group23_evaluation,machine-3-5,treeshap_iforest,0,9,18842,18845,"[12, 1, 17, 3, 16, 10, 8, 6, 9, 2, 23, 25, 15, 33, 11, 0, 13, 18, 20, 27, 22, 5, 21, 30, 19, 14, 32, 4, 7, 24, 26, 28, 29, 31, 34, 35, 36, 37]",5,0.2,1.0,0.33333333333333337,0.38685280723454163,1,1,5,1
smd,group23_evaluation,machine-3-5,treeshap_iforest,0,10,19498,19501,"[12, 1, 17, 16, 8, 3, 9, 6, 2, 11, 23, 22, 25, 10, 0, 15, 33, 18, 20, 27, 30, 5, 13, 21, 19, 14, 32, 4, 7, 24, 26, 28, 29, 31, 34, 35, 36, 37]",1,0.0,0.0,0.0,0.0,0,1,1,0
smd,group23_evaluation,machine-3-5,treeshap_iforest,0,10,19498,19501,"[12, 1, 17, 16, 8, 3, 9, 6, 2, 11, 23, 22, 25, 10, 0, 15, 33, 18, 20, 27, 30, 5, 13, 21, 19, 14, 32, 4, 7, 24, 26, 28, 29, 31, 34, 35, 36, 37]",3,0.0,0.0,0.0,0.0,0,1,3,0
smd,group23_evaluation,machine-3-5,treeshap_iforest,0,10,19498,19501,"[12, 1, 17, 16, 8, 3, 9, 6, 2, 11, 23, 22, 25, 10, 0, 15, 33, 18, 20, 27, 30, 5, 13, 21, 19, 14, 32, 4, 7, 24, 26, 28, 29, 31, 34, 35, 36, 37]",5,0.2,1.0,0.33333333333333337,0.43067655807339306,1,1,5,1
smd,group23_evaluation,machine-3-5,treeshap_iforest,1,0,1288,1439,"[18, 20, 10, 19, 27, 21, 9, 30, 15, 8, 14, 6, 22, 33, 12, 11, 5, 13, 2, 3, 0, 1, 16, 23, 25, 17, 32, 4, 7, 24, 26, 28, 29, 31, 34, 35, 36, 37]",1,1.0,0.09090909090909091,0.16666666666666669,1.0,1,11,1,1
smd,group23_evaluation,machine-3-5,treeshap_iforest,1,0,1288,1439,"[18, 20, 10, 19, 27, 21, 9, 30, 15, 8, 14, 6, 22, 33, 12, 11, 5, 13, 2, 3, 0, 1, 16, 23, 25, 17, 32, 4, 7, 24, 26, 28, 29, 31, 34, 35, 36, 37]",3,1.0,0.2727272727272727,0.42857142857142855,1.0,1,11,3,3
smd,group23_evaluation,machine-3-5,treeshap_iforest,1,0,1288,1439,"[18, 20, 10, 19, 27, 21, 9, 30, 15, 8, 14, 6, 22, 33, 12, 11, 5, 13, 2, 3, 0, 1, 16, 23, 25, 17, 32, 4, 7, 24, 26, 28, 29, 31, 34, 35, 36, 37]",5,1.0,0.45454545454545453,0.625,1.0,1,11,5,5
smd,group23_evaluation,machine-3-5,treeshap_iforest,1,1,8975,8979,"[9, 8, 17, 16, 12, 1, 2, 6, 10, 3, 20, 18, 15, 11, 22, 0, 30, 13, 27, 5, 33, 14, 25, 23, 21, 19, 32, 4, 7, 24, 26, 28, 29, 31, 34, 35, 36, 37]",1,0.0,0.0,0.0,0.0,0,1,1,0
smd,group23_evaluation,machine-3-5,treeshap_iforest,1,1,8975,8979,"[9, 8, 17, 16, 12, 1, 2, 6, 10, 3, 20, 18, 15, 11, 22, 0, 30, 13, 27, 5, 33, 14, 25, 23, 21, 19, 32, 4, 7, 24, 26, 28, 29, 31, 34, 35, 36, 37]",3,0.0,0.0,0.0,0.0,0,1,3,0
smd,group23_evaluation,machine-3-5,treeshap_iforest,1,1,8975,8979,"[9, 8, 17, 16, 12, 1, 2, 6, 10, 3, 20, 18, 15, 11, 22, 0, 30, 13, 27, 5, 33, 14, 25, 23, 21, 19, 32, 4, 7, 24, 26, 28, 29, 31, 34, 35, 36, 37]",5,0.2,1.0,0.33333333333333337,0.43067655807339306,1,1,5,1
smd,group23_evaluation,machine-3-5,treeshap_iforest,1,2,13517,13520,"[25, 22, 11, 19, 18, 20, 27, 21, 30, 1, 33, 0, 8, 2, 15, 6, 14, 10, 13, 9, 23, 5, 16, 3, 12, 32, 17, 4, 7, 24, 26, 28, 29, 31, 34, 35, 36, 37]",1,0.0,0.0,0.0,0.0,0,1,1,0
smd,group23_evaluation,machine-3-5,treeshap_iforest,1,2,13517,13520,"[25, 22, 11, 19, 18, 20, 27, 21, 30, 1, 33, 0, 8, 2, 15, 6, 14, 10, 13, 9, 23, 5, 16, 3, 12, 32, 17, 4, 7, 24, 26, 28, 29, 31, 34, 35, 36, 37]",3,0.0,0.0,0.0,0.0,0,1,3,0
smd,group23_evaluation,machine-3-5,treeshap_iforest,1,2,13517,13520,"[25, 22, 11, 19, 18, 20, 27, 21, 30, 1, 33, 0, 8, 2, 15, 6, 14, 10, 13, 9, 23, 5, 16, 3, 12, 32, 17, 4, 7, 24, 26, 28, 29, 31, 34, 35, 36, 37]",5,0.0,0.0,0.0,0.0,0,1,5,0
smd,group23_evaluation,machine-3-5,treeshap_iforest,1,3,14392,14395,"[9, 11, 25, 19, 23, 18, 20, 27, 12, 3, 21, 10, 30, 22, 33, 1, 15, 6, 0, 2, 13, 14, 8, 5, 16, 17, 32, 4, 7, 24, 26, 28, 29, 31, 34, 35, 36, 37]",1,0.0,0.0,0.0,0.0,0,1,1,0
smd,group23_evaluation,machine-3-5,treeshap_iforest,1,3,14392,14395,"[9, 11, 25, 19, 23, 18, 20, 27, 12, 3, 21, 10, 30, 22, 33, 1, 15, 6, 0, 2, 13, 14, 8, 5, 16, 17, 32, 4, 7, 24, 26, 28, 29, 31, 34, 35, 36, 37]",3,0.0,0.0,0.0,0.0,0,1,3,0
smd,group23_evaluation,machine-3-5,treeshap_iforest,1,3,14392,14395,"[9, 11, 25, 19, 23, 18, 20, 27, 12, 3, 21, 10, 30, 22, 33, 1, 15, 6, 0, 2, 13, 14, 8, 5, 16, 17, 32, 4, 7, 24, 26, 28, 29, 31, 34, 35, 36, 37]",5,0.0,0.0,0.0,0.0,0,1,5,0
smd,group23_evaluation,machine-3-5,treeshap_iforest,1,4,14755,14758,"[25, 11, 23, 19, 18, 20, 21, 22, 12, 33, 27, 6, 30, 15, 0, 3, 5, 2, 13, 14, 1, 9, 8, 10, 16, 32, 17, 4, 7, 24, 26, 28, 29, 31, 34, 35, 36, 37]",1,0.0,0.0,0.0,0.0,0,1,1,0
smd,group23_evaluation,machine-3-5,treeshap_iforest,1,4,14755,14758,"[25, 11, 23, 19, 18, 20, 21, 22, 12, 33, 27, 6, 30, 15, 0, 3, 5, 2, 13, 14, 1, 9, 8, 10, 16, 32, 17, 4, 7, 24, 26, 28, 29, 31, 34, 35, 36, 37]",3,0.0,0.0,0.0,0.0,0,1,3,0
smd,group23_evaluation,machine-3-5,treeshap_iforest,1,4,14755,14758,"[25, 11, 23, 19, 18, 20, 21, 22, 12, 33, 27, 6, 30, 15, 0, 3, 5, 2, 13, 14, 1, 9, 8, 10, 16, 32, 17, 4, 7, 24, 26, 28, 29, 31, 34, 35, 36, 37]",5,0.0,0.0,0.0,0.0,0,1,5,0
smd,group23_evaluation,machine-3-5,treeshap_iforest,1,5,14909,14912,"[25, 19, 23, 18, 21, 11, 1, 20, 22, 27, 6, 3, 30, 33, 2, 0, 8, 14, 9, 10, 15, 13, 5, 12, 16, 32, 17, 4, 7, 24, 26, 28, 29, 31, 34, 35, 36, 37]",1,0.0,0.0,0.0,0.0,0,1,1,0
smd,group23_evaluation,machine-3-5,treeshap_iforest,1,5,14909,14912,"[25, 19, 23, 18, 21, 11, 1, 20, 22, 27, 6, 3, 30, 33, 2, 0, 8, 14, 9, 10, 15, 13, 5, 12, 16, 32, 17, 4, 7, 24, 26, 28, 29, 31, 34, 35, 36, 37]",3,0.0,0.0,0.0,0.0,0,1,3,0
smd,group23_evaluation,machine-3-5,treeshap_iforest,1,5,14909,14912,"[25, 19, 23, 18, 21, 11, 1, 20, 22, 27, 6, 3, 30, 33, 2, 0, 8, 14, 9, 10, 15, 13, 5, 12, 16, 32, 17, 4, 7, 24, 26, 28, 29, 31, 34, 35, 36, 37]",5,0.0,0.0,0.0,0.0,0,1,5,0
smd,group23_evaluation,machine-3-5,treeshap_iforest,1,6,15953,16057,"[5, 25, 6, 22, 23, 9, 10, 12, 33, 8, 11, 18, 20, 27, 2, 15, 3, 14, 19, 1, 30, 13, 0, 21, 16, 32, 17, 4, 7, 24, 26, 28, 29, 31, 34, 35, 36, 37]",1,1.0,0.125,0.2222222222222222,1.0,1,8,1,1
smd,group23_evaluation,machine-3-5,treeshap_iforest,1,6,15953,16057,"[5, 25, 6, 22, 23, 9, 10, 12, 33, 8, 11, 18, 20, 27, 2, 15, 3, 14, 19, 1, 30, 13, 0, 21, 16, 32, 17, 4, 7, 24, 26, 28, 29, 31, 34, 35, 36, 37]",3,1.0,0.375,0.5454545454545454,1.0,1,8,3,3
smd,group23_evaluation,machine-3-5,treeshap_iforest,1,6,15953,16057,"[5, 25, 6, 22, 23, 9, 10, 12, 33, 8, 11, 18, 20, 27, 2, 15, 3, 14, 19, 1, 30, 13, 0, 21, 16, 32, 17, 4, 7, 24, 26, 28, 29, 31, 34, 35, 36, 37]",5,1.0,0.625,0.7692307692307693,1.0,1,8,5,5
smd,group23_evaluation,machine-3-5,treeshap_iforest,1,7,16163,16308,"[16, 17, 1, 2, 20, 18, 8, 6, 0, 12, 27, 19, 3, 21, 15, 25, 10, 9, 30, 23, 22, 11, 14, 33, 5, 13, 32, 4, 7, 24, 26, 28, 29, 31, 34, 35, 36, 37]",1,1.0,0.058823529411764705,0.1111111111111111,1.0,1,17,1,1
smd,group23_evaluation,machine-3-5,treeshap_iforest,1,7,16163,16308,"[16, 17, 1, 2, 20, 18, 8, 6, 0, 12, 27, 19, 3, 21, 15, 25, 10, 9, 30, 23, 22, 11, 14, 33, 5, 13, 32, 4, 7, 24, 26, 28, 29, 31, 34, 35, 36, 37]",3,1.0,0.17647058823529413,0.3,1.0,1,17,3,3
smd,group23_evaluation,machine-3-5,treeshap_iforest,1,7,16163,16308,"[16, 17, 1, 2, 20, 18, 8, 6, 0, 12, 27, 19, 3, 21, 15, 25, 10, 9, 30, 23, 22, 11, 14, 33, 5, 13, 32, 4, 7, 24, 26, 28, 29, 31, 34, 35, 36, 37]",5,1.0,0.29411764705882354,0.45454545454545453,1.0,1,17,5,5
smd,group23_evaluation,machine-3-5,treeshap_iforest,1,8,18426,18430,"[17, 12, 16, 6, 8, 9, 25, 1, 23, 11, 33, 14, 20, 5, 22, 18, 10, 0, 2, 19, 27, 21, 15, 13, 3, 30, 32, 4, 7, 24, 26, 28, 29, 31, 34, 35, 36, 37]",1,0.0,0.0,0.0,0.0,0,1,1,0
smd,group23_evaluation,machine-3-5,treeshap_iforest,1,8,18426,18430,"[17, 12, 16, 6, 8, 9, 25, 1, 23, 11, 33, 14, 20, 5, 22, 18, 10, 0, 2, 19, 27, 21, 15, 13, 3, 30, 32, 4, 7, 24, 26, 28, 29, 31, 34, 35, 36, 37]",3,0.3333333333333333,1.0,0.5,0.5,1,1,3,1
smd,group23_evaluation,machine-3-5,treeshap_iforest,1,8,18426,18430,"[17, 12, 16, 6, 8, 9, 25, 1, 23, 11, 33, 14, 20, 5, 22, 18, 10, 0, 2, 19, 27, 21, 15, 13, 3, 30, 32, 4, 7, 24, 26, 28, 29, 31, 34, 35, 36, 37]",5,0.2,1.0,0.33333333333333337,0.5,1,1,5,1
smd,group23_evaluation,machine-3-5,treeshap_iforest,1,9,18842,18845,"[17, 12, 1, 2, 9, 8, 6, 16, 10, 25, 3, 23, 11, 15, 0, 33, 18, 20, 13, 5, 22, 27, 30, 19, 21, 14, 32, 4, 7, 24, 26, 28, 29, 31, 34, 35, 36, 37]",1,0.0,0.0,0.0,0.0,0,1,1,0
smd,group23_evaluation,machine-3-5,treeshap_iforest,1,9,18842,18845,"[17, 12, 1, 2, 9, 8, 6, 16, 10, 25, 3, 23, 11, 15, 0, 33, 18, 20, 13, 5, 22, 27, 30, 19, 21, 14, 32, 4, 7, 24, 26, 28, 29, 31, 34, 35, 36, 37]",3,0.0,0.0,0.0,0.0,0,1,3,0
smd,group23_evaluation,machine-3-5,treeshap_iforest,1,9,18842,18845,"[17, 12, 1, 2, 9, 8, 6, 16, 10, 25, 3, 23, 11, 15, 0, 33, 18, 20, 13, 5, 22, 27, 30, 19, 21, 14, 32, 4, 7, 24, 26, 28, 29, 31, 34, 35, 36, 37]",5,0.0,0.0,0.0,0.0,0,1,5,0
smd,group23_evaluation,machine-3-5,treeshap_iforest,1,10,19498,19501,"[17, 8, 9, 12, 16, 1, 2, 6, 3, 25, 11, 22, 23, 0, 10, 18, 20, 5, 15, 27, 33, 30, 13, 21, 19, 14, 32, 4, 7, 24, 26, 28, 29, 31, 34, 35, 36, 37]",1,0.0,0.0,0.0,0.0,0,1,1,0
smd,group23_evaluation,machine-3-5,treeshap_iforest,1,10,19498,19501,"[17, 8, 9, 12, 16, 1, 2, 6, 3, 25, 11, 22, 23, 0, 10, 18, 20, 5, 15, 27, 33, 30, 13, 21, 19, 14, 32, 4, 7, 24, 26, 28, 29, 31, 34, 35, 36, 37]",3,0.0,0.0,0.0,0.0,0,1,3,0
smd,group23_evaluation,machine-3-5,treeshap_iforest,1,10,19498,19501,"[17, 8, 9, 12, 16, 1, 2, 6, 3, 25, 11, 22, 23, 0, 10, 18, 20, 5, 15, 27, 33, 30, 13, 21, 19, 14, 32, 4, 7, 24, 26, 28, 29, 31, 34, 35, 36, 37]",5,0.2,1.0,0.33333333333333337,0.38685280723454163,1,1,5,1
smd,group23_evaluation,machine-3-5,treeshap_iforest,2,0,1288,1439,"[10, 18, 19, 20, 30, 8, 21, 27, 9, 15, 14, 22, 12, 6, 33, 11, 1, 13, 25, 3, 2, 23, 5, 16, 0, 17, 32, 4, 7, 24, 26, 28, 29, 31, 34, 35, 36, 37]",1,1.0,0.09090909090909091,0.16666666666666669,1.0,1,11,1,1
smd,group23_evaluation,machine-3-5,treeshap_iforest,2,0,1288,1439,"[10, 18, 19, 20, 30, 8, 21, 27, 9, 15, 14, 22, 12, 6, 33, 11, 1, 13, 25, 3, 2, 23, 5, 16, 0, 17, 32, 4, 7, 24, 26, 28, 29, 31, 34, 35, 36, 37]",3,1.0,0.2727272727272727,0.42857142857142855,1.0,1,11,3,3
smd,group23_evaluation,machine-3-5,treeshap_iforest,2,0,1288,1439,"[10, 18, 19, 20, 30, 8, 21, 27, 9, 15, 14, 22, 12, 6, 33, 11, 1, 13, 25, 3, 2, 23, 5, 16, 0, 17, 32, 4, 7, 24, 26, 28, 29, 31, 34, 35, 36, 37]",5,1.0,0.45454545454545453,0.625,1.0,1,11,5,5
smd,group23_evaluation,machine-3-5,treeshap_iforest,2,1,8975,8979,"[9, 1, 8, 12, 17, 2, 16, 3, 6, 10, 15, 18, 13, 20, 22, 11, 30, 0, 27, 33, 5, 25, 23, 14, 19, 21, 32, 4, 7, 24, 26, 28, 29, 31, 34, 35, 36, 37]",1,0.0,0.0,0.0,0.0,0,1,1,0
smd,group23_evaluation,machine-3-5,treeshap_iforest,2,1,8975,8979,"[9, 1, 8, 12, 17, 2, 16, 3, 6, 10, 15, 18, 13, 20, 22, 11, 30, 0, 27, 33, 5, 25, 23, 14, 19, 21, 32, 4, 7, 24, 26, 28, 29, 31, 34, 35, 36, 37]",3,0.0,0.0,0.0,0.0,0,1,3,0
smd,group23_evaluation,machine-3-5,treeshap_iforest,2,1,8975,8979,"[9, 1, 8, 12, 17, 2, 16, 3, 6, 10, 15, 18, 13, 20, 22, 11, 30, 0, 27, 33, 5, 25, 23, 14, 19, 21, 32, 4, 7, 24, 26, 28, 29, 31, 34, 35, 36, 37]",5,0.0,0.0,0.0,0.0,0,1,5,0
smd,group23_evaluation,machine-3-5,treeshap_iforest,2,2,13517,13520,"[25, 22, 27, 20, 30, 11, 33, 0, 18, 2, 13, 15, 19, 21, 8, 6, 23, 9, 10, 5, 14, 1, 16, 3, 17, 12, 32, 4, 7, 24, 26, 28, 29, 31, 34, 35, 36, 37]",1,0.0,0.0,0.0,0.0,0,1,1,0
smd,group23_evaluation,machine-3-5,treeshap_iforest,2,2,13517,13520,"[25, 22, 27, 20, 30, 11, 33, 0, 18, 2, 13, 15, 19, 21, 8, 6, 23, 9, 10, 5, 14, 1, 16, 3, 17, 12, 32, 4, 7, 24, 26, 28, 29, 31, 34, 35, 36, 37]",3,0.0,0.0,0.0,0.0,0,1,3,0
smd,group23_evaluation,machine-3-5,treeshap_iforest,2,2,13517,13520,"[25, 22, 27, 20, 30, 11, 33, 0, 18, 2, 13, 15, 19, 21, 8, 6, 23, 9, 10, 5, 14, 1, 16, 3, 17, 12, 32, 4, 7, 24, 26, 28, 29, 31, 34, 35, 36, 37]",5,0.0,0.0,0.0,0.0,0,1,5,0
smd,group23_evaluation,machine-3-5,treeshap_iforest,2,3,14392,14395,"[25, 9, 11, 27, 20, 12, 23, 30, 10, 3, 2, 18, 0, 21, 22, 6, 33, 19, 13, 15, 8, 5, 14, 1, 16, 17, 32, 4, 7, 24, 26, 28, 29, 31, 34, 35, 36, 37]",1,0.0,0.0,0.0,0.0,0,1,1,0
smd,group23_evaluation,machine-3-5,treeshap_iforest,2,3,14392,14395,"[25, 9, 11, 27, 20, 12, 23, 30, 10, 3, 2, 18, 0, 21, 22, 6, 33, 19, 13, 15, 8, 5, 14, 1, 16, 17, 32, 4, 7, 24, 26, 28, 29, 31, 34, 35, 36, 37]",3,0.0,0.0,0.0,0.0,0,1,3,0
smd,group23_evaluation,machine-3-5,treeshap_iforest,2,3,14392,14395,"[25, 9, 11, 27, 20, 12, 23, 30, 10, 3, 2, 18, 0, 21, 22, 6, 33, 19, 13, 15, 8, 5, 14, 1, 16, 17, 32, 4, 7, 24, 26, 28, 29, 31, 34, 35, 36, 37]",5,0.0,0.0,0.0,0.0,0,1,5,0
smd,group23_evaluation,machine-3-5,treeshap_iforest,2,4,14755,14758,"[25, 23, 11, 27, 20, 30, 12, 33, 22, 0, 21, 18, 6, 3, 13, 8, 19, 10, 2, 5, 1, 15, 9, 14, 16, 17, 32, 4, 7, 24, 26, 28, 29, 31, 34, 35, 36, 37]",1,0.0,0.0,0.0,0.0,0,1,1,0
smd,group23_evaluation,machine-3-5,treeshap_iforest,2,4,14755,14758,"[25, 23, 11, 27, 20, 30, 12, 33, 22, 0, 21, 18, 6, 3, 13, 8, 19, 10, 2, 5, 1, 15, 9, 14, 16, 17, 32, 4, 7, 24, 26, 28, 29, 31, 34, 35, 36, 37]",3,0.0,0.0,0.0,0.0,0,1,3,0
smd,group23_evaluation,machine-3-5,treeshap_iforest,2,4,14755,14758,"[25, 23, 11, 27, 20, 30, 12, 33, 22, 0, 21, 18, 6, 3, 13, 8, 19, 10, 2, 5, 1, 15, 9, 14, 16, 17, 32, 4, 7, 24, 26, 28, 29, 31, 34, 35, 36, 37]",5,0.0,0.0,0.0,0.0,0,1,5,0
smd,group23_evaluation,machine-3-5,treeshap_iforest,2,5,14909,14912,"[25, 23, 27, 3, 30, 2, 0, 20, 22, 6, 33, 21, 11, 19, 13, 8, 18, 9, 10, 5, 14, 12, 1, 16, 15, 17, 32, 4, 7, 24, 26, 28, 29, 31, 34, 35, 36, 37]",1,0.0,0.0,0.0,0.0,0,1,1,0
smd,group23_evaluation,machine-3-5,treeshap_iforest,2,5,14909,14912,"[25, 23, 27, 3, 30, 2, 0, 20, 22, 6, 33, 21, 11, 19, 13, 8, 18, 9, 10, 5, 14, 12, 1, 16, 15, 17, 32, 4, 7, 24, 26, 28, 29, 31, 34, 35, 36, 37]",3,0.0,0.0,0.0,0.0,0,1,3,0
smd,group23_evaluation,machine-3-5,treeshap_iforest,2,5,14909,14912,"[25, 23, 27, 3, 30, 2, 0, 20, 22, 6, 33, 21, 11, 19, 13, 8, 18, 9, 10, 5, 14, 12, 1, 16, 15, 17, 32, 4, 7, 24, 26, 28, 29, 31, 34, 35, 36, 37]",5,0.0,0.0,0.0,0.0,0,1,5,0
smd,group23_evaluation,machine-3-5,treeshap_iforest,2,6,15953,16057,"[5, 25, 22, 23, 6, 8, 9, 12, 10, 33, 3, 21, 11, 2, 30, 14, 15, 20, 1, 19, 27, 13, 0, 18, 16, 17, 32, 4, 7, 24, 26, 28, 29, 31, 34, 35, 36, 37]",1,1.0,0.125,0.2222222222222222,1.0,1,8,1,1
smd,group23_evaluation,machine-3-5,treeshap_iforest,2,6,15953,16057,"[5, 25, 22, 23, 6, 8, 9, 12, 10, 33, 3, 21, 11, 2, 30, 14, 15, 20, 1, 19, 27, 13, 0, 18, 16, 17, 32, 4, 7, 24, 26, 28, 29, 31, 34, 35, 36, 37]",3,1.0,0.375,0.5454545454545454,1.0,1,8,3,3
smd,group23_evaluation,machine-3-5,treeshap_iforest,2,6,15953,16057,"[5, 25, 22, 23, 6, 8, 9, 12, 10, 33, 3, 21, 11, 2, 30, 14, 15, 20, 1, 19, 27, 13, 0, 18, 16, 17, 32, 4, 7, 24, 26, 28, 29, 31, 34, 35, 36, 37]",5,1.0,0.625,0.7692307692307693,1.0,1,8,5,5
smd,group23_evaluation,machine-3-5,treeshap_iforest,2,7,16163,16308,"[16, 1, 2, 17, 3, 15, 18, 0, 12, 8, 25, 19, 30, 23, 27, 21, 20, 6, 10, 9, 22, 14, 11, 13, 33, 5, 32, 4, 7, 24, 26, 28, 29, 31, 34, 35, 36, 37]",1,1.0,0.058823529411764705,0.1111111111111111,1.0,1,17,1,1
smd,group23_evaluation,machine-3-5,treeshap_iforest,2,7,16163,16308,"[16, 1, 2, 17, 3, 15, 18, 0, 12, 8, 25, 19, 30, 23, 27, 21, 20, 6, 10, 9, 22, 14, 11, 13, 33, 5, 32, 4, 7, 24, 26, 28, 29, 31, 34, 35, 36, 37]",3,1.0,0.17647058823529413,0.3,1.0,1,17,3,3
smd,group23_evaluation,machine-3-5,treeshap_iforest,2,7,16163,16308,"[16, 1, 2, 17, 3, 15, 18, 0, 12, 8, 25, 19, 30, 23, 27, 21, 20, 6, 10, 9, 22, 14, 11, 13, 33, 5, 32, 4, 7, 24, 26, 28, 29, 31, 34, 35, 36, 37]",5,1.0,0.29411764705882354,0.45454545454545453,1.0,1,17,5,5
smd,group23_evaluation,machine-3-5,treeshap_iforest,2,8,18426,18430,"[17, 12, 8, 9, 16, 25, 23, 6, 1, 14, 33, 11, 10, 2, 22, 20, 18, 27, 0, 5, 30, 13, 3, 21, 15, 19, 32, 4, 7, 24, 26, 28, 29, 31, 34, 35, 36, 37]",1,0.0,0.0,0.0,0.0,0,1,1,0
smd,group23_evaluation,machine-3-5,treeshap_iforest,2,8,18426,18430,"[17, 12, 8, 9, 16, 25, 23, 6, 1, 14, 33, 11, 10, 2, 22, 20, 18, 27, 0, 5, 30, 13, 3, 21, 15, 19, 32, 4, 7, 24, 26, 28, 29, 31, 34, 35, 36, 37]",3,0.0,0.0,0.0,0.0,0,1,3,0
smd,group23_evaluation,machine-3-5,treeshap_iforest,2,8,18426,18430,"[17, 12, 8, 9, 16, 25, 23, 6, 1, 14, 33, 11, 10, 2, 22, 20, 18, 27, 0, 5, 30, 13, 3, 21, 15, 19, 32, 4, 7, 24, 26, 28, 29, 31, 34, 35, 36, 37]",5,0.2,1.0,0.33333333333333337,0.38685280723454163,1,1,5,1
smd,group23_evaluation,machine-3-5,treeshap_iforest,2,9,18842,18845,"[17, 1, 12, 2, 9, 8, 3, 16, 10, 25, 23, 15, 6, 33, 13, 0, 11, 18, 22, 30, 5, 27, 20, 19, 21, 14, 32, 4, 7, 24, 26, 28, 29, 31, 34, 35, 36, 37]",1,0.0,0.0,0.0,0.0,0,1,1,0
smd,group23_evaluation,machine-3-5,treeshap_iforest,2,9,18842,18845,"[17, 1, 12, 2, 9, 8, 3, 16, 10, 25, 23, 15, 6, 33, 13, 0, 11, 18, 22, 30, 5, 27, 20, 19, 21, 14, 32, 4, 7, 24, 26, 28, 29, 31, 34, 35, 36, 37]",3,0.0,0.0,0.0,0.0,0,1,3,0
smd,group23_evaluation,machine-3-5,treeshap_iforest,2,9,18842,18845,"[17, 1, 12, 2, 9, 8, 3, 16, 10, 25, 23, 15, 6, 33, 13, 0, 11, 18, 22, 30, 5, 27, 20, 19, 21, 14, 32, 4, 7, 24, 26, 28, 29, 31, 34, 35, 36, 37]",5,0.0,0.0,0.0,0.0,0,1,5,0
smd,group23_evaluation,machine-3-5,treeshap_iforest,2,10,19498,19501,"[1, 17, 12, 9, 8, 2, 3, 16, 25, 22, 23, 6, 11, 10, 15, 0, 18, 33, 30, 27, 5, 13, 21, 14, 19, 20, 32, 4, 7, 24, 26, 28, 29, 31, 34, 35, 36, 37]",1,0.0,0.0,0.0,0.0,0,1,1,0
smd,group23_evaluation,machine-3-5,treeshap_iforest,2,10,19498,19501,"[1, 17, 12, 9, 8, 2, 3, 16, 25, 22, 23, 6, 11, 10, 15, 0, 18, 33, 30, 27, 5, 13, 21, 14, 19, 20, 32, 4, 7, 24, 26, 28, 29, 31, 34, 35, 36, 37]",3,0.0,0.0,0.0,0.0,0,1,3,0
smd,group23_evaluation,machine-3-5,treeshap_iforest,2,10,19498,19501,"[1, 17, 12, 9, 8, 2, 3, 16, 25, 22, 23, 6, 11, 10, 15, 0, 18, 33, 30, 27, 5, 13, 21, 14, 19, 20, 32, 4, 7, 24, 26, 28, 29, 31, 34, 35, 36, 37]",5,0.0,0.0,0.0,0.0,0,1,5,0
smd,group23_evaluation,machine-3-6,treeshap_iforest,0,0,1187,1221,"[33, 23, 32, 29, 10, 20, 15, 19, 18, 31, 6, 35, 34, 22, 30, 21, 5, 25, 0, 27, 24, 2, 3, 9, 13, 12, 8, 11, 14, 1, 4, 7, 16, 17, 26, 28, 36, 37]",1,1.0,0.05555555555555555,0.10526315789473684,1.0,1,18,1,1
smd,group23_evaluation,machine-3-6,treeshap_iforest,0,0,1187,1221,"[33, 23, 32, 29, 10, 20, 15, 19, 18, 31, 6, 35, 34, 22, 30, 21, 5, 25, 0, 27, 24, 2, 3, 9, 13, 12, 8, 11, 14, 1, 4, 7, 16, 17, 26, 28, 36, 37]",3,0.6666666666666666,0.1111111111111111,0.1904761904761905,0.7653606369886217,1,18,3,2
smd,group23_evaluation,machine-3-6,treeshap_iforest,0,0,1187,1221,"[33, 23, 32, 29, 10, 20, 15, 19, 18, 31, 6, 35, 34, 22, 30, 21, 5, 25, 0, 27, 24, 2, 3, 9, 13, 12, 8, 11, 14, 1, 4, 7, 16, 17, 26, 28, 36, 37]",5,0.4,0.1111111111111111,0.1739130434782609,0.5531464700081437,1,18,5,2
smd,group23_evaluation,machine-3-6,treeshap_iforest,0,1,8177,8211,"[33, 29, 18, 6, 32, 21, 1, 30, 23, 20, 31, 35, 25, 9, 34, 24, 27, 13, 2, 0, 3, 19, 10, 15, 12, 5, 22, 11, 8, 14, 4, 7, 16, 17, 26, 28, 36, 37]",1,1.0,0.16666666666666666,0.2857142857142857,1.0,1,6,1,1
smd,group23_evaluation,machine-3-6,treeshap_iforest,0,1,8177,8211,"[33, 29, 18, 6, 32, 21, 1, 30, 23, 20, 31, 35, 25, 9, 34, 24, 27, 13, 2, 0, 3, 19, 10, 15, 12, 5, 22, 11, 8, 14, 4, 7, 16, 17, 26, 28, 36, 37]",3,0.3333333333333333,0.16666666666666666,0.2222222222222222,0.46927872602275644,1,6,3,1
smd,group23_evaluation,machine-3-6,treeshap_iforest,0,1,8177,8211,"[33, 29, 18, 6, 32, 21, 1, 30, 23, 20, 31, 35, 25, 9, 34, 24, 27, 13, 2, 0, 3, 19, 10, 15, 12, 5, 22, 11, 8, 14, 4, 7, 16, 17, 26, 28, 36, 37]",5,0.4,0.3333333333333333,0.3636363636363636,0.4703652827859579,1,6,5,2
smd,group23_evaluation,machine-3-6,treeshap_iforest,0,2,10637,10743,"[9, 12, 11, 6, 18, 27, 5, 33, 29, 20, 10, 13, 15, 1, 21, 22, 19, 8, 30, 23, 34, 24, 2, 0, 14, 25, 35, 3, 31, 32, 4, 7, 16, 17, 26, 28, 36, 37]",1,0.0,0.0,0.0,0.0,0,3,1,0
smd,group23_evaluation,machine-3-6,treeshap_iforest,0,2,10637,10743,"[9, 12, 11, 6, 18, 27, 5, 33, 29, 20, 10, 13, 15, 1, 21, 22, 19, 8, 30, 23, 34, 24, 2, 0, 14, 25, 35, 3, 31, 32, 4, 7, 16, 17, 26, 28, 36, 37]",3,0.0,0.0,0.0,0.0,0,3,3,0
smd,group23_evaluation,machine-3-6,treeshap_iforest,0,2,10637,10743,"[9, 12, 11, 6, 18, 27, 5, 33, 29, 20, 10, 13, 15, 1, 21, 22, 19, 8, 30, 23, 34, 24, 2, 0, 14, 25, 35, 3, 31, 32, 4, 7, 16, 17, 26, 28, 36, 37]",5,0.0,0.0,0.0,0.0,0,3,5,0
smd,group23_evaluation,machine-3-6,treeshap_iforest,0,3,15633,15863,"[9, 12, 0, 22, 11, 13, 19, 30, 29, 34, 35, 31, 20, 21, 3, 8, 24, 25, 27, 14, 23, 2, 5, 18, 6, 33, 1, 10, 15, 32, 4, 7, 16, 17, 26, 28, 36, 37]",1,1.0,0.125,0.2222222222222222,1.0,1,8,1,1
smd,group23_evaluation,machine-3-6,treeshap_iforest,0,3,15633,15863,"[9, 12, 0, 22, 11, 13, 19, 30, 29, 34, 35, 31, 20, 21, 3, 8, 24, 25, 27, 14, 23, 2, 5, 18, 6, 33, 1, 10, 15, 32, 4, 7, 16, 17, 26, 28, 36, 37]",3,1.0,0.375,0.5454545454545454,1.0,1,8,3,3
smd,group23_evaluation,machine-3-6,treeshap_iforest,0,3,15633,15863,"[9, 12, 0, 22, 11, 13, 19, 30, 29, 34, 35, 31, 20, 21, 3, 8, 24, 25, 27, 14, 23, 2, 5, 18, 6, 33, 1, 10, 15, 32, 4, 7, 16, 17, 26, 28, 36, 37]",5,0.8,0.5,0.6153846153846154,0.8539316501572937,1,8,5,4
smd,group23_evaluation,machine-3-6,treeshap_iforest,0,4,16788,16995,"[9, 12, 0, 13, 11, 22, 19, 30, 29, 34, 21, 20, 31, 35, 3, 8, 24, 27, 25, 2, 5, 23, 10, 14, 18, 15, 6, 33, 1, 32, 4, 7, 16, 17, 26, 28, 36, 37]",1,1.0,0.16666666666666666,0.2857142857142857,1.0,1,6,1,1
smd,group23_evaluation,machine-3-6,treeshap_iforest,0,4,16788,16995,"[9, 12, 0, 13, 11, 22, 19, 30, 29, 34, 21, 20, 31, 35, 3, 8, 24, 27, 25, 2, 5, 23, 10, 14, 18, 15, 6, 33, 1, 32, 4, 7, 16, 17, 26, 28, 36, 37]",3,1.0,0.5,0.6666666666666666,1.0,1,6,3,3
smd,group23_evaluation,machine-3-6,treeshap_iforest,0,4,16788,16995,"[9, 12, 0, 13, 11, 22, 19, 30, 29, 34, 21, 20, 31, 35, 3, 8, 24, 27, 25, 2, 5, 23, 10, 14, 18, 15, 6, 33, 1, 32, 4, 7, 16, 17, 26, 28, 36, 37]",5,1.0,0.8333333333333334,0.9090909090909091,1.0,1,6,5,5
smd,group23_evaluation,machine-3-6,treeshap_iforest,0,5,18054,18134,"[9, 12, 11, 0, 13, 22, 30, 21, 31, 35, 3, 20, 34, 19, 29, 24, 8, 1, 2, 25, 18, 23, 27, 14, 10, 33, 6, 5, 15, 32, 4, 7, 16, 17, 26, 28, 36, 37]",1,1.0,0.16666666666666666,0.2857142857142857,1.0,1,6,1,1
smd,group23_evaluation,machine-3-6,treeshap_iforest,0,5,18054,18134,"[9, 12, 11, 0, 13, 22, 30, 21, 31, 35, 3, 20, 34, 19, 29, 24, 8, 1, 2, 25, 18, 23, 27, 14, 10, 33, 6, 5, 15, 32, 4, 7, 16, 17, 26, 28, 36, 37]",3,1.0,0.5,0.6666666666666666,1.0,1,6,3,3
smd,group23_evaluation,machine-3-6,treeshap_iforest,0,5,18054,18134,"[9, 12, 11, 0, 13, 22, 30, 21, 31, 35, 3, 20, 34, 19, 29, 24, 8, 1, 2, 25, 18, 23, 27, 14, 10, 33, 6, 5, 15, 32, 4, 7, 16, 17, 26, 28, 36, 37]",5,1.0,0.8333333333333334,0.9090909090909091,1.0,1,6,5,5
smd,group23_evaluation,machine-3-6,treeshap_iforest,0,6,19276,19500,"[9, 12, 0, 11, 22, 10, 19, 13, 34, 30, 29, 31, 35, 20, 3, 21, 24, 25, 8, 27, 15, 23, 2, 14, 18, 5, 6, 33, 1, 32, 4, 7, 16, 17, 26, 28, 36, 37]",1,1.0,0.16666666666666666,0.2857142857142857,1.0,1,6,1,1
smd,group23_evaluation,machine-3-6,treeshap_iforest,0,6,19276,19500,"[9, 12, 0, 11, 22, 10, 19, 13, 34, 30, 29, 31, 35, 20, 3, 21, 24, 25, 8, 27, 15, 23, 2, 14, 18, 5, 6, 33, 1, 32, 4, 7, 16, 17, 26, 28, 36, 37]",3,1.0,0.5,0.6666666666666666,1.0,1,6,3,3
smd,group23_evaluation,machine-3-6,treeshap_iforest,0,6,19276,19500,"[9, 12, 0, 11, 22, 10, 19, 13, 34, 30, 29, 31, 35, 20, 3, 21, 24, 25, 8, 27, 15, 23, 2, 14, 18, 5, 6, 33, 1, 32, 4, 7, 16, 17, 26, 28, 36, 37]",5,0.8,0.6666666666666666,0.7272727272727272,0.8687949224876582,1,6,5,4
smd,group23_evaluation,machine-3-6,treeshap_iforest,0,7,20681,20865,"[9, 12, 0, 11, 19, 22, 29, 31, 30, 34, 13, 35, 3, 21, 20, 8, 24, 25, 5, 23, 27, 14, 2, 18, 33, 10, 6, 1, 15, 32, 4, 7, 16, 17, 26, 28, 36, 37]",1,1.0,0.14285714285714285,0.25,1.0,1,7,1,1
smd,group23_evaluation,machine-3-6,treeshap_iforest,0,7,20681,20865,"[9, 12, 0, 11, 19, 22, 29, 31, 30, 34, 13, 35, 3, 21, 20, 8, 24, 25, 5, 23, 27, 14, 2, 18, 33, 10, 6, 1, 15, 32, 4, 7, 16, 17, 26, 28, 36, 37]",3,1.0,0.42857142857142855,0.6,1.0,1,7,3,3
smd,group23_evaluation,machine-3-6,treeshap_iforest,0,7,20681,20865,"[9, 12, 0, 11, 19, 22, 29, 31, 30, 34, 13, 35, 3, 21, 20, 8, 24, 25, 5, 23, 27, 14, 2, 18, 33, 10, 6, 1, 15, 32, 4, 7, 16, 17, 26, 28, 36, 37]",5,0.8,0.5714285714285714,0.6666666666666666,0.8687949224876582,1,7,5,4
smd,group23_evaluation,machine-3-6,treeshap_iforest,0,8,24503,24506,"[12, 13, 11, 8, 22, 14, 30, 34, 31, 19, 20, 29, 21, 9, 3, 35, 24, 25, 2, 23, 18, 27, 0, 10, 33, 1, 6, 15, 5, 32, 4, 7, 16, 17, 26, 28, 36, 37]",1,1.0,0.14285714285714285,0.25,1.0,1,7,1,1
smd,group23_evaluation,machine-3-6,treeshap_iforest,0,8,24503,24506,"[12, 13, 11, 8, 22, 14, 30, 34, 31, 19, 20, 29, 21, 9, 3, 35, 24, 25, 2, 23, 18, 27, 0, 10, 33, 1, 6, 15, 5, 32, 4, 7, 16, 17, 26, 28, 36, 37]",3,1.0,0.42857142857142855,0.6,1.0,1,7,3,3
smd,group23_evaluation,machine-3-6,treeshap_iforest,0,8,24503,24506,"[12, 13, 11, 8, 22, 14, 30, 34, 31, 19, 20, 29, 21, 9, 3, 35, 24, 25, 2, 23, 18, 27, 0, 10, 33, 1, 6, 15, 5, 32, 4, 7, 16, 17, 26, 28, 36, 37]",5,0.8,0.5714285714285714,0.6666666666666666,0.8687949224876582,1,7,5,4
smd,group23_evaluation,machine-3-6,treeshap_iforest,0,9,26138,26149,"[9, 19, 12, 22, 29, 11, 34, 13, 30, 20, 14, 31, 35, 25, 3, 2, 21, 8, 0, 23, 27, 24, 18, 33, 10, 15, 5, 6, 1, 32, 4, 7, 16, 17, 26, 28, 36, 37]",1,0.0,0.0,0.0,0.0,0,2,1,0
smd,group23_evaluation,machine-3-6,treeshap_iforest,0,9,26138,26149,"[9, 19, 12, 22, 29, 11, 34, 13, 30, 20, 14, 31, 35, 25, 3, 2, 21, 8, 0, 23, 27, 24, 18, 33, 10, 15, 5, 6, 1, 32, 4, 7, 16, 17, 26, 28, 36, 37]",3,0.0,0.0,0.0,0.0,0,2,3,0
smd,group23_evaluation,machine-3-6,treeshap_iforest,0,9,26138,26149,"[9, 19, 12, 22, 29, 11, 34, 13, 30, 20, 14, 31, 35, 25, 3, 2, 21, 8, 0, 23, 27, 24, 18, 33, 10, 15, 5, 6, 1, 32, 4, 7, 16, 17, 26, 28, 36, 37]",5,0.0,0.0,0.0,0.0,0,2,5,0
smd,group23_evaluation,machine-3-6,treeshap_iforest,0,10,27877,27958,"[6, 29, 18, 23, 13, 21, 30, 25, 3, 1, 35, 34, 33, 12, 31, 27, 5, 10, 24, 9, 20, 15, 0, 19, 22, 8, 2, 14, 32, 11, 4, 7, 16, 17, 26, 28, 36, 37]",1,1.0,0.043478260869565216,0.08333333333333333,1.0,1,23,1,1
smd,group23_evaluation,machine-3-6,treeshap_iforest,0,10,27877,27958,"[6, 29, 18, 23, 13, 21, 30, 25, 3, 1, 35, 34, 33, 12, 31, 27, 5, 10, 24, 9, 20, 15, 0, 19, 22, 8, 2, 14, 32, 11, 4, 7, 16, 17, 26, 28, 36, 37]",3,1.0,0.13043478260869565,0.23076923076923078,1.0,1,23,3,3
smd,group23_evaluation,machine-3-6,treeshap_iforest,0,10,27877,27958,"[6, 29, 18, 23, 13, 21, 30, 25, 3, 1, 35, 34, 33, 12, 31, 27, 5, 10, 24, 9, 20, 15, 0, 19, 22, 8, 2, 14, 32, 11, 4, 7, 16, 17, 26, 28, 36, 37]",5,0.8,0.17391304347826086,0.2857142857142857,0.8687949224876582,1,23,5,4
smd,group23_evaluation,machine-3-6,treeshap_iforest,1,0,1187,1221,"[33, 32, 29, 23, 6, 18, 5, 27, 22, 21, 15, 19, 35, 31, 10, 30, 25, 0, 24, 34, 3, 9, 20, 2, 1, 8, 14, 13, 11, 12, 4, 7, 16, 17, 26, 28, 36, 37]",1,1.0,0.05555555555555555,0.10526315789473684,1.0,1,18,1,1
smd,group23_evaluation,machine-3-6,treeshap_iforest,1,0,1187,1221,"[33, 32, 29, 23, 6, 18, 5, 27, 22, 21, 15, 19, 35, 31, 10, 30, 25, 0, 24, 34, 3, 9, 20, 2, 1, 8, 14, 13, 11, 12, 4, 7, 16, 17, 26, 28, 36, 37]",3,0.3333333333333333,0.05555555555555555,0.09523809523809525,0.46927872602275644,1,18,3,1
smd,group23_evaluation,machine-3-6,treeshap_iforest,1,0,1187,1221,"[33, 32, 29, 23, 6, 18, 5, 27, 22, 21, 15, 19, 35, 31, 10, 30, 25, 0, 24, 34, 3, 9, 20, 2, 1, 8, 14, 13, 11, 12, 4, 7, 16, 17, 26, 28, 36, 37]",5,0.4,0.1111111111111111,0.1739130434782609,0.48522855511632257,1,18,5,2
smd,group23_evaluation,machine-3-6,treeshap_iforest,1,1,8177,8211,"[29, 33, 18, 19, 32, 34, 6, 9, 30, 21, 31, 0, 35, 27, 23, 25, 1, 2, 24, 20, 3, 13, 5, 10, 15, 22, 8, 12, 11, 14, 4, 7, 16, 17, 26, 28, 36, 37]",1,0.0,0.0,0.0,0.0,0,6,1,0
smd,group23_evaluation,machine-3-6,treeshap_iforest,1,1,8177,8211,"[29, 33, 18, 19, 32, 34, 6, 9, 30, 21, 31, 0, 35, 27, 23, 25, 1, 2, 24, 20, 3, 13, 5, 10, 15, 22, 8, 12, 11, 14, 4, 7, 16, 17, 26, 28, 36, 37]",3,0.3333333333333333,0.16666666666666666,0.2222222222222222,0.2960819109658652,1,6,3,1
smd,group23_evaluation,machine-3-6,treeshap_iforest,1,1,8177,8211,"[29, 33, 18, 19, 32, 34, 6, 9, 30, 21, 31, 0, 35, 27, 23, 25, 1, 2, 24, 20, 3, 13, 5, 10, 15, 22, 8, 12, 11, 14, 4, 7, 16, 17, 26, 28, 36, 37]",5,0.4,0.3333333333333333,0.3636363636363636,0.34519134224686937,1,6,5,2
smd,group23_evaluation,machine-3-6,treeshap_iforest,1,2,10637,10743,"[9, 18, 11, 12, 6, 5, 27, 33, 29, 13, 20, 22, 10, 15, 14, 24, 8, 21, 31, 3, 34, 1, 35, 23, 25, 19, 2, 30, 0, 32, 4, 7, 16, 17, 26, 28, 36, 37]",1,0.0,0.0,0.0,0.0,0,3,1,0
smd,group23_evaluation,machine-3-6,treeshap_iforest,1,2,10637,10743,"[9, 18, 11, 12, 6, 5, 27, 33, 29, 13, 20, 22, 10, 15, 14, 24, 8, 21, 31, 3, 34, 1, 35, 23, 25, 19, 2, 30, 0, 32, 4, 7, 16, 17, 26, 28, 36, 37]",3,0.0,0.0,0.0,0.0,0,3,3,0
smd,group23_evaluation,machine-3-6,treeshap_iforest,1,2,10637,10743,"[9, 18, 11, 12, 6, 5, 27, 33, 29, 13, 20, 22, 10, 15, 14, 24, 8, 21, 31, 3, 34, 1, 35, 23, 25, 19, 2, 30, 0, 32, 4, 7, 16, 17, 26, 28, 36, 37]",5,0.0,0.0,0.0,0.0,0,3,5,0
smd,group23_evaluation,machine-3-6,treeshap_iforest,1,3,15633,15863,"[9, 0, 22, 13, 21, 8, 29, 12, 11, 30, 3, 24, 19, 20, 31, 27, 5, 35, 34, 14, 25, 18, 23, 2, 1, 6, 33, 15, 10, 32, 4, 7, 16, 17, 26, 28, 36, 37]",1,1.0,0.125,0.2222222222222222,1.0,1,8,1,1
smd,group23_evaluation,machine-3-6,treeshap_iforest,1,3,15633,15863,"[9, 0, 22, 13, 21, 8, 29, 12, 11, 30, 3, 24, 19, 20, 31, 27, 5, 35, 34, 14, 25, 18, 23, 2, 1, 6, 33, 15, 10, 32, 4, 7, 16, 17, 26, 28, 36, 37]",3,0.6666666666666666,0.25,0.36363636363636365,0.7653606369886217,1,8,3,2
smd,group23_evaluation,machine-3-6,treeshap_iforest,1,3,15633,15863,"[9, 0, 22, 13, 21, 8, 29, 12, 11, 30, 3, 24, 19, 20, 31, 27, 5, 35, 34, 14, 25, 18, 23, 2, 1, 6, 33, 15, 10, 32, 4, 7, 16, 17, 26, 28, 36, 37]",5,0.6,0.375,0.4615384615384615,0.6992148198508501,1,8,5,3
smd,group23_evaluation,machine-3-6,treeshap_iforest,1,4,16788,16995,"[9, 0, 13, 22, 21, 29, 8, 30, 11, 12, 3, 24, 20, 19, 31, 5, 27, 34, 35, 18, 14, 2, 25, 23, 15, 1, 10, 6, 33, 32, 4, 7, 16, 17, 26, 28, 36, 37]",1,1.0,0.16666666666666666,0.2857142857142857,1.0,1,6,1,1
smd,group23_evaluation,machine-3-6,treeshap_iforest,1,4,16788,16995,"[9, 0, 13, 22, 21, 29, 8, 30, 11, 12, 3, 24, 20, 19, 31, 5, 27, 34, 35, 18, 14, 2, 25, 23, 15, 1, 10, 6, 33, 32, 4, 7, 16, 17, 26, 28, 36, 37]",3,1.0,0.5,0.6666666666666666,1.0,1,6,3,3
smd,group23_evaluation,machine-3-6,treeshap_iforest,1,4,16788,16995,"[9, 0, 13, 22, 21, 29, 8, 30, 11, 12, 3, 24, 20, 19, 31, 5, 27, 34, 35, 18, 14, 2, 25, 23, 15, 1, 10, 6, 33, 32, 4, 7, 16, 17, 26, 28, 36, 37]",5,0.6,0.5,0.5454545454545454,0.7227265726449519,1,6,5,3
smd,group23_evaluation,machine-3-6,treeshap_iforest,1,5,18054,18134,"[9, 0, 11, 13, 12, 21, 22, 8, 3, 30, 2, 24, 20, 19, 27, 31, 29, 34, 25, 18, 35, 1, 14, 23, 33, 5, 15, 10, 6, 32, 4, 7, 16, 17, 26, 28, 36, 37]",1,1.0,0.16666666666666666,0.2857142857142857,1.0,1,6,1,1
smd,group23_evaluation,machine-3-6,treeshap_iforest,1,5,18054,18134,"[9, 0, 11, 13, 12, 21, 22, 8, 3, 30, 2, 24, 20, 19, 27, 31, 29, 34, 25, 18, 35, 1, 14, 23, 33, 5, 15, 10, 6, 32, 4, 7, 16, 17, 26, 28, 36, 37]",3,1.0,0.5,0.6666666666666666,1.0,1,6,3,3
smd,group23_evaluation,machine-3-6,treeshap_iforest,1,5,18054,18134,"[9, 0, 11, 13, 12, 21, 22, 8, 3, 30, 2, 24, 20, 19, 27, 31, 29, 34, 25, 18, 35, 1, 14, 23, 33, 5, 15, 10, 6, 32, 4, 7, 16, 17, 26, 28, 36, 37]",5,1.0,0.8333333333333334,0.9090909090909091,1.0,1,6,5,5
smd,group23_evaluation,machine-3-6,treeshap_iforest,1,6,19276,19500,"[9, 0, 21, 22, 13, 12, 11, 29, 30, 3, 24, 19, 8, 31, 20, 15, 27, 35, 34, 18, 25, 14, 5, 10, 23, 2, 1, 6, 33, 32, 4, 7, 16, 17, 26, 28, 36, 37]",1,1.0,0.16666666666666666,0.2857142857142857,1.0,1,6,1,1
smd,group23_evaluation,machine-3-6,treeshap_iforest,1,6,19276,19500,"[9, 0, 21, 22, 13, 12, 11, 29, 30, 3, 24, 19, 8, 31, 20, 15, 27, 35, 34, 18, 25, 14, 5, 10, 23, 2, 1, 6, 33, 32, 4, 7, 16, 17, 26, 28, 36, 37]",3,0.6666666666666666,0.3333333333333333,0.4444444444444444,0.7653606369886217,1,6,3,2
smd,group23_evaluation,machine-3-6,treeshap_iforest,1,6,19276,19500,"[9, 0, 21, 22, 13, 12, 11, 29, 30, 3, 24, 19, 8, 31, 20, 15, 27, 35, 34, 18, 25, 14, 5, 10, 23, 2, 1, 6, 33, 32, 4, 7, 16, 17, 26, 28, 36, 37]",5,0.6,0.5,0.5454545454545454,0.6843515475204855,1,6,5,3
smd,group23_evaluation,machine-3-6,treeshap_iforest,1,7,20681,20865,"[9, 0, 22, 21, 11, 8, 12, 29, 30, 13, 3, 24, 19, 5, 31, 20, 27, 34, 35, 14, 25, 18, 23, 2, 1, 6, 33, 10, 15, 32, 4, 7, 16, 17, 26, 28, 36, 37]",1,1.0,0.14285714285714285,0.25,1.0,1,7,1,1
smd,group23_evaluation,machine-3-6,treeshap_iforest,1,7,20681,20865,"[9, 0, 22, 21, 11, 8, 12, 29, 30, 13, 3, 24, 19, 5, 31, 20, 27, 34, 35, 14, 25, 18, 23, 2, 1, 6, 33, 10, 15, 32, 4, 7, 16, 17, 26, 28, 36, 37]",3,0.6666666666666666,0.2857142857142857,0.4,0.7653606369886217,1,7,3,2
smd,group23_evaluation,machine-3-6,treeshap_iforest,1,7,20681,20865,"[9, 0, 22, 21, 11, 8, 12, 29, 30, 13, 3, 24, 19, 5, 31, 20, 27, 34, 35, 14, 25, 18, 23, 2, 1, 6, 33, 10, 15, 32, 4, 7, 16, 17, 26, 28, 36, 37]",5,0.6,0.42857142857142855,0.5,0.6843515475204855,1,7,5,3
smd,group23_evaluation,machine-3-6,treeshap_iforest,1,8,24503,24506,"[8, 13, 14, 12, 11, 21, 31, 30, 9, 24, 27, 29, 22, 19, 3, 20, 25, 34, 2, 35, 18, 23, 0, 6, 1, 15, 33, 10, 5, 32, 4, 7, 16, 17, 26, 28, 36, 37]",1,1.0,0.14285714285714285,0.25,1.0,1,7,1,1
smd,group23_evaluation,machine-3-6,treeshap_iforest,1,8,24503,24506,"[8, 13, 14, 12, 11, 21, 31, 30, 9, 24, 27, 29, 22, 19, 3, 20, 25, 34, 2, 35, 18, 23, 0, 6, 1, 15, 33, 10, 5, 32, 4, 7, 16, 17, 26, 28, 36, 37]",3,1.0,0.42857142857142855,0.6,1.0,1,7,3,3
smd,group23_evaluation,machine-3-6,treeshap_iforest,1,8,24503,24506,"[8, 13, 14, 12, 11, 21, 31, 30, 9, 24, 27, 29, 22, 19, 3, 20, 25, 34, 2, 35, 18, 23, 0, 6, 1, 15, 33, 10, 5, 32, 4, 7, 16, 17, 26, 28, 36, 37]",5,1.0,0.7142857142857143,0.8333333333333333,1.0,1,7,5,5
smd,group23_evaluation,machine-3-6,treeshap_iforest,1,9,26138,26149,"[9, 29, 22, 13, 8, 21, 24, 0, 30, 18, 3, 14, 31, 11, 19, 27, 35, 12, 20, 34, 25, 5, 23, 2, 6, 10, 15, 1, 33, 32, 4, 7, 16, 17, 26, 28, 36, 37]",1,0.0,0.0,0.0,0.0,0,2,1,0
smd,group23_evaluation,machine-3-6,treeshap_iforest,1,9,26138,26149,"[9, 29, 22, 13, 8, 21, 24, 0, 30, 18, 3, 14, 31, 11, 19, 27, 35, 12, 20, 34, 25, 5, 23, 2, 6, 10, 15, 1, 33, 32, 4, 7, 16, 17, 26, 28, 36, 37]",3,0.0,0.0,0.0,0.0,0,2,3,0
smd,group23_evaluation,machine-3-6,treeshap_iforest,1,9,26138,26149,"[9, 29, 22, 13, 8, 21, 24, 0, 30, 18, 3, 14, 31, 11, 19, 27, 35, 12, 20, 34, 25, 5, 23, 2, 6, 10, 15, 1, 33, 32, 4, 7, 16, 17, 26, 28, 36, 37]",5,0.0,0.0,0.0,0.0,0,2,5,0
smd,group23_evaluation,machine-3-6,treeshap_iforest,1,10,27877,27958,"[29, 18, 6, 23, 5, 21, 8, 0, 34, 13, 35, 30, 25, 10, 2, 31, 19, 9, 33, 3, 1, 27, 15, 24, 20, 22, 14, 12, 32, 11, 4, 7, 16, 17, 26, 28, 36, 37]",1,1.0,0.043478260869565216,0.08333333333333333,1.0,1,23,1,1
smd,group23_evaluation,machine-3-6,treeshap_iforest,1,10,27877,27958,"[29, 18, 6, 23, 5, 21, 8, 0, 34, 13, 35, 30, 25, 10, 2, 31, 19, 9, 33, 3, 1, 27, 15, 24, 20, 22, 14, 12, 32, 11, 4, 7, 16, 17, 26, 28, 36, 37]",3,1.0,0.13043478260869565,0.23076923076923078,1.0,1,23,3,3
smd,group23_evaluation,machine-3-6,treeshap_iforest,1,10,27877,27958,"[29, 18, 6, 23, 5, 21, 8, 0, 34, 13, 35, 30, 25, 10, 2, 31, 19, 9, 33, 3, 1, 27, 15, 24, 20, 22, 14, 12, 32, 11, 4, 7, 16, 17, 26, 28, 36, 37]",5,1.0,0.21739130434782608,0.3571428571428571,1.0,1,23,5,5
smd,group23_evaluation,machine-3-6,treeshap_iforest,2,0,1187,1221,"[33, 29, 23, 32, 10, 15, 35, 27, 25, 20, 30, 24, 21, 6, 34, 5, 22, 18, 1, 31, 9, 0, 3, 2, 19, 14, 13, 8, 11, 12, 4, 7, 16, 17, 26, 28, 36, 37]",1,1.0,0.05555555555555555,0.10526315789473684,1.0,1,18,1,1
smd,group23_evaluation,machine-3-6,treeshap_iforest,2,0,1187,1221,"[33, 29, 23, 32, 10, 15, 35, 27, 25, 20, 30, 24, 21, 6, 34, 5, 22, 18, 1, 31, 9, 0, 3, 2, 19, 14, 13, 8, 11, 12, 4, 7, 16, 17, 26, 28, 36, 37]",3,0.6666666666666666,0.1111111111111111,0.1904761904761905,0.7039180890341347,1,18,3,2
smd,group23_evaluation,machine-3-6,treeshap_iforest,2,0,1187,1221,"[33, 29, 23, 32, 10, 15, 35, 27, 25, 20, 30, 24, 21, 6, 34, 5, 22, 18, 1, 31, 9, 0, 3, 2, 19, 14, 13, 8, 11, 12, 4, 7, 16, 17, 26, 28, 36, 37]",5,0.4,0.1111111111111111,0.1739130434782609,0.5087403079104241,1,18,5,2
smd,group23_evaluation,machine-3-6,treeshap_iforest,2,1,8177,8211,"[33, 29, 20, 6, 25, 32, 23, 24, 27, 21, 19, 18, 31, 35, 9, 30, 0, 34, 2, 13, 1, 10, 15, 5, 3, 12, 11, 8, 14, 22, 4, 7, 16, 17, 26, 28, 36, 37]",1,1.0,0.16666666666666666,0.2857142857142857,1.0,1,6,1,1
smd,group23_evaluation,machine-3-6,treeshap_iforest,2,1,8177,8211,"[33, 29, 20, 6, 25, 32, 23, 24, 27, 21, 19, 18, 31, 35, 9, 30, 0, 34, 2, 13, 1, 10, 15, 5, 3, 12, 11, 8, 14, 22, 4, 7, 16, 17, 26, 28, 36, 37]",3,0.3333333333333333,0.16666666666666666,0.2222222222222222,0.46927872602275644,1,6,3,1
smd,group23_evaluation,machine-3-6,treeshap_iforest,2,1,8177,8211,"[33, 29, 20, 6, 25, 32, 23, 24, 27, 21, 19, 18, 31, 35, 9, 30, 0, 34, 2, 13, 1, 10, 15, 5, 3, 12, 11, 8, 14, 22, 4, 7, 16, 17, 26, 28, 36, 37]",5,0.2,0.16666666666666666,0.1818181818181818,0.3391602052736161,1,6,5,1
smd,group23_evaluation,machine-3-6,treeshap_iforest,2,2,10637,10743,"[9, 11, 12, 6, 18, 5, 27, 29, 33, 20, 10, 14, 15, 30, 13, 31, 25, 19, 8, 1, 23, 21, 35, 22, 0, 24, 3, 34, 32, 2, 4, 7, 16, 17, 26, 28, 36, 37]",1,0.0,0.0,0.0,0.0,0,3,1,0
smd,group23_evaluation,machine-3-6,treeshap_iforest,2,2,10637,10743,"[9, 11, 12, 6, 18, 5, 27, 29, 33, 20, 10, 14, 15, 30, 13, 31, 25, 19, 8, 1, 23, 21, 35, 22, 0, 24, 3, 34, 32, 2, 4, 7, 16, 17, 26, 28, 36, 37]",3,0.0,0.0,0.0,0.0,0,3,3,0
smd,group23_evaluation,machine-3-6,treeshap_iforest,2,2,10637,10743,"[9, 11, 12, 6, 18, 5, 27, 29, 33, 20, 10, 14, 15, 30, 13, 31, 25, 19, 8, 1, 23, 21, 35, 22, 0, 24, 3, 34, 32, 2, 4, 7, 16, 17, 26, 28, 36, 37]",5,0.0,0.0,0.0,0.0,0,3,5,0
smd,group23_evaluation,machine-3-6,treeshap_iforest,2,3,15633,15863,"[9, 29, 0, 12, 22, 13, 11, 35, 30, 24, 27, 34, 8, 31, 21, 14, 20, 25, 1, 5, 2, 3, 23, 19, 33, 18, 6, 15, 10, 32, 4, 7, 16, 17, 26, 28, 36, 37]",1,1.0,0.125,0.2222222222222222,1.0,1,8,1,1
smd,group23_evaluation,machine-3-6,treeshap_iforest,2,3,15633,15863,"[9, 29, 0, 12, 22, 13, 11, 35, 30, 24, 27, 34, 8, 31, 21, 14, 20, 25, 1, 5, 2, 3, 23, 19, 33, 18, 6, 15, 10, 32, 4, 7, 16, 17, 26, 28, 36, 37]",3,0.6666666666666666,0.25,0.36363636363636365,0.7039180890341347,1,8,3,2
smd,group23_evaluation,machine-3-6,treeshap_iforest,2,3,15633,15863,"[9, 29, 0, 12, 22, 13, 11, 35, 30, 24, 27, 34, 8, 31, 21, 14, 20, 25, 1, 5, 2, 3, 23, 19, 33, 18, 6, 15, 10, 32, 4, 7, 16, 17, 26, 28, 36, 37]",5,0.6,0.375,0.4615384615384615,0.6548086577531307,1,8,5,3
smd,group23_evaluation,machine-3-6,treeshap_iforest,2,4,16788,16995,"[9, 0, 29, 12, 13, 11, 22, 30, 35, 24, 34, 27, 21, 8, 31, 25, 20, 1, 14, 5, 2, 10, 23, 3, 15, 19, 18, 33, 6, 32, 4, 7, 16, 17, 26, 28, 36, 37]",1,1.0,0.16666666666666666,0.2857142857142857,1.0,1,6,1,1
smd,group23_evaluation,machine-3-6,treeshap_iforest,2,4,16788,16995,"[9, 0, 29, 12, 13, 11, 22, 30, 35, 24, 34, 27, 21, 8, 31, 25, 20, 1, 14, 5, 2, 10, 23, 3, 15, 19, 18, 33, 6, 32, 4, 7, 16, 17, 26, 28, 36, 37]",3,0.6666666666666666,0.3333333333333333,0.4444444444444444,0.7653606369886217,1,6,3,2
smd,group23_evaluation,machine-3-6,treeshap_iforest,2,4,16788,16995,"[9, 0, 29, 12, 13, 11, 22, 30, 35, 24, 34, 27, 21, 8, 31, 25, 20, 1, 14, 5, 2, 10, 23, 3, 15, 19, 18, 33, 6, 32, 4, 7, 16, 17, 26, 28, 36, 37]",5,0.8,0.6666666666666666,0.7272727272727272,0.830419897363192,1,6,5,4
smd,group23_evaluation,machine-3-6,treeshap_iforest,2,5,18054,18134,"[9, 0, 11, 12, 13, 29, 22, 34, 30, 35, 24, 1, 27, 14, 2, 8, 31, 20, 21, 25, 18, 19, 23, 3, 6, 10, 33, 15, 5, 32, 4, 7, 16, 17, 26, 28, 36, 37]",1,1.0,0.16666666666666666,0.2857142857142857,1.0,1,6,1,1
smd,group23_evaluation,machine-3-6,treeshap_iforest,2,5,18054,18134,"[9, 0, 11, 12, 13, 29, 22, 34, 30, 35, 24, 1, 27, 14, 2, 8, 31, 20, 21, 25, 18, 19, 23, 3, 6, 10, 33, 15, 5, 32, 4, 7, 16, 17, 26, 28, 36, 37]",3,1.0,0.5,0.6666666666666666,1.0,1,6,3,3
smd,group23_evaluation,machine-3-6,treeshap_iforest,2,5,18054,18134,"[9, 0, 11, 12, 13, 29, 22, 34, 30, 35, 24, 1, 27, 14, 2, 8, 31, 20, 21, 25, 18, 19, 23, 3, 6, 10, 33, 15, 5, 32, 4, 7, 16, 17, 26, 28, 36, 37]",5,1.0,0.8333333333333334,0.9090909090909091,1.0,1,6,5,5
smd,group23_evaluation,machine-3-6,treeshap_iforest,2,6,19276,19500,"[9, 29, 0, 12, 22, 11, 13, 35, 30, 24, 27, 15, 34, 21, 10, 25, 8, 20, 14, 31, 1, 2, 5, 3, 23, 18, 6, 19, 33, 32, 4, 7, 16, 17, 26, 28, 36, 37]",1,1.0,0.16666666666666666,0.2857142857142857,1.0,1,6,1,1
smd,group23_evaluation,machine-3-6,treeshap_iforest,2,6,19276,19500,"[9, 29, 0, 12, 22, 11, 13, 35, 30, 24, 27, 15, 34, 21, 10, 25, 8, 20, 14, 31, 1, 2, 5, 3, 23, 18, 6, 19, 33, 32, 4, 7, 16, 17, 26, 28, 36, 37]",3,0.6666666666666666,0.3333333333333333,0.4444444444444444,0.7039180890341347,1,6,3,2
smd,group23_evaluation,machine-3-6,treeshap_iforest,2,6,19276,19500,"[9, 29, 0, 12, 22, 11, 13, 35, 30, 24, 27, 15, 34, 21, 10, 25, 8, 20, 14, 31, 1, 2, 5, 3, 23, 18, 6, 19, 33, 32, 4, 7, 16, 17, 26, 28, 36, 37]",5,0.6,0.5,0.5454545454545454,0.6548086577531307,1,6,5,3
smd,group23_evaluation,machine-3-6,treeshap_iforest,2,7,20681,20865,"[9, 29, 0, 12, 11, 22, 30, 35, 24, 8, 13, 34, 27, 31, 21, 14, 20, 5, 25, 1, 2, 6, 23, 18, 3, 19, 33, 15, 10, 32, 4, 7, 16, 17, 26, 28, 36, 37]",1,1.0,0.14285714285714285,0.25,1.0,1,7,1,1
smd,group23_evaluation,machine-3-6,treeshap_iforest,2,7,20681,20865,"[9, 29, 0, 12, 11, 22, 30, 35, 24, 8, 13, 34, 27, 31, 21, 14, 20, 5, 25, 1, 2, 6, 23, 18, 3, 19, 33, 15, 10, 32, 4, 7, 16, 17, 26, 28, 36, 37]",3,0.6666666666666666,0.2857142857142857,0.4,0.7039180890341347,1,7,3,2
smd,group23_evaluation,machine-3-6,treeshap_iforest,2,7,20681,20865,"[9, 29, 0, 12, 11, 22, 30, 35, 24, 8, 13, 34, 27, 31, 21, 14, 20, 5, 25, 1, 2, 6, 23, 18, 3, 19, 33, 15, 10, 32, 4, 7, 16, 17, 26, 28, 36, 37]",5,0.8,0.5714285714285714,0.6666666666666666,0.7860137352654724,1,7,5,4
smd,group23_evaluation,machine-3-6,treeshap_iforest,2,8,24503,24506,"[13, 12, 11, 8, 29, 14, 22, 24, 30, 20, 27, 35, 34, 1, 25, 9, 2, 21, 6, 18, 31, 23, 3, 19, 33, 0, 15, 10, 5, 32, 4, 7, 16, 17, 26, 28, 36, 37]",1,1.0,0.14285714285714285,0.25,1.0,1,7,1,1
smd,group23_evaluation,machine-3-6,treeshap_iforest,2,8,24503,24506,"[13, 12, 11, 8, 29, 14, 22, 24, 30, 20, 27, 35, 34, 1, 25, 9, 2, 21, 6, 18, 31, 23, 3, 19, 33, 0, 15, 10, 5, 32, 4, 7, 16, 17, 26, 28, 36, 37]",3,1.0,0.42857142857142855,0.6,1.0,1,7,3,3
smd,group23_evaluation,machine-3-6,treeshap_iforest,2,8,24503,24506,"[13, 12, 11, 8, 29, 14, 22, 24, 30, 20, 27, 35, 34, 1, 25, 9, 2, 21, 6, 18, 31, 23, 3, 19, 33, 0, 15, 10, 5, 32, 4, 7, 16, 17, 26, 28, 36, 37]",5,0.8,0.5714285714285714,0.6666666666666666,0.8687949224876582,1,7,5,4
smd,group23_evaluation,machine-3-6,treeshap_iforest,2,9,26138,26149,"[9, 29, 22, 30, 13, 35, 12, 11, 24, 27, 31, 14, 1, 34, 20, 8, 25, 21, 6, 2, 0, 5, 3, 18, 23, 10, 33, 15, 19, 32, 4, 7, 16, 17, 26, 28, 36, 37]",1,0.0,0.0,0.0,0.0,0,2,1,0
smd,group23_evaluation,machine-3-6,treeshap_iforest,2,9,26138,26149,"[9, 29, 22, 30, 13, 35, 12, 11, 24, 27, 31, 14, 1, 34, 20, 8, 25, 21, 6, 2, 0, 5, 3, 18, 23, 10, 33, 15, 19, 32, 4, 7, 16, 17, 26, 28, 36, 37]",3,0.0,0.0,0.0,0.0,0,2,3,0
smd,group23_evaluation,machine-3-6,treeshap_iforest,2,9,26138,26149,"[9, 29, 22, 30, 13, 35, 12, 11, 24, 27, 31, 14, 1, 34, 20, 8, 25, 21, 6, 2, 0, 5, 3, 18, 23, 10, 33, 15, 19, 32, 4, 7, 16, 17, 26, 28, 36, 37]",5,0.0,0.0,0.0,0.0,0,2,5,0
smd,group23_evaluation,machine-3-6,treeshap_iforest,2,10,27877,27958,"[6, 29, 25, 23, 20, 27, 10, 24, 18, 33, 5, 31, 13, 35, 34, 30, 21, 15, 0, 2, 1, 9, 8, 3, 12, 19, 22, 14, 32, 11, 4, 7, 16, 17, 26, 28, 36, 37]",1,1.0,0.043478260869565216,0.08333333333333333,1.0,1,23,1,1
smd,group23_evaluation,machine-3-6,treeshap_iforest,2,10,27877,27958,"[6, 29, 25, 23, 20, 27, 10, 24, 18, 33, 5, 31, 13, 35, 34, 30, 21, 15, 0, 2, 1, 9, 8, 3, 12, 19, 22, 14, 32, 11, 4, 7, 16, 17, 26, 28, 36, 37]",3,1.0,0.13043478260869565,0.23076923076923078,1.0,1,23,3,3
smd,group23_evaluation,machine-3-6,treeshap_iforest,2,10,27877,27958,"[6, 29, 25, 23, 20, 27, 10, 24, 18, 33, 5, 31, 13, 35, 34, 30, 21, 15, 0, 2, 1, 9, 8, 3, 12, 19, 22, 14, 32, 11, 4, 7, 16, 17, 26, 28, 36, 37]",5,1.0,0.21739130434782608,0.3571428571428571,1.0,1,23,5,5
smd,group23_evaluation,machine-3-7,treeshap_iforest,0,0,10609,10644,"[22, 15, 8, 33, 24, 29, 13, 25, 23, 6, 19, 14, 31, 34, 21, 2, 4, 11, 27, 30, 9, 18, 35, 20, 3, 1, 10, 5, 0, 17, 12, 16, 32, 7, 26, 28, 36, 37]",1,0.0,0.0,0.0,0.0,0,11,1,0
smd,group23_evaluation,machine-3-7,treeshap_iforest,0,0,10609,10644,"[22, 15, 8, 33, 24, 29, 13, 25, 23, 6, 19, 14, 31, 34, 21, 2, 4, 11, 27, 30, 9, 18, 35, 20, 3, 1, 10, 5, 0, 17, 12, 16, 32, 7, 26, 28, 36, 37]",3,0.0,0.0,0.0,0.0,0,11,3,0
smd,group23_evaluation,machine-3-7,treeshap_iforest,0,0,10609,10644,"[22, 15, 8, 33, 24, 29, 13, 25, 23, 6, 19, 14, 31, 34, 21, 2, 4, 11, 27, 30, 9, 18, 35, 20, 3, 1, 10, 5, 0, 17, 12, 16, 32, 7, 26, 28, 36, 37]",5,0.0,0.0,0.0,0.0,0,11,5,0
smd,group23_evaluation,machine-3-7,treeshap_iforest,0,1,11491,11554,"[8, 33, 15, 13, 29, 22, 14, 34, 30, 24, 20, 3, 35, 25, 5, 23, 9, 18, 1, 4, 11, 19, 10, 6, 2, 0, 27, 31, 21, 17, 12, 32, 16, 7, 26, 28, 36, 37]",1,0.0,0.0,0.0,0.0,0,15,1,0
smd,group23_evaluation,machine-3-7,treeshap_iforest,0,1,11491,11554,"[8, 33, 15, 13, 29, 22, 14, 34, 30, 24, 20, 3, 35, 25, 5, 23, 9, 18, 1, 4, 11, 19, 10, 6, 2, 0, 27, 31, 21, 17, 12, 32, 16, 7, 26, 28, 36, 37]",3,0.3333333333333333,0.06666666666666667,0.1111111111111111,0.2960819109658652,1,15,3,1
smd,group23_evaluation,machine-3-7,treeshap_iforest,0,1,11491,11554,"[8, 33, 15, 13, 29, 22, 14, 34, 30, 24, 20, 3, 35, 25, 5, 23, 9, 18, 1, 4, 11, 19, 10, 6, 2, 0, 27, 31, 21, 17, 12, 32, 16, 7, 26, 28, 36, 37]",5,0.4,0.13333333333333333,0.2,0.34519134224686937,1,15,5,2
smd,group23_evaluation,machine-3-7,treeshap_iforest,0,2,14775,14793,"[6, 25, 22, 15, 23, 29, 31, 24, 33, 8, 13, 19, 14, 11, 27, 21, 3, 20, 9, 5, 1, 2, 35, 0, 30, 34, 4, 10, 18, 17, 12, 16, 32, 7, 26, 28, 36, 37]",1,0.0,0.0,0.0,0.0,0,11,1,0
smd,group23_evaluation,machine-3-7,treeshap_iforest,0,2,14775,14793,"[6, 25, 22, 15, 23, 29, 31, 24, 33, 8, 13, 19, 14, 11, 27, 21, 3, 20, 9, 5, 1, 2, 35, 0, 30, 34, 4, 10, 18, 17, 12, 16, 32, 7, 26, 28, 36, 37]",3,0.0,0.0,0.0,0.0,0,11,3,0
smd,group23_evaluation,machine-3-7,treeshap_iforest,0,2,14775,14793,"[6, 25, 22, 15, 23, 29, 31, 24, 33, 8, 13, 19, 14, 11, 27, 21, 3, 20, 9, 5, 1, 2, 35, 0, 30, 34, 4, 10, 18, 17, 12, 16, 32, 7, 26, 28, 36, 37]",5,0.0,0.0,0.0,0.0,0,11,5,0
smd,group23_evaluation,machine-3-7,treeshap_iforest,0,3,21201,21512,"[9, 29, 5, 11, 25, 10, 23, 6, 8, 15, 22, 13, 24, 34, 33, 3, 14, 1, 35, 27, 0, 19, 20, 18, 17, 30, 21, 2, 31, 12, 4, 16, 32, 7, 26, 28, 36, 37]",1,1.0,0.03571428571428571,0.0689655172413793,1.0,1,28,1,1
smd,group23_evaluation,machine-3-7,treeshap_iforest,0,3,21201,21512,"[9, 29, 5, 11, 25, 10, 23, 6, 8, 15, 22, 13, 24, 34, 33, 3, 14, 1, 35, 27, 0, 19, 20, 18, 17, 30, 21, 2, 31, 12, 4, 16, 32, 7, 26, 28, 36, 37]",3,1.0,0.10714285714285714,0.19354838709677416,1.0,1,28,3,3
smd,group23_evaluation,machine-3-7,treeshap_iforest,0,3,21201,21512,"[9, 29, 5, 11, 25, 10, 23, 6, 8, 15, 22, 13, 24, 34, 33, 3, 14, 1, 35, 27, 0, 19, 20, 18, 17, 30, 21, 2, 31, 12, 4, 16, 32, 7, 26, 28, 36, 37]",5,0.8,0.14285714285714285,0.24242424242424243,0.8687949224876582,1,28,5,4
smd,group23_evaluation,machine-3-7,treeshap_iforest,0,4,24579,24586,"[25, 23, 29, 5, 8, 15, 9, 13, 31, 11, 22, 10, 6, 33, 14, 21, 19, 20, 35, 30, 27, 34, 2, 24, 3, 1, 4, 12, 18, 0, 17, 16, 32, 7, 26, 28, 36, 37]",1,0.0,0.0,0.0,0.0,0,1,1,0
smd,group23_evaluation,machine-3-7,treeshap_iforest,0,4,24579,24586,"[25, 23, 29, 5, 8, 15, 9, 13, 31, 11, 22, 10, 6, 33, 14, 21, 19, 20, 35, 30, 27, 34, 2, 24, 3, 1, 4, 12, 18, 0, 17, 16, 32, 7, 26, 28, 36, 37]",3,0.0,0.0,0.0,0.0,0,1,3,0
smd,group23_evaluation,machine-3-7,treeshap_iforest,0,4,24579,24586,"[25, 23, 29, 5, 8, 15, 9, 13, 31, 11, 22, 10, 6, 33, 14, 21, 19, 20, 35, 30, 27, 34, 2, 24, 3, 1, 4, 12, 18, 0, 17, 16, 32, 7, 26, 28, 36, 37]",5,0.0,0.0,0.0,0.0,0,1,5,0
smd,group23_evaluation,machine-3-7,treeshap_iforest,1,0,10609,10644,"[24, 22, 15, 8, 29, 13, 14, 25, 23, 33, 5, 11, 31, 21, 2, 3, 6, 20, 4, 9, 1, 34, 27, 18, 30, 35, 0, 10, 19, 17, 32, 12, 16, 7, 26, 28, 36, 37]",1,0.0,0.0,0.0,0.0,0,11,1,0
smd,group23_evaluation,machine-3-7,treeshap_iforest,1,0,10609,10644,"[24, 22, 15, 8, 29, 13, 14, 25, 23, 33, 5, 11, 31, 21, 2, 3, 6, 20, 4, 9, 1, 34, 27, 18, 30, 35, 0, 10, 19, 17, 32, 12, 16, 7, 26, 28, 36, 37]",3,0.0,0.0,0.0,0.0,0,11,3,0
smd,group23_evaluation,machine-3-7,treeshap_iforest,1,0,10609,10644,"[24, 22, 15, 8, 29, 13, 14, 25, 23, 33, 5, 11, 31, 21, 2, 3, 6, 20, 4, 9, 1, 34, 27, 18, 30, 35, 0, 10, 19, 17, 32, 12, 16, 7, 26, 28, 36, 37]",5,0.2,0.09090909090909091,0.12500000000000003,0.13120507751234178,1,11,5,1
smd,group23_evaluation,machine-3-7,treeshap_iforest,1,1,11491,11554,"[8, 15, 27, 13, 24, 14, 29, 22, 33, 5, 18, 9, 25, 23, 2, 11, 20, 34, 0, 10, 4, 19, 35, 21, 6, 1, 30, 3, 31, 32, 17, 12, 16, 7, 26, 28, 36, 37]",1,0.0,0.0,0.0,0.0,0,15,1,0
smd,group23_evaluation,machine-3-7,treeshap_iforest,1,1,11491,11554,"[8, 15, 27, 13, 24, 14, 29, 22, 33, 5, 18, 9, 25, 23, 2, 11, 20, 34, 0, 10, 4, 19, 35, 21, 6, 1, 30, 3, 31, 32, 17, 12, 16, 7, 26, 28, 36, 37]",3,0.3333333333333333,0.06666666666666667,0.1111111111111111,0.23463936301137822,1,15,3,1
smd,group23_evaluation,machine-3-7,treeshap_iforest,1,1,11491,11554,"[8, 15, 27, 13, 24, 14, 29, 22, 33, 5, 18, 9, 25, 23, 2, 11, 20, 34, 0, 10, 4, 19, 35, 21, 6, 1, 30, 3, 31, 32, 17, 12, 16, 7, 26, 28, 36, 37]",5,0.2,0.06666666666666667,0.1,0.16958010263680806,1,15,5,1
smd,group23_evaluation,machine-3-7,treeshap_iforest,1,2,14775,14793,"[24, 6, 15, 22, 29, 25, 23, 8, 14, 13, 31, 3, 5, 11, 33, 18, 27, 2, 34, 1, 0, 21, 19, 35, 9, 20, 4, 30, 10, 17, 32, 12, 16, 7, 26, 28, 36, 37]",1,0.0,0.0,0.0,0.0,0,11,1,0
smd,group23_evaluation,machine-3-7,treeshap_iforest,1,2,14775,14793,"[24, 6, 15, 22, 29, 25, 23, 8, 14, 13, 31, 3, 5, 11, 33, 18, 27, 2, 34, 1, 0, 21, 19, 35, 9, 20, 4, 30, 10, 17, 32, 12, 16, 7, 26, 28, 36, 37]",3,0.0,0.0,0.0,0.0,0,11,3,0
smd,group23_evaluation,machine-3-7,treeshap_iforest,1,2,14775,14793,"[24, 6, 15, 22, 29, 25, 23, 8, 14, 13, 31, 3, 5, 11, 33, 18, 27, 2, 34, 1, 0, 21, 19, 35, 9, 20, 4, 30, 10, 17, 32, 12, 16, 7, 26, 28, 36, 37]",5,0.2,0.09090909090909091,0.12500000000000003,0.13120507751234178,1,11,5,1
smd,group23_evaluation,machine-3-7,treeshap_iforest,1,3,21201,21512,"[9, 5, 10, 23, 25, 29, 11, 24, 6, 8, 15, 22, 13, 14, 27, 21, 19, 33, 3, 1, 2, 18, 35, 30, 17, 34, 0, 20, 31, 12, 16, 4, 32, 7, 26, 28, 36, 37]",1,1.0,0.03571428571428571,0.0689655172413793,1.0,1,28,1,1
smd,group23_evaluation,machine-3-7,treeshap_iforest,1,3,21201,21512,"[9, 5, 10, 23, 25, 29, 11, 24, 6, 8, 15, 22, 13, 14, 27, 21, 19, 33, 3, 1, 2, 18, 35, 30, 17, 34, 0, 20, 31, 12, 16, 4, 32, 7, 26, 28, 36, 37]",3,1.0,0.10714285714285714,0.19354838709677416,1.0,1,28,3,3
smd,group23_evaluation,machine-3-7,treeshap_iforest,1,3,21201,21512,"[9, 5, 10, 23, 25, 29, 11, 24, 6, 8, 15, 22, 13, 14, 27, 21, 19, 33, 3, 1, 2, 18, 35, 30, 17, 34, 0, 20, 31, 12, 16, 4, 32, 7, 26, 28, 36, 37]",5,0.6,0.10714285714285714,0.18181818181818182,0.7227265726449519,1,28,5,3
smd,group23_evaluation,machine-3-7,treeshap_iforest,1,4,24579,24586,"[23, 5, 25, 29, 8, 9, 15, 13, 10, 24, 31, 11, 18, 27, 6, 14, 21, 22, 19, 34, 4, 35, 33, 0, 30, 2, 3, 1, 20, 12, 17, 32, 16, 7, 26, 28, 36, 37]",1,0.0,0.0,0.0,0.0,0,1,1,0
smd,group23_evaluation,machine-3-7,treeshap_iforest,1,4,24579,24586,"[23, 5, 25, 29, 8, 9, 15, 13, 10, 24, 31, 11, 18, 27, 6, 14, 21, 22, 19, 34, 4, 35, 33, 0, 30, 2, 3, 1, 20, 12, 17, 32, 16, 7, 26, 28, 36, 37]",3,0.0,0.0,0.0,0.0,0,1,3,0
smd,group23_evaluation,machine-3-7,treeshap_iforest,1,4,24579,24586,"[23, 5, 25, 29, 8, 9, 15, 13, 10, 24, 31, 11, 18, 27, 6, 14, 21, 22, 19, 34, 4, 35, 33, 0, 30, 2, 3, 1, 20, 12, 17, 32, 16, 7, 26, 28, 36, 37]",5,0.0,0.0,0.0,0.0,0,1,5,0
smd,group23_evaluation,machine-3-7,treeshap_iforest,2,0,10609,10644,"[22, 29, 24, 8, 15, 14, 33, 13, 25, 3, 23, 31, 11, 27, 1, 6, 0, 9, 35, 18, 4, 34, 20, 2, 21, 30, 5, 10, 19, 17, 32, 12, 16, 7, 26, 28, 36, 37]",1,0.0,0.0,0.0,0.0,0,11,1,0
smd,group23_evaluation,machine-3-7,treeshap_iforest,2,0,10609,10644,"[22, 29, 24, 8, 15, 14, 33, 13, 25, 3, 23, 31, 11, 27, 1, 6, 0, 9, 35, 18, 4, 34, 20, 2, 21, 30, 5, 10, 19, 17, 32, 12, 16, 7, 26, 28, 36, 37]",3,0.3333333333333333,0.09090909090909091,0.14285714285714288,0.2960819109658652,1,11,3,1
smd,group23_evaluation,machine-3-7,treeshap_iforest,2,0,10609,10644,"[22, 29, 24, 8, 15, 14, 33, 13, 25, 3, 23, 31, 11, 27, 1, 6, 0, 9, 35, 18, 4, 34, 20, 2, 21, 30, 5, 10, 19, 17, 32, 12, 16, 7, 26, 28, 36, 37]",5,0.2,0.09090909090909091,0.12500000000000003,0.21398626473452756,1,11,5,1
smd,group23_evaluation,machine-3-7,treeshap_iforest,2,1,11491,11554,"[29, 8, 15, 22, 14, 33, 13, 5, 24, 3, 1, 11, 9, 20, 27, 25, 23, 0, 30, 10, 21, 34, 2, 18, 19, 31, 35, 6, 4, 32, 17, 12, 16, 7, 26, 28, 36, 37]",1,1.0,0.06666666666666667,0.125,1.0,1,15,1,1
smd,group23_evaluation,machine-3-7,treeshap_iforest,2,1,11491,11554,"[29, 8, 15, 22, 14, 33, 13, 5, 24, 3, 1, 11, 9, 20, 27, 25, 23, 0, 30, 10, 21, 34, 2, 18, 19, 31, 35, 6, 4, 32, 17, 12, 16, 7, 26, 28, 36, 37]",3,0.3333333333333333,0.06666666666666667,0.1111111111111111,0.46927872602275644,1,15,3,1
smd,group23_evaluation,machine-3-7,treeshap_iforest,2,1,11491,11554,"[29, 8, 15, 22, 14, 33, 13, 5, 24, 3, 1, 11, 9, 20, 27, 25, 23, 0, 30, 10, 21, 34, 2, 18, 19, 31, 35, 6, 4, 32, 17, 12, 16, 7, 26, 28, 36, 37]",5,0.2,0.06666666666666667,0.1,0.3391602052736161,1,15,5,1
smd,group23_evaluation,machine-3-7,treeshap_iforest,2,2,14775,14793,"[29, 24, 22, 15, 31, 8, 6, 14, 25, 23, 27, 13, 5, 11, 33, 21, 1, 18, 19, 34, 35, 9, 3, 4, 2, 20, 10, 0, 30, 17, 32, 12, 16, 7, 26, 28, 36, 37]",1,1.0,0.09090909090909091,0.16666666666666669,1.0,1,11,1,1
smd,group23_evaluation,machine-3-7,treeshap_iforest,2,2,14775,14793,"[29, 24, 22, 15, 31, 8, 6, 14, 25, 23, 27, 13, 5, 11, 33, 21, 1, 18, 19, 34, 35, 9, 3, 4, 2, 20, 10, 0, 30, 17, 32, 12, 16, 7, 26, 28, 36, 37]",3,0.3333333333333333,0.09090909090909091,0.14285714285714288,0.46927872602275644,1,11,3,1
smd,group23_evaluation,machine-3-7,treeshap_iforest,2,2,14775,14793,"[29, 24, 22, 15, 31, 8, 6, 14, 25, 23, 27, 13, 5, 11, 33, 21, 1, 18, 19, 34, 35, 9, 3, 4, 2, 20, 10, 0, 30, 17, 32, 12, 16, 7, 26, 28, 36, 37]",5,0.4,0.18181818181818182,0.25000000000000006,0.4703652827859579,1,11,5,2
smd,group23_evaluation,machine-3-7,treeshap_iforest,2,3,21201,21512,"[9, 29, 11, 10, 5, 25, 23, 8, 6, 22, 15, 14, 13, 24, 33, 0, 30, 2, 3, 34, 35, 20, 18, 19, 27, 1, 31, 17, 21, 4, 12, 16, 32, 7, 26, 28, 36, 37]",1,1.0,0.03571428571428571,0.0689655172413793,1.0,1,28,1,1
smd,group23_evaluation,machine-3-7,treeshap_iforest,2,3,21201,21512,"[9, 29, 11, 10, 5, 25, 23, 8, 6, 22, 15, 14, 13, 24, 33, 0, 30, 2, 3, 34, 35, 20, 18, 19, 27, 1, 31, 17, 21, 4, 12, 16, 32, 7, 26, 28, 36, 37]",3,1.0,0.10714285714285714,0.19354838709677416,1.0,1,28,3,3
smd,group23_evaluation,machine-3-7,treeshap_iforest,2,3,21201,21512,"[9, 29, 11, 10, 5, 25, 23, 8, 6, 22, 15, 14, 13, 24, 33, 0, 30, 2, 3, 34, 35, 20, 18, 19, 27, 1, 31, 17, 21, 4, 12, 16, 32, 7, 26, 28, 36, 37]",5,1.0,0.17857142857142858,0.30303030303030304,1.0,1,28,5,5
smd,group23_evaluation,machine-3-7,treeshap_iforest,2,4,24579,24586,"[25, 23, 29, 5, 8, 9, 15, 31, 10, 11, 13, 21, 22, 27, 14, 20, 33, 6, 24, 35, 34, 0, 1, 19, 3, 30, 18, 2, 4, 12, 17, 32, 16, 7, 26, 28, 36, 37]",1,0.0,0.0,0.0,0.0,0,1,1,0
smd,group23_evaluation,machine-3-7,treeshap_iforest,2,4,24579,24586,"[25, 23, 29, 5, 8, 9, 15, 31, 10, 11, 13, 21, 22, 27, 14, 20, 33, 6, 24, 35, 34, 0, 1, 19, 3, 30, 18, 2, 4, 12, 17, 32, 16, 7, 26, 28, 36, 37]",3,0.0,0.0,0.0,0.0,0,1,3,0
smd,group23_evaluation,machine-3-7,treeshap_iforest,2,4,24579,24586,"[25, 23, 29, 5, 8, 9, 15, 31, 10, 11, 13, 21, 22, 27, 14, 20, 33, 6, 24, 35, 34, 0, 1, 19, 3, 30, 18, 2, 4, 12, 17, 32, 16, 7, 26, 28, 36, 37]",5,0.0,0.0,0.0,0.0,0,1,5,0
smd,group23_evaluation,machine-3-8,treeshap_iforest,0,0,15144,15266,"[30, 1, 18, 31, 19, 3, 21, 2, 27, 20, 0, 6, 5, 24, 8, 13, 12, 14, 35, 23, 34, 33, 15, 11, 9, 25, 10, 22, 29, 32, 4, 7, 16, 17, 26, 28, 36, 37]",1,1.0,0.08333333333333333,0.15384615384615385,1.0,1,12,1,1
smd,group23_evaluation,machine-3-8,treeshap_iforest,0,0,15144,15266,"[30, 1, 18, 31, 19, 3, 21, 2, 27, 20, 0, 6, 5, 24, 8, 13, 12, 14, 35, 23, 34, 33, 15, 11, 9, 25, 10, 22, 29, 32, 4, 7, 16, 17, 26, 28, 36, 37]",3,1.0,0.25,0.4,1.0,1,12,3,3
smd,group23_evaluation,machine-3-8,treeshap_iforest,0,0,15144,15266,"[30, 1, 18, 31, 19, 3, 21, 2, 27, 20, 0, 6, 5, 24, 8, 13, 12, 14, 35, 23, 34, 33, 15, 11, 9, 25, 10, 22, 29, 32, 4, 7, 16, 17, 26, 28, 36, 37]",5,0.8,0.3333333333333333,0.47058823529411764,0.8539316501572937,1,12,5,4
smd,group23_evaluation,machine-3-8,treeshap_iforest,0,1,15941,16514,"[30, 18, 31, 19, 3, 21, 27, 1, 2, 20, 6, 0, 5, 8, 13, 12, 14, 35, 9, 33, 24, 15, 11, 34, 23, 22, 25, 10, 29, 32, 4, 7, 16, 17, 26, 28, 36, 37]",1,1.0,0.09090909090909091,0.16666666666666669,1.0,1,11,1,1
smd,group23_evaluation,machine-3-8,treeshap_iforest,0,1,15941,16514,"[30, 18, 31, 19, 3, 21, 27, 1, 2, 20, 6, 0, 5, 8, 13, 12, 14, 35, 9, 33, 24, 15, 11, 34, 23, 22, 25, 10, 29, 32, 4, 7, 16, 17, 26, 28, 36, 37]",3,0.6666666666666666,0.18181818181818182,0.28571428571428575,0.7653606369886217,1,11,3,2
smd,group23_evaluation,machine-3-8,treeshap_iforest,0,1,15941,16514,"[30, 18, 31, 19, 3, 21, 27, 1, 2, 20, 6, 0, 5, 8, 13, 12, 14, 35, 9, 33, 24, 15, 11, 34, 23, 22, 25, 10, 29, 32, 4, 7, 16, 17, 26, 28, 36, 37]",5,0.8,0.36363636363636365,0.5000000000000001,0.830419897363192,1,11,5,4
smd,group23_evaluation,machine-3-8,treeshap_iforest,0,2,17063,17276,"[30, 1, 18, 31, 19, 3, 21, 2, 27, 6, 20, 0, 24, 5, 8, 14, 13, 12, 35, 23, 33, 15, 34, 25, 11, 22, 10, 9, 29, 32, 4, 7, 16, 17, 26, 28, 36, 37]",1,1.0,0.047619047619047616,0.0909090909090909,1.0,1,21,1,1
smd,group23_evaluation,machine-3-8,treeshap_iforest,0,2,17063,17276,"[30, 1, 18, 31, 19, 3, 21, 2, 27, 6, 20, 0, 24, 5, 8, 14, 13, 12, 35, 23, 33, 15, 34, 25, 11, 22, 10, 9, 29, 32, 4, 7, 16, 17, 26, 28, 36, 37]",3,1.0,0.14285714285714285,0.25,1.0,1,21,3,3
smd,group23_evaluation,machine-3-8,treeshap_iforest,0,2,17063,17276,"[30, 1, 18, 31, 19, 3, 21, 2, 27, 6, 20, 0, 24, 5, 8, 14, 13, 12, 35, 23, 33, 15, 34, 25, 11, 22, 10, 9, 29, 32, 4, 7, 16, 17, 26, 28, 36, 37]",5,1.0,0.23809523809523808,0.3846153846153846,1.0,1,21,5,5
smd,group23_evaluation,machine-3-8,treeshap_iforest,0,3,21405,21548,"[6, 5, 30, 31, 21, 20, 19, 0, 27, 9, 12, 18, 13, 3, 8, 2, 11, 14, 15, 22, 33, 1, 10, 35, 34, 25, 23, 24, 29, 32, 4, 7, 16, 17, 26, 28, 36, 37]",1,0.0,0.0,0.0,0.0,0,4,1,0
smd,group23_evaluation,machine-3-8,treeshap_iforest,0,3,21405,21548,"[6, 5, 30, 31, 21, 20, 19, 0, 27, 9, 12, 18, 13, 3, 8, 2, 11, 14, 15, 22, 33, 1, 10, 35, 34, 25, 23, 24, 29, 32, 4, 7, 16, 17, 26, 28, 36, 37]",3,0.0,0.0,0.0,0.0,0,4,3,0
smd,group23_evaluation,machine-3-8,treeshap_iforest,0,3,21405,21548,"[6, 5, 30, 31, 21, 20, 19, 0, 27, 9, 12, 18, 13, 3, 8, 2, 11, 14, 15, 22, 33, 1, 10, 35, 34, 25, 23, 24, 29, 32, 4, 7, 16, 17, 26, 28, 36, 37]",5,0.0,0.0,0.0,0.0,0,4,5,0
smd,group23_evaluation,machine-3-8,treeshap_iforest,0,4,23478,23781,"[6, 31, 30, 18, 3, 19, 21, 5, 27, 20, 2, 0, 1, 13, 12, 8, 14, 9, 24, 11, 15, 33, 22, 35, 10, 34, 25, 23, 29, 32, 4, 7, 16, 17, 26, 28, 36, 37]",1,0.0,0.0,0.0,0.0,0,5,1,0
smd,group23_evaluation,machine-3-8,treeshap_iforest,0,4,23478,23781,"[6, 31, 30, 18, 3, 19, 21, 5, 27, 20, 2, 0, 1, 13, 12, 8, 14, 9, 24, 11, 15, 33, 22, 35, 10, 34, 25, 23, 29, 32, 4, 7, 16, 17, 26, 28, 36, 37]",3,0.0,0.0,0.0,0.0,0,5,3,0
smd,group23_evaluation,machine-3-8,treeshap_iforest,0,4,23478,23781,"[6, 31, 30, 18, 3, 19, 21, 5, 27, 20, 2, 0, 1, 13, 12, 8, 14, 9, 24, 11, 15, 33, 22, 35, 10, 34, 25, 23, 29, 32, 4, 7, 16, 17, 26, 28, 36, 37]",5,0.0,0.0,0.0,0.0,0,5,5,0
smd,group23_evaluation,machine-3-8,treeshap_iforest,0,5,28253,28270,"[6, 9, 12, 5, 11, 8, 13, 14, 23, 25, 22, 33, 15, 34, 10, 0, 31, 2, 21, 3, 30, 18, 35, 1, 27, 20, 19, 24, 29, 32, 4, 7, 16, 17, 26, 28, 36, 37]",1,0.0,0.0,0.0,0.0,0,3,1,0
smd,group23_evaluation,machine-3-8,treeshap_iforest,0,5,28253,28270,"[6, 9, 12, 5, 11, 8, 13, 14, 23, 25, 22, 33, 15, 34, 10, 0, 31, 2, 21, 3, 30, 18, 35, 1, 27, 20, 19, 24, 29, 32, 4, 7, 16, 17, 26, 28, 36, 37]",3,0.6666666666666666,0.6666666666666666,0.6666666666666666,0.5307212739772434,1,3,3,2
smd,group23_evaluation,machine-3-8,treeshap_iforest,0,5,28253,28270,"[6, 9, 12, 5, 11, 8, 13, 14, 23, 25, 22, 33, 15, 34, 10, 0, 31, 2, 21, 3, 30, 18, 35, 1, 27, 20, 19, 24, 29, 32, 4, 7, 16, 17, 26, 28, 36, 37]",5,0.6,1.0,0.7499999999999999,0.7122630665145961,1,3,5,3
smd,group23_evaluation,machine-3-8,treeshap_iforest,1,0,15144,15266,"[27, 19, 1, 18, 21, 30, 2, 20, 31, 0, 3, 6, 24, 14, 5, 35, 8, 13, 12, 34, 15, 11, 10, 9, 33, 25, 22, 23, 29, 32, 4, 7, 16, 17, 26, 28, 36, 37]",1,1.0,0.08333333333333333,0.15384615384615385,1.0,1,12,1,1
smd,group23_evaluation,machine-3-8,treeshap_iforest,1,0,15144,15266,"[27, 19, 1, 18, 21, 30, 2, 20, 31, 0, 3, 6, 24, 14, 5, 35, 8, 13, 12, 34, 15, 11, 10, 9, 33, 25, 22, 23, 29, 32, 4, 7, 16, 17, 26, 28, 36, 37]",3,1.0,0.25,0.4,1.0,1,12,3,3
smd,group23_evaluation,machine-3-8,treeshap_iforest,1,0,15144,15266,"[27, 19, 1, 18, 21, 30, 2, 20, 31, 0, 3, 6, 24, 14, 5, 35, 8, 13, 12, 34, 15, 11, 10, 9, 33, 25, 22, 23, 29, 32, 4, 7, 16, 17, 26, 28, 36, 37]",5,1.0,0.4166666666666667,0.5882352941176471,1.0,1,12,5,5
smd,group23_evaluation,machine-3-8,treeshap_iforest,1,1,15941,16514,"[27, 19, 18, 21, 30, 20, 2, 31, 3, 1, 0, 6, 5, 14, 35, 8, 13, 33, 9, 24, 12, 11, 34, 15, 10, 22, 25, 23, 29, 32, 4, 7, 16, 17, 26, 28, 36, 37]",1,1.0,0.09090909090909091,0.16666666666666669,1.0,1,11,1,1
smd,group23_evaluation,machine-3-8,treeshap_iforest,1,1,15941,16514,"[27, 19, 18, 21, 30, 20, 2, 31, 3, 1, 0, 6, 5, 14, 35, 8, 13, 33, 9, 24, 12, 11, 34, 15, 10, 22, 25, 23, 29, 32, 4, 7, 16, 17, 26, 28, 36, 37]",3,1.0,0.2727272727272727,0.42857142857142855,1.0,1,11,3,3
smd,group23_evaluation,machine-3-8,treeshap_iforest,1,1,15941,16514,"[27, 19, 18, 21, 30, 20, 2, 31, 3, 1, 0, 6, 5, 14, 35, 8, 13, 33, 9, 24, 12, 11, 34, 15, 10, 22, 25, 23, 29, 32, 4, 7, 16, 17, 26, 28, 36, 37]",5,1.0,0.45454545454545453,0.625,1.0,1,11,5,5
smd,group23_evaluation,machine-3-8,treeshap_iforest,1,2,17063,17276,"[27, 19, 1, 18, 21, 30, 2, 20, 31, 3, 0, 6, 24, 5, 14, 35, 8, 13, 12, 33, 11, 34, 22, 15, 10, 25, 9, 23, 29, 32, 4, 7, 16, 17, 26, 28, 36, 37]",1,1.0,0.047619047619047616,0.0909090909090909,1.0,1,21,1,1
smd,group23_evaluation,machine-3-8,treeshap_iforest,1,2,17063,17276,"[27, 19, 1, 18, 21, 30, 2, 20, 31, 3, 0, 6, 24, 5, 14, 35, 8, 13, 12, 33, 11, 34, 22, 15, 10, 25, 9, 23, 29, 32, 4, 7, 16, 17, 26, 28, 36, 37]",3,1.0,0.14285714285714285,0.25,1.0,1,21,3,3
smd,group23_evaluation,machine-3-8,treeshap_iforest,1,2,17063,17276,"[27, 19, 1, 18, 21, 30, 2, 20, 31, 3, 0, 6, 24, 5, 14, 35, 8, 13, 12, 33, 11, 34, 22, 15, 10, 25, 9, 23, 29, 32, 4, 7, 16, 17, 26, 28, 36, 37]",5,1.0,0.23809523809523808,0.3846153846153846,1.0,1,21,5,5
smd,group23_evaluation,machine-3-8,treeshap_iforest,1,3,21405,21548,"[6, 18, 19, 27, 20, 21, 31, 0, 30, 9, 2, 5, 8, 3, 14, 12, 13, 11, 10, 15, 1, 22, 33, 34, 35, 25, 23, 24, 29, 32, 4, 7, 16, 17, 26, 28, 36, 37]",1,0.0,0.0,0.0,0.0,0,4,1,0
smd,group23_evaluation,machine-3-8,treeshap_iforest,1,3,21405,21548,"[6, 18, 19, 27, 20, 21, 31, 0, 30, 9, 2, 5, 8, 3, 14, 12, 13, 11, 10, 15, 1, 22, 33, 34, 35, 25, 23, 24, 29, 32, 4, 7, 16, 17, 26, 28, 36, 37]",3,0.0,0.0,0.0,0.0,0,4,3,0
smd,group23_evaluation,machine-3-8,treeshap_iforest,1,3,21405,21548,"[6, 18, 19, 27, 20, 21, 31, 0, 30, 9, 2, 5, 8, 3, 14, 12, 13, 11, 10, 15, 1, 22, 33, 34, 35, 25, 23, 24, 29, 32, 4, 7, 16, 17, 26, 28, 36, 37]",5,0.0,0.0,0.0,0.0,0,4,5,0
smd,group23_evaluation,machine-3-8,treeshap_iforest,1,4,23478,23781,"[31, 27, 6, 18, 19, 21, 20, 30, 2, 3, 0, 1, 14, 8, 5, 13, 12, 9, 11, 24, 33, 15, 10, 22, 34, 35, 25, 23, 29, 32, 4, 7, 16, 17, 26, 28, 36, 37]",1,0.0,0.0,0.0,0.0,0,5,1,0
smd,group23_evaluation,machine-3-8,treeshap_iforest,1,4,23478,23781,"[31, 27, 6, 18, 19, 21, 20, 30, 2, 3, 0, 1, 14, 8, 5, 13, 12, 9, 11, 24, 33, 15, 10, 22, 34, 35, 25, 23, 29, 32, 4, 7, 16, 17, 26, 28, 36, 37]",3,0.0,0.0,0.0,0.0,0,5,3,0
smd,group23_evaluation,machine-3-8,treeshap_iforest,1,4,23478,23781,"[31, 27, 6, 18, 19, 21, 20, 30, 2, 3, 0, 1, 14, 8, 5, 13, 12, 9, 11, 24, 33, 15, 10, 22, 34, 35, 25, 23, 29, 32, 4, 7, 16, 17, 26, 28, 36, 37]",5,0.0,0.0,0.0,0.0,0,5,5,0
smd,group23_evaluation,machine-3-8,treeshap_iforest,1,5,28253,28270,"[9, 6, 11, 12, 14, 8, 13, 23, 33, 25, 5, 22, 10, 27, 15, 2, 0, 18, 20, 19, 30, 35, 1, 31, 21, 34, 24, 3, 29, 32, 4, 7, 16, 17, 26, 28, 36, 37]",1,1.0,0.3333333333333333,0.5,1.0,1,3,1,1
smd,group23_evaluation,machine-3-8,treeshap_iforest,1,5,28253,28270,"[9, 6, 11, 12, 14, 8, 13, 23, 33, 25, 5, 22, 10, 27, 15, 2, 0, 18, 20, 19, 30, 35, 1, 31, 21, 34, 24, 3, 29, 32, 4, 7, 16, 17, 26, 28, 36, 37]",3,0.6666666666666666,0.6666666666666666,0.6666666666666666,0.7039180890341347,1,3,3,2
smd,group23_evaluation,machine-3-8,treeshap_iforest,1,5,28253,28270,"[9, 6, 11, 12, 14, 8, 13, 23, 33, 25, 5, 22, 10, 27, 15, 2, 0, 18, 20, 19, 30, 35, 1, 31, 21, 34, 24, 3, 29, 32, 4, 7, 16, 17, 26, 28, 36, 37]",5,0.6,1.0,0.7499999999999999,0.9060254355346823,1,3,5,3
smd,group23_evaluation,machine-3-8,treeshap_iforest,2,0,15144,15266,"[19, 1, 21, 27, 20, 18, 31, 30, 3, 0, 2, 6, 24, 34, 5, 12, 13, 35, 14, 8, 10, 9, 15, 33, 11, 23, 25, 22, 29, 32, 4, 7, 16, 17, 26, 28, 36, 37]",1,1.0,0.08333333333333333,0.15384615384615385,1.0,1,12,1,1
smd,group23_evaluation,machine-3-8,treeshap_iforest,2,0,15144,15266,"[19, 1, 21, 27, 20, 18, 31, 30, 3, 0, 2, 6, 24, 34, 5, 12, 13, 35, 14, 8, 10, 9, 15, 33, 11, 23, 25, 22, 29, 32, 4, 7, 16, 17, 26, 28, 36, 37]",3,1.0,0.25,0.4,1.0,1,12,3,3
smd,group23_evaluation,machine-3-8,treeshap_iforest,2,0,15144,15266,"[19, 1, 21, 27, 20, 18, 31, 30, 3, 0, 2, 6, 24, 34, 5, 12, 13, 35, 14, 8, 10, 9, 15, 33, 11, 23, 25, 22, 29, 32, 4, 7, 16, 17, 26, 28, 36, 37]",5,1.0,0.4166666666666667,0.5882352941176471,1.0,1,12,5,5
smd,group23_evaluation,machine-3-8,treeshap_iforest,2,1,15941,16514,"[19, 31, 27, 20, 21, 18, 30, 1, 3, 0, 6, 2, 5, 12, 14, 13, 9, 35, 8, 34, 24, 10, 33, 11, 22, 23, 15, 25, 29, 32, 4, 7, 16, 17, 26, 28, 36, 37]",1,1.0,0.09090909090909091,0.16666666666666669,1.0,1,11,1,1
smd,group23_evaluation,machine-3-8,treeshap_iforest,2,1,15941,16514,"[19, 31, 27, 20, 21, 18, 30, 1, 3, 0, 6, 2, 5, 12, 14, 13, 9, 35, 8, 34, 24, 10, 33, 11, 22, 23, 15, 25, 29, 32, 4, 7, 16, 17, 26, 28, 36, 37]",3,0.6666666666666666,0.18181818181818182,0.28571428571428575,0.7039180890341347,1,11,3,2
smd,group23_evaluation,machine-3-8,treeshap_iforest,2,1,15941,16514,"[19, 31, 27, 20, 21, 18, 30, 1, 3, 0, 6, 2, 5, 12, 14, 13, 9, 35, 8, 34, 24, 10, 33, 11, 22, 23, 15, 25, 29, 32, 4, 7, 16, 17, 26, 28, 36, 37]",5,0.8,0.36363636363636365,0.5000000000000001,0.7860137352654724,1,11,5,4
smd,group23_evaluation,machine-3-8,treeshap_iforest,2,2,17063,17276,"[19, 1, 27, 21, 31, 20, 18, 30, 3, 6, 0, 2, 24, 5, 12, 14, 34, 13, 35, 8, 10, 22, 11, 15, 33, 9, 25, 23, 29, 32, 4, 7, 16, 17, 26, 28, 36, 37]",1,1.0,0.047619047619047616,0.0909090909090909,1.0,1,21,1,1
smd,group23_evaluation,machine-3-8,treeshap_iforest,2,2,17063,17276,"[19, 1, 27, 21, 31, 20, 18, 30, 3, 6, 0, 2, 24, 5, 12, 14, 34, 13, 35, 8, 10, 22, 11, 15, 33, 9, 25, 23, 29, 32, 4, 7, 16, 17, 26, 28, 36, 37]",3,1.0,0.14285714285714285,0.25,1.0,1,21,3,3
smd,group23_evaluation,machine-3-8,treeshap_iforest,2,2,17063,17276,"[19, 1, 27, 21, 31, 20, 18, 30, 3, 6, 0, 2, 24, 5, 12, 14, 34, 13, 35, 8, 10, 22, 11, 15, 33, 9, 25, 23, 29, 32, 4, 7, 16, 17, 26, 28, 36, 37]",5,1.0,0.23809523809523808,0.3846153846153846,1.0,1,21,5,5
smd,group23_evaluation,machine-3-8,treeshap_iforest,2,3,21405,21548,"[6, 19, 31, 21, 18, 9, 20, 30, 27, 12, 0, 3, 2, 5, 8, 13, 14, 11, 15, 10, 1, 22, 33, 35, 23, 34, 24, 29, 25, 32, 4, 7, 16, 17, 26, 28, 36, 37]",1,0.0,0.0,0.0,0.0,0,4,1,0
smd,group23_evaluation,machine-3-8,treeshap_iforest,2,3,21405,21548,"[6, 19, 31, 21, 18, 9, 20, 30, 27, 12, 0, 3, 2, 5, 8, 13, 14, 11, 15, 10, 1, 22, 33, 35, 23, 34, 24, 29, 25, 32, 4, 7, 16, 17, 26, 28, 36, 37]",3,0.0,0.0,0.0,0.0,0,4,3,0
smd,group23_evaluation,machine-3-8,treeshap_iforest,2,3,21405,21548,"[6, 19, 31, 21, 18, 9, 20, 30, 27, 12, 0, 3, 2, 5, 8, 13, 14, 11, 15, 10, 1, 22, 33, 35, 23, 34, 24, 29, 25, 32, 4, 7, 16, 17, 26, 28, 36, 37]",5,0.0,0.0,0.0,0.0,0,4,5,0
smd,group23_evaluation,machine-3-8,treeshap_iforest,2,4,23478,23781,"[6, 31, 19, 27, 21, 18, 20, 30, 3, 2, 0, 1, 12, 13, 5, 9, 8, 14, 24, 11, 15, 10, 22, 33, 35, 34, 23, 25, 29, 32, 4, 7, 16, 17, 26, 28, 36, 37]",1,0.0,0.0,0.0,0.0,0,5,1,0
smd,group23_evaluation,machine-3-8,treeshap_iforest,2,4,23478,23781,"[6, 31, 19, 27, 21, 18, 20, 30, 3, 2, 0, 1, 12, 13, 5, 9, 8, 14, 24, 11, 15, 10, 22, 33, 35, 34, 23, 25, 29, 32, 4, 7, 16, 17, 26, 28, 36, 37]",3,0.0,0.0,0.0,0.0,0,5,3,0
smd,group23_evaluation,machine-3-8,treeshap_iforest,2,4,23478,23781,"[6, 31, 19, 27, 21, 18, 20, 30, 3, 2, 0, 1, 12, 13, 5, 9, 8, 14, 24, 11, 15, 10, 22, 33, 35, 34, 23, 25, 29, 32, 4, 7, 16, 17, 26, 28, 36, 37]",5,0.0,0.0,0.0,0.0,0,5,5,0
smd,group23_evaluation,machine-3-8,treeshap_iforest,2,5,28253,28270,"[6, 9, 12, 11, 8, 14, 13, 5, 23, 25, 33, 22, 10, 15, 0, 21, 20, 2, 18, 1, 31, 3, 30, 19, 27, 35, 34, 24, 29, 32, 4, 7, 16, 17, 26, 28, 36, 37]",1,0.0,0.0,0.0,0.0,0,3,1,0
smd,group23_evaluation,machine-3-8,treeshap_iforest,2,5,28253,28270,"[6, 9, 12, 11, 8, 14, 13, 5, 23, 25, 33, 22, 10, 15, 0, 21, 20, 2, 18, 1, 31, 3, 30, 19, 27, 35, 34, 24, 29, 32, 4, 7, 16, 17, 26, 28, 36, 37]",3,0.6666666666666666,0.6666666666666666,0.6666666666666666,0.5307212739772434,1,3,3,2
smd,group23_evaluation,machine-3-8,treeshap_iforest,2,5,28253,28270,"[6, 9, 12, 11, 8, 14, 13, 5, 23, 25, 33, 22, 10, 15, 0, 21, 20, 2, 18, 1, 31, 3, 30, 19, 27, 35, 34, 24, 29, 32, 4, 7, 16, 17, 26, 28, 36, 37]",5,0.6,1.0,0.7499999999999999,0.7328286204777911,1,3,5,3
smd,group23_evaluation,machine-3-9,treeshap_iforest,0,0,1199,1230,"[24, 30, 23, 34, 35, 9, 22, 18, 27, 25, 20, 0, 21, 31, 19, 1, 2, 10, 15, 3, 12, 11, 13, 8, 5, 14, 29, 33, 6, 32, 4, 7, 16, 17, 26, 28, 36, 37]",1,1.0,0.08333333333333333,0.15384615384615385,1.0,1,12,1,1
smd,group23_evaluation,machine-3-9,treeshap_iforest,0,0,1199,1230,"[24, 30, 23, 34, 35, 9, 22, 18, 27, 25, 20, 0, 21, 31, 19, 1, 2, 10, 15, 3, 12, 11, 13, 8, 5, 14, 29, 33, 6, 32, 4, 7, 16, 17, 26, 28, 36, 37]",3,1.0,0.25,0.4,1.0,1,12,3,3
smd,group23_evaluation,machine-3-9,treeshap_iforest,0,0,1199,1230,"[24, 30, 23, 34, 35, 9, 22, 18, 27, 25, 20, 0, 21, 31, 19, 1, 2, 10, 15, 3, 12, 11, 13, 8, 5, 14, 29, 33, 6, 32, 4, 7, 16, 17, 26, 28, 36, 37]",5,0.6,0.25,0.35294117647058826,0.7227265726449519,1,12,5,3
smd,group23_evaluation,machine-3-9,treeshap_iforest,0,1,5361,5487,"[23, 24, 33, 25, 34, 31, 22, 35, 10, 5, 1, 15, 14, 12, 13, 8, 3, 2, 29, 11, 19, 30, 9, 32, 27, 6, 21, 0, 18, 20, 4, 7, 16, 17, 26, 28, 36, 37]",1,0.0,0.0,0.0,0.0,0,3,1,0
smd,group23_evaluation,machine-3-9,treeshap_iforest,0,1,5361,5487,"[23, 24, 33, 25, 34, 31, 22, 35, 10, 5, 1, 15, 14, 12, 13, 8, 3, 2, 29, 11, 19, 30, 9, 32, 27, 6, 21, 0, 18, 20, 4, 7, 16, 17, 26, 28, 36, 37]",3,0.3333333333333333,0.3333333333333333,0.3333333333333333,0.23463936301137822,1,3,3,1
smd,group23_evaluation,machine-3-9,treeshap_iforest,0,1,5361,5487,"[23, 24, 33, 25, 34, 31, 22, 35, 10, 5, 1, 15, 14, 12, 13, 8, 3, 2, 29, 11, 19, 30, 9, 32, 27, 6, 21, 0, 18, 20, 4, 7, 16, 17, 26, 28, 36, 37]",5,0.2,0.3333333333333333,0.25,0.23463936301137822,1,3,5,1
smd,group23_evaluation,machine-3-9,treeshap_iforest,0,2,10662,10707,"[1, 23, 2, 18, 21, 19, 3, 0, 27, 25, 20, 30, 14, 8, 11, 12, 34, 35, 13, 31, 15, 5, 10, 9, 22, 29, 33, 6, 24, 32, 4, 7, 16, 17, 26, 28, 36, 37]",1,1.0,0.07692307692307693,0.14285714285714288,1.0,1,13,1,1
smd,group23_evaluation,machine-3-9,treeshap_iforest,0,2,10662,10707,"[1, 23, 2, 18, 21, 19, 3, 0, 27, 25, 20, 30, 14, 8, 11, 12, 34, 35, 13, 31, 15, 5, 10, 9, 22, 29, 33, 6, 24, 32, 4, 7, 16, 17, 26, 28, 36, 37]",3,0.6666666666666666,0.15384615384615385,0.25,0.7039180890341347,1,13,3,2
smd,group23_evaluation,machine-3-9,treeshap_iforest,0,2,10662,10707,"[1, 23, 2, 18, 21, 19, 3, 0, 27, 25, 20, 30, 14, 8, 11, 12, 34, 35, 13, 31, 15, 5, 10, 9, 22, 29, 33, 6, 24, 32, 4, 7, 16, 17, 26, 28, 36, 37]",5,0.8,0.3076923076923077,0.4444444444444444,0.7860137352654724,1,13,5,4
smd,group23_evaluation,machine-3-9,treeshap_iforest,0,3,27849,27950,"[34, 1, 23, 8, 11, 2, 19, 14, 12, 18, 21, 3, 27, 0, 13, 25, 20, 35, 30, 9, 22, 15, 10, 6, 31, 29, 33, 5, 24, 32, 4, 7, 16, 17, 26, 28, 36, 37]",1,1.0,0.0625,0.11764705882352941,1.0,1,16,1,1
smd,group23_evaluation,machine-3-9,treeshap_iforest,0,3,27849,27950,"[34, 1, 23, 8, 11, 2, 19, 14, 12, 18, 21, 3, 27, 0, 13, 25, 20, 35, 30, 9, 22, 15, 10, 6, 31, 29, 33, 5, 24, 32, 4, 7, 16, 17, 26, 28, 36, 37]",3,0.6666666666666666,0.125,0.21052631578947367,0.7653606369886217,1,16,3,2
smd,group23_evaluation,machine-3-9,treeshap_iforest,0,3,27849,27950,"[34, 1, 23, 8, 11, 2, 19, 14, 12, 18, 21, 3, 27, 0, 13, 25, 20, 35, 30, 9, 22, 15, 10, 6, 31, 29, 33, 5, 24, 32, 4, 7, 16, 17, 26, 28, 36, 37]",5,0.4,0.125,0.19047619047619047,0.5531464700081437,1,16,5,2
smd,group23_evaluation,machine-3-9,treeshap_iforest,1,0,1199,1230,"[24, 25, 19, 27, 23, 18, 20, 9, 21, 0, 22, 2, 30, 34, 15, 35, 3, 10, 13, 1, 31, 11, 29, 14, 12, 8, 32, 33, 6, 5, 4, 7, 16, 17, 26, 28, 36, 37]",1,1.0,0.08333333333333333,0.15384615384615385,1.0,1,12,1,1
smd,group23_evaluation,machine-3-9,treeshap_iforest,1,0,1199,1230,"[24, 25, 19, 27, 23, 18, 20, 9, 21, 0, 22, 2, 30, 34, 15, 35, 3, 10, 13, 1, 31, 11, 29, 14, 12, 8, 32, 33, 6, 5, 4, 7, 16, 17, 26, 28, 36, 37]",3,1.0,0.25,0.4,1.0,1,12,3,3
smd,group23_evaluation,machine-3-9,treeshap_iforest,1,0,1199,1230,"[24, 25, 19, 27, 23, 18, 20, 9, 21, 0, 22, 2, 30, 34, 15, 35, 3, 10, 13, 1, 31, 11, 29, 14, 12, 8, 32, 33, 6, 5, 4, 7, 16, 17, 26, 28, 36, 37]",5,1.0,0.4166666666666667,0.5882352941176471,1.0,1,12,5,5
smd,group23_evaluation,machine-3-9,treeshap_iforest,1,1,5361,5487,"[24, 23, 25, 22, 34, 33, 31, 35, 15, 10, 11, 2, 14, 29, 0, 12, 1, 8, 3, 13, 18, 19, 20, 9, 30, 32, 27, 21, 5, 6, 4, 7, 16, 17, 26, 28, 36, 37]",1,0.0,0.0,0.0,0.0,0,3,1,0
smd,group23_evaluation,machine-3-9,treeshap_iforest,1,1,5361,5487,"[24, 23, 25, 22, 34, 33, 31, 35, 15, 10, 11, 2, 14, 29, 0, 12, 1, 8, 3, 13, 18, 19, 20, 9, 30, 32, 27, 21, 5, 6, 4, 7, 16, 17, 26, 28, 36, 37]",3,0.0,0.0,0.0,0.0,0,3,3,0
smd,group23_evaluation,machine-3-9,treeshap_iforest,1,1,5361,5487,"[24, 23, 25, 22, 34, 33, 31, 35, 15, 10, 11, 2, 14, 29, 0, 12, 1, 8, 3, 13, 18, 19, 20, 9, 30, 32, 27, 21, 5, 6, 4, 7, 16, 17, 26, 28, 36, 37]",5,0.0,0.0,0.0,0.0,0,3,5,0
smd,group23_evaluation,machine-3-9,treeshap_iforest,1,2,10662,10707,"[19, 23, 21, 2, 3, 30, 20, 1, 18, 25, 27, 0, 11, 12, 14, 8, 34, 15, 35, 13, 9, 10, 31, 29, 6, 22, 33, 24, 5, 32, 4, 7, 16, 17, 26, 28, 36, 37]",1,1.0,0.07692307692307693,0.14285714285714288,1.0,1,13,1,1
smd,group23_evaluation,machine-3-9,treeshap_iforest,1,2,10662,10707,"[19, 23, 21, 2, 3, 30, 20, 1, 18, 25, 27, 0, 11, 12, 14, 8, 34, 15, 35, 13, 9, 10, 31, 29, 6, 22, 33, 24, 5, 32, 4, 7, 16, 17, 26, 28, 36, 37]",3,0.6666666666666666,0.15384615384615385,0.25,0.7039180890341347,1,13,3,2
smd,group23_evaluation,machine-3-9,treeshap_iforest,1,2,10662,10707,"[19, 23, 21, 2, 3, 30, 20, 1, 18, 25, 27, 0, 11, 12, 14, 8, 34, 15, 35, 13, 9, 10, 31, 29, 6, 22, 33, 24, 5, 32, 4, 7, 16, 17, 26, 28, 36, 37]",5,0.8,0.3076923076923077,0.4444444444444444,0.7860137352654724,1,13,5,4
smd,group23_evaluation,machine-3-9,treeshap_iforest,1,3,27849,27950,"[34, 35, 19, 11, 2, 21, 12, 20, 3, 1, 30, 23, 18, 0, 14, 25, 27, 8, 13, 9, 22, 6, 15, 10, 33, 29, 24, 5, 31, 32, 4, 7, 16, 17, 26, 28, 36, 37]",1,1.0,0.0625,0.11764705882352941,1.0,1,16,1,1
smd,group23_evaluation,machine-3-9,treeshap_iforest,1,3,27849,27950,"[34, 35, 19, 11, 2, 21, 12, 20, 3, 1, 30, 23, 18, 0, 14, 25, 27, 8, 13, 9, 22, 6, 15, 10, 33, 29, 24, 5, 31, 32, 4, 7, 16, 17, 26, 28, 36, 37]",3,1.0,0.1875,0.3157894736842105,1.0,1,16,3,3
smd,group23_evaluation,machine-3-9,treeshap_iforest,1,3,27849,27950,"[34, 35, 19, 11, 2, 21, 12, 20, 3, 1, 30, 23, 18, 0, 14, 25, 27, 8, 13, 9, 22, 6, 15, 10, 33, 29, 24, 5, 31, 32, 4, 7, 16, 17, 26, 28, 36, 37]",5,0.8,0.25,0.38095238095238093,0.8539316501572937,1,16,5,4
smd,group23_evaluation,machine-3-9,treeshap_iforest,2,0,1199,1230,"[24, 27, 25, 21, 34, 23, 9, 19, 18, 30, 2, 1, 35, 3, 31, 0, 20, 22, 10, 15, 12, 29, 8, 11, 14, 33, 6, 32, 13, 5, 4, 7, 16, 17, 26, 28, 36, 37]",1,1.0,0.08333333333333333,0.15384615384615385,1.0,1,12,1,1
smd,group23_evaluation,machine-3-9,treeshap_iforest,2,0,1199,1230,"[24, 27, 25, 21, 34, 23, 9, 19, 18, 30, 2, 1, 35, 3, 31, 0, 20, 22, 10, 15, 12, 29, 8, 11, 14, 33, 6, 32, 13, 5, 4, 7, 16, 17, 26, 28, 36, 37]",3,1.0,0.25,0.4,1.0,1,12,3,3
smd,group23_evaluation,machine-3-9,treeshap_iforest,2,0,1199,1230,"[24, 27, 25, 21, 34, 23, 9, 19, 18, 30, 2, 1, 35, 3, 31, 0, 20, 22, 10, 15, 12, 29, 8, 11, 14, 33, 6, 32, 13, 5, 4, 7, 16, 17, 26, 28, 36, 37]",5,0.8,0.3333333333333333,0.47058823529411764,0.8687949224876582,1,12,5,4
smd,group23_evaluation,machine-3-9,treeshap_iforest,2,1,5361,5487,"[24, 23, 25, 31, 33, 35, 34, 22, 10, 15, 1, 14, 12, 29, 13, 21, 8, 3, 11, 6, 5, 20, 9, 19, 0, 32, 30, 2, 27, 18, 4, 7, 16, 17, 26, 28, 36, 37]",1,0.0,0.0,0.0,0.0,0,3,1,0
smd,group23_evaluation,machine-3-9,treeshap_iforest,2,1,5361,5487,"[24, 23, 25, 31, 33, 35, 34, 22, 10, 15, 1, 14, 12, 29, 13, 21, 8, 3, 11, 6, 5, 20, 9, 19, 0, 32, 30, 2, 27, 18, 4, 7, 16, 17, 26, 28, 36, 37]",3,0.0,0.0,0.0,0.0,0,3,3,0
smd,group23_evaluation,machine-3-9,treeshap_iforest,2,1,5361,5487,"[24, 23, 25, 31, 33, 35, 34, 22, 10, 15, 1, 14, 12, 29, 13, 21, 8, 3, 11, 6, 5, 20, 9, 19, 0, 32, 30, 2, 27, 18, 4, 7, 16, 17, 26, 28, 36, 37]",5,0.2,0.3333333333333333,0.25,0.18154179253735267,1,3,5,1
smd,group23_evaluation,machine-3-9,treeshap_iforest,2,2,10662,10707,"[25, 21, 23, 18, 1, 3, 19, 27, 2, 0, 30, 20, 14, 12, 8, 13, 35, 9, 10, 34, 11, 15, 31, 29, 33, 22, 5, 24, 6, 32, 4, 7, 16, 17, 26, 28, 36, 37]",1,0.0,0.0,0.0,0.0,0,13,1,0
smd,group23_evaluation,machine-3-9,treeshap_iforest,2,2,10662,10707,"[25, 21, 23, 18, 1, 3, 19, 27, 2, 0, 30, 20, 14, 12, 8, 13, 35, 9, 10, 34, 11, 15, 31, 29, 33, 22, 5, 24, 6, 32, 4, 7, 16, 17, 26, 28, 36, 37]",3,0.3333333333333333,0.07692307692307693,0.125,0.2960819109658652,1,13,3,1
smd,group23_evaluation,machine-3-9,treeshap_iforest,2,2,10662,10707,"[25, 21, 23, 18, 1, 3, 19, 27, 2, 0, 30, 20, 14, 12, 8, 13, 35, 9, 10, 34, 11, 15, 31, 29, 33, 22, 5, 24, 6, 32, 4, 7, 16, 17, 26, 28, 36, 37]",5,0.6,0.23076923076923078,0.33333333333333337,0.4912596920895758,1,13,5,3
smd,group23_evaluation,machine-3-9,treeshap_iforest,2,3,27849,27950,"[12, 21, 25, 34, 8, 23, 1, 14, 18, 11, 13, 35, 19, 3, 2, 27, 0, 9, 30, 20, 22, 15, 10, 33, 29, 6, 31, 5, 24, 32, 4, 7, 16, 17, 26, 28, 36, 37]",1,0.0,0.0,0.0,0.0,0,16,1,0
smd,group23_evaluation,machine-3-9,treeshap_iforest,2,3,27849,27950,"[12, 21, 25, 34, 8, 23, 1, 14, 18, 11, 13, 35, 19, 3, 2, 27, 0, 9, 30, 20, 22, 15, 10, 33, 29, 6, 31, 5, 24, 32, 4, 7, 16, 17, 26, 28, 36, 37]",3,0.3333333333333333,0.0625,0.10526315789473684,0.2960819109658652,1,16,3,1
smd,group23_evaluation,machine-3-9,treeshap_iforest,2,3,27849,27950,"[12, 21, 25, 34, 8, 23, 1, 14, 18, 11, 13, 35, 19, 3, 2, 27, 0, 9, 30, 20, 22, 15, 10, 33, 29, 6, 31, 5, 24, 32, 4, 7, 16, 17, 26, 28, 36, 37]",5,0.4,0.125,0.19047619047619047,0.36005461457723403,1,16,5,2
