dataset,split,item,event_id,start,end,method,seed,rank,k,precision,recall,f1,ndcg,hit,n_true,n_pred,inter
smd,group1_development,machine-1-1,0,15849,16368,robust_z,-1,"[9, 0, 29, 24, 31, 35, 34, 30, 21, 27, 20, 19, 3, 2, 18, 1, 5, 10, 15, 28, 25, 23, 13, 8, 22, 12, 14, 11, 33, 32, 6, 4, 7, 16, 17, 26, 36, 37]",1,1.0,0.14285714285714285,0.25,1.0,1,7,1,1
smd,group1_development,machine-1-1,0,15849,16368,robust_z,-1,"[9, 0, 29, 24, 31, 35, 34, 30, 21, 27, 20, 19, 3, 2, 18, 1, 5, 10, 15, 28, 25, 23, 13, 8, 22, 12, 14, 11, 33, 32, 6, 4, 7, 16, 17, 26, 36, 37]",3,0.6666666666666666,0.2857142857142857,0.4,0.7653606369886217,1,7,3,2
smd,group1_development,machine-1-1,0,15849,16368,robust_z,-1,"[9, 0, 29, 24, 31, 35, 34, 30, 21, 27, 20, 19, 3, 2, 18, 1, 5, 10, 15, 28, 25, 23, 13, 8, 22, 12, 14, 11, 33, 32, 6, 4, 7, 16, 17, 26, 36, 37]",5,0.4,0.2857142857142857,0.3333333333333333,0.5531464700081437,1,7,5,2
smd,group1_development,machine-1-1,0,15849,16368,pca_q,-1,"[28, 29, 22, 11, 24, 23, 25, 12, 31, 14, 8, 33, 18, 35, 34, 13, 15, 10, 3, 32, 1, 30, 2, 21, 6, 19, 0, 20, 27, 9, 5, 4, 7, 16, 17, 26, 36, 37]",1,0.0,0.0,0.0,0.0,0,7,1,0
smd,group1_development,machine-1-1,0,15849,16368,pca_q,-1,"[28, 29, 22, 11, 24, 23, 25, 12, 31, 14, 8, 33, 18, 35, 34, 13, 15, 10, 3, 32, 1, 30, 2, 21, 6, 19, 0, 20, 27, 9, 5, 4, 7, 16, 17, 26, 36, 37]",3,0.0,0.0,0.0,0.0,0,7,3,0
smd,group1_development,machine-1-1,0,15849,16368,pca_q,-1,"[28, 29, 22, 11, 24, 23, 25, 12, 31, 14, 8, 33, 18, 35, 34, 13, 15, 10, 3, 32, 1, 30, 2, 21, 6, 19, 0, 20, 27, 9, 5, 4, 7, 16, 17, 26, 36, 37]",5,0.2,0.14285714285714285,0.16666666666666666,0.14606834984270645,1,7,5,1
smd,group1_development,machine-1-1,0,15849,16368,baro_robust_scorer,-1,"[9, 12, 33, 29, 8, 14, 24, 31, 18, 11, 21, 30, 20, 27, 19, 0, 3, 35, 34, 2, 25, 10, 13, 15, 23, 1, 6, 5, 22, 32]",1,1.0,0.14285714285714285,0.25,1.0,1,7,1,1
smd,group1_development,machine-1-1,0,15849,16368,baro_robust_scorer,-1,"[9, 12, 33, 29, 8, 14, 24, 31, 18, 11, 21, 30, 20, 27, 19, 0, 3, 35, 34, 2, 25, 10, 13, 15, 23, 1, 6, 5, 22, 32]",3,0.6666666666666666,0.2857142857142857,0.4,0.7653606369886217,1,7,3,2
smd,group1_development,machine-1-1,0,15849,16368,baro_robust_scorer,-1,"[9, 12, 33, 29, 8, 14, 24, 31, 18, 11, 21, 30, 20, 27, 19, 0, 3, 35, 34, 2, 25, 10, 13, 15, 23, 1, 6, 5, 22, 32]",5,0.6,0.42857142857142855,0.5,0.6843515475204855,1,7,5,3
smd,group1_development,machine-1-1,1,16963,17517,robust_z,-1,"[28, 26, 33, 32, 9, 29, 24, 0, 31, 35, 34, 30, 21, 27, 20, 3, 19, 2, 1, 25, 23, 18, 5, 10, 15, 8, 13, 12, 22, 11, 14, 6, 4, 7, 16, 17, 36, 37]",1,1.0,0.03225806451612903,0.0625,1.0,1,31,1,1
smd,group1_development,machine-1-1,1,16963,17517,robust_z,-1,"[28, 26, 33, 32, 9, 29, 24, 0, 31, 35, 34, 30, 21, 27, 20, 3, 19, 2, 1, 25, 23, 18, 5, 10, 15, 8, 13, 12, 22, 11, 14, 6, 4, 7, 16, 17, 36, 37]",3,1.0,0.0967741935483871,0.17647058823529413,1.0,1,31,3,3
smd,group1_development,machine-1-1,1,16963,17517,robust_z,-1,"[28, 26, 33, 32, 9, 29, 24, 0, 31, 35, 34, 30, 21, 27, 20, 3, 19, 2, 1, 25, 23, 18, 5, 10, 15, 8, 13, 12, 22, 11, 14, 6, 4, 7, 16, 17, 36, 37]",5,1.0,0.16129032258064516,0.27777777777777773,1.0,1,31,5,5
smd,group1_development,machine-1-1,1,16963,17517,pca_q,-1,"[28, 26, 33, 32, 29, 25, 23, 0, 22, 24, 18, 11, 14, 12, 20, 8, 5, 31, 35, 34, 3, 19, 13, 27, 2, 21, 30, 1, 9, 15, 10, 6, 4, 7, 16, 17, 36, 37]",1,1.0,0.03225806451612903,0.0625,1.0,1,31,1,1
smd,group1_development,machine-1-1,1,16963,17517,pca_q,-1,"[28, 26, 33, 32, 29, 25, 23, 0, 22, 24, 18, 11, 14, 12, 20, 8, 5, 31, 35, 34, 3, 19, 13, 27, 2, 21, 30, 1, 9, 15, 10, 6, 4, 7, 16, 17, 36, 37]",3,1.0,0.0967741935483871,0.17647058823529413,1.0,1,31,3,3
smd,group1_development,machine-1-1,1,16963,17517,pca_q,-1,"[28, 26, 33, 32, 29, 25, 23, 0, 22, 24, 18, 11, 14, 12, 20, 8, 5, 31, 35, 34, 3, 19, 13, 27, 2, 21, 30, 1, 9, 15, 10, 6, 4, 7, 16, 17, 36, 37]",5,1.0,0.16129032258064516,0.27777777777777773,1.0,1,31,5,5
smd,group1_development,machine-1-1,1,16963,17517,baro_robust_scorer,-1,"[33, 9, 29, 25, 23, 6, 12, 8, 24, 31, 13, 30, 34, 35, 27, 21, 11, 18, 19, 20, 10, 15, 3, 2, 0, 1, 14, 5, 32, 22]",1,1.0,0.03225806451612903,0.0625,1.0,1,31,1,1
smd,group1_development,machine-1-1,1,16963,17517,baro_robust_scorer,-1,"[33, 9, 29, 25, 23, 6, 12, 8, 24, 31, 13, 30, 34, 35, 27, 21, 11, 18, 19, 20, 10, 15, 3, 2, 0, 1, 14, 5, 32, 22]",3,1.0,0.0967741935483871,0.17647058823529413,1.0,1,31,3,3
smd,group1_development,machine-1-1,1,16963,17517,baro_robust_scorer,-1,"[33, 9, 29, 25, 23, 6, 12, 8, 24, 31, 13, 30, 34, 35, 27, 21, 11, 18, 19, 20, 10, 15, 3, 2, 0, 1, 14, 5, 32, 22]",5,1.0,0.16129032258064516,0.27777777777777773,1.0,1,31,5,5
smd,group1_development,machine-1-1,2,18071,18528,robust_z,-1,"[9, 28, 0, 29, 24, 35, 34, 31, 30, 21, 27, 20, 19, 3, 2, 33, 1, 18, 5, 10, 15, 25, 23, 12, 13, 8, 22, 11, 14, 32, 6, 4, 7, 16, 17, 26, 36, 37]",1,1.0,0.125,0.2222222222222222,1.0,1,8,1,1
smd,group1_development,machine-1-1,2,18071,18528,robust_z,-1,"[9, 28, 0, 29, 24, 35, 34, 31, 30, 21, 27, 20, 19, 3, 2, 33, 1, 18, 5, 10, 15, 25, 23, 12, 13, 8, 22, 11, 14, 32, 6, 4, 7, 16, 17, 26, 36, 37]",3,0.6666666666666666,0.25,0.36363636363636365,0.7039180890341347,1,8,3,2
smd,group1_development,machine-1-1,2,18071,18528,robust_z,-1,"[9, 28, 0, 29, 24, 35, 34, 31, 30, 21, 27, 20, 19, 3, 2, 33, 1, 18, 5, 10, 15, 25, 23, 12, 13, 8, 22, 11, 14, 32, 6, 4, 7, 16, 17, 26, 36, 37]",5,0.4,0.25,0.3076923076923077,0.5087403079104241,1,8,5,2
smd,group1_development,machine-1-1,2,18071,18528,pca_q,-1,"[28, 33, 29, 22, 11, 24, 23, 25, 12, 8, 14, 18, 31, 13, 32, 35, 34, 3, 15, 10, 2, 1, 30, 20, 0, 21, 6, 19, 27, 9, 5, 4, 7, 16, 17, 26, 36, 37]",1,0.0,0.0,0.0,0.0,0,8,1,0
smd,group1_development,machine-1-1,2,18071,18528,pca_q,-1,"[28, 33, 29, 22, 11, 24, 23, 25, 12, 8, 14, 18, 31, 13, 32, 35, 34, 3, 15, 10, 2, 1, 30, 20, 0, 21, 6, 19, 27, 9, 5, 4, 7, 16, 17, 26, 36, 37]",3,0.0,0.0,0.0,0.0,0,8,3,0
smd,group1_development,machine-1-1,2,18071,18528,pca_q,-1,"[28, 33, 29, 22, 11, 24, 23, 25, 12, 8, 14, 18, 31, 13, 32, 35, 34, 3, 15, 10, 2, 1, 30, 20, 0, 21, 6, 19, 27, 9, 5, 4, 7, 16, 17, 26, 36, 37]",5,0.2,0.125,0.15384615384615385,0.13120507751234178,1,8,5,1
smd,group1_development,machine-1-1,2,18071,18528,baro_robust_scorer,-1,"[9, 33, 8, 29, 13, 12, 31, 24, 30, 27, 21, 0, 15, 10, 20, 14, 34, 35, 11, 3, 19, 2, 18, 25, 23, 1, 6, 5, 32, 22]",1,1.0,0.125,0.2222222222222222,1.0,1,8,1,1
smd,group1_development,machine-1-1,2,18071,18528,baro_robust_scorer,-1,"[9, 33, 8, 29, 13, 12, 31, 24, 30, 27, 21, 0, 15, 10, 20, 14, 34, 35, 11, 3, 19, 2, 18, 25, 23, 1, 6, 5, 32, 22]",3,0.6666666666666666,0.25,0.36363636363636365,0.7039180890341347,1,8,3,2
smd,group1_development,machine-1-1,2,18071,18528,baro_robust_scorer,-1,"[9, 33, 8, 29, 13, 12, 31, 24, 30, 27, 21, 0, 15, 10, 20, 14, 34, 35, 11, 3, 19, 2, 18, 25, 23, 1, 6, 5, 32, 22]",5,0.6,0.375,0.4615384615384615,0.639945385422766,1,8,5,3
smd,group1_development,machine-1-1,3,19367,20088,robust_z,-1,"[9, 28, 29, 0, 24, 31, 35, 34, 30, 21, 27, 20, 19, 3, 2, 18, 1, 5, 33, 10, 15, 25, 23, 8, 13, 22, 12, 14, 11, 32, 6, 4, 7, 16, 17, 26, 36, 37]",1,1.0,0.07142857142857142,0.13333333333333333,1.0,1,14,1,1
smd,group1_development,machine-1-1,3,19367,20088,robust_z,-1,"[9, 28, 29, 0, 24, 31, 35, 34, 30, 21, 27, 20, 19, 3, 2, 18, 1, 5, 33, 10, 15, 25, 23, 8, 13, 22, 12, 14, 11, 32, 6, 4, 7, 16, 17, 26, 36, 37]",3,0.3333333333333333,0.07142857142857142,0.11764705882352941,0.46927872602275644,1,14,3,1
smd,group1_development,machine-1-1,3,19367,20088,robust_z,-1,"[9, 28, 29, 0, 24, 31, 35, 34, 30, 21, 27, 20, 19, 3, 2, 18, 1, 5, 33, 10, 15, 25, 23, 8, 13, 22, 12, 14, 11, 32, 6, 4, 7, 16, 17, 26, 36, 37]",5,0.6,0.21428571428571427,0.3157894736842105,0.6164336326286644,1,14,5,3
smd,group1_development,machine-1-1,3,19367,20088,pca_q,-1,"[28, 29, 33, 22, 24, 11, 23, 25, 12, 8, 31, 18, 14, 13, 35, 34, 3, 15, 10, 32, 2, 1, 20, 0, 30, 19, 6, 21, 27, 9, 5, 4, 7, 16, 17, 26, 36, 37]",1,0.0,0.0,0.0,0.0,0,14,1,0
smd,group1_development,machine-1-1,3,19367,20088,pca_q,-1,"[28, 29, 33, 22, 24, 11, 23, 25, 12, 8, 31, 18, 14, 13, 35, 34, 3, 15, 10, 32, 2, 1, 20, 0, 30, 19, 6, 21, 27, 9, 5, 4, 7, 16, 17, 26, 36, 37]",3,0.0,0.0,0.0,0.0,0,14,3,0
smd,group1_development,machine-1-1,3,19367,20088,pca_q,-1,"[28, 29, 33, 22, 24, 11, 23, 25, 12, 8, 31, 18, 14, 13, 35, 34, 3, 15, 10, 32, 2, 1, 20, 0, 30, 19, 6, 21, 27, 9, 5, 4, 7, 16, 17, 26, 36, 37]",5,0.2,0.07142857142857142,0.10526315789473682,0.13120507751234178,1,14,5,1
smd,group1_development,machine-1-1,3,19367,20088,baro_robust_scorer,-1,"[9, 33, 8, 31, 24, 12, 13, 30, 0, 21, 27, 3, 20, 2, 19, 35, 34, 10, 15, 11, 1, 18, 25, 14, 23, 5, 6, 22, 29, 32]",1,1.0,0.07142857142857142,0.13333333333333333,1.0,1,14,1,1
smd,group1_development,machine-1-1,3,19367,20088,baro_robust_scorer,-1,"[9, 33, 8, 31, 24, 12, 13, 30, 0, 21, 27, 3, 20, 2, 19, 35, 34, 10, 15, 11, 1, 18, 25, 14, 23, 5, 6, 22, 29, 32]",3,0.6666666666666666,0.14285714285714285,0.23529411764705882,0.7039180890341347,1,14,3,2
smd,group1_development,machine-1-1,3,19367,20088,baro_robust_scorer,-1,"[9, 33, 8, 31, 24, 12, 13, 30, 0, 21, 27, 3, 20, 2, 19, 35, 34, 10, 15, 11, 1, 18, 25, 14, 23, 5, 6, 22, 29, 32]",5,0.6,0.21428571428571427,0.3157894736842105,0.639945385422766,1,14,5,3
smd,group1_development,machine-1-1,4,20786,21195,robust_z,-1,"[9, 29, 0, 24, 35, 34, 31, 30, 21, 27, 20, 19, 3, 2, 5, 1, 18, 10, 15, 12, 8, 13, 11, 25, 22, 23, 6, 14, 33, 32, 4, 7, 16, 17, 26, 28, 36, 37]",1,1.0,0.14285714285714285,0.25,1.0,1,7,1,1
smd,group1_development,machine-1-1,4,20786,21195,robust_z,-1,"[9, 29, 0, 24, 35, 34, 31, 30, 21, 27, 20, 19, 3, 2, 5, 1, 18, 10, 15, 12, 8, 13, 11, 25, 22, 23, 6, 14, 33, 32, 4, 7, 16, 17, 26, 28, 36, 37]",3,0.6666666666666666,0.2857142857142857,0.4,0.7039180890341347,1,7,3,2
smd,group1_development,machine-1-1,4,20786,21195,robust_z,-1,"[9, 29, 0, 24, 35, 34, 31, 30, 21, 27, 20, 19, 3, 2, 5, 1, 18, 10, 15, 12, 8, 13, 11, 25, 22, 23, 6, 14, 33, 32, 4, 7, 16, 17, 26, 28, 36, 37]",5,0.4,0.2857142857142857,0.3333333333333333,0.5087403079104241,1,7,5,2
smd,group1_development,machine-1-1,4,20786,21195,pca_q,-1,"[29, 11, 22, 8, 12, 23, 25, 13, 15, 24, 10, 14, 18, 31, 35, 34, 1, 6, 0, 32, 2, 33, 19, 30, 20, 3, 21, 27, 5, 9, 4, 7, 16, 17, 26, 28, 36, 37]",1,0.0,0.0,0.0,0.0,0,7,1,0
smd,group1_development,machine-1-1,4,20786,21195,pca_q,-1,"[29, 11, 22, 8, 12, 23, 25, 13, 15, 24, 10, 14, 18, 31, 35, 34, 1, 6, 0, 32, 2, 33, 19, 30, 20, 3, 21, 27, 5, 9, 4, 7, 16, 17, 26, 28, 36, 37]",3,0.3333333333333333,0.14285714285714285,0.2,0.2960819109658652,1,7,3,1
smd,group1_development,machine-1-1,4,20786,21195,pca_q,-1,"[29, 11, 22, 8, 12, 23, 25, 13, 15, 24, 10, 14, 18, 31, 35, 34, 1, 6, 0, 32, 2, 33, 19, 30, 20, 3, 21, 27, 5, 9, 4, 7, 16, 17, 26, 28, 36, 37]",5,0.6,0.42857142857142855,0.5,0.4912596920895758,1,7,5,3
smd,group1_development,machine-1-1,4,20786,21195,baro_robust_scorer,-1,"[9, 8, 12, 13, 11, 29, 14, 10, 15, 24, 31, 33, 21, 30, 20, 0, 18, 27, 25, 23, 19, 1, 2, 3, 34, 35, 5, 32, 6, 22]",1,1.0,0.14285714285714285,0.25,1.0,1,7,1,1
smd,group1_development,machine-1-1,4,20786,21195,baro_robust_scorer,-1,"[9, 8, 12, 13, 11, 29, 14, 10, 15, 24, 31, 33, 21, 30, 20, 0, 18, 27, 25, 23, 19, 1, 2, 3, 34, 35, 5, 32, 6, 22]",3,1.0,0.42857142857142855,0.6,1.0,1,7,3,3
smd,group1_development,machine-1-1,4,20786,21195,baro_robust_scorer,-1,"[9, 8, 12, 13, 11, 29, 14, 10, 15, 24, 31, 33, 21, 30, 20, 0, 18, 27, 25, 23, 19, 1, 2, 3, 34, 35, 5, 32, 6, 22]",5,1.0,0.7142857142857143,0.8333333333333333,1.0,1,7,5,5
smd,group1_development,machine-1-1,5,24679,24682,robust_z,-1,"[8, 13, 12, 29, 14, 9, 5, 11, 0, 15, 10, 35, 34, 31, 33, 30, 21, 27, 20, 19, 1, 22, 3, 6, 24, 18, 23, 25, 2, 4, 7, 16, 17, 26, 28, 32, 36, 37]",1,1.0,0.25,0.4,1.0,1,4,1,1
smd,group1_development,machine-1-1,5,24679,24682,robust_z,-1,"[8, 13, 12, 29, 14, 9, 5, 11, 0, 15, 10, 35, 34, 31, 33, 30, 21, 27, 20, 19, 1, 22, 3, 6, 24, 18, 23, 25, 2, 4, 7, 16, 17, 26, 28, 32, 36, 37]",3,1.0,0.75,0.8571428571428571,1.0,1,4,3,3
smd,group1_development,machine-1-1,5,24679,24682,robust_z,-1,"[8, 13, 12, 29, 14, 9, 5, 11, 0, 15, 10, 35, 34, 31, 33, 30, 21, 27, 20, 19, 1, 22, 3, 6, 24, 18, 23, 25, 2, 4, 7, 16, 17, 26, 28, 32, 36, 37]",5,0.8,1.0,0.888888888888889,0.9828920819566879,1,4,5,4
smd,group1_development,machine-1-1,5,24679,24682,pca_q,-1,"[8, 13, 12, 29, 14, 30, 27, 21, 24, 20, 35, 34, 19, 18, 31, 22, 3, 2, 11, 23, 25, 1, 0, 15, 10, 32, 33, 9, 6, 5, 4, 7, 16, 17, 26, 28, 36, 37]",1,1.0,0.25,0.4,1.0,1,4,1,1
smd,group1_development,machine-1-1,5,24679,24682,pca_q,-1,"[8, 13, 12, 29, 14, 30, 27, 21, 24, 20, 35, 34, 19, 18, 31, 22, 3, 2, 11, 23, 25, 1, 0, 15, 10, 32, 33, 9, 6, 5, 4, 7, 16, 17, 26, 28, 36, 37]",3,1.0,0.75,0.8571428571428571,1.0,1,4,3,3
smd,group1_development,machine-1-1,5,24679,24682,pca_q,-1,"[8, 13, 12, 29, 14, 30, 27, 21, 24, 20, 35, 34, 19, 18, 31, 22, 3, 2, 11, 23, 25, 1, 0, 15, 10, 32, 33, 9, 6, 5, 4, 7, 16, 17, 26, 28, 36, 37]",5,0.8,1.0,0.888888888888889,0.9828920819566879,1,4,5,4
smd,group1_development,machine-1-1,5,24679,24682,baro_robust_scorer,-1,"[12, 13, 8, 9, 15, 10, 22, 18, 33, 11, 14, 31, 3, 19, 25, 23, 2, 24, 21, 30, 27, 20, 1, 34, 35, 6]",1,1.0,0.25,0.4,1.0,1,4,1,1
smd,group1_development,machine-1-1,5,24679,24682,baro_robust_scorer,-1,"[12, 13, 8, 9, 15, 10, 22, 18, 33, 11, 14, 31, 3, 19, 25, 23, 2, 24, 21, 30, 27, 20, 1, 34, 35, 6]",3,1.0,0.75,0.8571428571428571,1.0,1,4,3,3
smd,group1_development,machine-1-1,5,24679,24682,baro_robust_scorer,-1,"[12, 13, 8, 9, 15, 10, 22, 18, 33, 11, 14, 31, 3, 19, 25, 23, 2, 24, 21, 30, 27, 20, 1, 34, 35, 6]",5,0.6,0.75,0.6666666666666665,0.8318724637288826,1,4,5,3
smd,group1_development,machine-1-1,6,26114,26116,robust_z,-1,"[8, 29, 13, 12, 14, 15, 10, 5, 11, 31, 9, 34, 35, 2, 3, 30, 21, 24, 27, 20, 19, 32, 0, 1, 22, 33, 23, 25, 18, 6, 4, 7, 16, 17, 26, 28, 36, 37]",1,1.0,0.25,0.4,1.0,1,4,1,1
smd,group1_development,machine-1-1,6,26114,26116,robust_z,-1,"[8, 29, 13, 12, 14, 15, 10, 5, 11, 31, 9, 34, 35, 2, 3, 30, 21, 24, 27, 20, 19, 32, 0, 1, 22, 33, 23, 25, 18, 6, 4, 7, 16, 17, 26, 28, 36, 37]",3,0.6666666666666666,0.5,0.5714285714285715,0.7039180890341347,1,4,3,2
smd,group1_development,machine-1-1,6,26114,26116,robust_z,-1,"[8, 29, 13, 12, 14, 15, 10, 5, 11, 31, 9, 34, 35, 2, 3, 30, 21, 24, 27, 20, 19, 32, 0, 1, 22, 33, 23, 25, 18, 6, 4, 7, 16, 17, 26, 28, 36, 37]",5,0.8,1.0,0.888888888888889,0.9047172294870751,1,4,5,4
smd,group1_development,machine-1-1,6,26114,26116,pca_q,-1,"[8, 13, 29, 12, 14, 15, 10, 27, 30, 20, 21, 35, 34, 18, 19, 24, 31, 3, 11, 22, 25, 23, 2, 1, 0, 32, 33, 9, 6, 5, 4, 7, 16, 17, 26, 28, 36, 37]",1,1.0,0.25,0.4,1.0,1,4,1,1
smd,group1_development,machine-1-1,6,26114,26116,pca_q,-1,"[8, 13, 29, 12, 14, 15, 10, 27, 30, 20, 21, 35, 34, 18, 19, 24, 31, 3, 11, 22, 25, 23, 2, 1, 0, 32, 33, 9, 6, 5, 4, 7, 16, 17, 26, 28, 36, 37]",3,0.6666666666666666,0.5,0.5714285714285715,0.7653606369886217,1,4,3,2
smd,group1_development,machine-1-1,6,26114,26116,pca_q,-1,"[8, 13, 29, 12, 14, 15, 10, 27, 30, 20, 21, 35, 34, 18, 19, 24, 31, 3, 11, 22, 25, 23, 2, 1, 0, 32, 33, 9, 6, 5, 4, 7, 16, 17, 26, 28, 36, 37]",5,0.8,1.0,0.888888888888889,0.9558295932317544,1,4,5,4
smd,group1_development,machine-1-1,6,26114,26116,baro_robust_scorer,-1,"[21, 20, 30, 27, 31, 15, 34, 35, 14, 10, 11, 19, 33, 23, 25, 8, 12, 6, 5, 13, 22, 18, 1]",1,0.0,0.0,0.0,0.0,0,4,1,0
smd,group1_development,machine-1-1,6,26114,26116,baro_robust_scorer,-1,"[21, 20, 30, 27, 31, 15, 34, 35, 14, 10, 11, 19, 33, 23, 25, 8, 12, 6, 5, 13, 22, 18, 1]",3,0.0,0.0,0.0,0.0,0,4,3,0
smd,group1_development,machine-1-1,6,26114,26116,baro_robust_scorer,-1,"[21, 20, 30, 27, 31, 15, 34, 35, 14, 10, 11, 19, 33, 23, 25, 8, 12, 6, 5, 13, 22, 18, 1]",5,0.0,0.0,0.0,0.0,0,4,5,0
smd,group1_development,machine-1-1,7,27554,27556,robust_z,-1,"[8, 13, 29, 12, 14, 0, 15, 10, 35, 34, 11, 3, 19, 30, 31, 27, 21, 20, 2, 1, 5, 24, 9, 18, 22, 6, 25, 23, 4, 7, 16, 17, 26, 28, 32, 33, 36, 37]",1,1.0,0.25,0.4,1.0,1,4,1,1
smd,group1_development,machine-1-1,7,27554,27556,robust_z,-1,"[8, 13, 29, 12, 14, 0, 15, 10, 35, 34, 11, 3, 19, 30, 31, 27, 21, 20, 2, 1, 5, 24, 9, 18, 22, 6, 25, 23, 4, 7, 16, 17, 26, 28, 32, 33, 36, 37]",3,0.6666666666666666,0.5,0.5714285714285715,0.7653606369886217,1,4,3,2
smd,group1_development,machine-1-1,7,27554,27556,robust_z,-1,"[8, 13, 29, 12, 14, 0, 15, 10, 35, 34, 11, 3, 19, 30, 31, 27, 21, 20, 2, 1, 5, 24, 9, 18, 22, 6, 25, 23, 4, 7, 16, 17, 26, 28, 32, 33, 36, 37]",5,0.8,1.0,0.888888888888889,0.9558295932317544,1,4,5,4
smd,group1_development,machine-1-1,7,27554,27556,pca_q,-1,"[8, 13, 29, 12, 14, 24, 30, 20, 27, 21, 31, 10, 15, 18, 35, 34, 19, 22, 23, 25, 11, 2, 3, 0, 32, 1, 9, 33, 6, 5, 4, 7, 16, 17, 26, 28, 36, 37]",1,1.0,0.25,0.4,1.0,1,4,1,1
smd,group1_development,machine-1-1,7,27554,27556,pca_q,-1,"[8, 13, 29, 12, 14, 24, 30, 20, 27, 21, 31, 10, 15, 18, 35, 34, 19, 22, 23, 25, 11, 2, 3, 0, 32, 1, 9, 33, 6, 5, 4, 7, 16, 17, 26, 28, 36, 37]",3,0.6666666666666666,0.5,0.5714285714285715,0.7653606369886217,1,4,3,2
smd,group1_development,machine-1-1,7,27554,27556,pca_q,-1,"[8, 13, 29, 12, 14, 24, 30, 20, 27, 21, 31, 10, 15, 18, 35, 34, 19, 22, 23, 25, 11, 2, 3, 0, 32, 1, 9, 33, 6, 5, 4, 7, 16, 17, 26, 28, 36, 37]",5,0.8,1.0,0.888888888888889,0.9558295932317544,1,4,5,4
smd,group1_development,machine-1-1,7,27554,27556,baro_robust_scorer,-1,"[15, 10, 0, 6, 11, 14, 12, 31, 8, 13, 19, 18, 5, 27, 20, 3, 30, 2, 21, 24, 1, 22, 23, 25]",1,0.0,0.0,0.0,0.0,0,4,1,0
smd,group1_development,machine-1-1,7,27554,27556,baro_robust_scorer,-1,"[15, 10, 0, 6, 11, 14, 12, 31, 8, 13, 19, 18, 5, 27, 20, 3, 30, 2, 21, 24, 1, 22, 23, 25]",3,0.0,0.0,0.0,0.0,0,4,3,0
smd,group1_development,machine-1-1,7,27554,27556,baro_robust_scorer,-1,"[15, 10, 0, 6, 11, 14, 12, 31, 8, 13, 19, 18, 5, 27, 20, 3, 30, 2, 21, 24, 1, 22, 23, 25]",5,0.0,0.0,0.0,0.0,0,4,5,0
smd,group1_development,machine-1-2,0,4629,4688,robust_z,-1,"[12, 24, 10, 31, 34, 35, 17, 9, 16, 8, 11, 25, 23, 14, 6, 18, 20, 19, 33, 5, 13, 15, 27, 0, 3, 22, 1, 2, 30, 21, 32, 4, 7, 26, 28, 29, 36, 37]",1,1.0,0.16666666666666666,0.2857142857142857,1.0,1,6,1,1
smd,group1_development,machine-1-2,0,4629,4688,robust_z,-1,"[12, 24, 10, 31, 34, 35, 17, 9, 16, 8, 11, 25, 23, 14, 6, 18, 20, 19, 33, 5, 13, 15, 27, 0, 3, 22, 1, 2, 30, 21, 32, 4, 7, 26, 28, 29, 36, 37]",3,0.6666666666666666,0.3333333333333333,0.4444444444444444,0.7039180890341347,1,6,3,2
smd,group1_development,machine-1-2,0,4629,4688,robust_z,-1,"[12, 24, 10, 31, 34, 35, 17, 9, 16, 8, 11, 25, 23, 14, 6, 18, 20, 19, 33, 5, 13, 15, 27, 0, 3, 22, 1, 2, 30, 21, 32, 4, 7, 26, 28, 29, 36, 37]",5,0.4,0.3333333333333333,0.3636363636363636,0.5087403079104241,1,6,5,2
smd,group1_development,machine-1-2,0,4629,4688,pca_q,-1,"[17, 10, 34, 35, 16, 9, 31, 8, 12, 24, 29, 14, 25, 23, 18, 20, 11, 13, 27, 6, 1, 19, 33, 0, 15, 5, 21, 30, 2, 3, 22, 32, 4, 7, 26, 28, 36, 37]",1,1.0,0.16666666666666666,0.2857142857142857,1.0,1,6,1,1
smd,group1_development,machine-1-2,0,4629,4688,pca_q,-1,"[17, 10, 34, 35, 16, 9, 31, 8, 12, 24, 29, 14, 25, 23, 18, 20, 11, 13, 27, 6, 1, 19, 33, 0, 15, 5, 21, 30, 2, 3, 22, 32, 4, 7, 26, 28, 36, 37]",3,0.6666666666666666,0.3333333333333333,0.4444444444444444,0.7653606369886217,1,6,3,2
smd,group1_development,machine-1-2,0,4629,4688,pca_q,-1,"[17, 10, 34, 35, 16, 9, 31, 8, 12, 24, 29, 14, 25, 23, 18, 20, 11, 13, 27, 6, 1, 19, 33, 0, 15, 5, 21, 30, 2, 3, 22, 32, 4, 7, 26, 28, 36, 37]",5,0.4,0.3333333333333333,0.3636363636363636,0.5531464700081437,1,6,5,2
smd,group1_development,machine-1-2,0,4629,4688,baro_robust_scorer,-1,"[10, 8, 18, 9, 20, 14, 0, 19, 27, 21, 30, 15, 1, 23, 25, 13, 11, 33, 3, 6, 2, 22, 5, 32, 12, 24, 31]",1,1.0,0.16666666666666666,0.2857142857142857,1.0,1,6,1,1
smd,group1_development,machine-1-2,0,4629,4688,baro_robust_scorer,-1,"[10, 8, 18, 9, 20, 14, 0, 19, 27, 21, 30, 15, 1, 23, 25, 13, 11, 33, 3, 6, 2, 22, 5, 32, 12, 24, 31]",3,0.6666666666666666,0.3333333333333333,0.4444444444444444,0.7653606369886217,1,6,3,2
smd,group1_development,machine-1-2,0,4629,4688,baro_robust_scorer,-1,"[10, 8, 18, 9, 20, 14, 0, 19, 27, 21, 30, 15, 1, 23, 25, 13, 11, 33, 3, 6, 2, 22, 5, 32, 12, 24, 31]",5,0.6,0.5,0.5454545454545454,0.6992148198508501,1,6,5,3
smd,group1_development,machine-1-2,1,5486,5491,robust_z,-1,"[24, 17, 31, 12, 10, 9, 8, 13, 11, 33, 19, 6, 25, 23, 5, 3, 14, 18, 2, 0, 1, 20, 27, 30, 22, 21, 15, 4, 32, 7, 16, 26, 28, 29, 34, 35, 36, 37]",1,0.0,0.0,0.0,0.0,0,1,1,0
smd,group1_development,machine-1-2,1,5486,5491,robust_z,-1,"[24, 17, 31, 12, 10, 9, 8, 13, 11, 33, 19, 6, 25, 23, 5, 3, 14, 18, 2, 0, 1, 20, 27, 30, 22, 21, 15, 4, 32, 7, 16, 26, 28, 29, 34, 35, 36, 37]",3,0.3333333333333333,1.0,0.5,0.6309297535714575,1,1,3,1
smd,group1_development,machine-1-2,1,5486,5491,robust_z,-1,"[24, 17, 31, 12, 10, 9, 8, 13, 11, 33, 19, 6, 25, 23, 5, 3, 14, 18, 2, 0, 1, 20, 27, 30, 22, 21, 15, 4, 32, 7, 16, 26, 28, 29, 34, 35, 36, 37]",5,0.2,1.0,0.33333333333333337,0.6309297535714575,1,1,5,1
smd,group1_development,machine-1-2,1,5486,5491,pca_q,-1,"[17, 34, 35, 10, 24, 12, 31, 29, 9, 16, 8, 13, 25, 23, 33, 19, 6, 11, 14, 18, 20, 5, 27, 21, 32, 30, 1, 3, 2, 0, 15, 22, 4, 7, 26, 28, 36, 37]",1,1.0,1.0,1.0,1.0,1,1,1,1
smd,group1_development,machine-1-2,1,5486,5491,pca_q,-1,"[17, 34, 35, 10, 24, 12, 31, 29, 9, 16, 8, 13, 25, 23, 33, 19, 6, 11, 14, 18, 20, 5, 27, 21, 32, 30, 1, 3, 2, 0, 15, 22, 4, 7, 26, 28, 36, 37]",3,0.3333333333333333,1.0,0.5,1.0,1,1,3,1
smd,group1_development,machine-1-2,1,5486,5491,pca_q,-1,"[17, 34, 35, 10, 24, 12, 31, 29, 9, 16, 8, 13, 25, 23, 33, 19, 6, 11, 14, 18, 20, 5, 27, 21, 32, 30, 1, 3, 2, 0, 15, 22, 4, 7, 26, 28, 36, 37]",5,0.2,1.0,0.33333333333333337,1.0,1,1,5,1
smd,group1_development,machine-1-2,1,5486,5491,baro_robust_scorer,-1,"[9, 6, 5, 11, 14, 33, 0, 15, 1, 18, 27, 20, 2, 13, 3, 25, 30, 17, 19, 21, 32, 24, 23, 10, 8, 22]",1,0.0,0.0,0.0,0.0,0,1,1,0
smd,group1_development,machine-1-2,1,5486,5491,baro_robust_scorer,-1,"[9, 6, 5, 11, 14, 33, 0, 15, 1, 18, 27, 20, 2, 13, 3, 25, 30, 17, 19, 21, 32, 24, 23, 10, 8, 22]",3,0.0,0.0,0.0,0.0,0,1,3,0
smd,group1_development,machine-1-2,1,5486,5491,baro_robust_scorer,-1,"[9, 6, 5, 11, 14, 33, 0, 15, 1, 18, 27, 20, 2, 13, 3, 25, 30, 17, 19, 21, 32, 24, 23, 10, 8, 22]",5,0.0,0.0,0.0,0.0,0,1,5,0
smd,group1_development,machine-1-2,2,5875,5951,robust_z,-1,"[12, 24, 34, 35, 31, 17, 10, 9, 16, 8, 11, 25, 23, 14, 6, 33, 5, 19, 13, 27, 4, 1, 15, 20, 30, 21, 18, 0, 22, 2, 3, 32, 7, 26, 28, 29, 36, 37]",1,1.0,0.07142857142857142,0.13333333333333333,1.0,1,14,1,1
smd,group1_development,machine-1-2,2,5875,5951,robust_z,-1,"[12, 24, 34, 35, 31, 17, 10, 9, 16, 8, 11, 25, 23, 14, 6, 33, 5, 19, 13, 27, 4, 1, 15, 20, 30, 21, 18, 0, 22, 2, 3, 32, 7, 26, 28, 29, 36, 37]",3,1.0,0.21428571428571427,0.35294117647058826,1.0,1,14,3,3
smd,group1_development,machine-1-2,2,5875,5951,robust_z,-1,"[12, 24, 34, 35, 31, 17, 10, 9, 16, 8, 11, 25, 23, 14, 6, 33, 5, 19, 13, 27, 4, 1, 15, 20, 30, 21, 18, 0, 22, 2, 3, 32, 7, 26, 28, 29, 36, 37]",5,1.0,0.35714285714285715,0.5263157894736842,1.0,1,14,5,5
smd,group1_development,machine-1-2,2,5875,5951,pca_q,-1,"[17, 34, 35, 10, 31, 9, 24, 12, 16, 29, 8, 14, 25, 23, 11, 13, 33, 19, 18, 6, 20, 1, 5, 27, 0, 15, 30, 21, 4, 2, 22, 32, 3, 7, 26, 28, 36, 37]",1,1.0,0.07142857142857142,0.13333333333333333,1.0,1,14,1,1
smd,group1_development,machine-1-2,2,5875,5951,pca_q,-1,"[17, 34, 35, 10, 31, 9, 24, 12, 16, 29, 8, 14, 25, 23, 11, 13, 33, 19, 18, 6, 20, 1, 5, 27, 0, 15, 30, 21, 4, 2, 22, 32, 3, 7, 26, 28, 36, 37]",3,1.0,0.21428571428571427,0.35294117647058826,1.0,1,14,3,3
smd,group1_development,machine-1-2,2,5875,5951,pca_q,-1,"[17, 34, 35, 10, 31, 9, 24, 12, 16, 29, 8, 14, 25, 23, 11, 13, 33, 19, 18, 6, 20, 1, 5, 27, 0, 15, 30, 21, 4, 2, 22, 32, 3, 7, 26, 28, 36, 37]",5,1.0,0.35714285714285715,0.5263157894736842,1.0,1,14,5,5
smd,group1_development,machine-1-2,2,5875,5951,baro_robust_scorer,-1,"[8, 9, 25, 23, 12, 10, 33, 14, 13, 19, 1, 5, 11, 18, 6, 20, 32, 30, 21, 22, 27, 2, 0, 15, 24, 31, 34, 35, 17, 3, 4]",1,0.0,0.0,0.0,0.0,0,14,1,0
smd,group1_development,machine-1-2,2,5875,5951,baro_robust_scorer,-1,"[8, 9, 25, 23, 12, 10, 33, 14, 13, 19, 1, 5, 11, 18, 6, 20, 32, 30, 21, 22, 27, 2, 0, 15, 24, 31, 34, 35, 17, 3, 4]",3,0.6666666666666666,0.14285714285714285,0.23529411764705882,0.5307212739772434,1,14,3,2
smd,group1_development,machine-1-2,2,5875,5951,baro_robust_scorer,-1,"[8, 9, 25, 23, 12, 10, 33, 14, 13, 19, 1, 5, 11, 18, 6, 20, 32, 30, 21, 22, 27, 2, 0, 15, 24, 31, 34, 35, 17, 3, 4]",5,0.8,0.2857142857142857,0.4210526315789473,0.6608397947263839,1,14,5,4
smd,group1_development,machine-1-2,3,15415,15418,robust_z,-1,"[24, 17, 31, 10, 9, 6, 33, 13, 5, 11, 1, 2, 0, 3, 8, 19, 22, 4, 15, 14, 25, 30, 23, 21, 27, 20, 18, 7, 12, 16, 26, 28, 29, 32, 34, 35, 36, 37]",1,0.0,0.0,0.0,0.0,0,1,1,0
smd,group1_development,machine-1-2,3,15415,15418,robust_z,-1,"[24, 17, 31, 10, 9, 6, 33, 13, 5, 11, 1, 2, 0, 3, 8, 19, 22, 4, 15, 14, 25, 30, 23, 21, 27, 20, 18, 7, 12, 16, 26, 28, 29, 32, 34, 35, 36, 37]",3,0.3333333333333333,1.0,0.5,0.6309297535714575,1,1,3,1
smd,group1_development,machine-1-2,3,15415,15418,robust_z,-1,"[24, 17, 31, 10, 9, 6, 33, 13, 5, 11, 1, 2, 0, 3, 8, 19, 22, 4, 15, 14, 25, 30, 23, 21, 27, 20, 18, 7, 12, 16, 26, 28, 29, 32, 34, 35, 36, 37]",5,0.2,1.0,0.33333333333333337,0.6309297535714575,1,1,5,1
smd,group1_development,machine-1-2,3,15415,15418,pca_q,-1,"[17, 34, 35, 24, 12, 31, 10, 29, 16, 9, 25, 13, 23, 33, 6, 8, 18, 5, 20, 1, 19, 3, 2, 0, 11, 27, 22, 15, 32, 14, 21, 30, 4, 7, 26, 28, 36, 37]",1,1.0,1.0,1.0,1.0,1,1,1,1
smd,group1_development,machine-1-2,3,15415,15418,pca_q,-1,"[17, 34, 35, 24, 12, 31, 10, 29, 16, 9, 25, 13, 23, 33, 6, 8, 18, 5, 20, 1, 19, 3, 2, 0, 11, 27, 22, 15, 32, 14, 21, 30, 4, 7, 26, 28, 36, 37]",3,0.3333333333333333,1.0,0.5,1.0,1,1,3,1
smd,group1_development,machine-1-2,3,15415,15418,pca_q,-1,"[17, 34, 35, 24, 12, 31, 10, 29, 16, 9, 25, 13, 23, 33, 6, 8, 18, 5, 20, 1, 19, 3, 2, 0, 11, 27, 22, 15, 32, 14, 21, 30, 4, 7, 26, 28, 36, 37]",5,0.2,1.0,0.33333333333333337,1.0,1,1,5,1
smd,group1_development,machine-1-2,3,15415,15418,baro_robust_scorer,-1,"[9, 13, 33, 11, 19, 3, 8, 6, 5, 2, 27, 14, 1, 20, 15, 25, 30, 0, 22, 21, 18, 23]",1,0.0,0.0,0.0,0.0,0,1,1,0
smd,group1_development,machine-1-2,3,15415,15418,baro_robust_scorer,-1,"[9, 13, 33, 11, 19, 3, 8, 6, 5, 2, 27, 14, 1, 20, 15, 25, 30, 0, 22, 21, 18, 23]",3,0.0,0.0,0.0,0.0,0,1,3,0
smd,group1_development,machine-1-2,3,15415,15418,baro_robust_scorer,-1,"[9, 13, 33, 11, 19, 3, 8, 6, 5, 2, 27, 14, 1, 20, 15, 25, 30, 0, 22, 21, 18, 23]",5,0.0,0.0,0.0,0.0,0,1,5,0
smd,group1_development,machine-1-2,4,15540,15605,robust_z,-1,"[24, 12, 35, 34, 17, 31, 10, 9, 8, 19, 13, 25, 23, 6, 11, 14, 2, 1, 3, 0, 5, 18, 20, 33, 30, 21, 27, 15, 22, 4, 32, 7, 16, 26, 28, 29, 36, 37]",1,0.0,0.0,0.0,0.0,0,2,1,0
smd,group1_development,machine-1-2,4,15540,15605,robust_z,-1,"[24, 12, 35, 34, 17, 31, 10, 9, 8, 19, 13, 25, 23, 6, 11, 14, 2, 1, 3, 0, 5, 18, 20, 33, 30, 21, 27, 15, 22, 4, 32, 7, 16, 26, 28, 29, 36, 37]",3,0.0,0.0,0.0,0.0,0,2,3,0
smd,group1_development,machine-1-2,4,15540,15605,robust_z,-1,"[24, 12, 35, 34, 17, 31, 10, 9, 8, 19, 13, 25, 23, 6, 11, 14, 2, 1, 3, 0, 5, 18, 20, 33, 30, 21, 27, 15, 22, 4, 32, 7, 16, 26, 28, 29, 36, 37]",5,0.2,0.5,0.28571428571428575,0.23719771276929622,1,2,5,1
smd,group1_development,machine-1-2,4,15540,15605,pca_q,-1,"[17, 34, 35, 10, 31, 24, 29, 12, 9, 16, 8, 19, 18, 13, 20, 25, 14, 23, 11, 27, 2, 1, 3, 30, 21, 6, 0, 33, 5, 15, 22, 32, 4, 7, 26, 28, 36, 37]",1,1.0,0.5,0.6666666666666666,1.0,1,2,1,1
smd,group1_development,machine-1-2,4,15540,15605,pca_q,-1,"[17, 34, 35, 10, 31, 24, 29, 12, 9, 16, 8, 19, 18, 13, 20, 25, 14, 23, 11, 27, 2, 1, 3, 30, 21, 6, 0, 33, 5, 15, 22, 32, 4, 7, 26, 28, 36, 37]",3,0.3333333333333333,0.5,0.4,0.6131471927654584,1,2,3,1
smd,group1_development,machine-1-2,4,15540,15605,pca_q,-1,"[17, 34, 35, 10, 31, 24, 29, 12, 9, 16, 8, 19, 18, 13, 20, 25, 14, 23, 11, 27, 2, 1, 3, 30, 21, 6, 0, 33, 5, 15, 22, 32, 4, 7, 26, 28, 36, 37]",5,0.2,0.5,0.28571428571428575,0.6131471927654584,1,2,5,1
smd,group1_development,machine-1-2,4,15540,15605,baro_robust_scorer,-1,"[8, 6, 18, 20, 19, 11, 27, 23, 25, 3, 2, 21, 0, 30, 1, 13, 14, 15, 33, 5, 32, 24, 22, 9, 10]",1,0.0,0.0,0.0,0.0,0,2,1,0
smd,group1_development,machine-1-2,4,15540,15605,baro_robust_scorer,-1,"[8, 6, 18, 20, 19, 11, 27, 23, 25, 3, 2, 21, 0, 30, 1, 13, 14, 15, 33, 5, 32, 24, 22, 9, 10]",3,0.3333333333333333,0.5,0.4,0.38685280723454163,1,2,3,1
smd,group1_development,machine-1-2,4,15540,15605,baro_robust_scorer,-1,"[8, 6, 18, 20, 19, 11, 27, 23, 25, 3, 2, 21, 0, 30, 1, 13, 14, 15, 33, 5, 32, 24, 22, 9, 10]",5,0.2,0.5,0.28571428571428575,0.38685280723454163,1,2,5,1
smd,group1_development,machine-1-2,5,15925,15973,robust_z,-1,"[12, 24, 10, 29, 35, 31, 9, 17, 8, 11, 19, 25, 13, 23, 14, 30, 21, 5, 27, 6, 33, 15, 20, 0, 4, 2, 22, 18, 1, 3, 32, 7, 16, 26, 28, 34, 36, 37]",1,1.0,0.125,0.2222222222222222,1.0,1,8,1,1
smd,group1_development,machine-1-2,5,15925,15973,robust_z,-1,"[12, 24, 10, 29, 35, 31, 9, 17, 8, 11, 19, 25, 13, 23, 14, 30, 21, 5, 27, 6, 33, 15, 20, 0, 4, 2, 22, 18, 1, 3, 32, 7, 16, 26, 28, 34, 36, 37]",3,0.6666666666666666,0.25,0.36363636363636365,0.7039180890341347,1,8,3,2
smd,group1_development,machine-1-2,5,15925,15973,robust_z,-1,"[12, 24, 10, 29, 35, 31, 9, 17, 8, 11, 19, 25, 13, 23, 14, 30, 21, 5, 27, 6, 33, 15, 20, 0, 4, 2, 22, 18, 1, 3, 32, 7, 16, 26, 28, 34, 36, 37]",5,0.6,0.375,0.4615384615384615,0.6548086577531307,1,8,5,3
smd,group1_development,machine-1-2,5,15925,15973,pca_q,-1,"[29, 34, 35, 10, 17, 31, 9, 8, 24, 12, 16, 14, 19, 11, 25, 23, 13, 18, 30, 21, 20, 1, 27, 5, 0, 33, 6, 2, 15, 22, 32, 3, 4, 7, 26, 28, 36, 37]",1,1.0,0.125,0.2222222222222222,1.0,1,8,1,1
smd,group1_development,machine-1-2,5,15925,15973,pca_q,-1,"[29, 34, 35, 10, 17, 31, 9, 8, 24, 12, 16, 14, 19, 11, 25, 23, 13, 18, 30, 21, 20, 1, 27, 5, 0, 33, 6, 2, 15, 22, 32, 3, 4, 7, 26, 28, 36, 37]",3,0.3333333333333333,0.125,0.18181818181818182,0.46927872602275644,1,8,3,1
smd,group1_development,machine-1-2,5,15925,15973,pca_q,-1,"[29, 34, 35, 10, 17, 31, 9, 8, 24, 12, 16, 14, 19, 11, 25, 23, 13, 18, 30, 21, 20, 1, 27, 5, 0, 33, 6, 2, 15, 22, 32, 3, 4, 7, 26, 28, 36, 37]",5,0.4,0.25,0.3076923076923077,0.48522855511632257,1,8,5,2
smd,group1_development,machine-1-2,5,15925,15973,baro_robust_scorer,-1,"[10, 9, 18, 19, 20, 8, 21, 30, 13, 27, 11, 25, 14, 23, 33, 15, 6, 5, 22, 0, 3, 2, 12, 1, 35, 24, 32]",1,1.0,0.125,0.2222222222222222,1.0,1,8,1,1
smd,group1_development,machine-1-2,5,15925,15973,baro_robust_scorer,-1,"[10, 9, 18, 19, 20, 8, 21, 30, 13, 27, 11, 25, 14, 23, 33, 15, 6, 5, 22, 0, 3, 2, 12, 1, 35, 24, 32]",3,0.6666666666666666,0.25,0.36363636363636365,0.7653606369886217,1,8,3,2
smd,group1_development,machine-1-2,5,15925,15973,baro_robust_scorer,-1,"[10, 9, 18, 19, 20, 8, 21, 30, 13, 27, 11, 25, 14, 23, 33, 15, 6, 5, 22, 0, 3, 2, 12, 1, 35, 24, 32]",5,0.6,0.375,0.4615384615384615,0.6992148198508501,1,8,5,3
smd,group1_development,machine-1-2,6,18645,18801,robust_z,-1,"[24, 34, 35, 12, 31, 17, 10, 9, 16, 8, 25, 23, 11, 18, 20, 19, 13, 14, 6, 27, 15, 21, 30, 5, 22, 4, 33, 3, 2, 32, 0, 1, 7, 26, 28, 29, 36, 37]",1,0.0,0.0,0.0,0.0,0,14,1,0
smd,group1_development,machine-1-2,6,18645,18801,robust_z,-1,"[24, 34, 35, 12, 31, 17, 10, 9, 16, 8, 25, 23, 11, 18, 20, 19, 13, 14, 6, 27, 15, 21, 30, 5, 22, 4, 33, 3, 2, 32, 0, 1, 7, 26, 28, 29, 36, 37]",3,0.0,0.0,0.0,0.0,0,14,3,0
smd,group1_development,machine-1-2,6,18645,18801,robust_z,-1,"[24, 34, 35, 12, 31, 17, 10, 9, 16, 8, 25, 23, 11, 18, 20, 19, 13, 14, 6, 27, 15, 21, 30, 5, 22, 4, 33, 3, 2, 32, 0, 1, 7, 26, 28, 29, 36, 37]",5,0.0,0.0,0.0,0.0,0,14,5,0
smd,group1_development,machine-1-2,6,18645,18801,pca_q,-1,"[17, 34, 35, 10, 31, 16, 12, 9, 24, 29, 8, 18, 20, 19, 25, 11, 23, 27, 13, 15, 14, 30, 21, 6, 5, 22, 33, 3, 4, 2, 1, 32, 0, 7, 26, 28, 36, 37]",1,0.0,0.0,0.0,0.0,0,14,1,0
smd,group1_development,machine-1-2,6,18645,18801,pca_q,-1,"[17, 34, 35, 10, 31, 16, 12, 9, 24, 29, 8, 18, 20, 19, 25, 11, 23, 27, 13, 15, 14, 30, 21, 6, 5, 22, 33, 3, 4, 2, 1, 32, 0, 7, 26, 28, 36, 37]",3,0.0,0.0,0.0,0.0,0,14,3,0
smd,group1_development,machine-1-2,6,18645,18801,pca_q,-1,"[17, 34, 35, 10, 31, 16, 12, 9, 24, 29, 8, 18, 20, 19, 25, 11, 23, 27, 13, 15, 14, 30, 21, 6, 5, 22, 33, 3, 4, 2, 1, 32, 0, 7, 26, 28, 36, 37]",5,0.2,0.07142857142857142,0.10526315789473682,0.14606834984270645,1,14,5,1
smd,group1_development,machine-1-2,6,18645,18801,baro_robust_scorer,-1,"[8, 18, 20, 6, 19, 10, 9, 27, 13, 15, 23, 25, 30, 21, 14, 11, 22, 1, 33, 5, 0, 2, 3, 24, 12, 34, 35, 32]",1,0.0,0.0,0.0,0.0,0,14,1,0
smd,group1_development,machine-1-2,6,18645,18801,baro_robust_scorer,-1,"[8, 18, 20, 6, 19, 10, 9, 27, 13, 15, 23, 25, 30, 21, 14, 11, 22, 1, 33, 5, 0, 2, 3, 24, 12, 34, 35, 32]",3,0.6666666666666666,0.14285714285714285,0.23529411764705882,0.5307212739772434,1,14,3,2
smd,group1_development,machine-1-2,6,18645,18801,baro_robust_scorer,-1,"[8, 18, 20, 6, 19, 10, 9, 27, 13, 15, 23, 25, 30, 21, 14, 11, 22, 1, 33, 5, 0, 2, 3, 24, 12, 34, 35, 32]",5,0.8,0.2857142857142857,0.4210526315789473,0.6608397947263839,1,14,5,4
smd,group1_development,machine-1-2,7,20235,20271,robust_z,-1,"[12, 10, 29, 24, 31, 9, 17, 8, 11, 19, 25, 23, 14, 5, 13, 21, 30, 6, 27, 15, 0, 2, 20, 33, 1, 22, 32, 3, 4, 18, 7, 16, 26, 28, 34, 35, 36, 37]",1,1.0,0.16666666666666666,0.2857142857142857,1.0,1,6,1,1
smd,group1_development,machine-1-2,7,20235,20271,robust_z,-1,"[12, 10, 29, 24, 31, 9, 17, 8, 11, 19, 25, 23, 14, 5, 13, 21, 30, 6, 27, 15, 0, 2, 20, 33, 1, 22, 32, 3, 4, 18, 7, 16, 26, 28, 34, 35, 36, 37]",3,0.6666666666666666,0.3333333333333333,0.4444444444444444,0.7039180890341347,1,6,3,2
smd,group1_development,machine-1-2,7,20235,20271,robust_z,-1,"[12, 10, 29, 24, 31, 9, 17, 8, 11, 19, 25, 23, 14, 5, 13, 21, 30, 6, 27, 15, 0, 2, 20, 33, 1, 22, 32, 3, 4, 18, 7, 16, 26, 28, 34, 35, 36, 37]",5,0.4,0.3333333333333333,0.3636363636363636,0.5087403079104241,1,6,5,2
smd,group1_development,machine-1-2,7,20235,20271,pca_q,-1,"[29, 10, 17, 34, 35, 9, 31, 8, 24, 16, 12, 14, 19, 11, 25, 23, 13, 1, 18, 20, 30, 21, 0, 5, 6, 27, 2, 15, 3, 33, 22, 32, 4, 7, 26, 28, 36, 37]",1,1.0,0.16666666666666666,0.2857142857142857,1.0,1,6,1,1
smd,group1_development,machine-1-2,7,20235,20271,pca_q,-1,"[29, 10, 17, 34, 35, 9, 31, 8, 24, 16, 12, 14, 19, 11, 25, 23, 13, 1, 18, 20, 30, 21, 0, 5, 6, 27, 2, 15, 3, 33, 22, 32, 4, 7, 26, 28, 36, 37]",3,0.3333333333333333,0.16666666666666666,0.2222222222222222,0.46927872602275644,1,6,3,1
smd,group1_development,machine-1-2,7,20235,20271,pca_q,-1,"[29, 10, 17, 34, 35, 9, 31, 8, 24, 16, 12, 14, 19, 11, 25, 23, 13, 1, 18, 20, 30, 21, 0, 5, 6, 27, 2, 15, 3, 33, 22, 32, 4, 7, 26, 28, 36, 37]",5,0.2,0.16666666666666666,0.1818181818181818,0.3391602052736161,1,6,5,1
smd,group1_development,machine-1-2,7,20235,20271,baro_robust_scorer,-1,"[10, 9, 19, 8, 6, 21, 30, 18, 11, 13, 23, 25, 15, 20, 5, 14, 0, 1, 2, 27, 3, 33, 12, 24, 22, 32]",1,0.0,0.0,0.0,0.0,0,6,1,0
smd,group1_development,machine-1-2,7,20235,20271,baro_robust_scorer,-1,"[10, 9, 19, 8, 6, 21, 30, 18, 11, 13, 23, 25, 15, 20, 5, 14, 0, 1, 2, 27, 3, 33, 12, 24, 22, 32]",3,0.3333333333333333,0.16666666666666666,0.2222222222222222,0.23463936301137822,1,6,3,1
smd,group1_development,machine-1-2,7,20235,20271,baro_robust_scorer,-1,"[10, 9, 19, 8, 6, 21, 30, 18, 11, 13, 23, 25, 15, 20, 5, 14, 0, 1, 2, 27, 3, 33, 12, 24, 22, 32]",5,0.4,0.3333333333333333,0.3636363636363636,0.30078518014914984,1,6,5,2
smd,group1_development,machine-1-2,8,22264,22336,robust_z,-1,"[12, 24, 10, 9, 8, 14, 2, 3, 1, 11, 0, 25, 4, 23, 33, 32, 5, 22, 6, 20, 18, 15, 13, 27, 30, 21, 19, 7, 16, 17, 26, 28, 29, 31, 34, 35, 36, 37]",1,0.0,0.0,0.0,0.0,0,4,1,0
smd,group1_development,machine-1-2,8,22264,22336,robust_z,-1,"[12, 24, 10, 9, 8, 14, 2, 3, 1, 11, 0, 25, 4, 23, 33, 32, 5, 22, 6, 20, 18, 15, 13, 27, 30, 21, 19, 7, 16, 17, 26, 28, 29, 31, 34, 35, 36, 37]",3,0.0,0.0,0.0,0.0,0,4,3,0
smd,group1_development,machine-1-2,8,22264,22336,robust_z,-1,"[12, 24, 10, 9, 8, 14, 2, 3, 1, 11, 0, 25, 4, 23, 33, 32, 5, 22, 6, 20, 18, 15, 13, 27, 30, 21, 19, 7, 16, 17, 26, 28, 29, 31, 34, 35, 36, 37]",5,0.0,0.0,0.0,0.0,0,4,5,0
smd,group1_development,machine-1-2,8,22264,22336,pca_q,-1,"[10, 17, 34, 35, 12, 8, 29, 9, 16, 14, 31, 2, 3, 1, 11, 0, 24, 25, 23, 18, 20, 4, 33, 6, 5, 32, 22, 15, 27, 13, 30, 21, 19, 7, 26, 28, 36, 37]",1,0.0,0.0,0.0,0.0,0,4,1,0
smd,group1_development,machine-1-2,8,22264,22336,pca_q,-1,"[10, 17, 34, 35, 12, 8, 29, 9, 16, 14, 31, 2, 3, 1, 11, 0, 24, 25, 23, 18, 20, 4, 33, 6, 5, 32, 22, 15, 27, 13, 30, 21, 19, 7, 26, 28, 36, 37]",3,0.0,0.0,0.0,0.0,0,4,3,0
smd,group1_development,machine-1-2,8,22264,22336,pca_q,-1,"[10, 17, 34, 35, 12, 8, 29, 9, 16, 14, 31, 2, 3, 1, 11, 0, 24, 25, 23, 18, 20, 4, 33, 6, 5, 32, 22, 15, 27, 13, 30, 21, 19, 7, 26, 28, 36, 37]",5,0.0,0.0,0.0,0.0,0,4,5,0
smd,group1_development,machine-1-2,8,22264,22336,baro_robust_scorer,-1,"[9, 18, 8, 20, 3, 6, 2, 1, 0, 23, 25, 11, 14, 27, 30, 21, 15, 19, 13, 5, 33, 12, 24, 10, 22, 32]",1,0.0,0.0,0.0,0.0,0,4,1,0
smd,group1_development,machine-1-2,8,22264,22336,baro_robust_scorer,-1,"[9, 18, 8, 20, 3, 6, 2, 1, 0, 23, 25, 11, 14, 27, 30, 21, 15, 19, 13, 5, 33, 12, 24, 10, 22, 32]",3,0.0,0.0,0.0,0.0,0,4,3,0
smd,group1_development,machine-1-2,8,22264,22336,baro_robust_scorer,-1,"[9, 18, 8, 20, 3, 6, 2, 1, 0, 23, 25, 11, 14, 27, 30, 21, 15, 19, 13, 5, 33, 12, 24, 10, 22, 32]",5,0.2,0.25,0.22222222222222224,0.15101961822780524,1,4,5,1
smd,group1_development,machine-1-2,9,23093,23115,robust_z,-1,"[24, 12, 10, 9, 18, 25, 27, 23, 8, 20, 11, 3, 30, 21, 2, 6, 1, 0, 19, 13, 14, 15, 5, 4, 22, 33, 32, 7, 16, 17, 26, 28, 29, 31, 34, 35, 36, 37]",1,0.0,0.0,0.0,0.0,0,10,1,0
smd,group1_development,machine-1-2,9,23093,23115,robust_z,-1,"[24, 12, 10, 9, 18, 25, 27, 23, 8, 20, 11, 3, 30, 21, 2, 6, 1, 0, 19, 13, 14, 15, 5, 4, 22, 33, 32, 7, 16, 17, 26, 28, 29, 31, 34, 35, 36, 37]",3,0.0,0.0,0.0,0.0,0,10,3,0
smd,group1_development,machine-1-2,9,23093,23115,robust_z,-1,"[24, 12, 10, 9, 18, 25, 27, 23, 8, 20, 11, 3, 30, 21, 2, 6, 1, 0, 19, 13, 14, 15, 5, 4, 22, 33, 32, 7, 16, 17, 26, 28, 29, 31, 34, 35, 36, 37]",5,0.2,0.1,0.13333333333333333,0.13120507751234178,1,10,5,1
smd,group1_development,machine-1-2,9,23093,23115,pca_q,-1,"[10, 17, 34, 35, 12, 29, 9, 31, 16, 18, 27, 20, 24, 8, 25, 23, 30, 21, 11, 15, 13, 3, 19, 6, 2, 1, 0, 14, 22, 5, 33, 4, 32, 7, 26, 28, 36, 37]",1,0.0,0.0,0.0,0.0,0,10,1,0
smd,group1_development,machine-1-2,9,23093,23115,pca_q,-1,"[10, 17, 34, 35, 12, 29, 9, 31, 16, 18, 27, 20, 24, 8, 25, 23, 30, 21, 11, 15, 13, 3, 19, 6, 2, 1, 0, 14, 22, 5, 33, 4, 32, 7, 26, 28, 36, 37]",3,0.0,0.0,0.0,0.0,0,10,3,0
smd,group1_development,machine-1-2,9,23093,23115,pca_q,-1,"[10, 17, 34, 35, 12, 29, 9, 31, 16, 18, 27, 20, 24, 8, 25, 23, 30, 21, 11, 15, 13, 3, 19, 6, 2, 1, 0, 14, 22, 5, 33, 4, 32, 7, 26, 28, 36, 37]",5,0.0,0.0,0.0,0.0,0,10,5,0
smd,group1_development,machine-1-2,9,23093,23115,baro_robust_scorer,-1,"[18, 6, 20, 27, 10, 30, 21, 9, 23, 25, 19, 8, 15, 13, 5, 14, 11, 3, 2, 0, 1, 33, 22, 24, 12, 32]",1,1.0,0.1,0.18181818181818182,1.0,1,10,1,1
smd,group1_development,machine-1-2,9,23093,23115,baro_robust_scorer,-1,"[18, 6, 20, 27, 10, 30, 21, 9, 23, 25, 19, 8, 15, 13, 5, 14, 11, 3, 2, 0, 1, 33, 22, 24, 12, 32]",3,1.0,0.3,0.4615384615384615,1.0,1,10,3,3
smd,group1_development,machine-1-2,9,23093,23115,baro_robust_scorer,-1,"[18, 6, 20, 27, 10, 30, 21, 9, 23, 25, 19, 8, 15, 13, 5, 14, 11, 3, 2, 0, 1, 33, 22, 24, 12, 32]",5,0.8,0.4,0.5333333333333333,0.8687949224876582,1,10,5,4
smd,group1_development,machine-1-3,0,392,416,robust_z,-1,"[4, 12, 9, 10, 8, 14, 11, 15, 5, 29, 1, 2, 3, 0, 13, 24, 18, 19, 21, 30, 20, 27, 25, 31, 22, 34, 35, 23, 33, 32, 6, 7, 16, 17, 26, 28, 36, 37]",1,0.0,0.0,0.0,0.0,0,2,1,0
smd,group1_development,machine-1-3,0,392,416,robust_z,-1,"[4, 12, 9, 10, 8, 14, 11, 15, 5, 29, 1, 2, 3, 0, 13, 24, 18, 19, 21, 30, 20, 27, 25, 31, 22, 34, 35, 23, 33, 32, 6, 7, 16, 17, 26, 28, 36, 37]",3,0.0,0.0,0.0,0.0,0,2,3,0
smd,group1_development,machine-1-3,0,392,416,robust_z,-1,"[4, 12, 9, 10, 8, 14, 11, 15, 5, 29, 1, 2, 3, 0, 13, 24, 18, 19, 21, 30, 20, 27, 25, 31, 22, 34, 35, 23, 33, 32, 6, 7, 16, 17, 26, 28, 36, 37]",5,0.0,0.0,0.0,0.0,0,2,5,0
smd,group1_development,machine-1-3,0,392,416,pca_q,-1,"[4, 10, 9, 14, 5, 8, 11, 15, 1, 29, 2, 3, 0, 24, 25, 19, 18, 21, 30, 20, 27, 23, 31, 22, 33, 34, 35, 13, 32, 12, 6, 7, 16, 17, 26, 28, 36, 37]",1,0.0,0.0,0.0,0.0,0,2,1,0
smd,group1_development,machine-1-3,0,392,416,pca_q,-1,"[4, 10, 9, 14, 5, 8, 11, 15, 1, 29, 2, 3, 0, 24, 25, 19, 18, 21, 30, 20, 27, 23, 31, 22, 33, 34, 35, 13, 32, 12, 6, 7, 16, 17, 26, 28, 36, 37]",3,0.0,0.0,0.0,0.0,0,2,3,0
smd,group1_development,machine-1-3,0,392,416,pca_q,-1,"[4, 10, 9, 14, 5, 8, 11, 15, 1, 29, 2, 3, 0, 24, 25, 19, 18, 21, 30, 20, 27, 23, 31, 22, 33, 34, 35, 13, 32, 12, 6, 7, 16, 17, 26, 28, 36, 37]",5,0.2,0.5,0.28571428571428575,0.2640681225725909,1,2,5,1
smd,group1_development,machine-1-3,0,392,416,baro_robust_scorer,-1,"[8, 14, 15, 11, 5, 18, 0, 19, 6, 13, 20, 25, 23, 1, 27, 22, 30, 21, 24, 2, 34, 35, 31, 3, 33, 32, 12, 9, 10]",1,0.0,0.0,0.0,0.0,0,2,1,0
smd,group1_development,machine-1-3,0,392,416,baro_robust_scorer,-1,"[8, 14, 15, 11, 5, 18, 0, 19, 6, 13, 20, 25, 23, 1, 27, 22, 30, 21, 24, 2, 34, 35, 31, 3, 33, 32, 12, 9, 10]",3,0.3333333333333333,0.5,0.4,0.38685280723454163,1,2,3,1
smd,group1_development,machine-1-3,0,392,416,baro_robust_scorer,-1,"[8, 14, 15, 11, 5, 18, 0, 19, 6, 13, 20, 25, 23, 1, 27, 22, 30, 21, 24, 2, 34, 35, 31, 3, 33, 32, 12, 9, 10]",5,0.4,1.0,0.5714285714285715,0.6509209298071326,1,2,5,2
smd,group1_development,machine-1-3,1,1257,1268,robust_z,-1,"[4, 12, 8, 14, 11, 5, 15, 29, 25, 13, 23, 24, 0, 18, 19, 21, 30, 6, 20, 2, 27, 3, 1, 34, 35, 22, 31, 33, 32, 7, 9, 10, 16, 17, 26, 28, 36, 37]",1,0.0,0.0,0.0,0.0,0,2,1,0
smd,group1_development,machine-1-3,1,1257,1268,robust_z,-1,"[4, 12, 8, 14, 11, 5, 15, 29, 25, 13, 23, 24, 0, 18, 19, 21, 30, 6, 20, 2, 27, 3, 1, 34, 35, 22, 31, 33, 32, 7, 9, 10, 16, 17, 26, 28, 36, 37]",3,0.0,0.0,0.0,0.0,0,2,3,0
smd,group1_development,machine-1-3,1,1257,1268,robust_z,-1,"[4, 12, 8, 14, 11, 5, 15, 29, 25, 13, 23, 24, 0, 18, 19, 21, 30, 6, 20, 2, 27, 3, 1, 34, 35, 22, 31, 33, 32, 7, 9, 10, 16, 17, 26, 28, 36, 37]",5,0.4,1.0,0.5714285714285715,0.5012658353418871,1,2,5,2
smd,group1_development,machine-1-3,1,1257,1268,pca_q,-1,"[4, 10, 5, 14, 8, 11, 9, 29, 15, 25, 23, 6, 33, 13, 24, 19, 18, 21, 1, 30, 20, 27, 0, 2, 35, 34, 22, 32, 31, 3, 12, 7, 16, 17, 26, 28, 36, 37]",1,0.0,0.0,0.0,0.0,0,2,1,0
smd,group1_development,machine-1-3,1,1257,1268,pca_q,-1,"[4, 10, 5, 14, 8, 11, 9, 29, 15, 25, 23, 6, 33, 13, 24, 19, 18, 21, 1, 30, 20, 27, 0, 2, 35, 34, 22, 32, 31, 3, 12, 7, 16, 17, 26, 28, 36, 37]",3,0.0,0.0,0.0,0.0,0,2,3,0
smd,group1_development,machine-1-3,1,1257,1268,pca_q,-1,"[4, 10, 5, 14, 8, 11, 9, 29, 15, 25, 23, 6, 33, 13, 24, 19, 18, 21, 1, 30, 20, 27, 0, 2, 35, 34, 22, 32, 31, 3, 12, 7, 16, 17, 26, 28, 36, 37]",5,0.2,0.5,0.28571428571428575,0.2640681225725909,1,2,5,1
smd,group1_development,machine-1-3,1,1257,1268,baro_robust_scorer,-1,"[15, 8, 14, 11, 5, 6, 25, 0, 23, 13, 33, 21, 19, 32, 22, 27, 20, 18, 30, 3, 34, 35, 31, 24, 2, 1, 12]",1,0.0,0.0,0.0,0.0,0,2,1,0
smd,group1_development,machine-1-3,1,1257,1268,baro_robust_scorer,-1,"[15, 8, 14, 11, 5, 6, 25, 0, 23, 13, 33, 21, 19, 32, 22, 27, 20, 18, 30, 3, 34, 35, 31, 24, 2, 1, 12]",3,0.3333333333333333,0.5,0.4,0.3065735963827292,1,2,3,1
smd,group1_development,machine-1-3,1,1257,1268,baro_robust_scorer,-1,"[15, 8, 14, 11, 5, 6, 25, 0, 23, 13, 33, 21, 19, 32, 22, 27, 20, 18, 30, 3, 34, 35, 31, 24, 2, 1, 12]",5,0.4,1.0,0.5714285714285715,0.5706417189553201,1,2,5,2
smd,group1_development,machine-1-3,2,4872,4875,robust_z,-1,"[12, 8, 14, 11, 15, 5, 13, 25, 23, 29, 6, 1, 19, 0, 3, 33, 32, 2, 21, 34, 35, 27, 31, 20, 30, 24, 18, 22, 4, 7, 9, 10, 16, 17, 26, 28, 36, 37]",1,0.0,0.0,0.0,0.0,0,2,1,0
smd,group1_development,machine-1-3,2,4872,4875,robust_z,-1,"[12, 8, 14, 11, 15, 5, 13, 25, 23, 29, 6, 1, 19, 0, 3, 33, 32, 2, 21, 34, 35, 27, 31, 20, 30, 24, 18, 22, 4, 7, 9, 10, 16, 17, 26, 28, 36, 37]",3,0.3333333333333333,0.5,0.4,0.3065735963827292,1,2,3,1
smd,group1_development,machine-1-3,2,4872,4875,robust_z,-1,"[12, 8, 14, 11, 15, 5, 13, 25, 23, 29, 6, 1, 19, 0, 3, 33, 32, 2, 21, 34, 35, 27, 31, 20, 30, 24, 18, 22, 4, 7, 9, 10, 16, 17, 26, 28, 36, 37]",5,0.4,1.0,0.5714285714285715,0.5706417189553201,1,2,5,2
smd,group1_development,machine-1-3,2,4872,4875,pca_q,-1,"[10, 8, 14, 11, 5, 9, 25, 23, 13, 33, 6, 29, 15, 32, 1, 19, 2, 22, 3, 18, 21, 27, 31, 30, 20, 24, 0, 34, 35, 12, 4, 7, 16, 17, 26, 28, 36, 37]",1,0.0,0.0,0.0,0.0,0,2,1,0
smd,group1_development,machine-1-3,2,4872,4875,pca_q,-1,"[10, 8, 14, 11, 5, 9, 25, 23, 13, 33, 6, 29, 15, 32, 1, 19, 2, 22, 3, 18, 21, 27, 31, 30, 20, 24, 0, 34, 35, 12, 4, 7, 16, 17, 26, 28, 36, 37]",3,0.3333333333333333,0.5,0.4,0.3065735963827292,1,2,3,1
smd,group1_development,machine-1-3,2,4872,4875,pca_q,-1,"[10, 8, 14, 11, 5, 9, 25, 23, 13, 33, 6, 29, 15, 32, 1, 19, 2, 22, 3, 18, 21, 27, 31, 30, 20, 24, 0, 34, 35, 12, 4, 7, 16, 17, 26, 28, 36, 37]",5,0.4,1.0,0.5714285714285715,0.5706417189553201,1,2,5,2
smd,group1_development,machine-1-3,2,4872,4875,baro_robust_scorer,-1,"[8, 14, 11, 15, 3, 2, 1, 33, 0, 5, 13, 25, 32, 23, 19, 18, 31, 20, 27, 35, 34, 22, 21, 30, 24, 6]",1,0.0,0.0,0.0,0.0,0,2,1,0
smd,group1_development,machine-1-3,2,4872,4875,baro_robust_scorer,-1,"[8, 14, 11, 15, 3, 2, 1, 33, 0, 5, 13, 25, 32, 23, 19, 18, 31, 20, 27, 35, 34, 22, 21, 30, 24, 6]",3,0.6666666666666666,1.0,0.8,0.6934264036172708,1,2,3,2
smd,group1_development,machine-1-3,2,4872,4875,baro_robust_scorer,-1,"[8, 14, 11, 15, 3, 2, 1, 33, 0, 5, 13, 25, 32, 23, 19, 18, 31, 20, 27, 35, 34, 22, 21, 30, 24, 6]",5,0.4,1.0,0.5714285714285715,0.6934264036172708,1,2,5,2
smd,group1_development,machine-1-3,3,5613,5661,robust_z,-1,"[12, 9, 10, 8, 14, 11, 5, 15, 25, 23, 6, 13, 33, 29, 1, 2, 19, 31, 0, 35, 34, 24, 30, 27, 21, 3, 22, 20, 18, 32, 4, 7, 16, 17, 26, 28, 36, 37]",1,0.0,0.0,0.0,0.0,0,2,1,0
smd,group1_development,machine-1-3,3,5613,5661,robust_z,-1,"[12, 9, 10, 8, 14, 11, 5, 15, 25, 23, 6, 13, 33, 29, 1, 2, 19, 31, 0, 35, 34, 24, 30, 27, 21, 3, 22, 20, 18, 32, 4, 7, 16, 17, 26, 28, 36, 37]",3,0.0,0.0,0.0,0.0,0,2,3,0
smd,group1_development,machine-1-3,3,5613,5661,robust_z,-1,"[12, 9, 10, 8, 14, 11, 5, 15, 25, 23, 6, 13, 33, 29, 1, 2, 19, 31, 0, 35, 34, 24, 30, 27, 21, 3, 22, 20, 18, 32, 4, 7, 16, 17, 26, 28, 36, 37]",5,0.2,0.5,0.28571428571428575,0.23719771276929622,1,2,5,1
smd,group1_development,machine-1-3,3,5613,5661,pca_q,-1,"[10, 9, 14, 5, 8, 11, 6, 25, 23, 15, 33, 13, 29, 1, 32, 2, 3, 0, 22, 18, 34, 35, 24, 19, 20, 31, 21, 30, 27, 12, 4, 7, 16, 17, 26, 28, 36, 37]",1,0.0,0.0,0.0,0.0,0,2,1,0
smd,group1_development,machine-1-3,3,5613,5661,pca_q,-1,"[10, 9, 14, 5, 8, 11, 6, 25, 23, 15, 33, 13, 29, 1, 32, 2, 3, 0, 22, 18, 34, 35, 24, 19, 20, 31, 21, 30, 27, 12, 4, 7, 16, 17, 26, 28, 36, 37]",3,0.3333333333333333,0.5,0.4,0.3065735963827292,1,2,3,1
smd,group1_development,machine-1-3,3,5613,5661,pca_q,-1,"[10, 9, 14, 5, 8, 11, 6, 25, 23, 15, 33, 13, 29, 1, 32, 2, 3, 0, 22, 18, 34, 35, 24, 19, 20, 31, 21, 30, 27, 12, 4, 7, 16, 17, 26, 28, 36, 37]",5,0.2,0.5,0.28571428571428575,0.3065735963827292,1,2,5,1
smd,group1_development,machine-1-3,3,5613,5661,baro_robust_scorer,-1,"[15, 8, 14, 11, 13, 5, 25, 23, 1, 2, 22, 3, 6, 33, 24, 18, 31, 34, 35, 21, 30, 20, 0, 27, 19, 12, 9, 10]",1,0.0,0.0,0.0,0.0,0,2,1,0
smd,group1_development,machine-1-3,3,5613,5661,baro_robust_scorer,-1,"[15, 8, 14, 11, 13, 5, 25, 23, 1, 2, 22, 3, 6, 33, 24, 18, 31, 34, 35, 21, 30, 20, 0, 27, 19, 12, 9, 10]",3,0.3333333333333333,0.5,0.4,0.3065735963827292,1,2,3,1
smd,group1_development,machine-1-3,3,5613,5661,baro_robust_scorer,-1,"[15, 8, 14, 11, 13, 5, 25, 23, 1, 2, 22, 3, 6, 33, 24, 18, 31, 34, 35, 21, 30, 20, 0, 27, 19, 12, 9, 10]",5,0.4,1.0,0.5714285714285715,0.5706417189553201,1,2,5,2
smd,group1_development,machine-1-3,4,11310,11517,robust_z,-1,"[12, 9, 10, 8, 14, 5, 11, 15, 1, 2, 3, 29, 19, 0, 6, 21, 25, 33, 18, 20, 27, 13, 31, 34, 35, 30, 23, 32, 22, 24, 4, 7, 16, 17, 26, 28, 36, 37]",1,0.0,0.0,0.0,0.0,0,2,1,0
smd,group1_development,machine-1-3,4,11310,11517,robust_z,-1,"[12, 9, 10, 8, 14, 5, 11, 15, 1, 2, 3, 29, 19, 0, 6, 21, 25, 33, 18, 20, 27, 13, 31, 34, 35, 30, 23, 32, 22, 24, 4, 7, 16, 17, 26, 28, 36, 37]",3,0.0,0.0,0.0,0.0,0,2,3,0
smd,group1_development,machine-1-3,4,11310,11517,robust_z,-1,"[12, 9, 10, 8, 14, 5, 11, 15, 1, 2, 3, 29, 19, 0, 6, 21, 25, 33, 18, 20, 27, 13, 31, 34, 35, 30, 23, 32, 22, 24, 4, 7, 16, 17, 26, 28, 36, 37]",5,0.2,0.5,0.28571428571428575,0.23719771276929622,1,2,5,1
smd,group1_development,machine-1-3,4,11310,11517,pca_q,-1,"[10, 9, 14, 5, 8, 29, 11, 1, 2, 3, 19, 0, 15, 6, 33, 13, 25, 21, 18, 20, 27, 23, 31, 30, 35, 34, 32, 22, 24, 12, 4, 7, 16, 17, 26, 28, 36, 37]",1,0.0,0.0,0.0,0.0,0,2,1,0
smd,group1_development,machine-1-3,4,11310,11517,pca_q,-1,"[10, 9, 14, 5, 8, 29, 11, 1, 2, 3, 19, 0, 15, 6, 33, 13, 25, 21, 18, 20, 27, 23, 31, 30, 35, 34, 32, 22, 24, 12, 4, 7, 16, 17, 26, 28, 36, 37]",3,0.3333333333333333,0.5,0.4,0.3065735963827292,1,2,3,1
smd,group1_development,machine-1-3,4,11310,11517,pca_q,-1,"[10, 9, 14, 5, 8, 29, 11, 1, 2, 3, 19, 0, 15, 6, 33, 13, 25, 21, 18, 20, 27, 23, 31, 30, 35, 34, 32, 22, 24, 12, 4, 7, 16, 17, 26, 28, 36, 37]",5,0.2,0.5,0.28571428571428575,0.3065735963827292,1,2,5,1
smd,group1_development,machine-1-3,4,11310,11517,baro_robust_scorer,-1,"[15, 8, 14, 11, 23, 25, 13, 5, 6, 1, 3, 2, 33, 0, 19, 21, 27, 20, 30, 18, 24, 31, 34, 35, 22, 32, 12, 29, 9, 10]",1,0.0,0.0,0.0,0.0,0,2,1,0
smd,group1_development,machine-1-3,4,11310,11517,baro_robust_scorer,-1,"[15, 8, 14, 11, 23, 25, 13, 5, 6, 1, 3, 2, 33, 0, 19, 21, 27, 20, 30, 18, 24, 31, 34, 35, 22, 32, 12, 29, 9, 10]",3,0.3333333333333333,0.5,0.4,0.3065735963827292,1,2,3,1
smd,group1_development,machine-1-3,4,11310,11517,baro_robust_scorer,-1,"[15, 8, 14, 11, 23, 25, 13, 5, 6, 1, 3, 2, 33, 0, 19, 21, 27, 20, 30, 18, 24, 31, 34, 35, 22, 32, 12, 29, 9, 10]",5,0.4,1.0,0.5714285714285715,0.5706417189553201,1,2,5,2
smd,group1_development,machine-1-3,5,13350,13380,robust_z,-1,"[9, 10, 5, 1, 2, 3, 29, 19, 0, 18, 21, 20, 33, 27, 30, 31, 35, 34, 24, 22, 6, 11, 13, 8, 25, 23, 14, 15, 32, 4, 7, 12, 16, 17, 26, 28, 36, 37]",1,0.0,0.0,0.0,0.0,0,14,1,0
smd,group1_development,machine-1-3,5,13350,13380,robust_z,-1,"[9, 10, 5, 1, 2, 3, 29, 19, 0, 18, 21, 20, 33, 27, 30, 31, 35, 34, 24, 22, 6, 11, 13, 8, 25, 23, 14, 15, 32, 4, 7, 12, 16, 17, 26, 28, 36, 37]",3,0.0,0.0,0.0,0.0,0,14,3,0
smd,group1_development,machine-1-3,5,13350,13380,robust_z,-1,"[9, 10, 5, 1, 2, 3, 29, 19, 0, 18, 21, 20, 33, 27, 30, 31, 35, 34, 24, 22, 6, 11, 13, 8, 25, 23, 14, 15, 32, 4, 7, 12, 16, 17, 26, 28, 36, 37]",5,0.0,0.0,0.0,0.0,0,14,5,0
smd,group1_development,machine-1-3,5,13350,13380,pca_q,-1,"[10, 9, 5, 1, 2, 29, 3, 19, 0, 33, 18, 21, 15, 8, 20, 23, 25, 27, 13, 30, 31, 35, 34, 6, 24, 14, 11, 22, 32, 12, 4, 7, 16, 17, 26, 28, 36, 37]",1,0.0,0.0,0.0,0.0,0,14,1,0
smd,group1_development,machine-1-3,5,13350,13380,pca_q,-1,"[10, 9, 5, 1, 2, 29, 3, 19, 0, 33, 18, 21, 15, 8, 20, 23, 25, 27, 13, 30, 31, 35, 34, 6, 24, 14, 11, 22, 32, 12, 4, 7, 16, 17, 26, 28, 36, 37]",3,0.0,0.0,0.0,0.0,0,14,3,0
smd,group1_development,machine-1-3,5,13350,13380,pca_q,-1,"[10, 9, 5, 1, 2, 29, 3, 19, 0, 33, 18, 21, 15, 8, 20, 23, 25, 27, 13, 30, 31, 35, 34, 6, 24, 14, 11, 22, 32, 12, 4, 7, 16, 17, 26, 28, 36, 37]",5,0.0,0.0,0.0,0.0,0,14,5,0
smd,group1_development,machine-1-3,5,13350,13380,baro_robust_scorer,-1,"[15, 25, 23, 3, 0, 2, 19, 1, 20, 27, 6, 21, 5, 30, 18, 22, 24, 31, 34, 35, 13, 8, 33, 14, 11, 32, 9, 29, 10]",1,0.0,0.0,0.0,0.0,0,14,1,0
smd,group1_development,machine-1-3,5,13350,13380,baro_robust_scorer,-1,"[15, 25, 23, 3, 0, 2, 19, 1, 20, 27, 6, 21, 5, 30, 18, 22, 24, 31, 34, 35, 13, 8, 33, 14, 11, 32, 9, 29, 10]",3,0.6666666666666666,0.14285714285714285,0.23529411764705882,0.5307212739772434,1,14,3,2
smd,group1_development,machine-1-3,5,13350,13380,baro_robust_scorer,-1,"[15, 25, 23, 3, 0, 2, 19, 1, 20, 27, 6, 21, 5, 30, 18, 22, 24, 31, 34, 35, 13, 8, 33, 14, 11, 32, 9, 29, 10]",5,0.6,0.21428571428571427,0.3157894736842105,0.5147714448836774,1,14,5,3
smd,group1_development,machine-1-3,6,13871,13915,robust_z,-1,"[12, 8, 14, 11, 15, 5, 29, 13, 6, 33, 25, 22, 31, 35, 27, 34, 30, 21, 19, 20, 23, 24, 18, 0, 1, 3, 2, 32, 4, 7, 9, 10, 16, 17, 26, 28, 36, 37]",1,0.0,0.0,0.0,0.0,0,2,1,0
smd,group1_development,machine-1-3,6,13871,13915,robust_z,-1,"[12, 8, 14, 11, 15, 5, 29, 13, 6, 33, 25, 22, 31, 35, 27, 34, 30, 21, 19, 20, 23, 24, 18, 0, 1, 3, 2, 32, 4, 7, 9, 10, 16, 17, 26, 28, 36, 37]",3,0.3333333333333333,0.5,0.4,0.3065735963827292,1,2,3,1
smd,group1_development,machine-1-3,6,13871,13915,robust_z,-1,"[12, 8, 14, 11, 15, 5, 29, 13, 6, 33, 25, 22, 31, 35, 27, 34, 30, 21, 19, 20, 23, 24, 18, 0, 1, 3, 2, 32, 4, 7, 9, 10, 16, 17, 26, 28, 36, 37]",5,0.4,1.0,0.5714285714285715,0.5706417189553201,1,2,5,2
smd,group1_development,machine-1-3,6,13871,13915,pca_q,-1,"[10, 14, 8, 5, 11, 9, 15, 29, 33, 6, 13, 22, 0, 31, 35, 34, 27, 30, 21, 19, 1, 20, 24, 18, 2, 3, 25, 23, 32, 12, 4, 7, 16, 17, 26, 28, 36, 37]",1,0.0,0.0,0.0,0.0,0,2,1,0
smd,group1_development,machine-1-3,6,13871,13915,pca_q,-1,"[10, 14, 8, 5, 11, 9, 15, 29, 33, 6, 13, 22, 0, 31, 35, 34, 27, 30, 21, 19, 1, 20, 24, 18, 2, 3, 25, 23, 32, 12, 4, 7, 16, 17, 26, 28, 36, 37]",3,0.3333333333333333,0.5,0.4,0.38685280723454163,1,2,3,1
smd,group1_development,machine-1-3,6,13871,13915,pca_q,-1,"[10, 14, 8, 5, 11, 9, 15, 29, 33, 6, 13, 22, 0, 31, 35, 34, 27, 30, 21, 19, 1, 20, 24, 18, 2, 3, 25, 23, 32, 12, 4, 7, 16, 17, 26, 28, 36, 37]",5,0.4,1.0,0.5714285714285715,0.6240505200038379,1,2,5,2
smd,group1_development,machine-1-3,6,13871,13915,baro_robust_scorer,-1,"[15, 8, 14, 5, 11, 13, 3, 2, 1, 25, 6, 33, 18, 19, 34, 35, 24, 22, 21, 27, 20, 30, 31, 32, 12, 0, 23]",1,0.0,0.0,0.0,0.0,0,2,1,0
smd,group1_development,machine-1-3,6,13871,13915,baro_robust_scorer,-1,"[15, 8, 14, 5, 11, 13, 3, 2, 1, 25, 6, 33, 18, 19, 34, 35, 24, 22, 21, 27, 20, 30, 31, 32, 12, 0, 23]",3,0.3333333333333333,0.5,0.4,0.3065735963827292,1,2,3,1
smd,group1_development,machine-1-3,6,13871,13915,baro_robust_scorer,-1,"[15, 8, 14, 5, 11, 13, 3, 2, 1, 25, 6, 33, 18, 19, 34, 35, 24, 22, 21, 27, 20, 30, 31, 32, 12, 0, 23]",5,0.4,1.0,0.5714285714285715,0.5437713091520254,1,2,5,2
smd,group1_development,machine-1-3,7,16220,16281,robust_z,-1,"[12, 5, 1, 2, 29, 33, 3, 19, 0, 6, 25, 18, 21, 20, 23, 27, 11, 22, 30, 31, 8, 35, 34, 24, 14, 13, 32, 15, 4, 7, 9, 10, 16, 17, 26, 28, 36, 37]",1,0.0,0.0,0.0,0.0,0,10,1,0
smd,group1_development,machine-1-3,7,16220,16281,robust_z,-1,"[12, 5, 1, 2, 29, 33, 3, 19, 0, 6, 25, 18, 21, 20, 23, 27, 11, 22, 30, 31, 8, 35, 34, 24, 14, 13, 32, 15, 4, 7, 9, 10, 16, 17, 26, 28, 36, 37]",3,0.0,0.0,0.0,0.0,0,10,3,0
smd,group1_development,machine-1-3,7,16220,16281,robust_z,-1,"[12, 5, 1, 2, 29, 33, 3, 19, 0, 6, 25, 18, 21, 20, 23, 27, 11, 22, 30, 31, 8, 35, 34, 24, 14, 13, 32, 15, 4, 7, 9, 10, 16, 17, 26, 28, 36, 37]",5,0.0,0.0,0.0,0.0,0,10,5,0
smd,group1_development,machine-1-3,7,16220,16281,pca_q,-1,"[5, 10, 29, 1, 2, 8, 33, 3, 19, 14, 0, 6, 11, 25, 15, 18, 13, 21, 23, 20, 27, 22, 30, 31, 35, 34, 24, 32, 9, 12, 4, 7, 16, 17, 26, 28, 36, 37]",1,0.0,0.0,0.0,0.0,0,10,1,0
smd,group1_development,machine-1-3,7,16220,16281,pca_q,-1,"[5, 10, 29, 1, 2, 8, 33, 3, 19, 14, 0, 6, 11, 25, 15, 18, 13, 21, 23, 20, 27, 22, 30, 31, 35, 34, 24, 32, 9, 12, 4, 7, 16, 17, 26, 28, 36, 37]",3,0.0,0.0,0.0,0.0,0,10,3,0
smd,group1_development,machine-1-3,7,16220,16281,pca_q,-1,"[5, 10, 29, 1, 2, 8, 33, 3, 19, 14, 0, 6, 11, 25, 15, 18, 13, 21, 23, 20, 27, 22, 30, 31, 35, 34, 24, 32, 9, 12, 4, 7, 16, 17, 26, 28, 36, 37]",5,0.0,0.0,0.0,0.0,0,10,5,0
smd,group1_development,machine-1-3,7,16220,16281,baro_robust_scorer,-1,"[15, 8, 14, 2, 3, 1, 0, 25, 23, 13, 19, 11, 21, 18, 20, 27, 30, 22, 24, 31, 35, 34, 33, 6, 5, 12, 32]",1,0.0,0.0,0.0,0.0,0,10,1,0
smd,group1_development,machine-1-3,7,16220,16281,baro_robust_scorer,-1,"[15, 8, 14, 2, 3, 1, 0, 25, 23, 13, 19, 11, 21, 18, 20, 27, 30, 22, 24, 31, 35, 34, 33, 6, 5, 12, 32]",3,0.0,0.0,0.0,0.0,0,10,3,0
smd,group1_development,machine-1-3,7,16220,16281,baro_robust_scorer,-1,"[15, 8, 14, 2, 3, 1, 0, 25, 23, 13, 19, 11, 21, 18, 20, 27, 30, 22, 24, 31, 35, 34, 33, 6, 5, 12, 32]",5,0.0,0.0,0.0,0.0,0,10,5,0
smd,group1_development,machine-1-3,8,17016,17241,robust_z,-1,"[12, 8, 9, 14, 11, 5, 15, 33, 29, 25, 23, 6, 13, 10, 32, 1, 19, 24, 2, 0, 35, 34, 30, 31, 21, 27, 20, 18, 22, 3, 4, 7, 16, 17, 26, 28, 36, 37]",1,0.0,0.0,0.0,0.0,0,2,1,0
smd,group1_development,machine-1-3,8,17016,17241,robust_z,-1,"[12, 8, 9, 14, 11, 5, 15, 33, 29, 25, 23, 6, 13, 10, 32, 1, 19, 24, 2, 0, 35, 34, 30, 31, 21, 27, 20, 18, 22, 3, 4, 7, 16, 17, 26, 28, 36, 37]",3,0.0,0.0,0.0,0.0,0,2,3,0
smd,group1_development,machine-1-3,8,17016,17241,robust_z,-1,"[12, 8, 9, 14, 11, 5, 15, 33, 29, 25, 23, 6, 13, 10, 32, 1, 19, 24, 2, 0, 35, 34, 30, 31, 21, 27, 20, 18, 22, 3, 4, 7, 16, 17, 26, 28, 36, 37]",5,0.4,1.0,0.5714285714285715,0.5012658353418871,1,2,5,2
smd,group1_development,machine-1-3,8,17016,17241,pca_q,-1,"[10, 14, 5, 8, 11, 33, 29, 9, 15, 25, 6, 23, 13, 32, 1, 2, 3, 0, 24, 34, 35, 31, 30, 27, 21, 20, 18, 22, 19, 12, 4, 7, 16, 17, 26, 28, 36, 37]",1,0.0,0.0,0.0,0.0,0,2,1,0
smd,group1_development,machine-1-3,8,17016,17241,pca_q,-1,"[10, 14, 5, 8, 11, 33, 29, 9, 15, 25, 6, 23, 13, 32, 1, 2, 3, 0, 24, 34, 35, 31, 30, 27, 21, 20, 18, 22, 19, 12, 4, 7, 16, 17, 26, 28, 36, 37]",3,0.3333333333333333,0.5,0.4,0.38685280723454163,1,2,3,1
smd,group1_development,machine-1-3,8,17016,17241,pca_q,-1,"[10, 14, 5, 8, 11, 33, 29, 9, 15, 25, 6, 23, 13, 32, 1, 2, 3, 0, 24, 34, 35, 31, 30, 27, 21, 20, 18, 22, 19, 12, 4, 7, 16, 17, 26, 28, 36, 37]",5,0.4,1.0,0.5714285714285715,0.6240505200038379,1,2,5,2
smd,group1_development,machine-1-3,8,17016,17241,baro_robust_scorer,-1,"[8, 15, 14, 11, 13, 25, 0, 1, 24, 33, 2, 19, 3, 5, 35, 34, 21, 30, 18, 22, 27, 31, 20, 23, 6, 32, 29]",1,0.0,0.0,0.0,0.0,0,2,1,0
smd,group1_development,machine-1-3,8,17016,17241,baro_robust_scorer,-1,"[8, 15, 14, 11, 13, 25, 0, 1, 24, 33, 2, 19, 3, 5, 35, 34, 21, 30, 18, 22, 27, 31, 20, 23, 6, 32, 29]",3,0.3333333333333333,0.5,0.4,0.3065735963827292,1,2,3,1
smd,group1_development,machine-1-3,8,17016,17241,baro_robust_scorer,-1,"[8, 15, 14, 11, 13, 25, 0, 1, 24, 33, 2, 19, 3, 5, 35, 34, 21, 30, 18, 22, 27, 31, 20, 23, 6, 32, 29]",5,0.4,1.0,0.5714285714285715,0.5706417189553201,1,2,5,2
smd,group1_development,machine-1-3,9,17660,17716,robust_z,-1,"[12, 33, 29, 5, 8, 32, 14, 6, 11, 19, 2, 1, 0, 3, 25, 13, 18, 23, 20, 21, 22, 35, 34, 15, 31, 27, 30, 24, 4, 7, 9, 10, 16, 17, 26, 28, 36, 37]",1,0.0,0.0,0.0,0.0,0,8,1,0
smd,group1_development,machine-1-3,9,17660,17716,robust_z,-1,"[12, 33, 29, 5, 8, 32, 14, 6, 11, 19, 2, 1, 0, 3, 25, 13, 18, 23, 20, 21, 22, 35, 34, 15, 31, 27, 30, 24, 4, 7, 9, 10, 16, 17, 26, 28, 36, 37]",3,0.6666666666666666,0.25,0.36363636363636365,0.5307212739772434,1,8,3,2
smd,group1_development,machine-1-3,9,17660,17716,robust_z,-1,"[12, 33, 29, 5, 8, 32, 14, 6, 11, 19, 2, 1, 0, 3, 25, 13, 18, 23, 20, 21, 22, 35, 34, 15, 31, 27, 30, 24, 4, 7, 9, 10, 16, 17, 26, 28, 36, 37]",5,0.4,0.25,0.3076923076923077,0.38356636737133565,1,8,5,2
smd,group1_development,machine-1-3,9,17660,17716,pca_q,-1,"[33, 29, 10, 5, 8, 32, 14, 11, 6, 13, 25, 23, 19, 1, 2, 15, 0, 9, 18, 3, 21, 20, 22, 35, 34, 27, 31, 30, 24, 12, 4, 7, 16, 17, 26, 28, 36, 37]",1,1.0,0.125,0.2222222222222222,1.0,1,8,1,1
smd,group1_development,machine-1-3,9,17660,17716,pca_q,-1,"[33, 29, 10, 5, 8, 32, 14, 11, 6, 13, 25, 23, 19, 1, 2, 15, 0, 9, 18, 3, 21, 20, 22, 35, 34, 27, 31, 30, 24, 12, 4, 7, 16, 17, 26, 28, 36, 37]",3,0.6666666666666666,0.25,0.36363636363636365,0.7653606369886217,1,8,3,2
smd,group1_development,machine-1-3,9,17660,17716,pca_q,-1,"[33, 29, 10, 5, 8, 32, 14, 11, 6, 13, 25, 23, 19, 1, 2, 15, 0, 9, 18, 3, 21, 20, 22, 35, 34, 27, 31, 30, 24, 12, 4, 7, 16, 17, 26, 28, 36, 37]",5,0.4,0.25,0.3076923076923077,0.5531464700081437,1,8,5,2
smd,group1_development,machine-1-3,9,17660,17716,baro_robust_scorer,-1,"[8, 15, 14, 33, 11, 13, 25, 23, 19, 0, 32, 2, 20, 27, 21, 18, 22, 30, 24, 3, 31, 34, 35, 5, 1, 6, 29, 12]",1,0.0,0.0,0.0,0.0,0,8,1,0
smd,group1_development,machine-1-3,9,17660,17716,baro_robust_scorer,-1,"[8, 15, 14, 33, 11, 13, 25, 23, 19, 0, 32, 2, 20, 27, 21, 18, 22, 30, 24, 3, 31, 34, 35, 5, 1, 6, 29, 12]",3,0.0,0.0,0.0,0.0,0,8,3,0
smd,group1_development,machine-1-3,9,17660,17716,baro_robust_scorer,-1,"[8, 15, 14, 33, 11, 13, 25, 23, 19, 0, 32, 2, 20, 27, 21, 18, 22, 30, 24, 3, 31, 34, 35, 5, 1, 6, 29, 12]",5,0.2,0.125,0.15384615384615385,0.14606834984270645,1,8,5,1
smd,group1_development,machine-1-3,10,22923,23019,robust_z,-1,"[12, 4, 9, 17, 16, 10, 28, 8, 14, 15, 13, 1, 2, 3, 11, 6, 33, 5, 23, 25, 0, 29, 32, 19, 21, 30, 31, 27, 24, 34, 35, 22, 20, 18, 7, 26, 36, 37]",1,1.0,0.029411764705882353,0.05714285714285715,1.0,1,34,1,1
smd,group1_development,machine-1-3,10,22923,23019,robust_z,-1,"[12, 4, 9, 17, 16, 10, 28, 8, 14, 15, 13, 1, 2, 3, 11, 6, 33, 5, 23, 25, 0, 29, 32, 19, 21, 30, 31, 27, 24, 34, 35, 22, 20, 18, 7, 26, 36, 37]",3,1.0,0.08823529411764706,0.1621621621621622,1.0,1,34,3,3
smd,group1_development,machine-1-3,10,22923,23019,robust_z,-1,"[12, 4, 9, 17, 16, 10, 28, 8, 14, 15, 13, 1, 2, 3, 11, 6, 33, 5, 23, 25, 0, 29, 32, 19, 21, 30, 31, 27, 24, 34, 35, 22, 20, 18, 7, 26, 36, 37]",5,1.0,0.14705882352941177,0.25641025641025644,1.0,1,34,5,5
smd,group1_development,machine-1-3,10,22923,23019,pca_q,-1,"[4, 17, 16, 10, 28, 9, 14, 8, 11, 15, 12, 1, 2, 3, 13, 29, 5, 33, 6, 23, 25, 19, 22, 21, 31, 27, 30, 24, 35, 34, 20, 18, 32, 0, 7, 26, 36, 37]",1,1.0,0.029411764705882353,0.05714285714285715,1.0,1,34,1,1
smd,group1_development,machine-1-3,10,22923,23019,pca_q,-1,"[4, 17, 16, 10, 28, 9, 14, 8, 11, 15, 12, 1, 2, 3, 13, 29, 5, 33, 6, 23, 25, 19, 22, 21, 31, 27, 30, 24, 35, 34, 20, 18, 32, 0, 7, 26, 36, 37]",3,1.0,0.08823529411764706,0.1621621621621622,1.0,1,34,3,3
smd,group1_development,machine-1-3,10,22923,23019,pca_q,-1,"[4, 17, 16, 10, 28, 9, 14, 8, 11, 15, 12, 1, 2, 3, 13, 29, 5, 33, 6, 23, 25, 19, 22, 21, 31, 27, 30, 24, 35, 34, 20, 18, 32, 0, 7, 26, 36, 37]",5,1.0,0.14705882352941177,0.25641025641025644,1.0,1,34,5,5
smd,group1_development,machine-1-3,10,22923,23019,baro_robust_scorer,-1,"[8, 3, 15, 2, 25, 23, 14, 1, 13, 6, 11, 0, 5, 33, 22, 18, 20, 24, 30, 35, 34, 27, 31, 21, 19, 32]",1,1.0,0.029411764705882353,0.05714285714285715,1.0,1,34,1,1
smd,group1_development,machine-1-3,10,22923,23019,baro_robust_scorer,-1,"[8, 3, 15, 2, 25, 23, 14, 1, 13, 6, 11, 0, 5, 33, 22, 18, 20, 24, 30, 35, 34, 27, 31, 21, 19, 32]",3,1.0,0.08823529411764706,0.1621621621621622,1.0,1,34,3,3
smd,group1_development,machine-1-3,10,22923,23019,baro_robust_scorer,-1,"[8, 3, 15, 2, 25, 23, 14, 1, 13, 6, 11, 0, 5, 33, 22, 18, 20, 24, 30, 35, 34, 27, 31, 21, 19, 32]",5,1.0,0.14705882352941177,0.25641025641025644,1.0,1,34,5,5
smd,group1_development,machine-1-4,0,385,417,robust_z,-1,"[32, 12, 9, 10, 8, 15, 14, 5, 11, 4, 29, 13, 1, 2, 3, 0, 19, 18, 21, 24, 27, 20, 31, 30, 34, 35, 22, 33, 6, 23, 25, 7, 16, 17, 26, 28, 36, 37]",1,0.0,0.0,0.0,0.0,0,3,1,0
smd,group1_development,machine-1-4,0,385,417,robust_z,-1,"[32, 12, 9, 10, 8, 15, 14, 5, 11, 4, 29, 13, 1, 2, 3, 0, 19, 18, 21, 24, 27, 20, 31, 30, 34, 35, 22, 33, 6, 23, 25, 7, 16, 17, 26, 28, 36, 37]",3,0.0,0.0,0.0,0.0,0,3,3,0
smd,group1_development,machine-1-4,0,385,417,robust_z,-1,"[32, 12, 9, 10, 8, 15, 14, 5, 11, 4, 29, 13, 1, 2, 3, 0, 19, 18, 21, 24, 27, 20, 31, 30, 34, 35, 22, 33, 6, 23, 25, 7, 16, 17, 26, 28, 36, 37]",5,0.0,0.0,0.0,0.0,0,3,5,0
smd,group1_development,machine-1-4,0,385,417,pca_q,-1,"[12, 9, 10, 8, 15, 14, 32, 11, 5, 13, 4, 29, 1, 2, 3, 0, 23, 19, 21, 27, 18, 24, 20, 30, 31, 34, 35, 25, 22, 33, 6, 17, 7, 16, 26, 28, 36, 37]",1,0.0,0.0,0.0,0.0,0,3,1,0
smd,group1_development,machine-1-4,0,385,417,pca_q,-1,"[12, 9, 10, 8, 15, 14, 32, 11, 5, 13, 4, 29, 1, 2, 3, 0, 23, 19, 21, 27, 18, 24, 20, 30, 31, 34, 35, 25, 22, 33, 6, 17, 7, 16, 26, 28, 36, 37]",3,0.0,0.0,0.0,0.0,0,3,3,0
smd,group1_development,machine-1-4,0,385,417,pca_q,-1,"[12, 9, 10, 8, 15, 14, 32, 11, 5, 13, 4, 29, 1, 2, 3, 0, 23, 19, 21, 27, 18, 24, 20, 30, 31, 34, 35, 25, 22, 33, 6, 17, 7, 16, 26, 28, 36, 37]",5,0.2,0.3333333333333333,0.25,0.18154179253735267,1,3,5,1
smd,group1_development,machine-1-4,0,385,417,baro_robust_scorer,-1,"[8, 15, 14, 11, 5, 13, 6, 33, 19, 25, 23, 22, 0, 18, 27, 20, 30, 21, 3, 31, 24, 2, 35, 34, 1, 32, 12, 9, 10]",1,0.0,0.0,0.0,0.0,0,3,1,0
smd,group1_development,machine-1-4,0,385,417,baro_robust_scorer,-1,"[8, 15, 14, 11, 5, 13, 6, 33, 19, 25, 23, 22, 0, 18, 27, 20, 30, 21, 3, 31, 24, 2, 35, 34, 1, 32, 12, 9, 10]",3,0.6666666666666666,0.6666666666666666,0.6666666666666666,0.5307212739772434,1,3,3,2
smd,group1_development,machine-1-4,0,385,417,baro_robust_scorer,-1,"[8, 15, 14, 11, 5, 13, 6, 33, 19, 25, 23, 22, 0, 18, 27, 20, 30, 21, 3, 31, 24, 2, 35, 34, 1, 32, 12, 9, 10]",5,0.6,1.0,0.7499999999999999,0.7328286204777911,1,3,5,3
smd,group1_development,machine-1-4,1,5626,5679,robust_z,-1,"[32, 12, 9, 10, 8, 15, 14, 5, 11, 6, 4, 13, 29, 25, 33, 23, 1, 19, 0, 31, 24, 34, 35, 21, 27, 30, 2, 20, 18, 22, 3, 7, 16, 17, 26, 28, 36, 37]",1,0.0,0.0,0.0,0.0,0,3,1,0
smd,group1_development,machine-1-4,1,5626,5679,robust_z,-1,"[32, 12, 9, 10, 8, 15, 14, 5, 11, 6, 4, 13, 29, 25, 33, 23, 1, 19, 0, 31, 24, 34, 35, 21, 27, 30, 2, 20, 18, 22, 3, 7, 16, 17, 26, 28, 36, 37]",3,0.0,0.0,0.0,0.0,0,3,3,0
smd,group1_development,machine-1-4,1,5626,5679,robust_z,-1,"[32, 12, 9, 10, 8, 15, 14, 5, 11, 6, 4, 13, 29, 25, 33, 23, 1, 19, 0, 31, 24, 34, 35, 21, 27, 30, 2, 20, 18, 22, 3, 7, 16, 17, 26, 28, 36, 37]",5,0.0,0.0,0.0,0.0,0,3,5,0
smd,group1_development,machine-1-4,1,5626,5679,pca_q,-1,"[12, 9, 10, 8, 15, 14, 32, 11, 5, 13, 6, 4, 33, 25, 23, 29, 17, 1, 2, 3, 0, 18, 22, 19, 24, 34, 35, 20, 21, 31, 30, 27, 7, 16, 26, 28, 36, 37]",1,0.0,0.0,0.0,0.0,0,3,1,0
smd,group1_development,machine-1-4,1,5626,5679,pca_q,-1,"[12, 9, 10, 8, 15, 14, 32, 11, 5, 13, 6, 4, 33, 25, 23, 29, 17, 1, 2, 3, 0, 18, 22, 19, 24, 34, 35, 20, 21, 31, 30, 27, 7, 16, 26, 28, 36, 37]",3,0.0,0.0,0.0,0.0,0,3,3,0
smd,group1_development,machine-1-4,1,5626,5679,pca_q,-1,"[12, 9, 10, 8, 15, 14, 32, 11, 5, 13, 6, 4, 33, 25, 23, 29, 17, 1, 2, 3, 0, 18, 22, 19, 24, 34, 35, 20, 21, 31, 30, 27, 7, 16, 26, 28, 36, 37]",5,0.2,0.3333333333333333,0.25,0.18154179253735267,1,3,5,1
smd,group1_development,machine-1-4,1,5626,5679,baro_robust_scorer,-1,"[8, 15, 14, 11, 5, 13, 22, 2, 3, 18, 23, 1, 25, 0, 31, 34, 35, 20, 30, 24, 6, 27, 21, 19, 33, 32, 12, 29, 9, 10]",1,0.0,0.0,0.0,0.0,0,3,1,0
smd,group1_development,machine-1-4,1,5626,5679,baro_robust_scorer,-1,"[8, 15, 14, 11, 5, 13, 22, 2, 3, 18, 23, 1, 25, 0, 31, 34, 35, 20, 30, 24, 6, 27, 21, 19, 33, 32, 12, 29, 9, 10]",3,0.6666666666666666,0.6666666666666666,0.6666666666666666,0.5307212739772434,1,3,3,2
smd,group1_development,machine-1-4,1,5626,5679,baro_robust_scorer,-1,"[8, 15, 14, 11, 5, 13, 22, 2, 3, 18, 23, 1, 25, 0, 31, 34, 35, 20, 30, 24, 6, 27, 21, 19, 33, 32, 12, 29, 9, 10]",5,0.6,1.0,0.7499999999999999,0.7328286204777911,1,3,5,3
smd,group1_development,machine-1-4,2,11314,11519,robust_z,-1,"[32, 12, 9, 10, 8, 14, 15, 5, 1, 2, 3, 29, 19, 4, 11, 0, 6, 13, 21, 23, 18, 20, 33, 27, 31, 34, 35, 30, 25, 22, 24, 7, 16, 17, 26, 28, 36, 37]",1,0.0,0.0,0.0,0.0,0,2,1,0
smd,group1_development,machine-1-4,2,11314,11519,robust_z,-1,"[32, 12, 9, 10, 8, 14, 15, 5, 1, 2, 3, 29, 19, 4, 11, 0, 6, 13, 21, 23, 18, 20, 33, 27, 31, 34, 35, 30, 25, 22, 24, 7, 16, 17, 26, 28, 36, 37]",3,0.0,0.0,0.0,0.0,0,2,3,0
smd,group1_development,machine-1-4,2,11314,11519,robust_z,-1,"[32, 12, 9, 10, 8, 14, 15, 5, 1, 2, 3, 29, 19, 4, 11, 0, 6, 13, 21, 23, 18, 20, 33, 27, 31, 34, 35, 30, 25, 22, 24, 7, 16, 17, 26, 28, 36, 37]",5,0.0,0.0,0.0,0.0,0,2,5,0
smd,group1_development,machine-1-4,2,11314,11519,pca_q,-1,"[12, 9, 10, 8, 14, 15, 5, 11, 32, 29, 1, 2, 13, 3, 19, 33, 4, 0, 23, 6, 25, 21, 18, 20, 27, 31, 30, 34, 35, 22, 24, 17, 7, 16, 26, 28, 36, 37]",1,0.0,0.0,0.0,0.0,0,2,1,0
smd,group1_development,machine-1-4,2,11314,11519,pca_q,-1,"[12, 9, 10, 8, 14, 15, 5, 11, 32, 29, 1, 2, 13, 3, 19, 33, 4, 0, 23, 6, 25, 21, 18, 20, 27, 31, 30, 34, 35, 22, 24, 17, 7, 16, 26, 28, 36, 37]",3,0.0,0.0,0.0,0.0,0,2,3,0
smd,group1_development,machine-1-4,2,11314,11519,pca_q,-1,"[12, 9, 10, 8, 14, 15, 5, 11, 32, 29, 1, 2, 13, 3, 19, 33, 4, 0, 23, 6, 25, 21, 18, 20, 27, 31, 30, 34, 35, 22, 24, 17, 7, 16, 26, 28, 36, 37]",5,0.2,0.5,0.28571428571428575,0.23719771276929622,1,2,5,1
smd,group1_development,machine-1-4,2,11314,11519,baro_robust_scorer,-1,"[8, 14, 15, 23, 11, 25, 13, 5, 1, 6, 3, 2, 0, 33, 19, 21, 27, 20, 24, 30, 18, 22, 31, 34, 35, 32, 12, 29, 9, 10]",1,0.0,0.0,0.0,0.0,0,2,1,0
smd,group1_development,machine-1-4,2,11314,11519,baro_robust_scorer,-1,"[8, 14, 15, 23, 11, 25, 13, 5, 1, 6, 3, 2, 0, 33, 19, 21, 27, 20, 24, 30, 18, 22, 31, 34, 35, 32, 12, 29, 9, 10]",3,0.3333333333333333,0.5,0.4,0.38685280723454163,1,2,3,1
smd,group1_development,machine-1-4,2,11314,11519,baro_robust_scorer,-1,"[8, 14, 15, 23, 11, 25, 13, 5, 1, 6, 3, 2, 0, 33, 19, 21, 27, 20, 24, 30, 18, 22, 31, 34, 35, 32, 12, 29, 9, 10]",5,0.4,1.0,0.5714285714285715,0.6240505200038379,1,2,5,2
smd,group1_development,machine-1-4,3,13872,13925,robust_z,-1,"[32, 12, 8, 15, 14, 11, 5, 13, 23, 29, 4, 6, 25, 33, 22, 31, 34, 35, 27, 30, 21, 19, 20, 1, 24, 2, 0, 3, 18, 7, 9, 10, 16, 17, 26, 28, 36, 37]",1,0.0,0.0,0.0,0.0,0,14,1,0
smd,group1_development,machine-1-4,3,13872,13925,robust_z,-1,"[32, 12, 8, 15, 14, 11, 5, 13, 23, 29, 4, 6, 25, 33, 22, 31, 34, 35, 27, 30, 21, 19, 20, 1, 24, 2, 0, 3, 18, 7, 9, 10, 16, 17, 26, 28, 36, 37]",3,0.0,0.0,0.0,0.0,0,14,3,0
smd,group1_development,machine-1-4,3,13872,13925,robust_z,-1,"[32, 12, 8, 15, 14, 11, 5, 13, 23, 29, 4, 6, 25, 33, 22, 31, 34, 35, 27, 30, 21, 19, 20, 1, 24, 2, 0, 3, 18, 7, 9, 10, 16, 17, 26, 28, 36, 37]",5,0.0,0.0,0.0,0.0,0,14,5,0
smd,group1_development,machine-1-4,3,13872,13925,pca_q,-1,"[12, 8, 9, 15, 14, 10, 32, 11, 5, 13, 29, 23, 6, 4, 25, 33, 1, 22, 2, 31, 34, 35, 27, 30, 21, 3, 20, 19, 24, 18, 0, 17, 7, 16, 26, 28, 36, 37]",1,0.0,0.0,0.0,0.0,0,14,1,0
smd,group1_development,machine-1-4,3,13872,13925,pca_q,-1,"[12, 8, 9, 15, 14, 10, 32, 11, 5, 13, 29, 23, 6, 4, 25, 33, 1, 22, 2, 31, 34, 35, 27, 30, 21, 3, 20, 19, 24, 18, 0, 17, 7, 16, 26, 28, 36, 37]",3,0.0,0.0,0.0,0.0,0,14,3,0
smd,group1_development,machine-1-4,3,13872,13925,pca_q,-1,"[12, 8, 9, 15, 14, 10, 32, 11, 5, 13, 29, 23, 6, 4, 25, 33, 1, 22, 2, 31, 34, 35, 27, 30, 21, 3, 20, 19, 24, 18, 0, 17, 7, 16, 26, 28, 36, 37]",5,0.0,0.0,0.0,0.0,0,14,5,0
smd,group1_development,machine-1-4,3,13872,13925,baro_robust_scorer,-1,"[8, 15, 14, 11, 5, 13, 23, 25, 1, 2, 6, 21, 30, 27, 31, 33, 24, 19, 35, 34, 20, 22, 3, 18, 32, 12, 0]",1,0.0,0.0,0.0,0.0,0,14,1,0
smd,group1_development,machine-1-4,3,13872,13925,baro_robust_scorer,-1,"[8, 15, 14, 11, 5, 13, 23, 25, 1, 2, 6, 21, 30, 27, 31, 33, 24, 19, 35, 34, 20, 22, 3, 18, 32, 12, 0]",3,0.0,0.0,0.0,0.0,0,14,3,0
smd,group1_development,machine-1-4,3,13872,13925,baro_robust_scorer,-1,"[8, 15, 14, 11, 5, 13, 23, 25, 1, 2, 6, 21, 30, 27, 31, 33, 24, 19, 35, 34, 20, 22, 3, 18, 32, 12, 0]",5,0.0,0.0,0.0,0.0,0,14,5,0
smd,group1_development,machine-1-4,4,13355,13376,robust_z,-1,"[32, 9, 10, 5, 1, 23, 25, 2, 19, 3, 0, 8, 15, 29, 4, 18, 21, 20, 27, 33, 30, 6, 31, 34, 35, 24, 14, 22, 13, 11, 7, 12, 16, 17, 26, 28, 36, 37]",1,0.0,0.0,0.0,0.0,0,3,1,0
smd,group1_development,machine-1-4,4,13355,13376,robust_z,-1,"[32, 9, 10, 5, 1, 23, 25, 2, 19, 3, 0, 8, 15, 29, 4, 18, 21, 20, 27, 33, 30, 6, 31, 34, 35, 24, 14, 22, 13, 11, 7, 12, 16, 17, 26, 28, 36, 37]",3,0.0,0.0,0.0,0.0,0,3,3,0
smd,group1_development,machine-1-4,4,13355,13376,robust_z,-1,"[32, 9, 10, 5, 1, 23, 25, 2, 19, 3, 0, 8, 15, 29, 4, 18, 21, 20, 27, 33, 30, 6, 31, 34, 35, 24, 14, 22, 13, 11, 7, 12, 16, 17, 26, 28, 36, 37]",5,0.0,0.0,0.0,0.0,0,3,5,0
smd,group1_development,machine-1-4,4,13355,13376,pca_q,-1,"[9, 12, 10, 8, 5, 15, 23, 1, 25, 2, 14, 29, 19, 3, 0, 13, 4, 33, 18, 21, 20, 27, 6, 30, 31, 34, 35, 24, 11, 22, 17, 32, 7, 16, 26, 28, 36, 37]",1,0.0,0.0,0.0,0.0,0,3,1,0
smd,group1_development,machine-1-4,4,13355,13376,pca_q,-1,"[9, 12, 10, 8, 5, 15, 23, 1, 25, 2, 14, 29, 19, 3, 0, 13, 4, 33, 18, 21, 20, 27, 6, 30, 31, 34, 35, 24, 11, 22, 17, 32, 7, 16, 26, 28, 36, 37]",3,0.0,0.0,0.0,0.0,0,3,3,0
smd,group1_development,machine-1-4,4,13355,13376,pca_q,-1,"[9, 12, 10, 8, 5, 15, 23, 1, 25, 2, 14, 29, 19, 3, 0, 13, 4, 33, 18, 21, 20, 27, 6, 30, 31, 34, 35, 24, 11, 22, 17, 32, 7, 16, 26, 28, 36, 37]",5,0.0,0.0,0.0,0.0,0,3,5,0
smd,group1_development,machine-1-4,4,13355,13376,baro_robust_scorer,-1,"[8, 15, 3, 14, 2, 1, 0, 22, 13, 19, 20, 25, 23, 21, 27, 30, 18, 31, 24, 35, 34, 6, 11, 5, 33, 32, 9, 10]",1,0.0,0.0,0.0,0.0,0,3,1,0
smd,group1_development,machine-1-4,4,13355,13376,baro_robust_scorer,-1,"[8, 15, 3, 14, 2, 1, 0, 22, 13, 19, 20, 25, 23, 21, 27, 30, 18, 31, 24, 35, 34, 6, 11, 5, 33, 32, 9, 10]",3,0.3333333333333333,0.3333333333333333,0.3333333333333333,0.2960819109658652,1,3,3,1
smd,group1_development,machine-1-4,4,13355,13376,baro_robust_scorer,-1,"[8, 15, 3, 14, 2, 1, 0, 22, 13, 19, 20, 25, 23, 21, 27, 30, 18, 31, 24, 35, 34, 6, 11, 5, 33, 32, 9, 10]",5,0.4,0.6666666666666666,0.5,0.49818925746641285,1,3,5,2
smd,group1_development,machine-1-4,5,16240,16261,robust_z,-1,"[32, 12, 5, 1, 2, 8, 23, 19, 3, 0, 25, 15, 33, 4, 6, 29, 21, 18, 20, 14, 27, 30, 31, 13, 34, 35, 24, 22, 11, 7, 9, 10, 16, 17, 26, 28, 36, 37]",1,0.0,0.0,0.0,0.0,0,14,1,0
smd,group1_development,machine-1-4,5,16240,16261,robust_z,-1,"[32, 12, 5, 1, 2, 8, 23, 19, 3, 0, 25, 15, 33, 4, 6, 29, 21, 18, 20, 14, 27, 30, 31, 13, 34, 35, 24, 22, 11, 7, 9, 10, 16, 17, 26, 28, 36, 37]",3,0.0,0.0,0.0,0.0,0,14,3,0
smd,group1_development,machine-1-4,5,16240,16261,robust_z,-1,"[32, 12, 5, 1, 2, 8, 23, 19, 3, 0, 25, 15, 33, 4, 6, 29, 21, 18, 20, 14, 27, 30, 31, 13, 34, 35, 24, 22, 11, 7, 9, 10, 16, 17, 26, 28, 36, 37]",5,0.0,0.0,0.0,0.0,0,14,5,0
smd,group1_development,machine-1-4,5,16240,16261,pca_q,-1,"[12, 9, 10, 8, 5, 15, 1, 14, 2, 23, 25, 19, 3, 0, 13, 29, 33, 6, 4, 21, 18, 20, 32, 27, 30, 31, 24, 34, 35, 11, 22, 17, 7, 16, 26, 28, 36, 37]",1,0.0,0.0,0.0,0.0,0,14,1,0
smd,group1_development,machine-1-4,5,16240,16261,pca_q,-1,"[12, 9, 10, 8, 5, 15, 1, 14, 2, 23, 25, 19, 3, 0, 13, 29, 33, 6, 4, 21, 18, 20, 32, 27, 30, 31, 24, 34, 35, 11, 22, 17, 7, 16, 26, 28, 36, 37]",3,0.0,0.0,0.0,0.0,0,14,3,0
smd,group1_development,machine-1-4,5,16240,16261,pca_q,-1,"[12, 9, 10, 8, 5, 15, 1, 14, 2, 23, 25, 19, 3, 0, 13, 29, 33, 6, 4, 21, 18, 20, 32, 27, 30, 31, 24, 34, 35, 11, 22, 17, 7, 16, 26, 28, 36, 37]",5,0.0,0.0,0.0,0.0,0,14,5,0
smd,group1_development,machine-1-4,5,16240,16261,baro_robust_scorer,-1,"[8, 14, 15, 3, 2, 13, 25, 1, 0, 23, 22, 21, 30, 19, 31, 24, 27, 35, 34, 20, 18, 11, 5, 6, 33, 12, 32]",1,0.0,0.0,0.0,0.0,0,14,1,0
smd,group1_development,machine-1-4,5,16240,16261,baro_robust_scorer,-1,"[8, 14, 15, 3, 2, 13, 25, 1, 0, 23, 22, 21, 30, 19, 31, 24, 27, 35, 34, 20, 18, 11, 5, 6, 33, 12, 32]",3,0.0,0.0,0.0,0.0,0,14,3,0
smd,group1_development,machine-1-4,5,16240,16261,baro_robust_scorer,-1,"[8, 14, 15, 3, 2, 13, 25, 1, 0, 23, 22, 21, 30, 19, 31, 24, 27, 35, 34, 20, 18, 11, 5, 6, 33, 12, 32]",5,0.0,0.0,0.0,0.0,0,14,5,0
smd,group1_development,machine-1-4,6,17060,17197,robust_z,-1,"[32, 12, 8, 15, 14, 5, 11, 33, 4, 29, 6, 13, 23, 25, 22, 1, 34, 35, 24, 31, 30, 27, 0, 21, 20, 19, 2, 18, 3, 7, 9, 10, 16, 17, 26, 28, 36, 37]",1,0.0,0.0,0.0,0.0,0,2,1,0
smd,group1_development,machine-1-4,6,17060,17197,robust_z,-1,"[32, 12, 8, 15, 14, 5, 11, 33, 4, 29, 6, 13, 23, 25, 22, 1, 34, 35, 24, 31, 30, 27, 0, 21, 20, 19, 2, 18, 3, 7, 9, 10, 16, 17, 26, 28, 36, 37]",3,0.0,0.0,0.0,0.0,0,2,3,0
smd,group1_development,machine-1-4,6,17060,17197,robust_z,-1,"[32, 12, 8, 15, 14, 5, 11, 33, 4, 29, 6, 13, 23, 25, 22, 1, 34, 35, 24, 31, 30, 27, 0, 21, 20, 19, 2, 18, 3, 7, 9, 10, 16, 17, 26, 28, 36, 37]",5,0.2,0.5,0.28571428571428575,0.23719771276929622,1,2,5,1
smd,group1_development,machine-1-4,6,17060,17197,pca_q,-1,"[12, 9, 8, 15, 14, 10, 32, 11, 5, 29, 33, 13, 4, 6, 23, 25, 1, 22, 17, 24, 34, 35, 2, 31, 3, 30, 0, 27, 20, 21, 18, 19, 7, 16, 26, 28, 36, 37]",1,0.0,0.0,0.0,0.0,0,2,1,0
smd,group1_development,machine-1-4,6,17060,17197,pca_q,-1,"[12, 9, 8, 15, 14, 10, 32, 11, 5, 29, 33, 13, 4, 6, 23, 25, 1, 22, 17, 24, 34, 35, 2, 31, 3, 30, 0, 27, 20, 21, 18, 19, 7, 16, 26, 28, 36, 37]",3,0.0,0.0,0.0,0.0,0,2,3,0
smd,group1_development,machine-1-4,6,17060,17197,pca_q,-1,"[12, 9, 8, 15, 14, 10, 32, 11, 5, 29, 33, 13, 4, 6, 23, 25, 1, 22, 17, 24, 34, 35, 2, 31, 3, 30, 0, 27, 20, 21, 18, 19, 7, 16, 26, 28, 36, 37]",5,0.2,0.5,0.28571428571428575,0.23719771276929622,1,2,5,1
smd,group1_development,machine-1-4,6,17060,17197,baro_robust_scorer,-1,"[8, 15, 14, 11, 23, 25, 13, 0, 33, 5, 19, 18, 21, 20, 27, 30, 1, 24, 31, 34, 35, 22, 2, 3, 6, 12, 32]",1,0.0,0.0,0.0,0.0,0,2,1,0
smd,group1_development,machine-1-4,6,17060,17197,baro_robust_scorer,-1,"[8, 15, 14, 11, 23, 25, 13, 0, 33, 5, 19, 18, 21, 20, 27, 30, 1, 24, 31, 34, 35, 22, 2, 3, 6, 12, 32]",3,0.3333333333333333,0.5,0.4,0.3065735963827292,1,2,3,1
smd,group1_development,machine-1-4,6,17060,17197,baro_robust_scorer,-1,"[8, 15, 14, 11, 23, 25, 13, 0, 33, 5, 19, 18, 21, 20, 27, 30, 1, 24, 31, 34, 35, 22, 2, 3, 6, 12, 32]",5,0.4,1.0,0.5714285714285715,0.5706417189553201,1,2,5,2
smd,group1_development,machine-1-4,7,17630,17718,robust_z,-1,"[32, 12, 33, 8, 5, 29, 15, 14, 23, 4, 6, 25, 1, 2, 19, 3, 11, 13, 0, 18, 20, 21, 35, 34, 31, 27, 30, 24, 22, 7, 9, 10, 16, 17, 26, 28, 36, 37]",1,1.0,0.2,0.33333333333333337,1.0,1,5,1,1
smd,group1_development,machine-1-4,7,17630,17718,robust_z,-1,"[32, 12, 33, 8, 5, 29, 15, 14, 23, 4, 6, 25, 1, 2, 19, 3, 11, 13, 0, 18, 20, 21, 35, 34, 31, 27, 30, 24, 22, 7, 9, 10, 16, 17, 26, 28, 36, 37]",3,0.6666666666666666,0.4,0.5,0.7039180890341347,1,5,3,2
smd,group1_development,machine-1-4,7,17630,17718,robust_z,-1,"[32, 12, 33, 8, 5, 29, 15, 14, 23, 4, 6, 25, 1, 2, 19, 3, 11, 13, 0, 18, 20, 21, 35, 34, 31, 27, 30, 24, 22, 7, 9, 10, 16, 17, 26, 28, 36, 37]",5,0.4,0.4,0.4000000000000001,0.5087403079104241,1,5,5,2
smd,group1_development,machine-1-4,7,17630,17718,pca_q,-1,"[12, 9, 8, 33, 14, 15, 10, 29, 5, 11, 23, 32, 25, 6, 13, 4, 1, 2, 19, 3, 0, 18, 21, 20, 27, 17, 35, 34, 31, 30, 24, 22, 7, 16, 26, 28, 36, 37]",1,0.0,0.0,0.0,0.0,0,5,1,0
smd,group1_development,machine-1-4,7,17630,17718,pca_q,-1,"[12, 9, 8, 33, 14, 15, 10, 29, 5, 11, 23, 32, 25, 6, 13, 4, 1, 2, 19, 3, 0, 18, 21, 20, 27, 17, 35, 34, 31, 30, 24, 22, 7, 16, 26, 28, 36, 37]",3,0.0,0.0,0.0,0.0,0,5,3,0
smd,group1_development,machine-1-4,7,17630,17718,pca_q,-1,"[12, 9, 8, 33, 14, 15, 10, 29, 5, 11, 23, 32, 25, 6, 13, 4, 1, 2, 19, 3, 0, 18, 21, 20, 27, 17, 35, 34, 31, 30, 24, 22, 7, 16, 26, 28, 36, 37]",5,0.4,0.4,0.4000000000000001,0.27727342735504823,1,5,5,2
smd,group1_development,machine-1-4,7,17630,17718,baro_robust_scorer,-1,"[8, 14, 15, 33, 11, 13, 23, 25, 32, 19, 1, 0, 2, 24, 21, 30, 34, 35, 3, 27, 20, 18, 31, 22, 5, 6, 29]",1,0.0,0.0,0.0,0.0,0,5,1,0
smd,group1_development,machine-1-4,7,17630,17718,baro_robust_scorer,-1,"[8, 14, 15, 33, 11, 13, 23, 25, 32, 19, 1, 0, 2, 24, 21, 30, 34, 35, 3, 27, 20, 18, 31, 22, 5, 6, 29]",3,0.3333333333333333,0.2,0.25,0.2960819109658652,1,5,3,1
smd,group1_development,machine-1-4,7,17630,17718,baro_robust_scorer,-1,"[8, 14, 15, 33, 11, 13, 23, 25, 32, 19, 1, 0, 2, 24, 21, 30, 34, 35, 3, 27, 20, 18, 31, 22, 5, 6, 29]",5,0.6,0.6,0.6,0.4912596920895758,1,5,5,3
smd,group1_development,machine-1-4,8,18460,18481,robust_z,-1,"[32, 12, 5, 8, 15, 4, 33, 6, 14, 29, 23, 25, 13, 19, 11, 1, 0, 2, 21, 18, 20, 3, 27, 30, 22, 24, 31, 34, 35, 7, 9, 10, 16, 17, 26, 28, 36, 37]",1,0.0,0.0,0.0,0.0,0,14,1,0
smd,group1_development,machine-1-4,8,18460,18481,robust_z,-1,"[32, 12, 5, 8, 15, 4, 33, 6, 14, 29, 23, 25, 13, 19, 11, 1, 0, 2, 21, 18, 20, 3, 27, 30, 22, 24, 31, 34, 35, 7, 9, 10, 16, 17, 26, 28, 36, 37]",3,0.0,0.0,0.0,0.0,0,14,3,0
smd,group1_development,machine-1-4,8,18460,18481,robust_z,-1,"[32, 12, 5, 8, 15, 4, 33, 6, 14, 29, 23, 25, 13, 19, 11, 1, 0, 2, 21, 18, 20, 3, 27, 30, 22, 24, 31, 34, 35, 7, 9, 10, 16, 17, 26, 28, 36, 37]",5,0.0,0.0,0.0,0.0,0,14,5,0
smd,group1_development,machine-1-4,8,18460,18481,pca_q,-1,"[12, 9, 10, 8, 15, 5, 14, 23, 13, 29, 25, 6, 4, 33, 32, 19, 11, 1, 0, 2, 22, 34, 35, 24, 21, 31, 17, 18, 30, 3, 20, 27, 7, 16, 26, 28, 36, 37]",1,0.0,0.0,0.0,0.0,0,14,1,0
smd,group1_development,machine-1-4,8,18460,18481,pca_q,-1,"[12, 9, 10, 8, 15, 5, 14, 23, 13, 29, 25, 6, 4, 33, 32, 19, 11, 1, 0, 2, 22, 34, 35, 24, 21, 31, 17, 18, 30, 3, 20, 27, 7, 16, 26, 28, 36, 37]",3,0.0,0.0,0.0,0.0,0,14,3,0
smd,group1_development,machine-1-4,8,18460,18481,pca_q,-1,"[12, 9, 10, 8, 15, 5, 14, 23, 13, 29, 25, 6, 4, 33, 32, 19, 11, 1, 0, 2, 22, 34, 35, 24, 21, 31, 17, 18, 30, 3, 20, 27, 7, 16, 26, 28, 36, 37]",5,0.0,0.0,0.0,0.0,0,14,5,0
smd,group1_development,machine-1-4,8,18460,18481,baro_robust_scorer,-1,"[25, 23, 8, 15, 0, 14, 19, 27, 21, 18, 30, 20, 24, 3, 2, 22, 31, 35, 34, 13, 1, 6, 5, 11, 33, 12, 32]",1,1.0,0.07142857142857142,0.13333333333333333,1.0,1,14,1,1
smd,group1_development,machine-1-4,8,18460,18481,baro_robust_scorer,-1,"[25, 23, 8, 15, 0, 14, 19, 27, 21, 18, 30, 20, 24, 3, 2, 22, 31, 35, 34, 13, 1, 6, 5, 11, 33, 12, 32]",3,0.6666666666666666,0.14285714285714285,0.23529411764705882,0.7653606369886217,1,14,3,2
smd,group1_development,machine-1-4,8,18460,18481,baro_robust_scorer,-1,"[25, 23, 8, 15, 0, 14, 19, 27, 21, 18, 30, 20, 24, 3, 2, 22, 31, 35, 34, 13, 1, 6, 5, 11, 33, 12, 32]",5,0.6,0.21428571428571427,0.3157894736842105,0.6843515475204855,1,14,5,3
smd,group1_development,machine-1-4,9,20193,20233,robust_z,-1,"[32, 12, 8, 15, 14, 5, 11, 33, 29, 4, 23, 6, 13, 25, 19, 18, 0, 2, 1, 3, 20, 21, 27, 30, 34, 35, 31, 24, 22, 7, 9, 10, 16, 17, 26, 28, 36, 37]",1,0.0,0.0,0.0,0.0,0,2,1,0
smd,group1_development,machine-1-4,9,20193,20233,robust_z,-1,"[32, 12, 8, 15, 14, 5, 11, 33, 29, 4, 23, 6, 13, 25, 19, 18, 0, 2, 1, 3, 20, 21, 27, 30, 34, 35, 31, 24, 22, 7, 9, 10, 16, 17, 26, 28, 36, 37]",3,0.0,0.0,0.0,0.0,0,2,3,0
smd,group1_development,machine-1-4,9,20193,20233,robust_z,-1,"[32, 12, 8, 15, 14, 5, 11, 33, 29, 4, 23, 6, 13, 25, 19, 18, 0, 2, 1, 3, 20, 21, 27, 30, 34, 35, 31, 24, 22, 7, 9, 10, 16, 17, 26, 28, 36, 37]",5,0.2,0.5,0.28571428571428575,0.23719771276929622,1,2,5,1
smd,group1_development,machine-1-4,9,20193,20233,pca_q,-1,"[12, 9, 8, 15, 14, 10, 11, 32, 5, 29, 13, 33, 23, 4, 6, 25, 19, 17, 1, 18, 0, 2, 20, 21, 27, 3, 30, 34, 35, 31, 24, 22, 7, 16, 26, 28, 36, 37]",1,0.0,0.0,0.0,0.0,0,2,1,0
smd,group1_development,machine-1-4,9,20193,20233,pca_q,-1,"[12, 9, 8, 15, 14, 10, 11, 32, 5, 29, 13, 33, 23, 4, 6, 25, 19, 17, 1, 18, 0, 2, 20, 21, 27, 3, 30, 34, 35, 31, 24, 22, 7, 16, 26, 28, 36, 37]",3,0.0,0.0,0.0,0.0,0,2,3,0
smd,group1_development,machine-1-4,9,20193,20233,pca_q,-1,"[12, 9, 8, 15, 14, 10, 11, 32, 5, 29, 13, 33, 23, 4, 6, 25, 19, 17, 1, 18, 0, 2, 20, 21, 27, 3, 30, 34, 35, 31, 24, 22, 7, 16, 26, 28, 36, 37]",5,0.2,0.5,0.28571428571428575,0.23719771276929622,1,2,5,1
smd,group1_development,machine-1-4,9,20193,20233,baro_robust_scorer,-1,"[8, 15, 14, 11, 13, 5, 20, 33, 21, 27, 19, 0, 30, 24, 23, 25, 6, 18, 1, 22, 31, 34, 35, 2, 3, 12, 32]",1,0.0,0.0,0.0,0.0,0,2,1,0
smd,group1_development,machine-1-4,9,20193,20233,baro_robust_scorer,-1,"[8, 15, 14, 11, 13, 5, 20, 33, 21, 27, 19, 0, 30, 24, 23, 25, 6, 18, 1, 22, 31, 34, 35, 2, 3, 12, 32]",3,0.3333333333333333,0.5,0.4,0.3065735963827292,1,2,3,1
smd,group1_development,machine-1-4,9,20193,20233,baro_robust_scorer,-1,"[8, 15, 14, 11, 13, 5, 20, 33, 21, 27, 19, 0, 30, 24, 23, 25, 6, 18, 1, 22, 31, 34, 35, 2, 3, 12, 32]",5,0.4,1.0,0.5714285714285715,0.5706417189553201,1,2,5,2
smd,group1_development,machine-1-4,10,22970,23016,robust_z,-1,"[12, 9, 16, 32, 10, 17, 28, 8, 15, 14, 1, 13, 2, 3, 4, 11, 23, 6, 25, 5, 0, 33, 29, 19, 21, 22, 27, 31, 30, 34, 35, 20, 24, 18, 7, 26, 36, 37]",1,1.0,0.029411764705882353,0.05714285714285715,1.0,1,34,1,1
smd,group1_development,machine-1-4,10,22970,23016,robust_z,-1,"[12, 9, 16, 32, 10, 17, 28, 8, 15, 14, 1, 13, 2, 3, 4, 11, 23, 6, 25, 5, 0, 33, 29, 19, 21, 22, 27, 31, 30, 34, 35, 20, 24, 18, 7, 26, 36, 37]",3,1.0,0.08823529411764706,0.1621621621621622,1.0,1,34,3,3
smd,group1_development,machine-1-4,10,22970,23016,robust_z,-1,"[12, 9, 16, 32, 10, 17, 28, 8, 15, 14, 1, 13, 2, 3, 4, 11, 23, 6, 25, 5, 0, 33, 29, 19, 21, 22, 27, 31, 30, 34, 35, 20, 24, 18, 7, 26, 36, 37]",5,1.0,0.14705882352941177,0.25641025641025644,1.0,1,34,5,5
smd,group1_development,machine-1-4,10,22970,23016,pca_q,-1,"[12, 9, 16, 10, 17, 28, 8, 15, 32, 14, 1, 13, 2, 3, 4, 11, 23, 25, 6, 5, 33, 0, 29, 19, 22, 21, 31, 27, 30, 34, 35, 20, 24, 18, 7, 26, 36, 37]",1,1.0,0.029411764705882353,0.05714285714285715,1.0,1,34,1,1
smd,group1_development,machine-1-4,10,22970,23016,pca_q,-1,"[12, 9, 16, 10, 17, 28, 8, 15, 32, 14, 1, 13, 2, 3, 4, 11, 23, 25, 6, 5, 33, 0, 29, 19, 22, 21, 31, 27, 30, 34, 35, 20, 24, 18, 7, 26, 36, 37]",3,1.0,0.08823529411764706,0.1621621621621622,1.0,1,34,3,3
smd,group1_development,machine-1-4,10,22970,23016,pca_q,-1,"[12, 9, 16, 10, 17, 28, 8, 15, 32, 14, 1, 13, 2, 3, 4, 11, 23, 25, 6, 5, 33, 0, 29, 19, 22, 21, 31, 27, 30, 34, 35, 20, 24, 18, 7, 26, 36, 37]",5,1.0,0.14705882352941177,0.25641025641025644,1.0,1,34,5,5
smd,group1_development,machine-1-4,10,22970,23016,baro_robust_scorer,-1,"[8, 15, 2, 14, 3, 1, 6, 23, 13, 25, 0, 5, 11, 33, 29, 19, 22, 21, 27, 20, 18, 30, 34, 24, 35, 31, 9, 10, 32]",1,1.0,0.029411764705882353,0.05714285714285715,1.0,1,34,1,1
smd,group1_development,machine-1-4,10,22970,23016,baro_robust_scorer,-1,"[8, 15, 2, 14, 3, 1, 6, 23, 13, 25, 0, 5, 11, 33, 29, 19, 22, 21, 27, 20, 18, 30, 34, 24, 35, 31, 9, 10, 32]",3,1.0,0.08823529411764706,0.1621621621621622,1.0,1,34,3,3
smd,group1_development,machine-1-4,10,22970,23016,baro_robust_scorer,-1,"[8, 15, 2, 14, 3, 1, 6, 23, 13, 25, 0, 5, 11, 33, 29, 19, 22, 21, 27, 20, 18, 30, 34, 24, 35, 31, 9, 10, 32]",5,1.0,0.14705882352941177,0.25641025641025644,1.0,1,34,5,5
smd,group1_development,machine-1-4,11,23218,23221,robust_z,-1,"[16, 9, 32, 10, 12, 4, 5, 11, 23, 6, 25, 29, 8, 33, 13, 1, 19, 31, 22, 34, 35, 21, 27, 30, 2, 24, 3, 20, 0, 15, 18, 14, 7, 17, 26, 28, 36, 37]",1,1.0,0.5,0.6666666666666666,1.0,1,2,1,1
smd,group1_development,machine-1-4,11,23218,23221,robust_z,-1,"[16, 9, 32, 10, 12, 4, 5, 11, 23, 6, 25, 29, 8, 33, 13, 1, 19, 31, 22, 34, 35, 21, 27, 30, 2, 24, 3, 20, 0, 15, 18, 14, 7, 17, 26, 28, 36, 37]",3,0.3333333333333333,0.5,0.4,0.6131471927654584,1,2,3,1
smd,group1_development,machine-1-4,11,23218,23221,robust_z,-1,"[16, 9, 32, 10, 12, 4, 5, 11, 23, 6, 25, 29, 8, 33, 13, 1, 19, 31, 22, 34, 35, 21, 27, 30, 2, 24, 3, 20, 0, 15, 18, 14, 7, 17, 26, 28, 36, 37]",5,0.2,0.5,0.28571428571428575,0.6131471927654584,1,2,5,1
smd,group1_development,machine-1-4,11,23218,23221,pca_q,-1,"[16, 9, 10, 12, 4, 5, 32, 11, 23, 6, 25, 8, 15, 29, 14, 13, 33, 1, 19, 2, 31, 22, 34, 35, 21, 27, 3, 30, 24, 20, 0, 18, 17, 7, 26, 28, 36, 37]",1,1.0,0.5,0.6666666666666666,1.0,1,2,1,1
smd,group1_development,machine-1-4,11,23218,23221,pca_q,-1,"[16, 9, 10, 12, 4, 5, 32, 11, 23, 6, 25, 8, 15, 29, 14, 13, 33, 1, 19, 2, 31, 22, 34, 35, 21, 27, 3, 30, 24, 20, 0, 18, 17, 7, 26, 28, 36, 37]",3,0.3333333333333333,0.5,0.4,0.6131471927654584,1,2,3,1
smd,group1_development,machine-1-4,11,23218,23221,pca_q,-1,"[16, 9, 10, 12, 4, 5, 32, 11, 23, 6, 25, 8, 15, 29, 14, 13, 33, 1, 19, 2, 31, 22, 34, 35, 21, 27, 3, 30, 24, 20, 0, 18, 17, 7, 26, 28, 36, 37]",5,0.2,0.5,0.28571428571428575,0.6131471927654584,1,2,5,1
smd,group1_development,machine-1-4,11,23218,23221,baro_robust_scorer,-1,"[10, 9, 11, 5, 8, 14, 18, 6, 20, 23, 19, 27, 22, 21, 30, 34, 25, 15, 35, 24, 13, 1, 3, 2]",1,0.0,0.0,0.0,0.0,0,2,1,0
smd,group1_development,machine-1-4,11,23218,23221,baro_robust_scorer,-1,"[10, 9, 11, 5, 8, 14, 18, 6, 20, 23, 19, 27, 22, 21, 30, 34, 25, 15, 35, 24, 13, 1, 3, 2]",3,0.3333333333333333,0.5,0.4,0.3065735963827292,1,2,3,1
smd,group1_development,machine-1-4,11,23218,23221,baro_robust_scorer,-1,"[10, 9, 11, 5, 8, 14, 18, 6, 20, 23, 19, 27, 22, 21, 30, 34, 25, 15, 35, 24, 13, 1, 3, 2]",5,0.2,0.5,0.28571428571428575,0.3065735963827292,1,2,5,1
smd,group1_development,machine-1-5,0,10620,10637,robust_z,-1,"[2, 1, 3, 0, 23, 25, 31, 6, 8, 13, 5, 18, 15, 14, 20, 33, 19, 22, 27, 11, 21, 30, 24, 34, 35, 4, 7, 9, 10, 12, 16, 17, 26, 28, 29, 32, 36, 37]",1,1.0,0.125,0.2222222222222222,1.0,1,8,1,1
smd,group1_development,machine-1-5,0,10620,10637,robust_z,-1,"[2, 1, 3, 0, 23, 25, 31, 6, 8, 13, 5, 18, 15, 14, 20, 33, 19, 22, 27, 11, 21, 30, 24, 34, 35, 4, 7, 9, 10, 12, 16, 17, 26, 28, 29, 32, 36, 37]",3,1.0,0.375,0.5454545454545454,1.0,1,8,3,3
smd,group1_development,machine-1-5,0,10620,10637,robust_z,-1,"[2, 1, 3, 0, 23, 25, 31, 6, 8, 13, 5, 18, 15, 14, 20, 33, 19, 22, 27, 11, 21, 30, 24, 34, 35, 4, 7, 9, 10, 12, 16, 17, 26, 28, 29, 32, 36, 37]",5,1.0,0.625,0.7692307692307693,1.0,1,8,5,5
smd,group1_development,machine-1-5,0,10620,10637,pca_q,-1,"[2, 1, 3, 0, 12, 9, 10, 25, 23, 31, 8, 6, 13, 14, 15, 18, 33, 5, 22, 19, 20, 11, 24, 27, 21, 30, 34, 35, 32, 29, 4, 7, 16, 17, 26, 28, 36, 37]",1,1.0,0.125,0.2222222222222222,1.0,1,8,1,1
smd,group1_development,machine-1-5,0,10620,10637,pca_q,-1,"[2, 1, 3, 0, 12, 9, 10, 25, 23, 31, 8, 6, 13, 14, 15, 18, 33, 5, 22, 19, 20, 11, 24, 27, 21, 30, 34, 35, 32, 29, 4, 7, 16, 17, 26, 28, 36, 37]",3,1.0,0.375,0.5454545454545454,1.0,1,8,3,3
smd,group1_development,machine-1-5,0,10620,10637,pca_q,-1,"[2, 1, 3, 0, 12, 9, 10, 25, 23, 31, 8, 6, 13, 14, 15, 18, 33, 5, 22, 19, 20, 11, 24, 27, 21, 30, 34, 35, 32, 29, 4, 7, 16, 17, 26, 28, 36, 37]",5,0.8,0.5,0.6153846153846154,0.8687949224876582,1,8,5,4
smd,group1_development,machine-1-5,0,10620,10637,baro_robust_scorer,-1,"[1, 2, 3, 23, 25, 6, 5, 14, 13, 15, 31, 22, 18, 19, 34, 35, 20, 27, 21, 30, 24, 11, 0, 33, 8]",1,1.0,0.125,0.2222222222222222,1.0,1,8,1,1
smd,group1_development,machine-1-5,0,10620,10637,baro_robust_scorer,-1,"[1, 2, 3, 23, 25, 6, 5, 14, 13, 15, 31, 22, 18, 19, 34, 35, 20, 27, 21, 30, 24, 11, 0, 33, 8]",3,1.0,0.375,0.5454545454545454,1.0,1,8,3,3
smd,group1_development,machine-1-5,0,10620,10637,baro_robust_scorer,-1,"[1, 2, 3, 23, 25, 6, 5, 14, 13, 15, 31, 22, 18, 19, 34, 35, 20, 27, 21, 30, 24, 11, 0, 33, 8]",5,1.0,0.625,0.7692307692307693,1.0,1,8,5,5
smd,group1_development,machine-1-5,1,11785,11816,robust_z,-1,"[12, 32, 23, 25, 31, 8, 0, 6, 3, 13, 14, 33, 2, 1, 11, 15, 5, 22, 19, 27, 21, 30, 20, 24, 18, 34, 35, 4, 7, 9, 10, 16, 17, 26, 28, 29, 36, 37]",1,0.0,0.0,0.0,0.0,0,10,1,0
smd,group1_development,machine-1-5,1,11785,11816,robust_z,-1,"[12, 32, 23, 25, 31, 8, 0, 6, 3, 13, 14, 33, 2, 1, 11, 15, 5, 22, 19, 27, 21, 30, 20, 24, 18, 34, 35, 4, 7, 9, 10, 16, 17, 26, 28, 29, 36, 37]",3,0.3333333333333333,0.1,0.15384615384615383,0.23463936301137822,1,10,3,1
smd,group1_development,machine-1-5,1,11785,11816,robust_z,-1,"[12, 32, 23, 25, 31, 8, 0, 6, 3, 13, 14, 33, 2, 1, 11, 15, 5, 22, 19, 27, 21, 30, 20, 24, 18, 34, 35, 4, 7, 9, 10, 16, 17, 26, 28, 29, 36, 37]",5,0.6,0.3,0.4,0.4468535299918563,1,10,5,3
smd,group1_development,machine-1-5,1,11785,11816,pca_q,-1,"[12, 9, 10, 23, 25, 31, 8, 32, 14, 13, 29, 0, 6, 15, 3, 2, 11, 1, 19, 33, 22, 21, 27, 5, 20, 18, 30, 24, 35, 34, 4, 7, 16, 17, 26, 28, 36, 37]",1,0.0,0.0,0.0,0.0,0,10,1,0
smd,group1_development,machine-1-5,1,11785,11816,pca_q,-1,"[12, 9, 10, 23, 25, 31, 8, 32, 14, 13, 29, 0, 6, 15, 3, 2, 11, 1, 19, 33, 22, 21, 27, 5, 20, 18, 30, 24, 35, 34, 4, 7, 16, 17, 26, 28, 36, 37]",3,0.0,0.0,0.0,0.0,0,10,3,0
smd,group1_development,machine-1-5,1,11785,11816,pca_q,-1,"[12, 9, 10, 23, 25, 31, 8, 32, 14, 13, 29, 0, 6, 15, 3, 2, 11, 1, 19, 33, 22, 21, 27, 5, 20, 18, 30, 24, 35, 34, 4, 7, 16, 17, 26, 28, 36, 37]",5,0.4,0.2,0.26666666666666666,0.27727342735504823,1,10,5,2
smd,group1_development,machine-1-5,1,11785,11816,baro_robust_scorer,-1,"[14, 15, 23, 25, 18, 34, 35, 19, 13, 33, 20, 6, 21, 27, 30, 24, 22, 31, 5, 0, 1, 11, 3, 2, 8, 32, 12]",1,0.0,0.0,0.0,0.0,0,10,1,0
smd,group1_development,machine-1-5,1,11785,11816,baro_robust_scorer,-1,"[14, 15, 23, 25, 18, 34, 35, 19, 13, 33, 20, 6, 21, 27, 30, 24, 22, 31, 5, 0, 1, 11, 3, 2, 8, 32, 12]",3,0.3333333333333333,0.1,0.15384615384615383,0.23463936301137822,1,10,3,1
smd,group1_development,machine-1-5,1,11785,11816,baro_robust_scorer,-1,"[14, 15, 23, 25, 18, 34, 35, 19, 13, 33, 20, 6, 21, 27, 30, 24, 22, 31, 5, 0, 1, 11, 3, 2, 8, 32, 12]",5,0.4,0.2,0.26666666666666666,0.3156484524795145,1,10,5,2
smd,group1_development,machine-1-5,2,12765,12786,robust_z,-1,"[32, 2, 3, 1, 9, 0, 23, 25, 31, 6, 22, 8, 34, 35, 18, 30, 20, 24, 21, 27, 19, 14, 15, 11, 33, 13, 5, 4, 7, 10, 12, 16, 17, 26, 28, 29, 36, 37]",1,0.0,0.0,0.0,0.0,0,14,1,0
smd,group1_development,machine-1-5,2,12765,12786,robust_z,-1,"[32, 2, 3, 1, 9, 0, 23, 25, 31, 6, 22, 8, 34, 35, 18, 30, 20, 24, 21, 27, 19, 14, 15, 11, 33, 13, 5, 4, 7, 10, 12, 16, 17, 26, 28, 29, 36, 37]",3,0.6666666666666666,0.14285714285714285,0.23529411764705882,0.5307212739772434,1,14,3,2
smd,group1_development,machine-1-5,2,12765,12786,robust_z,-1,"[32, 2, 3, 1, 9, 0, 23, 25, 31, 6, 22, 8, 34, 35, 18, 30, 20, 24, 21, 27, 19, 14, 15, 11, 33, 13, 5, 4, 7, 10, 12, 16, 17, 26, 28, 29, 36, 37]",5,0.6,0.21428571428571427,0.3157894736842105,0.5296347172140421,1,14,5,3
smd,group1_development,machine-1-5,2,12765,12786,pca_q,-1,"[1, 2, 3, 9, 12, 10, 0, 23, 25, 6, 31, 8, 22, 14, 34, 35, 13, 18, 30, 20, 24, 15, 21, 27, 33, 19, 11, 5, 32, 29, 4, 7, 16, 17, 26, 28, 36, 37]",1,1.0,0.07142857142857142,0.13333333333333333,1.0,1,14,1,1
smd,group1_development,machine-1-5,2,12765,12786,pca_q,-1,"[1, 2, 3, 9, 12, 10, 0, 23, 25, 6, 31, 8, 22, 14, 34, 35, 13, 18, 30, 20, 24, 15, 21, 27, 33, 19, 11, 5, 32, 29, 4, 7, 16, 17, 26, 28, 36, 37]",3,1.0,0.21428571428571427,0.35294117647058826,1.0,1,14,3,3
smd,group1_development,machine-1-5,2,12765,12786,pca_q,-1,"[1, 2, 3, 9, 12, 10, 0, 23, 25, 6, 31, 8, 22, 14, 34, 35, 13, 18, 30, 20, 24, 15, 21, 27, 33, 19, 11, 5, 32, 29, 4, 7, 16, 17, 26, 28, 36, 37]",5,0.6,0.21428571428571427,0.3157894736842105,0.7227265726449519,1,14,5,3
smd,group1_development,machine-1-5,2,12765,12786,baro_robust_scorer,-1,"[2, 1, 3, 0, 5, 6, 25, 23, 8, 13, 31, 33, 14, 15, 11, 18, 22, 20, 19, 34, 35, 27, 21, 30, 24, 9]",1,1.0,0.07142857142857142,0.13333333333333333,1.0,1,14,1,1
smd,group1_development,machine-1-5,2,12765,12786,baro_robust_scorer,-1,"[2, 1, 3, 0, 5, 6, 25, 23, 8, 13, 31, 33, 14, 15, 11, 18, 22, 20, 19, 34, 35, 27, 21, 30, 24, 9]",3,1.0,0.21428571428571427,0.35294117647058826,1.0,1,14,3,3
smd,group1_development,machine-1-5,2,12765,12786,baro_robust_scorer,-1,"[2, 1, 3, 0, 5, 6, 25, 23, 8, 13, 31, 33, 14, 15, 11, 18, 22, 20, 19, 34, 35, 27, 21, 30, 24, 9]",5,1.0,0.35714285714285715,0.5263157894736842,1.0,1,14,5,5
smd,group1_development,machine-1-5,3,14068,14072,robust_z,-1,"[9, 10, 19, 0, 18, 21, 1, 20, 2, 27, 31, 3, 30, 25, 23, 15, 6, 22, 13, 11, 35, 34, 24, 8, 5, 33, 14, 4, 7, 12, 16, 17, 26, 28, 29, 32, 36, 37]",1,0.0,0.0,0.0,0.0,0,6,1,0
smd,group1_development,machine-1-5,3,14068,14072,robust_z,-1,"[9, 10, 19, 0, 18, 21, 1, 20, 2, 27, 31, 3, 30, 25, 23, 15, 6, 22, 13, 11, 35, 34, 24, 8, 5, 33, 14, 4, 7, 12, 16, 17, 26, 28, 29, 32, 36, 37]",3,0.3333333333333333,0.16666666666666666,0.2222222222222222,0.23463936301137822,1,6,3,1
smd,group1_development,machine-1-5,3,14068,14072,robust_z,-1,"[9, 10, 19, 0, 18, 21, 1, 20, 2, 27, 31, 3, 30, 25, 23, 15, 6, 22, 13, 11, 35, 34, 24, 8, 5, 33, 14, 4, 7, 12, 16, 17, 26, 28, 29, 32, 36, 37]",5,0.4,0.3333333333333333,0.3636363636363636,0.30078518014914984,1,6,5,2
smd,group1_development,machine-1-5,3,14068,14072,pca_q,-1,"[9, 10, 12, 19, 0, 18, 21, 1, 29, 20, 2, 27, 31, 3, 30, 32, 25, 23, 8, 14, 6, 24, 35, 34, 33, 22, 11, 13, 5, 15, 4, 7, 16, 17, 26, 28, 36, 37]",1,0.0,0.0,0.0,0.0,0,6,1,0
smd,group1_development,machine-1-5,3,14068,14072,pca_q,-1,"[9, 10, 12, 19, 0, 18, 21, 1, 29, 20, 2, 27, 31, 3, 30, 32, 25, 23, 8, 14, 6, 24, 35, 34, 33, 22, 11, 13, 5, 15, 4, 7, 16, 17, 26, 28, 36, 37]",3,0.0,0.0,0.0,0.0,0,6,3,0
smd,group1_development,machine-1-5,3,14068,14072,pca_q,-1,"[9, 10, 12, 19, 0, 18, 21, 1, 29, 20, 2, 27, 31, 3, 30, 32, 25, 23, 8, 14, 6, 24, 35, 34, 33, 22, 11, 13, 5, 15, 4, 7, 16, 17, 26, 28, 36, 37]",5,0.2,0.16666666666666666,0.1818181818181818,0.14606834984270645,1,6,5,1
smd,group1_development,machine-1-5,3,14068,14072,baro_robust_scorer,-1,"[3, 5, 2, 0, 19, 1, 25, 23, 21, 18, 9, 10, 20, 6, 27, 30, 31, 22, 24, 34, 35, 33, 13, 15, 8, 14, 11]",1,0.0,0.0,0.0,0.0,0,6,1,0
smd,group1_development,machine-1-5,3,14068,14072,baro_robust_scorer,-1,"[3, 5, 2, 0, 19, 1, 25, 23, 21, 18, 9, 10, 20, 6, 27, 30, 31, 22, 24, 34, 35, 33, 13, 15, 8, 14, 11]",3,0.0,0.0,0.0,0.0,0,6,3,0
smd,group1_development,machine-1-5,3,14068,14072,baro_robust_scorer,-1,"[3, 5, 2, 0, 19, 1, 25, 23, 21, 18, 9, 10, 20, 6, 27, 30, 31, 22, 24, 34, 35, 33, 13, 15, 8, 14, 11]",5,0.2,0.16666666666666666,0.1818181818181818,0.13120507751234178,1,6,5,1
smd,group1_development,machine-1-5,4,14520,14531,robust_z,-1,"[9, 10, 12, 2, 1, 3, 0, 23, 25, 6, 31, 8, 22, 34, 35, 18, 20, 19, 11, 27, 21, 30, 15, 24, 13, 5, 33, 14, 4, 7, 16, 17, 26, 28, 29, 32, 36, 37]",1,1.0,0.05555555555555555,0.10526315789473684,1.0,1,18,1,1
smd,group1_development,machine-1-5,4,14520,14531,robust_z,-1,"[9, 10, 12, 2, 1, 3, 0, 23, 25, 6, 31, 8, 22, 34, 35, 18, 20, 19, 11, 27, 21, 30, 15, 24, 13, 5, 33, 14, 4, 7, 16, 17, 26, 28, 29, 32, 36, 37]",3,0.6666666666666666,0.1111111111111111,0.1904761904761905,0.7653606369886217,1,18,3,2
smd,group1_development,machine-1-5,4,14520,14531,robust_z,-1,"[9, 10, 12, 2, 1, 3, 0, 23, 25, 6, 31, 8, 22, 34, 35, 18, 20, 19, 11, 27, 21, 30, 15, 24, 13, 5, 33, 14, 4, 7, 16, 17, 26, 28, 29, 32, 36, 37]",5,0.8,0.2222222222222222,0.3478260869565218,0.830419897363192,1,18,5,4
smd,group1_development,machine-1-5,4,14520,14531,pca_q,-1,"[9, 10, 12, 1, 2, 3, 29, 0, 32, 23, 25, 6, 31, 8, 11, 18, 22, 34, 35, 13, 20, 15, 19, 27, 21, 30, 24, 33, 14, 5, 4, 7, 16, 17, 26, 28, 36, 37]",1,1.0,0.05555555555555555,0.10526315789473684,1.0,1,18,1,1
smd,group1_development,machine-1-5,4,14520,14531,pca_q,-1,"[9, 10, 12, 1, 2, 3, 29, 0, 32, 23, 25, 6, 31, 8, 11, 18, 22, 34, 35, 13, 20, 15, 19, 27, 21, 30, 24, 33, 14, 5, 4, 7, 16, 17, 26, 28, 36, 37]",3,0.6666666666666666,0.1111111111111111,0.1904761904761905,0.7653606369886217,1,18,3,2
smd,group1_development,machine-1-5,4,14520,14531,pca_q,-1,"[9, 10, 12, 1, 2, 3, 29, 0, 32, 23, 25, 6, 31, 8, 11, 18, 22, 34, 35, 13, 20, 15, 19, 27, 21, 30, 24, 33, 14, 5, 4, 7, 16, 17, 26, 28, 36, 37]",5,0.8,0.2222222222222222,0.3478260869565218,0.830419897363192,1,18,5,4
smd,group1_development,machine-1-5,4,14520,14531,baro_robust_scorer,-1,"[3, 2, 1, 6, 23, 25, 20, 8, 18, 13, 27, 24, 30, 34, 35, 21, 15, 19, 11, 31, 14, 33, 22, 5, 9, 10, 0]",1,1.0,0.05555555555555555,0.10526315789473684,1.0,1,18,1,1
smd,group1_development,machine-1-5,4,14520,14531,baro_robust_scorer,-1,"[3, 2, 1, 6, 23, 25, 20, 8, 18, 13, 27, 24, 30, 34, 35, 21, 15, 19, 11, 31, 14, 33, 22, 5, 9, 10, 0]",3,1.0,0.16666666666666666,0.2857142857142857,1.0,1,18,3,3
smd,group1_development,machine-1-5,4,14520,14531,baro_robust_scorer,-1,"[3, 2, 1, 6, 23, 25, 20, 8, 18, 13, 27, 24, 30, 34, 35, 21, 15, 19, 11, 31, 14, 33, 22, 5, 9, 10, 0]",5,1.0,0.2777777777777778,0.4347826086956522,1.0,1,18,5,5
smd,group1_development,machine-1-5,5,21287,21298,robust_z,-1,"[32, 9, 10, 1, 2, 3, 0, 6, 25, 23, 31, 33, 18, 5, 11, 13, 8, 20, 15, 19, 22, 27, 14, 21, 30, 34, 35, 24, 4, 7, 12, 16, 17, 26, 28, 29, 36, 37]",1,0.0,0.0,0.0,0.0,0,8,1,0
smd,group1_development,machine-1-5,5,21287,21298,robust_z,-1,"[32, 9, 10, 1, 2, 3, 0, 6, 25, 23, 31, 33, 18, 5, 11, 13, 8, 20, 15, 19, 22, 27, 14, 21, 30, 34, 35, 24, 4, 7, 12, 16, 17, 26, 28, 29, 36, 37]",3,0.0,0.0,0.0,0.0,0,8,3,0
smd,group1_development,machine-1-5,5,21287,21298,robust_z,-1,"[32, 9, 10, 1, 2, 3, 0, 6, 25, 23, 31, 33, 18, 5, 11, 13, 8, 20, 15, 19, 22, 27, 14, 21, 30, 34, 35, 24, 4, 7, 12, 16, 17, 26, 28, 29, 36, 37]",5,0.4,0.25,0.3076923076923077,0.27727342735504823,1,8,5,2
smd,group1_development,machine-1-5,5,21287,21298,pca_q,-1,"[9, 10, 1, 2, 3, 0, 12, 6, 25, 23, 31, 8, 18, 13, 15, 33, 11, 20, 5, 14, 19, 27, 21, 30, 35, 34, 24, 22, 29, 32, 4, 7, 16, 17, 26, 28, 36, 37]",1,0.0,0.0,0.0,0.0,0,8,1,0
smd,group1_development,machine-1-5,5,21287,21298,pca_q,-1,"[9, 10, 1, 2, 3, 0, 12, 6, 25, 23, 31, 8, 18, 13, 15, 33, 11, 20, 5, 14, 19, 27, 21, 30, 35, 34, 24, 22, 29, 32, 4, 7, 16, 17, 26, 28, 36, 37]",3,0.3333333333333333,0.125,0.18181818181818182,0.23463936301137822,1,8,3,1
smd,group1_development,machine-1-5,5,21287,21298,pca_q,-1,"[9, 10, 1, 2, 3, 0, 12, 6, 25, 23, 31, 8, 18, 13, 15, 33, 11, 20, 5, 14, 19, 27, 21, 30, 35, 34, 24, 22, 29, 32, 4, 7, 16, 17, 26, 28, 36, 37]",5,0.6,0.375,0.4615384615384615,0.4468535299918563,1,8,5,3
smd,group1_development,machine-1-5,5,21287,21298,baro_robust_scorer,-1,"[3, 6, 2, 1, 18, 23, 25, 20, 33, 14, 13, 15, 19, 27, 21, 5, 30, 34, 35, 24, 31, 11, 22, 0, 8]",1,1.0,0.125,0.2222222222222222,1.0,1,8,1,1
smd,group1_development,machine-1-5,5,21287,21298,baro_robust_scorer,-1,"[3, 6, 2, 1, 18, 23, 25, 20, 33, 14, 13, 15, 19, 27, 21, 5, 30, 34, 35, 24, 31, 11, 22, 0, 8]",3,1.0,0.375,0.5454545454545454,1.0,1,8,3,3
smd,group1_development,machine-1-5,5,21287,21298,baro_robust_scorer,-1,"[3, 6, 2, 1, 18, 23, 25, 20, 33, 14, 13, 15, 19, 27, 21, 5, 30, 34, 35, 24, 31, 11, 22, 0, 8]",5,0.8,0.5,0.6153846153846154,0.8687949224876582,1,8,5,4
smd,group1_development,machine-1-5,6,22072,22077,robust_z,-1,"[10, 9, 18, 0, 25, 23, 8, 20, 1, 2, 19, 27, 3, 21, 31, 30, 13, 14, 15, 5, 6, 11, 33, 22, 24, 34, 35, 4, 7, 12, 16, 17, 26, 28, 29, 32, 36, 37]",1,0.0,0.0,0.0,0.0,0,8,1,0
smd,group1_development,machine-1-5,6,22072,22077,robust_z,-1,"[10, 9, 18, 0, 25, 23, 8, 20, 1, 2, 19, 27, 3, 21, 31, 30, 13, 14, 15, 5, 6, 11, 33, 22, 24, 34, 35, 4, 7, 12, 16, 17, 26, 28, 29, 32, 36, 37]",3,0.3333333333333333,0.125,0.18181818181818182,0.23463936301137822,1,8,3,1
smd,group1_development,machine-1-5,6,22072,22077,robust_z,-1,"[10, 9, 18, 0, 25, 23, 8, 20, 1, 2, 19, 27, 3, 21, 31, 30, 13, 14, 15, 5, 6, 11, 33, 22, 24, 34, 35, 4, 7, 12, 16, 17, 26, 28, 29, 32, 36, 37]",5,0.4,0.25,0.3076923076923077,0.30078518014914984,1,8,5,2
smd,group1_development,machine-1-5,6,22072,22077,pca_q,-1,"[10, 9, 12, 25, 23, 8, 18, 0, 19, 20, 1, 2, 13, 14, 31, 27, 21, 3, 15, 30, 5, 6, 33, 11, 24, 22, 29, 35, 34, 32, 4, 7, 16, 17, 26, 28, 36, 37]",1,0.0,0.0,0.0,0.0,0,8,1,0
smd,group1_development,machine-1-5,6,22072,22077,pca_q,-1,"[10, 9, 12, 25, 23, 8, 18, 0, 19, 20, 1, 2, 13, 14, 31, 27, 21, 3, 15, 30, 5, 6, 33, 11, 24, 22, 29, 35, 34, 32, 4, 7, 16, 17, 26, 28, 36, 37]",3,0.0,0.0,0.0,0.0,0,8,3,0
smd,group1_development,machine-1-5,6,22072,22077,pca_q,-1,"[10, 9, 12, 25, 23, 8, 18, 0, 19, 20, 1, 2, 13, 14, 31, 27, 21, 3, 15, 30, 5, 6, 33, 11, 24, 22, 29, 35, 34, 32, 4, 7, 16, 17, 26, 28, 36, 37]",5,0.4,0.25,0.3076923076923077,0.27727342735504823,1,8,5,2
smd,group1_development,machine-1-5,6,22072,22077,baro_robust_scorer,-1,"[14, 19, 15, 13, 23, 25, 34, 35, 3, 2, 24, 6, 11, 1, 27, 21, 0, 20, 5, 30, 18, 22, 31, 33]",1,0.0,0.0,0.0,0.0,0,8,1,0
smd,group1_development,machine-1-5,6,22072,22077,baro_robust_scorer,-1,"[14, 19, 15, 13, 23, 25, 34, 35, 3, 2, 24, 6, 11, 1, 27, 21, 0, 20, 5, 30, 18, 22, 31, 33]",3,0.3333333333333333,0.125,0.18181818181818182,0.2960819109658652,1,8,3,1
smd,group1_development,machine-1-5,6,22072,22077,baro_robust_scorer,-1,"[14, 19, 15, 13, 23, 25, 34, 35, 3, 2, 24, 6, 11, 1, 27, 21, 0, 20, 5, 30, 18, 22, 31, 33]",5,0.4,0.25,0.3076923076923077,0.34519134224686937,1,8,5,2
smd,group1_development,machine-1-6,0,246,252,robust_z,-1,"[9, 10, 12, 8, 14, 11, 13, 1, 0, 23, 33, 2, 24, 22, 31, 15, 35, 34, 3, 30, 27, 21, 20, 18, 19, 29, 5, 4, 25, 6, 7, 16, 17, 26, 28, 32, 36, 37]",1,1.0,0.09090909090909091,0.16666666666666669,1.0,1,11,1,1
smd,group1_development,machine-1-6,0,246,252,robust_z,-1,"[9, 10, 12, 8, 14, 11, 13, 1, 0, 23, 33, 2, 24, 22, 31, 15, 35, 34, 3, 30, 27, 21, 20, 18, 19, 29, 5, 4, 25, 6, 7, 16, 17, 26, 28, 32, 36, 37]",3,1.0,0.2727272727272727,0.42857142857142855,1.0,1,11,3,3
smd,group1_development,machine-1-6,0,246,252,robust_z,-1,"[9, 10, 12, 8, 14, 11, 13, 1, 0, 23, 33, 2, 24, 22, 31, 15, 35, 34, 3, 30, 27, 21, 20, 18, 19, 29, 5, 4, 25, 6, 7, 16, 17, 26, 28, 32, 36, 37]",5,1.0,0.45454545454545453,0.625,1.0,1,11,5,5
smd,group1_development,machine-1-6,0,246,252,pca_q,-1,"[9, 10, 12, 8, 17, 16, 14, 32, 11, 13, 1, 0, 33, 23, 5, 15, 2, 24, 22, 31, 35, 34, 30, 21, 27, 20, 3, 18, 19, 4, 25, 29, 6, 7, 26, 28, 36, 37]",1,1.0,0.09090909090909091,0.16666666666666669,1.0,1,11,1,1
smd,group1_development,machine-1-6,0,246,252,pca_q,-1,"[9, 10, 12, 8, 17, 16, 14, 32, 11, 13, 1, 0, 33, 23, 5, 15, 2, 24, 22, 31, 35, 34, 30, 21, 27, 20, 3, 18, 19, 4, 25, 29, 6, 7, 26, 28, 36, 37]",3,1.0,0.2727272727272727,0.42857142857142855,1.0,1,11,3,3
smd,group1_development,machine-1-6,0,246,252,pca_q,-1,"[9, 10, 12, 8, 17, 16, 14, 32, 11, 13, 1, 0, 33, 23, 5, 15, 2, 24, 22, 31, 35, 34, 30, 21, 27, 20, 3, 18, 19, 4, 25, 29, 6, 7, 26, 28, 36, 37]",5,0.8,0.36363636363636365,0.5000000000000001,0.8687949224876582,1,11,5,4
smd,group1_development,machine-1-6,0,246,252,baro_robust_scorer,-1,"[9, 10, 8, 25, 13, 23, 24, 5, 0, 15, 14, 11, 6, 21, 20, 33, 18, 30, 27, 19, 29, 22, 1, 3, 2, 12, 34, 35, 31]",1,1.0,0.09090909090909091,0.16666666666666669,1.0,1,11,1,1
smd,group1_development,machine-1-6,0,246,252,baro_robust_scorer,-1,"[9, 10, 8, 25, 13, 23, 24, 5, 0, 15, 14, 11, 6, 21, 20, 33, 18, 30, 27, 19, 29, 22, 1, 3, 2, 12, 34, 35, 31]",3,1.0,0.2727272727272727,0.42857142857142855,1.0,1,11,3,3
smd,group1_development,machine-1-6,0,246,252,baro_robust_scorer,-1,"[9, 10, 8, 25, 13, 23, 24, 5, 0, 15, 14, 11, 6, 21, 20, 33, 18, 30, 27, 19, 29, 22, 1, 3, 2, 12, 34, 35, 31]",5,0.6,0.2727272727272727,0.37499999999999994,0.7227265726449519,1,11,5,3
smd,group1_development,machine-1-6,1,653,658,robust_z,-1,"[9, 10, 8, 12, 14, 1, 11, 25, 15, 2, 13, 0, 22, 33, 31, 34, 35, 24, 19, 21, 30, 27, 18, 20, 23, 5, 3, 6, 4, 29, 7, 16, 17, 26, 28, 32, 36, 37]",1,1.0,0.05,0.09523809523809523,1.0,1,20,1,1
smd,group1_development,machine-1-6,1,653,658,robust_z,-1,"[9, 10, 8, 12, 14, 1, 11, 25, 15, 2, 13, 0, 22, 33, 31, 34, 35, 24, 19, 21, 30, 27, 18, 20, 23, 5, 3, 6, 4, 29, 7, 16, 17, 26, 28, 32, 36, 37]",3,1.0,0.15,0.2608695652173913,1.0,1,20,3,3
smd,group1_development,machine-1-6,1,653,658,robust_z,-1,"[9, 10, 8, 12, 14, 1, 11, 25, 15, 2, 13, 0, 22, 33, 31, 34, 35, 24, 19, 21, 30, 27, 18, 20, 23, 5, 3, 6, 4, 29, 7, 16, 17, 26, 28, 32, 36, 37]",5,1.0,0.25,0.4,1.0,1,20,5,5
smd,group1_development,machine-1-6,1,653,658,pca_q,-1,"[9, 10, 8, 12, 16, 17, 14, 1, 11, 25, 13, 15, 2, 32, 33, 0, 22, 31, 5, 34, 35, 24, 19, 21, 30, 27, 20, 18, 3, 23, 4, 6, 29, 7, 26, 28, 36, 37]",1,1.0,0.05,0.09523809523809523,1.0,1,20,1,1
smd,group1_development,machine-1-6,1,653,658,pca_q,-1,"[9, 10, 8, 12, 16, 17, 14, 1, 11, 25, 13, 15, 2, 32, 33, 0, 22, 31, 5, 34, 35, 24, 19, 21, 30, 27, 20, 18, 3, 23, 4, 6, 29, 7, 26, 28, 36, 37]",3,1.0,0.15,0.2608695652173913,1.0,1,20,3,3
smd,group1_development,machine-1-6,1,653,658,pca_q,-1,"[9, 10, 8, 12, 16, 17, 14, 1, 11, 25, 13, 15, 2, 32, 33, 0, 22, 31, 5, 34, 35, 24, 19, 21, 30, 27, 20, 18, 3, 23, 4, 6, 29, 7, 26, 28, 36, 37]",5,0.8,0.2,0.32000000000000006,0.8687949224876582,1,20,5,4
smd,group1_development,machine-1-6,1,653,658,baro_robust_scorer,-1,"[8, 10, 9, 12, 14, 1, 15, 0, 6, 13, 2, 3, 5, 29, 24, 11, 30, 31, 34, 35, 27, 21, 20, 19, 18, 22, 33, 25, 23]",1,1.0,0.05,0.09523809523809523,1.0,1,20,1,1
smd,group1_development,machine-1-6,1,653,658,baro_robust_scorer,-1,"[8, 10, 9, 12, 14, 1, 15, 0, 6, 13, 2, 3, 5, 29, 24, 11, 30, 31, 34, 35, 27, 21, 20, 19, 18, 22, 33, 25, 23]",3,1.0,0.15,0.2608695652173913,1.0,1,20,3,3
smd,group1_development,machine-1-6,1,653,658,baro_robust_scorer,-1,"[8, 10, 9, 12, 14, 1, 15, 0, 6, 13, 2, 3, 5, 29, 24, 11, 30, 31, 34, 35, 27, 21, 20, 19, 18, 22, 33, 25, 23]",5,1.0,0.25,0.4,1.0,1,20,5,5
smd,group1_development,machine-1-6,2,2092,2100,robust_z,-1,"[9, 10, 8, 12, 14, 11, 25, 1, 2, 13, 0, 15, 22, 33, 3, 23, 31, 34, 35, 24, 19, 27, 30, 21, 18, 20, 5, 4, 6, 29, 7, 16, 17, 26, 28, 32, 36, 37]",1,1.0,0.05,0.09523809523809523,1.0,1,20,1,1
smd,group1_development,machine-1-6,2,2092,2100,robust_z,-1,"[9, 10, 8, 12, 14, 11, 25, 1, 2, 13, 0, 15, 22, 33, 3, 23, 31, 34, 35, 24, 19, 27, 30, 21, 18, 20, 5, 4, 6, 29, 7, 16, 17, 26, 28, 32, 36, 37]",3,1.0,0.15,0.2608695652173913,1.0,1,20,3,3
smd,group1_development,machine-1-6,2,2092,2100,robust_z,-1,"[9, 10, 8, 12, 14, 11, 25, 1, 2, 13, 0, 15, 22, 33, 3, 23, 31, 34, 35, 24, 19, 27, 30, 21, 18, 20, 5, 4, 6, 29, 7, 16, 17, 26, 28, 32, 36, 37]",5,1.0,0.25,0.4,1.0,1,20,5,5
smd,group1_development,machine-1-6,2,2092,2100,pca_q,-1,"[9, 10, 8, 12, 16, 17, 14, 1, 11, 25, 2, 13, 15, 0, 33, 32, 22, 3, 31, 23, 34, 35, 24, 19, 27, 21, 30, 4, 20, 18, 5, 29, 6, 7, 26, 28, 36, 37]",1,1.0,0.05,0.09523809523809523,1.0,1,20,1,1
smd,group1_development,machine-1-6,2,2092,2100,pca_q,-1,"[9, 10, 8, 12, 16, 17, 14, 1, 11, 25, 2, 13, 15, 0, 33, 32, 22, 3, 31, 23, 34, 35, 24, 19, 27, 21, 30, 4, 20, 18, 5, 29, 6, 7, 26, 28, 36, 37]",3,1.0,0.15,0.2608695652173913,1.0,1,20,3,3
smd,group1_development,machine-1-6,2,2092,2100,pca_q,-1,"[9, 10, 8, 12, 16, 17, 14, 1, 11, 25, 2, 13, 15, 0, 33, 32, 22, 3, 31, 23, 34, 35, 24, 19, 27, 21, 30, 4, 20, 18, 5, 29, 6, 7, 26, 28, 36, 37]",5,0.8,0.2,0.32000000000000006,0.8687949224876582,1,20,5,4
smd,group1_development,machine-1-6,2,2092,2100,baro_robust_scorer,-1,"[10, 9, 8, 12, 0, 2, 3, 15, 1, 5, 14, 13, 18, 19, 20, 29, 27, 21, 11, 31, 30, 35, 34, 6, 24, 23, 25, 22, 33]",1,1.0,0.05,0.09523809523809523,1.0,1,20,1,1
smd,group1_development,machine-1-6,2,2092,2100,baro_robust_scorer,-1,"[10, 9, 8, 12, 0, 2, 3, 15, 1, 5, 14, 13, 18, 19, 20, 29, 27, 21, 11, 31, 30, 35, 34, 6, 24, 23, 25, 22, 33]",3,1.0,0.15,0.2608695652173913,1.0,1,20,3,3
smd,group1_development,machine-1-6,2,2092,2100,baro_robust_scorer,-1,"[10, 9, 8, 12, 0, 2, 3, 15, 1, 5, 14, 13, 18, 19, 20, 29, 27, 21, 11, 31, 30, 35, 34, 6, 24, 23, 25, 22, 33]",5,1.0,0.25,0.4,1.0,1,20,5,5
smd,group1_development,machine-1-6,3,2884,2888,robust_z,-1,"[15, 1, 23, 2, 18, 31, 33, 19, 6, 3, 20, 0, 4, 21, 12, 27, 13, 30, 11, 14, 8, 29, 24, 22, 9, 10, 5, 25, 35, 34, 7, 16, 17, 26, 28, 32, 36, 37]",1,0.0,0.0,0.0,0.0,0,1,1,0
smd,group1_development,machine-1-6,3,2884,2888,robust_z,-1,"[15, 1, 23, 2, 18, 31, 33, 19, 6, 3, 20, 0, 4, 21, 12, 27, 13, 30, 11, 14, 8, 29, 24, 22, 9, 10, 5, 25, 35, 34, 7, 16, 17, 26, 28, 32, 36, 37]",3,0.0,0.0,0.0,0.0,0,1,3,0
smd,group1_development,machine-1-6,3,2884,2888,robust_z,-1,"[15, 1, 23, 2, 18, 31, 33, 19, 6, 3, 20, 0, 4, 21, 12, 27, 13, 30, 11, 14, 8, 29, 24, 22, 9, 10, 5, 25, 35, 34, 7, 16, 17, 26, 28, 32, 36, 37]",5,0.0,0.0,0.0,0.0,0,1,5,0
smd,group1_development,machine-1-6,3,2884,2888,pca_q,-1,"[9, 16, 10, 15, 12, 23, 8, 1, 33, 18, 2, 5, 4, 19, 31, 13, 20, 3, 14, 0, 21, 6, 11, 27, 30, 22, 29, 24, 17, 35, 34, 25, 32, 7, 26, 28, 36, 37]",1,0.0,0.0,0.0,0.0,0,1,1,0
smd,group1_development,machine-1-6,3,2884,2888,pca_q,-1,"[9, 16, 10, 15, 12, 23, 8, 1, 33, 18, 2, 5, 4, 19, 31, 13, 20, 3, 14, 0, 21, 6, 11, 27, 30, 22, 29, 24, 17, 35, 34, 25, 32, 7, 26, 28, 36, 37]",3,0.0,0.0,0.0,0.0,0,1,3,0
smd,group1_development,machine-1-6,3,2884,2888,pca_q,-1,"[9, 16, 10, 15, 12, 23, 8, 1, 33, 18, 2, 5, 4, 19, 31, 13, 20, 3, 14, 0, 21, 6, 11, 27, 30, 22, 29, 24, 17, 35, 34, 25, 32, 7, 26, 28, 36, 37]",5,0.0,0.0,0.0,0.0,0,1,5,0
smd,group1_development,machine-1-6,3,2884,2888,baro_robust_scorer,-1,"[6, 15, 5, 0, 27, 3, 23, 13, 24, 30, 20, 2, 21, 31, 19, 18, 29, 25, 22, 34, 35, 1, 8, 33, 12, 11, 14]",1,0.0,0.0,0.0,0.0,0,1,1,0
smd,group1_development,machine-1-6,3,2884,2888,baro_robust_scorer,-1,"[6, 15, 5, 0, 27, 3, 23, 13, 24, 30, 20, 2, 21, 31, 19, 18, 29, 25, 22, 34, 35, 1, 8, 33, 12, 11, 14]",3,0.3333333333333333,1.0,0.5,0.5,1,1,3,1
smd,group1_development,machine-1-6,3,2884,2888,baro_robust_scorer,-1,"[6, 15, 5, 0, 27, 3, 23, 13, 24, 30, 20, 2, 21, 31, 19, 18, 29, 25, 22, 34, 35, 1, 8, 33, 12, 11, 14]",5,0.2,1.0,0.33333333333333337,0.5,1,1,5,1
smd,group1_development,machine-1-6,4,3534,3539,robust_z,-1,"[17, 9, 10, 8, 12, 25, 14, 1, 13, 11, 22, 15, 23, 0, 2, 4, 24, 31, 33, 34, 35, 30, 21, 27, 6, 20, 19, 18, 5, 3, 29, 7, 16, 26, 28, 32, 36, 37]",1,0.0,0.0,0.0,0.0,0,15,1,0
smd,group1_development,machine-1-6,4,3534,3539,robust_z,-1,"[17, 9, 10, 8, 12, 25, 14, 1, 13, 11, 22, 15, 23, 0, 2, 4, 24, 31, 33, 34, 35, 30, 21, 27, 6, 20, 19, 18, 5, 3, 29, 7, 16, 26, 28, 32, 36, 37]",3,0.6666666666666666,0.13333333333333333,0.2222222222222222,0.5307212739772434,1,15,3,2
smd,group1_development,machine-1-6,4,3534,3539,robust_z,-1,"[17, 9, 10, 8, 12, 25, 14, 1, 13, 11, 22, 15, 23, 0, 2, 4, 24, 31, 33, 34, 35, 30, 21, 27, 6, 20, 19, 18, 5, 3, 29, 7, 16, 26, 28, 32, 36, 37]",5,0.8,0.26666666666666666,0.4,0.6608397947263839,1,15,5,4
smd,group1_development,machine-1-6,4,3534,3539,pca_q,-1,"[9, 10, 16, 8, 12, 17, 25, 14, 1, 11, 13, 22, 32, 23, 15, 0, 2, 24, 31, 33, 4, 35, 34, 30, 21, 6, 27, 20, 19, 18, 3, 5, 29, 7, 26, 28, 36, 37]",1,1.0,0.06666666666666667,0.125,1.0,1,15,1,1
smd,group1_development,machine-1-6,4,3534,3539,pca_q,-1,"[9, 10, 16, 8, 12, 17, 25, 14, 1, 11, 13, 22, 32, 23, 15, 0, 2, 24, 31, 33, 4, 35, 34, 30, 21, 6, 27, 20, 19, 18, 3, 5, 29, 7, 26, 28, 36, 37]",3,0.6666666666666666,0.13333333333333333,0.2222222222222222,0.7653606369886217,1,15,3,2
smd,group1_development,machine-1-6,4,3534,3539,pca_q,-1,"[9, 10, 16, 8, 12, 17, 25, 14, 1, 11, 13, 22, 32, 23, 15, 0, 2, 24, 31, 33, 4, 35, 34, 30, 21, 6, 27, 20, 19, 18, 3, 5, 29, 7, 26, 28, 36, 37]",5,0.8,0.26666666666666666,0.4,0.830419897363192,1,15,5,4
smd,group1_development,machine-1-6,4,3534,3539,baro_robust_scorer,-1,"[8, 5, 14, 12, 9, 1, 2, 13, 3, 23, 11, 15, 0, 22, 10, 29, 24, 35, 30, 34, 33, 17, 27, 21, 20, 19, 18, 25, 31, 6]",1,1.0,0.06666666666666667,0.125,1.0,1,15,1,1
smd,group1_development,machine-1-6,4,3534,3539,baro_robust_scorer,-1,"[8, 5, 14, 12, 9, 1, 2, 13, 3, 23, 11, 15, 0, 22, 10, 29, 24, 35, 30, 34, 33, 17, 27, 21, 20, 19, 18, 25, 31, 6]",3,1.0,0.2,0.33333333333333337,1.0,1,15,3,3
smd,group1_development,machine-1-6,4,3534,3539,baro_robust_scorer,-1,"[8, 5, 14, 12, 9, 1, 2, 13, 3, 23, 11, 15, 0, 22, 10, 29, 24, 35, 30, 34, 33, 17, 27, 21, 20, 19, 18, 25, 31, 6]",5,1.0,0.3333333333333333,0.5,1.0,1,15,5,5
smd,group1_development,machine-1-6,5,4647,5045,robust_z,-1,"[32, 17, 16, 9, 10, 8, 12, 13, 15, 25, 14, 5, 11, 22, 24, 23, 33, 1, 31, 2, 3, 4, 35, 34, 0, 6, 29, 30, 27, 21, 20, 19, 18, 7, 26, 28, 36, 37]",1,1.0,0.1111111111111111,0.19999999999999998,1.0,1,9,1,1
smd,group1_development,machine-1-6,5,4647,5045,robust_z,-1,"[32, 17, 16, 9, 10, 8, 12, 13, 15, 25, 14, 5, 11, 22, 24, 23, 33, 1, 31, 2, 3, 4, 35, 34, 0, 6, 29, 30, 27, 21, 20, 19, 18, 7, 26, 28, 36, 37]",3,0.6666666666666666,0.2222222222222222,0.3333333333333333,0.7039180890341347,1,9,3,2
smd,group1_development,machine-1-6,5,4647,5045,robust_z,-1,"[32, 17, 16, 9, 10, 8, 12, 13, 15, 25, 14, 5, 11, 22, 24, 23, 33, 1, 31, 2, 3, 4, 35, 34, 0, 6, 29, 30, 27, 21, 20, 19, 18, 7, 26, 28, 36, 37]",5,0.8,0.4444444444444444,0.5714285714285714,0.7860137352654724,1,9,5,4
smd,group1_development,machine-1-6,5,4647,5045,pca_q,-1,"[16, 9, 10, 8, 12, 13, 15, 17, 25, 14, 33, 5, 22, 11, 24, 23, 1, 2, 31, 4, 3, 32, 35, 34, 0, 29, 30, 6, 27, 21, 20, 19, 18, 7, 26, 28, 36, 37]",1,1.0,0.1111111111111111,0.19999999999999998,1.0,1,9,1,1
smd,group1_development,machine-1-6,5,4647,5045,pca_q,-1,"[16, 9, 10, 8, 12, 13, 15, 17, 25, 14, 33, 5, 22, 11, 24, 23, 1, 2, 31, 4, 3, 32, 35, 34, 0, 29, 30, 6, 27, 21, 20, 19, 18, 7, 26, 28, 36, 37]",3,1.0,0.3333333333333333,0.5,1.0,1,9,3,3
smd,group1_development,machine-1-6,5,4647,5045,pca_q,-1,"[16, 9, 10, 8, 12, 13, 15, 17, 25, 14, 33, 5, 22, 11, 24, 23, 1, 2, 31, 4, 3, 32, 35, 34, 0, 29, 30, 6, 27, 21, 20, 19, 18, 7, 26, 28, 36, 37]",5,1.0,0.5555555555555556,0.7142857142857143,1.0,1,9,5,5
smd,group1_development,machine-1-6,5,4647,5045,baro_robust_scorer,-1,"[9, 10, 33, 8, 12, 15, 11, 1, 23, 25, 14, 34, 35, 0, 29, 22, 13, 24, 6, 2, 31, 5, 3, 30, 17, 27, 21, 16, 4, 20, 19, 18]",1,1.0,0.1111111111111111,0.19999999999999998,1.0,1,9,1,1
smd,group1_development,machine-1-6,5,4647,5045,baro_robust_scorer,-1,"[9, 10, 33, 8, 12, 15, 11, 1, 23, 25, 14, 34, 35, 0, 29, 22, 13, 24, 6, 2, 31, 5, 3, 30, 17, 27, 21, 16, 4, 20, 19, 18]",3,1.0,0.3333333333333333,0.5,1.0,1,9,3,3
smd,group1_development,machine-1-6,5,4647,5045,baro_robust_scorer,-1,"[9, 10, 33, 8, 12, 15, 11, 1, 23, 25, 14, 34, 35, 0, 29, 22, 13, 24, 6, 2, 31, 5, 3, 30, 17, 27, 21, 16, 4, 20, 19, 18]",5,1.0,0.5555555555555556,0.7142857142857143,1.0,1,9,5,5
smd,group1_development,machine-1-6,6,5167,5172,robust_z,-1,"[17, 9, 10, 8, 12, 13, 15, 25, 14, 11, 23, 1, 0, 2, 33, 18, 19, 20, 4, 21, 27, 30, 31, 5, 6, 22, 29, 3, 24, 34, 35, 7, 16, 26, 28, 32, 36, 37]",1,1.0,0.2,0.33333333333333337,1.0,1,5,1,1
smd,group1_development,machine-1-6,6,5167,5172,robust_z,-1,"[17, 9, 10, 8, 12, 13, 15, 25, 14, 11, 23, 1, 0, 2, 33, 18, 19, 20, 4, 21, 27, 30, 31, 5, 6, 22, 29, 3, 24, 34, 35, 7, 16, 26, 28, 32, 36, 37]",3,1.0,0.6,0.7499999999999999,1.0,1,5,3,3
smd,group1_development,machine-1-6,6,5167,5172,robust_z,-1,"[17, 9, 10, 8, 12, 13, 15, 25, 14, 11, 23, 1, 0, 2, 33, 18, 19, 20, 4, 21, 27, 30, 31, 5, 6, 22, 29, 3, 24, 34, 35, 7, 16, 26, 28, 32, 36, 37]",5,1.0,1.0,1.0,1.0,1,5,5,5
smd,group1_development,machine-1-6,6,5167,5172,pca_q,-1,"[9, 10, 16, 8, 12, 13, 17, 15, 25, 14, 11, 5, 23, 32, 4, 6, 0, 1, 29, 24, 22, 31, 21, 20, 30, 18, 27, 19, 33, 2, 35, 34, 3, 7, 26, 28, 36, 37]",1,1.0,0.2,0.33333333333333337,1.0,1,5,1,1
smd,group1_development,machine-1-6,6,5167,5172,pca_q,-1,"[9, 10, 16, 8, 12, 13, 17, 15, 25, 14, 11, 5, 23, 32, 4, 6, 0, 1, 29, 24, 22, 31, 21, 20, 30, 18, 27, 19, 33, 2, 35, 34, 3, 7, 26, 28, 36, 37]",3,0.6666666666666666,0.4,0.5,0.7653606369886217,1,5,3,2
smd,group1_development,machine-1-6,6,5167,5172,pca_q,-1,"[9, 10, 16, 8, 12, 13, 17, 15, 25, 14, 11, 5, 23, 32, 4, 6, 0, 1, 29, 24, 22, 31, 21, 20, 30, 18, 27, 19, 33, 2, 35, 34, 3, 7, 26, 28, 36, 37]",5,0.8,0.8,0.8000000000000002,0.830419897363192,1,5,5,4
smd,group1_development,machine-1-6,6,5167,5172,baro_robust_scorer,-1,"[12, 8, 0, 13, 14, 15, 11, 5, 3, 2, 1, 25, 23, 34, 35, 6, 29, 9, 10, 33, 24, 27, 31, 30, 21, 20, 22, 18, 19]",1,1.0,0.2,0.33333333333333337,1.0,1,5,1,1
smd,group1_development,machine-1-6,6,5167,5172,baro_robust_scorer,-1,"[12, 8, 0, 13, 14, 15, 11, 5, 3, 2, 1, 25, 23, 34, 35, 6, 29, 9, 10, 33, 24, 27, 31, 30, 21, 20, 22, 18, 19]",3,0.6666666666666666,0.4,0.5,0.7653606369886217,1,5,3,2
smd,group1_development,machine-1-6,6,5167,5172,baro_robust_scorer,-1,"[12, 8, 0, 13, 14, 15, 11, 5, 3, 2, 1, 25, 23, 34, 35, 6, 29, 9, 10, 33, 24, 27, 31, 30, 21, 20, 22, 18, 19]",5,0.4,0.4,0.4000000000000001,0.5531464700081437,1,5,5,2
smd,group1_development,machine-1-6,7,5708,5713,robust_z,-1,"[9, 17, 10, 8, 12, 13, 15, 25, 14, 24, 2, 1, 29, 11, 22, 3, 0, 35, 34, 30, 31, 21, 27, 20, 19, 18, 6, 23, 4, 33, 5, 7, 16, 26, 28, 32, 36, 37]",1,1.0,0.25,0.4,1.0,1,4,1,1
smd,group1_development,machine-1-6,7,5708,5713,robust_z,-1,"[9, 17, 10, 8, 12, 13, 15, 25, 14, 24, 2, 1, 29, 11, 22, 3, 0, 35, 34, 30, 31, 21, 27, 20, 19, 18, 6, 23, 4, 33, 5, 7, 16, 26, 28, 32, 36, 37]",3,0.6666666666666666,0.5,0.5714285714285715,0.7039180890341347,1,4,3,2
smd,group1_development,machine-1-6,7,5708,5713,robust_z,-1,"[9, 17, 10, 8, 12, 13, 15, 25, 14, 24, 2, 1, 29, 11, 22, 3, 0, 35, 34, 30, 31, 21, 27, 20, 19, 18, 6, 23, 4, 33, 5, 7, 16, 26, 28, 32, 36, 37]",5,0.8,1.0,0.888888888888889,0.9047172294870751,1,4,5,4
smd,group1_development,machine-1-6,7,5708,5713,pca_q,-1,"[9, 10, 8, 12, 16, 17, 13, 15, 25, 14, 32, 24, 11, 2, 1, 29, 22, 0, 3, 34, 35, 30, 27, 21, 31, 20, 4, 23, 19, 18, 33, 6, 5, 7, 26, 28, 36, 37]",1,1.0,0.25,0.4,1.0,1,4,1,1
smd,group1_development,machine-1-6,7,5708,5713,pca_q,-1,"[9, 10, 8, 12, 16, 17, 13, 15, 25, 14, 32, 24, 11, 2, 1, 29, 22, 0, 3, 34, 35, 30, 27, 21, 31, 20, 4, 23, 19, 18, 33, 6, 5, 7, 26, 28, 36, 37]",3,1.0,0.75,0.8571428571428571,1.0,1,4,3,3
smd,group1_development,machine-1-6,7,5708,5713,pca_q,-1,"[9, 10, 8, 12, 16, 17, 13, 15, 25, 14, 32, 24, 11, 2, 1, 29, 22, 0, 3, 34, 35, 30, 27, 21, 31, 20, 4, 23, 19, 18, 33, 6, 5, 7, 26, 28, 36, 37]",5,0.8,1.0,0.888888888888889,1.0,1,4,5,4
smd,group1_development,machine-1-6,7,5708,5713,baro_robust_scorer,-1,"[9, 11, 8, 12, 0, 14, 30, 23, 27, 31, 25, 29, 21, 34, 35, 3, 20, 33, 19, 18, 1, 13, 2, 10, 22, 6, 5, 24, 15]",1,1.0,0.25,0.4,1.0,1,4,1,1
smd,group1_development,machine-1-6,7,5708,5713,baro_robust_scorer,-1,"[9, 11, 8, 12, 0, 14, 30, 23, 27, 31, 25, 29, 21, 34, 35, 3, 20, 33, 19, 18, 1, 13, 2, 10, 22, 6, 5, 24, 15]",3,0.6666666666666666,0.5,0.5714285714285715,0.7039180890341347,1,4,3,2
smd,group1_development,machine-1-6,7,5708,5713,baro_robust_scorer,-1,"[9, 11, 8, 12, 0, 14, 30, 23, 27, 31, 25, 29, 21, 34, 35, 3, 20, 33, 19, 18, 1, 13, 2, 10, 22, 6, 5, 24, 15]",5,0.6,0.75,0.6666666666666665,0.75369761125927,1,4,5,3
smd,group1_development,machine-1-6,8,5873,5885,robust_z,-1,"[9, 10, 8, 12, 13, 15, 25, 1, 2, 14, 3, 11, 5, 0, 24, 22, 35, 34, 31, 29, 30, 21, 27, 20, 18, 19, 33, 6, 4, 23, 7, 16, 17, 26, 28, 32, 36, 37]",1,1.0,0.07142857142857142,0.13333333333333333,1.0,1,14,1,1
smd,group1_development,machine-1-6,8,5873,5885,robust_z,-1,"[9, 10, 8, 12, 13, 15, 25, 1, 2, 14, 3, 11, 5, 0, 24, 22, 35, 34, 31, 29, 30, 21, 27, 20, 18, 19, 33, 6, 4, 23, 7, 16, 17, 26, 28, 32, 36, 37]",3,1.0,0.21428571428571427,0.35294117647058826,1.0,1,14,3,3
smd,group1_development,machine-1-6,8,5873,5885,robust_z,-1,"[9, 10, 8, 12, 13, 15, 25, 1, 2, 14, 3, 11, 5, 0, 24, 22, 35, 34, 31, 29, 30, 21, 27, 20, 18, 19, 33, 6, 4, 23, 7, 16, 17, 26, 28, 32, 36, 37]",5,0.8,0.2857142857142857,0.4210526315789473,0.8687949224876582,1,14,5,4
smd,group1_development,machine-1-6,8,5873,5885,pca_q,-1,"[9, 10, 8, 12, 16, 17, 13, 15, 25, 1, 2, 14, 3, 11, 0, 5, 24, 22, 32, 31, 34, 35, 29, 30, 21, 27, 20, 18, 19, 33, 4, 6, 23, 7, 26, 28, 36, 37]",1,1.0,0.07142857142857142,0.13333333333333333,1.0,1,14,1,1
smd,group1_development,machine-1-6,8,5873,5885,pca_q,-1,"[9, 10, 8, 12, 16, 17, 13, 15, 25, 1, 2, 14, 3, 11, 0, 5, 24, 22, 32, 31, 34, 35, 29, 30, 21, 27, 20, 18, 19, 33, 4, 6, 23, 7, 26, 28, 36, 37]",3,1.0,0.21428571428571427,0.35294117647058826,1.0,1,14,3,3
smd,group1_development,machine-1-6,8,5873,5885,pca_q,-1,"[9, 10, 8, 12, 16, 17, 13, 15, 25, 1, 2, 14, 3, 11, 0, 5, 24, 22, 32, 31, 34, 35, 29, 30, 21, 27, 20, 18, 19, 33, 4, 6, 23, 7, 26, 28, 36, 37]",5,0.8,0.2857142857142857,0.4210526315789473,0.8687949224876582,1,14,5,4
smd,group1_development,machine-1-6,8,5873,5885,baro_robust_scorer,-1,"[10, 9, 8, 6, 12, 11, 0, 14, 5, 24, 22, 1, 15, 13, 3, 27, 30, 2, 21, 31, 19, 20, 18, 29, 25, 33, 34, 35, 23]",1,1.0,0.07142857142857142,0.13333333333333333,1.0,1,14,1,1
smd,group1_development,machine-1-6,8,5873,5885,baro_robust_scorer,-1,"[10, 9, 8, 6, 12, 11, 0, 14, 5, 24, 22, 1, 15, 13, 3, 27, 30, 2, 21, 31, 19, 20, 18, 29, 25, 33, 34, 35, 23]",3,1.0,0.21428571428571427,0.35294117647058826,1.0,1,14,3,3
smd,group1_development,machine-1-6,8,5873,5885,baro_robust_scorer,-1,"[10, 9, 8, 6, 12, 11, 0, 14, 5, 24, 22, 1, 15, 13, 3, 27, 30, 2, 21, 31, 19, 20, 18, 29, 25, 33, 34, 35, 23]",5,0.8,0.2857142857142857,0.4210526315789473,0.8539316501572937,1,14,5,4
smd,group1_development,machine-1-6,9,6022,6027,robust_z,-1,"[32, 8, 12, 13, 15, 33, 25, 9, 14, 24, 22, 2, 3, 29, 1, 11, 10, 35, 34, 0, 31, 30, 27, 21, 6, 20, 19, 18, 4, 23, 5, 7, 16, 17, 26, 28, 36, 37]",1,1.0,0.5,0.6666666666666666,1.0,1,2,1,1
smd,group1_development,machine-1-6,9,6022,6027,robust_z,-1,"[32, 8, 12, 13, 15, 33, 25, 9, 14, 24, 22, 2, 3, 29, 1, 11, 10, 35, 34, 0, 31, 30, 27, 21, 6, 20, 19, 18, 4, 23, 5, 7, 16, 17, 26, 28, 36, 37]",3,0.3333333333333333,0.5,0.4,0.6131471927654584,1,2,3,1
smd,group1_development,machine-1-6,9,6022,6027,robust_z,-1,"[32, 8, 12, 13, 15, 33, 25, 9, 14, 24, 22, 2, 3, 29, 1, 11, 10, 35, 34, 0, 31, 30, 27, 21, 6, 20, 19, 18, 4, 23, 5, 7, 16, 17, 26, 28, 36, 37]",5,0.2,0.5,0.28571428571428575,0.6131471927654584,1,2,5,1
smd,group1_development,machine-1-6,9,6022,6027,pca_q,-1,"[9, 8, 16, 12, 13, 15, 10, 25, 14, 22, 24, 33, 3, 2, 29, 35, 34, 0, 11, 23, 6, 1, 31, 30, 27, 21, 5, 20, 19, 18, 4, 17, 32, 7, 26, 28, 36, 37]",1,0.0,0.0,0.0,0.0,0,2,1,0
smd,group1_development,machine-1-6,9,6022,6027,pca_q,-1,"[9, 8, 16, 12, 13, 15, 10, 25, 14, 22, 24, 33, 3, 2, 29, 35, 34, 0, 11, 23, 6, 1, 31, 30, 27, 21, 5, 20, 19, 18, 4, 17, 32, 7, 26, 28, 36, 37]",3,0.0,0.0,0.0,0.0,0,2,3,0
smd,group1_development,machine-1-6,9,6022,6027,pca_q,-1,"[9, 8, 16, 12, 13, 15, 10, 25, 14, 22, 24, 33, 3, 2, 29, 35, 34, 0, 11, 23, 6, 1, 31, 30, 27, 21, 5, 20, 19, 18, 4, 17, 32, 7, 26, 28, 36, 37]",5,0.0,0.0,0.0,0.0,0,2,5,0
smd,group1_development,machine-1-6,9,6022,6027,baro_robust_scorer,-1,"[33, 9, 0, 19, 18, 13, 20, 21, 27, 29, 31, 11, 30, 24, 14, 12, 8, 23, 6, 22, 3, 15, 25, 35, 34, 10, 1, 2, 5]",1,1.0,0.5,0.6666666666666666,1.0,1,2,1,1
smd,group1_development,machine-1-6,9,6022,6027,baro_robust_scorer,-1,"[33, 9, 0, 19, 18, 13, 20, 21, 27, 29, 31, 11, 30, 24, 14, 12, 8, 23, 6, 22, 3, 15, 25, 35, 34, 10, 1, 2, 5]",3,0.3333333333333333,0.5,0.4,0.6131471927654584,1,2,3,1
smd,group1_development,machine-1-6,9,6022,6027,baro_robust_scorer,-1,"[33, 9, 0, 19, 18, 13, 20, 21, 27, 29, 31, 11, 30, 24, 14, 12, 8, 23, 6, 22, 3, 15, 25, 35, 34, 10, 1, 2, 5]",5,0.2,0.5,0.28571428571428575,0.6131471927654584,1,2,5,1
smd,group1_development,machine-1-6,10,6412,6419,robust_z,-1,"[9, 17, 10, 8, 12, 13, 14, 15, 25, 1, 2, 11, 3, 0, 33, 24, 5, 29, 22, 6, 23, 4, 18, 19, 31, 35, 34, 20, 30, 21, 27, 7, 16, 26, 28, 32, 36, 37]",1,1.0,0.05263157894736842,0.1,1.0,1,19,1,1
smd,group1_development,machine-1-6,10,6412,6419,robust_z,-1,"[9, 17, 10, 8, 12, 13, 14, 15, 25, 1, 2, 11, 3, 0, 33, 24, 5, 29, 22, 6, 23, 4, 18, 19, 31, 35, 34, 20, 30, 21, 27, 7, 16, 26, 28, 32, 36, 37]",3,0.6666666666666666,0.10526315789473684,0.18181818181818182,0.7039180890341347,1,19,3,2
smd,group1_development,machine-1-6,10,6412,6419,robust_z,-1,"[9, 17, 10, 8, 12, 13, 14, 15, 25, 1, 2, 11, 3, 0, 33, 24, 5, 29, 22, 6, 23, 4, 18, 19, 31, 35, 34, 20, 30, 21, 27, 7, 16, 26, 28, 32, 36, 37]",5,0.8,0.21052631578947367,0.3333333333333333,0.7860137352654724,1,19,5,4
smd,group1_development,machine-1-6,10,6412,6419,pca_q,-1,"[9, 10, 8, 12, 16, 17, 13, 15, 14, 1, 25, 2, 11, 0, 3, 33, 32, 24, 5, 22, 29, 6, 23, 4, 18, 31, 19, 35, 34, 20, 21, 30, 27, 7, 26, 28, 36, 37]",1,1.0,0.05263157894736842,0.1,1.0,1,19,1,1
smd,group1_development,machine-1-6,10,6412,6419,pca_q,-1,"[9, 10, 8, 12, 16, 17, 13, 15, 14, 1, 25, 2, 11, 0, 3, 33, 32, 24, 5, 22, 29, 6, 23, 4, 18, 31, 19, 35, 34, 20, 21, 30, 27, 7, 26, 28, 36, 37]",3,1.0,0.15789473684210525,0.2727272727272727,1.0,1,19,3,3
smd,group1_development,machine-1-6,10,6412,6419,pca_q,-1,"[9, 10, 8, 12, 16, 17, 13, 15, 14, 1, 25, 2, 11, 0, 3, 33, 32, 24, 5, 22, 29, 6, 23, 4, 18, 31, 19, 35, 34, 20, 21, 30, 27, 7, 26, 28, 36, 37]",5,0.8,0.21052631578947367,0.3333333333333333,0.8687949224876582,1,19,5,4
smd,group1_development,machine-1-6,10,6412,6419,baro_robust_scorer,-1,"[9, 10, 1, 2, 14, 0, 3, 11, 6, 8, 12, 5, 29, 24, 23, 27, 30, 35, 34, 21, 20, 25, 33, 22, 13, 19, 18, 15, 31]",1,1.0,0.05263157894736842,0.1,1.0,1,19,1,1
smd,group1_development,machine-1-6,10,6412,6419,baro_robust_scorer,-1,"[9, 10, 1, 2, 14, 0, 3, 11, 6, 8, 12, 5, 29, 24, 23, 27, 30, 35, 34, 21, 20, 25, 33, 22, 13, 19, 18, 15, 31]",3,1.0,0.15789473684210525,0.2727272727272727,1.0,1,19,3,3
smd,group1_development,machine-1-6,10,6412,6419,baro_robust_scorer,-1,"[9, 10, 1, 2, 14, 0, 3, 11, 6, 8, 12, 5, 29, 24, 23, 27, 30, 35, 34, 21, 20, 25, 33, 22, 13, 19, 18, 15, 31]",5,1.0,0.2631578947368421,0.4166666666666667,1.0,1,19,5,5
smd,group1_development,machine-1-6,11,7851,7856,robust_z,-1,"[9, 10, 8, 12, 15, 25, 14, 13, 22, 1, 24, 2, 11, 0, 23, 6, 29, 3, 31, 33, 4, 30, 35, 34, 5, 21, 27, 20, 19, 18, 7, 16, 17, 26, 28, 32, 36, 37]",1,1.0,0.06666666666666667,0.125,1.0,1,15,1,1
smd,group1_development,machine-1-6,11,7851,7856,robust_z,-1,"[9, 10, 8, 12, 15, 25, 14, 13, 22, 1, 24, 2, 11, 0, 23, 6, 29, 3, 31, 33, 4, 30, 35, 34, 5, 21, 27, 20, 19, 18, 7, 16, 17, 26, 28, 32, 36, 37]",3,1.0,0.2,0.33333333333333337,1.0,1,15,3,3
smd,group1_development,machine-1-6,11,7851,7856,robust_z,-1,"[9, 10, 8, 12, 15, 25, 14, 13, 22, 1, 24, 2, 11, 0, 23, 6, 29, 3, 31, 33, 4, 30, 35, 34, 5, 21, 27, 20, 19, 18, 7, 16, 17, 26, 28, 32, 36, 37]",5,0.8,0.26666666666666666,0.4,0.8687949224876582,1,15,5,4
smd,group1_development,machine-1-6,11,7851,7856,pca_q,-1,"[9, 10, 8, 12, 17, 16, 15, 14, 13, 25, 1, 22, 24, 11, 32, 2, 0, 23, 29, 6, 3, 31, 4, 33, 30, 34, 35, 21, 27, 20, 5, 19, 18, 7, 26, 28, 36, 37]",1,1.0,0.06666666666666667,0.125,1.0,1,15,1,1
smd,group1_development,machine-1-6,11,7851,7856,pca_q,-1,"[9, 10, 8, 12, 17, 16, 15, 14, 13, 25, 1, 22, 24, 11, 32, 2, 0, 23, 29, 6, 3, 31, 4, 33, 30, 34, 35, 21, 27, 20, 5, 19, 18, 7, 26, 28, 36, 37]",3,1.0,0.2,0.33333333333333337,1.0,1,15,3,3
smd,group1_development,machine-1-6,11,7851,7856,pca_q,-1,"[9, 10, 8, 12, 17, 16, 15, 14, 13, 25, 1, 22, 24, 11, 32, 2, 0, 23, 29, 6, 3, 31, 4, 33, 30, 34, 35, 21, 27, 20, 5, 19, 18, 7, 26, 28, 36, 37]",5,0.8,0.26666666666666666,0.4,0.8687949224876582,1,15,5,4
smd,group1_development,machine-1-6,11,7851,7856,baro_robust_scorer,-1,"[9, 10, 29, 2, 3, 1, 0, 11, 14, 8, 12, 33, 20, 27, 19, 21, 30, 18, 23, 25, 31, 6, 24, 34, 35, 22, 5, 15, 13]",1,1.0,0.06666666666666667,0.125,1.0,1,15,1,1
smd,group1_development,machine-1-6,11,7851,7856,baro_robust_scorer,-1,"[9, 10, 29, 2, 3, 1, 0, 11, 14, 8, 12, 33, 20, 27, 19, 21, 30, 18, 23, 25, 31, 6, 24, 34, 35, 22, 5, 15, 13]",3,1.0,0.2,0.33333333333333337,1.0,1,15,3,3
smd,group1_development,machine-1-6,11,7851,7856,baro_robust_scorer,-1,"[9, 10, 29, 2, 3, 1, 0, 11, 14, 8, 12, 33, 20, 27, 19, 21, 30, 18, 23, 25, 31, 6, 24, 34, 35, 22, 5, 15, 13]",5,0.6,0.2,0.3,0.7227265726449519,1,15,5,3
smd,group1_development,machine-1-6,12,9291,9298,robust_z,-1,"[9, 10, 8, 12, 13, 15, 25, 14, 1, 2, 11, 0, 24, 22, 3, 6, 29, 33, 4, 5, 18, 31, 23, 19, 35, 34, 30, 27, 21, 20, 7, 16, 17, 26, 28, 32, 36, 37]",1,1.0,0.0625,0.11764705882352941,1.0,1,16,1,1
smd,group1_development,machine-1-6,12,9291,9298,robust_z,-1,"[9, 10, 8, 12, 13, 15, 25, 14, 1, 2, 11, 0, 24, 22, 3, 6, 29, 33, 4, 5, 18, 31, 23, 19, 35, 34, 30, 27, 21, 20, 7, 16, 17, 26, 28, 32, 36, 37]",3,1.0,0.1875,0.3157894736842105,1.0,1,16,3,3
smd,group1_development,machine-1-6,12,9291,9298,robust_z,-1,"[9, 10, 8, 12, 13, 15, 25, 14, 1, 2, 11, 0, 24, 22, 3, 6, 29, 33, 4, 5, 18, 31, 23, 19, 35, 34, 30, 27, 21, 20, 7, 16, 17, 26, 28, 32, 36, 37]",5,0.8,0.25,0.38095238095238093,0.8687949224876582,1,16,5,4
smd,group1_development,machine-1-6,12,9291,9298,pca_q,-1,"[9, 10, 8, 12, 17, 16, 13, 15, 14, 25, 1, 2, 11, 32, 0, 22, 24, 3, 33, 6, 29, 5, 4, 18, 31, 19, 34, 35, 23, 30, 20, 27, 21, 7, 26, 28, 36, 37]",1,1.0,0.0625,0.11764705882352941,1.0,1,16,1,1
smd,group1_development,machine-1-6,12,9291,9298,pca_q,-1,"[9, 10, 8, 12, 17, 16, 13, 15, 14, 25, 1, 2, 11, 32, 0, 22, 24, 3, 33, 6, 29, 5, 4, 18, 31, 19, 34, 35, 23, 30, 20, 27, 21, 7, 26, 28, 36, 37]",3,1.0,0.1875,0.3157894736842105,1.0,1,16,3,3
smd,group1_development,machine-1-6,12,9291,9298,pca_q,-1,"[9, 10, 8, 12, 17, 16, 13, 15, 14, 25, 1, 2, 11, 32, 0, 22, 24, 3, 33, 6, 29, 5, 4, 18, 31, 19, 34, 35, 23, 30, 20, 27, 21, 7, 26, 28, 36, 37]",5,0.8,0.25,0.38095238095238093,0.8687949224876582,1,16,5,4
smd,group1_development,machine-1-6,12,9291,9298,baro_robust_scorer,-1,"[9, 10, 3, 0, 1, 2, 14, 8, 5, 29, 12, 24, 11, 30, 15, 33, 23, 13, 25, 27, 6, 21, 22, 20, 18, 19, 35, 34, 31]",1,1.0,0.0625,0.11764705882352941,1.0,1,16,1,1
smd,group1_development,machine-1-6,12,9291,9298,baro_robust_scorer,-1,"[9, 10, 3, 0, 1, 2, 14, 8, 5, 29, 12, 24, 11, 30, 15, 33, 23, 13, 25, 27, 6, 21, 22, 20, 18, 19, 35, 34, 31]",3,0.6666666666666666,0.125,0.21052631578947367,0.7653606369886217,1,16,3,2
smd,group1_development,machine-1-6,12,9291,9298,baro_robust_scorer,-1,"[9, 10, 3, 0, 1, 2, 14, 8, 5, 29, 12, 24, 11, 30, 15, 33, 23, 13, 25, 27, 6, 21, 22, 20, 18, 19, 35, 34, 31]",5,0.8,0.25,0.38095238095238093,0.830419897363192,1,16,5,4
smd,group1_development,machine-1-6,13,10731,10736,robust_z,-1,"[9, 10, 8, 12, 13, 15, 25, 14, 1, 2, 11, 0, 3, 24, 6, 22, 29, 4, 33, 5, 23, 18, 31, 19, 20, 35, 34, 30, 21, 27, 7, 16, 17, 26, 28, 32, 36, 37]",1,1.0,0.0625,0.11764705882352941,1.0,1,16,1,1
smd,group1_development,machine-1-6,13,10731,10736,robust_z,-1,"[9, 10, 8, 12, 13, 15, 25, 14, 1, 2, 11, 0, 3, 24, 6, 22, 29, 4, 33, 5, 23, 18, 31, 19, 20, 35, 34, 30, 21, 27, 7, 16, 17, 26, 28, 32, 36, 37]",3,1.0,0.1875,0.3157894736842105,1.0,1,16,3,3
smd,group1_development,machine-1-6,13,10731,10736,robust_z,-1,"[9, 10, 8, 12, 13, 15, 25, 14, 1, 2, 11, 0, 3, 24, 6, 22, 29, 4, 33, 5, 23, 18, 31, 19, 20, 35, 34, 30, 21, 27, 7, 16, 17, 26, 28, 32, 36, 37]",5,0.8,0.25,0.38095238095238093,0.8687949224876582,1,16,5,4
smd,group1_development,machine-1-6,13,10731,10736,pca_q,-1,"[9, 10, 8, 12, 17, 16, 13, 15, 25, 14, 1, 2, 32, 11, 0, 3, 24, 6, 22, 29, 33, 4, 23, 18, 31, 5, 19, 20, 35, 34, 30, 21, 27, 7, 26, 28, 36, 37]",1,1.0,0.0625,0.11764705882352941,1.0,1,16,1,1
smd,group1_development,machine-1-6,13,10731,10736,pca_q,-1,"[9, 10, 8, 12, 17, 16, 13, 15, 25, 14, 1, 2, 32, 11, 0, 3, 24, 6, 22, 29, 33, 4, 23, 18, 31, 5, 19, 20, 35, 34, 30, 21, 27, 7, 26, 28, 36, 37]",3,1.0,0.1875,0.3157894736842105,1.0,1,16,3,3
smd,group1_development,machine-1-6,13,10731,10736,pca_q,-1,"[9, 10, 8, 12, 17, 16, 13, 15, 25, 14, 1, 2, 32, 11, 0, 3, 24, 6, 22, 29, 33, 4, 23, 18, 31, 5, 19, 20, 35, 34, 30, 21, 27, 7, 26, 28, 36, 37]",5,0.8,0.25,0.38095238095238093,0.8687949224876582,1,16,5,4
smd,group1_development,machine-1-6,13,10731,10736,baro_robust_scorer,-1,"[10, 9, 14, 3, 5, 21, 8, 12, 2, 19, 30, 11, 20, 29, 27, 18, 15, 1, 31, 33, 23, 13, 25, 24, 6, 35, 34, 0, 22]",1,1.0,0.0625,0.11764705882352941,1.0,1,16,1,1
smd,group1_development,machine-1-6,13,10731,10736,baro_robust_scorer,-1,"[10, 9, 14, 3, 5, 21, 8, 12, 2, 19, 30, 11, 20, 29, 27, 18, 15, 1, 31, 33, 23, 13, 25, 24, 6, 35, 34, 0, 22]",3,0.6666666666666666,0.125,0.21052631578947367,0.7653606369886217,1,16,3,2
smd,group1_development,machine-1-6,13,10731,10736,baro_robust_scorer,-1,"[10, 9, 14, 3, 5, 21, 8, 12, 2, 19, 30, 11, 20, 29, 27, 18, 15, 1, 31, 33, 23, 13, 25, 24, 6, 35, 34, 0, 22]",5,0.4,0.125,0.19047619047619047,0.5531464700081437,1,16,5,2
smd,group1_development,machine-1-6,14,11467,11471,robust_z,-1,"[9, 10, 8, 12, 13, 15, 1, 14, 25, 2, 11, 23, 3, 6, 24, 29, 0, 22, 5, 33, 4, 35, 34, 30, 27, 21, 31, 18, 20, 19, 7, 16, 17, 26, 28, 32, 36, 37]",1,1.0,0.058823529411764705,0.1111111111111111,1.0,1,17,1,1
smd,group1_development,machine-1-6,14,11467,11471,robust_z,-1,"[9, 10, 8, 12, 13, 15, 1, 14, 25, 2, 11, 23, 3, 6, 24, 29, 0, 22, 5, 33, 4, 35, 34, 30, 27, 21, 31, 18, 20, 19, 7, 16, 17, 26, 28, 32, 36, 37]",3,1.0,0.17647058823529413,0.3,1.0,1,17,3,3
smd,group1_development,machine-1-6,14,11467,11471,robust_z,-1,"[9, 10, 8, 12, 13, 15, 1, 14, 25, 2, 11, 23, 3, 6, 24, 29, 0, 22, 5, 33, 4, 35, 34, 30, 27, 21, 31, 18, 20, 19, 7, 16, 17, 26, 28, 32, 36, 37]",5,0.8,0.23529411764705882,0.3636363636363636,0.8687949224876582,1,17,5,4
smd,group1_development,machine-1-6,14,11467,11471,pca_q,-1,"[9, 10, 8, 12, 16, 17, 13, 15, 1, 14, 25, 2, 11, 23, 24, 29, 3, 0, 6, 32, 22, 5, 33, 4, 34, 35, 30, 27, 21, 31, 20, 18, 19, 7, 26, 28, 36, 37]",1,1.0,0.058823529411764705,0.1111111111111111,1.0,1,17,1,1
smd,group1_development,machine-1-6,14,11467,11471,pca_q,-1,"[9, 10, 8, 12, 16, 17, 13, 15, 1, 14, 25, 2, 11, 23, 24, 29, 3, 0, 6, 32, 22, 5, 33, 4, 34, 35, 30, 27, 21, 31, 20, 18, 19, 7, 26, 28, 36, 37]",3,1.0,0.17647058823529413,0.3,1.0,1,17,3,3
smd,group1_development,machine-1-6,14,11467,11471,pca_q,-1,"[9, 10, 8, 12, 16, 17, 13, 15, 1, 14, 25, 2, 11, 23, 24, 29, 3, 0, 6, 32, 22, 5, 33, 4, 34, 35, 30, 27, 21, 31, 20, 18, 19, 7, 26, 28, 36, 37]",5,0.8,0.23529411764705882,0.3636363636363636,0.8687949224876582,1,17,5,4
smd,group1_development,machine-1-6,14,11467,11471,baro_robust_scorer,-1,"[6, 10, 2, 3, 9, 1, 5, 8, 12, 33, 0, 23, 25, 14, 11, 29, 24, 13, 15, 30, 27, 21, 20, 35, 34, 22, 18, 19, 31]",1,0.0,0.0,0.0,0.0,0,17,1,0
smd,group1_development,machine-1-6,14,11467,11471,baro_robust_scorer,-1,"[6, 10, 2, 3, 9, 1, 5, 8, 12, 33, 0, 23, 25, 14, 11, 29, 24, 13, 15, 30, 27, 21, 20, 35, 34, 22, 18, 19, 31]",3,0.6666666666666666,0.11764705882352941,0.2,0.5307212739772434,1,17,3,2
smd,group1_development,machine-1-6,14,11467,11471,baro_robust_scorer,-1,"[6, 10, 2, 3, 9, 1, 5, 8, 12, 33, 0, 23, 25, 14, 11, 29, 24, 13, 15, 30, 27, 21, 20, 35, 34, 22, 18, 19, 31]",5,0.6,0.17647058823529413,0.2727272727272727,0.5147714448836774,1,17,5,3
smd,group1_development,machine-1-6,15,12171,12176,robust_z,-1,"[9, 10, 8, 12, 15, 13, 25, 14, 1, 2, 11, 6, 0, 33, 23, 24, 3, 29, 22, 4, 5, 18, 19, 31, 20, 34, 35, 21, 27, 30, 7, 16, 17, 26, 28, 32, 36, 37]",1,1.0,0.058823529411764705,0.1111111111111111,1.0,1,17,1,1
smd,group1_development,machine-1-6,15,12171,12176,robust_z,-1,"[9, 10, 8, 12, 15, 13, 25, 14, 1, 2, 11, 6, 0, 33, 23, 24, 3, 29, 22, 4, 5, 18, 19, 31, 20, 34, 35, 21, 27, 30, 7, 16, 17, 26, 28, 32, 36, 37]",3,1.0,0.17647058823529413,0.3,1.0,1,17,3,3
smd,group1_development,machine-1-6,15,12171,12176,robust_z,-1,"[9, 10, 8, 12, 15, 13, 25, 14, 1, 2, 11, 6, 0, 33, 23, 24, 3, 29, 22, 4, 5, 18, 19, 31, 20, 34, 35, 21, 27, 30, 7, 16, 17, 26, 28, 32, 36, 37]",5,0.8,0.23529411764705882,0.3636363636363636,0.8687949224876582,1,17,5,4
smd,group1_development,machine-1-6,15,12171,12176,pca_q,-1,"[9, 10, 8, 12, 17, 16, 13, 15, 25, 1, 14, 32, 2, 11, 0, 6, 33, 24, 3, 23, 22, 29, 4, 5, 18, 19, 31, 20, 34, 35, 21, 27, 30, 7, 26, 28, 36, 37]",1,1.0,0.058823529411764705,0.1111111111111111,1.0,1,17,1,1
smd,group1_development,machine-1-6,15,12171,12176,pca_q,-1,"[9, 10, 8, 12, 17, 16, 13, 15, 25, 1, 14, 32, 2, 11, 0, 6, 33, 24, 3, 23, 22, 29, 4, 5, 18, 19, 31, 20, 34, 35, 21, 27, 30, 7, 26, 28, 36, 37]",3,1.0,0.17647058823529413,0.3,1.0,1,17,3,3
smd,group1_development,machine-1-6,15,12171,12176,pca_q,-1,"[9, 10, 8, 12, 17, 16, 13, 15, 25, 1, 14, 32, 2, 11, 0, 6, 33, 24, 3, 23, 22, 29, 4, 5, 18, 19, 31, 20, 34, 35, 21, 27, 30, 7, 26, 28, 36, 37]",5,0.8,0.23529411764705882,0.3636363636363636,0.8687949224876582,1,17,5,4
smd,group1_development,machine-1-6,15,12171,12176,baro_robust_scorer,-1,"[9, 10, 8, 1, 12, 2, 29, 3, 15, 21, 5, 14, 13, 27, 6, 30, 23, 20, 11, 25, 31, 18, 24, 19, 34, 35, 0, 22, 33]",1,1.0,0.058823529411764705,0.1111111111111111,1.0,1,17,1,1
smd,group1_development,machine-1-6,15,12171,12176,baro_robust_scorer,-1,"[9, 10, 8, 1, 12, 2, 29, 3, 15, 21, 5, 14, 13, 27, 6, 30, 23, 20, 11, 25, 31, 18, 24, 19, 34, 35, 0, 22, 33]",3,1.0,0.17647058823529413,0.3,1.0,1,17,3,3
smd,group1_development,machine-1-6,15,12171,12176,baro_robust_scorer,-1,"[9, 10, 8, 1, 12, 2, 29, 3, 15, 21, 5, 14, 13, 27, 6, 30, 23, 20, 11, 25, 31, 18, 24, 19, 34, 35, 0, 22, 33]",5,1.0,0.29411764705882354,0.45454545454545453,1.0,1,17,5,5
smd,group1_development,machine-1-6,16,13069,13073,robust_z,-1,"[32, 9, 8, 12, 13, 15, 33, 10, 25, 14, 24, 22, 23, 6, 3, 2, 29, 0, 31, 35, 34, 11, 1, 30, 27, 21, 20, 19, 18, 4, 5, 7, 16, 17, 26, 28, 36, 37]",1,1.0,0.5,0.6666666666666666,1.0,1,2,1,1
smd,group1_development,machine-1-6,16,13069,13073,robust_z,-1,"[32, 9, 8, 12, 13, 15, 33, 10, 25, 14, 24, 22, 23, 6, 3, 2, 29, 0, 31, 35, 34, 11, 1, 30, 27, 21, 20, 19, 18, 4, 5, 7, 16, 17, 26, 28, 36, 37]",3,0.3333333333333333,0.5,0.4,0.6131471927654584,1,2,3,1
smd,group1_development,machine-1-6,16,13069,13073,robust_z,-1,"[32, 9, 8, 12, 13, 15, 33, 10, 25, 14, 24, 22, 23, 6, 3, 2, 29, 0, 31, 35, 34, 11, 1, 30, 27, 21, 20, 19, 18, 4, 5, 7, 16, 17, 26, 28, 36, 37]",5,0.2,0.5,0.28571428571428575,0.6131471927654584,1,2,5,1
smd,group1_development,machine-1-6,16,13069,13073,pca_q,-1,"[9, 8, 16, 12, 13, 15, 10, 33, 25, 23, 14, 24, 22, 6, 3, 0, 29, 34, 35, 2, 31, 30, 11, 27, 21, 20, 19, 18, 1, 4, 5, 17, 32, 7, 26, 28, 36, 37]",1,0.0,0.0,0.0,0.0,0,2,1,0
smd,group1_development,machine-1-6,16,13069,13073,pca_q,-1,"[9, 8, 16, 12, 13, 15, 10, 33, 25, 23, 14, 24, 22, 6, 3, 0, 29, 34, 35, 2, 31, 30, 11, 27, 21, 20, 19, 18, 1, 4, 5, 17, 32, 7, 26, 28, 36, 37]",3,0.0,0.0,0.0,0.0,0,2,3,0
smd,group1_development,machine-1-6,16,13069,13073,pca_q,-1,"[9, 8, 16, 12, 13, 15, 10, 33, 25, 23, 14, 24, 22, 6, 3, 0, 29, 34, 35, 2, 31, 30, 11, 27, 21, 20, 19, 18, 1, 4, 5, 17, 32, 7, 26, 28, 36, 37]",5,0.0,0.0,0.0,0.0,0,2,5,0
smd,group1_development,machine-1-6,16,13069,13073,baro_robust_scorer,-1,"[9, 10, 33, 6, 11, 13, 29, 34, 14, 35, 24, 8, 12, 15, 23, 25, 0, 22, 30, 21, 27, 1, 31, 20, 19, 2, 18, 3, 5]",1,0.0,0.0,0.0,0.0,0,2,1,0
smd,group1_development,machine-1-6,16,13069,13073,baro_robust_scorer,-1,"[9, 10, 33, 6, 11, 13, 29, 34, 14, 35, 24, 8, 12, 15, 23, 25, 0, 22, 30, 21, 27, 1, 31, 20, 19, 2, 18, 3, 5]",3,0.3333333333333333,0.5,0.4,0.3065735963827292,1,2,3,1
smd,group1_development,machine-1-6,16,13069,13073,baro_robust_scorer,-1,"[9, 10, 33, 6, 11, 13, 29, 34, 14, 35, 24, 8, 12, 15, 23, 25, 0, 22, 30, 21, 27, 1, 31, 20, 19, 2, 18, 3, 5]",5,0.2,0.5,0.28571428571428575,0.3065735963827292,1,2,5,1
smd,group1_development,machine-1-6,17,13277,13280,robust_z,-1,"[16, 10, 9, 8, 15, 12, 13, 25, 22, 14, 24, 6, 35, 34, 5, 11, 31, 0, 3, 30, 29, 4, 27, 21, 33, 2, 20, 19, 18, 1, 23, 7, 17, 26, 28, 32, 36, 37]",1,1.0,1.0,1.0,1.0,1,1,1,1
smd,group1_development,machine-1-6,17,13277,13280,robust_z,-1,"[16, 10, 9, 8, 15, 12, 13, 25, 22, 14, 24, 6, 35, 34, 5, 11, 31, 0, 3, 30, 29, 4, 27, 21, 33, 2, 20, 19, 18, 1, 23, 7, 17, 26, 28, 32, 36, 37]",3,0.3333333333333333,1.0,0.5,1.0,1,1,3,1
smd,group1_development,machine-1-6,17,13277,13280,robust_z,-1,"[16, 10, 9, 8, 15, 12, 13, 25, 22, 14, 24, 6, 35, 34, 5, 11, 31, 0, 3, 30, 29, 4, 27, 21, 33, 2, 20, 19, 18, 1, 23, 7, 17, 26, 28, 32, 36, 37]",5,0.2,1.0,0.33333333333333337,1.0,1,1,5,1
smd,group1_development,machine-1-6,17,13277,13280,pca_q,-1,"[16, 17, 9, 10, 8, 15, 12, 13, 32, 25, 22, 14, 24, 35, 34, 6, 11, 31, 5, 0, 3, 4, 30, 29, 27, 21, 33, 20, 2, 19, 18, 1, 23, 7, 26, 28, 36, 37]",1,1.0,1.0,1.0,1.0,1,1,1,1
smd,group1_development,machine-1-6,17,13277,13280,pca_q,-1,"[16, 17, 9, 10, 8, 15, 12, 13, 32, 25, 22, 14, 24, 35, 34, 6, 11, 31, 5, 0, 3, 4, 30, 29, 27, 21, 33, 20, 2, 19, 18, 1, 23, 7, 26, 28, 36, 37]",3,0.3333333333333333,1.0,0.5,1.0,1,1,3,1
smd,group1_development,machine-1-6,17,13277,13280,pca_q,-1,"[16, 17, 9, 10, 8, 15, 12, 13, 32, 25, 22, 14, 24, 35, 34, 6, 11, 31, 5, 0, 3, 4, 30, 29, 27, 21, 33, 20, 2, 19, 18, 1, 23, 7, 26, 28, 36, 37]",5,0.2,1.0,0.33333333333333337,1.0,1,1,5,1
smd,group1_development,machine-1-6,17,13277,13280,baro_robust_scorer,-1,"[9, 6, 5, 24, 22, 34, 35, 11, 23, 25, 14, 15, 29, 8, 12, 30, 13, 18, 27, 21, 0, 31, 20, 19, 1, 33, 2, 3]",1,0.0,0.0,0.0,0.0,0,1,1,0
smd,group1_development,machine-1-6,17,13277,13280,baro_robust_scorer,-1,"[9, 6, 5, 24, 22, 34, 35, 11, 23, 25, 14, 15, 29, 8, 12, 30, 13, 18, 27, 21, 0, 31, 20, 19, 1, 33, 2, 3]",3,0.0,0.0,0.0,0.0,0,1,3,0
smd,group1_development,machine-1-6,17,13277,13280,baro_robust_scorer,-1,"[9, 6, 5, 24, 22, 34, 35, 11, 23, 25, 14, 15, 29, 8, 12, 30, 13, 18, 27, 21, 0, 31, 20, 19, 1, 33, 2, 3]",5,0.0,0.0,0.0,0.0,0,1,5,0
smd,group1_development,machine-1-6,18,13613,13619,robust_z,-1,"[9, 10, 8, 12, 15, 13, 25, 14, 1, 2, 11, 6, 3, 0, 24, 29, 22, 33, 4, 23, 5, 18, 19, 30, 34, 35, 31, 20, 21, 27, 7, 16, 17, 26, 28, 32, 36, 37]",1,1.0,0.125,0.2222222222222222,1.0,1,8,1,1
smd,group1_development,machine-1-6,18,13613,13619,robust_z,-1,"[9, 10, 8, 12, 15, 13, 25, 14, 1, 2, 11, 6, 3, 0, 24, 29, 22, 33, 4, 23, 5, 18, 19, 30, 34, 35, 31, 20, 21, 27, 7, 16, 17, 26, 28, 32, 36, 37]",3,1.0,0.375,0.5454545454545454,1.0,1,8,3,3
smd,group1_development,machine-1-6,18,13613,13619,robust_z,-1,"[9, 10, 8, 12, 15, 13, 25, 14, 1, 2, 11, 6, 3, 0, 24, 29, 22, 33, 4, 23, 5, 18, 19, 30, 34, 35, 31, 20, 21, 27, 7, 16, 17, 26, 28, 32, 36, 37]",5,0.8,0.5,0.6153846153846154,0.8687949224876582,1,8,5,4
smd,group1_development,machine-1-6,18,13613,13619,pca_q,-1,"[9, 10, 8, 12, 16, 17, 13, 15, 14, 25, 1, 2, 11, 32, 0, 3, 6, 24, 22, 4, 29, 33, 23, 18, 19, 5, 31, 20, 30, 34, 35, 21, 27, 7, 26, 28, 36, 37]",1,1.0,0.125,0.2222222222222222,1.0,1,8,1,1
smd,group1_development,machine-1-6,18,13613,13619,pca_q,-1,"[9, 10, 8, 12, 16, 17, 13, 15, 14, 25, 1, 2, 11, 32, 0, 3, 6, 24, 22, 4, 29, 33, 23, 18, 19, 5, 31, 20, 30, 34, 35, 21, 27, 7, 26, 28, 36, 37]",3,1.0,0.375,0.5454545454545454,1.0,1,8,3,3
smd,group1_development,machine-1-6,18,13613,13619,pca_q,-1,"[9, 10, 8, 12, 16, 17, 13, 15, 14, 25, 1, 2, 11, 32, 0, 3, 6, 24, 22, 4, 29, 33, 23, 18, 19, 5, 31, 20, 30, 34, 35, 21, 27, 7, 26, 28, 36, 37]",5,0.8,0.5,0.6153846153846154,0.8687949224876582,1,8,5,4
smd,group1_development,machine-1-6,18,13613,13619,baro_robust_scorer,-1,"[9, 10, 14, 11, 8, 12, 3, 2, 1, 30, 0, 24, 29, 27, 31, 23, 13, 21, 22, 34, 35, 20, 18, 15, 19, 25, 33, 5, 6]",1,1.0,0.125,0.2222222222222222,1.0,1,8,1,1
smd,group1_development,machine-1-6,18,13613,13619,baro_robust_scorer,-1,"[9, 10, 14, 11, 8, 12, 3, 2, 1, 30, 0, 24, 29, 27, 31, 23, 13, 21, 22, 34, 35, 20, 18, 15, 19, 25, 33, 5, 6]",3,0.6666666666666666,0.25,0.36363636363636365,0.7653606369886217,1,8,3,2
smd,group1_development,machine-1-6,18,13613,13619,baro_robust_scorer,-1,"[9, 10, 14, 11, 8, 12, 3, 2, 1, 30, 0, 24, 29, 27, 31, 23, 13, 21, 22, 34, 35, 20, 18, 15, 19, 25, 33, 5, 6]",5,0.8,0.5,0.6153846153846154,0.830419897363192,1,8,5,4
smd,group1_development,machine-1-6,19,14603,14607,robust_z,-1,"[36, 9, 10, 8, 12, 13, 15, 25, 14, 1, 24, 2, 3, 22, 6, 0, 29, 23, 11, 35, 34, 30, 31, 27, 21, 20, 4, 18, 19, 33, 5, 7, 16, 17, 26, 28, 32, 37]",1,1.0,0.1,0.18181818181818182,1.0,1,10,1,1
smd,group1_development,machine-1-6,19,14603,14607,robust_z,-1,"[36, 9, 10, 8, 12, 13, 15, 25, 14, 1, 24, 2, 3, 22, 6, 0, 29, 23, 11, 35, 34, 30, 31, 27, 21, 20, 4, 18, 19, 33, 5, 7, 16, 17, 26, 28, 32, 37]",3,1.0,0.3,0.4615384615384615,1.0,1,10,3,3
smd,group1_development,machine-1-6,19,14603,14607,robust_z,-1,"[36, 9, 10, 8, 12, 13, 15, 25, 14, 1, 24, 2, 3, 22, 6, 0, 29, 23, 11, 35, 34, 30, 31, 27, 21, 20, 4, 18, 19, 33, 5, 7, 16, 17, 26, 28, 32, 37]",5,1.0,0.5,0.6666666666666666,1.0,1,10,5,5
smd,group1_development,machine-1-6,19,14603,14607,pca_q,-1,"[36, 9, 10, 8, 12, 16, 17, 13, 15, 25, 14, 1, 24, 2, 3, 22, 0, 6, 29, 32, 23, 11, 30, 35, 34, 31, 27, 21, 4, 20, 19, 18, 33, 5, 7, 26, 28, 37]",1,1.0,0.1,0.18181818181818182,1.0,1,10,1,1
smd,group1_development,machine-1-6,19,14603,14607,pca_q,-1,"[36, 9, 10, 8, 12, 16, 17, 13, 15, 25, 14, 1, 24, 2, 3, 22, 0, 6, 29, 32, 23, 11, 30, 35, 34, 31, 27, 21, 4, 20, 19, 18, 33, 5, 7, 26, 28, 37]",3,1.0,0.3,0.4615384615384615,1.0,1,10,3,3
smd,group1_development,machine-1-6,19,14603,14607,pca_q,-1,"[36, 9, 10, 8, 12, 16, 17, 13, 15, 25, 14, 1, 24, 2, 3, 22, 0, 6, 29, 32, 23, 11, 30, 35, 34, 31, 27, 21, 4, 20, 19, 18, 33, 5, 7, 26, 28, 37]",5,1.0,0.5,0.6666666666666666,1.0,1,10,5,5
smd,group1_development,machine-1-6,19,14603,14607,baro_robust_scorer,-1,"[8, 3, 9, 14, 10, 2, 12, 13, 23, 1, 0, 5, 15, 33, 25, 29, 27, 19, 20, 30, 21, 24, 18, 6, 31, 34, 11, 35, 22]",1,1.0,0.1,0.18181818181818182,1.0,1,10,1,1
smd,group1_development,machine-1-6,19,14603,14607,baro_robust_scorer,-1,"[8, 3, 9, 14, 10, 2, 12, 13, 23, 1, 0, 5, 15, 33, 25, 29, 27, 19, 20, 30, 21, 24, 18, 6, 31, 34, 11, 35, 22]",3,0.6666666666666666,0.2,0.30769230769230765,0.7039180890341347,1,10,3,2
smd,group1_development,machine-1-6,19,14603,14607,baro_robust_scorer,-1,"[8, 3, 9, 14, 10, 2, 12, 13, 23, 1, 0, 5, 15, 33, 25, 29, 27, 19, 20, 30, 21, 24, 18, 6, 31, 34, 11, 35, 22]",5,0.6,0.3,0.4,0.639945385422766,1,10,5,3
smd,group1_development,machine-1-6,20,15052,15055,robust_z,-1,"[9, 10, 8, 12, 13, 15, 25, 14, 1, 6, 0, 24, 22, 23, 11, 2, 29, 3, 4, 33, 35, 34, 30, 5, 18, 19, 27, 31, 21, 20, 7, 16, 17, 26, 28, 32, 36, 37]",1,1.0,0.25,0.4,1.0,1,4,1,1
smd,group1_development,machine-1-6,20,15052,15055,robust_z,-1,"[9, 10, 8, 12, 13, 15, 25, 14, 1, 6, 0, 24, 22, 23, 11, 2, 29, 3, 4, 33, 35, 34, 30, 5, 18, 19, 27, 31, 21, 20, 7, 16, 17, 26, 28, 32, 36, 37]",3,1.0,0.75,0.8571428571428571,1.0,1,4,3,3
smd,group1_development,machine-1-6,20,15052,15055,robust_z,-1,"[9, 10, 8, 12, 13, 15, 25, 14, 1, 6, 0, 24, 22, 23, 11, 2, 29, 3, 4, 33, 35, 34, 30, 5, 18, 19, 27, 31, 21, 20, 7, 16, 17, 26, 28, 32, 36, 37]",5,0.8,1.0,0.888888888888889,1.0,1,4,5,4
smd,group1_development,machine-1-6,20,15052,15055,pca_q,-1,"[9, 10, 8, 12, 17, 16, 13, 15, 25, 14, 32, 1, 6, 0, 24, 22, 23, 11, 29, 2, 4, 3, 33, 34, 35, 5, 30, 18, 19, 27, 31, 21, 20, 7, 26, 28, 36, 37]",1,1.0,0.25,0.4,1.0,1,4,1,1
smd,group1_development,machine-1-6,20,15052,15055,pca_q,-1,"[9, 10, 8, 12, 17, 16, 13, 15, 25, 14, 32, 1, 6, 0, 24, 22, 23, 11, 29, 2, 4, 3, 33, 34, 35, 5, 30, 18, 19, 27, 31, 21, 20, 7, 26, 28, 36, 37]",3,1.0,0.75,0.8571428571428571,1.0,1,4,3,3
smd,group1_development,machine-1-6,20,15052,15055,pca_q,-1,"[9, 10, 8, 12, 17, 16, 13, 15, 25, 14, 32, 1, 6, 0, 24, 22, 23, 11, 29, 2, 4, 3, 33, 34, 35, 5, 30, 18, 19, 27, 31, 21, 20, 7, 26, 28, 36, 37]",5,0.8,1.0,0.888888888888889,1.0,1,4,5,4
smd,group1_development,machine-1-6,20,15052,15055,baro_robust_scorer,-1,"[9, 10, 2, 1, 3, 8, 14, 12, 5, 0, 35, 34, 29, 15, 11, 22, 23, 24, 30, 25, 27, 21, 13, 20, 18, 19, 33, 31, 6]",1,1.0,0.25,0.4,1.0,1,4,1,1
smd,group1_development,machine-1-6,20,15052,15055,baro_robust_scorer,-1,"[9, 10, 2, 1, 3, 8, 14, 12, 5, 0, 35, 34, 29, 15, 11, 22, 23, 24, 30, 25, 27, 21, 13, 20, 18, 19, 33, 31, 6]",3,0.6666666666666666,0.5,0.5714285714285715,0.7653606369886217,1,4,3,2
smd,group1_development,machine-1-6,20,15052,15055,baro_robust_scorer,-1,"[9, 10, 2, 1, 3, 8, 14, 12, 5, 0, 35, 34, 29, 15, 11, 22, 23, 24, 30, 25, 27, 21, 13, 20, 18, 19, 33, 31, 6]",5,0.4,0.5,0.4444444444444445,0.6366824387328317,1,4,5,2
smd,group1_development,machine-1-6,21,15397,15401,robust_z,-1,"[9, 10, 8, 12, 15, 13, 14, 11, 25, 1, 6, 2, 22, 23, 24, 0, 4, 3, 33, 5, 18, 19, 20, 29, 21, 35, 34, 27, 31, 30, 7, 16, 17, 26, 28, 32, 36, 37]",1,0.0,0.0,0.0,0.0,0,3,1,0
smd,group1_development,machine-1-6,21,15397,15401,robust_z,-1,"[9, 10, 8, 12, 15, 13, 14, 11, 25, 1, 6, 2, 22, 23, 24, 0, 4, 3, 33, 5, 18, 19, 20, 29, 21, 35, 34, 27, 31, 30, 7, 16, 17, 26, 28, 32, 36, 37]",3,0.3333333333333333,0.3333333333333333,0.3333333333333333,0.23463936301137822,1,3,3,1
smd,group1_development,machine-1-6,21,15397,15401,robust_z,-1,"[9, 10, 8, 12, 15, 13, 14, 11, 25, 1, 6, 2, 22, 23, 24, 0, 4, 3, 33, 5, 18, 19, 20, 29, 21, 35, 34, 27, 31, 30, 7, 16, 17, 26, 28, 32, 36, 37]",5,0.4,0.6666666666666666,0.5,0.4367467095119258,1,3,5,2
smd,group1_development,machine-1-6,21,15397,15401,pca_q,-1,"[9, 10, 8, 12, 16, 15, 13, 14, 11, 25, 1, 17, 6, 2, 22, 23, 24, 0, 4, 33, 3, 5, 18, 19, 20, 29, 21, 32, 34, 35, 27, 31, 30, 7, 26, 28, 36, 37]",1,0.0,0.0,0.0,0.0,0,3,1,0
smd,group1_development,machine-1-6,21,15397,15401,pca_q,-1,"[9, 10, 8, 12, 16, 15, 13, 14, 11, 25, 1, 17, 6, 2, 22, 23, 24, 0, 4, 33, 3, 5, 18, 19, 20, 29, 21, 32, 34, 35, 27, 31, 30, 7, 26, 28, 36, 37]",3,0.3333333333333333,0.3333333333333333,0.3333333333333333,0.23463936301137822,1,3,3,1
smd,group1_development,machine-1-6,21,15397,15401,pca_q,-1,"[9, 10, 8, 12, 16, 15, 13, 14, 11, 25, 1, 17, 6, 2, 22, 23, 24, 0, 4, 33, 3, 5, 18, 19, 20, 29, 21, 32, 34, 35, 27, 31, 30, 7, 26, 28, 36, 37]",5,0.4,0.6666666666666666,0.5,0.4367467095119258,1,3,5,2
smd,group1_development,machine-1-6,21,15397,15401,baro_robust_scorer,-1,"[12, 14, 3, 2, 10, 9, 1, 8, 11, 6, 0, 5, 33, 25, 23, 29, 13, 15, 31, 19, 18, 22, 20, 27, 21, 30, 35, 34, 24]",1,1.0,0.3333333333333333,0.5,1.0,1,3,1,1
smd,group1_development,machine-1-6,21,15397,15401,baro_robust_scorer,-1,"[12, 14, 3, 2, 10, 9, 1, 8, 11, 6, 0, 5, 33, 25, 23, 29, 13, 15, 31, 19, 18, 22, 20, 27, 21, 30, 35, 34, 24]",3,0.3333333333333333,0.3333333333333333,0.3333333333333333,0.46927872602275644,1,3,3,1
smd,group1_development,machine-1-6,21,15397,15401,baro_robust_scorer,-1,"[12, 14, 3, 2, 10, 9, 1, 8, 11, 6, 0, 5, 33, 25, 23, 29, 13, 15, 31, 19, 18, 22, 20, 27, 21, 30, 35, 34, 24]",5,0.2,0.3333333333333333,0.25,0.46927872602275644,1,3,5,1
smd,group1_development,machine-1-6,22,15802,15805,robust_z,-1,"[9, 10, 8, 12, 13, 15, 25, 1, 14, 24, 2, 22, 6, 3, 0, 29, 23, 35, 34, 30, 5, 11, 31, 4, 27, 21, 20, 33, 19, 18, 7, 16, 17, 26, 28, 32, 36, 37]",1,1.0,0.25,0.4,1.0,1,4,1,1
smd,group1_development,machine-1-6,22,15802,15805,robust_z,-1,"[9, 10, 8, 12, 13, 15, 25, 1, 14, 24, 2, 22, 6, 3, 0, 29, 23, 35, 34, 30, 5, 11, 31, 4, 27, 21, 20, 33, 19, 18, 7, 16, 17, 26, 28, 32, 36, 37]",3,1.0,0.75,0.8571428571428571,1.0,1,4,3,3
smd,group1_development,machine-1-6,22,15802,15805,robust_z,-1,"[9, 10, 8, 12, 13, 15, 25, 1, 14, 24, 2, 22, 6, 3, 0, 29, 23, 35, 34, 30, 5, 11, 31, 4, 27, 21, 20, 33, 19, 18, 7, 16, 17, 26, 28, 32, 36, 37]",5,0.8,1.0,0.888888888888889,1.0,1,4,5,4
smd,group1_development,machine-1-6,22,15802,15805,pca_q,-1,"[9, 10, 8, 12, 17, 16, 13, 15, 25, 1, 32, 24, 14, 2, 22, 6, 3, 0, 29, 23, 34, 35, 11, 4, 30, 31, 27, 21, 33, 20, 5, 19, 18, 7, 26, 28, 36, 37]",1,1.0,0.25,0.4,1.0,1,4,1,1
smd,group1_development,machine-1-6,22,15802,15805,pca_q,-1,"[9, 10, 8, 12, 17, 16, 13, 15, 25, 1, 32, 24, 14, 2, 22, 6, 3, 0, 29, 23, 34, 35, 11, 4, 30, 31, 27, 21, 33, 20, 5, 19, 18, 7, 26, 28, 36, 37]",3,1.0,0.75,0.8571428571428571,1.0,1,4,3,3
smd,group1_development,machine-1-6,22,15802,15805,pca_q,-1,"[9, 10, 8, 12, 17, 16, 13, 15, 25, 1, 32, 24, 14, 2, 22, 6, 3, 0, 29, 23, 34, 35, 11, 4, 30, 31, 27, 21, 33, 20, 5, 19, 18, 7, 26, 28, 36, 37]",5,0.8,1.0,0.888888888888889,1.0,1,4,5,4
smd,group1_development,machine-1-6,22,15802,15805,baro_robust_scorer,-1,"[3, 2, 1, 9, 10, 8, 0, 12, 14, 11, 29, 33, 15, 13, 23, 25, 34, 35, 30, 24, 27, 21, 5, 19, 22, 20, 18, 6, 31]",1,0.0,0.0,0.0,0.0,0,4,1,0
smd,group1_development,machine-1-6,22,15802,15805,baro_robust_scorer,-1,"[3, 2, 1, 9, 10, 8, 0, 12, 14, 11, 29, 33, 15, 13, 23, 25, 34, 35, 30, 24, 27, 21, 5, 19, 22, 20, 18, 6, 31]",3,0.0,0.0,0.0,0.0,0,4,3,0
smd,group1_development,machine-1-6,22,15802,15805,baro_robust_scorer,-1,"[3, 2, 1, 9, 10, 8, 0, 12, 14, 11, 29, 33, 15, 13, 23, 25, 34, 35, 30, 24, 27, 21, 5, 19, 22, 20, 18, 6, 31]",5,0.4,0.5,0.4444444444444445,0.3191471544989227,1,4,5,2
smd,group1_development,machine-1-6,23,16491,16499,robust_z,-1,"[9, 10, 8, 12, 15, 14, 13, 25, 1, 2, 11, 6, 3, 23, 0, 33, 24, 5, 29, 22, 4, 18, 19, 31, 35, 34, 20, 21, 27, 30, 7, 16, 17, 26, 28, 32, 36, 37]",1,1.0,0.125,0.2222222222222222,1.0,1,8,1,1
smd,group1_development,machine-1-6,23,16491,16499,robust_z,-1,"[9, 10, 8, 12, 15, 14, 13, 25, 1, 2, 11, 6, 3, 23, 0, 33, 24, 5, 29, 22, 4, 18, 19, 31, 35, 34, 20, 21, 27, 30, 7, 16, 17, 26, 28, 32, 36, 37]",3,1.0,0.375,0.5454545454545454,1.0,1,8,3,3
smd,group1_development,machine-1-6,23,16491,16499,robust_z,-1,"[9, 10, 8, 12, 15, 14, 13, 25, 1, 2, 11, 6, 3, 23, 0, 33, 24, 5, 29, 22, 4, 18, 19, 31, 35, 34, 20, 21, 27, 30, 7, 16, 17, 26, 28, 32, 36, 37]",5,0.8,0.5,0.6153846153846154,0.8687949224876582,1,8,5,4
smd,group1_development,machine-1-6,23,16491,16499,pca_q,-1,"[9, 10, 8, 12, 16, 17, 13, 15, 14, 1, 25, 11, 2, 6, 3, 0, 23, 32, 33, 24, 22, 4, 29, 5, 19, 18, 31, 34, 35, 20, 30, 21, 27, 7, 26, 28, 36, 37]",1,1.0,0.125,0.2222222222222222,1.0,1,8,1,1
smd,group1_development,machine-1-6,23,16491,16499,pca_q,-1,"[9, 10, 8, 12, 16, 17, 13, 15, 14, 1, 25, 11, 2, 6, 3, 0, 23, 32, 33, 24, 22, 4, 29, 5, 19, 18, 31, 34, 35, 20, 30, 21, 27, 7, 26, 28, 36, 37]",3,1.0,0.375,0.5454545454545454,1.0,1,8,3,3
smd,group1_development,machine-1-6,23,16491,16499,pca_q,-1,"[9, 10, 8, 12, 16, 17, 13, 15, 14, 1, 25, 11, 2, 6, 3, 0, 23, 32, 33, 24, 22, 4, 29, 5, 19, 18, 31, 34, 35, 20, 30, 21, 27, 7, 26, 28, 36, 37]",5,0.8,0.5,0.6153846153846154,0.8687949224876582,1,8,5,4
smd,group1_development,machine-1-6,23,16491,16499,baro_robust_scorer,-1,"[9, 10, 14, 11, 1, 8, 3, 2, 12, 0, 29, 19, 27, 20, 21, 30, 18, 33, 6, 35, 34, 24, 31, 13, 15, 25, 23, 22, 5]",1,1.0,0.125,0.2222222222222222,1.0,1,8,1,1
smd,group1_development,machine-1-6,23,16491,16499,baro_robust_scorer,-1,"[9, 10, 14, 11, 1, 8, 3, 2, 12, 0, 29, 19, 27, 20, 21, 30, 18, 33, 6, 35, 34, 24, 31, 13, 15, 25, 23, 22, 5]",3,1.0,0.375,0.5454545454545454,1.0,1,8,3,3
smd,group1_development,machine-1-6,23,16491,16499,baro_robust_scorer,-1,"[9, 10, 14, 11, 1, 8, 3, 2, 12, 0, 29, 19, 27, 20, 21, 30, 18, 33, 6, 35, 34, 24, 31, 13, 15, 25, 23, 22, 5]",5,0.8,0.5,0.6153846153846154,0.8539316501572937,1,8,5,4
smd,group1_development,machine-1-6,24,16718,16721,robust_z,-1,"[9, 10, 8, 12, 13, 15, 25, 14, 6, 23, 22, 33, 24, 11, 4, 5, 1, 0, 18, 19, 20, 2, 21, 27, 31, 29, 35, 34, 3, 30, 7, 16, 17, 26, 28, 32, 36, 37]",1,1.0,0.25,0.4,1.0,1,4,1,1
smd,group1_development,machine-1-6,24,16718,16721,robust_z,-1,"[9, 10, 8, 12, 13, 15, 25, 14, 6, 23, 22, 33, 24, 11, 4, 5, 1, 0, 18, 19, 20, 2, 21, 27, 31, 29, 35, 34, 3, 30, 7, 16, 17, 26, 28, 32, 36, 37]",3,1.0,0.75,0.8571428571428571,1.0,1,4,3,3
smd,group1_development,machine-1-6,24,16718,16721,robust_z,-1,"[9, 10, 8, 12, 13, 15, 25, 14, 6, 23, 22, 33, 24, 11, 4, 5, 1, 0, 18, 19, 20, 2, 21, 27, 31, 29, 35, 34, 3, 30, 7, 16, 17, 26, 28, 32, 36, 37]",5,0.8,1.0,0.888888888888889,1.0,1,4,5,4
smd,group1_development,machine-1-6,24,16718,16721,pca_q,-1,"[9, 10, 8, 12, 17, 16, 13, 15, 25, 14, 6, 32, 23, 22, 33, 24, 11, 4, 1, 0, 19, 18, 20, 5, 21, 2, 27, 31, 29, 34, 35, 30, 3, 7, 26, 28, 36, 37]",1,1.0,0.25,0.4,1.0,1,4,1,1
smd,group1_development,machine-1-6,24,16718,16721,pca_q,-1,"[9, 10, 8, 12, 17, 16, 13, 15, 25, 14, 6, 32, 23, 22, 33, 24, 11, 4, 1, 0, 19, 18, 20, 5, 21, 2, 27, 31, 29, 34, 35, 30, 3, 7, 26, 28, 36, 37]",3,1.0,0.75,0.8571428571428571,1.0,1,4,3,3
smd,group1_development,machine-1-6,24,16718,16721,pca_q,-1,"[9, 10, 8, 12, 17, 16, 13, 15, 25, 14, 6, 32, 23, 22, 33, 24, 11, 4, 1, 0, 19, 18, 20, 5, 21, 2, 27, 31, 29, 34, 35, 30, 3, 7, 26, 28, 36, 37]",5,0.8,1.0,0.888888888888889,1.0,1,4,5,4
smd,group1_development,machine-1-6,24,16718,16721,baro_robust_scorer,-1,"[19, 10, 13, 9, 18, 3, 2, 5, 8, 12, 31, 29, 0, 1, 27, 20, 15, 30, 21, 22, 24, 14, 34, 35, 11, 6, 23, 25, 33]",1,0.0,0.0,0.0,0.0,0,4,1,0
smd,group1_development,machine-1-6,24,16718,16721,baro_robust_scorer,-1,"[19, 10, 13, 9, 18, 3, 2, 5, 8, 12, 31, 29, 0, 1, 27, 20, 15, 30, 21, 22, 24, 14, 34, 35, 11, 6, 23, 25, 33]",3,0.3333333333333333,0.25,0.28571428571428575,0.2960819109658652,1,4,3,1
smd,group1_development,machine-1-6,24,16718,16721,baro_robust_scorer,-1,"[19, 10, 13, 9, 18, 3, 2, 5, 8, 12, 31, 29, 0, 1, 27, 20, 15, 30, 21, 22, 24, 14, 34, 35, 11, 6, 23, 25, 33]",5,0.4,0.5,0.4444444444444445,0.4144299250118475,1,4,5,2
smd,group1_development,machine-1-6,25,16972,16976,robust_z,-1,"[9, 10, 8, 12, 13, 15, 14, 11, 25, 6, 22, 23, 24, 1, 0, 4, 29, 5, 2, 35, 34, 3, 18, 19, 33, 31, 20, 30, 21, 27, 7, 16, 17, 26, 28, 32, 36, 37]",1,0.0,0.0,0.0,0.0,0,4,1,0
smd,group1_development,machine-1-6,25,16972,16976,robust_z,-1,"[9, 10, 8, 12, 13, 15, 14, 11, 25, 6, 22, 23, 24, 1, 0, 4, 29, 5, 2, 35, 34, 3, 18, 19, 33, 31, 20, 30, 21, 27, 7, 16, 17, 26, 28, 32, 36, 37]",3,0.3333333333333333,0.25,0.28571428571428575,0.23463936301137822,1,4,3,1
smd,group1_development,machine-1-6,25,16972,16976,robust_z,-1,"[9, 10, 8, 12, 13, 15, 14, 11, 25, 6, 22, 23, 24, 1, 0, 4, 29, 5, 2, 35, 34, 3, 18, 19, 33, 31, 20, 30, 21, 27, 7, 16, 17, 26, 28, 32, 36, 37]",5,0.4,0.5,0.4444444444444445,0.36331756126716835,1,4,5,2
smd,group1_development,machine-1-6,25,16972,16976,pca_q,-1,"[9, 10, 8, 12, 16, 13, 15, 14, 11, 25, 17, 6, 22, 23, 24, 1, 0, 4, 5, 29, 2, 34, 35, 3, 18, 19, 33, 31, 32, 30, 20, 21, 27, 7, 26, 28, 36, 37]",1,0.0,0.0,0.0,0.0,0,4,1,0
smd,group1_development,machine-1-6,25,16972,16976,pca_q,-1,"[9, 10, 8, 12, 16, 13, 15, 14, 11, 25, 17, 6, 22, 23, 24, 1, 0, 4, 5, 29, 2, 34, 35, 3, 18, 19, 33, 31, 32, 30, 20, 21, 27, 7, 26, 28, 36, 37]",3,0.3333333333333333,0.25,0.28571428571428575,0.23463936301137822,1,4,3,1
smd,group1_development,machine-1-6,25,16972,16976,pca_q,-1,"[9, 10, 8, 12, 16, 13, 15, 14, 11, 25, 17, 6, 22, 23, 24, 1, 0, 4, 5, 29, 2, 34, 35, 3, 18, 19, 33, 31, 32, 30, 20, 21, 27, 7, 26, 28, 36, 37]",5,0.4,0.5,0.4444444444444445,0.36331756126716835,1,4,5,2
smd,group1_development,machine-1-6,25,16972,16976,baro_robust_scorer,-1,"[14, 9, 10, 11, 1, 12, 23, 0, 8, 6, 21, 20, 24, 25, 2, 30, 3, 27, 29, 5, 31, 18, 15, 19, 34, 35, 13, 22, 33]",1,1.0,0.25,0.4,1.0,1,4,1,1
smd,group1_development,machine-1-6,25,16972,16976,baro_robust_scorer,-1,"[14, 9, 10, 11, 1, 12, 23, 0, 8, 6, 21, 20, 24, 25, 2, 30, 3, 27, 29, 5, 31, 18, 15, 19, 34, 35, 13, 22, 33]",3,0.3333333333333333,0.25,0.28571428571428575,0.46927872602275644,1,4,3,1
smd,group1_development,machine-1-6,25,16972,16976,baro_robust_scorer,-1,"[14, 9, 10, 11, 1, 12, 23, 0, 8, 6, 21, 20, 24, 25, 2, 30, 3, 27, 29, 5, 31, 18, 15, 19, 34, 35, 13, 22, 33]",5,0.4,0.5,0.4444444444444445,0.5585075862632192,1,4,5,2
smd,group1_development,machine-1-6,26,17931,17939,robust_z,-1,"[9, 10, 8, 12, 14, 15, 13, 25, 1, 23, 11, 2, 6, 5, 3, 0, 24, 22, 33, 29, 4, 19, 18, 31, 20, 35, 34, 21, 27, 30, 7, 16, 17, 26, 28, 32, 36, 37]",1,1.0,0.05263157894736842,0.1,1.0,1,19,1,1
smd,group1_development,machine-1-6,26,17931,17939,robust_z,-1,"[9, 10, 8, 12, 14, 15, 13, 25, 1, 23, 11, 2, 6, 5, 3, 0, 24, 22, 33, 29, 4, 19, 18, 31, 20, 35, 34, 21, 27, 30, 7, 16, 17, 26, 28, 32, 36, 37]",3,1.0,0.15789473684210525,0.2727272727272727,1.0,1,19,3,3
smd,group1_development,machine-1-6,26,17931,17939,robust_z,-1,"[9, 10, 8, 12, 14, 15, 13, 25, 1, 23, 11, 2, 6, 5, 3, 0, 24, 22, 33, 29, 4, 19, 18, 31, 20, 35, 34, 21, 27, 30, 7, 16, 17, 26, 28, 32, 36, 37]",5,1.0,0.2631578947368421,0.4166666666666667,1.0,1,19,5,5
smd,group1_development,machine-1-6,26,17931,17939,pca_q,-1,"[9, 10, 8, 12, 16, 17, 14, 15, 13, 25, 1, 23, 11, 2, 6, 5, 3, 0, 32, 24, 33, 22, 4, 29, 19, 18, 31, 20, 34, 35, 21, 27, 30, 7, 26, 28, 36, 37]",1,1.0,0.05263157894736842,0.1,1.0,1,19,1,1
smd,group1_development,machine-1-6,26,17931,17939,pca_q,-1,"[9, 10, 8, 12, 16, 17, 14, 15, 13, 25, 1, 23, 11, 2, 6, 5, 3, 0, 32, 24, 33, 22, 4, 29, 19, 18, 31, 20, 34, 35, 21, 27, 30, 7, 26, 28, 36, 37]",3,1.0,0.15789473684210525,0.2727272727272727,1.0,1,19,3,3
smd,group1_development,machine-1-6,26,17931,17939,pca_q,-1,"[9, 10, 8, 12, 16, 17, 14, 15, 13, 25, 1, 23, 11, 2, 6, 5, 3, 0, 32, 24, 33, 22, 4, 29, 19, 18, 31, 20, 34, 35, 21, 27, 30, 7, 26, 28, 36, 37]",5,0.8,0.21052631578947367,0.3333333333333333,0.8687949224876582,1,19,5,4
smd,group1_development,machine-1-6,26,17931,17939,baro_robust_scorer,-1,"[9, 10, 14, 6, 8, 1, 11, 0, 29, 3, 12, 2, 24, 33, 27, 23, 30, 25, 15, 21, 20, 5, 19, 13, 31, 18, 22, 35, 34]",1,1.0,0.05263157894736842,0.1,1.0,1,19,1,1
smd,group1_development,machine-1-6,26,17931,17939,baro_robust_scorer,-1,"[9, 10, 14, 6, 8, 1, 11, 0, 29, 3, 12, 2, 24, 33, 27, 23, 30, 25, 15, 21, 20, 5, 19, 13, 31, 18, 22, 35, 34]",3,1.0,0.15789473684210525,0.2727272727272727,1.0,1,19,3,3
smd,group1_development,machine-1-6,26,17931,17939,baro_robust_scorer,-1,"[9, 10, 14, 6, 8, 1, 11, 0, 29, 3, 12, 2, 24, 33, 27, 23, 30, 25, 15, 21, 20, 5, 19, 13, 31, 18, 22, 35, 34]",5,0.8,0.21052631578947367,0.3333333333333333,0.8539316501572937,1,19,5,4
smd,group1_development,machine-1-6,27,18600,21761,robust_z,-1,"[9, 10, 32, 8, 15, 17, 12, 13, 3, 0, 2, 1, 25, 23, 14, 22, 6, 24, 11, 16, 5, 31, 35, 34, 4, 30, 29, 27, 21, 33, 20, 19, 18, 7, 26, 28, 36, 37]",1,1.0,0.047619047619047616,0.0909090909090909,1.0,1,21,1,1
smd,group1_development,machine-1-6,27,18600,21761,robust_z,-1,"[9, 10, 32, 8, 15, 17, 12, 13, 3, 0, 2, 1, 25, 23, 14, 22, 6, 24, 11, 16, 5, 31, 35, 34, 4, 30, 29, 27, 21, 33, 20, 19, 18, 7, 26, 28, 36, 37]",3,0.6666666666666666,0.09523809523809523,0.16666666666666666,0.7653606369886217,1,21,3,2
smd,group1_development,machine-1-6,27,18600,21761,robust_z,-1,"[9, 10, 32, 8, 15, 17, 12, 13, 3, 0, 2, 1, 25, 23, 14, 22, 6, 24, 11, 16, 5, 31, 35, 34, 4, 30, 29, 27, 21, 33, 20, 19, 18, 7, 26, 28, 36, 37]",5,0.8,0.19047619047619047,0.3076923076923077,0.830419897363192,1,21,5,4
smd,group1_development,machine-1-6,27,18600,21761,pca_q,-1,"[9, 10, 16, 15, 8, 12, 13, 3, 2, 0, 1, 25, 14, 22, 23, 24, 6, 17, 11, 31, 34, 35, 5, 30, 29, 4, 27, 21, 33, 20, 19, 18, 32, 7, 26, 28, 36, 37]",1,1.0,0.047619047619047616,0.0909090909090909,1.0,1,21,1,1
smd,group1_development,machine-1-6,27,18600,21761,pca_q,-1,"[9, 10, 16, 15, 8, 12, 13, 3, 2, 0, 1, 25, 14, 22, 23, 24, 6, 17, 11, 31, 34, 35, 5, 30, 29, 4, 27, 21, 33, 20, 19, 18, 32, 7, 26, 28, 36, 37]",3,0.6666666666666666,0.09523809523809523,0.16666666666666666,0.7653606369886217,1,21,3,2
smd,group1_development,machine-1-6,27,18600,21761,pca_q,-1,"[9, 10, 16, 15, 8, 12, 13, 3, 2, 0, 1, 25, 14, 22, 23, 24, 6, 17, 11, 31, 34, 35, 5, 30, 29, 4, 27, 21, 33, 20, 19, 18, 32, 7, 26, 28, 36, 37]",5,0.8,0.19047619047619047,0.3076923076923077,0.830419897363192,1,21,5,4
smd,group1_development,machine-1-6,27,18600,21761,baro_robust_scorer,-1,"[10, 9, 14, 11, 15, 33, 8, 1, 13, 2, 25, 3, 12, 22, 24, 0, 35, 34, 31, 29, 5, 30, 6, 27, 21, 20, 18, 19, 23, 4, 17, 16]",1,1.0,0.047619047619047616,0.0909090909090909,1.0,1,21,1,1
smd,group1_development,machine-1-6,27,18600,21761,baro_robust_scorer,-1,"[10, 9, 14, 11, 15, 33, 8, 1, 13, 2, 25, 3, 12, 22, 24, 0, 35, 34, 31, 29, 5, 30, 6, 27, 21, 20, 18, 19, 23, 4, 17, 16]",3,1.0,0.14285714285714285,0.25,1.0,1,21,3,3
smd,group1_development,machine-1-6,27,18600,21761,baro_robust_scorer,-1,"[10, 9, 14, 11, 15, 33, 8, 1, 13, 2, 25, 3, 12, 22, 24, 0, 35, 34, 31, 29, 5, 30, 6, 27, 21, 20, 18, 19, 23, 4, 17, 16]",5,1.0,0.23809523809523808,0.3846153846153846,1.0,1,21,5,5
smd,group1_development,machine-1-6,28,22252,22260,robust_z,-1,"[9, 10, 8, 12, 25, 14, 23, 11, 6, 22, 1, 13, 0, 2, 33, 24, 15, 31, 4, 34, 35, 30, 27, 21, 20, 19, 18, 3, 5, 29, 7, 16, 17, 26, 28, 32, 36, 37]",1,0.0,0.0,0.0,0.0,0,3,1,0
smd,group1_development,machine-1-6,28,22252,22260,robust_z,-1,"[9, 10, 8, 12, 25, 14, 23, 11, 6, 22, 1, 13, 0, 2, 33, 24, 15, 31, 4, 34, 35, 30, 27, 21, 20, 19, 18, 3, 5, 29, 7, 16, 17, 26, 28, 32, 36, 37]",3,0.3333333333333333,0.3333333333333333,0.3333333333333333,0.23463936301137822,1,3,3,1
smd,group1_development,machine-1-6,28,22252,22260,robust_z,-1,"[9, 10, 8, 12, 25, 14, 23, 11, 6, 22, 1, 13, 0, 2, 33, 24, 15, 31, 4, 34, 35, 30, 27, 21, 20, 19, 18, 3, 5, 29, 7, 16, 17, 26, 28, 32, 36, 37]",5,0.4,0.6666666666666666,0.5,0.4367467095119258,1,3,5,2
smd,group1_development,machine-1-6,28,22252,22260,pca_q,-1,"[9, 10, 8, 12, 16, 17, 25, 14, 11, 23, 6, 22, 13, 15, 1, 32, 0, 33, 2, 24, 31, 4, 35, 34, 30, 27, 21, 20, 19, 18, 5, 3, 29, 7, 26, 28, 36, 37]",1,0.0,0.0,0.0,0.0,0,3,1,0
smd,group1_development,machine-1-6,28,22252,22260,pca_q,-1,"[9, 10, 8, 12, 16, 17, 25, 14, 11, 23, 6, 22, 13, 15, 1, 32, 0, 33, 2, 24, 31, 4, 35, 34, 30, 27, 21, 20, 19, 18, 5, 3, 29, 7, 26, 28, 36, 37]",3,0.3333333333333333,0.3333333333333333,0.3333333333333333,0.23463936301137822,1,3,3,1
smd,group1_development,machine-1-6,28,22252,22260,pca_q,-1,"[9, 10, 8, 12, 16, 17, 25, 14, 11, 23, 6, 22, 13, 15, 1, 32, 0, 33, 2, 24, 31, 4, 35, 34, 30, 27, 21, 20, 19, 18, 5, 3, 29, 7, 26, 28, 36, 37]",5,0.4,0.6666666666666666,0.5,0.4367467095119258,1,3,5,2
smd,group1_development,machine-1-6,28,22252,22260,baro_robust_scorer,-1,"[9, 8, 10, 12, 14, 0, 13, 15, 5, 6, 29, 11, 34, 35, 24, 30, 1, 27, 21, 23, 20, 3, 22, 19, 18, 25, 2, 31, 33]",1,0.0,0.0,0.0,0.0,0,3,1,0
smd,group1_development,machine-1-6,28,22252,22260,baro_robust_scorer,-1,"[9, 8, 10, 12, 14, 0, 13, 15, 5, 6, 29, 11, 34, 35, 24, 30, 1, 27, 21, 23, 20, 3, 22, 19, 18, 25, 2, 31, 33]",3,0.3333333333333333,0.3333333333333333,0.3333333333333333,0.2960819109658652,1,3,3,1
smd,group1_development,machine-1-6,28,22252,22260,baro_robust_scorer,-1,"[9, 8, 10, 12, 14, 0, 13, 15, 5, 6, 29, 11, 34, 35, 24, 30, 1, 27, 21, 23, 20, 3, 22, 19, 18, 25, 2, 31, 33]",5,0.6,1.0,0.7499999999999999,0.6797310500037655,1,3,5,3
smd,group1_development,machine-1-6,29,22417,22420,robust_z,-1,"[9, 10, 12, 25, 15, 23, 8, 6, 22, 24, 11, 31, 4, 13, 14, 30, 0, 21, 34, 35, 27, 20, 33, 29, 18, 19, 1, 5, 3, 2, 7, 16, 17, 26, 28, 32, 36, 37]",1,0.0,0.0,0.0,0.0,0,2,1,0
smd,group1_development,machine-1-6,29,22417,22420,robust_z,-1,"[9, 10, 12, 25, 15, 23, 8, 6, 22, 24, 11, 31, 4, 13, 14, 30, 0, 21, 34, 35, 27, 20, 33, 29, 18, 19, 1, 5, 3, 2, 7, 16, 17, 26, 28, 32, 36, 37]",3,0.6666666666666666,1.0,0.8,0.6934264036172708,1,2,3,2
smd,group1_development,machine-1-6,29,22417,22420,robust_z,-1,"[9, 10, 12, 25, 15, 23, 8, 6, 22, 24, 11, 31, 4, 13, 14, 30, 0, 21, 34, 35, 27, 20, 33, 29, 18, 19, 1, 5, 3, 2, 7, 16, 17, 26, 28, 32, 36, 37]",5,0.4,1.0,0.5714285714285715,0.6934264036172708,1,2,5,2
smd,group1_development,machine-1-6,29,22417,22420,pca_q,-1,"[9, 10, 12, 16, 17, 25, 15, 8, 23, 6, 22, 32, 24, 11, 31, 13, 14, 0, 30, 35, 34, 4, 21, 27, 20, 29, 33, 1, 18, 19, 5, 3, 2, 7, 26, 28, 36, 37]",1,0.0,0.0,0.0,0.0,0,2,1,0
smd,group1_development,machine-1-6,29,22417,22420,pca_q,-1,"[9, 10, 12, 16, 17, 25, 15, 8, 23, 6, 22, 32, 24, 11, 31, 13, 14, 0, 30, 35, 34, 4, 21, 27, 20, 29, 33, 1, 18, 19, 5, 3, 2, 7, 26, 28, 36, 37]",3,0.6666666666666666,1.0,0.8,0.6934264036172708,1,2,3,2
smd,group1_development,machine-1-6,29,22417,22420,pca_q,-1,"[9, 10, 12, 16, 17, 25, 15, 8, 23, 6, 22, 32, 24, 11, 31, 13, 14, 0, 30, 35, 34, 4, 21, 27, 20, 29, 33, 1, 18, 19, 5, 3, 2, 7, 26, 28, 36, 37]",5,0.4,1.0,0.5714285714285715,0.6934264036172708,1,2,5,2
smd,group1_development,machine-1-6,29,22417,22420,baro_robust_scorer,-1,"[9, 8, 11, 14, 0, 15, 34, 35, 33, 29, 24, 30, 6, 27, 13, 3, 2, 21, 5, 20, 25, 23, 19, 18, 1, 31, 22]",1,0.0,0.0,0.0,0.0,0,2,1,0
smd,group1_development,machine-1-6,29,22417,22420,baro_robust_scorer,-1,"[9, 8, 11, 14, 0, 15, 34, 35, 33, 29, 24, 30, 6, 27, 13, 3, 2, 21, 5, 20, 25, 23, 19, 18, 1, 31, 22]",3,0.0,0.0,0.0,0.0,0,2,3,0
smd,group1_development,machine-1-6,29,22417,22420,baro_robust_scorer,-1,"[9, 8, 11, 14, 0, 15, 34, 35, 33, 29, 24, 30, 6, 27, 13, 3, 2, 21, 5, 20, 25, 23, 19, 18, 1, 31, 22]",5,0.0,0.0,0.0,0.0,0,2,5,0
smd,group1_development,machine-1-7,0,837,858,robust_z,-1,"[10, 32, 9, 15, 12, 8, 1, 2, 11, 3, 0, 13, 14, 4, 6, 5, 33, 29, 25, 23, 18, 19, 31, 34, 35, 20, 27, 21, 30, 24, 22, 7, 16, 17, 26, 28, 36, 37]",1,0.0,0.0,0.0,0.0,0,8,1,0
smd,group1_development,machine-1-7,0,837,858,robust_z,-1,"[10, 32, 9, 15, 12, 8, 1, 2, 11, 3, 0, 13, 14, 4, 6, 5, 33, 29, 25, 23, 18, 19, 31, 34, 35, 20, 27, 21, 30, 24, 22, 7, 16, 17, 26, 28, 36, 37]",3,0.0,0.0,0.0,0.0,0,8,3,0
smd,group1_development,machine-1-7,0,837,858,robust_z,-1,"[10, 32, 9, 15, 12, 8, 1, 2, 11, 3, 0, 13, 14, 4, 6, 5, 33, 29, 25, 23, 18, 19, 31, 34, 35, 20, 27, 21, 30, 24, 22, 7, 16, 17, 26, 28, 36, 37]",5,0.4,0.25,0.3076923076923077,0.27727342735504823,1,8,5,2
smd,group1_development,machine-1-7,0,837,858,pca_q,-1,"[10, 16, 17, 9, 28, 15, 32, 8, 12, 1, 2, 11, 3, 0, 13, 14, 5, 6, 33, 4, 29, 23, 25, 18, 24, 19, 20, 27, 21, 30, 31, 34, 35, 22, 7, 26, 36, 37]",1,0.0,0.0,0.0,0.0,0,8,1,0
smd,group1_development,machine-1-7,0,837,858,pca_q,-1,"[10, 16, 17, 9, 28, 15, 32, 8, 12, 1, 2, 11, 3, 0, 13, 14, 5, 6, 33, 4, 29, 23, 25, 18, 24, 19, 20, 27, 21, 30, 31, 34, 35, 22, 7, 26, 36, 37]",3,0.0,0.0,0.0,0.0,0,8,3,0
smd,group1_development,machine-1-7,0,837,858,pca_q,-1,"[10, 16, 17, 9, 28, 15, 32, 8, 12, 1, 2, 11, 3, 0, 13, 14, 5, 6, 33, 4, 29, 23, 25, 18, 24, 19, 20, 27, 21, 30, 31, 34, 35, 22, 7, 26, 36, 37]",5,0.0,0.0,0.0,0.0,0,8,5,0
smd,group1_development,machine-1-7,0,837,858,baro_robust_scorer,-1,"[9, 15, 8, 13, 3, 2, 1, 14, 11, 5, 6, 25, 23, 33, 35, 34, 29, 12, 18, 20, 27, 30, 21, 24, 19, 0, 22, 31, 10]",1,0.0,0.0,0.0,0.0,0,8,1,0
smd,group1_development,machine-1-7,0,837,858,baro_robust_scorer,-1,"[9, 15, 8, 13, 3, 2, 1, 14, 11, 5, 6, 25, 23, 33, 35, 34, 29, 12, 18, 20, 27, 30, 21, 24, 19, 0, 22, 31, 10]",3,0.6666666666666666,0.25,0.36363636363636365,0.5307212739772434,1,8,3,2
smd,group1_development,machine-1-7,0,837,858,baro_robust_scorer,-1,"[9, 15, 8, 13, 3, 2, 1, 14, 11, 5, 6, 25, 23, 33, 35, 34, 29, 12, 18, 20, 27, 30, 21, 24, 19, 0, 22, 31, 10]",5,0.6,0.375,0.4615384615384615,0.5296347172140421,1,8,5,3
smd,group1_development,machine-1-7,1,2959,4174,robust_z,-1,"[32, 10, 33, 9, 6, 5, 4, 15, 11, 23, 1, 12, 14, 2, 8, 13, 3, 29, 22, 18, 24, 19, 30, 21, 20, 27, 25, 31, 34, 35, 0, 7, 16, 17, 26, 28, 36, 37]",1,1.0,0.1111111111111111,0.19999999999999998,1.0,1,9,1,1
smd,group1_development,machine-1-7,1,2959,4174,robust_z,-1,"[32, 10, 33, 9, 6, 5, 4, 15, 11, 23, 1, 12, 14, 2, 8, 13, 3, 29, 22, 18, 24, 19, 30, 21, 20, 27, 25, 31, 34, 35, 0, 7, 16, 17, 26, 28, 36, 37]",3,0.6666666666666666,0.2222222222222222,0.3333333333333333,0.7039180890341347,1,9,3,2
smd,group1_development,machine-1-7,1,2959,4174,robust_z,-1,"[32, 10, 33, 9, 6, 5, 4, 15, 11, 23, 1, 12, 14, 2, 8, 13, 3, 29, 22, 18, 24, 19, 30, 21, 20, 27, 25, 31, 34, 35, 0, 7, 16, 17, 26, 28, 36, 37]",5,0.4,0.2222222222222222,0.2857142857142857,0.5087403079104241,1,9,5,2
smd,group1_development,machine-1-7,1,2959,4174,pca_q,-1,"[10, 16, 17, 9, 28, 33, 15, 3, 2, 32, 1, 6, 5, 12, 8, 13, 23, 11, 29, 14, 4, 22, 24, 0, 18, 30, 27, 21, 20, 19, 31, 35, 34, 25, 7, 26, 36, 37]",1,0.0,0.0,0.0,0.0,0,9,1,0
smd,group1_development,machine-1-7,1,2959,4174,pca_q,-1,"[10, 16, 17, 9, 28, 33, 15, 3, 2, 32, 1, 6, 5, 12, 8, 13, 23, 11, 29, 14, 4, 22, 24, 0, 18, 30, 27, 21, 20, 19, 31, 35, 34, 25, 7, 26, 36, 37]",3,0.0,0.0,0.0,0.0,0,9,3,0
smd,group1_development,machine-1-7,1,2959,4174,pca_q,-1,"[10, 16, 17, 9, 28, 33, 15, 3, 2, 32, 1, 6, 5, 12, 8, 13, 23, 11, 29, 14, 4, 22, 24, 0, 18, 30, 27, 21, 20, 19, 31, 35, 34, 25, 7, 26, 36, 37]",5,0.0,0.0,0.0,0.0,0,9,5,0
smd,group1_development,machine-1-7,1,2959,4174,baro_robust_scorer,-1,"[9, 15, 13, 8, 12, 33, 11, 1, 14, 2, 29, 0, 3, 31, 27, 20, 30, 21, 6, 18, 24, 19, 22, 34, 35, 23, 25, 5, 32, 10]",1,0.0,0.0,0.0,0.0,0,9,1,0
smd,group1_development,machine-1-7,1,2959,4174,baro_robust_scorer,-1,"[9, 15, 13, 8, 12, 33, 11, 1, 14, 2, 29, 0, 3, 31, 27, 20, 30, 21, 6, 18, 24, 19, 22, 34, 35, 23, 25, 5, 32, 10]",3,0.6666666666666666,0.2222222222222222,0.3333333333333333,0.5307212739772434,1,9,3,2
smd,group1_development,machine-1-7,1,2959,4174,baro_robust_scorer,-1,"[9, 15, 13, 8, 12, 33, 11, 1, 14, 2, 29, 0, 3, 31, 27, 20, 30, 21, 6, 18, 24, 19, 22, 34, 35, 23, 25, 5, 32, 10]",5,0.8,0.4444444444444444,0.5714285714285714,0.6608397947263839,1,9,5,4
smd,group1_development,machine-1-7,2,5849,5940,robust_z,-1,"[10, 9, 32, 2, 3, 1, 8, 12, 28, 6, 23, 4, 29, 11, 14, 0, 24, 22, 30, 21, 27, 20, 13, 19, 15, 18, 31, 33, 35, 34, 25, 5, 7, 16, 17, 26, 36, 37]",1,1.0,0.04,0.07692307692307693,1.0,1,25,1,1
smd,group1_development,machine-1-7,2,5849,5940,robust_z,-1,"[10, 9, 32, 2, 3, 1, 8, 12, 28, 6, 23, 4, 29, 11, 14, 0, 24, 22, 30, 21, 27, 20, 13, 19, 15, 18, 31, 33, 35, 34, 25, 5, 7, 16, 17, 26, 36, 37]",3,0.6666666666666666,0.08,0.14285714285714285,0.7653606369886217,1,25,3,2
smd,group1_development,machine-1-7,2,5849,5940,robust_z,-1,"[10, 9, 32, 2, 3, 1, 8, 12, 28, 6, 23, 4, 29, 11, 14, 0, 24, 22, 30, 21, 27, 20, 13, 19, 15, 18, 31, 33, 35, 34, 25, 5, 7, 16, 17, 26, 36, 37]",5,0.8,0.16,0.26666666666666666,0.830419897363192,1,25,5,4
smd,group1_development,machine-1-7,2,5849,5940,pca_q,-1,"[10, 9, 16, 17, 28, 32, 1, 2, 3, 8, 12, 29, 6, 23, 15, 0, 14, 11, 5, 4, 33, 22, 24, 13, 30, 21, 19, 27, 20, 18, 31, 25, 35, 34, 7, 26, 36, 37]",1,1.0,0.04,0.07692307692307693,1.0,1,25,1,1
smd,group1_development,machine-1-7,2,5849,5940,pca_q,-1,"[10, 9, 16, 17, 28, 32, 1, 2, 3, 8, 12, 29, 6, 23, 15, 0, 14, 11, 5, 4, 33, 22, 24, 13, 30, 21, 19, 27, 20, 18, 31, 25, 35, 34, 7, 26, 36, 37]",3,0.6666666666666666,0.08,0.14285714285714285,0.7653606369886217,1,25,3,2
smd,group1_development,machine-1-7,2,5849,5940,pca_q,-1,"[10, 9, 16, 17, 28, 32, 1, 2, 3, 8, 12, 29, 6, 23, 15, 0, 14, 11, 5, 4, 33, 22, 24, 13, 30, 21, 19, 27, 20, 18, 31, 25, 35, 34, 7, 26, 36, 37]",5,0.4,0.08,0.13333333333333333,0.5531464700081437,1,25,5,2
smd,group1_development,machine-1-7,2,5849,5940,baro_robust_scorer,-1,"[9, 1, 2, 3, 8, 12, 29, 0, 14, 11, 15, 33, 13, 34, 35, 30, 21, 24, 27, 20, 18, 31, 19, 22, 25, 23, 10, 6, 5, 32]",1,1.0,0.04,0.07692307692307693,1.0,1,25,1,1
smd,group1_development,machine-1-7,2,5849,5940,baro_robust_scorer,-1,"[9, 1, 2, 3, 8, 12, 29, 0, 14, 11, 15, 33, 13, 34, 35, 30, 21, 24, 27, 20, 18, 31, 19, 22, 25, 23, 10, 6, 5, 32]",3,1.0,0.12,0.21428571428571425,1.0,1,25,3,3
smd,group1_development,machine-1-7,2,5849,5940,baro_robust_scorer,-1,"[9, 1, 2, 3, 8, 12, 29, 0, 14, 11, 15, 33, 13, 34, 35, 30, 21, 24, 27, 20, 18, 31, 19, 22, 25, 23, 10, 6, 5, 32]",5,1.0,0.2,0.33333333333333337,1.0,1,25,5,5
smd,group1_development,machine-1-7,3,6031,6034,robust_z,-1,"[32, 10, 9, 33, 6, 23, 4, 2, 3, 1, 29, 22, 24, 13, 8, 14, 19, 11, 30, 21, 27, 20, 18, 12, 31, 15, 0, 25, 34, 35, 5, 7, 16, 17, 26, 28, 36, 37]",1,1.0,0.5,0.6666666666666666,1.0,1,2,1,1
smd,group1_development,machine-1-7,3,6031,6034,robust_z,-1,"[32, 10, 9, 33, 6, 23, 4, 2, 3, 1, 29, 22, 24, 13, 8, 14, 19, 11, 30, 21, 27, 20, 18, 12, 31, 15, 0, 25, 34, 35, 5, 7, 16, 17, 26, 28, 36, 37]",3,0.3333333333333333,0.5,0.4,0.6131471927654584,1,2,3,1
smd,group1_development,machine-1-7,3,6031,6034,robust_z,-1,"[32, 10, 9, 33, 6, 23, 4, 2, 3, 1, 29, 22, 24, 13, 8, 14, 19, 11, 30, 21, 27, 20, 18, 12, 31, 15, 0, 25, 34, 35, 5, 7, 16, 17, 26, 28, 36, 37]",5,0.4,1.0,0.5714285714285715,0.8772153153380493,1,2,5,2
smd,group1_development,machine-1-7,3,6031,6034,pca_q,-1,"[10, 16, 17, 9, 33, 3, 2, 15, 6, 28, 23, 5, 1, 4, 29, 32, 22, 24, 12, 19, 8, 14, 13, 25, 21, 11, 30, 20, 27, 0, 18, 35, 34, 31, 7, 26, 36, 37]",1,0.0,0.0,0.0,0.0,0,2,1,0
smd,group1_development,machine-1-7,3,6031,6034,pca_q,-1,"[10, 16, 17, 9, 33, 3, 2, 15, 6, 28, 23, 5, 1, 4, 29, 32, 22, 24, 12, 19, 8, 14, 13, 25, 21, 11, 30, 20, 27, 0, 18, 35, 34, 31, 7, 26, 36, 37]",3,0.0,0.0,0.0,0.0,0,2,3,0
smd,group1_development,machine-1-7,3,6031,6034,pca_q,-1,"[10, 16, 17, 9, 33, 3, 2, 15, 6, 28, 23, 5, 1, 4, 29, 32, 22, 24, 12, 19, 8, 14, 13, 25, 21, 11, 30, 20, 27, 0, 18, 35, 34, 31, 7, 26, 36, 37]",5,0.2,0.5,0.28571428571428575,0.23719771276929622,1,2,5,1
smd,group1_development,machine-1-7,3,6031,6034,baro_robust_scorer,-1,"[33, 10, 5, 9, 6, 11, 12, 1, 15, 3, 13, 2, 8, 22, 25, 0, 24, 34, 35, 31, 19, 21, 30, 20, 18, 27, 14, 23]",1,1.0,0.5,0.6666666666666666,1.0,1,2,1,1
smd,group1_development,machine-1-7,3,6031,6034,baro_robust_scorer,-1,"[33, 10, 5, 9, 6, 11, 12, 1, 15, 3, 13, 2, 8, 22, 25, 0, 24, 34, 35, 31, 19, 21, 30, 20, 18, 27, 14, 23]",3,0.3333333333333333,0.5,0.4,0.6131471927654584,1,2,3,1
smd,group1_development,machine-1-7,3,6031,6034,baro_robust_scorer,-1,"[33, 10, 5, 9, 6, 11, 12, 1, 15, 3, 13, 2, 8, 22, 25, 0, 24, 34, 35, 31, 19, 21, 30, 20, 18, 27, 14, 23]",5,0.2,0.5,0.28571428571428575,0.6131471927654584,1,2,5,1
smd,group1_development,machine-1-7,4,7099,8000,robust_z,-1,"[32, 16, 17, 10, 9, 1, 2, 3, 4, 12, 11, 6, 8, 23, 15, 13, 14, 5, 33, 0, 29, 24, 22, 30, 21, 27, 20, 19, 18, 31, 35, 34, 25, 7, 26, 28, 36, 37]",1,0.0,0.0,0.0,0.0,0,8,1,0
smd,group1_development,machine-1-7,4,7099,8000,robust_z,-1,"[32, 16, 17, 10, 9, 1, 2, 3, 4, 12, 11, 6, 8, 23, 15, 13, 14, 5, 33, 0, 29, 24, 22, 30, 21, 27, 20, 19, 18, 31, 35, 34, 25, 7, 26, 28, 36, 37]",3,0.6666666666666666,0.25,0.36363636363636365,0.5307212739772434,1,8,3,2
smd,group1_development,machine-1-7,4,7099,8000,robust_z,-1,"[32, 16, 17, 10, 9, 1, 2, 3, 4, 12, 11, 6, 8, 23, 15, 13, 14, 5, 33, 0, 29, 24, 22, 30, 21, 27, 20, 19, 18, 31, 35, 34, 25, 7, 26, 28, 36, 37]",5,0.4,0.25,0.3076923076923077,0.38356636737133565,1,8,5,2
smd,group1_development,machine-1-7,4,7099,8000,pca_q,-1,"[10, 9, 16, 17, 28, 1, 2, 32, 12, 3, 11, 8, 15, 13, 33, 4, 14, 6, 0, 5, 23, 29, 24, 22, 30, 21, 27, 20, 19, 18, 31, 35, 34, 25, 7, 26, 36, 37]",1,0.0,0.0,0.0,0.0,0,8,1,0
smd,group1_development,machine-1-7,4,7099,8000,pca_q,-1,"[10, 9, 16, 17, 28, 1, 2, 32, 12, 3, 11, 8, 15, 13, 33, 4, 14, 6, 0, 5, 23, 29, 24, 22, 30, 21, 27, 20, 19, 18, 31, 35, 34, 25, 7, 26, 36, 37]",3,0.3333333333333333,0.125,0.18181818181818182,0.23463936301137822,1,8,3,1
smd,group1_development,machine-1-7,4,7099,8000,pca_q,-1,"[10, 9, 16, 17, 28, 1, 2, 32, 12, 3, 11, 8, 15, 13, 33, 4, 14, 6, 0, 5, 23, 29, 24, 22, 30, 21, 27, 20, 19, 18, 31, 35, 34, 25, 7, 26, 36, 37]",5,0.4,0.25,0.3076923076923077,0.3156484524795145,1,8,5,2
smd,group1_development,machine-1-7,4,7099,8000,baro_robust_scorer,-1,"[9, 1, 15, 2, 3, 13, 12, 8, 0, 11, 23, 14, 6, 24, 22, 21, 30, 27, 20, 19, 18, 31, 35, 34, 25, 29, 33, 5, 10, 32]",1,0.0,0.0,0.0,0.0,0,8,1,0
smd,group1_development,machine-1-7,4,7099,8000,baro_robust_scorer,-1,"[9, 1, 15, 2, 3, 13, 12, 8, 0, 11, 23, 14, 6, 24, 22, 21, 30, 27, 20, 19, 18, 31, 35, 34, 25, 29, 33, 5, 10, 32]",3,0.0,0.0,0.0,0.0,0,8,3,0
smd,group1_development,machine-1-7,4,7099,8000,baro_robust_scorer,-1,"[9, 1, 15, 2, 3, 13, 12, 8, 0, 11, 23, 14, 6, 24, 22, 21, 30, 27, 20, 19, 18, 31, 35, 34, 25, 29, 33, 5, 10, 32]",5,0.0,0.0,0.0,0.0,0,8,5,0
smd,group1_development,machine-1-7,5,8564,8580,robust_z,-1,"[10, 9, 1, 2, 3, 8, 12, 0, 4, 23, 6, 5, 24, 29, 27, 30, 21, 20, 22, 19, 15, 18, 11, 31, 35, 34, 14, 13, 25, 33, 7, 16, 17, 26, 28, 32, 36, 37]",1,1.0,0.05555555555555555,0.10526315789473684,1.0,1,18,1,1
smd,group1_development,machine-1-7,5,8564,8580,robust_z,-1,"[10, 9, 1, 2, 3, 8, 12, 0, 4, 23, 6, 5, 24, 29, 27, 30, 21, 20, 22, 19, 15, 18, 11, 31, 35, 34, 14, 13, 25, 33, 7, 16, 17, 26, 28, 32, 36, 37]",3,0.6666666666666666,0.1111111111111111,0.1904761904761905,0.7653606369886217,1,18,3,2
smd,group1_development,machine-1-7,5,8564,8580,robust_z,-1,"[10, 9, 1, 2, 3, 8, 12, 0, 4, 23, 6, 5, 24, 29, 27, 30, 21, 20, 22, 19, 15, 18, 11, 31, 35, 34, 14, 13, 25, 33, 7, 16, 17, 26, 28, 32, 36, 37]",5,0.4,0.1111111111111111,0.1739130434782609,0.5531464700081437,1,18,5,2
smd,group1_development,machine-1-7,5,8564,8580,pca_q,-1,"[10, 9, 16, 17, 28, 32, 1, 2, 3, 8, 12, 15, 0, 4, 5, 6, 23, 29, 11, 24, 34, 35, 27, 30, 20, 21, 18, 31, 19, 22, 13, 14, 25, 33, 7, 26, 36, 37]",1,1.0,0.05555555555555555,0.10526315789473684,1.0,1,18,1,1
smd,group1_development,machine-1-7,5,8564,8580,pca_q,-1,"[10, 9, 16, 17, 28, 32, 1, 2, 3, 8, 12, 15, 0, 4, 5, 6, 23, 29, 11, 24, 34, 35, 27, 30, 20, 21, 18, 31, 19, 22, 13, 14, 25, 33, 7, 26, 36, 37]",3,0.6666666666666666,0.1111111111111111,0.1904761904761905,0.7653606369886217,1,18,3,2
smd,group1_development,machine-1-7,5,8564,8580,pca_q,-1,"[10, 9, 16, 17, 28, 32, 1, 2, 3, 8, 12, 15, 0, 4, 5, 6, 23, 29, 11, 24, 34, 35, 27, 30, 20, 21, 18, 31, 19, 22, 13, 14, 25, 33, 7, 26, 36, 37]",5,0.4,0.1111111111111111,0.1739130434782609,0.5531464700081437,1,18,5,2
smd,group1_development,machine-1-7,5,8564,8580,baro_robust_scorer,-1,"[9, 2, 1, 8, 3, 12, 0, 6, 15, 29, 14, 23, 34, 35, 18, 25, 11, 19, 30, 24, 21, 20, 27, 10, 31, 33, 13, 22, 5]",1,1.0,0.05555555555555555,0.10526315789473684,1.0,1,18,1,1
smd,group1_development,machine-1-7,5,8564,8580,baro_robust_scorer,-1,"[9, 2, 1, 8, 3, 12, 0, 6, 15, 29, 14, 23, 34, 35, 18, 25, 11, 19, 30, 24, 21, 20, 27, 10, 31, 33, 13, 22, 5]",3,0.3333333333333333,0.05555555555555555,0.09523809523809525,0.46927872602275644,1,18,3,1
smd,group1_development,machine-1-7,5,8564,8580,baro_robust_scorer,-1,"[9, 2, 1, 8, 3, 12, 0, 6, 15, 29, 14, 23, 34, 35, 18, 25, 11, 19, 30, 24, 21, 20, 27, 10, 31, 33, 13, 22, 5]",5,0.4,0.1111111111111111,0.1739130434782609,0.48522855511632257,1,18,5,2
smd,group1_development,machine-1-7,6,12359,12374,robust_z,-1,"[10, 15, 9, 12, 8, 11, 14, 13, 1, 4, 6, 2, 25, 0, 3, 18, 33, 23, 34, 35, 19, 31, 20, 27, 21, 24, 30, 29, 22, 5, 7, 16, 17, 26, 28, 32, 36, 37]",1,0.0,0.0,0.0,0.0,0,7,1,0
smd,group1_development,machine-1-7,6,12359,12374,robust_z,-1,"[10, 15, 9, 12, 8, 11, 14, 13, 1, 4, 6, 2, 25, 0, 3, 18, 33, 23, 34, 35, 19, 31, 20, 27, 21, 24, 30, 29, 22, 5, 7, 16, 17, 26, 28, 32, 36, 37]",3,0.3333333333333333,0.14285714285714285,0.2,0.2960819109658652,1,7,3,1
smd,group1_development,machine-1-7,6,12359,12374,robust_z,-1,"[10, 15, 9, 12, 8, 11, 14, 13, 1, 4, 6, 2, 25, 0, 3, 18, 33, 23, 34, 35, 19, 31, 20, 27, 21, 24, 30, 29, 22, 5, 7, 16, 17, 26, 28, 32, 36, 37]",5,0.6,0.42857142857142855,0.5,0.4912596920895758,1,7,5,3
smd,group1_development,machine-1-7,6,12359,12374,pca_q,-1,"[10, 15, 16, 17, 9, 12, 8, 11, 13, 14, 28, 1, 0, 2, 3, 6, 5, 4, 25, 32, 18, 33, 24, 19, 20, 21, 30, 27, 31, 22, 34, 35, 29, 23, 7, 26, 36, 37]",1,0.0,0.0,0.0,0.0,0,7,1,0
smd,group1_development,machine-1-7,6,12359,12374,pca_q,-1,"[10, 15, 16, 17, 9, 12, 8, 11, 13, 14, 28, 1, 0, 2, 3, 6, 5, 4, 25, 32, 18, 33, 24, 19, 20, 21, 30, 27, 31, 22, 34, 35, 29, 23, 7, 26, 36, 37]",3,0.3333333333333333,0.14285714285714285,0.2,0.2960819109658652,1,7,3,1
smd,group1_development,machine-1-7,6,12359,12374,pca_q,-1,"[10, 15, 16, 17, 9, 12, 8, 11, 13, 14, 28, 1, 0, 2, 3, 6, 5, 4, 25, 32, 18, 33, 24, 19, 20, 21, 30, 27, 31, 22, 34, 35, 29, 23, 7, 26, 36, 37]",5,0.2,0.14285714285714285,0.16666666666666666,0.21398626473452756,1,7,5,1
smd,group1_development,machine-1-7,6,12359,12374,baro_robust_scorer,-1,"[15, 8, 9, 13, 14, 11, 3, 2, 1, 5, 31, 6, 34, 35, 27, 20, 21, 30, 19, 24, 33, 18, 22, 25, 23, 10, 29]",1,1.0,0.14285714285714285,0.25,1.0,1,7,1,1
smd,group1_development,machine-1-7,6,12359,12374,baro_robust_scorer,-1,"[15, 8, 9, 13, 14, 11, 3, 2, 1, 5, 31, 6, 34, 35, 27, 20, 21, 30, 19, 24, 33, 18, 22, 25, 23, 10, 29]",3,0.6666666666666666,0.2857142857142857,0.4,0.7653606369886217,1,7,3,2
smd,group1_development,machine-1-7,6,12359,12374,baro_robust_scorer,-1,"[15, 8, 9, 13, 14, 11, 3, 2, 1, 5, 31, 6, 34, 35, 27, 20, 21, 30, 19, 24, 33, 18, 22, 25, 23, 10, 29]",5,0.8,0.5714285714285714,0.6666666666666666,0.830419897363192,1,7,5,4
smd,group1_development,machine-1-7,7,13799,13825,robust_z,-1,"[10, 32, 9, 15, 12, 8, 11, 14, 5, 13, 4, 6, 25, 29, 0, 1, 33, 18, 2, 19, 24, 31, 20, 27, 21, 30, 22, 34, 35, 23, 3, 7, 16, 17, 26, 28, 36, 37]",1,0.0,0.0,0.0,0.0,0,6,1,0
smd,group1_development,machine-1-7,7,13799,13825,robust_z,-1,"[10, 32, 9, 15, 12, 8, 11, 14, 5, 13, 4, 6, 25, 29, 0, 1, 33, 18, 2, 19, 24, 31, 20, 27, 21, 30, 22, 34, 35, 23, 3, 7, 16, 17, 26, 28, 36, 37]",3,0.0,0.0,0.0,0.0,0,6,3,0
smd,group1_development,machine-1-7,7,13799,13825,robust_z,-1,"[10, 32, 9, 15, 12, 8, 11, 14, 5, 13, 4, 6, 25, 29, 0, 1, 33, 18, 2, 19, 24, 31, 20, 27, 21, 30, 22, 34, 35, 23, 3, 7, 16, 17, 26, 28, 36, 37]",5,0.4,0.3333333333333333,0.3636363636363636,0.27727342735504823,1,6,5,2
smd,group1_development,machine-1-7,7,13799,13825,pca_q,-1,"[10, 16, 17, 9, 15, 28, 12, 8, 32, 11, 14, 5, 13, 6, 33, 3, 4, 0, 1, 29, 2, 25, 18, 24, 19, 20, 21, 27, 30, 22, 31, 34, 35, 23, 7, 26, 36, 37]",1,0.0,0.0,0.0,0.0,0,6,1,0
smd,group1_development,machine-1-7,7,13799,13825,pca_q,-1,"[10, 16, 17, 9, 15, 28, 12, 8, 32, 11, 14, 5, 13, 6, 33, 3, 4, 0, 1, 29, 2, 25, 18, 24, 19, 20, 21, 27, 30, 22, 31, 34, 35, 23, 7, 26, 36, 37]",3,0.0,0.0,0.0,0.0,0,6,3,0
smd,group1_development,machine-1-7,7,13799,13825,pca_q,-1,"[10, 16, 17, 9, 15, 28, 12, 8, 32, 11, 14, 5, 13, 6, 33, 3, 4, 0, 1, 29, 2, 25, 18, 24, 19, 20, 21, 27, 30, 22, 31, 34, 35, 23, 7, 26, 36, 37]",5,0.2,0.16666666666666666,0.1818181818181818,0.13120507751234178,1,6,5,1
smd,group1_development,machine-1-7,7,13799,13825,baro_robust_scorer,-1,"[15, 8, 13, 12, 14, 11, 2, 3, 1, 34, 35, 19, 31, 27, 20, 21, 30, 5, 18, 24, 6, 33, 25, 23, 22, 29, 10, 9, 32]",1,1.0,0.16666666666666666,0.2857142857142857,1.0,1,6,1,1
smd,group1_development,machine-1-7,7,13799,13825,baro_robust_scorer,-1,"[15, 8, 13, 12, 14, 11, 2, 3, 1, 34, 35, 19, 31, 27, 20, 21, 30, 5, 18, 24, 6, 33, 25, 23, 22, 29, 10, 9, 32]",3,1.0,0.5,0.6666666666666666,1.0,1,6,3,3
smd,group1_development,machine-1-7,7,13799,13825,baro_robust_scorer,-1,"[15, 8, 13, 12, 14, 11, 2, 3, 1, 34, 35, 19, 31, 27, 20, 21, 30, 5, 18, 24, 6, 33, 25, 23, 22, 29, 10, 9, 32]",5,1.0,0.8333333333333334,0.9090909090909091,1.0,1,6,5,5
smd,group1_development,machine-1-7,8,15239,15270,robust_z,-1,"[10, 32, 9, 15, 12, 8, 2, 1, 11, 3, 14, 5, 13, 0, 4, 25, 33, 29, 18, 6, 19, 34, 35, 24, 21, 30, 20, 27, 22, 31, 23, 7, 16, 17, 26, 28, 36, 37]",1,0.0,0.0,0.0,0.0,0,8,1,0
smd,group1_development,machine-1-7,8,15239,15270,robust_z,-1,"[10, 32, 9, 15, 12, 8, 2, 1, 11, 3, 14, 5, 13, 0, 4, 25, 33, 29, 18, 6, 19, 34, 35, 24, 21, 30, 20, 27, 22, 31, 23, 7, 16, 17, 26, 28, 36, 37]",3,0.0,0.0,0.0,0.0,0,8,3,0
smd,group1_development,machine-1-7,8,15239,15270,robust_z,-1,"[10, 32, 9, 15, 12, 8, 2, 1, 11, 3, 14, 5, 13, 0, 4, 25, 33, 29, 18, 6, 19, 34, 35, 24, 21, 30, 20, 27, 22, 31, 23, 7, 16, 17, 26, 28, 36, 37]",5,0.4,0.25,0.3076923076923077,0.27727342735504823,1,8,5,2
smd,group1_development,machine-1-7,8,15239,15270,pca_q,-1,"[10, 16, 17, 9, 28, 15, 32, 12, 8, 1, 11, 2, 5, 14, 13, 0, 3, 33, 4, 29, 25, 18, 24, 19, 21, 30, 22, 20, 27, 6, 31, 34, 35, 23, 7, 26, 36, 37]",1,0.0,0.0,0.0,0.0,0,8,1,0
smd,group1_development,machine-1-7,8,15239,15270,pca_q,-1,"[10, 16, 17, 9, 28, 15, 32, 12, 8, 1, 11, 2, 5, 14, 13, 0, 3, 33, 4, 29, 25, 18, 24, 19, 21, 30, 22, 20, 27, 6, 31, 34, 35, 23, 7, 26, 36, 37]",3,0.0,0.0,0.0,0.0,0,8,3,0
smd,group1_development,machine-1-7,8,15239,15270,pca_q,-1,"[10, 16, 17, 9, 28, 15, 32, 12, 8, 1, 11, 2, 5, 14, 13, 0, 3, 33, 4, 29, 25, 18, 24, 19, 21, 30, 22, 20, 27, 6, 31, 34, 35, 23, 7, 26, 36, 37]",5,0.0,0.0,0.0,0.0,0,8,5,0
smd,group1_development,machine-1-7,8,15239,15270,baro_robust_scorer,-1,"[9, 15, 8, 13, 3, 0, 2, 11, 14, 1, 5, 33, 23, 6, 20, 27, 21, 30, 29, 22, 12, 18, 19, 24, 31, 25, 10, 34, 35, 32]",1,0.0,0.0,0.0,0.0,0,8,1,0
smd,group1_development,machine-1-7,8,15239,15270,baro_robust_scorer,-1,"[9, 15, 8, 13, 3, 0, 2, 11, 14, 1, 5, 33, 23, 6, 20, 27, 21, 30, 29, 22, 12, 18, 19, 24, 31, 25, 10, 34, 35, 32]",3,0.6666666666666666,0.25,0.36363636363636365,0.5307212739772434,1,8,3,2
smd,group1_development,machine-1-7,8,15239,15270,baro_robust_scorer,-1,"[9, 15, 8, 13, 3, 0, 2, 11, 14, 1, 5, 33, 23, 6, 20, 27, 21, 30, 29, 22, 12, 18, 19, 24, 31, 25, 10, 34, 35, 32]",5,0.6,0.375,0.4615384615384615,0.5296347172140421,1,8,5,3
smd,group1_development,machine-1-7,9,15960,15963,robust_z,-1,"[16, 10, 9, 4, 6, 24, 22, 27, 30, 21, 13, 20, 19, 31, 18, 0, 34, 35, 15, 12, 8, 3, 25, 1, 33, 2, 23, 29, 11, 14, 5, 7, 17, 26, 28, 32, 36, 37]",1,1.0,1.0,1.0,1.0,1,1,1,1
smd,group1_development,machine-1-7,9,15960,15963,robust_z,-1,"[16, 10, 9, 4, 6, 24, 22, 27, 30, 21, 13, 20, 19, 31, 18, 0, 34, 35, 15, 12, 8, 3, 25, 1, 33, 2, 23, 29, 11, 14, 5, 7, 17, 26, 28, 32, 36, 37]",3,0.3333333333333333,1.0,0.5,1.0,1,1,3,1
smd,group1_development,machine-1-7,9,15960,15963,robust_z,-1,"[16, 10, 9, 4, 6, 24, 22, 27, 30, 21, 13, 20, 19, 31, 18, 0, 34, 35, 15, 12, 8, 3, 25, 1, 33, 2, 23, 29, 11, 14, 5, 7, 17, 26, 28, 32, 36, 37]",5,0.2,1.0,0.33333333333333337,1.0,1,1,5,1
smd,group1_development,machine-1-7,9,15960,15963,pca_q,-1,"[10, 16, 17, 9, 28, 1, 2, 32, 15, 3, 8, 12, 11, 29, 14, 0, 13, 4, 24, 6, 19, 30, 21, 27, 20, 22, 31, 34, 35, 18, 33, 5, 25, 23, 7, 26, 36, 37]",1,0.0,0.0,0.0,0.0,0,1,1,0
smd,group1_development,machine-1-7,9,15960,15963,pca_q,-1,"[10, 16, 17, 9, 28, 1, 2, 32, 15, 3, 8, 12, 11, 29, 14, 0, 13, 4, 24, 6, 19, 30, 21, 27, 20, 22, 31, 34, 35, 18, 33, 5, 25, 23, 7, 26, 36, 37]",3,0.3333333333333333,1.0,0.5,0.6309297535714575,1,1,3,1
smd,group1_development,machine-1-7,9,15960,15963,pca_q,-1,"[10, 16, 17, 9, 28, 1, 2, 32, 15, 3, 8, 12, 11, 29, 14, 0, 13, 4, 24, 6, 19, 30, 21, 27, 20, 22, 31, 34, 35, 18, 33, 5, 25, 23, 7, 26, 36, 37]",5,0.2,1.0,0.33333333333333337,0.6309297535714575,1,1,5,1
smd,group1_development,machine-1-7,9,15960,15963,baro_robust_scorer,-1,"[9, 22, 1, 24, 30, 21, 18, 27, 20, 10, 19, 29, 31, 23, 25, 34, 35, 13, 15, 5, 2, 11, 12, 8, 33, 6, 3, 14]",1,0.0,0.0,0.0,0.0,0,1,1,0
smd,group1_development,machine-1-7,9,15960,15963,baro_robust_scorer,-1,"[9, 22, 1, 24, 30, 21, 18, 27, 20, 10, 19, 29, 31, 23, 25, 34, 35, 13, 15, 5, 2, 11, 12, 8, 33, 6, 3, 14]",3,0.0,0.0,0.0,0.0,0,1,3,0
smd,group1_development,machine-1-7,9,15960,15963,baro_robust_scorer,-1,"[9, 22, 1, 24, 30, 21, 18, 27, 20, 10, 19, 29, 31, 23, 25, 34, 35, 13, 15, 5, 2, 11, 12, 8, 33, 6, 3, 14]",5,0.0,0.0,0.0,0.0,0,1,5,0
smd,group1_development,machine-1-7,10,18109,18150,robust_z,-1,"[28, 16, 10, 32, 9, 2, 1, 3, 15, 12, 8, 0, 11, 13, 14, 6, 29, 4, 5, 33, 25, 23, 18, 22, 19, 34, 35, 31, 24, 21, 30, 20, 27, 7, 17, 26, 36, 37]",1,1.0,0.03571428571428571,0.0689655172413793,1.0,1,28,1,1
smd,group1_development,machine-1-7,10,18109,18150,robust_z,-1,"[28, 16, 10, 32, 9, 2, 1, 3, 15, 12, 8, 0, 11, 13, 14, 6, 29, 4, 5, 33, 25, 23, 18, 22, 19, 34, 35, 31, 24, 21, 30, 20, 27, 7, 17, 26, 36, 37]",3,0.6666666666666666,0.07142857142857142,0.12903225806451613,0.7653606369886217,1,28,3,2
smd,group1_development,machine-1-7,10,18109,18150,robust_z,-1,"[28, 16, 10, 32, 9, 2, 1, 3, 15, 12, 8, 0, 11, 13, 14, 6, 29, 4, 5, 33, 25, 23, 18, 22, 19, 34, 35, 31, 24, 21, 30, 20, 27, 7, 17, 26, 36, 37]",5,0.4,0.07142857142857142,0.12121212121212122,0.5531464700081437,1,28,5,2
smd,group1_development,machine-1-7,10,18109,18150,pca_q,-1,"[10, 16, 17, 9, 1, 2, 3, 28, 15, 32, 8, 12, 0, 11, 13, 14, 29, 6, 5, 33, 4, 23, 25, 22, 18, 24, 19, 21, 30, 20, 27, 34, 35, 31, 7, 26, 36, 37]",1,0.0,0.0,0.0,0.0,0,28,1,0
smd,group1_development,machine-1-7,10,18109,18150,pca_q,-1,"[10, 16, 17, 9, 1, 2, 3, 28, 15, 32, 8, 12, 0, 11, 13, 14, 29, 6, 5, 33, 4, 23, 25, 22, 18, 24, 19, 21, 30, 20, 27, 34, 35, 31, 7, 26, 36, 37]",3,0.3333333333333333,0.03571428571428571,0.06451612903225806,0.2960819109658652,1,28,3,1
smd,group1_development,machine-1-7,10,18109,18150,pca_q,-1,"[10, 16, 17, 9, 1, 2, 3, 28, 15, 32, 8, 12, 0, 11, 13, 14, 29, 6, 5, 33, 4, 23, 25, 22, 18, 24, 19, 21, 30, 20, 27, 34, 35, 31, 7, 26, 36, 37]",5,0.4,0.07142857142857142,0.12121212121212122,0.34519134224686937,1,28,5,2
smd,group1_development,machine-1-7,10,18109,18150,baro_robust_scorer,-1,"[2, 3, 15, 1, 9, 8, 13, 0, 6, 14, 11, 29, 23, 5, 31, 33, 34, 35, 24, 30, 21, 27, 20, 18, 19, 12, 22, 25, 10, 32]",1,1.0,0.03571428571428571,0.0689655172413793,1.0,1,28,1,1
smd,group1_development,machine-1-7,10,18109,18150,baro_robust_scorer,-1,"[2, 3, 15, 1, 9, 8, 13, 0, 6, 14, 11, 29, 23, 5, 31, 33, 34, 35, 24, 30, 21, 27, 20, 18, 19, 12, 22, 25, 10, 32]",3,1.0,0.10714285714285714,0.19354838709677416,1.0,1,28,3,3
smd,group1_development,machine-1-7,10,18109,18150,baro_robust_scorer,-1,"[2, 3, 15, 1, 9, 8, 13, 0, 6, 14, 11, 29, 23, 5, 31, 33, 34, 35, 24, 30, 21, 27, 20, 18, 19, 12, 22, 25, 10, 32]",5,0.8,0.14285714285714285,0.24242424242424243,0.8687949224876582,1,28,5,4
smd,group1_development,machine-1-7,11,19442,19446,robust_z,-1,"[32, 10, 33, 9, 6, 4, 11, 29, 15, 14, 1, 25, 5, 2, 23, 12, 18, 22, 8, 0, 3, 24, 19, 30, 21, 20, 27, 13, 34, 35, 31, 7, 16, 17, 26, 28, 36, 37]",1,1.0,0.5,0.6666666666666666,1.0,1,2,1,1
smd,group1_development,machine-1-7,11,19442,19446,robust_z,-1,"[32, 10, 33, 9, 6, 4, 11, 29, 15, 14, 1, 25, 5, 2, 23, 12, 18, 22, 8, 0, 3, 24, 19, 30, 21, 20, 27, 13, 34, 35, 31, 7, 16, 17, 26, 28, 36, 37]",3,0.6666666666666666,1.0,0.8,0.9197207891481876,1,2,3,2
smd,group1_development,machine-1-7,11,19442,19446,robust_z,-1,"[32, 10, 33, 9, 6, 4, 11, 29, 15, 14, 1, 25, 5, 2, 23, 12, 18, 22, 8, 0, 3, 24, 19, 30, 21, 20, 27, 13, 34, 35, 31, 7, 16, 17, 26, 28, 36, 37]",5,0.4,1.0,0.5714285714285715,0.9197207891481876,1,2,5,2
smd,group1_development,machine-1-7,11,19442,19446,pca_q,-1,"[10, 16, 33, 17, 3, 2, 15, 9, 1, 28, 5, 6, 29, 23, 11, 8, 12, 4, 32, 14, 0, 13, 24, 22, 25, 18, 21, 30, 20, 27, 19, 31, 35, 34, 7, 26, 36, 37]",1,0.0,0.0,0.0,0.0,0,2,1,0
smd,group1_development,machine-1-7,11,19442,19446,pca_q,-1,"[10, 16, 33, 17, 3, 2, 15, 9, 1, 28, 5, 6, 29, 23, 11, 8, 12, 4, 32, 14, 0, 13, 24, 22, 25, 18, 21, 30, 20, 27, 19, 31, 35, 34, 7, 26, 36, 37]",3,0.3333333333333333,0.5,0.4,0.3065735963827292,1,2,3,1
smd,group1_development,machine-1-7,11,19442,19446,pca_q,-1,"[10, 16, 33, 17, 3, 2, 15, 9, 1, 28, 5, 6, 29, 23, 11, 8, 12, 4, 32, 14, 0, 13, 24, 22, 25, 18, 21, 30, 20, 27, 19, 31, 35, 34, 7, 26, 36, 37]",5,0.2,0.5,0.28571428571428575,0.3065735963827292,1,2,5,1
smd,group1_development,machine-1-7,11,19442,19446,baro_robust_scorer,-1,"[32, 10, 33, 11, 9, 14, 29, 5, 15, 1, 12, 23, 8, 25, 13, 24, 18, 34, 35, 6, 30, 20, 21, 27, 19, 31, 2, 22, 3]",1,1.0,0.5,0.6666666666666666,1.0,1,2,1,1
smd,group1_development,machine-1-7,11,19442,19446,baro_robust_scorer,-1,"[32, 10, 33, 11, 9, 14, 29, 5, 15, 1, 12, 23, 8, 25, 13, 24, 18, 34, 35, 6, 30, 20, 21, 27, 19, 31, 2, 22, 3]",3,0.6666666666666666,1.0,0.8,0.9197207891481876,1,2,3,2
smd,group1_development,machine-1-7,11,19442,19446,baro_robust_scorer,-1,"[32, 10, 33, 11, 9, 14, 29, 5, 15, 1, 12, 23, 8, 25, 13, 24, 18, 34, 35, 6, 30, 20, 21, 27, 19, 31, 2, 22, 3]",5,0.4,1.0,0.5714285714285715,0.9197207891481876,1,2,5,2
smd,group1_development,machine-1-7,12,19559,19590,robust_z,-1,"[10, 32, 9, 15, 12, 8, 2, 1, 3, 11, 14, 13, 5, 6, 0, 4, 25, 33, 29, 18, 22, 34, 35, 19, 23, 31, 24, 20, 21, 30, 27, 7, 16, 17, 26, 28, 36, 37]",1,0.0,0.0,0.0,0.0,0,8,1,0
smd,group1_development,machine-1-7,12,19559,19590,robust_z,-1,"[10, 32, 9, 15, 12, 8, 2, 1, 3, 11, 14, 13, 5, 6, 0, 4, 25, 33, 29, 18, 22, 34, 35, 19, 23, 31, 24, 20, 21, 30, 27, 7, 16, 17, 26, 28, 36, 37]",3,0.0,0.0,0.0,0.0,0,8,3,0
smd,group1_development,machine-1-7,12,19559,19590,robust_z,-1,"[10, 32, 9, 15, 12, 8, 2, 1, 3, 11, 14, 13, 5, 6, 0, 4, 25, 33, 29, 18, 22, 34, 35, 19, 23, 31, 24, 20, 21, 30, 27, 7, 16, 17, 26, 28, 36, 37]",5,0.4,0.25,0.3076923076923077,0.27727342735504823,1,8,5,2
smd,group1_development,machine-1-7,12,19559,19590,pca_q,-1,"[10, 16, 17, 9, 28, 15, 32, 12, 8, 1, 2, 11, 3, 13, 14, 5, 0, 6, 33, 4, 25, 29, 23, 22, 18, 24, 19, 21, 30, 20, 27, 35, 34, 31, 7, 26, 36, 37]",1,0.0,0.0,0.0,0.0,0,8,1,0
smd,group1_development,machine-1-7,12,19559,19590,pca_q,-1,"[10, 16, 17, 9, 28, 15, 32, 12, 8, 1, 2, 11, 3, 13, 14, 5, 0, 6, 33, 4, 25, 29, 23, 22, 18, 24, 19, 21, 30, 20, 27, 35, 34, 31, 7, 26, 36, 37]",3,0.0,0.0,0.0,0.0,0,8,3,0
smd,group1_development,machine-1-7,12,19559,19590,pca_q,-1,"[10, 16, 17, 9, 28, 15, 32, 12, 8, 1, 2, 11, 3, 13, 14, 5, 0, 6, 33, 4, 25, 29, 23, 22, 18, 24, 19, 21, 30, 20, 27, 35, 34, 31, 7, 26, 36, 37]",5,0.0,0.0,0.0,0.0,0,8,5,0
smd,group1_development,machine-1-7,12,19559,19590,baro_robust_scorer,-1,"[15, 9, 8, 13, 12, 1, 2, 0, 3, 14, 11, 33, 23, 25, 29, 24, 27, 20, 31, 30, 21, 18, 19, 6, 22, 10, 5, 34, 35]",1,1.0,0.125,0.2222222222222222,1.0,1,8,1,1
smd,group1_development,machine-1-7,12,19559,19590,baro_robust_scorer,-1,"[15, 9, 8, 13, 12, 1, 2, 0, 3, 14, 11, 33, 23, 25, 29, 24, 27, 20, 31, 30, 21, 18, 19, 6, 22, 10, 5, 34, 35]",3,0.6666666666666666,0.25,0.36363636363636365,0.7039180890341347,1,8,3,2
smd,group1_development,machine-1-7,12,19559,19590,baro_robust_scorer,-1,"[15, 9, 8, 13, 12, 1, 2, 0, 3, 14, 11, 33, 23, 25, 29, 24, 27, 20, 31, 30, 21, 18, 19, 6, 22, 10, 5, 34, 35]",5,0.8,0.5,0.6153846153846154,0.7860137352654724,1,8,5,4
smd,group1_development,machine-1-8,0,710,1081,robust_z,-1,"[9, 14, 8, 0, 11, 23, 25, 15, 27, 20, 18, 21, 30, 10, 19, 13, 33, 3, 1, 2, 12, 31, 34, 35, 5, 24, 22, 32, 29, 6, 4, 7, 16, 17, 26, 28, 36, 37]",1,1.0,0.3333333333333333,0.5,1.0,1,3,1,1
smd,group1_development,machine-1-8,0,710,1081,robust_z,-1,"[9, 14, 8, 0, 11, 23, 25, 15, 27, 20, 18, 21, 30, 10, 19, 13, 33, 3, 1, 2, 12, 31, 34, 35, 5, 24, 22, 32, 29, 6, 4, 7, 16, 17, 26, 28, 36, 37]",3,0.6666666666666666,0.6666666666666666,0.6666666666666666,0.7039180890341347,1,3,3,2
smd,group1_development,machine-1-8,0,710,1081,robust_z,-1,"[9, 14, 8, 0, 11, 23, 25, 15, 27, 20, 18, 21, 30, 10, 19, 13, 33, 3, 1, 2, 12, 31, 34, 35, 5, 24, 22, 32, 29, 6, 4, 7, 16, 17, 26, 28, 36, 37]",5,0.6,1.0,0.7499999999999999,0.9060254355346823,1,3,5,3
smd,group1_development,machine-1-8,0,710,1081,pca_q,-1,"[8, 14, 11, 0, 15, 10, 23, 25, 33, 27, 20, 18, 21, 30, 13, 19, 22, 12, 31, 34, 35, 5, 24, 32, 6, 29, 3, 1, 2, 9, 4, 7, 16, 17, 26, 28, 36, 37]",1,1.0,0.3333333333333333,0.5,1.0,1,3,1,1
smd,group1_development,machine-1-8,0,710,1081,pca_q,-1,"[8, 14, 11, 0, 15, 10, 23, 25, 33, 27, 20, 18, 21, 30, 13, 19, 22, 12, 31, 34, 35, 5, 24, 32, 6, 29, 3, 1, 2, 9, 4, 7, 16, 17, 26, 28, 36, 37]",3,0.3333333333333333,0.3333333333333333,0.3333333333333333,0.46927872602275644,1,3,3,1
smd,group1_development,machine-1-8,0,710,1081,pca_q,-1,"[8, 14, 11, 0, 15, 10, 23, 25, 33, 27, 20, 18, 21, 30, 13, 19, 22, 12, 31, 34, 35, 5, 24, 32, 6, 29, 3, 1, 2, 9, 4, 7, 16, 17, 26, 28, 36, 37]",5,0.4,0.6666666666666666,0.5,0.6713860725233041,1,3,5,2
smd,group1_development,machine-1-8,0,710,1081,baro_robust_scorer,-1,"[8, 14, 15, 10, 33, 0, 13, 1, 32, 6, 5, 11, 12, 9, 2, 22, 3, 19, 21, 30, 18, 20, 27, 29, 31, 35, 34, 24, 25, 23]",1,1.0,0.3333333333333333,0.5,1.0,1,3,1,1
smd,group1_development,machine-1-8,0,710,1081,baro_robust_scorer,-1,"[8, 14, 15, 10, 33, 0, 13, 1, 32, 6, 5, 11, 12, 9, 2, 22, 3, 19, 21, 30, 18, 20, 27, 29, 31, 35, 34, 24, 25, 23]",3,0.3333333333333333,0.3333333333333333,0.3333333333333333,0.46927872602275644,1,3,3,1
smd,group1_development,machine-1-8,0,710,1081,baro_robust_scorer,-1,"[8, 14, 15, 10, 33, 0, 13, 1, 32, 6, 5, 11, 12, 9, 2, 22, 3, 19, 21, 30, 18, 20, 27, 29, 31, 35, 34, 24, 25, 23]",5,0.2,0.3333333333333333,0.25,0.46927872602275644,1,3,5,1
smd,group1_development,machine-1-8,1,2105,2171,robust_z,-1,"[9, 11, 8, 14, 12, 0, 3, 15, 23, 25, 2, 10, 1, 13, 33, 30, 27, 21, 20, 18, 19, 5, 6, 31, 22, 35, 34, 24, 29, 32, 4, 7, 16, 17, 26, 28, 36, 37]",1,1.0,0.2,0.33333333333333337,1.0,1,5,1,1
smd,group1_development,machine-1-8,1,2105,2171,robust_z,-1,"[9, 11, 8, 14, 12, 0, 3, 15, 23, 25, 2, 10, 1, 13, 33, 30, 27, 21, 20, 18, 19, 5, 6, 31, 22, 35, 34, 24, 29, 32, 4, 7, 16, 17, 26, 28, 36, 37]",3,1.0,0.6,0.7499999999999999,1.0,1,5,3,3
smd,group1_development,machine-1-8,1,2105,2171,robust_z,-1,"[9, 11, 8, 14, 12, 0, 3, 15, 23, 25, 2, 10, 1, 13, 33, 30, 27, 21, 20, 18, 19, 5, 6, 31, 22, 35, 34, 24, 29, 32, 4, 7, 16, 17, 26, 28, 36, 37]",5,0.6,0.6,0.6,0.7227265726449519,1,5,5,3
smd,group1_development,machine-1-8,1,2105,2171,pca_q,-1,"[11, 8, 14, 12, 15, 10, 0, 3, 33, 13, 23, 25, 2, 1, 22, 5, 6, 19, 30, 21, 27, 20, 31, 18, 34, 35, 24, 32, 29, 9, 4, 7, 16, 17, 26, 28, 36, 37]",1,1.0,0.2,0.33333333333333337,1.0,1,5,1,1
smd,group1_development,machine-1-8,1,2105,2171,pca_q,-1,"[11, 8, 14, 12, 15, 10, 0, 3, 33, 13, 23, 25, 2, 1, 22, 5, 6, 19, 30, 21, 27, 20, 31, 18, 34, 35, 24, 32, 29, 9, 4, 7, 16, 17, 26, 28, 36, 37]",3,0.6666666666666666,0.4,0.5,0.7653606369886217,1,5,3,2
smd,group1_development,machine-1-8,1,2105,2171,pca_q,-1,"[11, 8, 14, 12, 15, 10, 0, 3, 33, 13, 23, 25, 2, 1, 22, 5, 6, 19, 30, 21, 27, 20, 31, 18, 34, 35, 24, 32, 29, 9, 4, 7, 16, 17, 26, 28, 36, 37]",5,0.4,0.4,0.4000000000000001,0.5531464700081437,1,5,5,2
smd,group1_development,machine-1-8,1,2105,2171,baro_robust_scorer,-1,"[8, 12, 14, 15, 10, 0, 33, 13, 32, 11, 9, 22, 1, 5, 6, 19, 2, 18, 20, 27, 21, 30, 23, 3, 25, 29, 34, 35, 31, 24]",1,1.0,0.2,0.33333333333333337,1.0,1,5,1,1
smd,group1_development,machine-1-8,1,2105,2171,baro_robust_scorer,-1,"[8, 12, 14, 15, 10, 0, 33, 13, 32, 11, 9, 22, 1, 5, 6, 19, 2, 18, 20, 27, 21, 30, 23, 3, 25, 29, 34, 35, 31, 24]",3,0.3333333333333333,0.2,0.25,0.46927872602275644,1,5,3,1
smd,group1_development,machine-1-8,1,2105,2171,baro_robust_scorer,-1,"[8, 12, 14, 15, 10, 0, 33, 13, 32, 11, 9, 22, 1, 5, 6, 19, 2, 18, 20, 27, 21, 30, 23, 3, 25, 29, 34, 35, 31, 24]",5,0.4,0.4,0.4000000000000001,0.4703652827859579,1,5,5,2
smd,group1_development,machine-1-8,2,2725,2728,robust_z,-1,"[9, 8, 14, 12, 11, 3, 0, 13, 2, 1, 22, 10, 24, 29, 34, 31, 35, 32, 33, 19, 30, 21, 15, 27, 20, 18, 5, 6, 25, 23, 4, 7, 16, 17, 26, 28, 36, 37]",1,1.0,0.25,0.4,1.0,1,4,1,1
smd,group1_development,machine-1-8,2,2725,2728,robust_z,-1,"[9, 8, 14, 12, 11, 3, 0, 13, 2, 1, 22, 10, 24, 29, 34, 31, 35, 32, 33, 19, 30, 21, 15, 27, 20, 18, 5, 6, 25, 23, 4, 7, 16, 17, 26, 28, 36, 37]",3,0.6666666666666666,0.5,0.5714285714285715,0.7653606369886217,1,4,3,2
smd,group1_development,machine-1-8,2,2725,2728,robust_z,-1,"[9, 8, 14, 12, 11, 3, 0, 13, 2, 1, 22, 10, 24, 29, 34, 31, 35, 32, 33, 19, 30, 21, 15, 27, 20, 18, 5, 6, 25, 23, 4, 7, 16, 17, 26, 28, 36, 37]",5,0.6,0.75,0.6666666666666665,0.8048099750039491,1,4,5,3
smd,group1_development,machine-1-8,2,2725,2728,pca_q,-1,"[8, 12, 11, 13, 14, 3, 2, 1, 0, 10, 22, 24, 29, 19, 31, 34, 35, 32, 30, 21, 33, 27, 20, 18, 25, 23, 15, 5, 6, 9, 4, 7, 16, 17, 26, 28, 36, 37]",1,1.0,0.25,0.4,1.0,1,4,1,1
smd,group1_development,machine-1-8,2,2725,2728,pca_q,-1,"[8, 12, 11, 13, 14, 3, 2, 1, 0, 10, 22, 24, 29, 19, 31, 34, 35, 32, 30, 21, 33, 27, 20, 18, 25, 23, 15, 5, 6, 9, 4, 7, 16, 17, 26, 28, 36, 37]",3,0.6666666666666666,0.5,0.5714285714285715,0.7653606369886217,1,4,3,2
smd,group1_development,machine-1-8,2,2725,2728,pca_q,-1,"[8, 12, 11, 13, 14, 3, 2, 1, 0, 10, 22, 24, 29, 19, 31, 34, 35, 32, 30, 21, 33, 27, 20, 18, 25, 23, 15, 5, 6, 9, 4, 7, 16, 17, 26, 28, 36, 37]",5,0.6,0.75,0.6666666666666665,0.8048099750039491,1,4,5,3
smd,group1_development,machine-1-8,2,2725,2728,baro_robust_scorer,-1,"[8, 14, 12, 13, 10, 2, 33, 34, 35, 1, 25, 23, 31, 3, 19, 22, 0, 24, 5, 6, 30, 15, 21, 29, 27, 20, 18]",1,1.0,0.25,0.4,1.0,1,4,1,1
smd,group1_development,machine-1-8,2,2725,2728,baro_robust_scorer,-1,"[8, 14, 12, 13, 10, 2, 33, 34, 35, 1, 25, 23, 31, 3, 19, 22, 0, 24, 5, 6, 30, 15, 21, 29, 27, 20, 18]",3,0.6666666666666666,0.5,0.5714285714285715,0.7039180890341347,1,4,3,2
smd,group1_development,machine-1-8,2,2725,2728,baro_robust_scorer,-1,"[8, 14, 12, 13, 10, 2, 33, 34, 35, 1, 25, 23, 31, 3, 19, 22, 0, 24, 5, 6, 30, 15, 21, 29, 27, 20, 18]",5,0.6,0.75,0.6666666666666665,0.75369761125927,1,4,5,3
smd,group1_development,machine-1-8,3,3068,3071,robust_z,-1,"[9, 8, 0, 2, 15, 10, 1, 14, 3, 22, 12, 13, 19, 31, 34, 30, 21, 35, 27, 20, 18, 5, 24, 29, 6, 33, 11, 32, 25, 23, 4, 7, 16, 17, 26, 28, 36, 37]",1,0.0,0.0,0.0,0.0,0,4,1,0
smd,group1_development,machine-1-8,3,3068,3071,robust_z,-1,"[9, 8, 0, 2, 15, 10, 1, 14, 3, 22, 12, 13, 19, 31, 34, 30, 21, 35, 27, 20, 18, 5, 24, 29, 6, 33, 11, 32, 25, 23, 4, 7, 16, 17, 26, 28, 36, 37]",3,0.3333333333333333,0.25,0.28571428571428575,0.2960819109658652,1,4,3,1
smd,group1_development,machine-1-8,3,3068,3071,robust_z,-1,"[9, 8, 0, 2, 15, 10, 1, 14, 3, 22, 12, 13, 19, 31, 34, 30, 21, 35, 27, 20, 18, 5, 24, 29, 6, 33, 11, 32, 25, 23, 4, 7, 16, 17, 26, 28, 36, 37]",5,0.2,0.25,0.22222222222222224,0.24630238874073,1,4,5,1
smd,group1_development,machine-1-8,3,3068,3071,pca_q,-1,"[8, 10, 15, 0, 12, 2, 14, 13, 1, 3, 22, 19, 30, 21, 27, 20, 18, 31, 34, 35, 5, 24, 6, 29, 33, 32, 11, 25, 23, 9, 4, 7, 16, 17, 26, 28, 36, 37]",1,1.0,0.25,0.4,1.0,1,4,1,1
smd,group1_development,machine-1-8,3,3068,3071,pca_q,-1,"[8, 10, 15, 0, 12, 2, 14, 13, 1, 3, 22, 19, 30, 21, 27, 20, 18, 31, 34, 35, 5, 24, 6, 29, 33, 32, 11, 25, 23, 9, 4, 7, 16, 17, 26, 28, 36, 37]",3,0.3333333333333333,0.25,0.28571428571428575,0.46927872602275644,1,4,3,1
smd,group1_development,machine-1-8,3,3068,3071,pca_q,-1,"[8, 10, 15, 0, 12, 2, 14, 13, 1, 3, 22, 19, 30, 21, 27, 20, 18, 31, 34, 35, 5, 24, 6, 29, 33, 32, 11, 25, 23, 9, 4, 7, 16, 17, 26, 28, 36, 37]",5,0.4,0.5,0.4444444444444445,0.5413996682199069,1,4,5,2
smd,group1_development,machine-1-8,3,3068,3071,baro_robust_scorer,-1,"[15, 8, 10, 12, 13, 0, 6, 5, 14, 19, 11, 29, 3, 21, 30, 35, 20, 27, 34, 31, 2, 18, 24, 25, 23, 1, 22]",1,0.0,0.0,0.0,0.0,0,4,1,0
smd,group1_development,machine-1-8,3,3068,3071,baro_robust_scorer,-1,"[15, 8, 10, 12, 13, 0, 6, 5, 14, 19, 11, 29, 3, 21, 30, 35, 20, 27, 34, 31, 2, 18, 24, 25, 23, 1, 22]",3,0.3333333333333333,0.25,0.28571428571428575,0.2960819109658652,1,4,3,1
smd,group1_development,machine-1-8,3,3068,3071,baro_robust_scorer,-1,"[15, 8, 10, 12, 13, 0, 6, 5, 14, 19, 11, 29, 3, 21, 30, 35, 20, 27, 34, 31, 2, 18, 24, 25, 23, 1, 22]",5,0.6,0.75,0.6666666666666665,0.5654495432396527,1,4,5,3
smd,group1_development,machine-1-8,4,3594,3598,robust_z,-1,"[8, 14, 11, 12, 5, 6, 0, 23, 25, 3, 2, 27, 30, 21, 20, 18, 1, 19, 13, 32, 22, 31, 34, 35, 24, 29, 15, 33, 10, 4, 7, 9, 16, 17, 26, 28, 36, 37]",1,1.0,0.2,0.33333333333333337,1.0,1,5,1,1
smd,group1_development,machine-1-8,4,3594,3598,robust_z,-1,"[8, 14, 11, 12, 5, 6, 0, 23, 25, 3, 2, 27, 30, 21, 20, 18, 1, 19, 13, 32, 22, 31, 34, 35, 24, 29, 15, 33, 10, 4, 7, 9, 16, 17, 26, 28, 36, 37]",3,0.6666666666666666,0.4,0.5,0.7653606369886217,1,5,3,2
smd,group1_development,machine-1-8,4,3594,3598,robust_z,-1,"[8, 14, 11, 12, 5, 6, 0, 23, 25, 3, 2, 27, 30, 21, 20, 18, 1, 19, 13, 32, 22, 31, 34, 35, 24, 29, 15, 33, 10, 4, 7, 9, 16, 17, 26, 28, 36, 37]",5,0.6,0.6,0.6,0.6992148198508501,1,5,5,3
smd,group1_development,machine-1-8,4,3594,3598,pca_q,-1,"[8, 14, 11, 12, 5, 6, 0, 23, 25, 22, 3, 13, 2, 32, 19, 30, 21, 27, 20, 31, 18, 34, 35, 1, 24, 15, 29, 10, 33, 9, 4, 7, 16, 17, 26, 28, 36, 37]",1,1.0,0.2,0.33333333333333337,1.0,1,5,1,1
smd,group1_development,machine-1-8,4,3594,3598,pca_q,-1,"[8, 14, 11, 12, 5, 6, 0, 23, 25, 22, 3, 13, 2, 32, 19, 30, 21, 27, 20, 31, 18, 34, 35, 1, 24, 15, 29, 10, 33, 9, 4, 7, 16, 17, 26, 28, 36, 37]",3,0.6666666666666666,0.4,0.5,0.7653606369886217,1,5,3,2
smd,group1_development,machine-1-8,4,3594,3598,pca_q,-1,"[8, 14, 11, 12, 5, 6, 0, 23, 25, 22, 3, 13, 2, 32, 19, 30, 21, 27, 20, 31, 18, 34, 35, 1, 24, 15, 29, 10, 33, 9, 4, 7, 16, 17, 26, 28, 36, 37]",5,0.6,0.6,0.6,0.6992148198508501,1,5,5,3
smd,group1_development,machine-1-8,4,3594,3598,baro_robust_scorer,-1,"[8, 12, 0, 14, 11, 13, 25, 23, 15, 5, 6, 29, 3, 2, 22, 33, 19, 32, 21, 30, 18, 20, 27, 1, 31, 34, 35, 10]",1,1.0,0.2,0.33333333333333337,1.0,1,5,1,1
smd,group1_development,machine-1-8,4,3594,3598,baro_robust_scorer,-1,"[8, 12, 0, 14, 11, 13, 25, 23, 15, 5, 6, 29, 3, 2, 22, 33, 19, 32, 21, 30, 18, 20, 27, 1, 31, 34, 35, 10]",3,0.6666666666666666,0.4,0.5,0.7653606369886217,1,5,3,2
smd,group1_development,machine-1-8,4,3594,3598,baro_robust_scorer,-1,"[8, 12, 0, 14, 11, 13, 25, 23, 15, 5, 6, 29, 3, 2, 22, 33, 19, 32, 21, 30, 18, 20, 27, 1, 31, 34, 35, 10]",5,0.6,0.6,0.6,0.6992148198508501,1,5,5,3
smd,group1_development,machine-1-8,5,4589,4599,robust_z,-1,"[9, 15, 10, 6, 5, 3, 14, 2, 13, 12, 11, 24, 33, 22, 29, 1, 8, 34, 35, 31, 19, 21, 30, 18, 20, 27, 0, 32, 23, 25, 4, 7, 16, 17, 26, 28, 36, 37]",1,0.0,0.0,0.0,0.0,0,4,1,0
smd,group1_development,machine-1-8,5,4589,4599,robust_z,-1,"[9, 15, 10, 6, 5, 3, 14, 2, 13, 12, 11, 24, 33, 22, 29, 1, 8, 34, 35, 31, 19, 21, 30, 18, 20, 27, 0, 32, 23, 25, 4, 7, 16, 17, 26, 28, 36, 37]",3,0.6666666666666666,0.5,0.5714285714285715,0.5307212739772434,1,4,3,2
smd,group1_development,machine-1-8,5,4589,4599,robust_z,-1,"[9, 15, 10, 6, 5, 3, 14, 2, 13, 12, 11, 24, 33, 22, 29, 1, 8, 34, 35, 31, 19, 21, 30, 18, 20, 27, 0, 32, 23, 25, 4, 7, 16, 17, 26, 28, 36, 37]",5,0.8,1.0,0.888888888888889,0.7606395682357036,1,4,5,4
smd,group1_development,machine-1-8,5,4589,4599,pca_q,-1,"[15, 10, 6, 5, 14, 3, 2, 11, 13, 33, 22, 1, 0, 12, 24, 29, 18, 21, 30, 20, 8, 27, 19, 34, 35, 31, 32, 23, 25, 9, 4, 7, 16, 17, 26, 28, 36, 37]",1,1.0,0.25,0.4,1.0,1,4,1,1
smd,group1_development,machine-1-8,5,4589,4599,pca_q,-1,"[15, 10, 6, 5, 14, 3, 2, 11, 13, 33, 22, 1, 0, 12, 24, 29, 18, 21, 30, 20, 8, 27, 19, 34, 35, 31, 32, 23, 25, 9, 4, 7, 16, 17, 26, 28, 36, 37]",3,1.0,0.75,0.8571428571428571,1.0,1,4,3,3
smd,group1_development,machine-1-8,5,4589,4599,pca_q,-1,"[15, 10, 6, 5, 14, 3, 2, 11, 13, 33, 22, 1, 0, 12, 24, 29, 18, 21, 30, 20, 8, 27, 19, 34, 35, 31, 32, 23, 25, 9, 4, 7, 16, 17, 26, 28, 36, 37]",5,0.8,1.0,0.888888888888889,1.0,1,4,5,4
smd,group1_development,machine-1-8,5,4589,4599,baro_robust_scorer,-1,"[10, 15, 22, 5, 6, 14, 9, 11, 8, 18, 20, 27, 21, 13, 30, 33, 0, 32, 2, 19, 12, 1, 23, 25, 3, 31, 34, 35, 29, 24]",1,1.0,0.25,0.4,1.0,1,4,1,1
smd,group1_development,machine-1-8,5,4589,4599,baro_robust_scorer,-1,"[10, 15, 22, 5, 6, 14, 9, 11, 8, 18, 20, 27, 21, 13, 30, 33, 0, 32, 2, 19, 12, 1, 23, 25, 3, 31, 34, 35, 29, 24]",3,0.6666666666666666,0.5,0.5714285714285715,0.7653606369886217,1,4,3,2
smd,group1_development,machine-1-8,5,4589,4599,baro_robust_scorer,-1,"[10, 15, 22, 5, 6, 14, 9, 11, 8, 18, 20, 27, 21, 13, 30, 33, 0, 32, 2, 19, 12, 1, 23, 25, 3, 31, 34, 35, 29, 24]",5,0.8,1.0,0.888888888888889,0.9558295932317544,1,4,5,4
smd,group1_development,machine-1-8,6,7100,7104,robust_z,-1,"[15, 10, 14, 5, 6, 11, 13, 33, 22, 24, 29, 12, 34, 35, 31, 32, 19, 1, 2, 30, 21, 3, 27, 20, 18, 0, 8, 23, 25, 4, 7, 9, 16, 17, 26, 28, 36, 37]",1,1.0,0.25,0.4,1.0,1,4,1,1
smd,group1_development,machine-1-8,6,7100,7104,robust_z,-1,"[15, 10, 14, 5, 6, 11, 13, 33, 22, 24, 29, 12, 34, 35, 31, 32, 19, 1, 2, 30, 21, 3, 27, 20, 18, 0, 8, 23, 25, 4, 7, 9, 16, 17, 26, 28, 36, 37]",3,0.6666666666666666,0.5,0.5714285714285715,0.7653606369886217,1,4,3,2
smd,group1_development,machine-1-8,6,7100,7104,robust_z,-1,"[15, 10, 14, 5, 6, 11, 13, 33, 22, 24, 29, 12, 34, 35, 31, 32, 19, 1, 2, 30, 21, 3, 27, 20, 18, 0, 8, 23, 25, 4, 7, 9, 16, 17, 26, 28, 36, 37]",5,0.8,1.0,0.888888888888889,0.9558295932317544,1,4,5,4
smd,group1_development,machine-1-8,6,7100,7104,pca_q,-1,"[15, 10, 14, 11, 5, 6, 13, 33, 22, 24, 29, 32, 19, 34, 12, 35, 30, 21, 31, 27, 20, 18, 1, 2, 8, 3, 23, 25, 0, 9, 4, 7, 16, 17, 26, 28, 36, 37]",1,1.0,0.25,0.4,1.0,1,4,1,1
smd,group1_development,machine-1-8,6,7100,7104,pca_q,-1,"[15, 10, 14, 11, 5, 6, 13, 33, 22, 24, 29, 32, 19, 34, 12, 35, 30, 21, 31, 27, 20, 18, 1, 2, 8, 3, 23, 25, 0, 9, 4, 7, 16, 17, 26, 28, 36, 37]",3,0.6666666666666666,0.5,0.5714285714285715,0.7653606369886217,1,4,3,2
smd,group1_development,machine-1-8,6,7100,7104,pca_q,-1,"[15, 10, 14, 11, 5, 6, 13, 33, 22, 24, 29, 32, 19, 34, 12, 35, 30, 21, 31, 27, 20, 18, 1, 2, 8, 3, 23, 25, 0, 9, 4, 7, 16, 17, 26, 28, 36, 37]",5,0.6,0.75,0.6666666666666665,0.787702056960637,1,4,5,3
smd,group1_development,machine-1-8,6,7100,7104,baro_robust_scorer,-1,"[15, 5, 6, 10, 0, 18, 20, 27, 32, 21, 30, 22, 14, 8, 34, 35, 3, 13, 19, 2, 11, 29, 1, 33, 24, 23, 25]",1,1.0,0.25,0.4,1.0,1,4,1,1
smd,group1_development,machine-1-8,6,7100,7104,baro_robust_scorer,-1,"[15, 5, 6, 10, 0, 18, 20, 27, 32, 21, 30, 22, 14, 8, 34, 35, 3, 13, 19, 2, 11, 29, 1, 33, 24, 23, 25]",3,1.0,0.75,0.8571428571428571,1.0,1,4,3,3
smd,group1_development,machine-1-8,6,7100,7104,baro_robust_scorer,-1,"[15, 5, 6, 10, 0, 18, 20, 27, 32, 21, 30, 22, 14, 8, 34, 35, 3, 13, 19, 2, 11, 29, 1, 33, 24, 23, 25]",5,0.8,1.0,0.888888888888889,1.0,1,4,5,4
smd,group1_development,machine-1-8,7,7474,7477,robust_z,-1,"[15, 10, 14, 5, 6, 11, 13, 22, 33, 12, 3, 24, 2, 29, 1, 18, 20, 27, 21, 30, 34, 35, 19, 31, 0, 8, 23, 25, 32, 4, 7, 9, 16, 17, 26, 28, 36, 37]",1,1.0,0.25,0.4,1.0,1,4,1,1
smd,group1_development,machine-1-8,7,7474,7477,robust_z,-1,"[15, 10, 14, 5, 6, 11, 13, 22, 33, 12, 3, 24, 2, 29, 1, 18, 20, 27, 21, 30, 34, 35, 19, 31, 0, 8, 23, 25, 32, 4, 7, 9, 16, 17, 26, 28, 36, 37]",3,0.6666666666666666,0.5,0.5714285714285715,0.7653606369886217,1,4,3,2
smd,group1_development,machine-1-8,7,7474,7477,robust_z,-1,"[15, 10, 14, 5, 6, 11, 13, 22, 33, 12, 3, 24, 2, 29, 1, 18, 20, 27, 21, 30, 34, 35, 19, 31, 0, 8, 23, 25, 32, 4, 7, 9, 16, 17, 26, 28, 36, 37]",5,0.8,1.0,0.888888888888889,0.9558295932317544,1,4,5,4
smd,group1_development,machine-1-8,7,7474,7477,pca_q,-1,"[15, 10, 14, 5, 6, 11, 33, 13, 22, 12, 18, 20, 27, 21, 30, 3, 24, 29, 19, 2, 1, 8, 34, 35, 31, 23, 25, 32, 0, 9, 4, 7, 16, 17, 26, 28, 36, 37]",1,1.0,0.25,0.4,1.0,1,4,1,1
smd,group1_development,machine-1-8,7,7474,7477,pca_q,-1,"[15, 10, 14, 5, 6, 11, 33, 13, 22, 12, 18, 20, 27, 21, 30, 3, 24, 29, 19, 2, 1, 8, 34, 35, 31, 23, 25, 32, 0, 9, 4, 7, 16, 17, 26, 28, 36, 37]",3,0.6666666666666666,0.5,0.5714285714285715,0.7653606369886217,1,4,3,2
smd,group1_development,machine-1-8,7,7474,7477,pca_q,-1,"[15, 10, 14, 5, 6, 11, 33, 13, 22, 12, 18, 20, 27, 21, 30, 3, 24, 29, 19, 2, 1, 8, 34, 35, 31, 23, 25, 32, 0, 9, 4, 7, 16, 17, 26, 28, 36, 37]",5,0.8,1.0,0.888888888888889,0.9558295932317544,1,4,5,4
smd,group1_development,machine-1-8,7,7474,7477,baro_robust_scorer,-1,"[5, 6, 22, 15, 10, 18, 20, 27, 21, 30, 13, 0, 19, 8, 14, 25, 23, 11, 2, 1, 3, 33, 29, 35, 34, 31, 32]",1,1.0,0.25,0.4,1.0,1,4,1,1
smd,group1_development,machine-1-8,7,7474,7477,baro_robust_scorer,-1,"[5, 6, 22, 15, 10, 18, 20, 27, 21, 30, 13, 0, 19, 8, 14, 25, 23, 11, 2, 1, 3, 33, 29, 35, 34, 31, 32]",3,0.6666666666666666,0.5,0.5714285714285715,0.7653606369886217,1,4,3,2
smd,group1_development,machine-1-8,7,7474,7477,baro_robust_scorer,-1,"[5, 6, 22, 15, 10, 18, 20, 27, 21, 30, 13, 0, 19, 8, 14, 25, 23, 11, 2, 1, 3, 33, 29, 35, 34, 31, 32]",5,0.8,1.0,0.888888888888889,0.9558295932317544,1,4,5,4
smd,group1_development,machine-1-8,8,8317,8320,robust_z,-1,"[14, 11, 8, 5, 13, 33, 6, 12, 15, 0, 32, 30, 21, 27, 20, 3, 23, 18, 25, 19, 2, 35, 34, 10, 31, 24, 29, 22, 1, 4, 7, 9, 16, 17, 26, 28, 36, 37]",1,1.0,0.5,0.6666666666666666,1.0,1,2,1,1
smd,group1_development,machine-1-8,8,8317,8320,robust_z,-1,"[14, 11, 8, 5, 13, 33, 6, 12, 15, 0, 32, 30, 21, 27, 20, 3, 23, 18, 25, 19, 2, 35, 34, 10, 31, 24, 29, 22, 1, 4, 7, 9, 16, 17, 26, 28, 36, 37]",3,0.6666666666666666,1.0,0.8,0.9197207891481876,1,2,3,2
smd,group1_development,machine-1-8,8,8317,8320,robust_z,-1,"[14, 11, 8, 5, 13, 33, 6, 12, 15, 0, 32, 30, 21, 27, 20, 3, 23, 18, 25, 19, 2, 35, 34, 10, 31, 24, 29, 22, 1, 4, 7, 9, 16, 17, 26, 28, 36, 37]",5,0.4,1.0,0.5714285714285715,0.9197207891481876,1,2,5,2
smd,group1_development,machine-1-8,8,8317,8320,pca_q,-1,"[14, 11, 8, 5, 13, 33, 6, 0, 15, 12, 32, 3, 10, 2, 19, 35, 34, 30, 21, 31, 27, 20, 18, 1, 29, 24, 22, 25, 23, 9, 4, 7, 16, 17, 26, 28, 36, 37]",1,1.0,0.5,0.6666666666666666,1.0,1,2,1,1
smd,group1_development,machine-1-8,8,8317,8320,pca_q,-1,"[14, 11, 8, 5, 13, 33, 6, 0, 15, 12, 32, 3, 10, 2, 19, 35, 34, 30, 21, 31, 27, 20, 18, 1, 29, 24, 22, 25, 23, 9, 4, 7, 16, 17, 26, 28, 36, 37]",3,0.6666666666666666,1.0,0.8,0.9197207891481876,1,2,3,2
smd,group1_development,machine-1-8,8,8317,8320,pca_q,-1,"[14, 11, 8, 5, 13, 33, 6, 0, 15, 12, 32, 3, 10, 2, 19, 35, 34, 30, 21, 31, 27, 20, 18, 1, 29, 24, 22, 25, 23, 9, 4, 7, 16, 17, 26, 28, 36, 37]",5,0.4,1.0,0.5714285714285715,0.9197207891481876,1,2,5,2
smd,group1_development,machine-1-8,8,8317,8320,baro_robust_scorer,-1,"[8, 14, 11, 13, 23, 15, 25, 18, 20, 3, 27, 29, 2, 5, 6, 22, 21, 30, 31, 10, 1, 19, 33, 34, 35]",1,1.0,0.5,0.6666666666666666,1.0,1,2,1,1
smd,group1_development,machine-1-8,8,8317,8320,baro_robust_scorer,-1,"[8, 14, 11, 13, 23, 15, 25, 18, 20, 3, 27, 29, 2, 5, 6, 22, 21, 30, 31, 10, 1, 19, 33, 34, 35]",3,0.6666666666666666,1.0,0.8,1.0,1,2,3,2
smd,group1_development,machine-1-8,8,8317,8320,baro_robust_scorer,-1,"[8, 14, 11, 13, 23, 15, 25, 18, 20, 3, 27, 29, 2, 5, 6, 22, 21, 30, 31, 10, 1, 19, 33, 34, 35]",5,0.4,1.0,0.5714285714285715,1.0,1,2,5,2
smd,group1_development,machine-1-8,9,8657,8660,robust_z,-1,"[9, 11, 14, 8, 12, 15, 10, 5, 13, 6, 33, 29, 24, 22, 32, 34, 35, 31, 19, 1, 21, 30, 18, 20, 27, 23, 2, 25, 3, 0, 4, 7, 16, 17, 26, 28, 36, 37]",1,1.0,0.25,0.4,1.0,1,4,1,1
smd,group1_development,machine-1-8,9,8657,8660,robust_z,-1,"[9, 11, 14, 8, 12, 15, 10, 5, 13, 6, 33, 29, 24, 22, 32, 34, 35, 31, 19, 1, 21, 30, 18, 20, 27, 23, 2, 25, 3, 0, 4, 7, 16, 17, 26, 28, 36, 37]",3,0.3333333333333333,0.25,0.28571428571428575,0.46927872602275644,1,4,3,1
smd,group1_development,machine-1-8,9,8657,8660,robust_z,-1,"[9, 11, 14, 8, 12, 15, 10, 5, 13, 6, 33, 29, 24, 22, 32, 34, 35, 31, 19, 1, 21, 30, 18, 20, 27, 23, 2, 25, 3, 0, 4, 7, 16, 17, 26, 28, 36, 37]",5,0.4,0.5,0.4444444444444445,0.5413996682199069,1,4,5,2
smd,group1_development,machine-1-8,9,8657,8660,pca_q,-1,"[11, 14, 8, 15, 10, 12, 5, 13, 6, 33, 0, 29, 24, 32, 21, 18, 30, 20, 27, 19, 1, 22, 2, 35, 34, 31, 23, 25, 3, 9, 4, 7, 16, 17, 26, 28, 36, 37]",1,0.0,0.0,0.0,0.0,0,4,1,0
smd,group1_development,machine-1-8,9,8657,8660,pca_q,-1,"[11, 14, 8, 15, 10, 12, 5, 13, 6, 33, 0, 29, 24, 32, 21, 18, 30, 20, 27, 19, 1, 22, 2, 35, 34, 31, 23, 25, 3, 9, 4, 7, 16, 17, 26, 28, 36, 37]",3,0.0,0.0,0.0,0.0,0,4,3,0
smd,group1_development,machine-1-8,9,8657,8660,pca_q,-1,"[11, 14, 8, 15, 10, 12, 5, 13, 6, 33, 0, 29, 24, 32, 21, 18, 30, 20, 27, 19, 1, 22, 2, 35, 34, 31, 23, 25, 3, 9, 4, 7, 16, 17, 26, 28, 36, 37]",5,0.4,0.5,0.4444444444444445,0.3191471544989227,1,4,5,2
smd,group1_development,machine-1-8,9,8657,8660,baro_robust_scorer,-1,"[8, 14, 2, 10, 15, 3, 1, 13, 29, 23, 25, 22, 24, 31, 32, 34, 35, 5, 6, 18, 19, 0, 20, 30, 27, 21]",1,0.0,0.0,0.0,0.0,0,4,1,0
smd,group1_development,machine-1-8,9,8657,8660,baro_robust_scorer,-1,"[8, 14, 2, 10, 15, 3, 1, 13, 29, 23, 25, 22, 24, 31, 32, 34, 35, 5, 6, 18, 19, 0, 20, 30, 27, 21]",3,0.0,0.0,0.0,0.0,0,4,3,0
smd,group1_development,machine-1-8,9,8657,8660,baro_robust_scorer,-1,"[8, 14, 2, 10, 15, 3, 1, 13, 29, 23, 25, 22, 24, 31, 32, 34, 35, 5, 6, 18, 19, 0, 20, 30, 27, 21]",5,0.4,0.5,0.4444444444444445,0.3191471544989227,1,4,5,2
smd,group1_development,machine-1-8,10,8912,8916,robust_z,-1,"[9, 14, 8, 11, 5, 13, 6, 12, 33, 3, 22, 24, 15, 29, 34, 10, 35, 2, 31, 19, 18, 21, 20, 30, 27, 1, 0, 25, 23, 4, 7, 16, 17, 26, 28, 32, 36, 37]",1,1.0,0.3333333333333333,0.5,1.0,1,3,1,1
smd,group1_development,machine-1-8,10,8912,8916,robust_z,-1,"[9, 14, 8, 11, 5, 13, 6, 12, 33, 3, 22, 24, 15, 29, 34, 10, 35, 2, 31, 19, 18, 21, 20, 30, 27, 1, 0, 25, 23, 4, 7, 16, 17, 26, 28, 32, 36, 37]",3,0.6666666666666666,0.6666666666666666,0.6666666666666666,0.7653606369886217,1,3,3,2
smd,group1_development,machine-1-8,10,8912,8916,robust_z,-1,"[9, 14, 8, 11, 5, 13, 6, 12, 33, 3, 22, 24, 15, 29, 34, 10, 35, 2, 31, 19, 18, 21, 20, 30, 27, 1, 0, 25, 23, 4, 7, 16, 17, 26, 28, 32, 36, 37]",5,0.4,0.6666666666666666,0.5,0.7653606369886217,1,3,5,2
smd,group1_development,machine-1-8,10,8912,8916,pca_q,-1,"[8, 14, 12, 5, 13, 6, 33, 11, 22, 18, 20, 27, 21, 30, 24, 29, 19, 0, 15, 34, 35, 31, 25, 23, 3, 10, 2, 32, 1, 9, 4, 7, 16, 17, 26, 28, 36, 37]",1,0.0,0.0,0.0,0.0,0,3,1,0
smd,group1_development,machine-1-8,10,8912,8916,pca_q,-1,"[8, 14, 12, 5, 13, 6, 33, 11, 22, 18, 20, 27, 21, 30, 24, 29, 19, 0, 15, 34, 35, 31, 25, 23, 3, 10, 2, 32, 1, 9, 4, 7, 16, 17, 26, 28, 36, 37]",3,0.3333333333333333,0.3333333333333333,0.3333333333333333,0.2960819109658652,1,3,3,1
smd,group1_development,machine-1-8,10,8912,8916,pca_q,-1,"[8, 14, 12, 5, 13, 6, 33, 11, 22, 18, 20, 27, 21, 30, 24, 29, 19, 0, 15, 34, 35, 31, 25, 23, 3, 10, 2, 32, 1, 9, 4, 7, 16, 17, 26, 28, 36, 37]",5,0.2,0.3333333333333333,0.25,0.2960819109658652,1,3,5,1
smd,group1_development,machine-1-8,10,8912,8916,baro_robust_scorer,-1,"[9, 13, 8, 11, 18, 20, 14, 27, 22, 25, 23, 15, 33, 21, 0, 30, 10, 29, 5, 6, 2, 31, 34, 35, 19, 1, 3]",1,1.0,0.3333333333333333,0.5,1.0,1,3,1,1
smd,group1_development,machine-1-8,10,8912,8916,baro_robust_scorer,-1,"[9, 13, 8, 11, 18, 20, 14, 27, 22, 25, 23, 15, 33, 21, 0, 30, 10, 29, 5, 6, 2, 31, 34, 35, 19, 1, 3]",3,0.3333333333333333,0.3333333333333333,0.3333333333333333,0.46927872602275644,1,3,3,1
smd,group1_development,machine-1-8,10,8912,8916,baro_robust_scorer,-1,"[9, 13, 8, 11, 18, 20, 14, 27, 22, 25, 23, 15, 33, 21, 0, 30, 10, 29, 5, 6, 2, 31, 34, 35, 19, 1, 3]",5,0.2,0.3333333333333333,0.25,0.46927872602275644,1,3,5,1
smd,group1_development,machine-1-8,11,9075,9078,robust_z,-1,"[14, 8, 15, 13, 5, 11, 12, 6, 10, 33, 1, 18, 2, 20, 27, 21, 30, 0, 22, 3, 19, 24, 29, 32, 23, 25, 34, 35, 31, 4, 7, 9, 16, 17, 26, 28, 36, 37]",1,0.0,0.0,0.0,0.0,0,2,1,0
smd,group1_development,machine-1-8,11,9075,9078,robust_z,-1,"[14, 8, 15, 13, 5, 11, 12, 6, 10, 33, 1, 18, 2, 20, 27, 21, 30, 0, 22, 3, 19, 24, 29, 32, 23, 25, 34, 35, 31, 4, 7, 9, 16, 17, 26, 28, 36, 37]",3,0.3333333333333333,0.5,0.4,0.38685280723454163,1,2,3,1
smd,group1_development,machine-1-8,11,9075,9078,robust_z,-1,"[14, 8, 15, 13, 5, 11, 12, 6, 10, 33, 1, 18, 2, 20, 27, 21, 30, 0, 22, 3, 19, 24, 29, 32, 23, 25, 34, 35, 31, 4, 7, 9, 16, 17, 26, 28, 36, 37]",5,0.4,1.0,0.5714285714285715,0.6509209298071326,1,2,5,2
smd,group1_development,machine-1-8,11,9075,9078,pca_q,-1,"[8, 14, 15, 13, 5, 12, 11, 6, 33, 10, 1, 18, 20, 27, 21, 30, 2, 19, 22, 32, 3, 23, 25, 29, 24, 0, 31, 34, 35, 9, 4, 7, 16, 17, 26, 28, 36, 37]",1,1.0,0.5,0.6666666666666666,1.0,1,2,1,1
smd,group1_development,machine-1-8,11,9075,9078,pca_q,-1,"[8, 14, 15, 13, 5, 12, 11, 6, 33, 10, 1, 18, 20, 27, 21, 30, 2, 19, 22, 32, 3, 23, 25, 29, 24, 0, 31, 34, 35, 9, 4, 7, 16, 17, 26, 28, 36, 37]",3,0.3333333333333333,0.5,0.4,0.6131471927654584,1,2,3,1
smd,group1_development,machine-1-8,11,9075,9078,pca_q,-1,"[8, 14, 15, 13, 5, 12, 11, 6, 33, 10, 1, 18, 20, 27, 21, 30, 2, 19, 22, 32, 3, 23, 25, 29, 24, 0, 31, 34, 35, 9, 4, 7, 16, 17, 26, 28, 36, 37]",5,0.4,1.0,0.5714285714285715,0.8772153153380493,1,2,5,2
smd,group1_development,machine-1-8,11,9075,9078,baro_robust_scorer,-1,"[13, 14, 1, 2, 11, 33, 3, 25, 15, 23, 29, 10, 0, 5, 32, 19, 21, 30, 20, 27, 18, 6, 22, 35, 34, 31]",1,1.0,0.5,0.6666666666666666,1.0,1,2,1,1
smd,group1_development,machine-1-8,11,9075,9078,baro_robust_scorer,-1,"[13, 14, 1, 2, 11, 33, 3, 25, 15, 23, 29, 10, 0, 5, 32, 19, 21, 30, 20, 27, 18, 6, 22, 35, 34, 31]",3,0.3333333333333333,0.5,0.4,0.6131471927654584,1,2,3,1
smd,group1_development,machine-1-8,11,9075,9078,baro_robust_scorer,-1,"[13, 14, 1, 2, 11, 33, 3, 25, 15, 23, 29, 10, 0, 5, 32, 19, 21, 30, 20, 27, 18, 6, 22, 35, 34, 31]",5,0.2,0.5,0.28571428571428575,0.6131471927654584,1,2,5,1
smd,group1_development,machine-1-8,12,12800,12816,robust_z,-1,"[9, 14, 0, 3, 8, 2, 5, 1, 6, 13, 15, 10, 22, 11, 12, 24, 29, 33, 34, 35, 32, 31, 19, 30, 21, 27, 20, 18, 25, 23, 4, 7, 16, 17, 26, 28, 36, 37]",1,0.0,0.0,0.0,0.0,0,2,1,0
smd,group1_development,machine-1-8,12,12800,12816,robust_z,-1,"[9, 14, 0, 3, 8, 2, 5, 1, 6, 13, 15, 10, 22, 11, 12, 24, 29, 33, 34, 35, 32, 31, 19, 30, 21, 27, 20, 18, 25, 23, 4, 7, 16, 17, 26, 28, 36, 37]",3,0.0,0.0,0.0,0.0,0,2,3,0
smd,group1_development,machine-1-8,12,12800,12816,robust_z,-1,"[9, 14, 0, 3, 8, 2, 5, 1, 6, 13, 15, 10, 22, 11, 12, 24, 29, 33, 34, 35, 32, 31, 19, 30, 21, 27, 20, 18, 25, 23, 4, 7, 16, 17, 26, 28, 36, 37]",5,0.2,0.5,0.28571428571428575,0.23719771276929622,1,2,5,1
smd,group1_development,machine-1-8,12,12800,12816,pca_q,-1,"[8, 14, 3, 0, 2, 5, 1, 6, 11, 10, 15, 13, 12, 33, 22, 24, 29, 32, 34, 19, 35, 31, 30, 21, 27, 20, 18, 25, 23, 9, 4, 7, 16, 17, 26, 28, 36, 37]",1,1.0,0.5,0.6666666666666666,1.0,1,2,1,1
smd,group1_development,machine-1-8,12,12800,12816,pca_q,-1,"[8, 14, 3, 0, 2, 5, 1, 6, 11, 10, 15, 13, 12, 33, 22, 24, 29, 32, 34, 19, 35, 31, 30, 21, 27, 20, 18, 25, 23, 9, 4, 7, 16, 17, 26, 28, 36, 37]",3,0.3333333333333333,0.5,0.4,0.6131471927654584,1,2,3,1
smd,group1_development,machine-1-8,12,12800,12816,pca_q,-1,"[8, 14, 3, 0, 2, 5, 1, 6, 11, 10, 15, 13, 12, 33, 22, 24, 29, 32, 34, 19, 35, 31, 30, 21, 27, 20, 18, 25, 23, 9, 4, 7, 16, 17, 26, 28, 36, 37]",5,0.2,0.5,0.28571428571428575,0.6131471927654584,1,2,5,1
smd,group1_development,machine-1-8,12,12800,12816,baro_robust_scorer,-1,"[13, 8, 11, 15, 10, 14, 1, 18, 20, 22, 27, 23, 0, 25, 21, 2, 30, 19, 33, 5, 6, 32, 29, 31, 35, 34, 3, 24]",1,1.0,0.5,0.6666666666666666,1.0,1,2,1,1
smd,group1_development,machine-1-8,12,12800,12816,baro_robust_scorer,-1,"[13, 8, 11, 15, 10, 14, 1, 18, 20, 22, 27, 23, 0, 25, 21, 2, 30, 19, 33, 5, 6, 32, 29, 31, 35, 34, 3, 24]",3,0.6666666666666666,1.0,0.8,1.0,1,2,3,2
smd,group1_development,machine-1-8,12,12800,12816,baro_robust_scorer,-1,"[13, 8, 11, 15, 10, 14, 1, 18, 20, 22, 27, 23, 0, 25, 21, 2, 30, 19, 33, 5, 6, 32, 29, 31, 35, 34, 3, 24]",5,0.4,1.0,0.5714285714285715,1.0,1,2,5,2
smd,group1_development,machine-1-8,13,15640,15756,robust_z,-1,"[14, 9, 22, 15, 10, 13, 24, 3, 29, 6, 33, 34, 35, 11, 31, 12, 32, 19, 2, 5, 30, 1, 21, 27, 20, 8, 18, 0, 25, 23, 4, 7, 16, 17, 26, 28, 36, 37]",1,0.0,0.0,0.0,0.0,0,9,1,0
smd,group1_development,machine-1-8,13,15640,15756,robust_z,-1,"[14, 9, 22, 15, 10, 13, 24, 3, 29, 6, 33, 34, 35, 11, 31, 12, 32, 19, 2, 5, 30, 1, 21, 27, 20, 8, 18, 0, 25, 23, 4, 7, 16, 17, 26, 28, 36, 37]",3,0.0,0.0,0.0,0.0,0,9,3,0
smd,group1_development,machine-1-8,13,15640,15756,robust_z,-1,"[14, 9, 22, 15, 10, 13, 24, 3, 29, 6, 33, 34, 35, 11, 31, 12, 32, 19, 2, 5, 30, 1, 21, 27, 20, 8, 18, 0, 25, 23, 4, 7, 16, 17, 26, 28, 36, 37]",5,0.4,0.2222222222222222,0.2857142857142857,0.27727342735504823,1,9,5,2
smd,group1_development,machine-1-8,13,15640,15756,pca_q,-1,"[15, 14, 10, 22, 3, 8, 11, 2, 13, 6, 24, 33, 0, 5, 1, 29, 34, 35, 19, 31, 32, 12, 30, 21, 27, 20, 18, 25, 23, 9, 4, 7, 16, 17, 26, 28, 36, 37]",1,1.0,0.1111111111111111,0.19999999999999998,1.0,1,9,1,1
smd,group1_development,machine-1-8,13,15640,15756,pca_q,-1,"[15, 14, 10, 22, 3, 8, 11, 2, 13, 6, 24, 33, 0, 5, 1, 29, 34, 35, 19, 31, 32, 12, 30, 21, 27, 20, 18, 25, 23, 9, 4, 7, 16, 17, 26, 28, 36, 37]",3,0.6666666666666666,0.2222222222222222,0.3333333333333333,0.7039180890341347,1,9,3,2
smd,group1_development,machine-1-8,13,15640,15756,pca_q,-1,"[15, 14, 10, 22, 3, 8, 11, 2, 13, 6, 24, 33, 0, 5, 1, 29, 34, 35, 19, 31, 32, 12, 30, 21, 27, 20, 18, 25, 23, 9, 4, 7, 16, 17, 26, 28, 36, 37]",5,0.6,0.3333333333333333,0.42857142857142855,0.639945385422766,1,9,5,3
smd,group1_development,machine-1-8,13,15640,15756,baro_robust_scorer,-1,"[13, 15, 8, 10, 11, 33, 14, 5, 6, 32, 22, 23, 25, 3, 1, 18, 2, 9, 0, 20, 19, 27, 24, 35, 34, 29, 21, 30, 31]",1,1.0,0.1111111111111111,0.19999999999999998,1.0,1,9,1,1
smd,group1_development,machine-1-8,13,15640,15756,baro_robust_scorer,-1,"[13, 15, 8, 10, 11, 33, 14, 5, 6, 32, 22, 23, 25, 3, 1, 18, 2, 9, 0, 20, 19, 27, 24, 35, 34, 29, 21, 30, 31]",3,0.6666666666666666,0.2222222222222222,0.3333333333333333,0.7653606369886217,1,9,3,2
smd,group1_development,machine-1-8,13,15640,15756,baro_robust_scorer,-1,"[13, 15, 8, 10, 11, 33, 14, 5, 6, 32, 22, 23, 25, 3, 1, 18, 2, 9, 0, 20, 19, 27, 24, 35, 34, 29, 21, 30, 31]",5,0.6,0.3333333333333333,0.42857142857142855,0.6992148198508501,1,9,5,3
smd,group1_development,machine-1-8,14,17117,17121,robust_z,-1,"[9, 15, 10, 14, 22, 5, 6, 11, 13, 24, 29, 34, 33, 35, 31, 12, 19, 32, 3, 2, 1, 30, 21, 27, 20, 8, 18, 23, 25, 0, 4, 7, 16, 17, 26, 28, 36, 37]",1,0.0,0.0,0.0,0.0,0,4,1,0
smd,group1_development,machine-1-8,14,17117,17121,robust_z,-1,"[9, 15, 10, 14, 22, 5, 6, 11, 13, 24, 29, 34, 33, 35, 31, 12, 19, 32, 3, 2, 1, 30, 21, 27, 20, 8, 18, 23, 25, 0, 4, 7, 16, 17, 26, 28, 36, 37]",3,0.6666666666666666,0.5,0.5714285714285715,0.5307212739772434,1,4,3,2
smd,group1_development,machine-1-8,14,17117,17121,robust_z,-1,"[9, 15, 10, 14, 22, 5, 6, 11, 13, 24, 29, 34, 33, 35, 31, 12, 19, 32, 3, 2, 1, 30, 21, 27, 20, 8, 18, 23, 25, 0, 4, 7, 16, 17, 26, 28, 36, 37]",5,0.4,0.5,0.4444444444444445,0.44149241373678083,1,4,5,2
smd,group1_development,machine-1-8,14,17117,17121,pca_q,-1,"[15, 10, 14, 22, 5, 6, 11, 13, 33, 24, 29, 34, 35, 31, 19, 32, 8, 12, 30, 21, 27, 20, 3, 18, 23, 25, 2, 0, 1, 9, 4, 7, 16, 17, 26, 28, 36, 37]",1,1.0,0.25,0.4,1.0,1,4,1,1
smd,group1_development,machine-1-8,14,17117,17121,pca_q,-1,"[15, 10, 14, 22, 5, 6, 11, 13, 33, 24, 29, 34, 35, 31, 19, 32, 8, 12, 30, 21, 27, 20, 3, 18, 23, 25, 2, 0, 1, 9, 4, 7, 16, 17, 26, 28, 36, 37]",3,0.6666666666666666,0.5,0.5714285714285715,0.7653606369886217,1,4,3,2
smd,group1_development,machine-1-8,14,17117,17121,pca_q,-1,"[15, 10, 14, 22, 5, 6, 11, 13, 33, 24, 29, 34, 35, 31, 19, 32, 8, 12, 30, 21, 27, 20, 3, 18, 23, 25, 2, 0, 1, 9, 4, 7, 16, 17, 26, 28, 36, 37]",5,0.6,0.75,0.6666666666666665,0.787702056960637,1,4,5,3
smd,group1_development,machine-1-8,14,17117,17121,baro_robust_scorer,-1,"[5, 6, 15, 10, 22, 18, 20, 27, 21, 30, 23, 25, 13, 34, 24, 8, 35, 14, 11, 0, 19, 1, 2, 31, 33, 3, 32, 29]",1,1.0,0.25,0.4,1.0,1,4,1,1
smd,group1_development,machine-1-8,14,17117,17121,baro_robust_scorer,-1,"[5, 6, 15, 10, 22, 18, 20, 27, 21, 30, 23, 25, 13, 34, 24, 8, 35, 14, 11, 0, 19, 1, 2, 31, 33, 3, 32, 29]",3,1.0,0.75,0.8571428571428571,1.0,1,4,3,3
smd,group1_development,machine-1-8,14,17117,17121,baro_robust_scorer,-1,"[5, 6, 15, 10, 22, 18, 20, 27, 21, 30, 23, 25, 13, 34, 24, 8, 35, 14, 11, 0, 19, 1, 2, 31, 33, 3, 32, 29]",5,0.8,1.0,0.888888888888889,1.0,1,4,5,4
smd,group1_development,machine-1-8,15,17168,17172,robust_z,-1,"[14, 22, 11, 8, 13, 12, 10, 24, 34, 35, 33, 29, 31, 32, 19, 5, 15, 1, 6, 30, 21, 27, 20, 18, 2, 25, 23, 3, 0, 4, 7, 9, 16, 17, 26, 28, 36, 37]",1,1.0,0.5,0.6666666666666666,1.0,1,2,1,1
smd,group1_development,machine-1-8,15,17168,17172,robust_z,-1,"[14, 22, 11, 8, 13, 12, 10, 24, 34, 35, 33, 29, 31, 32, 19, 5, 15, 1, 6, 30, 21, 27, 20, 18, 2, 25, 23, 3, 0, 4, 7, 9, 16, 17, 26, 28, 36, 37]",3,0.3333333333333333,0.5,0.4,0.6131471927654584,1,2,3,1
smd,group1_development,machine-1-8,15,17168,17172,robust_z,-1,"[14, 22, 11, 8, 13, 12, 10, 24, 34, 35, 33, 29, 31, 32, 19, 5, 15, 1, 6, 30, 21, 27, 20, 18, 2, 25, 23, 3, 0, 4, 7, 9, 16, 17, 26, 28, 36, 37]",5,0.4,1.0,0.5714285714285715,0.8503449055347546,1,2,5,2
smd,group1_development,machine-1-8,15,17168,17172,pca_q,-1,"[14, 11, 8, 22, 13, 10, 12, 33, 24, 34, 32, 35, 29, 19, 31, 5, 30, 21, 0, 27, 20, 6, 18, 1, 15, 25, 23, 2, 3, 9, 4, 7, 16, 17, 26, 28, 36, 37]",1,1.0,0.5,0.6666666666666666,1.0,1,2,1,1
smd,group1_development,machine-1-8,15,17168,17172,pca_q,-1,"[14, 11, 8, 22, 13, 10, 12, 33, 24, 34, 32, 35, 29, 19, 31, 5, 30, 21, 0, 27, 20, 6, 18, 1, 15, 25, 23, 2, 3, 9, 4, 7, 16, 17, 26, 28, 36, 37]",3,0.3333333333333333,0.5,0.4,0.6131471927654584,1,2,3,1
smd,group1_development,machine-1-8,15,17168,17172,pca_q,-1,"[14, 11, 8, 22, 13, 10, 12, 33, 24, 34, 32, 35, 29, 19, 31, 5, 30, 21, 0, 27, 20, 6, 18, 1, 15, 25, 23, 2, 3, 9, 4, 7, 16, 17, 26, 28, 36, 37]",5,0.4,1.0,0.5714285714285715,0.8503449055347546,1,2,5,2
smd,group1_development,machine-1-8,15,17168,17172,baro_robust_scorer,-1,"[13, 8, 11, 14, 10, 5, 6, 2, 3, 34, 35, 31, 1, 30, 21, 15, 27, 18, 20, 29, 32, 33, 25, 19, 23, 22, 0]",1,1.0,0.5,0.6666666666666666,1.0,1,2,1,1
smd,group1_development,machine-1-8,15,17168,17172,baro_robust_scorer,-1,"[13, 8, 11, 14, 10, 5, 6, 2, 3, 34, 35, 31, 1, 30, 21, 15, 27, 18, 20, 29, 32, 33, 25, 19, 23, 22, 0]",3,0.3333333333333333,0.5,0.4,0.6131471927654584,1,2,3,1
smd,group1_development,machine-1-8,15,17168,17172,baro_robust_scorer,-1,"[13, 8, 11, 14, 10, 5, 6, 2, 3, 34, 35, 31, 1, 30, 21, 15, 27, 18, 20, 29, 32, 33, 25, 19, 23, 22, 0]",5,0.4,1.0,0.5714285714285715,0.8772153153380493,1,2,5,2
smd,group1_development,machine-1-8,16,18600,18683,robust_z,-1,"[22, 9, 14, 0, 15, 2, 3, 1, 10, 5, 6, 19, 24, 21, 30, 25, 18, 27, 20, 13, 23, 29, 33, 12, 11, 34, 35, 31, 32, 8, 4, 7, 16, 17, 26, 28, 36, 37]",1,1.0,0.05,0.09523809523809523,1.0,1,20,1,1
smd,group1_development,machine-1-8,16,18600,18683,robust_z,-1,"[22, 9, 14, 0, 15, 2, 3, 1, 10, 5, 6, 19, 24, 21, 30, 25, 18, 27, 20, 13, 23, 29, 33, 12, 11, 34, 35, 31, 32, 8, 4, 7, 16, 17, 26, 28, 36, 37]",3,0.3333333333333333,0.05,0.08695652173913045,0.46927872602275644,1,20,3,1
smd,group1_development,machine-1-8,16,18600,18683,robust_z,-1,"[22, 9, 14, 0, 15, 2, 3, 1, 10, 5, 6, 19, 24, 21, 30, 25, 18, 27, 20, 13, 23, 29, 33, 12, 11, 34, 35, 31, 32, 8, 4, 7, 16, 17, 26, 28, 36, 37]",5,0.6,0.15,0.24,0.6164336326286644,1,20,5,3
smd,group1_development,machine-1-8,16,18600,18683,pca_q,-1,"[22, 15, 10, 14, 0, 2, 3, 1, 5, 19, 6, 25, 24, 21, 30, 23, 18, 27, 20, 11, 29, 13, 33, 8, 12, 34, 35, 31, 32, 9, 4, 7, 16, 17, 26, 28, 36, 37]",1,1.0,0.05,0.09523809523809523,1.0,1,20,1,1
smd,group1_development,machine-1-8,16,18600,18683,pca_q,-1,"[22, 15, 10, 14, 0, 2, 3, 1, 5, 19, 6, 25, 24, 21, 30, 23, 18, 27, 20, 11, 29, 13, 33, 8, 12, 34, 35, 31, 32, 9, 4, 7, 16, 17, 26, 28, 36, 37]",3,1.0,0.15,0.2608695652173913,1.0,1,20,3,3
smd,group1_development,machine-1-8,16,18600,18683,pca_q,-1,"[22, 15, 10, 14, 0, 2, 3, 1, 5, 19, 6, 25, 24, 21, 30, 23, 18, 27, 20, 11, 29, 13, 33, 8, 12, 34, 35, 31, 32, 9, 4, 7, 16, 17, 26, 28, 36, 37]",5,0.8,0.2,0.32000000000000006,0.8539316501572937,1,20,5,4
smd,group1_development,machine-1-8,16,18600,18683,baro_robust_scorer,-1,"[15, 10, 22, 0, 19, 25, 1, 2, 23, 3, 21, 30, 11, 18, 6, 20, 27, 5, 29, 8, 14, 24, 13, 33, 32, 9, 31, 35, 34]",1,1.0,0.05,0.09523809523809523,1.0,1,20,1,1
smd,group1_development,machine-1-8,16,18600,18683,baro_robust_scorer,-1,"[15, 10, 22, 0, 19, 25, 1, 2, 23, 3, 21, 30, 11, 18, 6, 20, 27, 5, 29, 8, 14, 24, 13, 33, 32, 9, 31, 35, 34]",3,1.0,0.15,0.2608695652173913,1.0,1,20,3,3
smd,group1_development,machine-1-8,16,18600,18683,baro_robust_scorer,-1,"[15, 10, 22, 0, 19, 25, 1, 2, 23, 3, 21, 30, 11, 18, 6, 20, 27, 5, 29, 8, 14, 24, 13, 33, 32, 9, 31, 35, 34]",5,1.0,0.25,0.4,1.0,1,20,5,5
smd,group1_development,machine-1-8,17,19579,19583,robust_z,-1,"[11, 14, 8, 6, 13, 0, 33, 18, 27, 20, 21, 30, 3, 19, 2, 15, 5, 12, 23, 25, 10, 1, 31, 34, 35, 32, 24, 29, 22, 4, 7, 9, 16, 17, 26, 28, 36, 37]",1,0.0,0.0,0.0,0.0,0,21,1,0
smd,group1_development,machine-1-8,17,19579,19583,robust_z,-1,"[11, 14, 8, 6, 13, 0, 33, 18, 27, 20, 21, 30, 3, 19, 2, 15, 5, 12, 23, 25, 10, 1, 31, 34, 35, 32, 24, 29, 22, 4, 7, 9, 16, 17, 26, 28, 36, 37]",3,0.0,0.0,0.0,0.0,0,21,3,0
smd,group1_development,machine-1-8,17,19579,19583,robust_z,-1,"[11, 14, 8, 6, 13, 0, 33, 18, 27, 20, 21, 30, 3, 19, 2, 15, 5, 12, 23, 25, 10, 1, 31, 34, 35, 32, 24, 29, 22, 4, 7, 9, 16, 17, 26, 28, 36, 37]",5,0.2,0.047619047619047616,0.07692307692307693,0.14606834984270645,1,21,5,1
smd,group1_development,machine-1-8,17,19579,19583,pca_q,-1,"[14, 11, 8, 6, 0, 13, 33, 3, 2, 18, 20, 27, 21, 30, 19, 1, 5, 12, 31, 34, 35, 32, 24, 29, 25, 23, 15, 22, 10, 9, 4, 7, 16, 17, 26, 28, 36, 37]",1,0.0,0.0,0.0,0.0,0,21,1,0
smd,group1_development,machine-1-8,17,19579,19583,pca_q,-1,"[14, 11, 8, 6, 0, 13, 33, 3, 2, 18, 20, 27, 21, 30, 19, 1, 5, 12, 31, 34, 35, 32, 24, 29, 25, 23, 15, 22, 10, 9, 4, 7, 16, 17, 26, 28, 36, 37]",3,0.0,0.0,0.0,0.0,0,21,3,0
smd,group1_development,machine-1-8,17,19579,19583,pca_q,-1,"[14, 11, 8, 6, 0, 13, 33, 3, 2, 18, 20, 27, 21, 30, 19, 1, 5, 12, 31, 34, 35, 32, 24, 29, 25, 23, 15, 22, 10, 9, 4, 7, 16, 17, 26, 28, 36, 37]",5,0.4,0.09523809523809523,0.15384615384615385,0.27727342735504823,1,21,5,2
smd,group1_development,machine-1-8,17,19579,19583,baro_robust_scorer,-1,"[8, 14, 11, 1, 3, 6, 5, 2, 19, 22, 23, 25, 32, 31, 34, 35, 33, 15, 13, 24, 18, 20, 27, 21, 30, 10]",1,0.0,0.0,0.0,0.0,0,21,1,0
smd,group1_development,machine-1-8,17,19579,19583,baro_robust_scorer,-1,"[8, 14, 11, 1, 3, 6, 5, 2, 19, 22, 23, 25, 32, 31, 34, 35, 33, 15, 13, 24, 18, 20, 27, 21, 30, 10]",3,0.0,0.0,0.0,0.0,0,21,3,0
smd,group1_development,machine-1-8,17,19579,19583,baro_robust_scorer,-1,"[8, 14, 11, 1, 3, 6, 5, 2, 19, 22, 23, 25, 32, 31, 34, 35, 33, 15, 13, 24, 18, 20, 27, 21, 30, 10]",5,0.4,0.09523809523809523,0.15384615384615385,0.27727342735504823,1,21,5,2
smd,group1_development,machine-1-8,18,18890,18946,robust_z,-1,"[22, 9, 15, 19, 10, 14, 0, 30, 21, 2, 24, 1, 3, 27, 20, 18, 31, 34, 35, 6, 13, 33, 25, 12, 29, 5, 11, 23, 8, 32, 4, 7, 16, 17, 26, 28, 36, 37]",1,0.0,0.0,0.0,0.0,0,2,1,0
smd,group1_development,machine-1-8,18,18890,18946,robust_z,-1,"[22, 9, 15, 19, 10, 14, 0, 30, 21, 2, 24, 1, 3, 27, 20, 18, 31, 34, 35, 6, 13, 33, 25, 12, 29, 5, 11, 23, 8, 32, 4, 7, 16, 17, 26, 28, 36, 37]",3,0.0,0.0,0.0,0.0,0,2,3,0
smd,group1_development,machine-1-8,18,18890,18946,robust_z,-1,"[22, 9, 15, 19, 10, 14, 0, 30, 21, 2, 24, 1, 3, 27, 20, 18, 31, 34, 35, 6, 13, 33, 25, 12, 29, 5, 11, 23, 8, 32, 4, 7, 16, 17, 26, 28, 36, 37]",5,0.0,0.0,0.0,0.0,0,2,5,0
smd,group1_development,machine-1-8,18,18890,18946,pca_q,-1,"[22, 19, 15, 10, 30, 21, 0, 2, 1, 24, 14, 3, 27, 20, 18, 31, 6, 35, 34, 13, 33, 11, 25, 8, 5, 29, 23, 12, 32, 9, 4, 7, 16, 17, 26, 28, 36, 37]",1,0.0,0.0,0.0,0.0,0,2,1,0
smd,group1_development,machine-1-8,18,18890,18946,pca_q,-1,"[22, 19, 15, 10, 30, 21, 0, 2, 1, 24, 14, 3, 27, 20, 18, 31, 6, 35, 34, 13, 33, 11, 25, 8, 5, 29, 23, 12, 32, 9, 4, 7, 16, 17, 26, 28, 36, 37]",3,0.0,0.0,0.0,0.0,0,2,3,0
smd,group1_development,machine-1-8,18,18890,18946,pca_q,-1,"[22, 19, 15, 10, 30, 21, 0, 2, 1, 24, 14, 3, 27, 20, 18, 31, 6, 35, 34, 13, 33, 11, 25, 8, 5, 29, 23, 12, 32, 9, 4, 7, 16, 17, 26, 28, 36, 37]",5,0.0,0.0,0.0,0.0,0,2,5,0
smd,group1_development,machine-1-8,18,18890,18946,baro_robust_scorer,-1,"[22, 24, 35, 31, 34, 2, 0, 3, 18, 25, 20, 27, 1, 23, 21, 30, 10, 19, 15, 13, 11, 14, 5, 6, 8, 29, 33, 32, 9]",1,0.0,0.0,0.0,0.0,0,2,1,0
smd,group1_development,machine-1-8,18,18890,18946,baro_robust_scorer,-1,"[22, 24, 35, 31, 34, 2, 0, 3, 18, 25, 20, 27, 1, 23, 21, 30, 10, 19, 15, 13, 11, 14, 5, 6, 8, 29, 33, 32, 9]",3,0.0,0.0,0.0,0.0,0,2,3,0
smd,group1_development,machine-1-8,18,18890,18946,baro_robust_scorer,-1,"[22, 24, 35, 31, 34, 2, 0, 3, 18, 25, 20, 27, 1, 23, 21, 30, 10, 19, 15, 13, 11, 14, 5, 6, 8, 29, 33, 32, 9]",5,0.0,0.0,0.0,0.0,0,2,5,0
smd,group1_development,machine-1-8,19,22899,22902,robust_z,-1,"[8, 14, 22, 15, 13, 12, 11, 0, 3, 2, 1, 24, 32, 34, 35, 29, 31, 33, 6, 10, 19, 25, 23, 30, 21, 27, 20, 18, 5, 4, 7, 9, 16, 17, 26, 28, 36, 37]",1,1.0,0.5,0.6666666666666666,1.0,1,2,1,1
smd,group1_development,machine-1-8,19,22899,22902,robust_z,-1,"[8, 14, 22, 15, 13, 12, 11, 0, 3, 2, 1, 24, 32, 34, 35, 29, 31, 33, 6, 10, 19, 25, 23, 30, 21, 27, 20, 18, 5, 4, 7, 9, 16, 17, 26, 28, 36, 37]",3,0.3333333333333333,0.5,0.4,0.6131471927654584,1,2,3,1
smd,group1_development,machine-1-8,19,22899,22902,robust_z,-1,"[8, 14, 22, 15, 13, 12, 11, 0, 3, 2, 1, 24, 32, 34, 35, 29, 31, 33, 6, 10, 19, 25, 23, 30, 21, 27, 20, 18, 5, 4, 7, 9, 16, 17, 26, 28, 36, 37]",5,0.4,1.0,0.5714285714285715,0.8503449055347546,1,2,5,2
smd,group1_development,machine-1-8,19,22899,22902,pca_q,-1,"[8, 14, 15, 22, 12, 13, 3, 11, 2, 1, 33, 24, 0, 32, 6, 29, 34, 35, 31, 19, 25, 23, 10, 30, 21, 27, 20, 18, 5, 9, 4, 7, 16, 17, 26, 28, 36, 37]",1,1.0,0.5,0.6666666666666666,1.0,1,2,1,1
smd,group1_development,machine-1-8,19,22899,22902,pca_q,-1,"[8, 14, 15, 22, 12, 13, 3, 11, 2, 1, 33, 24, 0, 32, 6, 29, 34, 35, 31, 19, 25, 23, 10, 30, 21, 27, 20, 18, 5, 9, 4, 7, 16, 17, 26, 28, 36, 37]",3,0.3333333333333333,0.5,0.4,0.6131471927654584,1,2,3,1
smd,group1_development,machine-1-8,19,22899,22902,pca_q,-1,"[8, 14, 15, 22, 12, 13, 3, 11, 2, 1, 33, 24, 0, 32, 6, 29, 34, 35, 31, 19, 25, 23, 10, 30, 21, 27, 20, 18, 5, 9, 4, 7, 16, 17, 26, 28, 36, 37]",5,0.2,0.5,0.28571428571428575,0.6131471927654584,1,2,5,1
smd,group1_development,machine-1-8,19,22899,22902,baro_robust_scorer,-1,"[8, 13, 10, 15, 11, 33, 14, 25, 24, 23, 22, 19, 1, 31, 32, 34, 35, 30, 21, 2, 27, 20, 18, 3, 5, 6]",1,1.0,0.5,0.6666666666666666,1.0,1,2,1,1
smd,group1_development,machine-1-8,19,22899,22902,baro_robust_scorer,-1,"[8, 13, 10, 15, 11, 33, 14, 25, 24, 23, 22, 19, 1, 31, 32, 34, 35, 30, 21, 2, 27, 20, 18, 3, 5, 6]",3,0.6666666666666666,1.0,0.8,1.0,1,2,3,2
smd,group1_development,machine-1-8,19,22899,22902,baro_robust_scorer,-1,"[8, 13, 10, 15, 11, 33, 14, 25, 24, 23, 22, 19, 1, 31, 32, 34, 35, 30, 21, 2, 27, 20, 18, 3, 5, 6]",5,0.4,1.0,0.5714285714285715,1.0,1,2,5,2
smd,group23_evaluation,machine-2-1,0,6506,6528,robust_z,-1,"[12, 9, 10, 8, 14, 15, 31, 13, 6, 22, 35, 4, 34, 24, 3, 2, 27, 0, 11, 1, 33, 19, 30, 21, 23, 20, 25, 18, 5, 7, 16, 17, 26, 28, 29, 32, 36, 37]",1,0.0,0.0,0.0,0.0,0,5,1,0
smd,group23_evaluation,machine-2-1,0,6506,6528,robust_z,-1,"[12, 9, 10, 8, 14, 15, 31, 13, 6, 22, 35, 4, 34, 24, 3, 2, 27, 0, 11, 1, 33, 19, 30, 21, 23, 20, 25, 18, 5, 7, 16, 17, 26, 28, 29, 32, 36, 37]",3,0.0,0.0,0.0,0.0,0,5,3,0
smd,group23_evaluation,machine-2-1,0,6506,6528,robust_z,-1,"[12, 9, 10, 8, 14, 15, 31, 13, 6, 22, 35, 4, 34, 24, 3, 2, 27, 0, 11, 1, 33, 19, 30, 21, 23, 20, 25, 18, 5, 7, 16, 17, 26, 28, 29, 32, 36, 37]",5,0.0,0.0,0.0,0.0,0,5,5,0
smd,group23_evaluation,machine-2-1,0,6506,6528,pca_q,-1,"[12, 9, 10, 16, 8, 14, 17, 15, 13, 31, 6, 22, 35, 34, 24, 11, 3, 27, 0, 1, 2, 19, 23, 33, 21, 25, 30, 20, 18, 29, 4, 5, 32, 7, 26, 28, 36, 37]",1,0.0,0.0,0.0,0.0,0,5,1,0
smd,group23_evaluation,machine-2-1,0,6506,6528,pca_q,-1,"[12, 9, 10, 16, 8, 14, 17, 15, 13, 31, 6, 22, 35, 34, 24, 11, 3, 27, 0, 1, 2, 19, 23, 33, 21, 25, 30, 20, 18, 29, 4, 5, 32, 7, 26, 28, 36, 37]",3,0.0,0.0,0.0,0.0,0,5,3,0
smd,group23_evaluation,machine-2-1,0,6506,6528,pca_q,-1,"[12, 9, 10, 16, 8, 14, 17, 15, 13, 31, 6, 22, 35, 34, 24, 11, 3, 27, 0, 1, 2, 19, 23, 33, 21, 25, 30, 20, 18, 29, 4, 5, 32, 7, 26, 28, 36, 37]",5,0.0,0.0,0.0,0.0,0,5,5,0
smd,group23_evaluation,machine-2-1,0,6506,6528,baro_robust_scorer,-1,"[8, 14, 23, 25, 3, 2, 1, 11, 13, 15, 6, 20, 21, 0, 5, 19, 30, 24, 31, 35, 34, 18, 33, 27, 22, 12, 9, 10]",1,0.0,0.0,0.0,0.0,0,5,1,0
smd,group23_evaluation,machine-2-1,0,6506,6528,baro_robust_scorer,-1,"[8, 14, 23, 25, 3, 2, 1, 11, 13, 15, 6, 20, 21, 0, 5, 19, 30, 24, 31, 35, 34, 18, 33, 27, 22, 12, 9, 10]",3,0.0,0.0,0.0,0.0,0,5,3,0
smd,group23_evaluation,machine-2-1,0,6506,6528,baro_robust_scorer,-1,"[8, 14, 23, 25, 3, 2, 1, 11, 13, 15, 6, 20, 21, 0, 5, 19, 30, 24, 31, 35, 34, 18, 33, 27, 22, 12, 9, 10]",5,0.0,0.0,0.0,0.0,0,5,5,0
smd,group23_evaluation,machine-2-1,1,7907,7961,robust_z,-1,"[9, 12, 10, 29, 8, 14, 15, 13, 31, 6, 35, 22, 34, 24, 4, 2, 3, 27, 1, 30, 0, 33, 11, 23, 21, 19, 25, 20, 5, 18, 7, 16, 17, 26, 28, 32, 36, 37]",1,1.0,0.2,0.33333333333333337,1.0,1,5,1,1
smd,group23_evaluation,machine-2-1,1,7907,7961,robust_z,-1,"[9, 12, 10, 29, 8, 14, 15, 13, 31, 6, 35, 22, 34, 24, 4, 2, 3, 27, 1, 30, 0, 33, 11, 23, 21, 19, 25, 20, 5, 18, 7, 16, 17, 26, 28, 32, 36, 37]",3,1.0,0.6,0.7499999999999999,1.0,1,5,3,3
smd,group23_evaluation,machine-2-1,1,7907,7961,robust_z,-1,"[9, 12, 10, 29, 8, 14, 15, 13, 31, 6, 35, 22, 34, 24, 4, 2, 3, 27, 1, 30, 0, 33, 11, 23, 21, 19, 25, 20, 5, 18, 7, 16, 17, 26, 28, 32, 36, 37]",5,0.8,0.8,0.8000000000000002,0.8539316501572937,1,5,5,4
smd,group23_evaluation,machine-2-1,1,7907,7961,pca_q,-1,"[12, 9, 10, 16, 8, 17, 14, 15, 13, 31, 11, 22, 35, 34, 24, 6, 27, 2, 1, 3, 30, 0, 23, 25, 21, 19, 20, 33, 5, 18, 4, 29, 32, 7, 26, 28, 36, 37]",1,1.0,0.2,0.33333333333333337,1.0,1,5,1,1
smd,group23_evaluation,machine-2-1,1,7907,7961,pca_q,-1,"[12, 9, 10, 16, 8, 17, 14, 15, 13, 31, 11, 22, 35, 34, 24, 6, 27, 2, 1, 3, 30, 0, 23, 25, 21, 19, 20, 33, 5, 18, 4, 29, 32, 7, 26, 28, 36, 37]",3,1.0,0.6,0.7499999999999999,1.0,1,5,3,3
smd,group23_evaluation,machine-2-1,1,7907,7961,pca_q,-1,"[12, 9, 10, 16, 8, 17, 14, 15, 13, 31, 11, 22, 35, 34, 24, 6, 27, 2, 1, 3, 30, 0, 23, 25, 21, 19, 20, 33, 5, 18, 4, 29, 32, 7, 26, 28, 36, 37]",5,0.8,0.8,0.8000000000000002,0.8539316501572937,1,5,5,4
smd,group23_evaluation,machine-2-1,1,7907,7961,baro_robust_scorer,-1,"[8, 14, 31, 35, 24, 34, 11, 22, 30, 33, 23, 21, 25, 27, 20, 19, 15, 13, 0, 1, 6, 18, 5, 9, 12, 10, 29, 4, 2, 3]",1,1.0,0.2,0.33333333333333337,1.0,1,5,1,1
smd,group23_evaluation,machine-2-1,1,7907,7961,baro_robust_scorer,-1,"[8, 14, 31, 35, 24, 34, 11, 22, 30, 33, 23, 21, 25, 27, 20, 19, 15, 13, 0, 1, 6, 18, 5, 9, 12, 10, 29, 4, 2, 3]",3,0.6666666666666666,0.4,0.5,0.7039180890341347,1,5,3,2
smd,group23_evaluation,machine-2-1,1,7907,7961,baro_robust_scorer,-1,"[8, 14, 31, 35, 24, 34, 11, 22, 30, 33, 23, 21, 25, 27, 20, 19, 15, 13, 0, 1, 6, 18, 5, 9, 12, 10, 29, 4, 2, 3]",5,0.4,0.4,0.4000000000000001,0.5087403079104241,1,5,5,2
smd,group23_evaluation,machine-2-1,2,9340,9386,robust_z,-1,"[9, 32, 10, 12, 8, 14, 33, 15, 13, 31, 22, 24, 34, 35, 27, 3, 6, 2, 30, 0, 1, 23, 11, 5, 21, 25, 19, 20, 4, 18, 7, 16, 17, 26, 28, 29, 36, 37]",1,1.0,0.14285714285714285,0.25,1.0,1,7,1,1
smd,group23_evaluation,machine-2-1,2,9340,9386,robust_z,-1,"[9, 32, 10, 12, 8, 14, 33, 15, 13, 31, 22, 24, 34, 35, 27, 3, 6, 2, 30, 0, 1, 23, 11, 5, 21, 25, 19, 20, 4, 18, 7, 16, 17, 26, 28, 29, 36, 37]",3,1.0,0.42857142857142855,0.6,1.0,1,7,3,3
smd,group23_evaluation,machine-2-1,2,9340,9386,robust_z,-1,"[9, 32, 10, 12, 8, 14, 33, 15, 13, 31, 22, 24, 34, 35, 27, 3, 6, 2, 30, 0, 1, 23, 11, 5, 21, 25, 19, 20, 4, 18, 7, 16, 17, 26, 28, 29, 36, 37]",5,1.0,0.7142857142857143,0.8333333333333333,1.0,1,7,5,5
smd,group23_evaluation,machine-2-1,2,9340,9386,pca_q,-1,"[10, 9, 12, 16, 8, 17, 14, 33, 15, 13, 31, 22, 35, 34, 24, 11, 27, 30, 6, 23, 25, 32, 0, 2, 3, 21, 19, 1, 20, 5, 18, 29, 4, 7, 26, 28, 36, 37]",1,1.0,0.14285714285714285,0.25,1.0,1,7,1,1
smd,group23_evaluation,machine-2-1,2,9340,9386,pca_q,-1,"[10, 9, 12, 16, 8, 17, 14, 33, 15, 13, 31, 22, 35, 34, 24, 11, 27, 30, 6, 23, 25, 32, 0, 2, 3, 21, 19, 1, 20, 5, 18, 29, 4, 7, 26, 28, 36, 37]",3,1.0,0.42857142857142855,0.6,1.0,1,7,3,3
smd,group23_evaluation,machine-2-1,2,9340,9386,pca_q,-1,"[10, 9, 12, 16, 8, 17, 14, 33, 15, 13, 31, 22, 35, 34, 24, 11, 27, 30, 6, 23, 25, 32, 0, 2, 3, 21, 19, 1, 20, 5, 18, 29, 4, 7, 26, 28, 36, 37]",5,0.8,0.5714285714285714,0.6666666666666666,0.8539316501572937,1,7,5,4
smd,group23_evaluation,machine-2-1,2,9340,9386,baro_robust_scorer,-1,"[9, 8, 33, 14, 31, 35, 23, 34, 11, 22, 24, 13, 25, 15, 30, 1, 20, 6, 5, 18, 27, 21, 19, 0, 4, 2, 10, 12, 3]",1,1.0,0.14285714285714285,0.25,1.0,1,7,1,1
smd,group23_evaluation,machine-2-1,2,9340,9386,baro_robust_scorer,-1,"[9, 8, 33, 14, 31, 35, 23, 34, 11, 22, 24, 13, 25, 15, 30, 1, 20, 6, 5, 18, 27, 21, 19, 0, 4, 2, 10, 12, 3]",3,1.0,0.42857142857142855,0.6,1.0,1,7,3,3
smd,group23_evaluation,machine-2-1,2,9340,9386,baro_robust_scorer,-1,"[9, 8, 33, 14, 31, 35, 23, 34, 11, 22, 24, 13, 25, 15, 30, 1, 20, 6, 5, 18, 27, 21, 19, 0, 4, 2, 10, 12, 3]",5,0.8,0.5714285714285714,0.6666666666666666,0.8539316501572937,1,7,5,4
smd,group23_evaluation,machine-2-1,3,9779,9805,robust_z,-1,"[32, 29, 8, 14, 33, 11, 9, 6, 15, 23, 13, 25, 4, 5, 24, 0, 1, 34, 35, 27, 22, 30, 19, 31, 21, 18, 20, 2, 3, 7, 10, 12, 16, 17, 26, 28, 36, 37]",1,1.0,0.3333333333333333,0.5,1.0,1,3,1,1
smd,group23_evaluation,machine-2-1,3,9779,9805,robust_z,-1,"[32, 29, 8, 14, 33, 11, 9, 6, 15, 23, 13, 25, 4, 5, 24, 0, 1, 34, 35, 27, 22, 30, 19, 31, 21, 18, 20, 2, 3, 7, 10, 12, 16, 17, 26, 28, 36, 37]",3,0.3333333333333333,0.3333333333333333,0.3333333333333333,0.46927872602275644,1,3,3,1
smd,group23_evaluation,machine-2-1,3,9779,9805,robust_z,-1,"[32, 29, 8, 14, 33, 11, 9, 6, 15, 23, 13, 25, 4, 5, 24, 0, 1, 34, 35, 27, 22, 30, 19, 31, 21, 18, 20, 2, 3, 7, 10, 12, 16, 17, 26, 28, 36, 37]",5,0.4,0.6666666666666666,0.5,0.6508205185601091,1,3,5,2
smd,group23_evaluation,machine-2-1,3,9779,9805,pca_q,-1,"[16, 12, 10, 9, 14, 8, 33, 17, 11, 15, 25, 23, 6, 13, 19, 21, 18, 20, 27, 30, 34, 4, 35, 24, 31, 0, 1, 5, 22, 2, 3, 29, 32, 7, 26, 28, 36, 37]",1,0.0,0.0,0.0,0.0,0,3,1,0
smd,group23_evaluation,machine-2-1,3,9779,9805,pca_q,-1,"[16, 12, 10, 9, 14, 8, 33, 17, 11, 15, 25, 23, 6, 13, 19, 21, 18, 20, 27, 30, 34, 4, 35, 24, 31, 0, 1, 5, 22, 2, 3, 29, 32, 7, 26, 28, 36, 37]",3,0.0,0.0,0.0,0.0,0,3,3,0
smd,group23_evaluation,machine-2-1,3,9779,9805,pca_q,-1,"[16, 12, 10, 9, 14, 8, 33, 17, 11, 15, 25, 23, 6, 13, 19, 21, 18, 20, 27, 30, 34, 4, 35, 24, 31, 0, 1, 5, 22, 2, 3, 29, 32, 7, 26, 28, 36, 37]",5,0.0,0.0,0.0,0.0,0,3,5,0
smd,group23_evaluation,machine-2-1,3,9779,9805,baro_robust_scorer,-1,"[14, 11, 8, 25, 23, 22, 3, 0, 21, 19, 1, 27, 34, 35, 30, 24, 2, 20, 31, 15, 18, 33, 5, 13, 6, 32, 29, 9]",1,0.0,0.0,0.0,0.0,0,3,1,0
smd,group23_evaluation,machine-2-1,3,9779,9805,baro_robust_scorer,-1,"[14, 11, 8, 25, 23, 22, 3, 0, 21, 19, 1, 27, 34, 35, 30, 24, 2, 20, 31, 15, 18, 33, 5, 13, 6, 32, 29, 9]",3,0.0,0.0,0.0,0.0,0,3,3,0
smd,group23_evaluation,machine-2-1,3,9779,9805,baro_robust_scorer,-1,"[14, 11, 8, 25, 23, 22, 3, 0, 21, 19, 1, 27, 34, 35, 30, 24, 2, 20, 31, 15, 18, 33, 5, 13, 6, 32, 29, 9]",5,0.0,0.0,0.0,0.0,0,3,5,0
smd,group23_evaluation,machine-2-1,4,12173,12181,robust_z,-1,"[29, 9, 10, 8, 15, 14, 13, 23, 25, 11, 27, 33, 22, 31, 24, 3, 34, 30, 35, 0, 19, 21, 20, 6, 5, 1, 2, 18, 4, 7, 12, 16, 17, 26, 28, 32, 36, 37]",1,0.0,0.0,0.0,0.0,0,5,1,0
smd,group23_evaluation,machine-2-1,4,12173,12181,robust_z,-1,"[29, 9, 10, 8, 15, 14, 13, 23, 25, 11, 27, 33, 22, 31, 24, 3, 34, 30, 35, 0, 19, 21, 20, 6, 5, 1, 2, 18, 4, 7, 12, 16, 17, 26, 28, 32, 36, 37]",3,0.0,0.0,0.0,0.0,0,5,3,0
smd,group23_evaluation,machine-2-1,4,12173,12181,robust_z,-1,"[29, 9, 10, 8, 15, 14, 13, 23, 25, 11, 27, 33, 22, 31, 24, 3, 34, 30, 35, 0, 19, 21, 20, 6, 5, 1, 2, 18, 4, 7, 12, 16, 17, 26, 28, 32, 36, 37]",5,0.0,0.0,0.0,0.0,0,5,5,0
smd,group23_evaluation,machine-2-1,4,12173,12181,pca_q,-1,"[12, 16, 9, 10, 8, 17, 25, 14, 23, 15, 13, 11, 27, 20, 33, 19, 21, 30, 22, 24, 18, 31, 34, 35, 0, 5, 3, 1, 6, 2, 4, 29, 32, 7, 26, 28, 36, 37]",1,0.0,0.0,0.0,0.0,0,5,1,0
smd,group23_evaluation,machine-2-1,4,12173,12181,pca_q,-1,"[12, 16, 9, 10, 8, 17, 25, 14, 23, 15, 13, 11, 27, 20, 33, 19, 21, 30, 22, 24, 18, 31, 34, 35, 0, 5, 3, 1, 6, 2, 4, 29, 32, 7, 26, 28, 36, 37]",3,0.0,0.0,0.0,0.0,0,5,3,0
smd,group23_evaluation,machine-2-1,4,12173,12181,pca_q,-1,"[12, 16, 9, 10, 8, 17, 25, 14, 23, 15, 13, 11, 27, 20, 33, 19, 21, 30, 22, 24, 18, 31, 34, 35, 0, 5, 3, 1, 6, 2, 4, 29, 32, 7, 26, 28, 36, 37]",5,0.0,0.0,0.0,0.0,0,5,5,0
smd,group23_evaluation,machine-2-1,4,12173,12181,baro_robust_scorer,-1,"[23, 25, 27, 20, 3, 33, 19, 18, 1, 21, 30, 31, 2, 24, 22, 35, 34, 0, 14, 13, 6, 5, 8, 15, 11, 9, 10]",1,0.0,0.0,0.0,0.0,0,5,1,0
smd,group23_evaluation,machine-2-1,4,12173,12181,baro_robust_scorer,-1,"[23, 25, 27, 20, 3, 33, 19, 18, 1, 21, 30, 31, 2, 24, 22, 35, 34, 0, 14, 13, 6, 5, 8, 15, 11, 9, 10]",3,0.3333333333333333,0.2,0.25,0.23463936301137822,1,5,3,1
smd,group23_evaluation,machine-2-1,4,12173,12181,baro_robust_scorer,-1,"[23, 25, 27, 20, 3, 33, 19, 18, 1, 21, 30, 31, 2, 24, 22, 35, 34, 0, 14, 13, 6, 5, 8, 15, 11, 9, 10]",5,0.4,0.4,0.4000000000000001,0.3156484524795145,1,5,5,2
smd,group23_evaluation,machine-2-1,5,16136,16588,robust_z,-1,"[9, 12, 10, 29, 32, 16, 17, 8, 25, 23, 15, 13, 14, 4, 33, 5, 11, 1, 6, 34, 35, 0, 24, 2, 22, 3, 31, 27, 30, 21, 19, 20, 18, 7, 26, 28, 36, 37]",1,1.0,0.25,0.4,1.0,1,4,1,1
smd,group23_evaluation,machine-2-1,5,16136,16588,robust_z,-1,"[9, 12, 10, 29, 32, 16, 17, 8, 25, 23, 15, 13, 14, 4, 33, 5, 11, 1, 6, 34, 35, 0, 24, 2, 22, 3, 31, 27, 30, 21, 19, 20, 18, 7, 26, 28, 36, 37]",3,0.3333333333333333,0.25,0.28571428571428575,0.46927872602275644,1,4,3,1
smd,group23_evaluation,machine-2-1,5,16136,16588,robust_z,-1,"[9, 12, 10, 29, 32, 16, 17, 8, 25, 23, 15, 13, 14, 4, 33, 5, 11, 1, 6, 34, 35, 0, 24, 2, 22, 3, 31, 27, 30, 21, 19, 20, 18, 7, 26, 28, 36, 37]",5,0.2,0.25,0.22222222222222224,0.3903800499921017,1,4,5,1
smd,group23_evaluation,machine-2-1,5,16136,16588,pca_q,-1,"[10, 16, 9, 12, 17, 8, 25, 23, 14, 15, 13, 29, 32, 11, 5, 33, 31, 1, 34, 35, 6, 24, 22, 0, 2, 4, 3, 27, 30, 21, 19, 20, 18, 7, 26, 28, 36, 37]",1,0.0,0.0,0.0,0.0,0,4,1,0
smd,group23_evaluation,machine-2-1,5,16136,16588,pca_q,-1,"[10, 16, 9, 12, 17, 8, 25, 23, 14, 15, 13, 29, 32, 11, 5, 33, 31, 1, 34, 35, 6, 24, 22, 0, 2, 4, 3, 27, 30, 21, 19, 20, 18, 7, 26, 28, 36, 37]",3,0.3333333333333333,0.25,0.28571428571428575,0.23463936301137822,1,4,3,1
smd,group23_evaluation,machine-2-1,5,16136,16588,pca_q,-1,"[10, 16, 9, 12, 17, 8, 25, 23, 14, 15, 13, 29, 32, 11, 5, 33, 31, 1, 34, 35, 6, 24, 22, 0, 2, 4, 3, 27, 30, 21, 19, 20, 18, 7, 26, 28, 36, 37]",5,0.2,0.25,0.22222222222222224,0.19519002499605084,1,4,5,1
smd,group23_evaluation,machine-2-1,5,16136,16588,baro_robust_scorer,-1,"[8, 14, 25, 23, 13, 11, 15, 31, 33, 24, 1, 18, 34, 35, 21, 30, 19, 22, 27, 20, 0, 6, 5, 2, 3, 9, 12, 10, 4, 29]",1,1.0,0.25,0.4,1.0,1,4,1,1
smd,group23_evaluation,machine-2-1,5,16136,16588,baro_robust_scorer,-1,"[8, 14, 25, 23, 13, 11, 15, 31, 33, 24, 1, 18, 34, 35, 21, 30, 19, 22, 27, 20, 0, 6, 5, 2, 3, 9, 12, 10, 4, 29]",3,0.6666666666666666,0.5,0.5714285714285715,0.7039180890341347,1,4,3,2
smd,group23_evaluation,machine-2-1,5,16136,16588,baro_robust_scorer,-1,"[8, 14, 25, 23, 13, 11, 15, 31, 33, 24, 1, 18, 34, 35, 21, 30, 19, 22, 27, 20, 0, 6, 5, 2, 3, 9, 12, 10, 4, 29]",5,0.6,0.75,0.6666666666666665,0.75369761125927,1,4,5,3
smd,group23_evaluation,machine-2-1,6,17365,17382,robust_z,-1,"[17, 12, 9, 10, 29, 8, 2, 1, 15, 13, 3, 14, 25, 23, 0, 5, 34, 24, 22, 35, 30, 4, 27, 6, 31, 11, 21, 33, 20, 19, 18, 7, 16, 26, 28, 32, 36, 37]",1,1.0,0.09090909090909091,0.16666666666666669,1.0,1,11,1,1
smd,group23_evaluation,machine-2-1,6,17365,17382,robust_z,-1,"[17, 12, 9, 10, 29, 8, 2, 1, 15, 13, 3, 14, 25, 23, 0, 5, 34, 24, 22, 35, 30, 4, 27, 6, 31, 11, 21, 33, 20, 19, 18, 7, 16, 26, 28, 32, 36, 37]",3,0.3333333333333333,0.09090909090909091,0.14285714285714288,0.46927872602275644,1,11,3,1
smd,group23_evaluation,machine-2-1,6,17365,17382,robust_z,-1,"[17, 12, 9, 10, 29, 8, 2, 1, 15, 13, 3, 14, 25, 23, 0, 5, 34, 24, 22, 35, 30, 4, 27, 6, 31, 11, 21, 33, 20, 19, 18, 7, 16, 26, 28, 32, 36, 37]",5,0.2,0.09090909090909091,0.12500000000000003,0.3391602052736161,1,11,5,1
smd,group23_evaluation,machine-2-1,6,17365,17382,pca_q,-1,"[17, 12, 9, 10, 16, 8, 1, 15, 13, 2, 29, 14, 25, 23, 3, 32, 0, 24, 34, 22, 35, 5, 30, 27, 6, 31, 33, 11, 21, 19, 4, 20, 18, 7, 26, 28, 36, 37]",1,1.0,0.09090909090909091,0.16666666666666669,1.0,1,11,1,1
smd,group23_evaluation,machine-2-1,6,17365,17382,pca_q,-1,"[17, 12, 9, 10, 16, 8, 1, 15, 13, 2, 29, 14, 25, 23, 3, 32, 0, 24, 34, 22, 35, 5, 30, 27, 6, 31, 33, 11, 21, 19, 4, 20, 18, 7, 26, 28, 36, 37]",3,0.3333333333333333,0.09090909090909091,0.14285714285714288,0.46927872602275644,1,11,3,1
smd,group23_evaluation,machine-2-1,6,17365,17382,pca_q,-1,"[17, 12, 9, 10, 16, 8, 1, 15, 13, 2, 29, 14, 25, 23, 3, 32, 0, 24, 34, 22, 35, 5, 30, 27, 6, 31, 33, 11, 21, 19, 4, 20, 18, 7, 26, 28, 36, 37]",5,0.2,0.09090909090909091,0.12500000000000003,0.3391602052736161,1,11,5,1
smd,group23_evaluation,machine-2-1,6,17365,17382,baro_robust_scorer,-1,"[3, 2, 23, 25, 8, 1, 15, 13, 0, 22, 14, 30, 35, 34, 24, 27, 31, 21, 19, 20, 11, 33, 18, 6, 29, 5, 12]",1,1.0,0.09090909090909091,0.16666666666666669,1.0,1,11,1,1
smd,group23_evaluation,machine-2-1,6,17365,17382,baro_robust_scorer,-1,"[3, 2, 23, 25, 8, 1, 15, 13, 0, 22, 14, 30, 35, 34, 24, 27, 31, 21, 19, 20, 11, 33, 18, 6, 29, 5, 12]",3,1.0,0.2727272727272727,0.42857142857142855,1.0,1,11,3,3
smd,group23_evaluation,machine-2-1,6,17365,17382,baro_robust_scorer,-1,"[3, 2, 23, 25, 8, 1, 15, 13, 0, 22, 14, 30, 35, 34, 24, 27, 31, 21, 19, 20, 11, 33, 18, 6, 29, 5, 12]",5,1.0,0.45454545454545453,0.625,1.0,1,11,5,5
smd,group23_evaluation,machine-2-1,7,17995,18028,robust_z,-1,"[10, 9, 12, 32, 8, 14, 15, 5, 13, 4, 18, 20, 19, 21, 33, 11, 6, 31, 35, 30, 24, 34, 22, 2, 3, 1, 27, 0, 23, 25, 7, 16, 17, 26, 28, 29, 36, 37]",1,1.0,0.2,0.33333333333333337,1.0,1,5,1,1
smd,group23_evaluation,machine-2-1,7,17995,18028,robust_z,-1,"[10, 9, 12, 32, 8, 14, 15, 5, 13, 4, 18, 20, 19, 21, 33, 11, 6, 31, 35, 30, 24, 34, 22, 2, 3, 1, 27, 0, 23, 25, 7, 16, 17, 26, 28, 29, 36, 37]",3,1.0,0.6,0.7499999999999999,1.0,1,5,3,3
smd,group23_evaluation,machine-2-1,7,17995,18028,robust_z,-1,"[10, 9, 12, 32, 8, 14, 15, 5, 13, 4, 18, 20, 19, 21, 33, 11, 6, 31, 35, 30, 24, 34, 22, 2, 3, 1, 27, 0, 23, 25, 7, 16, 17, 26, 28, 29, 36, 37]",5,0.8,0.8,0.8000000000000002,0.8539316501572937,1,5,5,4
smd,group23_evaluation,machine-2-1,7,17995,18028,pca_q,-1,"[10, 9, 12, 16, 8, 14, 32, 29, 17, 15, 11, 13, 5, 31, 6, 33, 35, 34, 24, 22, 18, 1, 4, 23, 2, 0, 25, 20, 21, 19, 3, 30, 27, 7, 26, 28, 36, 37]",1,1.0,0.2,0.33333333333333337,1.0,1,5,1,1
smd,group23_evaluation,machine-2-1,7,17995,18028,pca_q,-1,"[10, 9, 12, 16, 8, 14, 32, 29, 17, 15, 11, 13, 5, 31, 6, 33, 35, 34, 24, 22, 18, 1, 4, 23, 2, 0, 25, 20, 21, 19, 3, 30, 27, 7, 26, 28, 36, 37]",3,1.0,0.6,0.7499999999999999,1.0,1,5,3,3
smd,group23_evaluation,machine-2-1,7,17995,18028,pca_q,-1,"[10, 9, 12, 16, 8, 14, 32, 29, 17, 15, 11, 13, 5, 31, 6, 33, 35, 34, 24, 22, 18, 1, 4, 23, 2, 0, 25, 20, 21, 19, 3, 30, 27, 7, 26, 28, 36, 37]",5,0.8,0.8,0.8000000000000002,0.8539316501572937,1,5,5,4
smd,group23_evaluation,machine-2-1,7,17995,18028,baro_robust_scorer,-1,"[8, 14, 31, 11, 35, 34, 22, 24, 30, 1, 0, 23, 25, 18, 15, 27, 13, 9, 10, 20, 5, 6, 19, 21, 2, 33, 3]",1,1.0,0.2,0.33333333333333337,1.0,1,5,1,1
smd,group23_evaluation,machine-2-1,7,17995,18028,baro_robust_scorer,-1,"[8, 14, 31, 11, 35, 34, 22, 24, 30, 1, 0, 23, 25, 18, 15, 27, 13, 9, 10, 20, 5, 6, 19, 21, 2, 33, 3]",3,0.6666666666666666,0.4,0.5,0.7653606369886217,1,5,3,2
smd,group23_evaluation,machine-2-1,7,17995,18028,baro_robust_scorer,-1,"[8, 14, 31, 11, 35, 34, 22, 24, 30, 1, 0, 23, 25, 18, 15, 27, 13, 9, 10, 20, 5, 6, 19, 21, 2, 33, 3]",5,0.4,0.4,0.4000000000000001,0.5531464700081437,1,5,5,2
smd,group23_evaluation,machine-2-1,8,18575,18650,robust_z,-1,"[29, 32, 12, 9, 10, 2, 3, 1, 0, 5, 25, 24, 34, 35, 22, 23, 33, 6, 8, 15, 13, 14, 30, 27, 31, 11, 21, 20, 19, 18, 4, 7, 16, 17, 26, 28, 36, 37]",1,0.0,0.0,0.0,0.0,0,5,1,0
smd,group23_evaluation,machine-2-1,8,18575,18650,robust_z,-1,"[29, 32, 12, 9, 10, 2, 3, 1, 0, 5, 25, 24, 34, 35, 22, 23, 33, 6, 8, 15, 13, 14, 30, 27, 31, 11, 21, 20, 19, 18, 4, 7, 16, 17, 26, 28, 36, 37]",3,0.0,0.0,0.0,0.0,0,5,3,0
smd,group23_evaluation,machine-2-1,8,18575,18650,robust_z,-1,"[29, 32, 12, 9, 10, 2, 3, 1, 0, 5, 25, 24, 34, 35, 22, 23, 33, 6, 8, 15, 13, 14, 30, 27, 31, 11, 21, 20, 19, 18, 4, 7, 16, 17, 26, 28, 36, 37]",5,0.0,0.0,0.0,0.0,0,5,5,0
smd,group23_evaluation,machine-2-1,8,18575,18650,pca_q,-1,"[12, 9, 10, 16, 17, 1, 2, 3, 8, 33, 0, 25, 23, 24, 5, 34, 35, 22, 15, 6, 14, 13, 11, 31, 30, 27, 4, 18, 21, 20, 19, 29, 32, 7, 26, 28, 36, 37]",1,0.0,0.0,0.0,0.0,0,5,1,0
smd,group23_evaluation,machine-2-1,8,18575,18650,pca_q,-1,"[12, 9, 10, 16, 17, 1, 2, 3, 8, 33, 0, 25, 23, 24, 5, 34, 35, 22, 15, 6, 14, 13, 11, 31, 30, 27, 4, 18, 21, 20, 19, 29, 32, 7, 26, 28, 36, 37]",3,0.0,0.0,0.0,0.0,0,5,3,0
smd,group23_evaluation,machine-2-1,8,18575,18650,pca_q,-1,"[12, 9, 10, 16, 17, 1, 2, 3, 8, 33, 0, 25, 23, 24, 5, 34, 35, 22, 15, 6, 14, 13, 11, 31, 30, 27, 4, 18, 21, 20, 19, 29, 32, 7, 26, 28, 36, 37]",5,0.0,0.0,0.0,0.0,0,5,5,0
smd,group23_evaluation,machine-2-1,8,18575,18650,baro_robust_scorer,-1,"[33, 1, 2, 0, 29, 3, 23, 25, 11, 14, 15, 13, 34, 35, 8, 22, 24, 31, 5, 6, 27, 30, 20, 18, 32, 21, 19, 12, 10, 9]",1,0.0,0.0,0.0,0.0,0,5,1,0
smd,group23_evaluation,machine-2-1,8,18575,18650,baro_robust_scorer,-1,"[33, 1, 2, 0, 29, 3, 23, 25, 11, 14, 15, 13, 34, 35, 8, 22, 24, 31, 5, 6, 27, 30, 20, 18, 32, 21, 19, 12, 10, 9]",3,0.0,0.0,0.0,0.0,0,5,3,0
smd,group23_evaluation,machine-2-1,8,18575,18650,baro_robust_scorer,-1,"[33, 1, 2, 0, 29, 3, 23, 25, 11, 14, 15, 13, 34, 35, 8, 22, 24, 31, 5, 6, 27, 30, 20, 18, 32, 21, 19, 12, 10, 9]",5,0.2,0.2,0.20000000000000004,0.14606834984270645,1,5,5,1
smd,group23_evaluation,machine-2-1,9,20020,20036,robust_z,-1,"[17, 29, 12, 10, 9, 8, 2, 1, 3, 13, 14, 15, 0, 25, 23, 11, 4, 5, 6, 34, 35, 24, 22, 33, 31, 30, 27, 20, 21, 18, 19, 7, 16, 26, 28, 32, 36, 37]",1,0.0,0.0,0.0,0.0,0,3,1,0
smd,group23_evaluation,machine-2-1,9,20020,20036,robust_z,-1,"[17, 29, 12, 10, 9, 8, 2, 1, 3, 13, 14, 15, 0, 25, 23, 11, 4, 5, 6, 34, 35, 24, 22, 33, 31, 30, 27, 20, 21, 18, 19, 7, 16, 26, 28, 32, 36, 37]",3,0.0,0.0,0.0,0.0,0,3,3,0
smd,group23_evaluation,machine-2-1,9,20020,20036,robust_z,-1,"[17, 29, 12, 10, 9, 8, 2, 1, 3, 13, 14, 15, 0, 25, 23, 11, 4, 5, 6, 34, 35, 24, 22, 33, 31, 30, 27, 20, 21, 18, 19, 7, 16, 26, 28, 32, 36, 37]",5,0.0,0.0,0.0,0.0,0,3,5,0
smd,group23_evaluation,machine-2-1,9,20020,20036,pca_q,-1,"[17, 12, 9, 10, 16, 8, 15, 13, 29, 1, 14, 2, 32, 0, 3, 25, 23, 11, 5, 6, 34, 35, 24, 33, 22, 4, 31, 18, 30, 27, 19, 21, 20, 7, 26, 28, 36, 37]",1,0.0,0.0,0.0,0.0,0,3,1,0
smd,group23_evaluation,machine-2-1,9,20020,20036,pca_q,-1,"[17, 12, 9, 10, 16, 8, 15, 13, 29, 1, 14, 2, 32, 0, 3, 25, 23, 11, 5, 6, 34, 35, 24, 33, 22, 4, 31, 18, 30, 27, 19, 21, 20, 7, 26, 28, 36, 37]",3,0.0,0.0,0.0,0.0,0,3,3,0
smd,group23_evaluation,machine-2-1,9,20020,20036,pca_q,-1,"[17, 12, 9, 10, 16, 8, 15, 13, 29, 1, 14, 2, 32, 0, 3, 25, 23, 11, 5, 6, 34, 35, 24, 33, 22, 4, 31, 18, 30, 27, 19, 21, 20, 7, 26, 28, 36, 37]",5,0.0,0.0,0.0,0.0,0,3,5,0
smd,group23_evaluation,machine-2-1,9,20020,20036,baro_robust_scorer,-1,"[8, 1, 3, 2, 14, 13, 15, 11, 0, 25, 23, 33, 31, 30, 27, 6, 20, 35, 21, 19, 34, 24, 18, 5, 22, 10, 9]",1,0.0,0.0,0.0,0.0,0,3,1,0
smd,group23_evaluation,machine-2-1,9,20020,20036,baro_robust_scorer,-1,"[8, 1, 3, 2, 14, 13, 15, 11, 0, 25, 23, 33, 31, 30, 27, 6, 20, 35, 21, 19, 34, 24, 18, 5, 22, 10, 9]",3,0.0,0.0,0.0,0.0,0,3,3,0
smd,group23_evaluation,machine-2-1,9,20020,20036,baro_robust_scorer,-1,"[8, 1, 3, 2, 14, 13, 15, 11, 0, 25, 23, 33, 31, 30, 27, 6, 20, 35, 21, 19, 34, 24, 18, 5, 22, 10, 9]",5,0.0,0.0,0.0,0.0,0,3,5,0
smd,group23_evaluation,machine-2-1,10,20891,20912,robust_z,-1,"[10, 9, 12, 29, 8, 14, 5, 6, 15, 31, 13, 4, 22, 35, 24, 34, 3, 27, 2, 11, 33, 0, 1, 30, 23, 19, 21, 20, 25, 18, 7, 16, 17, 26, 28, 32, 36, 37]",1,0.0,0.0,0.0,0.0,0,2,1,0
smd,group23_evaluation,machine-2-1,10,20891,20912,robust_z,-1,"[10, 9, 12, 29, 8, 14, 5, 6, 15, 31, 13, 4, 22, 35, 24, 34, 3, 27, 2, 11, 33, 0, 1, 30, 23, 19, 21, 20, 25, 18, 7, 16, 17, 26, 28, 32, 36, 37]",3,0.6666666666666666,1.0,0.8,0.6934264036172708,1,2,3,2
smd,group23_evaluation,machine-2-1,10,20891,20912,robust_z,-1,"[10, 9, 12, 29, 8, 14, 5, 6, 15, 31, 13, 4, 22, 35, 24, 34, 3, 27, 2, 11, 33, 0, 1, 30, 23, 19, 21, 20, 25, 18, 7, 16, 17, 26, 28, 32, 36, 37]",5,0.4,1.0,0.5714285714285715,0.6934264036172708,1,2,5,2
smd,group23_evaluation,machine-2-1,10,20891,20912,pca_q,-1,"[10, 9, 12, 16, 8, 14, 32, 17, 29, 15, 5, 13, 6, 31, 22, 35, 11, 27, 34, 24, 23, 33, 0, 2, 3, 25, 1, 19, 30, 21, 20, 18, 4, 7, 26, 28, 36, 37]",1,0.0,0.0,0.0,0.0,0,2,1,0
smd,group23_evaluation,machine-2-1,10,20891,20912,pca_q,-1,"[10, 9, 12, 16, 8, 14, 32, 17, 29, 15, 5, 13, 6, 31, 22, 35, 11, 27, 34, 24, 23, 33, 0, 2, 3, 25, 1, 19, 30, 21, 20, 18, 4, 7, 26, 28, 36, 37]",3,0.6666666666666666,1.0,0.8,0.6934264036172708,1,2,3,2
smd,group23_evaluation,machine-2-1,10,20891,20912,pca_q,-1,"[10, 9, 12, 16, 8, 14, 32, 17, 29, 15, 5, 13, 6, 31, 22, 35, 11, 27, 34, 24, 23, 33, 0, 2, 3, 25, 1, 19, 30, 21, 20, 18, 4, 7, 26, 28, 36, 37]",5,0.4,1.0,0.5714285714285715,0.6934264036172708,1,2,5,2
smd,group23_evaluation,machine-2-1,10,20891,20912,baro_robust_scorer,-1,"[8, 14, 11, 15, 13, 25, 22, 23, 31, 24, 30, 35, 27, 34, 3, 1, 21, 0, 2, 10, 33, 19, 20, 9, 5, 6, 12, 18, 29, 4]",1,0.0,0.0,0.0,0.0,0,2,1,0
smd,group23_evaluation,machine-2-1,10,20891,20912,baro_robust_scorer,-1,"[8, 14, 11, 15, 13, 25, 22, 23, 31, 24, 30, 35, 27, 34, 3, 1, 21, 0, 2, 10, 33, 19, 20, 9, 5, 6, 12, 18, 29, 4]",3,0.0,0.0,0.0,0.0,0,2,3,0
smd,group23_evaluation,machine-2-1,10,20891,20912,baro_robust_scorer,-1,"[8, 14, 11, 15, 13, 25, 22, 23, 31, 24, 30, 35, 27, 34, 3, 1, 21, 0, 2, 10, 33, 19, 20, 9, 5, 6, 12, 18, 29, 4]",5,0.0,0.0,0.0,0.0,0,2,5,0
smd,group23_evaluation,machine-2-1,11,20340,20352,robust_z,-1,"[29, 12, 8, 9, 14, 1, 2, 0, 15, 13, 25, 23, 3, 5, 4, 6, 22, 24, 34, 33, 35, 30, 27, 11, 31, 21, 19, 20, 18, 7, 10, 16, 17, 26, 28, 32, 36, 37]",1,0.0,0.0,0.0,0.0,0,5,1,0
smd,group23_evaluation,machine-2-1,11,20340,20352,robust_z,-1,"[29, 12, 8, 9, 14, 1, 2, 0, 15, 13, 25, 23, 3, 5, 4, 6, 22, 24, 34, 33, 35, 30, 27, 11, 31, 21, 19, 20, 18, 7, 10, 16, 17, 26, 28, 32, 36, 37]",3,0.6666666666666666,0.4,0.5,0.5307212739772434,1,5,3,2
smd,group23_evaluation,machine-2-1,11,20340,20352,robust_z,-1,"[29, 12, 8, 9, 14, 1, 2, 0, 15, 13, 25, 23, 3, 5, 4, 6, 22, 24, 34, 33, 35, 30, 27, 11, 31, 21, 19, 20, 18, 7, 10, 16, 17, 26, 28, 32, 36, 37]",5,0.6,0.6,0.6,0.5296347172140421,1,5,5,3
smd,group23_evaluation,machine-2-1,11,20340,20352,pca_q,-1,"[12, 9, 10, 16, 8, 14, 17, 1, 15, 13, 0, 2, 25, 23, 3, 5, 6, 22, 24, 34, 35, 33, 11, 29, 4, 31, 27, 30, 18, 19, 20, 21, 32, 7, 26, 28, 36, 37]",1,1.0,0.2,0.33333333333333337,1.0,1,5,1,1
smd,group23_evaluation,machine-2-1,11,20340,20352,pca_q,-1,"[12, 9, 10, 16, 8, 14, 17, 1, 15, 13, 0, 2, 25, 23, 3, 5, 6, 22, 24, 34, 35, 33, 11, 29, 4, 31, 27, 30, 18, 19, 20, 21, 32, 7, 26, 28, 36, 37]",3,1.0,0.6,0.7499999999999999,1.0,1,5,3,3
smd,group23_evaluation,machine-2-1,11,20340,20352,pca_q,-1,"[12, 9, 10, 16, 8, 14, 17, 1, 15, 13, 0, 2, 25, 23, 3, 5, 6, 22, 24, 34, 35, 33, 11, 29, 4, 31, 27, 30, 18, 19, 20, 21, 32, 7, 26, 28, 36, 37]",5,0.8,0.8,0.8000000000000002,0.8539316501572937,1,5,5,4
smd,group23_evaluation,machine-2-1,11,20340,20352,baro_robust_scorer,-1,"[14, 15, 13, 1, 0, 2, 33, 3, 25, 23, 22, 21, 19, 27, 20, 30, 24, 35, 18, 34, 31, 5, 6, 11, 8]",1,0.0,0.0,0.0,0.0,0,5,1,0
smd,group23_evaluation,machine-2-1,11,20340,20352,baro_robust_scorer,-1,"[14, 15, 13, 1, 0, 2, 33, 3, 25, 23, 22, 21, 19, 27, 20, 30, 24, 35, 18, 34, 31, 5, 6, 11, 8]",3,0.0,0.0,0.0,0.0,0,5,3,0
smd,group23_evaluation,machine-2-1,11,20340,20352,baro_robust_scorer,-1,"[14, 15, 13, 1, 0, 2, 33, 3, 25, 23, 22, 21, 19, 27, 20, 30, 24, 35, 18, 34, 31, 5, 6, 11, 8]",5,0.0,0.0,0.0,0.0,0,5,5,0
smd,group23_evaluation,machine-2-1,12,22907,23295,robust_z,-1,"[29, 12, 10, 9, 16, 17, 8, 5, 14, 15, 6, 3, 2, 13, 1, 0, 25, 23, 24, 11, 34, 35, 22, 33, 4, 31, 30, 27, 21, 19, 20, 18, 7, 26, 28, 32, 36, 37]",1,0.0,0.0,0.0,0.0,0,28,1,0
smd,group23_evaluation,machine-2-1,12,22907,23295,robust_z,-1,"[29, 12, 10, 9, 16, 17, 8, 5, 14, 15, 6, 3, 2, 13, 1, 0, 25, 23, 24, 11, 34, 35, 22, 33, 4, 31, 30, 27, 21, 19, 20, 18, 7, 26, 28, 32, 36, 37]",3,0.6666666666666666,0.07142857142857142,0.12903225806451613,0.5307212739772434,1,28,3,2
smd,group23_evaluation,machine-2-1,12,22907,23295,robust_z,-1,"[29, 12, 10, 9, 16, 17, 8, 5, 14, 15, 6, 3, 2, 13, 1, 0, 25, 23, 24, 11, 34, 35, 22, 33, 4, 31, 30, 27, 21, 19, 20, 18, 7, 26, 28, 32, 36, 37]",5,0.8,0.14285714285714285,0.24242424242424243,0.6608397947263839,1,28,5,4
smd,group23_evaluation,machine-2-1,12,22907,23295,pca_q,-1,"[12, 9, 10, 16, 17, 8, 29, 1, 14, 5, 32, 2, 15, 13, 3, 11, 25, 6, 23, 0, 24, 35, 34, 22, 31, 33, 30, 27, 4, 18, 19, 21, 20, 7, 26, 28, 36, 37]",1,1.0,0.03571428571428571,0.0689655172413793,1.0,1,28,1,1
smd,group23_evaluation,machine-2-1,12,22907,23295,pca_q,-1,"[12, 9, 10, 16, 17, 8, 29, 1, 14, 5, 32, 2, 15, 13, 3, 11, 25, 6, 23, 0, 24, 35, 34, 22, 31, 33, 30, 27, 4, 18, 19, 21, 20, 7, 26, 28, 36, 37]",3,1.0,0.10714285714285714,0.19354838709677416,1.0,1,28,3,3
smd,group23_evaluation,machine-2-1,12,22907,23295,pca_q,-1,"[12, 9, 10, 16, 17, 8, 29, 1, 14, 5, 32, 2, 15, 13, 3, 11, 25, 6, 23, 0, 24, 35, 34, 22, 31, 33, 30, 27, 4, 18, 19, 21, 20, 7, 26, 28, 36, 37]",5,0.8,0.14285714285714285,0.24242424242424243,0.8687949224876582,1,28,5,4
smd,group23_evaluation,machine-2-1,12,22907,23295,baro_robust_scorer,-1,"[8, 11, 1, 25, 23, 14, 13, 2, 15, 3, 18, 31, 33, 20, 19, 21, 0, 6, 27, 30, 24, 34, 35, 22, 5, 12, 9, 10, 4, 29]",1,1.0,0.03571428571428571,0.0689655172413793,1.0,1,28,1,1
smd,group23_evaluation,machine-2-1,12,22907,23295,baro_robust_scorer,-1,"[8, 11, 1, 25, 23, 14, 13, 2, 15, 3, 18, 31, 33, 20, 19, 21, 0, 6, 27, 30, 24, 34, 35, 22, 5, 12, 9, 10, 4, 29]",3,1.0,0.10714285714285714,0.19354838709677416,1.0,1,28,3,3
smd,group23_evaluation,machine-2-1,12,22907,23295,baro_robust_scorer,-1,"[8, 11, 1, 25, 23, 14, 13, 2, 15, 3, 18, 31, 33, 20, 19, 21, 0, 6, 27, 30, 24, 34, 35, 22, 5, 12, 9, 10, 4, 29]",5,1.0,0.17857142857142858,0.30303030303030304,1.0,1,28,5,5
smd,group23_evaluation,machine-2-2,0,12760,12771,robust_z,-1,"[32, 29, 10, 9, 2, 1, 3, 23, 25, 0, 33, 31, 6, 22, 34, 35, 18, 20, 24, 30, 27, 21, 19, 15, 8, 11, 14, 13, 5, 4, 7, 12, 16, 17, 26, 28, 36, 37]",1,1.0,0.0625,0.11764705882352941,1.0,1,16,1,1
smd,group23_evaluation,machine-2-2,0,12760,12771,robust_z,-1,"[32, 29, 10, 9, 2, 1, 3, 23, 25, 0, 33, 31, 6, 22, 34, 35, 18, 20, 24, 30, 27, 21, 19, 15, 8, 11, 14, 13, 5, 4, 7, 12, 16, 17, 26, 28, 36, 37]",3,0.3333333333333333,0.0625,0.10526315789473684,0.46927872602275644,1,16,3,1
smd,group23_evaluation,machine-2-2,0,12760,12771,robust_z,-1,"[32, 29, 10, 9, 2, 1, 3, 23, 25, 0, 33, 31, 6, 22, 34, 35, 18, 20, 24, 30, 27, 21, 19, 15, 8, 11, 14, 13, 5, 4, 7, 12, 16, 17, 26, 28, 36, 37]",5,0.4,0.125,0.19047619047619047,0.4703652827859579,1,16,5,2
smd,group23_evaluation,machine-2-2,0,12760,12771,pca_q,-1,"[12, 9, 1, 2, 10, 3, 17, 25, 23, 0, 31, 6, 33, 22, 18, 8, 35, 34, 20, 15, 13, 24, 14, 19, 30, 27, 21, 11, 32, 5, 29, 4, 7, 16, 26, 28, 36, 37]",1,0.0,0.0,0.0,0.0,0,16,1,0
smd,group23_evaluation,machine-2-2,0,12760,12771,pca_q,-1,"[12, 9, 1, 2, 10, 3, 17, 25, 23, 0, 31, 6, 33, 22, 18, 8, 35, 34, 20, 15, 13, 24, 14, 19, 30, 27, 21, 11, 32, 5, 29, 4, 7, 16, 26, 28, 36, 37]",3,0.3333333333333333,0.0625,0.10526315789473684,0.23463936301137822,1,16,3,1
smd,group23_evaluation,machine-2-2,0,12760,12771,pca_q,-1,"[12, 9, 1, 2, 10, 3, 17, 25, 23, 0, 31, 6, 33, 22, 18, 8, 35, 34, 20, 15, 13, 24, 14, 19, 30, 27, 21, 11, 32, 5, 29, 4, 7, 16, 26, 28, 36, 37]",5,0.4,0.125,0.19047619047619047,0.3156484524795145,1,16,5,2
smd,group23_evaluation,machine-2-2,0,12760,12771,baro_robust_scorer,-1,"[2, 1, 3, 25, 33, 23, 0, 5, 22, 6, 18, 15, 20, 13, 19, 27, 21, 8, 30, 34, 35, 14, 24, 31, 11]",1,1.0,0.0625,0.11764705882352941,1.0,1,16,1,1
smd,group23_evaluation,machine-2-2,0,12760,12771,baro_robust_scorer,-1,"[2, 1, 3, 25, 33, 23, 0, 5, 22, 6, 18, 15, 20, 13, 19, 27, 21, 8, 30, 34, 35, 14, 24, 31, 11]",3,1.0,0.1875,0.3157894736842105,1.0,1,16,3,3
smd,group23_evaluation,machine-2-2,0,12760,12771,baro_robust_scorer,-1,"[2, 1, 3, 25, 33, 23, 0, 5, 22, 6, 18, 15, 20, 13, 19, 27, 21, 8, 30, 34, 35, 14, 24, 31, 11]",5,1.0,0.3125,0.47619047619047616,1.0,1,16,5,5
smd,group23_evaluation,machine-2-2,1,14511,14521,robust_z,-1,"[29, 10, 9, 12, 32, 1, 2, 3, 23, 25, 0, 6, 31, 33, 22, 8, 34, 35, 18, 20, 19, 27, 30, 24, 11, 21, 14, 15, 13, 5, 4, 7, 16, 17, 26, 28, 36, 37]",1,0.0,0.0,0.0,0.0,0,14,1,0
smd,group23_evaluation,machine-2-2,1,14511,14521,robust_z,-1,"[29, 10, 9, 12, 32, 1, 2, 3, 23, 25, 0, 6, 31, 33, 22, 8, 34, 35, 18, 20, 19, 27, 30, 24, 11, 21, 14, 15, 13, 5, 4, 7, 16, 17, 26, 28, 36, 37]",3,0.0,0.0,0.0,0.0,0,14,3,0
smd,group23_evaluation,machine-2-2,1,14511,14521,robust_z,-1,"[29, 10, 9, 12, 32, 1, 2, 3, 23, 25, 0, 6, 31, 33, 22, 8, 34, 35, 18, 20, 19, 27, 30, 24, 11, 21, 14, 15, 13, 5, 4, 7, 16, 17, 26, 28, 36, 37]",5,0.0,0.0,0.0,0.0,0,14,5,0
smd,group23_evaluation,machine-2-2,1,14511,14521,pca_q,-1,"[9, 10, 12, 17, 1, 2, 3, 23, 25, 32, 0, 6, 31, 22, 8, 29, 33, 14, 18, 34, 35, 20, 15, 13, 19, 27, 24, 30, 21, 11, 5, 4, 7, 16, 26, 28, 36, 37]",1,0.0,0.0,0.0,0.0,0,14,1,0
smd,group23_evaluation,machine-2-2,1,14511,14521,pca_q,-1,"[9, 10, 12, 17, 1, 2, 3, 23, 25, 32, 0, 6, 31, 22, 8, 29, 33, 14, 18, 34, 35, 20, 15, 13, 19, 27, 24, 30, 21, 11, 5, 4, 7, 16, 26, 28, 36, 37]",3,0.0,0.0,0.0,0.0,0,14,3,0
smd,group23_evaluation,machine-2-2,1,14511,14521,pca_q,-1,"[9, 10, 12, 17, 1, 2, 3, 23, 25, 32, 0, 6, 31, 22, 8, 29, 33, 14, 18, 34, 35, 20, 15, 13, 19, 27, 24, 30, 21, 11, 5, 4, 7, 16, 26, 28, 36, 37]",5,0.2,0.07142857142857142,0.10526315789473682,0.13120507751234178,1,14,5,1
smd,group23_evaluation,machine-2-2,1,14511,14521,baro_robust_scorer,-1,"[2, 3, 1, 23, 25, 22, 6, 8, 33, 18, 30, 20, 11, 14, 27, 21, 13, 34, 35, 24, 15, 19, 5, 31, 9, 32, 12]",1,1.0,0.07142857142857142,0.13333333333333333,1.0,1,14,1,1
smd,group23_evaluation,machine-2-2,1,14511,14521,baro_robust_scorer,-1,"[2, 3, 1, 23, 25, 22, 6, 8, 33, 18, 30, 20, 11, 14, 27, 21, 13, 34, 35, 24, 15, 19, 5, 31, 9, 32, 12]",3,1.0,0.21428571428571427,0.35294117647058826,1.0,1,14,3,3
smd,group23_evaluation,machine-2-2,1,14511,14521,baro_robust_scorer,-1,"[2, 3, 1, 23, 25, 22, 6, 8, 33, 18, 30, 20, 11, 14, 27, 21, 13, 34, 35, 24, 15, 19, 5, 31, 9, 32, 12]",5,1.0,0.35714285714285715,0.5263157894736842,1.0,1,14,5,5
smd,group23_evaluation,machine-2-2,2,15630,16502,robust_z,-1,"[10, 9, 29, 12, 32, 17, 33, 22, 8, 31, 34, 35, 19, 11, 0, 18, 15, 3, 20, 2, 1, 27, 30, 23, 21, 24, 25, 5, 14, 13, 6, 4, 7, 16, 26, 28, 36, 37]",1,1.0,0.25,0.4,1.0,1,4,1,1
smd,group23_evaluation,machine-2-2,2,15630,16502,robust_z,-1,"[10, 9, 29, 12, 32, 17, 33, 22, 8, 31, 34, 35, 19, 11, 0, 18, 15, 3, 20, 2, 1, 27, 30, 23, 21, 24, 25, 5, 14, 13, 6, 4, 7, 16, 26, 28, 36, 37]",3,0.6666666666666666,0.5,0.5714285714285715,0.7653606369886217,1,4,3,2
smd,group23_evaluation,machine-2-2,2,15630,16502,robust_z,-1,"[10, 9, 29, 12, 32, 17, 33, 22, 8, 31, 34, 35, 19, 11, 0, 18, 15, 3, 20, 2, 1, 27, 30, 23, 21, 24, 25, 5, 14, 13, 6, 4, 7, 16, 26, 28, 36, 37]",5,0.6,0.75,0.6666666666666665,0.8048099750039491,1,4,5,3
smd,group23_evaluation,machine-2-2,2,15630,16502,pca_q,-1,"[12, 9, 10, 17, 32, 8, 29, 33, 22, 14, 15, 13, 11, 19, 35, 34, 1, 3, 0, 2, 25, 23, 18, 31, 20, 24, 27, 30, 21, 5, 6, 4, 7, 16, 26, 28, 36, 37]",1,1.0,0.25,0.4,1.0,1,4,1,1
smd,group23_evaluation,machine-2-2,2,15630,16502,pca_q,-1,"[12, 9, 10, 17, 32, 8, 29, 33, 22, 14, 15, 13, 11, 19, 35, 34, 1, 3, 0, 2, 25, 23, 18, 31, 20, 24, 27, 30, 21, 5, 6, 4, 7, 16, 26, 28, 36, 37]",3,1.0,0.75,0.8571428571428571,1.0,1,4,3,3
smd,group23_evaluation,machine-2-2,2,15630,16502,pca_q,-1,"[12, 9, 10, 17, 32, 8, 29, 33, 22, 14, 15, 13, 11, 19, 35, 34, 1, 3, 0, 2, 25, 23, 18, 31, 20, 24, 27, 30, 21, 5, 6, 4, 7, 16, 26, 28, 36, 37]",5,0.6,0.75,0.6666666666666665,0.8318724637288826,1,4,5,3
smd,group23_evaluation,machine-2-2,2,15630,16502,baro_robust_scorer,-1,"[14, 15, 33, 23, 25, 13, 22, 11, 18, 19, 2, 1, 3, 20, 24, 30, 21, 27, 35, 34, 31, 6, 10, 9, 8, 12, 17, 29, 32, 5, 0]",1,0.0,0.0,0.0,0.0,0,4,1,0
smd,group23_evaluation,machine-2-2,2,15630,16502,baro_robust_scorer,-1,"[14, 15, 33, 23, 25, 13, 22, 11, 18, 19, 2, 1, 3, 20, 24, 30, 21, 27, 35, 34, 31, 6, 10, 9, 8, 12, 17, 29, 32, 5, 0]",3,0.0,0.0,0.0,0.0,0,4,3,0
smd,group23_evaluation,machine-2-2,2,15630,16502,baro_robust_scorer,-1,"[14, 15, 33, 23, 25, 13, 22, 11, 18, 19, 2, 1, 3, 20, 24, 30, 21, 27, 35, 34, 31, 6, 10, 9, 8, 12, 17, 29, 32, 5, 0]",5,0.0,0.0,0.0,0.0,0,4,5,0
smd,group23_evaluation,machine-2-2,3,17090,17942,robust_z,-1,"[10, 29, 9, 12, 32, 33, 8, 22, 31, 34, 35, 19, 2, 0, 11, 3, 1, 15, 23, 20, 5, 14, 18, 27, 30, 24, 21, 25, 6, 13, 4, 7, 16, 17, 26, 28, 36, 37]",1,1.0,0.25,0.4,1.0,1,4,1,1
smd,group23_evaluation,machine-2-2,3,17090,17942,robust_z,-1,"[10, 29, 9, 12, 32, 33, 8, 22, 31, 34, 35, 19, 2, 0, 11, 3, 1, 15, 23, 20, 5, 14, 18, 27, 30, 24, 21, 25, 6, 13, 4, 7, 16, 17, 26, 28, 36, 37]",3,0.6666666666666666,0.5,0.5714285714285715,0.7039180890341347,1,4,3,2
smd,group23_evaluation,machine-2-2,3,17090,17942,robust_z,-1,"[10, 29, 9, 12, 32, 33, 8, 22, 31, 34, 35, 19, 2, 0, 11, 3, 1, 15, 23, 20, 5, 14, 18, 27, 30, 24, 21, 25, 6, 13, 4, 7, 16, 17, 26, 28, 36, 37]",5,0.6,0.75,0.6666666666666665,0.75369761125927,1,4,5,3
smd,group23_evaluation,machine-2-2,3,17090,17942,pca_q,-1,"[12, 9, 10, 17, 32, 8, 29, 14, 33, 22, 13, 15, 1, 19, 3, 11, 34, 35, 2, 23, 0, 25, 6, 31, 24, 5, 20, 27, 30, 21, 18, 4, 7, 16, 26, 28, 36, 37]",1,1.0,0.25,0.4,1.0,1,4,1,1
smd,group23_evaluation,machine-2-2,3,17090,17942,pca_q,-1,"[12, 9, 10, 17, 32, 8, 29, 14, 33, 22, 13, 15, 1, 19, 3, 11, 34, 35, 2, 23, 0, 25, 6, 31, 24, 5, 20, 27, 30, 21, 18, 4, 7, 16, 26, 28, 36, 37]",3,1.0,0.75,0.8571428571428571,1.0,1,4,3,3
smd,group23_evaluation,machine-2-2,3,17090,17942,pca_q,-1,"[12, 9, 10, 17, 32, 8, 29, 14, 33, 22, 13, 15, 1, 19, 3, 11, 34, 35, 2, 23, 0, 25, 6, 31, 24, 5, 20, 27, 30, 21, 18, 4, 7, 16, 26, 28, 36, 37]",5,0.6,0.75,0.6666666666666665,0.8318724637288826,1,4,5,3
smd,group23_evaluation,machine-2-2,3,17090,17942,baro_robust_scorer,-1,"[8, 14, 33, 11, 13, 25, 15, 1, 22, 23, 2, 18, 24, 20, 30, 21, 19, 27, 3, 34, 35, 6, 31, 5, 12, 10, 9, 29, 32, 0]",1,0.0,0.0,0.0,0.0,0,4,1,0
smd,group23_evaluation,machine-2-2,3,17090,17942,baro_robust_scorer,-1,"[8, 14, 33, 11, 13, 25, 15, 1, 22, 23, 2, 18, 24, 20, 30, 21, 19, 27, 3, 34, 35, 6, 31, 5, 12, 10, 9, 29, 32, 0]",3,0.0,0.0,0.0,0.0,0,4,3,0
smd,group23_evaluation,machine-2-2,3,17090,17942,baro_robust_scorer,-1,"[8, 14, 33, 11, 13, 25, 15, 1, 22, 23, 2, 18, 24, 20, 30, 21, 19, 27, 3, 34, 35, 6, 31, 5, 12, 10, 9, 29, 32, 0]",5,0.2,0.25,0.22222222222222224,0.16812753627111746,1,4,5,1
smd,group23_evaluation,machine-2-2,4,18541,19382,robust_z,-1,"[29, 10, 9, 32, 12, 33, 22, 31, 8, 34, 35, 19, 2, 1, 3, 0, 11, 5, 23, 20, 15, 24, 27, 30, 21, 18, 6, 25, 13, 14, 4, 7, 16, 17, 26, 28, 36, 37]",1,0.0,0.0,0.0,0.0,0,4,1,0
smd,group23_evaluation,machine-2-2,4,18541,19382,robust_z,-1,"[29, 10, 9, 32, 12, 33, 22, 31, 8, 34, 35, 19, 2, 1, 3, 0, 11, 5, 23, 20, 15, 24, 27, 30, 21, 18, 6, 25, 13, 14, 4, 7, 16, 17, 26, 28, 36, 37]",3,0.6666666666666666,0.5,0.5714285714285715,0.5307212739772434,1,4,3,2
smd,group23_evaluation,machine-2-2,4,18541,19382,robust_z,-1,"[29, 10, 9, 32, 12, 33, 22, 31, 8, 34, 35, 19, 2, 1, 3, 0, 11, 5, 23, 20, 15, 24, 27, 30, 21, 18, 6, 25, 13, 14, 4, 7, 16, 17, 26, 28, 36, 37]",5,0.6,0.75,0.6666666666666665,0.592512031964586,1,4,5,3
smd,group23_evaluation,machine-2-2,4,18541,19382,pca_q,-1,"[12, 9, 10, 17, 32, 8, 29, 33, 22, 14, 15, 1, 13, 19, 3, 11, 2, 35, 34, 0, 23, 31, 24, 5, 6, 20, 25, 27, 21, 30, 18, 4, 7, 16, 26, 28, 36, 37]",1,1.0,0.25,0.4,1.0,1,4,1,1
smd,group23_evaluation,machine-2-2,4,18541,19382,pca_q,-1,"[12, 9, 10, 17, 32, 8, 29, 33, 22, 14, 15, 1, 13, 19, 3, 11, 2, 35, 34, 0, 23, 31, 24, 5, 6, 20, 25, 27, 21, 30, 18, 4, 7, 16, 26, 28, 36, 37]",3,1.0,0.75,0.8571428571428571,1.0,1,4,3,3
smd,group23_evaluation,machine-2-2,4,18541,19382,pca_q,-1,"[12, 9, 10, 17, 32, 8, 29, 33, 22, 14, 15, 1, 13, 19, 3, 11, 2, 35, 34, 0, 23, 31, 24, 5, 6, 20, 25, 27, 21, 30, 18, 4, 7, 16, 26, 28, 36, 37]",5,0.6,0.75,0.6666666666666665,0.8318724637288826,1,4,5,3
smd,group23_evaluation,machine-2-2,4,18541,19382,baro_robust_scorer,-1,"[14, 33, 15, 13, 11, 1, 22, 23, 2, 3, 25, 19, 18, 20, 30, 21, 27, 24, 34, 35, 31, 5, 6, 10, 9, 12, 8, 29, 32, 0]",1,0.0,0.0,0.0,0.0,0,4,1,0
smd,group23_evaluation,machine-2-2,4,18541,19382,baro_robust_scorer,-1,"[14, 33, 15, 13, 11, 1, 22, 23, 2, 3, 25, 19, 18, 20, 30, 21, 27, 24, 34, 35, 31, 5, 6, 10, 9, 12, 8, 29, 32, 0]",3,0.0,0.0,0.0,0.0,0,4,3,0
smd,group23_evaluation,machine-2-2,4,18541,19382,baro_robust_scorer,-1,"[14, 33, 15, 13, 11, 1, 22, 23, 2, 3, 25, 19, 18, 20, 30, 21, 27, 24, 34, 35, 31, 5, 6, 10, 9, 12, 8, 29, 32, 0]",5,0.2,0.25,0.22222222222222224,0.15101961822780524,1,4,5,1
smd,group23_evaluation,machine-2-2,5,20820,20823,robust_z,-1,"[10, 9, 12, 11, 8, 23, 25, 3, 0, 6, 19, 5, 2, 1, 33, 24, 21, 27, 20, 30, 13, 18, 31, 14, 22, 34, 35, 15, 4, 7, 16, 17, 26, 28, 29, 32, 36, 37]",1,1.0,0.25,0.4,1.0,1,4,1,1
smd,group23_evaluation,machine-2-2,5,20820,20823,robust_z,-1,"[10, 9, 12, 11, 8, 23, 25, 3, 0, 6, 19, 5, 2, 1, 33, 24, 21, 27, 20, 30, 13, 18, 31, 14, 22, 34, 35, 15, 4, 7, 16, 17, 26, 28, 29, 32, 36, 37]",3,1.0,0.75,0.8571428571428571,1.0,1,4,3,3
smd,group23_evaluation,machine-2-2,5,20820,20823,robust_z,-1,"[10, 9, 12, 11, 8, 23, 25, 3, 0, 6, 19, 5, 2, 1, 33, 24, 21, 27, 20, 30, 13, 18, 31, 14, 22, 34, 35, 15, 4, 7, 16, 17, 26, 28, 29, 32, 36, 37]",5,0.8,1.0,0.888888888888889,1.0,1,4,5,4
smd,group23_evaluation,machine-2-2,5,20820,20823,pca_q,-1,"[12, 10, 9, 17, 32, 29, 8, 33, 23, 11, 13, 25, 14, 15, 3, 6, 19, 22, 5, 1, 24, 18, 31, 20, 0, 30, 21, 27, 34, 35, 2, 4, 7, 16, 26, 28, 36, 37]",1,1.0,0.25,0.4,1.0,1,4,1,1
smd,group23_evaluation,machine-2-2,5,20820,20823,pca_q,-1,"[12, 10, 9, 17, 32, 29, 8, 33, 23, 11, 13, 25, 14, 15, 3, 6, 19, 22, 5, 1, 24, 18, 31, 20, 0, 30, 21, 27, 34, 35, 2, 4, 7, 16, 26, 28, 36, 37]",3,1.0,0.75,0.8571428571428571,1.0,1,4,3,3
smd,group23_evaluation,machine-2-2,5,20820,20823,pca_q,-1,"[12, 10, 9, 17, 32, 29, 8, 33, 23, 11, 13, 25, 14, 15, 3, 6, 19, 22, 5, 1, 24, 18, 31, 20, 0, 30, 21, 27, 34, 35, 2, 4, 7, 16, 26, 28, 36, 37]",5,0.6,0.75,0.6666666666666665,0.8318724637288826,1,4,5,3
smd,group23_evaluation,machine-2-2,5,20820,20823,baro_robust_scorer,-1,"[24, 18, 19, 11, 20, 21, 30, 27, 22, 5, 0, 8, 31, 35, 34, 14, 2, 23, 13, 25, 1, 15, 3, 33, 6]",1,0.0,0.0,0.0,0.0,0,4,1,0
smd,group23_evaluation,machine-2-2,5,20820,20823,baro_robust_scorer,-1,"[24, 18, 19, 11, 20, 21, 30, 27, 22, 5, 0, 8, 31, 35, 34, 14, 2, 23, 13, 25, 1, 15, 3, 33, 6]",3,0.0,0.0,0.0,0.0,0,4,3,0
smd,group23_evaluation,machine-2-2,5,20820,20823,baro_robust_scorer,-1,"[24, 18, 19, 11, 20, 21, 30, 27, 22, 5, 0, 8, 31, 35, 34, 14, 2, 23, 13, 25, 1, 15, 3, 33, 6]",5,0.2,0.25,0.22222222222222224,0.16812753627111746,1,4,5,1
smd,group23_evaluation,machine-2-2,6,21024,21027,robust_z,-1,"[10, 9, 23, 25, 33, 19, 24, 5, 21, 30, 11, 27, 6, 20, 1, 13, 18, 22, 35, 34, 0, 31, 2, 3, 14, 8, 15, 4, 7, 12, 16, 17, 26, 28, 29, 32, 36, 37]",1,1.0,1.0,1.0,1.0,1,1,1,1
smd,group23_evaluation,machine-2-2,6,21024,21027,robust_z,-1,"[10, 9, 23, 25, 33, 19, 24, 5, 21, 30, 11, 27, 6, 20, 1, 13, 18, 22, 35, 34, 0, 31, 2, 3, 14, 8, 15, 4, 7, 12, 16, 17, 26, 28, 29, 32, 36, 37]",3,0.3333333333333333,1.0,0.5,1.0,1,1,3,1
smd,group23_evaluation,machine-2-2,6,21024,21027,robust_z,-1,"[10, 9, 23, 25, 33, 19, 24, 5, 21, 30, 11, 27, 6, 20, 1, 13, 18, 22, 35, 34, 0, 31, 2, 3, 14, 8, 15, 4, 7, 12, 16, 17, 26, 28, 29, 32, 36, 37]",5,0.2,1.0,0.33333333333333337,1.0,1,1,5,1
smd,group23_evaluation,machine-2-2,6,21024,21027,pca_q,-1,"[9, 10, 12, 17, 32, 29, 11, 8, 23, 33, 25, 13, 14, 15, 1, 5, 0, 35, 34, 24, 19, 30, 6, 21, 22, 31, 27, 18, 20, 2, 3, 4, 7, 16, 26, 28, 36, 37]",1,0.0,0.0,0.0,0.0,0,1,1,0
smd,group23_evaluation,machine-2-2,6,21024,21027,pca_q,-1,"[9, 10, 12, 17, 32, 29, 11, 8, 23, 33, 25, 13, 14, 15, 1, 5, 0, 35, 34, 24, 19, 30, 6, 21, 22, 31, 27, 18, 20, 2, 3, 4, 7, 16, 26, 28, 36, 37]",3,0.3333333333333333,1.0,0.5,0.6309297535714575,1,1,3,1
smd,group23_evaluation,machine-2-2,6,21024,21027,pca_q,-1,"[9, 10, 12, 17, 32, 29, 11, 8, 23, 33, 25, 13, 14, 15, 1, 5, 0, 35, 34, 24, 19, 30, 6, 21, 22, 31, 27, 18, 20, 2, 3, 4, 7, 16, 26, 28, 36, 37]",5,0.2,1.0,0.33333333333333337,0.6309297535714575,1,1,5,1
smd,group23_evaluation,machine-2-2,6,21024,21027,baro_robust_scorer,-1,"[9, 19, 18, 13, 20, 27, 21, 30, 14, 24, 2, 25, 15, 1, 11, 23, 22, 33, 6, 5]",1,0.0,0.0,0.0,0.0,0,1,1,0
smd,group23_evaluation,machine-2-2,6,21024,21027,baro_robust_scorer,-1,"[9, 19, 18, 13, 20, 27, 21, 30, 14, 24, 2, 25, 15, 1, 11, 23, 22, 33, 6, 5]",3,0.0,0.0,0.0,0.0,0,1,3,0
smd,group23_evaluation,machine-2-2,6,21024,21027,baro_robust_scorer,-1,"[9, 19, 18, 13, 20, 27, 21, 30, 14, 24, 2, 25, 15, 1, 11, 23, 22, 33, 6, 5]",5,0.0,0.0,0.0,0.0,0,1,5,0
smd,group23_evaluation,machine-2-2,7,21280,21295,robust_z,-1,"[29, 32, 10, 9, 2, 1, 3, 0, 23, 25, 6, 31, 33, 11, 18, 19, 20, 5, 13, 21, 15, 14, 27, 30, 8, 22, 24, 34, 35, 4, 7, 12, 16, 17, 26, 28, 36, 37]",1,0.0,0.0,0.0,0.0,0,7,1,0
smd,group23_evaluation,machine-2-2,7,21280,21295,robust_z,-1,"[29, 32, 10, 9, 2, 1, 3, 0, 23, 25, 6, 31, 33, 11, 18, 19, 20, 5, 13, 21, 15, 14, 27, 30, 8, 22, 24, 34, 35, 4, 7, 12, 16, 17, 26, 28, 36, 37]",3,0.0,0.0,0.0,0.0,0,7,3,0
smd,group23_evaluation,machine-2-2,7,21280,21295,robust_z,-1,"[29, 32, 10, 9, 2, 1, 3, 0, 23, 25, 6, 31, 33, 11, 18, 19, 20, 5, 13, 21, 15, 14, 27, 30, 8, 22, 24, 34, 35, 4, 7, 12, 16, 17, 26, 28, 36, 37]",5,0.2,0.14285714285714285,0.16666666666666666,0.13120507751234178,1,7,5,1
smd,group23_evaluation,machine-2-2,7,21280,21295,pca_q,-1,"[12, 9, 10, 1, 2, 3, 0, 17, 25, 23, 6, 31, 11, 18, 32, 8, 19, 33, 15, 20, 22, 13, 14, 34, 35, 21, 27, 5, 30, 24, 29, 4, 7, 16, 26, 28, 36, 37]",1,0.0,0.0,0.0,0.0,0,7,1,0
smd,group23_evaluation,machine-2-2,7,21280,21295,pca_q,-1,"[12, 9, 10, 1, 2, 3, 0, 17, 25, 23, 6, 31, 11, 18, 32, 8, 19, 33, 15, 20, 22, 13, 14, 34, 35, 21, 27, 5, 30, 24, 29, 4, 7, 16, 26, 28, 36, 37]",3,0.0,0.0,0.0,0.0,0,7,3,0
smd,group23_evaluation,machine-2-2,7,21280,21295,pca_q,-1,"[12, 9, 10, 1, 2, 3, 0, 17, 25, 23, 6, 31, 11, 18, 32, 8, 19, 33, 15, 20, 22, 13, 14, 34, 35, 21, 27, 5, 30, 24, 29, 4, 7, 16, 26, 28, 36, 37]",5,0.4,0.2857142857142857,0.3333333333333333,0.27727342735504823,1,7,5,2
smd,group23_evaluation,machine-2-2,7,21280,21295,baro_robust_scorer,-1,"[2, 1, 3, 25, 6, 23, 18, 14, 20, 15, 33, 27, 19, 21, 30, 24, 34, 35, 11, 13, 22, 5, 31, 8]",1,1.0,0.14285714285714285,0.25,1.0,1,7,1,1
smd,group23_evaluation,machine-2-2,7,21280,21295,baro_robust_scorer,-1,"[2, 1, 3, 25, 6, 23, 18, 14, 20, 15, 33, 27, 19, 21, 30, 24, 34, 35, 11, 13, 22, 5, 31, 8]",3,1.0,0.42857142857142855,0.6,1.0,1,7,3,3
smd,group23_evaluation,machine-2-2,7,21280,21295,baro_robust_scorer,-1,"[2, 1, 3, 25, 6, 23, 18, 14, 20, 15, 33, 27, 19, 21, 30, 24, 34, 35, 11, 13, 22, 5, 31, 8]",5,0.8,0.5714285714285714,0.6666666666666666,0.8539316501572937,1,7,5,4
smd,group23_evaluation,machine-2-2,8,21405,21428,robust_z,-1,"[9, 10, 29, 19, 23, 25, 18, 0, 21, 20, 2, 1, 3, 27, 30, 31, 22, 33, 15, 11, 8, 13, 6, 14, 24, 34, 35, 5, 4, 7, 12, 16, 17, 26, 28, 32, 36, 37]",1,0.0,0.0,0.0,0.0,0,6,1,0
smd,group23_evaluation,machine-2-2,8,21405,21428,robust_z,-1,"[9, 10, 29, 19, 23, 25, 18, 0, 21, 20, 2, 1, 3, 27, 30, 31, 22, 33, 15, 11, 8, 13, 6, 14, 24, 34, 35, 5, 4, 7, 12, 16, 17, 26, 28, 32, 36, 37]",3,0.0,0.0,0.0,0.0,0,6,3,0
smd,group23_evaluation,machine-2-2,8,21405,21428,robust_z,-1,"[9, 10, 29, 19, 23, 25, 18, 0, 21, 20, 2, 1, 3, 27, 30, 31, 22, 33, 15, 11, 8, 13, 6, 14, 24, 34, 35, 5, 4, 7, 12, 16, 17, 26, 28, 32, 36, 37]",5,0.2,0.16666666666666666,0.1818181818181818,0.14606834984270645,1,6,5,1
smd,group23_evaluation,machine-2-2,8,21405,21428,pca_q,-1,"[9, 12, 10, 17, 19, 32, 25, 23, 0, 18, 21, 1, 20, 2, 3, 27, 29, 8, 22, 31, 11, 30, 15, 13, 14, 33, 6, 24, 34, 35, 5, 4, 7, 16, 26, 28, 36, 37]",1,0.0,0.0,0.0,0.0,0,6,1,0
smd,group23_evaluation,machine-2-2,8,21405,21428,pca_q,-1,"[9, 12, 10, 17, 19, 32, 25, 23, 0, 18, 21, 1, 20, 2, 3, 27, 29, 8, 22, 31, 11, 30, 15, 13, 14, 33, 6, 24, 34, 35, 5, 4, 7, 16, 26, 28, 36, 37]",3,0.0,0.0,0.0,0.0,0,6,3,0
smd,group23_evaluation,machine-2-2,8,21405,21428,pca_q,-1,"[9, 12, 10, 17, 19, 32, 25, 23, 0, 18, 21, 1, 20, 2, 3, 27, 29, 8, 22, 31, 11, 30, 15, 13, 14, 33, 6, 24, 34, 35, 5, 4, 7, 16, 26, 28, 36, 37]",5,0.2,0.16666666666666666,0.1818181818181818,0.13120507751234178,1,6,5,1
smd,group23_evaluation,machine-2-2,8,21405,21428,baro_robust_scorer,-1,"[25, 23, 19, 14, 15, 22, 13, 31, 21, 2, 3, 1, 27, 0, 30, 5, 24, 11, 34, 35, 6, 20, 33, 18, 8, 9, 10]",1,0.0,0.0,0.0,0.0,0,6,1,0
smd,group23_evaluation,machine-2-2,8,21405,21428,baro_robust_scorer,-1,"[25, 23, 19, 14, 15, 22, 13, 31, 21, 2, 3, 1, 27, 0, 30, 5, 24, 11, 34, 35, 6, 20, 33, 18, 8, 9, 10]",3,0.3333333333333333,0.16666666666666666,0.2222222222222222,0.23463936301137822,1,6,3,1
smd,group23_evaluation,machine-2-2,8,21405,21428,baro_robust_scorer,-1,"[25, 23, 19, 14, 15, 22, 13, 31, 21, 2, 3, 1, 27, 0, 30, 5, 24, 11, 34, 35, 6, 20, 33, 18, 8, 9, 10]",5,0.2,0.16666666666666666,0.1818181818181818,0.16958010263680806,1,6,5,1
smd,group23_evaluation,machine-2-2,9,22260,22263,robust_z,-1,"[12, 9, 10, 29, 11, 23, 25, 31, 6, 8, 22, 33, 2, 1, 19, 0, 21, 27, 20, 24, 30, 3, 13, 18, 14, 34, 35, 5, 15, 4, 7, 16, 17, 26, 28, 32, 36, 37]",1,1.0,0.2,0.33333333333333337,1.0,1,5,1,1
smd,group23_evaluation,machine-2-2,9,22260,22263,robust_z,-1,"[12, 9, 10, 29, 11, 23, 25, 31, 6, 8, 22, 33, 2, 1, 19, 0, 21, 27, 20, 24, 30, 3, 13, 18, 14, 34, 35, 5, 15, 4, 7, 16, 17, 26, 28, 32, 36, 37]",3,1.0,0.6,0.7499999999999999,1.0,1,5,3,3
smd,group23_evaluation,machine-2-2,9,22260,22263,robust_z,-1,"[12, 9, 10, 29, 11, 23, 25, 31, 6, 8, 22, 33, 2, 1, 19, 0, 21, 27, 20, 24, 30, 3, 13, 18, 14, 34, 35, 5, 15, 4, 7, 16, 17, 26, 28, 32, 36, 37]",5,0.8,0.8,0.8000000000000002,0.8539316501572937,1,5,5,4
smd,group23_evaluation,machine-2-2,9,22260,22263,pca_q,-1,"[12, 10, 9, 17, 32, 29, 25, 23, 8, 31, 13, 6, 33, 14, 22, 11, 15, 1, 19, 2, 24, 0, 18, 20, 30, 27, 21, 34, 35, 5, 3, 4, 7, 16, 26, 28, 36, 37]",1,1.0,0.2,0.33333333333333337,1.0,1,5,1,1
smd,group23_evaluation,machine-2-2,9,22260,22263,pca_q,-1,"[12, 10, 9, 17, 32, 29, 25, 23, 8, 31, 13, 6, 33, 14, 22, 11, 15, 1, 19, 2, 24, 0, 18, 20, 30, 27, 21, 34, 35, 5, 3, 4, 7, 16, 26, 28, 36, 37]",3,1.0,0.6,0.7499999999999999,1.0,1,5,3,3
smd,group23_evaluation,machine-2-2,9,22260,22263,pca_q,-1,"[12, 10, 9, 17, 32, 29, 25, 23, 8, 31, 13, 6, 33, 14, 22, 11, 15, 1, 19, 2, 24, 0, 18, 20, 30, 27, 21, 34, 35, 5, 3, 4, 7, 16, 26, 28, 36, 37]",5,0.6,0.6,0.6,0.7227265726449519,1,5,5,3
smd,group23_evaluation,machine-2-2,9,22260,22263,baro_robust_scorer,-1,"[24, 19, 21, 27, 30, 25, 23, 20, 34, 35, 18, 12, 11, 1, 2, 33, 22, 8, 14, 13, 15, 6, 5]",1,0.0,0.0,0.0,0.0,0,5,1,0
smd,group23_evaluation,machine-2-2,9,22260,22263,baro_robust_scorer,-1,"[24, 19, 21, 27, 30, 25, 23, 20, 34, 35, 18, 12, 11, 1, 2, 33, 22, 8, 14, 13, 15, 6, 5]",3,0.0,0.0,0.0,0.0,0,5,3,0
smd,group23_evaluation,machine-2-2,9,22260,22263,baro_robust_scorer,-1,"[24, 19, 21, 27, 30, 25, 23, 20, 34, 35, 18, 12, 11, 1, 2, 33, 22, 8, 14, 13, 15, 6, 5]",5,0.0,0.0,0.0,0.0,0,5,5,0
smd,group23_evaluation,machine-2-2,10,23099,23299,robust_z,-1,"[10, 9, 32, 12, 29, 22, 33, 34, 35, 0, 31, 3, 19, 18, 20, 2, 27, 30, 21, 1, 24, 15, 11, 5, 6, 8, 13, 14, 23, 25, 4, 7, 16, 17, 26, 28, 36, 37]",1,0.0,0.0,0.0,0.0,0,2,1,0
smd,group23_evaluation,machine-2-2,10,23099,23299,robust_z,-1,"[10, 9, 32, 12, 29, 22, 33, 34, 35, 0, 31, 3, 19, 18, 20, 2, 27, 30, 21, 1, 24, 15, 11, 5, 6, 8, 13, 14, 23, 25, 4, 7, 16, 17, 26, 28, 36, 37]",3,0.0,0.0,0.0,0.0,0,2,3,0
smd,group23_evaluation,machine-2-2,10,23099,23299,robust_z,-1,"[10, 9, 32, 12, 29, 22, 33, 34, 35, 0, 31, 3, 19, 18, 20, 2, 27, 30, 21, 1, 24, 15, 11, 5, 6, 8, 13, 14, 23, 25, 4, 7, 16, 17, 26, 28, 36, 37]",5,0.0,0.0,0.0,0.0,0,2,5,0
smd,group23_evaluation,machine-2-2,10,23099,23299,pca_q,-1,"[9, 12, 10, 17, 32, 29, 8, 22, 33, 15, 34, 35, 13, 3, 19, 0, 11, 14, 2, 1, 18, 31, 20, 6, 27, 24, 30, 21, 5, 23, 25, 4, 7, 16, 26, 28, 36, 37]",1,0.0,0.0,0.0,0.0,0,2,1,0
smd,group23_evaluation,machine-2-2,10,23099,23299,pca_q,-1,"[9, 12, 10, 17, 32, 29, 8, 22, 33, 15, 34, 35, 13, 3, 19, 0, 11, 14, 2, 1, 18, 31, 20, 6, 27, 24, 30, 21, 5, 23, 25, 4, 7, 16, 26, 28, 36, 37]",3,0.0,0.0,0.0,0.0,0,2,3,0
smd,group23_evaluation,machine-2-2,10,23099,23299,pca_q,-1,"[9, 12, 10, 17, 32, 29, 8, 22, 33, 15, 34, 35, 13, 3, 19, 0, 11, 14, 2, 1, 18, 31, 20, 6, 27, 24, 30, 21, 5, 23, 25, 4, 7, 16, 26, 28, 36, 37]",5,0.0,0.0,0.0,0.0,0,2,5,0
smd,group23_evaluation,machine-2-2,10,23099,23299,baro_robust_scorer,-1,"[8, 14, 33, 13, 15, 11, 19, 23, 22, 25, 1, 18, 21, 20, 27, 30, 0, 24, 2, 34, 35, 5, 3, 10, 9, 29, 6, 12, 32, 31]",1,1.0,0.5,0.6666666666666666,1.0,1,2,1,1
smd,group23_evaluation,machine-2-2,10,23099,23299,baro_robust_scorer,-1,"[8, 14, 33, 13, 15, 11, 19, 23, 22, 25, 1, 18, 21, 20, 27, 30, 0, 24, 2, 34, 35, 5, 3, 10, 9, 29, 6, 12, 32, 31]",3,0.6666666666666666,1.0,0.8,1.0,1,2,3,2
smd,group23_evaluation,machine-2-2,10,23099,23299,baro_robust_scorer,-1,"[8, 14, 33, 13, 15, 11, 19, 23, 22, 25, 1, 18, 21, 20, 27, 30, 0, 24, 2, 34, 35, 5, 3, 10, 9, 29, 6, 12, 32, 31]",5,0.4,1.0,0.5714285714285715,1.0,1,2,5,2
smd,group23_evaluation,machine-2-3,0,857,860,robust_z,-1,"[11, 12, 9, 1, 2, 6, 3, 35, 0, 34, 14, 13, 8, 21, 30, 20, 22, 27, 31, 19, 18, 24, 5, 10, 15, 25, 33, 23, 4, 7, 16, 17, 26, 28, 29, 32, 36, 37]",1,1.0,0.5,0.6666666666666666,1.0,1,2,1,1
smd,group23_evaluation,machine-2-3,0,857,860,robust_z,-1,"[11, 12, 9, 1, 2, 6, 3, 35, 0, 34, 14, 13, 8, 21, 30, 20, 22, 27, 31, 19, 18, 24, 5, 10, 15, 25, 33, 23, 4, 7, 16, 17, 26, 28, 29, 32, 36, 37]",3,0.6666666666666666,1.0,0.8,1.0,1,2,3,2
smd,group23_evaluation,machine-2-3,0,857,860,robust_z,-1,"[11, 12, 9, 1, 2, 6, 3, 35, 0, 34, 14, 13, 8, 21, 30, 20, 22, 27, 31, 19, 18, 24, 5, 10, 15, 25, 33, 23, 4, 7, 16, 17, 26, 28, 29, 32, 36, 37]",5,0.4,1.0,0.5714285714285715,1.0,1,2,5,2
smd,group23_evaluation,machine-2-3,0,857,860,pca_q,-1,"[12, 11, 9, 29, 32, 28, 1, 3, 2, 14, 25, 8, 23, 22, 0, 30, 18, 21, 27, 20, 35, 31, 19, 24, 6, 34, 13, 5, 10, 15, 33, 4, 7, 16, 17, 26, 36, 37]",1,1.0,0.5,0.6666666666666666,1.0,1,2,1,1
smd,group23_evaluation,machine-2-3,0,857,860,pca_q,-1,"[12, 11, 9, 29, 32, 28, 1, 3, 2, 14, 25, 8, 23, 22, 0, 30, 18, 21, 27, 20, 35, 31, 19, 24, 6, 34, 13, 5, 10, 15, 33, 4, 7, 16, 17, 26, 36, 37]",3,0.6666666666666666,1.0,0.8,1.0,1,2,3,2
smd,group23_evaluation,machine-2-3,0,857,860,pca_q,-1,"[12, 11, 9, 29, 32, 28, 1, 3, 2, 14, 25, 8, 23, 22, 0, 30, 18, 21, 27, 20, 35, 31, 19, 24, 6, 34, 13, 5, 10, 15, 33, 4, 7, 16, 17, 26, 36, 37]",5,0.4,1.0,0.5714285714285715,1.0,1,2,5,2
smd,group23_evaluation,machine-2-3,0,857,860,baro_robust_scorer,-1,"[14, 19, 8, 23, 20, 21, 27, 30, 13, 22, 0, 5, 31, 3, 18, 2, 33, 15, 10, 1, 34]",1,0.0,0.0,0.0,0.0,0,2,1,0
smd,group23_evaluation,machine-2-3,0,857,860,baro_robust_scorer,-1,"[14, 19, 8, 23, 20, 21, 27, 30, 13, 22, 0, 5, 31, 3, 18, 2, 33, 15, 10, 1, 34]",3,0.0,0.0,0.0,0.0,0,2,3,0
smd,group23_evaluation,machine-2-3,0,857,860,baro_robust_scorer,-1,"[14, 19, 8, 23, 20, 21, 27, 30, 13, 22, 0, 5, 31, 3, 18, 2, 33, 15, 10, 1, 34]",5,0.0,0.0,0.0,0.0,0,2,5,0
smd,group23_evaluation,machine-2-3,1,5739,5745,robust_z,-1,"[9, 12, 11, 6, 8, 1, 19, 18, 20, 2, 27, 21, 30, 3, 31, 33, 22, 24, 0, 10, 15, 13, 25, 23, 14, 35, 34, 5, 4, 7, 16, 17, 26, 28, 29, 32, 36, 37]",1,1.0,0.3333333333333333,0.5,1.0,1,3,1,1
smd,group23_evaluation,machine-2-3,1,5739,5745,robust_z,-1,"[9, 12, 11, 6, 8, 1, 19, 18, 20, 2, 27, 21, 30, 3, 31, 33, 22, 24, 0, 10, 15, 13, 25, 23, 14, 35, 34, 5, 4, 7, 16, 17, 26, 28, 29, 32, 36, 37]",3,0.6666666666666666,0.6666666666666666,0.6666666666666666,0.7653606369886217,1,3,3,2
smd,group23_evaluation,machine-2-3,1,5739,5745,robust_z,-1,"[9, 12, 11, 6, 8, 1, 19, 18, 20, 2, 27, 21, 30, 3, 31, 33, 22, 24, 0, 10, 15, 13, 25, 23, 14, 35, 34, 5, 4, 7, 16, 17, 26, 28, 29, 32, 36, 37]",5,0.6,1.0,0.7499999999999999,0.9469024295259745,1,3,5,3
smd,group23_evaluation,machine-2-3,1,5739,5745,pca_q,-1,"[9, 12, 11, 29, 28, 32, 1, 2, 3, 8, 6, 25, 23, 14, 33, 19, 18, 20, 27, 21, 30, 31, 13, 0, 22, 24, 10, 15, 34, 35, 5, 4, 7, 16, 17, 26, 36, 37]",1,1.0,0.3333333333333333,0.5,1.0,1,3,1,1
smd,group23_evaluation,machine-2-3,1,5739,5745,pca_q,-1,"[9, 12, 11, 29, 28, 32, 1, 2, 3, 8, 6, 25, 23, 14, 33, 19, 18, 20, 27, 21, 30, 31, 13, 0, 22, 24, 10, 15, 34, 35, 5, 4, 7, 16, 17, 26, 36, 37]",3,0.6666666666666666,0.6666666666666666,0.6666666666666666,0.7653606369886217,1,3,3,2
smd,group23_evaluation,machine-2-3,1,5739,5745,pca_q,-1,"[9, 12, 11, 29, 28, 32, 1, 2, 3, 8, 6, 25, 23, 14, 33, 19, 18, 20, 27, 21, 30, 31, 13, 0, 22, 24, 10, 15, 34, 35, 5, 4, 7, 16, 17, 26, 36, 37]",5,0.4,0.6666666666666666,0.5,0.7653606369886217,1,3,5,2
smd,group23_evaluation,machine-2-3,1,5739,5745,baro_robust_scorer,-1,"[8, 2, 1, 11, 18, 14, 34, 24, 31, 30, 27, 22, 19, 21, 9, 35, 20, 13, 25, 33, 5, 23, 6, 0, 3, 15, 10]",1,1.0,0.3333333333333333,0.5,1.0,1,3,1,1
smd,group23_evaluation,machine-2-3,1,5739,5745,baro_robust_scorer,-1,"[8, 2, 1, 11, 18, 14, 34, 24, 31, 30, 27, 22, 19, 21, 9, 35, 20, 13, 25, 33, 5, 23, 6, 0, 3, 15, 10]",3,0.3333333333333333,0.3333333333333333,0.3333333333333333,0.46927872602275644,1,3,3,1
smd,group23_evaluation,machine-2-3,1,5739,5745,baro_robust_scorer,-1,"[8, 2, 1, 11, 18, 14, 34, 24, 31, 30, 27, 22, 19, 21, 9, 35, 20, 13, 25, 33, 5, 23, 6, 0, 3, 15, 10]",5,0.2,0.3333333333333333,0.25,0.46927872602275644,1,3,5,1
smd,group23_evaluation,machine-2-3,2,6008,6012,robust_z,-1,"[12, 9, 11, 6, 8, 1, 2, 33, 3, 14, 13, 18, 15, 10, 27, 24, 20, 30, 21, 31, 22, 19, 0, 5, 25, 23, 34, 35, 4, 7, 16, 17, 26, 28, 29, 32, 36, 37]",1,1.0,0.3333333333333333,0.5,1.0,1,3,1,1
smd,group23_evaluation,machine-2-3,2,6008,6012,robust_z,-1,"[12, 9, 11, 6, 8, 1, 2, 33, 3, 14, 13, 18, 15, 10, 27, 24, 20, 30, 21, 31, 22, 19, 0, 5, 25, 23, 34, 35, 4, 7, 16, 17, 26, 28, 29, 32, 36, 37]",3,0.6666666666666666,0.6666666666666666,0.6666666666666666,0.7653606369886217,1,3,3,2
smd,group23_evaluation,machine-2-3,2,6008,6012,robust_z,-1,"[12, 9, 11, 6, 8, 1, 2, 33, 3, 14, 13, 18, 15, 10, 27, 24, 20, 30, 21, 31, 22, 19, 0, 5, 25, 23, 34, 35, 4, 7, 16, 17, 26, 28, 29, 32, 36, 37]",5,0.6,1.0,0.7499999999999999,0.9469024295259745,1,3,5,3
smd,group23_evaluation,machine-2-3,2,6008,6012,pca_q,-1,"[12, 9, 11, 29, 28, 32, 1, 2, 3, 25, 14, 23, 6, 8, 33, 13, 15, 10, 35, 0, 18, 22, 21, 20, 27, 30, 34, 31, 24, 19, 5, 4, 7, 16, 17, 26, 36, 37]",1,1.0,0.3333333333333333,0.5,1.0,1,3,1,1
smd,group23_evaluation,machine-2-3,2,6008,6012,pca_q,-1,"[12, 9, 11, 29, 28, 32, 1, 2, 3, 25, 14, 23, 6, 8, 33, 13, 15, 10, 35, 0, 18, 22, 21, 20, 27, 30, 34, 31, 24, 19, 5, 4, 7, 16, 17, 26, 36, 37]",3,0.6666666666666666,0.6666666666666666,0.6666666666666666,0.7653606369886217,1,3,3,2
smd,group23_evaluation,machine-2-3,2,6008,6012,pca_q,-1,"[12, 9, 11, 29, 28, 32, 1, 2, 3, 25, 14, 23, 6, 8, 33, 13, 15, 10, 35, 0, 18, 22, 21, 20, 27, 30, 34, 31, 24, 19, 5, 4, 7, 16, 17, 26, 36, 37]",5,0.4,0.6666666666666666,0.5,0.7653606369886217,1,3,5,2
smd,group23_evaluation,machine-2-3,2,6008,6012,baro_robust_scorer,-1,"[9, 11, 3, 2, 13, 31, 1, 30, 21, 15, 5, 27, 14, 10, 18, 19, 35, 20, 34, 22, 33, 6, 23, 25]",1,1.0,0.3333333333333333,0.5,1.0,1,3,1,1
smd,group23_evaluation,machine-2-3,2,6008,6012,baro_robust_scorer,-1,"[9, 11, 3, 2, 13, 31, 1, 30, 21, 15, 5, 27, 14, 10, 18, 19, 35, 20, 34, 22, 33, 6, 23, 25]",3,0.3333333333333333,0.3333333333333333,0.3333333333333333,0.46927872602275644,1,3,3,1
smd,group23_evaluation,machine-2-3,2,6008,6012,baro_robust_scorer,-1,"[9, 11, 3, 2, 13, 31, 1, 30, 21, 15, 5, 27, 14, 10, 18, 19, 35, 20, 34, 22, 33, 6, 23, 25]",5,0.2,0.3333333333333333,0.25,0.46927872602275644,1,3,5,1
smd,group23_evaluation,machine-2-3,3,7910,8010,robust_z,-1,"[11, 29, 3, 2, 1, 25, 23, 6, 31, 0, 22, 27, 30, 20, 19, 21, 10, 15, 24, 18, 33, 5, 13, 35, 34, 8, 14, 4, 7, 9, 12, 16, 17, 26, 28, 32, 36, 37]",1,0.0,0.0,0.0,0.0,0,18,1,0
smd,group23_evaluation,machine-2-3,3,7910,8010,robust_z,-1,"[11, 29, 3, 2, 1, 25, 23, 6, 31, 0, 22, 27, 30, 20, 19, 21, 10, 15, 24, 18, 33, 5, 13, 35, 34, 8, 14, 4, 7, 9, 12, 16, 17, 26, 28, 32, 36, 37]",3,0.3333333333333333,0.05555555555555555,0.09523809523809525,0.23463936301137822,1,18,3,1
smd,group23_evaluation,machine-2-3,3,7910,8010,robust_z,-1,"[11, 29, 3, 2, 1, 25, 23, 6, 31, 0, 22, 27, 30, 20, 19, 21, 10, 15, 24, 18, 33, 5, 13, 35, 34, 8, 14, 4, 7, 9, 12, 16, 17, 26, 28, 32, 36, 37]",5,0.6,0.16666666666666666,0.2608695652173913,0.4468535299918563,1,18,5,3
smd,group23_evaluation,machine-2-3,3,7910,8010,pca_q,-1,"[12, 11, 1, 2, 3, 25, 23, 32, 28, 29, 9, 6, 0, 31, 22, 15, 10, 27, 30, 24, 20, 21, 19, 18, 5, 33, 13, 14, 35, 8, 34, 4, 7, 16, 17, 26, 36, 37]",1,0.0,0.0,0.0,0.0,0,18,1,0
smd,group23_evaluation,machine-2-3,3,7910,8010,pca_q,-1,"[12, 11, 1, 2, 3, 25, 23, 32, 28, 29, 9, 6, 0, 31, 22, 15, 10, 27, 30, 24, 20, 21, 19, 18, 5, 33, 13, 14, 35, 8, 34, 4, 7, 16, 17, 26, 36, 37]",3,0.3333333333333333,0.05555555555555555,0.09523809523809525,0.23463936301137822,1,18,3,1
smd,group23_evaluation,machine-2-3,3,7910,8010,pca_q,-1,"[12, 11, 1, 2, 3, 25, 23, 32, 28, 29, 9, 6, 0, 31, 22, 15, 10, 27, 30, 24, 20, 21, 19, 18, 5, 33, 13, 14, 35, 8, 34, 4, 7, 16, 17, 26, 36, 37]",5,0.6,0.16666666666666666,0.2608695652173913,0.4468535299918563,1,18,5,3
smd,group23_evaluation,machine-2-3,3,7910,8010,baro_robust_scorer,-1,"[3, 1, 2, 25, 23, 0, 22, 14, 31, 27, 30, 15, 24, 20, 18, 21, 10, 6, 8, 19, 11, 13, 34, 35, 33, 29, 5]",1,1.0,0.05555555555555555,0.10526315789473684,1.0,1,18,1,1
smd,group23_evaluation,machine-2-3,3,7910,8010,baro_robust_scorer,-1,"[3, 1, 2, 25, 23, 0, 22, 14, 31, 27, 30, 15, 24, 20, 18, 21, 10, 6, 8, 19, 11, 13, 34, 35, 33, 29, 5]",3,1.0,0.16666666666666666,0.2857142857142857,1.0,1,18,3,3
smd,group23_evaluation,machine-2-3,3,7910,8010,baro_robust_scorer,-1,"[3, 1, 2, 25, 23, 0, 22, 14, 31, 27, 30, 15, 24, 20, 18, 21, 10, 6, 8, 19, 11, 13, 34, 35, 33, 29, 5]",5,1.0,0.2777777777777778,0.4347826086956522,1.0,1,18,5,5
smd,group23_evaluation,machine-2-3,4,10953,10957,robust_z,-1,"[11, 12, 9, 14, 8, 6, 33, 13, 35, 0, 34, 3, 21, 30, 20, 27, 19, 18, 22, 2, 31, 5, 24, 1, 10, 15, 23, 4, 7, 16, 17, 25, 26, 28, 29, 32, 36, 37]",1,1.0,0.3333333333333333,0.5,1.0,1,3,1,1
smd,group23_evaluation,machine-2-3,4,10953,10957,robust_z,-1,"[11, 12, 9, 14, 8, 6, 33, 13, 35, 0, 34, 3, 21, 30, 20, 27, 19, 18, 22, 2, 31, 5, 24, 1, 10, 15, 23, 4, 7, 16, 17, 25, 26, 28, 29, 32, 36, 37]",3,0.3333333333333333,0.3333333333333333,0.3333333333333333,0.46927872602275644,1,3,3,1
smd,group23_evaluation,machine-2-3,4,10953,10957,robust_z,-1,"[11, 12, 9, 14, 8, 6, 33, 13, 35, 0, 34, 3, 21, 30, 20, 27, 19, 18, 22, 2, 31, 5, 24, 1, 10, 15, 23, 4, 7, 16, 17, 25, 26, 28, 29, 32, 36, 37]",5,0.6,1.0,0.7499999999999999,0.8529278650606567,1,3,5,3
smd,group23_evaluation,machine-2-3,4,10953,10957,pca_q,-1,"[12, 11, 9, 29, 32, 28, 3, 14, 2, 1, 6, 8, 25, 22, 0, 30, 21, 27, 35, 20, 18, 31, 19, 23, 24, 34, 13, 33, 10, 15, 5, 4, 7, 16, 17, 26, 36, 37]",1,0.0,0.0,0.0,0.0,0,3,1,0
smd,group23_evaluation,machine-2-3,4,10953,10957,pca_q,-1,"[12, 11, 9, 29, 32, 28, 3, 14, 2, 1, 6, 8, 25, 22, 0, 30, 21, 27, 35, 20, 18, 31, 19, 23, 24, 34, 13, 33, 10, 15, 5, 4, 7, 16, 17, 26, 36, 37]",3,0.3333333333333333,0.3333333333333333,0.3333333333333333,0.2960819109658652,1,3,3,1
smd,group23_evaluation,machine-2-3,4,10953,10957,pca_q,-1,"[12, 11, 9, 29, 32, 28, 3, 14, 2, 1, 6, 8, 25, 22, 0, 30, 21, 27, 35, 20, 18, 31, 19, 23, 24, 34, 13, 33, 10, 15, 5, 4, 7, 16, 17, 26, 36, 37]",5,0.2,0.3333333333333333,0.25,0.2960819109658652,1,3,5,1
smd,group23_evaluation,machine-2-3,4,10953,10957,baro_robust_scorer,-1,"[14, 2, 10, 15, 1, 19, 22, 30, 21, 20, 27, 18, 31, 33, 23, 13]",1,1.0,0.3333333333333333,0.5,1.0,1,3,1,1
smd,group23_evaluation,machine-2-3,4,10953,10957,baro_robust_scorer,-1,"[14, 2, 10, 15, 1, 19, 22, 30, 21, 20, 27, 18, 31, 33, 23, 13]",3,0.3333333333333333,0.3333333333333333,0.3333333333333333,0.46927872602275644,1,3,3,1
smd,group23_evaluation,machine-2-3,4,10953,10957,baro_robust_scorer,-1,"[14, 2, 10, 15, 1, 19, 22, 30, 21, 20, 27, 18, 31, 33, 23, 13]",5,0.2,0.3333333333333333,0.25,0.46927872602275644,1,3,5,1
smd,group23_evaluation,machine-2-3,5,12200,12226,robust_z,-1,"[11, 6, 2, 0, 1, 3, 22, 31, 10, 24, 15, 30, 27, 19, 20, 21, 25, 13, 23, 33, 5, 18, 14, 8, 9, 35, 34, 4, 7, 12, 16, 17, 26, 28, 29, 32, 36, 37]",1,0.0,0.0,0.0,0.0,0,13,1,0
smd,group23_evaluation,machine-2-3,5,12200,12226,robust_z,-1,"[11, 6, 2, 0, 1, 3, 22, 31, 10, 24, 15, 30, 27, 19, 20, 21, 25, 13, 23, 33, 5, 18, 14, 8, 9, 35, 34, 4, 7, 12, 16, 17, 26, 28, 29, 32, 36, 37]",3,0.3333333333333333,0.07692307692307693,0.125,0.2960819109658652,1,13,3,1
smd,group23_evaluation,machine-2-3,5,12200,12226,robust_z,-1,"[11, 6, 2, 0, 1, 3, 22, 31, 10, 24, 15, 30, 27, 19, 20, 21, 25, 13, 23, 33, 5, 18, 14, 8, 9, 35, 34, 4, 7, 12, 16, 17, 26, 28, 29, 32, 36, 37]",5,0.4,0.15384615384615385,0.2222222222222222,0.36005461457723403,1,13,5,2
smd,group23_evaluation,machine-2-3,5,12200,12226,pca_q,-1,"[12, 11, 6, 29, 28, 9, 0, 1, 32, 2, 22, 31, 3, 15, 10, 24, 30, 27, 19, 20, 25, 21, 23, 13, 33, 5, 18, 14, 8, 35, 34, 4, 7, 16, 17, 26, 36, 37]",1,0.0,0.0,0.0,0.0,0,13,1,0
smd,group23_evaluation,machine-2-3,5,12200,12226,pca_q,-1,"[12, 11, 6, 29, 28, 9, 0, 1, 32, 2, 22, 31, 3, 15, 10, 24, 30, 27, 19, 20, 25, 21, 23, 13, 33, 5, 18, 14, 8, 35, 34, 4, 7, 16, 17, 26, 36, 37]",3,0.3333333333333333,0.07692307692307693,0.125,0.23463936301137822,1,13,3,1
smd,group23_evaluation,machine-2-3,5,12200,12226,pca_q,-1,"[12, 11, 6, 29, 28, 9, 0, 1, 32, 2, 22, 31, 3, 15, 10, 24, 30, 27, 19, 20, 25, 21, 23, 13, 33, 5, 18, 14, 8, 35, 34, 4, 7, 16, 17, 26, 36, 37]",5,0.2,0.07692307692307693,0.1111111111111111,0.16958010263680806,1,13,5,1
smd,group23_evaluation,machine-2-3,5,12200,12226,baro_robust_scorer,-1,"[31, 22, 27, 30, 15, 10, 23, 24, 20, 19, 21, 1, 13, 2, 3, 5, 18, 6, 11, 14, 0, 33, 34, 25, 8, 35]",1,1.0,0.07692307692307693,0.14285714285714288,1.0,1,13,1,1
smd,group23_evaluation,machine-2-3,5,12200,12226,baro_robust_scorer,-1,"[31, 22, 27, 30, 15, 10, 23, 24, 20, 19, 21, 1, 13, 2, 3, 5, 18, 6, 11, 14, 0, 33, 34, 25, 8, 35]",3,1.0,0.23076923076923078,0.375,1.0,1,13,3,3
smd,group23_evaluation,machine-2-3,5,12200,12226,baro_robust_scorer,-1,"[31, 22, 27, 30, 15, 10, 23, 24, 20, 19, 21, 1, 13, 2, 3, 5, 18, 6, 11, 14, 0, 33, 34, 25, 8, 35]",5,1.0,0.38461538461538464,0.5555555555555556,1.0,1,13,5,5
smd,group23_evaluation,machine-2-3,6,15070,15151,robust_z,-1,"[11, 29, 6, 31, 19, 3, 20, 27, 2, 21, 30, 1, 0, 22, 18, 15, 10, 24, 33, 13, 5, 25, 8, 14, 23, 35, 34, 4, 7, 9, 12, 16, 17, 26, 28, 32, 36, 37]",1,0.0,0.0,0.0,0.0,0,11,1,0
smd,group23_evaluation,machine-2-3,6,15070,15151,robust_z,-1,"[11, 29, 6, 31, 19, 3, 20, 27, 2, 21, 30, 1, 0, 22, 18, 15, 10, 24, 33, 13, 5, 25, 8, 14, 23, 35, 34, 4, 7, 9, 12, 16, 17, 26, 28, 32, 36, 37]",3,0.3333333333333333,0.09090909090909091,0.14285714285714288,0.23463936301137822,1,11,3,1
smd,group23_evaluation,machine-2-3,6,15070,15151,robust_z,-1,"[11, 29, 6, 31, 19, 3, 20, 27, 2, 21, 30, 1, 0, 22, 18, 15, 10, 24, 33, 13, 5, 25, 8, 14, 23, 35, 34, 4, 7, 9, 12, 16, 17, 26, 28, 32, 36, 37]",5,0.6,0.2727272727272727,0.37499999999999994,0.4468535299918563,1,11,5,3
smd,group23_evaluation,machine-2-3,6,15070,15151,pca_q,-1,"[12, 11, 1, 28, 32, 2, 29, 9, 6, 3, 31, 0, 25, 23, 22, 19, 27, 20, 30, 21, 24, 15, 10, 18, 33, 13, 5, 14, 8, 35, 34, 4, 7, 16, 17, 26, 36, 37]",1,0.0,0.0,0.0,0.0,0,11,1,0
smd,group23_evaluation,machine-2-3,6,15070,15151,pca_q,-1,"[12, 11, 1, 28, 32, 2, 29, 9, 6, 3, 31, 0, 25, 23, 22, 19, 27, 20, 30, 21, 24, 15, 10, 18, 33, 13, 5, 14, 8, 35, 34, 4, 7, 16, 17, 26, 36, 37]",3,0.0,0.0,0.0,0.0,0,11,3,0
smd,group23_evaluation,machine-2-3,6,15070,15151,pca_q,-1,"[12, 11, 1, 28, 32, 2, 29, 9, 6, 3, 31, 0, 25, 23, 22, 19, 27, 20, 30, 21, 24, 15, 10, 18, 33, 13, 5, 14, 8, 35, 34, 4, 7, 16, 17, 26, 36, 37]",5,0.0,0.0,0.0,0.0,0,11,5,0
smd,group23_evaluation,machine-2-3,6,15070,15151,baro_robust_scorer,-1,"[0, 1, 22, 31, 24, 2, 30, 3, 13, 27, 15, 19, 20, 10, 21, 23, 25, 14, 11, 18, 33, 8, 29, 34, 35, 6, 5]",1,1.0,0.09090909090909091,0.16666666666666669,1.0,1,11,1,1
smd,group23_evaluation,machine-2-3,6,15070,15151,baro_robust_scorer,-1,"[0, 1, 22, 31, 24, 2, 30, 3, 13, 27, 15, 19, 20, 10, 21, 23, 25, 14, 11, 18, 33, 8, 29, 34, 35, 6, 5]",3,0.6666666666666666,0.18181818181818182,0.28571428571428575,0.7039180890341347,1,11,3,2
smd,group23_evaluation,machine-2-3,6,15070,15151,baro_robust_scorer,-1,"[0, 1, 22, 31, 24, 2, 30, 3, 13, 27, 15, 19, 20, 10, 21, 23, 25, 14, 11, 18, 33, 8, 29, 34, 35, 6, 5]",5,0.8,0.36363636363636365,0.5000000000000001,0.7860137352654724,1,11,5,4
smd,group23_evaluation,machine-2-3,7,19375,19416,robust_z,-1,"[29, 28, 32, 11, 26, 2, 3, 1, 25, 23, 33, 0, 6, 22, 31, 24, 27, 30, 20, 21, 18, 19, 10, 15, 35, 34, 14, 8, 13, 5, 4, 7, 9, 12, 16, 17, 36, 37]",1,1.0,0.04,0.07692307692307693,1.0,1,25,1,1
smd,group23_evaluation,machine-2-3,7,19375,19416,robust_z,-1,"[29, 28, 32, 11, 26, 2, 3, 1, 25, 23, 33, 0, 6, 22, 31, 24, 27, 30, 20, 21, 18, 19, 10, 15, 35, 34, 14, 8, 13, 5, 4, 7, 9, 12, 16, 17, 36, 37]",3,1.0,0.12,0.21428571428571425,1.0,1,25,3,3
smd,group23_evaluation,machine-2-3,7,19375,19416,robust_z,-1,"[29, 28, 32, 11, 26, 2, 3, 1, 25, 23, 33, 0, 6, 22, 31, 24, 27, 30, 20, 21, 18, 19, 10, 15, 35, 34, 14, 8, 13, 5, 4, 7, 9, 12, 16, 17, 36, 37]",5,0.8,0.16,0.26666666666666666,0.8539316501572937,1,25,5,4
smd,group23_evaluation,machine-2-3,7,19375,19416,pca_q,-1,"[26, 12, 32, 28, 11, 2, 3, 1, 25, 23, 29, 9, 6, 0, 22, 31, 24, 27, 30, 15, 33, 10, 20, 18, 21, 19, 35, 34, 14, 5, 8, 13, 4, 7, 16, 17, 36, 37]",1,1.0,0.04,0.07692307692307693,1.0,1,25,1,1
smd,group23_evaluation,machine-2-3,7,19375,19416,pca_q,-1,"[26, 12, 32, 28, 11, 2, 3, 1, 25, 23, 29, 9, 6, 0, 22, 31, 24, 27, 30, 15, 33, 10, 20, 18, 21, 19, 35, 34, 14, 5, 8, 13, 4, 7, 16, 17, 36, 37]",3,0.6666666666666666,0.08,0.14285714285714285,0.7039180890341347,1,25,3,2
smd,group23_evaluation,machine-2-3,7,19375,19416,pca_q,-1,"[26, 12, 32, 28, 11, 2, 3, 1, 25, 23, 29, 9, 6, 0, 22, 31, 24, 27, 30, 15, 33, 10, 20, 18, 21, 19, 35, 34, 14, 5, 8, 13, 4, 7, 16, 17, 36, 37]",5,0.6,0.12,0.19999999999999998,0.6548086577531307,1,25,5,3
smd,group23_evaluation,machine-2-3,7,19375,19416,baro_robust_scorer,-1,"[2, 1, 3, 33, 23, 25, 0, 22, 24, 31, 35, 15, 30, 27, 10, 34, 21, 20, 11, 5, 18, 6, 19, 14, 13, 8, 29]",1,1.0,0.04,0.07692307692307693,1.0,1,25,1,1
smd,group23_evaluation,machine-2-3,7,19375,19416,baro_robust_scorer,-1,"[2, 1, 3, 33, 23, 25, 0, 22, 24, 31, 35, 15, 30, 27, 10, 34, 21, 20, 11, 5, 18, 6, 19, 14, 13, 8, 29]",3,1.0,0.12,0.21428571428571425,1.0,1,25,3,3
smd,group23_evaluation,machine-2-3,7,19375,19416,baro_robust_scorer,-1,"[2, 1, 3, 33, 23, 25, 0, 22, 24, 31, 35, 15, 30, 27, 10, 34, 21, 20, 11, 5, 18, 6, 19, 14, 13, 8, 29]",5,1.0,0.2,0.33333333333333337,1.0,1,25,5,5
smd,group23_evaluation,machine-2-3,8,19545,19553,robust_z,-1,"[11, 12, 29, 6, 1, 2, 33, 14, 35, 13, 8, 5, 10, 34, 15, 3, 19, 22, 31, 30, 21, 27, 20, 24, 0, 18, 23, 25, 4, 7, 9, 16, 17, 26, 28, 32, 36, 37]",1,1.0,1.0,1.0,1.0,1,1,1,1
smd,group23_evaluation,machine-2-3,8,19545,19553,robust_z,-1,"[11, 12, 29, 6, 1, 2, 33, 14, 35, 13, 8, 5, 10, 34, 15, 3, 19, 22, 31, 30, 21, 27, 20, 24, 0, 18, 23, 25, 4, 7, 9, 16, 17, 26, 28, 32, 36, 37]",3,0.3333333333333333,1.0,0.5,1.0,1,1,3,1
smd,group23_evaluation,machine-2-3,8,19545,19553,robust_z,-1,"[11, 12, 29, 6, 1, 2, 33, 14, 35, 13, 8, 5, 10, 34, 15, 3, 19, 22, 31, 30, 21, 27, 20, 24, 0, 18, 23, 25, 4, 7, 9, 16, 17, 26, 28, 32, 36, 37]",5,0.2,1.0,0.33333333333333337,1.0,1,1,5,1
smd,group23_evaluation,machine-2-3,8,19545,19553,pca_q,-1,"[12, 11, 29, 9, 32, 28, 1, 2, 3, 25, 6, 23, 0, 22, 31, 30, 27, 35, 24, 21, 8, 20, 14, 19, 18, 34, 10, 33, 15, 13, 5, 4, 7, 16, 17, 26, 36, 37]",1,0.0,0.0,0.0,0.0,0,1,1,0
smd,group23_evaluation,machine-2-3,8,19545,19553,pca_q,-1,"[12, 11, 29, 9, 32, 28, 1, 2, 3, 25, 6, 23, 0, 22, 31, 30, 27, 35, 24, 21, 8, 20, 14, 19, 18, 34, 10, 33, 15, 13, 5, 4, 7, 16, 17, 26, 36, 37]",3,0.3333333333333333,1.0,0.5,0.6309297535714575,1,1,3,1
smd,group23_evaluation,machine-2-3,8,19545,19553,pca_q,-1,"[12, 11, 29, 9, 32, 28, 1, 2, 3, 25, 6, 23, 0, 22, 31, 30, 27, 35, 24, 21, 8, 20, 14, 19, 18, 34, 10, 33, 15, 13, 5, 4, 7, 16, 17, 26, 36, 37]",5,0.2,1.0,0.33333333333333337,0.6309297535714575,1,1,5,1
smd,group23_evaluation,machine-2-3,8,19545,19553,baro_robust_scorer,-1,"[11, 14, 2, 3, 1, 35, 22, 0, 34, 27, 20, 15, 10, 21, 30, 5, 18, 19, 6, 13, 33, 8, 24, 31]",1,1.0,1.0,1.0,1.0,1,1,1,1
smd,group23_evaluation,machine-2-3,8,19545,19553,baro_robust_scorer,-1,"[11, 14, 2, 3, 1, 35, 22, 0, 34, 27, 20, 15, 10, 21, 30, 5, 18, 19, 6, 13, 33, 8, 24, 31]",3,0.3333333333333333,1.0,0.5,1.0,1,1,3,1
smd,group23_evaluation,machine-2-3,8,19545,19553,baro_robust_scorer,-1,"[11, 14, 2, 3, 1, 35, 22, 0, 34, 27, 20, 15, 10, 21, 30, 5, 18, 19, 6, 13, 33, 8, 24, 31]",5,0.2,1.0,0.33333333333333337,1.0,1,1,5,1
smd,group23_evaluation,machine-2-3,9,20253,20258,robust_z,-1,"[29, 32, 11, 33, 6, 23, 25, 10, 15, 24, 0, 14, 8, 22, 3, 35, 13, 19, 31, 1, 34, 21, 18, 27, 20, 30, 2, 5, 4, 7, 9, 12, 16, 17, 26, 28, 36, 37]",1,1.0,1.0,1.0,1.0,1,1,1,1
smd,group23_evaluation,machine-2-3,9,20253,20258,robust_z,-1,"[29, 32, 11, 33, 6, 23, 25, 10, 15, 24, 0, 14, 8, 22, 3, 35, 13, 19, 31, 1, 34, 21, 18, 27, 20, 30, 2, 5, 4, 7, 9, 12, 16, 17, 26, 28, 36, 37]",3,0.3333333333333333,1.0,0.5,1.0,1,1,3,1
smd,group23_evaluation,machine-2-3,9,20253,20258,robust_z,-1,"[29, 32, 11, 33, 6, 23, 25, 10, 15, 24, 0, 14, 8, 22, 3, 35, 13, 19, 31, 1, 34, 21, 18, 27, 20, 30, 2, 5, 4, 7, 9, 12, 16, 17, 26, 28, 36, 37]",5,0.2,1.0,0.33333333333333337,1.0,1,1,5,1
smd,group23_evaluation,machine-2-3,9,20253,20258,pca_q,-1,"[32, 28, 12, 11, 1, 2, 3, 25, 23, 9, 33, 29, 0, 6, 22, 31, 24, 30, 27, 20, 21, 19, 18, 13, 15, 10, 35, 34, 8, 14, 5, 4, 7, 16, 17, 26, 36, 37]",1,0.0,0.0,0.0,0.0,0,1,1,0
smd,group23_evaluation,machine-2-3,9,20253,20258,pca_q,-1,"[32, 28, 12, 11, 1, 2, 3, 25, 23, 9, 33, 29, 0, 6, 22, 31, 24, 30, 27, 20, 21, 19, 18, 13, 15, 10, 35, 34, 8, 14, 5, 4, 7, 16, 17, 26, 36, 37]",3,0.0,0.0,0.0,0.0,0,1,3,0
smd,group23_evaluation,machine-2-3,9,20253,20258,pca_q,-1,"[32, 28, 12, 11, 1, 2, 3, 25, 23, 9, 33, 29, 0, 6, 22, 31, 24, 30, 27, 20, 21, 19, 18, 13, 15, 10, 35, 34, 8, 14, 5, 4, 7, 16, 17, 26, 36, 37]",5,0.0,0.0,0.0,0.0,0,1,5,0
smd,group23_evaluation,machine-2-3,9,20253,20258,baro_robust_scorer,-1,"[33, 22, 13, 30, 21, 35, 34, 23, 25, 27, 15, 20, 10, 31, 6, 5, 18, 0, 1, 2, 8, 11, 14, 19]",1,0.0,0.0,0.0,0.0,0,1,1,0
smd,group23_evaluation,machine-2-3,9,20253,20258,baro_robust_scorer,-1,"[33, 22, 13, 30, 21, 35, 34, 23, 25, 27, 15, 20, 10, 31, 6, 5, 18, 0, 1, 2, 8, 11, 14, 19]",3,0.0,0.0,0.0,0.0,0,1,3,0
smd,group23_evaluation,machine-2-3,9,20253,20258,baro_robust_scorer,-1,"[33, 22, 13, 30, 21, 35, 34, 23, 25, 27, 15, 20, 10, 31, 6, 5, 18, 0, 1, 2, 8, 11, 14, 19]",5,0.0,0.0,0.0,0.0,0,1,5,0
smd,group23_evaluation,machine-2-4,0,1012,1016,robust_z,-1,"[8, 12, 14, 13, 11, 23, 25, 0, 33, 30, 21, 15, 27, 20, 18, 3, 19, 5, 34, 31, 2, 35, 10, 22, 1, 24, 29, 6, 32, 4, 7, 9, 16, 17, 26, 28, 36, 37]",1,1.0,0.2,0.33333333333333337,1.0,1,5,1,1
smd,group23_evaluation,machine-2-4,0,1012,1016,robust_z,-1,"[8, 12, 14, 13, 11, 23, 25, 0, 33, 30, 21, 15, 27, 20, 18, 3, 19, 5, 34, 31, 2, 35, 10, 22, 1, 24, 29, 6, 32, 4, 7, 9, 16, 17, 26, 28, 36, 37]",3,1.0,0.6,0.7499999999999999,1.0,1,5,3,3
smd,group23_evaluation,machine-2-4,0,1012,1016,robust_z,-1,"[8, 12, 14, 13, 11, 23, 25, 0, 33, 30, 21, 15, 27, 20, 18, 3, 19, 5, 34, 31, 2, 35, 10, 22, 1, 24, 29, 6, 32, 4, 7, 9, 16, 17, 26, 28, 36, 37]",5,1.0,1.0,1.0,1.0,1,5,5,5
smd,group23_evaluation,machine-2-4,0,1012,1016,pca_q,-1,"[12, 9, 8, 14, 13, 11, 15, 33, 10, 23, 25, 0, 5, 3, 22, 19, 2, 34, 30, 21, 31, 35, 27, 20, 18, 24, 1, 29, 32, 6, 4, 7, 16, 17, 26, 28, 36, 37]",1,1.0,0.2,0.33333333333333337,1.0,1,5,1,1
smd,group23_evaluation,machine-2-4,0,1012,1016,pca_q,-1,"[12, 9, 8, 14, 13, 11, 15, 33, 10, 23, 25, 0, 5, 3, 22, 19, 2, 34, 30, 21, 31, 35, 27, 20, 18, 24, 1, 29, 32, 6, 4, 7, 16, 17, 26, 28, 36, 37]",3,0.6666666666666666,0.4,0.5,0.7039180890341347,1,5,3,2
smd,group23_evaluation,machine-2-4,0,1012,1016,pca_q,-1,"[12, 9, 8, 14, 13, 11, 15, 33, 10, 23, 25, 0, 5, 3, 22, 19, 2, 34, 30, 21, 31, 35, 27, 20, 18, 24, 1, 29, 32, 6, 4, 7, 16, 17, 26, 28, 36, 37]",5,0.8,0.8,0.8000000000000002,0.7860137352654724,1,5,5,4
smd,group23_evaluation,machine-2-4,0,1012,1016,baro_robust_scorer,-1,"[14, 13, 15, 11, 1, 19, 3, 2, 31, 10, 30, 21, 22, 27, 20, 18, 34, 33, 23, 25, 35, 29, 5, 6]",1,1.0,0.2,0.33333333333333337,1.0,1,5,1,1
smd,group23_evaluation,machine-2-4,0,1012,1016,baro_robust_scorer,-1,"[14, 13, 15, 11, 1, 19, 3, 2, 31, 10, 30, 21, 22, 27, 20, 18, 34, 33, 23, 25, 35, 29, 5, 6]",3,0.6666666666666666,0.4,0.5,0.7653606369886217,1,5,3,2
smd,group23_evaluation,machine-2-4,0,1012,1016,baro_robust_scorer,-1,"[14, 13, 15, 11, 1, 19, 3, 2, 31, 10, 30, 21, 22, 27, 20, 18, 34, 33, 23, 25, 35, 29, 5, 6]",5,0.6,0.6,0.6,0.6992148198508501,1,5,5,3
smd,group23_evaluation,machine-2-4,1,2098,2102,robust_z,-1,"[12, 8, 13, 14, 11, 5, 10, 15, 0, 23, 25, 1, 2, 3, 32, 31, 34, 33, 35, 22, 19, 6, 30, 21, 27, 20, 18, 24, 29, 4, 7, 9, 16, 17, 26, 28, 36, 37]",1,1.0,0.5,0.6666666666666666,1.0,1,2,1,1
smd,group23_evaluation,machine-2-4,1,2098,2102,robust_z,-1,"[12, 8, 13, 14, 11, 5, 10, 15, 0, 23, 25, 1, 2, 3, 32, 31, 34, 33, 35, 22, 19, 6, 30, 21, 27, 20, 18, 24, 29, 4, 7, 9, 16, 17, 26, 28, 36, 37]",3,0.6666666666666666,1.0,0.8,0.9197207891481876,1,2,3,2
smd,group23_evaluation,machine-2-4,1,2098,2102,robust_z,-1,"[12, 8, 13, 14, 11, 5, 10, 15, 0, 23, 25, 1, 2, 3, 32, 31, 34, 33, 35, 22, 19, 6, 30, 21, 27, 20, 18, 24, 29, 4, 7, 9, 16, 17, 26, 28, 36, 37]",5,0.4,1.0,0.5714285714285715,0.9197207891481876,1,2,5,2
smd,group23_evaluation,machine-2-4,1,2098,2102,pca_q,-1,"[12, 9, 8, 13, 11, 14, 15, 5, 0, 10, 33, 32, 1, 2, 3, 23, 25, 22, 6, 31, 34, 35, 19, 30, 24, 21, 27, 20, 18, 29, 4, 7, 16, 17, 26, 28, 36, 37]",1,1.0,0.5,0.6666666666666666,1.0,1,2,1,1
smd,group23_evaluation,machine-2-4,1,2098,2102,pca_q,-1,"[12, 9, 8, 13, 11, 14, 15, 5, 0, 10, 33, 32, 1, 2, 3, 23, 25, 22, 6, 31, 34, 35, 19, 30, 24, 21, 27, 20, 18, 29, 4, 7, 16, 17, 26, 28, 36, 37]",3,0.3333333333333333,0.5,0.4,0.6131471927654584,1,2,3,1
smd,group23_evaluation,machine-2-4,1,2098,2102,pca_q,-1,"[12, 9, 8, 13, 11, 14, 15, 5, 0, 10, 33, 32, 1, 2, 3, 23, 25, 22, 6, 31, 34, 35, 19, 30, 24, 21, 27, 20, 18, 29, 4, 7, 16, 17, 26, 28, 36, 37]",5,0.4,1.0,0.5714285714285715,0.8772153153380493,1,2,5,2
smd,group23_evaluation,machine-2-4,1,2098,2102,baro_robust_scorer,-1,"[8, 13, 11, 14, 15, 32, 22, 33, 5, 6, 18, 3, 1, 2, 20, 27, 21, 10, 24, 25, 29, 19, 30, 23, 0, 31, 34, 35]",1,0.0,0.0,0.0,0.0,0,2,1,0
smd,group23_evaluation,machine-2-4,1,2098,2102,baro_robust_scorer,-1,"[8, 13, 11, 14, 15, 32, 22, 33, 5, 6, 18, 3, 1, 2, 20, 27, 21, 10, 24, 25, 29, 19, 30, 23, 0, 31, 34, 35]",3,0.3333333333333333,0.5,0.4,0.38685280723454163,1,2,3,1
smd,group23_evaluation,machine-2-4,1,2098,2102,baro_robust_scorer,-1,"[8, 13, 11, 14, 15, 32, 22, 33, 5, 6, 18, 3, 1, 2, 20, 27, 21, 10, 24, 25, 29, 19, 30, 23, 0, 31, 34, 35]",5,0.2,0.5,0.28571428571428575,0.38685280723454163,1,2,5,1
smd,group23_evaluation,machine-2-4,2,3538,3542,robust_z,-1,"[8, 12, 13, 14, 11, 5, 6, 0, 1, 10, 2, 3, 25, 23, 22, 31, 34, 35, 24, 33, 19, 15, 30, 21, 27, 20, 18, 29, 4, 7, 9, 16, 17, 26, 28, 32, 36, 37]",1,0.0,0.0,0.0,0.0,0,3,1,0
smd,group23_evaluation,machine-2-4,2,3538,3542,robust_z,-1,"[8, 12, 13, 14, 11, 5, 6, 0, 1, 10, 2, 3, 25, 23, 22, 31, 34, 35, 24, 33, 19, 15, 30, 21, 27, 20, 18, 29, 4, 7, 9, 16, 17, 26, 28, 32, 36, 37]",3,0.6666666666666666,0.6666666666666666,0.6666666666666666,0.5307212739772434,1,3,3,2
smd,group23_evaluation,machine-2-4,2,3538,3542,robust_z,-1,"[8, 12, 13, 14, 11, 5, 6, 0, 1, 10, 2, 3, 25, 23, 22, 31, 34, 35, 24, 33, 19, 15, 30, 21, 27, 20, 18, 29, 4, 7, 9, 16, 17, 26, 28, 32, 36, 37]",5,0.6,1.0,0.7499999999999999,0.7122630665145961,1,3,5,3
smd,group23_evaluation,machine-2-4,2,3538,3542,pca_q,-1,"[12, 9, 8, 13, 14, 11, 5, 6, 15, 10, 0, 1, 33, 2, 22, 3, 25, 23, 19, 31, 34, 35, 32, 30, 21, 27, 20, 18, 29, 24, 4, 7, 16, 17, 26, 28, 36, 37]",1,1.0,0.3333333333333333,0.5,1.0,1,3,1,1
smd,group23_evaluation,machine-2-4,2,3538,3542,pca_q,-1,"[12, 9, 8, 13, 14, 11, 5, 6, 15, 10, 0, 1, 33, 2, 22, 3, 25, 23, 19, 31, 34, 35, 32, 30, 21, 27, 20, 18, 29, 24, 4, 7, 16, 17, 26, 28, 36, 37]",3,0.3333333333333333,0.3333333333333333,0.3333333333333333,0.46927872602275644,1,3,3,1
smd,group23_evaluation,machine-2-4,2,3538,3542,pca_q,-1,"[12, 9, 8, 13, 14, 11, 5, 6, 15, 10, 0, 1, 33, 2, 22, 3, 25, 23, 19, 31, 34, 35, 32, 30, 21, 27, 20, 18, 29, 24, 4, 7, 16, 17, 26, 28, 36, 37]",5,0.4,0.6666666666666666,0.5,0.6713860725233041,1,3,5,2
smd,group23_evaluation,machine-2-4,2,3538,3542,baro_robust_scorer,-1,"[8, 13, 14, 11, 6, 5, 31, 34, 35, 19, 23, 0, 25, 29, 30, 10, 15, 21, 33, 20, 27, 18, 24, 1, 22, 2, 3]",1,0.0,0.0,0.0,0.0,0,3,1,0
smd,group23_evaluation,machine-2-4,2,3538,3542,baro_robust_scorer,-1,"[8, 13, 14, 11, 6, 5, 31, 34, 35, 19, 23, 0, 25, 29, 30, 10, 15, 21, 33, 20, 27, 18, 24, 1, 22, 2, 3]",3,0.3333333333333333,0.3333333333333333,0.3333333333333333,0.2960819109658652,1,3,3,1
smd,group23_evaluation,machine-2-4,2,3538,3542,baro_robust_scorer,-1,"[8, 13, 14, 11, 6, 5, 31, 34, 35, 19, 23, 0, 25, 29, 30, 10, 15, 21, 33, 20, 27, 18, 24, 1, 22, 2, 3]",5,0.4,0.6666666666666666,0.5,0.49818925746641285,1,3,5,2
smd,group23_evaluation,machine-2-4,3,4576,4579,robust_z,-1,"[8, 15, 10, 6, 11, 14, 5, 22, 29, 24, 32, 18, 21, 20, 30, 27, 19, 33, 0, 34, 35, 1, 23, 31, 25, 2, 13, 3, 4, 7, 9, 12, 16, 17, 26, 28, 36, 37]",1,0.0,0.0,0.0,0.0,0,2,1,0
smd,group23_evaluation,machine-2-4,3,4576,4579,robust_z,-1,"[8, 15, 10, 6, 11, 14, 5, 22, 29, 24, 32, 18, 21, 20, 30, 27, 19, 33, 0, 34, 35, 1, 23, 31, 25, 2, 13, 3, 4, 7, 9, 12, 16, 17, 26, 28, 36, 37]",3,0.6666666666666666,1.0,0.8,0.6934264036172708,1,2,3,2
smd,group23_evaluation,machine-2-4,3,4576,4579,robust_z,-1,"[8, 15, 10, 6, 11, 14, 5, 22, 29, 24, 32, 18, 21, 20, 30, 27, 19, 33, 0, 34, 35, 1, 23, 31, 25, 2, 13, 3, 4, 7, 9, 12, 16, 17, 26, 28, 36, 37]",5,0.4,1.0,0.5714285714285715,0.6934264036172708,1,2,5,2
smd,group23_evaluation,machine-2-4,3,4576,4579,pca_q,-1,"[12, 9, 8, 15, 10, 6, 22, 14, 5, 11, 29, 24, 18, 20, 21, 27, 30, 33, 19, 32, 1, 0, 34, 35, 23, 31, 25, 13, 2, 3, 4, 7, 16, 17, 26, 28, 36, 37]",1,0.0,0.0,0.0,0.0,0,2,1,0
smd,group23_evaluation,machine-2-4,3,4576,4579,pca_q,-1,"[12, 9, 8, 15, 10, 6, 22, 14, 5, 11, 29, 24, 18, 20, 21, 27, 30, 33, 19, 32, 1, 0, 34, 35, 23, 31, 25, 13, 2, 3, 4, 7, 16, 17, 26, 28, 36, 37]",3,0.0,0.0,0.0,0.0,0,2,3,0
smd,group23_evaluation,machine-2-4,3,4576,4579,pca_q,-1,"[12, 9, 8, 15, 10, 6, 22, 14, 5, 11, 29, 24, 18, 20, 21, 27, 30, 33, 19, 32, 1, 0, 34, 35, 23, 31, 25, 13, 2, 3, 4, 7, 16, 17, 26, 28, 36, 37]",5,0.4,1.0,0.5714285714285715,0.5012658353418871,1,2,5,2
smd,group23_evaluation,machine-2-4,3,4576,4579,baro_robust_scorer,-1,"[10, 21, 30, 14, 27, 20, 15, 18, 0, 19, 22, 24, 31, 2, 35, 34, 1, 13, 29, 25, 23, 3, 32, 33, 5, 6]",1,1.0,0.5,0.6666666666666666,1.0,1,2,1,1
smd,group23_evaluation,machine-2-4,3,4576,4579,baro_robust_scorer,-1,"[10, 21, 30, 14, 27, 20, 15, 18, 0, 19, 22, 24, 31, 2, 35, 34, 1, 13, 29, 25, 23, 3, 32, 33, 5, 6]",3,0.3333333333333333,0.5,0.4,0.6131471927654584,1,2,3,1
smd,group23_evaluation,machine-2-4,3,4576,4579,baro_robust_scorer,-1,"[10, 21, 30, 14, 27, 20, 15, 18, 0, 19, 22, 24, 31, 2, 35, 34, 1, 13, 29, 25, 23, 3, 32, 33, 5, 6]",5,0.2,0.5,0.28571428571428575,0.6131471927654584,1,2,5,1
smd,group23_evaluation,machine-2-4,4,4976,4980,robust_z,-1,"[8, 12, 13, 14, 11, 33, 10, 25, 23, 0, 1, 2, 3, 5, 31, 32, 34, 35, 19, 22, 6, 30, 27, 21, 20, 18, 24, 15, 29, 4, 7, 9, 16, 17, 26, 28, 36, 37]",1,1.0,0.3333333333333333,0.5,1.0,1,3,1,1
smd,group23_evaluation,machine-2-4,4,4976,4980,robust_z,-1,"[8, 12, 13, 14, 11, 33, 10, 25, 23, 0, 1, 2, 3, 5, 31, 32, 34, 35, 19, 22, 6, 30, 27, 21, 20, 18, 24, 15, 29, 4, 7, 9, 16, 17, 26, 28, 36, 37]",3,1.0,1.0,1.0,1.0,1,3,3,3
smd,group23_evaluation,machine-2-4,4,4976,4980,robust_z,-1,"[8, 12, 13, 14, 11, 33, 10, 25, 23, 0, 1, 2, 3, 5, 31, 32, 34, 35, 19, 22, 6, 30, 27, 21, 20, 18, 24, 15, 29, 4, 7, 9, 16, 17, 26, 28, 36, 37]",5,0.6,1.0,0.7499999999999999,1.0,1,3,5,3
smd,group23_evaluation,machine-2-4,4,4976,4980,pca_q,-1,"[12, 9, 8, 13, 14, 11, 10, 33, 32, 0, 15, 25, 23, 5, 1, 2, 3, 22, 6, 31, 19, 34, 35, 21, 30, 18, 20, 27, 24, 29, 4, 7, 16, 17, 26, 28, 36, 37]",1,1.0,0.3333333333333333,0.5,1.0,1,3,1,1
smd,group23_evaluation,machine-2-4,4,4976,4980,pca_q,-1,"[12, 9, 8, 13, 14, 11, 10, 33, 32, 0, 15, 25, 23, 5, 1, 2, 3, 22, 6, 31, 19, 34, 35, 21, 30, 18, 20, 27, 24, 29, 4, 7, 16, 17, 26, 28, 36, 37]",3,0.6666666666666666,0.6666666666666666,0.6666666666666666,0.7039180890341347,1,3,3,2
smd,group23_evaluation,machine-2-4,4,4976,4980,pca_q,-1,"[12, 9, 8, 13, 14, 11, 10, 33, 32, 0, 15, 25, 23, 5, 1, 2, 3, 22, 6, 31, 19, 34, 35, 21, 30, 18, 20, 27, 24, 29, 4, 7, 16, 17, 26, 28, 36, 37]",5,0.6,1.0,0.7499999999999999,0.9060254355346823,1,3,5,3
smd,group23_evaluation,machine-2-4,4,4976,4980,baro_robust_scorer,-1,"[13, 14, 11, 32, 19, 5, 6, 34, 35, 10, 31, 23, 30, 21, 25, 27, 20, 0, 18, 15, 33, 1, 24, 29, 22, 2, 3]",1,1.0,0.3333333333333333,0.5,1.0,1,3,1,1
smd,group23_evaluation,machine-2-4,4,4976,4980,baro_robust_scorer,-1,"[13, 14, 11, 32, 19, 5, 6, 34, 35, 10, 31, 23, 30, 21, 25, 27, 20, 0, 18, 15, 33, 1, 24, 29, 22, 2, 3]",3,0.3333333333333333,0.3333333333333333,0.3333333333333333,0.46927872602275644,1,3,3,1
smd,group23_evaluation,machine-2-4,4,4976,4980,baro_robust_scorer,-1,"[13, 14, 11, 32, 19, 5, 6, 34, 35, 10, 31, 23, 30, 21, 25, 27, 20, 0, 18, 15, 33, 1, 24, 29, 22, 2, 3]",5,0.2,0.3333333333333333,0.25,0.46927872602275644,1,3,5,1
smd,group23_evaluation,machine-2-4,5,5099,5380,robust_z,-1,"[8, 12, 9, 14, 11, 13, 23, 25, 33, 15, 18, 20, 27, 21, 30, 0, 10, 19, 3, 2, 1, 31, 34, 35, 5, 24, 6, 22, 29, 32, 4, 7, 16, 17, 26, 28, 36, 37]",1,0.0,0.0,0.0,0.0,0,5,1,0
smd,group23_evaluation,machine-2-4,5,5099,5380,robust_z,-1,"[8, 12, 9, 14, 11, 13, 23, 25, 33, 15, 18, 20, 27, 21, 30, 0, 10, 19, 3, 2, 1, 31, 34, 35, 5, 24, 6, 22, 29, 32, 4, 7, 16, 17, 26, 28, 36, 37]",3,0.6666666666666666,0.4,0.5,0.5307212739772434,1,5,3,2
smd,group23_evaluation,machine-2-4,5,5099,5380,robust_z,-1,"[8, 12, 9, 14, 11, 13, 23, 25, 33, 15, 18, 20, 27, 21, 30, 0, 10, 19, 3, 2, 1, 31, 34, 35, 5, 24, 6, 22, 29, 32, 4, 7, 16, 17, 26, 28, 36, 37]",5,0.6,0.6,0.6,0.5147714448836774,1,5,5,3
smd,group23_evaluation,machine-2-4,5,5099,5380,pca_q,-1,"[12, 9, 8, 14, 11, 13, 15, 10, 23, 25, 33, 0, 18, 20, 27, 6, 21, 30, 3, 2, 19, 1, 31, 5, 34, 35, 32, 22, 24, 29, 4, 7, 16, 17, 26, 28, 36, 37]",1,1.0,0.2,0.33333333333333337,1.0,1,5,1,1
smd,group23_evaluation,machine-2-4,5,5099,5380,pca_q,-1,"[12, 9, 8, 14, 11, 13, 15, 10, 23, 25, 33, 0, 18, 20, 27, 6, 21, 30, 3, 2, 19, 1, 31, 5, 34, 35, 32, 22, 24, 29, 4, 7, 16, 17, 26, 28, 36, 37]",3,0.6666666666666666,0.4,0.5,0.7653606369886217,1,5,3,2
smd,group23_evaluation,machine-2-4,5,5099,5380,pca_q,-1,"[12, 9, 8, 14, 11, 13, 15, 10, 23, 25, 33, 0, 18, 20, 27, 6, 21, 30, 3, 2, 19, 1, 31, 5, 34, 35, 32, 22, 24, 29, 4, 7, 16, 17, 26, 28, 36, 37]",5,0.6,0.6,0.6,0.6843515475204855,1,5,5,3
smd,group23_evaluation,machine-2-4,5,5099,5380,baro_robust_scorer,-1,"[14, 13, 11, 15, 10, 0, 33, 32, 5, 1, 6, 22, 23, 25, 8, 12, 19, 35, 34, 9, 24, 29, 31, 2, 30, 21, 20, 27, 18, 3]",1,0.0,0.0,0.0,0.0,0,5,1,0
smd,group23_evaluation,machine-2-4,5,5099,5380,baro_robust_scorer,-1,"[14, 13, 11, 15, 10, 0, 33, 32, 5, 1, 6, 22, 23, 25, 8, 12, 19, 35, 34, 9, 24, 29, 31, 2, 30, 21, 20, 27, 18, 3]",3,0.6666666666666666,0.4,0.5,0.5307212739772434,1,5,3,2
smd,group23_evaluation,machine-2-4,5,5099,5380,baro_robust_scorer,-1,"[14, 13, 11, 15, 10, 0, 33, 32, 5, 1, 6, 22, 23, 25, 8, 12, 19, 35, 34, 9, 24, 29, 31, 2, 30, 21, 20, 27, 18, 3]",5,0.4,0.4,0.4000000000000001,0.38356636737133565,1,5,5,2
smd,group23_evaluation,machine-2-4,6,6416,6419,robust_z,-1,"[8, 12, 13, 14, 11, 10, 5, 33, 0, 6, 32, 2, 3, 1, 22, 35, 34, 24, 23, 19, 15, 25, 20, 18, 27, 31, 21, 30, 29, 4, 7, 9, 16, 17, 26, 28, 36, 37]",1,1.0,0.3333333333333333,0.5,1.0,1,3,1,1
smd,group23_evaluation,machine-2-4,6,6416,6419,robust_z,-1,"[8, 12, 13, 14, 11, 10, 5, 33, 0, 6, 32, 2, 3, 1, 22, 35, 34, 24, 23, 19, 15, 25, 20, 18, 27, 31, 21, 30, 29, 4, 7, 9, 16, 17, 26, 28, 36, 37]",3,1.0,1.0,1.0,1.0,1,3,3,3
smd,group23_evaluation,machine-2-4,6,6416,6419,robust_z,-1,"[8, 12, 13, 14, 11, 10, 5, 33, 0, 6, 32, 2, 3, 1, 22, 35, 34, 24, 23, 19, 15, 25, 20, 18, 27, 31, 21, 30, 29, 4, 7, 9, 16, 17, 26, 28, 36, 37]",5,0.6,1.0,0.7499999999999999,1.0,1,3,5,3
smd,group23_evaluation,machine-2-4,6,6416,6419,pca_q,-1,"[12, 9, 8, 13, 14, 11, 10, 5, 33, 6, 0, 18, 20, 32, 22, 27, 2, 3, 25, 21, 30, 1, 29, 23, 19, 24, 15, 34, 35, 31, 4, 7, 16, 17, 26, 28, 36, 37]",1,1.0,0.3333333333333333,0.5,1.0,1,3,1,1
smd,group23_evaluation,machine-2-4,6,6416,6419,pca_q,-1,"[12, 9, 8, 13, 14, 11, 10, 5, 33, 6, 0, 18, 20, 32, 22, 27, 2, 3, 25, 21, 30, 1, 29, 23, 19, 24, 15, 34, 35, 31, 4, 7, 16, 17, 26, 28, 36, 37]",3,0.6666666666666666,0.6666666666666666,0.6666666666666666,0.7039180890341347,1,3,3,2
smd,group23_evaluation,machine-2-4,6,6416,6419,pca_q,-1,"[12, 9, 8, 13, 14, 11, 10, 5, 33, 6, 0, 18, 20, 32, 22, 27, 2, 3, 25, 21, 30, 1, 29, 23, 19, 24, 15, 34, 35, 31, 4, 7, 16, 17, 26, 28, 36, 37]",5,0.6,1.0,0.7499999999999999,0.9060254355346823,1,3,5,3
smd,group23_evaluation,machine-2-4,6,6416,6419,baro_robust_scorer,-1,"[8, 13, 14, 11, 6, 5, 10, 2, 1, 3, 24, 32, 33, 35, 34, 19, 31, 22, 0, 30, 15, 21, 18, 20, 27, 25, 23]",1,1.0,0.3333333333333333,0.5,1.0,1,3,1,1
smd,group23_evaluation,machine-2-4,6,6416,6419,baro_robust_scorer,-1,"[8, 13, 14, 11, 6, 5, 10, 2, 1, 3, 24, 32, 33, 35, 34, 19, 31, 22, 0, 30, 15, 21, 18, 20, 27, 25, 23]",3,0.6666666666666666,0.6666666666666666,0.6666666666666666,0.7653606369886217,1,3,3,2
smd,group23_evaluation,machine-2-4,6,6416,6419,baro_robust_scorer,-1,"[8, 13, 14, 11, 6, 5, 10, 2, 1, 3, 24, 32, 33, 35, 34, 19, 31, 22, 0, 30, 15, 21, 18, 20, 27, 25, 23]",5,0.4,0.6666666666666666,0.5,0.7653606369886217,1,3,5,2
smd,group23_evaluation,machine-2-4,7,7856,7859,robust_z,-1,"[8, 12, 13, 14, 11, 10, 33, 23, 25, 5, 0, 1, 2, 32, 3, 34, 19, 35, 31, 15, 6, 24, 30, 21, 27, 20, 18, 22, 29, 4, 7, 9, 16, 17, 26, 28, 36, 37]",1,1.0,0.3333333333333333,0.5,1.0,1,3,1,1
smd,group23_evaluation,machine-2-4,7,7856,7859,robust_z,-1,"[8, 12, 13, 14, 11, 10, 33, 23, 25, 5, 0, 1, 2, 32, 3, 34, 19, 35, 31, 15, 6, 24, 30, 21, 27, 20, 18, 22, 29, 4, 7, 9, 16, 17, 26, 28, 36, 37]",3,1.0,1.0,1.0,1.0,1,3,3,3
smd,group23_evaluation,machine-2-4,7,7856,7859,robust_z,-1,"[8, 12, 13, 14, 11, 10, 33, 23, 25, 5, 0, 1, 2, 32, 3, 34, 19, 35, 31, 15, 6, 24, 30, 21, 27, 20, 18, 22, 29, 4, 7, 9, 16, 17, 26, 28, 36, 37]",5,0.6,1.0,0.7499999999999999,1.0,1,3,5,3
smd,group23_evaluation,machine-2-4,7,7856,7859,pca_q,-1,"[12, 9, 8, 13, 14, 11, 10, 33, 23, 25, 5, 32, 0, 15, 1, 34, 35, 2, 31, 3, 19, 30, 21, 18, 27, 20, 22, 29, 6, 24, 4, 7, 16, 17, 26, 28, 36, 37]",1,1.0,0.3333333333333333,0.5,1.0,1,3,1,1
smd,group23_evaluation,machine-2-4,7,7856,7859,pca_q,-1,"[12, 9, 8, 13, 14, 11, 10, 33, 23, 25, 5, 32, 0, 15, 1, 34, 35, 2, 31, 3, 19, 30, 21, 18, 27, 20, 22, 29, 6, 24, 4, 7, 16, 17, 26, 28, 36, 37]",3,0.6666666666666666,0.6666666666666666,0.6666666666666666,0.7039180890341347,1,3,3,2
smd,group23_evaluation,machine-2-4,7,7856,7859,pca_q,-1,"[12, 9, 8, 13, 14, 11, 10, 33, 23, 25, 5, 32, 0, 15, 1, 34, 35, 2, 31, 3, 19, 30, 21, 18, 27, 20, 22, 29, 6, 24, 4, 7, 16, 17, 26, 28, 36, 37]",5,0.6,1.0,0.7499999999999999,0.9060254355346823,1,3,5,3
smd,group23_evaluation,machine-2-4,7,7856,7859,baro_robust_scorer,-1,"[8, 13, 14, 11, 5, 6, 1, 24, 29, 10, 23, 25, 22, 31, 35, 34, 15, 0, 32, 33, 30, 2, 19, 21, 3, 27, 20, 18]",1,1.0,0.3333333333333333,0.5,1.0,1,3,1,1
smd,group23_evaluation,machine-2-4,7,7856,7859,baro_robust_scorer,-1,"[8, 13, 14, 11, 5, 6, 1, 24, 29, 10, 23, 25, 22, 31, 35, 34, 15, 0, 32, 33, 30, 2, 19, 21, 3, 27, 20, 18]",3,0.6666666666666666,0.6666666666666666,0.6666666666666666,0.7653606369886217,1,3,3,2
smd,group23_evaluation,machine-2-4,7,7856,7859,baro_robust_scorer,-1,"[8, 13, 14, 11, 5, 6, 1, 24, 29, 10, 23, 25, 22, 31, 35, 34, 15, 0, 32, 33, 30, 2, 19, 21, 3, 27, 20, 18]",5,0.4,0.6666666666666666,0.5,0.7653606369886217,1,3,5,2
smd,group23_evaluation,machine-2-4,8,9296,9300,robust_z,-1,"[12, 8, 13, 14, 11, 5, 33, 10, 32, 0, 2, 22, 3, 1, 34, 35, 6, 19, 31, 15, 25, 23, 30, 21, 27, 20, 18, 24, 29, 4, 7, 9, 16, 17, 26, 28, 36, 37]",1,0.0,0.0,0.0,0.0,0,1,1,0
smd,group23_evaluation,machine-2-4,8,9296,9300,robust_z,-1,"[12, 8, 13, 14, 11, 5, 33, 10, 32, 0, 2, 22, 3, 1, 34, 35, 6, 19, 31, 15, 25, 23, 30, 21, 27, 20, 18, 24, 29, 4, 7, 9, 16, 17, 26, 28, 36, 37]",3,0.3333333333333333,1.0,0.5,0.5,1,1,3,1
smd,group23_evaluation,machine-2-4,8,9296,9300,robust_z,-1,"[12, 8, 13, 14, 11, 5, 33, 10, 32, 0, 2, 22, 3, 1, 34, 35, 6, 19, 31, 15, 25, 23, 30, 21, 27, 20, 18, 24, 29, 4, 7, 9, 16, 17, 26, 28, 36, 37]",5,0.2,1.0,0.33333333333333337,0.5,1,1,5,1
smd,group23_evaluation,machine-2-4,8,9296,9300,pca_q,-1,"[12, 9, 8, 13, 14, 11, 5, 33, 10, 32, 15, 22, 0, 19, 34, 35, 2, 1, 6, 3, 31, 23, 30, 21, 25, 27, 20, 18, 24, 29, 4, 7, 16, 17, 26, 28, 36, 37]",1,0.0,0.0,0.0,0.0,0,1,1,0
smd,group23_evaluation,machine-2-4,8,9296,9300,pca_q,-1,"[12, 9, 8, 13, 14, 11, 5, 33, 10, 32, 15, 22, 0, 19, 34, 35, 2, 1, 6, 3, 31, 23, 30, 21, 25, 27, 20, 18, 24, 29, 4, 7, 16, 17, 26, 28, 36, 37]",3,0.0,0.0,0.0,0.0,0,1,3,0
smd,group23_evaluation,machine-2-4,8,9296,9300,pca_q,-1,"[12, 9, 8, 13, 14, 11, 5, 33, 10, 32, 15, 22, 0, 19, 34, 35, 2, 1, 6, 3, 31, 23, 30, 21, 25, 27, 20, 18, 24, 29, 4, 7, 16, 17, 26, 28, 36, 37]",5,0.2,1.0,0.33333333333333337,0.43067655807339306,1,1,5,1
smd,group23_evaluation,machine-2-4,8,9296,9300,baro_robust_scorer,-1,"[8, 13, 14, 11, 34, 35, 32, 31, 22, 19, 24, 6, 5, 0, 1, 30, 21, 23, 25, 27, 20, 2, 29, 33, 18, 10, 3, 15]",1,0.0,0.0,0.0,0.0,0,1,1,0
smd,group23_evaluation,machine-2-4,8,9296,9300,baro_robust_scorer,-1,"[8, 13, 14, 11, 34, 35, 32, 31, 22, 19, 24, 6, 5, 0, 1, 30, 21, 23, 25, 27, 20, 2, 29, 33, 18, 10, 3, 15]",3,0.3333333333333333,1.0,0.5,0.6309297535714575,1,1,3,1
smd,group23_evaluation,machine-2-4,8,9296,9300,baro_robust_scorer,-1,"[8, 13, 14, 11, 34, 35, 32, 31, 22, 19, 24, 6, 5, 0, 1, 30, 21, 23, 25, 27, 20, 2, 29, 33, 18, 10, 3, 15]",5,0.2,1.0,0.33333333333333337,0.6309297535714575,1,1,5,1
smd,group23_evaluation,machine-2-4,9,9473,9505,robust_z,-1,"[12, 8, 11, 14, 5, 33, 10, 18, 0, 15, 20, 27, 21, 30, 2, 23, 25, 3, 1, 24, 19, 6, 32, 29, 31, 34, 35, 22, 13, 4, 7, 9, 16, 17, 26, 28, 36, 37]",1,0.0,0.0,0.0,0.0,0,1,1,0
smd,group23_evaluation,machine-2-4,9,9473,9505,robust_z,-1,"[12, 8, 11, 14, 5, 33, 10, 18, 0, 15, 20, 27, 21, 30, 2, 23, 25, 3, 1, 24, 19, 6, 32, 29, 31, 34, 35, 22, 13, 4, 7, 9, 16, 17, 26, 28, 36, 37]",3,0.3333333333333333,1.0,0.5,0.5,1,1,3,1
smd,group23_evaluation,machine-2-4,9,9473,9505,robust_z,-1,"[12, 8, 11, 14, 5, 33, 10, 18, 0, 15, 20, 27, 21, 30, 2, 23, 25, 3, 1, 24, 19, 6, 32, 29, 31, 34, 35, 22, 13, 4, 7, 9, 16, 17, 26, 28, 36, 37]",5,0.2,1.0,0.33333333333333337,0.5,1,1,5,1
smd,group23_evaluation,machine-2-4,9,9473,9505,pca_q,-1,"[12, 9, 8, 11, 14, 10, 15, 5, 33, 0, 32, 18, 20, 2, 27, 1, 3, 21, 30, 25, 23, 6, 13, 24, 29, 19, 22, 31, 34, 35, 4, 7, 16, 17, 26, 28, 36, 37]",1,0.0,0.0,0.0,0.0,0,1,1,0
smd,group23_evaluation,machine-2-4,9,9473,9505,pca_q,-1,"[12, 9, 8, 11, 14, 10, 15, 5, 33, 0, 32, 18, 20, 2, 27, 1, 3, 21, 30, 25, 23, 6, 13, 24, 29, 19, 22, 31, 34, 35, 4, 7, 16, 17, 26, 28, 36, 37]",3,0.0,0.0,0.0,0.0,0,1,3,0
smd,group23_evaluation,machine-2-4,9,9473,9505,pca_q,-1,"[12, 9, 8, 11, 14, 10, 15, 5, 33, 0, 32, 18, 20, 2, 27, 1, 3, 21, 30, 25, 23, 6, 13, 24, 29, 19, 22, 31, 34, 35, 4, 7, 16, 17, 26, 28, 36, 37]",5,0.2,1.0,0.33333333333333337,0.43067655807339306,1,1,5,1
smd,group23_evaluation,machine-2-4,9,9473,9505,baro_robust_scorer,-1,"[11, 14, 10, 15, 22, 32, 0, 13, 19, 34, 35, 30, 21, 33, 31, 25, 27, 23, 20, 18, 1, 5, 6, 24, 29, 8, 2, 3]",1,1.0,1.0,1.0,1.0,1,1,1,1
smd,group23_evaluation,machine-2-4,9,9473,9505,baro_robust_scorer,-1,"[11, 14, 10, 15, 22, 32, 0, 13, 19, 34, 35, 30, 21, 33, 31, 25, 27, 23, 20, 18, 1, 5, 6, 24, 29, 8, 2, 3]",3,0.3333333333333333,1.0,0.5,1.0,1,1,3,1
smd,group23_evaluation,machine-2-4,9,9473,9505,baro_robust_scorer,-1,"[11, 14, 10, 15, 22, 32, 0, 13, 19, 34, 35, 30, 21, 33, 31, 25, 27, 23, 20, 18, 1, 5, 6, 24, 29, 8, 2, 3]",5,0.2,1.0,0.33333333333333337,1.0,1,1,5,1
smd,group23_evaluation,machine-2-4,10,10736,10739,robust_z,-1,"[8, 12, 13, 14, 11, 5, 6, 32, 33, 0, 1, 10, 15, 2, 3, 34, 35, 19, 31, 25, 18, 23, 20, 27, 22, 24, 21, 30, 29, 4, 7, 9, 16, 17, 26, 28, 36, 37]",1,1.0,0.3333333333333333,0.5,1.0,1,3,1,1
smd,group23_evaluation,machine-2-4,10,10736,10739,robust_z,-1,"[8, 12, 13, 14, 11, 5, 6, 32, 33, 0, 1, 10, 15, 2, 3, 34, 35, 19, 31, 25, 18, 23, 20, 27, 22, 24, 21, 30, 29, 4, 7, 9, 16, 17, 26, 28, 36, 37]",3,1.0,1.0,1.0,1.0,1,3,3,3
smd,group23_evaluation,machine-2-4,10,10736,10739,robust_z,-1,"[8, 12, 13, 14, 11, 5, 6, 32, 33, 0, 1, 10, 15, 2, 3, 34, 35, 19, 31, 25, 18, 23, 20, 27, 22, 24, 21, 30, 29, 4, 7, 9, 16, 17, 26, 28, 36, 37]",5,0.6,1.0,0.7499999999999999,1.0,1,3,5,3
smd,group23_evaluation,machine-2-4,10,10736,10739,pca_q,-1,"[12, 9, 8, 13, 14, 5, 11, 33, 6, 32, 15, 10, 18, 20, 27, 21, 30, 19, 1, 25, 23, 0, 22, 24, 29, 2, 35, 34, 3, 31, 4, 7, 16, 17, 26, 28, 36, 37]",1,1.0,0.3333333333333333,0.5,1.0,1,3,1,1
smd,group23_evaluation,machine-2-4,10,10736,10739,pca_q,-1,"[12, 9, 8, 13, 14, 5, 11, 33, 6, 32, 15, 10, 18, 20, 27, 21, 30, 19, 1, 25, 23, 0, 22, 24, 29, 2, 35, 34, 3, 31, 4, 7, 16, 17, 26, 28, 36, 37]",3,0.6666666666666666,0.6666666666666666,0.6666666666666666,0.7039180890341347,1,3,3,2
smd,group23_evaluation,machine-2-4,10,10736,10739,pca_q,-1,"[12, 9, 8, 13, 14, 5, 11, 33, 6, 32, 15, 10, 18, 20, 27, 21, 30, 19, 1, 25, 23, 0, 22, 24, 29, 2, 35, 34, 3, 31, 4, 7, 16, 17, 26, 28, 36, 37]",5,0.6,1.0,0.7499999999999999,0.9060254355346823,1,3,5,3
smd,group23_evaluation,machine-2-4,10,10736,10739,baro_robust_scorer,-1,"[8, 13, 14, 11, 3, 5, 6, 32, 35, 34, 2, 22, 31, 23, 19, 1, 10, 25, 15, 0, 33, 18, 30, 21, 20, 27]",1,1.0,0.3333333333333333,0.5,1.0,1,3,1,1
smd,group23_evaluation,machine-2-4,10,10736,10739,baro_robust_scorer,-1,"[8, 13, 14, 11, 3, 5, 6, 32, 35, 34, 2, 22, 31, 23, 19, 1, 10, 25, 15, 0, 33, 18, 30, 21, 20, 27]",3,0.6666666666666666,0.6666666666666666,0.6666666666666666,0.7653606369886217,1,3,3,2
smd,group23_evaluation,machine-2-4,10,10736,10739,baro_robust_scorer,-1,"[8, 13, 14, 11, 3, 5, 6, 32, 35, 34, 2, 22, 31, 23, 19, 1, 10, 25, 15, 0, 33, 18, 30, 21, 20, 27]",5,0.4,0.6666666666666666,0.5,0.7653606369886217,1,3,5,2
smd,group23_evaluation,machine-2-4,11,12176,12179,robust_z,-1,"[8, 12, 13, 14, 11, 10, 33, 5, 22, 6, 25, 19, 23, 34, 35, 24, 31, 32, 15, 30, 21, 20, 27, 18, 29, 3, 2, 1, 0, 4, 7, 9, 16, 17, 26, 28, 36, 37]",1,1.0,0.3333333333333333,0.5,1.0,1,3,1,1
smd,group23_evaluation,machine-2-4,11,12176,12179,robust_z,-1,"[8, 12, 13, 14, 11, 10, 33, 5, 22, 6, 25, 19, 23, 34, 35, 24, 31, 32, 15, 30, 21, 20, 27, 18, 29, 3, 2, 1, 0, 4, 7, 9, 16, 17, 26, 28, 36, 37]",3,1.0,1.0,1.0,1.0,1,3,3,3
smd,group23_evaluation,machine-2-4,11,12176,12179,robust_z,-1,"[8, 12, 13, 14, 11, 10, 33, 5, 22, 6, 25, 19, 23, 34, 35, 24, 31, 32, 15, 30, 21, 20, 27, 18, 29, 3, 2, 1, 0, 4, 7, 9, 16, 17, 26, 28, 36, 37]",5,0.6,1.0,0.7499999999999999,1.0,1,3,5,3
smd,group23_evaluation,machine-2-4,11,12176,12179,pca_q,-1,"[12, 9, 8, 13, 14, 10, 33, 11, 22, 5, 32, 19, 15, 34, 35, 31, 30, 21, 25, 27, 20, 23, 18, 24, 3, 2, 6, 1, 29, 0, 4, 7, 16, 17, 26, 28, 36, 37]",1,1.0,0.3333333333333333,0.5,1.0,1,3,1,1
smd,group23_evaluation,machine-2-4,11,12176,12179,pca_q,-1,"[12, 9, 8, 13, 14, 10, 33, 11, 22, 5, 32, 19, 15, 34, 35, 31, 30, 21, 25, 27, 20, 23, 18, 24, 3, 2, 6, 1, 29, 0, 4, 7, 16, 17, 26, 28, 36, 37]",3,0.6666666666666666,0.6666666666666666,0.6666666666666666,0.7039180890341347,1,3,3,2
smd,group23_evaluation,machine-2-4,11,12176,12179,pca_q,-1,"[12, 9, 8, 13, 14, 10, 33, 11, 22, 5, 32, 19, 15, 34, 35, 31, 30, 21, 25, 27, 20, 23, 18, 24, 3, 2, 6, 1, 29, 0, 4, 7, 16, 17, 26, 28, 36, 37]",5,0.6,1.0,0.7499999999999999,0.9060254355346823,1,3,5,3
smd,group23_evaluation,machine-2-4,11,12176,12179,baro_robust_scorer,-1,"[8, 13, 14, 11, 22, 19, 21, 24, 30, 35, 34, 31, 20, 27, 18, 0, 10, 29, 32, 33, 3, 2, 23, 25, 6, 5, 1, 15]",1,1.0,0.3333333333333333,0.5,1.0,1,3,1,1
smd,group23_evaluation,machine-2-4,11,12176,12179,baro_robust_scorer,-1,"[8, 13, 14, 11, 22, 19, 21, 24, 30, 35, 34, 31, 20, 27, 18, 0, 10, 29, 32, 33, 3, 2, 23, 25, 6, 5, 1, 15]",3,0.6666666666666666,0.6666666666666666,0.6666666666666666,0.7653606369886217,1,3,3,2
smd,group23_evaluation,machine-2-4,11,12176,12179,baro_robust_scorer,-1,"[8, 13, 14, 11, 22, 19, 21, 24, 30, 35, 34, 31, 20, 27, 18, 0, 10, 29, 32, 33, 3, 2, 23, 25, 6, 5, 1, 15]",5,0.4,0.6666666666666666,0.5,0.7653606369886217,1,3,5,2
smd,group23_evaluation,machine-2-4,12,13611,13640,robust_z,-1,"[8, 12, 13, 14, 5, 11, 15, 6, 33, 10, 24, 32, 29, 20, 18, 27, 19, 21, 30, 34, 35, 31, 25, 22, 23, 1, 2, 3, 0, 4, 7, 9, 16, 17, 26, 28, 36, 37]",1,1.0,0.3333333333333333,0.5,1.0,1,3,1,1
smd,group23_evaluation,machine-2-4,12,13611,13640,robust_z,-1,"[8, 12, 13, 14, 5, 11, 15, 6, 33, 10, 24, 32, 29, 20, 18, 27, 19, 21, 30, 34, 35, 31, 25, 22, 23, 1, 2, 3, 0, 4, 7, 9, 16, 17, 26, 28, 36, 37]",3,1.0,1.0,1.0,1.0,1,3,3,3
smd,group23_evaluation,machine-2-4,12,13611,13640,robust_z,-1,"[8, 12, 13, 14, 5, 11, 15, 6, 33, 10, 24, 32, 29, 20, 18, 27, 19, 21, 30, 34, 35, 31, 25, 22, 23, 1, 2, 3, 0, 4, 7, 9, 16, 17, 26, 28, 36, 37]",5,0.6,1.0,0.7499999999999999,1.0,1,3,5,3
smd,group23_evaluation,machine-2-4,12,13611,13640,pca_q,-1,"[12, 9, 8, 13, 14, 11, 5, 10, 15, 33, 6, 32, 29, 24, 22, 19, 34, 35, 31, 18, 20, 27, 21, 30, 1, 25, 23, 2, 3, 0, 4, 7, 16, 17, 26, 28, 36, 37]",1,1.0,0.3333333333333333,0.5,1.0,1,3,1,1
smd,group23_evaluation,machine-2-4,12,13611,13640,pca_q,-1,"[12, 9, 8, 13, 14, 11, 5, 10, 15, 33, 6, 32, 29, 24, 22, 19, 34, 35, 31, 18, 20, 27, 21, 30, 1, 25, 23, 2, 3, 0, 4, 7, 16, 17, 26, 28, 36, 37]",3,0.6666666666666666,0.6666666666666666,0.6666666666666666,0.7039180890341347,1,3,3,2
smd,group23_evaluation,machine-2-4,12,13611,13640,pca_q,-1,"[12, 9, 8, 13, 14, 11, 5, 10, 15, 33, 6, 32, 29, 24, 22, 19, 34, 35, 31, 18, 20, 27, 21, 30, 1, 25, 23, 2, 3, 0, 4, 7, 16, 17, 26, 28, 36, 37]",5,0.6,1.0,0.7499999999999999,0.9060254355346823,1,3,5,3
smd,group23_evaluation,machine-2-4,12,13611,13640,baro_robust_scorer,-1,"[13, 14, 11, 10, 15, 1, 2, 22, 32, 0, 18, 20, 27, 21, 30, 19, 31, 34, 35, 23, 25, 33, 3, 5, 6, 8, 24, 29]",1,1.0,0.3333333333333333,0.5,1.0,1,3,1,1
smd,group23_evaluation,machine-2-4,12,13611,13640,baro_robust_scorer,-1,"[13, 14, 11, 10, 15, 1, 2, 22, 32, 0, 18, 20, 27, 21, 30, 19, 31, 34, 35, 23, 25, 33, 3, 5, 6, 8, 24, 29]",3,0.3333333333333333,0.3333333333333333,0.3333333333333333,0.46927872602275644,1,3,3,1
smd,group23_evaluation,machine-2-4,12,13611,13640,baro_robust_scorer,-1,"[13, 14, 11, 10, 15, 1, 2, 22, 32, 0, 18, 20, 27, 21, 30, 19, 31, 34, 35, 23, 25, 33, 3, 5, 6, 8, 24, 29]",5,0.2,0.3333333333333333,0.25,0.46927872602275644,1,3,5,1
smd,group23_evaluation,machine-2-4,13,15056,15059,robust_z,-1,"[8, 12, 13, 14, 11, 10, 5, 15, 33, 6, 24, 29, 32, 30, 20, 27, 21, 18, 1, 25, 19, 31, 3, 23, 2, 34, 22, 35, 0, 4, 7, 9, 16, 17, 26, 28, 36, 37]",1,1.0,0.3333333333333333,0.5,1.0,1,3,1,1
smd,group23_evaluation,machine-2-4,13,15056,15059,robust_z,-1,"[8, 12, 13, 14, 11, 10, 5, 15, 33, 6, 24, 29, 32, 30, 20, 27, 21, 18, 1, 25, 19, 31, 3, 23, 2, 34, 22, 35, 0, 4, 7, 9, 16, 17, 26, 28, 36, 37]",3,1.0,1.0,1.0,1.0,1,3,3,3
smd,group23_evaluation,machine-2-4,13,15056,15059,robust_z,-1,"[8, 12, 13, 14, 11, 10, 5, 15, 33, 6, 24, 29, 32, 30, 20, 27, 21, 18, 1, 25, 19, 31, 3, 23, 2, 34, 22, 35, 0, 4, 7, 9, 16, 17, 26, 28, 36, 37]",5,0.6,1.0,0.7499999999999999,1.0,1,3,5,3
smd,group23_evaluation,machine-2-4,13,15056,15059,pca_q,-1,"[12, 9, 8, 13, 14, 10, 15, 5, 33, 11, 6, 3, 2, 23, 25, 32, 1, 19, 24, 34, 18, 27, 20, 35, 21, 30, 29, 31, 22, 0, 4, 7, 16, 17, 26, 28, 36, 37]",1,1.0,0.3333333333333333,0.5,1.0,1,3,1,1
smd,group23_evaluation,machine-2-4,13,15056,15059,pca_q,-1,"[12, 9, 8, 13, 14, 10, 15, 5, 33, 11, 6, 3, 2, 23, 25, 32, 1, 19, 24, 34, 18, 27, 20, 35, 21, 30, 29, 31, 22, 0, 4, 7, 16, 17, 26, 28, 36, 37]",3,0.6666666666666666,0.6666666666666666,0.6666666666666666,0.7039180890341347,1,3,3,2
smd,group23_evaluation,machine-2-4,13,15056,15059,pca_q,-1,"[12, 9, 8, 13, 14, 10, 15, 5, 33, 11, 6, 3, 2, 23, 25, 32, 1, 19, 24, 34, 18, 27, 20, 35, 21, 30, 29, 31, 22, 0, 4, 7, 16, 17, 26, 28, 36, 37]",5,0.6,1.0,0.7499999999999999,0.9060254355346823,1,3,5,3
smd,group23_evaluation,machine-2-4,13,15056,15059,baro_robust_scorer,-1,"[8, 13, 10, 14, 11, 0, 15, 23, 18, 25, 20, 1, 27, 21, 30, 2, 5, 6, 29, 32, 33, 22, 19, 3, 35, 34, 31]",1,1.0,0.3333333333333333,0.5,1.0,1,3,1,1
smd,group23_evaluation,machine-2-4,13,15056,15059,baro_robust_scorer,-1,"[8, 13, 10, 14, 11, 0, 15, 23, 18, 25, 20, 1, 27, 21, 30, 2, 5, 6, 29, 32, 33, 22, 19, 3, 35, 34, 31]",3,0.6666666666666666,0.6666666666666666,0.6666666666666666,0.7653606369886217,1,3,3,2
smd,group23_evaluation,machine-2-4,13,15056,15059,baro_robust_scorer,-1,"[8, 13, 10, 14, 11, 0, 15, 23, 18, 25, 20, 1, 27, 21, 30, 2, 5, 6, 29, 32, 33, 22, 19, 3, 35, 34, 31]",5,0.4,0.6666666666666666,0.5,0.7653606369886217,1,3,5,2
smd,group23_evaluation,machine-2-4,14,16525,16696,robust_z,-1,"[8, 12, 9, 14, 11, 13, 5, 33, 15, 18, 20, 27, 21, 10, 30, 0, 23, 25, 2, 3, 1, 19, 6, 24, 32, 31, 29, 34, 35, 22, 4, 7, 16, 17, 26, 28, 36, 37]",1,1.0,0.16666666666666666,0.2857142857142857,1.0,1,6,1,1
smd,group23_evaluation,machine-2-4,14,16525,16696,robust_z,-1,"[8, 12, 9, 14, 11, 13, 5, 33, 15, 18, 20, 27, 21, 10, 30, 0, 23, 25, 2, 3, 1, 19, 6, 24, 32, 31, 29, 34, 35, 22, 4, 7, 16, 17, 26, 28, 36, 37]",3,1.0,0.5,0.6666666666666666,1.0,1,6,3,3
smd,group23_evaluation,machine-2-4,14,16525,16696,robust_z,-1,"[8, 12, 9, 14, 11, 13, 5, 33, 15, 18, 20, 27, 21, 10, 30, 0, 23, 25, 2, 3, 1, 19, 6, 24, 32, 31, 29, 34, 35, 22, 4, 7, 16, 17, 26, 28, 36, 37]",5,0.8,0.6666666666666666,0.7272727272727272,0.8539316501572937,1,6,5,4
smd,group23_evaluation,machine-2-4,14,16525,16696,pca_q,-1,"[12, 9, 8, 14, 13, 11, 15, 10, 5, 33, 32, 0, 18, 20, 27, 1, 2, 23, 25, 3, 6, 21, 30, 19, 24, 22, 29, 31, 34, 35, 4, 7, 16, 17, 26, 28, 36, 37]",1,1.0,0.16666666666666666,0.2857142857142857,1.0,1,6,1,1
smd,group23_evaluation,machine-2-4,14,16525,16696,pca_q,-1,"[12, 9, 8, 14, 13, 11, 15, 10, 5, 33, 32, 0, 18, 20, 27, 1, 2, 23, 25, 3, 6, 21, 30, 19, 24, 22, 29, 31, 34, 35, 4, 7, 16, 17, 26, 28, 36, 37]",3,1.0,0.5,0.6666666666666666,1.0,1,6,3,3
smd,group23_evaluation,machine-2-4,14,16525,16696,pca_q,-1,"[12, 9, 8, 14, 13, 11, 15, 10, 5, 33, 32, 0, 18, 20, 27, 1, 2, 23, 25, 3, 6, 21, 30, 19, 24, 22, 29, 31, 34, 35, 4, 7, 16, 17, 26, 28, 36, 37]",5,0.8,0.6666666666666666,0.7272727272727272,0.8539316501572937,1,6,5,4
smd,group23_evaluation,machine-2-4,14,16525,16696,baro_robust_scorer,-1,"[13, 14, 11, 10, 15, 0, 32, 33, 1, 5, 6, 22, 23, 25, 8, 35, 34, 19, 31, 2, 29, 30, 21, 24, 27, 18, 20, 3]",1,1.0,0.16666666666666666,0.2857142857142857,1.0,1,6,1,1
smd,group23_evaluation,machine-2-4,14,16525,16696,baro_robust_scorer,-1,"[13, 14, 11, 10, 15, 0, 32, 33, 1, 5, 6, 22, 23, 25, 8, 35, 34, 19, 31, 2, 29, 30, 21, 24, 27, 18, 20, 3]",3,0.6666666666666666,0.3333333333333333,0.4444444444444444,0.7039180890341347,1,6,3,2
smd,group23_evaluation,machine-2-4,14,16525,16696,baro_robust_scorer,-1,"[13, 14, 11, 10, 15, 0, 32, 33, 1, 5, 6, 22, 23, 25, 8, 35, 34, 19, 31, 2, 29, 30, 21, 24, 27, 18, 20, 3]",5,0.4,0.3333333333333333,0.3636363636363636,0.5087403079104241,1,6,5,2
smd,group23_evaluation,machine-2-4,15,17965,18350,robust_z,-1,"[8, 12, 9, 14, 11, 13, 5, 23, 25, 33, 15, 10, 18, 20, 27, 21, 30, 3, 2, 1, 19, 6, 0, 31, 24, 34, 35, 29, 22, 32, 4, 7, 16, 17, 26, 28, 36, 37]",1,1.0,0.16666666666666666,0.2857142857142857,1.0,1,6,1,1
smd,group23_evaluation,machine-2-4,15,17965,18350,robust_z,-1,"[8, 12, 9, 14, 11, 13, 5, 23, 25, 33, 15, 10, 18, 20, 27, 21, 30, 3, 2, 1, 19, 6, 0, 31, 24, 34, 35, 29, 22, 32, 4, 7, 16, 17, 26, 28, 36, 37]",3,1.0,0.5,0.6666666666666666,1.0,1,6,3,3
smd,group23_evaluation,machine-2-4,15,17965,18350,robust_z,-1,"[8, 12, 9, 14, 11, 13, 5, 23, 25, 33, 15, 10, 18, 20, 27, 21, 30, 3, 2, 1, 19, 6, 0, 31, 24, 34, 35, 29, 22, 32, 4, 7, 16, 17, 26, 28, 36, 37]",5,0.8,0.6666666666666666,0.7272727272727272,0.8539316501572937,1,6,5,4
smd,group23_evaluation,machine-2-4,15,17965,18350,pca_q,-1,"[12, 9, 8, 14, 11, 13, 15, 5, 10, 33, 23, 25, 6, 2, 3, 1, 18, 20, 27, 21, 30, 0, 19, 32, 29, 31, 34, 35, 24, 22, 4, 7, 16, 17, 26, 28, 36, 37]",1,1.0,0.16666666666666666,0.2857142857142857,1.0,1,6,1,1
smd,group23_evaluation,machine-2-4,15,17965,18350,pca_q,-1,"[12, 9, 8, 14, 11, 13, 15, 5, 10, 33, 23, 25, 6, 2, 3, 1, 18, 20, 27, 21, 30, 0, 19, 32, 29, 31, 34, 35, 24, 22, 4, 7, 16, 17, 26, 28, 36, 37]",3,1.0,0.5,0.6666666666666666,1.0,1,6,3,3
smd,group23_evaluation,machine-2-4,15,17965,18350,pca_q,-1,"[12, 9, 8, 14, 11, 13, 15, 5, 10, 33, 23, 25, 6, 2, 3, 1, 18, 20, 27, 21, 30, 0, 19, 32, 29, 31, 34, 35, 24, 22, 4, 7, 16, 17, 26, 28, 36, 37]",5,0.8,0.6666666666666666,0.7272727272727272,0.8539316501572937,1,6,5,4
smd,group23_evaluation,machine-2-4,15,17965,18350,baro_robust_scorer,-1,"[13, 14, 11, 15, 10, 0, 33, 32, 5, 6, 1, 8, 19, 9, 35, 34, 25, 23, 22, 31, 2, 29, 24, 30, 21, 18, 20, 27, 3]",1,1.0,0.16666666666666666,0.2857142857142857,1.0,1,6,1,1
smd,group23_evaluation,machine-2-4,15,17965,18350,baro_robust_scorer,-1,"[13, 14, 11, 15, 10, 0, 33, 32, 5, 6, 1, 8, 19, 9, 35, 34, 25, 23, 22, 31, 2, 29, 24, 30, 21, 18, 20, 27, 3]",3,0.6666666666666666,0.3333333333333333,0.4444444444444444,0.7039180890341347,1,6,3,2
smd,group23_evaluation,machine-2-4,15,17965,18350,baro_robust_scorer,-1,"[13, 14, 11, 15, 10, 0, 33, 32, 5, 6, 1, 8, 19, 9, 35, 34, 25, 23, 22, 31, 2, 29, 24, 30, 21, 18, 20, 27, 3]",5,0.4,0.3333333333333333,0.3636363636363636,0.5087403079104241,1,6,5,2
smd,group23_evaluation,machine-2-4,16,18579,18980,robust_z,-1,"[8, 22, 9, 19, 15, 10, 6, 21, 30, 24, 25, 29, 5, 27, 20, 23, 18, 33, 11, 32, 1, 2, 0, 34, 35, 31, 3, 14, 13, 4, 7, 12, 16, 17, 26, 28, 36, 37]",1,0.0,0.0,0.0,0.0,0,21,1,0
smd,group23_evaluation,machine-2-4,16,18579,18980,robust_z,-1,"[8, 22, 9, 19, 15, 10, 6, 21, 30, 24, 25, 29, 5, 27, 20, 23, 18, 33, 11, 32, 1, 2, 0, 34, 35, 31, 3, 14, 13, 4, 7, 12, 16, 17, 26, 28, 36, 37]",3,0.6666666666666666,0.09523809523809523,0.16666666666666666,0.5307212739772434,1,21,3,2
smd,group23_evaluation,machine-2-4,16,18579,18980,robust_z,-1,"[8, 22, 9, 19, 15, 10, 6, 21, 30, 24, 25, 29, 5, 27, 20, 23, 18, 33, 11, 32, 1, 2, 0, 34, 35, 31, 3, 14, 13, 4, 7, 12, 16, 17, 26, 28, 36, 37]",5,0.8,0.19047619047619047,0.3076923076923077,0.6608397947263839,1,21,5,4
smd,group23_evaluation,machine-2-4,16,18579,18980,pca_q,-1,"[12, 22, 9, 8, 19, 15, 10, 25, 6, 21, 30, 23, 5, 29, 24, 11, 27, 20, 18, 1, 2, 0, 14, 3, 33, 31, 34, 35, 32, 13, 4, 7, 16, 17, 26, 28, 36, 37]",1,0.0,0.0,0.0,0.0,0,21,1,0
smd,group23_evaluation,machine-2-4,16,18579,18980,pca_q,-1,"[12, 22, 9, 8, 19, 15, 10, 25, 6, 21, 30, 23, 5, 29, 24, 11, 27, 20, 18, 1, 2, 0, 14, 3, 33, 31, 34, 35, 32, 13, 4, 7, 16, 17, 26, 28, 36, 37]",3,0.6666666666666666,0.09523809523809523,0.16666666666666666,0.5307212739772434,1,21,3,2
smd,group23_evaluation,machine-2-4,16,18579,18980,pca_q,-1,"[12, 22, 9, 8, 19, 15, 10, 25, 6, 21, 30, 23, 5, 29, 24, 11, 27, 20, 18, 1, 2, 0, 14, 3, 33, 31, 34, 35, 32, 13, 4, 7, 16, 17, 26, 28, 36, 37]",5,0.6,0.14285714285714285,0.23076923076923073,0.5147714448836774,1,21,5,3
smd,group23_evaluation,machine-2-4,16,18579,18980,baro_robust_scorer,-1,"[15, 10, 22, 1, 2, 3, 19, 0, 11, 6, 25, 5, 23, 29, 21, 30, 8, 20, 27, 18, 24, 14, 32, 33, 31, 35, 34, 13, 9]",1,1.0,0.047619047619047616,0.0909090909090909,1.0,1,21,1,1
smd,group23_evaluation,machine-2-4,16,18579,18980,baro_robust_scorer,-1,"[15, 10, 22, 1, 2, 3, 19, 0, 11, 6, 25, 5, 23, 29, 21, 30, 8, 20, 27, 18, 24, 14, 32, 33, 31, 35, 34, 13, 9]",3,1.0,0.14285714285714285,0.25,1.0,1,21,3,3
smd,group23_evaluation,machine-2-4,16,18579,18980,baro_robust_scorer,-1,"[15, 10, 22, 1, 2, 3, 19, 0, 11, 6, 25, 5, 23, 29, 21, 30, 8, 20, 27, 18, 24, 14, 32, 33, 31, 35, 34, 13, 9]",5,1.0,0.23809523809523808,0.3846153846153846,1.0,1,21,5,5
smd,group23_evaluation,machine-2-4,17,19404,19741,robust_z,-1,"[8, 12, 9, 14, 11, 13, 6, 33, 15, 18, 20, 27, 21, 30, 10, 0, 2, 3, 1, 19, 31, 24, 34, 35, 29, 5, 22, 32, 23, 25, 4, 7, 16, 17, 26, 28, 36, 37]",1,1.0,0.16666666666666666,0.2857142857142857,1.0,1,6,1,1
smd,group23_evaluation,machine-2-4,17,19404,19741,robust_z,-1,"[8, 12, 9, 14, 11, 13, 6, 33, 15, 18, 20, 27, 21, 30, 10, 0, 2, 3, 1, 19, 31, 24, 34, 35, 29, 5, 22, 32, 23, 25, 4, 7, 16, 17, 26, 28, 36, 37]",3,1.0,0.5,0.6666666666666666,1.0,1,6,3,3
smd,group23_evaluation,machine-2-4,17,19404,19741,robust_z,-1,"[8, 12, 9, 14, 11, 13, 6, 33, 15, 18, 20, 27, 21, 30, 10, 0, 2, 3, 1, 19, 31, 24, 34, 35, 29, 5, 22, 32, 23, 25, 4, 7, 16, 17, 26, 28, 36, 37]",5,0.8,0.6666666666666666,0.7272727272727272,0.8539316501572937,1,6,5,4
smd,group23_evaluation,machine-2-4,17,19404,19741,pca_q,-1,"[12, 9, 8, 14, 11, 13, 6, 15, 10, 33, 0, 2, 18, 3, 1, 20, 27, 21, 30, 19, 29, 32, 31, 34, 35, 5, 24, 23, 22, 25, 4, 7, 16, 17, 26, 28, 36, 37]",1,1.0,0.16666666666666666,0.2857142857142857,1.0,1,6,1,1
smd,group23_evaluation,machine-2-4,17,19404,19741,pca_q,-1,"[12, 9, 8, 14, 11, 13, 6, 15, 10, 33, 0, 2, 18, 3, 1, 20, 27, 21, 30, 19, 29, 32, 31, 34, 35, 5, 24, 23, 22, 25, 4, 7, 16, 17, 26, 28, 36, 37]",3,1.0,0.5,0.6666666666666666,1.0,1,6,3,3
smd,group23_evaluation,machine-2-4,17,19404,19741,pca_q,-1,"[12, 9, 8, 14, 11, 13, 6, 15, 10, 33, 0, 2, 18, 3, 1, 20, 27, 21, 30, 19, 29, 32, 31, 34, 35, 5, 24, 23, 22, 25, 4, 7, 16, 17, 26, 28, 36, 37]",5,0.8,0.6666666666666666,0.7272727272727272,0.8539316501572937,1,6,5,4
smd,group23_evaluation,machine-2-4,17,19404,19741,baro_robust_scorer,-1,"[13, 14, 11, 0, 15, 10, 33, 5, 32, 6, 1, 8, 9, 34, 35, 23, 25, 31, 19, 2, 22, 24, 3, 30, 21, 18, 20, 27, 29]",1,1.0,0.16666666666666666,0.2857142857142857,1.0,1,6,1,1
smd,group23_evaluation,machine-2-4,17,19404,19741,baro_robust_scorer,-1,"[13, 14, 11, 0, 15, 10, 33, 5, 32, 6, 1, 8, 9, 34, 35, 23, 25, 31, 19, 2, 22, 24, 3, 30, 21, 18, 20, 27, 29]",3,0.6666666666666666,0.3333333333333333,0.4444444444444444,0.7039180890341347,1,6,3,2
smd,group23_evaluation,machine-2-4,17,19404,19741,baro_robust_scorer,-1,"[13, 14, 11, 0, 15, 10, 33, 5, 32, 6, 1, 8, 9, 34, 35, 23, 25, 31, 19, 2, 22, 24, 3, 30, 21, 18, 20, 27, 29]",5,0.6,0.5,0.5454545454545454,0.6548086577531307,1,6,5,3
smd,group23_evaluation,machine-2-4,18,20844,20854,robust_z,-1,"[8, 12, 13, 14, 11, 6, 15, 33, 0, 22, 1, 2, 5, 3, 32, 23, 30, 21, 27, 20, 18, 25, 19, 31, 29, 24, 34, 35, 10, 9, 4, 7, 16, 17, 26, 28, 36, 37]",1,1.0,0.2,0.33333333333333337,1.0,1,5,1,1
smd,group23_evaluation,machine-2-4,18,20844,20854,robust_z,-1,"[8, 12, 13, 14, 11, 6, 15, 33, 0, 22, 1, 2, 5, 3, 32, 23, 30, 21, 27, 20, 18, 25, 19, 31, 29, 24, 34, 35, 10, 9, 4, 7, 16, 17, 26, 28, 36, 37]",3,1.0,0.6,0.7499999999999999,1.0,1,5,3,3
smd,group23_evaluation,machine-2-4,18,20844,20854,robust_z,-1,"[8, 12, 13, 14, 11, 6, 15, 33, 0, 22, 1, 2, 5, 3, 32, 23, 30, 21, 27, 20, 18, 25, 19, 31, 29, 24, 34, 35, 10, 9, 4, 7, 16, 17, 26, 28, 36, 37]",5,0.6,0.6,0.6,0.7227265726449519,1,5,5,3
smd,group23_evaluation,machine-2-4,18,20844,20854,pca_q,-1,"[12, 9, 8, 13, 14, 11, 6, 15, 33, 0, 22, 23, 32, 25, 10, 5, 1, 2, 3, 29, 31, 19, 35, 34, 30, 21, 24, 27, 20, 18, 4, 7, 16, 17, 26, 28, 36, 37]",1,1.0,0.2,0.33333333333333337,1.0,1,5,1,1
smd,group23_evaluation,machine-2-4,18,20844,20854,pca_q,-1,"[12, 9, 8, 13, 14, 11, 6, 15, 33, 0, 22, 23, 32, 25, 10, 5, 1, 2, 3, 29, 31, 19, 35, 34, 30, 21, 24, 27, 20, 18, 4, 7, 16, 17, 26, 28, 36, 37]",3,0.6666666666666666,0.4,0.5,0.7039180890341347,1,5,3,2
smd,group23_evaluation,machine-2-4,18,20844,20854,pca_q,-1,"[12, 9, 8, 13, 14, 11, 6, 15, 33, 0, 22, 23, 32, 25, 10, 5, 1, 2, 3, 29, 31, 19, 35, 34, 30, 21, 24, 27, 20, 18, 4, 7, 16, 17, 26, 28, 36, 37]",5,0.6,0.6,0.6,0.6548086577531307,1,5,5,3
smd,group23_evaluation,machine-2-4,18,20844,20854,baro_robust_scorer,-1,"[13, 14, 0, 11, 15, 35, 31, 34, 19, 25, 32, 23, 30, 21, 1, 5, 6, 22, 8, 10, 24, 29, 33, 27, 2, 20, 3, 18]",1,1.0,0.2,0.33333333333333337,1.0,1,5,1,1
smd,group23_evaluation,machine-2-4,18,20844,20854,baro_robust_scorer,-1,"[13, 14, 0, 11, 15, 35, 31, 34, 19, 25, 32, 23, 30, 21, 1, 5, 6, 22, 8, 10, 24, 29, 33, 27, 2, 20, 3, 18]",3,0.6666666666666666,0.4,0.5,0.7039180890341347,1,5,3,2
smd,group23_evaluation,machine-2-4,18,20844,20854,baro_robust_scorer,-1,"[13, 14, 0, 11, 15, 35, 31, 34, 19, 25, 32, 23, 30, 21, 1, 5, 6, 22, 8, 10, 24, 29, 33, 27, 2, 20, 3, 18]",5,0.4,0.4,0.4000000000000001,0.5087403079104241,1,5,5,2
smd,group23_evaluation,machine-2-4,19,22284,22294,robust_z,-1,"[8, 12, 13, 14, 11, 6, 33, 15, 18, 20, 27, 21, 30, 19, 24, 31, 29, 34, 35, 22, 5, 10, 32, 23, 2, 25, 3, 1, 0, 4, 7, 9, 16, 17, 26, 28, 36, 37]",1,1.0,0.25,0.4,1.0,1,4,1,1
smd,group23_evaluation,machine-2-4,19,22284,22294,robust_z,-1,"[8, 12, 13, 14, 11, 6, 33, 15, 18, 20, 27, 21, 30, 19, 24, 31, 29, 34, 35, 22, 5, 10, 32, 23, 2, 25, 3, 1, 0, 4, 7, 9, 16, 17, 26, 28, 36, 37]",3,1.0,0.75,0.8571428571428571,1.0,1,4,3,3
smd,group23_evaluation,machine-2-4,19,22284,22294,robust_z,-1,"[8, 12, 13, 14, 11, 6, 33, 15, 18, 20, 27, 21, 30, 19, 24, 31, 29, 34, 35, 22, 5, 10, 32, 23, 2, 25, 3, 1, 0, 4, 7, 9, 16, 17, 26, 28, 36, 37]",5,0.6,0.75,0.6666666666666665,0.8318724637288826,1,4,5,3
smd,group23_evaluation,machine-2-4,19,22284,22294,pca_q,-1,"[12, 9, 8, 13, 14, 11, 6, 15, 33, 10, 32, 22, 23, 18, 29, 20, 27, 21, 30, 25, 5, 19, 31, 34, 35, 24, 2, 3, 1, 0, 4, 7, 16, 17, 26, 28, 36, 37]",1,1.0,0.25,0.4,1.0,1,4,1,1
smd,group23_evaluation,machine-2-4,19,22284,22294,pca_q,-1,"[12, 9, 8, 13, 14, 11, 6, 15, 33, 10, 32, 22, 23, 18, 29, 20, 27, 21, 30, 25, 5, 19, 31, 34, 35, 24, 2, 3, 1, 0, 4, 7, 16, 17, 26, 28, 36, 37]",3,0.6666666666666666,0.5,0.5714285714285715,0.7039180890341347,1,4,3,2
smd,group23_evaluation,machine-2-4,19,22284,22294,pca_q,-1,"[12, 9, 8, 13, 14, 11, 6, 15, 33, 10, 32, 22, 23, 18, 29, 20, 27, 21, 30, 25, 5, 19, 31, 34, 35, 24, 2, 3, 1, 0, 4, 7, 16, 17, 26, 28, 36, 37]",5,0.6,0.75,0.6666666666666665,0.75369761125927,1,4,5,3
smd,group23_evaluation,machine-2-4,19,22284,22294,baro_robust_scorer,-1,"[8, 13, 14, 0, 11, 15, 19, 32, 3, 34, 35, 2, 33, 31, 1, 6, 5, 10, 25, 23, 29, 30, 21, 27, 22, 20, 18, 24]",1,1.0,0.25,0.4,1.0,1,4,1,1
smd,group23_evaluation,machine-2-4,19,22284,22294,baro_robust_scorer,-1,"[8, 13, 14, 0, 11, 15, 19, 32, 3, 34, 35, 2, 33, 31, 1, 6, 5, 10, 25, 23, 29, 30, 21, 27, 22, 20, 18, 24]",3,0.6666666666666666,0.5,0.5714285714285715,0.7653606369886217,1,4,3,2
smd,group23_evaluation,machine-2-4,19,22284,22294,baro_robust_scorer,-1,"[8, 13, 14, 0, 11, 15, 19, 32, 3, 34, 35, 2, 33, 31, 1, 6, 5, 10, 25, 23, 29, 30, 21, 27, 22, 20, 18, 24]",5,0.4,0.5,0.4444444444444445,0.6366824387328317,1,4,5,2
smd,group23_evaluation,machine-2-5,0,2585,2588,robust_z,-1,"[12, 9, 8, 13, 10, 15, 18, 0, 20, 27, 31, 29, 1, 11, 21, 30, 2, 34, 35, 14, 19, 3, 24, 22, 32, 33, 6, 5, 23, 25, 4, 7, 16, 17, 26, 28, 36, 37]",1,1.0,0.5,0.6666666666666666,1.0,1,2,1,1
smd,group23_evaluation,machine-2-5,0,2585,2588,robust_z,-1,"[12, 9, 8, 13, 10, 15, 18, 0, 20, 27, 31, 29, 1, 11, 21, 30, 2, 34, 35, 14, 19, 3, 24, 22, 32, 33, 6, 5, 23, 25, 4, 7, 16, 17, 26, 28, 36, 37]",3,0.6666666666666666,1.0,0.8,1.0,1,2,3,2
smd,group23_evaluation,machine-2-5,0,2585,2588,robust_z,-1,"[12, 9, 8, 13, 10, 15, 18, 0, 20, 27, 31, 29, 1, 11, 21, 30, 2, 34, 35, 14, 19, 3, 24, 22, 32, 33, 6, 5, 23, 25, 4, 7, 16, 17, 26, 28, 36, 37]",5,0.4,1.0,0.5714285714285715,1.0,1,2,5,2
smd,group23_evaluation,machine-2-5,0,2585,2588,pca_q,-1,"[8, 13, 14, 10, 15, 31, 18, 29, 20, 27, 0, 21, 30, 1, 35, 34, 11, 19, 2, 22, 33, 24, 32, 5, 3, 23, 25, 6, 12, 9, 26, 4, 7, 16, 17, 28, 36, 37]",1,0.0,0.0,0.0,0.0,0,2,1,0
smd,group23_evaluation,machine-2-5,0,2585,2588,pca_q,-1,"[8, 13, 14, 10, 15, 31, 18, 29, 20, 27, 0, 21, 30, 1, 35, 34, 11, 19, 2, 22, 33, 24, 32, 5, 3, 23, 25, 6, 12, 9, 26, 4, 7, 16, 17, 28, 36, 37]",3,0.0,0.0,0.0,0.0,0,2,3,0
smd,group23_evaluation,machine-2-5,0,2585,2588,pca_q,-1,"[8, 13, 14, 10, 15, 31, 18, 29, 20, 27, 0, 21, 30, 1, 35, 34, 11, 19, 2, 22, 33, 24, 32, 5, 3, 23, 25, 6, 12, 9, 26, 4, 7, 16, 17, 28, 36, 37]",5,0.0,0.0,0.0,0.0,0,2,5,0
smd,group23_evaluation,machine-2-5,0,2585,2588,baro_robust_scorer,-1,"[9, 8, 13, 2, 12, 3, 1, 5, 14, 32, 15, 6, 10, 24, 18, 25, 20, 27, 23, 21, 30, 34, 35, 11, 19, 33, 22]",1,1.0,0.5,0.6666666666666666,1.0,1,2,1,1
smd,group23_evaluation,machine-2-5,0,2585,2588,baro_robust_scorer,-1,"[9, 8, 13, 2, 12, 3, 1, 5, 14, 32, 15, 6, 10, 24, 18, 25, 20, 27, 23, 21, 30, 34, 35, 11, 19, 33, 22]",3,0.3333333333333333,0.5,0.4,0.6131471927654584,1,2,3,1
smd,group23_evaluation,machine-2-5,0,2585,2588,baro_robust_scorer,-1,"[9, 8, 13, 2, 12, 3, 1, 5, 14, 32, 15, 6, 10, 24, 18, 25, 20, 27, 23, 21, 30, 34, 35, 11, 19, 33, 22]",5,0.4,1.0,0.5714285714285715,0.8503449055347546,1,2,5,2
smd,group23_evaluation,machine-2-5,1,4978,4983,robust_z,-1,"[12, 9, 8, 13, 14, 11, 6, 32, 29, 33, 5, 31, 2, 1, 3, 20, 18, 27, 0, 10, 34, 35, 15, 24, 21, 30, 19, 22, 25, 23, 4, 7, 16, 17, 26, 28, 36, 37]",1,1.0,0.5,0.6666666666666666,1.0,1,2,1,1
smd,group23_evaluation,machine-2-5,1,4978,4983,robust_z,-1,"[12, 9, 8, 13, 14, 11, 6, 32, 29, 33, 5, 31, 2, 1, 3, 20, 18, 27, 0, 10, 34, 35, 15, 24, 21, 30, 19, 22, 25, 23, 4, 7, 16, 17, 26, 28, 36, 37]",3,0.3333333333333333,0.5,0.4,0.6131471927654584,1,2,3,1
smd,group23_evaluation,machine-2-5,1,4978,4983,robust_z,-1,"[12, 9, 8, 13, 14, 11, 6, 32, 29, 33, 5, 31, 2, 1, 3, 20, 18, 27, 0, 10, 34, 35, 15, 24, 21, 30, 19, 22, 25, 23, 4, 7, 16, 17, 26, 28, 36, 37]",5,0.4,1.0,0.5714285714285715,0.8772153153380493,1,2,5,2
smd,group23_evaluation,machine-2-5,1,4978,4983,pca_q,-1,"[13, 8, 14, 11, 0, 3, 2, 29, 31, 1, 5, 33, 6, 23, 25, 10, 15, 18, 20, 27, 21, 30, 35, 34, 24, 22, 19, 32, 12, 9, 26, 4, 7, 16, 17, 28, 36, 37]",1,1.0,0.5,0.6666666666666666,1.0,1,2,1,1
smd,group23_evaluation,machine-2-5,1,4978,4983,pca_q,-1,"[13, 8, 14, 11, 0, 3, 2, 29, 31, 1, 5, 33, 6, 23, 25, 10, 15, 18, 20, 27, 21, 30, 35, 34, 24, 22, 19, 32, 12, 9, 26, 4, 7, 16, 17, 28, 36, 37]",3,0.3333333333333333,0.5,0.4,0.6131471927654584,1,2,3,1
smd,group23_evaluation,machine-2-5,1,4978,4983,pca_q,-1,"[13, 8, 14, 11, 0, 3, 2, 29, 31, 1, 5, 33, 6, 23, 25, 10, 15, 18, 20, 27, 21, 30, 35, 34, 24, 22, 19, 32, 12, 9, 26, 4, 7, 16, 17, 28, 36, 37]",5,0.2,0.5,0.28571428571428575,0.6131471927654584,1,2,5,1
smd,group23_evaluation,machine-2-5,1,4978,4983,baro_robust_scorer,-1,"[8, 13, 14, 11, 5, 25, 1, 23, 0, 6, 19, 12, 18, 27, 20, 30, 21, 15, 33, 9, 3, 31, 10, 22, 34, 35, 2, 24]",1,0.0,0.0,0.0,0.0,0,2,1,0
smd,group23_evaluation,machine-2-5,1,4978,4983,baro_robust_scorer,-1,"[8, 13, 14, 11, 5, 25, 1, 23, 0, 6, 19, 12, 18, 27, 20, 30, 21, 15, 33, 9, 3, 31, 10, 22, 34, 35, 2, 24]",3,0.3333333333333333,0.5,0.4,0.38685280723454163,1,2,3,1
smd,group23_evaluation,machine-2-5,1,4978,4983,baro_robust_scorer,-1,"[8, 13, 14, 11, 5, 25, 1, 23, 0, 6, 19, 12, 18, 27, 20, 30, 21, 15, 33, 9, 3, 31, 10, 22, 34, 35, 2, 24]",5,0.2,0.5,0.28571428571428575,0.38685280723454163,1,2,5,1
smd,group23_evaluation,machine-2-5,2,5100,5391,robust_z,-1,"[12, 9, 8, 14, 0, 13, 6, 11, 29, 33, 32, 25, 23, 24, 10, 15, 22, 18, 20, 27, 19, 21, 31, 30, 1, 35, 34, 2, 5, 3, 4, 7, 16, 17, 26, 28, 36, 37]",1,1.0,0.16666666666666666,0.2857142857142857,1.0,1,6,1,1
smd,group23_evaluation,machine-2-5,2,5100,5391,robust_z,-1,"[12, 9, 8, 14, 0, 13, 6, 11, 29, 33, 32, 25, 23, 24, 10, 15, 22, 18, 20, 27, 19, 21, 31, 30, 1, 35, 34, 2, 5, 3, 4, 7, 16, 17, 26, 28, 36, 37]",3,0.6666666666666666,0.3333333333333333,0.4444444444444444,0.7039180890341347,1,6,3,2
smd,group23_evaluation,machine-2-5,2,5100,5391,robust_z,-1,"[12, 9, 8, 14, 0, 13, 6, 11, 29, 33, 32, 25, 23, 24, 10, 15, 22, 18, 20, 27, 19, 21, 31, 30, 1, 35, 34, 2, 5, 3, 4, 7, 16, 17, 26, 28, 36, 37]",5,0.8,0.6666666666666666,0.7272727272727272,0.7860137352654724,1,6,5,4
smd,group23_evaluation,machine-2-5,2,5100,5391,pca_q,-1,"[8, 13, 14, 0, 11, 6, 1, 2, 33, 3, 10, 15, 29, 18, 20, 27, 24, 19, 21, 30, 22, 25, 23, 5, 35, 34, 32, 31, 12, 9, 26, 4, 7, 16, 17, 28, 36, 37]",1,1.0,0.16666666666666666,0.2857142857142857,1.0,1,6,1,1
smd,group23_evaluation,machine-2-5,2,5100,5391,pca_q,-1,"[8, 13, 14, 0, 11, 6, 1, 2, 33, 3, 10, 15, 29, 18, 20, 27, 24, 19, 21, 30, 22, 25, 23, 5, 35, 34, 32, 31, 12, 9, 26, 4, 7, 16, 17, 28, 36, 37]",3,1.0,0.5,0.6666666666666666,1.0,1,6,3,3
smd,group23_evaluation,machine-2-5,2,5100,5391,pca_q,-1,"[8, 13, 14, 0, 11, 6, 1, 2, 33, 3, 10, 15, 29, 18, 20, 27, 24, 19, 21, 30, 22, 25, 23, 5, 35, 34, 32, 31, 12, 9, 26, 4, 7, 16, 17, 28, 36, 37]",5,1.0,0.8333333333333334,0.9090909090909091,1.0,1,6,5,5
smd,group23_evaluation,machine-2-5,2,5100,5391,baro_robust_scorer,-1,"[9, 8, 13, 0, 14, 1, 10, 15, 11, 2, 19, 3, 33, 21, 30, 6, 20, 27, 18, 25, 23, 5, 31, 34, 35, 12, 22, 24, 32]",1,0.0,0.0,0.0,0.0,0,6,1,0
smd,group23_evaluation,machine-2-5,2,5100,5391,baro_robust_scorer,-1,"[9, 8, 13, 0, 14, 1, 10, 15, 11, 2, 19, 3, 33, 21, 30, 6, 20, 27, 18, 25, 23, 5, 31, 34, 35, 12, 22, 24, 32]",3,0.6666666666666666,0.3333333333333333,0.4444444444444444,0.5307212739772434,1,6,3,2
smd,group23_evaluation,machine-2-5,2,5100,5391,baro_robust_scorer,-1,"[9, 8, 13, 0, 14, 1, 10, 15, 11, 2, 19, 3, 33, 21, 30, 6, 20, 27, 18, 25, 23, 5, 31, 34, 35, 12, 22, 24, 32]",5,0.8,0.6666666666666666,0.7272727272727272,0.6608397947263839,1,6,5,4
smd,group23_evaluation,machine-2-5,3,6023,6026,robust_z,-1,"[33, 32, 3, 23, 25, 14, 8, 29, 5, 22, 24, 13, 9, 34, 35, 2, 31, 11, 21, 0, 30, 6, 20, 27, 18, 19, 10, 15, 1, 4, 7, 12, 16, 17, 26, 28, 36, 37]",1,1.0,0.5,0.6666666666666666,1.0,1,2,1,1
smd,group23_evaluation,machine-2-5,3,6023,6026,robust_z,-1,"[33, 32, 3, 23, 25, 14, 8, 29, 5, 22, 24, 13, 9, 34, 35, 2, 31, 11, 21, 0, 30, 6, 20, 27, 18, 19, 10, 15, 1, 4, 7, 12, 16, 17, 26, 28, 36, 37]",3,0.6666666666666666,1.0,0.8,1.0,1,2,3,2
smd,group23_evaluation,machine-2-5,3,6023,6026,robust_z,-1,"[33, 32, 3, 23, 25, 14, 8, 29, 5, 22, 24, 13, 9, 34, 35, 2, 31, 11, 21, 0, 30, 6, 20, 27, 18, 19, 10, 15, 1, 4, 7, 12, 16, 17, 26, 28, 36, 37]",5,0.4,1.0,0.5714285714285715,1.0,1,2,5,2
smd,group23_evaluation,machine-2-5,3,6023,6026,pca_q,-1,"[33, 32, 23, 25, 14, 8, 5, 29, 13, 22, 31, 11, 1, 24, 3, 35, 34, 6, 21, 30, 2, 15, 10, 19, 0, 20, 27, 18, 26, 12, 9, 4, 7, 16, 17, 28, 36, 37]",1,1.0,0.5,0.6666666666666666,1.0,1,2,1,1
smd,group23_evaluation,machine-2-5,3,6023,6026,pca_q,-1,"[33, 32, 23, 25, 14, 8, 5, 29, 13, 22, 31, 11, 1, 24, 3, 35, 34, 6, 21, 30, 2, 15, 10, 19, 0, 20, 27, 18, 26, 12, 9, 4, 7, 16, 17, 28, 36, 37]",3,0.6666666666666666,1.0,0.8,1.0,1,2,3,2
smd,group23_evaluation,machine-2-5,3,6023,6026,pca_q,-1,"[33, 32, 23, 25, 14, 8, 5, 29, 13, 22, 31, 11, 1, 24, 3, 35, 34, 6, 21, 30, 2, 15, 10, 19, 0, 20, 27, 18, 26, 12, 9, 4, 7, 16, 17, 28, 36, 37]",5,0.4,1.0,0.5714285714285715,1.0,1,2,5,2
smd,group23_evaluation,machine-2-5,3,6023,6026,baro_robust_scorer,-1,"[33, 32, 6, 31, 5, 8, 14, 11, 23, 25, 34, 35, 13, 22, 24, 19, 10, 15, 1, 18, 27, 20, 21, 30, 3, 2]",1,1.0,0.5,0.6666666666666666,1.0,1,2,1,1
smd,group23_evaluation,machine-2-5,3,6023,6026,baro_robust_scorer,-1,"[33, 32, 6, 31, 5, 8, 14, 11, 23, 25, 34, 35, 13, 22, 24, 19, 10, 15, 1, 18, 27, 20, 21, 30, 3, 2]",3,0.6666666666666666,1.0,0.8,1.0,1,2,3,2
smd,group23_evaluation,machine-2-5,3,6023,6026,baro_robust_scorer,-1,"[33, 32, 6, 31, 5, 8, 14, 11, 23, 25, 34, 35, 13, 22, 24, 19, 10, 15, 1, 18, 27, 20, 21, 30, 3, 2]",5,0.4,1.0,0.5714285714285715,1.0,1,2,5,2
smd,group23_evaluation,machine-2-5,4,6417,6420,robust_z,-1,"[12, 8, 13, 14, 31, 11, 32, 33, 29, 2, 6, 0, 3, 1, 19, 34, 35, 20, 27, 24, 21, 30, 18, 22, 10, 15, 25, 23, 5, 4, 7, 9, 16, 17, 26, 28, 36, 37]",1,1.0,0.25,0.4,1.0,1,4,1,1
smd,group23_evaluation,machine-2-5,4,6417,6420,robust_z,-1,"[12, 8, 13, 14, 31, 11, 32, 33, 29, 2, 6, 0, 3, 1, 19, 34, 35, 20, 27, 24, 21, 30, 18, 22, 10, 15, 25, 23, 5, 4, 7, 9, 16, 17, 26, 28, 36, 37]",3,1.0,0.75,0.8571428571428571,1.0,1,4,3,3
smd,group23_evaluation,machine-2-5,4,6417,6420,robust_z,-1,"[12, 8, 13, 14, 31, 11, 32, 33, 29, 2, 6, 0, 3, 1, 19, 34, 35, 20, 27, 24, 21, 30, 18, 22, 10, 15, 25, 23, 5, 4, 7, 9, 16, 17, 26, 28, 36, 37]",5,0.8,1.0,0.888888888888889,1.0,1,4,5,4
smd,group23_evaluation,machine-2-5,4,6417,6420,pca_q,-1,"[8, 13, 14, 11, 3, 2, 0, 31, 1, 29, 23, 25, 33, 10, 15, 18, 20, 27, 19, 22, 21, 30, 6, 24, 35, 34, 32, 5, 12, 9, 26, 4, 7, 16, 17, 28, 36, 37]",1,1.0,0.25,0.4,1.0,1,4,1,1
smd,group23_evaluation,machine-2-5,4,6417,6420,pca_q,-1,"[8, 13, 14, 11, 3, 2, 0, 31, 1, 29, 23, 25, 33, 10, 15, 18, 20, 27, 19, 22, 21, 30, 6, 24, 35, 34, 32, 5, 12, 9, 26, 4, 7, 16, 17, 28, 36, 37]",3,1.0,0.75,0.8571428571428571,1.0,1,4,3,3
smd,group23_evaluation,machine-2-5,4,6417,6420,pca_q,-1,"[8, 13, 14, 11, 3, 2, 0, 31, 1, 29, 23, 25, 33, 10, 15, 18, 20, 27, 19, 22, 21, 30, 6, 24, 35, 34, 32, 5, 12, 9, 26, 4, 7, 16, 17, 28, 36, 37]",5,0.6,0.75,0.6666666666666665,0.8318724637288826,1,4,5,3
smd,group23_evaluation,machine-2-5,4,6417,6420,baro_robust_scorer,-1,"[8, 14, 13, 11, 18, 20, 27, 34, 35, 22, 30, 21, 15, 10, 19, 0, 1, 3, 24, 2, 25, 23, 6, 5, 31]",1,1.0,0.25,0.4,1.0,1,4,1,1
smd,group23_evaluation,machine-2-5,4,6417,6420,baro_robust_scorer,-1,"[8, 14, 13, 11, 18, 20, 27, 34, 35, 22, 30, 21, 15, 10, 19, 0, 1, 3, 24, 2, 25, 23, 6, 5, 31]",3,1.0,0.75,0.8571428571428571,1.0,1,4,3,3
smd,group23_evaluation,machine-2-5,4,6417,6420,baro_robust_scorer,-1,"[8, 14, 13, 11, 18, 20, 27, 34, 35, 22, 30, 21, 15, 10, 19, 0, 1, 3, 24, 2, 25, 23, 6, 5, 31]",5,0.6,0.75,0.6666666666666665,0.8318724637288826,1,4,5,3
smd,group23_evaluation,machine-2-5,5,7255,7258,robust_z,-1,"[12, 9, 8, 13, 19, 22, 24, 29, 23, 25, 33, 31, 0, 34, 35, 21, 30, 1, 2, 3, 20, 27, 11, 18, 5, 14, 10, 15, 6, 4, 7, 16, 17, 26, 28, 32, 36, 37]",1,1.0,0.5,0.6666666666666666,1.0,1,2,1,1
smd,group23_evaluation,machine-2-5,5,7255,7258,robust_z,-1,"[12, 9, 8, 13, 19, 22, 24, 29, 23, 25, 33, 31, 0, 34, 35, 21, 30, 1, 2, 3, 20, 27, 11, 18, 5, 14, 10, 15, 6, 4, 7, 16, 17, 26, 28, 32, 36, 37]",3,0.6666666666666666,1.0,0.8,1.0,1,2,3,2
smd,group23_evaluation,machine-2-5,5,7255,7258,robust_z,-1,"[12, 9, 8, 13, 19, 22, 24, 29, 23, 25, 33, 31, 0, 34, 35, 21, 30, 1, 2, 3, 20, 27, 11, 18, 5, 14, 10, 15, 6, 4, 7, 16, 17, 26, 28, 32, 36, 37]",5,0.4,1.0,0.5714285714285715,1.0,1,2,5,2
smd,group23_evaluation,machine-2-5,5,7255,7258,pca_q,-1,"[8, 13, 23, 25, 33, 29, 5, 31, 10, 22, 15, 19, 24, 35, 34, 11, 21, 30, 1, 0, 32, 3, 6, 27, 20, 2, 14, 18, 12, 9, 26, 4, 7, 16, 17, 28, 36, 37]",1,0.0,0.0,0.0,0.0,0,2,1,0
smd,group23_evaluation,machine-2-5,5,7255,7258,pca_q,-1,"[8, 13, 23, 25, 33, 29, 5, 31, 10, 22, 15, 19, 24, 35, 34, 11, 21, 30, 1, 0, 32, 3, 6, 27, 20, 2, 14, 18, 12, 9, 26, 4, 7, 16, 17, 28, 36, 37]",3,0.0,0.0,0.0,0.0,0,2,3,0
smd,group23_evaluation,machine-2-5,5,7255,7258,pca_q,-1,"[8, 13, 23, 25, 33, 29, 5, 31, 10, 22, 15, 19, 24, 35, 34, 11, 21, 30, 1, 0, 32, 3, 6, 27, 20, 2, 14, 18, 12, 9, 26, 4, 7, 16, 17, 28, 36, 37]",5,0.0,0.0,0.0,0.0,0,2,5,0
smd,group23_evaluation,machine-2-5,5,7255,7258,baro_robust_scorer,-1,"[9, 13, 8, 12, 2, 5, 1, 6, 3, 24, 19, 21, 30, 22, 34, 35, 11, 33, 25, 27, 20, 23, 15, 18, 10, 14]",1,1.0,0.5,0.6666666666666666,1.0,1,2,1,1
smd,group23_evaluation,machine-2-5,5,7255,7258,baro_robust_scorer,-1,"[9, 13, 8, 12, 2, 5, 1, 6, 3, 24, 19, 21, 30, 22, 34, 35, 11, 33, 25, 27, 20, 23, 15, 18, 10, 14]",3,0.3333333333333333,0.5,0.4,0.6131471927654584,1,2,3,1
smd,group23_evaluation,machine-2-5,5,7255,7258,baro_robust_scorer,-1,"[9, 13, 8, 12, 2, 5, 1, 6, 3, 24, 19, 21, 30, 22, 34, 35, 11, 33, 25, 27, 20, 23, 15, 18, 10, 14]",5,0.4,1.0,0.5714285714285715,0.8772153153380493,1,2,5,2
smd,group23_evaluation,machine-2-5,6,7857,7860,robust_z,-1,"[12, 8, 13, 14, 29, 32, 33, 10, 15, 23, 25, 11, 6, 0, 20, 27, 19, 18, 3, 21, 30, 31, 34, 35, 22, 2, 1, 5, 24, 4, 7, 9, 16, 17, 26, 28, 36, 37]",1,1.0,0.5,0.6666666666666666,1.0,1,2,1,1
smd,group23_evaluation,machine-2-5,6,7857,7860,robust_z,-1,"[12, 8, 13, 14, 29, 32, 33, 10, 15, 23, 25, 11, 6, 0, 20, 27, 19, 18, 3, 21, 30, 31, 34, 35, 22, 2, 1, 5, 24, 4, 7, 9, 16, 17, 26, 28, 36, 37]",3,0.6666666666666666,1.0,0.8,0.9197207891481876,1,2,3,2
smd,group23_evaluation,machine-2-5,6,7857,7860,robust_z,-1,"[12, 8, 13, 14, 29, 32, 33, 10, 15, 23, 25, 11, 6, 0, 20, 27, 19, 18, 3, 21, 30, 31, 34, 35, 22, 2, 1, 5, 24, 4, 7, 9, 16, 17, 26, 28, 36, 37]",5,0.4,1.0,0.5714285714285715,0.9197207891481876,1,2,5,2
smd,group23_evaluation,machine-2-5,6,7857,7860,pca_q,-1,"[13, 14, 8, 11, 23, 25, 0, 3, 29, 2, 10, 31, 15, 33, 1, 18, 20, 27, 21, 30, 19, 6, 22, 35, 34, 24, 32, 5, 12, 9, 26, 4, 7, 16, 17, 28, 36, 37]",1,1.0,0.5,0.6666666666666666,1.0,1,2,1,1
smd,group23_evaluation,machine-2-5,6,7857,7860,pca_q,-1,"[13, 14, 8, 11, 23, 25, 0, 3, 29, 2, 10, 31, 15, 33, 1, 18, 20, 27, 21, 30, 19, 6, 22, 35, 34, 24, 32, 5, 12, 9, 26, 4, 7, 16, 17, 28, 36, 37]",3,0.3333333333333333,0.5,0.4,0.6131471927654584,1,2,3,1
smd,group23_evaluation,machine-2-5,6,7857,7860,pca_q,-1,"[13, 14, 8, 11, 23, 25, 0, 3, 29, 2, 10, 31, 15, 33, 1, 18, 20, 27, 21, 30, 19, 6, 22, 35, 34, 24, 32, 5, 12, 9, 26, 4, 7, 16, 17, 28, 36, 37]",5,0.2,0.5,0.28571428571428575,0.6131471927654584,1,2,5,1
smd,group23_evaluation,machine-2-5,6,7857,7860,baro_robust_scorer,-1,"[8, 13, 1, 2, 3, 14, 27, 18, 15, 20, 10, 24, 11, 31, 5, 23, 25, 30, 34, 35, 21, 22, 19, 0, 6]",1,0.0,0.0,0.0,0.0,0,2,1,0
smd,group23_evaluation,machine-2-5,6,7857,7860,baro_robust_scorer,-1,"[8, 13, 1, 2, 3, 14, 27, 18, 15, 20, 10, 24, 11, 31, 5, 23, 25, 30, 34, 35, 21, 22, 19, 0, 6]",3,0.3333333333333333,0.5,0.4,0.38685280723454163,1,2,3,1
smd,group23_evaluation,machine-2-5,6,7857,7860,baro_robust_scorer,-1,"[8, 13, 1, 2, 3, 14, 27, 18, 15, 20, 10, 24, 11, 31, 5, 23, 25, 30, 34, 35, 21, 22, 19, 0, 6]",5,0.2,0.5,0.28571428571428575,0.38685280723454163,1,2,5,1
smd,group23_evaluation,machine-2-5,7,9297,9300,robust_z,-1,"[12, 13, 8, 14, 31, 29, 23, 25, 32, 33, 6, 11, 0, 1, 35, 34, 19, 27, 20, 18, 21, 30, 10, 15, 5, 22, 3, 24, 2, 4, 7, 9, 16, 17, 26, 28, 36, 37]",1,1.0,0.5,0.6666666666666666,1.0,1,2,1,1
smd,group23_evaluation,machine-2-5,7,9297,9300,robust_z,-1,"[12, 13, 8, 14, 31, 29, 23, 25, 32, 33, 6, 11, 0, 1, 35, 34, 19, 27, 20, 18, 21, 30, 10, 15, 5, 22, 3, 24, 2, 4, 7, 9, 16, 17, 26, 28, 36, 37]",3,0.6666666666666666,1.0,0.8,1.0,1,2,3,2
smd,group23_evaluation,machine-2-5,7,9297,9300,robust_z,-1,"[12, 13, 8, 14, 31, 29, 23, 25, 32, 33, 6, 11, 0, 1, 35, 34, 19, 27, 20, 18, 21, 30, 10, 15, 5, 22, 3, 24, 2, 4, 7, 9, 16, 17, 26, 28, 36, 37]",5,0.4,1.0,0.5714285714285715,1.0,1,2,5,2
smd,group23_evaluation,machine-2-5,7,9297,9300,pca_q,-1,"[13, 8, 14, 11, 1, 0, 3, 2, 29, 31, 33, 23, 25, 10, 15, 18, 6, 20, 27, 19, 5, 21, 30, 34, 35, 22, 24, 32, 9, 12, 26, 4, 7, 16, 17, 28, 36, 37]",1,1.0,0.5,0.6666666666666666,1.0,1,2,1,1
smd,group23_evaluation,machine-2-5,7,9297,9300,pca_q,-1,"[13, 8, 14, 11, 1, 0, 3, 2, 29, 31, 33, 23, 25, 10, 15, 18, 6, 20, 27, 19, 5, 21, 30, 34, 35, 22, 24, 32, 9, 12, 26, 4, 7, 16, 17, 28, 36, 37]",3,0.3333333333333333,0.5,0.4,0.6131471927654584,1,2,3,1
smd,group23_evaluation,machine-2-5,7,9297,9300,pca_q,-1,"[13, 8, 14, 11, 1, 0, 3, 2, 29, 31, 33, 23, 25, 10, 15, 18, 6, 20, 27, 19, 5, 21, 30, 34, 35, 22, 24, 32, 9, 12, 26, 4, 7, 16, 17, 28, 36, 37]",5,0.2,0.5,0.28571428571428575,0.6131471927654584,1,2,5,1
smd,group23_evaluation,machine-2-5,7,9297,9300,baro_robust_scorer,-1,"[8, 13, 12, 14, 3, 23, 2, 25, 34, 35, 1, 5, 6, 11, 22, 15, 10, 21, 30, 20, 27, 18, 19]",1,0.0,0.0,0.0,0.0,0,2,1,0
smd,group23_evaluation,machine-2-5,7,9297,9300,baro_robust_scorer,-1,"[8, 13, 12, 14, 3, 23, 2, 25, 34, 35, 1, 5, 6, 11, 22, 15, 10, 21, 30, 20, 27, 18, 19]",3,0.6666666666666666,1.0,0.8,0.6934264036172708,1,2,3,2
smd,group23_evaluation,machine-2-5,7,9297,9300,baro_robust_scorer,-1,"[8, 13, 12, 14, 3, 23, 2, 25, 34, 35, 1, 5, 6, 11, 22, 15, 10, 21, 30, 20, 27, 18, 19]",5,0.4,1.0,0.5714285714285715,0.6934264036172708,1,2,5,2
smd,group23_evaluation,machine-2-5,8,10737,10740,robust_z,-1,"[12, 8, 13, 14, 31, 29, 11, 6, 3, 34, 35, 1, 2, 0, 15, 10, 22, 32, 24, 21, 30, 33, 19, 18, 20, 27, 5, 25, 23, 4, 7, 9, 16, 17, 26, 28, 36, 37]",1,1.0,0.25,0.4,1.0,1,4,1,1
smd,group23_evaluation,machine-2-5,8,10737,10740,robust_z,-1,"[12, 8, 13, 14, 31, 29, 11, 6, 3, 34, 35, 1, 2, 0, 15, 10, 22, 32, 24, 21, 30, 33, 19, 18, 20, 27, 5, 25, 23, 4, 7, 9, 16, 17, 26, 28, 36, 37]",3,1.0,0.75,0.8571428571428571,1.0,1,4,3,3
smd,group23_evaluation,machine-2-5,8,10737,10740,robust_z,-1,"[12, 8, 13, 14, 31, 29, 11, 6, 3, 34, 35, 1, 2, 0, 15, 10, 22, 32, 24, 21, 30, 33, 19, 18, 20, 27, 5, 25, 23, 4, 7, 9, 16, 17, 26, 28, 36, 37]",5,0.8,1.0,0.888888888888889,1.0,1,4,5,4
smd,group23_evaluation,machine-2-5,8,10737,10740,pca_q,-1,"[8, 13, 14, 11, 3, 2, 1, 31, 0, 23, 25, 29, 32, 19, 6, 10, 15, 22, 18, 20, 27, 21, 30, 35, 34, 24, 33, 5, 12, 9, 26, 4, 7, 16, 17, 28, 36, 37]",1,1.0,0.25,0.4,1.0,1,4,1,1
smd,group23_evaluation,machine-2-5,8,10737,10740,pca_q,-1,"[8, 13, 14, 11, 3, 2, 1, 31, 0, 23, 25, 29, 32, 19, 6, 10, 15, 22, 18, 20, 27, 21, 30, 35, 34, 24, 33, 5, 12, 9, 26, 4, 7, 16, 17, 28, 36, 37]",3,1.0,0.75,0.8571428571428571,1.0,1,4,3,3
smd,group23_evaluation,machine-2-5,8,10737,10740,pca_q,-1,"[8, 13, 14, 11, 3, 2, 1, 31, 0, 23, 25, 29, 32, 19, 6, 10, 15, 22, 18, 20, 27, 21, 30, 35, 34, 24, 33, 5, 12, 9, 26, 4, 7, 16, 17, 28, 36, 37]",5,0.6,0.75,0.6666666666666665,0.8318724637288826,1,4,5,3
smd,group23_evaluation,machine-2-5,8,10737,10740,baro_robust_scorer,-1,"[8, 13, 14, 5, 6, 11, 32, 0, 18, 27, 20, 30, 21, 25, 23, 19, 3, 31, 15, 2, 1, 10, 34, 35, 24, 22]",1,1.0,0.25,0.4,1.0,1,4,1,1
smd,group23_evaluation,machine-2-5,8,10737,10740,baro_robust_scorer,-1,"[8, 13, 14, 5, 6, 11, 32, 0, 18, 27, 20, 30, 21, 25, 23, 19, 3, 31, 15, 2, 1, 10, 34, 35, 24, 22]",3,1.0,0.75,0.8571428571428571,1.0,1,4,3,3
smd,group23_evaluation,machine-2-5,8,10737,10740,baro_robust_scorer,-1,"[8, 13, 14, 5, 6, 11, 32, 0, 18, 27, 20, 30, 21, 25, 23, 19, 3, 31, 15, 2, 1, 10, 34, 35, 24, 22]",5,0.6,0.75,0.6666666666666665,0.8318724637288826,1,4,5,3
smd,group23_evaluation,machine-2-5,9,12094,12120,robust_z,-1,"[2, 1, 3, 0, 29, 9, 6, 31, 14, 13, 32, 8, 11, 23, 25, 19, 5, 35, 34, 10, 15, 18, 20, 27, 21, 30, 22, 24, 33, 4, 7, 12, 16, 17, 26, 28, 36, 37]",1,1.0,0.16666666666666666,0.2857142857142857,1.0,1,6,1,1
smd,group23_evaluation,machine-2-5,9,12094,12120,robust_z,-1,"[2, 1, 3, 0, 29, 9, 6, 31, 14, 13, 32, 8, 11, 23, 25, 19, 5, 35, 34, 10, 15, 18, 20, 27, 21, 30, 22, 24, 33, 4, 7, 12, 16, 17, 26, 28, 36, 37]",3,1.0,0.5,0.6666666666666666,1.0,1,6,3,3
smd,group23_evaluation,machine-2-5,9,12094,12120,robust_z,-1,"[2, 1, 3, 0, 29, 9, 6, 31, 14, 13, 32, 8, 11, 23, 25, 19, 5, 35, 34, 10, 15, 18, 20, 27, 21, 30, 22, 24, 33, 4, 7, 12, 16, 17, 26, 28, 36, 37]",5,0.8,0.6666666666666666,0.7272727272727272,0.8687949224876582,1,6,5,4
smd,group23_evaluation,machine-2-5,9,12094,12120,pca_q,-1,"[1, 2, 3, 0, 29, 6, 10, 15, 31, 13, 14, 18, 11, 20, 27, 8, 23, 32, 25, 35, 34, 19, 21, 30, 22, 24, 5, 33, 12, 9, 26, 4, 7, 16, 17, 28, 36, 37]",1,1.0,0.16666666666666666,0.2857142857142857,1.0,1,6,1,1
smd,group23_evaluation,machine-2-5,9,12094,12120,pca_q,-1,"[1, 2, 3, 0, 29, 6, 10, 15, 31, 13, 14, 18, 11, 20, 27, 8, 23, 32, 25, 35, 34, 19, 21, 30, 22, 24, 5, 33, 12, 9, 26, 4, 7, 16, 17, 28, 36, 37]",3,1.0,0.5,0.6666666666666666,1.0,1,6,3,3
smd,group23_evaluation,machine-2-5,9,12094,12120,pca_q,-1,"[1, 2, 3, 0, 29, 6, 10, 15, 31, 13, 14, 18, 11, 20, 27, 8, 23, 32, 25, 35, 34, 19, 21, 30, 22, 24, 5, 33, 12, 9, 26, 4, 7, 16, 17, 28, 36, 37]",5,0.8,0.6666666666666666,0.7272727272727272,0.8687949224876582,1,6,5,4
smd,group23_evaluation,machine-2-5,9,12094,12120,baro_robust_scorer,-1,"[3, 1, 2, 19, 5, 23, 25, 31, 24, 6, 30, 21, 22, 9, 15, 10, 20, 27, 33, 13, 18, 11, 0, 8, 14, 32, 34, 35]",1,1.0,0.16666666666666666,0.2857142857142857,1.0,1,6,1,1
smd,group23_evaluation,machine-2-5,9,12094,12120,baro_robust_scorer,-1,"[3, 1, 2, 19, 5, 23, 25, 31, 24, 6, 30, 21, 22, 9, 15, 10, 20, 27, 33, 13, 18, 11, 0, 8, 14, 32, 34, 35]",3,1.0,0.5,0.6666666666666666,1.0,1,6,3,3
smd,group23_evaluation,machine-2-5,9,12094,12120,baro_robust_scorer,-1,"[3, 1, 2, 19, 5, 23, 25, 31, 24, 6, 30, 21, 22, 9, 15, 10, 20, 27, 33, 13, 18, 11, 0, 8, 14, 32, 34, 35]",5,0.6,0.5,0.5454545454545454,0.7227265726449519,1,6,5,3
smd,group23_evaluation,machine-2-5,10,12176,12183,robust_z,-1,"[12, 8, 13, 14, 29, 6, 31, 32, 11, 2, 0, 19, 34, 35, 10, 15, 1, 25, 23, 5, 22, 9, 3, 18, 20, 27, 21, 30, 24, 4, 7, 16, 17, 26, 28, 33, 36, 37]",1,1.0,0.3333333333333333,0.5,1.0,1,3,1,1
smd,group23_evaluation,machine-2-5,10,12176,12183,robust_z,-1,"[12, 8, 13, 14, 29, 6, 31, 32, 11, 2, 0, 19, 34, 35, 10, 15, 1, 25, 23, 5, 22, 9, 3, 18, 20, 27, 21, 30, 24, 4, 7, 16, 17, 26, 28, 33, 36, 37]",3,1.0,1.0,1.0,1.0,1,3,3,3
smd,group23_evaluation,machine-2-5,10,12176,12183,robust_z,-1,"[12, 8, 13, 14, 29, 6, 31, 32, 11, 2, 0, 19, 34, 35, 10, 15, 1, 25, 23, 5, 22, 9, 3, 18, 20, 27, 21, 30, 24, 4, 7, 16, 17, 26, 28, 33, 36, 37]",5,0.6,1.0,0.7499999999999999,1.0,1,3,5,3
smd,group23_evaluation,machine-2-5,10,12176,12183,pca_q,-1,"[13, 8, 14, 11, 2, 32, 29, 0, 3, 1, 31, 6, 19, 10, 15, 34, 35, 23, 25, 18, 20, 27, 22, 21, 30, 24, 33, 5, 12, 9, 26, 4, 7, 16, 17, 28, 36, 37]",1,1.0,0.3333333333333333,0.5,1.0,1,3,1,1
smd,group23_evaluation,machine-2-5,10,12176,12183,pca_q,-1,"[13, 8, 14, 11, 2, 32, 29, 0, 3, 1, 31, 6, 19, 10, 15, 34, 35, 23, 25, 18, 20, 27, 22, 21, 30, 24, 33, 5, 12, 9, 26, 4, 7, 16, 17, 28, 36, 37]",3,0.6666666666666666,0.6666666666666666,0.6666666666666666,0.7653606369886217,1,3,3,2
smd,group23_evaluation,machine-2-5,10,12176,12183,pca_q,-1,"[13, 8, 14, 11, 2, 32, 29, 0, 3, 1, 31, 6, 19, 10, 15, 34, 35, 23, 25, 18, 20, 27, 22, 21, 30, 24, 33, 5, 12, 9, 26, 4, 7, 16, 17, 28, 36, 37]",5,0.4,0.6666666666666666,0.5,0.7653606369886217,1,3,5,2
smd,group23_evaluation,machine-2-5,10,12176,12183,baro_robust_scorer,-1,"[13, 8, 19, 14, 21, 30, 2, 20, 27, 1, 22, 18, 6, 24, 32, 0, 34, 35, 23, 25, 11, 5, 31, 9, 15, 10, 3]",1,1.0,0.3333333333333333,0.5,1.0,1,3,1,1
smd,group23_evaluation,machine-2-5,10,12176,12183,baro_robust_scorer,-1,"[13, 8, 19, 14, 21, 30, 2, 20, 27, 1, 22, 18, 6, 24, 32, 0, 34, 35, 23, 25, 11, 5, 31, 9, 15, 10, 3]",3,0.6666666666666666,0.6666666666666666,0.6666666666666666,0.7653606369886217,1,3,3,2
smd,group23_evaluation,machine-2-5,10,12176,12183,baro_robust_scorer,-1,"[13, 8, 19, 14, 21, 30, 2, 20, 27, 1, 22, 18, 6, 24, 32, 0, 34, 35, 23, 25, 11, 5, 31, 9, 15, 10, 3]",5,0.4,0.6666666666666666,0.5,0.7653606369886217,1,3,5,2
smd,group23_evaluation,machine-2-5,11,13616,13619,robust_z,-1,"[12, 8, 13, 14, 31, 29, 6, 32, 11, 3, 2, 9, 34, 35, 19, 20, 27, 21, 30, 18, 0, 15, 10, 22, 5, 1, 24, 25, 23, 4, 7, 16, 17, 26, 28, 33, 36, 37]",1,1.0,0.25,0.4,1.0,1,4,1,1
smd,group23_evaluation,machine-2-5,11,13616,13619,robust_z,-1,"[12, 8, 13, 14, 31, 29, 6, 32, 11, 3, 2, 9, 34, 35, 19, 20, 27, 21, 30, 18, 0, 15, 10, 22, 5, 1, 24, 25, 23, 4, 7, 16, 17, 26, 28, 33, 36, 37]",3,1.0,0.75,0.8571428571428571,1.0,1,4,3,3
smd,group23_evaluation,machine-2-5,11,13616,13619,robust_z,-1,"[12, 8, 13, 14, 31, 29, 6, 32, 11, 3, 2, 9, 34, 35, 19, 20, 27, 21, 30, 18, 0, 15, 10, 22, 5, 1, 24, 25, 23, 4, 7, 16, 17, 26, 28, 33, 36, 37]",5,0.8,1.0,0.888888888888889,1.0,1,4,5,4
smd,group23_evaluation,machine-2-5,11,13616,13619,pca_q,-1,"[8, 13, 14, 11, 3, 2, 31, 0, 1, 23, 25, 29, 6, 10, 15, 18, 19, 20, 27, 21, 30, 22, 35, 34, 24, 32, 33, 5, 12, 9, 26, 4, 7, 16, 17, 28, 36, 37]",1,1.0,0.25,0.4,1.0,1,4,1,1
smd,group23_evaluation,machine-2-5,11,13616,13619,pca_q,-1,"[8, 13, 14, 11, 3, 2, 31, 0, 1, 23, 25, 29, 6, 10, 15, 18, 19, 20, 27, 21, 30, 22, 35, 34, 24, 32, 33, 5, 12, 9, 26, 4, 7, 16, 17, 28, 36, 37]",3,1.0,0.75,0.8571428571428571,1.0,1,4,3,3
smd,group23_evaluation,machine-2-5,11,13616,13619,pca_q,-1,"[8, 13, 14, 11, 3, 2, 31, 0, 1, 23, 25, 29, 6, 10, 15, 18, 19, 20, 27, 21, 30, 22, 35, 34, 24, 32, 33, 5, 12, 9, 26, 4, 7, 16, 17, 28, 36, 37]",5,0.6,0.75,0.6666666666666665,0.8318724637288826,1,4,5,3
smd,group23_evaluation,machine-2-5,11,13616,13619,baro_robust_scorer,-1,"[8, 13, 14, 11, 1, 2, 5, 6, 0, 23, 25, 22, 9, 24, 18, 19, 27, 20, 31, 15, 10, 30, 21, 34, 35]",1,1.0,0.25,0.4,1.0,1,4,1,1
smd,group23_evaluation,machine-2-5,11,13616,13619,baro_robust_scorer,-1,"[8, 13, 14, 11, 1, 2, 5, 6, 0, 23, 25, 22, 9, 24, 18, 19, 27, 20, 31, 15, 10, 30, 21, 34, 35]",3,1.0,0.75,0.8571428571428571,1.0,1,4,3,3
smd,group23_evaluation,machine-2-5,11,13616,13619,baro_robust_scorer,-1,"[8, 13, 14, 11, 1, 2, 5, 6, 0, 23, 25, 22, 9, 24, 18, 19, 27, 20, 31, 15, 10, 30, 21, 34, 35]",5,0.6,0.75,0.6666666666666665,0.8318724637288826,1,4,5,3
smd,group23_evaluation,machine-2-5,12,15056,15059,robust_z,-1,"[12, 8, 13, 14, 6, 11, 33, 29, 25, 23, 31, 32, 3, 2, 18, 15, 10, 27, 20, 0, 22, 30, 21, 1, 34, 35, 19, 24, 5, 4, 7, 9, 16, 17, 26, 28, 36, 37]",1,1.0,0.25,0.4,1.0,1,4,1,1
smd,group23_evaluation,machine-2-5,12,15056,15059,robust_z,-1,"[12, 8, 13, 14, 6, 11, 33, 29, 25, 23, 31, 32, 3, 2, 18, 15, 10, 27, 20, 0, 22, 30, 21, 1, 34, 35, 19, 24, 5, 4, 7, 9, 16, 17, 26, 28, 36, 37]",3,1.0,0.75,0.8571428571428571,1.0,1,4,3,3
smd,group23_evaluation,machine-2-5,12,15056,15059,robust_z,-1,"[12, 8, 13, 14, 6, 11, 33, 29, 25, 23, 31, 32, 3, 2, 18, 15, 10, 27, 20, 0, 22, 30, 21, 1, 34, 35, 19, 24, 5, 4, 7, 9, 16, 17, 26, 28, 36, 37]",5,0.8,1.0,0.888888888888889,1.0,1,4,5,4
smd,group23_evaluation,machine-2-5,12,15056,15059,pca_q,-1,"[8, 13, 14, 11, 3, 2, 31, 1, 0, 23, 25, 6, 10, 33, 15, 29, 18, 20, 27, 24, 22, 19, 21, 35, 30, 34, 32, 5, 12, 9, 26, 4, 7, 16, 17, 28, 36, 37]",1,1.0,0.25,0.4,1.0,1,4,1,1
smd,group23_evaluation,machine-2-5,12,15056,15059,pca_q,-1,"[8, 13, 14, 11, 3, 2, 31, 1, 0, 23, 25, 6, 10, 33, 15, 29, 18, 20, 27, 24, 22, 19, 21, 35, 30, 34, 32, 5, 12, 9, 26, 4, 7, 16, 17, 28, 36, 37]",3,1.0,0.75,0.8571428571428571,1.0,1,4,3,3
smd,group23_evaluation,machine-2-5,12,15056,15059,pca_q,-1,"[8, 13, 14, 11, 3, 2, 31, 1, 0, 23, 25, 6, 10, 33, 15, 29, 18, 20, 27, 24, 22, 19, 21, 35, 30, 34, 32, 5, 12, 9, 26, 4, 7, 16, 17, 28, 36, 37]",5,0.6,0.75,0.6666666666666665,0.8318724637288826,1,4,5,3
smd,group23_evaluation,machine-2-5,12,15056,15059,baro_robust_scorer,-1,"[8, 23, 13, 14, 25, 24, 5, 1, 35, 22, 34, 2, 21, 30, 6, 11, 3, 19, 20, 27, 10, 15, 18, 31]",1,1.0,0.25,0.4,1.0,1,4,1,1
smd,group23_evaluation,machine-2-5,12,15056,15059,baro_robust_scorer,-1,"[8, 23, 13, 14, 25, 24, 5, 1, 35, 22, 34, 2, 21, 30, 6, 11, 3, 19, 20, 27, 10, 15, 18, 31]",3,0.6666666666666666,0.5,0.5714285714285715,0.7039180890341347,1,4,3,2
smd,group23_evaluation,machine-2-5,12,15056,15059,baro_robust_scorer,-1,"[8, 23, 13, 14, 25, 24, 5, 1, 35, 22, 34, 2, 21, 30, 6, 11, 3, 19, 20, 27, 10, 15, 18, 31]",5,0.6,0.75,0.6666666666666665,0.75369761125927,1,4,5,3
smd,group23_evaluation,machine-2-5,13,16524,16549,robust_z,-1,"[12, 8, 13, 14, 0, 9, 32, 6, 29, 33, 11, 31, 5, 1, 19, 2, 35, 34, 3, 20, 27, 18, 10, 15, 22, 21, 30, 24, 23, 25, 4, 7, 16, 17, 26, 28, 36, 37]",1,1.0,0.2,0.33333333333333337,1.0,1,5,1,1
smd,group23_evaluation,machine-2-5,13,16524,16549,robust_z,-1,"[12, 8, 13, 14, 0, 9, 32, 6, 29, 33, 11, 31, 5, 1, 19, 2, 35, 34, 3, 20, 27, 18, 10, 15, 22, 21, 30, 24, 23, 25, 4, 7, 16, 17, 26, 28, 36, 37]",3,1.0,0.6,0.7499999999999999,1.0,1,5,3,3
smd,group23_evaluation,machine-2-5,13,16524,16549,robust_z,-1,"[12, 8, 13, 14, 0, 9, 32, 6, 29, 33, 11, 31, 5, 1, 19, 2, 35, 34, 3, 20, 27, 18, 10, 15, 22, 21, 30, 24, 23, 25, 4, 7, 16, 17, 26, 28, 36, 37]",5,1.0,1.0,1.0,1.0,1,5,5,5
smd,group23_evaluation,machine-2-5,13,16524,16549,pca_q,-1,"[8, 13, 14, 11, 0, 32, 3, 2, 33, 29, 1, 6, 5, 10, 15, 18, 31, 20, 27, 35, 34, 19, 21, 30, 22, 23, 25, 24, 12, 9, 26, 4, 7, 16, 17, 28, 36, 37]",1,1.0,0.2,0.33333333333333337,1.0,1,5,1,1
smd,group23_evaluation,machine-2-5,13,16524,16549,pca_q,-1,"[8, 13, 14, 11, 0, 32, 3, 2, 33, 29, 1, 6, 5, 10, 15, 18, 31, 20, 27, 35, 34, 19, 21, 30, 22, 23, 25, 24, 12, 9, 26, 4, 7, 16, 17, 28, 36, 37]",3,1.0,0.6,0.7499999999999999,1.0,1,5,3,3
smd,group23_evaluation,machine-2-5,13,16524,16549,pca_q,-1,"[8, 13, 14, 11, 0, 32, 3, 2, 33, 29, 1, 6, 5, 10, 15, 18, 31, 20, 27, 35, 34, 19, 21, 30, 22, 23, 25, 24, 12, 9, 26, 4, 7, 16, 17, 28, 36, 37]",5,0.8,0.8,0.8000000000000002,0.8539316501572937,1,5,5,4
smd,group23_evaluation,machine-2-5,13,16524,16549,baro_robust_scorer,-1,"[13, 8, 0, 19, 14, 30, 20, 21, 27, 18, 24, 31, 22, 1, 2, 25, 5, 11, 23, 10, 15, 34, 35, 3, 6, 12, 32, 33, 9]",1,1.0,0.2,0.33333333333333337,1.0,1,5,1,1
smd,group23_evaluation,machine-2-5,13,16524,16549,baro_robust_scorer,-1,"[13, 8, 0, 19, 14, 30, 20, 21, 27, 18, 24, 31, 22, 1, 2, 25, 5, 11, 23, 10, 15, 34, 35, 3, 6, 12, 32, 33, 9]",3,1.0,0.6,0.7499999999999999,1.0,1,5,3,3
smd,group23_evaluation,machine-2-5,13,16524,16549,baro_robust_scorer,-1,"[13, 8, 0, 19, 14, 30, 20, 21, 27, 18, 24, 31, 22, 1, 2, 25, 5, 11, 23, 10, 15, 34, 35, 3, 6, 12, 32, 33, 9]",5,0.8,0.8,0.8000000000000002,0.8539316501572937,1,5,5,4
smd,group23_evaluation,machine-2-5,14,17960,18331,robust_z,-1,"[12, 9, 8, 14, 0, 13, 6, 29, 11, 31, 23, 25, 32, 22, 10, 15, 27, 20, 18, 21, 30, 35, 34, 19, 3, 2, 1, 24, 5, 33, 4, 7, 16, 17, 26, 28, 36, 37]",1,1.0,0.16666666666666666,0.2857142857142857,1.0,1,6,1,1
smd,group23_evaluation,machine-2-5,14,17960,18331,robust_z,-1,"[12, 9, 8, 14, 0, 13, 6, 29, 11, 31, 23, 25, 32, 22, 10, 15, 27, 20, 18, 21, 30, 35, 34, 19, 3, 2, 1, 24, 5, 33, 4, 7, 16, 17, 26, 28, 36, 37]",3,0.6666666666666666,0.3333333333333333,0.4444444444444444,0.7039180890341347,1,6,3,2
smd,group23_evaluation,machine-2-5,14,17960,18331,robust_z,-1,"[12, 9, 8, 14, 0, 13, 6, 29, 11, 31, 23, 25, 32, 22, 10, 15, 27, 20, 18, 21, 30, 35, 34, 19, 3, 2, 1, 24, 5, 33, 4, 7, 16, 17, 26, 28, 36, 37]",5,0.8,0.6666666666666666,0.7272727272727272,0.7860137352654724,1,6,5,4
smd,group23_evaluation,machine-2-5,14,17960,18331,pca_q,-1,"[8, 13, 14, 0, 29, 3, 2, 11, 6, 1, 10, 15, 18, 31, 20, 27, 23, 25, 21, 30, 22, 19, 35, 34, 24, 32, 5, 33, 12, 9, 26, 4, 7, 16, 17, 28, 36, 37]",1,1.0,0.16666666666666666,0.2857142857142857,1.0,1,6,1,1
smd,group23_evaluation,machine-2-5,14,17960,18331,pca_q,-1,"[8, 13, 14, 0, 29, 3, 2, 11, 6, 1, 10, 15, 18, 31, 20, 27, 23, 25, 21, 30, 22, 19, 35, 34, 24, 32, 5, 33, 12, 9, 26, 4, 7, 16, 17, 28, 36, 37]",3,1.0,0.5,0.6666666666666666,1.0,1,6,3,3
smd,group23_evaluation,machine-2-5,14,17960,18331,pca_q,-1,"[8, 13, 14, 0, 29, 3, 2, 11, 6, 1, 10, 15, 18, 31, 20, 27, 23, 25, 21, 30, 22, 19, 35, 34, 24, 32, 5, 33, 12, 9, 26, 4, 7, 16, 17, 28, 36, 37]",5,0.8,0.6666666666666666,0.7272727272727272,0.8687949224876582,1,6,5,4
smd,group23_evaluation,machine-2-5,14,17960,18331,baro_robust_scorer,-1,"[9, 13, 8, 14, 0, 11, 10, 15, 1, 6, 23, 25, 5, 2, 32, 19, 3, 29, 33, 31, 35, 34, 21, 18, 30, 27, 20, 24, 22]",1,0.0,0.0,0.0,0.0,0,6,1,0
smd,group23_evaluation,machine-2-5,14,17960,18331,baro_robust_scorer,-1,"[9, 13, 8, 14, 0, 11, 10, 15, 1, 6, 23, 25, 5, 2, 32, 19, 3, 29, 33, 31, 35, 34, 21, 18, 30, 27, 20, 24, 22]",3,0.6666666666666666,0.3333333333333333,0.4444444444444444,0.5307212739772434,1,6,3,2
smd,group23_evaluation,machine-2-5,14,17960,18331,baro_robust_scorer,-1,"[9, 13, 8, 14, 0, 11, 10, 15, 1, 6, 23, 25, 5, 2, 32, 19, 3, 29, 33, 31, 35, 34, 21, 18, 30, 27, 20, 24, 22]",5,0.8,0.6666666666666666,0.7272727272727272,0.6608397947263839,1,6,5,4
smd,group23_evaluation,machine-2-5,15,18592,18701,robust_z,-1,"[10, 15, 18, 20, 27, 21, 30, 2, 3, 0, 1, 19, 31, 24, 22, 34, 35, 29, 9, 14, 8, 23, 25, 13, 5, 11, 6, 33, 32, 4, 7, 12, 16, 17, 26, 28, 36, 37]",1,1.0,0.1,0.18181818181818182,1.0,1,10,1,1
smd,group23_evaluation,machine-2-5,15,18592,18701,robust_z,-1,"[10, 15, 18, 20, 27, 21, 30, 2, 3, 0, 1, 19, 31, 24, 22, 34, 35, 29, 9, 14, 8, 23, 25, 13, 5, 11, 6, 33, 32, 4, 7, 12, 16, 17, 26, 28, 36, 37]",3,1.0,0.3,0.4615384615384615,1.0,1,10,3,3
smd,group23_evaluation,machine-2-5,15,18592,18701,robust_z,-1,"[10, 15, 18, 20, 27, 21, 30, 2, 3, 0, 1, 19, 31, 24, 22, 34, 35, 29, 9, 14, 8, 23, 25, 13, 5, 11, 6, 33, 32, 4, 7, 12, 16, 17, 26, 28, 36, 37]",5,1.0,0.5,0.6666666666666666,1.0,1,10,5,5
smd,group23_evaluation,machine-2-5,15,18592,18701,pca_q,-1,"[10, 15, 18, 20, 27, 21, 30, 2, 3, 1, 0, 19, 31, 24, 22, 29, 14, 34, 35, 8, 5, 23, 25, 11, 13, 6, 32, 33, 9, 12, 26, 4, 7, 16, 17, 28, 36, 37]",1,1.0,0.1,0.18181818181818182,1.0,1,10,1,1
smd,group23_evaluation,machine-2-5,15,18592,18701,pca_q,-1,"[10, 15, 18, 20, 27, 21, 30, 2, 3, 1, 0, 19, 31, 24, 22, 29, 14, 34, 35, 8, 5, 23, 25, 11, 13, 6, 32, 33, 9, 12, 26, 4, 7, 16, 17, 28, 36, 37]",3,1.0,0.3,0.4615384615384615,1.0,1,10,3,3
smd,group23_evaluation,machine-2-5,15,18592,18701,pca_q,-1,"[10, 15, 18, 20, 27, 21, 30, 2, 3, 1, 0, 19, 31, 24, 22, 29, 14, 34, 35, 8, 5, 23, 25, 11, 13, 6, 32, 33, 9, 12, 26, 4, 7, 16, 17, 28, 36, 37]",5,1.0,0.5,0.6666666666666666,1.0,1,10,5,5
smd,group23_evaluation,machine-2-5,15,18592,18701,baro_robust_scorer,-1,"[10, 15, 18, 27, 20, 21, 30, 19, 1, 9, 2, 0, 23, 25, 3, 31, 11, 14, 8, 13, 22, 33, 24, 6, 34, 35, 5, 32]",1,1.0,0.1,0.18181818181818182,1.0,1,10,1,1
smd,group23_evaluation,machine-2-5,15,18592,18701,baro_robust_scorer,-1,"[10, 15, 18, 27, 20, 21, 30, 19, 1, 9, 2, 0, 23, 25, 3, 31, 11, 14, 8, 13, 22, 33, 24, 6, 34, 35, 5, 32]",3,1.0,0.3,0.4615384615384615,1.0,1,10,3,3
smd,group23_evaluation,machine-2-5,15,18592,18701,baro_robust_scorer,-1,"[10, 15, 18, 27, 20, 21, 30, 19, 1, 9, 2, 0, 23, 25, 3, 31, 11, 14, 8, 13, 22, 33, 24, 6, 34, 35, 5, 32]",5,1.0,0.5,0.6666666666666666,1.0,1,10,5,5
smd,group23_evaluation,machine-2-5,16,18880,18951,robust_z,-1,"[28, 2, 3, 1, 10, 18, 15, 20, 27, 31, 21, 30, 0, 19, 33, 24, 34, 35, 6, 5, 22, 29, 9, 14, 13, 23, 25, 8, 11, 32, 4, 7, 12, 16, 17, 26, 36, 37]",1,1.0,0.045454545454545456,0.08695652173913045,1.0,1,22,1,1
smd,group23_evaluation,machine-2-5,16,18880,18951,robust_z,-1,"[28, 2, 3, 1, 10, 18, 15, 20, 27, 31, 21, 30, 0, 19, 33, 24, 34, 35, 6, 5, 22, 29, 9, 14, 13, 23, 25, 8, 11, 32, 4, 7, 12, 16, 17, 26, 36, 37]",3,1.0,0.13636363636363635,0.24000000000000002,1.0,1,22,3,3
smd,group23_evaluation,machine-2-5,16,18880,18951,robust_z,-1,"[28, 2, 3, 1, 10, 18, 15, 20, 27, 31, 21, 30, 0, 19, 33, 24, 34, 35, 6, 5, 22, 29, 9, 14, 13, 23, 25, 8, 11, 32, 4, 7, 12, 16, 17, 26, 36, 37]",5,1.0,0.22727272727272727,0.37037037037037035,1.0,1,22,5,5
smd,group23_evaluation,machine-2-5,16,18880,18951,pca_q,-1,"[28, 2, 1, 3, 10, 18, 15, 20, 27, 31, 21, 30, 33, 0, 19, 34, 35, 6, 24, 5, 22, 29, 14, 23, 25, 32, 8, 13, 11, 9, 12, 26, 4, 7, 16, 17, 36, 37]",1,1.0,0.045454545454545456,0.08695652173913045,1.0,1,22,1,1
smd,group23_evaluation,machine-2-5,16,18880,18951,pca_q,-1,"[28, 2, 1, 3, 10, 18, 15, 20, 27, 31, 21, 30, 33, 0, 19, 34, 35, 6, 24, 5, 22, 29, 14, 23, 25, 32, 8, 13, 11, 9, 12, 26, 4, 7, 16, 17, 36, 37]",3,1.0,0.13636363636363635,0.24000000000000002,1.0,1,22,3,3
smd,group23_evaluation,machine-2-5,16,18880,18951,pca_q,-1,"[28, 2, 1, 3, 10, 18, 15, 20, 27, 31, 21, 30, 33, 0, 19, 34, 35, 6, 24, 5, 22, 29, 14, 23, 25, 32, 8, 13, 11, 9, 12, 26, 4, 7, 16, 17, 36, 37]",5,1.0,0.22727272727272727,0.37037037037037035,1.0,1,22,5,5
smd,group23_evaluation,machine-2-5,16,18880,18951,baro_robust_scorer,-1,"[3, 2, 33, 31, 1, 34, 35, 24, 19, 25, 23, 0, 9, 20, 27, 18, 21, 30, 22, 6, 5, 10, 15, 8, 14, 13, 11, 32]",1,1.0,0.045454545454545456,0.08695652173913045,1.0,1,22,1,1
smd,group23_evaluation,machine-2-5,16,18880,18951,baro_robust_scorer,-1,"[3, 2, 33, 31, 1, 34, 35, 24, 19, 25, 23, 0, 9, 20, 27, 18, 21, 30, 22, 6, 5, 10, 15, 8, 14, 13, 11, 32]",3,1.0,0.13636363636363635,0.24000000000000002,1.0,1,22,3,3
smd,group23_evaluation,machine-2-5,16,18880,18951,baro_robust_scorer,-1,"[3, 2, 33, 31, 1, 34, 35, 24, 19, 25, 23, 0, 9, 20, 27, 18, 21, 30, 22, 6, 5, 10, 15, 8, 14, 13, 11, 32]",5,1.0,0.22727272727272727,0.37037037037037035,1.0,1,22,5,5
smd,group23_evaluation,machine-2-5,17,19405,19413,robust_z,-1,"[12, 8, 13, 14, 31, 9, 29, 11, 6, 32, 2, 3, 20, 27, 34, 35, 21, 30, 19, 18, 22, 1, 0, 15, 10, 24, 25, 23, 5, 33, 4, 7, 16, 17, 26, 28, 36, 37]",1,1.0,0.25,0.4,1.0,1,4,1,1
smd,group23_evaluation,machine-2-5,17,19405,19413,robust_z,-1,"[12, 8, 13, 14, 31, 9, 29, 11, 6, 32, 2, 3, 20, 27, 34, 35, 21, 30, 19, 18, 22, 1, 0, 15, 10, 24, 25, 23, 5, 33, 4, 7, 16, 17, 26, 28, 36, 37]",3,1.0,0.75,0.8571428571428571,1.0,1,4,3,3
smd,group23_evaluation,machine-2-5,17,19405,19413,robust_z,-1,"[12, 8, 13, 14, 31, 9, 29, 11, 6, 32, 2, 3, 20, 27, 34, 35, 21, 30, 19, 18, 22, 1, 0, 15, 10, 24, 25, 23, 5, 33, 4, 7, 16, 17, 26, 28, 36, 37]",5,0.8,1.0,0.888888888888889,1.0,1,4,5,4
smd,group23_evaluation,machine-2-5,17,19405,19413,pca_q,-1,"[13, 8, 14, 11, 29, 31, 2, 3, 1, 0, 6, 15, 10, 18, 20, 27, 23, 25, 21, 30, 19, 34, 35, 22, 32, 24, 5, 33, 12, 9, 26, 4, 7, 16, 17, 28, 36, 37]",1,1.0,0.25,0.4,1.0,1,4,1,1
smd,group23_evaluation,machine-2-5,17,19405,19413,pca_q,-1,"[13, 8, 14, 11, 29, 31, 2, 3, 1, 0, 6, 15, 10, 18, 20, 27, 23, 25, 21, 30, 19, 34, 35, 22, 32, 24, 5, 33, 12, 9, 26, 4, 7, 16, 17, 28, 36, 37]",3,1.0,0.75,0.8571428571428571,1.0,1,4,3,3
smd,group23_evaluation,machine-2-5,17,19405,19413,pca_q,-1,"[13, 8, 14, 11, 29, 31, 2, 3, 1, 0, 6, 15, 10, 18, 20, 27, 23, 25, 21, 30, 19, 34, 35, 22, 32, 24, 5, 33, 12, 9, 26, 4, 7, 16, 17, 28, 36, 37]",5,0.6,0.75,0.6666666666666665,0.8318724637288826,1,4,5,3
smd,group23_evaluation,machine-2-5,17,19405,19413,baro_robust_scorer,-1,"[13, 8, 5, 14, 6, 11, 1, 9, 10, 19, 15, 18, 12, 20, 27, 0, 2, 34, 35, 33, 23, 21, 30, 25, 31, 22, 3]",1,1.0,0.25,0.4,1.0,1,4,1,1
smd,group23_evaluation,machine-2-5,17,19405,19413,baro_robust_scorer,-1,"[13, 8, 5, 14, 6, 11, 1, 9, 10, 19, 15, 18, 12, 20, 27, 0, 2, 34, 35, 33, 23, 21, 30, 25, 31, 22, 3]",3,0.6666666666666666,0.5,0.5714285714285715,0.7653606369886217,1,4,3,2
smd,group23_evaluation,machine-2-5,17,19405,19413,baro_robust_scorer,-1,"[13, 8, 5, 14, 6, 11, 1, 9, 10, 19, 15, 18, 12, 20, 27, 0, 2, 34, 35, 33, 23, 21, 30, 25, 31, 22, 3]",5,0.6,0.75,0.6666666666666665,0.8048099750039491,1,4,5,3
smd,group23_evaluation,machine-2-5,18,20846,20854,robust_z,-1,"[12, 8, 13, 14, 31, 29, 11, 32, 33, 0, 6, 25, 23, 9, 3, 19, 35, 34, 2, 27, 20, 18, 30, 21, 10, 15, 22, 24, 1, 5, 4, 7, 16, 17, 26, 28, 36, 37]",1,1.0,0.25,0.4,1.0,1,4,1,1
smd,group23_evaluation,machine-2-5,18,20846,20854,robust_z,-1,"[12, 8, 13, 14, 31, 29, 11, 32, 33, 0, 6, 25, 23, 9, 3, 19, 35, 34, 2, 27, 20, 18, 30, 21, 10, 15, 22, 24, 1, 5, 4, 7, 16, 17, 26, 28, 36, 37]",3,1.0,0.75,0.8571428571428571,1.0,1,4,3,3
smd,group23_evaluation,machine-2-5,18,20846,20854,robust_z,-1,"[12, 8, 13, 14, 31, 29, 11, 32, 33, 0, 6, 25, 23, 9, 3, 19, 35, 34, 2, 27, 20, 18, 30, 21, 10, 15, 22, 24, 1, 5, 4, 7, 16, 17, 26, 28, 36, 37]",5,0.8,1.0,0.888888888888889,1.0,1,4,5,4
smd,group23_evaluation,machine-2-5,18,20846,20854,pca_q,-1,"[8, 13, 14, 11, 3, 2, 29, 31, 0, 1, 33, 23, 25, 10, 15, 18, 6, 20, 27, 19, 21, 30, 34, 35, 22, 24, 32, 5, 12, 9, 26, 4, 7, 16, 17, 28, 36, 37]",1,1.0,0.25,0.4,1.0,1,4,1,1
smd,group23_evaluation,machine-2-5,18,20846,20854,pca_q,-1,"[8, 13, 14, 11, 3, 2, 29, 31, 0, 1, 33, 23, 25, 10, 15, 18, 6, 20, 27, 19, 21, 30, 34, 35, 22, 24, 32, 5, 12, 9, 26, 4, 7, 16, 17, 28, 36, 37]",3,1.0,0.75,0.8571428571428571,1.0,1,4,3,3
smd,group23_evaluation,machine-2-5,18,20846,20854,pca_q,-1,"[8, 13, 14, 11, 3, 2, 29, 31, 0, 1, 33, 23, 25, 10, 15, 18, 6, 20, 27, 19, 21, 30, 34, 35, 22, 24, 32, 5, 12, 9, 26, 4, 7, 16, 17, 28, 36, 37]",5,0.6,0.75,0.6666666666666665,0.8318724637288826,1,4,5,3
smd,group23_evaluation,machine-2-5,18,20846,20854,baro_robust_scorer,-1,"[8, 13, 31, 2, 1, 14, 22, 24, 5, 11, 9, 30, 23, 25, 21, 27, 20, 34, 35, 18, 12, 10, 19, 15, 0, 33, 3, 6]",1,1.0,0.25,0.4,1.0,1,4,1,1
smd,group23_evaluation,machine-2-5,18,20846,20854,baro_robust_scorer,-1,"[8, 13, 31, 2, 1, 14, 22, 24, 5, 11, 9, 30, 23, 25, 21, 27, 20, 34, 35, 18, 12, 10, 19, 15, 0, 33, 3, 6]",3,0.6666666666666666,0.5,0.5714285714285715,0.7653606369886217,1,4,3,2
smd,group23_evaluation,machine-2-5,18,20846,20854,baro_robust_scorer,-1,"[8, 13, 31, 2, 1, 14, 22, 24, 5, 11, 9, 30, 23, 25, 21, 27, 20, 34, 35, 18, 12, 10, 19, 15, 0, 33, 3, 6]",5,0.4,0.5,0.4444444444444445,0.6366824387328317,1,4,5,2
smd,group23_evaluation,machine-2-5,19,22283,22294,robust_z,-1,"[12, 8, 13, 14, 31, 33, 11, 29, 0, 32, 23, 25, 5, 6, 9, 34, 35, 2, 3, 19, 1, 18, 20, 27, 21, 30, 15, 10, 22, 24, 4, 7, 16, 17, 26, 28, 36, 37]",1,1.0,0.25,0.4,1.0,1,4,1,1
smd,group23_evaluation,machine-2-5,19,22283,22294,robust_z,-1,"[12, 8, 13, 14, 31, 33, 11, 29, 0, 32, 23, 25, 5, 6, 9, 34, 35, 2, 3, 19, 1, 18, 20, 27, 21, 30, 15, 10, 22, 24, 4, 7, 16, 17, 26, 28, 36, 37]",3,1.0,0.75,0.8571428571428571,1.0,1,4,3,3
smd,group23_evaluation,machine-2-5,19,22283,22294,robust_z,-1,"[12, 8, 13, 14, 31, 33, 11, 29, 0, 32, 23, 25, 5, 6, 9, 34, 35, 2, 3, 19, 1, 18, 20, 27, 21, 30, 15, 10, 22, 24, 4, 7, 16, 17, 26, 28, 36, 37]",5,0.8,1.0,0.888888888888889,1.0,1,4,5,4
smd,group23_evaluation,machine-2-5,19,22283,22294,pca_q,-1,"[13, 8, 14, 11, 0, 33, 31, 29, 3, 2, 1, 5, 15, 10, 23, 25, 18, 34, 35, 20, 27, 19, 6, 21, 30, 32, 22, 24, 12, 9, 26, 4, 7, 16, 17, 28, 36, 37]",1,1.0,0.25,0.4,1.0,1,4,1,1
smd,group23_evaluation,machine-2-5,19,22283,22294,pca_q,-1,"[13, 8, 14, 11, 0, 33, 31, 29, 3, 2, 1, 5, 15, 10, 23, 25, 18, 34, 35, 20, 27, 19, 6, 21, 30, 32, 22, 24, 12, 9, 26, 4, 7, 16, 17, 28, 36, 37]",3,1.0,0.75,0.8571428571428571,1.0,1,4,3,3
smd,group23_evaluation,machine-2-5,19,22283,22294,pca_q,-1,"[13, 8, 14, 11, 0, 33, 31, 29, 3, 2, 1, 5, 15, 10, 23, 25, 18, 34, 35, 20, 27, 19, 6, 21, 30, 32, 22, 24, 12, 9, 26, 4, 7, 16, 17, 28, 36, 37]",5,0.6,0.75,0.6666666666666665,0.8318724637288826,1,4,5,3
smd,group23_evaluation,machine-2-5,19,22283,22294,baro_robust_scorer,-1,"[8, 13, 0, 14, 3, 31, 2, 19, 11, 23, 1, 25, 9, 33, 24, 18, 5, 20, 30, 6, 22, 27, 21, 10, 15, 29, 34, 35]",1,1.0,0.25,0.4,1.0,1,4,1,1
smd,group23_evaluation,machine-2-5,19,22283,22294,baro_robust_scorer,-1,"[8, 13, 0, 14, 3, 31, 2, 19, 11, 23, 1, 25, 9, 33, 24, 18, 5, 20, 30, 6, 22, 27, 21, 10, 15, 29, 34, 35]",3,0.6666666666666666,0.5,0.5714285714285715,0.7653606369886217,1,4,3,2
smd,group23_evaluation,machine-2-5,19,22283,22294,baro_robust_scorer,-1,"[8, 13, 0, 14, 3, 31, 2, 19, 11, 23, 1, 25, 9, 33, 24, 18, 5, 20, 30, 6, 22, 27, 21, 10, 15, 29, 34, 35]",5,0.6,0.75,0.6666666666666665,0.8048099750039491,1,4,5,3
smd,group23_evaluation,machine-2-5,20,23120,23141,robust_z,-1,"[2, 1, 3, 0, 9, 33, 24, 29, 22, 19, 30, 21, 11, 14, 20, 27, 34, 35, 8, 13, 18, 6, 32, 5, 23, 10, 25, 15, 31, 4, 7, 12, 16, 17, 26, 28, 36, 37]",1,0.0,0.0,0.0,0.0,0,3,1,0
smd,group23_evaluation,machine-2-5,20,23120,23141,robust_z,-1,"[2, 1, 3, 0, 9, 33, 24, 29, 22, 19, 30, 21, 11, 14, 20, 27, 34, 35, 8, 13, 18, 6, 32, 5, 23, 10, 25, 15, 31, 4, 7, 12, 16, 17, 26, 28, 36, 37]",3,0.0,0.0,0.0,0.0,0,3,3,0
smd,group23_evaluation,machine-2-5,20,23120,23141,robust_z,-1,"[2, 1, 3, 0, 9, 33, 24, 29, 22, 19, 30, 21, 11, 14, 20, 27, 34, 35, 8, 13, 18, 6, 32, 5, 23, 10, 25, 15, 31, 4, 7, 12, 16, 17, 26, 28, 36, 37]",5,0.2,0.3333333333333333,0.25,0.20210734650054757,1,3,5,1
smd,group23_evaluation,machine-2-5,20,23120,23141,pca_q,-1,"[1, 2, 3, 0, 33, 29, 19, 24, 22, 14, 8, 11, 13, 32, 21, 30, 34, 35, 27, 20, 6, 31, 15, 10, 23, 25, 18, 5, 12, 9, 26, 4, 7, 16, 17, 28, 36, 37]",1,0.0,0.0,0.0,0.0,0,3,1,0
smd,group23_evaluation,machine-2-5,20,23120,23141,pca_q,-1,"[1, 2, 3, 0, 33, 29, 19, 24, 22, 14, 8, 11, 13, 32, 21, 30, 34, 35, 27, 20, 6, 31, 15, 10, 23, 25, 18, 5, 12, 9, 26, 4, 7, 16, 17, 28, 36, 37]",3,0.0,0.0,0.0,0.0,0,3,3,0
smd,group23_evaluation,machine-2-5,20,23120,23141,pca_q,-1,"[1, 2, 3, 0, 33, 29, 19, 24, 22, 14, 8, 11, 13, 32, 21, 30, 34, 35, 27, 20, 6, 31, 15, 10, 23, 25, 18, 5, 12, 9, 26, 4, 7, 16, 17, 28, 36, 37]",5,0.2,0.3333333333333333,0.25,0.20210734650054757,1,3,5,1
smd,group23_evaluation,machine-2-5,20,23120,23141,baro_robust_scorer,-1,"[1, 3, 2, 24, 9, 22, 19, 21, 30, 20, 27, 6, 25, 5, 23, 18, 8, 13, 14, 32, 31, 34, 35, 15, 10, 11, 33, 0]",1,0.0,0.0,0.0,0.0,0,3,1,0
smd,group23_evaluation,machine-2-5,20,23120,23141,baro_robust_scorer,-1,"[1, 3, 2, 24, 9, 22, 19, 21, 30, 20, 27, 6, 25, 5, 23, 18, 8, 13, 14, 32, 31, 34, 35, 15, 10, 11, 33, 0]",3,0.0,0.0,0.0,0.0,0,3,3,0
smd,group23_evaluation,machine-2-5,20,23120,23141,baro_robust_scorer,-1,"[1, 3, 2, 24, 9, 22, 19, 21, 30, 20, 27, 6, 25, 5, 23, 18, 8, 13, 14, 32, 31, 34, 35, 15, 10, 11, 33, 0]",5,0.2,0.3333333333333333,0.25,0.20210734650054757,1,3,5,1
smd,group23_evaluation,machine-2-6,0,1170,1205,robust_z,-1,"[32, 9, 6, 23, 25, 5, 29, 8, 13, 14, 35, 34, 31, 24, 18, 15, 10, 12, 11, 0, 33, 1, 27, 20, 2, 30, 21, 3, 19, 22, 4, 7, 16, 17, 26, 28, 36, 37]",1,0.0,0.0,0.0,0.0,0,20,1,0
smd,group23_evaluation,machine-2-6,0,1170,1205,robust_z,-1,"[32, 9, 6, 23, 25, 5, 29, 8, 13, 14, 35, 34, 31, 24, 18, 15, 10, 12, 11, 0, 33, 1, 27, 20, 2, 30, 21, 3, 19, 22, 4, 7, 16, 17, 26, 28, 36, 37]",3,0.3333333333333333,0.05,0.08695652173913045,0.23463936301137822,1,20,3,1
smd,group23_evaluation,machine-2-6,0,1170,1205,robust_z,-1,"[32, 9, 6, 23, 25, 5, 29, 8, 13, 14, 35, 34, 31, 24, 18, 15, 10, 12, 11, 0, 33, 1, 27, 20, 2, 30, 21, 3, 19, 22, 4, 7, 16, 17, 26, 28, 36, 37]",5,0.6,0.15,0.24,0.4468535299918563,1,20,5,3
smd,group23_evaluation,machine-2-6,0,1170,1205,pca_q,-1,"[32, 6, 23, 25, 5, 29, 8, 13, 35, 34, 31, 15, 24, 10, 18, 14, 33, 0, 12, 1, 27, 20, 2, 11, 30, 21, 3, 19, 22, 9, 4, 7, 16, 17, 26, 28, 36, 37]",1,0.0,0.0,0.0,0.0,0,20,1,0
smd,group23_evaluation,machine-2-6,0,1170,1205,pca_q,-1,"[32, 6, 23, 25, 5, 29, 8, 13, 35, 34, 31, 15, 24, 10, 18, 14, 33, 0, 12, 1, 27, 20, 2, 11, 30, 21, 3, 19, 22, 9, 4, 7, 16, 17, 26, 28, 36, 37]",3,0.6666666666666666,0.1,0.1739130434782609,0.5307212739772434,1,20,3,2
smd,group23_evaluation,machine-2-6,0,1170,1205,pca_q,-1,"[32, 6, 23, 25, 5, 29, 8, 13, 35, 34, 31, 15, 24, 10, 18, 14, 33, 0, 12, 1, 27, 20, 2, 11, 30, 21, 3, 19, 22, 9, 4, 7, 16, 17, 26, 28, 36, 37]",5,0.6,0.15,0.24,0.5296347172140421,1,20,5,3
smd,group23_evaluation,machine-2-6,0,1170,1205,baro_robust_scorer,-1,"[6, 23, 25, 31, 29, 34, 35, 24, 0, 18, 20, 27, 30, 21, 19, 9, 10, 15, 8, 13, 2, 1, 33, 12, 3, 14, 11, 5, 22]",1,1.0,0.05,0.09523809523809523,1.0,1,20,1,1
smd,group23_evaluation,machine-2-6,0,1170,1205,baro_robust_scorer,-1,"[6, 23, 25, 31, 29, 34, 35, 24, 0, 18, 20, 27, 30, 21, 19, 9, 10, 15, 8, 13, 2, 1, 33, 12, 3, 14, 11, 5, 22]",3,1.0,0.15,0.2608695652173913,1.0,1,20,3,3
smd,group23_evaluation,machine-2-6,0,1170,1205,baro_robust_scorer,-1,"[6, 23, 25, 31, 29, 34, 35, 24, 0, 18, 20, 27, 30, 21, 19, 9, 10, 15, 8, 13, 2, 1, 33, 12, 3, 14, 11, 5, 22]",5,1.0,0.25,0.4,1.0,1,20,5,5
smd,group23_evaluation,machine-2-6,1,8188,8214,robust_z,-1,"[32, 33, 29, 6, 23, 25, 8, 13, 10, 15, 9, 18, 14, 24, 31, 35, 34, 21, 30, 27, 20, 1, 0, 19, 2, 11, 3, 12, 5, 22, 4, 7, 16, 17, 26, 28, 36, 37]",1,0.0,0.0,0.0,0.0,0,15,1,0
smd,group23_evaluation,machine-2-6,1,8188,8214,robust_z,-1,"[32, 33, 29, 6, 23, 25, 8, 13, 10, 15, 9, 18, 14, 24, 31, 35, 34, 21, 30, 27, 20, 1, 0, 19, 2, 11, 3, 12, 5, 22, 4, 7, 16, 17, 26, 28, 36, 37]",3,0.3333333333333333,0.06666666666666667,0.1111111111111111,0.23463936301137822,1,15,3,1
smd,group23_evaluation,machine-2-6,1,8188,8214,robust_z,-1,"[32, 33, 29, 6, 23, 25, 8, 13, 10, 15, 9, 18, 14, 24, 31, 35, 34, 21, 30, 27, 20, 1, 0, 19, 2, 11, 3, 12, 5, 22, 4, 7, 16, 17, 26, 28, 36, 37]",5,0.2,0.06666666666666667,0.1,0.16958010263680806,1,15,5,1
smd,group23_evaluation,machine-2-6,1,8188,8214,pca_q,-1,"[32, 33, 6, 8, 29, 13, 23, 25, 10, 15, 9, 5, 18, 14, 24, 31, 35, 34, 12, 21, 30, 27, 20, 19, 0, 1, 2, 3, 11, 22, 4, 7, 16, 17, 26, 28, 36, 37]",1,0.0,0.0,0.0,0.0,0,15,1,0
smd,group23_evaluation,machine-2-6,1,8188,8214,pca_q,-1,"[32, 33, 6, 8, 29, 13, 23, 25, 10, 15, 9, 5, 18, 14, 24, 31, 35, 34, 12, 21, 30, 27, 20, 19, 0, 1, 2, 3, 11, 22, 4, 7, 16, 17, 26, 28, 36, 37]",3,0.0,0.0,0.0,0.0,0,15,3,0
smd,group23_evaluation,machine-2-6,1,8188,8214,pca_q,-1,"[32, 33, 6, 8, 29, 13, 23, 25, 10, 15, 9, 5, 18, 14, 24, 31, 35, 34, 12, 21, 30, 27, 20, 19, 0, 1, 2, 3, 11, 22, 4, 7, 16, 17, 26, 28, 36, 37]",5,0.2,0.06666666666666667,0.1,0.13120507751234178,1,15,5,1
smd,group23_evaluation,machine-2-6,1,8188,8214,baro_robust_scorer,-1,"[29, 33, 6, 8, 23, 25, 24, 0, 13, 34, 35, 31, 3, 2, 18, 19, 21, 30, 20, 27, 14, 12, 15, 10, 1, 22, 11, 5, 9]",1,1.0,0.06666666666666667,0.125,1.0,1,15,1,1
smd,group23_evaluation,machine-2-6,1,8188,8214,baro_robust_scorer,-1,"[29, 33, 6, 8, 23, 25, 24, 0, 13, 34, 35, 31, 3, 2, 18, 19, 21, 30, 20, 27, 14, 12, 15, 10, 1, 22, 11, 5, 9]",3,0.3333333333333333,0.06666666666666667,0.1111111111111111,0.46927872602275644,1,15,3,1
smd,group23_evaluation,machine-2-6,1,8188,8214,baro_robust_scorer,-1,"[29, 33, 6, 8, 23, 25, 24, 0, 13, 34, 35, 31, 3, 2, 18, 19, 21, 30, 20, 27, 14, 12, 15, 10, 1, 22, 11, 5, 9]",5,0.2,0.06666666666666667,0.1,0.3391602052736161,1,15,5,1
smd,group23_evaluation,machine-2-6,2,8218,8235,robust_z,-1,"[32, 6, 8, 13, 29, 33, 5, 14, 9, 10, 15, 18, 23, 25, 30, 21, 27, 20, 19, 1, 24, 11, 31, 3, 2, 0, 35, 34, 12, 22, 4, 7, 16, 17, 26, 28, 36, 37]",1,0.0,0.0,0.0,0.0,0,15,1,0
smd,group23_evaluation,machine-2-6,2,8218,8235,robust_z,-1,"[32, 6, 8, 13, 29, 33, 5, 14, 9, 10, 15, 18, 23, 25, 30, 21, 27, 20, 19, 1, 24, 11, 31, 3, 2, 0, 35, 34, 12, 22, 4, 7, 16, 17, 26, 28, 36, 37]",3,0.0,0.0,0.0,0.0,0,15,3,0
smd,group23_evaluation,machine-2-6,2,8218,8235,robust_z,-1,"[32, 6, 8, 13, 29, 33, 5, 14, 9, 10, 15, 18, 23, 25, 30, 21, 27, 20, 19, 1, 24, 11, 31, 3, 2, 0, 35, 34, 12, 22, 4, 7, 16, 17, 26, 28, 36, 37]",5,0.2,0.06666666666666667,0.1,0.13120507751234178,1,15,5,1
smd,group23_evaluation,machine-2-6,2,8218,8235,pca_q,-1,"[32, 6, 13, 8, 33, 5, 29, 14, 15, 10, 18, 23, 25, 30, 21, 27, 20, 19, 24, 31, 12, 35, 34, 3, 1, 0, 2, 11, 22, 9, 4, 7, 16, 17, 26, 28, 36, 37]",1,0.0,0.0,0.0,0.0,0,15,1,0
smd,group23_evaluation,machine-2-6,2,8218,8235,pca_q,-1,"[32, 6, 13, 8, 33, 5, 29, 14, 15, 10, 18, 23, 25, 30, 21, 27, 20, 19, 24, 31, 12, 35, 34, 3, 1, 0, 2, 11, 22, 9, 4, 7, 16, 17, 26, 28, 36, 37]",3,0.0,0.0,0.0,0.0,0,15,3,0
smd,group23_evaluation,machine-2-6,2,8218,8235,pca_q,-1,"[32, 6, 13, 8, 33, 5, 29, 14, 15, 10, 18, 23, 25, 30, 21, 27, 20, 19, 24, 31, 12, 35, 34, 3, 1, 0, 2, 11, 22, 9, 4, 7, 16, 17, 26, 28, 36, 37]",5,0.0,0.0,0.0,0.0,0,15,5,0
smd,group23_evaluation,machine-2-6,2,8218,8235,baro_robust_scorer,-1,"[13, 8, 11, 14, 15, 18, 10, 22, 6, 12, 9, 5, 1, 27, 20, 3, 19, 29, 25, 23, 30, 33, 21, 24, 31, 35, 34, 32, 0, 2]",1,0.0,0.0,0.0,0.0,0,15,1,0
smd,group23_evaluation,machine-2-6,2,8218,8235,baro_robust_scorer,-1,"[13, 8, 11, 14, 15, 18, 10, 22, 6, 12, 9, 5, 1, 27, 20, 3, 19, 29, 25, 23, 30, 33, 21, 24, 31, 35, 34, 32, 0, 2]",3,0.0,0.0,0.0,0.0,0,15,3,0
smd,group23_evaluation,machine-2-6,2,8218,8235,baro_robust_scorer,-1,"[13, 8, 11, 14, 15, 18, 10, 22, 6, 12, 9, 5, 1, 27, 20, 3, 19, 29, 25, 23, 30, 33, 21, 24, 31, 35, 34, 32, 0, 2]",5,0.0,0.0,0.0,0.0,0,15,5,0
smd,group23_evaluation,machine-2-6,3,13890,13995,robust_z,-1,"[9, 32, 13, 6, 33, 8, 12, 11, 29, 10, 15, 18, 14, 27, 20, 23, 30, 21, 25, 19, 1, 2, 0, 24, 31, 35, 34, 3, 22, 5, 4, 7, 16, 17, 26, 28, 36, 37]",1,1.0,0.25,0.4,1.0,1,4,1,1
smd,group23_evaluation,machine-2-6,3,13890,13995,robust_z,-1,"[9, 32, 13, 6, 33, 8, 12, 11, 29, 10, 15, 18, 14, 27, 20, 23, 30, 21, 25, 19, 1, 2, 0, 24, 31, 35, 34, 3, 22, 5, 4, 7, 16, 17, 26, 28, 36, 37]",3,0.3333333333333333,0.25,0.28571428571428575,0.46927872602275644,1,4,3,1
smd,group23_evaluation,machine-2-6,3,13890,13995,robust_z,-1,"[9, 32, 13, 6, 33, 8, 12, 11, 29, 10, 15, 18, 14, 27, 20, 23, 30, 21, 25, 19, 1, 2, 0, 24, 31, 35, 34, 3, 22, 5, 4, 7, 16, 17, 26, 28, 36, 37]",5,0.4,0.5,0.4444444444444445,0.5413996682199069,1,4,5,2
smd,group23_evaluation,machine-2-6,3,13890,13995,pca_q,-1,"[32, 33, 13, 8, 12, 6, 11, 5, 14, 29, 10, 15, 18, 27, 20, 30, 21, 19, 23, 25, 1, 24, 31, 35, 34, 2, 0, 22, 3, 9, 4, 7, 16, 17, 26, 28, 36, 37]",1,0.0,0.0,0.0,0.0,0,4,1,0
smd,group23_evaluation,machine-2-6,3,13890,13995,pca_q,-1,"[32, 33, 13, 8, 12, 6, 11, 5, 14, 29, 10, 15, 18, 27, 20, 30, 21, 19, 23, 25, 1, 24, 31, 35, 34, 2, 0, 22, 3, 9, 4, 7, 16, 17, 26, 28, 36, 37]",3,0.3333333333333333,0.25,0.28571428571428575,0.2960819109658652,1,4,3,1
smd,group23_evaluation,machine-2-6,3,13890,13995,pca_q,-1,"[32, 33, 13, 8, 12, 6, 11, 5, 14, 29, 10, 15, 18, 27, 20, 30, 21, 19, 23, 25, 1, 24, 31, 35, 34, 2, 0, 22, 3, 9, 4, 7, 16, 17, 26, 28, 36, 37]",5,0.4,0.5,0.4444444444444445,0.3973220069685352,1,4,5,2
smd,group23_evaluation,machine-2-6,3,13890,13995,baro_robust_scorer,-1,"[33, 8, 13, 12, 11, 0, 3, 30, 21, 14, 19, 27, 20, 18, 31, 35, 34, 15, 24, 10, 2, 1, 25, 23, 6, 22, 9, 5, 29, 32]",1,1.0,0.25,0.4,1.0,1,4,1,1
smd,group23_evaluation,machine-2-6,3,13890,13995,baro_robust_scorer,-1,"[33, 8, 13, 12, 11, 0, 3, 30, 21, 14, 19, 27, 20, 18, 31, 35, 34, 15, 24, 10, 2, 1, 25, 23, 6, 22, 9, 5, 29, 32]",3,0.3333333333333333,0.25,0.28571428571428575,0.46927872602275644,1,4,3,1
smd,group23_evaluation,machine-2-6,3,13890,13995,baro_robust_scorer,-1,"[33, 8, 13, 12, 11, 0, 3, 30, 21, 14, 19, 27, 20, 18, 31, 35, 34, 15, 24, 10, 2, 1, 25, 23, 6, 22, 9, 5, 29, 32]",5,0.6,0.75,0.6666666666666665,0.7095272044910244,1,4,5,3
smd,group23_evaluation,machine-2-6,4,16720,16743,robust_z,-1,"[8, 13, 9, 14, 12, 22, 35, 34, 31, 24, 19, 30, 21, 3, 27, 20, 2, 0, 23, 1, 25, 18, 5, 11, 33, 10, 15, 6, 4, 7, 16, 17, 26, 28, 29, 32, 36, 37]",1,1.0,0.3333333333333333,0.5,1.0,1,3,1,1
smd,group23_evaluation,machine-2-6,4,16720,16743,robust_z,-1,"[8, 13, 9, 14, 12, 22, 35, 34, 31, 24, 19, 30, 21, 3, 27, 20, 2, 0, 23, 1, 25, 18, 5, 11, 33, 10, 15, 6, 4, 7, 16, 17, 26, 28, 29, 32, 36, 37]",3,0.6666666666666666,0.6666666666666666,0.6666666666666666,0.7653606369886217,1,3,3,2
smd,group23_evaluation,machine-2-6,4,16720,16743,robust_z,-1,"[8, 13, 9, 14, 12, 22, 35, 34, 31, 24, 19, 30, 21, 3, 27, 20, 2, 0, 23, 1, 25, 18, 5, 11, 33, 10, 15, 6, 4, 7, 16, 17, 26, 28, 29, 32, 36, 37]",5,0.4,0.6666666666666666,0.5,0.7653606369886217,1,3,5,2
smd,group23_evaluation,machine-2-6,4,16720,16743,pca_q,-1,"[32, 8, 13, 12, 14, 5, 22, 35, 34, 31, 0, 24, 2, 19, 1, 30, 21, 3, 27, 20, 23, 11, 25, 33, 18, 10, 15, 29, 6, 9, 4, 7, 16, 17, 26, 28, 36, 37]",1,0.0,0.0,0.0,0.0,0,3,1,0
smd,group23_evaluation,machine-2-6,4,16720,16743,pca_q,-1,"[32, 8, 13, 12, 14, 5, 22, 35, 34, 31, 0, 24, 2, 19, 1, 30, 21, 3, 27, 20, 23, 11, 25, 33, 18, 10, 15, 29, 6, 9, 4, 7, 16, 17, 26, 28, 36, 37]",3,0.6666666666666666,0.6666666666666666,0.6666666666666666,0.5307212739772434,1,3,3,2
smd,group23_evaluation,machine-2-6,4,16720,16743,pca_q,-1,"[32, 8, 13, 12, 14, 5, 22, 35, 34, 31, 0, 24, 2, 19, 1, 30, 21, 3, 27, 20, 23, 11, 25, 33, 18, 10, 15, 29, 6, 9, 4, 7, 16, 17, 26, 28, 36, 37]",5,0.4,0.6666666666666666,0.5,0.5307212739772434,1,3,5,2
smd,group23_evaluation,machine-2-6,4,16720,16743,baro_robust_scorer,-1,"[8, 13, 14, 12, 0, 10, 15, 33, 11, 6, 5, 25, 23, 9, 1, 2, 24, 18, 20, 27, 21, 30, 31, 19, 35, 34, 22, 3]",1,1.0,0.3333333333333333,0.5,1.0,1,3,1,1
smd,group23_evaluation,machine-2-6,4,16720,16743,baro_robust_scorer,-1,"[8, 13, 14, 12, 0, 10, 15, 33, 11, 6, 5, 25, 23, 9, 1, 2, 24, 18, 20, 27, 21, 30, 31, 19, 35, 34, 22, 3]",3,0.6666666666666666,0.6666666666666666,0.6666666666666666,0.7653606369886217,1,3,3,2
smd,group23_evaluation,machine-2-6,4,16720,16743,baro_robust_scorer,-1,"[8, 13, 14, 12, 0, 10, 15, 33, 11, 6, 5, 25, 23, 9, 1, 2, 24, 18, 20, 27, 21, 30, 31, 19, 35, 34, 22, 3]",5,0.6,1.0,0.7499999999999999,0.9469024295259745,1,3,5,3
smd,group23_evaluation,machine-2-6,5,18122,18125,robust_z,-1,"[9, 12, 11, 8, 13, 0, 10, 15, 14, 19, 31, 24, 35, 34, 22, 21, 30, 23, 5, 25, 1, 20, 27, 33, 18, 2, 6, 3, 4, 7, 16, 17, 26, 28, 29, 32, 36, 37]",1,1.0,0.5,0.6666666666666666,1.0,1,2,1,1
smd,group23_evaluation,machine-2-6,5,18122,18125,robust_z,-1,"[9, 12, 11, 8, 13, 0, 10, 15, 14, 19, 31, 24, 35, 34, 22, 21, 30, 23, 5, 25, 1, 20, 27, 33, 18, 2, 6, 3, 4, 7, 16, 17, 26, 28, 29, 32, 36, 37]",3,0.6666666666666666,1.0,0.8,1.0,1,2,3,2
smd,group23_evaluation,machine-2-6,5,18122,18125,robust_z,-1,"[9, 12, 11, 8, 13, 0, 10, 15, 14, 19, 31, 24, 35, 34, 22, 21, 30, 23, 5, 25, 1, 20, 27, 33, 18, 2, 6, 3, 4, 7, 16, 17, 26, 28, 29, 32, 36, 37]",5,0.4,1.0,0.5714285714285715,1.0,1,2,5,2
smd,group23_evaluation,machine-2-6,5,18122,18125,pca_q,-1,"[32, 12, 11, 8, 13, 10, 15, 0, 5, 14, 1, 33, 19, 31, 23, 24, 29, 35, 34, 30, 21, 25, 2, 20, 27, 22, 6, 18, 3, 9, 4, 7, 16, 17, 26, 28, 36, 37]",1,0.0,0.0,0.0,0.0,0,2,1,0
smd,group23_evaluation,machine-2-6,5,18122,18125,pca_q,-1,"[32, 12, 11, 8, 13, 10, 15, 0, 5, 14, 1, 33, 19, 31, 23, 24, 29, 35, 34, 30, 21, 25, 2, 20, 27, 22, 6, 18, 3, 9, 4, 7, 16, 17, 26, 28, 36, 37]",3,0.3333333333333333,0.5,0.4,0.38685280723454163,1,2,3,1
smd,group23_evaluation,machine-2-6,5,18122,18125,pca_q,-1,"[32, 12, 11, 8, 13, 10, 15, 0, 5, 14, 1, 33, 19, 31, 23, 24, 29, 35, 34, 30, 21, 25, 2, 20, 27, 22, 6, 18, 3, 9, 4, 7, 16, 17, 26, 28, 36, 37]",5,0.2,0.5,0.28571428571428575,0.38685280723454163,1,2,5,1
smd,group23_evaluation,machine-2-6,5,18122,18125,baro_robust_scorer,-1,"[9, 12, 8, 11, 14, 13, 15, 10, 18, 34, 35, 24, 27, 20, 30, 21, 19, 22, 1, 2, 6, 3, 31, 5, 33, 23, 25]",1,1.0,0.5,0.6666666666666666,1.0,1,2,1,1
smd,group23_evaluation,machine-2-6,5,18122,18125,baro_robust_scorer,-1,"[9, 12, 8, 11, 14, 13, 15, 10, 18, 34, 35, 24, 27, 20, 30, 21, 19, 22, 1, 2, 6, 3, 31, 5, 33, 23, 25]",3,0.6666666666666666,1.0,0.8,1.0,1,2,3,2
smd,group23_evaluation,machine-2-6,5,18122,18125,baro_robust_scorer,-1,"[9, 12, 8, 11, 14, 13, 15, 10, 18, 34, 35, 24, 27, 20, 30, 21, 19, 22, 1, 2, 6, 3, 31, 5, 33, 23, 25]",5,0.4,1.0,0.5714285714285715,1.0,1,2,5,2
smd,group23_evaluation,machine-2-6,6,20620,20738,robust_z,-1,"[9, 8, 13, 5, 11, 12, 22, 14, 35, 34, 24, 31, 19, 30, 21, 23, 27, 20, 25, 3, 18, 2, 0, 1, 10, 15, 33, 6, 29, 4, 7, 16, 17, 26, 28, 32, 36, 37]",1,1.0,0.3333333333333333,0.5,1.0,1,3,1,1
smd,group23_evaluation,machine-2-6,6,20620,20738,robust_z,-1,"[9, 8, 13, 5, 11, 12, 22, 14, 35, 34, 24, 31, 19, 30, 21, 23, 27, 20, 25, 3, 18, 2, 0, 1, 10, 15, 33, 6, 29, 4, 7, 16, 17, 26, 28, 32, 36, 37]",3,0.3333333333333333,0.3333333333333333,0.3333333333333333,0.46927872602275644,1,3,3,1
smd,group23_evaluation,machine-2-6,6,20620,20738,robust_z,-1,"[9, 8, 13, 5, 11, 12, 22, 14, 35, 34, 24, 31, 19, 30, 21, 23, 27, 20, 25, 3, 18, 2, 0, 1, 10, 15, 33, 6, 29, 4, 7, 16, 17, 26, 28, 32, 36, 37]",5,0.4,0.6666666666666666,0.5,0.6508205185601091,1,3,5,2
smd,group23_evaluation,machine-2-6,6,20620,20738,pca_q,-1,"[32, 8, 13, 12, 11, 14, 22, 0, 23, 35, 34, 24, 31, 19, 30, 21, 27, 20, 25, 3, 2, 1, 18, 10, 15, 5, 33, 29, 6, 9, 4, 7, 16, 17, 26, 28, 36, 37]",1,0.0,0.0,0.0,0.0,0,3,1,0
smd,group23_evaluation,machine-2-6,6,20620,20738,pca_q,-1,"[32, 8, 13, 12, 11, 14, 22, 0, 23, 35, 34, 24, 31, 19, 30, 21, 27, 20, 25, 3, 2, 1, 18, 10, 15, 5, 33, 29, 6, 9, 4, 7, 16, 17, 26, 28, 36, 37]",3,0.0,0.0,0.0,0.0,0,3,3,0
smd,group23_evaluation,machine-2-6,6,20620,20738,pca_q,-1,"[32, 8, 13, 12, 11, 14, 22, 0, 23, 35, 34, 24, 31, 19, 30, 21, 27, 20, 25, 3, 2, 1, 18, 10, 15, 5, 33, 29, 6, 9, 4, 7, 16, 17, 26, 28, 36, 37]",5,0.4,0.6666666666666666,0.5,0.38364913903790027,1,3,5,2
smd,group23_evaluation,machine-2-6,6,20620,20738,baro_robust_scorer,-1,"[12, 8, 13, 11, 14, 10, 0, 23, 15, 33, 1, 9, 5, 29, 2, 25, 6, 22, 3, 35, 34, 24, 31, 19, 30, 21, 20, 27, 18]",1,1.0,0.3333333333333333,0.5,1.0,1,3,1,1
smd,group23_evaluation,machine-2-6,6,20620,20738,baro_robust_scorer,-1,"[12, 8, 13, 11, 14, 10, 0, 23, 15, 33, 1, 9, 5, 29, 2, 25, 6, 22, 3, 35, 34, 24, 31, 19, 30, 21, 20, 27, 18]",3,0.3333333333333333,0.3333333333333333,0.3333333333333333,0.46927872602275644,1,3,3,1
smd,group23_evaluation,machine-2-6,6,20620,20738,baro_robust_scorer,-1,"[12, 8, 13, 11, 14, 10, 0, 23, 15, 33, 1, 9, 5, 29, 2, 25, 6, 22, 3, 35, 34, 24, 31, 19, 30, 21, 20, 27, 18]",5,0.4,0.6666666666666666,0.5,0.6713860725233041,1,3,5,2
smd,group23_evaluation,machine-2-6,7,27883,27980,robust_z,-1,"[32, 9, 6, 5, 23, 25, 33, 29, 35, 34, 15, 31, 8, 18, 24, 13, 10, 14, 27, 20, 0, 30, 21, 1, 19, 22, 11, 2, 12, 3, 4, 7, 16, 17, 26, 28, 36, 37]",1,1.0,0.047619047619047616,0.0909090909090909,1.0,1,21,1,1
smd,group23_evaluation,machine-2-6,7,27883,27980,robust_z,-1,"[32, 9, 6, 5, 23, 25, 33, 29, 35, 34, 15, 31, 8, 18, 24, 13, 10, 14, 27, 20, 0, 30, 21, 1, 19, 22, 11, 2, 12, 3, 4, 7, 16, 17, 26, 28, 36, 37]",3,0.6666666666666666,0.09523809523809523,0.16666666666666666,0.7039180890341347,1,21,3,2
smd,group23_evaluation,machine-2-6,7,27883,27980,robust_z,-1,"[32, 9, 6, 5, 23, 25, 33, 29, 35, 34, 15, 31, 8, 18, 24, 13, 10, 14, 27, 20, 0, 30, 21, 1, 19, 22, 11, 2, 12, 3, 4, 7, 16, 17, 26, 28, 36, 37]",5,0.8,0.19047619047619047,0.3076923076923077,0.7860137352654724,1,21,5,4
smd,group23_evaluation,machine-2-6,7,27883,27980,pca_q,-1,"[32, 5, 6, 23, 25, 33, 29, 9, 15, 8, 13, 10, 31, 35, 34, 24, 18, 14, 0, 27, 20, 1, 30, 21, 12, 19, 2, 11, 3, 22, 4, 7, 16, 17, 26, 28, 36, 37]",1,1.0,0.047619047619047616,0.0909090909090909,1.0,1,21,1,1
smd,group23_evaluation,machine-2-6,7,27883,27980,pca_q,-1,"[32, 5, 6, 23, 25, 33, 29, 9, 15, 8, 13, 10, 31, 35, 34, 24, 18, 14, 0, 27, 20, 1, 30, 21, 12, 19, 2, 11, 3, 22, 4, 7, 16, 17, 26, 28, 36, 37]",3,1.0,0.14285714285714285,0.25,1.0,1,21,3,3
smd,group23_evaluation,machine-2-6,7,27883,27980,pca_q,-1,"[32, 5, 6, 23, 25, 33, 29, 9, 15, 8, 13, 10, 31, 35, 34, 24, 18, 14, 0, 27, 20, 1, 30, 21, 12, 19, 2, 11, 3, 22, 4, 7, 16, 17, 26, 28, 36, 37]",5,1.0,0.23809523809523808,0.3846153846153846,1.0,1,21,5,5
smd,group23_evaluation,machine-2-6,7,27883,27980,baro_robust_scorer,-1,"[23, 25, 6, 33, 10, 15, 31, 34, 35, 29, 8, 13, 24, 0, 14, 18, 12, 19, 30, 21, 27, 20, 1, 2, 11, 3, 22, 9, 5]",1,1.0,0.047619047619047616,0.0909090909090909,1.0,1,21,1,1
smd,group23_evaluation,machine-2-6,7,27883,27980,baro_robust_scorer,-1,"[23, 25, 6, 33, 10, 15, 31, 34, 35, 29, 8, 13, 24, 0, 14, 18, 12, 19, 30, 21, 27, 20, 1, 2, 11, 3, 22, 9, 5]",3,1.0,0.14285714285714285,0.25,1.0,1,21,3,3
smd,group23_evaluation,machine-2-6,7,27883,27980,baro_robust_scorer,-1,"[23, 25, 6, 33, 10, 15, 31, 34, 35, 29, 8, 13, 24, 0, 14, 18, 12, 19, 30, 21, 27, 20, 1, 2, 11, 3, 22, 9, 5]",5,0.8,0.19047619047619047,0.3076923076923077,0.8539316501572937,1,21,5,4
smd,group23_evaluation,machine-2-7,0,664,667,robust_z,-1,"[12, 8, 13, 14, 29, 31, 11, 32, 0, 33, 25, 23, 3, 2, 35, 24, 34, 19, 20, 27, 21, 30, 18, 10, 15, 22, 5, 1, 6, 4, 7, 9, 16, 17, 26, 28, 36, 37]",1,1.0,0.3333333333333333,0.5,1.0,1,3,1,1
smd,group23_evaluation,machine-2-7,0,664,667,robust_z,-1,"[12, 8, 13, 14, 29, 31, 11, 32, 0, 33, 25, 23, 3, 2, 35, 24, 34, 19, 20, 27, 21, 30, 18, 10, 15, 22, 5, 1, 6, 4, 7, 9, 16, 17, 26, 28, 36, 37]",3,1.0,1.0,1.0,1.0,1,3,3,3
smd,group23_evaluation,machine-2-7,0,664,667,robust_z,-1,"[12, 8, 13, 14, 29, 31, 11, 32, 0, 33, 25, 23, 3, 2, 35, 24, 34, 19, 20, 27, 21, 30, 18, 10, 15, 22, 5, 1, 6, 4, 7, 9, 16, 17, 26, 28, 36, 37]",5,0.6,1.0,0.7499999999999999,1.0,1,3,5,3
smd,group23_evaluation,machine-2-7,0,664,667,pca_q,-1,"[9, 12, 14, 13, 11, 3, 2, 8, 31, 29, 33, 0, 18, 20, 27, 1, 24, 10, 15, 21, 30, 35, 34, 19, 22, 6, 23, 25, 32, 5, 4, 7, 16, 17, 26, 28, 36, 37]",1,0.0,0.0,0.0,0.0,0,3,1,0
smd,group23_evaluation,machine-2-7,0,664,667,pca_q,-1,"[9, 12, 14, 13, 11, 3, 2, 8, 31, 29, 33, 0, 18, 20, 27, 1, 24, 10, 15, 21, 30, 35, 34, 19, 22, 6, 23, 25, 32, 5, 4, 7, 16, 17, 26, 28, 36, 37]",3,0.3333333333333333,0.3333333333333333,0.3333333333333333,0.2960819109658652,1,3,3,1
smd,group23_evaluation,machine-2-7,0,664,667,pca_q,-1,"[9, 12, 14, 13, 11, 3, 2, 8, 31, 29, 33, 0, 18, 20, 27, 1, 24, 10, 15, 21, 30, 35, 34, 19, 22, 6, 23, 25, 32, 5, 4, 7, 16, 17, 26, 28, 36, 37]",5,0.4,0.6666666666666666,0.5,0.49818925746641285,1,3,5,2
smd,group23_evaluation,machine-2-7,0,664,667,baro_robust_scorer,-1,"[13, 8, 12, 2, 14, 1, 15, 11, 6, 3, 10, 5, 0, 18, 19, 27, 20, 22, 34, 35, 24, 30, 33, 21, 25, 23]",1,1.0,0.3333333333333333,0.5,1.0,1,3,1,1
smd,group23_evaluation,machine-2-7,0,664,667,baro_robust_scorer,-1,"[13, 8, 12, 2, 14, 1, 15, 11, 6, 3, 10, 5, 0, 18, 19, 27, 20, 22, 34, 35, 24, 30, 33, 21, 25, 23]",3,1.0,1.0,1.0,1.0,1,3,3,3
smd,group23_evaluation,machine-2-7,0,664,667,baro_robust_scorer,-1,"[13, 8, 12, 2, 14, 1, 15, 11, 6, 3, 10, 5, 0, 18, 19, 27, 20, 22, 34, 35, 24, 30, 33, 21, 25, 23]",5,0.6,1.0,0.7499999999999999,1.0,1,3,5,3
smd,group23_evaluation,machine-2-7,1,2104,2107,robust_z,-1,"[12, 13, 8, 29, 11, 32, 0, 31, 5, 33, 14, 1, 3, 2, 24, 20, 27, 19, 18, 21, 30, 6, 35, 34, 10, 15, 22, 25, 23, 4, 7, 9, 16, 17, 26, 28, 36, 37]",1,1.0,0.5,0.6666666666666666,1.0,1,2,1,1
smd,group23_evaluation,machine-2-7,1,2104,2107,robust_z,-1,"[12, 13, 8, 29, 11, 32, 0, 31, 5, 33, 14, 1, 3, 2, 24, 20, 27, 19, 18, 21, 30, 6, 35, 34, 10, 15, 22, 25, 23, 4, 7, 9, 16, 17, 26, 28, 36, 37]",3,0.6666666666666666,1.0,0.8,1.0,1,2,3,2
smd,group23_evaluation,machine-2-7,1,2104,2107,robust_z,-1,"[12, 13, 8, 29, 11, 32, 0, 31, 5, 33, 14, 1, 3, 2, 24, 20, 27, 19, 18, 21, 30, 6, 35, 34, 10, 15, 22, 25, 23, 4, 7, 9, 16, 17, 26, 28, 36, 37]",5,0.4,1.0,0.5714285714285715,1.0,1,2,5,2
smd,group23_evaluation,machine-2-7,1,2104,2107,pca_q,-1,"[9, 12, 8, 14, 13, 11, 3, 2, 29, 1, 33, 0, 31, 10, 15, 18, 20, 27, 24, 5, 30, 21, 19, 35, 34, 22, 32, 6, 25, 23, 4, 7, 16, 17, 26, 28, 36, 37]",1,0.0,0.0,0.0,0.0,0,2,1,0
smd,group23_evaluation,machine-2-7,1,2104,2107,pca_q,-1,"[9, 12, 8, 14, 13, 11, 3, 2, 29, 1, 33, 0, 31, 10, 15, 18, 20, 27, 24, 5, 30, 21, 19, 35, 34, 22, 32, 6, 25, 23, 4, 7, 16, 17, 26, 28, 36, 37]",3,0.3333333333333333,0.5,0.4,0.38685280723454163,1,2,3,1
smd,group23_evaluation,machine-2-7,1,2104,2107,pca_q,-1,"[9, 12, 8, 14, 13, 11, 3, 2, 29, 1, 33, 0, 31, 10, 15, 18, 20, 27, 24, 5, 30, 21, 19, 35, 34, 22, 32, 6, 25, 23, 4, 7, 16, 17, 26, 28, 36, 37]",5,0.4,1.0,0.5714285714285715,0.6240505200038379,1,2,5,2
smd,group23_evaluation,machine-2-7,1,2104,2107,baro_robust_scorer,-1,"[13, 8, 23, 25, 11, 14, 0, 33, 19, 10, 15, 18, 27, 20, 30, 31, 22, 21, 35, 34, 24, 2, 1, 3, 6, 5]",1,1.0,0.5,0.6666666666666666,1.0,1,2,1,1
smd,group23_evaluation,machine-2-7,1,2104,2107,baro_robust_scorer,-1,"[13, 8, 23, 25, 11, 14, 0, 33, 19, 10, 15, 18, 27, 20, 30, 31, 22, 21, 35, 34, 24, 2, 1, 3, 6, 5]",3,0.3333333333333333,0.5,0.4,0.6131471927654584,1,2,3,1
smd,group23_evaluation,machine-2-7,1,2104,2107,baro_robust_scorer,-1,"[13, 8, 23, 25, 11, 14, 0, 33, 19, 10, 15, 18, 27, 20, 30, 31, 22, 21, 35, 34, 24, 2, 1, 3, 6, 5]",5,0.2,0.5,0.28571428571428575,0.6131471927654584,1,2,5,1
smd,group23_evaluation,machine-2-7,2,3544,3547,robust_z,-1,"[12, 8, 13, 14, 31, 29, 33, 32, 0, 11, 5, 35, 34, 20, 27, 19, 21, 30, 18, 3, 24, 10, 15, 2, 22, 6, 1, 25, 23, 4, 7, 9, 16, 17, 26, 28, 36, 37]",1,1.0,0.25,0.4,1.0,1,4,1,1
smd,group23_evaluation,machine-2-7,2,3544,3547,robust_z,-1,"[12, 8, 13, 14, 31, 29, 33, 32, 0, 11, 5, 35, 34, 20, 27, 19, 21, 30, 18, 3, 24, 10, 15, 2, 22, 6, 1, 25, 23, 4, 7, 9, 16, 17, 26, 28, 36, 37]",3,1.0,0.75,0.8571428571428571,1.0,1,4,3,3
smd,group23_evaluation,machine-2-7,2,3544,3547,robust_z,-1,"[12, 8, 13, 14, 31, 29, 33, 32, 0, 11, 5, 35, 34, 20, 27, 19, 21, 30, 18, 3, 24, 10, 15, 2, 22, 6, 1, 25, 23, 4, 7, 9, 16, 17, 26, 28, 36, 37]",5,0.8,1.0,0.888888888888889,1.0,1,4,5,4
smd,group23_evaluation,machine-2-7,2,3544,3547,pca_q,-1,"[9, 12, 13, 8, 14, 11, 3, 2, 31, 33, 1, 0, 18, 20, 27, 10, 15, 29, 21, 30, 19, 35, 34, 24, 22, 5, 6, 32, 25, 23, 4, 7, 16, 17, 26, 28, 36, 37]",1,0.0,0.0,0.0,0.0,0,4,1,0
smd,group23_evaluation,machine-2-7,2,3544,3547,pca_q,-1,"[9, 12, 13, 8, 14, 11, 3, 2, 31, 33, 1, 0, 18, 20, 27, 10, 15, 29, 21, 30, 19, 35, 34, 24, 22, 5, 6, 32, 25, 23, 4, 7, 16, 17, 26, 28, 36, 37]",3,0.6666666666666666,0.5,0.5714285714285715,0.5307212739772434,1,4,3,2
smd,group23_evaluation,machine-2-7,2,3544,3547,pca_q,-1,"[9, 12, 13, 8, 14, 11, 3, 2, 31, 33, 1, 0, 18, 20, 27, 10, 15, 29, 21, 30, 19, 35, 34, 24, 22, 5, 6, 32, 25, 23, 4, 7, 16, 17, 26, 28, 36, 37]",5,0.8,1.0,0.888888888888889,0.7606395682357036,1,4,5,4
smd,group23_evaluation,machine-2-7,2,3544,3547,baro_robust_scorer,-1,"[8, 13, 12, 14, 19, 24, 11, 34, 35, 21, 30, 27, 20, 1, 18, 2, 22, 15, 23, 10, 3, 31, 0, 25, 33, 5, 6]",1,1.0,0.25,0.4,1.0,1,4,1,1
smd,group23_evaluation,machine-2-7,2,3544,3547,baro_robust_scorer,-1,"[8, 13, 12, 14, 19, 24, 11, 34, 35, 21, 30, 27, 20, 1, 18, 2, 22, 15, 23, 10, 3, 31, 0, 25, 33, 5, 6]",3,1.0,0.75,0.8571428571428571,1.0,1,4,3,3
smd,group23_evaluation,machine-2-7,2,3544,3547,baro_robust_scorer,-1,"[8, 13, 12, 14, 19, 24, 11, 34, 35, 21, 30, 27, 20, 1, 18, 2, 22, 15, 23, 10, 3, 31, 0, 25, 33, 5, 6]",5,0.8,1.0,0.888888888888889,1.0,1,4,5,4
smd,group23_evaluation,machine-2-7,3,4984,4987,robust_z,-1,"[12, 8, 13, 14, 33, 29, 11, 6, 0, 31, 32, 3, 2, 18, 20, 27, 10, 15, 24, 35, 21, 30, 34, 19, 1, 22, 25, 23, 5, 4, 7, 9, 16, 17, 26, 28, 36, 37]",1,1.0,0.25,0.4,1.0,1,4,1,1
smd,group23_evaluation,machine-2-7,3,4984,4987,robust_z,-1,"[12, 8, 13, 14, 33, 29, 11, 6, 0, 31, 32, 3, 2, 18, 20, 27, 10, 15, 24, 35, 21, 30, 34, 19, 1, 22, 25, 23, 5, 4, 7, 9, 16, 17, 26, 28, 36, 37]",3,1.0,0.75,0.8571428571428571,1.0,1,4,3,3
smd,group23_evaluation,machine-2-7,3,4984,4987,robust_z,-1,"[12, 8, 13, 14, 33, 29, 11, 6, 0, 31, 32, 3, 2, 18, 20, 27, 10, 15, 24, 35, 21, 30, 34, 19, 1, 22, 25, 23, 5, 4, 7, 9, 16, 17, 26, 28, 36, 37]",5,0.8,1.0,0.888888888888889,1.0,1,4,5,4
smd,group23_evaluation,machine-2-7,3,4984,4987,pca_q,-1,"[9, 12, 8, 13, 14, 11, 3, 33, 2, 31, 1, 0, 18, 6, 10, 20, 15, 27, 29, 24, 21, 30, 22, 35, 34, 19, 32, 5, 25, 23, 4, 7, 16, 17, 26, 28, 36, 37]",1,0.0,0.0,0.0,0.0,0,4,1,0
smd,group23_evaluation,machine-2-7,3,4984,4987,pca_q,-1,"[9, 12, 8, 13, 14, 11, 3, 33, 2, 31, 1, 0, 18, 6, 10, 20, 15, 27, 29, 24, 21, 30, 22, 35, 34, 19, 32, 5, 25, 23, 4, 7, 16, 17, 26, 28, 36, 37]",3,0.6666666666666666,0.5,0.5714285714285715,0.5307212739772434,1,4,3,2
smd,group23_evaluation,machine-2-7,3,4984,4987,pca_q,-1,"[9, 12, 8, 13, 14, 11, 3, 33, 2, 31, 1, 0, 18, 6, 10, 20, 15, 27, 29, 24, 21, 30, 22, 35, 34, 19, 32, 5, 25, 23, 4, 7, 16, 17, 26, 28, 36, 37]",5,0.8,1.0,0.888888888888889,0.7606395682357036,1,4,5,4
smd,group23_evaluation,machine-2-7,3,4984,4987,baro_robust_scorer,-1,"[8, 13, 14, 11, 33, 22, 24, 2, 19, 5, 35, 34, 6, 31, 1, 30, 23, 21, 25, 27, 10, 20, 18, 15]",1,1.0,0.25,0.4,1.0,1,4,1,1
smd,group23_evaluation,machine-2-7,3,4984,4987,baro_robust_scorer,-1,"[8, 13, 14, 11, 33, 22, 24, 2, 19, 5, 35, 34, 6, 31, 1, 30, 23, 21, 25, 27, 10, 20, 18, 15]",3,1.0,0.75,0.8571428571428571,1.0,1,4,3,3
smd,group23_evaluation,machine-2-7,3,4984,4987,baro_robust_scorer,-1,"[8, 13, 14, 11, 33, 22, 24, 2, 19, 5, 35, 34, 6, 31, 1, 30, 23, 21, 25, 27, 10, 20, 18, 15]",5,0.6,0.75,0.6666666666666665,0.8318724637288826,1,4,5,3
smd,group23_evaluation,machine-2-7,4,6030,6034,robust_z,-1,"[33, 9, 32, 29, 3, 25, 23, 5, 24, 22, 2, 35, 34, 1, 31, 6, 21, 30, 13, 0, 11, 20, 27, 18, 19, 14, 10, 15, 8, 4, 7, 12, 16, 17, 26, 28, 36, 37]",1,1.0,0.5,0.6666666666666666,1.0,1,2,1,1
smd,group23_evaluation,machine-2-7,4,6030,6034,robust_z,-1,"[33, 9, 32, 29, 3, 25, 23, 5, 24, 22, 2, 35, 34, 1, 31, 6, 21, 30, 13, 0, 11, 20, 27, 18, 19, 14, 10, 15, 8, 4, 7, 12, 16, 17, 26, 28, 36, 37]",3,0.6666666666666666,1.0,0.8,0.9197207891481876,1,2,3,2
smd,group23_evaluation,machine-2-7,4,6030,6034,robust_z,-1,"[33, 9, 32, 29, 3, 25, 23, 5, 24, 22, 2, 35, 34, 1, 31, 6, 21, 30, 13, 0, 11, 20, 27, 18, 19, 14, 10, 15, 8, 4, 7, 12, 16, 17, 26, 28, 36, 37]",5,0.4,1.0,0.5714285714285715,0.9197207891481876,1,2,5,2
smd,group23_evaluation,machine-2-7,4,6030,6034,pca_q,-1,"[33, 9, 32, 12, 25, 23, 5, 29, 31, 13, 22, 24, 6, 3, 35, 34, 11, 14, 1, 10, 21, 15, 30, 0, 19, 2, 20, 27, 18, 8, 4, 7, 16, 17, 26, 28, 36, 37]",1,1.0,0.5,0.6666666666666666,1.0,1,2,1,1
smd,group23_evaluation,machine-2-7,4,6030,6034,pca_q,-1,"[33, 9, 32, 12, 25, 23, 5, 29, 31, 13, 22, 24, 6, 3, 35, 34, 11, 14, 1, 10, 21, 15, 30, 0, 19, 2, 20, 27, 18, 8, 4, 7, 16, 17, 26, 28, 36, 37]",3,0.6666666666666666,1.0,0.8,0.9197207891481876,1,2,3,2
smd,group23_evaluation,machine-2-7,4,6030,6034,pca_q,-1,"[33, 9, 32, 12, 25, 23, 5, 29, 31, 13, 22, 24, 6, 3, 35, 34, 11, 14, 1, 10, 21, 15, 30, 0, 19, 2, 20, 27, 18, 8, 4, 7, 16, 17, 26, 28, 36, 37]",5,0.4,1.0,0.5714285714285715,0.9197207891481876,1,2,5,2
smd,group23_evaluation,machine-2-7,4,6030,6034,baro_robust_scorer,-1,"[33, 32, 23, 25, 9, 5, 6, 31, 11, 13, 1, 8, 14, 10, 35, 15, 34, 24, 19, 22, 18, 20, 27, 0, 3, 2, 21, 30]",1,1.0,0.5,0.6666666666666666,1.0,1,2,1,1
smd,group23_evaluation,machine-2-7,4,6030,6034,baro_robust_scorer,-1,"[33, 32, 23, 25, 9, 5, 6, 31, 11, 13, 1, 8, 14, 10, 35, 15, 34, 24, 19, 22, 18, 20, 27, 0, 3, 2, 21, 30]",3,0.6666666666666666,1.0,0.8,1.0,1,2,3,2
smd,group23_evaluation,machine-2-7,4,6030,6034,baro_robust_scorer,-1,"[33, 32, 23, 25, 9, 5, 6, 31, 11, 13, 1, 8, 14, 10, 35, 15, 34, 24, 19, 22, 18, 20, 27, 0, 3, 2, 21, 30]",5,0.4,1.0,0.5714285714285715,1.0,1,2,5,2
smd,group23_evaluation,machine-2-7,5,7665,7669,robust_z,-1,"[33, 32, 23, 25, 5, 11, 2, 14, 13, 29, 8, 3, 0, 1, 24, 31, 35, 34, 22, 10, 15, 19, 6, 21, 20, 30, 27, 18, 4, 7, 9, 12, 16, 17, 26, 28, 36, 37]",1,0.0,0.0,0.0,0.0,0,1,1,0
smd,group23_evaluation,machine-2-7,5,7665,7669,robust_z,-1,"[33, 32, 23, 25, 5, 11, 2, 14, 13, 29, 8, 3, 0, 1, 24, 31, 35, 34, 22, 10, 15, 19, 6, 21, 20, 30, 27, 18, 4, 7, 9, 12, 16, 17, 26, 28, 36, 37]",3,0.0,0.0,0.0,0.0,0,1,3,0
smd,group23_evaluation,machine-2-7,5,7665,7669,robust_z,-1,"[33, 32, 23, 25, 5, 11, 2, 14, 13, 29, 8, 3, 0, 1, 24, 31, 35, 34, 22, 10, 15, 19, 6, 21, 20, 30, 27, 18, 4, 7, 9, 12, 16, 17, 26, 28, 36, 37]",5,0.0,0.0,0.0,0.0,0,1,5,0
smd,group23_evaluation,machine-2-7,5,7665,7669,pca_q,-1,"[9, 33, 12, 23, 25, 1, 5, 11, 32, 0, 14, 3, 10, 15, 8, 18, 2, 13, 27, 20, 19, 31, 30, 21, 35, 34, 6, 24, 22, 29, 4, 7, 16, 17, 26, 28, 36, 37]",1,0.0,0.0,0.0,0.0,0,1,1,0
smd,group23_evaluation,machine-2-7,5,7665,7669,pca_q,-1,"[9, 33, 12, 23, 25, 1, 5, 11, 32, 0, 14, 3, 10, 15, 8, 18, 2, 13, 27, 20, 19, 31, 30, 21, 35, 34, 6, 24, 22, 29, 4, 7, 16, 17, 26, 28, 36, 37]",3,0.0,0.0,0.0,0.0,0,1,3,0
smd,group23_evaluation,machine-2-7,5,7665,7669,pca_q,-1,"[9, 33, 12, 23, 25, 1, 5, 11, 32, 0, 14, 3, 10, 15, 8, 18, 2, 13, 27, 20, 19, 31, 30, 21, 35, 34, 6, 24, 22, 29, 4, 7, 16, 17, 26, 28, 36, 37]",5,0.0,0.0,0.0,0.0,0,1,5,0
smd,group23_evaluation,machine-2-7,5,7665,7669,baro_robust_scorer,-1,"[33, 8, 14, 27, 20, 24, 35, 31, 34, 13, 3, 2, 19, 11, 21, 22, 30, 15, 25, 23, 10, 5, 18, 6, 1, 0]",1,0.0,0.0,0.0,0.0,0,1,1,0
smd,group23_evaluation,machine-2-7,5,7665,7669,baro_robust_scorer,-1,"[33, 8, 14, 27, 20, 24, 35, 31, 34, 13, 3, 2, 19, 11, 21, 22, 30, 15, 25, 23, 10, 5, 18, 6, 1, 0]",3,0.0,0.0,0.0,0.0,0,1,3,0
smd,group23_evaluation,machine-2-7,5,7665,7669,baro_robust_scorer,-1,"[33, 8, 14, 27, 20, 24, 35, 31, 34, 13, 3, 2, 19, 11, 21, 22, 30, 15, 25, 23, 10, 5, 18, 6, 1, 0]",5,0.0,0.0,0.0,0.0,0,1,5,0
smd,group23_evaluation,machine-2-7,6,7863,7867,robust_z,-1,"[12, 8, 13, 14, 33, 11, 0, 32, 29, 23, 25, 6, 5, 20, 3, 27, 2, 19, 18, 21, 30, 31, 10, 15, 35, 34, 22, 1, 24, 4, 7, 9, 16, 17, 26, 28, 36, 37]",1,1.0,0.25,0.4,1.0,1,4,1,1
smd,group23_evaluation,machine-2-7,6,7863,7867,robust_z,-1,"[12, 8, 13, 14, 33, 11, 0, 32, 29, 23, 25, 6, 5, 20, 3, 27, 2, 19, 18, 21, 30, 31, 10, 15, 35, 34, 22, 1, 24, 4, 7, 9, 16, 17, 26, 28, 36, 37]",3,1.0,0.75,0.8571428571428571,1.0,1,4,3,3
smd,group23_evaluation,machine-2-7,6,7863,7867,robust_z,-1,"[12, 8, 13, 14, 33, 11, 0, 32, 29, 23, 25, 6, 5, 20, 3, 27, 2, 19, 18, 21, 30, 31, 10, 15, 35, 34, 22, 1, 24, 4, 7, 9, 16, 17, 26, 28, 36, 37]",5,0.8,1.0,0.888888888888889,1.0,1,4,5,4
smd,group23_evaluation,machine-2-7,6,7863,7867,pca_q,-1,"[9, 12, 8, 13, 11, 33, 3, 2, 14, 29, 0, 1, 23, 25, 31, 10, 18, 15, 20, 27, 5, 21, 30, 19, 35, 24, 34, 32, 22, 6, 4, 7, 16, 17, 26, 28, 36, 37]",1,0.0,0.0,0.0,0.0,0,4,1,0
smd,group23_evaluation,machine-2-7,6,7863,7867,pca_q,-1,"[9, 12, 8, 13, 11, 33, 3, 2, 14, 29, 0, 1, 23, 25, 31, 10, 18, 15, 20, 27, 5, 21, 30, 19, 35, 24, 34, 32, 22, 6, 4, 7, 16, 17, 26, 28, 36, 37]",3,0.6666666666666666,0.5,0.5714285714285715,0.5307212739772434,1,4,3,2
smd,group23_evaluation,machine-2-7,6,7863,7867,pca_q,-1,"[9, 12, 8, 13, 11, 33, 3, 2, 14, 29, 0, 1, 23, 25, 31, 10, 18, 15, 20, 27, 5, 21, 30, 19, 35, 24, 34, 32, 22, 6, 4, 7, 16, 17, 26, 28, 36, 37]",5,0.6,0.75,0.6666666666666665,0.6096199500078984,1,4,5,3
smd,group23_evaluation,machine-2-7,6,7863,7867,baro_robust_scorer,-1,"[8, 14, 13, 11, 15, 31, 10, 1, 2, 5, 6, 23, 25, 3, 0, 18, 24, 27, 20, 19, 30, 21, 35, 34, 22]",1,1.0,0.25,0.4,1.0,1,4,1,1
smd,group23_evaluation,machine-2-7,6,7863,7867,baro_robust_scorer,-1,"[8, 14, 13, 11, 15, 31, 10, 1, 2, 5, 6, 23, 25, 3, 0, 18, 24, 27, 20, 19, 30, 21, 35, 34, 22]",3,1.0,0.75,0.8571428571428571,1.0,1,4,3,3
smd,group23_evaluation,machine-2-7,6,7863,7867,baro_robust_scorer,-1,"[8, 14, 13, 11, 15, 31, 10, 1, 2, 5, 6, 23, 25, 3, 0, 18, 24, 27, 20, 19, 30, 21, 35, 34, 22]",5,0.6,0.75,0.6666666666666665,0.8318724637288826,1,4,5,3
smd,group23_evaluation,machine-2-7,7,9304,9307,robust_z,-1,"[12, 8, 13, 14, 31, 33, 11, 25, 23, 32, 0, 29, 6, 5, 2, 1, 35, 34, 3, 19, 27, 20, 18, 30, 21, 15, 10, 22, 24, 4, 7, 9, 16, 17, 26, 28, 36, 37]",1,1.0,0.25,0.4,1.0,1,4,1,1
smd,group23_evaluation,machine-2-7,7,9304,9307,robust_z,-1,"[12, 8, 13, 14, 31, 33, 11, 25, 23, 32, 0, 29, 6, 5, 2, 1, 35, 34, 3, 19, 27, 20, 18, 30, 21, 15, 10, 22, 24, 4, 7, 9, 16, 17, 26, 28, 36, 37]",3,1.0,0.75,0.8571428571428571,1.0,1,4,3,3
smd,group23_evaluation,machine-2-7,7,9304,9307,robust_z,-1,"[12, 8, 13, 14, 31, 33, 11, 25, 23, 32, 0, 29, 6, 5, 2, 1, 35, 34, 3, 19, 27, 20, 18, 30, 21, 15, 10, 22, 24, 4, 7, 9, 16, 17, 26, 28, 36, 37]",5,0.8,1.0,0.888888888888889,1.0,1,4,5,4
smd,group23_evaluation,machine-2-7,7,9304,9307,pca_q,-1,"[9, 12, 13, 8, 14, 11, 3, 2, 29, 33, 31, 1, 0, 23, 25, 18, 20, 27, 5, 10, 15, 24, 30, 21, 6, 35, 22, 34, 19, 32, 4, 7, 16, 17, 26, 28, 36, 37]",1,0.0,0.0,0.0,0.0,0,4,1,0
smd,group23_evaluation,machine-2-7,7,9304,9307,pca_q,-1,"[9, 12, 13, 8, 14, 11, 3, 2, 29, 33, 31, 1, 0, 23, 25, 18, 20, 27, 5, 10, 15, 24, 30, 21, 6, 35, 22, 34, 19, 32, 4, 7, 16, 17, 26, 28, 36, 37]",3,0.6666666666666666,0.5,0.5714285714285715,0.5307212739772434,1,4,3,2
smd,group23_evaluation,machine-2-7,7,9304,9307,pca_q,-1,"[9, 12, 13, 8, 14, 11, 3, 2, 29, 33, 31, 1, 0, 23, 25, 18, 20, 27, 5, 10, 15, 24, 30, 21, 6, 35, 22, 34, 19, 32, 4, 7, 16, 17, 26, 28, 36, 37]",5,0.8,1.0,0.888888888888889,0.7606395682357036,1,4,5,4
smd,group23_evaluation,machine-2-7,7,9304,9307,baro_robust_scorer,-1,"[8, 13, 14, 11, 5, 35, 6, 34, 23, 25, 33, 15, 10, 1, 3, 31, 2, 22, 19, 21, 30, 24, 18, 20, 27]",1,1.0,0.25,0.4,1.0,1,4,1,1
smd,group23_evaluation,machine-2-7,7,9304,9307,baro_robust_scorer,-1,"[8, 13, 14, 11, 5, 35, 6, 34, 23, 25, 33, 15, 10, 1, 3, 31, 2, 22, 19, 21, 30, 24, 18, 20, 27]",3,1.0,0.75,0.8571428571428571,1.0,1,4,3,3
smd,group23_evaluation,machine-2-7,7,9304,9307,baro_robust_scorer,-1,"[8, 13, 14, 11, 5, 35, 6, 34, 23, 25, 33, 15, 10, 1, 3, 31, 2, 22, 19, 21, 30, 24, 18, 20, 27]",5,0.6,0.75,0.6666666666666665,0.8318724637288826,1,4,5,3
smd,group23_evaluation,machine-2-7,8,10744,10747,robust_z,-1,"[12, 8, 13, 14, 31, 11, 0, 29, 6, 3, 32, 2, 35, 34, 1, 22, 15, 10, 24, 21, 30, 5, 19, 18, 20, 27, 23, 25, 4, 7, 9, 16, 17, 26, 28, 33, 36, 37]",1,1.0,0.25,0.4,1.0,1,4,1,1
smd,group23_evaluation,machine-2-7,8,10744,10747,robust_z,-1,"[12, 8, 13, 14, 31, 11, 0, 29, 6, 3, 32, 2, 35, 34, 1, 22, 15, 10, 24, 21, 30, 5, 19, 18, 20, 27, 23, 25, 4, 7, 9, 16, 17, 26, 28, 33, 36, 37]",3,1.0,0.75,0.8571428571428571,1.0,1,4,3,3
smd,group23_evaluation,machine-2-7,8,10744,10747,robust_z,-1,"[12, 8, 13, 14, 31, 11, 0, 29, 6, 3, 32, 2, 35, 34, 1, 22, 15, 10, 24, 21, 30, 5, 19, 18, 20, 27, 23, 25, 4, 7, 9, 16, 17, 26, 28, 33, 36, 37]",5,0.8,1.0,0.888888888888889,1.0,1,4,5,4
smd,group23_evaluation,machine-2-7,8,10744,10747,pca_q,-1,"[9, 12, 8, 13, 14, 11, 3, 2, 29, 31, 32, 1, 18, 0, 20, 27, 24, 22, 21, 30, 35, 34, 10, 6, 15, 19, 5, 33, 25, 23, 4, 7, 16, 17, 26, 28, 36, 37]",1,0.0,0.0,0.0,0.0,0,4,1,0
smd,group23_evaluation,machine-2-7,8,10744,10747,pca_q,-1,"[9, 12, 8, 13, 14, 11, 3, 2, 29, 31, 32, 1, 18, 0, 20, 27, 24, 22, 21, 30, 35, 34, 10, 6, 15, 19, 5, 33, 25, 23, 4, 7, 16, 17, 26, 28, 36, 37]",3,0.6666666666666666,0.5,0.5714285714285715,0.5307212739772434,1,4,3,2
smd,group23_evaluation,machine-2-7,8,10744,10747,pca_q,-1,"[9, 12, 8, 13, 14, 11, 3, 2, 29, 31, 32, 1, 18, 0, 20, 27, 24, 22, 21, 30, 35, 34, 10, 6, 15, 19, 5, 33, 25, 23, 4, 7, 16, 17, 26, 28, 36, 37]",5,0.8,1.0,0.888888888888889,0.7606395682357036,1,4,5,4
smd,group23_evaluation,machine-2-7,8,10744,10747,baro_robust_scorer,-1,"[8, 13, 14, 11, 32, 6, 5, 19, 18, 27, 20, 21, 30, 15, 10, 1, 25, 23, 2, 34, 35, 24, 22]",1,1.0,0.25,0.4,1.0,1,4,1,1
smd,group23_evaluation,machine-2-7,8,10744,10747,baro_robust_scorer,-1,"[8, 13, 14, 11, 32, 6, 5, 19, 18, 27, 20, 21, 30, 15, 10, 1, 25, 23, 2, 34, 35, 24, 22]",3,1.0,0.75,0.8571428571428571,1.0,1,4,3,3
smd,group23_evaluation,machine-2-7,8,10744,10747,baro_robust_scorer,-1,"[8, 13, 14, 11, 32, 6, 5, 19, 18, 27, 20, 21, 30, 15, 10, 1, 25, 23, 2, 34, 35, 24, 22]",5,0.6,0.75,0.6666666666666665,0.8318724637288826,1,4,5,3
smd,group23_evaluation,machine-2-7,9,12099,12127,robust_z,-1,"[2, 1, 3, 0, 29, 6, 31, 32, 14, 8, 13, 19, 11, 35, 34, 10, 15, 5, 18, 20, 27, 21, 30, 23, 25, 22, 24, 33, 4, 7, 9, 12, 16, 17, 26, 28, 36, 37]",1,1.0,0.16666666666666666,0.2857142857142857,1.0,1,6,1,1
smd,group23_evaluation,machine-2-7,9,12099,12127,robust_z,-1,"[2, 1, 3, 0, 29, 6, 31, 32, 14, 8, 13, 19, 11, 35, 34, 10, 15, 5, 18, 20, 27, 21, 30, 23, 25, 22, 24, 33, 4, 7, 9, 12, 16, 17, 26, 28, 36, 37]",3,1.0,0.5,0.6666666666666666,1.0,1,6,3,3
smd,group23_evaluation,machine-2-7,9,12099,12127,robust_z,-1,"[2, 1, 3, 0, 29, 6, 31, 32, 14, 8, 13, 19, 11, 35, 34, 10, 15, 5, 18, 20, 27, 21, 30, 23, 25, 22, 24, 33, 4, 7, 9, 12, 16, 17, 26, 28, 36, 37]",5,0.8,0.6666666666666666,0.7272727272727272,0.8687949224876582,1,6,5,4
smd,group23_evaluation,machine-2-7,9,12099,12127,pca_q,-1,"[1, 2, 3, 9, 0, 12, 29, 10, 15, 6, 31, 14, 18, 20, 27, 32, 35, 34, 19, 21, 30, 13, 11, 8, 23, 5, 25, 22, 24, 33, 4, 7, 16, 17, 26, 28, 36, 37]",1,1.0,0.16666666666666666,0.2857142857142857,1.0,1,6,1,1
smd,group23_evaluation,machine-2-7,9,12099,12127,pca_q,-1,"[1, 2, 3, 9, 0, 12, 29, 10, 15, 6, 31, 14, 18, 20, 27, 32, 35, 34, 19, 21, 30, 13, 11, 8, 23, 5, 25, 22, 24, 33, 4, 7, 16, 17, 26, 28, 36, 37]",3,1.0,0.5,0.6666666666666666,1.0,1,6,3,3
smd,group23_evaluation,machine-2-7,9,12099,12127,pca_q,-1,"[1, 2, 3, 9, 0, 12, 29, 10, 15, 6, 31, 14, 18, 20, 27, 32, 35, 34, 19, 21, 30, 13, 11, 8, 23, 5, 25, 22, 24, 33, 4, 7, 16, 17, 26, 28, 36, 37]",5,0.8,0.6666666666666666,0.7272727272727272,0.8539316501572937,1,6,5,4
smd,group23_evaluation,machine-2-7,9,12099,12127,baro_robust_scorer,-1,"[3, 2, 1, 0, 23, 25, 19, 6, 30, 21, 24, 31, 22, 5, 20, 27, 14, 8, 18, 11, 15, 10, 13, 32, 33, 35, 34]",1,1.0,0.16666666666666666,0.2857142857142857,1.0,1,6,1,1
smd,group23_evaluation,machine-2-7,9,12099,12127,baro_robust_scorer,-1,"[3, 2, 1, 0, 23, 25, 19, 6, 30, 21, 24, 31, 22, 5, 20, 27, 14, 8, 18, 11, 15, 10, 13, 32, 33, 35, 34]",3,1.0,0.5,0.6666666666666666,1.0,1,6,3,3
smd,group23_evaluation,machine-2-7,9,12099,12127,baro_robust_scorer,-1,"[3, 2, 1, 0, 23, 25, 19, 6, 30, 21, 24, 31, 22, 5, 20, 27, 14, 8, 18, 11, 15, 10, 13, 32, 33, 35, 34]",5,1.0,0.8333333333333334,0.9090909090909091,1.0,1,6,5,5
smd,group23_evaluation,machine-2-7,10,13623,13625,robust_z,-1,"[12, 8, 13, 14, 31, 11, 0, 32, 29, 35, 34, 5, 19, 20, 27, 21, 30, 18, 22, 3, 24, 10, 15, 6, 2, 1, 33, 25, 23, 4, 7, 9, 16, 17, 26, 28, 36, 37]",1,1.0,0.25,0.4,1.0,1,4,1,1
smd,group23_evaluation,machine-2-7,10,13623,13625,robust_z,-1,"[12, 8, 13, 14, 31, 11, 0, 32, 29, 35, 34, 5, 19, 20, 27, 21, 30, 18, 22, 3, 24, 10, 15, 6, 2, 1, 33, 25, 23, 4, 7, 9, 16, 17, 26, 28, 36, 37]",3,1.0,0.75,0.8571428571428571,1.0,1,4,3,3
smd,group23_evaluation,machine-2-7,10,13623,13625,robust_z,-1,"[12, 8, 13, 14, 31, 11, 0, 32, 29, 35, 34, 5, 19, 20, 27, 21, 30, 18, 22, 3, 24, 10, 15, 6, 2, 1, 33, 25, 23, 4, 7, 9, 16, 17, 26, 28, 36, 37]",5,0.8,1.0,0.888888888888889,1.0,1,4,5,4
smd,group23_evaluation,machine-2-7,10,13623,13625,pca_q,-1,"[9, 12, 8, 13, 14, 11, 3, 2, 29, 1, 0, 31, 18, 20, 27, 24, 10, 15, 6, 22, 21, 30, 35, 34, 19, 5, 32, 25, 23, 33, 4, 7, 16, 17, 26, 28, 36, 37]",1,0.0,0.0,0.0,0.0,0,4,1,0
smd,group23_evaluation,machine-2-7,10,13623,13625,pca_q,-1,"[9, 12, 8, 13, 14, 11, 3, 2, 29, 1, 0, 31, 18, 20, 27, 24, 10, 15, 6, 22, 21, 30, 35, 34, 19, 5, 32, 25, 23, 33, 4, 7, 16, 17, 26, 28, 36, 37]",3,0.6666666666666666,0.5,0.5714285714285715,0.5307212739772434,1,4,3,2
smd,group23_evaluation,machine-2-7,10,13623,13625,pca_q,-1,"[9, 12, 8, 13, 14, 11, 3, 2, 29, 1, 0, 31, 18, 20, 27, 24, 10, 15, 6, 22, 21, 30, 35, 34, 19, 5, 32, 25, 23, 33, 4, 7, 16, 17, 26, 28, 36, 37]",5,0.8,1.0,0.888888888888889,0.7606395682357036,1,4,5,4
smd,group23_evaluation,machine-2-7,10,13623,13625,baro_robust_scorer,-1,"[8, 13, 14, 12, 11, 23, 25, 3, 2, 10, 19, 15, 33, 18, 27, 20, 1, 24, 21, 30, 5, 22, 34, 35]",1,1.0,0.25,0.4,1.0,1,4,1,1
smd,group23_evaluation,machine-2-7,10,13623,13625,baro_robust_scorer,-1,"[8, 13, 14, 12, 11, 23, 25, 3, 2, 10, 19, 15, 33, 18, 27, 20, 1, 24, 21, 30, 5, 22, 34, 35]",3,1.0,0.75,0.8571428571428571,1.0,1,4,3,3
smd,group23_evaluation,machine-2-7,10,13623,13625,baro_robust_scorer,-1,"[8, 13, 14, 12, 11, 23, 25, 3, 2, 10, 19, 15, 33, 18, 27, 20, 1, 24, 21, 30, 5, 22, 34, 35]",5,0.8,1.0,0.888888888888889,1.0,1,4,5,4
smd,group23_evaluation,machine-2-7,11,14934,14938,robust_z,-1,"[33, 9, 32, 29, 11, 14, 8, 0, 2, 3, 1, 13, 6, 35, 34, 19, 5, 31, 15, 30, 21, 22, 27, 20, 18, 10, 24, 23, 25, 4, 7, 12, 16, 17, 26, 28, 36, 37]",1,1.0,0.5,0.6666666666666666,1.0,1,2,1,1
smd,group23_evaluation,machine-2-7,11,14934,14938,robust_z,-1,"[33, 9, 32, 29, 11, 14, 8, 0, 2, 3, 1, 13, 6, 35, 34, 19, 5, 31, 15, 30, 21, 22, 27, 20, 18, 10, 24, 23, 25, 4, 7, 12, 16, 17, 26, 28, 36, 37]",3,0.6666666666666666,1.0,0.8,0.9197207891481876,1,2,3,2
smd,group23_evaluation,machine-2-7,11,14934,14938,robust_z,-1,"[33, 9, 32, 29, 11, 14, 8, 0, 2, 3, 1, 13, 6, 35, 34, 19, 5, 31, 15, 30, 21, 22, 27, 20, 18, 10, 24, 23, 25, 4, 7, 12, 16, 17, 26, 28, 36, 37]",5,0.4,1.0,0.5714285714285715,0.9197207891481876,1,2,5,2
smd,group23_evaluation,machine-2-7,11,14934,14938,pca_q,-1,"[9, 33, 32, 12, 29, 1, 2, 3, 0, 8, 11, 14, 10, 15, 18, 27, 20, 19, 30, 21, 35, 34, 13, 22, 24, 31, 5, 6, 25, 23, 4, 7, 16, 17, 26, 28, 36, 37]",1,0.0,0.0,0.0,0.0,0,2,1,0
smd,group23_evaluation,machine-2-7,11,14934,14938,pca_q,-1,"[9, 33, 32, 12, 29, 1, 2, 3, 0, 8, 11, 14, 10, 15, 18, 27, 20, 19, 30, 21, 35, 34, 13, 22, 24, 31, 5, 6, 25, 23, 4, 7, 16, 17, 26, 28, 36, 37]",3,0.6666666666666666,1.0,0.8,0.6934264036172708,1,2,3,2
smd,group23_evaluation,machine-2-7,11,14934,14938,pca_q,-1,"[9, 33, 32, 12, 29, 1, 2, 3, 0, 8, 11, 14, 10, 15, 18, 27, 20, 19, 30, 21, 35, 34, 13, 22, 24, 31, 5, 6, 25, 23, 4, 7, 16, 17, 26, 28, 36, 37]",5,0.4,1.0,0.5714285714285715,0.6934264036172708,1,2,5,2
smd,group23_evaluation,machine-2-7,11,14934,14938,baro_robust_scorer,-1,"[33, 5, 6, 31, 35, 34, 19, 8, 23, 25, 14, 13, 15, 0, 11, 10, 21, 30, 20, 27, 18, 24, 22, 9, 1, 2, 3]",1,1.0,0.5,0.6666666666666666,1.0,1,2,1,1
smd,group23_evaluation,machine-2-7,11,14934,14938,baro_robust_scorer,-1,"[33, 5, 6, 31, 35, 34, 19, 8, 23, 25, 14, 13, 15, 0, 11, 10, 21, 30, 20, 27, 18, 24, 22, 9, 1, 2, 3]",3,0.3333333333333333,0.5,0.4,0.6131471927654584,1,2,3,1
smd,group23_evaluation,machine-2-7,11,14934,14938,baro_robust_scorer,-1,"[33, 5, 6, 31, 35, 34, 19, 8, 23, 25, 14, 13, 15, 0, 11, 10, 21, 30, 20, 27, 18, 24, 22, 9, 1, 2, 3]",5,0.2,0.5,0.28571428571428575,0.6131471927654584,1,2,5,1
smd,group23_evaluation,machine-2-7,12,15063,15066,robust_z,-1,"[12, 8, 13, 14, 33, 11, 0, 31, 32, 29, 2, 3, 6, 15, 10, 18, 1, 27, 20, 22, 25, 23, 30, 21, 35, 34, 24, 19, 5, 4, 7, 9, 16, 17, 26, 28, 36, 37]",1,1.0,0.25,0.4,1.0,1,4,1,1
smd,group23_evaluation,machine-2-7,12,15063,15066,robust_z,-1,"[12, 8, 13, 14, 33, 11, 0, 31, 32, 29, 2, 3, 6, 15, 10, 18, 1, 27, 20, 22, 25, 23, 30, 21, 35, 34, 24, 19, 5, 4, 7, 9, 16, 17, 26, 28, 36, 37]",3,1.0,0.75,0.8571428571428571,1.0,1,4,3,3
smd,group23_evaluation,machine-2-7,12,15063,15066,robust_z,-1,"[12, 8, 13, 14, 33, 11, 0, 31, 32, 29, 2, 3, 6, 15, 10, 18, 1, 27, 20, 22, 25, 23, 30, 21, 35, 34, 24, 19, 5, 4, 7, 9, 16, 17, 26, 28, 36, 37]",5,0.8,1.0,0.888888888888889,1.0,1,4,5,4
smd,group23_evaluation,machine-2-7,12,15063,15066,pca_q,-1,"[9, 12, 8, 13, 11, 14, 3, 2, 33, 29, 31, 1, 18, 0, 20, 27, 10, 24, 15, 21, 30, 22, 6, 35, 34, 19, 32, 25, 23, 5, 4, 7, 16, 17, 26, 28, 36, 37]",1,0.0,0.0,0.0,0.0,0,4,1,0
smd,group23_evaluation,machine-2-7,12,15063,15066,pca_q,-1,"[9, 12, 8, 13, 11, 14, 3, 2, 33, 29, 31, 1, 18, 0, 20, 27, 10, 24, 15, 21, 30, 22, 6, 35, 34, 19, 32, 25, 23, 5, 4, 7, 16, 17, 26, 28, 36, 37]",3,0.6666666666666666,0.5,0.5714285714285715,0.5307212739772434,1,4,3,2
smd,group23_evaluation,machine-2-7,12,15063,15066,pca_q,-1,"[9, 12, 8, 13, 11, 14, 3, 2, 33, 29, 31, 1, 18, 0, 20, 27, 10, 24, 15, 21, 30, 22, 6, 35, 34, 19, 32, 25, 23, 5, 4, 7, 16, 17, 26, 28, 36, 37]",5,0.6,0.75,0.6666666666666665,0.6096199500078984,1,4,5,3
smd,group23_evaluation,machine-2-7,12,15063,15066,baro_robust_scorer,-1,"[8, 23, 25, 13, 14, 24, 21, 30, 35, 6, 5, 34, 22, 19, 20, 27, 11, 2, 18, 15, 10, 1, 31]",1,1.0,0.25,0.4,1.0,1,4,1,1
smd,group23_evaluation,machine-2-7,12,15063,15066,baro_robust_scorer,-1,"[8, 23, 25, 13, 14, 24, 21, 30, 35, 6, 5, 34, 22, 19, 20, 27, 11, 2, 18, 15, 10, 1, 31]",3,0.3333333333333333,0.25,0.28571428571428575,0.46927872602275644,1,4,3,1
smd,group23_evaluation,machine-2-7,12,15063,15066,baro_robust_scorer,-1,"[8, 23, 25, 13, 14, 24, 21, 30, 35, 6, 5, 34, 22, 19, 20, 27, 11, 2, 18, 15, 10, 1, 31]",5,0.6,0.75,0.6666666666666665,0.7095272044910244,1,4,5,3
smd,group23_evaluation,machine-2-7,13,16534,16557,robust_z,-1,"[12, 8, 14, 13, 33, 0, 32, 9, 11, 6, 5, 29, 31, 3, 19, 2, 35, 34, 20, 27, 18, 10, 15, 22, 21, 30, 24, 1, 23, 25, 4, 7, 16, 17, 26, 28, 36, 37]",1,1.0,0.25,0.4,1.0,1,4,1,1
smd,group23_evaluation,machine-2-7,13,16534,16557,robust_z,-1,"[12, 8, 14, 13, 33, 0, 32, 9, 11, 6, 5, 29, 31, 3, 19, 2, 35, 34, 20, 27, 18, 10, 15, 22, 21, 30, 24, 1, 23, 25, 4, 7, 16, 17, 26, 28, 36, 37]",3,1.0,0.75,0.8571428571428571,1.0,1,4,3,3
smd,group23_evaluation,machine-2-7,13,16534,16557,robust_z,-1,"[12, 8, 14, 13, 33, 0, 32, 9, 11, 6, 5, 29, 31, 3, 19, 2, 35, 34, 20, 27, 18, 10, 15, 22, 21, 30, 24, 1, 23, 25, 4, 7, 16, 17, 26, 28, 36, 37]",5,0.8,1.0,0.888888888888889,1.0,1,4,5,4
smd,group23_evaluation,machine-2-7,13,16534,16557,pca_q,-1,"[9, 12, 8, 14, 13, 0, 11, 3, 2, 33, 32, 29, 1, 10, 15, 18, 5, 20, 27, 6, 31, 21, 30, 35, 34, 22, 19, 24, 23, 25, 4, 7, 16, 17, 26, 28, 36, 37]",1,0.0,0.0,0.0,0.0,0,4,1,0
smd,group23_evaluation,machine-2-7,13,16534,16557,pca_q,-1,"[9, 12, 8, 14, 13, 0, 11, 3, 2, 33, 32, 29, 1, 10, 15, 18, 5, 20, 27, 6, 31, 21, 30, 35, 34, 22, 19, 24, 23, 25, 4, 7, 16, 17, 26, 28, 36, 37]",3,0.6666666666666666,0.5,0.5714285714285715,0.5307212739772434,1,4,3,2
smd,group23_evaluation,machine-2-7,13,16534,16557,pca_q,-1,"[9, 12, 8, 14, 13, 0, 11, 3, 2, 33, 32, 29, 1, 10, 15, 18, 5, 20, 27, 6, 31, 21, 30, 35, 34, 22, 19, 24, 23, 25, 4, 7, 16, 17, 26, 28, 36, 37]",5,0.8,1.0,0.888888888888889,0.7606395682357036,1,4,5,4
smd,group23_evaluation,machine-2-7,13,16534,16557,baro_robust_scorer,-1,"[8, 14, 13, 19, 21, 30, 27, 20, 15, 11, 18, 31, 10, 23, 22, 25, 3, 24, 5, 1, 35, 34, 6, 2, 12, 0, 32, 33]",1,1.0,0.25,0.4,1.0,1,4,1,1
smd,group23_evaluation,machine-2-7,13,16534,16557,baro_robust_scorer,-1,"[8, 14, 13, 19, 21, 30, 27, 20, 15, 11, 18, 31, 10, 23, 22, 25, 3, 24, 5, 1, 35, 34, 6, 2, 12, 0, 32, 33]",3,1.0,0.75,0.8571428571428571,1.0,1,4,3,3
smd,group23_evaluation,machine-2-7,13,16534,16557,baro_robust_scorer,-1,"[8, 14, 13, 19, 21, 30, 27, 20, 15, 11, 18, 31, 10, 23, 22, 25, 3, 24, 5, 1, 35, 34, 6, 2, 12, 0, 32, 33]",5,0.6,0.75,0.6666666666666665,0.8318724637288826,1,4,5,3
smd,group23_evaluation,machine-2-7,14,17978,17981,robust_z,-1,"[12, 8, 14, 13, 9, 11, 0, 32, 5, 6, 2, 29, 1, 3, 27, 20, 22, 30, 21, 18, 19, 31, 35, 15, 24, 34, 10, 25, 23, 4, 7, 16, 17, 26, 28, 33, 36, 37]",1,1.0,0.25,0.4,1.0,1,4,1,1
smd,group23_evaluation,machine-2-7,14,17978,17981,robust_z,-1,"[12, 8, 14, 13, 9, 11, 0, 32, 5, 6, 2, 29, 1, 3, 27, 20, 22, 30, 21, 18, 19, 31, 35, 15, 24, 34, 10, 25, 23, 4, 7, 16, 17, 26, 28, 33, 36, 37]",3,1.0,0.75,0.8571428571428571,1.0,1,4,3,3
smd,group23_evaluation,machine-2-7,14,17978,17981,robust_z,-1,"[12, 8, 14, 13, 9, 11, 0, 32, 5, 6, 2, 29, 1, 3, 27, 20, 22, 30, 21, 18, 19, 31, 35, 15, 24, 34, 10, 25, 23, 4, 7, 16, 17, 26, 28, 33, 36, 37]",5,0.8,1.0,0.888888888888889,1.0,1,4,5,4
smd,group23_evaluation,machine-2-7,14,17978,17981,pca_q,-1,"[9, 12, 8, 13, 11, 14, 3, 2, 29, 1, 31, 18, 5, 0, 20, 27, 15, 10, 24, 21, 30, 22, 6, 35, 34, 19, 32, 33, 25, 23, 4, 7, 16, 17, 26, 28, 36, 37]",1,0.0,0.0,0.0,0.0,0,4,1,0
smd,group23_evaluation,machine-2-7,14,17978,17981,pca_q,-1,"[9, 12, 8, 13, 11, 14, 3, 2, 29, 1, 31, 18, 5, 0, 20, 27, 15, 10, 24, 21, 30, 22, 6, 35, 34, 19, 32, 33, 25, 23, 4, 7, 16, 17, 26, 28, 36, 37]",3,0.6666666666666666,0.5,0.5714285714285715,0.5307212739772434,1,4,3,2
smd,group23_evaluation,machine-2-7,14,17978,17981,pca_q,-1,"[9, 12, 8, 13, 11, 14, 3, 2, 29, 1, 31, 18, 5, 0, 20, 27, 15, 10, 24, 21, 30, 22, 6, 35, 34, 19, 32, 33, 25, 23, 4, 7, 16, 17, 26, 28, 36, 37]",5,0.6,0.75,0.6666666666666665,0.6096199500078984,1,4,5,3
smd,group23_evaluation,machine-2-7,14,17978,17981,baro_robust_scorer,-1,"[8, 14, 12, 13, 0, 5, 18, 6, 25, 23, 35, 34, 20, 27, 31, 10, 15, 19, 1, 30, 24, 21, 22, 9, 2]",1,1.0,0.25,0.4,1.0,1,4,1,1
smd,group23_evaluation,machine-2-7,14,17978,17981,baro_robust_scorer,-1,"[8, 14, 12, 13, 0, 5, 18, 6, 25, 23, 35, 34, 20, 27, 31, 10, 15, 19, 1, 30, 24, 21, 22, 9, 2]",3,1.0,0.75,0.8571428571428571,1.0,1,4,3,3
smd,group23_evaluation,machine-2-7,14,17978,17981,baro_robust_scorer,-1,"[8, 14, 12, 13, 0, 5, 18, 6, 25, 23, 35, 34, 20, 27, 31, 10, 15, 19, 1, 30, 24, 21, 22, 9, 2]",5,0.8,1.0,0.888888888888889,1.0,1,4,5,4
smd,group23_evaluation,machine-2-7,15,18639,18944,robust_z,-1,"[28, 12, 9, 10, 15, 18, 2, 1, 3, 20, 27, 21, 30, 0, 19, 31, 33, 24, 22, 35, 34, 5, 6, 25, 23, 29, 13, 11, 14, 8, 32, 4, 7, 16, 17, 26, 36, 37]",1,1.0,0.047619047619047616,0.0909090909090909,1.0,1,21,1,1
smd,group23_evaluation,machine-2-7,15,18639,18944,robust_z,-1,"[28, 12, 9, 10, 15, 18, 2, 1, 3, 20, 27, 21, 30, 0, 19, 31, 33, 24, 22, 35, 34, 5, 6, 25, 23, 29, 13, 11, 14, 8, 32, 4, 7, 16, 17, 26, 36, 37]",3,0.3333333333333333,0.047619047619047616,0.08333333333333333,0.46927872602275644,1,21,3,1
smd,group23_evaluation,machine-2-7,15,18639,18944,robust_z,-1,"[28, 12, 9, 10, 15, 18, 2, 1, 3, 20, 27, 21, 30, 0, 19, 31, 33, 24, 22, 35, 34, 5, 6, 25, 23, 29, 13, 11, 14, 8, 32, 4, 7, 16, 17, 26, 36, 37]",5,0.6,0.14285714285714285,0.23076923076923073,0.6164336326286644,1,21,5,3
smd,group23_evaluation,machine-2-7,15,18639,18944,pca_q,-1,"[28, 9, 2, 1, 3, 10, 15, 18, 20, 27, 12, 33, 21, 30, 0, 31, 19, 24, 35, 34, 22, 5, 6, 29, 8, 23, 25, 32, 14, 13, 11, 4, 7, 16, 17, 26, 36, 37]",1,1.0,0.047619047619047616,0.0909090909090909,1.0,1,21,1,1
smd,group23_evaluation,machine-2-7,15,18639,18944,pca_q,-1,"[28, 9, 2, 1, 3, 10, 15, 18, 20, 27, 12, 33, 21, 30, 0, 31, 19, 24, 35, 34, 22, 5, 6, 29, 8, 23, 25, 32, 14, 13, 11, 4, 7, 16, 17, 26, 36, 37]",3,0.6666666666666666,0.09523809523809523,0.16666666666666666,0.7039180890341347,1,21,3,2
smd,group23_evaluation,machine-2-7,15,18639,18944,pca_q,-1,"[28, 9, 2, 1, 3, 10, 15, 18, 20, 27, 12, 33, 21, 30, 0, 31, 19, 24, 35, 34, 22, 5, 6, 29, 8, 23, 25, 32, 14, 13, 11, 4, 7, 16, 17, 26, 36, 37]",5,0.8,0.19047619047619047,0.3076923076923077,0.7860137352654724,1,21,5,4
smd,group23_evaluation,machine-2-7,15,18639,18944,baro_robust_scorer,-1,"[33, 1, 2, 3, 15, 10, 18, 20, 27, 8, 14, 30, 21, 31, 13, 11, 19, 0, 6, 34, 35, 24, 5, 22, 23, 25, 12, 29, 32, 9]",1,1.0,0.047619047619047616,0.0909090909090909,1.0,1,21,1,1
smd,group23_evaluation,machine-2-7,15,18639,18944,baro_robust_scorer,-1,"[33, 1, 2, 3, 15, 10, 18, 20, 27, 8, 14, 30, 21, 31, 13, 11, 19, 0, 6, 34, 35, 24, 5, 22, 23, 25, 12, 29, 32, 9]",3,1.0,0.14285714285714285,0.25,1.0,1,21,3,3
smd,group23_evaluation,machine-2-7,15,18639,18944,baro_robust_scorer,-1,"[33, 1, 2, 3, 15, 10, 18, 20, 27, 8, 14, 30, 21, 31, 13, 11, 19, 0, 6, 34, 35, 24, 5, 22, 23, 25, 12, 29, 32, 9]",5,1.0,0.23809523809523808,0.3846153846153846,1.0,1,21,5,5
smd,group23_evaluation,machine-2-7,16,19411,19418,robust_z,-1,"[12, 8, 14, 13, 11, 31, 6, 5, 32, 0, 29, 2, 35, 34, 20, 27, 21, 30, 3, 19, 18, 1, 22, 10, 15, 24, 33, 25, 23, 4, 7, 9, 16, 17, 26, 28, 36, 37]",1,1.0,0.25,0.4,1.0,1,4,1,1
smd,group23_evaluation,machine-2-7,16,19411,19418,robust_z,-1,"[12, 8, 14, 13, 11, 31, 6, 5, 32, 0, 29, 2, 35, 34, 20, 27, 21, 30, 3, 19, 18, 1, 22, 10, 15, 24, 33, 25, 23, 4, 7, 9, 16, 17, 26, 28, 36, 37]",3,1.0,0.75,0.8571428571428571,1.0,1,4,3,3
smd,group23_evaluation,machine-2-7,16,19411,19418,robust_z,-1,"[12, 8, 14, 13, 11, 31, 6, 5, 32, 0, 29, 2, 35, 34, 20, 27, 21, 30, 3, 19, 18, 1, 22, 10, 15, 24, 33, 25, 23, 4, 7, 9, 16, 17, 26, 28, 36, 37]",5,0.8,1.0,0.888888888888889,1.0,1,4,5,4
smd,group23_evaluation,machine-2-7,16,19411,19418,pca_q,-1,"[9, 12, 8, 14, 13, 11, 3, 2, 29, 31, 5, 1, 6, 0, 10, 15, 18, 20, 27, 19, 21, 30, 35, 34, 22, 24, 32, 33, 25, 23, 4, 7, 16, 17, 26, 28, 36, 37]",1,0.0,0.0,0.0,0.0,0,4,1,0
smd,group23_evaluation,machine-2-7,16,19411,19418,pca_q,-1,"[9, 12, 8, 14, 13, 11, 3, 2, 29, 31, 5, 1, 6, 0, 10, 15, 18, 20, 27, 19, 21, 30, 35, 34, 22, 24, 32, 33, 25, 23, 4, 7, 16, 17, 26, 28, 36, 37]",3,0.6666666666666666,0.5,0.5714285714285715,0.5307212739772434,1,4,3,2
smd,group23_evaluation,machine-2-7,16,19411,19418,pca_q,-1,"[9, 12, 8, 14, 13, 11, 3, 2, 29, 31, 5, 1, 6, 0, 10, 15, 18, 20, 27, 19, 21, 30, 35, 34, 22, 24, 32, 33, 25, 23, 4, 7, 16, 17, 26, 28, 36, 37]",5,0.8,1.0,0.888888888888889,0.7606395682357036,1,4,5,4
smd,group23_evaluation,machine-2-7,16,19411,19418,baro_robust_scorer,-1,"[8, 14, 13, 11, 0, 2, 3, 15, 10, 1, 12, 19, 35, 34, 32, 24, 18, 20, 27, 22, 31, 21, 30, 5, 6, 23, 25]",1,1.0,0.25,0.4,1.0,1,4,1,1
smd,group23_evaluation,machine-2-7,16,19411,19418,baro_robust_scorer,-1,"[8, 14, 13, 11, 0, 2, 3, 15, 10, 1, 12, 19, 35, 34, 32, 24, 18, 20, 27, 22, 31, 21, 30, 5, 6, 23, 25]",3,1.0,0.75,0.8571428571428571,1.0,1,4,3,3
smd,group23_evaluation,machine-2-7,16,19411,19418,baro_robust_scorer,-1,"[8, 14, 13, 11, 0, 2, 3, 15, 10, 1, 12, 19, 35, 34, 32, 24, 18, 20, 27, 22, 31, 21, 30, 5, 6, 23, 25]",5,0.6,0.75,0.6666666666666665,0.8318724637288826,1,4,5,3
smd,group23_evaluation,machine-2-7,17,20853,20857,robust_z,-1,"[12, 8, 14, 13, 31, 11, 32, 5, 3, 2, 0, 1, 25, 23, 10, 15, 29, 35, 19, 34, 6, 20, 27, 21, 30, 18, 22, 24, 33, 4, 7, 9, 16, 17, 26, 28, 36, 37]",1,1.0,0.25,0.4,1.0,1,4,1,1
smd,group23_evaluation,machine-2-7,17,20853,20857,robust_z,-1,"[12, 8, 14, 13, 31, 11, 32, 5, 3, 2, 0, 1, 25, 23, 10, 15, 29, 35, 19, 34, 6, 20, 27, 21, 30, 18, 22, 24, 33, 4, 7, 9, 16, 17, 26, 28, 36, 37]",3,1.0,0.75,0.8571428571428571,1.0,1,4,3,3
smd,group23_evaluation,machine-2-7,17,20853,20857,robust_z,-1,"[12, 8, 14, 13, 31, 11, 32, 5, 3, 2, 0, 1, 25, 23, 10, 15, 29, 35, 19, 34, 6, 20, 27, 21, 30, 18, 22, 24, 33, 4, 7, 9, 16, 17, 26, 28, 36, 37]",5,0.8,1.0,0.888888888888889,1.0,1,4,5,4
smd,group23_evaluation,machine-2-7,17,20853,20857,pca_q,-1,"[9, 12, 8, 13, 14, 11, 3, 2, 29, 1, 0, 31, 10, 15, 5, 18, 20, 27, 23, 25, 19, 35, 34, 21, 30, 32, 22, 24, 6, 33, 4, 7, 16, 17, 26, 28, 36, 37]",1,0.0,0.0,0.0,0.0,0,4,1,0
smd,group23_evaluation,machine-2-7,17,20853,20857,pca_q,-1,"[9, 12, 8, 13, 14, 11, 3, 2, 29, 1, 0, 31, 10, 15, 5, 18, 20, 27, 23, 25, 19, 35, 34, 21, 30, 32, 22, 24, 6, 33, 4, 7, 16, 17, 26, 28, 36, 37]",3,0.6666666666666666,0.5,0.5714285714285715,0.5307212739772434,1,4,3,2
smd,group23_evaluation,machine-2-7,17,20853,20857,pca_q,-1,"[9, 12, 8, 13, 14, 11, 3, 2, 29, 1, 0, 31, 10, 15, 5, 18, 20, 27, 23, 25, 19, 35, 34, 21, 30, 32, 22, 24, 6, 33, 4, 7, 16, 17, 26, 28, 36, 37]",5,0.8,1.0,0.888888888888889,0.7606395682357036,1,4,5,4
smd,group23_evaluation,machine-2-7,17,20853,20857,baro_robust_scorer,-1,"[22, 30, 21, 24, 13, 8, 15, 10, 0, 12, 33, 18, 20, 27, 14, 5, 11, 25, 23, 19, 31, 1, 34, 35, 2, 6]",1,0.0,0.0,0.0,0.0,0,4,1,0
smd,group23_evaluation,machine-2-7,17,20853,20857,baro_robust_scorer,-1,"[22, 30, 21, 24, 13, 8, 15, 10, 0, 12, 33, 18, 20, 27, 14, 5, 11, 25, 23, 19, 31, 1, 34, 35, 2, 6]",3,0.0,0.0,0.0,0.0,0,4,3,0
smd,group23_evaluation,machine-2-7,17,20853,20857,baro_robust_scorer,-1,"[22, 30, 21, 24, 13, 8, 15, 10, 0, 12, 33, 18, 20, 27, 14, 5, 11, 25, 23, 19, 31, 1, 34, 35, 2, 6]",5,0.2,0.25,0.22222222222222224,0.15101961822780524,1,4,5,1
smd,group23_evaluation,machine-2-7,18,22291,22296,robust_z,-1,"[12, 8, 14, 13, 31, 11, 33, 5, 32, 0, 25, 23, 29, 35, 34, 2, 3, 19, 20, 27, 18, 21, 30, 6, 1, 10, 15, 22, 24, 4, 7, 9, 16, 17, 26, 28, 36, 37]",1,1.0,0.25,0.4,1.0,1,4,1,1
smd,group23_evaluation,machine-2-7,18,22291,22296,robust_z,-1,"[12, 8, 14, 13, 31, 11, 33, 5, 32, 0, 25, 23, 29, 35, 34, 2, 3, 19, 20, 27, 18, 21, 30, 6, 1, 10, 15, 22, 24, 4, 7, 9, 16, 17, 26, 28, 36, 37]",3,1.0,0.75,0.8571428571428571,1.0,1,4,3,3
smd,group23_evaluation,machine-2-7,18,22291,22296,robust_z,-1,"[12, 8, 14, 13, 31, 11, 33, 5, 32, 0, 25, 23, 29, 35, 34, 2, 3, 19, 20, 27, 18, 21, 30, 6, 1, 10, 15, 22, 24, 4, 7, 9, 16, 17, 26, 28, 36, 37]",5,0.8,1.0,0.888888888888889,1.0,1,4,5,4
smd,group23_evaluation,machine-2-7,18,22291,22296,pca_q,-1,"[9, 12, 8, 14, 13, 11, 3, 2, 33, 29, 31, 5, 0, 1, 18, 35, 34, 10, 15, 23, 25, 19, 20, 27, 32, 21, 30, 22, 24, 6, 4, 7, 16, 17, 26, 28, 36, 37]",1,0.0,0.0,0.0,0.0,0,4,1,0
smd,group23_evaluation,machine-2-7,18,22291,22296,pca_q,-1,"[9, 12, 8, 14, 13, 11, 3, 2, 33, 29, 31, 5, 0, 1, 18, 35, 34, 10, 15, 23, 25, 19, 20, 27, 32, 21, 30, 22, 24, 6, 4, 7, 16, 17, 26, 28, 36, 37]",3,0.6666666666666666,0.5,0.5714285714285715,0.5307212739772434,1,4,3,2
smd,group23_evaluation,machine-2-7,18,22291,22296,pca_q,-1,"[9, 12, 8, 14, 13, 11, 3, 2, 33, 29, 31, 5, 0, 1, 18, 35, 34, 10, 15, 23, 25, 19, 20, 27, 32, 21, 30, 22, 24, 6, 4, 7, 16, 17, 26, 28, 36, 37]",5,0.8,1.0,0.888888888888889,0.7606395682357036,1,4,5,4
smd,group23_evaluation,machine-2-7,18,22291,22296,baro_robust_scorer,-1,"[8, 14, 13, 10, 24, 15, 27, 12, 2, 18, 20, 0, 22, 30, 31, 21, 1, 11, 5, 3, 35, 34, 19, 6, 23, 25]",1,1.0,0.25,0.4,1.0,1,4,1,1
smd,group23_evaluation,machine-2-7,18,22291,22296,baro_robust_scorer,-1,"[8, 14, 13, 10, 24, 15, 27, 12, 2, 18, 20, 0, 22, 30, 31, 21, 1, 11, 5, 3, 35, 34, 19, 6, 23, 25]",3,1.0,0.75,0.8571428571428571,1.0,1,4,3,3
smd,group23_evaluation,machine-2-7,18,22291,22296,baro_robust_scorer,-1,"[8, 14, 13, 10, 24, 15, 27, 12, 2, 18, 20, 0, 22, 30, 31, 21, 1, 11, 5, 3, 35, 34, 19, 6, 23, 25]",5,0.6,0.75,0.6666666666666665,0.8318724637288826,1,4,5,3
smd,group23_evaluation,machine-2-7,19,22924,22927,robust_z,-1,"[9, 12, 0, 8, 10, 15, 18, 33, 20, 27, 24, 22, 30, 21, 35, 34, 5, 3, 19, 1, 31, 13, 2, 29, 6, 14, 23, 25, 11, 4, 7, 16, 17, 26, 28, 32, 36, 37]",1,1.0,1.0,1.0,1.0,1,1,1,1
smd,group23_evaluation,machine-2-7,19,22924,22927,robust_z,-1,"[9, 12, 0, 8, 10, 15, 18, 33, 20, 27, 24, 22, 30, 21, 35, 34, 5, 3, 19, 1, 31, 13, 2, 29, 6, 14, 23, 25, 11, 4, 7, 16, 17, 26, 28, 32, 36, 37]",3,0.3333333333333333,1.0,0.5,1.0,1,1,3,1
smd,group23_evaluation,machine-2-7,19,22924,22927,robust_z,-1,"[9, 12, 0, 8, 10, 15, 18, 33, 20, 27, 24, 22, 30, 21, 35, 34, 5, 3, 19, 1, 31, 13, 2, 29, 6, 14, 23, 25, 11, 4, 7, 16, 17, 26, 28, 32, 36, 37]",5,0.2,1.0,0.33333333333333337,1.0,1,1,5,1
smd,group23_evaluation,machine-2-7,19,22924,22927,pca_q,-1,"[9, 12, 8, 14, 11, 13, 33, 29, 31, 24, 0, 22, 18, 20, 27, 30, 21, 35, 34, 10, 15, 6, 5, 19, 3, 2, 32, 1, 23, 25, 4, 7, 16, 17, 26, 28, 36, 37]",1,1.0,1.0,1.0,1.0,1,1,1,1
smd,group23_evaluation,machine-2-7,19,22924,22927,pca_q,-1,"[9, 12, 8, 14, 11, 13, 33, 29, 31, 24, 0, 22, 18, 20, 27, 30, 21, 35, 34, 10, 15, 6, 5, 19, 3, 2, 32, 1, 23, 25, 4, 7, 16, 17, 26, 28, 36, 37]",3,0.3333333333333333,1.0,0.5,1.0,1,1,3,1
smd,group23_evaluation,machine-2-7,19,22924,22927,pca_q,-1,"[9, 12, 8, 14, 11, 13, 33, 29, 31, 24, 0, 22, 18, 20, 27, 30, 21, 35, 34, 10, 15, 6, 5, 19, 3, 2, 32, 1, 23, 25, 4, 7, 16, 17, 26, 28, 36, 37]",5,0.2,1.0,0.33333333333333337,1.0,1,1,5,1
smd,group23_evaluation,machine-2-7,19,22924,22927,baro_robust_scorer,-1,"[9, 8, 19, 5, 6, 35, 34, 15, 10, 1, 23, 18, 13, 20, 27, 2, 0, 25, 33, 21, 30, 3, 14, 24, 22]",1,1.0,1.0,1.0,1.0,1,1,1,1
smd,group23_evaluation,machine-2-7,19,22924,22927,baro_robust_scorer,-1,"[9, 8, 19, 5, 6, 35, 34, 15, 10, 1, 23, 18, 13, 20, 27, 2, 0, 25, 33, 21, 30, 3, 14, 24, 22]",3,0.3333333333333333,1.0,0.5,1.0,1,1,3,1
smd,group23_evaluation,machine-2-7,19,22924,22927,baro_robust_scorer,-1,"[9, 8, 19, 5, 6, 35, 34, 15, 10, 1, 23, 18, 13, 20, 27, 2, 0, 25, 33, 21, 30, 3, 14, 24, 22]",5,0.2,1.0,0.33333333333333337,1.0,1,1,5,1
smd,group23_evaluation,machine-2-8,0,17580,17741,robust_z,-1,"[31, 32, 16, 10, 29, 28, 17, 33, 9, 22, 5, 6, 24, 4, 8, 12, 1, 2, 3, 23, 0, 13, 14, 25, 11, 15, 30, 27, 20, 21, 18, 35, 34, 19, 7, 26, 36, 37]",1,1.0,0.029411764705882353,0.05714285714285715,1.0,1,34,1,1
smd,group23_evaluation,machine-2-8,0,17580,17741,robust_z,-1,"[31, 32, 16, 10, 29, 28, 17, 33, 9, 22, 5, 6, 24, 4, 8, 12, 1, 2, 3, 23, 0, 13, 14, 25, 11, 15, 30, 27, 20, 21, 18, 35, 34, 19, 7, 26, 36, 37]",3,1.0,0.08823529411764706,0.1621621621621622,1.0,1,34,3,3
smd,group23_evaluation,machine-2-8,0,17580,17741,robust_z,-1,"[31, 32, 16, 10, 29, 28, 17, 33, 9, 22, 5, 6, 24, 4, 8, 12, 1, 2, 3, 23, 0, 13, 14, 25, 11, 15, 30, 27, 20, 21, 18, 35, 34, 19, 7, 26, 36, 37]",5,1.0,0.14705882352941177,0.25641025641025644,1.0,1,34,5,5
smd,group23_evaluation,machine-2-8,0,17580,17741,pca_q,-1,"[32, 29, 16, 28, 17, 31, 5, 33, 9, 22, 24, 6, 10, 23, 25, 2, 3, 1, 35, 34, 15, 30, 21, 13, 0, 20, 27, 19, 18, 8, 14, 11, 12, 4, 7, 26, 36, 37]",1,1.0,0.029411764705882353,0.05714285714285715,1.0,1,34,1,1
smd,group23_evaluation,machine-2-8,0,17580,17741,pca_q,-1,"[32, 29, 16, 28, 17, 31, 5, 33, 9, 22, 24, 6, 10, 23, 25, 2, 3, 1, 35, 34, 15, 30, 21, 13, 0, 20, 27, 19, 18, 8, 14, 11, 12, 4, 7, 26, 36, 37]",3,1.0,0.08823529411764706,0.1621621621621622,1.0,1,34,3,3
smd,group23_evaluation,machine-2-8,0,17580,17741,pca_q,-1,"[32, 29, 16, 28, 17, 31, 5, 33, 9, 22, 24, 6, 10, 23, 25, 2, 3, 1, 35, 34, 15, 30, 21, 13, 0, 20, 27, 19, 18, 8, 14, 11, 12, 4, 7, 26, 36, 37]",5,1.0,0.14705882352941177,0.25641025641025644,1.0,1,34,5,5
smd,group23_evaluation,machine-2-8,0,17580,17741,baro_robust_scorer,-1,"[10, 33, 9, 24, 22, 6, 1, 2, 3, 8, 23, 25, 12, 13, 11, 14, 0, 15, 30, 20, 21, 27, 34, 35, 18, 19, 5, 32, 31, 29]",1,1.0,0.029411764705882353,0.05714285714285715,1.0,1,34,1,1
smd,group23_evaluation,machine-2-8,0,17580,17741,baro_robust_scorer,-1,"[10, 33, 9, 24, 22, 6, 1, 2, 3, 8, 23, 25, 12, 13, 11, 14, 0, 15, 30, 20, 21, 27, 34, 35, 18, 19, 5, 32, 31, 29]",3,1.0,0.08823529411764706,0.1621621621621622,1.0,1,34,3,3
smd,group23_evaluation,machine-2-8,0,17580,17741,baro_robust_scorer,-1,"[10, 33, 9, 24, 22, 6, 1, 2, 3, 8, 23, 25, 12, 13, 11, 14, 0, 15, 30, 20, 21, 27, 34, 35, 18, 19, 5, 32, 31, 29]",5,1.0,0.14705882352941177,0.25641025641025644,1.0,1,34,5,5
smd,group23_evaluation,machine-2-9,0,15131,15253,robust_z,-1,"[24, 18, 19, 27, 20, 30, 21, 2, 3, 1, 0, 31, 6, 34, 35, 5, 8, 14, 33, 10, 15, 11, 13, 12, 23, 25, 22, 4, 7, 9, 16, 17, 26, 28, 29, 32, 36, 37]",1,0.0,0.0,0.0,0.0,0,12,1,0
smd,group23_evaluation,machine-2-9,0,15131,15253,robust_z,-1,"[24, 18, 19, 27, 20, 30, 21, 2, 3, 1, 0, 31, 6, 34, 35, 5, 8, 14, 33, 10, 15, 11, 13, 12, 23, 25, 22, 4, 7, 9, 16, 17, 26, 28, 29, 32, 36, 37]",3,0.6666666666666666,0.16666666666666666,0.26666666666666666,0.5307212739772434,1,12,3,2
smd,group23_evaluation,machine-2-9,0,15131,15253,robust_z,-1,"[24, 18, 19, 27, 20, 30, 21, 2, 3, 1, 0, 31, 6, 34, 35, 5, 8, 14, 33, 10, 15, 11, 13, 12, 23, 25, 22, 4, 7, 9, 16, 17, 26, 28, 29, 32, 36, 37]",5,0.8,0.3333333333333333,0.47058823529411764,0.6608397947263839,1,12,5,4
smd,group23_evaluation,machine-2-9,0,15131,15253,pca_q,-1,"[32, 18, 19, 27, 20, 21, 30, 2, 3, 1, 0, 31, 6, 29, 8, 35, 34, 14, 10, 15, 33, 5, 24, 22, 23, 25, 11, 12, 13, 9, 4, 7, 16, 17, 26, 28, 36, 37]",1,0.0,0.0,0.0,0.0,0,12,1,0
smd,group23_evaluation,machine-2-9,0,15131,15253,pca_q,-1,"[32, 18, 19, 27, 20, 21, 30, 2, 3, 1, 0, 31, 6, 29, 8, 35, 34, 14, 10, 15, 33, 5, 24, 22, 23, 25, 11, 12, 13, 9, 4, 7, 16, 17, 26, 28, 36, 37]",3,0.6666666666666666,0.16666666666666666,0.26666666666666666,0.5307212739772434,1,12,3,2
smd,group23_evaluation,machine-2-9,0,15131,15253,pca_q,-1,"[32, 18, 19, 27, 20, 21, 30, 2, 3, 1, 0, 31, 6, 29, 8, 35, 34, 14, 10, 15, 33, 5, 24, 22, 23, 25, 11, 12, 13, 9, 4, 7, 16, 17, 26, 28, 36, 37]",5,0.8,0.3333333333333333,0.47058823529411764,0.6608397947263839,1,12,5,4
smd,group23_evaluation,machine-2-9,0,15131,15253,baro_robust_scorer,-1,"[1, 3, 35, 2, 19, 0, 18, 20, 27, 21, 30, 25, 23, 8, 14, 34, 6, 13, 11, 33, 5, 22, 10, 15, 31, 12, 24]",1,1.0,0.08333333333333333,0.15384615384615385,1.0,1,12,1,1
smd,group23_evaluation,machine-2-9,0,15131,15253,baro_robust_scorer,-1,"[1, 3, 35, 2, 19, 0, 18, 20, 27, 21, 30, 25, 23, 8, 14, 34, 6, 13, 11, 33, 5, 22, 10, 15, 31, 12, 24]",3,1.0,0.25,0.4,1.0,1,12,3,3
smd,group23_evaluation,machine-2-9,0,15131,15253,baro_robust_scorer,-1,"[1, 3, 35, 2, 19, 0, 18, 20, 27, 21, 30, 25, 23, 8, 14, 34, 6, 13, 11, 33, 5, 22, 10, 15, 31, 12, 24]",5,1.0,0.4166666666666667,0.5882352941176471,1.0,1,12,5,5
smd,group23_evaluation,machine-2-9,1,15598,16012,robust_z,-1,"[24, 9, 8, 31, 18, 19, 27, 20, 14, 21, 30, 2, 3, 6, 1, 0, 11, 12, 5, 10, 15, 33, 13, 23, 25, 22, 35, 34, 4, 7, 16, 17, 26, 28, 29, 32, 36, 37]",1,0.0,0.0,0.0,0.0,0,18,1,0
smd,group23_evaluation,machine-2-9,1,15598,16012,robust_z,-1,"[24, 9, 8, 31, 18, 19, 27, 20, 14, 21, 30, 2, 3, 6, 1, 0, 11, 12, 5, 10, 15, 33, 13, 23, 25, 22, 35, 34, 4, 7, 16, 17, 26, 28, 29, 32, 36, 37]",3,0.6666666666666666,0.1111111111111111,0.1904761904761905,0.5307212739772434,1,18,3,2
smd,group23_evaluation,machine-2-9,1,15598,16012,robust_z,-1,"[24, 9, 8, 31, 18, 19, 27, 20, 14, 21, 30, 2, 3, 6, 1, 0, 11, 12, 5, 10, 15, 33, 13, 23, 25, 22, 35, 34, 4, 7, 16, 17, 26, 28, 29, 32, 36, 37]",5,0.6,0.16666666666666666,0.2608695652173913,0.5147714448836774,1,18,5,3
smd,group23_evaluation,machine-2-9,1,15598,16012,pca_q,-1,"[9, 32, 8, 31, 18, 19, 27, 20, 21, 30, 14, 2, 3, 12, 1, 0, 11, 6, 5, 10, 15, 13, 29, 33, 24, 22, 23, 25, 35, 34, 4, 7, 16, 17, 26, 28, 36, 37]",1,1.0,0.05555555555555555,0.10526315789473684,1.0,1,18,1,1
smd,group23_evaluation,machine-2-9,1,15598,16012,pca_q,-1,"[9, 32, 8, 31, 18, 19, 27, 20, 21, 30, 14, 2, 3, 12, 1, 0, 11, 6, 5, 10, 15, 13, 29, 33, 24, 22, 23, 25, 35, 34, 4, 7, 16, 17, 26, 28, 36, 37]",3,0.6666666666666666,0.1111111111111111,0.1904761904761905,0.7039180890341347,1,18,3,2
smd,group23_evaluation,machine-2-9,1,15598,16012,pca_q,-1,"[9, 32, 8, 31, 18, 19, 27, 20, 21, 30, 14, 2, 3, 12, 1, 0, 11, 6, 5, 10, 15, 13, 29, 33, 24, 22, 23, 25, 35, 34, 4, 7, 16, 17, 26, 28, 36, 37]",5,0.6,0.16666666666666666,0.2608695652173913,0.639945385422766,1,18,5,3
smd,group23_evaluation,machine-2-9,1,15598,16012,baro_robust_scorer,-1,"[8, 12, 14, 22, 31, 11, 23, 25, 6, 13, 10, 15, 27, 20, 18, 19, 21, 30, 2, 1, 3, 0, 33, 35, 5, 34, 9, 24]",1,1.0,0.05555555555555555,0.10526315789473684,1.0,1,18,1,1
smd,group23_evaluation,machine-2-9,1,15598,16012,baro_robust_scorer,-1,"[8, 12, 14, 22, 31, 11, 23, 25, 6, 13, 10, 15, 27, 20, 18, 19, 21, 30, 2, 1, 3, 0, 33, 35, 5, 34, 9, 24]",3,1.0,0.16666666666666666,0.2857142857142857,1.0,1,18,3,3
smd,group23_evaluation,machine-2-9,1,15598,16012,baro_robust_scorer,-1,"[8, 12, 14, 22, 31, 11, 23, 25, 6, 13, 10, 15, 27, 20, 18, 19, 21, 30, 2, 1, 3, 0, 33, 35, 5, 34, 9, 24]",5,0.6,0.16666666666666666,0.2608695652173913,0.7227265726449519,1,18,5,3
smd,group23_evaluation,machine-2-9,2,16729,16982,robust_z,-1,"[9, 24, 8, 14, 12, 11, 6, 5, 0, 15, 10, 13, 1, 33, 2, 34, 35, 31, 3, 27, 20, 30, 21, 25, 23, 18, 19, 22, 4, 7, 16, 17, 26, 28, 29, 32, 36, 37]",1,1.0,0.125,0.2222222222222222,1.0,1,8,1,1
smd,group23_evaluation,machine-2-9,2,16729,16982,robust_z,-1,"[9, 24, 8, 14, 12, 11, 6, 5, 0, 15, 10, 13, 1, 33, 2, 34, 35, 31, 3, 27, 20, 30, 21, 25, 23, 18, 19, 22, 4, 7, 16, 17, 26, 28, 29, 32, 36, 37]",3,0.6666666666666666,0.25,0.36363636363636365,0.7039180890341347,1,8,3,2
smd,group23_evaluation,machine-2-9,2,16729,16982,robust_z,-1,"[9, 24, 8, 14, 12, 11, 6, 5, 0, 15, 10, 13, 1, 33, 2, 34, 35, 31, 3, 27, 20, 30, 21, 25, 23, 18, 19, 22, 4, 7, 16, 17, 26, 28, 29, 32, 36, 37]",5,0.8,0.5,0.6153846153846154,0.7860137352654724,1,8,5,4
smd,group23_evaluation,machine-2-9,2,16729,16982,pca_q,-1,"[9, 32, 8, 14, 12, 11, 6, 13, 5, 10, 15, 1, 0, 31, 33, 22, 2, 29, 35, 34, 18, 19, 3, 24, 23, 25, 20, 27, 30, 21, 4, 7, 16, 17, 26, 28, 36, 37]",1,1.0,0.125,0.2222222222222222,1.0,1,8,1,1
smd,group23_evaluation,machine-2-9,2,16729,16982,pca_q,-1,"[9, 32, 8, 14, 12, 11, 6, 13, 5, 10, 15, 1, 0, 31, 33, 22, 2, 29, 35, 34, 18, 19, 3, 24, 23, 25, 20, 27, 30, 21, 4, 7, 16, 17, 26, 28, 36, 37]",3,0.6666666666666666,0.25,0.36363636363636365,0.7039180890341347,1,8,3,2
smd,group23_evaluation,machine-2-9,2,16729,16982,pca_q,-1,"[9, 32, 8, 14, 12, 11, 6, 13, 5, 10, 15, 1, 0, 31, 33, 22, 2, 29, 35, 34, 18, 19, 3, 24, 23, 25, 20, 27, 30, 21, 4, 7, 16, 17, 26, 28, 36, 37]",5,0.8,0.5,0.6153846153846154,0.7860137352654724,1,8,5,4
smd,group23_evaluation,machine-2-9,2,16729,16982,baro_robust_scorer,-1,"[8, 14, 22, 12, 11, 13, 10, 15, 6, 5, 1, 33, 9, 24, 35, 0, 34, 2, 3, 18, 31, 19, 23, 25, 21, 30, 20, 27]",1,1.0,0.125,0.2222222222222222,1.0,1,8,1,1
smd,group23_evaluation,machine-2-9,2,16729,16982,baro_robust_scorer,-1,"[8, 14, 22, 12, 11, 13, 10, 15, 6, 5, 1, 33, 9, 24, 35, 0, 34, 2, 3, 18, 31, 19, 23, 25, 21, 30, 20, 27]",3,0.6666666666666666,0.25,0.36363636363636365,0.7653606369886217,1,8,3,2
smd,group23_evaluation,machine-2-9,2,16729,16982,baro_robust_scorer,-1,"[8, 14, 22, 12, 11, 13, 10, 15, 6, 5, 1, 33, 9, 24, 35, 0, 34, 2, 3, 18, 31, 19, 23, 25, 21, 30, 20, 27]",5,0.8,0.5,0.6153846153846154,0.830419897363192,1,8,5,4
smd,group23_evaluation,machine-2-9,3,17083,17286,robust_z,-1,"[24, 32, 29, 31, 18, 19, 27, 20, 21, 30, 2, 3, 1, 0, 6, 5, 8, 23, 25, 34, 13, 35, 22, 14, 10, 15, 11, 33, 12, 4, 7, 9, 16, 17, 26, 28, 36, 37]",1,1.0,0.05,0.09523809523809523,1.0,1,20,1,1
smd,group23_evaluation,machine-2-9,3,17083,17286,robust_z,-1,"[24, 32, 29, 31, 18, 19, 27, 20, 21, 30, 2, 3, 1, 0, 6, 5, 8, 23, 25, 34, 13, 35, 22, 14, 10, 15, 11, 33, 12, 4, 7, 9, 16, 17, 26, 28, 36, 37]",3,1.0,0.15,0.2608695652173913,1.0,1,20,3,3
smd,group23_evaluation,machine-2-9,3,17083,17286,robust_z,-1,"[24, 32, 29, 31, 18, 19, 27, 20, 21, 30, 2, 3, 1, 0, 6, 5, 8, 23, 25, 34, 13, 35, 22, 14, 10, 15, 11, 33, 12, 4, 7, 9, 16, 17, 26, 28, 36, 37]",5,1.0,0.25,0.4,1.0,1,20,5,5
smd,group23_evaluation,machine-2-9,3,17083,17286,pca_q,-1,"[32, 29, 24, 31, 18, 19, 27, 20, 21, 30, 2, 3, 1, 0, 6, 22, 23, 25, 5, 8, 14, 34, 35, 10, 13, 15, 12, 33, 11, 9, 4, 7, 16, 17, 26, 28, 36, 37]",1,1.0,0.05,0.09523809523809523,1.0,1,20,1,1
smd,group23_evaluation,machine-2-9,3,17083,17286,pca_q,-1,"[32, 29, 24, 31, 18, 19, 27, 20, 21, 30, 2, 3, 1, 0, 6, 22, 23, 25, 5, 8, 14, 34, 35, 10, 13, 15, 12, 33, 11, 9, 4, 7, 16, 17, 26, 28, 36, 37]",3,1.0,0.15,0.2608695652173913,1.0,1,20,3,3
smd,group23_evaluation,machine-2-9,3,17083,17286,pca_q,-1,"[32, 29, 24, 31, 18, 19, 27, 20, 21, 30, 2, 3, 1, 0, 6, 22, 23, 25, 5, 8, 14, 34, 35, 10, 13, 15, 12, 33, 11, 9, 4, 7, 16, 17, 26, 28, 36, 37]",5,1.0,0.25,0.4,1.0,1,20,5,5
smd,group23_evaluation,machine-2-9,3,17083,17286,baro_robust_scorer,-1,"[25, 23, 31, 22, 5, 0, 3, 1, 2, 20, 27, 18, 19, 30, 21, 35, 6, 34, 10, 15, 33, 13, 8, 24, 14, 11, 12]",1,1.0,0.05,0.09523809523809523,1.0,1,20,1,1
smd,group23_evaluation,machine-2-9,3,17083,17286,baro_robust_scorer,-1,"[25, 23, 31, 22, 5, 0, 3, 1, 2, 20, 27, 18, 19, 30, 21, 35, 6, 34, 10, 15, 33, 13, 8, 24, 14, 11, 12]",3,1.0,0.15,0.2608695652173913,1.0,1,20,3,3
smd,group23_evaluation,machine-2-9,3,17083,17286,baro_robust_scorer,-1,"[25, 23, 31, 22, 5, 0, 3, 1, 2, 20, 27, 18, 19, 30, 21, 35, 6, 34, 10, 15, 33, 13, 8, 24, 14, 11, 12]",5,1.0,0.25,0.4,1.0,1,20,5,5
smd,group23_evaluation,machine-2-9,4,17914,18096,robust_z,-1,"[9, 24, 8, 14, 6, 11, 12, 5, 0, 15, 10, 33, 25, 23, 13, 31, 1, 22, 2, 34, 35, 3, 27, 20, 21, 30, 19, 18, 4, 7, 16, 17, 26, 28, 29, 32, 36, 37]",1,0.0,0.0,0.0,0.0,0,5,1,0
smd,group23_evaluation,machine-2-9,4,17914,18096,robust_z,-1,"[9, 24, 8, 14, 6, 11, 12, 5, 0, 15, 10, 33, 25, 23, 13, 31, 1, 22, 2, 34, 35, 3, 27, 20, 21, 30, 19, 18, 4, 7, 16, 17, 26, 28, 29, 32, 36, 37]",3,0.0,0.0,0.0,0.0,0,5,3,0
smd,group23_evaluation,machine-2-9,4,17914,18096,robust_z,-1,"[9, 24, 8, 14, 6, 11, 12, 5, 0, 15, 10, 33, 25, 23, 13, 31, 1, 22, 2, 34, 35, 3, 27, 20, 21, 30, 19, 18, 4, 7, 16, 17, 26, 28, 29, 32, 36, 37]",5,0.2,0.2,0.20000000000000004,0.14606834984270645,1,5,5,1
smd,group23_evaluation,machine-2-9,4,17914,18096,pca_q,-1,"[9, 32, 8, 14, 12, 11, 6, 5, 10, 15, 0, 33, 18, 19, 29, 1, 13, 31, 30, 21, 27, 20, 22, 2, 24, 35, 34, 23, 25, 3, 4, 7, 16, 17, 26, 28, 36, 37]",1,0.0,0.0,0.0,0.0,0,5,1,0
smd,group23_evaluation,machine-2-9,4,17914,18096,pca_q,-1,"[9, 32, 8, 14, 12, 11, 6, 5, 10, 15, 0, 33, 18, 19, 29, 1, 13, 31, 30, 21, 27, 20, 22, 2, 24, 35, 34, 23, 25, 3, 4, 7, 16, 17, 26, 28, 36, 37]",3,0.0,0.0,0.0,0.0,0,5,3,0
smd,group23_evaluation,machine-2-9,4,17914,18096,pca_q,-1,"[9, 32, 8, 14, 12, 11, 6, 5, 10, 15, 0, 33, 18, 19, 29, 1, 13, 31, 30, 21, 27, 20, 22, 2, 24, 35, 34, 23, 25, 3, 4, 7, 16, 17, 26, 28, 36, 37]",5,0.4,0.4,0.4000000000000001,0.27727342735504823,1,5,5,2
smd,group23_evaluation,machine-2-9,4,17914,18096,baro_robust_scorer,-1,"[12, 11, 8, 22, 14, 10, 15, 6, 13, 5, 1, 33, 2, 0, 31, 9, 3, 34, 35, 18, 19, 21, 30, 27, 20, 23, 25]",1,1.0,0.2,0.33333333333333337,1.0,1,5,1,1
smd,group23_evaluation,machine-2-9,4,17914,18096,baro_robust_scorer,-1,"[12, 11, 8, 22, 14, 10, 15, 6, 13, 5, 1, 33, 2, 0, 31, 9, 3, 34, 35, 18, 19, 21, 30, 27, 20, 23, 25]",3,0.6666666666666666,0.4,0.5,0.7653606369886217,1,5,3,2
smd,group23_evaluation,machine-2-9,4,17914,18096,baro_robust_scorer,-1,"[12, 11, 8, 22, 14, 10, 15, 6, 13, 5, 1, 33, 2, 0, 31, 9, 3, 34, 35, 18, 19, 21, 30, 27, 20, 23, 25]",5,0.6,0.6,0.6,0.6843515475204855,1,5,5,3
smd,group23_evaluation,machine-2-9,5,19157,19501,robust_z,-1,"[9, 29, 8, 14, 6, 11, 12, 25, 23, 5, 35, 34, 22, 10, 13, 15, 33, 20, 27, 21, 30, 3, 0, 2, 1, 19, 18, 31, 4, 7, 16, 17, 24, 26, 28, 32, 36, 37]",1,1.0,0.1111111111111111,0.19999999999999998,1.0,1,9,1,1
smd,group23_evaluation,machine-2-9,5,19157,19501,robust_z,-1,"[9, 29, 8, 14, 6, 11, 12, 25, 23, 5, 35, 34, 22, 10, 13, 15, 33, 20, 27, 21, 30, 3, 0, 2, 1, 19, 18, 31, 4, 7, 16, 17, 24, 26, 28, 32, 36, 37]",3,1.0,0.3333333333333333,0.5,1.0,1,9,3,3
smd,group23_evaluation,machine-2-9,5,19157,19501,robust_z,-1,"[9, 29, 8, 14, 6, 11, 12, 25, 23, 5, 35, 34, 22, 10, 13, 15, 33, 20, 27, 21, 30, 3, 0, 2, 1, 19, 18, 31, 4, 7, 16, 17, 24, 26, 28, 32, 36, 37]",5,0.8,0.4444444444444444,0.5714285714285714,0.8687949224876582,1,9,5,4
smd,group23_evaluation,machine-2-9,5,19157,19501,pca_q,-1,"[9, 32, 8, 14, 12, 11, 6, 23, 25, 5, 13, 10, 15, 18, 27, 20, 19, 21, 30, 2, 35, 34, 33, 1, 3, 0, 29, 31, 24, 22, 4, 7, 16, 17, 26, 28, 36, 37]",1,1.0,0.1111111111111111,0.19999999999999998,1.0,1,9,1,1
smd,group23_evaluation,machine-2-9,5,19157,19501,pca_q,-1,"[9, 32, 8, 14, 12, 11, 6, 23, 25, 5, 13, 10, 15, 18, 27, 20, 19, 21, 30, 2, 35, 34, 33, 1, 3, 0, 29, 31, 24, 22, 4, 7, 16, 17, 26, 28, 36, 37]",3,0.6666666666666666,0.2222222222222222,0.3333333333333333,0.7039180890341347,1,9,3,2
smd,group23_evaluation,machine-2-9,5,19157,19501,pca_q,-1,"[9, 32, 8, 14, 12, 11, 6, 23, 25, 5, 13, 10, 15, 18, 27, 20, 19, 21, 30, 2, 35, 34, 33, 1, 3, 0, 29, 31, 24, 22, 4, 7, 16, 17, 26, 28, 36, 37]",5,0.8,0.4444444444444444,0.5714285714285714,0.7860137352654724,1,9,5,4
smd,group23_evaluation,machine-2-9,5,19157,19501,baro_robust_scorer,-1,"[8, 12, 11, 14, 13, 10, 15, 1, 6, 0, 5, 2, 33, 3, 18, 19, 31, 9, 21, 30, 20, 27, 35, 34, 25, 23, 22]",1,1.0,0.1111111111111111,0.19999999999999998,1.0,1,9,1,1
smd,group23_evaluation,machine-2-9,5,19157,19501,baro_robust_scorer,-1,"[8, 12, 11, 14, 13, 10, 15, 1, 6, 0, 5, 2, 33, 3, 18, 19, 31, 9, 21, 30, 20, 27, 35, 34, 25, 23, 22]",3,1.0,0.3333333333333333,0.5,1.0,1,9,3,3
smd,group23_evaluation,machine-2-9,5,19157,19501,baro_robust_scorer,-1,"[8, 12, 11, 14, 13, 10, 15, 1, 6, 0, 5, 2, 33, 3, 18, 19, 31, 9, 21, 30, 20, 27, 35, 34, 25, 23, 22]",5,1.0,0.5555555555555556,0.7142857142857143,1.0,1,9,5,5
smd,group23_evaluation,machine-2-9,6,20615,20845,robust_z,-1,"[9, 8, 14, 6, 11, 12, 5, 25, 23, 22, 15, 10, 0, 33, 13, 1, 2, 20, 27, 3, 35, 21, 30, 34, 19, 18, 31, 4, 7, 16, 17, 24, 26, 28, 29, 32, 36, 37]",1,1.0,0.125,0.2222222222222222,1.0,1,8,1,1
smd,group23_evaluation,machine-2-9,6,20615,20845,robust_z,-1,"[9, 8, 14, 6, 11, 12, 5, 25, 23, 22, 15, 10, 0, 33, 13, 1, 2, 20, 27, 3, 35, 21, 30, 34, 19, 18, 31, 4, 7, 16, 17, 24, 26, 28, 29, 32, 36, 37]",3,1.0,0.375,0.5454545454545454,1.0,1,8,3,3
smd,group23_evaluation,machine-2-9,6,20615,20845,robust_z,-1,"[9, 8, 14, 6, 11, 12, 5, 25, 23, 22, 15, 10, 0, 33, 13, 1, 2, 20, 27, 3, 35, 21, 30, 34, 19, 18, 31, 4, 7, 16, 17, 24, 26, 28, 29, 32, 36, 37]",5,0.8,0.5,0.6153846153846154,0.8539316501572937,1,8,5,4
smd,group23_evaluation,machine-2-9,6,20615,20845,pca_q,-1,"[9, 32, 8, 12, 14, 11, 6, 5, 10, 15, 1, 18, 33, 19, 27, 20, 30, 21, 22, 13, 23, 25, 2, 0, 3, 29, 31, 24, 35, 34, 4, 7, 16, 17, 26, 28, 36, 37]",1,1.0,0.125,0.2222222222222222,1.0,1,8,1,1
smd,group23_evaluation,machine-2-9,6,20615,20845,pca_q,-1,"[9, 32, 8, 12, 14, 11, 6, 5, 10, 15, 1, 18, 33, 19, 27, 20, 30, 21, 22, 13, 23, 25, 2, 0, 3, 29, 31, 24, 35, 34, 4, 7, 16, 17, 26, 28, 36, 37]",3,0.6666666666666666,0.25,0.36363636363636365,0.7039180890341347,1,8,3,2
smd,group23_evaluation,machine-2-9,6,20615,20845,pca_q,-1,"[9, 32, 8, 12, 14, 11, 6, 5, 10, 15, 1, 18, 33, 19, 27, 20, 30, 21, 22, 13, 23, 25, 2, 0, 3, 29, 31, 24, 35, 34, 4, 7, 16, 17, 26, 28, 36, 37]",5,0.8,0.5,0.6153846153846154,0.7860137352654724,1,8,5,4
smd,group23_evaluation,machine-2-9,6,20615,20845,baro_robust_scorer,-1,"[12, 8, 11, 14, 1, 10, 15, 22, 6, 5, 13, 2, 33, 31, 0, 9, 3, 18, 19, 35, 34, 30, 21, 27, 20, 23, 25]",1,1.0,0.125,0.2222222222222222,1.0,1,8,1,1
smd,group23_evaluation,machine-2-9,6,20615,20845,baro_robust_scorer,-1,"[12, 8, 11, 14, 1, 10, 15, 22, 6, 5, 13, 2, 33, 31, 0, 9, 3, 18, 19, 35, 34, 30, 21, 27, 20, 23, 25]",3,1.0,0.375,0.5454545454545454,1.0,1,8,3,3
smd,group23_evaluation,machine-2-9,6,20615,20845,baro_robust_scorer,-1,"[12, 8, 11, 14, 1, 10, 15, 22, 6, 5, 13, 2, 33, 31, 0, 9, 3, 18, 19, 35, 34, 30, 21, 27, 20, 23, 25]",5,0.8,0.5,0.6153846153846154,0.8687949224876582,1,8,5,4
smd,group23_evaluation,machine-2-9,7,24475,24478,robust_z,-1,"[8, 14, 9, 12, 13, 6, 11, 5, 33, 10, 0, 15, 31, 20, 27, 22, 2, 21, 30, 1, 3, 19, 18, 25, 23, 35, 34, 4, 7, 16, 17, 24, 26, 28, 29, 32, 36, 37]",1,1.0,0.25,0.4,1.0,1,4,1,1
smd,group23_evaluation,machine-2-9,7,24475,24478,robust_z,-1,"[8, 14, 9, 12, 13, 6, 11, 5, 33, 10, 0, 15, 31, 20, 27, 22, 2, 21, 30, 1, 3, 19, 18, 25, 23, 35, 34, 4, 7, 16, 17, 24, 26, 28, 29, 32, 36, 37]",3,0.6666666666666666,0.5,0.5714285714285715,0.7653606369886217,1,4,3,2
smd,group23_evaluation,machine-2-9,7,24475,24478,robust_z,-1,"[8, 14, 9, 12, 13, 6, 11, 5, 33, 10, 0, 15, 31, 20, 27, 22, 2, 21, 30, 1, 3, 19, 18, 25, 23, 35, 34, 4, 7, 16, 17, 24, 26, 28, 29, 32, 36, 37]",5,0.8,1.0,0.888888888888889,0.9558295932317544,1,4,5,4
smd,group23_evaluation,machine-2-9,7,24475,24478,pca_q,-1,"[8, 32, 14, 9, 12, 13, 6, 11, 5, 33, 18, 19, 31, 21, 30, 20, 27, 0, 29, 10, 15, 22, 25, 23, 1, 24, 2, 35, 3, 34, 4, 7, 16, 17, 26, 28, 36, 37]",1,1.0,0.25,0.4,1.0,1,4,1,1
smd,group23_evaluation,machine-2-9,7,24475,24478,pca_q,-1,"[8, 32, 14, 9, 12, 13, 6, 11, 5, 33, 18, 19, 31, 21, 30, 20, 27, 0, 29, 10, 15, 22, 25, 23, 1, 24, 2, 35, 3, 34, 4, 7, 16, 17, 26, 28, 36, 37]",3,0.6666666666666666,0.5,0.5714285714285715,0.7039180890341347,1,4,3,2
smd,group23_evaluation,machine-2-9,7,24475,24478,pca_q,-1,"[8, 32, 14, 9, 12, 13, 6, 11, 5, 33, 18, 19, 31, 21, 30, 20, 27, 0, 29, 10, 15, 22, 25, 23, 1, 24, 2, 35, 3, 34, 4, 7, 16, 17, 26, 28, 36, 37]",5,0.6,0.75,0.6666666666666665,0.7365896932159578,1,4,5,3
smd,group23_evaluation,machine-2-9,7,24475,24478,baro_robust_scorer,-1,"[12, 5, 6, 33, 8, 13, 22, 14, 34, 3, 15, 10, 11, 23, 25, 2, 0, 1, 18, 19, 9, 21, 20, 27, 30]",1,1.0,0.25,0.4,1.0,1,4,1,1
smd,group23_evaluation,machine-2-9,7,24475,24478,baro_robust_scorer,-1,"[12, 5, 6, 33, 8, 13, 22, 14, 34, 3, 15, 10, 11, 23, 25, 2, 0, 1, 18, 19, 9, 21, 20, 27, 30]",3,0.3333333333333333,0.25,0.28571428571428575,0.46927872602275644,1,4,3,1
smd,group23_evaluation,machine-2-9,7,24475,24478,baro_robust_scorer,-1,"[12, 5, 6, 33, 8, 13, 22, 14, 34, 3, 15, 10, 11, 23, 25, 2, 0, 1, 18, 19, 9, 21, 20, 27, 30]",5,0.4,0.5,0.4444444444444445,0.5413996682199069,1,4,5,2
smd,group23_evaluation,machine-2-9,8,25904,25906,robust_z,-1,"[8, 14, 12, 6, 13, 5, 1, 11, 15, 10, 2, 3, 35, 34, 33, 31, 0, 20, 27, 30, 21, 25, 23, 22, 18, 19, 4, 7, 9, 16, 17, 24, 26, 28, 29, 32, 36, 37]",1,1.0,0.25,0.4,1.0,1,4,1,1
smd,group23_evaluation,machine-2-9,8,25904,25906,robust_z,-1,"[8, 14, 12, 6, 13, 5, 1, 11, 15, 10, 2, 3, 35, 34, 33, 31, 0, 20, 27, 30, 21, 25, 23, 22, 18, 19, 4, 7, 9, 16, 17, 24, 26, 28, 29, 32, 36, 37]",3,1.0,0.75,0.8571428571428571,1.0,1,4,3,3
smd,group23_evaluation,machine-2-9,8,25904,25906,robust_z,-1,"[8, 14, 12, 6, 13, 5, 1, 11, 15, 10, 2, 3, 35, 34, 33, 31, 0, 20, 27, 30, 21, 25, 23, 22, 18, 19, 4, 7, 9, 16, 17, 24, 26, 28, 29, 32, 36, 37]",5,0.8,1.0,0.888888888888889,0.9828920819566879,1,4,5,4
smd,group23_evaluation,machine-2-9,8,25904,25906,pca_q,-1,"[8, 32, 14, 12, 13, 6, 1, 5, 11, 10, 15, 2, 22, 31, 33, 18, 19, 29, 35, 34, 3, 25, 23, 21, 30, 0, 9, 24, 27, 20, 4, 7, 16, 17, 26, 28, 36, 37]",1,1.0,0.25,0.4,1.0,1,4,1,1
smd,group23_evaluation,machine-2-9,8,25904,25906,pca_q,-1,"[8, 32, 14, 12, 13, 6, 1, 5, 11, 10, 15, 2, 22, 31, 33, 18, 19, 29, 35, 34, 3, 25, 23, 21, 30, 0, 9, 24, 27, 20, 4, 7, 16, 17, 26, 28, 36, 37]",3,0.6666666666666666,0.5,0.5714285714285715,0.7039180890341347,1,4,3,2
smd,group23_evaluation,machine-2-9,8,25904,25906,pca_q,-1,"[8, 32, 14, 12, 13, 6, 1, 5, 11, 10, 15, 2, 22, 31, 33, 18, 19, 29, 35, 34, 3, 25, 23, 21, 30, 0, 9, 24, 27, 20, 4, 7, 16, 17, 26, 28, 36, 37]",5,0.8,1.0,0.888888888888889,0.9047172294870751,1,4,5,4
smd,group23_evaluation,machine-2-9,8,25904,25906,baro_robust_scorer,-1,"[3, 2, 1, 10, 15, 33, 11, 12, 22, 23, 25, 0, 13, 8, 5, 6, 14, 30, 20, 21, 27, 18, 19]",1,0.0,0.0,0.0,0.0,0,4,1,0
smd,group23_evaluation,machine-2-9,8,25904,25906,baro_robust_scorer,-1,"[3, 2, 1, 10, 15, 33, 11, 12, 22, 23, 25, 0, 13, 8, 5, 6, 14, 30, 20, 21, 27, 18, 19]",3,0.0,0.0,0.0,0.0,0,4,3,0
smd,group23_evaluation,machine-2-9,8,25904,25906,baro_robust_scorer,-1,"[3, 2, 1, 10, 15, 33, 11, 12, 22, 23, 25, 0, 13, 8, 5, 6, 14, 30, 20, 21, 27, 18, 19]",5,0.0,0.0,0.0,0.0,0,4,5,0
smd,group23_evaluation,machine-2-9,9,27356,27358,robust_z,-1,"[8, 14, 12, 13, 6, 11, 5, 31, 18, 19, 30, 21, 2, 27, 20, 33, 34, 1, 35, 3, 10, 15, 25, 23, 22, 0, 4, 7, 9, 16, 17, 24, 26, 28, 29, 32, 36, 37]",1,1.0,0.25,0.4,1.0,1,4,1,1
smd,group23_evaluation,machine-2-9,9,27356,27358,robust_z,-1,"[8, 14, 12, 13, 6, 11, 5, 31, 18, 19, 30, 21, 2, 27, 20, 33, 34, 1, 35, 3, 10, 15, 25, 23, 22, 0, 4, 7, 9, 16, 17, 24, 26, 28, 29, 32, 36, 37]",3,1.0,0.75,0.8571428571428571,1.0,1,4,3,3
smd,group23_evaluation,machine-2-9,9,27356,27358,robust_z,-1,"[8, 14, 12, 13, 6, 11, 5, 31, 18, 19, 30, 21, 2, 27, 20, 33, 34, 1, 35, 3, 10, 15, 25, 23, 22, 0, 4, 7, 9, 16, 17, 24, 26, 28, 29, 32, 36, 37]",5,0.8,1.0,0.888888888888889,1.0,1,4,5,4
smd,group23_evaluation,machine-2-9,9,27356,27358,pca_q,-1,"[8, 32, 14, 12, 13, 6, 11, 5, 31, 22, 33, 34, 35, 2, 29, 23, 25, 30, 21, 20, 27, 1, 18, 19, 9, 24, 10, 3, 15, 0, 4, 7, 16, 17, 26, 28, 36, 37]",1,1.0,0.25,0.4,1.0,1,4,1,1
smd,group23_evaluation,machine-2-9,9,27356,27358,pca_q,-1,"[8, 32, 14, 12, 13, 6, 11, 5, 31, 22, 33, 34, 35, 2, 29, 23, 25, 30, 21, 20, 27, 1, 18, 19, 9, 24, 10, 3, 15, 0, 4, 7, 16, 17, 26, 28, 36, 37]",3,0.6666666666666666,0.5,0.5714285714285715,0.7039180890341347,1,4,3,2
smd,group23_evaluation,machine-2-9,9,27356,27358,pca_q,-1,"[8, 32, 14, 12, 13, 6, 11, 5, 31, 22, 33, 34, 35, 2, 29, 23, 25, 30, 21, 20, 27, 1, 18, 19, 9, 24, 10, 3, 15, 0, 4, 7, 16, 17, 26, 28, 36, 37]",5,0.8,1.0,0.888888888888889,0.9047172294870751,1,4,5,4
smd,group23_evaluation,machine-2-9,9,27356,27358,baro_robust_scorer,-1,"[11, 12, 13, 8, 31, 22, 14, 2, 33, 3, 18, 20, 27, 19, 30, 21, 25, 10, 23, 15, 1]",1,0.0,0.0,0.0,0.0,0,4,1,0
smd,group23_evaluation,machine-2-9,9,27356,27358,baro_robust_scorer,-1,"[11, 12, 13, 8, 31, 22, 14, 2, 33, 3, 18, 20, 27, 19, 30, 21, 25, 10, 23, 15, 1]",3,0.6666666666666666,0.5,0.5714285714285715,0.5307212739772434,1,4,3,2
smd,group23_evaluation,machine-2-9,9,27356,27358,baro_robust_scorer,-1,"[11, 12, 13, 8, 31, 22, 14, 2, 33, 3, 18, 20, 27, 19, 30, 21, 25, 10, 23, 15, 1]",5,0.6,0.75,0.6666666666666665,0.6096199500078984,1,4,5,3
smd,group23_evaluation,machine-3-1,0,1209,1240,robust_z,-1,"[24, 12, 25, 23, 34, 35, 22, 13, 8, 10, 31, 30, 21, 18, 27, 20, 19, 14, 15, 0, 9, 1, 2, 11, 3, 33, 5, 6, 32, 29, 4, 7, 16, 17, 26, 28, 36, 37]",1,1.0,0.08333333333333333,0.15384615384615385,1.0,1,12,1,1
smd,group23_evaluation,machine-3-1,0,1209,1240,robust_z,-1,"[24, 12, 25, 23, 34, 35, 22, 13, 8, 10, 31, 30, 21, 18, 27, 20, 19, 14, 15, 0, 9, 1, 2, 11, 3, 33, 5, 6, 32, 29, 4, 7, 16, 17, 26, 28, 36, 37]",3,0.6666666666666666,0.16666666666666666,0.26666666666666666,0.7039180890341347,1,12,3,2
smd,group23_evaluation,machine-3-1,0,1209,1240,robust_z,-1,"[24, 12, 25, 23, 34, 35, 22, 13, 8, 10, 31, 30, 21, 18, 27, 20, 19, 14, 15, 0, 9, 1, 2, 11, 3, 33, 5, 6, 32, 29, 4, 7, 16, 17, 26, 28, 36, 37]",5,0.6,0.25,0.35294117647058826,0.6548086577531307,1,12,5,3
smd,group23_evaluation,machine-3-1,0,1209,1240,pca_q,-1,"[25, 23, 9, 34, 35, 10, 22, 31, 15, 13, 8, 29, 30, 21, 18, 27, 20, 19, 0, 14, 11, 1, 2, 3, 33, 5, 32, 6, 12, 24, 4, 7, 16, 17, 26, 28, 36, 37]",1,1.0,0.08333333333333333,0.15384615384615385,1.0,1,12,1,1
smd,group23_evaluation,machine-3-1,0,1209,1240,pca_q,-1,"[25, 23, 9, 34, 35, 10, 22, 31, 15, 13, 8, 29, 30, 21, 18, 27, 20, 19, 0, 14, 11, 1, 2, 3, 33, 5, 32, 6, 12, 24, 4, 7, 16, 17, 26, 28, 36, 37]",3,0.6666666666666666,0.16666666666666666,0.26666666666666666,0.7653606369886217,1,12,3,2
smd,group23_evaluation,machine-3-1,0,1209,1240,pca_q,-1,"[25, 23, 9, 34, 35, 10, 22, 31, 15, 13, 8, 29, 30, 21, 18, 27, 20, 19, 0, 14, 11, 1, 2, 3, 33, 5, 32, 6, 12, 24, 4, 7, 16, 17, 26, 28, 36, 37]",5,0.4,0.16666666666666666,0.23529411764705882,0.5531464700081437,1,12,5,2
smd,group23_evaluation,machine-3-1,0,1209,1240,baro_robust_scorer,-1,"[31, 24, 30, 21, 27, 19, 20, 22, 18, 6, 34, 15, 35, 10, 8, 0, 13, 9, 23, 25, 14, 11, 1, 32, 33, 5, 12, 29, 2, 3]",1,1.0,0.08333333333333333,0.15384615384615385,1.0,1,12,1,1
smd,group23_evaluation,machine-3-1,0,1209,1240,baro_robust_scorer,-1,"[31, 24, 30, 21, 27, 19, 20, 22, 18, 6, 34, 15, 35, 10, 8, 0, 13, 9, 23, 25, 14, 11, 1, 32, 33, 5, 12, 29, 2, 3]",3,1.0,0.25,0.4,1.0,1,12,3,3
smd,group23_evaluation,machine-3-1,0,1209,1240,baro_robust_scorer,-1,"[31, 24, 30, 21, 27, 19, 20, 22, 18, 6, 34, 15, 35, 10, 8, 0, 13, 9, 23, 25, 14, 11, 1, 32, 33, 5, 12, 29, 2, 3]",5,1.0,0.4166666666666667,0.5882352941176471,1.0,1,12,5,5
smd,group23_evaluation,machine-3-1,1,5399,5530,robust_z,-1,"[26, 24, 12, 33, 9, 23, 25, 32, 10, 8, 31, 13, 15, 22, 35, 34, 14, 11, 1, 0, 5, 18, 2, 27, 20, 3, 30, 21, 6, 19, 29, 4, 7, 16, 17, 28, 36, 37]",1,1.0,0.3333333333333333,0.5,1.0,1,3,1,1
smd,group23_evaluation,machine-3-1,1,5399,5530,robust_z,-1,"[26, 24, 12, 33, 9, 23, 25, 32, 10, 8, 31, 13, 15, 22, 35, 34, 14, 11, 1, 0, 5, 18, 2, 27, 20, 3, 30, 21, 6, 19, 29, 4, 7, 16, 17, 28, 36, 37]",3,0.3333333333333333,0.3333333333333333,0.3333333333333333,0.46927872602275644,1,3,3,1
smd,group23_evaluation,machine-3-1,1,5399,5530,robust_z,-1,"[26, 24, 12, 33, 9, 23, 25, 32, 10, 8, 31, 13, 15, 22, 35, 34, 14, 11, 1, 0, 5, 18, 2, 27, 20, 3, 30, 21, 6, 19, 29, 4, 7, 16, 17, 28, 36, 37]",5,0.4,0.6666666666666666,0.5,0.6713860725233041,1,3,5,2
smd,group23_evaluation,machine-3-1,1,5399,5530,pca_q,-1,"[26, 33, 9, 10, 23, 25, 13, 8, 32, 15, 29, 34, 35, 11, 14, 1, 31, 18, 27, 20, 0, 2, 30, 5, 21, 3, 19, 22, 6, 12, 24, 4, 7, 16, 17, 28, 36, 37]",1,1.0,0.3333333333333333,0.5,1.0,1,3,1,1
smd,group23_evaluation,machine-3-1,1,5399,5530,pca_q,-1,"[26, 33, 9, 10, 23, 25, 13, 8, 32, 15, 29, 34, 35, 11, 14, 1, 31, 18, 27, 20, 0, 2, 30, 5, 21, 3, 19, 22, 6, 12, 24, 4, 7, 16, 17, 28, 36, 37]",3,0.6666666666666666,0.6666666666666666,0.6666666666666666,0.7653606369886217,1,3,3,2
smd,group23_evaluation,machine-3-1,1,5399,5530,pca_q,-1,"[26, 33, 9, 10, 23, 25, 13, 8, 32, 15, 29, 34, 35, 11, 14, 1, 31, 18, 27, 20, 0, 2, 30, 5, 21, 3, 19, 22, 6, 12, 24, 4, 7, 16, 17, 28, 36, 37]",5,0.4,0.6666666666666666,0.5,0.7653606369886217,1,3,5,2
smd,group23_evaluation,machine-3-1,1,5399,5530,baro_robust_scorer,-1,"[9, 33, 15, 8, 30, 21, 10, 19, 27, 20, 13, 18, 34, 35, 6, 11, 3, 0, 2, 14, 1, 32, 23, 24, 25, 31, 22, 5, 12, 29]",1,0.0,0.0,0.0,0.0,0,3,1,0
smd,group23_evaluation,machine-3-1,1,5399,5530,baro_robust_scorer,-1,"[9, 33, 15, 8, 30, 21, 10, 19, 27, 20, 13, 18, 34, 35, 6, 11, 3, 0, 2, 14, 1, 32, 23, 24, 25, 31, 22, 5, 12, 29]",3,0.3333333333333333,0.3333333333333333,0.3333333333333333,0.2960819109658652,1,3,3,1
smd,group23_evaluation,machine-3-1,1,5399,5530,baro_robust_scorer,-1,"[9, 33, 15, 8, 30, 21, 10, 19, 27, 20, 13, 18, 34, 35, 6, 11, 3, 0, 2, 14, 1, 32, 23, 24, 25, 31, 22, 5, 12, 29]",5,0.2,0.3333333333333333,0.25,0.2960819109658652,1,3,5,1
smd,group23_evaluation,machine-3-1,2,10696,10717,robust_z,-1,"[12, 24, 9, 34, 35, 23, 25, 1, 2, 0, 3, 27, 18, 20, 30, 21, 19, 10, 13, 15, 8, 11, 32, 6, 31, 33, 5, 22, 14, 29, 4, 7, 16, 17, 26, 28, 36, 37]",1,0.0,0.0,0.0,0.0,0,8,1,0
smd,group23_evaluation,machine-3-1,2,10696,10717,robust_z,-1,"[12, 24, 9, 34, 35, 23, 25, 1, 2, 0, 3, 27, 18, 20, 30, 21, 19, 10, 13, 15, 8, 11, 32, 6, 31, 33, 5, 22, 14, 29, 4, 7, 16, 17, 26, 28, 36, 37]",3,0.0,0.0,0.0,0.0,0,8,3,0
smd,group23_evaluation,machine-3-1,2,10696,10717,robust_z,-1,"[12, 24, 9, 34, 35, 23, 25, 1, 2, 0, 3, 27, 18, 20, 30, 21, 19, 10, 13, 15, 8, 11, 32, 6, 31, 33, 5, 22, 14, 29, 4, 7, 16, 17, 26, 28, 36, 37]",5,0.0,0.0,0.0,0.0,0,8,5,0
smd,group23_evaluation,machine-3-1,2,10696,10717,pca_q,-1,"[34, 35, 9, 23, 25, 8, 1, 2, 0, 13, 3, 27, 18, 20, 10, 30, 21, 19, 15, 14, 22, 33, 32, 5, 11, 6, 31, 29, 12, 24, 4, 7, 16, 17, 26, 28, 36, 37]",1,0.0,0.0,0.0,0.0,0,8,1,0
smd,group23_evaluation,machine-3-1,2,10696,10717,pca_q,-1,"[34, 35, 9, 23, 25, 8, 1, 2, 0, 13, 3, 27, 18, 20, 10, 30, 21, 19, 15, 14, 22, 33, 32, 5, 11, 6, 31, 29, 12, 24, 4, 7, 16, 17, 26, 28, 36, 37]",3,0.0,0.0,0.0,0.0,0,8,3,0
smd,group23_evaluation,machine-3-1,2,10696,10717,pca_q,-1,"[34, 35, 9, 23, 25, 8, 1, 2, 0, 13, 3, 27, 18, 20, 10, 30, 21, 19, 15, 14, 22, 33, 32, 5, 11, 6, 31, 29, 12, 24, 4, 7, 16, 17, 26, 28, 36, 37]",5,0.0,0.0,0.0,0.0,0,8,5,0
smd,group23_evaluation,machine-3-1,2,10696,10717,baro_robust_scorer,-1,"[34, 35, 19, 30, 21, 27, 20, 18, 3, 0, 2, 1, 10, 23, 25, 12, 6, 9, 15, 13, 11, 8, 33, 31, 5, 14, 29, 24, 32, 22]",1,0.0,0.0,0.0,0.0,0,8,1,0
smd,group23_evaluation,machine-3-1,2,10696,10717,baro_robust_scorer,-1,"[34, 35, 19, 30, 21, 27, 20, 18, 3, 0, 2, 1, 10, 23, 25, 12, 6, 9, 15, 13, 11, 8, 33, 31, 5, 14, 29, 24, 32, 22]",3,0.3333333333333333,0.125,0.18181818181818182,0.23463936301137822,1,8,3,1
smd,group23_evaluation,machine-3-1,2,10696,10717,baro_robust_scorer,-1,"[34, 35, 19, 30, 21, 27, 20, 18, 3, 0, 2, 1, 10, 23, 25, 12, 6, 9, 15, 13, 11, 8, 33, 31, 5, 14, 29, 24, 32, 22]",5,0.6,0.375,0.4615384615384615,0.4468535299918563,1,8,5,3
smd,group23_evaluation,machine-3-1,3,27839,27964,robust_z,-1,"[12, 24, 34, 35, 9, 3, 2, 1, 23, 25, 27, 18, 0, 20, 19, 30, 21, 13, 8, 10, 15, 11, 22, 32, 6, 33, 5, 31, 14, 29, 4, 7, 16, 17, 26, 28, 36, 37]",1,0.0,0.0,0.0,0.0,0,15,1,0
smd,group23_evaluation,machine-3-1,3,27839,27964,robust_z,-1,"[12, 24, 34, 35, 9, 3, 2, 1, 23, 25, 27, 18, 0, 20, 19, 30, 21, 13, 8, 10, 15, 11, 22, 32, 6, 33, 5, 31, 14, 29, 4, 7, 16, 17, 26, 28, 36, 37]",3,0.3333333333333333,0.06666666666666667,0.1111111111111111,0.23463936301137822,1,15,3,1
smd,group23_evaluation,machine-3-1,3,27839,27964,robust_z,-1,"[12, 24, 34, 35, 9, 3, 2, 1, 23, 25, 27, 18, 0, 20, 19, 30, 21, 13, 8, 10, 15, 11, 22, 32, 6, 33, 5, 31, 14, 29, 4, 7, 16, 17, 26, 28, 36, 37]",5,0.6,0.2,0.3,0.4468535299918563,1,15,5,3
smd,group23_evaluation,machine-3-1,3,27839,27964,pca_q,-1,"[34, 35, 9, 2, 3, 1, 8, 23, 25, 27, 18, 20, 19, 30, 0, 21, 13, 10, 15, 14, 22, 31, 11, 33, 5, 32, 6, 29, 12, 24, 4, 7, 16, 17, 26, 28, 36, 37]",1,1.0,0.06666666666666667,0.125,1.0,1,15,1,1
smd,group23_evaluation,machine-3-1,3,27839,27964,pca_q,-1,"[34, 35, 9, 2, 3, 1, 8, 23, 25, 27, 18, 20, 19, 30, 0, 21, 13, 10, 15, 14, 22, 31, 11, 33, 5, 32, 6, 29, 12, 24, 4, 7, 16, 17, 26, 28, 36, 37]",3,1.0,0.2,0.33333333333333337,1.0,1,15,3,3
smd,group23_evaluation,machine-3-1,3,27839,27964,pca_q,-1,"[34, 35, 9, 2, 3, 1, 8, 23, 25, 27, 18, 20, 19, 30, 0, 21, 13, 10, 15, 14, 22, 31, 11, 33, 5, 32, 6, 29, 12, 24, 4, 7, 16, 17, 26, 28, 36, 37]",5,1.0,0.3333333333333333,0.5,1.0,1,15,5,5
smd,group23_evaluation,machine-3-1,3,27839,27964,baro_robust_scorer,-1,"[34, 35, 9, 22, 1, 3, 2, 30, 19, 21, 6, 15, 13, 24, 27, 20, 0, 10, 12, 18, 8, 25, 23, 11, 14, 33, 31, 5, 29, 32]",1,1.0,0.06666666666666667,0.125,1.0,1,15,1,1
smd,group23_evaluation,machine-3-1,3,27839,27964,baro_robust_scorer,-1,"[34, 35, 9, 22, 1, 3, 2, 30, 19, 21, 6, 15, 13, 24, 27, 20, 0, 10, 12, 18, 8, 25, 23, 11, 14, 33, 31, 5, 29, 32]",3,1.0,0.2,0.33333333333333337,1.0,1,15,3,3
smd,group23_evaluation,machine-3-1,3,27839,27964,baro_robust_scorer,-1,"[34, 35, 9, 22, 1, 3, 2, 30, 19, 21, 6, 15, 13, 24, 27, 20, 0, 10, 12, 18, 8, 25, 23, 11, 14, 33, 31, 5, 29, 32]",5,1.0,0.3333333333333333,0.5,1.0,1,15,5,5
smd,group23_evaluation,machine-3-10,0,326,329,robust_z,-1,"[32, 33, 6, 14, 22, 24, 29, 15, 10, 3, 2, 0, 1, 5, 21, 30, 19, 8, 20, 27, 13, 11, 12, 18, 34, 35, 25, 23, 4, 7, 9, 16, 17, 26, 28, 31, 36, 37]",1,1.0,0.5,0.6666666666666666,1.0,1,2,1,1
smd,group23_evaluation,machine-3-10,0,326,329,robust_z,-1,"[32, 33, 6, 14, 22, 24, 29, 15, 10, 3, 2, 0, 1, 5, 21, 30, 19, 8, 20, 27, 13, 11, 12, 18, 34, 35, 25, 23, 4, 7, 9, 16, 17, 26, 28, 31, 36, 37]",3,0.6666666666666666,1.0,0.8,1.0,1,2,3,2
smd,group23_evaluation,machine-3-10,0,326,329,robust_z,-1,"[32, 33, 6, 14, 22, 24, 29, 15, 10, 3, 2, 0, 1, 5, 21, 30, 19, 8, 20, 27, 13, 11, 12, 18, 34, 35, 25, 23, 4, 7, 9, 16, 17, 26, 28, 31, 36, 37]",5,0.4,1.0,0.5714285714285715,1.0,1,2,5,2
smd,group23_evaluation,machine-3-10,0,326,329,pca_q,-1,"[6, 14, 22, 11, 8, 33, 5, 13, 21, 30, 19, 25, 24, 23, 29, 3, 20, 15, 10, 27, 0, 2, 1, 34, 35, 18, 12, 32, 9, 4, 7, 16, 17, 26, 28, 31, 36, 37]",1,0.0,0.0,0.0,0.0,0,2,1,0
smd,group23_evaluation,machine-3-10,0,326,329,pca_q,-1,"[6, 14, 22, 11, 8, 33, 5, 13, 21, 30, 19, 25, 24, 23, 29, 3, 20, 15, 10, 27, 0, 2, 1, 34, 35, 18, 12, 32, 9, 4, 7, 16, 17, 26, 28, 31, 36, 37]",3,0.0,0.0,0.0,0.0,0,2,3,0
smd,group23_evaluation,machine-3-10,0,326,329,pca_q,-1,"[6, 14, 22, 11, 8, 33, 5, 13, 21, 30, 19, 25, 24, 23, 29, 3, 20, 15, 10, 27, 0, 2, 1, 34, 35, 18, 12, 32, 9, 4, 7, 16, 17, 26, 28, 31, 36, 37]",5,0.0,0.0,0.0,0.0,0,2,5,0
smd,group23_evaluation,machine-3-10,0,326,329,baro_robust_scorer,-1,"[33, 22, 25, 23, 6, 5, 24, 15, 10, 0, 34, 12, 35, 19, 21, 2, 30, 20, 27, 18, 1, 3, 13, 8, 14, 11]",1,1.0,0.5,0.6666666666666666,1.0,1,2,1,1
smd,group23_evaluation,machine-3-10,0,326,329,baro_robust_scorer,-1,"[33, 22, 25, 23, 6, 5, 24, 15, 10, 0, 34, 12, 35, 19, 21, 2, 30, 20, 27, 18, 1, 3, 13, 8, 14, 11]",3,0.3333333333333333,0.5,0.4,0.6131471927654584,1,2,3,1
smd,group23_evaluation,machine-3-10,0,326,329,baro_robust_scorer,-1,"[33, 22, 25, 23, 6, 5, 24, 15, 10, 0, 34, 12, 35, 19, 21, 2, 30, 20, 27, 18, 1, 3, 13, 8, 14, 11]",5,0.2,0.5,0.28571428571428575,0.6131471927654584,1,2,5,1
smd,group23_evaluation,machine-3-10,1,2155,2228,robust_z,-1,"[9, 6, 8, 12, 11, 13, 14, 29, 5, 33, 24, 22, 15, 10, 0, 3, 2, 35, 34, 21, 30, 1, 20, 27, 19, 18, 23, 25, 4, 7, 16, 17, 26, 28, 31, 32, 36, 37]",1,0.0,0.0,0.0,0.0,0,5,1,0
smd,group23_evaluation,machine-3-10,1,2155,2228,robust_z,-1,"[9, 6, 8, 12, 11, 13, 14, 29, 5, 33, 24, 22, 15, 10, 0, 3, 2, 35, 34, 21, 30, 1, 20, 27, 19, 18, 23, 25, 4, 7, 16, 17, 26, 28, 31, 32, 36, 37]",3,0.3333333333333333,0.2,0.25,0.23463936301137822,1,5,3,1
smd,group23_evaluation,machine-3-10,1,2155,2228,robust_z,-1,"[9, 6, 8, 12, 11, 13, 14, 29, 5, 33, 24, 22, 15, 10, 0, 3, 2, 35, 34, 21, 30, 1, 20, 27, 19, 18, 23, 25, 4, 7, 16, 17, 26, 28, 31, 32, 36, 37]",5,0.6,0.6,0.6,0.4468535299918563,1,5,5,3
smd,group23_evaluation,machine-3-10,1,2155,2228,pca_q,-1,"[6, 8, 12, 13, 11, 14, 33, 5, 29, 34, 35, 25, 23, 21, 30, 1, 24, 10, 15, 20, 27, 19, 2, 0, 22, 18, 3, 9, 32, 4, 7, 16, 17, 26, 28, 31, 36, 37]",1,0.0,0.0,0.0,0.0,0,5,1,0
smd,group23_evaluation,machine-3-10,1,2155,2228,pca_q,-1,"[6, 8, 12, 13, 11, 14, 33, 5, 29, 34, 35, 25, 23, 21, 30, 1, 24, 10, 15, 20, 27, 19, 2, 0, 22, 18, 3, 9, 32, 4, 7, 16, 17, 26, 28, 31, 36, 37]",3,0.6666666666666666,0.4,0.5,0.5307212739772434,1,5,3,2
smd,group23_evaluation,machine-3-10,1,2155,2228,pca_q,-1,"[6, 8, 12, 13, 11, 14, 33, 5, 29, 34, 35, 25, 23, 21, 30, 1, 24, 10, 15, 20, 27, 19, 2, 0, 22, 18, 3, 9, 32, 4, 7, 16, 17, 26, 28, 31, 36, 37]",5,0.8,0.8,0.8000000000000002,0.6608397947263839,1,5,5,4
smd,group23_evaluation,machine-3-10,1,2155,2228,baro_robust_scorer,-1,"[8, 12, 13, 11, 14, 1, 2, 33, 5, 23, 34, 35, 3, 6, 0, 10, 15, 18, 24, 21, 30, 27, 20, 19, 22, 25, 9]",1,1.0,0.2,0.33333333333333337,1.0,1,5,1,1
smd,group23_evaluation,machine-3-10,1,2155,2228,baro_robust_scorer,-1,"[8, 12, 13, 11, 14, 1, 2, 33, 5, 23, 34, 35, 3, 6, 0, 10, 15, 18, 24, 21, 30, 27, 20, 19, 22, 25, 9]",3,1.0,0.6,0.7499999999999999,1.0,1,5,3,3
smd,group23_evaluation,machine-3-10,1,2155,2228,baro_robust_scorer,-1,"[8, 12, 13, 11, 14, 1, 2, 33, 5, 23, 34, 35, 3, 6, 0, 10, 15, 18, 24, 21, 30, 27, 20, 19, 22, 25, 9]",5,1.0,1.0,1.0,1.0,1,5,5,5
smd,group23_evaluation,machine-3-10,2,2875,2951,robust_z,-1,"[6, 14, 24, 19, 22, 29, 2, 15, 10, 0, 1, 21, 30, 3, 20, 27, 13, 5, 33, 35, 34, 11, 18, 8, 12, 23, 25, 4, 7, 9, 16, 17, 26, 28, 31, 32, 36, 37]",1,0.0,0.0,0.0,0.0,0,8,1,0
smd,group23_evaluation,machine-3-10,2,2875,2951,robust_z,-1,"[6, 14, 24, 19, 22, 29, 2, 15, 10, 0, 1, 21, 30, 3, 20, 27, 13, 5, 33, 35, 34, 11, 18, 8, 12, 23, 25, 4, 7, 9, 16, 17, 26, 28, 31, 32, 36, 37]",3,0.0,0.0,0.0,0.0,0,8,3,0
smd,group23_evaluation,machine-3-10,2,2875,2951,robust_z,-1,"[6, 14, 24, 19, 22, 29, 2, 15, 10, 0, 1, 21, 30, 3, 20, 27, 13, 5, 33, 35, 34, 11, 18, 8, 12, 23, 25, 4, 7, 9, 16, 17, 26, 28, 31, 32, 36, 37]",5,0.0,0.0,0.0,0.0,0,8,5,0
smd,group23_evaluation,machine-3-10,2,2875,2951,pca_q,-1,"[6, 33, 14, 19, 11, 21, 30, 35, 34, 20, 27, 5, 8, 18, 13, 24, 0, 10, 15, 22, 1, 2, 29, 12, 3, 25, 23, 32, 9, 4, 7, 16, 17, 26, 28, 31, 36, 37]",1,0.0,0.0,0.0,0.0,0,8,1,0
smd,group23_evaluation,machine-3-10,2,2875,2951,pca_q,-1,"[6, 33, 14, 19, 11, 21, 30, 35, 34, 20, 27, 5, 8, 18, 13, 24, 0, 10, 15, 22, 1, 2, 29, 12, 3, 25, 23, 32, 9, 4, 7, 16, 17, 26, 28, 31, 36, 37]",3,0.0,0.0,0.0,0.0,0,8,3,0
smd,group23_evaluation,machine-3-10,2,2875,2951,pca_q,-1,"[6, 33, 14, 19, 11, 21, 30, 35, 34, 20, 27, 5, 8, 18, 13, 24, 0, 10, 15, 22, 1, 2, 29, 12, 3, 25, 23, 32, 9, 4, 7, 16, 17, 26, 28, 31, 36, 37]",5,0.0,0.0,0.0,0.0,0,8,5,0
smd,group23_evaluation,machine-3-10,2,2875,2951,baro_robust_scorer,-1,"[33, 18, 22, 20, 27, 19, 21, 30, 1, 34, 35, 2, 0, 24, 12, 15, 10, 11, 6, 14, 5, 8, 3, 23, 13, 25]",1,0.0,0.0,0.0,0.0,0,8,1,0
smd,group23_evaluation,machine-3-10,2,2875,2951,baro_robust_scorer,-1,"[33, 18, 22, 20, 27, 19, 21, 30, 1, 34, 35, 2, 0, 24, 12, 15, 10, 11, 6, 14, 5, 8, 3, 23, 13, 25]",3,0.3333333333333333,0.125,0.18181818181818182,0.2960819109658652,1,8,3,1
smd,group23_evaluation,machine-3-10,2,2875,2951,baro_robust_scorer,-1,"[33, 18, 22, 20, 27, 19, 21, 30, 1, 34, 35, 2, 0, 24, 12, 15, 10, 11, 6, 14, 5, 8, 3, 23, 13, 25]",5,0.6,0.375,0.4615384615384615,0.4912596920895758,1,8,5,3
smd,group23_evaluation,machine-3-10,3,3596,3599,robust_z,-1,"[8, 12, 6, 13, 14, 11, 29, 5, 24, 22, 1, 15, 10, 0, 2, 30, 21, 3, 35, 34, 20, 27, 19, 33, 23, 25, 18, 4, 7, 9, 16, 17, 26, 28, 31, 32, 36, 37]",1,1.0,0.2,0.33333333333333337,1.0,1,5,1,1
smd,group23_evaluation,machine-3-10,3,3596,3599,robust_z,-1,"[8, 12, 6, 13, 14, 11, 29, 5, 24, 22, 1, 15, 10, 0, 2, 30, 21, 3, 35, 34, 20, 27, 19, 33, 23, 25, 18, 4, 7, 9, 16, 17, 26, 28, 31, 32, 36, 37]",3,0.6666666666666666,0.4,0.5,0.7653606369886217,1,5,3,2
smd,group23_evaluation,machine-3-10,3,3596,3599,robust_z,-1,"[8, 12, 6, 13, 14, 11, 29, 5, 24, 22, 1, 15, 10, 0, 2, 30, 21, 3, 35, 34, 20, 27, 19, 33, 23, 25, 18, 4, 7, 9, 16, 17, 26, 28, 31, 32, 36, 37]",5,0.8,0.8,0.8000000000000002,0.830419897363192,1,5,5,4
smd,group23_evaluation,machine-3-10,3,3596,3599,pca_q,-1,"[6, 8, 12, 13, 14, 11, 5, 29, 34, 30, 21, 35, 33, 1, 24, 19, 20, 27, 10, 15, 25, 22, 0, 23, 2, 18, 3, 9, 32, 4, 7, 16, 17, 26, 28, 31, 36, 37]",1,0.0,0.0,0.0,0.0,0,5,1,0
smd,group23_evaluation,machine-3-10,3,3596,3599,pca_q,-1,"[6, 8, 12, 13, 14, 11, 5, 29, 34, 30, 21, 35, 33, 1, 24, 19, 20, 27, 10, 15, 25, 22, 0, 23, 2, 18, 3, 9, 32, 4, 7, 16, 17, 26, 28, 31, 36, 37]",3,0.6666666666666666,0.4,0.5,0.5307212739772434,1,5,3,2
smd,group23_evaluation,machine-3-10,3,3596,3599,pca_q,-1,"[6, 8, 12, 13, 14, 11, 5, 29, 34, 30, 21, 35, 33, 1, 24, 19, 20, 27, 10, 15, 25, 22, 0, 23, 2, 18, 3, 9, 32, 4, 7, 16, 17, 26, 28, 31, 36, 37]",5,0.8,0.8,0.8000000000000002,0.6608397947263839,1,5,5,4
smd,group23_evaluation,machine-3-10,3,3596,3599,baro_robust_scorer,-1,"[3, 2, 30, 21, 1, 15, 10, 27, 20, 18, 12, 19, 0, 13, 22, 11, 8, 5, 34, 35, 14, 6, 23, 33]",1,0.0,0.0,0.0,0.0,0,5,1,0
smd,group23_evaluation,machine-3-10,3,3596,3599,baro_robust_scorer,-1,"[3, 2, 30, 21, 1, 15, 10, 27, 20, 18, 12, 19, 0, 13, 22, 11, 8, 5, 34, 35, 14, 6, 23, 33]",3,0.0,0.0,0.0,0.0,0,5,3,0
smd,group23_evaluation,machine-3-10,3,3596,3599,baro_robust_scorer,-1,"[3, 2, 30, 21, 1, 15, 10, 27, 20, 18, 12, 19, 0, 13, 22, 11, 8, 5, 34, 35, 14, 6, 23, 33]",5,0.0,0.0,0.0,0.0,0,5,5,0
smd,group23_evaluation,machine-3-10,4,6486,6498,robust_z,-1,"[6, 8, 13, 12, 33, 29, 5, 0, 14, 24, 22, 15, 10, 11, 3, 2, 30, 21, 1, 27, 20, 19, 34, 35, 23, 18, 25, 4, 7, 9, 16, 17, 26, 28, 31, 32, 36, 37]",1,0.0,0.0,0.0,0.0,0,4,1,0
smd,group23_evaluation,machine-3-10,4,6486,6498,robust_z,-1,"[6, 8, 13, 12, 33, 29, 5, 0, 14, 24, 22, 15, 10, 11, 3, 2, 30, 21, 1, 27, 20, 19, 34, 35, 23, 18, 25, 4, 7, 9, 16, 17, 26, 28, 31, 32, 36, 37]",3,0.6666666666666666,0.5,0.5714285714285715,0.5307212739772434,1,4,3,2
smd,group23_evaluation,machine-3-10,4,6486,6498,robust_z,-1,"[6, 8, 13, 12, 33, 29, 5, 0, 14, 24, 22, 15, 10, 11, 3, 2, 30, 21, 1, 27, 20, 19, 34, 35, 23, 18, 25, 4, 7, 9, 16, 17, 26, 28, 31, 32, 36, 37]",5,0.6,0.75,0.6666666666666665,0.6096199500078984,1,4,5,3
smd,group23_evaluation,machine-3-10,4,6486,6498,pca_q,-1,"[6, 8, 12, 13, 33, 14, 11, 5, 29, 0, 30, 21, 24, 25, 1, 23, 19, 10, 15, 34, 35, 27, 20, 22, 2, 18, 3, 9, 32, 4, 7, 16, 17, 26, 28, 31, 36, 37]",1,0.0,0.0,0.0,0.0,0,4,1,0
smd,group23_evaluation,machine-3-10,4,6486,6498,pca_q,-1,"[6, 8, 12, 13, 33, 14, 11, 5, 29, 0, 30, 21, 24, 25, 1, 23, 19, 10, 15, 34, 35, 27, 20, 22, 2, 18, 3, 9, 32, 4, 7, 16, 17, 26, 28, 31, 36, 37]",3,0.6666666666666666,0.5,0.5714285714285715,0.5307212739772434,1,4,3,2
smd,group23_evaluation,machine-3-10,4,6486,6498,pca_q,-1,"[6, 8, 12, 13, 33, 14, 11, 5, 29, 0, 30, 21, 24, 25, 1, 23, 19, 10, 15, 34, 35, 27, 20, 22, 2, 18, 3, 9, 32, 4, 7, 16, 17, 26, 28, 31, 36, 37]",5,0.6,0.75,0.6666666666666665,0.6096199500078984,1,4,5,3
smd,group23_evaluation,machine-3-10,4,6486,6498,baro_robust_scorer,-1,"[12, 8, 13, 0, 1, 14, 35, 34, 2, 11, 18, 20, 27, 6, 19, 21, 30, 33, 24, 10, 15, 22, 5, 23, 3]",1,1.0,0.25,0.4,1.0,1,4,1,1
smd,group23_evaluation,machine-3-10,4,6486,6498,baro_robust_scorer,-1,"[12, 8, 13, 0, 1, 14, 35, 34, 2, 11, 18, 20, 27, 6, 19, 21, 30, 33, 24, 10, 15, 22, 5, 23, 3]",3,1.0,0.75,0.8571428571428571,1.0,1,4,3,3
smd,group23_evaluation,machine-3-10,4,6486,6498,baro_robust_scorer,-1,"[12, 8, 13, 0, 1, 14, 35, 34, 2, 11, 18, 20, 27, 6, 19, 21, 30, 33, 24, 10, 15, 22, 5, 23, 3]",5,0.6,0.75,0.6666666666666665,0.8318724637288826,1,4,5,3
smd,group23_evaluation,machine-3-10,5,7891,7901,robust_z,-1,"[6, 8, 12, 13, 14, 33, 11, 29, 24, 0, 22, 15, 10, 2, 5, 1, 3, 21, 30, 20, 27, 19, 35, 34, 18, 25, 23, 4, 7, 9, 16, 17, 26, 28, 31, 32, 36, 37]",1,0.0,0.0,0.0,0.0,0,4,1,0
smd,group23_evaluation,machine-3-10,5,7891,7901,robust_z,-1,"[6, 8, 12, 13, 14, 33, 11, 29, 24, 0, 22, 15, 10, 2, 5, 1, 3, 21, 30, 20, 27, 19, 35, 34, 18, 25, 23, 4, 7, 9, 16, 17, 26, 28, 31, 32, 36, 37]",3,0.6666666666666666,0.5,0.5714285714285715,0.5307212739772434,1,4,3,2
smd,group23_evaluation,machine-3-10,5,7891,7901,robust_z,-1,"[6, 8, 12, 13, 14, 33, 11, 29, 24, 0, 22, 15, 10, 2, 5, 1, 3, 21, 30, 20, 27, 19, 35, 34, 18, 25, 23, 4, 7, 9, 16, 17, 26, 28, 31, 32, 36, 37]",5,0.6,0.75,0.6666666666666665,0.6096199500078984,1,4,5,3
smd,group23_evaluation,machine-3-10,5,7891,7901,pca_q,-1,"[6, 8, 12, 13, 14, 33, 11, 5, 30, 21, 19, 27, 20, 0, 24, 34, 35, 25, 29, 10, 15, 22, 23, 1, 2, 3, 18, 9, 32, 4, 7, 16, 17, 26, 28, 31, 36, 37]",1,0.0,0.0,0.0,0.0,0,4,1,0
smd,group23_evaluation,machine-3-10,5,7891,7901,pca_q,-1,"[6, 8, 12, 13, 14, 33, 11, 5, 30, 21, 19, 27, 20, 0, 24, 34, 35, 25, 29, 10, 15, 22, 23, 1, 2, 3, 18, 9, 32, 4, 7, 16, 17, 26, 28, 31, 36, 37]",3,0.6666666666666666,0.5,0.5714285714285715,0.5307212739772434,1,4,3,2
smd,group23_evaluation,machine-3-10,5,7891,7901,pca_q,-1,"[6, 8, 12, 13, 14, 33, 11, 5, 30, 21, 19, 27, 20, 0, 24, 34, 35, 25, 29, 10, 15, 22, 23, 1, 2, 3, 18, 9, 32, 4, 7, 16, 17, 26, 28, 31, 36, 37]",5,0.6,0.75,0.6666666666666665,0.6096199500078984,1,4,5,3
smd,group23_evaluation,machine-3-10,5,7891,7901,baro_robust_scorer,-1,"[8, 12, 13, 14, 0, 18, 3, 11, 35, 34, 19, 27, 20, 30, 5, 21, 2, 23, 6, 1, 33, 22, 24, 10, 15]",1,1.0,0.25,0.4,1.0,1,4,1,1
smd,group23_evaluation,machine-3-10,5,7891,7901,baro_robust_scorer,-1,"[8, 12, 13, 14, 0, 18, 3, 11, 35, 34, 19, 27, 20, 30, 5, 21, 2, 23, 6, 1, 33, 22, 24, 10, 15]",3,1.0,0.75,0.8571428571428571,1.0,1,4,3,3
smd,group23_evaluation,machine-3-10,5,7891,7901,baro_robust_scorer,-1,"[8, 12, 13, 14, 0, 18, 3, 11, 35, 34, 19, 27, 20, 30, 5, 21, 2, 23, 6, 1, 33, 22, 24, 10, 15]",5,0.6,0.75,0.6666666666666665,0.8318724637288826,1,4,5,3
smd,group23_evaluation,machine-3-10,6,9336,9347,robust_z,-1,"[6, 8, 12, 13, 14, 33, 11, 29, 24, 0, 22, 2, 15, 10, 3, 5, 1, 30, 21, 20, 27, 19, 35, 34, 18, 25, 23, 4, 7, 9, 16, 17, 26, 28, 31, 32, 36, 37]",1,0.0,0.0,0.0,0.0,0,4,1,0
smd,group23_evaluation,machine-3-10,6,9336,9347,robust_z,-1,"[6, 8, 12, 13, 14, 33, 11, 29, 24, 0, 22, 2, 15, 10, 3, 5, 1, 30, 21, 20, 27, 19, 35, 34, 18, 25, 23, 4, 7, 9, 16, 17, 26, 28, 31, 32, 36, 37]",3,0.6666666666666666,0.5,0.5714285714285715,0.5307212739772434,1,4,3,2
smd,group23_evaluation,machine-3-10,6,9336,9347,robust_z,-1,"[6, 8, 12, 13, 14, 33, 11, 29, 24, 0, 22, 2, 15, 10, 3, 5, 1, 30, 21, 20, 27, 19, 35, 34, 18, 25, 23, 4, 7, 9, 16, 17, 26, 28, 31, 32, 36, 37]",5,0.6,0.75,0.6666666666666665,0.6096199500078984,1,4,5,3
smd,group23_evaluation,machine-3-10,6,9336,9347,pca_q,-1,"[6, 8, 12, 13, 14, 33, 11, 5, 30, 21, 0, 19, 20, 27, 24, 34, 35, 10, 15, 29, 25, 22, 23, 2, 1, 3, 18, 9, 32, 4, 7, 16, 17, 26, 28, 31, 36, 37]",1,0.0,0.0,0.0,0.0,0,4,1,0
smd,group23_evaluation,machine-3-10,6,9336,9347,pca_q,-1,"[6, 8, 12, 13, 14, 33, 11, 5, 30, 21, 0, 19, 20, 27, 24, 34, 35, 10, 15, 29, 25, 22, 23, 2, 1, 3, 18, 9, 32, 4, 7, 16, 17, 26, 28, 31, 36, 37]",3,0.6666666666666666,0.5,0.5714285714285715,0.5307212739772434,1,4,3,2
smd,group23_evaluation,machine-3-10,6,9336,9347,pca_q,-1,"[6, 8, 12, 13, 14, 33, 11, 5, 30, 21, 0, 19, 20, 27, 24, 34, 35, 10, 15, 29, 25, 22, 23, 2, 1, 3, 18, 9, 32, 4, 7, 16, 17, 26, 28, 31, 36, 37]",5,0.6,0.75,0.6666666666666665,0.6096199500078984,1,4,5,3
smd,group23_evaluation,machine-3-10,6,9336,9347,baro_robust_scorer,-1,"[12, 8, 14, 0, 13, 35, 34, 11, 18, 21, 30, 20, 27, 24, 19, 10, 15, 23, 33, 3, 22, 1, 2, 6, 5]",1,1.0,0.25,0.4,1.0,1,4,1,1
smd,group23_evaluation,machine-3-10,6,9336,9347,baro_robust_scorer,-1,"[12, 8, 14, 0, 13, 35, 34, 11, 18, 21, 30, 20, 27, 24, 19, 10, 15, 23, 33, 3, 22, 1, 2, 6, 5]",3,0.6666666666666666,0.5,0.5714285714285715,0.7653606369886217,1,4,3,2
smd,group23_evaluation,machine-3-10,6,9336,9347,baro_robust_scorer,-1,"[12, 8, 14, 0, 13, 35, 34, 11, 18, 21, 30, 20, 27, 24, 19, 10, 15, 23, 33, 3, 22, 1, 2, 6, 5]",5,0.6,0.75,0.6666666666666665,0.787702056960637,1,4,5,3
smd,group23_evaluation,machine-3-10,7,10772,10782,robust_z,-1,"[6, 8, 12, 13, 14, 11, 33, 29, 24, 22, 0, 15, 10, 2, 5, 3, 30, 21, 1, 20, 27, 19, 35, 34, 18, 25, 23, 4, 7, 9, 16, 17, 26, 28, 31, 32, 36, 37]",1,0.0,0.0,0.0,0.0,0,4,1,0
smd,group23_evaluation,machine-3-10,7,10772,10782,robust_z,-1,"[6, 8, 12, 13, 14, 11, 33, 29, 24, 22, 0, 15, 10, 2, 5, 3, 30, 21, 1, 20, 27, 19, 35, 34, 18, 25, 23, 4, 7, 9, 16, 17, 26, 28, 31, 32, 36, 37]",3,0.6666666666666666,0.5,0.5714285714285715,0.5307212739772434,1,4,3,2
smd,group23_evaluation,machine-3-10,7,10772,10782,robust_z,-1,"[6, 8, 12, 13, 14, 11, 33, 29, 24, 22, 0, 15, 10, 2, 5, 3, 30, 21, 1, 20, 27, 19, 35, 34, 18, 25, 23, 4, 7, 9, 16, 17, 26, 28, 31, 32, 36, 37]",5,0.6,0.75,0.6666666666666665,0.6096199500078984,1,4,5,3
smd,group23_evaluation,machine-3-10,7,10772,10782,pca_q,-1,"[6, 8, 12, 13, 14, 11, 33, 5, 30, 21, 0, 24, 19, 27, 20, 34, 35, 10, 15, 22, 25, 29, 23, 2, 3, 1, 18, 9, 32, 4, 7, 16, 17, 26, 28, 31, 36, 37]",1,0.0,0.0,0.0,0.0,0,4,1,0
smd,group23_evaluation,machine-3-10,7,10772,10782,pca_q,-1,"[6, 8, 12, 13, 14, 11, 33, 5, 30, 21, 0, 24, 19, 27, 20, 34, 35, 10, 15, 22, 25, 29, 23, 2, 3, 1, 18, 9, 32, 4, 7, 16, 17, 26, 28, 31, 36, 37]",3,0.6666666666666666,0.5,0.5714285714285715,0.5307212739772434,1,4,3,2
smd,group23_evaluation,machine-3-10,7,10772,10782,pca_q,-1,"[6, 8, 12, 13, 14, 11, 33, 5, 30, 21, 0, 24, 19, 27, 20, 34, 35, 10, 15, 22, 25, 29, 23, 2, 3, 1, 18, 9, 32, 4, 7, 16, 17, 26, 28, 31, 36, 37]",5,0.6,0.75,0.6666666666666665,0.6096199500078984,1,4,5,3
smd,group23_evaluation,machine-3-10,7,10772,10782,baro_robust_scorer,-1,"[8, 12, 13, 11, 0, 14, 18, 19, 35, 34, 20, 27, 30, 21, 33, 3, 23, 24, 22, 15, 10, 6, 5, 1, 2]",1,1.0,0.25,0.4,1.0,1,4,1,1
smd,group23_evaluation,machine-3-10,7,10772,10782,baro_robust_scorer,-1,"[8, 12, 13, 11, 0, 14, 18, 19, 35, 34, 20, 27, 30, 21, 33, 3, 23, 24, 22, 15, 10, 6, 5, 1, 2]",3,1.0,0.75,0.8571428571428571,1.0,1,4,3,3
smd,group23_evaluation,machine-3-10,7,10772,10782,baro_robust_scorer,-1,"[8, 12, 13, 11, 0, 14, 18, 19, 35, 34, 20, 27, 30, 21, 33, 3, 23, 24, 22, 15, 10, 6, 5, 1, 2]",5,0.8,1.0,0.888888888888889,1.0,1,4,5,4
smd,group23_evaluation,machine-3-10,8,12219,12228,robust_z,-1,"[6, 8, 12, 13, 14, 33, 11, 29, 0, 24, 22, 5, 15, 10, 2, 3, 30, 21, 1, 20, 27, 35, 34, 19, 18, 23, 4, 7, 9, 16, 17, 25, 26, 28, 31, 32, 36, 37]",1,0.0,0.0,0.0,0.0,0,4,1,0
smd,group23_evaluation,machine-3-10,8,12219,12228,robust_z,-1,"[6, 8, 12, 13, 14, 33, 11, 29, 0, 24, 22, 5, 15, 10, 2, 3, 30, 21, 1, 20, 27, 35, 34, 19, 18, 23, 4, 7, 9, 16, 17, 25, 26, 28, 31, 32, 36, 37]",3,0.6666666666666666,0.5,0.5714285714285715,0.5307212739772434,1,4,3,2
smd,group23_evaluation,machine-3-10,8,12219,12228,robust_z,-1,"[6, 8, 12, 13, 14, 33, 11, 29, 0, 24, 22, 5, 15, 10, 2, 3, 30, 21, 1, 20, 27, 35, 34, 19, 18, 23, 4, 7, 9, 16, 17, 25, 26, 28, 31, 32, 36, 37]",5,0.6,0.75,0.6666666666666665,0.6096199500078984,1,4,5,3
smd,group23_evaluation,machine-3-10,8,12219,12228,pca_q,-1,"[6, 8, 12, 13, 14, 11, 33, 5, 30, 21, 34, 35, 0, 19, 29, 27, 20, 24, 10, 15, 25, 22, 23, 3, 2, 1, 18, 9, 32, 4, 7, 16, 17, 26, 28, 31, 36, 37]",1,0.0,0.0,0.0,0.0,0,4,1,0
smd,group23_evaluation,machine-3-10,8,12219,12228,pca_q,-1,"[6, 8, 12, 13, 14, 11, 33, 5, 30, 21, 34, 35, 0, 19, 29, 27, 20, 24, 10, 15, 25, 22, 23, 3, 2, 1, 18, 9, 32, 4, 7, 16, 17, 26, 28, 31, 36, 37]",3,0.6666666666666666,0.5,0.5714285714285715,0.5307212739772434,1,4,3,2
smd,group23_evaluation,machine-3-10,8,12219,12228,pca_q,-1,"[6, 8, 12, 13, 14, 11, 33, 5, 30, 21, 34, 35, 0, 19, 29, 27, 20, 24, 10, 15, 25, 22, 23, 3, 2, 1, 18, 9, 32, 4, 7, 16, 17, 26, 28, 31, 36, 37]",5,0.6,0.75,0.6666666666666665,0.6096199500078984,1,4,5,3
smd,group23_evaluation,machine-3-10,8,12219,12228,baro_robust_scorer,-1,"[8, 12, 14, 0, 13, 11, 34, 35, 5, 18, 1, 30, 6, 23, 33, 21, 19, 27, 20, 24, 15, 10, 22, 2, 3]",1,1.0,0.25,0.4,1.0,1,4,1,1
smd,group23_evaluation,machine-3-10,8,12219,12228,baro_robust_scorer,-1,"[8, 12, 14, 0, 13, 11, 34, 35, 5, 18, 1, 30, 6, 23, 33, 21, 19, 27, 20, 24, 15, 10, 22, 2, 3]",3,0.6666666666666666,0.5,0.5714285714285715,0.7653606369886217,1,4,3,2
smd,group23_evaluation,machine-3-10,8,12219,12228,baro_robust_scorer,-1,"[8, 12, 14, 0, 13, 11, 34, 35, 5, 18, 1, 30, 6, 23, 33, 21, 19, 27, 20, 24, 15, 10, 22, 2, 3]",5,0.6,0.75,0.6666666666666665,0.787702056960637,1,4,5,3
smd,group23_evaluation,machine-3-10,9,13148,13441,robust_z,-1,"[32, 6, 1, 2, 3, 22, 0, 24, 15, 10, 13, 21, 30, 20, 27, 19, 14, 33, 29, 11, 5, 35, 34, 25, 23, 18, 8, 12, 9, 4, 7, 16, 17, 26, 28, 31, 36, 37]",1,1.0,0.05263157894736842,0.1,1.0,1,19,1,1
smd,group23_evaluation,machine-3-10,9,13148,13441,robust_z,-1,"[32, 6, 1, 2, 3, 22, 0, 24, 15, 10, 13, 21, 30, 20, 27, 19, 14, 33, 29, 11, 5, 35, 34, 25, 23, 18, 8, 12, 9, 4, 7, 16, 17, 26, 28, 31, 36, 37]",3,0.6666666666666666,0.10526315789473684,0.18181818181818182,0.7039180890341347,1,19,3,2
smd,group23_evaluation,machine-3-10,9,13148,13441,robust_z,-1,"[32, 6, 1, 2, 3, 22, 0, 24, 15, 10, 13, 21, 30, 20, 27, 19, 14, 33, 29, 11, 5, 35, 34, 25, 23, 18, 8, 12, 9, 4, 7, 16, 17, 26, 28, 31, 36, 37]",5,0.8,0.21052631578947367,0.3333333333333333,0.7860137352654724,1,19,5,4
smd,group23_evaluation,machine-3-10,9,13148,13441,pca_q,-1,"[6, 1, 2, 3, 22, 0, 33, 13, 30, 21, 24, 19, 10, 15, 20, 27, 14, 25, 11, 23, 34, 35, 5, 8, 18, 12, 29, 32, 9, 4, 7, 16, 17, 26, 28, 31, 36, 37]",1,0.0,0.0,0.0,0.0,0,19,1,0
smd,group23_evaluation,machine-3-10,9,13148,13441,pca_q,-1,"[6, 1, 2, 3, 22, 0, 33, 13, 30, 21, 24, 19, 10, 15, 20, 27, 14, 25, 11, 23, 34, 35, 5, 8, 18, 12, 29, 32, 9, 4, 7, 16, 17, 26, 28, 31, 36, 37]",3,0.6666666666666666,0.10526315789473684,0.18181818181818182,0.5307212739772434,1,19,3,2
smd,group23_evaluation,machine-3-10,9,13148,13441,pca_q,-1,"[6, 1, 2, 3, 22, 0, 33, 13, 30, 21, 24, 19, 10, 15, 20, 27, 14, 25, 11, 23, 34, 35, 5, 8, 18, 12, 29, 32, 9, 4, 7, 16, 17, 26, 28, 31, 36, 37]",5,0.8,0.21052631578947367,0.3333333333333333,0.6608397947263839,1,19,5,4
smd,group23_evaluation,machine-3-10,9,13148,13441,baro_robust_scorer,-1,"[33, 3, 2, 1, 6, 0, 24, 10, 15, 23, 22, 5, 12, 21, 30, 8, 11, 14, 20, 27, 19, 13, 34, 35, 18, 25]",1,1.0,0.05263157894736842,0.1,1.0,1,19,1,1
smd,group23_evaluation,machine-3-10,9,13148,13441,baro_robust_scorer,-1,"[33, 3, 2, 1, 6, 0, 24, 10, 15, 23, 22, 5, 12, 21, 30, 8, 11, 14, 20, 27, 19, 13, 34, 35, 18, 25]",3,1.0,0.15789473684210525,0.2727272727272727,1.0,1,19,3,3
smd,group23_evaluation,machine-3-10,9,13148,13441,baro_robust_scorer,-1,"[33, 3, 2, 1, 6, 0, 24, 10, 15, 23, 22, 5, 12, 21, 30, 8, 11, 14, 20, 27, 19, 13, 34, 35, 18, 25]",5,0.8,0.21052631578947367,0.3333333333333333,0.8687949224876582,1,19,5,4
smd,group23_evaluation,machine-3-10,10,14655,14673,robust_z,-1,"[6, 25, 23, 29, 35, 34, 8, 33, 14, 24, 12, 15, 10, 22, 13, 5, 11, 3, 2, 1, 0, 19, 21, 30, 20, 27, 18, 9, 4, 7, 16, 17, 26, 28, 31, 32, 36, 37]",1,1.0,0.08333333333333333,0.15384615384615385,1.0,1,12,1,1
smd,group23_evaluation,machine-3-10,10,14655,14673,robust_z,-1,"[6, 25, 23, 29, 35, 34, 8, 33, 14, 24, 12, 15, 10, 22, 13, 5, 11, 3, 2, 1, 0, 19, 21, 30, 20, 27, 18, 9, 4, 7, 16, 17, 26, 28, 31, 32, 36, 37]",3,1.0,0.25,0.4,1.0,1,12,3,3
smd,group23_evaluation,machine-3-10,10,14655,14673,robust_z,-1,"[6, 25, 23, 29, 35, 34, 8, 33, 14, 24, 12, 15, 10, 22, 13, 5, 11, 3, 2, 1, 0, 19, 21, 30, 20, 27, 18, 9, 4, 7, 16, 17, 26, 28, 31, 32, 36, 37]",5,1.0,0.4166666666666667,0.5882352941176471,1.0,1,12,5,5
smd,group23_evaluation,machine-3-10,10,14655,14673,pca_q,-1,"[6, 25, 23, 29, 8, 33, 35, 34, 14, 12, 13, 11, 5, 24, 15, 10, 22, 30, 21, 19, 20, 27, 18, 1, 2, 3, 0, 32, 9, 4, 7, 16, 17, 26, 28, 31, 36, 37]",1,1.0,0.08333333333333333,0.15384615384615385,1.0,1,12,1,1
smd,group23_evaluation,machine-3-10,10,14655,14673,pca_q,-1,"[6, 25, 23, 29, 8, 33, 35, 34, 14, 12, 13, 11, 5, 24, 15, 10, 22, 30, 21, 19, 20, 27, 18, 1, 2, 3, 0, 32, 9, 4, 7, 16, 17, 26, 28, 31, 36, 37]",3,1.0,0.25,0.4,1.0,1,12,3,3
smd,group23_evaluation,machine-3-10,10,14655,14673,pca_q,-1,"[6, 25, 23, 29, 8, 33, 35, 34, 14, 12, 13, 11, 5, 24, 15, 10, 22, 30, 21, 19, 20, 27, 18, 1, 2, 3, 0, 32, 9, 4, 7, 16, 17, 26, 28, 31, 36, 37]",5,0.8,0.3333333333333333,0.47058823529411764,0.8687949224876582,1,12,5,4
smd,group23_evaluation,machine-3-10,10,14655,14673,baro_robust_scorer,-1,"[35, 34, 15, 11, 24, 10, 5, 0, 22, 14, 1, 12, 23, 33, 21, 8, 30, 20, 27, 18, 19, 13, 6, 3, 2]",1,1.0,0.08333333333333333,0.15384615384615385,1.0,1,12,1,1
smd,group23_evaluation,machine-3-10,10,14655,14673,baro_robust_scorer,-1,"[35, 34, 15, 11, 24, 10, 5, 0, 22, 14, 1, 12, 23, 33, 21, 8, 30, 20, 27, 18, 19, 13, 6, 3, 2]",3,0.6666666666666666,0.16666666666666666,0.26666666666666666,0.7653606369886217,1,12,3,2
smd,group23_evaluation,machine-3-10,10,14655,14673,baro_robust_scorer,-1,"[35, 34, 15, 11, 24, 10, 5, 0, 22, 14, 1, 12, 23, 33, 21, 8, 30, 20, 27, 18, 19, 13, 6, 3, 2]",5,0.4,0.16666666666666666,0.23529411764705882,0.5531464700081437,1,12,5,2
smd,group23_evaluation,machine-3-10,11,21500,21601,robust_z,-1,"[6, 1, 2, 25, 3, 23, 22, 24, 10, 15, 14, 30, 21, 0, 20, 27, 19, 35, 34, 8, 33, 29, 5, 11, 13, 12, 18, 9, 4, 7, 16, 17, 26, 28, 31, 32, 36, 37]",1,0.0,0.0,0.0,0.0,0,14,1,0
smd,group23_evaluation,machine-3-10,11,21500,21601,robust_z,-1,"[6, 1, 2, 25, 3, 23, 22, 24, 10, 15, 14, 30, 21, 0, 20, 27, 19, 35, 34, 8, 33, 29, 5, 11, 13, 12, 18, 9, 4, 7, 16, 17, 26, 28, 31, 32, 36, 37]",3,0.6666666666666666,0.14285714285714285,0.23529411764705882,0.5307212739772434,1,14,3,2
smd,group23_evaluation,machine-3-10,11,21500,21601,robust_z,-1,"[6, 1, 2, 25, 3, 23, 22, 24, 10, 15, 14, 30, 21, 0, 20, 27, 19, 35, 34, 8, 33, 29, 5, 11, 13, 12, 18, 9, 4, 7, 16, 17, 26, 28, 31, 32, 36, 37]",5,0.6,0.21428571428571427,0.3157894736842105,0.5147714448836774,1,14,5,3
smd,group23_evaluation,machine-3-10,11,21500,21601,pca_q,-1,"[6, 1, 2, 25, 3, 23, 22, 24, 10, 15, 30, 21, 14, 20, 27, 19, 0, 8, 33, 35, 34, 11, 13, 5, 12, 29, 18, 32, 9, 4, 7, 16, 17, 26, 28, 31, 36, 37]",1,0.0,0.0,0.0,0.0,0,14,1,0
smd,group23_evaluation,machine-3-10,11,21500,21601,pca_q,-1,"[6, 1, 2, 25, 3, 23, 22, 24, 10, 15, 30, 21, 14, 20, 27, 19, 0, 8, 33, 35, 34, 11, 13, 5, 12, 29, 18, 32, 9, 4, 7, 16, 17, 26, 28, 31, 36, 37]",3,0.6666666666666666,0.14285714285714285,0.23529411764705882,0.5307212739772434,1,14,3,2
smd,group23_evaluation,machine-3-10,11,21500,21601,pca_q,-1,"[6, 1, 2, 25, 3, 23, 22, 24, 10, 15, 30, 21, 14, 20, 27, 19, 0, 8, 33, 35, 34, 11, 13, 5, 12, 29, 18, 32, 9, 4, 7, 16, 17, 26, 28, 31, 36, 37]",5,0.6,0.21428571428571427,0.3157894736842105,0.5147714448836774,1,14,5,3
smd,group23_evaluation,machine-3-10,11,21500,21601,baro_robust_scorer,-1,"[22, 10, 15, 2, 1, 3, 30, 21, 0, 20, 27, 19, 23, 13, 18, 12, 5, 8, 33, 11, 24, 14, 25, 6]",1,1.0,0.07142857142857142,0.13333333333333333,1.0,1,14,1,1
smd,group23_evaluation,machine-3-10,11,21500,21601,baro_robust_scorer,-1,"[22, 10, 15, 2, 1, 3, 30, 21, 0, 20, 27, 19, 23, 13, 18, 12, 5, 8, 33, 11, 24, 14, 25, 6]",3,1.0,0.21428571428571427,0.35294117647058826,1.0,1,14,3,3
smd,group23_evaluation,machine-3-10,11,21500,21601,baro_robust_scorer,-1,"[22, 10, 15, 2, 1, 3, 30, 21, 0, 20, 27, 19, 23, 13, 18, 12, 5, 8, 33, 11, 24, 14, 25, 6]",5,1.0,0.35714285714285715,0.5263157894736842,1.0,1,14,5,5
smd,group23_evaluation,machine-3-10,12,21785,22213,robust_z,-1,"[6, 1, 25, 23, 2, 3, 22, 24, 10, 15, 14, 0, 30, 21, 35, 8, 34, 20, 27, 33, 19, 29, 18, 11, 5, 13, 12, 9, 4, 7, 16, 17, 26, 28, 31, 32, 36, 37]",1,0.0,0.0,0.0,0.0,0,14,1,0
smd,group23_evaluation,machine-3-10,12,21785,22213,robust_z,-1,"[6, 1, 25, 23, 2, 3, 22, 24, 10, 15, 14, 0, 30, 21, 35, 8, 34, 20, 27, 33, 19, 29, 18, 11, 5, 13, 12, 9, 4, 7, 16, 17, 26, 28, 31, 32, 36, 37]",3,0.3333333333333333,0.07142857142857142,0.11764705882352941,0.2960819109658652,1,14,3,1
smd,group23_evaluation,machine-3-10,12,21785,22213,robust_z,-1,"[6, 1, 25, 23, 2, 3, 22, 24, 10, 15, 14, 0, 30, 21, 35, 8, 34, 20, 27, 33, 19, 29, 18, 11, 5, 13, 12, 9, 4, 7, 16, 17, 26, 28, 31, 32, 36, 37]",5,0.4,0.14285714285714285,0.21052631578947364,0.34519134224686937,1,14,5,2
smd,group23_evaluation,machine-3-10,12,21785,22213,pca_q,-1,"[6, 1, 25, 23, 2, 3, 22, 24, 10, 15, 14, 30, 21, 0, 20, 27, 8, 33, 35, 34, 11, 19, 18, 13, 5, 12, 29, 32, 9, 4, 7, 16, 17, 26, 28, 31, 36, 37]",1,0.0,0.0,0.0,0.0,0,14,1,0
smd,group23_evaluation,machine-3-10,12,21785,22213,pca_q,-1,"[6, 1, 25, 23, 2, 3, 22, 24, 10, 15, 14, 30, 21, 0, 20, 27, 8, 33, 35, 34, 11, 19, 18, 13, 5, 12, 29, 32, 9, 4, 7, 16, 17, 26, 28, 31, 36, 37]",3,0.3333333333333333,0.07142857142857142,0.11764705882352941,0.2960819109658652,1,14,3,1
smd,group23_evaluation,machine-3-10,12,21785,22213,pca_q,-1,"[6, 1, 25, 23, 2, 3, 22, 24, 10, 15, 14, 30, 21, 0, 20, 27, 8, 33, 35, 34, 11, 19, 18, 13, 5, 12, 29, 32, 9, 4, 7, 16, 17, 26, 28, 31, 36, 37]",5,0.4,0.14285714285714285,0.21052631578947364,0.34519134224686937,1,14,5,2
smd,group23_evaluation,machine-3-10,12,21785,22213,baro_robust_scorer,-1,"[1, 2, 0, 12, 33, 24, 10, 15, 13, 21, 30, 27, 20, 22, 3, 8, 19, 11, 14, 5, 9, 23, 25, 6, 18]",1,1.0,0.07142857142857142,0.13333333333333333,1.0,1,14,1,1
smd,group23_evaluation,machine-3-10,12,21785,22213,baro_robust_scorer,-1,"[1, 2, 0, 12, 33, 24, 10, 15, 13, 21, 30, 27, 20, 22, 3, 8, 19, 11, 14, 5, 9, 23, 25, 6, 18]",3,1.0,0.21428571428571427,0.35294117647058826,1.0,1,14,3,3
smd,group23_evaluation,machine-3-10,12,21785,22213,baro_robust_scorer,-1,"[1, 2, 0, 12, 33, 24, 10, 15, 13, 21, 30, 27, 20, 22, 3, 8, 19, 11, 14, 5, 9, 23, 25, 6, 18]",5,0.6,0.21428571428571427,0.3157894736842105,0.7227265726449519,1,14,5,3
smd,group23_evaluation,machine-3-11,0,21230,21296,robust_z,-1,"[31, 9, 10, 29, 5, 4, 6, 23, 25, 15, 14, 11, 1, 0, 2, 3, 13, 22, 33, 32, 36, 27, 21, 30, 35, 34, 19, 20, 18, 7, 8, 12, 16, 17, 24, 26, 28, 37]",1,1.0,0.043478260869565216,0.08333333333333333,1.0,1,23,1,1
smd,group23_evaluation,machine-3-11,0,21230,21296,robust_z,-1,"[31, 9, 10, 29, 5, 4, 6, 23, 25, 15, 14, 11, 1, 0, 2, 3, 13, 22, 33, 32, 36, 27, 21, 30, 35, 34, 19, 20, 18, 7, 8, 12, 16, 17, 24, 26, 28, 37]",3,1.0,0.13043478260869565,0.23076923076923078,1.0,1,23,3,3
smd,group23_evaluation,machine-3-11,0,21230,21296,robust_z,-1,"[31, 9, 10, 29, 5, 4, 6, 23, 25, 15, 14, 11, 1, 0, 2, 3, 13, 22, 33, 32, 36, 27, 21, 30, 35, 34, 19, 20, 18, 7, 8, 12, 16, 17, 24, 26, 28, 37]",5,1.0,0.21739130434782608,0.3571428571428571,1.0,1,23,5,5
smd,group23_evaluation,machine-3-11,0,21230,21296,pca_q,-1,"[31, 9, 10, 5, 4, 25, 23, 6, 15, 14, 11, 1, 2, 0, 3, 13, 22, 33, 32, 36, 27, 35, 34, 18, 30, 21, 20, 19, 8, 29, 12, 7, 16, 17, 24, 26, 28, 37]",1,1.0,0.043478260869565216,0.08333333333333333,1.0,1,23,1,1
smd,group23_evaluation,machine-3-11,0,21230,21296,pca_q,-1,"[31, 9, 10, 5, 4, 25, 23, 6, 15, 14, 11, 1, 2, 0, 3, 13, 22, 33, 32, 36, 27, 35, 34, 18, 30, 21, 20, 19, 8, 29, 12, 7, 16, 17, 24, 26, 28, 37]",3,1.0,0.13043478260869565,0.23076923076923078,1.0,1,23,3,3
smd,group23_evaluation,machine-3-11,0,21230,21296,pca_q,-1,"[31, 9, 10, 5, 4, 25, 23, 6, 15, 14, 11, 1, 2, 0, 3, 13, 22, 33, 32, 36, 27, 35, 34, 18, 30, 21, 20, 19, 8, 29, 12, 7, 16, 17, 24, 26, 28, 37]",5,1.0,0.21739130434782608,0.3571428571428571,1.0,1,23,5,5
smd,group23_evaluation,machine-3-11,0,21230,21296,baro_robust_scorer,-1,"[25, 23, 15, 3, 2, 14, 1, 11, 34, 35, 21, 30, 27, 18, 20, 19, 22, 5, 13, 6, 33, 36, 32, 0, 4]",1,1.0,0.043478260869565216,0.08333333333333333,1.0,1,23,1,1
smd,group23_evaluation,machine-3-11,0,21230,21296,baro_robust_scorer,-1,"[25, 23, 15, 3, 2, 14, 1, 11, 34, 35, 21, 30, 27, 18, 20, 19, 22, 5, 13, 6, 33, 36, 32, 0, 4]",3,1.0,0.13043478260869565,0.23076923076923078,1.0,1,23,3,3
smd,group23_evaluation,machine-3-11,0,21230,21296,baro_robust_scorer,-1,"[25, 23, 15, 3, 2, 14, 1, 11, 34, 35, 21, 30, 27, 18, 20, 19, 22, 5, 13, 6, 33, 36, 32, 0, 4]",5,1.0,0.21739130434782608,0.3571428571428571,1.0,1,23,5,5
smd,group23_evaluation,machine-3-11,1,27825,27951,robust_z,-1,"[31, 9, 29, 10, 5, 4, 6, 23, 25, 15, 14, 11, 1, 0, 2, 3, 13, 36, 32, 33, 27, 18, 30, 21, 20, 19, 35, 34, 22, 7, 8, 12, 16, 17, 24, 26, 28, 37]",1,1.0,0.05,0.09523809523809523,1.0,1,20,1,1
smd,group23_evaluation,machine-3-11,1,27825,27951,robust_z,-1,"[31, 9, 29, 10, 5, 4, 6, 23, 25, 15, 14, 11, 1, 0, 2, 3, 13, 36, 32, 33, 27, 18, 30, 21, 20, 19, 35, 34, 22, 7, 8, 12, 16, 17, 24, 26, 28, 37]",3,0.6666666666666666,0.1,0.1739130434782609,0.7039180890341347,1,20,3,2
smd,group23_evaluation,machine-3-11,1,27825,27951,robust_z,-1,"[31, 9, 29, 10, 5, 4, 6, 23, 25, 15, 14, 11, 1, 0, 2, 3, 13, 36, 32, 33, 27, 18, 30, 21, 20, 19, 35, 34, 22, 7, 8, 12, 16, 17, 24, 26, 28, 37]",5,0.4,0.1,0.16000000000000003,0.5087403079104241,1,20,5,2
smd,group23_evaluation,machine-3-11,1,27825,27951,pca_q,-1,"[31, 9, 10, 5, 4, 25, 23, 6, 15, 14, 11, 1, 2, 0, 3, 13, 33, 27, 18, 20, 30, 21, 32, 36, 34, 35, 19, 22, 12, 29, 8, 7, 16, 17, 24, 26, 28, 37]",1,1.0,0.05,0.09523809523809523,1.0,1,20,1,1
smd,group23_evaluation,machine-3-11,1,27825,27951,pca_q,-1,"[31, 9, 10, 5, 4, 25, 23, 6, 15, 14, 11, 1, 2, 0, 3, 13, 33, 27, 18, 20, 30, 21, 32, 36, 34, 35, 19, 22, 12, 29, 8, 7, 16, 17, 24, 26, 28, 37]",3,0.3333333333333333,0.05,0.08695652173913045,0.46927872602275644,1,20,3,1
smd,group23_evaluation,machine-3-11,1,27825,27951,pca_q,-1,"[31, 9, 10, 5, 4, 25, 23, 6, 15, 14, 11, 1, 2, 0, 3, 13, 33, 27, 18, 20, 30, 21, 32, 36, 34, 35, 19, 22, 12, 29, 8, 7, 16, 17, 24, 26, 28, 37]",5,0.2,0.05,0.08000000000000002,0.3391602052736161,1,20,5,1
smd,group23_evaluation,machine-3-11,1,27825,27951,baro_robust_scorer,-1,"[23, 25, 15, 0, 14, 2, 3, 11, 1, 35, 34, 13, 5, 18, 20, 27, 19, 21, 30, 6, 22, 36, 33, 32, 9]",1,1.0,0.05,0.09523809523809523,1.0,1,20,1,1
smd,group23_evaluation,machine-3-11,1,27825,27951,baro_robust_scorer,-1,"[23, 25, 15, 0, 14, 2, 3, 11, 1, 35, 34, 13, 5, 18, 20, 27, 19, 21, 30, 6, 22, 36, 33, 32, 9]",3,0.6666666666666666,0.1,0.1739130434782609,0.7653606369886217,1,20,3,2
smd,group23_evaluation,machine-3-11,1,27825,27951,baro_robust_scorer,-1,"[23, 25, 15, 0, 14, 2, 3, 11, 1, 35, 34, 13, 5, 18, 20, 27, 19, 21, 30, 6, 22, 36, 33, 32, 9]",5,0.6,0.15,0.24,0.6992148198508501,1,20,5,3
smd,group23_evaluation,machine-3-11,2,27995,28001,robust_z,-1,"[10, 9, 5, 4, 6, 15, 14, 11, 23, 25, 13, 33, 22, 27, 19, 21, 30, 20, 18, 35, 0, 34, 36, 2, 3, 32, 1, 7, 8, 12, 16, 17, 24, 26, 28, 29, 31, 37]",1,1.0,0.5,0.6666666666666666,1.0,1,2,1,1
smd,group23_evaluation,machine-3-11,2,27995,28001,robust_z,-1,"[10, 9, 5, 4, 6, 15, 14, 11, 23, 25, 13, 33, 22, 27, 19, 21, 30, 20, 18, 35, 0, 34, 36, 2, 3, 32, 1, 7, 8, 12, 16, 17, 24, 26, 28, 29, 31, 37]",3,0.6666666666666666,1.0,0.8,1.0,1,2,3,2
smd,group23_evaluation,machine-3-11,2,27995,28001,robust_z,-1,"[10, 9, 5, 4, 6, 15, 14, 11, 23, 25, 13, 33, 22, 27, 19, 21, 30, 20, 18, 35, 0, 34, 36, 2, 3, 32, 1, 7, 8, 12, 16, 17, 24, 26, 28, 29, 31, 37]",5,0.4,1.0,0.5714285714285715,1.0,1,2,5,2
smd,group23_evaluation,machine-3-11,2,27995,28001,pca_q,-1,"[10, 9, 5, 4, 6, 15, 11, 14, 23, 25, 22, 13, 33, 19, 21, 30, 27, 20, 18, 35, 34, 36, 0, 32, 2, 3, 1, 8, 29, 12, 7, 16, 17, 24, 26, 28, 31, 37]",1,1.0,0.5,0.6666666666666666,1.0,1,2,1,1
smd,group23_evaluation,machine-3-11,2,27995,28001,pca_q,-1,"[10, 9, 5, 4, 6, 15, 11, 14, 23, 25, 22, 13, 33, 19, 21, 30, 27, 20, 18, 35, 34, 36, 0, 32, 2, 3, 1, 8, 29, 12, 7, 16, 17, 24, 26, 28, 31, 37]",3,0.6666666666666666,1.0,0.8,1.0,1,2,3,2
smd,group23_evaluation,machine-3-11,2,27995,28001,pca_q,-1,"[10, 9, 5, 4, 6, 15, 11, 14, 23, 25, 22, 13, 33, 19, 21, 30, 27, 20, 18, 35, 34, 36, 0, 32, 2, 3, 1, 8, 29, 12, 7, 16, 17, 24, 26, 28, 31, 37]",5,0.4,1.0,0.5714285714285715,1.0,1,2,5,2
smd,group23_evaluation,machine-3-11,2,27995,28001,baro_robust_scorer,-1,"[15, 14, 11, 18, 19, 13, 20, 30, 21, 34, 35, 27, 5, 22, 6, 3, 2, 33, 23, 25, 36, 1]",1,0.0,0.0,0.0,0.0,0,2,1,0
smd,group23_evaluation,machine-3-11,2,27995,28001,baro_robust_scorer,-1,"[15, 14, 11, 18, 19, 13, 20, 30, 21, 34, 35, 27, 5, 22, 6, 3, 2, 33, 23, 25, 36, 1]",3,0.0,0.0,0.0,0.0,0,2,3,0
smd,group23_evaluation,machine-3-11,2,27995,28001,baro_robust_scorer,-1,"[15, 14, 11, 18, 19, 13, 20, 30, 21, 34, 35, 27, 5, 22, 6, 3, 2, 33, 23, 25, 36, 1]",5,0.0,0.0,0.0,0.0,0,2,5,0
smd,group23_evaluation,machine-3-2,0,135,161,robust_z,-1,"[12, 31, 10, 9, 11, 29, 6, 8, 14, 25, 23, 24, 34, 13, 22, 5, 15, 35, 19, 21, 30, 32, 1, 27, 33, 20, 2, 18, 0, 3, 4, 7, 16, 17, 26, 28, 36, 37]",1,1.0,0.25,0.4,1.0,1,4,1,1
smd,group23_evaluation,machine-3-2,0,135,161,robust_z,-1,"[12, 31, 10, 9, 11, 29, 6, 8, 14, 25, 23, 24, 34, 13, 22, 5, 15, 35, 19, 21, 30, 32, 1, 27, 33, 20, 2, 18, 0, 3, 4, 7, 16, 17, 26, 28, 36, 37]",3,0.3333333333333333,0.25,0.28571428571428575,0.46927872602275644,1,4,3,1
smd,group23_evaluation,machine-3-2,0,135,161,robust_z,-1,"[12, 31, 10, 9, 11, 29, 6, 8, 14, 25, 23, 24, 34, 13, 22, 5, 15, 35, 19, 21, 30, 32, 1, 27, 33, 20, 2, 18, 0, 3, 4, 7, 16, 17, 26, 28, 36, 37]",5,0.6,0.75,0.6666666666666665,0.7095272044910244,1,4,5,3
smd,group23_evaluation,machine-3-2,0,135,161,pca_q,-1,"[9, 17, 8, 16, 29, 14, 13, 11, 10, 24, 15, 6, 32, 34, 19, 35, 25, 23, 22, 5, 21, 30, 0, 27, 20, 1, 12, 33, 2, 31, 3, 18, 4, 7, 26, 28, 36, 37]",1,1.0,0.25,0.4,1.0,1,4,1,1
smd,group23_evaluation,machine-3-2,0,135,161,pca_q,-1,"[9, 17, 8, 16, 29, 14, 13, 11, 10, 24, 15, 6, 32, 34, 19, 35, 25, 23, 22, 5, 21, 30, 0, 27, 20, 1, 12, 33, 2, 31, 3, 18, 4, 7, 26, 28, 36, 37]",3,0.3333333333333333,0.25,0.28571428571428575,0.46927872602275644,1,4,3,1
smd,group23_evaluation,machine-3-2,0,135,161,pca_q,-1,"[9, 17, 8, 16, 29, 14, 13, 11, 10, 24, 15, 6, 32, 34, 19, 35, 25, 23, 22, 5, 21, 30, 0, 27, 20, 1, 12, 33, 2, 31, 3, 18, 4, 7, 26, 28, 36, 37]",5,0.2,0.25,0.22222222222222224,0.3903800499921017,1,4,5,1
smd,group23_evaluation,machine-3-2,0,135,161,baro_robust_scorer,-1,"[6, 11, 29, 24, 14, 23, 25, 19, 0, 15, 13, 27, 8, 22, 30, 20, 21, 5, 33, 1, 2, 3, 18, 35, 12, 32, 9, 10, 34]",1,0.0,0.0,0.0,0.0,0,4,1,0
smd,group23_evaluation,machine-3-2,0,135,161,baro_robust_scorer,-1,"[6, 11, 29, 24, 14, 23, 25, 19, 0, 15, 13, 27, 8, 22, 30, 20, 21, 5, 33, 1, 2, 3, 18, 35, 12, 32, 9, 10, 34]",3,0.3333333333333333,0.25,0.28571428571428575,0.2960819109658652,1,4,3,1
smd,group23_evaluation,machine-3-2,0,135,161,baro_robust_scorer,-1,"[6, 11, 29, 24, 14, 23, 25, 19, 0, 15, 13, 27, 8, 22, 30, 20, 21, 5, 33, 1, 2, 3, 18, 35, 12, 32, 9, 10, 34]",5,0.2,0.25,0.22222222222222224,0.24630238874073,1,4,5,1
smd,group23_evaluation,machine-3-2,1,3080,3917,robust_z,-1,"[31, 12, 16, 10, 8, 5, 6, 29, 14, 25, 23, 24, 13, 9, 34, 35, 11, 19, 15, 22, 21, 30, 27, 20, 2, 3, 0, 1, 18, 32, 33, 4, 7, 17, 26, 28, 36, 37]",1,0.0,0.0,0.0,0.0,0,4,1,0
smd,group23_evaluation,machine-3-2,1,3080,3917,robust_z,-1,"[31, 12, 16, 10, 8, 5, 6, 29, 14, 25, 23, 24, 13, 9, 34, 35, 11, 19, 15, 22, 21, 30, 27, 20, 2, 3, 0, 1, 18, 32, 33, 4, 7, 17, 26, 28, 36, 37]",3,0.6666666666666666,0.5,0.5714285714285715,0.5307212739772434,1,4,3,2
smd,group23_evaluation,machine-3-2,1,3080,3917,robust_z,-1,"[31, 12, 16, 10, 8, 5, 6, 29, 14, 25, 23, 24, 13, 9, 34, 35, 11, 19, 15, 22, 21, 30, 27, 20, 2, 3, 0, 1, 18, 32, 33, 4, 7, 17, 26, 28, 36, 37]",5,0.6,0.75,0.6666666666666665,0.592512031964586,1,4,5,3
smd,group23_evaluation,machine-3-2,1,3080,3917,pca_q,-1,"[16, 9, 17, 13, 29, 14, 11, 8, 24, 5, 6, 34, 35, 10, 22, 15, 25, 23, 31, 19, 21, 27, 30, 20, 32, 2, 3, 0, 1, 12, 18, 33, 4, 7, 26, 28, 36, 37]",1,1.0,0.25,0.4,1.0,1,4,1,1
smd,group23_evaluation,machine-3-2,1,3080,3917,pca_q,-1,"[16, 9, 17, 13, 29, 14, 11, 8, 24, 5, 6, 34, 35, 10, 22, 15, 25, 23, 31, 19, 21, 27, 30, 20, 32, 2, 3, 0, 1, 12, 18, 33, 4, 7, 26, 28, 36, 37]",3,0.3333333333333333,0.25,0.28571428571428575,0.46927872602275644,1,4,3,1
smd,group23_evaluation,machine-3-2,1,3080,3917,pca_q,-1,"[16, 9, 17, 13, 29, 14, 11, 8, 24, 5, 6, 34, 35, 10, 22, 15, 25, 23, 31, 19, 21, 27, 30, 20, 32, 2, 3, 0, 1, 12, 18, 33, 4, 7, 26, 28, 36, 37]",5,0.4,0.5,0.4444444444444445,0.5585075862632192,1,4,5,2
smd,group23_evaluation,machine-3-2,1,3080,3917,baro_robust_scorer,-1,"[13, 8, 14, 29, 11, 22, 15, 32, 23, 25, 5, 6, 19, 0, 33, 30, 21, 27, 20, 1, 2, 3, 18, 12, 24, 31, 16, 10, 9, 34, 35]",1,1.0,0.25,0.4,1.0,1,4,1,1
smd,group23_evaluation,machine-3-2,1,3080,3917,baro_robust_scorer,-1,"[13, 8, 14, 29, 11, 22, 15, 32, 23, 25, 5, 6, 19, 0, 33, 30, 21, 27, 20, 1, 2, 3, 18, 12, 24, 31, 16, 10, 9, 34, 35]",3,0.6666666666666666,0.5,0.5714285714285715,0.7653606369886217,1,4,3,2
smd,group23_evaluation,machine-3-2,1,3080,3917,baro_robust_scorer,-1,"[13, 8, 14, 29, 11, 22, 15, 32, 23, 25, 5, 6, 19, 0, 33, 30, 21, 27, 20, 1, 2, 3, 18, 12, 24, 31, 16, 10, 9, 34, 35]",5,0.4,0.5,0.4444444444444445,0.6366824387328317,1,4,5,2
smd,group23_evaluation,machine-3-2,2,9139,9144,robust_z,-1,"[17, 12, 31, 10, 9, 8, 29, 14, 24, 13, 11, 15, 22, 19, 0, 32, 34, 35, 21, 27, 30, 20, 1, 25, 23, 2, 3, 18, 6, 33, 5, 4, 7, 16, 26, 28, 36, 37]",1,1.0,0.25,0.4,1.0,1,4,1,1
smd,group23_evaluation,machine-3-2,2,9139,9144,robust_z,-1,"[17, 12, 31, 10, 9, 8, 29, 14, 24, 13, 11, 15, 22, 19, 0, 32, 34, 35, 21, 27, 30, 20, 1, 25, 23, 2, 3, 18, 6, 33, 5, 4, 7, 16, 26, 28, 36, 37]",3,0.6666666666666666,0.5,0.5714285714285715,0.7653606369886217,1,4,3,2
smd,group23_evaluation,machine-3-2,2,9139,9144,robust_z,-1,"[17, 12, 31, 10, 9, 8, 29, 14, 24, 13, 11, 15, 22, 19, 0, 32, 34, 35, 21, 27, 30, 20, 1, 25, 23, 2, 3, 18, 6, 33, 5, 4, 7, 16, 26, 28, 36, 37]",5,0.4,0.5,0.4444444444444445,0.6366824387328317,1,4,5,2
smd,group23_evaluation,machine-3-2,2,9139,9144,pca_q,-1,"[17, 9, 12, 10, 31, 8, 16, 29, 13, 14, 11, 24, 22, 15, 35, 34, 19, 0, 33, 27, 20, 21, 30, 32, 18, 25, 23, 1, 2, 3, 6, 5, 4, 7, 26, 28, 36, 37]",1,1.0,0.25,0.4,1.0,1,4,1,1
smd,group23_evaluation,machine-3-2,2,9139,9144,pca_q,-1,"[17, 9, 12, 10, 31, 8, 16, 29, 13, 14, 11, 24, 22, 15, 35, 34, 19, 0, 33, 27, 20, 21, 30, 32, 18, 25, 23, 1, 2, 3, 6, 5, 4, 7, 26, 28, 36, 37]",3,0.6666666666666666,0.5,0.5714285714285715,0.7039180890341347,1,4,3,2
smd,group23_evaluation,machine-3-2,2,9139,9144,pca_q,-1,"[17, 9, 12, 10, 31, 8, 16, 29, 13, 14, 11, 24, 22, 15, 35, 34, 19, 0, 33, 27, 20, 21, 30, 32, 18, 25, 23, 1, 2, 3, 6, 5, 4, 7, 26, 28, 36, 37]",5,0.4,0.5,0.4444444444444445,0.5855700749881525,1,4,5,2
smd,group23_evaluation,machine-3-2,2,9139,9144,baro_robust_scorer,-1,"[8, 9, 29, 15, 10, 13, 24, 14, 30, 19, 12, 21, 27, 20, 3, 0, 25, 23, 6, 1, 5, 32, 2, 22, 18, 33, 34, 35, 11, 31]",1,1.0,0.25,0.4,1.0,1,4,1,1
smd,group23_evaluation,machine-3-2,2,9139,9144,baro_robust_scorer,-1,"[8, 9, 29, 15, 10, 13, 24, 14, 30, 19, 12, 21, 27, 20, 3, 0, 25, 23, 6, 1, 5, 32, 2, 22, 18, 33, 34, 35, 11, 31]",3,0.3333333333333333,0.25,0.28571428571428575,0.46927872602275644,1,4,3,1
smd,group23_evaluation,machine-3-2,2,9139,9144,baro_robust_scorer,-1,"[8, 9, 29, 15, 10, 13, 24, 14, 30, 19, 12, 21, 27, 20, 3, 0, 25, 23, 6, 1, 5, 32, 2, 22, 18, 33, 34, 35, 11, 31]",5,0.2,0.25,0.22222222222222224,0.3903800499921017,1,4,5,1
smd,group23_evaluation,machine-3-2,3,9199,9204,robust_z,-1,"[12, 31, 13, 8, 29, 24, 15, 14, 19, 32, 22, 0, 11, 34, 35, 21, 30, 3, 1, 27, 2, 20, 25, 23, 33, 6, 5, 18, 4, 7, 9, 10, 16, 17, 26, 28, 36, 37]",1,1.0,0.3333333333333333,0.5,1.0,1,3,1,1
smd,group23_evaluation,machine-3-2,3,9199,9204,robust_z,-1,"[12, 31, 13, 8, 29, 24, 15, 14, 19, 32, 22, 0, 11, 34, 35, 21, 30, 3, 1, 27, 2, 20, 25, 23, 33, 6, 5, 18, 4, 7, 9, 10, 16, 17, 26, 28, 36, 37]",3,0.6666666666666666,0.6666666666666666,0.6666666666666666,0.7039180890341347,1,3,3,2
smd,group23_evaluation,machine-3-2,3,9199,9204,robust_z,-1,"[12, 31, 13, 8, 29, 24, 15, 14, 19, 32, 22, 0, 11, 34, 35, 21, 30, 3, 1, 27, 2, 20, 25, 23, 33, 6, 5, 18, 4, 7, 9, 10, 16, 17, 26, 28, 36, 37]",5,0.6,1.0,0.7499999999999999,0.9060254355346823,1,3,5,3
smd,group23_evaluation,machine-3-2,3,9199,9204,pca_q,-1,"[9, 17, 13, 29, 16, 14, 8, 10, 11, 24, 15, 12, 19, 32, 22, 35, 34, 21, 33, 0, 30, 27, 20, 3, 1, 2, 25, 23, 5, 31, 6, 18, 4, 7, 26, 28, 36, 37]",1,0.0,0.0,0.0,0.0,0,3,1,0
smd,group23_evaluation,machine-3-2,3,9199,9204,pca_q,-1,"[9, 17, 13, 29, 16, 14, 8, 10, 11, 24, 15, 12, 19, 32, 22, 35, 34, 21, 33, 0, 30, 27, 20, 3, 1, 2, 25, 23, 5, 31, 6, 18, 4, 7, 26, 28, 36, 37]",3,0.3333333333333333,0.3333333333333333,0.3333333333333333,0.23463936301137822,1,3,3,1
smd,group23_evaluation,machine-3-2,3,9199,9204,pca_q,-1,"[9, 17, 13, 29, 16, 14, 8, 10, 11, 24, 15, 12, 19, 32, 22, 35, 34, 21, 33, 0, 30, 27, 20, 3, 1, 2, 25, 23, 5, 31, 6, 18, 4, 7, 26, 28, 36, 37]",5,0.2,0.3333333333333333,0.25,0.23463936301137822,1,3,5,1
smd,group23_evaluation,machine-3-2,3,9199,9204,baro_robust_scorer,-1,"[13, 15, 8, 24, 19, 22, 21, 32, 30, 27, 20, 6, 5, 1, 25, 0, 23, 2, 3, 18, 33, 29, 14, 12, 31, 11, 34, 35]",1,1.0,0.3333333333333333,0.5,1.0,1,3,1,1
smd,group23_evaluation,machine-3-2,3,9199,9204,baro_robust_scorer,-1,"[13, 15, 8, 24, 19, 22, 21, 32, 30, 27, 20, 6, 5, 1, 25, 0, 23, 2, 3, 18, 33, 29, 14, 12, 31, 11, 34, 35]",3,0.6666666666666666,0.6666666666666666,0.6666666666666666,0.7039180890341347,1,3,3,2
smd,group23_evaluation,machine-3-2,3,9199,9204,baro_robust_scorer,-1,"[13, 15, 8, 24, 19, 22, 21, 32, 30, 27, 20, 6, 5, 1, 25, 0, 23, 2, 3, 18, 33, 29, 14, 12, 31, 11, 34, 35]",5,0.4,0.6666666666666666,0.5,0.7039180890341347,1,3,5,2
smd,group23_evaluation,machine-3-2,4,15577,15582,robust_z,-1,"[34, 35, 23, 25, 6, 33, 15, 14, 13, 24, 8, 18, 11, 32, 2, 20, 27, 30, 1, 21, 22, 5, 3, 19, 0, 4, 7, 9, 10, 12, 16, 17, 26, 28, 29, 31, 36, 37]",1,1.0,0.2,0.33333333333333337,1.0,1,5,1,1
smd,group23_evaluation,machine-3-2,4,15577,15582,robust_z,-1,"[34, 35, 23, 25, 6, 33, 15, 14, 13, 24, 8, 18, 11, 32, 2, 20, 27, 30, 1, 21, 22, 5, 3, 19, 0, 4, 7, 9, 10, 12, 16, 17, 26, 28, 29, 31, 36, 37]",3,0.6666666666666666,0.4,0.5,0.7653606369886217,1,5,3,2
smd,group23_evaluation,machine-3-2,4,15577,15582,robust_z,-1,"[34, 35, 23, 25, 6, 33, 15, 14, 13, 24, 8, 18, 11, 32, 2, 20, 27, 30, 1, 21, 22, 5, 3, 19, 0, 4, 7, 9, 10, 12, 16, 17, 26, 28, 29, 31, 36, 37]",5,0.4,0.4,0.4000000000000001,0.5531464700081437,1,5,5,2
smd,group23_evaluation,machine-3-2,4,15577,15582,pca_q,-1,"[16, 9, 35, 34, 17, 33, 14, 13, 15, 24, 8, 23, 25, 6, 32, 29, 11, 2, 1, 22, 18, 5, 3, 19, 30, 27, 20, 21, 0, 10, 12, 31, 4, 7, 26, 28, 36, 37]",1,0.0,0.0,0.0,0.0,0,5,1,0
smd,group23_evaluation,machine-3-2,4,15577,15582,pca_q,-1,"[16, 9, 35, 34, 17, 33, 14, 13, 15, 24, 8, 23, 25, 6, 32, 29, 11, 2, 1, 22, 18, 5, 3, 19, 30, 27, 20, 21, 0, 10, 12, 31, 4, 7, 26, 28, 36, 37]",3,0.3333333333333333,0.2,0.25,0.23463936301137822,1,5,3,1
smd,group23_evaluation,machine-3-2,4,15577,15582,pca_q,-1,"[16, 9, 35, 34, 17, 33, 14, 13, 15, 24, 8, 23, 25, 6, 32, 29, 11, 2, 1, 22, 18, 5, 3, 19, 30, 27, 20, 21, 0, 10, 12, 31, 4, 7, 26, 28, 36, 37]",5,0.4,0.4,0.4000000000000001,0.3156484524795145,1,5,5,2
smd,group23_evaluation,machine-3-2,4,15577,15582,baro_robust_scorer,-1,"[6, 22, 15, 23, 18, 13, 1, 19, 5, 33, 8, 21, 20, 27, 14, 30, 34, 35, 32, 24, 25, 11, 2, 3]",1,0.0,0.0,0.0,0.0,0,5,1,0
smd,group23_evaluation,machine-3-2,4,15577,15582,baro_robust_scorer,-1,"[6, 22, 15, 23, 18, 13, 1, 19, 5, 33, 8, 21, 20, 27, 14, 30, 34, 35, 32, 24, 25, 11, 2, 3]",3,0.0,0.0,0.0,0.0,0,5,3,0
smd,group23_evaluation,machine-3-2,4,15577,15582,baro_robust_scorer,-1,"[6, 22, 15, 23, 18, 13, 1, 19, 5, 33, 8, 21, 20, 27, 14, 30, 34, 35, 32, 24, 25, 11, 2, 3]",5,0.0,0.0,0.0,0.0,0,5,5,0
smd,group23_evaluation,machine-3-2,5,11900,12023,robust_z,-1,"[12, 31, 10, 13, 8, 29, 19, 34, 35, 15, 24, 14, 23, 25, 6, 21, 30, 27, 20, 0, 11, 3, 2, 33, 22, 1, 32, 5, 9, 18, 4, 7, 16, 17, 26, 28, 36, 37]",1,1.0,0.3333333333333333,0.5,1.0,1,3,1,1
smd,group23_evaluation,machine-3-2,5,11900,12023,robust_z,-1,"[12, 31, 10, 13, 8, 29, 19, 34, 35, 15, 24, 14, 23, 25, 6, 21, 30, 27, 20, 0, 11, 3, 2, 33, 22, 1, 32, 5, 9, 18, 4, 7, 16, 17, 26, 28, 36, 37]",3,0.3333333333333333,0.3333333333333333,0.3333333333333333,0.46927872602275644,1,3,3,1
smd,group23_evaluation,machine-3-2,5,11900,12023,robust_z,-1,"[12, 31, 10, 13, 8, 29, 19, 34, 35, 15, 24, 14, 23, 25, 6, 21, 30, 27, 20, 0, 11, 3, 2, 33, 22, 1, 32, 5, 9, 18, 4, 7, 16, 17, 26, 28, 36, 37]",5,0.6,1.0,0.7499999999999999,0.8529278650606567,1,3,5,3
smd,group23_evaluation,machine-3-2,5,11900,12023,pca_q,-1,"[9, 17, 13, 16, 29, 8, 14, 10, 11, 24, 35, 34, 19, 12, 15, 33, 21, 30, 27, 20, 3, 22, 2, 0, 1, 32, 6, 23, 25, 18, 31, 5, 4, 7, 26, 28, 36, 37]",1,0.0,0.0,0.0,0.0,0,3,1,0
smd,group23_evaluation,machine-3-2,5,11900,12023,pca_q,-1,"[9, 17, 13, 16, 29, 8, 14, 10, 11, 24, 35, 34, 19, 12, 15, 33, 21, 30, 27, 20, 3, 22, 2, 0, 1, 32, 6, 23, 25, 18, 31, 5, 4, 7, 26, 28, 36, 37]",3,0.3333333333333333,0.3333333333333333,0.3333333333333333,0.23463936301137822,1,3,3,1
smd,group23_evaluation,machine-3-2,5,11900,12023,pca_q,-1,"[9, 17, 13, 16, 29, 8, 14, 10, 11, 24, 35, 34, 19, 12, 15, 33, 21, 30, 27, 20, 3, 22, 2, 0, 1, 32, 6, 23, 25, 18, 31, 5, 4, 7, 26, 28, 36, 37]",5,0.2,0.3333333333333333,0.25,0.23463936301137822,1,3,5,1
smd,group23_evaluation,machine-3-2,5,11900,12023,baro_robust_scorer,-1,"[6, 13, 8, 5, 0, 24, 14, 15, 23, 19, 25, 11, 22, 21, 27, 30, 20, 1, 18, 2, 33, 34, 35, 29, 3, 32, 12, 31, 10, 9]",1,0.0,0.0,0.0,0.0,0,3,1,0
smd,group23_evaluation,machine-3-2,5,11900,12023,baro_robust_scorer,-1,"[6, 13, 8, 5, 0, 24, 14, 15, 23, 19, 25, 11, 22, 21, 27, 30, 20, 1, 18, 2, 33, 34, 35, 29, 3, 32, 12, 31, 10, 9]",3,0.6666666666666666,0.6666666666666666,0.6666666666666666,0.5307212739772434,1,3,3,2
smd,group23_evaluation,machine-3-2,5,11900,12023,baro_robust_scorer,-1,"[6, 13, 8, 5, 0, 24, 14, 15, 23, 19, 25, 11, 22, 21, 27, 30, 20, 1, 18, 2, 33, 34, 35, 29, 3, 32, 12, 31, 10, 9]",5,0.4,0.6666666666666666,0.5,0.5307212739772434,1,3,5,2
smd,group23_evaluation,machine-3-2,6,15644,15739,robust_z,-1,"[31, 12, 10, 8, 14, 13, 29, 11, 34, 35, 24, 23, 25, 6, 15, 33, 1, 2, 22, 18, 32, 3, 9, 0, 19, 27, 30, 20, 21, 5, 4, 7, 16, 17, 26, 28, 36, 37]",1,1.0,0.25,0.4,1.0,1,4,1,1
smd,group23_evaluation,machine-3-2,6,15644,15739,robust_z,-1,"[31, 12, 10, 8, 14, 13, 29, 11, 34, 35, 24, 23, 25, 6, 15, 33, 1, 2, 22, 18, 32, 3, 9, 0, 19, 27, 30, 20, 21, 5, 4, 7, 16, 17, 26, 28, 36, 37]",3,0.3333333333333333,0.25,0.28571428571428575,0.46927872602275644,1,4,3,1
smd,group23_evaluation,machine-3-2,6,15644,15739,robust_z,-1,"[31, 12, 10, 8, 14, 13, 29, 11, 34, 35, 24, 23, 25, 6, 15, 33, 1, 2, 22, 18, 32, 3, 9, 0, 19, 27, 30, 20, 21, 5, 4, 7, 16, 17, 26, 28, 36, 37]",5,0.4,0.5,0.4444444444444445,0.5413996682199069,1,4,5,2
smd,group23_evaluation,machine-3-2,6,15644,15739,pca_q,-1,"[9, 17, 16, 13, 14, 29, 11, 8, 10, 24, 35, 34, 15, 33, 22, 32, 12, 19, 1, 2, 23, 25, 6, 3, 30, 21, 27, 0, 20, 18, 5, 31, 4, 7, 26, 28, 36, 37]",1,0.0,0.0,0.0,0.0,0,4,1,0
smd,group23_evaluation,machine-3-2,6,15644,15739,pca_q,-1,"[9, 17, 16, 13, 14, 29, 11, 8, 10, 24, 35, 34, 15, 33, 22, 32, 12, 19, 1, 2, 23, 25, 6, 3, 30, 21, 27, 0, 20, 18, 5, 31, 4, 7, 26, 28, 36, 37]",3,0.0,0.0,0.0,0.0,0,4,3,0
smd,group23_evaluation,machine-3-2,6,15644,15739,pca_q,-1,"[9, 17, 16, 13, 14, 29, 11, 8, 10, 24, 35, 34, 15, 33, 22, 32, 12, 19, 1, 2, 23, 25, 6, 3, 30, 21, 27, 0, 20, 18, 5, 31, 4, 7, 26, 28, 36, 37]",5,0.4,0.5,0.4444444444444445,0.3191471544989227,1,4,5,2
smd,group23_evaluation,machine-3-2,6,15644,15739,baro_robust_scorer,-1,"[13, 8, 14, 25, 23, 5, 6, 11, 19, 24, 21, 27, 30, 20, 0, 15, 32, 22, 18, 1, 33, 2, 29, 3, 31, 12, 10, 9, 34, 35]",1,1.0,0.25,0.4,1.0,1,4,1,1
smd,group23_evaluation,machine-3-2,6,15644,15739,baro_robust_scorer,-1,"[13, 8, 14, 25, 23, 5, 6, 11, 19, 24, 21, 27, 30, 20, 0, 15, 32, 22, 18, 1, 33, 2, 29, 3, 31, 12, 10, 9, 34, 35]",3,0.6666666666666666,0.5,0.5714285714285715,0.7039180890341347,1,4,3,2
smd,group23_evaluation,machine-3-2,6,15644,15739,baro_robust_scorer,-1,"[13, 8, 14, 25, 23, 5, 6, 11, 19, 24, 21, 27, 30, 20, 0, 15, 32, 22, 18, 1, 33, 2, 29, 3, 31, 12, 10, 9, 34, 35]",5,0.4,0.5,0.4444444444444445,0.5855700749881525,1,4,5,2
smd,group23_evaluation,machine-3-2,7,20717,20723,robust_z,-1,"[10, 31, 12, 9, 29, 8, 3, 2, 1, 14, 24, 11, 0, 15, 13, 19, 34, 35, 21, 30, 32, 25, 23, 27, 33, 20, 22, 6, 5, 18, 4, 7, 16, 17, 26, 28, 36, 37]",1,1.0,0.5,0.6666666666666666,1.0,1,2,1,1
smd,group23_evaluation,machine-3-2,7,20717,20723,robust_z,-1,"[10, 31, 12, 9, 29, 8, 3, 2, 1, 14, 24, 11, 0, 15, 13, 19, 34, 35, 21, 30, 32, 25, 23, 27, 33, 20, 22, 6, 5, 18, 4, 7, 16, 17, 26, 28, 36, 37]",3,0.3333333333333333,0.5,0.4,0.6131471927654584,1,2,3,1
smd,group23_evaluation,machine-3-2,7,20717,20723,robust_z,-1,"[10, 31, 12, 9, 29, 8, 3, 2, 1, 14, 24, 11, 0, 15, 13, 19, 34, 35, 21, 30, 32, 25, 23, 27, 33, 20, 22, 6, 5, 18, 4, 7, 16, 17, 26, 28, 36, 37]",5,0.4,1.0,0.5714285714285715,0.8772153153380493,1,2,5,2
smd,group23_evaluation,machine-3-2,7,20717,20723,pca_q,-1,"[9, 17, 10, 29, 12, 16, 14, 3, 2, 8, 1, 13, 24, 31, 0, 15, 11, 19, 35, 22, 34, 32, 21, 33, 30, 27, 20, 25, 23, 6, 5, 18, 4, 7, 26, 28, 36, 37]",1,1.0,0.5,0.6666666666666666,1.0,1,2,1,1
smd,group23_evaluation,machine-3-2,7,20717,20723,pca_q,-1,"[9, 17, 10, 29, 12, 16, 14, 3, 2, 8, 1, 13, 24, 31, 0, 15, 11, 19, 35, 22, 34, 32, 21, 33, 30, 27, 20, 25, 23, 6, 5, 18, 4, 7, 26, 28, 36, 37]",3,0.6666666666666666,1.0,0.8,0.9197207891481876,1,2,3,2
smd,group23_evaluation,machine-3-2,7,20717,20723,pca_q,-1,"[9, 17, 10, 29, 12, 16, 14, 3, 2, 8, 1, 13, 24, 31, 0, 15, 11, 19, 35, 22, 34, 32, 21, 33, 30, 27, 20, 25, 23, 6, 5, 18, 4, 7, 26, 28, 36, 37]",5,0.4,1.0,0.5714285714285715,0.9197207891481876,1,2,5,2
smd,group23_evaluation,machine-3-2,7,20717,20723,baro_robust_scorer,-1,"[6, 8, 15, 25, 24, 23, 13, 5, 19, 30, 27, 21, 20, 1, 14, 3, 22, 2, 0, 33, 18, 11, 29, 10, 32, 12, 9, 34, 35]",1,0.0,0.0,0.0,0.0,0,2,1,0
smd,group23_evaluation,machine-3-2,7,20717,20723,baro_robust_scorer,-1,"[6, 8, 15, 25, 24, 23, 13, 5, 19, 30, 27, 21, 20, 1, 14, 3, 22, 2, 0, 33, 18, 11, 29, 10, 32, 12, 9, 34, 35]",3,0.0,0.0,0.0,0.0,0,2,3,0
smd,group23_evaluation,machine-3-2,7,20717,20723,baro_robust_scorer,-1,"[6, 8, 15, 25, 24, 23, 13, 5, 19, 30, 27, 21, 20, 1, 14, 3, 22, 2, 0, 33, 18, 11, 29, 10, 32, 12, 9, 34, 35]",5,0.0,0.0,0.0,0.0,0,2,5,0
smd,group23_evaluation,machine-3-2,8,23059,23062,robust_z,-1,"[12, 31, 8, 3, 2, 14, 29, 1, 15, 13, 0, 11, 24, 19, 32, 34, 35, 21, 30, 27, 25, 23, 20, 33, 5, 18, 6, 22, 4, 7, 9, 10, 16, 17, 26, 28, 36, 37]",1,1.0,0.3333333333333333,0.5,1.0,1,3,1,1
smd,group23_evaluation,machine-3-2,8,23059,23062,robust_z,-1,"[12, 31, 8, 3, 2, 14, 29, 1, 15, 13, 0, 11, 24, 19, 32, 34, 35, 21, 30, 27, 25, 23, 20, 33, 5, 18, 6, 22, 4, 7, 9, 10, 16, 17, 26, 28, 36, 37]",3,0.6666666666666666,0.6666666666666666,0.6666666666666666,0.7039180890341347,1,3,3,2
smd,group23_evaluation,machine-3-2,8,23059,23062,robust_z,-1,"[12, 31, 8, 3, 2, 14, 29, 1, 15, 13, 0, 11, 24, 19, 32, 34, 35, 21, 30, 27, 25, 23, 20, 33, 5, 18, 6, 22, 4, 7, 9, 10, 16, 17, 26, 28, 36, 37]",5,0.4,0.6666666666666666,0.5,0.7039180890341347,1,3,5,2
smd,group23_evaluation,machine-3-2,8,23059,23062,pca_q,-1,"[9, 17, 16, 3, 10, 2, 8, 14, 13, 1, 29, 11, 0, 12, 24, 15, 35, 34, 33, 32, 22, 31, 19, 25, 23, 5, 18, 6, 21, 30, 27, 20, 4, 7, 26, 28, 36, 37]",1,0.0,0.0,0.0,0.0,0,3,1,0
smd,group23_evaluation,machine-3-2,8,23059,23062,pca_q,-1,"[9, 17, 16, 3, 10, 2, 8, 14, 13, 1, 29, 11, 0, 12, 24, 15, 35, 34, 33, 32, 22, 31, 19, 25, 23, 5, 18, 6, 21, 30, 27, 20, 4, 7, 26, 28, 36, 37]",3,0.0,0.0,0.0,0.0,0,3,3,0
smd,group23_evaluation,machine-3-2,8,23059,23062,pca_q,-1,"[9, 17, 16, 3, 10, 2, 8, 14, 13, 1, 29, 11, 0, 12, 24, 15, 35, 34, 33, 32, 22, 31, 19, 25, 23, 5, 18, 6, 21, 30, 27, 20, 4, 7, 26, 28, 36, 37]",5,0.0,0.0,0.0,0.0,0,3,5,0
smd,group23_evaluation,machine-3-2,8,23059,23062,baro_robust_scorer,-1,"[8, 14, 13, 11, 15, 19, 21, 30, 27, 18, 20, 2, 1, 31, 25, 23, 24, 3, 5, 29, 6, 22, 0, 33, 34, 35]",1,1.0,0.3333333333333333,0.5,1.0,1,3,1,1
smd,group23_evaluation,machine-3-2,8,23059,23062,baro_robust_scorer,-1,"[8, 14, 13, 11, 15, 19, 21, 30, 27, 18, 20, 2, 1, 31, 25, 23, 24, 3, 5, 29, 6, 22, 0, 33, 34, 35]",3,0.3333333333333333,0.3333333333333333,0.3333333333333333,0.46927872602275644,1,3,3,1
smd,group23_evaluation,machine-3-2,8,23059,23062,baro_robust_scorer,-1,"[8, 14, 13, 11, 15, 19, 21, 30, 27, 18, 20, 2, 1, 31, 25, 23, 24, 3, 5, 29, 6, 22, 0, 33, 34, 35]",5,0.4,0.6666666666666666,0.5,0.6508205185601091,1,3,5,2
smd,group23_evaluation,machine-3-3,0,739,742,robust_z,-1,"[10, 9, 15, 12, 14, 11, 6, 8, 1, 13, 33, 31, 32, 24, 34, 35, 36, 37, 22, 21, 30, 20, 3, 27, 2, 18, 5, 23, 19, 0, 25, 4, 7, 16, 17, 26, 28, 29]",1,1.0,0.25,0.4,1.0,1,4,1,1
smd,group23_evaluation,machine-3-3,0,739,742,robust_z,-1,"[10, 9, 15, 12, 14, 11, 6, 8, 1, 13, 33, 31, 32, 24, 34, 35, 36, 37, 22, 21, 30, 20, 3, 27, 2, 18, 5, 23, 19, 0, 25, 4, 7, 16, 17, 26, 28, 29]",3,0.6666666666666666,0.5,0.5714285714285715,0.7653606369886217,1,4,3,2
smd,group23_evaluation,machine-3-3,0,739,742,robust_z,-1,"[10, 9, 15, 12, 14, 11, 6, 8, 1, 13, 33, 31, 32, 24, 34, 35, 36, 37, 22, 21, 30, 20, 3, 27, 2, 18, 5, 23, 19, 0, 25, 4, 7, 16, 17, 26, 28, 29]",5,0.6,0.75,0.6666666666666665,0.8048099750039491,1,4,5,3
smd,group23_evaluation,machine-3-3,0,739,742,pca_q,-1,"[9, 15, 8, 10, 14, 29, 11, 1, 3, 2, 23, 13, 12, 32, 33, 6, 31, 5, 0, 22, 34, 35, 36, 37, 20, 21, 27, 30, 18, 24, 19, 25, 26, 28, 4, 7, 16, 17]",1,1.0,0.25,0.4,1.0,1,4,1,1
smd,group23_evaluation,machine-3-3,0,739,742,pca_q,-1,"[9, 15, 8, 10, 14, 29, 11, 1, 3, 2, 23, 13, 12, 32, 33, 6, 31, 5, 0, 22, 34, 35, 36, 37, 20, 21, 27, 30, 18, 24, 19, 25, 26, 28, 4, 7, 16, 17]",3,0.3333333333333333,0.25,0.28571428571428575,0.46927872602275644,1,4,3,1
smd,group23_evaluation,machine-3-3,0,739,742,pca_q,-1,"[9, 15, 8, 10, 14, 29, 11, 1, 3, 2, 23, 13, 12, 32, 33, 6, 31, 5, 0, 22, 34, 35, 36, 37, 20, 21, 27, 30, 18, 24, 19, 25, 26, 28, 4, 7, 16, 17]",5,0.4,0.5,0.4444444444444445,0.5585075862632192,1,4,5,2
smd,group23_evaluation,machine-3-3,0,739,742,baro_robust_scorer,-1,"[5, 3, 2, 15, 1, 12, 11, 6, 14, 25, 33, 8, 32, 0, 31, 13, 22, 36, 37, 35, 34, 23, 24, 19, 21, 30, 20, 27, 18]",1,0.0,0.0,0.0,0.0,0,4,1,0
smd,group23_evaluation,machine-3-3,0,739,742,baro_robust_scorer,-1,"[5, 3, 2, 15, 1, 12, 11, 6, 14, 25, 33, 8, 32, 0, 31, 13, 22, 36, 37, 35, 34, 23, 24, 19, 21, 30, 20, 27, 18]",3,0.0,0.0,0.0,0.0,0,4,3,0
smd,group23_evaluation,machine-3-3,0,739,742,baro_robust_scorer,-1,"[5, 3, 2, 15, 1, 12, 11, 6, 14, 25, 33, 8, 32, 0, 31, 13, 22, 36, 37, 35, 34, 23, 24, 19, 21, 30, 20, 27, 18]",5,0.0,0.0,0.0,0.0,0,4,5,0
smd,group23_evaluation,machine-3-3,1,1808,1814,robust_z,-1,"[17, 10, 13, 1, 19, 11, 0, 24, 36, 37, 34, 35, 31, 21, 30, 2, 20, 27, 18, 22, 33, 6, 15, 3, 8, 32, 25, 23, 5, 9, 14, 12, 29, 4, 7, 16, 26, 28]",1,1.0,1.0,1.0,1.0,1,1,1,1
smd,group23_evaluation,machine-3-3,1,1808,1814,robust_z,-1,"[17, 10, 13, 1, 19, 11, 0, 24, 36, 37, 34, 35, 31, 21, 30, 2, 20, 27, 18, 22, 33, 6, 15, 3, 8, 32, 25, 23, 5, 9, 14, 12, 29, 4, 7, 16, 26, 28]",3,0.3333333333333333,1.0,0.5,1.0,1,1,3,1
smd,group23_evaluation,machine-3-3,1,1808,1814,robust_z,-1,"[17, 10, 13, 1, 19, 11, 0, 24, 36, 37, 34, 35, 31, 21, 30, 2, 20, 27, 18, 22, 33, 6, 15, 3, 8, 32, 25, 23, 5, 9, 14, 12, 29, 4, 7, 16, 26, 28]",5,0.2,1.0,0.33333333333333337,1.0,1,1,5,1
smd,group23_evaluation,machine-3-3,1,1808,1814,pca_q,-1,"[17, 9, 29, 11, 13, 19, 24, 36, 37, 34, 35, 21, 30, 20, 27, 31, 33, 22, 18, 25, 0, 5, 23, 32, 1, 8, 6, 15, 12, 2, 14, 3, 10, 28, 26, 4, 7, 16]",1,1.0,1.0,1.0,1.0,1,1,1,1
smd,group23_evaluation,machine-3-3,1,1808,1814,pca_q,-1,"[17, 9, 29, 11, 13, 19, 24, 36, 37, 34, 35, 21, 30, 20, 27, 31, 33, 22, 18, 25, 0, 5, 23, 32, 1, 8, 6, 15, 12, 2, 14, 3, 10, 28, 26, 4, 7, 16]",3,0.3333333333333333,1.0,0.5,1.0,1,1,3,1
smd,group23_evaluation,machine-3-3,1,1808,1814,pca_q,-1,"[17, 9, 29, 11, 13, 19, 24, 36, 37, 34, 35, 21, 30, 20, 27, 31, 33, 22, 18, 25, 0, 5, 23, 32, 1, 8, 6, 15, 12, 2, 14, 3, 10, 28, 26, 4, 7, 16]",5,0.2,1.0,0.33333333333333337,1.0,1,1,5,1
smd,group23_evaluation,machine-3-3,1,1808,1814,baro_robust_scorer,-1,"[6, 15, 3, 35, 36, 37, 34, 31, 2, 1, 18, 11, 23, 5, 13, 25, 20, 27, 17, 21, 12, 30, 22, 24, 29, 32, 9, 10, 33, 19, 0, 8, 14]",1,0.0,0.0,0.0,0.0,0,1,1,0
smd,group23_evaluation,machine-3-3,1,1808,1814,baro_robust_scorer,-1,"[6, 15, 3, 35, 36, 37, 34, 31, 2, 1, 18, 11, 23, 5, 13, 25, 20, 27, 17, 21, 12, 30, 22, 24, 29, 32, 9, 10, 33, 19, 0, 8, 14]",3,0.0,0.0,0.0,0.0,0,1,3,0
smd,group23_evaluation,machine-3-3,1,1808,1814,baro_robust_scorer,-1,"[6, 15, 3, 35, 36, 37, 34, 31, 2, 1, 18, 11, 23, 5, 13, 25, 20, 27, 17, 21, 12, 30, 22, 24, 29, 32, 9, 10, 33, 19, 0, 8, 14]",5,0.0,0.0,0.0,0.0,0,1,5,0
smd,group23_evaluation,machine-3-3,2,2179,2182,robust_z,-1,"[10, 9, 12, 11, 14, 6, 13, 8, 33, 34, 35, 36, 37, 31, 32, 22, 5, 24, 15, 25, 30, 21, 23, 20, 27, 18, 0, 19, 3, 1, 2, 4, 7, 16, 17, 26, 28, 29]",1,1.0,0.25,0.4,1.0,1,4,1,1
smd,group23_evaluation,machine-3-3,2,2179,2182,robust_z,-1,"[10, 9, 12, 11, 14, 6, 13, 8, 33, 34, 35, 36, 37, 31, 32, 22, 5, 24, 15, 25, 30, 21, 23, 20, 27, 18, 0, 19, 3, 1, 2, 4, 7, 16, 17, 26, 28, 29]",3,1.0,0.75,0.8571428571428571,1.0,1,4,3,3
smd,group23_evaluation,machine-3-3,2,2179,2182,robust_z,-1,"[10, 9, 12, 11, 14, 6, 13, 8, 33, 34, 35, 36, 37, 31, 32, 22, 5, 24, 15, 25, 30, 21, 23, 20, 27, 18, 0, 19, 3, 1, 2, 4, 7, 16, 17, 26, 28, 29]",5,0.8,1.0,0.888888888888889,1.0,1,4,5,4
smd,group23_evaluation,machine-3-3,2,2179,2182,pca_q,-1,"[9, 8, 10, 15, 29, 14, 1, 11, 13, 2, 3, 23, 5, 33, 31, 0, 32, 22, 34, 36, 37, 35, 12, 6, 24, 21, 30, 20, 27, 18, 19, 25, 26, 28, 4, 7, 16, 17]",1,1.0,0.25,0.4,1.0,1,4,1,1
smd,group23_evaluation,machine-3-3,2,2179,2182,pca_q,-1,"[9, 8, 10, 15, 29, 14, 1, 11, 13, 2, 3, 23, 5, 33, 31, 0, 32, 22, 34, 36, 37, 35, 12, 6, 24, 21, 30, 20, 27, 18, 19, 25, 26, 28, 4, 7, 16, 17]",3,0.6666666666666666,0.5,0.5714285714285715,0.7039180890341347,1,4,3,2
smd,group23_evaluation,machine-3-3,2,2179,2182,pca_q,-1,"[9, 8, 10, 15, 29, 14, 1, 11, 13, 2, 3, 23, 5, 33, 31, 0, 32, 22, 34, 36, 37, 35, 12, 6, 24, 21, 30, 20, 27, 18, 19, 25, 26, 28, 4, 7, 16, 17]",5,0.4,0.5,0.4444444444444445,0.5855700749881525,1,4,5,2
smd,group23_evaluation,machine-3-3,2,2179,2182,baro_robust_scorer,-1,"[12, 6, 0, 2, 3, 11, 19, 18, 20, 27, 30, 21, 24, 22, 5, 33, 1, 13, 15, 35, 36, 37, 34, 23, 8, 14, 25, 31]",1,1.0,0.25,0.4,1.0,1,4,1,1
smd,group23_evaluation,machine-3-3,2,2179,2182,baro_robust_scorer,-1,"[12, 6, 0, 2, 3, 11, 19, 18, 20, 27, 30, 21, 24, 22, 5, 33, 1, 13, 15, 35, 36, 37, 34, 23, 8, 14, 25, 31]",3,0.3333333333333333,0.25,0.28571428571428575,0.46927872602275644,1,4,3,1
smd,group23_evaluation,machine-3-3,2,2179,2182,baro_robust_scorer,-1,"[12, 6, 0, 2, 3, 11, 19, 18, 20, 27, 30, 21, 24, 22, 5, 33, 1, 13, 15, 35, 36, 37, 34, 23, 8, 14, 25, 31]",5,0.2,0.25,0.22222222222222224,0.3903800499921017,1,4,5,1
smd,group23_evaluation,machine-3-3,3,3619,3622,robust_z,-1,"[10, 9, 12, 11, 6, 33, 14, 31, 35, 34, 36, 37, 32, 22, 5, 24, 1, 21, 30, 13, 20, 27, 23, 18, 8, 25, 15, 0, 2, 19, 3, 4, 7, 16, 17, 26, 28, 29]",1,1.0,0.25,0.4,1.0,1,4,1,1
smd,group23_evaluation,machine-3-3,3,3619,3622,robust_z,-1,"[10, 9, 12, 11, 6, 33, 14, 31, 35, 34, 36, 37, 32, 22, 5, 24, 1, 21, 30, 13, 20, 27, 23, 18, 8, 25, 15, 0, 2, 19, 3, 4, 7, 16, 17, 26, 28, 29]",3,1.0,0.75,0.8571428571428571,1.0,1,4,3,3
smd,group23_evaluation,machine-3-3,3,3619,3622,robust_z,-1,"[10, 9, 12, 11, 6, 33, 14, 31, 35, 34, 36, 37, 32, 22, 5, 24, 1, 21, 30, 13, 20, 27, 23, 18, 8, 25, 15, 0, 2, 19, 3, 4, 7, 16, 17, 26, 28, 29]",5,0.8,1.0,0.888888888888889,1.0,1,4,5,4
smd,group23_evaluation,machine-3-3,3,3619,3622,pca_q,-1,"[9, 8, 10, 15, 29, 1, 2, 14, 33, 3, 23, 31, 13, 5, 11, 32, 35, 34, 36, 37, 0, 22, 6, 21, 30, 20, 27, 24, 18, 12, 19, 25, 26, 28, 4, 7, 16, 17]",1,1.0,0.25,0.4,1.0,1,4,1,1
smd,group23_evaluation,machine-3-3,3,3619,3622,pca_q,-1,"[9, 8, 10, 15, 29, 1, 2, 14, 33, 3, 23, 31, 13, 5, 11, 32, 35, 34, 36, 37, 0, 22, 6, 21, 30, 20, 27, 24, 18, 12, 19, 25, 26, 28, 4, 7, 16, 17]",3,0.6666666666666666,0.5,0.5714285714285715,0.7039180890341347,1,4,3,2
smd,group23_evaluation,machine-3-3,3,3619,3622,pca_q,-1,"[9, 8, 10, 15, 29, 1, 2, 14, 33, 3, 23, 31, 13, 5, 11, 32, 35, 34, 36, 37, 0, 22, 6, 21, 30, 20, 27, 24, 18, 12, 19, 25, 26, 28, 4, 7, 16, 17]",5,0.4,0.5,0.4444444444444445,0.5855700749881525,1,4,5,2
smd,group23_evaluation,machine-3-3,3,3619,3622,baro_robust_scorer,-1,"[9, 12, 0, 6, 18, 13, 15, 20, 27, 8, 19, 11, 25, 21, 33, 30, 14, 1, 34, 36, 37, 22, 35, 23, 3, 5, 24, 2, 31]",1,1.0,0.25,0.4,1.0,1,4,1,1
smd,group23_evaluation,machine-3-3,3,3619,3622,baro_robust_scorer,-1,"[9, 12, 0, 6, 18, 13, 15, 20, 27, 8, 19, 11, 25, 21, 33, 30, 14, 1, 34, 36, 37, 22, 35, 23, 3, 5, 24, 2, 31]",3,0.6666666666666666,0.5,0.5714285714285715,0.7653606369886217,1,4,3,2
smd,group23_evaluation,machine-3-3,3,3619,3622,baro_robust_scorer,-1,"[9, 12, 0, 6, 18, 13, 15, 20, 27, 8, 19, 11, 25, 21, 33, 30, 14, 1, 34, 36, 37, 22, 35, 23, 3, 5, 24, 2, 31]",5,0.4,0.5,0.4444444444444445,0.6366824387328317,1,4,5,2
smd,group23_evaluation,machine-3-3,4,4561,4578,robust_z,-1,"[10, 9, 23, 6, 8, 29, 5, 1, 13, 12, 2, 15, 11, 14, 3, 33, 32, 24, 25, 19, 0, 31, 36, 37, 34, 35, 22, 21, 30, 27, 20, 18, 4, 7, 16, 17, 26, 28]",1,1.0,0.041666666666666664,0.07999999999999999,1.0,1,24,1,1
smd,group23_evaluation,machine-3-3,4,4561,4578,robust_z,-1,"[10, 9, 23, 6, 8, 29, 5, 1, 13, 12, 2, 15, 11, 14, 3, 33, 32, 24, 25, 19, 0, 31, 36, 37, 34, 35, 22, 21, 30, 27, 20, 18, 4, 7, 16, 17, 26, 28]",3,1.0,0.125,0.2222222222222222,1.0,1,24,3,3
smd,group23_evaluation,machine-3-3,4,4561,4578,robust_z,-1,"[10, 9, 23, 6, 8, 29, 5, 1, 13, 12, 2, 15, 11, 14, 3, 33, 32, 24, 25, 19, 0, 31, 36, 37, 34, 35, 22, 21, 30, 27, 20, 18, 4, 7, 16, 17, 26, 28]",5,1.0,0.20833333333333334,0.3448275862068966,1.0,1,24,5,5
smd,group23_evaluation,machine-3-3,4,4561,4578,pca_q,-1,"[9, 8, 29, 23, 6, 10, 13, 5, 15, 1, 14, 11, 12, 25, 2, 0, 32, 3, 24, 33, 19, 22, 21, 30, 36, 37, 34, 35, 18, 27, 20, 31, 26, 28, 4, 7, 16, 17]",1,1.0,0.041666666666666664,0.07999999999999999,1.0,1,24,1,1
smd,group23_evaluation,machine-3-3,4,4561,4578,pca_q,-1,"[9, 8, 29, 23, 6, 10, 13, 5, 15, 1, 14, 11, 12, 25, 2, 0, 32, 3, 24, 33, 19, 22, 21, 30, 36, 37, 34, 35, 18, 27, 20, 31, 26, 28, 4, 7, 16, 17]",3,0.6666666666666666,0.08333333333333333,0.14814814814814814,0.7653606369886217,1,24,3,2
smd,group23_evaluation,machine-3-3,4,4561,4578,pca_q,-1,"[9, 8, 29, 23, 6, 10, 13, 5, 15, 1, 14, 11, 12, 25, 2, 0, 32, 3, 24, 33, 19, 22, 21, 30, 36, 37, 34, 35, 18, 27, 20, 31, 26, 28, 4, 7, 16, 17]",5,0.8,0.16666666666666666,0.27586206896551724,0.830419897363192,1,24,5,4
smd,group23_evaluation,machine-3-3,4,4561,4578,baro_robust_scorer,-1,"[9, 10, 8, 15, 12, 13, 14, 0, 1, 2, 3, 11, 21, 30, 31, 20, 27, 19, 18, 34, 36, 37, 35, 24, 25, 22, 32, 23, 33, 29, 5, 6]",1,1.0,0.041666666666666664,0.07999999999999999,1.0,1,24,1,1
smd,group23_evaluation,machine-3-3,4,4561,4578,baro_robust_scorer,-1,"[9, 10, 8, 15, 12, 13, 14, 0, 1, 2, 3, 11, 21, 30, 31, 20, 27, 19, 18, 34, 36, 37, 35, 24, 25, 22, 32, 23, 33, 29, 5, 6]",3,1.0,0.125,0.2222222222222222,1.0,1,24,3,3
smd,group23_evaluation,machine-3-3,4,4561,4578,baro_robust_scorer,-1,"[9, 10, 8, 15, 12, 13, 14, 0, 1, 2, 3, 11, 21, 30, 31, 20, 27, 19, 18, 34, 36, 37, 35, 24, 25, 22, 32, 23, 33, 29, 5, 6]",5,0.8,0.16666666666666666,0.27586206896551724,0.8539316501572937,1,24,5,4
smd,group23_evaluation,machine-3-3,5,4564,4567,robust_z,-1,"[10, 9, 8, 23, 29, 6, 12, 1, 5, 13, 15, 14, 2, 25, 11, 3, 0, 33, 32, 24, 31, 36, 37, 34, 35, 22, 19, 30, 21, 20, 27, 18, 4, 7, 16, 17, 26, 28]",1,1.0,0.041666666666666664,0.07999999999999999,1.0,1,24,1,1
smd,group23_evaluation,machine-3-3,5,4564,4567,robust_z,-1,"[10, 9, 8, 23, 29, 6, 12, 1, 5, 13, 15, 14, 2, 25, 11, 3, 0, 33, 32, 24, 31, 36, 37, 34, 35, 22, 19, 30, 21, 20, 27, 18, 4, 7, 16, 17, 26, 28]",3,1.0,0.125,0.2222222222222222,1.0,1,24,3,3
smd,group23_evaluation,machine-3-3,5,4564,4567,robust_z,-1,"[10, 9, 8, 23, 29, 6, 12, 1, 5, 13, 15, 14, 2, 25, 11, 3, 0, 33, 32, 24, 31, 36, 37, 34, 35, 22, 19, 30, 21, 20, 27, 18, 4, 7, 16, 17, 26, 28]",5,0.8,0.16666666666666666,0.27586206896551724,0.8687949224876582,1,24,5,4
smd,group23_evaluation,machine-3-3,5,4564,4567,pca_q,-1,"[9, 8, 29, 23, 10, 6, 13, 14, 1, 5, 15, 25, 11, 2, 0, 12, 3, 24, 33, 32, 22, 19, 18, 21, 30, 27, 20, 34, 36, 37, 35, 31, 26, 28, 4, 7, 16, 17]",1,1.0,0.041666666666666664,0.07999999999999999,1.0,1,24,1,1
smd,group23_evaluation,machine-3-3,5,4564,4567,pca_q,-1,"[9, 8, 29, 23, 10, 6, 13, 14, 1, 5, 15, 25, 11, 2, 0, 12, 3, 24, 33, 32, 22, 19, 18, 21, 30, 27, 20, 34, 36, 37, 35, 31, 26, 28, 4, 7, 16, 17]",3,0.6666666666666666,0.08333333333333333,0.14814814814814814,0.7653606369886217,1,24,3,2
smd,group23_evaluation,machine-3-3,5,4564,4567,pca_q,-1,"[9, 8, 29, 23, 10, 6, 13, 14, 1, 5, 15, 25, 11, 2, 0, 12, 3, 24, 33, 32, 22, 19, 18, 21, 30, 27, 20, 34, 36, 37, 35, 31, 26, 28, 4, 7, 16, 17]",5,0.8,0.16666666666666666,0.27586206896551724,0.830419897363192,1,24,5,4
smd,group23_evaluation,machine-3-3,5,4564,4567,baro_robust_scorer,-1,"[9, 8, 29, 12, 15, 1, 13, 14, 3, 2, 0, 11, 24, 32, 33, 36, 37, 35, 34, 31, 22, 30, 19, 21, 18, 27, 20, 25, 6, 5, 23]",1,1.0,0.041666666666666664,0.07999999999999999,1.0,1,24,1,1
smd,group23_evaluation,machine-3-3,5,4564,4567,baro_robust_scorer,-1,"[9, 8, 29, 12, 15, 1, 13, 14, 3, 2, 0, 11, 24, 32, 33, 36, 37, 35, 34, 31, 22, 30, 19, 21, 18, 27, 20, 25, 6, 5, 23]",3,0.6666666666666666,0.08333333333333333,0.14814814814814814,0.7653606369886217,1,24,3,2
smd,group23_evaluation,machine-3-3,5,4564,4567,baro_robust_scorer,-1,"[9, 8, 29, 12, 15, 1, 13, 14, 3, 2, 0, 11, 24, 32, 33, 36, 37, 35, 34, 31, 22, 30, 19, 21, 18, 27, 20, 25, 6, 5, 23]",5,0.6,0.125,0.20689655172413793,0.6992148198508501,1,24,5,3
smd,group23_evaluation,machine-3-3,6,5059,5062,robust_z,-1,"[10, 9, 6, 12, 11, 14, 23, 33, 31, 13, 35, 34, 36, 37, 25, 32, 8, 5, 22, 24, 21, 30, 20, 27, 15, 18, 1, 0, 19, 3, 2, 4, 7, 16, 17, 26, 28, 29]",1,1.0,0.25,0.4,1.0,1,4,1,1
smd,group23_evaluation,machine-3-3,6,5059,5062,robust_z,-1,"[10, 9, 6, 12, 11, 14, 23, 33, 31, 13, 35, 34, 36, 37, 25, 32, 8, 5, 22, 24, 21, 30, 20, 27, 15, 18, 1, 0, 19, 3, 2, 4, 7, 16, 17, 26, 28, 29]",3,0.6666666666666666,0.5,0.5714285714285715,0.7653606369886217,1,4,3,2
smd,group23_evaluation,machine-3-3,6,5059,5062,robust_z,-1,"[10, 9, 6, 12, 11, 14, 23, 33, 31, 13, 35, 34, 36, 37, 25, 32, 8, 5, 22, 24, 21, 30, 20, 27, 15, 18, 1, 0, 19, 3, 2, 4, 7, 16, 17, 26, 28, 29]",5,0.8,1.0,0.888888888888889,0.9558295932317544,1,4,5,4
smd,group23_evaluation,machine-3-3,6,5059,5062,pca_q,-1,"[9, 8, 10, 6, 15, 29, 11, 14, 13, 3, 2, 1, 33, 23, 31, 5, 35, 34, 36, 37, 0, 32, 22, 21, 30, 20, 27, 24, 18, 19, 25, 12, 26, 28, 4, 7, 16, 17]",1,1.0,0.25,0.4,1.0,1,4,1,1
smd,group23_evaluation,machine-3-3,6,5059,5062,pca_q,-1,"[9, 8, 10, 6, 15, 29, 11, 14, 13, 3, 2, 1, 33, 23, 31, 5, 35, 34, 36, 37, 0, 32, 22, 21, 30, 20, 27, 24, 18, 19, 25, 12, 26, 28, 4, 7, 16, 17]",3,0.6666666666666666,0.5,0.5714285714285715,0.7039180890341347,1,4,3,2
smd,group23_evaluation,machine-3-3,6,5059,5062,pca_q,-1,"[9, 8, 10, 6, 15, 29, 11, 14, 13, 3, 2, 1, 33, 23, 31, 5, 35, 34, 36, 37, 0, 32, 22, 21, 30, 20, 27, 24, 18, 19, 25, 12, 26, 28, 4, 7, 16, 17]",5,0.4,0.5,0.4444444444444445,0.5855700749881525,1,4,5,2
smd,group23_evaluation,machine-3-3,6,5059,5062,baro_robust_scorer,-1,"[9, 12, 3, 2, 1, 6, 0, 24, 22, 11, 31, 5, 34, 36, 37, 35, 21, 30, 18, 20, 27, 19, 13, 15, 8, 33, 14, 25, 23]",1,1.0,0.25,0.4,1.0,1,4,1,1
smd,group23_evaluation,machine-3-3,6,5059,5062,baro_robust_scorer,-1,"[9, 12, 3, 2, 1, 6, 0, 24, 22, 11, 31, 5, 34, 36, 37, 35, 21, 30, 18, 20, 27, 19, 13, 15, 8, 33, 14, 25, 23]",3,0.6666666666666666,0.5,0.5714285714285715,0.7653606369886217,1,4,3,2
smd,group23_evaluation,machine-3-3,6,5059,5062,baro_robust_scorer,-1,"[9, 12, 3, 2, 1, 6, 0, 24, 22, 11, 31, 5, 34, 36, 37, 35, 21, 30, 18, 20, 27, 19, 13, 15, 8, 33, 14, 25, 23]",5,0.4,0.5,0.4444444444444445,0.6366824387328317,1,4,5,2
smd,group23_evaluation,machine-3-3,7,5449,5453,robust_z,-1,"[16, 10, 9, 15, 14, 6, 8, 11, 12, 23, 25, 33, 31, 35, 34, 36, 37, 24, 22, 18, 30, 21, 20, 27, 0, 5, 3, 2, 19, 13, 1, 32, 4, 7, 17, 26, 28, 29]",1,1.0,0.2,0.33333333333333337,1.0,1,5,1,1
smd,group23_evaluation,machine-3-3,7,5449,5453,robust_z,-1,"[16, 10, 9, 15, 14, 6, 8, 11, 12, 23, 25, 33, 31, 35, 34, 36, 37, 24, 22, 18, 30, 21, 20, 27, 0, 5, 3, 2, 19, 13, 1, 32, 4, 7, 17, 26, 28, 29]",3,0.3333333333333333,0.2,0.25,0.46927872602275644,1,5,3,1
smd,group23_evaluation,machine-3-3,7,5449,5453,robust_z,-1,"[16, 10, 9, 15, 14, 6, 8, 11, 12, 23, 25, 33, 31, 35, 34, 36, 37, 24, 22, 18, 30, 21, 20, 27, 0, 5, 3, 2, 19, 13, 1, 32, 4, 7, 17, 26, 28, 29]",5,0.6,0.6,0.6,0.6164336326286644,1,5,5,3
smd,group23_evaluation,machine-3-3,7,5449,5453,pca_q,-1,"[16, 9, 15, 10, 14, 8, 11, 6, 12, 29, 1, 2, 3, 33, 31, 23, 0, 5, 35, 36, 37, 34, 22, 18, 20, 13, 27, 30, 21, 24, 25, 19, 32, 26, 28, 4, 7, 17]",1,1.0,0.2,0.33333333333333337,1.0,1,5,1,1
smd,group23_evaluation,machine-3-3,7,5449,5453,pca_q,-1,"[16, 9, 15, 10, 14, 8, 11, 6, 12, 29, 1, 2, 3, 33, 31, 23, 0, 5, 35, 36, 37, 34, 22, 18, 20, 13, 27, 30, 21, 24, 25, 19, 32, 26, 28, 4, 7, 17]",3,0.6666666666666666,0.4,0.5,0.7039180890341347,1,5,3,2
smd,group23_evaluation,machine-3-3,7,5449,5453,pca_q,-1,"[16, 9, 15, 10, 14, 8, 11, 6, 12, 29, 1, 2, 3, 33, 31, 23, 0, 5, 35, 36, 37, 34, 22, 18, 20, 13, 27, 30, 21, 24, 25, 19, 32, 26, 28, 4, 7, 17]",5,0.6,0.6,0.6,0.639945385422766,1,5,5,3
smd,group23_evaluation,machine-3-3,7,5449,5453,baro_robust_scorer,-1,"[6, 15, 5, 12, 8, 14, 0, 11, 33, 31, 13, 25, 1, 22, 24, 3, 23, 19, 35, 34, 36, 37, 2, 21, 30, 27, 20, 18]",1,0.0,0.0,0.0,0.0,0,5,1,0
smd,group23_evaluation,machine-3-3,7,5449,5453,baro_robust_scorer,-1,"[6, 15, 5, 12, 8, 14, 0, 11, 33, 31, 13, 25, 1, 22, 24, 3, 23, 19, 35, 34, 36, 37, 2, 21, 30, 27, 20, 18]",3,0.3333333333333333,0.2,0.25,0.2960819109658652,1,5,3,1
smd,group23_evaluation,machine-3-3,7,5449,5453,baro_robust_scorer,-1,"[6, 15, 5, 12, 8, 14, 0, 11, 33, 31, 13, 25, 1, 22, 24, 3, 23, 19, 35, 34, 36, 37, 2, 21, 30, 27, 20, 18]",5,0.4,0.4,0.4000000000000001,0.36005461457723403,1,5,5,2
smd,group23_evaluation,machine-3-3,8,6499,6502,robust_z,-1,"[10, 9, 12, 6, 11, 14, 23, 31, 22, 35, 34, 36, 37, 5, 24, 25, 8, 21, 30, 33, 1, 20, 27, 15, 13, 18, 0, 3, 2, 19, 32, 4, 7, 16, 17, 26, 28, 29]",1,1.0,0.25,0.4,1.0,1,4,1,1
smd,group23_evaluation,machine-3-3,8,6499,6502,robust_z,-1,"[10, 9, 12, 6, 11, 14, 23, 31, 22, 35, 34, 36, 37, 5, 24, 25, 8, 21, 30, 33, 1, 20, 27, 15, 13, 18, 0, 3, 2, 19, 32, 4, 7, 16, 17, 26, 28, 29]",3,1.0,0.75,0.8571428571428571,1.0,1,4,3,3
smd,group23_evaluation,machine-3-3,8,6499,6502,robust_z,-1,"[10, 9, 12, 6, 11, 14, 23, 31, 22, 35, 34, 36, 37, 5, 24, 25, 8, 21, 30, 33, 1, 20, 27, 15, 13, 18, 0, 3, 2, 19, 32, 4, 7, 16, 17, 26, 28, 29]",5,0.8,1.0,0.888888888888889,0.9828920819566879,1,4,5,4
smd,group23_evaluation,machine-3-3,8,6499,6502,pca_q,-1,"[9, 8, 10, 15, 29, 1, 14, 6, 2, 3, 23, 31, 13, 5, 22, 33, 0, 35, 36, 37, 34, 32, 21, 30, 20, 24, 27, 11, 18, 19, 12, 25, 26, 28, 4, 7, 16, 17]",1,1.0,0.25,0.4,1.0,1,4,1,1
smd,group23_evaluation,machine-3-3,8,6499,6502,pca_q,-1,"[9, 8, 10, 15, 29, 1, 14, 6, 2, 3, 23, 31, 13, 5, 22, 33, 0, 35, 36, 37, 34, 32, 21, 30, 20, 24, 27, 11, 18, 19, 12, 25, 26, 28, 4, 7, 16, 17]",3,0.6666666666666666,0.5,0.5714285714285715,0.7039180890341347,1,4,3,2
smd,group23_evaluation,machine-3-3,8,6499,6502,pca_q,-1,"[9, 8, 10, 15, 29, 1, 14, 6, 2, 3, 23, 31, 13, 5, 22, 33, 0, 35, 36, 37, 34, 32, 21, 30, 20, 24, 27, 11, 18, 19, 12, 25, 26, 28, 4, 7, 16, 17]",5,0.4,0.5,0.4444444444444445,0.5855700749881525,1,4,5,2
smd,group23_evaluation,machine-3-3,8,6499,6502,baro_robust_scorer,-1,"[9, 10, 12, 22, 6, 3, 2, 33, 23, 24, 13, 15, 8, 14, 11, 0, 32, 21, 30, 1, 31, 36, 37, 20, 27, 35, 34, 18, 19, 25, 5]",1,1.0,0.25,0.4,1.0,1,4,1,1
smd,group23_evaluation,machine-3-3,8,6499,6502,baro_robust_scorer,-1,"[9, 10, 12, 22, 6, 3, 2, 33, 23, 24, 13, 15, 8, 14, 11, 0, 32, 21, 30, 1, 31, 36, 37, 20, 27, 35, 34, 18, 19, 25, 5]",3,1.0,0.75,0.8571428571428571,1.0,1,4,3,3
smd,group23_evaluation,machine-3-3,8,6499,6502,baro_robust_scorer,-1,"[9, 10, 12, 22, 6, 3, 2, 33, 23, 24, 13, 15, 8, 14, 11, 0, 32, 21, 30, 1, 31, 36, 37, 20, 27, 35, 34, 18, 19, 25, 5]",5,0.6,0.75,0.6666666666666665,0.8318724637288826,1,4,5,3
smd,group23_evaluation,machine-3-3,9,7939,7942,robust_z,-1,"[10, 9, 12, 11, 6, 23, 14, 31, 25, 22, 35, 34, 36, 37, 5, 24, 30, 21, 20, 27, 18, 8, 13, 0, 1, 15, 19, 33, 3, 2, 4, 7, 16, 17, 26, 28, 29, 32]",1,1.0,0.25,0.4,1.0,1,4,1,1
smd,group23_evaluation,machine-3-3,9,7939,7942,robust_z,-1,"[10, 9, 12, 11, 6, 23, 14, 31, 25, 22, 35, 34, 36, 37, 5, 24, 30, 21, 20, 27, 18, 8, 13, 0, 1, 15, 19, 33, 3, 2, 4, 7, 16, 17, 26, 28, 29, 32]",3,1.0,0.75,0.8571428571428571,1.0,1,4,3,3
smd,group23_evaluation,machine-3-3,9,7939,7942,robust_z,-1,"[10, 9, 12, 11, 6, 23, 14, 31, 25, 22, 35, 34, 36, 37, 5, 24, 30, 21, 20, 27, 18, 8, 13, 0, 1, 15, 19, 33, 3, 2, 4, 7, 16, 17, 26, 28, 29, 32]",5,0.8,1.0,0.888888888888889,1.0,1,4,5,4
smd,group23_evaluation,machine-3-3,9,7939,7942,pca_q,-1,"[9, 8, 10, 15, 29, 14, 1, 31, 23, 5, 2, 13, 3, 22, 35, 34, 36, 37, 0, 11, 6, 21, 30, 20, 27, 24, 18, 25, 19, 33, 32, 12, 26, 28, 4, 7, 16, 17]",1,1.0,0.25,0.4,1.0,1,4,1,1
smd,group23_evaluation,machine-3-3,9,7939,7942,pca_q,-1,"[9, 8, 10, 15, 29, 14, 1, 31, 23, 5, 2, 13, 3, 22, 35, 34, 36, 37, 0, 11, 6, 21, 30, 20, 27, 24, 18, 25, 19, 33, 32, 12, 26, 28, 4, 7, 16, 17]",3,0.6666666666666666,0.5,0.5714285714285715,0.7039180890341347,1,4,3,2
smd,group23_evaluation,machine-3-3,9,7939,7942,pca_q,-1,"[9, 8, 10, 15, 29, 14, 1, 31, 23, 5, 2, 13, 3, 22, 35, 34, 36, 37, 0, 11, 6, 21, 30, 20, 27, 24, 18, 25, 19, 33, 32, 12, 26, 28, 4, 7, 16, 17]",5,0.4,0.5,0.4444444444444445,0.5855700749881525,1,4,5,2
smd,group23_evaluation,machine-3-3,9,7939,7942,baro_robust_scorer,-1,"[9, 12, 0, 3, 6, 25, 2, 1, 18, 34, 36, 37, 35, 27, 20, 21, 24, 30, 31, 33, 22, 19, 23, 13, 15, 11, 8, 14, 5]",1,1.0,0.25,0.4,1.0,1,4,1,1
smd,group23_evaluation,machine-3-3,9,7939,7942,baro_robust_scorer,-1,"[9, 12, 0, 3, 6, 25, 2, 1, 18, 34, 36, 37, 35, 27, 20, 21, 24, 30, 31, 33, 22, 19, 23, 13, 15, 11, 8, 14, 5]",3,0.6666666666666666,0.5,0.5714285714285715,0.7653606369886217,1,4,3,2
smd,group23_evaluation,machine-3-3,9,7939,7942,baro_robust_scorer,-1,"[9, 12, 0, 3, 6, 25, 2, 1, 18, 34, 36, 37, 35, 27, 20, 21, 24, 30, 31, 33, 22, 19, 23, 13, 15, 11, 8, 14, 5]",5,0.4,0.5,0.4444444444444445,0.6366824387328317,1,4,5,2
smd,group23_evaluation,machine-3-3,10,8407,8414,robust_z,-1,"[16, 10, 9, 15, 14, 8, 12, 1, 11, 5, 2, 6, 23, 13, 33, 25, 29, 18, 32, 0, 31, 20, 27, 3, 30, 21, 35, 34, 36, 37, 24, 19, 22, 4, 7, 17, 26, 28]",1,1.0,0.2,0.33333333333333337,1.0,1,5,1,1
smd,group23_evaluation,machine-3-3,10,8407,8414,robust_z,-1,"[16, 10, 9, 15, 14, 8, 12, 1, 11, 5, 2, 6, 23, 13, 33, 25, 29, 18, 32, 0, 31, 20, 27, 3, 30, 21, 35, 34, 36, 37, 24, 19, 22, 4, 7, 17, 26, 28]",3,0.3333333333333333,0.2,0.25,0.46927872602275644,1,5,3,1
smd,group23_evaluation,machine-3-3,10,8407,8414,robust_z,-1,"[16, 10, 9, 15, 14, 8, 12, 1, 11, 5, 2, 6, 23, 13, 33, 25, 29, 18, 32, 0, 31, 20, 27, 3, 30, 21, 35, 34, 36, 37, 24, 19, 22, 4, 7, 17, 26, 28]",5,0.6,0.6,0.6,0.6164336326286644,1,5,5,3
smd,group23_evaluation,machine-3-3,10,8407,8414,pca_q,-1,"[16, 9, 15, 14, 10, 8, 12, 11, 1, 29, 3, 5, 2, 33, 13, 32, 0, 31, 18, 23, 20, 27, 30, 21, 35, 34, 36, 37, 25, 24, 22, 19, 6, 26, 28, 4, 7, 17]",1,1.0,0.2,0.33333333333333337,1.0,1,5,1,1
smd,group23_evaluation,machine-3-3,10,8407,8414,pca_q,-1,"[16, 9, 15, 14, 10, 8, 12, 11, 1, 29, 3, 5, 2, 33, 13, 32, 0, 31, 18, 23, 20, 27, 30, 21, 35, 34, 36, 37, 25, 24, 22, 19, 6, 26, 28, 4, 7, 17]",3,0.6666666666666666,0.4,0.5,0.7039180890341347,1,5,3,2
smd,group23_evaluation,machine-3-3,10,8407,8414,pca_q,-1,"[16, 9, 15, 14, 10, 8, 12, 11, 1, 29, 3, 5, 2, 33, 13, 32, 0, 31, 18, 23, 20, 27, 30, 21, 35, 34, 36, 37, 25, 24, 22, 19, 6, 26, 28, 4, 7, 17]",5,0.6,0.6,0.6,0.6548086577531307,1,5,5,3
smd,group23_evaluation,machine-3-3,10,8407,8414,baro_robust_scorer,-1,"[15, 14, 8, 10, 9, 2, 3, 1, 11, 13, 25, 34, 36, 37, 35, 24, 22, 31, 33, 6, 5, 12, 21, 0, 30, 19, 27, 20, 18, 23]",1,1.0,0.2,0.33333333333333337,1.0,1,5,1,1
smd,group23_evaluation,machine-3-3,10,8407,8414,baro_robust_scorer,-1,"[15, 14, 8, 10, 9, 2, 3, 1, 11, 13, 25, 34, 36, 37, 35, 24, 22, 31, 33, 6, 5, 12, 21, 0, 30, 19, 27, 20, 18, 23]",3,0.6666666666666666,0.4,0.5,0.7653606369886217,1,5,3,2
smd,group23_evaluation,machine-3-3,10,8407,8414,baro_robust_scorer,-1,"[15, 14, 8, 10, 9, 2, 3, 1, 11, 13, 25, 34, 36, 37, 35, 24, 22, 31, 33, 6, 5, 12, 21, 0, 30, 19, 27, 20, 18, 23]",5,0.4,0.4,0.4000000000000001,0.5531464700081437,1,5,5,2
smd,group23_evaluation,machine-3-3,11,9737,9740,robust_z,-1,"[16, 10, 9, 15, 8, 14, 12, 11, 1, 23, 13, 2, 25, 3, 31, 35, 34, 36, 37, 24, 22, 30, 21, 20, 27, 18, 29, 19, 0, 33, 6, 32, 5, 4, 7, 17, 26, 28]",1,1.0,0.3333333333333333,0.5,1.0,1,3,1,1
smd,group23_evaluation,machine-3-3,11,9737,9740,robust_z,-1,"[16, 10, 9, 15, 8, 14, 12, 11, 1, 23, 13, 2, 25, 3, 31, 35, 34, 36, 37, 24, 22, 30, 21, 20, 27, 18, 29, 19, 0, 33, 6, 32, 5, 4, 7, 17, 26, 28]",3,0.3333333333333333,0.3333333333333333,0.3333333333333333,0.46927872602275644,1,3,3,1
smd,group23_evaluation,machine-3-3,11,9737,9740,robust_z,-1,"[16, 10, 9, 15, 8, 14, 12, 11, 1, 23, 13, 2, 25, 3, 31, 35, 34, 36, 37, 24, 22, 30, 21, 20, 27, 18, 29, 19, 0, 33, 6, 32, 5, 4, 7, 17, 26, 28]",5,0.4,0.6666666666666666,0.5,0.6713860725233041,1,3,5,2
smd,group23_evaluation,machine-3-3,11,9737,9740,pca_q,-1,"[16, 9, 15, 10, 14, 8, 1, 2, 3, 11, 29, 31, 13, 0, 35, 34, 36, 37, 22, 30, 20, 21, 27, 18, 24, 19, 23, 33, 25, 32, 5, 6, 12, 26, 28, 4, 7, 17]",1,1.0,0.3333333333333333,0.5,1.0,1,3,1,1
smd,group23_evaluation,machine-3-3,11,9737,9740,pca_q,-1,"[16, 9, 15, 10, 14, 8, 1, 2, 3, 11, 29, 31, 13, 0, 35, 34, 36, 37, 22, 30, 20, 21, 27, 18, 24, 19, 23, 33, 25, 32, 5, 6, 12, 26, 28, 4, 7, 17]",3,0.6666666666666666,0.6666666666666666,0.6666666666666666,0.7039180890341347,1,3,3,2
smd,group23_evaluation,machine-3-3,11,9737,9740,pca_q,-1,"[16, 9, 15, 10, 14, 8, 1, 2, 3, 11, 29, 31, 13, 0, 35, 34, 36, 37, 22, 30, 20, 21, 27, 18, 24, 19, 23, 33, 25, 32, 5, 6, 12, 26, 28, 4, 7, 17]",5,0.6,1.0,0.7499999999999999,0.8854598815714874,1,3,5,3
smd,group23_evaluation,machine-3-3,11,9737,9740,baro_robust_scorer,-1,"[15, 8, 14, 13, 12, 22, 11, 23, 24, 0, 36, 37, 35, 34, 25, 21, 30, 27, 20, 6, 18, 33, 19, 3, 2, 29, 32, 1, 5]",1,1.0,0.3333333333333333,0.5,1.0,1,3,1,1
smd,group23_evaluation,machine-3-3,11,9737,9740,baro_robust_scorer,-1,"[15, 8, 14, 13, 12, 22, 11, 23, 24, 0, 36, 37, 35, 34, 25, 21, 30, 27, 20, 6, 18, 33, 19, 3, 2, 29, 32, 1, 5]",3,0.6666666666666666,0.6666666666666666,0.6666666666666666,0.7039180890341347,1,3,3,2
smd,group23_evaluation,machine-3-3,11,9737,9740,baro_robust_scorer,-1,"[15, 8, 14, 13, 12, 22, 11, 23, 24, 0, 36, 37, 35, 34, 25, 21, 30, 27, 20, 6, 18, 33, 19, 3, 2, 29, 32, 1, 5]",5,0.4,0.6666666666666666,0.5,0.7039180890341347,1,3,5,2
smd,group23_evaluation,machine-3-3,12,10819,10822,robust_z,-1,"[10, 9, 12, 11, 14, 32, 6, 5, 22, 15, 24, 34, 35, 36, 37, 33, 31, 1, 13, 21, 30, 2, 20, 27, 18, 19, 0, 3, 23, 25, 8, 4, 7, 16, 17, 26, 28, 29]",1,1.0,0.25,0.4,1.0,1,4,1,1
smd,group23_evaluation,machine-3-3,12,10819,10822,robust_z,-1,"[10, 9, 12, 11, 14, 32, 6, 5, 22, 15, 24, 34, 35, 36, 37, 33, 31, 1, 13, 21, 30, 2, 20, 27, 18, 19, 0, 3, 23, 25, 8, 4, 7, 16, 17, 26, 28, 29]",3,1.0,0.75,0.8571428571428571,1.0,1,4,3,3
smd,group23_evaluation,machine-3-3,12,10819,10822,robust_z,-1,"[10, 9, 12, 11, 14, 32, 6, 5, 22, 15, 24, 34, 35, 36, 37, 33, 31, 1, 13, 21, 30, 2, 20, 27, 18, 19, 0, 3, 23, 25, 8, 4, 7, 16, 17, 26, 28, 29]",5,0.8,1.0,0.888888888888889,1.0,1,4,5,4
smd,group23_evaluation,machine-3-3,12,10819,10822,pca_q,-1,"[9, 10, 8, 15, 29, 1, 2, 23, 3, 14, 5, 32, 22, 12, 13, 33, 31, 34, 36, 37, 35, 0, 24, 11, 21, 30, 20, 27, 19, 18, 6, 25, 26, 28, 4, 7, 16, 17]",1,1.0,0.25,0.4,1.0,1,4,1,1
smd,group23_evaluation,machine-3-3,12,10819,10822,pca_q,-1,"[9, 10, 8, 15, 29, 1, 2, 23, 3, 14, 5, 32, 22, 12, 13, 33, 31, 34, 36, 37, 35, 0, 24, 11, 21, 30, 20, 27, 19, 18, 6, 25, 26, 28, 4, 7, 16, 17]",3,0.6666666666666666,0.5,0.5714285714285715,0.7653606369886217,1,4,3,2
smd,group23_evaluation,machine-3-3,12,10819,10822,pca_q,-1,"[9, 10, 8, 15, 29, 1, 2, 23, 3, 14, 5, 32, 22, 12, 13, 33, 31, 34, 36, 37, 35, 0, 24, 11, 21, 30, 20, 27, 19, 18, 6, 25, 26, 28, 4, 7, 16, 17]",5,0.4,0.5,0.4444444444444445,0.6366824387328317,1,4,5,2
smd,group23_evaluation,machine-3-3,12,10819,10822,baro_robust_scorer,-1,"[9, 12, 0, 6, 24, 33, 22, 19, 34, 36, 37, 30, 35, 21, 20, 27, 18, 11, 23, 13, 2, 15, 1, 14, 8, 25, 31, 3, 5]",1,1.0,0.25,0.4,1.0,1,4,1,1
smd,group23_evaluation,machine-3-3,12,10819,10822,baro_robust_scorer,-1,"[9, 12, 0, 6, 24, 33, 22, 19, 34, 36, 37, 30, 35, 21, 20, 27, 18, 11, 23, 13, 2, 15, 1, 14, 8, 25, 31, 3, 5]",3,0.6666666666666666,0.5,0.5714285714285715,0.7653606369886217,1,4,3,2
smd,group23_evaluation,machine-3-3,12,10819,10822,baro_robust_scorer,-1,"[9, 12, 0, 6, 24, 33, 22, 19, 34, 36, 37, 30, 35, 21, 20, 27, 18, 11, 23, 13, 2, 15, 1, 14, 8, 25, 31, 3, 5]",5,0.4,0.5,0.4444444444444445,0.6366824387328317,1,4,5,2
smd,group23_evaluation,machine-3-3,13,12259,12262,robust_z,-1,"[10, 9, 12, 11, 14, 22, 5, 33, 31, 24, 35, 34, 36, 37, 15, 8, 25, 21, 30, 23, 20, 27, 13, 18, 0, 6, 19, 1, 32, 3, 2, 4, 7, 16, 17, 26, 28, 29]",1,1.0,0.25,0.4,1.0,1,4,1,1
smd,group23_evaluation,machine-3-3,13,12259,12262,robust_z,-1,"[10, 9, 12, 11, 14, 22, 5, 33, 31, 24, 35, 34, 36, 37, 15, 8, 25, 21, 30, 23, 20, 27, 13, 18, 0, 6, 19, 1, 32, 3, 2, 4, 7, 16, 17, 26, 28, 29]",3,1.0,0.75,0.8571428571428571,1.0,1,4,3,3
smd,group23_evaluation,machine-3-3,13,12259,12262,robust_z,-1,"[10, 9, 12, 11, 14, 22, 5, 33, 31, 24, 35, 34, 36, 37, 15, 8, 25, 21, 30, 23, 20, 27, 13, 18, 0, 6, 19, 1, 32, 3, 2, 4, 7, 16, 17, 26, 28, 29]",5,0.8,1.0,0.888888888888889,1.0,1,4,5,4
smd,group23_evaluation,machine-3-3,13,12259,12262,pca_q,-1,"[9, 10, 8, 15, 29, 14, 1, 23, 5, 12, 2, 3, 33, 22, 31, 13, 0, 35, 36, 37, 34, 24, 32, 21, 30, 6, 20, 27, 18, 11, 19, 25, 26, 28, 4, 7, 16, 17]",1,1.0,0.25,0.4,1.0,1,4,1,1
smd,group23_evaluation,machine-3-3,13,12259,12262,pca_q,-1,"[9, 10, 8, 15, 29, 14, 1, 23, 5, 12, 2, 3, 33, 22, 31, 13, 0, 35, 36, 37, 34, 24, 32, 21, 30, 6, 20, 27, 18, 11, 19, 25, 26, 28, 4, 7, 16, 17]",3,0.6666666666666666,0.5,0.5714285714285715,0.7653606369886217,1,4,3,2
smd,group23_evaluation,machine-3-3,13,12259,12262,pca_q,-1,"[9, 10, 8, 15, 29, 14, 1, 23, 5, 12, 2, 3, 33, 22, 31, 13, 0, 35, 36, 37, 34, 24, 32, 21, 30, 6, 20, 27, 18, 11, 19, 25, 26, 28, 4, 7, 16, 17]",5,0.4,0.5,0.4444444444444445,0.6366824387328317,1,4,5,2
smd,group23_evaluation,machine-3-3,13,12259,12262,baro_robust_scorer,-1,"[6, 12, 0, 2, 19, 3, 5, 1, 32, 33, 11, 13, 15, 22, 35, 34, 36, 37, 8, 24, 31, 14, 25, 30, 21, 27, 20, 18, 23]",1,0.0,0.0,0.0,0.0,0,4,1,0
smd,group23_evaluation,machine-3-3,13,12259,12262,baro_robust_scorer,-1,"[6, 12, 0, 2, 19, 3, 5, 1, 32, 33, 11, 13, 15, 22, 35, 34, 36, 37, 8, 24, 31, 14, 25, 30, 21, 27, 20, 18, 23]",3,0.3333333333333333,0.25,0.28571428571428575,0.2960819109658652,1,4,3,1
smd,group23_evaluation,machine-3-3,13,12259,12262,baro_robust_scorer,-1,"[6, 12, 0, 2, 19, 3, 5, 1, 32, 33, 11, 13, 15, 22, 35, 34, 36, 37, 8, 24, 31, 14, 25, 30, 21, 27, 20, 18, 23]",5,0.2,0.25,0.22222222222222224,0.24630238874073,1,4,5,1
smd,group23_evaluation,machine-3-3,14,13699,13702,robust_z,-1,"[10, 9, 12, 11, 14, 23, 22, 31, 33, 35, 34, 36, 37, 32, 5, 1, 8, 24, 2, 21, 15, 30, 3, 20, 27, 13, 18, 0, 25, 19, 29, 6, 4, 7, 16, 17, 26, 28]",1,1.0,0.25,0.4,1.0,1,4,1,1
smd,group23_evaluation,machine-3-3,14,13699,13702,robust_z,-1,"[10, 9, 12, 11, 14, 23, 22, 31, 33, 35, 34, 36, 37, 32, 5, 1, 8, 24, 2, 21, 15, 30, 3, 20, 27, 13, 18, 0, 25, 19, 29, 6, 4, 7, 16, 17, 26, 28]",3,1.0,0.75,0.8571428571428571,1.0,1,4,3,3
smd,group23_evaluation,machine-3-3,14,13699,13702,robust_z,-1,"[10, 9, 12, 11, 14, 23, 22, 31, 33, 35, 34, 36, 37, 32, 5, 1, 8, 24, 2, 21, 15, 30, 3, 20, 27, 13, 18, 0, 25, 19, 29, 6, 4, 7, 16, 17, 26, 28]",5,0.8,1.0,0.888888888888889,1.0,1,4,5,4
smd,group23_evaluation,machine-3-3,14,13699,13702,pca_q,-1,"[9, 10, 8, 15, 1, 29, 2, 3, 14, 6, 23, 31, 13, 5, 33, 22, 32, 0, 35, 34, 36, 37, 12, 11, 21, 30, 20, 27, 24, 18, 19, 25, 26, 28, 4, 7, 16, 17]",1,1.0,0.25,0.4,1.0,1,4,1,1
smd,group23_evaluation,machine-3-3,14,13699,13702,pca_q,-1,"[9, 10, 8, 15, 1, 29, 2, 3, 14, 6, 23, 31, 13, 5, 33, 22, 32, 0, 35, 34, 36, 37, 12, 11, 21, 30, 20, 27, 24, 18, 19, 25, 26, 28, 4, 7, 16, 17]",3,0.6666666666666666,0.5,0.5714285714285715,0.7653606369886217,1,4,3,2
smd,group23_evaluation,machine-3-3,14,13699,13702,pca_q,-1,"[9, 10, 8, 15, 1, 29, 2, 3, 14, 6, 23, 31, 13, 5, 33, 22, 32, 0, 35, 34, 36, 37, 12, 11, 21, 30, 20, 27, 24, 18, 19, 25, 26, 28, 4, 7, 16, 17]",5,0.4,0.5,0.4444444444444445,0.6366824387328317,1,4,5,2
smd,group23_evaluation,machine-3-3,14,13699,13702,baro_robust_scorer,-1,"[10, 9, 12, 33, 19, 0, 18, 25, 31, 21, 27, 20, 30, 6, 36, 37, 34, 35, 24, 13, 23, 22, 15, 3, 2, 1, 11, 29, 8, 5, 14]",1,1.0,0.25,0.4,1.0,1,4,1,1
smd,group23_evaluation,machine-3-3,14,13699,13702,baro_robust_scorer,-1,"[10, 9, 12, 33, 19, 0, 18, 25, 31, 21, 27, 20, 30, 6, 36, 37, 34, 35, 24, 13, 23, 22, 15, 3, 2, 1, 11, 29, 8, 5, 14]",3,1.0,0.75,0.8571428571428571,1.0,1,4,3,3
smd,group23_evaluation,machine-3-3,14,13699,13702,baro_robust_scorer,-1,"[10, 9, 12, 33, 19, 0, 18, 25, 31, 21, 27, 20, 30, 6, 36, 37, 34, 35, 24, 13, 23, 22, 15, 3, 2, 1, 11, 29, 8, 5, 14]",5,0.6,0.75,0.6666666666666665,0.8318724637288826,1,4,5,3
smd,group23_evaluation,machine-3-3,15,13827,13830,robust_z,-1,"[16, 10, 9, 15, 29, 8, 14, 23, 12, 25, 31, 11, 33, 22, 35, 34, 36, 37, 2, 1, 13, 24, 30, 21, 19, 3, 20, 27, 0, 18, 32, 5, 6, 4, 7, 17, 26, 28]",1,1.0,1.0,1.0,1.0,1,1,1,1
smd,group23_evaluation,machine-3-3,15,13827,13830,robust_z,-1,"[16, 10, 9, 15, 29, 8, 14, 23, 12, 25, 31, 11, 33, 22, 35, 34, 36, 37, 2, 1, 13, 24, 30, 21, 19, 3, 20, 27, 0, 18, 32, 5, 6, 4, 7, 17, 26, 28]",3,0.3333333333333333,1.0,0.5,1.0,1,1,3,1
smd,group23_evaluation,machine-3-3,15,13827,13830,robust_z,-1,"[16, 10, 9, 15, 29, 8, 14, 23, 12, 25, 31, 11, 33, 22, 35, 34, 36, 37, 2, 1, 13, 24, 30, 21, 19, 3, 20, 27, 0, 18, 32, 5, 6, 4, 7, 17, 26, 28]",5,0.2,1.0,0.33333333333333337,1.0,1,1,5,1
smd,group23_evaluation,machine-3-3,15,13827,13830,pca_q,-1,"[16, 9, 15, 10, 14, 1, 2, 8, 3, 29, 23, 33, 31, 25, 11, 22, 36, 37, 35, 34, 0, 19, 21, 30, 13, 20, 27, 24, 18, 6, 5, 32, 12, 26, 28, 4, 7, 17]",1,1.0,1.0,1.0,1.0,1,1,1,1
smd,group23_evaluation,machine-3-3,15,13827,13830,pca_q,-1,"[16, 9, 15, 10, 14, 1, 2, 8, 3, 29, 23, 33, 31, 25, 11, 22, 36, 37, 35, 34, 0, 19, 21, 30, 13, 20, 27, 24, 18, 6, 5, 32, 12, 26, 28, 4, 7, 17]",3,0.3333333333333333,1.0,0.5,1.0,1,1,3,1
smd,group23_evaluation,machine-3-3,15,13827,13830,pca_q,-1,"[16, 9, 15, 10, 14, 1, 2, 8, 3, 29, 23, 33, 31, 25, 11, 22, 36, 37, 35, 34, 0, 19, 21, 30, 13, 20, 27, 24, 18, 6, 5, 32, 12, 26, 28, 4, 7, 17]",5,0.2,1.0,0.33333333333333337,1.0,1,1,5,1
smd,group23_evaluation,machine-3-3,15,13827,13830,baro_robust_scorer,-1,"[9, 15, 8, 14, 13, 2, 5, 1, 3, 23, 33, 0, 18, 35, 20, 27, 36, 37, 34, 19, 25, 21, 24, 30, 31, 22, 11, 29, 6]",1,0.0,0.0,0.0,0.0,0,1,1,0
smd,group23_evaluation,machine-3-3,15,13827,13830,baro_robust_scorer,-1,"[9, 15, 8, 14, 13, 2, 5, 1, 3, 23, 33, 0, 18, 35, 20, 27, 36, 37, 34, 19, 25, 21, 24, 30, 31, 22, 11, 29, 6]",3,0.0,0.0,0.0,0.0,0,1,3,0
smd,group23_evaluation,machine-3-3,15,13827,13830,baro_robust_scorer,-1,"[9, 15, 8, 14, 13, 2, 5, 1, 3, 23, 33, 0, 18, 35, 20, 27, 36, 37, 34, 19, 25, 21, 24, 30, 31, 22, 11, 29, 6]",5,0.0,0.0,0.0,0.0,0,1,5,0
smd,group23_evaluation,machine-3-3,16,14476,14486,robust_z,-1,"[10, 9, 15, 8, 13, 12, 14, 11, 6, 5, 1, 33, 2, 3, 0, 32, 19, 23, 25, 18, 27, 22, 20, 21, 30, 24, 31, 34, 35, 36, 37, 4, 7, 16, 17, 26, 28, 29]",1,0.0,0.0,0.0,0.0,0,1,1,0
smd,group23_evaluation,machine-3-3,16,14476,14486,robust_z,-1,"[10, 9, 15, 8, 13, 12, 14, 11, 6, 5, 1, 33, 2, 3, 0, 32, 19, 23, 25, 18, 27, 22, 20, 21, 30, 24, 31, 34, 35, 36, 37, 4, 7, 16, 17, 26, 28, 29]",3,0.0,0.0,0.0,0.0,0,1,3,0
smd,group23_evaluation,machine-3-3,16,14476,14486,robust_z,-1,"[10, 9, 15, 8, 13, 12, 14, 11, 6, 5, 1, 33, 2, 3, 0, 32, 19, 23, 25, 18, 27, 22, 20, 21, 30, 24, 31, 34, 35, 36, 37, 4, 7, 16, 17, 26, 28, 29]",5,0.2,1.0,0.33333333333333337,0.38685280723454163,1,1,5,1
smd,group23_evaluation,machine-3-3,16,14476,14486,pca_q,-1,"[9, 15, 13, 8, 12, 11, 29, 14, 5, 1, 3, 2, 33, 32, 25, 23, 6, 31, 10, 18, 20, 27, 35, 34, 36, 37, 0, 21, 30, 22, 19, 24, 26, 28, 4, 7, 16, 17]",1,0.0,0.0,0.0,0.0,0,1,1,0
smd,group23_evaluation,machine-3-3,16,14476,14486,pca_q,-1,"[9, 15, 13, 8, 12, 11, 29, 14, 5, 1, 3, 2, 33, 32, 25, 23, 6, 31, 10, 18, 20, 27, 35, 34, 36, 37, 0, 21, 30, 22, 19, 24, 26, 28, 4, 7, 16, 17]",3,0.3333333333333333,1.0,0.5,0.5,1,1,3,1
smd,group23_evaluation,machine-3-3,16,14476,14486,pca_q,-1,"[9, 15, 13, 8, 12, 11, 29, 14, 5, 1, 3, 2, 33, 32, 25, 23, 6, 31, 10, 18, 20, 27, 35, 34, 36, 37, 0, 21, 30, 22, 19, 24, 26, 28, 4, 7, 16, 17]",5,0.2,1.0,0.33333333333333337,0.5,1,1,5,1
smd,group23_evaluation,machine-3-3,16,14476,14486,baro_robust_scorer,-1,"[15, 9, 8, 13, 12, 14, 0, 33, 18, 1, 20, 27, 19, 21, 30, 3, 23, 6, 2, 5, 24, 32, 22, 31, 36, 37, 34, 35, 25, 11]",1,0.0,0.0,0.0,0.0,0,1,1,0
smd,group23_evaluation,machine-3-3,16,14476,14486,baro_robust_scorer,-1,"[15, 9, 8, 13, 12, 14, 0, 33, 18, 1, 20, 27, 19, 21, 30, 3, 23, 6, 2, 5, 24, 32, 22, 31, 36, 37, 34, 35, 25, 11]",3,0.0,0.0,0.0,0.0,0,1,3,0
smd,group23_evaluation,machine-3-3,16,14476,14486,baro_robust_scorer,-1,"[15, 9, 8, 13, 12, 14, 0, 33, 18, 1, 20, 27, 19, 21, 30, 3, 23, 6, 2, 5, 24, 32, 22, 31, 36, 37, 34, 35, 25, 11]",5,0.2,1.0,0.33333333333333337,0.43067655807339306,1,1,5,1
smd,group23_evaluation,machine-3-3,17,15139,15142,robust_z,-1,"[10, 9, 12, 11, 14, 33, 5, 6, 31, 35, 34, 36, 37, 22, 1, 32, 25, 23, 24, 8, 21, 30, 15, 20, 27, 13, 2, 19, 18, 3, 0, 4, 7, 16, 17, 26, 28, 29]",1,1.0,0.25,0.4,1.0,1,4,1,1
smd,group23_evaluation,machine-3-3,17,15139,15142,robust_z,-1,"[10, 9, 12, 11, 14, 33, 5, 6, 31, 35, 34, 36, 37, 22, 1, 32, 25, 23, 24, 8, 21, 30, 15, 20, 27, 13, 2, 19, 18, 3, 0, 4, 7, 16, 17, 26, 28, 29]",3,1.0,0.75,0.8571428571428571,1.0,1,4,3,3
smd,group23_evaluation,machine-3-3,17,15139,15142,robust_z,-1,"[10, 9, 12, 11, 14, 33, 5, 6, 31, 35, 34, 36, 37, 22, 1, 32, 25, 23, 24, 8, 21, 30, 15, 20, 27, 13, 2, 19, 18, 3, 0, 4, 7, 16, 17, 26, 28, 29]",5,0.8,1.0,0.888888888888889,1.0,1,4,5,4
smd,group23_evaluation,machine-3-3,17,15139,15142,pca_q,-1,"[9, 8, 10, 15, 1, 29, 14, 2, 3, 33, 31, 23, 13, 22, 35, 36, 37, 34, 5, 32, 11, 0, 21, 30, 24, 20, 27, 19, 18, 25, 6, 12, 26, 28, 4, 7, 16, 17]",1,1.0,0.25,0.4,1.0,1,4,1,1
smd,group23_evaluation,machine-3-3,17,15139,15142,pca_q,-1,"[9, 8, 10, 15, 1, 29, 14, 2, 3, 33, 31, 23, 13, 22, 35, 36, 37, 34, 5, 32, 11, 0, 21, 30, 24, 20, 27, 19, 18, 25, 6, 12, 26, 28, 4, 7, 16, 17]",3,0.6666666666666666,0.5,0.5714285714285715,0.7039180890341347,1,4,3,2
smd,group23_evaluation,machine-3-3,17,15139,15142,pca_q,-1,"[9, 8, 10, 15, 1, 29, 14, 2, 3, 33, 31, 23, 13, 22, 35, 36, 37, 34, 5, 32, 11, 0, 21, 30, 24, 20, 27, 19, 18, 25, 6, 12, 26, 28, 4, 7, 16, 17]",5,0.4,0.5,0.4444444444444445,0.5855700749881525,1,4,5,2
smd,group23_evaluation,machine-3-3,17,15139,15142,baro_robust_scorer,-1,"[9, 5, 12, 0, 25, 24, 13, 15, 6, 11, 22, 8, 31, 33, 35, 36, 37, 34, 14, 23, 1, 19, 2, 3, 30, 21, 18, 20, 27]",1,1.0,0.25,0.4,1.0,1,4,1,1
smd,group23_evaluation,machine-3-3,17,15139,15142,baro_robust_scorer,-1,"[9, 5, 12, 0, 25, 24, 13, 15, 6, 11, 22, 8, 31, 33, 35, 36, 37, 34, 14, 23, 1, 19, 2, 3, 30, 21, 18, 20, 27]",3,0.6666666666666666,0.5,0.5714285714285715,0.7039180890341347,1,4,3,2
smd,group23_evaluation,machine-3-3,17,15139,15142,baro_robust_scorer,-1,"[9, 5, 12, 0, 25, 24, 13, 15, 6, 11, 22, 8, 31, 33, 35, 36, 37, 34, 14, 23, 1, 19, 2, 3, 30, 21, 18, 20, 27]",5,0.4,0.5,0.4444444444444445,0.5855700749881525,1,4,5,2
smd,group23_evaluation,machine-3-3,18,16199,16212,robust_z,-1,"[10, 9, 1, 2, 8, 13, 3, 14, 0, 19, 22, 24, 18, 12, 20, 27, 11, 21, 30, 31, 6, 36, 37, 34, 35, 33, 32, 15, 25, 23, 5, 29, 4, 7, 16, 17, 26, 28]",1,1.0,0.25,0.4,1.0,1,4,1,1
smd,group23_evaluation,machine-3-3,18,16199,16212,robust_z,-1,"[10, 9, 1, 2, 8, 13, 3, 14, 0, 19, 22, 24, 18, 12, 20, 27, 11, 21, 30, 31, 6, 36, 37, 34, 35, 33, 32, 15, 25, 23, 5, 29, 4, 7, 16, 17, 26, 28]",3,0.6666666666666666,0.5,0.5714285714285715,0.7653606369886217,1,4,3,2
smd,group23_evaluation,machine-3-3,18,16199,16212,robust_z,-1,"[10, 9, 1, 2, 8, 13, 3, 14, 0, 19, 22, 24, 18, 12, 20, 27, 11, 21, 30, 31, 6, 36, 37, 34, 35, 33, 32, 15, 25, 23, 5, 29, 4, 7, 16, 17, 26, 28]",5,0.4,0.5,0.4444444444444445,0.6366824387328317,1,4,5,2
smd,group23_evaluation,machine-3-3,18,16199,16212,pca_q,-1,"[9, 1, 2, 8, 13, 29, 14, 0, 12, 3, 11, 24, 22, 19, 18, 27, 20, 21, 30, 15, 36, 37, 34, 35, 25, 31, 33, 32, 23, 5, 6, 10, 28, 26, 4, 7, 16, 17]",1,1.0,0.25,0.4,1.0,1,4,1,1
smd,group23_evaluation,machine-3-3,18,16199,16212,pca_q,-1,"[9, 1, 2, 8, 13, 29, 14, 0, 12, 3, 11, 24, 22, 19, 18, 27, 20, 21, 30, 15, 36, 37, 34, 35, 25, 31, 33, 32, 23, 5, 6, 10, 28, 26, 4, 7, 16, 17]",3,0.3333333333333333,0.25,0.28571428571428575,0.46927872602275644,1,4,3,1
smd,group23_evaluation,machine-3-3,18,16199,16212,pca_q,-1,"[9, 1, 2, 8, 13, 29, 14, 0, 12, 3, 11, 24, 22, 19, 18, 27, 20, 21, 30, 15, 36, 37, 34, 35, 25, 31, 33, 32, 23, 5, 6, 10, 28, 26, 4, 7, 16, 17]",5,0.2,0.25,0.22222222222222224,0.3903800499921017,1,4,5,1
smd,group23_evaluation,machine-3-3,18,16199,16212,baro_robust_scorer,-1,"[9, 0, 24, 27, 18, 20, 15, 35, 34, 30, 21, 36, 37, 3, 1, 2, 22, 31, 19, 12, 25, 8, 33, 5, 14, 13, 23, 11, 32, 6, 29, 10]",1,1.0,0.25,0.4,1.0,1,4,1,1
smd,group23_evaluation,machine-3-3,18,16199,16212,baro_robust_scorer,-1,"[9, 0, 24, 27, 18, 20, 15, 35, 34, 30, 21, 36, 37, 3, 1, 2, 22, 31, 19, 12, 25, 8, 33, 5, 14, 13, 23, 11, 32, 6, 29, 10]",3,0.3333333333333333,0.25,0.28571428571428575,0.46927872602275644,1,4,3,1
smd,group23_evaluation,machine-3-3,18,16199,16212,baro_robust_scorer,-1,"[9, 0, 24, 27, 18, 20, 15, 35, 34, 30, 21, 36, 37, 3, 1, 2, 22, 31, 19, 12, 25, 8, 33, 5, 14, 13, 23, 11, 32, 6, 29, 10]",5,0.2,0.25,0.22222222222222224,0.3903800499921017,1,4,5,1
smd,group23_evaluation,machine-3-3,19,16579,16582,robust_z,-1,"[10, 9, 12, 11, 14, 6, 5, 33, 31, 35, 36, 37, 34, 22, 32, 24, 30, 21, 13, 25, 20, 27, 23, 18, 8, 15, 19, 29, 0, 2, 3, 1, 4, 7, 16, 17, 26, 28]",1,0.0,0.0,0.0,0.0,0,10,1,0
smd,group23_evaluation,machine-3-3,19,16579,16582,robust_z,-1,"[10, 9, 12, 11, 14, 6, 5, 33, 31, 35, 36, 37, 34, 22, 32, 24, 30, 21, 13, 25, 20, 27, 23, 18, 8, 15, 19, 29, 0, 2, 3, 1, 4, 7, 16, 17, 26, 28]",3,0.0,0.0,0.0,0.0,0,10,3,0
smd,group23_evaluation,machine-3-3,19,16579,16582,robust_z,-1,"[10, 9, 12, 11, 14, 6, 5, 33, 31, 35, 36, 37, 34, 22, 32, 24, 30, 21, 13, 25, 20, 27, 23, 18, 8, 15, 19, 29, 0, 2, 3, 1, 4, 7, 16, 17, 26, 28]",5,0.0,0.0,0.0,0.0,0,10,5,0
smd,group23_evaluation,machine-3-3,19,16579,16582,pca_q,-1,"[9, 10, 8, 15, 1, 11, 29, 2, 14, 3, 33, 23, 13, 31, 22, 35, 36, 37, 34, 5, 32, 0, 30, 21, 24, 20, 27, 12, 18, 19, 6, 25, 26, 28, 4, 7, 16, 17]",1,0.0,0.0,0.0,0.0,0,10,1,0
smd,group23_evaluation,machine-3-3,19,16579,16582,pca_q,-1,"[9, 10, 8, 15, 1, 11, 29, 2, 14, 3, 33, 23, 13, 31, 22, 35, 36, 37, 34, 5, 32, 0, 30, 21, 24, 20, 27, 12, 18, 19, 6, 25, 26, 28, 4, 7, 16, 17]",3,0.0,0.0,0.0,0.0,0,10,3,0
smd,group23_evaluation,machine-3-3,19,16579,16582,pca_q,-1,"[9, 10, 8, 15, 1, 11, 29, 2, 14, 3, 33, 23, 13, 31, 22, 35, 36, 37, 34, 5, 32, 0, 30, 21, 24, 20, 27, 12, 18, 19, 6, 25, 26, 28, 4, 7, 16, 17]",5,0.2,0.1,0.13333333333333333,0.13120507751234178,1,10,5,1
smd,group23_evaluation,machine-3-3,19,16579,16582,baro_robust_scorer,-1,"[9, 5, 6, 12, 11, 2, 1, 3, 19, 13, 8, 15, 14, 31, 33, 22, 24, 34, 36, 37, 35, 18, 21, 30, 27, 20, 23, 25]",1,0.0,0.0,0.0,0.0,0,10,1,0
smd,group23_evaluation,machine-3-3,19,16579,16582,baro_robust_scorer,-1,"[9, 5, 6, 12, 11, 2, 1, 3, 19, 13, 8, 15, 14, 31, 33, 22, 24, 34, 36, 37, 35, 18, 21, 30, 27, 20, 23, 25]",3,0.0,0.0,0.0,0.0,0,10,3,0
smd,group23_evaluation,machine-3-3,19,16579,16582,baro_robust_scorer,-1,"[9, 5, 6, 12, 11, 2, 1, 3, 19, 13, 8, 15, 14, 31, 33, 22, 24, 34, 36, 37, 35, 18, 21, 30, 27, 20, 23, 25]",5,0.0,0.0,0.0,0.0,0,10,5,0
smd,group23_evaluation,machine-3-3,20,18019,18022,robust_z,-1,"[10, 9, 12, 11, 13, 31, 35, 34, 36, 37, 33, 25, 22, 14, 24, 23, 2, 21, 30, 3, 20, 27, 1, 15, 18, 6, 19, 0, 8, 32, 5, 4, 7, 16, 17, 26, 28, 29]",1,1.0,0.25,0.4,1.0,1,4,1,1
smd,group23_evaluation,machine-3-3,20,18019,18022,robust_z,-1,"[10, 9, 12, 11, 13, 31, 35, 34, 36, 37, 33, 25, 22, 14, 24, 23, 2, 21, 30, 3, 20, 27, 1, 15, 18, 6, 19, 0, 8, 32, 5, 4, 7, 16, 17, 26, 28, 29]",3,1.0,0.75,0.8571428571428571,1.0,1,4,3,3
smd,group23_evaluation,machine-3-3,20,18019,18022,robust_z,-1,"[10, 9, 12, 11, 13, 31, 35, 34, 36, 37, 33, 25, 22, 14, 24, 23, 2, 21, 30, 3, 20, 27, 1, 15, 18, 6, 19, 0, 8, 32, 5, 4, 7, 16, 17, 26, 28, 29]",5,0.8,1.0,0.888888888888889,1.0,1,4,5,4
smd,group23_evaluation,machine-3-3,20,18019,18022,pca_q,-1,"[9, 10, 8, 15, 29, 1, 2, 13, 3, 11, 12, 33, 14, 31, 23, 35, 36, 37, 34, 22, 0, 21, 30, 24, 20, 27, 18, 19, 32, 25, 5, 6, 26, 28, 4, 7, 16, 17]",1,1.0,0.25,0.4,1.0,1,4,1,1
smd,group23_evaluation,machine-3-3,20,18019,18022,pca_q,-1,"[9, 10, 8, 15, 29, 1, 2, 13, 3, 11, 12, 33, 14, 31, 23, 35, 36, 37, 34, 22, 0, 21, 30, 24, 20, 27, 18, 19, 32, 25, 5, 6, 26, 28, 4, 7, 16, 17]",3,0.6666666666666666,0.5,0.5714285714285715,0.7653606369886217,1,4,3,2
smd,group23_evaluation,machine-3-3,20,18019,18022,pca_q,-1,"[9, 10, 8, 15, 29, 1, 2, 13, 3, 11, 12, 33, 14, 31, 23, 35, 36, 37, 34, 22, 0, 21, 30, 24, 20, 27, 18, 19, 32, 25, 5, 6, 26, 28, 4, 7, 16, 17]",5,0.4,0.5,0.4444444444444445,0.6366824387328317,1,4,5,2
smd,group23_evaluation,machine-3-3,20,18019,18022,baro_robust_scorer,-1,"[12, 5, 0, 6, 1, 33, 18, 2, 27, 20, 11, 19, 13, 31, 30, 15, 21, 25, 14, 3, 8, 22, 24, 36, 37, 35, 34, 23]",1,1.0,0.25,0.4,1.0,1,4,1,1
smd,group23_evaluation,machine-3-3,20,18019,18022,baro_robust_scorer,-1,"[12, 5, 0, 6, 1, 33, 18, 2, 27, 20, 11, 19, 13, 31, 30, 15, 21, 25, 14, 3, 8, 22, 24, 36, 37, 35, 34, 23]",3,0.3333333333333333,0.25,0.28571428571428575,0.46927872602275644,1,4,3,1
smd,group23_evaluation,machine-3-3,20,18019,18022,baro_robust_scorer,-1,"[12, 5, 0, 6, 1, 33, 18, 2, 27, 20, 11, 19, 13, 31, 30, 15, 21, 25, 14, 3, 8, 22, 24, 36, 37, 35, 34, 23]",5,0.2,0.25,0.22222222222222224,0.3903800499921017,1,4,5,1
smd,group23_evaluation,machine-3-3,21,19081,19088,robust_z,-1,"[10, 9, 1, 32, 33, 2, 3, 0, 19, 22, 20, 18, 21, 27, 24, 30, 31, 36, 37, 34, 35, 15, 13, 8, 11, 12, 14, 5, 29, 25, 6, 23, 4, 7, 16, 17, 26, 28]",1,1.0,0.25,0.4,1.0,1,4,1,1
smd,group23_evaluation,machine-3-3,21,19081,19088,robust_z,-1,"[10, 9, 1, 32, 33, 2, 3, 0, 19, 22, 20, 18, 21, 27, 24, 30, 31, 36, 37, 34, 35, 15, 13, 8, 11, 12, 14, 5, 29, 25, 6, 23, 4, 7, 16, 17, 26, 28]",3,0.6666666666666666,0.5,0.5714285714285715,0.7653606369886217,1,4,3,2
smd,group23_evaluation,machine-3-3,21,19081,19088,robust_z,-1,"[10, 9, 1, 32, 33, 2, 3, 0, 19, 22, 20, 18, 21, 27, 24, 30, 31, 36, 37, 34, 35, 15, 13, 8, 11, 12, 14, 5, 29, 25, 6, 23, 4, 7, 16, 17, 26, 28]",5,0.4,0.5,0.4444444444444445,0.6366824387328317,1,4,5,2
smd,group23_evaluation,machine-3-3,21,19081,19088,pca_q,-1,"[9, 1, 32, 33, 2, 29, 0, 19, 22, 24, 3, 18, 20, 27, 21, 30, 12, 36, 37, 34, 35, 15, 13, 31, 11, 8, 5, 25, 14, 6, 23, 10, 28, 26, 4, 7, 16, 17]",1,1.0,0.25,0.4,1.0,1,4,1,1
smd,group23_evaluation,machine-3-3,21,19081,19088,pca_q,-1,"[9, 1, 32, 33, 2, 29, 0, 19, 22, 24, 3, 18, 20, 27, 21, 30, 12, 36, 37, 34, 35, 15, 13, 31, 11, 8, 5, 25, 14, 6, 23, 10, 28, 26, 4, 7, 16, 17]",3,0.3333333333333333,0.25,0.28571428571428575,0.46927872602275644,1,4,3,1
smd,group23_evaluation,machine-3-3,21,19081,19088,pca_q,-1,"[9, 1, 32, 33, 2, 29, 0, 19, 22, 24, 3, 18, 20, 27, 21, 30, 12, 36, 37, 34, 35, 15, 13, 31, 11, 8, 5, 25, 14, 6, 23, 10, 28, 26, 4, 7, 16, 17]",5,0.2,0.25,0.22222222222222224,0.3903800499921017,1,4,5,1
smd,group23_evaluation,machine-3-3,21,19081,19088,baro_robust_scorer,-1,"[9, 1, 2, 0, 3, 15, 18, 20, 27, 36, 37, 34, 12, 35, 30, 21, 31, 11, 24, 22, 13, 19, 25, 29, 5, 6, 33, 23, 32, 10, 8, 14]",1,1.0,0.25,0.4,1.0,1,4,1,1
smd,group23_evaluation,machine-3-3,21,19081,19088,baro_robust_scorer,-1,"[9, 1, 2, 0, 3, 15, 18, 20, 27, 36, 37, 34, 12, 35, 30, 21, 31, 11, 24, 22, 13, 19, 25, 29, 5, 6, 33, 23, 32, 10, 8, 14]",3,0.3333333333333333,0.25,0.28571428571428575,0.46927872602275644,1,4,3,1
smd,group23_evaluation,machine-3-3,21,19081,19088,baro_robust_scorer,-1,"[9, 1, 2, 0, 3, 15, 18, 20, 27, 36, 37, 34, 12, 35, 30, 21, 31, 11, 24, 22, 13, 19, 25, 29, 5, 6, 33, 23, 32, 10, 8, 14]",5,0.2,0.25,0.22222222222222224,0.3903800499921017,1,4,5,1
smd,group23_evaluation,machine-3-3,22,19349,19830,robust_z,-1,"[10, 9, 1, 2, 15, 3, 5, 14, 11, 0, 29, 25, 23, 8, 18, 13, 12, 19, 24, 20, 27, 35, 34, 36, 37, 33, 30, 21, 6, 22, 32, 31, 4, 7, 16, 17, 26, 28]",1,0.0,0.0,0.0,0.0,0,3,1,0
smd,group23_evaluation,machine-3-3,22,19349,19830,robust_z,-1,"[10, 9, 1, 2, 15, 3, 5, 14, 11, 0, 29, 25, 23, 8, 18, 13, 12, 19, 24, 20, 27, 35, 34, 36, 37, 33, 30, 21, 6, 22, 32, 31, 4, 7, 16, 17, 26, 28]",3,0.3333333333333333,0.3333333333333333,0.3333333333333333,0.23463936301137822,1,3,3,1
smd,group23_evaluation,machine-3-3,22,19349,19830,robust_z,-1,"[10, 9, 1, 2, 15, 3, 5, 14, 11, 0, 29, 25, 23, 8, 18, 13, 12, 19, 24, 20, 27, 35, 34, 36, 37, 33, 30, 21, 6, 22, 32, 31, 4, 7, 16, 17, 26, 28]",5,0.4,0.6666666666666666,0.5,0.4367467095119258,1,3,5,2
smd,group23_evaluation,machine-3-3,22,19349,19830,pca_q,-1,"[9, 1, 15, 2, 3, 29, 14, 0, 5, 8, 11, 18, 25, 19, 12, 23, 13, 6, 35, 36, 37, 34, 20, 24, 27, 33, 30, 21, 32, 22, 31, 10, 28, 26, 4, 7, 16, 17]",1,0.0,0.0,0.0,0.0,0,3,1,0
smd,group23_evaluation,machine-3-3,22,19349,19830,pca_q,-1,"[9, 1, 15, 2, 3, 29, 14, 0, 5, 8, 11, 18, 25, 19, 12, 23, 13, 6, 35, 36, 37, 34, 20, 24, 27, 33, 30, 21, 32, 22, 31, 10, 28, 26, 4, 7, 16, 17]",3,0.3333333333333333,0.3333333333333333,0.3333333333333333,0.2960819109658652,1,3,3,1
smd,group23_evaluation,machine-3-3,22,19349,19830,pca_q,-1,"[9, 1, 15, 2, 3, 29, 14, 0, 5, 8, 11, 18, 25, 19, 12, 23, 13, 6, 35, 36, 37, 34, 20, 24, 27, 33, 30, 21, 32, 22, 31, 10, 28, 26, 4, 7, 16, 17]",5,0.4,0.6666666666666666,0.5,0.49818925746641285,1,3,5,2
smd,group23_evaluation,machine-3-3,22,19349,19830,baro_robust_scorer,-1,"[9, 10, 15, 1, 2, 3, 14, 8, 12, 11, 29, 6, 0, 18, 13, 19, 22, 34, 20, 36, 37, 35, 27, 24, 31, 21, 30, 25, 33, 23, 5, 32]",1,0.0,0.0,0.0,0.0,0,3,1,0
smd,group23_evaluation,machine-3-3,22,19349,19830,baro_robust_scorer,-1,"[9, 10, 15, 1, 2, 3, 14, 8, 12, 11, 29, 6, 0, 18, 13, 19, 22, 34, 20, 36, 37, 35, 27, 24, 31, 21, 30, 25, 33, 23, 5, 32]",3,0.0,0.0,0.0,0.0,0,3,3,0
smd,group23_evaluation,machine-3-3,22,19349,19830,baro_robust_scorer,-1,"[9, 10, 15, 1, 2, 3, 14, 8, 12, 11, 29, 6, 0, 18, 13, 19, 22, 34, 20, 36, 37, 35, 27, 24, 31, 21, 30, 25, 33, 23, 5, 32]",5,0.4,0.6666666666666666,0.5,0.38364913903790027,1,3,5,2
smd,group23_evaluation,machine-3-3,23,19459,19462,robust_z,-1,"[10, 9, 15, 12, 14, 11, 8, 5, 24, 25, 35, 36, 37, 34, 33, 6, 1, 30, 21, 18, 27, 20, 2, 0, 19, 23, 22, 32, 13, 3, 31, 4, 7, 16, 17, 26, 28, 29]",1,1.0,0.05263157894736842,0.1,1.0,1,19,1,1
smd,group23_evaluation,machine-3-3,23,19459,19462,robust_z,-1,"[10, 9, 15, 12, 14, 11, 8, 5, 24, 25, 35, 36, 37, 34, 33, 6, 1, 30, 21, 18, 27, 20, 2, 0, 19, 23, 22, 32, 13, 3, 31, 4, 7, 16, 17, 26, 28, 29]",3,0.6666666666666666,0.10526315789473684,0.18181818181818182,0.7653606369886217,1,19,3,2
smd,group23_evaluation,machine-3-3,23,19459,19462,robust_z,-1,"[10, 9, 15, 12, 14, 11, 8, 5, 24, 25, 35, 36, 37, 34, 33, 6, 1, 30, 21, 18, 27, 20, 2, 0, 19, 23, 22, 32, 13, 3, 31, 4, 7, 16, 17, 26, 28, 29]",5,0.4,0.10526315789473684,0.16666666666666666,0.5531464700081437,1,19,5,2
smd,group23_evaluation,machine-3-3,23,19459,19462,pca_q,-1,"[9, 15, 8, 14, 10, 29, 1, 11, 12, 2, 23, 3, 5, 36, 37, 35, 34, 0, 24, 18, 30, 21, 27, 20, 33, 6, 32, 19, 13, 25, 22, 31, 26, 28, 4, 7, 16, 17]",1,1.0,0.05263157894736842,0.1,1.0,1,19,1,1
smd,group23_evaluation,machine-3-3,23,19459,19462,pca_q,-1,"[9, 15, 8, 14, 10, 29, 1, 11, 12, 2, 23, 3, 5, 36, 37, 35, 34, 0, 24, 18, 30, 21, 27, 20, 33, 6, 32, 19, 13, 25, 22, 31, 26, 28, 4, 7, 16, 17]",3,0.3333333333333333,0.05263157894736842,0.09090909090909091,0.46927872602275644,1,19,3,1
smd,group23_evaluation,machine-3-3,23,19459,19462,pca_q,-1,"[9, 15, 8, 14, 10, 29, 1, 11, 12, 2, 23, 3, 5, 36, 37, 35, 34, 0, 24, 18, 30, 21, 27, 20, 33, 6, 32, 19, 13, 25, 22, 31, 26, 28, 4, 7, 16, 17]",5,0.4,0.10526315789473684,0.16666666666666666,0.4703652827859579,1,19,5,2
smd,group23_evaluation,machine-3-3,23,19459,19462,baro_robust_scorer,-1,"[9, 34, 36, 37, 35, 6, 12, 33, 15, 5, 0, 19, 11, 14, 8, 13, 18, 20, 1, 27, 21, 30, 24, 31, 2, 3, 23, 22, 25]",1,1.0,0.05263157894736842,0.1,1.0,1,19,1,1
smd,group23_evaluation,machine-3-3,23,19459,19462,baro_robust_scorer,-1,"[9, 34, 36, 37, 35, 6, 12, 33, 15, 5, 0, 19, 11, 14, 8, 13, 18, 20, 1, 27, 21, 30, 24, 31, 2, 3, 23, 22, 25]",3,1.0,0.15789473684210525,0.2727272727272727,1.0,1,19,3,3
smd,group23_evaluation,machine-3-3,23,19459,19462,baro_robust_scorer,-1,"[9, 34, 36, 37, 35, 6, 12, 33, 15, 5, 0, 19, 11, 14, 8, 13, 18, 20, 1, 27, 21, 30, 24, 31, 2, 3, 23, 22, 25]",5,1.0,0.2631578947368421,0.4166666666666667,1.0,1,19,5,5
smd,group23_evaluation,machine-3-3,24,20897,20903,robust_z,-1,"[10, 9, 15, 12, 8, 14, 33, 13, 11, 5, 1, 2, 32, 23, 3, 25, 34, 35, 36, 37, 24, 22, 31, 6, 30, 21, 18, 27, 20, 19, 0, 4, 7, 16, 17, 26, 28, 29]",1,1.0,0.25,0.4,1.0,1,4,1,1
smd,group23_evaluation,machine-3-3,24,20897,20903,robust_z,-1,"[10, 9, 15, 12, 8, 14, 33, 13, 11, 5, 1, 2, 32, 23, 3, 25, 34, 35, 36, 37, 24, 22, 31, 6, 30, 21, 18, 27, 20, 19, 0, 4, 7, 16, 17, 26, 28, 29]",3,0.6666666666666666,0.5,0.5714285714285715,0.7653606369886217,1,4,3,2
smd,group23_evaluation,machine-3-3,24,20897,20903,robust_z,-1,"[10, 9, 15, 12, 8, 14, 33, 13, 11, 5, 1, 2, 32, 23, 3, 25, 34, 35, 36, 37, 24, 22, 31, 6, 30, 21, 18, 27, 20, 19, 0, 4, 7, 16, 17, 26, 28, 29]",5,0.6,0.75,0.6666666666666665,0.8048099750039491,1,4,5,3
smd,group23_evaluation,machine-3-3,24,20897,20903,pca_q,-1,"[9, 15, 8, 10, 29, 14, 12, 1, 2, 3, 23, 13, 33, 5, 11, 6, 32, 35, 34, 36, 37, 31, 24, 22, 0, 27, 18, 30, 20, 21, 25, 19, 26, 28, 4, 7, 16, 17]",1,1.0,0.25,0.4,1.0,1,4,1,1
smd,group23_evaluation,machine-3-3,24,20897,20903,pca_q,-1,"[9, 15, 8, 10, 29, 14, 12, 1, 2, 3, 23, 13, 33, 5, 11, 6, 32, 35, 34, 36, 37, 31, 24, 22, 0, 27, 18, 30, 20, 21, 25, 19, 26, 28, 4, 7, 16, 17]",3,0.3333333333333333,0.25,0.28571428571428575,0.46927872602275644,1,4,3,1
smd,group23_evaluation,machine-3-3,24,20897,20903,pca_q,-1,"[9, 15, 8, 10, 29, 14, 12, 1, 2, 3, 23, 13, 33, 5, 11, 6, 32, 35, 34, 36, 37, 31, 24, 22, 0, 27, 18, 30, 20, 21, 25, 19, 26, 28, 4, 7, 16, 17]",5,0.4,0.5,0.4444444444444445,0.5585075862632192,1,4,5,2
smd,group23_evaluation,machine-3-3,24,20897,20903,baro_robust_scorer,-1,"[9, 10, 13, 8, 15, 14, 12, 0, 24, 33, 22, 36, 37, 34, 35, 19, 21, 18, 30, 20, 27, 6, 1, 32, 5, 31, 25, 2, 11, 3, 23]",1,1.0,0.25,0.4,1.0,1,4,1,1
smd,group23_evaluation,machine-3-3,24,20897,20903,baro_robust_scorer,-1,"[9, 10, 13, 8, 15, 14, 12, 0, 24, 33, 22, 36, 37, 34, 35, 19, 21, 18, 30, 20, 27, 6, 1, 32, 5, 31, 25, 2, 11, 3, 23]",3,0.6666666666666666,0.5,0.5714285714285715,0.7653606369886217,1,4,3,2
smd,group23_evaluation,machine-3-3,24,20897,20903,baro_robust_scorer,-1,"[9, 10, 13, 8, 15, 14, 12, 0, 24, 33, 22, 36, 37, 34, 35, 19, 21, 18, 30, 20, 27, 6, 1, 32, 5, 31, 25, 2, 11, 3, 23]",5,0.4,0.5,0.4444444444444445,0.6366824387328317,1,4,5,2
smd,group23_evaluation,machine-3-3,25,21878,21893,robust_z,-1,"[17, 10, 9, 29, 8, 33, 32, 14, 13, 12, 22, 19, 6, 3, 31, 0, 21, 30, 24, 20, 27, 18, 36, 37, 34, 35, 15, 2, 1, 5, 23, 25, 11, 4, 7, 16, 26, 28]",1,1.0,1.0,1.0,1.0,1,1,1,1
smd,group23_evaluation,machine-3-3,25,21878,21893,robust_z,-1,"[17, 10, 9, 29, 8, 33, 32, 14, 13, 12, 22, 19, 6, 3, 31, 0, 21, 30, 24, 20, 27, 18, 36, 37, 34, 35, 15, 2, 1, 5, 23, 25, 11, 4, 7, 16, 26, 28]",3,0.3333333333333333,1.0,0.5,1.0,1,1,3,1
smd,group23_evaluation,machine-3-3,25,21878,21893,robust_z,-1,"[17, 10, 9, 29, 8, 33, 32, 14, 13, 12, 22, 19, 6, 3, 31, 0, 21, 30, 24, 20, 27, 18, 36, 37, 34, 35, 15, 2, 1, 5, 23, 25, 11, 4, 7, 16, 26, 28]",5,0.2,1.0,0.33333333333333337,1.0,1,1,5,1
smd,group23_evaluation,machine-3-3,25,21878,21893,pca_q,-1,"[17, 9, 29, 8, 33, 6, 32, 12, 13, 14, 22, 19, 15, 24, 21, 30, 36, 37, 34, 35, 20, 31, 27, 5, 18, 0, 23, 11, 25, 3, 1, 2, 10, 26, 28, 4, 7, 16]",1,1.0,1.0,1.0,1.0,1,1,1,1
smd,group23_evaluation,machine-3-3,25,21878,21893,pca_q,-1,"[17, 9, 29, 8, 33, 6, 32, 12, 13, 14, 22, 19, 15, 24, 21, 30, 36, 37, 34, 35, 20, 31, 27, 5, 18, 0, 23, 11, 25, 3, 1, 2, 10, 26, 28, 4, 7, 16]",3,0.3333333333333333,1.0,0.5,1.0,1,1,3,1
smd,group23_evaluation,machine-3-3,25,21878,21893,pca_q,-1,"[17, 9, 29, 8, 33, 6, 32, 12, 13, 14, 22, 19, 15, 24, 21, 30, 36, 37, 34, 35, 20, 31, 27, 5, 18, 0, 23, 11, 25, 3, 1, 2, 10, 26, 28, 4, 7, 16]",5,0.2,1.0,0.33333333333333337,1.0,1,1,5,1
smd,group23_evaluation,machine-3-3,25,21878,21893,baro_robust_scorer,-1,"[10, 9, 15, 33, 25, 22, 6, 11, 13, 5, 24, 31, 0, 32, 19, 36, 37, 35, 34, 12, 18, 27, 20, 21, 8, 29, 30, 14, 23, 1, 3, 2]",1,0.0,0.0,0.0,0.0,0,1,1,0
smd,group23_evaluation,machine-3-3,25,21878,21893,baro_robust_scorer,-1,"[10, 9, 15, 33, 25, 22, 6, 11, 13, 5, 24, 31, 0, 32, 19, 36, 37, 35, 34, 12, 18, 27, 20, 21, 8, 29, 30, 14, 23, 1, 3, 2]",3,0.0,0.0,0.0,0.0,0,1,3,0
smd,group23_evaluation,machine-3-3,25,21878,21893,baro_robust_scorer,-1,"[10, 9, 15, 33, 25, 22, 6, 11, 13, 5, 24, 31, 0, 32, 19, 36, 37, 35, 34, 12, 18, 27, 20, 21, 8, 29, 30, 14, 23, 1, 3, 2]",5,0.0,0.0,0.0,0.0,0,1,5,0
smd,group23_evaluation,machine-3-3,26,22339,22342,robust_z,-1,"[10, 9, 12, 5, 11, 14, 33, 22, 13, 31, 8, 24, 35, 34, 36, 37, 21, 30, 20, 27, 25, 18, 1, 2, 19, 15, 0, 3, 23, 32, 29, 6, 4, 7, 16, 17, 26, 28]",1,1.0,0.25,0.4,1.0,1,4,1,1
smd,group23_evaluation,machine-3-3,26,22339,22342,robust_z,-1,"[10, 9, 12, 5, 11, 14, 33, 22, 13, 31, 8, 24, 35, 34, 36, 37, 21, 30, 20, 27, 25, 18, 1, 2, 19, 15, 0, 3, 23, 32, 29, 6, 4, 7, 16, 17, 26, 28]",3,1.0,0.75,0.8571428571428571,1.0,1,4,3,3
smd,group23_evaluation,machine-3-3,26,22339,22342,robust_z,-1,"[10, 9, 12, 5, 11, 14, 33, 22, 13, 31, 8, 24, 35, 34, 36, 37, 21, 30, 20, 27, 25, 18, 1, 2, 19, 15, 0, 3, 23, 32, 29, 6, 4, 7, 16, 17, 26, 28]",5,0.8,1.0,0.888888888888889,0.9828920819566879,1,4,5,4
smd,group23_evaluation,machine-3-3,26,22339,22342,pca_q,-1,"[9, 8, 10, 5, 15, 1, 29, 23, 2, 14, 3, 13, 33, 22, 0, 31, 6, 35, 34, 36, 37, 12, 21, 30, 20, 27, 24, 18, 19, 11, 32, 25, 26, 28, 4, 7, 16, 17]",1,1.0,0.25,0.4,1.0,1,4,1,1
smd,group23_evaluation,machine-3-3,26,22339,22342,pca_q,-1,"[9, 8, 10, 5, 15, 1, 29, 23, 2, 14, 3, 13, 33, 22, 0, 31, 6, 35, 34, 36, 37, 12, 21, 30, 20, 27, 24, 18, 19, 11, 32, 25, 26, 28, 4, 7, 16, 17]",3,0.6666666666666666,0.5,0.5714285714285715,0.7039180890341347,1,4,3,2
smd,group23_evaluation,machine-3-3,26,22339,22342,pca_q,-1,"[9, 8, 10, 5, 15, 1, 29, 23, 2, 14, 3, 13, 33, 22, 0, 31, 6, 35, 34, 36, 37, 12, 21, 30, 20, 27, 24, 18, 19, 11, 32, 25, 26, 28, 4, 7, 16, 17]",5,0.4,0.5,0.4444444444444445,0.5855700749881525,1,4,5,2
smd,group23_evaluation,machine-3-3,26,22339,22342,baro_robust_scorer,-1,"[5, 12, 0, 33, 18, 27, 20, 22, 6, 21, 30, 24, 32, 3, 2, 19, 13, 15, 1, 8, 14, 31, 35, 36, 37, 34, 23, 11, 25]",1,0.0,0.0,0.0,0.0,0,4,1,0
smd,group23_evaluation,machine-3-3,26,22339,22342,baro_robust_scorer,-1,"[5, 12, 0, 33, 18, 27, 20, 22, 6, 21, 30, 24, 32, 3, 2, 19, 13, 15, 1, 8, 14, 31, 35, 36, 37, 34, 23, 11, 25]",3,0.3333333333333333,0.25,0.28571428571428575,0.2960819109658652,1,4,3,1
smd,group23_evaluation,machine-3-3,26,22339,22342,baro_robust_scorer,-1,"[5, 12, 0, 33, 18, 27, 20, 22, 6, 21, 30, 24, 32, 3, 2, 19, 13, 15, 1, 8, 14, 31, 35, 36, 37, 34, 23, 11, 25]",5,0.2,0.25,0.22222222222222224,0.24630238874073,1,4,5,1
smd,group23_evaluation,machine-3-3,27,23159,23180,robust_z,-1,"[10, 1, 9, 2, 3, 0, 33, 32, 13, 8, 18, 6, 15, 20, 27, 11, 14, 12, 31, 5, 30, 21, 22, 36, 37, 34, 35, 25, 23, 29, 19, 24, 4, 7, 16, 17, 26, 28]",1,0.0,0.0,0.0,0.0,0,9,1,0
smd,group23_evaluation,machine-3-3,27,23159,23180,robust_z,-1,"[10, 1, 9, 2, 3, 0, 33, 32, 13, 8, 18, 6, 15, 20, 27, 11, 14, 12, 31, 5, 30, 21, 22, 36, 37, 34, 35, 25, 23, 29, 19, 24, 4, 7, 16, 17, 26, 28]",3,0.3333333333333333,0.1111111111111111,0.16666666666666666,0.2960819109658652,1,9,3,1
smd,group23_evaluation,machine-3-3,27,23159,23180,robust_z,-1,"[10, 1, 9, 2, 3, 0, 33, 32, 13, 8, 18, 6, 15, 20, 27, 11, 14, 12, 31, 5, 30, 21, 22, 36, 37, 34, 35, 25, 23, 29, 19, 24, 4, 7, 16, 17, 26, 28]",5,0.6,0.3333333333333333,0.42857142857142855,0.4912596920895758,1,9,5,3
smd,group23_evaluation,machine-3-3,27,23159,23180,pca_q,-1,"[1, 2, 9, 3, 0, 29, 33, 32, 15, 6, 18, 13, 8, 12, 11, 20, 27, 5, 14, 30, 21, 31, 23, 36, 37, 34, 35, 22, 25, 19, 24, 10, 28, 26, 4, 7, 16, 17]",1,1.0,0.1111111111111111,0.19999999999999998,1.0,1,9,1,1
smd,group23_evaluation,machine-3-3,27,23159,23180,pca_q,-1,"[1, 2, 9, 3, 0, 29, 33, 32, 15, 6, 18, 13, 8, 12, 11, 20, 27, 5, 14, 30, 21, 31, 23, 36, 37, 34, 35, 22, 25, 19, 24, 10, 28, 26, 4, 7, 16, 17]",3,0.6666666666666666,0.2222222222222222,0.3333333333333333,0.7653606369886217,1,9,3,2
smd,group23_evaluation,machine-3-3,27,23159,23180,pca_q,-1,"[1, 2, 9, 3, 0, 29, 33, 32, 15, 6, 18, 13, 8, 12, 11, 20, 27, 5, 14, 30, 21, 31, 23, 36, 37, 34, 35, 22, 25, 19, 24, 10, 28, 26, 4, 7, 16, 17]",5,0.8,0.4444444444444444,0.5714285714285714,0.830419897363192,1,9,5,4
smd,group23_evaluation,machine-3-3,27,23159,23180,baro_robust_scorer,-1,"[9, 3, 2, 1, 0, 18, 15, 27, 20, 6, 30, 21, 25, 8, 12, 34, 35, 36, 37, 13, 14, 33, 23, 24, 31, 29, 11, 22, 5, 19, 32, 10]",1,0.0,0.0,0.0,0.0,0,9,1,0
smd,group23_evaluation,machine-3-3,27,23159,23180,baro_robust_scorer,-1,"[9, 3, 2, 1, 0, 18, 15, 27, 20, 6, 30, 21, 25, 8, 12, 34, 35, 36, 37, 13, 14, 33, 23, 24, 31, 29, 11, 22, 5, 19, 32, 10]",3,0.6666666666666666,0.2222222222222222,0.3333333333333333,0.5307212739772434,1,9,3,2
smd,group23_evaluation,machine-3-3,27,23159,23180,baro_robust_scorer,-1,"[9, 3, 2, 1, 0, 18, 15, 27, 20, 6, 30, 21, 25, 8, 12, 34, 35, 36, 37, 13, 14, 33, 23, 24, 31, 29, 11, 22, 5, 19, 32, 10]",5,0.8,0.4444444444444444,0.5714285714285714,0.6608397947263839,1,9,5,4
smd,group23_evaluation,machine-3-4,0,2734,3520,robust_z,-1,"[5, 6, 3, 2, 1, 0, 15, 10, 9, 33, 11, 31, 25, 13, 12, 8, 19, 14, 23, 34, 35, 24, 22, 21, 30, 27, 20, 18, 4, 7, 16, 17, 26, 28, 29, 32, 36, 37]",1,1.0,0.125,0.2222222222222222,1.0,1,8,1,1
smd,group23_evaluation,machine-3-4,0,2734,3520,robust_z,-1,"[5, 6, 3, 2, 1, 0, 15, 10, 9, 33, 11, 31, 25, 13, 12, 8, 19, 14, 23, 34, 35, 24, 22, 21, 30, 27, 20, 18, 4, 7, 16, 17, 26, 28, 29, 32, 36, 37]",3,1.0,0.375,0.5454545454545454,1.0,1,8,3,3
smd,group23_evaluation,machine-3-4,0,2734,3520,robust_z,-1,"[5, 6, 3, 2, 1, 0, 15, 10, 9, 33, 11, 31, 25, 13, 12, 8, 19, 14, 23, 34, 35, 24, 22, 21, 30, 27, 20, 18, 4, 7, 16, 17, 26, 28, 29, 32, 36, 37]",5,1.0,0.625,0.7692307692307693,1.0,1,8,5,5
smd,group23_evaluation,machine-3-4,0,2734,3520,pca_q,-1,"[5, 6, 3, 2, 1, 15, 0, 9, 10, 33, 11, 12, 31, 25, 19, 13, 24, 23, 22, 21, 30, 34, 35, 27, 20, 14, 8, 18, 32, 29, 4, 7, 16, 17, 26, 28, 36, 37]",1,1.0,0.125,0.2222222222222222,1.0,1,8,1,1
smd,group23_evaluation,machine-3-4,0,2734,3520,pca_q,-1,"[5, 6, 3, 2, 1, 15, 0, 9, 10, 33, 11, 12, 31, 25, 19, 13, 24, 23, 22, 21, 30, 34, 35, 27, 20, 14, 8, 18, 32, 29, 4, 7, 16, 17, 26, 28, 36, 37]",3,1.0,0.375,0.5454545454545454,1.0,1,8,3,3
smd,group23_evaluation,machine-3-4,0,2734,3520,pca_q,-1,"[5, 6, 3, 2, 1, 15, 0, 9, 10, 33, 11, 12, 31, 25, 19, 13, 24, 23, 22, 21, 30, 34, 35, 27, 20, 14, 8, 18, 32, 29, 4, 7, 16, 17, 26, 28, 36, 37]",5,1.0,0.625,0.7692307692307693,1.0,1,8,5,5
smd,group23_evaluation,machine-3-4,0,2734,3520,baro_robust_scorer,-1,"[9, 15, 1, 10, 2, 3, 0, 11, 12, 33, 23, 31, 25, 8, 14, 24, 34, 35, 30, 21, 19, 18, 27, 20, 22, 13, 5, 6]",1,0.0,0.0,0.0,0.0,0,8,1,0
smd,group23_evaluation,machine-3-4,0,2734,3520,baro_robust_scorer,-1,"[9, 15, 1, 10, 2, 3, 0, 11, 12, 33, 23, 31, 25, 8, 14, 24, 34, 35, 30, 21, 19, 18, 27, 20, 22, 13, 5, 6]",3,0.6666666666666666,0.25,0.36363636363636365,0.5307212739772434,1,8,3,2
smd,group23_evaluation,machine-3-4,0,2734,3520,baro_robust_scorer,-1,"[9, 15, 1, 10, 2, 3, 0, 11, 12, 33, 23, 31, 25, 8, 14, 24, 34, 35, 30, 21, 19, 18, 27, 20, 22, 13, 5, 6]",5,0.8,0.5,0.6153846153846154,0.6608397947263839,1,8,5,4
smd,group23_evaluation,machine-3-4,1,4474,4550,robust_z,-1,"[32, 6, 5, 15, 10, 1, 33, 2, 3, 34, 35, 22, 21, 24, 30, 18, 20, 27, 19, 13, 0, 31, 8, 11, 14, 9, 12, 25, 23, 4, 7, 16, 17, 26, 28, 29, 36, 37]",1,0.0,0.0,0.0,0.0,0,2,1,0
smd,group23_evaluation,machine-3-4,1,4474,4550,robust_z,-1,"[32, 6, 5, 15, 10, 1, 33, 2, 3, 34, 35, 22, 21, 24, 30, 18, 20, 27, 19, 13, 0, 31, 8, 11, 14, 9, 12, 25, 23, 4, 7, 16, 17, 26, 28, 29, 36, 37]",3,0.0,0.0,0.0,0.0,0,2,3,0
smd,group23_evaluation,machine-3-4,1,4474,4550,robust_z,-1,"[32, 6, 5, 15, 10, 1, 33, 2, 3, 34, 35, 22, 21, 24, 30, 18, 20, 27, 19, 13, 0, 31, 8, 11, 14, 9, 12, 25, 23, 4, 7, 16, 17, 26, 28, 29, 36, 37]",5,0.2,0.5,0.28571428571428575,0.23719771276929622,1,2,5,1
smd,group23_evaluation,machine-3-4,1,4474,4550,pca_q,-1,"[6, 5, 15, 10, 1, 2, 33, 3, 0, 34, 35, 13, 31, 22, 19, 18, 24, 21, 30, 20, 27, 9, 11, 8, 12, 14, 25, 23, 32, 29, 4, 7, 16, 17, 26, 28, 36, 37]",1,0.0,0.0,0.0,0.0,0,2,1,0
smd,group23_evaluation,machine-3-4,1,4474,4550,pca_q,-1,"[6, 5, 15, 10, 1, 2, 33, 3, 0, 34, 35, 13, 31, 22, 19, 18, 24, 21, 30, 20, 27, 9, 11, 8, 12, 14, 25, 23, 32, 29, 4, 7, 16, 17, 26, 28, 36, 37]",3,0.0,0.0,0.0,0.0,0,2,3,0
smd,group23_evaluation,machine-3-4,1,4474,4550,pca_q,-1,"[6, 5, 15, 10, 1, 2, 33, 3, 0, 34, 35, 13, 31, 22, 19, 18, 24, 21, 30, 20, 27, 9, 11, 8, 12, 14, 25, 23, 32, 29, 4, 7, 16, 17, 26, 28, 36, 37]",5,0.4,1.0,0.5714285714285715,0.5012658353418871,1,2,5,2
smd,group23_evaluation,machine-3-4,1,4474,4550,baro_robust_scorer,-1,"[1, 15, 10, 2, 3, 33, 0, 9, 23, 18, 27, 20, 30, 21, 24, 5, 22, 25, 34, 35, 19, 6, 31, 12, 11, 13, 32, 8, 14]",1,1.0,0.5,0.6666666666666666,1.0,1,2,1,1
smd,group23_evaluation,machine-3-4,1,4474,4550,baro_robust_scorer,-1,"[1, 15, 10, 2, 3, 33, 0, 9, 23, 18, 27, 20, 30, 21, 24, 5, 22, 25, 34, 35, 19, 6, 31, 12, 11, 13, 32, 8, 14]",3,0.6666666666666666,1.0,0.8,0.9197207891481876,1,2,3,2
smd,group23_evaluation,machine-3-4,1,4474,4550,baro_robust_scorer,-1,"[1, 15, 10, 2, 3, 33, 0, 9, 23, 18, 27, 20, 30, 21, 24, 5, 22, 25, 34, 35, 19, 6, 31, 12, 11, 13, 32, 8, 14]",5,0.4,1.0,0.5714285714285715,0.9197207891481876,1,2,5,2
smd,group23_evaluation,machine-3-4,2,6013,6016,robust_z,-1,"[9, 6, 12, 11, 13, 8, 33, 25, 5, 0, 23, 19, 10, 14, 15, 1, 3, 22, 31, 24, 30, 2, 21, 34, 35, 18, 27, 20, 4, 7, 16, 17, 26, 28, 29, 32, 36, 37]",1,1.0,0.25,0.4,1.0,1,4,1,1
smd,group23_evaluation,machine-3-4,2,6013,6016,robust_z,-1,"[9, 6, 12, 11, 13, 8, 33, 25, 5, 0, 23, 19, 10, 14, 15, 1, 3, 22, 31, 24, 30, 2, 21, 34, 35, 18, 27, 20, 4, 7, 16, 17, 26, 28, 29, 32, 36, 37]",3,0.6666666666666666,0.5,0.5714285714285715,0.7039180890341347,1,4,3,2
smd,group23_evaluation,machine-3-4,2,6013,6016,robust_z,-1,"[9, 6, 12, 11, 13, 8, 33, 25, 5, 0, 23, 19, 10, 14, 15, 1, 3, 22, 31, 24, 30, 2, 21, 34, 35, 18, 27, 20, 4, 7, 16, 17, 26, 28, 29, 32, 36, 37]",5,0.8,1.0,0.888888888888889,0.9047172294870751,1,4,5,4
smd,group23_evaluation,machine-3-4,2,6013,6016,pca_q,-1,"[9, 6, 12, 11, 13, 8, 33, 5, 25, 10, 15, 23, 0, 19, 22, 3, 1, 24, 14, 31, 30, 21, 27, 20, 34, 2, 35, 18, 29, 32, 4, 7, 16, 17, 26, 28, 36, 37]",1,1.0,0.25,0.4,1.0,1,4,1,1
smd,group23_evaluation,machine-3-4,2,6013,6016,pca_q,-1,"[9, 6, 12, 11, 13, 8, 33, 5, 25, 10, 15, 23, 0, 19, 22, 3, 1, 24, 14, 31, 30, 21, 27, 20, 34, 2, 35, 18, 29, 32, 4, 7, 16, 17, 26, 28, 36, 37]",3,0.6666666666666666,0.5,0.5714285714285715,0.7039180890341347,1,4,3,2
smd,group23_evaluation,machine-3-4,2,6013,6016,pca_q,-1,"[9, 6, 12, 11, 13, 8, 33, 5, 25, 10, 15, 23, 0, 19, 22, 3, 1, 24, 14, 31, 30, 21, 27, 20, 34, 2, 35, 18, 29, 32, 4, 7, 16, 17, 26, 28, 36, 37]",5,0.8,1.0,0.888888888888889,0.9047172294870751,1,4,5,4
smd,group23_evaluation,machine-3-4,2,6013,6016,baro_robust_scorer,-1,"[9, 12, 11, 8, 13, 6, 0, 19, 18, 1, 34, 35, 22, 30, 21, 3, 5, 10, 31, 20, 27, 15, 14, 24, 2, 25, 23]",1,1.0,0.25,0.4,1.0,1,4,1,1
smd,group23_evaluation,machine-3-4,2,6013,6016,baro_robust_scorer,-1,"[9, 12, 11, 8, 13, 6, 0, 19, 18, 1, 34, 35, 22, 30, 21, 3, 5, 10, 31, 20, 27, 15, 14, 24, 2, 25, 23]",3,1.0,0.75,0.8571428571428571,1.0,1,4,3,3
smd,group23_evaluation,machine-3-4,2,6013,6016,baro_robust_scorer,-1,"[9, 12, 11, 8, 13, 6, 0, 19, 18, 1, 34, 35, 22, 30, 21, 3, 5, 10, 31, 20, 27, 15, 14, 24, 2, 25, 23]",5,0.8,1.0,0.888888888888889,0.9828920819566879,1,4,5,4
smd,group23_evaluation,machine-3-4,3,10963,10969,robust_z,-1,"[32, 29, 6, 33, 5, 23, 0, 14, 24, 31, 19, 30, 21, 11, 27, 20, 22, 18, 8, 34, 35, 25, 3, 12, 1, 10, 15, 2, 9, 13, 4, 7, 16, 17, 26, 28, 36, 37]",1,1.0,0.3333333333333333,0.5,1.0,1,3,1,1
smd,group23_evaluation,machine-3-4,3,10963,10969,robust_z,-1,"[32, 29, 6, 33, 5, 23, 0, 14, 24, 31, 19, 30, 21, 11, 27, 20, 22, 18, 8, 34, 35, 25, 3, 12, 1, 10, 15, 2, 9, 13, 4, 7, 16, 17, 26, 28, 36, 37]",3,0.6666666666666666,0.6666666666666666,0.6666666666666666,0.7653606369886217,1,3,3,2
smd,group23_evaluation,machine-3-4,3,10963,10969,robust_z,-1,"[32, 29, 6, 33, 5, 23, 0, 14, 24, 31, 19, 30, 21, 11, 27, 20, 22, 18, 8, 34, 35, 25, 3, 12, 1, 10, 15, 2, 9, 13, 4, 7, 16, 17, 26, 28, 36, 37]",5,0.6,1.0,0.7499999999999999,0.9674679834891693,1,3,5,3
smd,group23_evaluation,machine-3-4,3,10963,10969,pca_q,-1,"[6, 33, 23, 5, 25, 24, 10, 15, 19, 0, 30, 21, 18, 27, 20, 34, 35, 22, 14, 3, 31, 8, 11, 9, 1, 12, 2, 13, 32, 29, 4, 7, 16, 17, 26, 28, 36, 37]",1,0.0,0.0,0.0,0.0,0,3,1,0
smd,group23_evaluation,machine-3-4,3,10963,10969,pca_q,-1,"[6, 33, 23, 5, 25, 24, 10, 15, 19, 0, 30, 21, 18, 27, 20, 34, 35, 22, 14, 3, 31, 8, 11, 9, 1, 12, 2, 13, 32, 29, 4, 7, 16, 17, 26, 28, 36, 37]",3,0.3333333333333333,0.3333333333333333,0.3333333333333333,0.2960819109658652,1,3,3,1
smd,group23_evaluation,machine-3-4,3,10963,10969,pca_q,-1,"[6, 33, 23, 5, 25, 24, 10, 15, 19, 0, 30, 21, 18, 27, 20, 34, 35, 22, 14, 3, 31, 8, 11, 9, 1, 12, 2, 13, 32, 29, 4, 7, 16, 17, 26, 28, 36, 37]",5,0.2,0.3333333333333333,0.25,0.2960819109658652,1,3,5,1
smd,group23_evaluation,machine-3-4,3,10963,10969,baro_robust_scorer,-1,"[33, 23, 25, 19, 24, 30, 21, 27, 20, 13, 35, 15, 34, 10, 0, 22, 6, 3, 5, 2, 1, 11, 14, 12, 8, 18, 9]",1,1.0,0.3333333333333333,0.5,1.0,1,3,1,1
smd,group23_evaluation,machine-3-4,3,10963,10969,baro_robust_scorer,-1,"[33, 23, 25, 19, 24, 30, 21, 27, 20, 13, 35, 15, 34, 10, 0, 22, 6, 3, 5, 2, 1, 11, 14, 12, 8, 18, 9]",3,0.3333333333333333,0.3333333333333333,0.3333333333333333,0.46927872602275644,1,3,3,1
smd,group23_evaluation,machine-3-4,3,10963,10969,baro_robust_scorer,-1,"[33, 23, 25, 19, 24, 30, 21, 27, 20, 13, 35, 15, 34, 10, 0, 22, 6, 3, 5, 2, 1, 11, 14, 12, 8, 18, 9]",5,0.2,0.3333333333333333,0.25,0.46927872602275644,1,3,5,1
smd,group23_evaluation,machine-3-4,4,11565,11569,robust_z,-1,"[32, 6, 33, 5, 9, 23, 15, 10, 25, 11, 31, 13, 34, 35, 1, 18, 22, 20, 21, 27, 30, 19, 24, 12, 0, 2, 3, 14, 8, 4, 7, 16, 17, 26, 28, 29, 36, 37]",1,1.0,0.3333333333333333,0.5,1.0,1,3,1,1
smd,group23_evaluation,machine-3-4,4,11565,11569,robust_z,-1,"[32, 6, 33, 5, 9, 23, 15, 10, 25, 11, 31, 13, 34, 35, 1, 18, 22, 20, 21, 27, 30, 19, 24, 12, 0, 2, 3, 14, 8, 4, 7, 16, 17, 26, 28, 29, 36, 37]",3,0.6666666666666666,0.6666666666666666,0.6666666666666666,0.7039180890341347,1,3,3,2
smd,group23_evaluation,machine-3-4,4,11565,11569,robust_z,-1,"[32, 6, 33, 5, 9, 23, 15, 10, 25, 11, 31, 13, 34, 35, 1, 18, 22, 20, 21, 27, 30, 19, 24, 12, 0, 2, 3, 14, 8, 4, 7, 16, 17, 26, 28, 29, 36, 37]",5,0.4,0.6666666666666666,0.5,0.7039180890341347,1,3,5,2
smd,group23_evaluation,machine-3-4,4,11565,11569,pca_q,-1,"[6, 5, 33, 9, 10, 15, 25, 23, 11, 31, 18, 35, 34, 20, 27, 22, 21, 13, 30, 12, 24, 1, 19, 0, 14, 3, 2, 8, 32, 29, 4, 7, 16, 17, 26, 28, 36, 37]",1,0.0,0.0,0.0,0.0,0,3,1,0
smd,group23_evaluation,machine-3-4,4,11565,11569,pca_q,-1,"[6, 5, 33, 9, 10, 15, 25, 23, 11, 31, 18, 35, 34, 20, 27, 22, 21, 13, 30, 12, 24, 1, 19, 0, 14, 3, 2, 8, 32, 29, 4, 7, 16, 17, 26, 28, 36, 37]",3,0.3333333333333333,0.3333333333333333,0.3333333333333333,0.23463936301137822,1,3,3,1
smd,group23_evaluation,machine-3-4,4,11565,11569,pca_q,-1,"[6, 5, 33, 9, 10, 15, 25, 23, 11, 31, 18, 35, 34, 20, 27, 22, 21, 13, 30, 12, 24, 1, 19, 0, 14, 3, 2, 8, 32, 29, 4, 7, 16, 17, 26, 28, 36, 37]",5,0.2,0.3333333333333333,0.25,0.23463936301137822,1,3,5,1
smd,group23_evaluation,machine-3-4,4,11565,11569,baro_robust_scorer,-1,"[32, 33, 19, 15, 10, 24, 14, 30, 21, 9, 27, 20, 25, 34, 35, 8, 0, 18, 12, 23, 22, 11, 1, 6, 5, 13, 31, 2, 3]",1,1.0,0.3333333333333333,0.5,1.0,1,3,1,1
smd,group23_evaluation,machine-3-4,4,11565,11569,baro_robust_scorer,-1,"[32, 33, 19, 15, 10, 24, 14, 30, 21, 9, 27, 20, 25, 34, 35, 8, 0, 18, 12, 23, 22, 11, 1, 6, 5, 13, 31, 2, 3]",3,0.6666666666666666,0.6666666666666666,0.6666666666666666,0.7653606369886217,1,3,3,2
smd,group23_evaluation,machine-3-4,4,11565,11569,baro_robust_scorer,-1,"[32, 33, 19, 15, 10, 24, 14, 30, 21, 9, 27, 20, 25, 34, 35, 8, 0, 18, 12, 23, 22, 11, 1, 6, 5, 13, 31, 2, 3]",5,0.4,0.6666666666666666,0.5,0.7653606369886217,1,3,5,2
smd,group23_evaluation,machine-3-4,5,13699,13709,robust_z,-1,"[32, 6, 33, 5, 35, 34, 10, 15, 18, 19, 20, 27, 21, 30, 24, 3, 14, 23, 22, 1, 2, 11, 0, 13, 25, 8, 12, 9, 31, 4, 7, 16, 17, 26, 28, 29, 36, 37]",1,1.0,0.3333333333333333,0.5,1.0,1,3,1,1
smd,group23_evaluation,machine-3-4,5,13699,13709,robust_z,-1,"[32, 6, 33, 5, 35, 34, 10, 15, 18, 19, 20, 27, 21, 30, 24, 3, 14, 23, 22, 1, 2, 11, 0, 13, 25, 8, 12, 9, 31, 4, 7, 16, 17, 26, 28, 29, 36, 37]",3,0.6666666666666666,0.6666666666666666,0.6666666666666666,0.7039180890341347,1,3,3,2
smd,group23_evaluation,machine-3-4,5,13699,13709,robust_z,-1,"[32, 6, 33, 5, 35, 34, 10, 15, 18, 19, 20, 27, 21, 30, 24, 3, 14, 23, 22, 1, 2, 11, 0, 13, 25, 8, 12, 9, 31, 4, 7, 16, 17, 26, 28, 29, 36, 37]",5,0.4,0.6666666666666666,0.5,0.7039180890341347,1,3,5,2
smd,group23_evaluation,machine-3-4,5,13699,13709,pca_q,-1,"[6, 33, 5, 10, 15, 35, 34, 18, 20, 27, 19, 21, 30, 24, 25, 14, 22, 23, 3, 11, 1, 9, 8, 2, 0, 12, 13, 31, 32, 29, 4, 7, 16, 17, 26, 28, 36, 37]",1,0.0,0.0,0.0,0.0,0,3,1,0
smd,group23_evaluation,machine-3-4,5,13699,13709,pca_q,-1,"[6, 33, 5, 10, 15, 35, 34, 18, 20, 27, 19, 21, 30, 24, 25, 14, 22, 23, 3, 11, 1, 9, 8, 2, 0, 12, 13, 31, 32, 29, 4, 7, 16, 17, 26, 28, 36, 37]",3,0.3333333333333333,0.3333333333333333,0.3333333333333333,0.2960819109658652,1,3,3,1
smd,group23_evaluation,machine-3-4,5,13699,13709,pca_q,-1,"[6, 33, 5, 10, 15, 35, 34, 18, 20, 27, 19, 21, 30, 24, 25, 14, 22, 23, 3, 11, 1, 9, 8, 2, 0, 12, 13, 31, 32, 29, 4, 7, 16, 17, 26, 28, 36, 37]",5,0.2,0.3333333333333333,0.25,0.2960819109658652,1,3,5,1
smd,group23_evaluation,machine-3-4,5,13699,13709,baro_robust_scorer,-1,"[23, 6, 10, 15, 19, 34, 35, 25, 9, 18, 21, 13, 30, 24, 0, 20, 1, 27, 12, 14, 33, 22, 32, 2, 3, 8, 5, 31, 11]",1,1.0,0.3333333333333333,0.5,1.0,1,3,1,1
smd,group23_evaluation,machine-3-4,5,13699,13709,baro_robust_scorer,-1,"[23, 6, 10, 15, 19, 34, 35, 25, 9, 18, 21, 13, 30, 24, 0, 20, 1, 27, 12, 14, 33, 22, 32, 2, 3, 8, 5, 31, 11]",3,0.3333333333333333,0.3333333333333333,0.3333333333333333,0.46927872602275644,1,3,3,1
smd,group23_evaluation,machine-3-4,5,13699,13709,baro_robust_scorer,-1,"[23, 6, 10, 15, 19, 34, 35, 25, 9, 18, 21, 13, 30, 24, 0, 20, 1, 27, 12, 14, 33, 22, 32, 2, 3, 8, 5, 31, 11]",5,0.2,0.3333333333333333,0.25,0.46927872602275644,1,3,5,1
smd,group23_evaluation,machine-3-4,6,18589,18640,robust_z,-1,"[6, 3, 2, 0, 1, 5, 33, 34, 35, 10, 15, 13, 18, 20, 27, 21, 30, 22, 19, 24, 14, 8, 25, 11, 23, 12, 31, 9, 4, 7, 16, 17, 26, 28, 29, 32, 36, 37]",1,0.0,0.0,0.0,0.0,0,4,1,0
smd,group23_evaluation,machine-3-4,6,18589,18640,robust_z,-1,"[6, 3, 2, 0, 1, 5, 33, 34, 35, 10, 15, 13, 18, 20, 27, 21, 30, 22, 19, 24, 14, 8, 25, 11, 23, 12, 31, 9, 4, 7, 16, 17, 26, 28, 29, 32, 36, 37]",3,0.6666666666666666,0.5,0.5714285714285715,0.5307212739772434,1,4,3,2
smd,group23_evaluation,machine-3-4,6,18589,18640,robust_z,-1,"[6, 3, 2, 0, 1, 5, 33, 34, 35, 10, 15, 13, 18, 20, 27, 21, 30, 22, 19, 24, 14, 8, 25, 11, 23, 12, 31, 9, 4, 7, 16, 17, 26, 28, 29, 32, 36, 37]",5,0.8,1.0,0.888888888888889,0.7606395682357036,1,4,5,4
smd,group23_evaluation,machine-3-4,6,18589,18640,pca_q,-1,"[6, 0, 2, 1, 3, 5, 33, 13, 10, 15, 35, 34, 8, 18, 14, 20, 27, 19, 21, 30, 11, 24, 22, 12, 9, 25, 23, 31, 32, 29, 4, 7, 16, 17, 26, 28, 36, 37]",1,0.0,0.0,0.0,0.0,0,4,1,0
smd,group23_evaluation,machine-3-4,6,18589,18640,pca_q,-1,"[6, 0, 2, 1, 3, 5, 33, 13, 10, 15, 35, 34, 8, 18, 14, 20, 27, 19, 21, 30, 11, 24, 22, 12, 9, 25, 23, 31, 32, 29, 4, 7, 16, 17, 26, 28, 36, 37]",3,0.6666666666666666,0.5,0.5714285714285715,0.5307212739772434,1,4,3,2
smd,group23_evaluation,machine-3-4,6,18589,18640,pca_q,-1,"[6, 0, 2, 1, 3, 5, 33, 13, 10, 15, 35, 34, 8, 18, 14, 20, 27, 19, 21, 30, 11, 24, 22, 12, 9, 25, 23, 31, 32, 29, 4, 7, 16, 17, 26, 28, 36, 37]",5,0.8,1.0,0.888888888888889,0.7606395682357036,1,4,5,4
smd,group23_evaluation,machine-3-4,6,18589,18640,baro_robust_scorer,-1,"[0, 1, 2, 3, 8, 9, 11, 14, 15, 10, 12, 23, 25, 6, 13, 18, 24, 19, 30, 34, 35, 21, 27, 20, 22, 5, 33, 31]",1,1.0,0.25,0.4,1.0,1,4,1,1
smd,group23_evaluation,machine-3-4,6,18589,18640,baro_robust_scorer,-1,"[0, 1, 2, 3, 8, 9, 11, 14, 15, 10, 12, 23, 25, 6, 13, 18, 24, 19, 30, 34, 35, 21, 27, 20, 22, 5, 33, 31]",3,1.0,0.75,0.8571428571428571,1.0,1,4,3,3
smd,group23_evaluation,machine-3-4,6,18589,18640,baro_robust_scorer,-1,"[0, 1, 2, 3, 8, 9, 11, 14, 15, 10, 12, 23, 25, 6, 13, 18, 24, 19, 30, 34, 35, 21, 27, 20, 22, 5, 33, 31]",5,0.8,1.0,0.888888888888889,1.0,1,4,5,4
smd,group23_evaluation,machine-3-4,7,18784,18825,robust_z,-1,"[6, 0, 2, 1, 5, 3, 33, 15, 10, 31, 13, 34, 35, 18, 19, 21, 20, 22, 30, 27, 24, 14, 8, 12, 11, 25, 23, 9, 4, 7, 16, 17, 26, 28, 29, 32, 36, 37]",1,0.0,0.0,0.0,0.0,0,3,1,0
smd,group23_evaluation,machine-3-4,7,18784,18825,robust_z,-1,"[6, 0, 2, 1, 5, 3, 33, 15, 10, 31, 13, 34, 35, 18, 19, 21, 20, 22, 30, 27, 24, 14, 8, 12, 11, 25, 23, 9, 4, 7, 16, 17, 26, 28, 29, 32, 36, 37]",3,0.6666666666666666,0.6666666666666666,0.6666666666666666,0.5307212739772434,1,3,3,2
smd,group23_evaluation,machine-3-4,7,18784,18825,robust_z,-1,"[6, 0, 2, 1, 5, 3, 33, 15, 10, 31, 13, 34, 35, 18, 19, 21, 20, 22, 30, 27, 24, 14, 8, 12, 11, 25, 23, 9, 4, 7, 16, 17, 26, 28, 29, 32, 36, 37]",5,0.6,1.0,0.7499999999999999,0.7328286204777911,1,3,5,3
smd,group23_evaluation,machine-3-4,7,18784,18825,pca_q,-1,"[6, 0, 1, 2, 5, 3, 15, 10, 33, 31, 13, 35, 34, 8, 14, 12, 11, 18, 19, 24, 22, 21, 30, 20, 27, 9, 23, 25, 32, 29, 4, 7, 16, 17, 26, 28, 36, 37]",1,0.0,0.0,0.0,0.0,0,3,1,0
smd,group23_evaluation,machine-3-4,7,18784,18825,pca_q,-1,"[6, 0, 1, 2, 5, 3, 15, 10, 33, 31, 13, 35, 34, 8, 14, 12, 11, 18, 19, 24, 22, 21, 30, 20, 27, 9, 23, 25, 32, 29, 4, 7, 16, 17, 26, 28, 36, 37]",3,0.6666666666666666,0.6666666666666666,0.6666666666666666,0.5307212739772434,1,3,3,2
smd,group23_evaluation,machine-3-4,7,18784,18825,pca_q,-1,"[6, 0, 1, 2, 5, 3, 15, 10, 33, 31, 13, 35, 34, 8, 14, 12, 11, 18, 19, 24, 22, 21, 30, 20, 27, 9, 23, 25, 32, 29, 4, 7, 16, 17, 26, 28, 36, 37]",5,0.6,1.0,0.7499999999999999,0.7328286204777911,1,3,5,3
smd,group23_evaluation,machine-3-4,7,18784,18825,baro_robust_scorer,-1,"[0, 1, 10, 15, 5, 3, 2, 6, 25, 11, 23, 31, 12, 9, 18, 19, 35, 8, 14, 27, 20, 34, 21, 30, 24, 22, 13, 33]",1,1.0,0.3333333333333333,0.5,1.0,1,3,1,1
smd,group23_evaluation,machine-3-4,7,18784,18825,baro_robust_scorer,-1,"[0, 1, 10, 15, 5, 3, 2, 6, 25, 11, 23, 31, 12, 9, 18, 19, 35, 8, 14, 27, 20, 34, 21, 30, 24, 22, 13, 33]",3,0.6666666666666666,0.6666666666666666,0.6666666666666666,0.7653606369886217,1,3,3,2
smd,group23_evaluation,machine-3-4,7,18784,18825,baro_robust_scorer,-1,"[0, 1, 10, 15, 5, 3, 2, 6, 25, 11, 23, 31, 12, 9, 18, 19, 35, 8, 14, 27, 20, 34, 21, 30, 24, 22, 13, 33]",5,0.4,0.6666666666666666,0.5,0.7653606369886217,1,3,5,2
smd,group23_evaluation,machine-3-5,0,1288,1439,robust_z,-1,"[22, 16, 10, 17, 18, 20, 19, 21, 27, 30, 9, 8, 15, 14, 12, 6, 11, 33, 13, 1, 2, 5, 3, 25, 23, 0, 4, 7, 24, 26, 28, 29, 31, 32, 34, 35, 36, 37]",1,0.0,0.0,0.0,0.0,0,11,1,0
smd,group23_evaluation,machine-3-5,0,1288,1439,robust_z,-1,"[22, 16, 10, 17, 18, 20, 19, 21, 27, 30, 9, 8, 15, 14, 12, 6, 11, 33, 13, 1, 2, 5, 3, 25, 23, 0, 4, 7, 24, 26, 28, 29, 31, 32, 34, 35, 36, 37]",3,0.3333333333333333,0.09090909090909091,0.14285714285714288,0.23463936301137822,1,11,3,1
smd,group23_evaluation,machine-3-5,0,1288,1439,robust_z,-1,"[22, 16, 10, 17, 18, 20, 19, 21, 27, 30, 9, 8, 15, 14, 12, 6, 11, 33, 13, 1, 2, 5, 3, 25, 23, 0, 4, 7, 24, 26, 28, 29, 31, 32, 34, 35, 36, 37]",5,0.4,0.18181818181818182,0.25000000000000006,0.30078518014914984,1,11,5,2
smd,group23_evaluation,machine-3-5,0,1288,1439,pca_q,-1,"[22, 16, 17, 10, 18, 20, 19, 21, 27, 30, 9, 13, 8, 32, 15, 14, 6, 12, 11, 1, 33, 5, 2, 23, 25, 3, 0, 4, 7, 24, 26, 28, 29, 31, 34, 35, 36, 37]",1,0.0,0.0,0.0,0.0,0,11,1,0
smd,group23_evaluation,machine-3-5,0,1288,1439,pca_q,-1,"[22, 16, 17, 10, 18, 20, 19, 21, 27, 30, 9, 13, 8, 32, 15, 14, 6, 12, 11, 1, 33, 5, 2, 23, 25, 3, 0, 4, 7, 24, 26, 28, 29, 31, 34, 35, 36, 37]",3,0.0,0.0,0.0,0.0,0,11,3,0
smd,group23_evaluation,machine-3-5,0,1288,1439,pca_q,-1,"[22, 16, 17, 10, 18, 20, 19, 21, 27, 30, 9, 13, 8, 32, 15, 14, 6, 12, 11, 1, 33, 5, 2, 23, 25, 3, 0, 4, 7, 24, 26, 28, 29, 31, 34, 35, 36, 37]",5,0.4,0.18181818181818182,0.25000000000000006,0.27727342735504823,1,11,5,2
smd,group23_evaluation,machine-3-5,0,1288,1439,baro_robust_scorer,-1,"[10, 18, 20, 21, 19, 12, 27, 8, 9, 30, 1, 14, 11, 13, 2, 15, 3, 0, 33, 5, 6, 22, 16, 23, 25, 17]",1,1.0,0.09090909090909091,0.16666666666666669,1.0,1,11,1,1
smd,group23_evaluation,machine-3-5,0,1288,1439,baro_robust_scorer,-1,"[10, 18, 20, 21, 19, 12, 27, 8, 9, 30, 1, 14, 11, 13, 2, 15, 3, 0, 33, 5, 6, 22, 16, 23, 25, 17]",3,1.0,0.2727272727272727,0.42857142857142855,1.0,1,11,3,3
smd,group23_evaluation,machine-3-5,0,1288,1439,baro_robust_scorer,-1,"[10, 18, 20, 21, 19, 12, 27, 8, 9, 30, 1, 14, 11, 13, 2, 15, 3, 0, 33, 5, 6, 22, 16, 23, 25, 17]",5,1.0,0.45454545454545453,0.625,1.0,1,11,5,5
smd,group23_evaluation,machine-3-5,1,8975,8979,robust_z,-1,"[16, 17, 22, 10, 9, 13, 12, 8, 1, 2, 3, 6, 18, 0, 15, 20, 11, 14, 27, 30, 33, 19, 21, 5, 25, 23, 4, 7, 24, 26, 28, 29, 31, 32, 34, 35, 36, 37]",1,1.0,1.0,1.0,1.0,1,1,1,1
smd,group23_evaluation,machine-3-5,1,8975,8979,robust_z,-1,"[16, 17, 22, 10, 9, 13, 12, 8, 1, 2, 3, 6, 18, 0, 15, 20, 11, 14, 27, 30, 33, 19, 21, 5, 25, 23, 4, 7, 24, 26, 28, 29, 31, 32, 34, 35, 36, 37]",3,0.3333333333333333,1.0,0.5,1.0,1,1,3,1
smd,group23_evaluation,machine-3-5,1,8975,8979,robust_z,-1,"[16, 17, 22, 10, 9, 13, 12, 8, 1, 2, 3, 6, 18, 0, 15, 20, 11, 14, 27, 30, 33, 19, 21, 5, 25, 23, 4, 7, 24, 26, 28, 29, 31, 32, 34, 35, 36, 37]",5,0.2,1.0,0.33333333333333337,1.0,1,1,5,1
smd,group23_evaluation,machine-3-5,1,8975,8979,pca_q,-1,"[16, 17, 22, 32, 10, 9, 13, 12, 8, 1, 2, 3, 18, 0, 20, 15, 6, 11, 27, 30, 33, 14, 21, 19, 5, 23, 25, 4, 7, 24, 26, 28, 29, 31, 34, 35, 36, 37]",1,1.0,1.0,1.0,1.0,1,1,1,1
smd,group23_evaluation,machine-3-5,1,8975,8979,pca_q,-1,"[16, 17, 22, 32, 10, 9, 13, 12, 8, 1, 2, 3, 18, 0, 20, 15, 6, 11, 27, 30, 33, 14, 21, 19, 5, 23, 25, 4, 7, 24, 26, 28, 29, 31, 34, 35, 36, 37]",3,0.3333333333333333,1.0,0.5,1.0,1,1,3,1
smd,group23_evaluation,machine-3-5,1,8975,8979,pca_q,-1,"[16, 17, 22, 32, 10, 9, 13, 12, 8, 1, 2, 3, 18, 0, 20, 15, 6, 11, 27, 30, 33, 14, 21, 19, 5, 23, 25, 4, 7, 24, 26, 28, 29, 31, 34, 35, 36, 37]",5,0.2,1.0,0.33333333333333337,1.0,1,1,5,1
smd,group23_evaluation,machine-3-5,1,8975,8979,baro_robust_scorer,-1,"[16, 17, 6, 3, 0, 18, 12, 20, 19, 10, 21, 30, 27, 8, 1, 2, 22, 15, 9, 33, 14, 5, 23, 13, 11]",1,1.0,1.0,1.0,1.0,1,1,1,1
smd,group23_evaluation,machine-3-5,1,8975,8979,baro_robust_scorer,-1,"[16, 17, 6, 3, 0, 18, 12, 20, 19, 10, 21, 30, 27, 8, 1, 2, 22, 15, 9, 33, 14, 5, 23, 13, 11]",3,0.3333333333333333,1.0,0.5,1.0,1,1,3,1
smd,group23_evaluation,machine-3-5,1,8975,8979,baro_robust_scorer,-1,"[16, 17, 6, 3, 0, 18, 12, 20, 19, 10, 21, 30, 27, 8, 1, 2, 22, 15, 9, 33, 14, 5, 23, 13, 11]",5,0.2,1.0,0.33333333333333337,1.0,1,1,5,1
smd,group23_evaluation,machine-3-5,2,13517,13520,robust_z,-1,"[29, 22, 18, 20, 25, 30, 27, 2, 0, 21, 19, 11, 1, 15, 23, 3, 33, 13, 5, 14, 6, 12, 8, 10, 9, 4, 7, 16, 17, 24, 26, 28, 31, 32, 34, 35, 36, 37]",1,1.0,1.0,1.0,1.0,1,1,1,1
smd,group23_evaluation,machine-3-5,2,13517,13520,robust_z,-1,"[29, 22, 18, 20, 25, 30, 27, 2, 0, 21, 19, 11, 1, 15, 23, 3, 33, 13, 5, 14, 6, 12, 8, 10, 9, 4, 7, 16, 17, 24, 26, 28, 31, 32, 34, 35, 36, 37]",3,0.3333333333333333,1.0,0.5,1.0,1,1,3,1
smd,group23_evaluation,machine-3-5,2,13517,13520,robust_z,-1,"[29, 22, 18, 20, 25, 30, 27, 2, 0, 21, 19, 11, 1, 15, 23, 3, 33, 13, 5, 14, 6, 12, 8, 10, 9, 4, 7, 16, 17, 24, 26, 28, 31, 32, 34, 35, 36, 37]",5,0.2,1.0,0.33333333333333337,1.0,1,1,5,1
smd,group23_evaluation,machine-3-5,2,13517,13520,pca_q,-1,"[29, 22, 16, 17, 32, 13, 18, 20, 10, 0, 21, 19, 2, 25, 1, 27, 30, 11, 15, 3, 33, 5, 9, 23, 8, 14, 12, 6, 4, 7, 24, 26, 28, 31, 34, 35, 36, 37]",1,1.0,1.0,1.0,1.0,1,1,1,1
smd,group23_evaluation,machine-3-5,2,13517,13520,pca_q,-1,"[29, 22, 16, 17, 32, 13, 18, 20, 10, 0, 21, 19, 2, 25, 1, 27, 30, 11, 15, 3, 33, 5, 9, 23, 8, 14, 12, 6, 4, 7, 24, 26, 28, 31, 34, 35, 36, 37]",3,0.3333333333333333,1.0,0.5,1.0,1,1,3,1
smd,group23_evaluation,machine-3-5,2,13517,13520,pca_q,-1,"[29, 22, 16, 17, 32, 13, 18, 20, 10, 0, 21, 19, 2, 25, 1, 27, 30, 11, 15, 3, 33, 5, 9, 23, 8, 14, 12, 6, 4, 7, 24, 26, 28, 31, 34, 35, 36, 37]",5,0.2,1.0,0.33333333333333337,1.0,1,1,5,1
smd,group23_evaluation,machine-3-5,2,13517,13520,baro_robust_scorer,-1,"[19, 21, 15, 14, 8, 27, 30, 20, 5, 18, 13, 0, 33, 1, 6, 10, 2, 9, 3, 11, 23]",1,0.0,0.0,0.0,0.0,0,1,1,0
smd,group23_evaluation,machine-3-5,2,13517,13520,baro_robust_scorer,-1,"[19, 21, 15, 14, 8, 27, 30, 20, 5, 18, 13, 0, 33, 1, 6, 10, 2, 9, 3, 11, 23]",3,0.0,0.0,0.0,0.0,0,1,3,0
smd,group23_evaluation,machine-3-5,2,13517,13520,baro_robust_scorer,-1,"[19, 21, 15, 14, 8, 27, 30, 20, 5, 18, 13, 0, 33, 1, 6, 10, 2, 9, 3, 11, 23]",5,0.0,0.0,0.0,0.0,0,1,5,0
smd,group23_evaluation,machine-3-5,3,14392,14395,robust_z,-1,"[29, 9, 10, 11, 25, 18, 20, 3, 23, 30, 2, 27, 21, 19, 0, 12, 1, 15, 33, 14, 5, 8, 13, 6, 4, 7, 16, 17, 22, 24, 26, 28, 31, 32, 34, 35, 36, 37]",1,1.0,1.0,1.0,1.0,1,1,1,1
smd,group23_evaluation,machine-3-5,3,14392,14395,robust_z,-1,"[29, 9, 10, 11, 25, 18, 20, 3, 23, 30, 2, 27, 21, 19, 0, 12, 1, 15, 33, 14, 5, 8, 13, 6, 4, 7, 16, 17, 22, 24, 26, 28, 31, 32, 34, 35, 36, 37]",3,0.3333333333333333,1.0,0.5,1.0,1,1,3,1
smd,group23_evaluation,machine-3-5,3,14392,14395,robust_z,-1,"[29, 9, 10, 11, 25, 18, 20, 3, 23, 30, 2, 27, 21, 19, 0, 12, 1, 15, 33, 14, 5, 8, 13, 6, 4, 7, 16, 17, 22, 24, 26, 28, 31, 32, 34, 35, 36, 37]",5,0.2,1.0,0.33333333333333337,1.0,1,1,5,1
smd,group23_evaluation,machine-3-5,3,14392,14395,pca_q,-1,"[29, 22, 16, 17, 9, 13, 11, 10, 18, 20, 25, 3, 0, 19, 21, 2, 27, 30, 1, 23, 15, 12, 5, 33, 8, 14, 6, 32, 4, 7, 24, 26, 28, 31, 34, 35, 36, 37]",1,1.0,1.0,1.0,1.0,1,1,1,1
smd,group23_evaluation,machine-3-5,3,14392,14395,pca_q,-1,"[29, 22, 16, 17, 9, 13, 11, 10, 18, 20, 25, 3, 0, 19, 21, 2, 27, 30, 1, 23, 15, 12, 5, 33, 8, 14, 6, 32, 4, 7, 24, 26, 28, 31, 34, 35, 36, 37]",3,0.3333333333333333,1.0,0.5,1.0,1,1,3,1
smd,group23_evaluation,machine-3-5,3,14392,14395,pca_q,-1,"[29, 22, 16, 17, 9, 13, 11, 10, 18, 20, 25, 3, 0, 19, 21, 2, 27, 30, 1, 23, 15, 12, 5, 33, 8, 14, 6, 32, 4, 7, 24, 26, 28, 31, 34, 35, 36, 37]",5,0.2,1.0,0.33333333333333337,1.0,1,1,5,1
smd,group23_evaluation,machine-3-5,3,14392,14395,baro_robust_scorer,-1,"[10, 9, 12, 6, 11, 1, 25, 33, 20, 18, 19, 5, 21, 2, 30, 27, 3, 15, 13, 8, 14, 23]",1,0.0,0.0,0.0,0.0,0,1,1,0
smd,group23_evaluation,machine-3-5,3,14392,14395,baro_robust_scorer,-1,"[10, 9, 12, 6, 11, 1, 25, 33, 20, 18, 19, 5, 21, 2, 30, 27, 3, 15, 13, 8, 14, 23]",3,0.0,0.0,0.0,0.0,0,1,3,0
smd,group23_evaluation,machine-3-5,3,14392,14395,baro_robust_scorer,-1,"[10, 9, 12, 6, 11, 1, 25, 33, 20, 18, 19, 5, 21, 2, 30, 27, 3, 15, 13, 8, 14, 23]",5,0.0,0.0,0.0,0.0,0,1,5,0
smd,group23_evaluation,machine-3-5,4,14755,14758,robust_z,-1,"[29, 25, 23, 11, 18, 20, 21, 19, 30, 0, 27, 2, 3, 15, 10, 12, 1, 9, 14, 8, 5, 33, 13, 6, 4, 7, 16, 17, 22, 24, 26, 28, 31, 32, 34, 35, 36, 37]",1,1.0,1.0,1.0,1.0,1,1,1,1
smd,group23_evaluation,machine-3-5,4,14755,14758,robust_z,-1,"[29, 25, 23, 11, 18, 20, 21, 19, 30, 0, 27, 2, 3, 15, 10, 12, 1, 9, 14, 8, 5, 33, 13, 6, 4, 7, 16, 17, 22, 24, 26, 28, 31, 32, 34, 35, 36, 37]",3,0.3333333333333333,1.0,0.5,1.0,1,1,3,1
smd,group23_evaluation,machine-3-5,4,14755,14758,robust_z,-1,"[29, 25, 23, 11, 18, 20, 21, 19, 30, 0, 27, 2, 3, 15, 10, 12, 1, 9, 14, 8, 5, 33, 13, 6, 4, 7, 16, 17, 22, 24, 26, 28, 31, 32, 34, 35, 36, 37]",5,0.2,1.0,0.33333333333333337,1.0,1,1,5,1
smd,group23_evaluation,machine-3-5,4,14755,14758,pca_q,-1,"[29, 22, 16, 17, 25, 13, 23, 18, 20, 11, 0, 19, 21, 2, 27, 30, 3, 1, 15, 10, 8, 14, 5, 12, 33, 6, 9, 32, 4, 7, 24, 26, 28, 31, 34, 35, 36, 37]",1,1.0,1.0,1.0,1.0,1,1,1,1
smd,group23_evaluation,machine-3-5,4,14755,14758,pca_q,-1,"[29, 22, 16, 17, 25, 13, 23, 18, 20, 11, 0, 19, 21, 2, 27, 30, 3, 1, 15, 10, 8, 14, 5, 12, 33, 6, 9, 32, 4, 7, 24, 26, 28, 31, 34, 35, 36, 37]",3,0.3333333333333333,1.0,0.5,1.0,1,1,3,1
smd,group23_evaluation,machine-3-5,4,14755,14758,pca_q,-1,"[29, 22, 16, 17, 25, 13, 23, 18, 20, 11, 0, 19, 21, 2, 27, 30, 3, 1, 15, 10, 8, 14, 5, 12, 33, 6, 9, 32, 4, 7, 24, 26, 28, 31, 34, 35, 36, 37]",5,0.2,1.0,0.33333333333333337,1.0,1,1,5,1
smd,group23_evaluation,machine-3-5,4,14755,14758,baro_robust_scorer,-1,"[6, 19, 21, 18, 20, 27, 30, 1, 11, 2, 9, 13, 10, 33, 5, 0, 12, 14, 8, 15, 3, 25, 23]",1,0.0,0.0,0.0,0.0,0,1,1,0
smd,group23_evaluation,machine-3-5,4,14755,14758,baro_robust_scorer,-1,"[6, 19, 21, 18, 20, 27, 30, 1, 11, 2, 9, 13, 10, 33, 5, 0, 12, 14, 8, 15, 3, 25, 23]",3,0.0,0.0,0.0,0.0,0,1,3,0
smd,group23_evaluation,machine-3-5,4,14755,14758,baro_robust_scorer,-1,"[6, 19, 21, 18, 20, 27, 30, 1, 11, 2, 9, 13, 10, 33, 5, 0, 12, 14, 8, 15, 3, 25, 23]",5,0.0,0.0,0.0,0.0,0,1,5,0
smd,group23_evaluation,machine-3-5,5,14909,14912,robust_z,-1,"[29, 25, 3, 23, 2, 18, 20, 21, 19, 1, 0, 30, 27, 33, 15, 11, 5, 8, 14, 12, 13, 10, 6, 9, 4, 7, 16, 17, 22, 24, 26, 28, 31, 32, 34, 35, 36, 37]",1,1.0,1.0,1.0,1.0,1,1,1,1
smd,group23_evaluation,machine-3-5,5,14909,14912,robust_z,-1,"[29, 25, 3, 23, 2, 18, 20, 21, 19, 1, 0, 30, 27, 33, 15, 11, 5, 8, 14, 12, 13, 10, 6, 9, 4, 7, 16, 17, 22, 24, 26, 28, 31, 32, 34, 35, 36, 37]",3,0.3333333333333333,1.0,0.5,1.0,1,1,3,1
smd,group23_evaluation,machine-3-5,5,14909,14912,robust_z,-1,"[29, 25, 3, 23, 2, 18, 20, 21, 19, 1, 0, 30, 27, 33, 15, 11, 5, 8, 14, 12, 13, 10, 6, 9, 4, 7, 16, 17, 22, 24, 26, 28, 31, 32, 34, 35, 36, 37]",5,0.2,1.0,0.33333333333333337,1.0,1,1,5,1
smd,group23_evaluation,machine-3-5,5,14909,14912,pca_q,-1,"[29, 22, 16, 17, 13, 10, 3, 2, 18, 25, 20, 0, 1, 19, 21, 23, 27, 30, 33, 15, 11, 9, 5, 8, 14, 6, 32, 12, 4, 7, 24, 26, 28, 31, 34, 35, 36, 37]",1,1.0,1.0,1.0,1.0,1,1,1,1
smd,group23_evaluation,machine-3-5,5,14909,14912,pca_q,-1,"[29, 22, 16, 17, 13, 10, 3, 2, 18, 25, 20, 0, 1, 19, 21, 23, 27, 30, 33, 15, 11, 9, 5, 8, 14, 6, 32, 12, 4, 7, 24, 26, 28, 31, 34, 35, 36, 37]",3,0.3333333333333333,1.0,0.5,1.0,1,1,3,1
smd,group23_evaluation,machine-3-5,5,14909,14912,pca_q,-1,"[29, 22, 16, 17, 13, 10, 3, 2, 18, 25, 20, 0, 1, 19, 21, 23, 27, 30, 33, 15, 11, 9, 5, 8, 14, 6, 32, 12, 4, 7, 24, 26, 28, 31, 34, 35, 36, 37]",5,0.2,1.0,0.33333333333333337,1.0,1,1,5,1
smd,group23_evaluation,machine-3-5,5,14909,14912,baro_robust_scorer,-1,"[1, 8, 15, 13, 14, 0, 12, 18, 20, 19, 21, 27, 30, 11, 9, 33, 10, 5, 3, 2, 25, 6, 23]",1,0.0,0.0,0.0,0.0,0,1,1,0
smd,group23_evaluation,machine-3-5,5,14909,14912,baro_robust_scorer,-1,"[1, 8, 15, 13, 14, 0, 12, 18, 20, 19, 21, 27, 30, 11, 9, 33, 10, 5, 3, 2, 25, 6, 23]",3,0.0,0.0,0.0,0.0,0,1,3,0
smd,group23_evaluation,machine-3-5,5,14909,14912,baro_robust_scorer,-1,"[1, 8, 15, 13, 14, 0, 12, 18, 20, 19, 21, 27, 30, 11, 9, 33, 10, 5, 3, 2, 25, 6, 23]",5,0.0,0.0,0.0,0.0,0,1,5,0
smd,group23_evaluation,machine-3-5,6,15953,16057,robust_z,-1,"[29, 24, 22, 31, 6, 16, 17, 5, 23, 25, 10, 13, 9, 12, 8, 33, 3, 15, 14, 2, 11, 1, 0, 18, 30, 20, 27, 19, 21, 4, 7, 26, 28, 32, 34, 35, 36, 37]",1,1.0,0.125,0.2222222222222222,1.0,1,8,1,1
smd,group23_evaluation,machine-3-5,6,15953,16057,robust_z,-1,"[29, 24, 22, 31, 6, 16, 17, 5, 23, 25, 10, 13, 9, 12, 8, 33, 3, 15, 14, 2, 11, 1, 0, 18, 30, 20, 27, 19, 21, 4, 7, 26, 28, 32, 34, 35, 36, 37]",3,1.0,0.375,0.5454545454545454,1.0,1,8,3,3
smd,group23_evaluation,machine-3-5,6,15953,16057,robust_z,-1,"[29, 24, 22, 31, 6, 16, 17, 5, 23, 25, 10, 13, 9, 12, 8, 33, 3, 15, 14, 2, 11, 1, 0, 18, 30, 20, 27, 19, 21, 4, 7, 26, 28, 32, 34, 35, 36, 37]",5,1.0,0.625,0.7692307692307693,1.0,1,8,5,5
smd,group23_evaluation,machine-3-5,6,15953,16057,pca_q,-1,"[29, 24, 22, 31, 16, 6, 17, 32, 5, 10, 23, 25, 13, 9, 12, 8, 33, 0, 3, 14, 15, 1, 2, 11, 30, 19, 18, 20, 27, 21, 4, 7, 26, 28, 34, 35, 36, 37]",1,1.0,0.125,0.2222222222222222,1.0,1,8,1,1
smd,group23_evaluation,machine-3-5,6,15953,16057,pca_q,-1,"[29, 24, 22, 31, 16, 6, 17, 32, 5, 10, 23, 25, 13, 9, 12, 8, 33, 0, 3, 14, 15, 1, 2, 11, 30, 19, 18, 20, 27, 21, 4, 7, 26, 28, 34, 35, 36, 37]",3,1.0,0.375,0.5454545454545454,1.0,1,8,3,3
smd,group23_evaluation,machine-3-5,6,15953,16057,pca_q,-1,"[29, 24, 22, 31, 16, 6, 17, 32, 5, 10, 23, 25, 13, 9, 12, 8, 33, 0, 3, 14, 15, 1, 2, 11, 30, 19, 18, 20, 27, 21, 4, 7, 26, 28, 34, 35, 36, 37]",5,0.8,0.5,0.6153846153846154,0.8687949224876582,1,8,5,4
smd,group23_evaluation,machine-3-5,6,15953,16057,baro_robust_scorer,-1,"[10, 9, 13, 8, 0, 12, 19, 3, 21, 2, 1, 15, 18, 20, 14, 27, 30, 23, 25, 11, 6, 33, 29, 22, 5, 16]",1,0.0,0.0,0.0,0.0,0,8,1,0
smd,group23_evaluation,machine-3-5,6,15953,16057,baro_robust_scorer,-1,"[10, 9, 13, 8, 0, 12, 19, 3, 21, 2, 1, 15, 18, 20, 14, 27, 30, 23, 25, 11, 6, 33, 29, 22, 5, 16]",3,0.0,0.0,0.0,0.0,0,8,3,0
smd,group23_evaluation,machine-3-5,6,15953,16057,baro_robust_scorer,-1,"[10, 9, 13, 8, 0, 12, 19, 3, 21, 2, 1, 15, 18, 20, 14, 27, 30, 23, 25, 11, 6, 33, 29, 22, 5, 16]",5,0.0,0.0,0.0,0.0,0,8,5,0
smd,group23_evaluation,machine-3-5,7,16163,16308,robust_z,-1,"[17, 16, 22, 24, 31, 29, 6, 18, 20, 10, 3, 2, 1, 13, 0, 27, 21, 19, 25, 23, 30, 12, 8, 9, 15, 11, 14, 33, 5, 4, 7, 26, 28, 32, 34, 35, 36, 37]",1,1.0,0.058823529411764705,0.1111111111111111,1.0,1,17,1,1
smd,group23_evaluation,machine-3-5,7,16163,16308,robust_z,-1,"[17, 16, 22, 24, 31, 29, 6, 18, 20, 10, 3, 2, 1, 13, 0, 27, 21, 19, 25, 23, 30, 12, 8, 9, 15, 11, 14, 33, 5, 4, 7, 26, 28, 32, 34, 35, 36, 37]",3,0.6666666666666666,0.11764705882352941,0.2,0.7653606369886217,1,17,3,2
smd,group23_evaluation,machine-3-5,7,16163,16308,robust_z,-1,"[17, 16, 22, 24, 31, 29, 6, 18, 20, 10, 3, 2, 1, 13, 0, 27, 21, 19, 25, 23, 30, 12, 8, 9, 15, 11, 14, 33, 5, 4, 7, 26, 28, 32, 34, 35, 36, 37]",5,0.6,0.17647058823529413,0.2727272727272727,0.6843515475204855,1,17,5,3
smd,group23_evaluation,machine-3-5,7,16163,16308,pca_q,-1,"[16, 17, 31, 24, 22, 29, 32, 6, 18, 20, 10, 13, 3, 2, 1, 27, 0, 21, 19, 30, 8, 12, 25, 9, 23, 15, 11, 14, 5, 33, 4, 7, 26, 28, 34, 35, 36, 37]",1,1.0,0.058823529411764705,0.1111111111111111,1.0,1,17,1,1
smd,group23_evaluation,machine-3-5,7,16163,16308,pca_q,-1,"[16, 17, 31, 24, 22, 29, 32, 6, 18, 20, 10, 13, 3, 2, 1, 27, 0, 21, 19, 30, 8, 12, 25, 9, 23, 15, 11, 14, 5, 33, 4, 7, 26, 28, 34, 35, 36, 37]",3,1.0,0.17647058823529413,0.3,1.0,1,17,3,3
smd,group23_evaluation,machine-3-5,7,16163,16308,pca_q,-1,"[16, 17, 31, 24, 22, 29, 32, 6, 18, 20, 10, 13, 3, 2, 1, 27, 0, 21, 19, 30, 8, 12, 25, 9, 23, 15, 11, 14, 5, 33, 4, 7, 26, 28, 34, 35, 36, 37]",5,0.6,0.17647058823529413,0.2727272727272727,0.7227265726449519,1,17,5,3
smd,group23_evaluation,machine-3-5,7,16163,16308,baro_robust_scorer,-1,"[10, 13, 9, 18, 20, 12, 8, 11, 27, 30, 21, 19, 15, 1, 14, 2, 3, 0, 6, 25, 23, 33, 17, 24, 29, 31, 22, 16, 5]",1,0.0,0.0,0.0,0.0,0,17,1,0
smd,group23_evaluation,machine-3-5,7,16163,16308,baro_robust_scorer,-1,"[10, 13, 9, 18, 20, 12, 8, 11, 27, 30, 21, 19, 15, 1, 14, 2, 3, 0, 6, 25, 23, 33, 17, 24, 29, 31, 22, 16, 5]",3,0.3333333333333333,0.058823529411764705,0.1,0.2960819109658652,1,17,3,1
smd,group23_evaluation,machine-3-5,7,16163,16308,baro_robust_scorer,-1,"[10, 13, 9, 18, 20, 12, 8, 11, 27, 30, 21, 19, 15, 1, 14, 2, 3, 0, 6, 25, 23, 33, 17, 24, 29, 31, 22, 16, 5]",5,0.6,0.17647058823529413,0.2727272727272727,0.4912596920895758,1,17,5,3
smd,group23_evaluation,machine-3-5,8,18426,18430,robust_z,-1,"[16, 17, 6, 23, 25, 9, 12, 8, 10, 13, 1, 0, 2, 11, 14, 18, 20, 3, 19, 21, 27, 33, 30, 15, 5, 4, 7, 22, 24, 26, 28, 29, 31, 32, 34, 35, 36, 37]",1,1.0,1.0,1.0,1.0,1,1,1,1
smd,group23_evaluation,machine-3-5,8,18426,18430,robust_z,-1,"[16, 17, 6, 23, 25, 9, 12, 8, 10, 13, 1, 0, 2, 11, 14, 18, 20, 3, 19, 21, 27, 33, 30, 15, 5, 4, 7, 22, 24, 26, 28, 29, 31, 32, 34, 35, 36, 37]",3,0.3333333333333333,1.0,0.5,1.0,1,1,3,1
smd,group23_evaluation,machine-3-5,8,18426,18430,robust_z,-1,"[16, 17, 6, 23, 25, 9, 12, 8, 10, 13, 1, 0, 2, 11, 14, 18, 20, 3, 19, 21, 27, 33, 30, 15, 5, 4, 7, 22, 24, 26, 28, 29, 31, 32, 34, 35, 36, 37]",5,0.2,1.0,0.33333333333333337,1.0,1,1,5,1
smd,group23_evaluation,machine-3-5,8,18426,18430,pca_q,-1,"[16, 17, 22, 32, 6, 9, 23, 25, 12, 8, 10, 1, 0, 14, 2, 11, 18, 20, 13, 33, 19, 21, 27, 3, 30, 5, 15, 4, 7, 24, 26, 28, 29, 31, 34, 35, 36, 37]",1,1.0,1.0,1.0,1.0,1,1,1,1
smd,group23_evaluation,machine-3-5,8,18426,18430,pca_q,-1,"[16, 17, 22, 32, 6, 9, 23, 25, 12, 8, 10, 1, 0, 14, 2, 11, 18, 20, 13, 33, 19, 21, 27, 3, 30, 5, 15, 4, 7, 24, 26, 28, 29, 31, 34, 35, 36, 37]",3,0.3333333333333333,1.0,0.5,1.0,1,1,3,1
smd,group23_evaluation,machine-3-5,8,18426,18430,pca_q,-1,"[16, 17, 22, 32, 6, 9, 23, 25, 12, 8, 10, 1, 0, 14, 2, 11, 18, 20, 13, 33, 19, 21, 27, 3, 30, 5, 15, 4, 7, 24, 26, 28, 29, 31, 34, 35, 36, 37]",5,0.2,1.0,0.33333333333333337,1.0,1,1,5,1
smd,group23_evaluation,machine-3-5,8,18426,18430,baro_robust_scorer,-1,"[6, 9, 10, 3, 16, 17, 12, 14, 2, 0, 1, 8, 21, 19, 27, 11, 30, 20, 18, 15, 13, 5, 23, 33]",1,0.0,0.0,0.0,0.0,0,1,1,0
smd,group23_evaluation,machine-3-5,8,18426,18430,baro_robust_scorer,-1,"[6, 9, 10, 3, 16, 17, 12, 14, 2, 0, 1, 8, 21, 19, 27, 11, 30, 20, 18, 15, 13, 5, 23, 33]",3,0.0,0.0,0.0,0.0,0,1,3,0
smd,group23_evaluation,machine-3-5,8,18426,18430,baro_robust_scorer,-1,"[6, 9, 10, 3, 16, 17, 12, 14, 2, 0, 1, 8, 21, 19, 27, 11, 30, 20, 18, 15, 13, 5, 23, 33]",5,0.2,1.0,0.33333333333333337,0.38685280723454163,1,1,5,1
smd,group23_evaluation,machine-3-5,9,18842,18845,robust_z,-1,"[16, 17, 10, 6, 2, 1, 13, 12, 9, 3, 23, 25, 8, 0, 15, 11, 18, 20, 33, 21, 19, 27, 30, 14, 5, 4, 7, 22, 24, 26, 28, 29, 31, 32, 34, 35, 36, 37]",1,1.0,1.0,1.0,1.0,1,1,1,1
smd,group23_evaluation,machine-3-5,9,18842,18845,robust_z,-1,"[16, 17, 10, 6, 2, 1, 13, 12, 9, 3, 23, 25, 8, 0, 15, 11, 18, 20, 33, 21, 19, 27, 30, 14, 5, 4, 7, 22, 24, 26, 28, 29, 31, 32, 34, 35, 36, 37]",3,0.3333333333333333,1.0,0.5,1.0,1,1,3,1
smd,group23_evaluation,machine-3-5,9,18842,18845,robust_z,-1,"[16, 17, 10, 6, 2, 1, 13, 12, 9, 3, 23, 25, 8, 0, 15, 11, 18, 20, 33, 21, 19, 27, 30, 14, 5, 4, 7, 22, 24, 26, 28, 29, 31, 32, 34, 35, 36, 37]",5,0.2,1.0,0.33333333333333337,1.0,1,1,5,1
smd,group23_evaluation,machine-3-5,9,18842,18845,pca_q,-1,"[16, 17, 22, 32, 10, 6, 2, 1, 9, 12, 3, 23, 25, 13, 8, 0, 15, 18, 11, 20, 33, 27, 19, 21, 30, 5, 14, 4, 7, 24, 26, 28, 29, 31, 34, 35, 36, 37]",1,1.0,1.0,1.0,1.0,1,1,1,1
smd,group23_evaluation,machine-3-5,9,18842,18845,pca_q,-1,"[16, 17, 22, 32, 10, 6, 2, 1, 9, 12, 3, 23, 25, 13, 8, 0, 15, 18, 11, 20, 33, 27, 19, 21, 30, 5, 14, 4, 7, 24, 26, 28, 29, 31, 34, 35, 36, 37]",3,0.3333333333333333,1.0,0.5,1.0,1,1,3,1
smd,group23_evaluation,machine-3-5,9,18842,18845,pca_q,-1,"[16, 17, 22, 32, 10, 6, 2, 1, 9, 12, 3, 23, 25, 13, 8, 0, 15, 18, 11, 20, 33, 27, 19, 21, 30, 5, 14, 4, 7, 24, 26, 28, 29, 31, 34, 35, 36, 37]",5,0.2,1.0,0.33333333333333337,1.0,1,1,5,1
smd,group23_evaluation,machine-3-5,9,18842,18845,baro_robust_scorer,-1,"[16, 17, 9, 6, 3, 2, 25, 15, 0, 10, 19, 21, 5, 1, 18, 23, 20, 30, 27, 12, 8, 33, 14, 13, 11]",1,1.0,1.0,1.0,1.0,1,1,1,1
smd,group23_evaluation,machine-3-5,9,18842,18845,baro_robust_scorer,-1,"[16, 17, 9, 6, 3, 2, 25, 15, 0, 10, 19, 21, 5, 1, 18, 23, 20, 30, 27, 12, 8, 33, 14, 13, 11]",3,0.3333333333333333,1.0,0.5,1.0,1,1,3,1
smd,group23_evaluation,machine-3-5,9,18842,18845,baro_robust_scorer,-1,"[16, 17, 9, 6, 3, 2, 25, 15, 0, 10, 19, 21, 5, 1, 18, 23, 20, 30, 27, 12, 8, 33, 14, 13, 11]",5,0.2,1.0,0.33333333333333337,1.0,1,1,5,1
smd,group23_evaluation,machine-3-5,10,19498,19501,robust_z,-1,"[16, 17, 22, 3, 2, 6, 1, 12, 9, 10, 8, 25, 23, 13, 11, 0, 15, 18, 20, 19, 14, 21, 27, 30, 5, 33, 4, 7, 24, 26, 28, 29, 31, 32, 34, 35, 36, 37]",1,1.0,1.0,1.0,1.0,1,1,1,1
smd,group23_evaluation,machine-3-5,10,19498,19501,robust_z,-1,"[16, 17, 22, 3, 2, 6, 1, 12, 9, 10, 8, 25, 23, 13, 11, 0, 15, 18, 20, 19, 14, 21, 27, 30, 5, 33, 4, 7, 24, 26, 28, 29, 31, 32, 34, 35, 36, 37]",3,0.3333333333333333,1.0,0.5,1.0,1,1,3,1
smd,group23_evaluation,machine-3-5,10,19498,19501,robust_z,-1,"[16, 17, 22, 3, 2, 6, 1, 12, 9, 10, 8, 25, 23, 13, 11, 0, 15, 18, 20, 19, 14, 21, 27, 30, 5, 33, 4, 7, 24, 26, 28, 29, 31, 32, 34, 35, 36, 37]",5,0.2,1.0,0.33333333333333337,1.0,1,1,5,1
smd,group23_evaluation,machine-3-5,10,19498,19501,pca_q,-1,"[16, 17, 22, 32, 3, 2, 1, 6, 12, 9, 8, 10, 25, 23, 0, 11, 18, 20, 15, 13, 19, 21, 27, 30, 14, 5, 33, 4, 7, 24, 26, 28, 29, 31, 34, 35, 36, 37]",1,1.0,1.0,1.0,1.0,1,1,1,1
smd,group23_evaluation,machine-3-5,10,19498,19501,pca_q,-1,"[16, 17, 22, 32, 3, 2, 1, 6, 12, 9, 8, 10, 25, 23, 0, 11, 18, 20, 15, 13, 19, 21, 27, 30, 14, 5, 33, 4, 7, 24, 26, 28, 29, 31, 34, 35, 36, 37]",3,0.3333333333333333,1.0,0.5,1.0,1,1,3,1
smd,group23_evaluation,machine-3-5,10,19498,19501,pca_q,-1,"[16, 17, 22, 32, 3, 2, 1, 6, 12, 9, 8, 10, 25, 23, 0, 11, 18, 20, 15, 13, 19, 21, 27, 30, 14, 5, 33, 4, 7, 24, 26, 28, 29, 31, 34, 35, 36, 37]",5,0.2,1.0,0.33333333333333337,1.0,1,1,5,1
smd,group23_evaluation,machine-3-5,10,19498,19501,baro_robust_scorer,-1,"[16, 6, 17, 9, 10, 30, 23, 27, 8, 18, 20, 21, 15, 19, 13, 3, 0, 14, 2, 12, 5, 33, 1, 11]",1,1.0,1.0,1.0,1.0,1,1,1,1
smd,group23_evaluation,machine-3-5,10,19498,19501,baro_robust_scorer,-1,"[16, 6, 17, 9, 10, 30, 23, 27, 8, 18, 20, 21, 15, 19, 13, 3, 0, 14, 2, 12, 5, 33, 1, 11]",3,0.3333333333333333,1.0,0.5,1.0,1,1,3,1
smd,group23_evaluation,machine-3-5,10,19498,19501,baro_robust_scorer,-1,"[16, 6, 17, 9, 10, 30, 23, 27, 8, 18, 20, 21, 15, 19, 13, 3, 0, 14, 2, 12, 5, 33, 1, 11]",5,0.2,1.0,0.33333333333333337,1.0,1,1,5,1
smd,group23_evaluation,machine-3-6,0,1187,1221,robust_z,-1,"[28, 32, 9, 33, 23, 5, 10, 15, 6, 25, 22, 18, 35, 34, 24, 31, 27, 20, 30, 21, 19, 0, 1, 29, 13, 12, 2, 11, 8, 3, 14, 4, 7, 16, 17, 26, 36, 37]",1,1.0,0.05555555555555555,0.10526315789473684,1.0,1,18,1,1
smd,group23_evaluation,machine-3-6,0,1187,1221,robust_z,-1,"[28, 32, 9, 33, 23, 5, 10, 15, 6, 25, 22, 18, 35, 34, 24, 31, 27, 20, 30, 21, 19, 0, 1, 29, 13, 12, 2, 11, 8, 3, 14, 4, 7, 16, 17, 26, 36, 37]",3,0.3333333333333333,0.05555555555555555,0.09523809523809525,0.46927872602275644,1,18,3,1
smd,group23_evaluation,machine-3-6,0,1187,1221,robust_z,-1,"[28, 32, 9, 33, 23, 5, 10, 15, 6, 25, 22, 18, 35, 34, 24, 31, 27, 20, 30, 21, 19, 0, 1, 29, 13, 12, 2, 11, 8, 3, 14, 4, 7, 16, 17, 26, 36, 37]",5,0.6,0.16666666666666666,0.2608695652173913,0.6164336326286644,1,18,5,3
smd,group23_evaluation,machine-3-6,0,1187,1221,pca_q,-1,"[28, 23, 33, 5, 25, 15, 10, 6, 29, 18, 22, 35, 34, 24, 31, 27, 20, 21, 30, 19, 0, 12, 1, 13, 2, 11, 8, 14, 3, 32, 9, 4, 7, 16, 17, 26, 36, 37]",1,1.0,0.05555555555555555,0.10526315789473684,1.0,1,18,1,1
smd,group23_evaluation,machine-3-6,0,1187,1221,pca_q,-1,"[28, 23, 33, 5, 25, 15, 10, 6, 29, 18, 22, 35, 34, 24, 31, 27, 20, 21, 30, 19, 0, 12, 1, 13, 2, 11, 8, 14, 3, 32, 9, 4, 7, 16, 17, 26, 36, 37]",3,1.0,0.16666666666666666,0.2857142857142857,1.0,1,18,3,3
smd,group23_evaluation,machine-3-6,0,1187,1221,pca_q,-1,"[28, 23, 33, 5, 25, 15, 10, 6, 29, 18, 22, 35, 34, 24, 31, 27, 20, 21, 30, 19, 0, 12, 1, 13, 2, 11, 8, 14, 3, 32, 9, 4, 7, 16, 17, 26, 36, 37]",5,0.6,0.16666666666666666,0.2608695652173913,0.7227265726449519,1,18,5,3
smd,group23_evaluation,machine-3-6,0,1187,1221,baro_robust_scorer,-1,"[23, 25, 33, 31, 35, 34, 24, 0, 19, 21, 30, 20, 27, 18, 29, 15, 10, 6, 1, 13, 12, 2, 11, 8, 14, 22, 3, 9, 5]",1,1.0,0.05555555555555555,0.10526315789473684,1.0,1,18,1,1
smd,group23_evaluation,machine-3-6,0,1187,1221,baro_robust_scorer,-1,"[23, 25, 33, 31, 35, 34, 24, 0, 19, 21, 30, 20, 27, 18, 29, 15, 10, 6, 1, 13, 12, 2, 11, 8, 14, 22, 3, 9, 5]",3,0.6666666666666666,0.1111111111111111,0.1904761904761905,0.7039180890341347,1,18,3,2
smd,group23_evaluation,machine-3-6,0,1187,1221,baro_robust_scorer,-1,"[23, 25, 33, 31, 35, 34, 24, 0, 19, 21, 30, 20, 27, 18, 29, 15, 10, 6, 1, 13, 12, 2, 11, 8, 14, 22, 3, 9, 5]",5,0.8,0.2222222222222222,0.3478260869565218,0.7860137352654724,1,18,5,4
smd,group23_evaluation,machine-3-6,1,8177,8211,robust_z,-1,"[32, 9, 33, 29, 6, 23, 25, 18, 21, 30, 31, 19, 1, 24, 13, 27, 20, 10, 35, 34, 15, 0, 2, 12, 3, 11, 8, 5, 14, 22, 4, 7, 16, 17, 26, 28, 36, 37]",1,1.0,0.16666666666666666,0.2857142857142857,1.0,1,6,1,1
smd,group23_evaluation,machine-3-6,1,8177,8211,robust_z,-1,"[32, 9, 33, 29, 6, 23, 25, 18, 21, 30, 31, 19, 1, 24, 13, 27, 20, 10, 35, 34, 15, 0, 2, 12, 3, 11, 8, 5, 14, 22, 4, 7, 16, 17, 26, 28, 36, 37]",3,0.6666666666666666,0.3333333333333333,0.4444444444444444,0.7039180890341347,1,6,3,2
smd,group23_evaluation,machine-3-6,1,8177,8211,robust_z,-1,"[32, 9, 33, 29, 6, 23, 25, 18, 21, 30, 31, 19, 1, 24, 13, 27, 20, 10, 35, 34, 15, 0, 2, 12, 3, 11, 8, 5, 14, 22, 4, 7, 16, 17, 26, 28, 36, 37]",5,0.4,0.3333333333333333,0.3636363636363636,0.5087403079104241,1,6,5,2
smd,group23_evaluation,machine-3-6,1,8177,8211,pca_q,-1,"[33, 29, 6, 25, 23, 5, 18, 13, 10, 15, 31, 21, 30, 19, 27, 20, 24, 34, 35, 0, 1, 12, 2, 3, 11, 8, 14, 22, 32, 9, 4, 7, 16, 17, 26, 28, 36, 37]",1,1.0,0.16666666666666666,0.2857142857142857,1.0,1,6,1,1
smd,group23_evaluation,machine-3-6,1,8177,8211,pca_q,-1,"[33, 29, 6, 25, 23, 5, 18, 13, 10, 15, 31, 21, 30, 19, 27, 20, 24, 34, 35, 0, 1, 12, 2, 3, 11, 8, 14, 22, 32, 9, 4, 7, 16, 17, 26, 28, 36, 37]",3,0.3333333333333333,0.16666666666666666,0.2222222222222222,0.46927872602275644,1,6,3,1
smd,group23_evaluation,machine-3-6,1,8177,8211,pca_q,-1,"[33, 29, 6, 25, 23, 5, 18, 13, 10, 15, 31, 21, 30, 19, 27, 20, 24, 34, 35, 0, 1, 12, 2, 3, 11, 8, 14, 22, 32, 9, 4, 7, 16, 17, 26, 28, 36, 37]",5,0.2,0.16666666666666666,0.1818181818181818,0.3391602052736161,1,6,5,1
smd,group23_evaluation,machine-3-6,1,8177,8211,baro_robust_scorer,-1,"[33, 29, 3, 0, 31, 34, 35, 6, 23, 19, 25, 24, 21, 30, 18, 20, 27, 2, 9, 8, 15, 1, 13, 10, 14, 12, 11, 5, 22]",1,1.0,0.16666666666666666,0.2857142857142857,1.0,1,6,1,1
smd,group23_evaluation,machine-3-6,1,8177,8211,baro_robust_scorer,-1,"[33, 29, 3, 0, 31, 34, 35, 6, 23, 19, 25, 24, 21, 30, 18, 20, 27, 2, 9, 8, 15, 1, 13, 10, 14, 12, 11, 5, 22]",3,0.6666666666666666,0.3333333333333333,0.4444444444444444,0.7039180890341347,1,6,3,2
smd,group23_evaluation,machine-3-6,1,8177,8211,baro_robust_scorer,-1,"[33, 29, 3, 0, 31, 34, 35, 6, 23, 19, 25, 24, 21, 30, 18, 20, 27, 2, 9, 8, 15, 1, 13, 10, 14, 12, 11, 5, 22]",5,0.6,0.5,0.5454545454545454,0.6548086577531307,1,6,5,3
smd,group23_evaluation,machine-3-6,2,10637,10743,robust_z,-1,"[9, 32, 12, 33, 11, 6, 29, 18, 5, 10, 15, 13, 27, 20, 21, 30, 23, 25, 19, 1, 35, 34, 2, 8, 24, 31, 0, 14, 3, 22, 4, 7, 16, 17, 26, 28, 36, 37]",1,0.0,0.0,0.0,0.0,0,3,1,0
smd,group23_evaluation,machine-3-6,2,10637,10743,robust_z,-1,"[9, 32, 12, 33, 11, 6, 29, 18, 5, 10, 15, 13, 27, 20, 21, 30, 23, 25, 19, 1, 35, 34, 2, 8, 24, 31, 0, 14, 3, 22, 4, 7, 16, 17, 26, 28, 36, 37]",3,0.3333333333333333,0.3333333333333333,0.3333333333333333,0.2960819109658652,1,3,3,1
smd,group23_evaluation,machine-3-6,2,10637,10743,robust_z,-1,"[9, 32, 12, 33, 11, 6, 29, 18, 5, 10, 15, 13, 27, 20, 21, 30, 23, 25, 19, 1, 35, 34, 2, 8, 24, 31, 0, 14, 3, 22, 4, 7, 16, 17, 26, 28, 36, 37]",5,0.4,0.6666666666666666,0.5,0.49818925746641285,1,3,5,2
smd,group23_evaluation,machine-3-6,2,10637,10743,pca_q,-1,"[33, 5, 12, 6, 11, 29, 15, 10, 18, 14, 25, 13, 8, 23, 27, 20, 22, 3, 2, 21, 30, 1, 19, 24, 35, 34, 31, 0, 32, 9, 4, 7, 16, 17, 26, 28, 36, 37]",1,1.0,0.3333333333333333,0.5,1.0,1,3,1,1
smd,group23_evaluation,machine-3-6,2,10637,10743,pca_q,-1,"[33, 5, 12, 6, 11, 29, 15, 10, 18, 14, 25, 13, 8, 23, 27, 20, 22, 3, 2, 21, 30, 1, 19, 24, 35, 34, 31, 0, 32, 9, 4, 7, 16, 17, 26, 28, 36, 37]",3,0.3333333333333333,0.3333333333333333,0.3333333333333333,0.46927872602275644,1,3,3,1
smd,group23_evaluation,machine-3-6,2,10637,10743,pca_q,-1,"[33, 5, 12, 6, 11, 29, 15, 10, 18, 14, 25, 13, 8, 23, 27, 20, 22, 3, 2, 21, 30, 1, 19, 24, 35, 34, 31, 0, 32, 9, 4, 7, 16, 17, 26, 28, 36, 37]",5,0.2,0.3333333333333333,0.25,0.46927872602275644,1,3,5,1
smd,group23_evaluation,machine-3-6,2,10637,10743,baro_robust_scorer,-1,"[33, 6, 9, 25, 23, 29, 34, 35, 0, 31, 24, 19, 10, 15, 12, 21, 30, 20, 27, 8, 1, 11, 13, 14, 18, 2, 3, 22, 5]",1,1.0,0.3333333333333333,0.5,1.0,1,3,1,1
smd,group23_evaluation,machine-3-6,2,10637,10743,baro_robust_scorer,-1,"[33, 6, 9, 25, 23, 29, 34, 35, 0, 31, 24, 19, 10, 15, 12, 21, 30, 20, 27, 8, 1, 11, 13, 14, 18, 2, 3, 22, 5]",3,0.3333333333333333,0.3333333333333333,0.3333333333333333,0.46927872602275644,1,3,3,1
smd,group23_evaluation,machine-3-6,2,10637,10743,baro_robust_scorer,-1,"[33, 6, 9, 25, 23, 29, 34, 35, 0, 31, 24, 19, 10, 15, 12, 21, 30, 20, 27, 8, 1, 11, 13, 14, 18, 2, 3, 22, 5]",5,0.2,0.3333333333333333,0.25,0.46927872602275644,1,3,5,1
smd,group23_evaluation,machine-3-6,3,15633,15863,robust_z,-1,"[9, 12, 13, 11, 5, 22, 34, 35, 31, 24, 21, 30, 19, 27, 20, 23, 25, 8, 18, 3, 0, 2, 1, 10, 15, 6, 14, 33, 4, 7, 16, 17, 26, 28, 29, 32, 36, 37]",1,1.0,0.125,0.2222222222222222,1.0,1,8,1,1
smd,group23_evaluation,machine-3-6,3,15633,15863,robust_z,-1,"[9, 12, 13, 11, 5, 22, 34, 35, 31, 24, 21, 30, 19, 27, 20, 23, 25, 8, 18, 3, 0, 2, 1, 10, 15, 6, 14, 33, 4, 7, 16, 17, 26, 28, 29, 32, 36, 37]",3,1.0,0.375,0.5454545454545454,1.0,1,8,3,3
smd,group23_evaluation,machine-3-6,3,15633,15863,robust_z,-1,"[9, 12, 13, 11, 5, 22, 34, 35, 31, 24, 21, 30, 19, 27, 20, 23, 25, 8, 18, 3, 0, 2, 1, 10, 15, 6, 14, 33, 4, 7, 16, 17, 26, 28, 29, 32, 36, 37]",5,0.8,0.5,0.6153846153846154,0.8687949224876582,1,8,5,4
smd,group23_evaluation,machine-3-6,3,15633,15863,pca_q,-1,"[5, 11, 12, 33, 13, 15, 10, 22, 23, 8, 31, 34, 35, 24, 14, 3, 27, 20, 21, 30, 19, 25, 18, 2, 1, 6, 0, 29, 32, 9, 4, 7, 16, 17, 26, 28, 36, 37]",1,0.0,0.0,0.0,0.0,0,8,1,0
smd,group23_evaluation,machine-3-6,3,15633,15863,pca_q,-1,"[5, 11, 12, 33, 13, 15, 10, 22, 23, 8, 31, 34, 35, 24, 14, 3, 27, 20, 21, 30, 19, 25, 18, 2, 1, 6, 0, 29, 32, 9, 4, 7, 16, 17, 26, 28, 36, 37]",3,0.6666666666666666,0.25,0.36363636363636365,0.5307212739772434,1,8,3,2
smd,group23_evaluation,machine-3-6,3,15633,15863,pca_q,-1,"[5, 11, 12, 33, 13, 15, 10, 22, 23, 8, 31, 34, 35, 24, 14, 3, 27, 20, 21, 30, 19, 25, 18, 2, 1, 6, 0, 29, 32, 9, 4, 7, 16, 17, 26, 28, 36, 37]",5,0.6,0.375,0.4615384615384615,0.5147714448836774,1,8,5,3
smd,group23_evaluation,machine-3-6,3,15633,15863,baro_robust_scorer,-1,"[12, 11, 13, 8, 10, 15, 33, 14, 0, 1, 2, 9, 25, 3, 23, 18, 6, 19, 21, 30, 27, 20, 22, 24, 31, 35, 34, 5]",1,1.0,0.125,0.2222222222222222,1.0,1,8,1,1
smd,group23_evaluation,machine-3-6,3,15633,15863,baro_robust_scorer,-1,"[12, 11, 13, 8, 10, 15, 33, 14, 0, 1, 2, 9, 25, 3, 23, 18, 6, 19, 21, 30, 27, 20, 22, 24, 31, 35, 34, 5]",3,1.0,0.375,0.5454545454545454,1.0,1,8,3,3
smd,group23_evaluation,machine-3-6,3,15633,15863,baro_robust_scorer,-1,"[12, 11, 13, 8, 10, 15, 33, 14, 0, 1, 2, 9, 25, 3, 23, 18, 6, 19, 21, 30, 27, 20, 22, 24, 31, 35, 34, 5]",5,0.8,0.5,0.6153846153846154,0.8687949224876582,1,8,5,4
smd,group23_evaluation,machine-3-6,4,16788,16995,robust_z,-1,"[9, 12, 5, 11, 22, 13, 34, 35, 31, 24, 19, 21, 30, 27, 20, 0, 23, 25, 18, 3, 2, 1, 8, 10, 15, 6, 14, 33, 29, 4, 7, 16, 17, 26, 28, 32, 36, 37]",1,1.0,0.16666666666666666,0.2857142857142857,1.0,1,6,1,1
smd,group23_evaluation,machine-3-6,4,16788,16995,robust_z,-1,"[9, 12, 5, 11, 22, 13, 34, 35, 31, 24, 19, 21, 30, 27, 20, 0, 23, 25, 18, 3, 2, 1, 8, 10, 15, 6, 14, 33, 29, 4, 7, 16, 17, 26, 28, 32, 36, 37]",3,0.6666666666666666,0.3333333333333333,0.4444444444444444,0.7653606369886217,1,6,3,2
smd,group23_evaluation,machine-3-6,4,16788,16995,robust_z,-1,"[9, 12, 5, 11, 22, 13, 34, 35, 31, 24, 19, 21, 30, 27, 20, 0, 23, 25, 18, 3, 2, 1, 8, 10, 15, 6, 14, 33, 29, 4, 7, 16, 17, 26, 28, 32, 36, 37]",5,0.6,0.5,0.5454545454545454,0.6992148198508501,1,6,5,3
smd,group23_evaluation,machine-3-6,4,16788,16995,pca_q,-1,"[5, 12, 11, 33, 13, 15, 10, 22, 23, 34, 35, 31, 24, 21, 30, 19, 27, 20, 0, 8, 25, 3, 14, 18, 2, 1, 6, 29, 32, 9, 4, 7, 16, 17, 26, 28, 36, 37]",1,0.0,0.0,0.0,0.0,0,6,1,0
smd,group23_evaluation,machine-3-6,4,16788,16995,pca_q,-1,"[5, 12, 11, 33, 13, 15, 10, 22, 23, 34, 35, 31, 24, 21, 30, 19, 27, 20, 0, 8, 25, 3, 14, 18, 2, 1, 6, 29, 32, 9, 4, 7, 16, 17, 26, 28, 36, 37]",3,0.6666666666666666,0.3333333333333333,0.4444444444444444,0.5307212739772434,1,6,3,2
smd,group23_evaluation,machine-3-6,4,16788,16995,pca_q,-1,"[5, 12, 11, 33, 13, 15, 10, 22, 23, 34, 35, 31, 24, 21, 30, 19, 27, 20, 0, 8, 25, 3, 14, 18, 2, 1, 6, 29, 32, 9, 4, 7, 16, 17, 26, 28, 36, 37]",5,0.6,0.5,0.5454545454545454,0.5147714448836774,1,6,5,3
smd,group23_evaluation,machine-3-6,4,16788,16995,baro_robust_scorer,-1,"[9, 12, 11, 13, 10, 15, 8, 1, 2, 14, 3, 6, 33, 25, 23, 18, 19, 21, 30, 27, 20, 31, 24, 34, 35, 22, 0, 5, 29]",1,1.0,0.16666666666666666,0.2857142857142857,1.0,1,6,1,1
smd,group23_evaluation,machine-3-6,4,16788,16995,baro_robust_scorer,-1,"[9, 12, 11, 13, 10, 15, 8, 1, 2, 14, 3, 6, 33, 25, 23, 18, 19, 21, 30, 27, 20, 31, 24, 34, 35, 22, 0, 5, 29]",3,1.0,0.5,0.6666666666666666,1.0,1,6,3,3
smd,group23_evaluation,machine-3-6,4,16788,16995,baro_robust_scorer,-1,"[9, 12, 11, 13, 10, 15, 8, 1, 2, 14, 3, 6, 33, 25, 23, 18, 19, 21, 30, 27, 20, 31, 24, 34, 35, 22, 0, 5, 29]",5,0.8,0.6666666666666666,0.7272727272727272,0.8687949224876582,1,6,5,4
smd,group23_evaluation,machine-3-6,5,18054,18134,robust_z,-1,"[9, 12, 11, 13, 0, 8, 22, 34, 31, 35, 24, 19, 21, 30, 27, 33, 20, 1, 2, 23, 3, 25, 18, 14, 10, 15, 6, 5, 29, 4, 7, 16, 17, 26, 28, 32, 36, 37]",1,1.0,0.16666666666666666,0.2857142857142857,1.0,1,6,1,1
smd,group23_evaluation,machine-3-6,5,18054,18134,robust_z,-1,"[9, 12, 11, 13, 0, 8, 22, 34, 31, 35, 24, 19, 21, 30, 27, 33, 20, 1, 2, 23, 3, 25, 18, 14, 10, 15, 6, 5, 29, 4, 7, 16, 17, 26, 28, 32, 36, 37]",3,1.0,0.5,0.6666666666666666,1.0,1,6,3,3
smd,group23_evaluation,machine-3-6,5,18054,18134,robust_z,-1,"[9, 12, 11, 13, 0, 8, 22, 34, 31, 35, 24, 19, 21, 30, 27, 33, 20, 1, 2, 23, 3, 25, 18, 14, 10, 15, 6, 5, 29, 4, 7, 16, 17, 26, 28, 32, 36, 37]",5,1.0,0.8333333333333334,0.9090909090909091,1.0,1,6,5,5
smd,group23_evaluation,machine-3-6,5,18054,18134,pca_q,-1,"[5, 12, 11, 33, 15, 10, 14, 8, 22, 23, 13, 31, 24, 35, 34, 3, 27, 20, 21, 30, 19, 25, 18, 2, 0, 6, 1, 29, 32, 9, 4, 7, 16, 17, 26, 28, 36, 37]",1,0.0,0.0,0.0,0.0,0,6,1,0
smd,group23_evaluation,machine-3-6,5,18054,18134,pca_q,-1,"[5, 12, 11, 33, 15, 10, 14, 8, 22, 23, 13, 31, 24, 35, 34, 3, 27, 20, 21, 30, 19, 25, 18, 2, 0, 6, 1, 29, 32, 9, 4, 7, 16, 17, 26, 28, 36, 37]",3,0.6666666666666666,0.3333333333333333,0.4444444444444444,0.5307212739772434,1,6,3,2
smd,group23_evaluation,machine-3-6,5,18054,18134,pca_q,-1,"[5, 12, 11, 33, 15, 10, 14, 8, 22, 23, 13, 31, 24, 35, 34, 3, 27, 20, 21, 30, 19, 25, 18, 2, 0, 6, 1, 29, 32, 9, 4, 7, 16, 17, 26, 28, 36, 37]",5,0.4,0.3333333333333333,0.3636363636363636,0.38356636737133565,1,6,5,2
smd,group23_evaluation,machine-3-6,5,18054,18134,baro_robust_scorer,-1,"[9, 12, 3, 2, 22, 0, 18, 24, 19, 20, 27, 21, 30, 35, 34, 31, 23, 25, 11, 6, 1, 8, 5, 10, 13, 15, 14, 33]",1,1.0,0.16666666666666666,0.2857142857142857,1.0,1,6,1,1
smd,group23_evaluation,machine-3-6,5,18054,18134,baro_robust_scorer,-1,"[9, 12, 3, 2, 22, 0, 18, 24, 19, 20, 27, 21, 30, 35, 34, 31, 23, 25, 11, 6, 1, 8, 5, 10, 13, 15, 14, 33]",3,0.6666666666666666,0.3333333333333333,0.4444444444444444,0.7653606369886217,1,6,3,2
smd,group23_evaluation,machine-3-6,5,18054,18134,baro_robust_scorer,-1,"[9, 12, 3, 2, 22, 0, 18, 24, 19, 20, 27, 21, 30, 35, 34, 31, 23, 25, 11, 6, 1, 8, 5, 10, 13, 15, 14, 33]",5,0.4,0.3333333333333333,0.3636363636363636,0.5531464700081437,1,6,5,2
smd,group23_evaluation,machine-3-6,6,19276,19500,robust_z,-1,"[9, 12, 11, 5, 10, 15, 22, 13, 34, 35, 31, 24, 19, 21, 30, 27, 20, 23, 25, 3, 2, 18, 0, 1, 8, 14, 6, 33, 29, 4, 7, 16, 17, 26, 28, 32, 36, 37]",1,1.0,0.16666666666666666,0.2857142857142857,1.0,1,6,1,1
smd,group23_evaluation,machine-3-6,6,19276,19500,robust_z,-1,"[9, 12, 11, 5, 10, 15, 22, 13, 34, 35, 31, 24, 19, 21, 30, 27, 20, 23, 25, 3, 2, 18, 0, 1, 8, 14, 6, 33, 29, 4, 7, 16, 17, 26, 28, 32, 36, 37]",3,1.0,0.5,0.6666666666666666,1.0,1,6,3,3
smd,group23_evaluation,machine-3-6,6,19276,19500,robust_z,-1,"[9, 12, 11, 5, 10, 15, 22, 13, 34, 35, 31, 24, 19, 21, 30, 27, 20, 23, 25, 3, 2, 18, 0, 1, 8, 14, 6, 33, 29, 4, 7, 16, 17, 26, 28, 32, 36, 37]",5,0.6,0.5,0.5454545454545454,0.7227265726449519,1,6,5,3
smd,group23_evaluation,machine-3-6,6,19276,19500,pca_q,-1,"[5, 11, 12, 33, 15, 10, 22, 13, 23, 14, 31, 35, 24, 34, 8, 3, 21, 30, 27, 20, 19, 25, 2, 18, 1, 6, 0, 29, 32, 9, 4, 7, 16, 17, 26, 28, 36, 37]",1,0.0,0.0,0.0,0.0,0,6,1,0
smd,group23_evaluation,machine-3-6,6,19276,19500,pca_q,-1,"[5, 11, 12, 33, 15, 10, 22, 13, 23, 14, 31, 35, 24, 34, 8, 3, 21, 30, 27, 20, 19, 25, 2, 18, 1, 6, 0, 29, 32, 9, 4, 7, 16, 17, 26, 28, 36, 37]",3,0.6666666666666666,0.3333333333333333,0.4444444444444444,0.5307212739772434,1,6,3,2
smd,group23_evaluation,machine-3-6,6,19276,19500,pca_q,-1,"[5, 11, 12, 33, 15, 10, 22, 13, 23, 14, 31, 35, 24, 34, 8, 3, 21, 30, 27, 20, 19, 25, 2, 18, 1, 6, 0, 29, 32, 9, 4, 7, 16, 17, 26, 28, 36, 37]",5,0.4,0.3333333333333333,0.3636363636363636,0.38356636737133565,1,6,5,2
smd,group23_evaluation,machine-3-6,6,19276,19500,baro_robust_scorer,-1,"[9, 12, 8, 11, 13, 10, 15, 1, 14, 2, 33, 3, 6, 23, 25, 5, 0, 18, 19, 20, 27, 30, 21, 35, 34, 24, 31, 22]",1,1.0,0.16666666666666666,0.2857142857142857,1.0,1,6,1,1
smd,group23_evaluation,machine-3-6,6,19276,19500,baro_robust_scorer,-1,"[9, 12, 8, 11, 13, 10, 15, 1, 14, 2, 33, 3, 6, 23, 25, 5, 0, 18, 19, 20, 27, 30, 21, 35, 34, 24, 31, 22]",3,0.6666666666666666,0.3333333333333333,0.4444444444444444,0.7653606369886217,1,6,3,2
smd,group23_evaluation,machine-3-6,6,19276,19500,baro_robust_scorer,-1,"[9, 12, 8, 11, 13, 10, 15, 1, 14, 2, 33, 3, 6, 23, 25, 5, 0, 18, 19, 20, 27, 30, 21, 35, 34, 24, 31, 22]",5,0.8,0.6666666666666666,0.7272727272727272,0.830419897363192,1,6,5,4
smd,group23_evaluation,machine-3-6,7,20681,20865,robust_z,-1,"[9, 32, 12, 5, 11, 22, 13, 34, 35, 31, 24, 19, 21, 30, 27, 20, 23, 25, 0, 3, 8, 2, 18, 1, 14, 33, 10, 15, 6, 29, 4, 7, 16, 17, 26, 28, 36, 37]",1,1.0,0.14285714285714285,0.25,1.0,1,7,1,1
smd,group23_evaluation,machine-3-6,7,20681,20865,robust_z,-1,"[9, 32, 12, 5, 11, 22, 13, 34, 35, 31, 24, 19, 21, 30, 27, 20, 23, 25, 0, 3, 8, 2, 18, 1, 14, 33, 10, 15, 6, 29, 4, 7, 16, 17, 26, 28, 36, 37]",3,0.6666666666666666,0.2857142857142857,0.4,0.7039180890341347,1,7,3,2
smd,group23_evaluation,machine-3-6,7,20681,20865,robust_z,-1,"[9, 32, 12, 5, 11, 22, 13, 34, 35, 31, 24, 19, 21, 30, 27, 20, 23, 25, 0, 3, 8, 2, 18, 1, 14, 33, 10, 15, 6, 29, 4, 7, 16, 17, 26, 28, 36, 37]",5,0.6,0.42857142857142855,0.5,0.639945385422766,1,7,5,3
smd,group23_evaluation,machine-3-6,7,20681,20865,pca_q,-1,"[5, 11, 12, 33, 15, 10, 13, 22, 23, 31, 34, 35, 24, 14, 3, 8, 21, 30, 27, 20, 19, 25, 2, 18, 1, 0, 6, 29, 32, 9, 4, 7, 16, 17, 26, 28, 36, 37]",1,0.0,0.0,0.0,0.0,0,7,1,0
smd,group23_evaluation,machine-3-6,7,20681,20865,pca_q,-1,"[5, 11, 12, 33, 15, 10, 13, 22, 23, 31, 34, 35, 24, 14, 3, 8, 21, 30, 27, 20, 19, 25, 2, 18, 1, 0, 6, 29, 32, 9, 4, 7, 16, 17, 26, 28, 36, 37]",3,0.6666666666666666,0.2857142857142857,0.4,0.5307212739772434,1,7,3,2
smd,group23_evaluation,machine-3-6,7,20681,20865,pca_q,-1,"[5, 11, 12, 33, 15, 10, 13, 22, 23, 31, 34, 35, 24, 14, 3, 8, 21, 30, 27, 20, 19, 25, 2, 18, 1, 0, 6, 29, 32, 9, 4, 7, 16, 17, 26, 28, 36, 37]",5,0.4,0.2857142857142857,0.3333333333333333,0.38356636737133565,1,7,5,2
smd,group23_evaluation,machine-3-6,7,20681,20865,baro_robust_scorer,-1,"[9, 33, 12, 11, 8, 13, 1, 10, 2, 15, 3, 14, 25, 23, 6, 18, 19, 30, 21, 27, 20, 22, 31, 24, 34, 35, 0, 5]",1,1.0,0.14285714285714285,0.25,1.0,1,7,1,1
smd,group23_evaluation,machine-3-6,7,20681,20865,baro_robust_scorer,-1,"[9, 33, 12, 11, 8, 13, 1, 10, 2, 15, 3, 14, 25, 23, 6, 18, 19, 30, 21, 27, 20, 22, 31, 24, 34, 35, 0, 5]",3,0.6666666666666666,0.2857142857142857,0.4,0.7039180890341347,1,7,3,2
smd,group23_evaluation,machine-3-6,7,20681,20865,baro_robust_scorer,-1,"[9, 33, 12, 11, 8, 13, 1, 10, 2, 15, 3, 14, 25, 23, 6, 18, 19, 30, 21, 27, 20, 22, 31, 24, 34, 35, 0, 5]",5,0.8,0.5714285714285714,0.6666666666666666,0.7860137352654724,1,7,5,4
smd,group23_evaluation,machine-3-6,8,24503,24506,robust_z,-1,"[9, 13, 12, 8, 14, 22, 34, 35, 31, 24, 19, 21, 30, 27, 20, 11, 3, 23, 2, 25, 0, 18, 10, 1, 15, 5, 33, 6, 4, 7, 16, 17, 26, 28, 29, 32, 36, 37]",1,1.0,0.14285714285714285,0.25,1.0,1,7,1,1
smd,group23_evaluation,machine-3-6,8,24503,24506,robust_z,-1,"[9, 13, 12, 8, 14, 22, 34, 35, 31, 24, 19, 21, 30, 27, 20, 11, 3, 23, 2, 25, 0, 18, 10, 1, 15, 5, 33, 6, 4, 7, 16, 17, 26, 28, 29, 32, 36, 37]",3,1.0,0.42857142857142855,0.6,1.0,1,7,3,3
smd,group23_evaluation,machine-3-6,8,24503,24506,robust_z,-1,"[9, 13, 12, 8, 14, 22, 34, 35, 31, 24, 19, 21, 30, 27, 20, 11, 3, 23, 2, 25, 0, 18, 10, 1, 15, 5, 33, 6, 4, 7, 16, 17, 26, 28, 29, 32, 36, 37]",5,1.0,0.7142857142857143,0.8333333333333333,1.0,1,7,5,5
smd,group23_evaluation,machine-3-6,8,24503,24506,pca_q,-1,"[13, 8, 12, 5, 14, 11, 22, 35, 31, 34, 24, 19, 21, 30, 10, 15, 3, 27, 20, 23, 2, 25, 1, 0, 18, 33, 29, 6, 9, 32, 4, 7, 16, 17, 26, 28, 36, 37]",1,1.0,0.14285714285714285,0.25,1.0,1,7,1,1
smd,group23_evaluation,machine-3-6,8,24503,24506,pca_q,-1,"[13, 8, 12, 5, 14, 11, 22, 35, 31, 34, 24, 19, 21, 30, 10, 15, 3, 27, 20, 23, 2, 25, 1, 0, 18, 33, 29, 6, 9, 32, 4, 7, 16, 17, 26, 28, 36, 37]",3,1.0,0.42857142857142855,0.6,1.0,1,7,3,3
smd,group23_evaluation,machine-3-6,8,24503,24506,pca_q,-1,"[13, 8, 12, 5, 14, 11, 22, 35, 31, 34, 24, 19, 21, 30, 10, 15, 3, 27, 20, 23, 2, 25, 1, 0, 18, 33, 29, 6, 9, 32, 4, 7, 16, 17, 26, 28, 36, 37]",5,0.8,0.5714285714285714,0.6666666666666666,0.8539316501572937,1,7,5,4
smd,group23_evaluation,machine-3-6,8,24503,24506,baro_robust_scorer,-1,"[12, 8, 13, 11, 3, 2, 1, 14, 23, 15, 25, 10, 5, 24, 34, 33, 35, 22, 19, 21, 30, 18, 20, 27]",1,1.0,0.14285714285714285,0.25,1.0,1,7,1,1
smd,group23_evaluation,machine-3-6,8,24503,24506,baro_robust_scorer,-1,"[12, 8, 13, 11, 3, 2, 1, 14, 23, 15, 25, 10, 5, 24, 34, 33, 35, 22, 19, 21, 30, 18, 20, 27]",3,1.0,0.42857142857142855,0.6,1.0,1,7,3,3
smd,group23_evaluation,machine-3-6,8,24503,24506,baro_robust_scorer,-1,"[12, 8, 13, 11, 3, 2, 1, 14, 23, 15, 25, 10, 5, 24, 34, 33, 35, 22, 19, 21, 30, 18, 20, 27]",5,0.8,0.5714285714285714,0.6666666666666666,0.8687949224876582,1,7,5,4
smd,group23_evaluation,machine-3-6,9,26138,26149,robust_z,-1,"[9, 12, 11, 5, 22, 34, 35, 31, 24, 21, 30, 19, 27, 20, 23, 3, 25, 2, 18, 1, 13, 0, 10, 15, 33, 8, 14, 6, 29, 4, 7, 16, 17, 26, 28, 32, 36, 37]",1,0.0,0.0,0.0,0.0,0,2,1,0
smd,group23_evaluation,machine-3-6,9,26138,26149,robust_z,-1,"[9, 12, 11, 5, 22, 34, 35, 31, 24, 21, 30, 19, 27, 20, 23, 3, 25, 2, 18, 1, 13, 0, 10, 15, 33, 8, 14, 6, 29, 4, 7, 16, 17, 26, 28, 32, 36, 37]",3,0.3333333333333333,0.5,0.4,0.3065735963827292,1,2,3,1
smd,group23_evaluation,machine-3-6,9,26138,26149,robust_z,-1,"[9, 12, 11, 5, 22, 34, 35, 31, 24, 21, 30, 19, 27, 20, 23, 3, 25, 2, 18, 1, 13, 0, 10, 15, 33, 8, 14, 6, 29, 4, 7, 16, 17, 26, 28, 32, 36, 37]",5,0.2,0.5,0.28571428571428575,0.3065735963827292,1,2,5,1
smd,group23_evaluation,machine-3-6,9,26138,26149,pca_q,-1,"[5, 12, 33, 22, 23, 15, 34, 35, 31, 24, 3, 10, 21, 30, 19, 27, 20, 25, 2, 11, 18, 1, 0, 13, 14, 8, 6, 29, 32, 9, 4, 7, 16, 17, 26, 28, 36, 37]",1,0.0,0.0,0.0,0.0,0,2,1,0
smd,group23_evaluation,machine-3-6,9,26138,26149,pca_q,-1,"[5, 12, 33, 22, 23, 15, 34, 35, 31, 24, 3, 10, 21, 30, 19, 27, 20, 25, 2, 11, 18, 1, 0, 13, 14, 8, 6, 29, 32, 9, 4, 7, 16, 17, 26, 28, 36, 37]",3,0.0,0.0,0.0,0.0,0,2,3,0
smd,group23_evaluation,machine-3-6,9,26138,26149,pca_q,-1,"[5, 12, 33, 22, 23, 15, 34, 35, 31, 24, 3, 10, 21, 30, 19, 27, 20, 25, 2, 11, 18, 1, 0, 13, 14, 8, 6, 29, 32, 9, 4, 7, 16, 17, 26, 28, 36, 37]",5,0.0,0.0,0.0,0.0,0,2,5,0
smd,group23_evaluation,machine-3-6,9,26138,26149,baro_robust_scorer,-1,"[9, 8, 14, 12, 11, 15, 10, 13, 1, 2, 19, 20, 27, 30, 21, 35, 34, 3, 31, 24, 18, 33, 23, 25, 29, 5, 22, 6, 0]",1,0.0,0.0,0.0,0.0,0,2,1,0
smd,group23_evaluation,machine-3-6,9,26138,26149,baro_robust_scorer,-1,"[9, 8, 14, 12, 11, 15, 10, 13, 1, 2, 19, 20, 27, 30, 21, 35, 34, 3, 31, 24, 18, 33, 23, 25, 29, 5, 22, 6, 0]",3,0.0,0.0,0.0,0.0,0,2,3,0
smd,group23_evaluation,machine-3-6,9,26138,26149,baro_robust_scorer,-1,"[9, 8, 14, 12, 11, 15, 10, 13, 1, 2, 19, 20, 27, 30, 21, 35, 34, 3, 31, 24, 18, 33, 23, 25, 29, 5, 22, 6, 0]",5,0.2,0.5,0.28571428571428575,0.23719771276929622,1,2,5,1
smd,group23_evaluation,machine-3-6,10,27877,27958,robust_z,-1,"[32, 9, 6, 23, 25, 33, 29, 5, 35, 34, 31, 24, 18, 15, 10, 12, 13, 0, 27, 20, 1, 21, 30, 2, 8, 3, 19, 22, 14, 11, 4, 7, 16, 17, 26, 28, 36, 37]",1,1.0,0.043478260869565216,0.08333333333333333,1.0,1,23,1,1
smd,group23_evaluation,machine-3-6,10,27877,27958,robust_z,-1,"[32, 9, 6, 23, 25, 33, 29, 5, 35, 34, 31, 24, 18, 15, 10, 12, 13, 0, 27, 20, 1, 21, 30, 2, 8, 3, 19, 22, 14, 11, 4, 7, 16, 17, 26, 28, 36, 37]",3,0.6666666666666666,0.08695652173913043,0.15384615384615383,0.7039180890341347,1,23,3,2
smd,group23_evaluation,machine-3-6,10,27877,27958,robust_z,-1,"[32, 9, 6, 23, 25, 33, 29, 5, 35, 34, 31, 24, 18, 15, 10, 12, 13, 0, 27, 20, 1, 21, 30, 2, 8, 3, 19, 22, 14, 11, 4, 7, 16, 17, 26, 28, 36, 37]",5,0.8,0.17391304347826086,0.2857142857142857,0.7860137352654724,1,23,5,4
smd,group23_evaluation,machine-3-6,10,27877,27958,pca_q,-1,"[33, 6, 23, 25, 5, 29, 34, 35, 31, 24, 18, 15, 10, 0, 12, 1, 13, 27, 20, 21, 30, 11, 2, 8, 14, 19, 3, 22, 32, 9, 4, 7, 16, 17, 26, 28, 36, 37]",1,0.0,0.0,0.0,0.0,0,23,1,0
smd,group23_evaluation,machine-3-6,10,27877,27958,pca_q,-1,"[33, 6, 23, 25, 5, 29, 34, 35, 31, 24, 18, 15, 10, 0, 12, 1, 13, 27, 20, 21, 30, 11, 2, 8, 14, 19, 3, 22, 32, 9, 4, 7, 16, 17, 26, 28, 36, 37]",3,0.6666666666666666,0.08695652173913043,0.15384615384615383,0.5307212739772434,1,23,3,2
smd,group23_evaluation,machine-3-6,10,27877,27958,pca_q,-1,"[33, 6, 23, 25, 5, 29, 34, 35, 31, 24, 18, 15, 10, 0, 12, 1, 13, 27, 20, 21, 30, 11, 2, 8, 14, 19, 3, 22, 32, 9, 4, 7, 16, 17, 26, 28, 36, 37]",5,0.8,0.17391304347826086,0.2857142857142857,0.6608397947263839,1,23,5,4
smd,group23_evaluation,machine-3-6,10,27877,27958,baro_robust_scorer,-1,"[6, 23, 25, 33, 35, 34, 31, 29, 24, 0, 10, 15, 18, 3, 19, 2, 9, 30, 21, 20, 27, 11, 1, 13, 8, 12, 14, 22, 32, 5]",1,1.0,0.043478260869565216,0.08333333333333333,1.0,1,23,1,1
smd,group23_evaluation,machine-3-6,10,27877,27958,baro_robust_scorer,-1,"[6, 23, 25, 33, 35, 34, 31, 29, 24, 0, 10, 15, 18, 3, 19, 2, 9, 30, 21, 20, 27, 11, 1, 13, 8, 12, 14, 22, 32, 5]",3,1.0,0.13043478260869565,0.23076923076923078,1.0,1,23,3,3
smd,group23_evaluation,machine-3-6,10,27877,27958,baro_robust_scorer,-1,"[6, 23, 25, 33, 35, 34, 31, 29, 24, 0, 10, 15, 18, 3, 19, 2, 9, 30, 21, 20, 27, 11, 1, 13, 8, 12, 14, 22, 32, 5]",5,0.8,0.17391304347826086,0.2857142857142857,0.8539316501572937,1,23,5,4
smd,group23_evaluation,machine-3-7,0,10609,10644,robust_z,-1,"[31, 29, 8, 25, 15, 23, 22, 14, 13, 6, 9, 24, 33, 11, 19, 21, 30, 20, 27, 18, 3, 34, 35, 0, 2, 1, 5, 4, 7, 10, 12, 16, 17, 26, 28, 32, 36, 37]",1,1.0,0.09090909090909091,0.16666666666666669,1.0,1,11,1,1
smd,group23_evaluation,machine-3-7,0,10609,10644,robust_z,-1,"[31, 29, 8, 25, 15, 23, 22, 14, 13, 6, 9, 24, 33, 11, 19, 21, 30, 20, 27, 18, 3, 34, 35, 0, 2, 1, 5, 4, 7, 10, 12, 16, 17, 26, 28, 32, 36, 37]",3,0.6666666666666666,0.18181818181818182,0.28571428571428575,0.7653606369886217,1,11,3,2
smd,group23_evaluation,machine-3-7,0,10609,10644,robust_z,-1,"[31, 29, 8, 25, 15, 23, 22, 14, 13, 6, 9, 24, 33, 11, 19, 21, 30, 20, 27, 18, 3, 34, 35, 0, 2, 1, 5, 4, 7, 10, 12, 16, 17, 26, 28, 32, 36, 37]",5,0.4,0.18181818181818182,0.25000000000000006,0.5531464700081437,1,11,5,2
smd,group23_evaluation,machine-3-7,0,10609,10644,pca_q,-1,"[29, 31, 8, 32, 25, 9, 10, 23, 12, 15, 22, 17, 14, 13, 24, 6, 33, 11, 16, 4, 27, 20, 18, 3, 30, 19, 21, 0, 34, 35, 2, 1, 5, 7, 26, 28, 36, 37]",1,1.0,0.09090909090909091,0.16666666666666669,1.0,1,11,1,1
smd,group23_evaluation,machine-3-7,0,10609,10644,pca_q,-1,"[29, 31, 8, 32, 25, 9, 10, 23, 12, 15, 22, 17, 14, 13, 24, 6, 33, 11, 16, 4, 27, 20, 18, 3, 30, 19, 21, 0, 34, 35, 2, 1, 5, 7, 26, 28, 36, 37]",3,0.6666666666666666,0.18181818181818182,0.28571428571428575,0.7653606369886217,1,11,3,2
smd,group23_evaluation,machine-3-7,0,10609,10644,pca_q,-1,"[29, 31, 8, 32, 25, 9, 10, 23, 12, 15, 22, 17, 14, 13, 24, 6, 33, 11, 16, 4, 27, 20, 18, 3, 30, 19, 21, 0, 34, 35, 2, 1, 5, 7, 26, 28, 36, 37]",5,0.4,0.18181818181818182,0.25000000000000006,0.5531464700081437,1,11,5,2
smd,group23_evaluation,machine-3-7,0,10609,10644,baro_robust_scorer,-1,"[22, 15, 0, 14, 13, 34, 35, 27, 18, 30, 3, 20, 21, 19, 2, 5, 6, 1, 11, 33, 8, 23, 25]",1,0.0,0.0,0.0,0.0,0,11,1,0
smd,group23_evaluation,machine-3-7,0,10609,10644,baro_robust_scorer,-1,"[22, 15, 0, 14, 13, 34, 35, 27, 18, 30, 3, 20, 21, 19, 2, 5, 6, 1, 11, 33, 8, 23, 25]",3,0.3333333333333333,0.09090909090909091,0.14285714285714288,0.23463936301137822,1,11,3,1
smd,group23_evaluation,machine-3-7,0,10609,10644,baro_robust_scorer,-1,"[22, 15, 0, 14, 13, 34, 35, 27, 18, 30, 3, 20, 21, 19, 2, 5, 6, 1, 11, 33, 8, 23, 25]",5,0.2,0.09090909090909091,0.12500000000000003,0.16958010263680806,1,11,5,1
smd,group23_evaluation,machine-3-7,1,11491,11554,robust_z,-1,"[32, 29, 31, 8, 25, 15, 9, 23, 14, 10, 33, 22, 13, 6, 11, 5, 24, 1, 3, 34, 35, 2, 27, 20, 30, 18, 21, 0, 19, 4, 7, 12, 16, 17, 26, 28, 36, 37]",1,1.0,0.06666666666666667,0.125,1.0,1,15,1,1
smd,group23_evaluation,machine-3-7,1,11491,11554,robust_z,-1,"[32, 29, 31, 8, 25, 15, 9, 23, 14, 10, 33, 22, 13, 6, 11, 5, 24, 1, 3, 34, 35, 2, 27, 20, 30, 18, 21, 0, 19, 4, 7, 12, 16, 17, 26, 28, 36, 37]",3,1.0,0.2,0.33333333333333337,1.0,1,15,3,3
smd,group23_evaluation,machine-3-7,1,11491,11554,robust_z,-1,"[32, 29, 31, 8, 25, 15, 9, 23, 14, 10, 33, 22, 13, 6, 11, 5, 24, 1, 3, 34, 35, 2, 27, 20, 30, 18, 21, 0, 19, 4, 7, 12, 16, 17, 26, 28, 36, 37]",5,0.8,0.26666666666666666,0.4,0.8539316501572937,1,15,5,4
smd,group23_evaluation,machine-3-7,1,11491,11554,pca_q,-1,"[32, 29, 31, 8, 25, 9, 23, 10, 12, 15, 33, 14, 22, 17, 13, 24, 11, 16, 4, 6, 5, 1, 3, 34, 35, 2, 30, 27, 20, 21, 18, 0, 19, 7, 26, 28, 36, 37]",1,1.0,0.06666666666666667,0.125,1.0,1,15,1,1
smd,group23_evaluation,machine-3-7,1,11491,11554,pca_q,-1,"[32, 29, 31, 8, 25, 9, 23, 10, 12, 15, 33, 14, 22, 17, 13, 24, 11, 16, 4, 6, 5, 1, 3, 34, 35, 2, 30, 27, 20, 21, 18, 0, 19, 7, 26, 28, 36, 37]",3,1.0,0.2,0.33333333333333337,1.0,1,15,3,3
smd,group23_evaluation,machine-3-7,1,11491,11554,pca_q,-1,"[32, 29, 31, 8, 25, 9, 23, 10, 12, 15, 33, 14, 22, 17, 13, 24, 11, 16, 4, 6, 5, 1, 3, 34, 35, 2, 30, 27, 20, 21, 18, 0, 19, 7, 26, 28, 36, 37]",5,0.8,0.26666666666666666,0.4,0.8539316501572937,1,15,5,4
smd,group23_evaluation,machine-3-7,1,11491,11554,baro_robust_scorer,-1,"[22, 33, 15, 14, 13, 23, 11, 29, 5, 31, 0, 24, 8, 1, 6, 2, 3, 19, 27, 21, 20, 30, 18, 34, 35]",1,0.0,0.0,0.0,0.0,0,15,1,0
smd,group23_evaluation,machine-3-7,1,11491,11554,baro_robust_scorer,-1,"[22, 33, 15, 14, 13, 23, 11, 29, 5, 31, 0, 24, 8, 1, 6, 2, 3, 19, 27, 21, 20, 30, 18, 34, 35]",3,0.3333333333333333,0.06666666666666667,0.1111111111111111,0.2960819109658652,1,15,3,1
smd,group23_evaluation,machine-3-7,1,11491,11554,baro_robust_scorer,-1,"[22, 33, 15, 14, 13, 23, 11, 29, 5, 31, 0, 24, 8, 1, 6, 2, 3, 19, 27, 21, 20, 30, 18, 34, 35]",5,0.2,0.06666666666666667,0.1,0.21398626473452756,1,15,5,1
smd,group23_evaluation,machine-3-7,2,14775,14793,robust_z,-1,"[31, 29, 8, 15, 25, 22, 23, 14, 13, 9, 6, 24, 5, 11, 19, 21, 3, 30, 20, 18, 2, 27, 0, 1, 33, 34, 35, 4, 7, 10, 12, 16, 17, 26, 28, 32, 36, 37]",1,1.0,0.09090909090909091,0.16666666666666669,1.0,1,11,1,1
smd,group23_evaluation,machine-3-7,2,14775,14793,robust_z,-1,"[31, 29, 8, 15, 25, 22, 23, 14, 13, 9, 6, 24, 5, 11, 19, 21, 3, 30, 20, 18, 2, 27, 0, 1, 33, 34, 35, 4, 7, 10, 12, 16, 17, 26, 28, 32, 36, 37]",3,0.6666666666666666,0.18181818181818182,0.28571428571428575,0.7653606369886217,1,11,3,2
smd,group23_evaluation,machine-3-7,2,14775,14793,robust_z,-1,"[31, 29, 8, 15, 25, 22, 23, 14, 13, 9, 6, 24, 5, 11, 19, 21, 3, 30, 20, 18, 2, 27, 0, 1, 33, 34, 35, 4, 7, 10, 12, 16, 17, 26, 28, 32, 36, 37]",5,0.4,0.18181818181818182,0.25000000000000006,0.5531464700081437,1,11,5,2
smd,group23_evaluation,machine-3-7,2,14775,14793,pca_q,-1,"[29, 31, 8, 32, 9, 10, 12, 15, 25, 22, 14, 17, 23, 13, 6, 24, 11, 5, 33, 3, 19, 16, 2, 21, 20, 0, 18, 27, 30, 1, 4, 34, 35, 7, 26, 28, 36, 37]",1,1.0,0.09090909090909091,0.16666666666666669,1.0,1,11,1,1
smd,group23_evaluation,machine-3-7,2,14775,14793,pca_q,-1,"[29, 31, 8, 32, 9, 10, 12, 15, 25, 22, 14, 17, 23, 13, 6, 24, 11, 5, 33, 3, 19, 16, 2, 21, 20, 0, 18, 27, 30, 1, 4, 34, 35, 7, 26, 28, 36, 37]",3,0.6666666666666666,0.18181818181818182,0.28571428571428575,0.7653606369886217,1,11,3,2
smd,group23_evaluation,machine-3-7,2,14775,14793,pca_q,-1,"[29, 31, 8, 32, 9, 10, 12, 15, 25, 22, 14, 17, 23, 13, 6, 24, 11, 5, 33, 3, 19, 16, 2, 21, 20, 0, 18, 27, 30, 1, 4, 34, 35, 7, 26, 28, 36, 37]",5,0.4,0.18181818181818182,0.25000000000000006,0.5531464700081437,1,11,5,2
smd,group23_evaluation,machine-3-7,2,14775,14793,baro_robust_scorer,-1,"[8, 15, 22, 14, 0, 6, 1, 5, 13, 2, 25, 23, 3, 11, 19, 21, 18, 20, 35, 30, 34, 27, 29, 33]",1,0.0,0.0,0.0,0.0,0,11,1,0
smd,group23_evaluation,machine-3-7,2,14775,14793,baro_robust_scorer,-1,"[8, 15, 22, 14, 0, 6, 1, 5, 13, 2, 25, 23, 3, 11, 19, 21, 18, 20, 35, 30, 34, 27, 29, 33]",3,0.0,0.0,0.0,0.0,0,11,3,0
smd,group23_evaluation,machine-3-7,2,14775,14793,baro_robust_scorer,-1,"[8, 15, 22, 14, 0, 6, 1, 5, 13, 2, 25, 23, 3, 11, 19, 21, 18, 20, 35, 30, 34, 27, 29, 33]",5,0.2,0.09090909090909091,0.12500000000000003,0.13120507751234178,1,11,5,1
smd,group23_evaluation,machine-3-7,3,21201,21512,robust_z,-1,"[12, 9, 16, 10, 8, 17, 31, 32, 29, 15, 25, 4, 23, 13, 5, 14, 11, 22, 6, 24, 1, 2, 33, 3, 0, 20, 18, 27, 35, 34, 19, 30, 21, 7, 26, 28, 36, 37]",1,1.0,0.03571428571428571,0.0689655172413793,1.0,1,28,1,1
smd,group23_evaluation,machine-3-7,3,21201,21512,robust_z,-1,"[12, 9, 16, 10, 8, 17, 31, 32, 29, 15, 25, 4, 23, 13, 5, 14, 11, 22, 6, 24, 1, 2, 33, 3, 0, 20, 18, 27, 35, 34, 19, 30, 21, 7, 26, 28, 36, 37]",3,1.0,0.10714285714285714,0.19354838709677416,1.0,1,28,3,3
smd,group23_evaluation,machine-3-7,3,21201,21512,robust_z,-1,"[12, 9, 16, 10, 8, 17, 31, 32, 29, 15, 25, 4, 23, 13, 5, 14, 11, 22, 6, 24, 1, 2, 33, 3, 0, 20, 18, 27, 35, 34, 19, 30, 21, 7, 26, 28, 36, 37]",5,1.0,0.17857142857142858,0.30303030303030304,1.0,1,28,5,5
smd,group23_evaluation,machine-3-7,3,21201,21512,pca_q,-1,"[12, 9, 16, 8, 17, 10, 32, 29, 31, 15, 25, 13, 4, 23, 14, 11, 5, 22, 6, 33, 24, 1, 2, 3, 19, 0, 20, 35, 34, 18, 21, 27, 30, 7, 26, 28, 36, 37]",1,1.0,0.03571428571428571,0.0689655172413793,1.0,1,28,1,1
smd,group23_evaluation,machine-3-7,3,21201,21512,pca_q,-1,"[12, 9, 16, 8, 17, 10, 32, 29, 31, 15, 25, 13, 4, 23, 14, 11, 5, 22, 6, 33, 24, 1, 2, 3, 19, 0, 20, 35, 34, 18, 21, 27, 30, 7, 26, 28, 36, 37]",3,1.0,0.10714285714285714,0.19354838709677416,1.0,1,28,3,3
smd,group23_evaluation,machine-3-7,3,21201,21512,pca_q,-1,"[12, 9, 16, 8, 17, 10, 32, 29, 31, 15, 25, 13, 4, 23, 14, 11, 5, 22, 6, 33, 24, 1, 2, 3, 19, 0, 20, 35, 34, 18, 21, 27, 30, 7, 26, 28, 36, 37]",5,1.0,0.17857142857142858,0.30303030303030304,1.0,1,28,5,5
smd,group23_evaluation,machine-3-7,3,21201,21512,baro_robust_scorer,-1,"[15, 13, 14, 22, 6, 11, 33, 1, 2, 0, 3, 19, 34, 35, 20, 27, 18, 30, 21, 5, 8, 9, 12, 17, 31, 10, 23, 29, 24, 25]",1,1.0,0.03571428571428571,0.0689655172413793,1.0,1,28,1,1
smd,group23_evaluation,machine-3-7,3,21201,21512,baro_robust_scorer,-1,"[15, 13, 14, 22, 6, 11, 33, 1, 2, 0, 3, 19, 34, 35, 20, 27, 18, 30, 21, 5, 8, 9, 12, 17, 31, 10, 23, 29, 24, 25]",3,1.0,0.10714285714285714,0.19354838709677416,1.0,1,28,3,3
smd,group23_evaluation,machine-3-7,3,21201,21512,baro_robust_scorer,-1,"[15, 13, 14, 22, 6, 11, 33, 1, 2, 0, 3, 19, 34, 35, 20, 27, 18, 30, 21, 5, 8, 9, 12, 17, 31, 10, 23, 29, 24, 25]",5,1.0,0.17857142857142858,0.30303030303030304,1.0,1,28,5,5
smd,group23_evaluation,machine-3-7,4,24579,24586,robust_z,-1,"[10, 31, 9, 12, 8, 29, 25, 23, 4, 15, 5, 22, 14, 13, 6, 11, 24, 21, 34, 35, 30, 19, 20, 18, 27, 3, 2, 0, 1, 33, 7, 16, 17, 26, 28, 32, 36, 37]",1,1.0,1.0,1.0,1.0,1,1,1,1
smd,group23_evaluation,machine-3-7,4,24579,24586,robust_z,-1,"[10, 31, 9, 12, 8, 29, 25, 23, 4, 15, 5, 22, 14, 13, 6, 11, 24, 21, 34, 35, 30, 19, 20, 18, 27, 3, 2, 0, 1, 33, 7, 16, 17, 26, 28, 32, 36, 37]",3,0.3333333333333333,1.0,0.5,1.0,1,1,3,1
smd,group23_evaluation,machine-3-7,4,24579,24586,robust_z,-1,"[10, 31, 9, 12, 8, 29, 25, 23, 4, 15, 5, 22, 14, 13, 6, 11, 24, 21, 34, 35, 30, 19, 20, 18, 27, 3, 2, 0, 1, 33, 7, 16, 17, 26, 28, 32, 36, 37]",5,0.2,1.0,0.33333333333333337,1.0,1,1,5,1
smd,group23_evaluation,machine-3-7,4,24579,24586,pca_q,-1,"[9, 29, 10, 8, 12, 25, 23, 32, 31, 17, 4, 15, 16, 5, 13, 14, 22, 6, 35, 34, 30, 21, 20, 27, 18, 2, 19, 3, 0, 1, 33, 24, 11, 7, 26, 28, 36, 37]",1,0.0,0.0,0.0,0.0,0,1,1,0
smd,group23_evaluation,machine-3-7,4,24579,24586,pca_q,-1,"[9, 29, 10, 8, 12, 25, 23, 32, 31, 17, 4, 15, 16, 5, 13, 14, 22, 6, 35, 34, 30, 21, 20, 27, 18, 2, 19, 3, 0, 1, 33, 24, 11, 7, 26, 28, 36, 37]",3,0.3333333333333333,1.0,0.5,0.5,1,1,3,1
smd,group23_evaluation,machine-3-7,4,24579,24586,pca_q,-1,"[9, 29, 10, 8, 12, 25, 23, 32, 31, 17, 4, 15, 16, 5, 13, 14, 22, 6, 35, 34, 30, 21, 20, 27, 18, 2, 19, 3, 0, 1, 33, 24, 11, 7, 26, 28, 36, 37]",5,0.2,1.0,0.33333333333333337,0.5,1,1,5,1
smd,group23_evaluation,machine-3-7,4,24579,24586,baro_robust_scorer,-1,"[5, 11, 6, 25, 8, 23, 2, 13, 22, 1, 15, 14, 3, 33, 34, 35, 30, 27, 21, 20, 18, 19]",1,0.0,0.0,0.0,0.0,0,1,1,0
smd,group23_evaluation,machine-3-7,4,24579,24586,baro_robust_scorer,-1,"[5, 11, 6, 25, 8, 23, 2, 13, 22, 1, 15, 14, 3, 33, 34, 35, 30, 27, 21, 20, 18, 19]",3,0.0,0.0,0.0,0.0,0,1,3,0
smd,group23_evaluation,machine-3-7,4,24579,24586,baro_robust_scorer,-1,"[5, 11, 6, 25, 8, 23, 2, 13, 22, 1, 15, 14, 3, 33, 34, 35, 30, 27, 21, 20, 18, 19]",5,0.0,0.0,0.0,0.0,0,1,5,0
smd,group23_evaluation,machine-3-8,0,15144,15266,robust_z,-1,"[24, 9, 18, 19, 27, 20, 30, 21, 0, 3, 2, 1, 31, 8, 13, 6, 12, 14, 34, 35, 5, 15, 10, 33, 11, 23, 25, 22, 4, 7, 16, 17, 26, 28, 29, 32, 36, 37]",1,0.0,0.0,0.0,0.0,0,12,1,0
smd,group23_evaluation,machine-3-8,0,15144,15266,robust_z,-1,"[24, 9, 18, 19, 27, 20, 30, 21, 0, 3, 2, 1, 31, 8, 13, 6, 12, 14, 34, 35, 5, 15, 10, 33, 11, 23, 25, 22, 4, 7, 16, 17, 26, 28, 29, 32, 36, 37]",3,0.3333333333333333,0.08333333333333333,0.13333333333333333,0.23463936301137822,1,12,3,1
smd,group23_evaluation,machine-3-8,0,15144,15266,robust_z,-1,"[24, 9, 18, 19, 27, 20, 30, 21, 0, 3, 2, 1, 31, 8, 13, 6, 12, 14, 34, 35, 5, 15, 10, 33, 11, 23, 25, 22, 4, 7, 16, 17, 26, 28, 29, 32, 36, 37]",5,0.6,0.25,0.35294117647058826,0.4468535299918563,1,12,5,3
smd,group23_evaluation,machine-3-8,0,15144,15266,pca_q,-1,"[9, 18, 19, 27, 20, 30, 21, 0, 29, 3, 2, 8, 1, 31, 24, 13, 12, 14, 32, 6, 34, 11, 35, 15, 10, 5, 33, 22, 23, 25, 4, 7, 16, 17, 26, 28, 36, 37]",1,0.0,0.0,0.0,0.0,0,12,1,0
smd,group23_evaluation,machine-3-8,0,15144,15266,pca_q,-1,"[9, 18, 19, 27, 20, 30, 21, 0, 29, 3, 2, 8, 1, 31, 24, 13, 12, 14, 32, 6, 34, 11, 35, 15, 10, 5, 33, 22, 23, 25, 4, 7, 16, 17, 26, 28, 36, 37]",3,0.6666666666666666,0.16666666666666666,0.26666666666666666,0.5307212739772434,1,12,3,2
smd,group23_evaluation,machine-3-8,0,15144,15266,pca_q,-1,"[9, 18, 19, 27, 20, 30, 21, 0, 29, 3, 2, 8, 1, 31, 24, 13, 12, 14, 32, 6, 34, 11, 35, 15, 10, 5, 33, 22, 23, 25, 4, 7, 16, 17, 26, 28, 36, 37]",5,0.8,0.3333333333333333,0.47058823529411764,0.6608397947263839,1,12,5,4
smd,group23_evaluation,machine-3-8,0,15144,15266,baro_robust_scorer,-1,"[9, 8, 13, 2, 3, 12, 1, 0, 14, 19, 18, 20, 27, 21, 30, 25, 23, 34, 35, 6, 11, 31, 5, 10, 15, 22, 33, 24]",1,0.0,0.0,0.0,0.0,0,12,1,0
smd,group23_evaluation,machine-3-8,0,15144,15266,baro_robust_scorer,-1,"[9, 8, 13, 2, 3, 12, 1, 0, 14, 19, 18, 20, 27, 21, 30, 25, 23, 34, 35, 6, 11, 31, 5, 10, 15, 22, 33, 24]",3,0.0,0.0,0.0,0.0,0,12,3,0
smd,group23_evaluation,machine-3-8,0,15144,15266,baro_robust_scorer,-1,"[9, 8, 13, 2, 3, 12, 1, 0, 14, 19, 18, 20, 27, 21, 30, 25, 23, 34, 35, 6, 11, 31, 5, 10, 15, 22, 33, 24]",5,0.4,0.16666666666666666,0.23529411764705882,0.27727342735504823,1,12,5,2
smd,group23_evaluation,machine-3-8,1,15941,16514,robust_z,-1,"[24, 9, 29, 18, 19, 31, 27, 20, 30, 21, 0, 8, 3, 2, 1, 13, 6, 12, 14, 5, 34, 35, 15, 10, 33, 11, 23, 25, 22, 4, 7, 16, 17, 26, 28, 32, 36, 37]",1,0.0,0.0,0.0,0.0,0,11,1,0
smd,group23_evaluation,machine-3-8,1,15941,16514,robust_z,-1,"[24, 9, 29, 18, 19, 31, 27, 20, 30, 21, 0, 8, 3, 2, 1, 13, 6, 12, 14, 5, 34, 35, 15, 10, 33, 11, 23, 25, 22, 4, 7, 16, 17, 26, 28, 32, 36, 37]",3,0.3333333333333333,0.09090909090909091,0.14285714285714288,0.23463936301137822,1,11,3,1
smd,group23_evaluation,machine-3-8,1,15941,16514,robust_z,-1,"[24, 9, 29, 18, 19, 31, 27, 20, 30, 21, 0, 8, 3, 2, 1, 13, 6, 12, 14, 5, 34, 35, 15, 10, 33, 11, 23, 25, 22, 4, 7, 16, 17, 26, 28, 32, 36, 37]",5,0.6,0.2727272727272727,0.37499999999999994,0.4468535299918563,1,11,5,3
smd,group23_evaluation,machine-3-8,1,15941,16514,pca_q,-1,"[9, 18, 29, 8, 19, 31, 27, 20, 30, 21, 0, 3, 2, 24, 1, 13, 12, 6, 14, 32, 11, 5, 10, 15, 34, 33, 35, 22, 23, 25, 4, 7, 16, 17, 26, 28, 36, 37]",1,0.0,0.0,0.0,0.0,0,11,1,0
smd,group23_evaluation,machine-3-8,1,15941,16514,pca_q,-1,"[9, 18, 29, 8, 19, 31, 27, 20, 30, 21, 0, 3, 2, 24, 1, 13, 12, 6, 14, 32, 11, 5, 10, 15, 34, 33, 35, 22, 23, 25, 4, 7, 16, 17, 26, 28, 36, 37]",3,0.6666666666666666,0.18181818181818182,0.28571428571428575,0.5307212739772434,1,11,3,2
smd,group23_evaluation,machine-3-8,1,15941,16514,pca_q,-1,"[9, 18, 29, 8, 19, 31, 27, 20, 30, 21, 0, 3, 2, 24, 1, 13, 12, 6, 14, 32, 11, 5, 10, 15, 34, 33, 35, 22, 23, 25, 4, 7, 16, 17, 26, 28, 36, 37]",5,0.6,0.2727272727272727,0.37499999999999994,0.5147714448836774,1,11,5,3
smd,group23_evaluation,machine-3-8,1,15941,16514,baro_robust_scorer,-1,"[8, 31, 13, 18, 19, 27, 20, 12, 21, 30, 14, 0, 2, 1, 3, 11, 6, 10, 15, 33, 5, 35, 34, 23, 25, 24, 29, 9, 22]",1,0.0,0.0,0.0,0.0,0,11,1,0
smd,group23_evaluation,machine-3-8,1,15941,16514,baro_robust_scorer,-1,"[8, 31, 13, 18, 19, 27, 20, 12, 21, 30, 14, 0, 2, 1, 3, 11, 6, 10, 15, 33, 5, 35, 34, 23, 25, 24, 29, 9, 22]",3,0.0,0.0,0.0,0.0,0,11,3,0
smd,group23_evaluation,machine-3-8,1,15941,16514,baro_robust_scorer,-1,"[8, 31, 13, 18, 19, 27, 20, 12, 21, 30, 14, 0, 2, 1, 3, 11, 6, 10, 15, 33, 5, 35, 34, 23, 25, 24, 29, 9, 22]",5,0.4,0.18181818181818182,0.25000000000000006,0.27727342735504823,1,11,5,2
smd,group23_evaluation,machine-3-8,2,17063,17276,robust_z,-1,"[24, 32, 28, 29, 9, 31, 18, 19, 27, 20, 30, 21, 0, 3, 2, 1, 8, 6, 13, 12, 14, 5, 33, 34, 23, 35, 25, 22, 15, 10, 11, 4, 7, 16, 17, 26, 36, 37]",1,1.0,0.047619047619047616,0.0909090909090909,1.0,1,21,1,1
smd,group23_evaluation,machine-3-8,2,17063,17276,robust_z,-1,"[24, 32, 28, 29, 9, 31, 18, 19, 27, 20, 30, 21, 0, 3, 2, 1, 8, 6, 13, 12, 14, 5, 33, 34, 23, 35, 25, 22, 15, 10, 11, 4, 7, 16, 17, 26, 36, 37]",3,1.0,0.14285714285714285,0.25,1.0,1,21,3,3
smd,group23_evaluation,machine-3-8,2,17063,17276,robust_z,-1,"[24, 32, 28, 29, 9, 31, 18, 19, 27, 20, 30, 21, 0, 3, 2, 1, 8, 6, 13, 12, 14, 5, 33, 34, 23, 35, 25, 22, 15, 10, 11, 4, 7, 16, 17, 26, 36, 37]",5,0.8,0.19047619047619047,0.3076923076923077,0.8687949224876582,1,21,5,4
smd,group23_evaluation,machine-3-8,2,17063,17276,pca_q,-1,"[28, 9, 31, 18, 19, 27, 20, 30, 21, 0, 3, 2, 29, 1, 8, 24, 13, 6, 12, 33, 14, 32, 22, 23, 25, 5, 34, 35, 10, 15, 11, 4, 7, 16, 17, 26, 36, 37]",1,1.0,0.047619047619047616,0.0909090909090909,1.0,1,21,1,1
smd,group23_evaluation,machine-3-8,2,17063,17276,pca_q,-1,"[28, 9, 31, 18, 19, 27, 20, 30, 21, 0, 3, 2, 29, 1, 8, 24, 13, 6, 12, 33, 14, 32, 22, 23, 25, 5, 34, 35, 10, 15, 11, 4, 7, 16, 17, 26, 36, 37]",3,0.6666666666666666,0.09523809523809523,0.16666666666666666,0.7039180890341347,1,21,3,2
smd,group23_evaluation,machine-3-8,2,17063,17276,pca_q,-1,"[28, 9, 31, 18, 19, 27, 20, 30, 21, 0, 3, 2, 29, 1, 8, 24, 13, 6, 12, 33, 14, 32, 22, 23, 25, 5, 34, 35, 10, 15, 11, 4, 7, 16, 17, 26, 36, 37]",5,0.8,0.19047619047619047,0.3076923076923077,0.7860137352654724,1,21,5,4
smd,group23_evaluation,machine-3-8,2,17063,17276,baro_robust_scorer,-1,"[8, 22, 31, 33, 14, 13, 25, 23, 3, 5, 2, 1, 20, 27, 18, 0, 19, 21, 30, 6, 34, 35, 11, 10, 15, 24, 12, 9]",1,0.0,0.0,0.0,0.0,0,21,1,0
smd,group23_evaluation,machine-3-8,2,17063,17276,baro_robust_scorer,-1,"[8, 22, 31, 33, 14, 13, 25, 23, 3, 5, 2, 1, 20, 27, 18, 0, 19, 21, 30, 6, 34, 35, 11, 10, 15, 24, 12, 9]",3,0.6666666666666666,0.09523809523809523,0.16666666666666666,0.5307212739772434,1,21,3,2
smd,group23_evaluation,machine-3-8,2,17063,17276,baro_robust_scorer,-1,"[8, 22, 31, 33, 14, 13, 25, 23, 3, 5, 2, 1, 20, 27, 18, 0, 19, 21, 30, 6, 34, 35, 11, 10, 15, 24, 12, 9]",5,0.6,0.14285714285714285,0.23076923076923073,0.5296347172140421,1,21,5,3
smd,group23_evaluation,machine-3-8,3,21405,21548,robust_z,-1,"[9, 8, 12, 6, 13, 18, 19, 0, 31, 30, 21, 27, 20, 5, 14, 3, 2, 1, 11, 15, 10, 33, 34, 35, 22, 23, 25, 4, 7, 16, 17, 24, 26, 28, 29, 32, 36, 37]",1,1.0,0.25,0.4,1.0,1,4,1,1
smd,group23_evaluation,machine-3-8,3,21405,21548,robust_z,-1,"[9, 8, 12, 6, 13, 18, 19, 0, 31, 30, 21, 27, 20, 5, 14, 3, 2, 1, 11, 15, 10, 33, 34, 35, 22, 23, 25, 4, 7, 16, 17, 24, 26, 28, 29, 32, 36, 37]",3,1.0,0.75,0.8571428571428571,1.0,1,4,3,3
smd,group23_evaluation,machine-3-8,3,21405,21548,robust_z,-1,"[9, 8, 12, 6, 13, 18, 19, 0, 31, 30, 21, 27, 20, 5, 14, 3, 2, 1, 11, 15, 10, 33, 34, 35, 22, 23, 25, 4, 7, 16, 17, 24, 26, 28, 29, 32, 36, 37]",5,0.6,0.75,0.6666666666666665,0.8318724637288826,1,4,5,3
smd,group23_evaluation,machine-3-8,3,21405,21548,pca_q,-1,"[9, 29, 24, 32, 8, 12, 13, 6, 14, 18, 19, 31, 30, 21, 27, 20, 0, 5, 11, 3, 2, 1, 10, 15, 33, 22, 34, 35, 23, 25, 4, 7, 16, 17, 26, 28, 36, 37]",1,1.0,0.25,0.4,1.0,1,4,1,1
smd,group23_evaluation,machine-3-8,3,21405,21548,pca_q,-1,"[9, 29, 24, 32, 8, 12, 13, 6, 14, 18, 19, 31, 30, 21, 27, 20, 0, 5, 11, 3, 2, 1, 10, 15, 33, 22, 34, 35, 23, 25, 4, 7, 16, 17, 26, 28, 36, 37]",3,0.3333333333333333,0.25,0.28571428571428575,0.46927872602275644,1,4,3,1
smd,group23_evaluation,machine-3-8,3,21405,21548,pca_q,-1,"[9, 29, 24, 32, 8, 12, 13, 6, 14, 18, 19, 31, 30, 21, 27, 20, 0, 5, 11, 3, 2, 1, 10, 15, 33, 22, 34, 35, 23, 25, 4, 7, 16, 17, 26, 28, 36, 37]",5,0.4,0.5,0.4444444444444445,0.5413996682199069,1,4,5,2
smd,group23_evaluation,machine-3-8,3,21405,21548,baro_robust_scorer,-1,"[9, 8, 31, 13, 25, 12, 23, 20, 27, 1, 18, 3, 19, 30, 21, 2, 14, 11, 10, 15, 33, 6, 22, 5, 35, 34, 0]",1,1.0,0.25,0.4,1.0,1,4,1,1
smd,group23_evaluation,machine-3-8,3,21405,21548,baro_robust_scorer,-1,"[9, 8, 31, 13, 25, 12, 23, 20, 27, 1, 18, 3, 19, 30, 21, 2, 14, 11, 10, 15, 33, 6, 22, 5, 35, 34, 0]",3,0.6666666666666666,0.5,0.5714285714285715,0.7653606369886217,1,4,3,2
smd,group23_evaluation,machine-3-8,3,21405,21548,baro_robust_scorer,-1,"[9, 8, 31, 13, 25, 12, 23, 20, 27, 1, 18, 3, 19, 30, 21, 2, 14, 11, 10, 15, 33, 6, 22, 5, 35, 34, 0]",5,0.4,0.5,0.4444444444444445,0.6366824387328317,1,4,5,2
smd,group23_evaluation,machine-3-8,4,23478,23781,robust_z,-1,"[24, 9, 29, 8, 18, 19, 31, 27, 20, 30, 21, 6, 12, 13, 0, 3, 2, 1, 5, 14, 11, 33, 15, 10, 34, 35, 22, 25, 23, 4, 7, 16, 17, 26, 28, 32, 36, 37]",1,0.0,0.0,0.0,0.0,0,5,1,0
smd,group23_evaluation,machine-3-8,4,23478,23781,robust_z,-1,"[24, 9, 29, 8, 18, 19, 31, 27, 20, 30, 21, 6, 12, 13, 0, 3, 2, 1, 5, 14, 11, 33, 15, 10, 34, 35, 22, 25, 23, 4, 7, 16, 17, 26, 28, 32, 36, 37]",3,0.6666666666666666,0.4,0.5,0.5307212739772434,1,5,3,2
smd,group23_evaluation,machine-3-8,4,23478,23781,robust_z,-1,"[24, 9, 29, 8, 18, 19, 31, 27, 20, 30, 21, 6, 12, 13, 0, 3, 2, 1, 5, 14, 11, 33, 15, 10, 34, 35, 22, 25, 23, 4, 7, 16, 17, 26, 28, 32, 36, 37]",5,0.6,0.6,0.6,0.5296347172140421,1,5,5,3
smd,group23_evaluation,machine-3-8,4,23478,23781,pca_q,-1,"[9, 29, 24, 32, 8, 18, 12, 19, 13, 31, 27, 20, 30, 21, 6, 0, 3, 2, 1, 14, 5, 11, 33, 10, 15, 22, 34, 35, 23, 25, 4, 7, 16, 17, 26, 28, 36, 37]",1,1.0,0.2,0.33333333333333337,1.0,1,5,1,1
smd,group23_evaluation,machine-3-8,4,23478,23781,pca_q,-1,"[9, 29, 24, 32, 8, 18, 12, 19, 13, 31, 27, 20, 30, 21, 6, 0, 3, 2, 1, 14, 5, 11, 33, 10, 15, 22, 34, 35, 23, 25, 4, 7, 16, 17, 26, 28, 36, 37]",3,0.6666666666666666,0.4,0.5,0.7653606369886217,1,5,3,2
smd,group23_evaluation,machine-3-8,4,23478,23781,pca_q,-1,"[9, 29, 24, 32, 8, 18, 12, 19, 13, 31, 27, 20, 30, 21, 6, 0, 3, 2, 1, 14, 5, 11, 33, 10, 15, 22, 34, 35, 23, 25, 4, 7, 16, 17, 26, 28, 36, 37]",5,0.6,0.6,0.6,0.6843515475204855,1,5,5,3
smd,group23_evaluation,machine-3-8,4,23478,23781,baro_robust_scorer,-1,"[9, 8, 13, 18, 19, 0, 27, 20, 3, 12, 21, 30, 2, 31, 6, 1, 14, 33, 11, 10, 15, 5, 34, 35, 23, 25, 24, 22, 29]",1,1.0,0.2,0.33333333333333337,1.0,1,5,1,1
smd,group23_evaluation,machine-3-8,4,23478,23781,baro_robust_scorer,-1,"[9, 8, 13, 18, 19, 0, 27, 20, 3, 12, 21, 30, 2, 31, 6, 1, 14, 33, 11, 10, 15, 5, 34, 35, 23, 25, 24, 22, 29]",3,1.0,0.6,0.7499999999999999,1.0,1,5,3,3
smd,group23_evaluation,machine-3-8,4,23478,23781,baro_robust_scorer,-1,"[9, 8, 13, 18, 19, 0, 27, 20, 3, 12, 21, 30, 2, 31, 6, 1, 14, 33, 11, 10, 15, 5, 34, 35, 23, 25, 24, 22, 29]",5,0.6,0.6,0.6,0.7227265726449519,1,5,5,3
smd,group23_evaluation,machine-3-8,5,28253,28270,robust_z,-1,"[9, 8, 12, 13, 6, 14, 11, 5, 22, 23, 25, 33, 15, 10, 31, 34, 35, 3, 27, 20, 2, 30, 21, 1, 19, 18, 0, 4, 7, 16, 17, 24, 26, 28, 29, 32, 36, 37]",1,1.0,0.3333333333333333,0.5,1.0,1,3,1,1
smd,group23_evaluation,machine-3-8,5,28253,28270,robust_z,-1,"[9, 8, 12, 13, 6, 14, 11, 5, 22, 23, 25, 33, 15, 10, 31, 34, 35, 3, 27, 20, 2, 30, 21, 1, 19, 18, 0, 4, 7, 16, 17, 24, 26, 28, 29, 32, 36, 37]",3,0.6666666666666666,0.6666666666666666,0.6666666666666666,0.7039180890341347,1,3,3,2
smd,group23_evaluation,machine-3-8,5,28253,28270,robust_z,-1,"[9, 8, 12, 13, 6, 14, 11, 5, 22, 23, 25, 33, 15, 10, 31, 34, 35, 3, 27, 20, 2, 30, 21, 1, 19, 18, 0, 4, 7, 16, 17, 24, 26, 28, 29, 32, 36, 37]",5,0.4,0.6666666666666666,0.5,0.7039180890341347,1,3,5,2
smd,group23_evaluation,machine-3-8,5,28253,28270,pca_q,-1,"[9, 29, 24, 32, 8, 12, 13, 6, 14, 11, 5, 22, 33, 23, 25, 18, 19, 27, 20, 30, 21, 10, 15, 3, 0, 2, 1, 34, 35, 31, 4, 7, 16, 17, 26, 28, 36, 37]",1,1.0,0.3333333333333333,0.5,1.0,1,3,1,1
smd,group23_evaluation,machine-3-8,5,28253,28270,pca_q,-1,"[9, 29, 24, 32, 8, 12, 13, 6, 14, 11, 5, 22, 33, 23, 25, 18, 19, 27, 20, 30, 21, 10, 15, 3, 0, 2, 1, 34, 35, 31, 4, 7, 16, 17, 26, 28, 36, 37]",3,0.3333333333333333,0.3333333333333333,0.3333333333333333,0.46927872602275644,1,3,3,1
smd,group23_evaluation,machine-3-8,5,28253,28270,pca_q,-1,"[9, 29, 24, 32, 8, 12, 13, 6, 14, 11, 5, 22, 33, 23, 25, 18, 19, 27, 20, 30, 21, 10, 15, 3, 0, 2, 1, 34, 35, 31, 4, 7, 16, 17, 26, 28, 36, 37]",5,0.2,0.3333333333333333,0.25,0.46927872602275644,1,3,5,1
smd,group23_evaluation,machine-3-8,5,28253,28270,baro_robust_scorer,-1,"[9, 8, 27, 13, 23, 25, 30, 21, 20, 19, 18, 11, 14, 34, 12, 2, 31, 1, 6, 5, 33, 15, 10, 22, 35, 0, 3]",1,1.0,0.3333333333333333,0.5,1.0,1,3,1,1
smd,group23_evaluation,machine-3-8,5,28253,28270,baro_robust_scorer,-1,"[9, 8, 27, 13, 23, 25, 30, 21, 20, 19, 18, 11, 14, 34, 12, 2, 31, 1, 6, 5, 33, 15, 10, 22, 35, 0, 3]",3,0.3333333333333333,0.3333333333333333,0.3333333333333333,0.46927872602275644,1,3,3,1
smd,group23_evaluation,machine-3-8,5,28253,28270,baro_robust_scorer,-1,"[9, 8, 27, 13, 23, 25, 30, 21, 20, 19, 18, 11, 14, 34, 12, 2, 31, 1, 6, 5, 33, 15, 10, 22, 35, 0, 3]",5,0.2,0.3333333333333333,0.25,0.46927872602275644,1,3,5,1
smd,group23_evaluation,machine-3-9,0,1199,1230,robust_z,-1,"[12, 9, 25, 23, 24, 34, 35, 8, 13, 22, 10, 31, 21, 30, 18, 27, 20, 19, 15, 0, 1, 14, 33, 2, 11, 3, 32, 5, 6, 29, 4, 7, 16, 17, 26, 28, 36, 37]",1,0.0,0.0,0.0,0.0,0,12,1,0
smd,group23_evaluation,machine-3-9,0,1199,1230,robust_z,-1,"[12, 9, 25, 23, 24, 34, 35, 8, 13, 22, 10, 31, 21, 30, 18, 27, 20, 19, 15, 0, 1, 14, 33, 2, 11, 3, 32, 5, 6, 29, 4, 7, 16, 17, 26, 28, 36, 37]",3,0.3333333333333333,0.08333333333333333,0.13333333333333333,0.23463936301137822,1,12,3,1
smd,group23_evaluation,machine-3-9,0,1199,1230,robust_z,-1,"[12, 9, 25, 23, 24, 34, 35, 8, 13, 22, 10, 31, 21, 30, 18, 27, 20, 19, 15, 0, 1, 14, 33, 2, 11, 3, 32, 5, 6, 29, 4, 7, 16, 17, 26, 28, 36, 37]",5,0.6,0.25,0.35294117647058826,0.4468535299918563,1,12,5,3
smd,group23_evaluation,machine-3-9,0,1199,1230,pca_q,-1,"[9, 25, 23, 24, 34, 35, 10, 31, 22, 15, 13, 30, 21, 18, 27, 20, 19, 0, 33, 1, 2, 8, 14, 3, 11, 32, 5, 29, 6, 12, 4, 7, 16, 17, 26, 28, 36, 37]",1,0.0,0.0,0.0,0.0,0,12,1,0
smd,group23_evaluation,machine-3-9,0,1199,1230,pca_q,-1,"[9, 25, 23, 24, 34, 35, 10, 31, 22, 15, 13, 30, 21, 18, 27, 20, 19, 0, 33, 1, 2, 8, 14, 3, 11, 32, 5, 29, 6, 12, 4, 7, 16, 17, 26, 28, 36, 37]",3,0.6666666666666666,0.16666666666666666,0.26666666666666666,0.5307212739772434,1,12,3,2
smd,group23_evaluation,machine-3-9,0,1199,1230,pca_q,-1,"[9, 25, 23, 24, 34, 35, 10, 31, 22, 15, 13, 30, 21, 18, 27, 20, 19, 0, 33, 1, 2, 8, 14, 3, 11, 32, 5, 29, 6, 12, 4, 7, 16, 17, 26, 28, 36, 37]",5,0.6,0.25,0.35294117647058826,0.5296347172140421,1,12,5,3
smd,group23_evaluation,machine-3-9,0,1199,1230,baro_robust_scorer,-1,"[22, 31, 27, 20, 18, 30, 21, 19, 24, 8, 10, 12, 13, 6, 9, 15, 0, 34, 35, 25, 23, 14, 11, 1, 33, 5, 29, 32, 2, 3]",1,1.0,0.08333333333333333,0.15384615384615385,1.0,1,12,1,1
smd,group23_evaluation,machine-3-9,0,1199,1230,baro_robust_scorer,-1,"[22, 31, 27, 20, 18, 30, 21, 19, 24, 8, 10, 12, 13, 6, 9, 15, 0, 34, 35, 25, 23, 14, 11, 1, 33, 5, 29, 32, 2, 3]",3,1.0,0.25,0.4,1.0,1,12,3,3
smd,group23_evaluation,machine-3-9,0,1199,1230,baro_robust_scorer,-1,"[22, 31, 27, 20, 18, 30, 21, 19, 24, 8, 10, 12, 13, 6, 9, 15, 0, 34, 35, 25, 23, 14, 11, 1, 33, 5, 29, 32, 2, 3]",5,1.0,0.4166666666666667,0.5882352941176471,1.0,1,12,5,5
smd,group23_evaluation,machine-3-9,1,5361,5487,robust_z,-1,"[26, 12, 33, 9, 24, 23, 25, 8, 32, 10, 31, 15, 35, 22, 34, 14, 13, 11, 5, 1, 2, 18, 3, 20, 27, 0, 6, 30, 21, 19, 29, 4, 7, 16, 17, 28, 36, 37]",1,1.0,0.3333333333333333,0.5,1.0,1,3,1,1
smd,group23_evaluation,machine-3-9,1,5361,5487,robust_z,-1,"[26, 12, 33, 9, 24, 23, 25, 8, 32, 10, 31, 15, 35, 22, 34, 14, 13, 11, 5, 1, 2, 18, 3, 20, 27, 0, 6, 30, 21, 19, 29, 4, 7, 16, 17, 28, 36, 37]",3,0.6666666666666666,0.6666666666666666,0.6666666666666666,0.7039180890341347,1,3,3,2
smd,group23_evaluation,machine-3-9,1,5361,5487,robust_z,-1,"[26, 12, 33, 9, 24, 23, 25, 8, 32, 10, 31, 15, 35, 22, 34, 14, 13, 11, 5, 1, 2, 18, 3, 20, 27, 0, 6, 30, 21, 19, 29, 4, 7, 16, 17, 28, 36, 37]",5,0.4,0.6666666666666666,0.5,0.7039180890341347,1,3,5,2
smd,group23_evaluation,machine-3-9,1,5361,5487,pca_q,-1,"[26, 33, 9, 24, 23, 25, 10, 32, 15, 34, 35, 31, 14, 22, 5, 11, 1, 2, 18, 3, 20, 27, 8, 30, 21, 0, 19, 13, 29, 6, 12, 4, 7, 16, 17, 28, 36, 37]",1,1.0,0.3333333333333333,0.5,1.0,1,3,1,1
smd,group23_evaluation,machine-3-9,1,5361,5487,pca_q,-1,"[26, 33, 9, 24, 23, 25, 10, 32, 15, 34, 35, 31, 14, 22, 5, 11, 1, 2, 18, 3, 20, 27, 8, 30, 21, 0, 19, 13, 29, 6, 12, 4, 7, 16, 17, 28, 36, 37]",3,0.6666666666666666,0.6666666666666666,0.6666666666666666,0.7653606369886217,1,3,3,2
smd,group23_evaluation,machine-3-9,1,5361,5487,pca_q,-1,"[26, 33, 9, 24, 23, 25, 10, 32, 15, 34, 35, 31, 14, 22, 5, 11, 1, 2, 18, 3, 20, 27, 8, 30, 21, 0, 19, 13, 29, 6, 12, 4, 7, 16, 17, 28, 36, 37]",5,0.4,0.6666666666666666,0.5,0.7653606369886217,1,3,5,2
smd,group23_evaluation,machine-3-9,1,5361,5487,baro_robust_scorer,-1,"[9, 33, 34, 35, 8, 12, 13, 10, 15, 6, 14, 32, 23, 18, 24, 20, 27, 30, 21, 19, 11, 3, 1, 2, 25, 31, 0, 22, 5, 29]",1,0.0,0.0,0.0,0.0,0,3,1,0
smd,group23_evaluation,machine-3-9,1,5361,5487,baro_robust_scorer,-1,"[9, 33, 34, 35, 8, 12, 13, 10, 15, 6, 14, 32, 23, 18, 24, 20, 27, 30, 21, 19, 11, 3, 1, 2, 25, 31, 0, 22, 5, 29]",3,0.3333333333333333,0.3333333333333333,0.3333333333333333,0.2960819109658652,1,3,3,1
smd,group23_evaluation,machine-3-9,1,5361,5487,baro_robust_scorer,-1,"[9, 33, 34, 35, 8, 12, 13, 10, 15, 6, 14, 32, 23, 18, 24, 20, 27, 30, 21, 19, 11, 3, 1, 2, 25, 31, 0, 22, 5, 29]",5,0.2,0.3333333333333333,0.25,0.2960819109658652,1,3,5,1
smd,group23_evaluation,machine-3-9,2,10662,10707,robust_z,-1,"[12, 9, 35, 34, 8, 23, 25, 1, 2, 14, 3, 0, 13, 27, 18, 20, 11, 30, 10, 21, 19, 15, 33, 31, 32, 6, 5, 22, 24, 29, 4, 7, 16, 17, 26, 28, 36, 37]",1,0.0,0.0,0.0,0.0,0,13,1,0
smd,group23_evaluation,machine-3-9,2,10662,10707,robust_z,-1,"[12, 9, 35, 34, 8, 23, 25, 1, 2, 14, 3, 0, 13, 27, 18, 20, 11, 30, 10, 21, 19, 15, 33, 31, 32, 6, 5, 22, 24, 29, 4, 7, 16, 17, 26, 28, 36, 37]",3,0.3333333333333333,0.07692307692307693,0.125,0.23463936301137822,1,13,3,1
smd,group23_evaluation,machine-3-9,2,10662,10707,robust_z,-1,"[12, 9, 35, 34, 8, 23, 25, 1, 2, 14, 3, 0, 13, 27, 18, 20, 11, 30, 10, 21, 19, 15, 33, 31, 32, 6, 5, 22, 24, 29, 4, 7, 16, 17, 26, 28, 36, 37]",5,0.4,0.15384615384615385,0.2222222222222222,0.3156484524795145,1,13,5,2
smd,group23_evaluation,machine-3-9,2,10662,10707,pca_q,-1,"[9, 34, 35, 23, 25, 1, 2, 3, 10, 0, 27, 18, 20, 15, 30, 21, 19, 8, 14, 11, 33, 13, 5, 22, 24, 32, 6, 31, 29, 12, 4, 7, 16, 17, 26, 28, 36, 37]",1,0.0,0.0,0.0,0.0,0,13,1,0
smd,group23_evaluation,machine-3-9,2,10662,10707,pca_q,-1,"[9, 34, 35, 23, 25, 1, 2, 3, 10, 0, 27, 18, 20, 15, 30, 21, 19, 8, 14, 11, 33, 13, 5, 22, 24, 32, 6, 31, 29, 12, 4, 7, 16, 17, 26, 28, 36, 37]",3,0.6666666666666666,0.15384615384615385,0.25,0.5307212739772434,1,13,3,2
smd,group23_evaluation,machine-3-9,2,10662,10707,pca_q,-1,"[9, 34, 35, 23, 25, 1, 2, 3, 10, 0, 27, 18, 20, 15, 30, 21, 19, 8, 14, 11, 33, 13, 5, 22, 24, 32, 6, 31, 29, 12, 4, 7, 16, 17, 26, 28, 36, 37]",5,0.4,0.15384615384615385,0.2222222222222222,0.38356636737133565,1,13,5,2
smd,group23_evaluation,machine-3-9,2,10662,10707,baro_robust_scorer,-1,"[34, 35, 9, 19, 8, 30, 21, 0, 27, 20, 18, 13, 15, 1, 2, 3, 10, 14, 23, 25, 6, 11, 31, 33, 24, 5, 12, 22, 32]",1,1.0,0.07692307692307693,0.14285714285714288,1.0,1,13,1,1
smd,group23_evaluation,machine-3-9,2,10662,10707,baro_robust_scorer,-1,"[34, 35, 9, 19, 8, 30, 21, 0, 27, 20, 18, 13, 15, 1, 2, 3, 10, 14, 23, 25, 6, 11, 31, 33, 24, 5, 12, 22, 32]",3,0.6666666666666666,0.15384615384615385,0.25,0.7653606369886217,1,13,3,2
smd,group23_evaluation,machine-3-9,2,10662,10707,baro_robust_scorer,-1,"[34, 35, 9, 19, 8, 30, 21, 0, 27, 20, 18, 13, 15, 1, 2, 3, 10, 14, 23, 25, 6, 11, 31, 33, 24, 5, 12, 22, 32]",5,0.6,0.23076923076923078,0.33333333333333337,0.6992148198508501,1,13,5,3
smd,group23_evaluation,machine-3-9,3,27849,27950,robust_z,-1,"[12, 35, 34, 9, 8, 2, 1, 3, 23, 25, 27, 18, 20, 0, 13, 19, 30, 21, 14, 11, 10, 15, 22, 32, 6, 33, 24, 31, 5, 29, 4, 7, 16, 17, 26, 28, 36, 37]",1,0.0,0.0,0.0,0.0,0,16,1,0
smd,group23_evaluation,machine-3-9,3,27849,27950,robust_z,-1,"[12, 35, 34, 9, 8, 2, 1, 3, 23, 25, 27, 18, 20, 0, 13, 19, 30, 21, 14, 11, 10, 15, 22, 32, 6, 33, 24, 31, 5, 29, 4, 7, 16, 17, 26, 28, 36, 37]",3,0.6666666666666666,0.125,0.21052631578947367,0.5307212739772434,1,16,3,2
smd,group23_evaluation,machine-3-9,3,27849,27950,robust_z,-1,"[12, 35, 34, 9, 8, 2, 1, 3, 23, 25, 27, 18, 20, 0, 13, 19, 30, 21, 14, 11, 10, 15, 22, 32, 6, 33, 24, 31, 5, 29, 4, 7, 16, 17, 26, 28, 36, 37]",5,0.6,0.1875,0.2857142857142857,0.5296347172140421,1,16,5,3
smd,group23_evaluation,machine-3-9,3,27849,27950,pca_q,-1,"[35, 34, 9, 2, 3, 1, 27, 23, 20, 18, 19, 25, 30, 0, 21, 8, 10, 15, 13, 14, 31, 22, 24, 11, 33, 6, 5, 32, 29, 12, 4, 7, 16, 17, 26, 28, 36, 37]",1,1.0,0.0625,0.11764705882352941,1.0,1,16,1,1
smd,group23_evaluation,machine-3-9,3,27849,27950,pca_q,-1,"[35, 34, 9, 2, 3, 1, 27, 23, 20, 18, 19, 25, 30, 0, 21, 8, 10, 15, 13, 14, 31, 22, 24, 11, 33, 6, 5, 32, 29, 12, 4, 7, 16, 17, 26, 28, 36, 37]",3,1.0,0.1875,0.3157894736842105,1.0,1,16,3,3
smd,group23_evaluation,machine-3-9,3,27849,27950,pca_q,-1,"[35, 34, 9, 2, 3, 1, 27, 23, 20, 18, 19, 25, 30, 0, 21, 8, 10, 15, 13, 14, 31, 22, 24, 11, 33, 6, 5, 32, 29, 12, 4, 7, 16, 17, 26, 28, 36, 37]",5,1.0,0.3125,0.47619047619047616,1.0,1,16,5,5
smd,group23_evaluation,machine-3-9,3,27849,27950,baro_robust_scorer,-1,"[34, 35, 9, 22, 3, 8, 2, 30, 1, 21, 19, 12, 6, 24, 13, 0, 27, 20, 18, 10, 25, 23, 14, 15, 11, 33, 31, 5, 29, 32]",1,1.0,0.0625,0.11764705882352941,1.0,1,16,1,1
smd,group23_evaluation,machine-3-9,3,27849,27950,baro_robust_scorer,-1,"[34, 35, 9, 22, 3, 8, 2, 30, 1, 21, 19, 12, 6, 24, 13, 0, 27, 20, 18, 10, 25, 23, 14, 15, 11, 33, 31, 5, 29, 32]",3,1.0,0.1875,0.3157894736842105,1.0,1,16,3,3
smd,group23_evaluation,machine-3-9,3,27849,27950,baro_robust_scorer,-1,"[34, 35, 9, 22, 3, 8, 2, 30, 1, 21, 19, 12, 6, 24, 13, 0, 27, 20, 18, 10, 25, 23, 14, 15, 11, 33, 31, 5, 29, 32]",5,1.0,0.3125,0.47619047619047616,1.0,1,16,5,5
